Charge,r,rdf_1_1_mean,rdf_1_1_std,rdf_1_2_mean,rdf_1_2_std,rdf_2_2_mean,rdf_2_2_std,n_replicas
8,0.125,0.0,0.0,0.0,0.0,0.0,0.0,3
8,0.375,0.0,0.0,0.0,0.0,0.0,0.0,3
8,0.625,0.0,0.0,0.0,0.0,0.0,0.0,3
8,0.875,0.0,0.0,0.0,0.0,0.08599177719298245,0.00017140113735362853,3
8,1.125,0.0,0.0,0.0,0.0,2.487824385964912,0.001517597261001392,3
8,1.375,0.0,0.0,0.0,0.0,4.105185789473683,0.0015583268130081288,3
8,1.625,0.0,0.0,0.0,0.0,5.294822105263158,0.0016745522961161435,3
8,1.875,0.0,0.0,0.0,0.0,2.443545789473684,0.0008265961084473935,3
8,2.125,0.0,0.0,0.0,0.0,1.0534056140350878,0.0015322019793451663,3
8,2.375,0.0,0.0,0.0,0.0,0.9205929473684208,0.000708076761310239,3
8,2.625,0.0,0.0,0.0,0.0,0.6313938421052631,0.001260555775944097,3
8,2.875,0.0,0.0,0.0,0.0,0.5086384210526317,0.001483540543693678,3
8,3.125,0.0,0.0,0.0,0.0,0.6066,0.0017213015984953385,3
8,3.375,0.0,0.0,0.0,0.0,0.6979381052631579,0.002065264924351422,3
8,3.625,0.0,0.0,0.0,0.0,0.7762501403508772,0.001810602791292532,3
8,3.875,0.0,0.0,0.0,0.0,0.8393483859649122,0.0018861545554591753,3
8,4.125,0.0,0.0,0.0,0.0,0.8880197192982454,0.002355659868318137,3
8,4.375,0.0,0.0,0.0,0.0,0.9223322456140352,0.0021896207787690182,3
8,4.625,0.0,0.0,1.2234561403508772e-06,1.2476853467348071e-06,0.9444666140350878,0.0025581545360567836,3
8,4.875,0.0,0.0,0.004340549122807017,4.081688028298675e-05,0.9578385263157895,0.00226402962077148,3
8,5.125,0.0,0.0,0.23932171929824564,0.0007311684842880842,0.9785809298245615,0.0020715390838828463,3
8,5.375,0.0,0.0,1.5941103508771928,0.003567026724777832,1.0667742105263158,0.002525867321305467,3
8,5.625,0.0,0.0,3.486292280701754,0.008747354406361423,1.1866350877192982,0.0028101038625053015,3
8,5.875,0.0,0.0,4.282055438596491,0.01174806280043386,1.2338892982456142,0.003173102135482561,3
8,6.125,0.0,0.0,3.939771929824562,0.009032910969263208,1.2073515789473683,0.0030334060953395446,3
8,6.375,0.0,0.0,3.1804401754385965,0.0073016148220049265,1.1538043859649123,0.0032381937652320365,3
8,6.625,0.0,0.0,2.4844724561403506,0.0066182044794997645,1.1049657894736844,0.0035287140574652423,3
8,6.875,0.0,0.0,1.930382105263158,0.0037811914120976058,1.066797192982456,0.00350606540351534,3
8,7.125,0.0,0.0,1.528009649122807,0.003992397723349853,1.0392945614035087,0.003555545584204189,3
8,7.375,0.0,0.0,1.2473794736842105,0.0014534876069141763,1.0210835614035088,0.0033446684013959944,3
8,7.625,0.0,0.0,1.0524901754385965,0.0005234152237568281,1.0092822807017543,0.0035631038315973684,3
8,7.875,0.0,0.0,0.9262544210526316,0.0017458978185971481,1.0027886666666666,0.00351312133822431,3
8,8.125,0.0,0.0,0.8489004736842105,0.001534200253343475,1.000222543859649,0.0037165574993593842,3
8,8.375,0.0,0.0,0.8078122456140352,0.0022447067957649357,1.0010432105263158,0.003890786609352868,3
8,8.625,0.0,0.0,0.7898349122807019,0.003518711114375906,1.003819842105263,0.00367915183930954,3
8,8.875,0.0,0.0,0.787320403508772,0.0036733076558468007,1.0081762456140348,0.003819381841794793,3
8,9.125,0.0,0.0,0.7923550701754386,0.0036798685693371623,1.0138376491228072,0.00379834031217804,3
8,9.375,0.0,0.0,0.8031853859649124,0.003926964943827799,1.020094385964912,0.0035708003591181188,3
8,9.625,0.0002991914035087719,0.00011872604541893371,0.8149960175438596,0.004034451907115554,1.0269661403508772,0.0036058359471568407,3
8,9.875,0.002645573157894737,0.0005729654129193547,0.8276672631578949,0.004626196407257594,1.034327192982456,0.0035198278711516292,3
8,10.125,0.026698582280701752,0.0018948215279921787,0.8397157192982457,0.0043632755672306815,1.04182,0.003362042013488434,3
8,10.375,0.1321996192982456,0.007440764095998823,0.8507879824561403,0.003598133626782583,1.0500421052631579,0.0034451842283827754,3
8,10.625,0.41358163157894734,0.017517289850076598,0.861529245614035,0.004139404480820013,1.0586680701754385,0.0037908681725959334,3
8,10.875,0.9397159298245613,0.02335214491805695,0.871875245614035,0.003889612455643019,1.0668882456140352,0.0038656151975652764,3
8,11.125,1.6275722807017547,0.01700554713871991,0.8798566491228071,0.005027709772223213,1.072304210526316,0.0040965517107372194,3
8,11.375,2.211155087719298,0.030448422645726673,0.8880506842105262,0.004552923480754562,1.0724564912280703,0.0040925656610940895,3
8,11.625,2.508126315789474,0.026889012371864106,0.8950461228070176,0.004588323710210829,1.0663180701754384,0.0042071008507621535,3
8,11.875,2.466892105263158,0.03166919772263282,0.9025278245614036,0.005277880510749548,1.0550724561403508,0.004268378140986217,3
8,12.125,2.2480873684210523,0.01290268271474198,0.9104716666666667,0.004865563730558722,1.0409496491228072,0.004192954591407068,3
8,12.375,1.9523133333333333,0.050188794970562105,0.916986947368421,0.004511367679517714,1.0262089473684213,0.004035772062486977,3
8,12.625,1.7249812280701755,0.025551500577833272,0.9252117719298245,0.004960163030176932,1.0126057719298247,0.00400004664154095,3
8,12.875,1.5232691228070177,0.027263833685092276,0.9331206666666666,0.004957636211521109,1.0010689122807017,0.0040702070318647246,3
8,13.125,1.3636740350877197,0.014996312445058887,0.9414714561403509,0.004578465507481884,0.992044105263158,0.0039998966138531855,3
8,13.375,1.251402052631579,0.003864261648096333,0.9501904210526316,0.00503966986801491,0.9854503859649122,0.003922099466366099,3
8,13.625,1.174452105263158,0.00748248571187677,0.9589948421052631,0.004539008720250756,0.9812797719298246,0.0038914908888037208,3
8,13.875,1.1005048596491227,0.0028539929768612716,0.9671896315789473,0.004430390816474744,0.9787722807017544,0.003782960118753515,3
8,14.125,1.0430265438596489,0.007610666308839939,0.9759711228070175,0.004639211480650991,0.977816947368421,0.003786468062675074,3
8,14.375,1.0008551052631578,0.009438897247181114,0.9848820175438596,0.005007436957501099,0.9780920350877192,0.0038075930617618133,3
8,14.625,1.0022112807017542,0.006956052616291532,0.9938044561403508,0.005185809789183404,0.9792267543859648,0.003704541706411293,3
8,14.875,0.9821961052631581,0.009358645101741468,1.0038192631578946,0.005488225217234445,0.9808184736842106,0.003649979334615631,3
8,15.125,0.9428456842105262,0.024317771787048862,1.0137235614035087,0.005395080077114192,0.9828599122807019,0.0037245852687833596,3
8,15.375,0.9366619824561404,0.012458194570494255,1.0240115964912282,0.0059015906459229705,0.9849685789473682,0.0036626832128421284,3
8,15.625,0.924980192982456,0.014926474495255007,1.0345019298245612,0.006152501241747332,0.9871052280701754,0.0036076783705026125,3
8,15.875,0.9048117017543861,0.01896887343972163,1.0455961403508771,0.0057782906720051505,0.9890067192982457,0.0035948114118112898,3
8,16.125,0.9026200877192982,0.014752867036215127,1.0555970175438596,0.005924695648620126,0.9909995087719299,0.0036302757390480707,3
8,16.375,0.9053814210526316,0.015988480853241203,1.0651977192982456,0.005933121926576881,0.9927951228070176,0.003640561506398608,3
8,16.625,0.9082886666666665,0.013837716874534724,1.072539649122807,0.005269429970403902,0.9943266491228071,0.003639473626449864,3
8,16.875,0.9107058070175439,0.008795836278600892,1.0771068421052632,0.00503455687035986,0.9957289824561405,0.003691860249046612,3
8,17.125,0.9106971228070174,0.006320597653160383,1.0770880701754386,0.004808501442113139,0.9968605438596492,0.0037574951633685925,3
8,17.375,0.9140307192982456,0.010758756725373754,1.072162105263158,0.004865472620692993,0.997705105263158,0.0037601406574249005,3
8,17.625,0.9124555614035089,0.012349821423775173,1.0641473684210525,0.004562555131277395,0.9984483684210526,0.0037132566358861626,3
8,17.875,0.9300274561403508,0.016390478027026846,1.05365,0.004079869708961829,0.9991270175438598,0.0036876913625063313,3
8,18.125,0.9404675263157894,0.0107882471402963,1.042275789473684,0.003977298739491224,0.9998875614035088,0.003723539861149445,3
8,18.375,0.9607404210526317,0.010916436320562804,1.0307936842105265,0.0034361764756673805,1.0006693859649125,0.0036992209669588346,3
8,18.625,0.9665983684210527,0.01590250137406008,1.0198015263157894,0.0033998752986202285,1.0015721403508773,0.003860436582588624,3
8,18.875,0.992540596491228,0.016376596707607015,1.0105559473684211,0.004086307423593116,1.0024213684210528,0.003955111776585108,3
8,19.125,1.0018503684210527,0.018456485845758885,1.002175105263158,0.004540749652760972,1.0034196666666666,0.004011987688423904,3
8,19.375,0.9956297719298247,0.009469826931147136,0.9950655438596491,0.00486492450811768,1.0041744385964912,0.00392134919880073,3
8,19.625,0.986054701754386,0.008420856230860203,0.9895134561403509,0.005274036638140577,1.0049964035087722,0.0038737066838434565,3
8,19.875,0.9954493859649123,0.0033334979737734845,0.984297245614035,0.0050852778483290164,1.0057155789473686,0.003899253404637025,3
8,20.125,0.9973749824561403,0.002748274852600215,0.9801394736842105,0.005631383725752247,1.0063315614035089,0.0037116252697185245,3
8,20.375,1.0007431754385965,0.007264129260793441,0.9772720877192982,0.004749341598016568,1.0069144561403511,0.0036712059605365456,3
8,20.625,1.0060809649122806,0.005061085012144721,0.9748297719298246,0.005354669365301327,1.0072484912280704,0.0037639249509823,3
8,20.875,1.0247971228070176,0.015124011656685766,0.9724357543859649,0.005043954846881976,1.0076968421052632,0.0036493187251723886,3
8,21.125,1.0291231228070175,0.020038095151226943,0.9709726315789475,0.005340120260887299,1.0080610175438596,0.003803292752653715,3
8,21.375,1.031635947368421,0.01990280662029167,0.9694419649122809,0.005305563636076741,1.0081871754385965,0.0037224838038669903,3
8,21.625,1.0408803508771929,0.01647133324631163,0.9681701929824561,0.005393070565489205,1.0082916842105263,0.0036361361157501754,3
8,21.875,1.047703421052632,0.006883222090771004,0.9677139824561403,0.005193923355550337,1.0082372456140352,0.0036298218775905945,3
8,22.125,1.0465377719298243,0.004427613783928755,0.9672544385964912,0.005728639085313104,1.0080413333333333,0.0035855602967218066,3
8,22.375,1.0627497543859648,0.010754664281879808,0.9679582456140351,0.005647209938152086,1.0078095614035087,0.003570727108806382,3
8,22.625,1.0631198245614033,0.0028003674027960238,0.9690622807017544,0.005417342873453424,1.0074259649122805,0.0035484185174189933,3
8,22.875,1.0491859649122808,0.005860499264676245,0.9722817192982456,0.0057503576000782885,1.007195192982456,0.0035420626783324214,3
8,23.125,1.052742105263158,0.010633909470204088,0.977131947368421,0.005319794245668828,1.0069258596491226,0.003576932020888101,3
8,23.375,1.0500823684210525,0.008688296270236881,0.9843525614035089,0.00527182346140192,1.0067168596491227,0.0036904125767678016,3
8,23.625,1.0341812807017545,0.010874265392013478,0.9937393508771931,0.005623125572551191,1.0066518771929822,0.003721669874693494,3
8,23.875,1.0198582631578947,0.013456773704004103,1.0065473333333335,0.005472660136040312,1.0068460350877193,0.003787031398737098,3
8,24.125,1.0060299298245614,0.014101629343416931,1.0214195614035086,0.005404114238976566,1.0071511754385964,0.0038810860286092046,3
8,24.375,0.993498701754386,0.012561880221107274,1.0343035087719297,0.00510729809929266,1.0075642631578947,0.003856070558169952,3
8,24.625,0.9817553859649123,0.011555602002673875,1.0413629824561403,0.004640269086932109,1.0076009824561403,0.0038110959003721224,3
8,24.875,0.9708202105263157,0.008200540114635361,1.0419256140350879,0.004187461416882714,1.0073731052631578,0.0037388704658106024,3
8,0.125,0.0,0.0,0.0,0.0,0.0,0.0,3
8,0.375,0.0,0.0,0.0,0.0,0.0,0.0,3
8,0.625,0.0,0.0,0.0,0.0,0.0,0.0,3
8,0.875,0.0,0.0,0.0,0.0,0.08599618771929825,0.0004836415358173261,3
8,1.125,0.0,0.0,0.0,0.0,2.4911522807017543,0.0029486844284219863,3
8,1.375,0.0,0.0,0.0,0.0,4.104382631578948,0.004496228664873928,3
8,1.625,0.0,0.0,0.0,0.0,5.29496649122807,0.0013747932830979997,3
8,1.875,0.0,0.0,0.0,0.0,2.445144035087719,0.0032026489593824296,3
8,2.125,0.0,0.0,0.0,0.0,1.053949649122807,0.001325719814118487,3
8,2.375,0.0,0.0,0.0,0.0,0.921331105263158,0.0010982663909809597,3
8,2.625,0.0,0.0,0.0,0.0,0.6328947368421053,0.001276250327856474,3
8,2.875,0.0,0.0,0.0,0.0,0.5115099999999999,0.0007964676447547836,3
8,3.125,0.0,0.0,0.0,0.0,0.6104290175438596,0.0006976738481550474,3
8,3.375,0.0,0.0,0.0,0.0,0.702301947368421,0.0003618611963066402,3
8,3.625,0.0,0.0,0.0,0.0,0.7807677894736843,0.0009441544693797418,3
8,3.875,0.0,0.0,0.0,0.0,0.8444471228070175,0.0007354089789135471,3
8,4.125,0.0,0.0,0.0,0.0,0.8928534736842105,0.0008207705419594157,3
8,4.375,0.0,0.0,0.0,0.0,0.9264607192982456,0.0008795111936034389,3
8,4.625,0.0,0.0,4.893824561403508e-07,6.920913066611405e-07,0.9483145964912282,0.0006249852361444395,3
8,4.875,0.0,0.0,0.004308173684210526,3.0709925020045886e-05,0.9611478771929823,0.0004871285308844754,3
8,5.125,0.0,0.0,0.239099649122807,0.001037766669737827,0.9812480701754387,0.0005615116129470142,3
8,5.375,0.0,0.0,1.5984492982456142,0.0018390812940585453,1.0696350877192982,0.0003342008102839637,3
8,5.625,0.0,0.0,3.496788596491228,0.006577354955818503,1.1898629824561402,0.0010577727374301287,3
8,5.875,0.0,0.0,4.292788421052632,0.0068248907871627665,1.2369063157894737,0.001163648939771873,3
8,6.125,0.0,0.0,3.9509714035087717,0.007315915653756097,1.2099266666666668,0.0012834057251949339,3
8,6.375,0.0,0.0,3.1893749122807016,0.008393253340110174,1.1558007017543859,0.0013632385218539144,3
8,6.625,0.0,0.0,2.4901659649122805,0.006134379713221749,1.107342105263158,0.0010674455835632966,3
8,6.875,0.0,0.0,1.9355098245614035,0.005669528737873592,1.068974210526316,0.0009778891658482434,3
8,7.125,0.0,0.0,1.5331859649122805,0.0036772739294022205,1.0413108771929824,0.0010746220820677854,3
8,7.375,0.0,0.0,1.250537543859649,0.0029062445054176653,1.022792456140351,0.0013675126764614474,3
8,7.625,0.0,0.0,1.0543498245614036,0.000974440989292119,1.010561596491228,0.0012440685349065978,3
8,7.875,0.0,0.0,0.9269006666666666,0.00110631932355685,1.0041216315789472,0.00145892888332883,3
8,8.125,0.0,0.0,0.8501776666666667,0.0005545280897102096,1.0017847719298245,0.0018382453396087238,3
8,8.375,0.0,0.0,0.809066596491228,0.0003879853266907181,1.0024184210526315,0.0017933274020160142,3
8,8.625,0.0,0.0,0.7918078771929823,0.0018730106981563225,1.005424789473684,0.0018880209809154125,3
8,8.875,0.0,0.0,0.7889227543859648,0.002336947408064116,1.0099992280701755,0.001955080435528623,3
8,9.125,0.0,0.0,0.7949861929824561,0.0035965015653252755,1.0154321052631579,0.00233247402723359,3
8,9.375,0.0,0.0,0.8049348421052631,0.0043809345278178246,1.0218291228070175,0.002605599352163557,3
8,9.625,5.2605087719298244e-05,7.439482850245793e-05,0.8168594736842105,0.004637533264297941,1.0288850877192985,0.0028319865464585953,3
8,9.875,0.0015835961403508772,0.00047601830310980384,0.8294268771929824,0.004350246433692851,1.0364777192982455,0.0028457632188812945,3
8,10.125,0.022429060877192982,0.0017509030024259028,0.841727298245614,0.0054328470358313615,1.0444907017543859,0.003155463986507415,3
8,10.375,0.12111009649122806,0.007712873831153802,0.852780105263158,0.005587124963462109,1.052837192982456,0.0031822662277228284,3
8,10.625,0.40261119298245607,0.011898079119339863,0.8629910877192982,0.005850038186036525,1.0617145614035086,0.0031982709529266547,3
8,10.875,0.9494923333333333,0.015861013888007168,0.8716628421052631,0.005337933683134387,1.0698401754385964,0.0032230215955841193,3
8,11.125,1.6851108771929824,0.028361556538001133,0.8793120350877194,0.006036827570966134,1.0751985964912283,0.0033606132737744993,3
8,11.375,2.2579487719298243,0.04205973254350603,0.886595403508772,0.0057141148159524195,1.0751214035087717,0.0033366249952428892,3
8,11.625,2.5044263157894737,0.026760603172932062,0.8944825087719296,0.0053503273210134365,1.068961403508772,0.0034425855218724963,3
8,11.875,2.4560143859649126,0.055880136518354745,0.9024086666666666,0.004590514804117506,1.057495614035088,0.0035644553167546297,3
8,12.125,2.2310982456140347,0.02640322410058088,0.910628245614035,0.004921444049417493,1.0432650877192984,0.003700431367465743,3
8,12.375,1.9657228070175439,0.04770620412648195,0.9178480350877192,0.004161790409590421,1.02832649122807,0.0036776578402435943,3
8,12.625,1.736121754385965,0.018050225661034872,0.9254167543859649,0.0043963386626613065,1.0144623333333331,0.003665369265051467,3
8,12.875,1.5050796491228071,0.008713542090257907,0.932839052631579,0.004613510532253038,1.0025245789473685,0.003632629904629198,3
8,13.125,1.3313059649122807,0.01984722807123008,0.9411405438596492,0.004868546802042798,0.9930707894736842,0.003519738816330001,3
8,13.375,1.2289364561403509,0.01911404911030637,0.949489649122807,0.004873094998738341,0.986187210526316,0.003432389122152748,3
8,13.625,1.1512091754385965,0.009503016696159428,0.9567807017543859,0.004100080068207564,0.9815413333333334,0.0033208154791554687,3
8,13.875,1.1098888421052628,0.011792064961777825,0.9653948771929824,0.004224950991609689,0.9790381754385965,0.0031733376769099582,3
8,14.125,1.0610591052631582,0.009598111450126444,0.9747992631578947,0.003983004133794632,0.978039649122807,0.0031319953355295853,3
8,14.375,1.0295821578947366,0.0031933484653343587,0.9842206315789473,0.003461285900492613,0.9783429824561404,0.0030830431184824033,3
8,14.625,0.9987716315789475,0.019494084669995672,0.9935059122807018,0.004289141810503101,0.9795077719298245,0.0031363441976007367,3
8,14.875,0.9804368245614036,0.007759019096833509,1.0038817719298248,0.00430606882122611,0.9811075263157895,0.0032491589646921814,3
8,15.125,0.9671388596491228,0.014132392948971645,1.0148178596491229,0.004852080968368734,0.9830864736842105,0.0032930544025638374,3
8,15.375,0.9534000350877193,0.017154718100153125,1.0257555438596493,0.0055282406113797465,0.9850622280701754,0.003444848219108212,3
8,15.625,0.9284274210526315,0.01962270324790421,1.035796842105263,0.005905062525909724,0.9870402631578948,0.0034836279289775876,3
8,15.875,0.9135732807017543,0.00819464257169335,1.0471396491228069,0.006820059278076796,0.9890628421052633,0.003640893586347969,3
8,16.125,0.898438,0.010670434886223037,1.0579368421052633,0.007125596882549092,0.9910827719298246,0.003960236507280624,3
8,16.375,0.8961016491228072,0.017357718995436235,1.0670050877192983,0.007686442169735263,0.9927461052631578,0.004027253414733423,3
8,16.625,0.9002450175438595,0.018991508282945494,1.0743652631578948,0.007437656912689479,0.9944730701754386,0.00394615075706395,3
8,16.875,0.8854022982456141,0.015496913132369136,1.0785652631578948,0.007753476580002038,0.9959254385964913,0.004187633633944008,3
8,17.125,0.894283403508772,0.011164855567439996,1.0780482456140352,0.007201591343753424,0.9969247017543861,0.004113418416580922,3
8,17.375,0.9014498596491228,0.014076423866865332,1.073168596491228,0.006269472054324037,0.9976879824561401,0.004019464733164241,3
8,17.625,0.9110102982456141,0.007831089906483143,1.0637933333333331,0.006516418249475289,0.9984325438596492,0.004178663165096893,3
8,17.875,0.9117133508771929,0.011795338265378628,1.0522494736842105,0.005958778543956661,0.9990848070175439,0.004160131988888624,3
8,18.125,0.9397794210526315,0.008845543361130952,1.0406863157894737,0.0055932924972950104,0.9996954210526315,0.004081887403141994,3
8,18.375,0.9570103333333332,0.01982529886690761,1.0283850877192984,0.004350889664668272,1.0005147192982458,0.004009168559901791,3
8,18.625,0.981011649122807,0.019592183882317742,1.017892403508772,0.0037139318218993036,1.0013478947368422,0.00387577837486616,3
8,18.875,0.9909087192982454,0.0026159635016885143,1.00790649122807,0.003390247288401751,1.0021674210526317,0.003856886124346651,3
8,19.125,0.9872505087719298,0.007188811412862378,0.9996600701754388,0.0033818594311511136,1.0030431403508773,0.00388247852325454,3
8,19.375,0.9862101228070174,0.0146801293478024,0.9928298421052631,0.0032203700678587526,1.0039947719298246,0.003926617170676033,3
8,19.625,0.9921538771929826,0.01418360043093309,0.987669403508772,0.0028212345713565278,1.0048435263157893,0.003981939334578787,3
8,19.875,0.99017649122807,0.01664957696840499,0.9831487894736841,0.0031961385089544023,1.0055636315789476,0.0039049302059325336,3
8,20.125,0.9931034385964913,0.010375682800020214,0.98000549122807,0.003953118404933284,1.0063235614035089,0.004064397000028134,3
8,20.375,0.9949234561403509,0.012230025791744295,0.9770469824561404,0.004578978508733197,1.0069067719298246,0.004078394761736988,3
8,20.625,1.0086116140350878,0.010204712264053365,0.9745247894736844,0.0047083999766160374,1.0074044912280702,0.003928319122597109,3
8,20.875,1.0247731578947368,0.011575319656834369,0.9725504035087719,0.005145545496878694,1.0077119122807017,0.00394129964605196,3
8,21.125,1.032975701754386,0.015944170927975114,0.9706497894736842,0.004856314187196415,1.0078996140350875,0.0037265849484843278,3
8,21.375,1.0398817719298246,0.023709218575004954,0.9695406315789473,0.00491345272816496,1.0079788245614034,0.0036417897293430247,3
8,21.625,1.0433353333333333,0.020554796795727113,0.9680417192982457,0.005608843657082147,1.008006,0.003719130899578605,3
8,21.875,1.0448053333333334,0.0203977319653046,0.9674012631578948,0.005536124083921569,1.0079090350877193,0.0036932794402399697,3
8,22.125,1.0579094385964911,0.01119414798840057,0.9671571578947368,0.0053713033114092664,1.00782747368421,0.0036536757443785903,3
8,22.375,1.0580007017543858,0.01448899573394478,0.967810947368421,0.0055377947371065385,1.0076031228070175,0.003645125573628675,3
8,22.625,1.057247087719298,0.02394077042903193,0.9692940175438597,0.005280348051277407,1.0073310350877194,0.0035422201950367376,3
8,22.875,1.0633000701754387,0.008922452155122473,0.9721586666666666,0.00518538646496219,1.0069988771929823,0.003482939524452455,3
8,23.125,1.0597767719298246,0.016781935503880067,0.9768749824561404,0.005330152543354309,1.0066560175438595,0.0035024204547950658,3
8,23.375,1.0415200350877194,0.011851825627325133,0.9843480175438595,0.005672497480995229,1.006510140350877,0.003476235826359901,3
8,23.625,1.0263322631578946,0.008809180502864196,0.9935085964912279,0.0058540082038273265,1.0062975263157894,0.003489128966858118,3
8,23.875,1.0149642105263157,0.006675381237552456,1.0060688771929824,0.005528869632515929,1.0064335789473684,0.003429196254919834,3
8,24.125,1.0009499122807017,0.005176619073399823,1.0204578947368421,0.005828875600524577,1.0066916315789474,0.0034587847643599862,3
8,24.375,0.9944836666666667,0.004489672443787913,1.033201403508772,0.0060082809787908,1.0069346140350879,0.0034357918602536917,3
8,24.625,0.9841992631578947,0.00570958418956485,1.0404261403508772,0.005584507694745779,1.0070468245614033,0.003325237357195195,3
8,24.875,0.9680650526315788,0.008465954694437854,1.0413045614035088,0.00543166996954429,1.006745280701754,0.0032656969698178486,3
8,0.125,0.0,0.0,0.0,0.0,0.0,0.0,3
8,0.375,0.0,0.0,0.0,0.0,0.0,0.0,3
8,0.625,0.0,0.0,0.0,0.0,0.0,0.0,3
8,0.875,0.0,0.0,0.0,0.0,0.08550659473684209,0.00046764192123939014,3
8,1.125,0.0,0.0,0.0,0.0,2.488891754385965,0.0015818372579049903,3
8,1.375,0.0,0.0,0.0,0.0,4.105821929824562,0.002486915800758655,3
8,1.625,0.0,0.0,0.0,0.0,5.295575087719299,0.0008708124790416279,3
8,1.875,0.0,0.0,0.0,0.0,2.4447687719298243,0.0012055991513084548,3
8,2.125,0.0,0.0,0.0,0.0,1.0543815789473685,0.0012274978114817398,3
8,2.375,0.0,0.0,0.0,0.0,0.921850298245614,0.000959022977678099,3
8,2.625,0.0,0.0,0.0,0.0,0.6340867719298245,0.0005982628937155423,3
8,2.875,0.0,0.0,0.0,0.0,0.5125816842105263,0.0008928103356679463,3
8,3.125,0.0,0.0,0.0,0.0,0.6109369649122808,0.0009805515815725708,3
8,3.375,0.0,0.0,0.0,0.0,0.7018111403508772,0.0012733142904407572,3
8,3.625,0.0,0.0,0.0,0.0,0.7804449122807018,0.0012473638324982308,3
8,3.875,0.0,0.0,0.0,0.0,0.8442849298245613,0.0015373154380038257,3
8,4.125,0.0,0.0,0.0,0.0,0.8922120526315789,0.001765030649303927,3
8,4.375,0.0,0.0,0.0,0.0,0.926723298245614,0.0018339758033171724,3
8,4.625,0.0,0.0,9.787631578947367e-07,6.920900661262634e-07,0.9491688596491228,0.002046485579435884,3
8,4.875,0.0,0.0,0.00435905,1.8660459586656486e-05,0.9621928245614034,0.0015484506183047956,3
8,5.125,0.0,0.0,0.23785752631578946,0.0011282337097364991,0.982252701754386,0.0017185944230715218,3
8,5.375,0.0,0.0,1.595352105263158,0.006409291169575635,1.0702954385964913,0.0017782625762493216,3
8,5.625,0.0,0.0,3.4924468421052635,0.014887184738450144,1.1905880701754388,0.0022256063044912133,3
8,5.875,0.0,0.0,4.295283157894737,0.019022450220017723,1.2377566666666668,0.0019946573299586506,3
8,6.125,0.0,0.0,3.9489926315789474,0.01708559259794344,1.210303333333333,0.0018870694929336584,3
8,6.375,0.0,0.0,3.1881540350877198,0.013861617321941215,1.1564615789473685,0.0018044691108273017,3
8,6.625,0.0,0.0,2.490094385964913,0.009131504689857775,1.107462105263158,0.00157351715360428,3
8,6.875,0.0,0.0,1.9380577192982456,0.006388010849242289,1.0690201754385964,0.0017374934628351926,3
8,7.125,0.0,0.0,1.532671754385965,0.004054036173391571,1.0415468421052632,0.0015541994462565654,3
8,7.375,0.0,0.0,1.2495391228070174,0.0021040286438919345,1.0229140350877193,0.0017398782783617822,3
8,7.625,0.0,0.0,1.054337192982456,0.0026239744981269293,1.0112410350877195,0.0020863611911666317,3
8,7.875,0.0,0.0,0.9264789824561405,0.001981812945962833,1.004762052631579,0.002152340308437311,3
8,8.125,0.0,0.0,0.8497398245614036,0.002538444239787474,1.0021632105263159,0.0022606923673259074,3
8,8.375,0.0,0.0,0.8086663157894737,0.0029932984687451557,1.0028848771929824,0.0026361232393119927,3
8,8.625,0.0,0.0,0.7909934912280701,0.0021417679299599833,1.0058417894736842,0.002817650441605571,3
8,8.875,0.0,0.0,0.7886455087719298,0.002569880445797755,1.0101269298245616,0.0029152245542852897,3
8,9.125,0.0,0.0,0.7945301228070175,0.0024240106309452087,1.015803754385965,0.0029476032943174793,3
8,9.375,0.0,0.0,0.8050580175438596,0.0025628095783840513,1.022214210526316,0.003085194861185517,3
8,9.625,0.00012493701754385966,8.871013034758213e-05,0.8168053157894737,0.0021047741554889145,1.029101403508772,0.0029487531312811788,3
8,9.875,0.0022332770175438597,5.534789471153976e-05,0.8287136140350878,0.0018268737568883219,1.0363149122807018,0.0031838078716950667,3
8,10.125,0.022904446315789473,0.0015561473892486456,0.8416226140350876,0.0025744650572844625,1.0441631578947368,0.003168297164914894,3
8,10.375,0.12190241228070176,0.008374756836363906,0.852768807017544,0.0027266981240861915,1.0523842105263157,0.003207844810572486,3
8,10.625,0.4031400350877193,0.014230439847575454,0.8634152631578949,0.0036457861475167877,1.060658596491228,0.00336704690538073,3
8,10.875,0.9328630877192983,0.0339516801558623,0.8730674736842104,0.0033525445737698054,1.0683814035087718,0.003454413862120161,3
8,11.125,1.6323447368421053,0.05873952790030024,0.8818328596491228,0.0023478445832580464,1.0737384210526315,0.0035062242241831877,3
8,11.375,2.247986842105263,0.04959766493810973,0.8898003333333332,0.0032044589641144114,1.0737870175438597,0.003586894075728416,3
8,11.625,2.531267368421053,0.06656887347544284,0.8981021052631579,0.002822753560275831,1.0678324561403507,0.0036707531748159093,3
8,11.875,2.4652038596491237,0.037259588532917914,0.9053606315789474,0.00295104529018271,1.0565189473684211,0.0034962459487386903,3
8,12.125,2.2143289473684207,0.041828773793671864,0.9121569649122806,0.002853266060187425,1.042238245614035,0.0035515513454072727,3
8,12.375,1.9599926315789473,0.009557287715479519,0.9195781228070175,0.0034575251681952545,1.0273315789473685,0.003311177327003022,3
8,12.625,1.7302159649122804,0.012834334363951741,0.9267784736842105,0.003430864829634745,1.01351901754386,0.003167613869709922,3
8,12.875,1.5238054385964912,0.03652101324151804,0.9344321929824561,0.0033196696974201745,1.0018142982456142,0.003089780183347852,3
8,13.125,1.3857587719298248,0.026063177370586665,0.942358052631579,0.003935947009370529,0.9925830701754386,0.003136668741627989,3
8,13.375,1.2619327894736845,0.04637916814592153,0.950108438596491,0.004460439896142332,0.98576850877193,0.0029652671238921038,3
8,13.625,1.1664471403508772,0.02557587249030819,0.9584541754385966,0.0050960276685639155,0.9814994912280701,0.0029265436287466344,3
8,13.875,1.0809948771929825,0.03607291597465811,0.9667707719298245,0.005721739625359713,0.9787686666666667,0.0029218927770250642,3
8,14.125,1.060006403508772,0.021881345205209166,0.9750439824561404,0.006169014976845886,0.9779291228070174,0.002972445441818295,3
8,14.375,1.0202226842105262,0.024480487371015325,0.983798543859649,0.006447631555866816,0.9781774736842106,0.0029672727270591897,3
8,14.625,1.0088759298245613,0.019161362623487718,0.9931170877192983,0.0066344813910666186,0.9789911403508772,0.0029691739440669833,3
8,14.875,0.971808350877193,0.0030018030452237084,1.0021292631578946,0.00635405325434111,0.9803947192982457,0.0031391869613141355,3
8,15.125,0.9392174035087719,0.0047883502500296144,1.012274,0.0065685860173840625,0.9821697368421053,0.0032294423169752897,3
8,15.375,0.9236326666666668,0.010168314547073395,1.0227862982456142,0.005968696576197673,0.9841993508771928,0.0032805326517071787,3
8,15.625,0.9184040526315789,0.003069475347447493,1.0340045614035087,0.005878804162501094,0.986189350877193,0.003344897600270492,3
8,15.875,0.9126979298245615,0.007734191816066278,1.0452231578947366,0.005837108531720096,0.9882968245614033,0.0032983053387648717,3
8,16.125,0.908489596491228,0.00839738706077346,1.0554689473684211,0.0057310985412381,0.990314456140351,0.003330587937841586,3
8,16.375,0.8996503333333332,0.014522465862970717,1.0651254385964912,0.005770175817317557,0.9920237017543859,0.0032109677327646206,3
8,16.625,0.8950793859649124,0.016285541689903264,1.0727229824561404,0.005843847287825191,0.9938035087719298,0.0033661037408207997,3
8,16.875,0.8979161403508771,0.025353074856226777,1.0763801754385964,0.006322648911511142,0.9952065614035089,0.0034325844101552555,3
8,17.125,0.904916,0.013863451663554122,1.0758140350877192,0.005984887806468454,0.9962408245614035,0.0034079965017207122,3
8,17.375,0.9211430701754386,0.004423233082674151,1.0705659649122807,0.005892518463111056,0.9970594210526317,0.0035080007678004814,3
8,17.625,0.9201983684210525,0.014725819659074397,1.0616085964912283,0.005536689717290209,0.997798245614035,0.003499086965551031,3
8,17.875,0.9216717543859648,0.01588300187008267,1.050999298245614,0.005290840956801,0.9984876666666667,0.003483418267993997,3
8,18.125,0.924752350877193,0.01212071328640566,1.0391170175438595,0.0048532723315091696,0.9991231754385964,0.0036291242358164615,3
8,18.375,0.9531283684210526,0.013768760411545572,1.0277357894736843,0.004457119984873392,1.000014,0.0036834186895930293,3
8,18.625,0.9694034736842104,0.016725516348190167,1.017465807017544,0.004652574732194812,1.0009325087719299,0.0037276649894981886,3
8,18.875,0.9821282280701756,0.0138257331141847,1.0078218596491229,0.004519358056975771,1.0018203157894736,0.0037441211033518444,3
8,19.125,0.9885855789473683,0.014165796475647734,1.0000768245614033,0.00449242171370876,1.002788350877193,0.0038382860484972255,3
8,19.375,0.9902677894736841,0.019746824056434655,0.9931193333333334,0.004250510410789761,1.0037131754385964,0.003746499012179178,3
8,19.625,1.0013552280701754,0.016547503616604006,0.9877156315789474,0.004436070508129085,1.0044944035087722,0.0038356668145152393,3
8,19.875,1.0073632456140351,0.019155955330084285,0.9835605263157895,0.005000988516872664,1.005305842105263,0.0040168248043412295,3
8,20.125,1.023527684210526,0.018239157258529915,0.9796712105263158,0.005154698005614456,1.006020438596491,0.004020116967086379,3
8,20.375,1.0160859122807016,0.015803070853811496,0.9768029473684211,0.005307827379648994,1.006659403508772,0.004075781018987976,3
8,20.625,1.0113877894736845,0.02137672890495405,0.9740459122807018,0.00528506555085989,1.0070684035087718,0.004090112000654955,3
8,20.875,1.0060131228070173,0.010465351386473002,0.971870140350877,0.005072311302626724,1.0074497192982454,0.004016146262767372,3
8,21.125,1.004946894736842,0.00988931121571814,0.9705605614035088,0.00513313306243143,1.007751403508772,0.003936664164599792,3
8,21.375,1.0247592280701756,0.01630417411120363,0.969333807017544,0.005376910090094425,1.0079655263157896,0.0039470699440370205,3
8,21.625,1.0275233684210527,0.002649907952546758,0.9683768245614036,0.005454981104807063,1.0080958771929824,0.003782587763797272,3
8,21.875,1.0382646140350877,0.0029374417775281858,0.9679578771929828,0.005332823983988021,1.0080384736842105,0.003726509696857932,3
8,22.125,1.0418258947368422,0.006568936513175208,0.9685588771929825,0.004975137860965354,1.0079564210526317,0.0036562148791946278,3
8,22.375,1.0529116666666667,0.005176635011934319,0.9694215438596491,0.004512113355945764,1.007777298245614,0.003575256966617398,3
8,22.625,1.0547524736842104,0.012716228512012092,0.9712365263157893,0.004948714466384817,1.0074936140350876,0.003433599412275107,3
8,22.875,1.0502863157894737,0.01768622306796943,0.9741940877192983,0.004604229453176193,1.0072078245614036,0.003401927561890268,3
8,23.125,1.0501869298245614,0.015942313581625314,0.9783814035087719,0.004428499624683601,1.0067464561403507,0.003289789799360563,3
8,23.375,1.0425947719298245,0.007849307938079713,0.9855569473684213,0.004961474082477872,1.0066443333333333,0.003309734186974389,3
8,23.625,1.0347571403508773,0.009033689589524321,0.9950124912280702,0.005578591894059641,1.006581754385965,0.0033697598009406046,3
8,23.875,1.0254932631578948,0.009480495912552426,1.0070433508771932,0.005514363687480908,1.0067461403508773,0.003407946038856109,3
8,24.125,1.0068536842105262,0.0017602285505931474,1.0212975087719298,0.005611852596824325,1.0071732280701753,0.0034349335033389446,3
8,24.375,0.9902451052631579,0.010729369842578709,1.034105087719298,0.006179865174869467,1.0076374035087718,0.0035779599206250527,3
8,24.625,0.980382,0.015574538416480524,1.0413094736842103,0.006010149418238017,1.0077050877192981,0.003644071630557035,3
8,24.875,0.9689658421052632,0.022084297997711177,1.041539298245614,0.005901585563014901,1.0074713684210526,0.003698388176286193,3
8,0.125,0.0,0.0,0.0,0.0,0.0,0.0,3
8,0.375,0.0,0.0,0.0,0.0,0.0,0.0,3
8,0.625,0.0,0.0,0.0,0.0,0.0,0.0,3
8,0.875,0.0,0.0,0.0,0.0,0.08537041578947369,0.00044822250317734985,3
8,1.125,0.0,0.0,0.0,0.0,2.485150350877193,0.0036857833818872664,3
8,1.375,0.0,0.0,0.0,0.0,4.1017363157894735,0.004037389404561206,3
8,1.625,0.0,0.0,0.0,0.0,5.298016315789474,0.0033767942257184303,3
8,1.875,0.0,0.0,0.0,0.0,2.444408070175438,0.0026624724633962623,3
8,2.125,0.0,0.0,0.0,0.0,1.0517361403508774,0.002064015411363147,3
8,2.375,0.0,0.0,0.0,0.0,0.9203677719298247,0.0039101404136131475,3
8,2.625,0.0,0.0,0.0,0.0,0.6320741578947369,0.00396635755579191,3
8,2.875,0.0,0.0,0.0,0.0,0.5096150526315789,0.004298273760953271,3
8,3.125,0.0,0.0,0.0,0.0,0.6079708596491228,0.0050980393938080395,3
8,3.375,0.0,0.0,0.0,0.0,0.7002012807017545,0.0050982840837828615,3
8,3.625,0.0,0.0,0.0,0.0,0.7783811578947368,0.005748423481978469,3
8,3.875,0.0,0.0,0.0,0.0,0.8425108070175439,0.0062099204096842525,3
8,4.125,0.0,0.0,0.0,0.0,0.89095549122807,0.00616768505972857,3
8,4.375,0.0,0.0,0.0,0.0,0.9250892280701754,0.0062727366764045505,3
8,4.625,0.0,0.0,9.787649122807017e-07,3.4604565333057024e-07,0.9477319473684211,0.00605117957549166,3
8,4.875,0.0,0.0,0.004376448947368421,8.577804364390601e-05,0.9607037192982456,0.00581221302659689,3
8,5.125,0.0,0.0,0.23875094736842106,0.0008761906164223307,0.9806634561403508,0.006117027618777686,3
8,5.375,0.0,0.0,1.5955805263157898,0.0029854184256754446,1.0694480701754385,0.006004296650752586,3
8,5.625,0.0,0.0,3.4918719298245615,0.013256630462367063,1.1893266666666664,0.006798451704855563,3
8,5.875,0.0,0.0,4.291077543859649,0.01928043037977665,1.236497543859649,0.007219371822864861,3
8,6.125,0.0,0.0,3.945108245614035,0.01614336984923744,1.20906,0.006750994072008532,3
8,6.375,0.0,0.0,3.1887392982456135,0.012463275221215727,1.1555898245614034,0.006680817516135528,3
8,6.625,0.0,0.0,2.4891436842105263,0.009951365733559548,1.106518947368421,0.00624079574145873,3
8,6.875,0.0,0.0,1.932720701754386,0.009224459940183971,1.0677449122807017,0.006210327685395379,3
8,7.125,0.0,0.0,1.530685789473684,0.009335872919891387,1.0407563157894737,0.0061757170341935,3
8,7.375,0.0,0.0,1.2478668421052632,0.011143159784024444,1.0220259649122807,0.006022681510949456,3
8,7.625,0.0,0.0,1.0553903508771931,0.011044370265358044,1.0105225263157893,0.005667648675488831,3
8,7.875,0.0,0.0,0.9270825789473686,0.009187980468401169,1.0043812982456137,0.005157045159951435,3
8,8.125,0.0,0.0,0.8494977368421052,0.009141752810929623,1.0022101228070175,0.0050118019202829095,3
8,8.375,0.0,0.0,0.808800701754386,0.00943945468843517,1.002928894736842,0.004938770256579791,3
8,8.625,0.0,0.0,0.7902580350877192,0.00952410117607254,1.0058625964912282,0.004893741692901999,3
8,8.875,0.0,0.0,0.7881957543859649,0.008731338518557185,1.0105767017543859,0.004992611489714272,3
8,9.125,0.0,0.0,0.7938928771929824,0.008561563148209652,1.0162044210526313,0.005180037738412275,3
8,9.375,0.0,0.0,0.8038665614035089,0.009059230789701571,1.0223445614035087,0.005401562209193092,3
8,9.625,0.00023014754385964912,0.00014414006375977143,0.8171067719298245,0.007493452644799846,1.0291270175438596,0.005492400765986256,3
8,9.875,0.0027392774912280704,0.0006978832986805471,0.8303303684210527,0.007904792445513528,1.0364780701754386,0.0055185051626806935,3
8,10.125,0.023653168245614035,0.0014113645544555986,0.8424591754385965,0.006969617742204612,1.044261754385965,0.005560035013430297,3
8,10.375,0.12067719298245612,0.01025561476251188,0.8544456666666665,0.0066819664021673005,1.0525768421052633,0.005967146310232259,3
8,10.625,0.4267752807017544,0.028285591848899696,0.8645656315789473,0.006751382480497629,1.0610747368421052,0.0061367988322628695,3
8,10.875,0.9517564912280703,0.0399003832408769,0.8730180175438597,0.006206344999266898,1.0694343859649122,0.006109149297573543,3
8,11.125,1.631224385964912,0.03629559950417128,0.8820050877192983,0.0064095104608541615,1.0746047368421052,0.006248981567993197,3
8,11.375,2.2232108771929826,0.04768401809599321,0.8895667192982456,0.006556408277555587,1.0747203508771932,0.006497742151122829,3
8,11.625,2.482229649122807,0.04963732708864131,0.897035649122807,0.006378666589317755,1.0683575438596493,0.0061211820042344454,3
8,11.875,2.4471457894736837,0.024090366120025384,0.9046247894736843,0.0064657155604169935,1.0568994736842106,0.005970141974737391,3
8,12.125,2.2507952631578942,0.02143684607664489,0.9118254385964913,0.0056574824336649236,1.0424801754385964,0.005810329092338979,3
8,12.375,1.9818214035087716,0.012643859120883989,0.9193917017543859,0.005571013897773379,1.0274712280701754,0.005730374357223956,3
8,12.625,1.7369249122807018,0.016960756814316056,0.927303807017544,0.005274498002367331,1.0137214385964912,0.005481111736805341,3
8,12.875,1.5408080701754387,0.029218458035921907,0.9351732982456139,0.005146216929347456,1.0020293157894737,0.005341793984708719,3
8,13.125,1.3635822807017544,0.034520938537011644,0.9433903859649121,0.005312810866960664,0.9928429298245615,0.005454270839637587,3
8,13.375,1.2430298245614033,0.02684355558631985,0.9519551052631577,0.00510811346169816,0.9862047368421054,0.005409763225592364,3
8,13.625,1.1580130000000002,0.026193625754206626,0.9604488421052632,0.004688606968363335,0.9818913333333331,0.005419207603133656,3
8,13.875,1.0931212280701754,0.027290258486011226,0.9697332456140352,0.004979621409315863,0.979471807017544,0.005449591166539539,3
8,14.125,1.0599140701754386,0.013041345199687953,0.9787537719298246,0.005352777025458016,0.9785133157894736,0.0054742481603882115,3
8,14.375,1.0093262982456142,0.014458795536753943,0.9873636842105263,0.0053861635049392426,0.9788587192982456,0.005367850914398855,3
8,14.625,0.9812003859649122,0.012200372630303265,0.996528649122807,0.006469185316980517,0.9798071578947368,0.005544960167860477,3
8,14.875,0.9931180701754387,0.010499202336525093,1.0051499122807017,0.0064958390489475,0.9814840350877194,0.005273255919565202,3
8,15.125,0.9674538596491228,0.0011808751855108231,1.0148109649122807,0.007143560652025387,0.9834004561403508,0.005220146914284172,3
8,15.375,0.9593714561403509,0.004309342579861327,1.0246062280701753,0.008042665379402947,0.9854878245614036,0.005205894494438739,3
8,15.625,0.9405641578947367,0.023213117764908246,1.0351280701754388,0.008437972742020136,0.9874938596491226,0.0051406712246147655,3
8,15.875,0.9223515964912279,0.03203624849222883,1.0452659649122806,0.008601764472873152,0.9893508771929825,0.004984941865486265,3
8,16.125,0.9125483157894735,0.017773758971368302,1.0554735087719298,0.009435713206645838,0.9913800701754386,0.004897061669424957,3
8,16.375,0.9055869122807018,0.0054182707487198676,1.0654694736842105,0.009692318697603897,0.9930312456140351,0.004696521324245393,3
8,16.625,0.9131673157894736,0.008057563144311155,1.072426140350877,0.00906299900357223,0.9946347894736842,0.004520966144833939,3
8,16.875,0.906589701754386,0.017380420839133902,1.0765694736842106,0.008899966862689552,0.9960334736842104,0.004422225758098069,3
8,17.125,0.8974034210526315,0.002356524033370404,1.0765722807017544,0.008363862052138795,0.9972041578947368,0.004188829091511744,3
8,17.375,0.9088144385964912,0.014121439306116363,1.07219649122807,0.008000315556257328,0.9980750526315788,0.004097740928204296,3
8,17.625,0.9227033684210527,0.003971162901053399,1.0643177192982456,0.0069878390121489165,0.9989416842105262,0.003956972932268319,3
8,17.875,0.9221378596491228,0.006587860707431764,1.053718245614035,0.006660779006807911,0.9996713333333332,0.003913997145301996,3
8,18.125,0.9344619649122806,0.003086824141475173,1.0419126315789473,0.006444938202924706,1.000368052631579,0.0037828317716195148,3
8,18.375,0.9563910701754387,0.014634293064080095,1.0297287719298245,0.005637796753294299,1.0010320350877193,0.0037980800574105595,3
8,18.625,0.9695504210526315,0.01463875899356412,1.0184180175438597,0.005706093766224385,1.0019679298245612,0.0037979107249957234,3
8,18.875,0.989681052631579,0.01274338584664868,1.0085377894736842,0.00526774132425655,1.002802403508772,0.003906860206933067,3
8,19.125,0.9925352807017545,0.00667680561796434,1.0004672982456142,0.0052001922644216,1.0036689298245614,0.0041103462200440515,3
8,19.375,0.9890099122807016,0.009299120168504066,0.9936836315789476,0.004926246864115241,1.0045917192982456,0.004191271165207627,3
8,19.625,0.9929306315789476,0.008069453539298629,0.9875933859649124,0.004259163823694729,1.0052818771929826,0.00433044603639332,3
8,19.875,0.995617456140351,0.009645407568868714,0.98292150877193,0.004251416818063303,1.0059502631578947,0.004559698170220098,3
8,20.125,0.993472245614035,0.015640328602221743,0.9791836140350876,0.004083783347241715,1.006494649122807,0.004748871231452213,3
8,20.375,0.9953503508771929,0.021239372882719907,0.9762537543859647,0.003913320855119466,1.007066105263158,0.004782347312092674,3
8,20.625,0.9942576315789472,0.018973652442925457,0.9743083859649122,0.004193205597894203,1.0074250350877194,0.004785337934120841,3
8,20.875,1.0044817192982458,0.027272061164823915,0.9729309298245612,0.0040656783138913865,1.0079456842105263,0.004705380424968243,3
8,21.125,1.016863456140351,0.024088479756769775,0.971450052631579,0.003917380347700594,1.0082186491228073,0.004686075114075897,3
8,21.375,1.0240799824561402,0.018827296521023704,0.9700760526315789,0.0034303559011413715,1.0083504385964912,0.004625732459149304,3
8,21.625,1.0269548421052632,0.021960358448392888,0.9684862280701756,0.00406017677892812,1.0084053333333334,0.004646637549041014,3
8,21.875,1.038443789473684,0.020025871413609363,0.9679664035087718,0.00366293543041294,1.008319438596491,0.004636729290567292,3
8,22.125,1.0448314912280703,0.01821421628198718,0.967552105263158,0.0034557801425077325,1.0080443859649124,0.004563336277970438,3
8,22.375,1.0522439298245614,0.013577087446696418,0.9686384912280701,0.0033970656049787883,1.0079086491228069,0.0045517963079891996,3
8,22.625,1.0555717368421054,0.009382317427493674,0.9701800350877193,0.0031026416726272423,1.0075346842105264,0.0044864092177860455,3
8,22.875,1.0575970000000001,0.016081658065129147,0.9732960350877192,0.003211365595888865,1.0072925964912283,0.004414379124530902,3
8,23.125,1.0420071754385967,0.01450574603939533,0.977775947368421,0.003388578276628912,1.0070275614035087,0.0043376980377320675,3
8,23.375,1.0444262982456143,0.0016793918222325437,0.9848919824561403,0.0036271873106300603,1.0068589298245614,0.004206441869879838,3
8,23.625,1.0286105964912282,0.0030940319421382287,0.994271298245614,0.004342439856397952,1.006784157894737,0.004220264159853831,3
8,23.875,1.0121553859649124,0.0016383478071179006,1.0067547894736841,0.004804977369146082,1.0068948070175439,0.00413451274367095,3
8,24.125,1.0040009649122805,0.0074727129106090355,1.0212450877192982,0.004744484173310288,1.0073270175438598,0.004008865524417098,3
8,24.375,0.991291894736842,0.006446670075749199,1.034153157894737,0.005064373363243242,1.0075509122807018,0.00397927145118806,3
8,24.625,0.9802517894736842,0.010349721775893899,1.0412866666666665,0.005384427467861582,1.0076859298245615,0.0037576866826118144,3
8,24.875,0.9728875263157896,0.00777642547481052,1.0423143859649124,0.005914893753337018,1.0075512982456138,0.0038861241654429106,3
8,0.125,0.0,0.0,0.0,0.0,0.0,0.0,3
8,0.375,0.0,0.0,0.0,0.0,0.0,0.0,3
8,0.625,0.0,0.0,0.0,0.0,0.0,0.0,3
8,0.875,0.0,0.0,0.0,0.0,0.0856850701754386,0.0005202385124092405,3
8,1.125,0.0,0.0,0.0,0.0,2.4841678947368417,0.0007596683681365548,3
8,1.375,0.0,0.0,0.0,0.0,4.100911754385965,0.0014905973279083792,3
8,1.625,0.0,0.0,0.0,0.0,5.296423157894736,0.0016885264328144898,3
8,1.875,0.0,0.0,0.0,0.0,2.44474,0.0011400238937411581,3
8,2.125,0.0,0.0,0.0,0.0,1.0541391228070174,0.0021216835217465796,3
8,2.375,0.0,0.0,0.0,0.0,0.922147701754386,0.0025648526409655027,3
8,2.625,0.0,0.0,0.0,0.0,0.6342717719298246,0.0031374131901947032,3
8,2.875,0.0,0.0,0.0,0.0,0.5117361578947368,0.0037850238793583416,3
8,3.125,0.0,0.0,0.0,0.0,0.6102952631578947,0.004243181571700142,3
8,3.375,0.0,0.0,0.0,0.0,0.7019924035087719,0.0046185801414761595,3
8,3.625,0.0,0.0,0.0,0.0,0.7805282280701754,0.005821629080675786,3
8,3.875,0.0,0.0,0.0,0.0,0.8437604210526315,0.006428499962888222,3
8,4.125,0.0,0.0,0.0,0.0,0.8923898596491228,0.006294609906942474,3
8,4.375,0.0,0.0,0.0,0.0,0.9269409122807017,0.006297438139559345,3
8,4.625,0.0,0.0,1.7128350877192983e-06,9.155488654715127e-07,0.9489399298245615,0.006623733683096291,3
8,4.875,0.0,0.0,0.0043478177192982454,5.549242289177402e-05,0.9615363859649122,0.006612651438685902,3
8,5.125,0.0,0.0,0.2387371403508772,0.00014726045125817966,0.9815682631578948,0.0065412433934261315,3
8,5.375,0.0,0.0,1.595897192982456,0.004148166396946321,1.0699673684210527,0.0067515884796896,3
8,5.625,0.0,0.0,3.4931257894736842,0.009362771093456568,1.1905587719298245,0.006811560922707507,3
8,5.875,0.0,0.0,4.287797894736841,0.014885425196720642,1.2376433333333334,0.006789004707498439,3
8,6.125,0.0,0.0,3.9451229824561405,0.015203285657988378,1.2108485964912281,0.006906419783499621,3
8,6.375,0.0,0.0,3.1870852631578948,0.009871417715774128,1.1576128070175438,0.006603016747148759,3
8,6.625,0.0,0.0,2.4922673684210523,0.008122573324666925,1.1089673684210526,0.006702284984047405,3
8,6.875,0.0,0.0,1.9368050877192984,0.007015140601643063,1.0702273684210526,0.006627643987115212,3
8,7.125,0.0,0.0,1.5334866666666667,0.006854654676612891,1.042628947368421,0.006608026024532898,3
8,7.375,0.0,0.0,1.2515556140350876,0.00647652113468361,1.024261052631579,0.006672373328557111,3
8,7.625,0.0,0.0,1.057582456140351,0.006298218970768986,1.012625192982456,0.006315359767302154,3
8,7.875,0.0,0.0,0.9300546315789474,0.0069733379144737255,1.0058624561403506,0.006252167325391747,3
8,8.125,0.0,0.0,0.8534009473684211,0.007915856596859783,1.0033837368421052,0.006370003647202547,3
8,8.375,0.0,0.0,0.8126167192982456,0.00784980995192358,1.0039068070175439,0.006196671873745196,3
8,8.625,0.0,0.0,0.7948904561403509,0.009323009609846365,1.006589298245614,0.006186295275532192,3
8,8.875,0.0,0.0,0.7917930877192983,0.008969774212464502,1.0107949649122807,0.006097985639937241,3
8,9.125,0.0,0.0,0.7969561228070177,0.009259708850847403,1.0160537543859651,0.0058263171754437005,3
8,9.375,0.0,0.0,0.8081070175438597,0.00941998397009896,1.0224226315789473,0.0057971549681579,3
8,9.625,0.0002761768245614035,0.00025833978501855944,0.8202976140350877,0.008833196162631212,1.029287894736842,0.005729503047457381,3
8,9.875,0.0016616820526315788,0.0004956172413595025,0.8321707368421052,0.009135146055999738,1.0367521052631579,0.005959113569458451,3
8,10.125,0.025349680175438597,0.002143693224882056,0.843806245614035,0.009386391262033443,1.0446331578947368,0.00577369347022227,3
8,10.375,0.118492650877193,0.00790555805809813,0.855737,0.008934789165666108,1.052938070175439,0.005866291869795681,3
8,10.625,0.4089544736842105,0.009981208325458187,0.8655349298245615,0.008661792057530123,1.061742631578947,0.0058783774873390725,3
8,10.875,0.9450525263157895,0.018819294524375703,0.8748525438596492,0.0068675703569884,1.0696694736842105,0.005707955877148679,3
8,11.125,1.6394,0.02683123484049097,0.883114350877193,0.0068856018179833224,1.074965263157895,0.0058524606815892185,3
8,11.375,2.265719473684211,0.03584064763504347,0.8904857017543858,0.006444391824786908,1.075126842105263,0.0058041046226712245,3
8,11.625,2.5351215789473684,0.031144611734196827,0.8980546491228072,0.006617533397184322,1.068937192982456,0.005708665042831879,3
8,11.875,2.4680236842105265,0.054138976110162156,0.9052159649122807,0.00631232407477573,1.0573998245614034,0.005770685532173418,3
8,12.125,2.210907719298245,0.0560442937087258,0.9120645789473686,0.006030176754896088,1.0430328070175439,0.005430445300799322,3
8,12.375,1.9460019298245612,0.05111506979524114,0.9197827894736842,0.005899627251633585,1.0281331578947368,0.005271826037452331,3
8,12.625,1.7288075438596493,0.023634680983967246,0.9264040175438598,0.005458612286204708,1.014225,0.005187067406786699,3
8,12.875,1.5467612280701755,0.01540785222900535,0.9343197719298245,0.0047210050108755725,1.0027464561403507,0.004835874222182285,3
8,13.125,1.388836666666667,0.019610020203907473,0.9421618245614035,0.0043353686264394975,0.9934858947368421,0.004709964188943058,3
8,13.375,1.2755029824561401,0.022484403188992006,0.9492714736842105,0.005255344921484028,0.9869025438596492,0.004595989498329956,3
8,13.625,1.1707824385964913,0.023939884265260135,0.9577730000000001,0.005379468875223882,0.9826221929824562,0.004538336705074834,3
8,13.875,1.106311561403509,0.008913380275310015,0.9665150701754386,0.004731708714402849,0.9799612982456142,0.004376163837037335,3
8,14.125,1.0730332105263156,0.016724672364915236,0.9744917368421051,0.005575656934492502,0.9789951578947368,0.00455812208095539,3
8,14.375,1.022944807017544,0.006354855761499297,0.9840803157894736,0.005368089222114695,0.9790875087719298,0.004382950991403314,3
8,14.625,0.980292701754386,0.009859009899582218,0.9934607894736841,0.005615181785467157,0.9798824736842106,0.004365134398364956,3
8,14.875,0.9612679298245613,0.01563968779442777,1.0031537543859648,0.005437868370274655,0.9814718245614035,0.004385823675831204,3
8,15.125,0.9378354035087719,0.022354775030732674,1.0131362807017545,0.004968655022429985,0.9831293333333333,0.004399128852805745,3
8,15.375,0.9293665438596492,0.017925577241914216,1.0238103333333333,0.004955776100075508,0.9851151578947369,0.0043914847418871335,3
8,15.625,0.899231649122807,0.003814927444391457,1.0344361403508773,0.004795772459909562,0.9872543333333331,0.0044535319471111405,3
8,15.875,0.9005127192982455,0.012159102923665044,1.0458838596491227,0.005272395618270516,0.9893492105263159,0.00441655238020048,3
8,16.125,0.8994607719298245,0.006329262469353754,1.056788596491228,0.005521145657292253,0.9912138771929824,0.004456508429265793,3
8,16.375,0.8998456140350877,0.00640339928197667,1.0669882456140352,0.0061487164517732805,0.9929463684210525,0.004557722881367658,3
8,16.625,0.8977331929824562,0.008703648641021655,1.074548947368421,0.006181648935694666,0.9945228245614035,0.004557753727070595,3
8,16.875,0.9098404385964912,0.0016821070363894786,1.079149649122807,0.0059276042401897764,0.9957791578947366,0.004559902295206314,3
8,17.125,0.9151425789473685,0.008713440798578026,1.0788656140350878,0.005919021348779054,0.9968936140350877,0.004704427173534179,3
8,17.375,0.9099766315789474,0.0070368979174785466,1.0734312280701754,0.005694189686289017,0.9978042456140349,0.004538882238680284,3
8,17.625,0.9188232456140351,0.006115990408622404,1.064858596491228,0.0054271639259811585,0.9984096315789474,0.004586310755425936,3
8,17.875,0.9257489298245614,0.010673893052589669,1.0538615789473684,0.005269334130526425,0.999035,0.004643252237663465,3
8,18.125,0.9560665614035088,0.018968448680799117,1.0416982456140351,0.0048465535313929504,0.999618947368421,0.00453454580731862,3
8,18.375,0.9514197719298245,0.01835206918700872,1.0295608771929823,0.005046716280306558,1.0003067543859647,0.004540309431397968,3
8,18.625,0.966354894736842,0.005338976882286138,1.0181480350877194,0.004759134204595101,1.0009840175438596,0.0046171224209774,3
8,18.875,0.9723800526315789,0.0028852466870374445,1.0081998070175437,0.004463838479500329,1.0019231228070176,0.004470384558233374,3
8,19.125,0.9737723157894737,0.017964107739985677,0.9997645789473685,0.004844097841160732,1.002791105263158,0.00454489157956398,3
8,19.375,0.9848729298245615,0.004652857054219998,0.9930341403508772,0.00525991741687821,1.0037193157894737,0.004468258961993188,3
8,19.625,0.981648649122807,0.014310719665001343,0.987746350877193,0.005500441812412237,1.0047610526315789,0.004529013527351517,3
8,19.875,0.98069749122807,0.011352019149666352,0.9830071052631579,0.004921906168778085,1.005685140350877,0.0043721597014413855,3
8,20.125,1.0060902631578947,0.0076710761629442585,0.9789904385964913,0.004832528319434884,1.006281859649123,0.004190590854382341,3
8,20.375,1.0060956842105262,0.005973933213606177,0.9763874035087721,0.004707159303434621,1.0070625263157893,0.00420700607734425,3
8,20.625,1.0209331228070173,0.006317129465208893,0.9739795614035088,0.00439508449855765,1.0076581228070176,0.004015208476131993,3
8,20.875,1.0253706842105264,0.009885078244052648,0.9726112456140349,0.0046197121504849975,1.008154245614035,0.004003662723180608,3
8,21.125,1.0306670350877194,0.01437181457781719,0.9713057543859649,0.00447602346195946,1.0084949824561402,0.004202661475320957,3
8,21.375,1.0509468070175438,0.007105804025201239,0.9700239649122807,0.003940075811039334,1.0087841052631579,0.004176240205818378,3
8,21.625,1.0498001754385966,0.013717418003407405,0.9690808947368422,0.004184573132473177,1.008832456140351,0.004345485177529913,3
8,21.875,1.0515522105263158,0.014305227624047448,0.9689014385964914,0.004429452963465734,1.0088555087719298,0.004462741332209898,3
8,22.125,1.047877947368421,0.005094295284439346,0.9686528245614037,0.004312175524604894,1.008766666666667,0.004459172963109556,3
8,22.375,1.0522583157894736,0.01335642009798243,0.9694194736842104,0.004664722112801349,1.0083781228070174,0.004516479785362069,3
8,22.625,1.0534956140350877,0.023486640388001395,0.9710788245614034,0.005075934603449052,1.0079984210526316,0.00466382488774662,3
8,22.875,1.0429911578947366,0.021879337987008928,0.9737619649122807,0.0053361505902265426,1.007537807017544,0.004565062908838146,3
8,23.125,1.0393410526315787,0.016664250115648458,0.9784421754385967,0.0056892210100720824,1.0071413157894737,0.004670536947862308,3
8,23.375,1.035565052631579,0.014459034585956857,0.9850098771929825,0.00573468812779322,1.0068228421052632,0.0046237160004499196,3
8,23.625,1.0233723333333333,0.01096254982558183,0.9947397017543858,0.005893570002517726,1.0067460175438596,0.004554601849355844,3
8,23.875,1.0204971578947368,0.013159181181393115,1.006728350877193,0.005929935312419526,1.006809456140351,0.004517583616176535,3
8,24.125,1.0060550350877193,0.021692393629567853,1.0206592982456142,0.006116119511783901,1.0071167894736843,0.004550508503440938,3
8,24.375,0.9809250350877193,0.009164489821709311,1.0332608771929823,0.005964601586335777,1.0074818596491228,0.004405153913490359,3
8,24.625,0.9732248596491228,0.012663089478190425,1.040557894736842,0.005656559760907388,1.0075103157894736,0.004315385099369752,3
8,24.875,0.9726254912280704,0.013321768648111925,1.041495087719298,0.005517809499086263,1.00739,0.004206933417943593,3
8,0.125,0.0,0.0,0.0,0.0,0.0,0.0,3
8,0.375,0.0,0.0,0.0,0.0,0.0,0.0,3
8,0.625,0.0,0.0,0.0,0.0,0.0,0.0,3
8,0.875,0.0,0.0,0.0,0.0,0.08542153508771932,0.0007796435553711805,3
8,1.125,0.0,0.0,0.0,0.0,2.4841638596491227,0.0062609517171951685,3
8,1.375,0.0,0.0,0.0,0.0,4.103214035087719,0.004429498706097688,3
8,1.625,0.0,0.0,0.0,0.0,5.2964950877192996,0.0003793383298358044,3
8,1.875,0.0,0.0,0.0,0.0,2.446196842105263,0.0019568216263098417,3
8,2.125,0.0,0.0,0.0,0.0,1.0536614035087721,0.0022380951839283533,3
8,2.375,0.0,0.0,0.0,0.0,0.9218681403508774,0.0034130155074071303,3
8,2.625,0.0,0.0,0.0,0.0,0.6344546140350876,0.003216712736311292,3
8,2.875,0.0,0.0,0.0,0.0,0.512585649122807,0.0036768554277068046,3
8,3.125,0.0,0.0,0.0,0.0,0.6105395087719298,0.004434264189863912,3
8,3.375,0.0,0.0,0.0,0.0,0.7021505263157896,0.005319670091791728,3
8,3.625,0.0,0.0,0.0,0.0,0.7809861228070175,0.005913635783019381,3
8,3.875,0.0,0.0,0.0,0.0,0.8437319473684209,0.006515366561821526,3
8,4.125,0.0,0.0,0.0,0.0,0.8919200701754386,0.006855837923217374,3
8,4.375,0.0,0.0,0.0,0.0,0.9265325614035088,0.007086802040307829,3
8,4.625,0.0,0.0,1.2234561403508772e-06,6.920913066611405e-07,0.9485195614035088,0.006671214487442223,3
8,4.875,0.0,0.0,0.00427205350877193,0.0001455385917491814,0.9610640877192983,0.006515889497479802,3
8,5.125,0.0,0.0,0.23797850877192983,0.0005420914873625462,0.981605807017544,0.006533986060304839,3
8,5.375,0.0,0.0,1.5949836842105263,0.0033520776484746895,1.0701261403508775,0.0059277130622488365,3
8,5.625,0.0,0.0,3.4958763157894737,0.0076117415860166085,1.1905752631578947,0.0060917139277894185,3
8,5.875,0.0,0.0,4.296557192982456,0.01094610903968406,1.2384242105263157,0.006274957497657983,3
8,6.125,0.0,0.0,3.9530807017543865,0.008894433113607304,1.211580701754386,0.0059047309753839676,3
8,6.375,0.0,0.0,3.1940698245614034,0.008613882633445596,1.1577036842105264,0.005880041661022832,3
8,6.625,0.0,0.0,2.4932980701754386,0.007166805216723705,1.1086984210526314,0.005880370761735633,3
8,6.875,0.0,0.0,1.9410526315789474,0.006604363383183409,1.0702750877192981,0.00589263891761225,3
8,7.125,0.0,0.0,1.537143859649123,0.005861739132469686,1.0427001754385965,0.0059526984396531405,3
8,7.375,0.0,0.0,1.2526978947368421,0.005915852078709644,1.0243233333333335,0.005772561011720973,3
8,7.625,0.0,0.0,1.0583078947368423,0.006379965569250295,1.012436298245614,0.005893150212588538,3
8,7.875,0.0,0.0,0.9301986315789472,0.007517332239319064,1.00576749122807,0.0059118559917732605,3
8,8.125,0.0,0.0,0.8525968070175439,0.008233637729970178,1.0032901578947369,0.0056803499711737095,3
8,8.375,0.0,0.0,0.8102085087719297,0.007593171985790023,1.0038625614035088,0.005722694986802377,3
8,8.625,0.0,0.0,0.7931561578947369,0.008979682794998901,1.0067191403508773,0.00581591041397362,3
8,8.875,0.0,0.0,0.7897834912280702,0.00945356217524217,1.0110062456140352,0.005679826230115498,3
8,9.125,0.0,0.0,0.7947835614035087,0.009319794661794386,1.0164877192982453,0.005599834850211961,3
8,9.375,0.0,0.0,0.804286456140351,0.009066921508048751,1.0224787719298245,0.0054898950458685,3
8,9.625,9.205894736842106e-05,8.611326010992155e-05,0.8161306140350876,0.010050983141259264,1.029539298245614,0.00558253050001757,3
8,9.875,0.0033077459649122807,0.0005935737420121787,0.8292671929824561,0.009730737638083884,1.0370329824561402,0.0052880334660273705,3
8,10.125,0.02006404649122807,0.0024661796475367952,0.8410127017543859,0.009690277422694354,1.044646140350877,0.005250291225855343,3
8,10.375,0.1138378140350877,0.00723242330616016,0.8527165614035086,0.008551302398235192,1.053027894736842,0.005029823319197732,3
8,10.625,0.39977014035087716,0.02539400156686054,0.8633919649122808,0.008380773199788012,1.0619075438596488,0.005217043528907579,3
8,10.875,0.9287833508771931,0.013714832152594371,0.8728577017543859,0.006542134967728838,1.070127192982456,0.005185490630687548,3
8,11.125,1.6579292982456142,0.01693964477118213,0.8824713684210526,0.006419147943993017,1.0756505263157896,0.005023213500229024,3
8,11.375,2.265006315789474,0.024775401149602708,0.8905763684210525,0.005652315681329583,1.0757912280701756,0.005060367986745786,3
8,11.625,2.5267305263157898,0.03833977454173893,0.8982870175438596,0.004577200638875245,1.069669649122807,0.004903712132116899,3
8,11.875,2.4765835087719297,0.0060501178202294085,0.9050892982456139,0.005213553067788119,1.058141052631579,0.004832092183114166,3
8,12.125,2.2135912280701757,0.00866004160801243,0.912073105263158,0.004897089329604337,1.0436891228070175,0.004731096951297127,3
8,12.375,1.965094210526316,0.03682109337915141,0.9189128771929825,0.0048895650474596,1.0285801754385966,0.004567074935750378,3
8,12.625,1.7303610526315787,0.026041389163877122,0.925516350877193,0.004893956632844274,1.0145963684210528,0.004552935147165158,3
8,12.875,1.5350324561403508,0.028181564504137984,0.9328507719298246,0.004866832990555351,1.0027601052631578,0.004481140538765009,3
8,13.125,1.3924061403508776,0.04286763902301852,0.9405232456140352,0.005192883978973929,0.9934328245614035,0.00464376197857243,3
8,13.375,1.2697322807017546,0.038765529019161256,0.948372052631579,0.005589996290366866,0.9865465263157894,0.004707187550859374,3
8,13.625,1.1718895789473684,0.0434303330946142,0.9569158771929825,0.0045991314910024126,0.9820001754385964,0.004780901567818512,3
8,13.875,1.1116862456140353,0.03888946805460751,0.9657818245614035,0.004520408206085539,0.9795946842105261,0.004831532168867297,3
8,14.125,1.0454985789473685,0.028570715847826587,0.9745967368421052,0.0036664714150145363,0.9785656491228071,0.004853171760156334,3
8,14.375,1.0173083684210529,0.025171441644777675,0.9842236666666668,0.003877523936101393,0.978899894736842,0.004905068488532379,3
8,14.625,0.9866044912280704,0.023842499906200416,0.9938824210526317,0.0037635796159231675,0.9799783859649124,0.004807224622508643,3
8,14.875,0.9589711228070176,0.018802159207322335,1.003911701754386,0.00415388327950893,0.9815572280701753,0.004770397373323863,3
8,15.125,0.9539287719298247,0.01819953463076018,1.014544,0.004313769349420536,0.9834821578947368,0.0047467213506582565,3
8,15.375,0.9362165438596489,0.004726528947706282,1.0245657368421053,0.004030601510617928,0.9854543508771929,0.004659563619420035,3
8,15.625,0.9224449649122807,0.01760090037576333,1.035658245614035,0.00460405061397207,0.987497947368421,0.004738002781970333,3
8,15.875,0.9138415789473685,0.002948321065342195,1.0469347368421051,0.004747390068803657,0.9895823157894738,0.00480801780174553,3
8,16.125,0.9121548947368421,0.005648139974926368,1.0582501754385965,0.004875220900046877,0.9915089298245615,0.004828111642837496,3
8,16.375,0.9066956315789474,0.003966077061715267,1.068066842105263,0.0056632016400839725,0.9933641052631579,0.004930081309603257,3
8,16.625,0.8970808245614035,0.010005310818969104,1.0761680701754386,0.006167556827270261,0.9948988070175441,0.004902696472027338,3
8,16.875,0.9059171403508772,0.00875271199489746,1.0793105263157894,0.005370646821015779,0.9961314385964911,0.0047437765745217625,3
8,17.125,0.9070327894736843,0.019475396435442226,1.0781521052631582,0.005927838279395511,0.9972272280701754,0.004619819417897723,3
8,17.375,0.8995348947368423,0.017304883033719427,1.0733031578947367,0.0059899604371635015,0.9977707017543859,0.004650890872540449,3
8,17.625,0.9053445964912282,0.024725052793519952,1.063934210526316,0.005406798702266712,0.9983174912280702,0.004359373760021398,3
8,17.875,0.9143637368421054,0.011535458635434566,1.052701403508772,0.0056473114454595585,0.9987584385964912,0.004268984304527704,3
8,18.125,0.932125754385965,0.0077234958133971,1.0412457894736842,0.006853477889906799,0.999389140350877,0.004207135540244137,3
8,18.375,0.9496698245614036,0.004388129531318082,1.028861912280702,0.006908382841279535,1.0000803859649123,0.0042397827267832006,3
8,18.625,0.9574284385964913,0.0074930614973218275,1.0183465263157896,0.006812650057442557,1.0010394736842103,0.004204541052113633,3
8,18.875,0.9725284736842105,0.010533838268488294,1.0088041578947367,0.007156517766291386,1.0019322105263158,0.004225600033992329,3
8,19.125,0.9826375789473684,0.010711784171665876,1.0007064035087718,0.007296389831365462,1.0029469649122806,0.004294751593183611,3
8,19.375,0.9860232105263158,0.0035688823660310065,0.993765456140351,0.00763413124003579,1.0039448245614035,0.004244761265161553,3
8,19.625,0.9893571228070176,0.01241591603107617,0.9879902807017543,0.007340769851557889,1.0047378947368422,0.004216759329271405,3
8,19.875,0.9935040350877192,0.012736212627647488,0.9836067368421052,0.0067552695230253725,1.0055574035087718,0.004314844957906662,3
8,20.125,1.004226596491228,0.0105324720827642,0.979921298245614,0.006594480346775824,1.006282649122807,0.0043047346049533055,3
8,20.375,1.0009237368421051,0.008366816938609955,0.9771381754385963,0.0063151902765957715,1.0070134912280702,0.00430913325482264,3
8,20.625,1.018117052631579,0.007858000468260913,0.9746539122807018,0.006034227081687865,1.0075619649122807,0.004383071373316729,3
8,20.875,1.0278556491228068,0.009982019301421325,0.9728802631578947,0.005054915545187168,1.0080643333333332,0.0042941396197097095,3
8,21.125,1.0293126842105262,0.009296286509169837,0.9709692280701754,0.0050092805845513,1.008395456140351,0.0044077912520627755,3
8,21.375,1.0387926666666667,0.015471581421587938,0.9692669122807018,0.004691331529583901,1.0084316140350877,0.004418099824343423,3
8,21.625,1.0471212807017543,0.012115947883819188,0.967968052631579,0.0046221558789735035,1.008398894736842,0.004377652135746677,3
8,21.875,1.0594868771929824,0.008066016460025114,0.9669602105263158,0.00432605529842838,1.0082610877192983,0.004322085062747685,3
8,22.125,1.0584565614035089,0.013003896673212927,0.9667241754385966,0.0038688816046012595,1.0079765087719297,0.004256719994373172,3
8,22.375,1.0614749649122805,0.01086520644837902,0.9671383157894736,0.003832889229644233,1.0076869824561403,0.004305456261343812,3
8,22.625,1.0576002105263158,0.005337921805208692,0.9683854912280703,0.0040416287617378996,1.0071561578947368,0.004281710690130786,3
8,22.875,1.0466535087719298,0.01154807389729807,0.9714062105263156,0.004052323782569807,1.0067662807017543,0.0043520620621349685,3
8,23.125,1.039685596491228,0.0216130553278025,0.976002947368421,0.004116861197343142,1.0064368596491227,0.004251565934168611,3
8,23.375,1.0262500175438596,0.021235234387820903,0.9826867894736843,0.004212371934974263,1.0061476666666667,0.004302652907148908,3
8,23.625,1.0265090877192982,0.021326936428783246,0.9920123333333333,0.00417032365190631,1.0060458596491226,0.00428403767191574,3
8,23.875,1.0143136140350877,0.020188523239264757,1.0047050175438599,0.004129386086815512,1.0062342982456143,0.004270800787147135,3
8,24.125,0.9930682456140351,0.006759586592113205,1.0197733333333332,0.0045172699150459895,1.0065793157894738,0.004207200332640078,3
8,24.375,0.9814776315789473,0.010159290950403837,1.032997543859649,0.004477044895257448,1.0069566666666667,0.004113774975280511,3
8,24.625,0.9792270701754386,0.016177826217036922,1.0405287719298244,0.004577312076076655,1.007117298245614,0.004117553850816455,3
8,24.875,0.9780155087719299,0.026589717503060623,1.0413394736842105,0.004500350083848153,1.0069089824561404,0.004096628958126525,3
8,0.125,0.0,0.0,0.0,0.0,0.0,0.0,3
8,0.375,0.0,0.0,0.0,0.0,0.0,0.0,3
8,0.625,0.0,0.0,0.0,0.0,0.0,0.0,3
8,0.875,0.0,0.0,0.0,0.0,0.08649636491228069,0.0006960981912636893,3
8,1.125,0.0,0.0,0.0,0.0,2.494538245614035,0.0009308880710379192,3
8,1.375,0.0,0.0,0.0,0.0,4.107123157894738,0.001954313268357252,3
8,1.625,0.0,0.0,0.0,0.0,5.2951887719298245,6.691918933193476e-05,3
8,1.875,0.0,0.0,0.0,0.0,2.4436942105263157,0.0006920259443574595,3
8,2.125,0.0,0.0,0.0,0.0,1.0545442105263156,0.0007199508806472519,3
8,2.375,0.0,0.0,0.0,0.0,0.921669350877193,0.0009012495853092163,3
8,2.625,0.0,0.0,0.0,0.0,0.6339632280701756,0.0010481610104594798,3
8,2.875,0.0,0.0,0.0,0.0,0.5125474912280702,0.0012802086635475282,3
8,3.125,0.0,0.0,0.0,0.0,0.6112867543859649,0.001845198198601081,3
8,3.375,0.0,0.0,0.0,0.0,0.7035168947368421,0.0022385215948808245,3
8,3.625,0.0,0.0,0.0,0.0,0.7819909473684211,0.002989152271762965,3
8,3.875,0.0,0.0,0.0,0.0,0.8458294035087719,0.0030250073944594973,3
8,4.125,0.0,0.0,0.0,0.0,0.8942006842105262,0.0027616378445567647,3
8,4.375,0.0,0.0,0.0,0.0,0.9278461052631579,0.002898258544213139,3
8,4.625,0.0,0.0,1.7128350877192983e-06,3.460444127990284e-07,0.9497978070175437,0.0027263417360864632,3
8,4.875,0.0,0.0,0.004331299122807017,3.037074329146917e-05,0.962518701754386,0.0030515973596913393,3
8,5.125,0.0,0.0,0.2394631754385965,0.0004294475919433214,0.9828462807017543,0.0030172204734916597,3
8,5.375,0.0,0.0,1.5982708771929823,0.00355603650563737,1.0710714035087718,0.003322459243735884,3
8,5.625,0.0,0.0,3.498328947368421,0.007001559620478506,1.1913280701754385,0.0036037969699747453,3
8,5.875,0.0,0.0,4.296452280701755,0.007902808146993784,1.2391410526315791,0.003300757153129283,3
8,6.125,0.0,0.0,3.9537873684210525,0.01017049532982212,1.2125626315789473,0.0036689054526770604,3
8,6.375,0.0,0.0,3.191067719298246,0.008456309749340675,1.1586443859649123,0.0038134778317545945,3
8,6.625,0.0,0.0,2.492622280701754,0.006792637972452881,1.1097284210526315,0.0036428526005388385,3
8,6.875,0.0,0.0,1.938826315789474,0.006595229325921634,1.071332631578947,0.003642877618136503,3
8,7.125,0.0,0.0,1.5359398245614038,0.006601136606198213,1.0433798245614037,0.0035896256163076975,3
8,7.375,0.0,0.0,1.2523780701754386,0.0043179494879924465,1.0243942105263157,0.003523092871256995,3
8,7.625,0.0,0.0,1.0571847368421052,0.0029223338110227546,1.0125258070175438,0.003577859405412548,3
8,7.875,0.0,0.0,0.9301794210526317,0.0030403887790836663,1.0059947192982455,0.0032706161581834074,3
8,8.125,0.0,0.0,0.8525406842105263,0.001956622442206967,1.0033881578947368,0.0032938119244328916,3
8,8.375,0.0,0.0,0.810357245614035,0.0012345102560027607,1.0044190175438596,0.0034568367441603306,3
8,8.625,0.0,0.0,0.7920047543859648,0.002225267444407175,1.0071694912280702,0.0034319650456383576,3
8,8.875,0.0,0.0,0.7899399298245614,0.0023268558590899308,1.0114643684210527,0.003719967439714951,3
8,9.125,0.0,0.0,0.795250947368421,0.0027504331978114617,1.0171922807017542,0.003804847210610407,3
8,9.375,0.0,0.0,0.8054447368421053,0.0040481759596372804,1.0232771929824562,0.0037920555613173697,3
8,9.625,2.6302631578947368e-05,3.7197538305050224e-05,0.8177044736842105,0.004490103985700143,1.0301528070175439,0.0038997076939805784,3
8,9.875,0.002811116315789474,0.0005569422572159175,0.8305035263157894,0.005024194440926946,1.0374575438596492,0.004249783772313431,3
8,10.125,0.02567650824561403,0.002092015222804523,0.8432492280701757,0.005877832929966678,1.0452424561403508,0.004131285861396774,3
8,10.375,0.1264383298245614,0.0026487539098988887,0.8554464035087719,0.005525617555611665,1.0536194736842104,0.004294006731885798,3
8,10.625,0.4098097543859649,0.002919568048324357,0.8658372105263158,0.005800100637201191,1.062304561403509,0.004285703010288721,3
8,10.875,0.9531162807017545,0.024871863947930863,0.8747311052631579,0.005956060710058394,1.070295087719298,0.00434845184947793,3
8,11.125,1.667167543859649,0.007583260302226725,0.8835047719298245,0.005865516974825493,1.0756207017543862,0.004219671654337757,3
8,11.375,2.246859298245614,0.03721118099707804,0.8908132280701754,0.005498189206542225,1.0756084210526315,0.004144525630931381,3
8,11.625,2.5301622807017545,0.008696642078472809,0.8987135964912282,0.0056655184270909785,1.0694050877192982,0.004165207700248727,3
8,11.875,2.4436978947368417,0.01950272779178361,0.9057120877192982,0.005250940032859413,1.057743157894737,0.003878968102017761,3
8,12.125,2.2279422807017544,0.015857483206784102,0.9121593684210526,0.004821899213764416,1.0431294736842105,0.0038672918509452996,3
8,12.375,1.958049298245614,0.022399956801227087,0.9194987719298244,0.005266162488753781,1.0279891228070177,0.0037880640246825796,3
8,12.625,1.699330701754386,0.026488527234228773,0.9271694912280702,0.005763918328159315,1.0142302807017545,0.003934686904523133,3
8,12.875,1.518149649122807,0.02845780635982292,0.9348420175438595,0.005323333945573143,1.0025694912280703,0.003906967469960213,3
8,13.125,1.3861703508771932,0.025206892798747486,0.9423626842105263,0.006100915166958345,0.9932369649122808,0.0038979128350545202,3
8,13.375,1.2702862631578948,0.022273759005736145,0.9504336140350879,0.0064910975814764975,0.9864951754385965,0.004081258627659059,3
8,13.625,1.1802378070175437,0.016850420658765453,0.9576341052631578,0.005672335198639558,0.9820157368421052,0.0041221389401972005,3
8,13.875,1.105382403508772,0.014685786832474847,0.9662206491228068,0.005848283918152247,0.9794620701754385,0.00410525772386808,3
8,14.125,1.0634807543859648,0.032779108914979364,0.9752599649122806,0.005947003554144481,0.978599298245614,0.00417488723891798,3
8,14.375,1.018245403508772,0.02139295645617932,0.9842333684210526,0.006192627489106362,0.9787839824561404,0.0043457208925942415,3
8,14.625,1.0085834210526314,0.010386420271460313,0.9938516315789473,0.005806866795732553,0.9799776140350879,0.004272462680265556,3
8,14.875,0.9729605614035086,0.01586446741671862,1.0037668771929826,0.006225318519343641,0.9814082456140353,0.004395355621808823,3
8,15.125,0.9587089122807017,0.006211874770250885,1.014092,0.00608334397504721,0.9832602982456141,0.0043696649157739876,3
8,15.375,0.9419980175438597,0.016696389215274776,1.0253637719298245,0.005888849920456171,0.9853553684210526,0.004381724365744555,3
8,15.625,0.9378456140350879,0.01258223912492285,1.035892807017544,0.005638248818417086,0.9873496140350877,0.004484832678678265,3
8,15.875,0.9262735614035088,0.01692774620828807,1.0467828070175438,0.005243605389057049,0.9893361754385964,0.0043654867677030175,3
8,16.125,0.9057432982456138,0.024315868995325743,1.0576984210526315,0.0051932247217077905,0.991263298245614,0.004564850689134922,3
8,16.375,0.9127817543859651,0.010337568865573634,1.0673591228070176,0.004913203597515881,0.993114649122807,0.0045109861605823805,3
8,16.625,0.9028189824561403,0.010090330571683985,1.0744922807017543,0.0048946041169202325,0.994688649122807,0.00447040678819669,3
8,16.875,0.8854632280701754,0.015784079333755387,1.0781077192982458,0.0050568169129871525,0.9960192105263158,0.004516606793904842,3
8,17.125,0.8948213333333332,0.012260977344748954,1.0772649122807019,0.006054195150190509,0.9971214561403509,0.004477938500667266,3
8,17.375,0.9001503859649121,0.005322176403160476,1.072523859649123,0.005694760617606551,0.9978331754385965,0.004359735143491193,3
8,17.625,0.9025384736842105,0.01590294215019092,1.063790701754386,0.005959386620189028,0.9984960526315789,0.0041385180730767026,3
8,17.875,0.9181300526315789,0.007905662571730634,1.0528714035087718,0.006044623387693217,0.9990625789473683,0.004091172141367913,3
8,18.125,0.9400748596491227,0.008682768293247555,1.0410336842105263,0.006435532695208614,0.999721807017544,0.0038859015361352354,3
8,18.375,0.949789596491228,0.006107243759852732,1.0289666666666666,0.006673785838693387,1.0004732631578945,0.00389968396782847,3
8,18.625,0.9698908947368422,0.015407342376064136,1.018029701754386,0.006795021639747813,1.0013575964912278,0.0038788764363847797,3
8,18.875,0.9725831228070175,0.01481438885781438,1.0080568596491226,0.006817042682366721,1.0020784210526315,0.0038418105159714008,3
8,19.125,0.9696231578947369,0.009001796516397164,0.9996140877192983,0.006749292289746619,1.0030145789473686,0.00382871861015578,3
8,19.375,0.9827257017543861,0.0084808158974746,0.992678807017544,0.00654338248733019,1.0038237719298244,0.0038645117493201395,3
8,19.625,0.9778625087719298,0.005601070431649873,0.9868547017543859,0.006416468592258897,1.0046554210526315,0.004036477663048082,3
8,19.875,0.9868624736842105,0.010636546408817397,0.982403298245614,0.006058038201745091,1.0055046666666667,0.004050715748190356,3
8,20.125,0.9971211403508771,0.011663876296224092,0.9786514912280703,0.005945350607293478,1.0062211754385963,0.004171878864944805,3
8,20.375,0.9975882807017546,0.006740434227271569,0.975652807017544,0.004949935151711976,1.0067960350877192,0.00417040372512456,3
8,20.625,1.016674438596491,0.009499298283588012,0.9730514736842105,0.0048495449922213475,1.0074011403508771,0.00413746894593151,3
8,20.875,1.0096909649122807,0.007011133428394672,0.9714594210526317,0.004450791480548597,1.0078610877192984,0.004130463642364307,3
8,21.125,1.0186753333333334,0.014461023588935992,0.9699637719298245,0.004348066505553789,1.008179438596491,0.004138433903010996,3
8,21.375,1.0328644210526317,0.01399979147312043,0.9685526666666667,0.004734577193866183,1.0083532280701755,0.004089769886388096,3
8,21.625,1.0403749824561406,0.013827705446184195,0.9676769824561403,0.005034964511054509,1.0084585789473683,0.00407089866978848,3
8,21.875,1.0538448771929827,0.017655100359453314,0.9668718070175438,0.005179718794588563,1.0083333859649122,0.003920306408760174,3
8,22.125,1.0626017368421052,0.013429436185361366,0.9673033157894736,0.005184095821511434,1.0081085087719297,0.003951704458823414,3
8,22.375,1.0655082631578947,0.0056585968045850515,0.9679769473684209,0.005027441552812211,1.0077791754385963,0.003901362140213577,3
8,22.625,1.067055245614035,0.012320233911386159,0.9692678245614035,0.0045938470837892905,1.0072868771929826,0.003903980382628144,3
8,22.875,1.0617722807017544,0.010212488333950212,0.9726348245614035,0.004865795041476555,1.0069630350877192,0.0038143656064119806,3
8,23.125,1.0514420526315789,0.0055150001546190285,0.9775857543859651,0.004971829887381083,1.0065988771929826,0.0037589407992526247,3
8,23.375,1.0339680877192985,0.009558329462670602,0.9843997192982455,0.004320256611152907,1.0063984736842106,0.0036856763467459966,3
8,23.625,1.0241685087719299,0.010132631165441363,0.9939284035087718,0.004428243417455097,1.006363140350877,0.0036597903230064757,3
8,23.875,1.0054964736842105,0.014215394054660432,1.0059020877192981,0.0040588446086790705,1.0065459122807017,0.0035829291292995315,3
8,24.125,0.9985120350877192,0.007887861578249607,1.020090701754386,0.003952798892278102,1.0068696842105263,0.0036032498491682372,3
8,24.375,0.9852933157894737,0.010066581995907542,1.0330028070175439,0.004001337872599535,1.007321947368421,0.0036866574077483154,3
8,24.625,0.9736041578947369,0.018197583080567035,1.0397740350877194,0.004076485557796614,1.0073288421052633,0.0037706087418872126,3
8,24.875,0.9652108245614036,0.014177030358715237,1.0408103508771933,0.004224959742541978,1.0071294210526316,0.0037999995001699203,3
8,0.125,0.0,0.0,0.0,0.0,0.0,0.0,3
8,0.375,0.0,0.0,0.0,0.0,0.0,0.0,3
8,0.625,0.0,0.0,0.0,0.0,0.0,0.0,3
8,0.875,0.0,0.0,0.0,0.0,0.08614161403508773,0.0004633334665696684,3
8,1.125,0.0,0.0,0.0,0.0,2.4946498245614035,0.008885983571446257,3
8,1.375,0.0,0.0,0.0,0.0,4.107123508771929,0.004606669586410816,3
8,1.625,0.0,0.0,0.0,0.0,5.294941403508773,0.0035825961104677066,3
8,1.875,0.0,0.0,0.0,0.0,2.4439745614035084,0.0020135545456429647,3
8,2.125,0.0,0.0,0.0,0.0,1.0532085964912283,0.0009597684906037628,3
8,2.375,0.0,0.0,0.0,0.0,0.9194313157894737,0.002270597403908631,3
8,2.625,0.0,0.0,0.0,0.0,0.6314365438596491,0.002158637149281761,3
8,2.875,0.0,0.0,0.0,0.0,0.5097019649122806,0.0021229959428761846,3
8,3.125,0.0,0.0,0.0,0.0,0.6078811403508771,0.002203874409405974,3
8,3.375,0.0,0.0,0.0,0.0,0.6993216842105263,0.002669722940311123,3
8,3.625,0.0,0.0,0.0,0.0,0.7778898596491227,0.0031134675040934414,3
8,3.875,0.0,0.0,0.0,0.0,0.841456649122807,0.003555186546458257,3
8,4.125,0.0,0.0,0.0,0.0,0.8899806140350878,0.003758608798032258,3
8,4.375,0.0,0.0,0.0,0.0,0.924734894736842,0.00363845004467671,3
8,4.625,0.0,0.0,1.9575263157894734e-06,9.155483965910603e-07,0.9468798245614035,0.0043354128002248615,3
8,4.875,0.0,0.0,0.004305311052631579,2.1760445504407506e-05,0.9593474912280703,0.0040861391689581755,3
8,5.125,0.0,0.0,0.23884940350877196,0.0007017684261753255,0.9798930877192982,0.004347991092218493,3
8,5.375,0.0,0.0,1.5943968421052634,0.0030068743338331552,1.0678440350877194,0.004253687235079143,3
8,5.625,0.0,0.0,3.4854075438596492,0.012180323705254336,1.1879349122807017,0.004513860388952738,3
8,5.875,0.0,0.0,4.283643157894737,0.017012351273261693,1.236289649122807,0.004809258352095241,3
8,6.125,0.0,0.0,3.938710350877193,0.01526801762521044,1.2088989473684213,0.004803988263074968,3
8,6.375,0.0,0.0,3.1819445614035087,0.010222781976792175,1.1550866666666668,0.00444473440805415,3
8,6.625,0.0,0.0,2.485824035087719,0.0072694543815356935,1.106627192982456,0.0040972173592888055,3
8,6.875,0.0,0.0,1.9342978947368425,0.008874024384231129,1.0685243859649123,0.00414786748563197,3
8,7.125,0.0,0.0,1.5314073684210525,0.007939600328119092,1.0406763157894736,0.004372988248721095,3
8,7.375,0.0,0.0,1.2485624561403508,0.00662277698145839,1.0221521754385965,0.004236047842154399,3
8,7.625,0.0,0.0,1.0548075438596491,0.007656267257378306,1.0104881754385964,0.004367494880963567,3
8,7.875,0.0,0.0,0.9284721403508772,0.007833629134863993,1.0039744912280701,0.004476891968308564,3
8,8.125,0.0,0.0,0.8515072807017544,0.00807157305197654,1.0011586842105262,0.004323939007131741,3
8,8.375,0.0,0.0,0.8101443508771929,0.008317508463495504,1.0017653859649123,0.004364315435798138,3
8,8.625,0.0,0.0,0.7932258245614036,0.007498911108684045,1.004657350877193,0.004366501571597294,3
8,8.875,0.0,0.0,0.7900183157894736,0.007093342999241832,1.0089119999999998,0.004296298212695463,3
8,9.125,0.0,0.0,0.7953882105263158,0.0071833582969875395,1.014476052631579,0.004454235937372603,3
8,9.375,0.0,0.0,0.8065115614035089,0.005946349584108209,1.0208276315789473,0.004478782497429428,3
8,9.625,8.548333333333334e-05,6.097998186943444e-05,0.818226947368421,0.005948204917419421,1.0276608771929825,0.004520869312569916,3
8,9.875,0.0025643642105263155,0.0006170392796446402,0.8304379473684209,0.005405619200764539,1.0350057894736844,0.004601059193965111,3
8,10.125,0.026407409649122804,0.003596167915619461,0.8431199824561405,0.005217370875800215,1.0426928070175439,0.004561882181361687,3
8,10.375,0.12601960877192983,0.0036824658419395053,0.8545848771929826,0.004759425103269867,1.0510787719298247,0.004595873723085402,3
8,10.625,0.40206352631578945,0.013013069190338549,0.865143403508772,0.005181717711529872,1.0595598245614033,0.004769935012620407,3
8,10.875,0.9314179824561402,0.019680272389119603,0.8738241052631578,0.004703541121360791,1.0675491228070175,0.004726391089411711,3
8,11.125,1.6430917543859647,0.024308189707534716,0.8820302456140351,0.004505195482836052,1.0728964912280705,0.004723911402117643,3
8,11.375,2.2671807017543864,0.05580381160565936,0.8901537368421052,0.005239568562412616,1.0728214035087718,0.004726327361634171,3
8,11.625,2.5264599999999997,0.03979333816516115,0.8974960877192982,0.0056192712681542726,1.0667647368421054,0.004754350177893391,3
8,11.875,2.4505666666666666,0.028174582149269118,0.9044640877192983,0.005336965370100308,1.055499649122807,0.00459431151612193,3
8,12.125,2.2352229824561403,0.009315346013166827,0.9110468070175438,0.005563973553266338,1.0410966666666663,0.004464111995283326,3
8,12.375,1.9686766666666664,0.047650828889695705,0.9183699122807018,0.005116349581339587,1.026397192982456,0.004288252551042239,3
8,12.625,1.7276931578947368,0.03497887727474504,0.9258766140350879,0.005878774345148004,1.0126338596491227,0.004417919444131402,3
8,12.875,1.5312885964912282,0.014811908639672867,0.933249,0.006363827372092377,1.0009885263157894,0.004328427751889183,3
8,13.125,1.3855157894736843,0.009099357957320964,0.940778754385965,0.005668851795250472,0.9919005263157894,0.004228453705178891,3
8,13.375,1.2724047368421054,0.02601570845876135,0.9486026491228071,0.005980590765053718,0.9853677017543859,0.004258800955183249,3
8,13.625,1.179506807017544,0.005696471938112645,0.957290894736842,0.006013048386580264,0.9810701578947368,0.0041968662424116355,3
8,13.875,1.1175764912280701,0.013497635801488043,0.9655917192982457,0.005979658421601277,0.9787274035087719,0.004385509733012193,3
8,14.125,1.0502051754385964,0.01804763892888362,0.9743905087719299,0.005994302181049438,0.9780006666666669,0.0044804142509666835,3
8,14.375,1.024440894736842,0.01914797693722631,0.9833087192982456,0.00614699715117951,0.9780180350877193,0.004303360654219313,3
8,14.625,1.0014350175438596,0.018937689574687038,0.9924541754385965,0.005645517580053301,0.9789811228070174,0.0042002564238948804,3
8,14.875,0.9733279824561406,0.0052090214297374725,1.001583298245614,0.004648655900486871,0.9804913684210526,0.0042307903705740835,3
8,15.125,0.9543829122807018,0.010779107628874202,1.0115475789473685,0.0044581697547678165,0.9822653157894736,0.004246936602975814,3
8,15.375,0.9346314035087718,0.0060714990429465,1.0221819298245614,0.005160483584698968,0.9841918596491227,0.0041881966343172514,3
8,15.625,0.913294649122807,0.011464364712329717,1.033153859649123,0.005021606728287315,0.9861585263157896,0.00432440532880882,3
8,15.875,0.9111208771929825,0.01573174023854992,1.0439675438596492,0.005280352515117125,0.9881154035087719,0.004311083269361783,3
8,16.125,0.9054576315789474,0.026422336339367417,1.0552215789473685,0.005673212947911674,0.990017649122807,0.004426365891685804,3
8,16.375,0.8923370175438596,0.018463830631802205,1.0646142105263159,0.006340788521677596,0.9918041754385966,0.004470244398997296,3
8,16.625,0.885857192982456,0.01368714502505567,1.0719024561403507,0.006402811483304524,0.9934860877192982,0.004461821111113417,3
8,16.875,0.8917283333333333,0.014683613098350123,1.075844736842105,0.006356040699229882,0.9947076842105261,0.0043530653223710835,3
8,17.125,0.8886756666666668,0.004641662970203981,1.0759438596491229,0.006008828689705083,0.9958868421052632,0.004344909177195564,3
8,17.375,0.8984038421052629,0.00784034542493319,1.070602105263158,0.006251602180606195,0.9966624385964913,0.004275997591472457,3
8,17.625,0.9099591228070175,0.013682514441808312,1.0625228070175439,0.006243496255378024,0.9973666491228071,0.004088124014073836,3
8,17.875,0.9076054736842106,0.004623343424520117,1.0521589473684212,0.005910174068958664,0.9979739999999998,0.004088891780270864,3
8,18.125,0.9310524385964912,0.008496216438278926,1.040972807017544,0.0051310983550633205,0.9985611403508772,0.003997687772220309,3
8,18.375,0.9408900701754387,0.00884654824729173,1.0294326315789475,0.0052362891006615345,0.9992840526315789,0.0040110474577368885,3
8,18.625,0.9541777368421053,0.005028734951218147,1.0185392280701755,0.0044199618855674935,1.0001302105263157,0.003856317081737874,3
8,18.875,0.9751627719298246,0.013084142569888345,1.0085546140350876,0.00447748827086778,1.0009894035087719,0.0036813159391735463,3
8,19.125,0.9870911403508771,0.005968029437372383,1.0000584035087718,0.004249413692290316,1.0019661403508773,0.0037145318761302483,3
8,19.375,0.9908206140350876,0.006927016512084706,0.9928456666666667,0.004232117222099874,1.0029626140350876,0.00363599244761338,3
8,19.625,0.9883997719298246,0.005636995202653805,0.9866552631578945,0.00450813675961564,1.0038357543859648,0.0036229617968720727,3
8,19.875,0.9859439649122806,0.0014368613097704036,0.9818652280701755,0.004429577702553751,1.004591842105263,0.0037149512565324756,3
8,20.125,0.9916948421052632,0.006969456066533722,0.9783575438596491,0.004165541017811347,1.0053291929824562,0.003811374159901505,3
8,20.375,0.9915505789473684,0.010199055111033287,0.9753233684210527,0.004394517014356933,1.005943298245614,0.0038173683374415103,3
8,20.625,1.00588701754386,0.004919354978087236,0.9731224035087719,0.003761801242718747,1.0064711228070176,0.003733558598021849,3
8,20.875,1.0155593333333333,0.0057171516686922615,0.9711293157894736,0.0037364434200465994,1.0068578947368423,0.0037612289456906253,3
8,21.125,1.0289007368421055,0.01810313927755844,0.9697627719298246,0.00395435510472254,1.007196842105263,0.0038162042187186336,3
8,21.375,1.033990842105263,0.00940540241495595,0.9686114912280702,0.0037970512917469426,1.0074555438596489,0.0037520831754828147,3
8,21.625,1.0549844035087719,0.013373322041557546,0.9679463508771929,0.0039364726992306195,1.0076489473684211,0.0036832444638170746,3
8,21.875,1.0581048245614035,0.003047394278087188,0.9673150877192983,0.004239843716159466,1.00758350877193,0.0037366482055780446,3
8,22.125,1.0596294035087719,0.008248862820121107,0.967362,0.0045714236355212465,1.007321701754386,0.003685782019811863,3
8,22.375,1.0685591052631578,0.013803446096482845,0.967983456140351,0.004329643660811901,1.0070476140350877,0.0036382240095089832,3
8,22.625,1.0496143684210528,0.007827664367700559,0.969438403508772,0.004038044504552312,1.0066412807017542,0.003666222295661702,3
8,22.875,1.0458399298245613,0.014771322755621782,0.9722004561403509,0.0038816917755432182,1.0063198245614033,0.0036191613709864903,3
8,23.125,1.0510005789473684,0.011791437867472183,0.976639894736842,0.0035936998088027736,1.0059515087719297,0.0035649942134699385,3
8,23.375,1.0531296140350879,0.026457439353981035,0.983572403508772,0.0032953727575129005,1.0056916315789473,0.003522941938511582,3
8,23.625,1.0430414210526315,0.022433168322800155,0.9930634385964913,0.0037194802917215205,1.0057107368421054,0.0035129027851392093,3
8,23.875,1.0217137368421052,0.011694927219777752,1.004991245614035,0.0038681706543458086,1.0058827543859648,0.0035384892327767112,3
8,24.125,1.0014172105263157,0.006853132986749451,1.0195639122807016,0.00410349564206619,1.0061758596491228,0.0035104556097283806,3
8,24.375,0.991431298245614,0.012331579159746767,1.0328938596491228,0.004093126556896686,1.0066362105263158,0.0035201811598223358,3
8,24.625,0.9730461403508771,0.007535066549936582,1.040125789473684,0.004801613436899541,1.0066854385964912,0.003561629419591496,3
8,24.875,0.9640453157894737,0.0020270792277937016,1.040886842105263,0.004480037037341924,1.0064337719298246,0.003575878627176055,3
8,0.125,0.0,0.0,0.0,0.0,0.0,0.0,3
8,0.375,0.0,0.0,0.0,0.0,0.0,0.0,3
8,0.625,0.0,0.0,0.0,0.0,0.0,0.0,3
8,0.875,0.0,0.0,0.0,0.0,0.08550571403508772,0.00045938596558897844,3
8,1.125,0.0,0.0,0.0,0.0,2.4883314035087722,0.0039693216515740825,3
8,1.375,0.0,0.0,0.0,0.0,4.103201929824562,0.0024368005124462046,3
8,1.625,0.0,0.0,0.0,0.0,5.295917368421052,0.0010168116845545878,3
8,1.875,0.0,0.0,0.0,0.0,2.4455494736842103,0.0013828412278696681,3
8,2.125,0.0,0.0,0.0,0.0,1.0540285964912282,0.0012817010520981952,3
8,2.375,0.0,0.0,0.0,0.0,0.9221301578947368,0.0016496420703582257,3
8,2.625,0.0,0.0,0.0,0.0,0.6338530350877194,0.0022744685299812225,3
8,2.875,0.0,0.0,0.0,0.0,0.5115413859649123,0.002190963605042526,3
8,3.125,0.0,0.0,0.0,0.0,0.6093398245614036,0.0033343100696403144,3
8,3.375,0.0,0.0,0.0,0.0,0.7008202631578948,0.003114808169617802,3
8,3.625,0.0,0.0,0.0,0.0,0.7787203508771929,0.0031331995999043026,3
8,3.875,0.0,0.0,0.0,0.0,0.841628649122807,0.003105514313463,3
8,4.125,0.0,0.0,0.0,0.0,0.8895708596491229,0.002949910125032154,3
8,4.375,0.0,0.0,0.0,0.0,0.9233391228070175,0.0031566951716778297,3
8,4.625,0.0,0.0,4.893824561403508e-07,3.4604565333057024e-07,0.9453705087719299,0.002696086001465912,3
8,4.875,0.0,0.0,0.0044504503508771935,2.14188777090349e-05,0.9580579649122806,0.0026275815753380957,3
8,5.125,0.0,0.0,0.23894745614035084,0.0002369077894622864,0.9785724561403509,0.0026093235282067906,3
8,5.375,0.0,0.0,1.5944066666666667,0.0059507317664704296,1.0668371929824563,0.0027610185981988577,3
8,5.625,0.0,0.0,3.48591403508772,0.019445891577157037,1.1870256140350879,0.003693752088823861,3
8,5.875,0.0,0.0,4.279668596491228,0.026929910073583065,1.2348731578947367,0.004030914699527497,3
8,6.125,0.0,0.0,3.9465570175438596,0.021882307784312265,1.2086407017543859,0.003997811435745374,3
8,6.375,0.0,0.0,3.1891540350877197,0.013524767474585413,1.1550608771929827,0.003668965358530078,3
8,6.625,0.0,0.0,2.4900905263157895,0.012652810584891296,1.1062301754385964,0.0037064343826059996,3
8,6.875,0.0,0.0,1.936836315789474,0.007683791300748727,1.0682736842105263,0.003737050426612431,3
8,7.125,0.0,0.0,1.5340445614035085,0.004823603522134657,1.040697192982456,0.003760047403812252,3
8,7.375,0.0,0.0,1.2494894736842106,0.004378202450134933,1.022025087719298,0.003460035235206546,3
8,7.625,0.0,0.0,1.0565133333333334,0.003055013509099581,1.0103919298245616,0.003422233051501237,3
8,7.875,0.0,0.0,0.929163298245614,0.0035414016126335407,1.0036387192982454,0.003638496813586749,3
8,8.125,0.0,0.0,0.8507202631578948,0.004561905741109424,1.0008632280701752,0.0034263900486019,3
8,8.375,0.0,0.0,0.8090559298245612,0.0045595468034934266,1.001769,0.0036322978772236315,3
8,8.625,0.0,0.0,0.791502298245614,0.005019923595952714,1.0046995263157894,0.0035640842691703188,3
8,8.875,0.0,0.0,0.7885047719298245,0.0041539894096385725,1.0094650877192983,0.003437209073483283,3
8,9.125,0.0,0.0,0.7935600877192982,0.004371433910371656,1.015161543859649,0.003743522491600891,3
8,9.375,0.0,0.0,0.802585596491228,0.00479552936549794,1.0214580701754385,0.003846337163091067,3
8,9.625,4.274157894736842e-05,6.0445720624608774e-05,0.814040947368421,0.005316440429658253,1.0285945614035088,0.003969397486401178,3
8,9.875,0.0028048721754385963,0.0003757778962615964,0.8275239298245612,0.005520660509770818,1.0361287719298244,0.004466064105385414,3
8,10.125,0.024086949859649123,0.0036028529549902637,0.8393684912280701,0.005266721665269158,1.0437042105263157,0.004269703811404242,3
8,10.375,0.1207196210526316,0.0062328714224482475,0.8509497368421052,0.005791319447558875,1.0519163157894738,0.0043145703027654995,3
8,10.625,0.40122435087719305,0.0040082414065627,0.8621911754385966,0.005520797449546308,1.0606631578947365,0.00451979513994947,3
8,10.875,0.9282551228070176,0.01928217225937788,0.8713997368421053,0.006238959410091959,1.0687085964912282,0.004556754128448744,3
8,11.125,1.637002807017544,0.029976638701433068,0.8802319649122806,0.006440731850550666,1.0736173684210526,0.004514857733182361,3
8,11.375,2.23727350877193,0.05959840270085852,0.887779245614035,0.006144002340914085,1.073810701754386,0.004481730335717682,3
8,11.625,2.5236487719298246,0.05591270615166873,0.8951094561403509,0.006720840737202101,1.0674289473684209,0.004376376543765019,3
8,11.875,2.4662354385964913,0.061807596477561066,0.903319894736842,0.0067640183996226285,1.0561033333333334,0.00418959096488708,3
8,12.125,2.2122047368421054,0.05439820148532834,0.9106987543859649,0.005893654650087981,1.0419521052631577,0.004161443943769706,3
8,12.375,1.9530610526315788,0.02944277454721027,0.9179880350877193,0.006264099508214565,1.0268014035087718,0.003919524825001215,3
8,12.625,1.717622105263158,0.023834948122142343,0.9262553333333332,0.005981801605033586,1.0130234736842105,0.0037603639899653806,3
8,12.875,1.5388285964912278,0.015006646605804296,0.9333875087719298,0.006331691686492969,1.0014864210526315,0.0038431406610155506,3
8,13.125,1.3932035087719299,0.01691672653401507,0.941389,0.004932814592339738,0.9922909298245615,0.003583249235629693,3
8,13.375,1.2594415789473683,0.007214638870732714,0.9490720350877194,0.004764846623646571,0.9855450000000001,0.003720144001571466,3
8,13.625,1.1748020175438596,0.007102200655704847,0.9571057368421053,0.004907160506294289,0.981244052631579,0.0036620368296152567,3
8,13.875,1.1037721228070174,0.030940168548871286,0.9657909824561403,0.004228137660959411,0.978705456140351,0.0037604492338196107,3
8,14.125,1.0497621403508774,0.03281272649148303,0.9745078421052632,0.003862557365484986,0.9779873508771929,0.0035803031945081006,3
8,14.375,1.0145328421052633,0.027040495521837023,0.9840446666666667,0.0037359555435432243,0.9784078771929824,0.003486963100008269,3
8,14.625,0.9956945614035088,0.027730395179801404,0.9934833333333333,0.0037431395886743804,0.9794668245614035,0.00351731228112892,3
8,14.875,0.9726409298245612,0.02263078663490022,1.00337050877193,0.004144918397434555,0.9811399473684211,0.003522686580470801,3
8,15.125,0.9436087368421053,0.014282009249770349,1.0132896842105263,0.00509401539984049,0.9829828070175438,0.003486991902067591,3
8,15.375,0.9382782456140352,0.010682077890806245,1.0228009824561406,0.005255251465840884,0.984752052631579,0.0035407071193328398,3
8,15.625,0.9109192807017544,0.005728972898480998,1.033406140350877,0.005362739104103037,0.986941192982456,0.00361416268451303,3
8,15.875,0.9018857017543859,0.010102444040369406,1.0450063157894736,0.004478958521436871,0.9890067894736841,0.0036025564753235317,3
8,16.125,0.9093819649122806,0.002001694518685956,1.055487543859649,0.004554798862152727,0.990823105263158,0.0037033024165670446,3
8,16.375,0.8964572456140351,0.015683742631801716,1.0655514035087716,0.005521149537278305,0.9926967017543858,0.0038747318304331764,3
8,16.625,0.908149649122807,0.020136815375177485,1.0725382456140349,0.005118830341879302,0.994230403508772,0.0040167436226692605,3
8,16.875,0.894475298245614,0.01707368226179133,1.0774550877192983,0.005071262167273572,0.9955837719298245,0.004138520040122962,3
8,17.125,0.9022623157894736,0.020727295807245884,1.0770212280701754,0.00547548445991687,0.9965330175438596,0.004203850240941151,3
8,17.375,0.8950763684210526,0.01949376427777474,1.0717210526315792,0.005727488963285876,0.9973065614035089,0.00433007591333055,3
8,17.625,0.9041131228070176,0.013042471385791244,1.063005087719298,0.0053135656688292916,0.9981034736842105,0.004386754013154827,3
8,17.875,0.9216127894736842,0.004669268407246452,1.0527282456140352,0.005097820752391648,0.998802894736842,0.004352720492314131,3
8,18.125,0.9417070877192982,0.003893522266836416,1.0408029824561404,0.005163594010827125,0.9995096491228069,0.004266240228862533,3
8,18.375,0.962047947368421,0.02131655583032174,1.0291863157894738,0.0050030129610892995,1.0003941403508774,0.004153960415615856,3
8,18.625,0.9742866315789472,0.011540435159928707,1.0184875789473684,0.004510620472517285,1.0011786140350878,0.00406004141510873,3
8,18.875,0.9929057192982457,0.011395589476817708,1.007817842105263,0.00469192259073135,1.0020452456140352,0.004073450272156242,3
8,19.125,0.987667543859649,0.011647692636051117,0.9994851754385965,0.0043201729947095185,1.0029212456140348,0.003901044748274501,3
8,19.375,0.9873263157894736,0.011935461751697133,0.9924812631578949,0.004421232527041682,1.0038348070175438,0.003998940072249962,3
8,19.625,0.9960396315789474,0.003866252855559313,0.9868367368421053,0.004369492166084457,1.004671140350877,0.003933813877636314,3
8,19.875,0.992521894736842,0.00471048873277191,0.982174894736842,0.004403653675675555,1.0053992105263156,0.003912050974531284,3
8,20.125,1.0012315789473687,0.005278832165575858,0.9794038245614033,0.0045046581849786755,1.006230210526316,0.003851016710736468,3
8,20.375,1.0060618245614037,0.006198618144986487,0.9761668596491226,0.004231054650537186,1.006865789473684,0.0037808521114728326,3
8,20.625,1.0102691929824559,0.008871015024077208,0.9738133684210526,0.004184569145174624,1.0073520526315791,0.0037308197819800972,3
8,20.875,1.0168155263157894,0.003380700624277163,0.9721015087719298,0.004154390335168436,1.0077920175438597,0.003709193404572732,3
8,21.125,1.0239445263157894,0.016262613010857487,0.9704211578947368,0.004039586869892668,1.008148701754386,0.003733718170954627,3
8,21.375,1.0265924736842105,0.014111389268520555,0.9689562631578948,0.00407844542740729,1.0083200877192982,0.0037503653028186715,3
8,21.625,1.0358343157894736,0.01944406808336806,0.9679455087719298,0.0036677955038983854,1.008337,0.0037355277869027567,3
8,21.875,1.048570105263158,0.01699609949783616,0.9672339649122806,0.0038607847341326764,1.0082547719298245,0.003717765027324745,3
8,22.125,1.0414677543859647,0.016453004707262634,0.9666625263157895,0.004093713838745408,1.0081387368421053,0.00375410045733576,3
8,22.375,1.0576030175438595,0.01604370119924055,0.9680030526315789,0.003964253260477201,1.0078841754385965,0.00379320208040344,3
8,22.625,1.0592151754385966,0.018599228220881406,0.9697370877192983,0.004562502061843648,1.0075822807017545,0.0037976042407312943,3
8,22.875,1.0545407368421051,0.018106396643986448,0.9722043508771928,0.0042761649317159525,1.0071637543859648,0.003791326675694621,3
8,23.125,1.0409488771929825,0.018355690752251862,0.9764873508771929,0.004568205315532844,1.0067162105263157,0.00380276194228075,3
8,23.375,1.0282159999999998,0.01760794758628295,0.9839170877192983,0.00449008360562175,1.0065625964912284,0.0037427729878604793,3
8,23.625,1.0206533684210528,0.01669842458147571,0.9936099824561405,0.004474783449953377,1.0064449298245615,0.0037594424431734454,3
8,23.875,1.0165347368421054,0.02554759487531463,1.0062666842105266,0.004444521388522873,1.0066347894736845,0.003655249116969892,3
8,24.125,1.0108747192982455,0.02151417701781952,1.0203975789473685,0.004136829942395508,1.0070388421052632,0.003629347789315222,3
8,24.375,0.9948218596491228,0.008903170349492593,1.0338949122807017,0.004267693847096553,1.0073740350877192,0.0036084112717972984,3
8,24.625,0.9718773157894738,0.013376019457941951,1.0408899999999999,0.004563340938071753,1.0073500350877194,0.003640641137191678,3
8,24.875,0.958924807017544,0.013096441114791267,1.0417615789473684,0.005036309675061743,1.0070405789473684,0.0037229668100699194,3
8,0.125,0.0,0.0,0.0,0.0,0.0,0.0,3
8,0.375,0.0,0.0,0.0,0.0,0.0,0.0,3
8,0.625,0.0,0.0,0.0,0.0,0.0,0.0,3
8,0.875,0.0,0.0,0.0,0.0,0.08544137017543861,0.00048785442177791643,3
8,1.125,0.0,0.0,0.0,0.0,2.490537368421053,0.0022130610780500075,3
8,1.375,0.0,0.0,0.0,0.0,4.107862280701754,0.001726456205956301,3
8,1.625,0.0,0.0,0.0,0.0,5.295847368421053,0.0013854227898216962,3
8,1.875,0.0,0.0,0.0,0.0,2.442405964912281,0.000913694046892225,3
8,2.125,0.0,0.0,0.0,0.0,1.0538024561403507,0.0011207129320866833,3
8,2.375,0.0,0.0,0.0,0.0,0.9208299824561403,0.001836523538621254,3
8,2.625,0.0,0.0,0.0,0.0,0.6319964385964912,0.002120068854756252,3
8,2.875,0.0,0.0,0.0,0.0,0.5099505263157895,0.002569533355279994,3
8,3.125,0.0,0.0,0.0,0.0,0.6078365789473684,0.0032188024108812463,3
8,3.375,0.0,0.0,0.0,0.0,0.6996082631578947,0.0036192572821283067,3
8,3.625,0.0,0.0,0.0,0.0,0.7779470526315792,0.0031552513957318405,3
8,3.875,0.0,0.0,0.0,0.0,0.8413929298245614,0.0035582100125892387,3
8,4.125,0.0,0.0,0.0,0.0,0.889686701754386,0.0034937930707082576,3
8,4.375,0.0,0.0,0.0,0.0,0.9236661403508771,0.0030441512361475596,3
8,4.625,0.0,0.0,1.4681456140350875e-06,1.0381344789152856e-06,0.9455588771929825,0.0033859917585520568,3
8,4.875,0.0,0.0,0.004317644561403509,3.5713216967591126e-05,0.9585982982456142,0.002671053551234329,3
8,5.125,0.0,0.0,0.23872919298245612,0.0011589537113879864,0.97886750877193,0.0021927641891379794,3
8,5.375,0.0,0.0,1.5914415789473686,0.002330977269798557,1.0673077192982456,0.002358699946054867,3
8,5.625,0.0,0.0,3.4796184210526313,0.006156501251839148,1.1871998245614037,0.002425564534657518,3
8,5.875,0.0,0.0,4.272239122807016,0.0062341380670636595,1.2345343859649123,0.0018094589026743306,3
8,6.125,0.0,0.0,3.9322231578947378,0.0028829340561183693,1.2075514035087718,0.001639113014498948,3
8,6.375,0.0,0.0,3.1762626315789473,0.0016641647518587546,1.1542914035087721,0.0020328071159601466,3
8,6.625,0.0,0.0,2.4827187719298247,0.0018059702637125274,1.1053429824561405,0.0019230059923940111,3
8,6.875,0.0,0.0,1.9337307017543859,0.0036881586447683017,1.0672315789473685,0.0019059568379541135,3
8,7.125,0.0,0.0,1.5296359649122806,0.005493458215372937,1.0394968421052633,0.00208595386065278,3
8,7.375,0.0,0.0,1.2486977192982458,0.005084295744687832,1.0210044736842105,0.0021122294720429275,3
8,7.625,0.0,0.0,1.0538943859649124,0.004908304725518589,1.009302157894737,0.0019990825185504987,3
8,7.875,0.0,0.0,0.9257752631578947,0.004420760655981087,1.0027148070175438,0.0025637893203782295,3
8,8.125,0.0,0.0,0.8488050877192982,0.004749625229387688,1.0002537192982457,0.002429757862280472,3
8,8.375,0.0,0.0,0.8077821403508773,0.005352317813490508,1.0011894385964915,0.002338857914080981,3
8,8.625,0.0,0.0,0.7904385789473684,0.005098336515049082,1.0040549824561402,0.002602664149063963,3
8,8.875,0.0,0.0,0.787208298245614,0.00464759547325061,1.008471298245614,0.002512687467437618,3
8,9.125,0.0,0.0,0.7928968596491228,0.004711923087892154,1.0139971929824563,0.002389731471268394,3
8,9.375,0.0,0.0,0.8034856842105262,0.004565097918404091,1.0204098245614033,0.002543597336748066,3
8,9.625,0.00023343508771929823,0.00022783417716257742,0.817567052631579,0.003734795153968342,1.0275142105263158,0.002372840905163815,3
8,9.875,0.002873587719298246,0.0004992075462146587,0.8308450701754385,0.003881621516824744,1.0348845614035087,0.002480111446180033,3
8,10.125,0.020589932631578944,0.00041162723811734276,0.8426353333333333,0.003805302755207055,1.0427636842105263,0.0025451305234402114,3
8,10.375,0.11892569298245614,0.005831948962588811,0.8529801578947368,0.003026259654399283,1.0509171929824563,0.00275919717248086,3
8,10.625,0.3923557719298245,0.004785468302487719,0.8635653157894737,0.0034200871514816606,1.0594640350877194,0.0029212233973582545,3
8,10.875,0.9240468596491228,0.031097718052141312,0.872641052631579,0.0036002833562948705,1.067432105263158,0.0032716206899729267,3
8,11.125,1.6215228070175438,0.03750318894740809,0.8819267368421052,0.003301472511505859,1.0726473684210527,0.003315783709268086,3
8,11.375,2.2212984210526314,0.019430264344157545,0.889201403508772,0.0033612292606742247,1.0728498245614033,0.0033298727465871595,3
8,11.625,2.4953222807017545,0.01745043112666869,0.8969538771929825,0.00347950008676559,1.0666640350877195,0.0034048760411573412,3
8,11.875,2.452305614035088,0.023627296827417526,0.9042182280701754,0.004582602898633231,1.0552312280701754,0.0035555680478389206,3
8,12.125,2.2017666666666664,0.02686844187271126,0.9113323508771929,0.004375764572122629,1.041164561403509,0.003763478340750631,3
8,12.375,1.96732,0.019993469977368002,0.918066052631579,0.005433558432817643,1.0263740350877193,0.003868011109280897,3
8,12.625,1.7323022807017543,0.04225171030283759,0.9248806140350877,0.0052586249575178184,1.0126886140350877,0.004098839655712259,3
8,12.875,1.516507543859649,0.017065378083928582,0.9317833157894736,0.004802594131264724,1.0012735087719298,0.004125384121981042,3
8,13.125,1.3644221052631582,0.01943989963172642,0.939811403508772,0.004754772508466083,0.9921028245614036,0.00411386153556056,3
8,13.375,1.2522926315789473,0.0073735846694258965,0.9478452105263157,0.004780168048947468,0.9857158070175438,0.003991988217491886,3
8,13.625,1.174845245614035,0.005721485078691766,0.9553793859649122,0.005041921661919936,0.9814889824561405,0.003821916420256013,3
8,13.875,1.1095086842105264,0.01768409627265726,0.9638428771929825,0.004526823939108445,0.9789074035087718,0.0038904885579385752,3
8,14.125,1.064880614035088,0.009868068646276918,0.9728523157894736,0.004687553151733155,0.9778735964912282,0.0037988407582841503,3
8,14.375,1.0339472105263157,0.015042523035031707,0.9823903157894737,0.004509509007880095,0.978186701754386,0.003601327244392907,3
8,14.625,1.0031868771929826,0.0026446917242668364,0.9918792280701753,0.004925115982685669,0.9790704210526316,0.0036546793299297177,3
8,14.875,0.9837049122807019,0.012900316191185472,1.0017555438596493,0.005117654334191893,0.9806368421052634,0.003454903556333348,3
8,15.125,0.9579273333333335,0.008408716627026644,1.01209949122807,0.005258037853861459,0.9824254035087719,0.0034957791439578544,3
8,15.375,0.9509947719298245,0.01181620777263969,1.022366842105263,0.006274475415197796,0.9842351403508771,0.0034960512462499,3
8,15.625,0.9396844736842106,0.0074841666787523065,1.0323566666666666,0.0066684979063867875,0.9860286491228071,0.003392481985350668,3
8,15.875,0.9192986140350877,0.011825240089534339,1.043757543859649,0.006407529076830095,0.9881971228070175,0.003464181890506695,3
8,16.125,0.9228841228070177,0.0034399945688970562,1.0544205263157895,0.006329359821699233,0.9901570175438595,0.0036207326624067104,3
8,16.375,0.9095774385964912,0.015468948839352995,1.0641375438596492,0.006977659023912411,0.9919398771929823,0.0037395486077987272,3
8,16.625,0.9002856491228068,0.014071321825000642,1.0719543859649123,0.006403917809574771,0.993612298245614,0.0036468871620759366,3
8,16.875,0.9079964736842104,0.018870338948600997,1.0762661403508773,0.006821735418140463,0.9951780350877194,0.00367996510841332,3
8,17.125,0.8916516140350877,0.020301406249994172,1.0759315789473687,0.006260015487666019,0.9962287894736841,0.003867976632545338,3
8,17.375,0.9033207017543861,0.00977783769366635,1.0708454385964912,0.0058731395762921575,0.9970110877192983,0.0037605206571437767,3
8,17.625,0.9045328421052631,0.012290226652090022,1.0623949122807017,0.0056683685891353594,0.9976485087719299,0.0037130853179854666,3
8,17.875,0.9149785614035087,0.013614904339924206,1.0523814035087717,0.005188415363658059,0.9982952982456141,0.003792618908766656,3
8,18.125,0.9243991929824561,0.01552348341940204,1.041154736842105,0.004660442895030469,0.9988753684210527,0.003716497171561454,3
8,18.375,0.9437532631578948,0.021861829576546723,1.0295975438596492,0.004504545612914159,0.9994928596491226,0.003735928334616649,3
8,18.625,0.9607456842105263,0.018972859245223486,1.0187577192982458,0.004234577030430993,1.00028149122807,0.003834073327587467,3
8,18.875,0.9715416491228072,0.01959492276944244,1.0087172280701753,0.0038501175208008054,1.0011142807017543,0.00366563801058187,3
8,19.125,0.9748445964912281,0.017415836599340075,1.0003862280701754,0.0035645973744565765,1.0019945614035088,0.0037300495830026553,3
8,19.375,0.9779723157894736,0.007741705193546633,0.99347,0.0037680510729384948,1.0029730877192982,0.0038430378455624223,3
8,19.625,0.9884221403508772,0.006704435337691886,0.9878022631578948,0.0038951910903902488,1.0039236842105261,0.0037734005342494772,3
8,19.875,0.9898645263157895,0.024947196478902645,0.983438350877193,0.003853289781837589,1.0047611052631578,0.0037681760757872877,3
8,20.125,1.0031927368421052,0.018884365772161953,0.9797290175438597,0.003927764086473377,1.0056279473684209,0.003796654197948599,3
8,20.375,1.0015442631578946,0.008516662512444399,0.976700298245614,0.003474569035721523,1.0064268771929825,0.0037953247967349277,3
8,20.625,1.0151695789473685,0.002137506197471479,0.9740523157894736,0.00334689568740686,1.0069882631578946,0.003779330044397608,3
8,20.875,1.0144797894736841,0.0072943599239349765,0.972076350877193,0.0032298086714494466,1.0075262807017544,0.003874829110063384,3
8,21.125,1.019002561403509,0.007946274525197089,0.9704646315789472,0.0032503768733826827,1.0078783157894735,0.003954104304092794,3
8,21.375,1.0207822982456138,0.011229509210661985,0.9691938596491227,0.004146328289361904,1.0081230526315792,0.00397719483427319,3
8,21.625,1.0360454385964912,0.005513232574017151,0.9677545438596492,0.004758888742878782,1.0083071052631578,0.003980416830671472,3
8,21.875,1.044310596491228,0.014072790736268402,0.9672134736842105,0.004966203952430676,1.0083403859649123,0.0038301094708019052,3
8,22.125,1.0452910877192982,0.004578901415444639,0.9666280701754385,0.004995277539427244,1.008088298245614,0.0038246590453493994,3
8,22.375,1.0457224210526315,0.010565799426444271,0.9670944385964914,0.005055787640095461,1.0077625438596491,0.0037146789087202014,3
8,22.625,1.0648730175438599,0.01596800792468474,0.9683671754385966,0.005365676681456312,1.0073064385964912,0.0035458119575479817,3
8,22.875,1.0584845087719297,0.009938345071656005,0.9715627192982458,0.005089801203622572,1.006838298245614,0.003431587507882296,3
8,23.125,1.0519393859649122,0.009115046483672399,0.9758140526315789,0.00497268088794121,1.0064867543859648,0.0032737292980292787,3
8,23.375,1.0439726140350878,0.011722285038474195,0.982172245614035,0.004552565255846622,1.006211543859649,0.0030611665346376715,3
8,23.625,1.0319365263157894,0.01744894852197751,0.9920059298245615,0.004753058063344541,1.0061494035087721,0.002932854626954752,3
8,23.875,1.0176064561403508,0.015453869989833061,1.0043531228070177,0.0044923315484446565,1.0063087894736842,0.0027712367860036596,3
8,24.125,1.009684245614035,0.009462269075439463,1.0187885614035086,0.0047400503523890155,1.006605438596491,0.0026848096429194414,3
8,24.375,0.996985052631579,0.006645926682145321,1.031729298245614,0.004720099971031769,1.006969649122807,0.00267016281102201,3
8,24.625,0.9776400701754385,0.0049321207282270445,1.039288245614035,0.00458064941815327,1.0071516140350878,0.0026735089251606883,3
8,24.875,0.9646558947368423,0.007964238028227644,1.0399073684210525,0.00434767944174394,1.0068375614035088,0.0027496201978418626,3
16,0.125,0.0,0.0,0.0,0.0,0.0,0.0,3
16,0.375,0.0,0.0,0.0,0.0,0.0,0.0,3
16,0.625,0.0,0.0,0.0,0.0,0.0,0.0,3
16,0.875,0.0,0.0,0.0,0.0,0.09981587894736843,0.00031380732448034666,3
16,1.125,0.0,0.0,0.0,0.0,2.7809594736842107,0.002787490456861185,3
16,1.375,0.0,0.0,0.0,0.0,4.430562807017544,0.002430354226899308,3
16,1.625,0.0,0.0,0.0,0.0,5.7026738596491215,0.000651453993252511,3
16,1.875,0.0,0.0,0.0,0.0,3.1160494736842104,0.005257702453326601,3
16,2.125,0.0,0.0,0.0,0.0,1.9488680701754386,0.006263274218783105,3
16,2.375,0.0,0.0,0.0,0.0,1.9938636842105264,0.00854049543261584,3
16,2.625,0.0,0.0,0.0,0.0,1.8437773684210528,0.01253617518517162,3
16,2.875,0.0,0.0,0.0,0.0,1.7900984210526316,0.015213208474744278,3
16,3.125,0.0,0.0,0.0,0.0,1.8987242105263158,0.018618095661405484,3
16,3.375,0.0,0.0,0.0,0.0,1.9571708771929825,0.022100400118100213,3
16,3.625,0.0,0.0,0.0,0.0,1.9716657894736844,0.02471736399240712,3
16,3.875,0.0,0.0,0.0,0.0,1.9528763157894742,0.027303928398709522,3
16,4.125,0.0,0.0,0.0,0.0,1.9138278947368421,0.028748472959566607,3
16,4.375,0.0,0.0,0.0,0.0,1.866573859649123,0.029602594519359555,3
16,4.625,0.0,0.0,6.459834210526315e-05,3.930326374160769e-06,1.8182996491228074,0.030725821871862888,3
16,4.875,0.0,0.0,0.07711082280701753,0.00034747856590620565,1.7808098245614037,0.03202859304372752,3
16,5.125,0.0,0.0,1.8613924561403508,0.0030792250087246617,1.8617482456140353,0.032174528859893234,3
16,5.375,0.0,0.0,6.757878596491228,0.004569357983261202,2.1528078947368416,0.03267348286529108,3
16,5.625,0.0,0.0,9.423061578947369,0.01566248307827552,2.306587894736842,0.03315132554252143,3
16,5.875,0.0,0.0,8.369931578947368,0.024937206602389322,2.224869649122807,0.03411975716853425,3
16,6.125,0.0,0.0,5.960148596491229,0.021373217249024995,2.0586328070175437,0.03424699050027114,3
16,6.375,0.0,0.0,3.8355161403508764,0.018056037064773087,1.9133587719298246,0.03451234101362427,3
16,6.625,0.0,0.0,2.47583947368421,0.017546667847179072,1.818055789473684,0.034706263869805465,3
16,6.875,0.0,0.0,1.6726338596491228,0.013149887741522629,1.7591287719298245,0.03452547962812192,3
16,7.125,0.0,0.0,1.215509298245614,0.011628700178276804,1.7221752631578946,0.03423105946013973,3
16,7.375,0.0,0.0,0.9757973157894737,0.014072928211859187,1.6995577192982456,0.03420575466407829,3
16,7.625,0.0,0.0,0.8697613859649124,0.015287301184864939,1.6864435087719298,0.033784598807588516,3
16,7.875,0.0,0.0,0.851946947368421,0.015670763990624784,1.6807526315789474,0.03371993514559958,3
16,8.125,0.0,0.0,0.8857543859649123,0.018900694125930352,1.6809005263157897,0.03399789615727657,3
16,8.375,0.0,0.0,0.9466149122807016,0.02053886478786968,1.6859736842105268,0.03404660118246112,3
16,8.625,0.0,0.0,1.0178271929824563,0.023010551520440854,1.6954191228070175,0.03420462865313489,3
16,8.875,0.0,0.0,1.0854263508771929,0.025410319721878995,1.7080382456140348,0.03516989673367427,3
16,9.125,0.0,0.0,1.1469915789473684,0.02705416298484787,1.7237605263157894,0.03623985449645585,3
16,9.375,0.0,0.0,1.1995122807017546,0.027798894473502256,1.7421729824561405,0.03714464445510167,3
16,9.625,0.0,0.0,1.2397580701754387,0.028894210001694738,1.7618126315789473,0.03857716754947606,3
16,9.875,0.0,0.0,1.2720063157894739,0.028136832873896775,1.782625263157895,0.03979963715922004,3
16,10.125,0.0010814916140350877,0.00010326539865910593,1.2962270175438595,0.02705691280320322,1.8036515789473686,0.04062968037787744,3
16,10.375,0.0634413105263158,0.00028630651303987003,1.312912456140351,0.026926020633107058,1.8227526315789475,0.042000227359451754,3
16,10.625,1.054436543859649,0.01662691202089467,1.325318245614035,0.025602098401032634,1.835232807017544,0.04263893692260428,3
16,10.875,4.831475087719298,0.034450946888589504,1.3339735087719298,0.024686756496590165,1.83046701754386,0.043011039235190396,3
16,11.125,8.431070350877192,0.08093325108152229,1.3381300000000003,0.023027658262620244,1.796516315789474,0.04324389862225306,3
16,11.375,7.8634933333333334,0.0907230420656726,1.3403975438596494,0.021813980253564826,1.7325526315789472,0.04284541434481139,3
16,11.625,5.400080175438596,0.06981048169471085,1.3399970175438594,0.021640221845880728,1.6553103508771931,0.042329446487649344,3
16,11.875,3.3141696491228068,0.06189523287832781,1.3394321052631577,0.02084196758770769,1.582771052631579,0.04163969896414431,3
16,12.125,2.124075614035088,0.04662855721533761,1.3396366666666666,0.020810385335861187,1.5251089473684212,0.04100065151161294,3
16,12.375,1.4812392982456142,0.014980456596510884,1.340960350877193,0.020136847563454154,1.4848294736842107,0.04057140813527927,3
16,12.625,1.1497413684210527,0.031216563106600512,1.3485368421052633,0.020518130032204852,1.4614164912280703,0.04054948758452026,3
16,12.875,0.9846076140350878,0.03378610559270758,1.3608166666666666,0.021234501909511035,1.4515784210526317,0.0408806142473092,3
16,13.125,0.9273410000000001,0.025646553224648257,1.3799652631578943,0.020930267497261613,1.4521492982456141,0.04117697509971516,3
16,13.375,0.9180006140350878,0.03763726213570417,1.406339649122807,0.022576275032359008,1.4595915789473686,0.04150421477779486,3
16,13.625,0.9188806666666665,0.023524641819339727,1.4381547368421055,0.023449694495447766,1.4710680701754384,0.04188861614535723,3
16,13.875,0.9317700877192983,0.021060728439651424,1.4746457894736842,0.024076933736146878,1.484648947368421,0.04242670464067036,3
16,14.125,0.9422247719298248,0.02966689060555388,1.5149370175438601,0.024849950624597543,1.4983417543859652,0.04264578594839897,3
16,14.375,0.9311376315789474,0.016356368754490463,1.5536519298245617,0.026113613280895835,1.511021403508772,0.043159060081257215,3
16,14.625,0.9547224736842105,0.025256797306304368,1.5910973684210525,0.028020931435671907,1.5219314035087719,0.043194937364371376,3
16,14.875,0.9717380175438598,0.012091361486037218,1.625789298245614,0.029977428434974817,1.531087894736842,0.043475332938873415,3
16,15.125,0.964137350877193,0.007609578685067581,1.6571036842105265,0.03166807217369772,1.538032456140351,0.043757172491778185,3
16,15.375,0.9847321052631579,0.017347342248958352,1.6860545614035087,0.032175707890740354,1.5432791228070173,0.043781386233036124,3
16,15.625,0.9936382631578947,0.021313950801531006,1.7113403508771927,0.03149969717814046,1.5472196491228072,0.04365748180453249,3
16,15.875,0.9937150701754386,0.027122545489717646,1.7356729824561403,0.032005301708587015,1.5496896491228072,0.043677983598327315,3
16,16.125,1.0023132807017543,0.00899179068668503,1.7515250877192983,0.03273732752032886,1.5508999999999997,0.04367351288799472,3
16,16.375,1.0063747543859651,0.01798384157173996,1.7490671929824562,0.0316111777697017,1.5502514035087722,0.043435328718171726,3
16,16.625,1.0083912280701754,0.007389414416258194,1.712599649122807,0.031254319751174355,1.5468649122807019,0.043209283445453,3
16,16.875,1.0422485789473683,0.010280020070417945,1.6421508771929825,0.03028385906879252,1.5413343859649122,0.043123539921397995,3
16,17.125,1.0604237719298248,0.02290244436088199,1.5544347368421052,0.028019282738336152,1.53446350877193,0.04289501836164928,3
16,17.375,1.0731932807017543,0.01527307478080551,1.4701612280701752,0.025386740747610576,1.52819649122807,0.04271357961939904,3
16,17.625,1.0987114912280702,0.026682719461034315,1.4031926315789474,0.0242123076499518,1.5234340350877194,0.042658683775365046,3
16,17.875,1.128363754385965,0.027125738078672027,1.3574112280701758,0.022701172395533518,1.5207950877192982,0.04263856767782562,3
16,18.125,1.1691595263157895,0.0318774974570421,1.3313550877192986,0.022763924555929484,1.5202563157894737,0.04256608209124192,3
16,18.375,1.2290836842105264,0.026548363960770593,1.3202654385964914,0.022633415385847594,1.521621052631579,0.04263795333111018,3
16,18.625,1.308191754385965,0.04150686278698945,1.3206612280701755,0.022610580279972998,1.5246024561403508,0.04263216330622535,3
16,18.875,1.4353908771929824,0.022821872170552548,1.3267929824561404,0.02306797474794858,1.5286215789473685,0.042729714696046646,3
16,19.125,1.5434694736842107,0.02240251877080085,1.3368082456140353,0.0238228029464999,1.5331698245614038,0.04268741493441253,3
16,19.375,1.6173456140350877,0.029803889935351494,1.348609298245614,0.024075391992652358,1.5374085964912283,0.0428843052138182,3
16,19.625,1.6559045614035088,0.025986638403228613,1.3602619298245615,0.02424642974863647,1.540743157894737,0.042790936249577784,3
16,19.875,1.6622368421052631,0.020522734428908937,1.3702405263157897,0.0250153813403094,1.5429235087719297,0.04281246281371885,3
16,20.125,1.671510701754386,0.02189554565954344,1.3799138596491225,0.025199380073913952,1.5439103508771932,0.0429132515533332,3
16,20.375,1.6571570175438597,0.026836290478991796,1.388427543859649,0.025594040094031042,1.543477543859649,0.04285791676486897,3
16,20.625,1.662694736842105,0.03450744120107459,1.3952391228070173,0.025980301740881246,1.5420459649122806,0.04274994509256178,3
16,20.875,1.6842398245614036,0.02624724690600243,1.3996466666666667,0.026184040254522926,1.53934,0.04240905253630125,3
16,21.125,1.705851754385965,0.020608853382337682,1.4034364912280701,0.026098653868815512,1.5355987719298245,0.04222585424400419,3
16,21.375,1.7432259649122805,0.015919052461473984,1.4059724561403508,0.026304568984520126,1.5312015789473683,0.04195585934227372,3
16,21.625,1.7783389473684208,0.01616113206611344,1.4070377192982457,0.026215725068632272,1.5260256140350876,0.0417334626280157,3
16,21.875,1.784858596491228,0.019007913171284918,1.4074529824561406,0.025679674694155937,1.5207333333333333,0.04126590698489426,3
16,22.125,1.7617524561403508,0.025603395108047534,1.4079989473684211,0.02545332997532685,1.515445263157895,0.041054840860480946,3
16,22.375,1.6675163157894737,0.016388232085163754,1.4083259649122806,0.025517401161150526,1.5103970175438597,0.040856248377155485,3
16,22.625,1.5494366666666666,0.017871448263494957,1.4087571929824563,0.025022144306475067,1.5063508771929823,0.04071730221190019,3
16,22.875,1.4451482456140352,0.013062536609152037,1.4098966666666666,0.025040144700040266,1.5037515789473686,0.04066087511020405,3
16,23.125,1.3547635087719299,0.00615642629564946,1.4124847368421056,0.025004985774309253,1.5026231578947369,0.04065582493340515,3
16,23.375,1.2734498245614034,0.006903498415025958,1.418458245614035,0.025387220705126615,1.503151052631579,0.04082961570428439,3
16,23.625,1.2365828070175438,0.005117920181750191,1.4292701754385966,0.025791144265023228,1.5053477192982456,0.04102856861427362,3
16,23.875,1.2065963157894737,0.009694585327501538,1.4465552631578948,0.02576774770147056,1.5087749122807017,0.04127075729863047,3
16,24.125,1.1857391228070178,0.006491736822168389,1.473338245614035,0.025248952809468376,1.5133763157894737,0.041527041845430615,3
16,24.375,1.1789026315789473,0.0091871552811882,1.5054924561403509,0.025150476137104295,1.5187056140350876,0.04185783282114129,3
16,24.625,1.1845671929824562,0.004944070893099923,1.5326150877192983,0.024833091203341085,1.5237950877192983,0.04216409189033837,3
16,24.875,1.1904987719298246,0.011911102926040966,1.5423815789473683,0.02453921048351389,1.527534385964912,0.04243636960498434,3
16,0.125,0.0,0.0,0.0,0.0,0.0,0.0,3
16,0.375,0.0,0.0,0.0,0.0,0.0,0.0,3
16,0.625,0.0,0.0,0.0,0.0,0.0,0.0,3
16,0.875,0.0,0.0,0.0,0.0,0.09992603333333333,0.00036539311873072294,3
16,1.125,0.0,0.0,0.0,0.0,2.777382631578947,0.0026613595273286914,3
16,1.375,0.0,0.0,0.0,0.0,4.427079824561403,0.004900413277714226,3
16,1.625,0.0,0.0,0.0,0.0,5.70543596491228,0.003660915762030137,3
16,1.875,0.0,0.0,0.0,0.0,3.11813298245614,0.0037974987232106145,3
16,2.125,0.0,0.0,0.0,0.0,1.9514131578947367,0.005585405613144301,3
16,2.375,0.0,0.0,0.0,0.0,1.9956922807017543,0.00816757960864708,3
16,2.625,0.0,0.0,0.0,0.0,1.8451987719298242,0.01085325922882009,3
16,2.875,0.0,0.0,0.0,0.0,1.7919438596491226,0.013235960406848516,3
16,3.125,0.0,0.0,0.0,0.0,1.9016105263157892,0.015705533156985,3
16,3.375,0.0,0.0,0.0,0.0,1.9596240350877192,0.01711444439878507,3
16,3.625,0.0,0.0,0.0,0.0,1.973263333333333,0.019033626201471386,3
16,3.875,0.0,0.0,0.0,0.0,1.9540391228070175,0.01976772145471591,3
16,4.125,0.0,0.0,0.0,0.0,1.915146315789474,0.02060493447341527,3
16,4.375,0.0,0.0,0.0,0.0,1.866812631578947,0.021997442019509105,3
16,4.625,0.0,0.0,6.239610175438595e-05,9.645881674741233e-06,1.818463333333333,0.022825453229067497,3
16,4.875,0.0,0.0,0.07666021052631579,0.00010037408617027079,1.7805142105263159,0.023048873249671174,3
16,5.125,0.0,0.0,1.856543859649123,0.0015565375983789384,1.860488596491228,0.024086499957637893,3
16,5.375,0.0,0.0,6.77066649122807,0.009731022939468053,2.152421228070175,0.024687616621820573,3
16,5.625,0.0,0.0,9.446546140350877,0.02424764432050871,2.3073535087719304,0.0249240280234703,3
16,5.875,0.0,0.0,8.384675614035089,0.02444261072181242,2.225528596491228,0.02542498442709208,3
16,6.125,0.0,0.0,5.965009298245614,0.018570267612828352,2.0591773684210524,0.025616912382252364,3
16,6.375,0.0,0.0,3.8361573684210533,0.01148209653786666,1.9134929824561404,0.025704870761310207,3
16,6.625,0.0,0.0,2.4769284210526314,0.008863617981974424,1.8193370175438597,0.025687044250973776,3
16,6.875,0.0,0.0,1.6729350877192986,0.009124298977191315,1.7601826315789475,0.02603659528074858,3
16,7.125,0.0,0.0,1.2163670175438597,0.008639955459827448,1.7237933333333333,0.026588789723021544,3
16,7.375,0.0,0.0,0.9750077368421053,0.009586567182250365,1.7010536842105264,0.027103714726679513,3
16,7.625,0.0,0.0,0.8710730701754387,0.011130349097034307,1.6881454385964911,0.02797009543196773,3
16,7.875,0.0,0.0,0.8517017719298244,0.010879931358272787,1.682491754385965,0.028913525302158835,3
16,8.125,0.0,0.0,0.8858838421052632,0.011605785177183997,1.6828142105263157,0.029327175649539506,3
16,8.375,0.0,0.0,0.9472658947368421,0.013601624782431904,1.688154210526316,0.03013383068580141,3
16,8.625,0.0,0.0,1.0182949649122808,0.01480690269230828,1.697818947368421,0.031367297580846845,3
16,8.875,0.0,0.0,1.0875063157894738,0.015466676077384328,1.711111052631579,0.032457553550077387,3
16,9.125,0.0,0.0,1.149512456140351,0.017867690367373363,1.7271701754385969,0.033369542225708544,3
16,9.375,0.0,0.0,1.2007950877192983,0.01895497472243716,1.7451915789473686,0.034389160747479275,3
16,9.625,0.0,0.0,1.2402828070175438,0.02012092608563398,1.764771052631579,0.03515870667462494,3
16,9.875,0.0,0.0,1.2709808771929825,0.020874582888588587,1.78542701754386,0.036148042870751115,3
16,10.125,0.001417230052631579,0.00030782491639672397,1.2945059649122808,0.021653820700715937,1.8059243859649126,0.036831597775633815,3
16,10.375,0.06965245263157895,0.004920307614012528,1.312576842105263,0.021508523149014813,1.8253385964912276,0.03740554621438088,3
16,10.625,1.0916539649122807,0.016407617599276524,1.3262698245614033,0.020890840550301458,1.8379159649122807,0.03807944004660327,3
16,10.875,4.858334210526316,0.05617870358976649,1.3337191228070175,0.020554494245101092,1.833069649122807,0.03880591812233446,3
16,11.125,8.470976315789473,0.0761793766608761,1.3404345614035087,0.0194887464761606,1.7988647368421056,0.03901020481826604,3
16,11.375,7.87327754385965,0.07220643464615141,1.343348596491228,0.01921069519912936,1.7349333333333334,0.03884623886466283,3
16,11.625,5.404076315789474,0.08234752873539923,1.3425908771929826,0.019170047164247406,1.6574501754385966,0.03846092562428637,3
16,11.875,3.3181415789473685,0.022135848982069176,1.343012456140351,0.018403735325483343,1.584479649122807,0.037850513367770365,3
16,12.125,2.1045152631578947,0.015974396914647623,1.3425603508771928,0.01803205287285619,1.5261829824561406,0.03762287307058779,3
16,12.375,1.4613068421052633,0.0202330943669992,1.3447721052631578,0.018628585010713572,1.4859001754385968,0.03783529235290745,3
16,12.625,1.1270270526315789,0.036218532338428276,1.3503301754385966,0.01709396580413383,1.462402456140351,0.03777509989386376,3
16,12.875,0.9970808421052632,0.02920233645021288,1.3631708771929822,0.01939224798872002,1.4525426315789474,0.03826850319091084,3
16,13.125,0.9289481578947368,0.03335450311335869,1.3831007017543862,0.020661824560092537,1.4531092982456142,0.038737286125252055,3
16,13.375,0.9220436315789474,0.01885405008421328,1.410660701754386,0.022586040918737536,1.4607324561403512,0.039305665201838834,3
16,13.625,0.9186492982456139,0.009740903233143985,1.443785438596491,0.024043024955269172,1.4723889473684213,0.03982377273428819,3
16,13.875,0.917804,0.013320809031231296,1.4804445614035089,0.026395027936801773,1.4856747368421053,0.04057870801576848,3
16,14.125,0.9364680175438597,0.014757752615398785,1.5184361403508773,0.028239066580135547,1.4992738596491229,0.04097247648634921,3
16,14.375,0.9470011754385964,0.014182875719789,1.5567892982456142,0.028512932723091276,1.5117691228070178,0.04128296883970856,3
16,14.625,0.9476818421052631,0.012764098416133053,1.5933222807017546,0.0291518496815968,1.522742456140351,0.04169586344813783,3
16,14.875,0.9752892982456141,0.017565927783427197,1.6274684210526316,0.030435627780806943,1.531980350877193,0.04217632533221407,3
16,15.125,0.9744774561403506,0.007162285740031081,1.6582028070175439,0.029590220722198544,1.5390636842105263,0.04229267014634003,3
16,15.375,0.9734353684210526,0.014932011278889141,1.6864756140350876,0.03021845087193255,1.544568947368421,0.04256112267809162,3
16,15.625,0.9864581228070174,0.01981399511301452,1.7125594736842105,0.03001659946118636,1.5484550877192984,0.042972725212134015,3
16,15.875,0.9961718070175439,0.01115036758341648,1.7366547368421053,0.03022384777812423,1.5510436842105264,0.043133342162347904,3
16,16.125,1.0125836666666665,0.017313323567889942,1.7534596491228072,0.03034812656534974,1.5525459649122808,0.04336104261525618,3
16,16.375,1.0183009122807019,0.004632213777532576,1.7494584210526316,0.030629183360234333,1.5517161403508772,0.04363551800798499,3
16,16.625,1.0389037894736843,0.009225002815575234,1.7115100000000003,0.030152044351552932,1.548408947368421,0.04359559059467197,3
16,16.875,1.0424816491228068,0.020305131705409377,1.6411319298245612,0.0288671296368163,1.542671754385965,0.04353778775469775,3
16,17.125,1.0534050350877193,0.02471176091142014,1.553405614035088,0.027413722751122367,1.535848947368421,0.04343011937449324,3
16,17.375,1.0569358421052633,0.011542113505728905,1.4687391228070172,0.0252030070621311,1.5294685964912282,0.043333376085638406,3
16,17.625,1.0944952105263157,0.033205335287383377,1.4011735087719297,0.023910831589098826,1.5247880701754386,0.043329284066082656,3
16,17.875,1.105833192982456,0.030537833935776682,1.3554315789473683,0.023502253124733745,1.5220733333333332,0.04347301910483401,3
16,18.125,1.1662424210526317,0.028462368186484538,1.329681052631579,0.02358331130121085,1.5216308771929823,0.04359646005717423,3
16,18.375,1.2329766666666666,0.026445807740748388,1.3183787719298248,0.02351352016855717,1.5230696491228068,0.043555507971657595,3
16,18.625,1.3260157894736841,0.029271038497751364,1.3181694736842104,0.023015026963109284,1.5261212280701757,0.04372004385821907,3
16,18.875,1.4623980701754384,0.0403666838308086,1.3252873684210524,0.02295283919576857,1.5303226315789473,0.04387022260269058,3
16,19.125,1.5553066666666666,0.050170236439928066,1.3362577192982457,0.023034376791851396,1.5348933333333334,0.04377200794634959,3
16,19.375,1.6247522807017545,0.043304111662260024,1.3480278947368423,0.023119154154668458,1.5391550877192983,0.043902349775963155,3
16,19.625,1.6434905263157897,0.040281517887080245,1.3610559649122809,0.023965433372619464,1.542521403508772,0.043758866467510295,3
16,19.875,1.6399015789473683,0.028767550589921104,1.3718470175438597,0.024889212581437385,1.5447785964912282,0.04343529315090401,3
16,20.125,1.6375015789473684,0.030205066738783336,1.381978245614035,0.025127035299135247,1.5457343859649122,0.04308769645336271,3
16,20.375,1.641947192982456,0.011615021257224963,1.3908333333333334,0.02563618354235714,1.5453073684210528,0.04253968618849595,3
16,20.625,1.6542191228070176,0.01897749734335519,1.397864736842105,0.02619922987386028,1.5438426315789473,0.04225730149500658,3
16,20.875,1.6884750877192982,0.015507423875682182,1.4033557894736841,0.02648165158962194,1.541167894736842,0.04182750730455994,3
16,21.125,1.708185789473684,0.015227409024373355,1.4068254385964911,0.027400562079592784,1.5373828070175437,0.0417033143498498,3
16,21.375,1.7585049122807017,0.023480630159232546,1.409213157894737,0.02730780593538428,1.532960701754386,0.0414161421916774,3
16,21.625,1.7795656140350882,0.029293006707781885,1.4106617543859652,0.027825165922284192,1.5280577192982456,0.04114866103253794,3
16,21.875,1.7797315789473684,0.02959253594032612,1.4108980701754386,0.02714197457463984,1.5226452631578946,0.040829459669654705,3
16,22.125,1.7573094736842103,0.025227625351713603,1.4102494736842106,0.02786320065744774,1.5172835087719296,0.040493543359419265,3
16,22.375,1.6772936842105264,0.0233338854135979,1.4099277192982456,0.02777473510119439,1.5123363157894738,0.040133047609594685,3
16,22.625,1.5625029824561405,0.006151499157913718,1.4096552631578945,0.027255842570012158,1.5081768421052633,0.039946595272549706,3
16,22.875,1.4481733333333333,0.014861727313821406,1.4116152631578947,0.02694084570523026,1.5055428070175438,0.03978545413961895,3
16,23.125,1.3531785964912284,0.0128921370120497,1.4147631578947368,0.026418801511704892,1.5046170175438596,0.0396332246678022,3
16,23.375,1.283802456140351,0.0110384354138883,1.4212647368421052,0.02664758309424205,1.505202807017544,0.0395560653721457,3
16,23.625,1.2273429824561404,0.016451956829915258,1.4324859649122805,0.026489011629132822,1.5073938596491228,0.03975370163158858,3
16,23.875,1.2019784210526314,0.017608662892572804,1.4499264912280703,0.026434138610656868,1.5108480701754388,0.039876539839975085,3
16,24.125,1.1848875438596493,0.002802461994155374,1.476229298245614,0.02532329442075213,1.5155056140350878,0.039757768249299226,3
16,24.375,1.179201754385965,0.0017715052644053269,1.5078026315789472,0.02494554508104759,1.52076350877193,0.039904497779045506,3
16,24.625,1.1929838596491231,0.007376502089182622,1.534337894736842,0.02411812596750988,1.5256789473684211,0.04005312488111726,3
16,24.875,1.2047108771929826,0.013504136409037557,1.5434647368421055,0.02332772708932861,1.5294307017543858,0.040134591422932665,3
16,0.125,0.0,0.0,0.0,0.0,0.0,0.0,3
16,0.375,0.0,0.0,0.0,0.0,0.0,0.0,3
16,0.625,0.0,0.0,0.0,0.0,0.0,0.0,3
16,0.875,0.0,0.0,0.0,0.0,0.10032346666666665,0.0009453539892507618,3
16,1.125,0.0,0.0,0.0,0.0,2.779958070175439,0.009056196160027175,3
16,1.375,0.0,0.0,0.0,0.0,4.426311228070175,0.0073507969220595396,3
16,1.625,0.0,0.0,0.0,0.0,5.70045350877193,0.0016827074616086672,3
16,1.875,0.0,0.0,0.0,0.0,3.116352631578948,0.0032438155377340315,3
16,2.125,0.0,0.0,0.0,0.0,1.9457201754385967,0.006718883359460373,3
16,2.375,0.0,0.0,0.0,0.0,1.990689649122807,0.007905666263150774,3
16,2.625,0.0,0.0,0.0,0.0,1.8411001754385967,0.009304166258018439,3
16,2.875,0.0,0.0,0.0,0.0,1.7874763157894737,0.01205782035708039,3
16,3.125,0.0,0.0,0.0,0.0,1.8970584210526313,0.01330647702241005,3
16,3.375,0.0,0.0,0.0,0.0,1.9559294736842103,0.014819157050829129,3
16,3.625,0.0,0.0,0.0,0.0,1.969181052631579,0.015172375216615198,3
16,3.875,0.0,0.0,0.0,0.0,1.9497442105263156,0.016367368562089472,3
16,4.125,0.0,0.0,0.0,0.0,1.9112873684210525,0.017477333021061112,3
16,4.375,0.0,0.0,0.0,0.0,1.8632631578947372,0.01816252342733201,3
16,4.625,0.0,0.0,6.141735263157894e-05,6.736752689295583e-06,1.8150485964912282,0.019927482608877434,3
16,4.875,0.0,0.0,0.07678023859649123,0.0005081435569826016,1.7772678947368419,0.021453215747947462,3
16,5.125,0.0,0.0,1.8591263157894735,0.002484177780039936,1.8573484210526316,0.022279534331896774,3
16,5.375,0.0,0.0,6.765920350877193,0.011656697862074879,2.1488633333333333,0.02280775089914077,3
16,5.625,0.0,0.0,9.432255964912281,0.011083628725782465,2.303056842105263,0.0242287011224169,3
16,5.875,0.0,0.0,8.376344736842105,0.01018633720032065,2.2210219298245613,0.02509528797130189,3
16,6.125,0.0,0.0,5.965493333333334,0.013057505756126147,2.0553412280701755,0.026272715183762757,3
16,6.375,0.0,0.0,3.8346978947368418,0.01296210703691995,1.9100085964912283,0.026490613492348433,3
16,6.625,0.0,0.0,2.4773447368421055,0.012996832563912,1.8160433333333337,0.026494375989336606,3
16,6.875,0.0,0.0,1.6715022807017546,0.01106422120295626,1.7570998245614033,0.026545542086730413,3
16,7.125,0.0,0.0,1.2140340350877195,0.010671401615279788,1.7209054385964915,0.02641389436941639,3
16,7.375,0.0,0.0,0.9743125263157895,0.009593330081741585,1.6984035087719296,0.0263186819264207,3
16,7.625,0.0,0.0,0.8685147017543859,0.009725649334113618,1.686124736842105,0.026796075190483343,3
16,7.875,0.0,0.0,0.8491085789473685,0.009647050278250868,1.6807761403508774,0.027450420083447995,3
16,8.125,0.0,0.0,0.8836007543859647,0.011243381098947269,1.6816421052631576,0.027938076771722862,3
16,8.375,0.0,0.0,0.9443707543859649,0.011807358795177912,1.6869317543859648,0.02864382150971139,3
16,8.625,0.0,0.0,1.0139500701754385,0.012267506576312774,1.6966285964912282,0.029853638151235016,3
16,8.875,0.0,0.0,1.0836751228070176,0.013421815075304329,1.7098505263157895,0.03063455113391366,3
16,9.125,0.0,0.0,1.1449601754385965,0.01503925756829785,1.7258292982456138,0.031582021898090125,3
16,9.375,0.0,0.0,1.197122105263158,0.016791633342923426,1.7441005263157896,0.03293322557000858,3
16,9.625,0.0,0.0,1.2385584210526315,0.01863206423691506,1.7639484210526313,0.033913472559628004,3
16,9.875,0.0,0.0,1.2714103508771928,0.022207350971709058,1.7843394736842109,0.03522252890384598,3
16,10.125,0.0010606937368421053,0.0005372241301581105,1.2952156140350877,0.022194270954898645,1.8047585964912283,0.03627893759581391,3
16,10.375,0.06763489298245613,0.004866022510968736,1.3135726315789473,0.022592641784186147,1.8233224561403512,0.03677888254880675,3
16,10.625,1.0753273684210525,0.029590275434942987,1.3258521052631578,0.02212654730962058,1.834964210526316,0.03747695998643114,3
16,10.875,4.811453684210527,0.05166932718673487,1.3353589473684206,0.0219944211679129,1.8295880701754388,0.038150644805112634,3
16,11.125,8.477982807017545,0.053305727252859515,1.3404052631578949,0.021598612772217685,1.7952350877192984,0.03832978470627527,3
16,11.375,7.888184210526315,0.05613344979897626,1.3416264912280702,0.020633667032417567,1.7309592982456141,0.03823959849359926,3
16,11.625,5.393287543859649,0.0731422901372735,1.3437073684210528,0.01935381945788717,1.6535103508771931,0.03788116115826812,3
16,11.875,3.3211154385964914,0.05789782479856264,1.3415352631578947,0.018713177284010202,1.5808780701754388,0.03747783088956889,3
16,12.125,2.116211052631579,0.03344307044590086,1.3419652631578947,0.017963661981916595,1.5229305263157897,0.037231054639206076,3
16,12.375,1.468504210526316,0.03387916303156407,1.3443529824561402,0.017204563210383553,1.4828664912280702,0.03683986169693338,3
16,12.625,1.1341186140350878,0.007616259283673937,1.35102649122807,0.01689926408890903,1.4594642105263158,0.036679518879930394,3
16,12.875,0.9940800877192982,0.012147761433206712,1.363659649122807,0.016272541120593096,1.4496375438596492,0.036949351679498456,3
16,13.125,0.9101895789473685,0.014078401995601928,1.3840270175438594,0.017419074432304834,1.4499970175438595,0.03729651264231741,3
16,13.375,0.8970617719298245,0.009888626547877534,1.4116263157894737,0.019043753912124598,1.4575880701754385,0.03781785637280408,3
16,13.625,0.9236044561403509,0.003346804867140181,1.444481754385965,0.020976445438144736,1.469371754385965,0.03841983996484076,3
16,13.875,0.9360088596491228,0.0008752802272109602,1.4818959649122807,0.022390410575723427,1.4827508771929825,0.039091086364002305,3
16,14.125,0.9448154736842106,0.02106358703355686,1.5200166666666668,0.023260828883705623,1.4965484210526316,0.039709321249430586,3
16,14.375,0.9643244561403507,0.01949728068698635,1.5585736842105262,0.024292018744845285,1.5092522807017543,0.04042530682184728,3
16,14.625,0.9694817719298245,0.009865175360457725,1.5939473684210528,0.02572845000766406,1.5205126315789474,0.04090674140903243,3
16,14.875,0.9753181754385966,0.03313278492489969,1.6260666666666665,0.026767477083663404,1.5297791228070174,0.04146631133666815,3
16,15.125,0.9832470175438598,0.03471649039966517,1.656068245614035,0.027497111935422553,1.5371707017543859,0.04198402471171809,3
16,15.375,0.9948236666666667,0.02065274926171089,1.6829468421052631,0.028719488748577906,1.5424319298245617,0.042083805173296344,3
16,15.625,1.0138624561403509,0.016173962584272176,1.7077780701754388,0.028171914595770405,1.5462273684210526,0.04222713038043441,3
16,15.875,0.997251456140351,0.007430502618907543,1.730739298245614,0.028609646712442677,1.5488301754385965,0.042253681291721475,3
16,16.125,0.9979369473684209,0.009804297591523872,1.7470226315789477,0.029010574144411244,1.5498638596491228,0.04210915191325778,3
16,16.375,1.01096401754386,0.0051103653260879825,1.7437964912280703,0.029053158094432534,1.5490349122807017,0.042089917739471544,3
16,16.625,1.0233072280701754,0.013474918944132368,1.7060143859649122,0.028769440293450188,1.5457363157894737,0.04185478902095833,3
16,16.875,1.023589596491228,0.012801633156599618,1.6357333333333335,0.02753303443661393,1.5400566666666666,0.04177557848960261,3
16,17.125,1.0433026140350876,0.015339674085024626,1.5485287719298244,0.02606254341428111,1.5330242105263157,0.04155735402650436,3
16,17.375,1.0536817017543858,0.01016953071787739,1.465468245614035,0.02490893094232357,1.5267324561403512,0.04139036668990169,3
16,17.625,1.0914572280701755,0.019336676830241095,1.398340350877193,0.02384491940455384,1.521937894736842,0.04117163942661005,3
16,17.875,1.115161684210526,0.005713956580374214,1.3532010526315787,0.023028287879460037,1.519412456140351,0.04115442786209269,3
16,18.125,1.1498215438596493,0.0023440825248588057,1.3277259649122808,0.022264615145925686,1.5187738596491227,0.0411396158300399,3
16,18.375,1.209239298245614,0.013989449502529129,1.3170726315789476,0.02259514328141472,1.5204119298245613,0.04099958899492941,3
16,18.625,1.3188291228070177,0.01038475188506572,1.3180407017543863,0.022942244117751573,1.5235652631578949,0.04111601626539792,3
16,18.875,1.4435454385964912,0.0313595662302916,1.3247984210526316,0.02301905294582349,1.5276935087719299,0.04123484066243932,3
16,19.125,1.5526000000000002,0.035903781164928164,1.3363950877192983,0.023733387449749885,1.5324691228070177,0.04140030728924849,3
16,19.375,1.634501052631579,0.033015447177867786,1.349023157894737,0.02466018528933141,1.5365610526315787,0.04130347885875522,3
16,19.625,1.6761650877192984,0.02470367682037791,1.3616243859649124,0.025152796372236278,1.5401259649122805,0.041368023660725166,3
16,19.875,1.6635066666666667,0.025191467631484388,1.373530350877193,0.025369258573688096,1.542265614035088,0.04126553142191932,3
16,20.125,1.6530750877192981,0.02892862985628,1.3831361403508773,0.02635772522622654,1.5429775438596494,0.040995525905768666,3
16,20.375,1.6449942105263158,0.03322724558157239,1.39093350877193,0.02615756560325715,1.5425301754385965,0.04082812562415954,3
16,20.625,1.6537477192982457,0.03763212733579871,1.3968931578947368,0.025685092978081955,1.5408926315789475,0.04038789114174184,3
16,20.875,1.6626515789473686,0.02681266017586428,1.4010571929824562,0.02524208375887379,1.5380363157894736,0.040063294126769976,3
16,21.125,1.6948140350877192,0.01341218335305954,1.4045349122807018,0.02490606115097321,1.5343852631578947,0.039738630592956944,3
16,21.375,1.7257352631578946,0.007222322365477485,1.4064591228070176,0.024766119040410588,1.529979298245614,0.039185823906868006,3
16,21.625,1.7619447368421053,0.0067901001886924136,1.407458070175439,0.024615146570545594,1.525142280701754,0.03873950243852349,3
16,21.875,1.7834315789473685,0.011484296323670087,1.4083384210526315,0.024021573318003333,1.5199254385964913,0.038230092922500625,3
16,22.125,1.7433664912280704,0.014066777073518855,1.4078992982456142,0.024025085483126228,1.5145428070175437,0.03786999293845361,3
16,22.375,1.6527054385964914,0.029165998893819794,1.4083350877192984,0.023408552920475785,1.5097389473684208,0.03752777406433077,3
16,22.625,1.5561629824561403,0.03258406293010346,1.4090059649122806,0.023015483231735002,1.5059545614035086,0.037218486238459775,3
16,22.875,1.4486550877192983,0.018380361706464076,1.4100452631578948,0.02287088427571374,1.503507192982456,0.03706110364251145,3
16,23.125,1.3564829824561404,0.008008693410579477,1.4131336842105267,0.022758473968966443,1.5024891228070174,0.036965226719118414,3
16,23.375,1.2915219298245613,0.020949730459851077,1.4199531578947369,0.02306682789267888,1.503271052631579,0.03694925179635224,3
16,23.625,1.2431398245614034,0.02058342886696007,1.4313882456140352,0.02304756815469907,1.5056322807017544,0.03695925564842396,3
16,23.875,1.2142342105263157,0.011140726522192763,1.4493043859649122,0.022653203427911175,1.5092671929824562,0.036907050627576245,3
16,24.125,1.2094526315789473,0.01625858822417852,1.4757354385964911,0.022166888408280114,1.5139621052631582,0.03693208673573135,3
16,24.375,1.1981401754385965,0.009818036150706094,1.5081071929824563,0.022053588340562133,1.5193961403508771,0.03699200299476608,3
16,24.625,1.202715789473684,0.00750220858832107,1.5350035087719298,0.021442387798969443,1.5244008771929825,0.0369706935953119,3
16,24.875,1.214834912280702,0.0010522045040064975,1.5439750877192984,0.021093468394880445,1.528039649122807,0.037093808649630834,3
16,0.125,0.0,0.0,0.0,0.0,0.0,0.0,3
16,0.375,0.0,0.0,0.0,0.0,0.0,0.0,3
16,0.625,0.0,0.0,0.0,0.0,0.0,0.0,3
16,0.875,0.0,0.0,0.0,0.0,0.10027107894736842,0.00038287543755545966,3
16,1.125,0.0,0.0,0.0,0.0,2.783894736842105,0.002597386320349305,3
16,1.375,0.0,0.0,0.0,0.0,4.430352807017544,0.004658352962560846,3
16,1.625,0.0,0.0,0.0,0.0,5.700325263157894,0.0041537837327250415,3
16,1.875,0.0,0.0,0.0,0.0,3.1172636842105264,0.003424528140117437,3
16,2.125,0.0,0.0,0.0,0.0,1.9509601754385966,0.005911543714803263,3
16,2.375,0.0,0.0,0.0,0.0,1.9930822807017545,0.00765530774815694,3
16,2.625,0.0,0.0,0.0,0.0,1.8434580701754386,0.010109235607480914,3
16,2.875,0.0,0.0,0.0,0.0,1.790162807017544,0.012026422137295828,3
16,3.125,0.0,0.0,0.0,0.0,1.9001122807017543,0.013741700601682656,3
16,3.375,0.0,0.0,0.0,0.0,1.958171052631579,0.015083156321433523,3
16,3.625,0.0,0.0,0.0,0.0,1.971244561403509,0.017249048043818806,3
16,3.875,0.0,0.0,0.0,0.0,1.951984912280702,0.018972247916696956,3
16,4.125,0.0,0.0,0.0,0.0,1.912978245614035,0.020552129312250728,3
16,4.375,0.0,0.0,0.0,0.0,1.8647014035087721,0.021616265952028563,3
16,4.625,0.0,0.0,5.945981754385964e-05,5.19066743243958e-06,1.817238947368421,0.022575462827673448,3
16,4.875,0.0,0.0,0.0761192912280702,0.0003997980132291467,1.7794317543859648,0.02383641999654677,3
16,5.125,0.0,0.0,1.8560959649122808,0.0029469180211418207,1.8593566666666668,0.024441514954011045,3
16,5.375,0.0,0.0,6.764146140350877,0.008686116338813705,2.1520943859649124,0.023861298994813998,3
16,5.625,0.0,0.0,9.440504912280701,0.00845129683299647,2.306405087719298,0.024782420952008274,3
16,5.875,0.0,0.0,8.386215614035088,0.0029209351116979343,2.225345789473684,0.02506109611906109,3
16,6.125,0.0,0.0,5.968116140350877,0.005466966024503819,2.0592717543859655,0.025874228683025566,3
16,6.375,0.0,0.0,3.835131578947369,0.00950673187153108,1.913378245614035,0.026206166062088084,3
16,6.625,0.0,0.0,2.4756415789473682,0.005865233372299629,1.8190114035087719,0.026482082112384665,3
16,6.875,0.0,0.0,1.671949649122807,0.007110154915610445,1.7598301754385963,0.02740414145775475,3
16,7.125,0.0,0.0,1.2144759649122807,0.006421246478715296,1.7232585964912281,0.027732796237207973,3
16,7.375,0.0,0.0,0.9750236842105262,0.008436993985346397,1.7011903508771933,0.028187448436654203,3
16,7.625,0.0,0.0,0.8694697543859649,0.00960315425753754,1.6883070175438597,0.028677516728484807,3
16,7.875,0.0,0.0,0.850707350877193,0.011415008732478976,1.6829743859649122,0.029086985810699927,3
16,8.125,0.0,0.0,0.8850942631578947,0.013489647336774352,1.6838726315789474,0.029489346706221595,3
16,8.375,0.0,0.0,0.9466575087719299,0.014310538263310022,1.689859649122807,0.030323850153801412,3
16,8.625,0.0,0.0,1.017879894736842,0.01576568140284558,1.6997559649122806,0.031024063714028577,3
16,8.875,0.0,0.0,1.0876765789473684,0.017528372239871595,1.7132471929824558,0.03213854797574917,3
16,9.125,0.0,0.0,1.1489742105263157,0.019821194118622067,1.7295701754385966,0.03298670373264953,3
16,9.375,0.0,0.0,1.2001414035087719,0.020245877235359238,1.747751052631579,0.03389235348218534,3
16,9.625,0.0,0.0,1.2388989473684209,0.020397969676996617,1.7673587719298245,0.03487229806008453,3
16,9.875,0.0,0.0,1.2706791228070176,0.022018813232437633,1.7875533333333333,0.035886665237798314,3
16,10.125,0.000811118596491228,0.00019582429604176707,1.2945057894736844,0.022606841768297567,1.8078729824561404,0.03693337269365987,3
16,10.375,0.0630621456140351,0.004719864702116463,1.312302105263158,0.022343966830883202,1.8266177192982456,0.03776298370357374,3
16,10.625,1.0727563508771931,0.02277788923253889,1.3252387719298246,0.022466672904147677,1.8381924561403507,0.038795985385810326,3
16,10.875,4.844205087719298,0.045771953916597496,1.3348415789473684,0.02386695381087679,1.833046666666667,0.03974218667516416,3
16,11.125,8.425779649122807,0.03897973798140958,1.34051350877193,0.02313396827104096,1.7982852631578943,0.040103908951673053,3
16,11.375,7.908669649122807,0.06936064850144998,1.3428503508771932,0.02351035740136762,1.7340077192982457,0.040046589977824086,3
16,11.625,5.4017599999999995,0.021842802897334902,1.3437880701754388,0.022291271309824078,1.6562875438596494,0.03993012558391761,3
16,11.875,3.3427203508771934,0.06953675326297033,1.3426717543859652,0.023148930642787405,1.5835071929824565,0.03968626551599856,3
16,12.125,2.1254242105263157,0.03778585991615061,1.3436412280701757,0.0221984980581052,1.5252687719298246,0.03925463394687923,3
16,12.375,1.4801064912280701,0.007201331701167205,1.34555649122807,0.021668197124723846,1.4848643859649122,0.039105732247507095,3
16,12.625,1.1400811929824564,0.012796574774307722,1.3517270175438598,0.02187758473037998,1.4613557894736842,0.03917946805512012,3
16,12.875,0.997754842105263,0.02147130570229505,1.3646926315789474,0.02136646099817015,1.4515973684210526,0.0396408079909043,3
16,13.125,0.9284425263157895,0.0255474910937571,1.3842426315789471,0.020804352108793646,1.4520166666666665,0.040056815995851015,3
16,13.375,0.9079946140350876,0.011369455467423533,1.4121180701754383,0.021260057922077753,1.4594208771929826,0.040541716227019756,3
16,13.625,0.9068553157894739,0.01340541498939353,1.445295263157895,0.02115186431909943,1.4710436842105263,0.04110369530221931,3
16,13.875,0.9260883684210525,0.013993330971328122,1.4823235087719298,0.021688569066024548,1.4845540350877193,0.04152839042764883,3
16,14.125,0.9352877368421052,0.02296475482514734,1.522228947368421,0.02219483761610292,1.498205964912281,0.041963072330285144,3
16,14.375,0.9518994385964913,0.026724954614022738,1.5599240350877193,0.02304766458679737,1.510996315789474,0.0422549316326046,3
16,14.625,0.95365450877193,0.027612759290096493,1.5961561403508773,0.02363339126537638,1.5220657894736842,0.042618151324820955,3
16,14.875,0.9602529473684212,0.03128526105990377,1.62908649122807,0.023791085934861955,1.531183157894737,0.04272199909038507,3
16,15.125,0.9583655263157894,0.02277210401862114,1.6600608771929826,0.024865549836415642,1.5384252631578947,0.042992732087796415,3
16,15.375,0.9733019824561403,0.03131805012890946,1.6881626315789473,0.025338520841040154,1.5440701754385966,0.04317923076868461,3
16,15.625,0.9868837017543859,0.009664390510607572,1.713037192982456,0.0266285700274187,1.5480077192982458,0.04332348531394519,3
16,15.875,0.9926072280701757,0.022716751157810803,1.7352522807017543,0.026947055728494516,1.5507045614035089,0.04331814725806426,3
16,16.125,1.0119614736842104,0.01588266910963545,1.7502122807017546,0.027126178169334696,1.5519345614035087,0.043291422688132714,3
16,16.375,1.0221059824561403,0.02766697798379746,1.745365087719298,0.028590110624940324,1.5510654385964913,0.04353220918190693,3
16,16.625,1.040169754385965,0.02356782720753206,1.706977192982456,0.03023784291117994,1.5476405263157897,0.043583392342595915,3
16,16.875,1.0412619298245616,0.0050219166817569594,1.6356663157894735,0.029573341864430218,1.5417115789473685,0.04343534018418616,3
16,17.125,1.0503456140350875,0.01074798760371913,1.548801403508772,0.029249082239970838,1.5347366666666666,0.04338059772279911,3
16,17.375,1.070439894736842,0.00421188236211755,1.464868947368421,0.027430797329010784,1.5282612280701755,0.04314539245599223,3
16,17.625,1.086577,0.01310570368533169,1.3982310526315789,0.02593926135049034,1.5235343859649124,0.04272558479843339,3
16,17.875,1.1068872105263157,0.01911136905508713,1.3521291228070176,0.02545297125618014,1.5206552631578945,0.04242768537019861,3
16,18.125,1.153987456140351,0.015203308930203541,1.3272121052631578,0.025323914080898614,1.520262105263158,0.04217750247745171,3
16,18.375,1.2187254385964912,0.025941672170496918,1.316611403508772,0.025633466533519854,1.52163649122807,0.04181436526194251,3
16,18.625,1.318665087719298,0.01580531622364802,1.317197543859649,0.025882297027412376,1.5246357894736844,0.04154407259606418,3
16,18.875,1.437627192982456,0.010633642237977754,1.3249392982456139,0.025272508212384272,1.5288536842105263,0.04125137772455101,3
16,19.125,1.5717228070175437,0.016586919744709074,1.3358091228070175,0.025187908109401823,1.5333515789473686,0.04113019599206092,3
16,19.375,1.6360798245614034,0.006423085475354035,1.348674035087719,0.0253614744086331,1.5376515789473684,0.04116113144494769,3
16,19.625,1.6684029824561406,0.007624309875474153,1.3609626315789474,0.025538855360972335,1.541108070175439,0.04114965525354227,3
16,19.875,1.6650994736842104,0.019180518254653348,1.3724064912280702,0.02538908169860247,1.54319,0.0411292346909154,3
16,20.125,1.6541884210526316,0.021141668893906423,1.3824573684210526,0.0260833963312601,1.5441500000000001,0.040999530116894015,3
16,20.375,1.6650140350877194,0.030267549930977976,1.3906678947368423,0.025652101859780556,1.5437331578947369,0.04084649869885644,3
16,20.625,1.6674482456140352,0.025435007111561003,1.3974842105263157,0.025393495408252597,1.5423164912280702,0.040562356642871715,3
16,20.875,1.687205789473684,0.03221059731674317,1.4030240350877194,0.02537092003536839,1.5396552631578946,0.04028742727336368,3
16,21.125,1.7175919298245612,0.026954257673135217,1.4069452631578947,0.024851634315724673,1.5360961403508773,0.0399153879484519,3
16,21.375,1.7465949122807016,0.019789974146029902,1.4088112280701754,0.024915412271669785,1.531630701754386,0.03976115912710298,3
16,21.625,1.7562477192982453,0.031782910349335954,1.4105391228070177,0.024896114610193792,1.5264429824561405,0.03937394349655223,3
16,21.875,1.7697798245614031,0.03035427023321757,1.4105966666666665,0.023682923576470952,1.52113649122807,0.03888614513356548,3
16,22.125,1.7364970175438597,0.030268908733021307,1.410244385964912,0.02350621332502332,1.515578947368421,0.038705719507875706,3
16,22.375,1.6591056140350877,0.027246914656996333,1.409093859649123,0.022693520458293974,1.5105877192982458,0.03818857482001169,3
16,22.625,1.5477559649122805,0.011803209748074032,1.4089324561403507,0.021852634893069024,1.506827719298246,0.03777521021030513,3
16,22.875,1.4350128070175439,0.014978037139518105,1.4100694736842108,0.021897535853476455,1.5043524561403512,0.03741360035434061,3
16,23.125,1.3486771929824561,0.020649559589352495,1.412793859649123,0.020884774443846194,1.5035887719298244,0.037139857471301684,3
16,23.375,1.285546140350877,0.02001862900790445,1.4189496491228069,0.02104896801603005,1.5044322807017545,0.03698259506864952,3
16,23.625,1.2315728070175438,0.010677078548948511,1.4302631578947367,0.02024763227952957,1.506803333333333,0.03682220571437712,3
16,23.875,1.2088275438596492,0.014508261169651536,1.44834649122807,0.020276054944794817,1.510438947368421,0.03679121302265879,3
16,24.125,1.1972238596491227,0.005266687594193911,1.475175964912281,0.020568704231980692,1.5151747368421054,0.03688264008462768,3
16,24.375,1.1940756140350877,0.013421136596458001,1.5069224561403507,0.021057742512651877,1.5203636842105264,0.03708717911688152,3
16,24.625,1.1934808771929823,0.018432724374186492,1.5347015789473684,0.021004923614868984,1.5253478947368422,0.037251715916033004,3
16,24.875,1.2022961403508772,0.0060704747112108985,1.5445815789473682,0.02112999949964599,1.5289991228070174,0.037524414216561705,3
16,0.125,0.0,0.0,0.0,0.0,0.0,0.0,3
16,0.375,0.0,0.0,0.0,0.0,0.0,0.0,3
16,0.625,0.0,0.0,0.0,0.0,0.0,0.0,3
16,0.875,0.0,0.0,0.0,0.0,0.09964448771929825,0.0006490647123221055,3
16,1.125,0.0,0.0,0.0,0.0,2.7789929824561406,0.006837048662294672,3
16,1.375,0.0,0.0,0.0,0.0,4.429436140350877,0.0051614374216205254,3
16,1.625,0.0,0.0,0.0,0.0,5.703124385964913,0.0059685730098129625,3
16,1.875,0.0,0.0,0.0,0.0,3.119269298245614,0.008513965945905434,3
16,2.125,0.0,0.0,0.0,0.0,1.9521750877192983,0.012030324982107965,3
16,2.375,0.0,0.0,0.0,0.0,1.995942456140351,0.01514319768320512,3
16,2.625,0.0,0.0,0.0,0.0,1.8480838596491227,0.017037922274877215,3
16,2.875,0.0,0.0,0.0,0.0,1.7949698245614034,0.019719904481222315,3
16,3.125,0.0,0.0,0.0,0.0,1.9053396491228067,0.0209328830297213,3
16,3.375,0.0,0.0,0.0,0.0,1.965219298245614,0.023229114092458942,3
16,3.625,0.0,0.0,0.0,0.0,1.9785501754385963,0.024159927645739022,3
16,3.875,0.0,0.0,0.0,0.0,1.9596898245614034,0.024504796501605697,3
16,4.125,0.0,0.0,0.0,0.0,1.9212233333333335,0.02560892666795407,3
16,4.375,0.0,0.0,0.0,0.0,1.87292649122807,0.02533300114959347,3
16,4.625,0.0,0.0,6.36195701754386e-05,5.821368731568971e-06,1.8246398245614035,0.02550167031023435,3
16,4.875,0.0,0.0,0.07666725789473683,0.0005094683823850495,1.78662350877193,0.025842884378627008,3
16,5.125,0.0,0.0,1.8582101754385967,0.0011010727861472144,1.866510701754386,0.026280205001980826,3
16,5.375,0.0,0.0,6.7797087719298235,0.0035300531211969696,2.1588359649122806,0.026756084905505094,3
16,5.625,0.0,0.0,9.465299473684212,0.023594165346793153,2.3137743859649125,0.028751832689054513,3
16,5.875,0.0,0.0,8.398959824561402,0.024175987584477157,2.2303435087719294,0.029733115693649212,3
16,6.125,0.0,0.0,5.973688596491229,0.019920402085989372,2.06380649122807,0.030622688678931354,3
16,6.375,0.0,0.0,3.8367763157894736,0.013602062598194709,1.9175643859649123,0.03101845381792154,3
16,6.625,0.0,0.0,2.4764873684210524,0.009831282312666811,1.8218973684210527,0.030796557964424202,3
16,6.875,0.0,0.0,1.6708621052631578,0.007335873240163814,1.7621626315789474,0.0313276281941886,3
16,7.125,0.0,0.0,1.2150457894736841,0.006852015993586556,1.7254526315789471,0.03145621400662591,3
16,7.375,0.0,0.0,0.9761786491228072,0.0077518484634827274,1.7021878947368423,0.031593755799843824,3
16,7.625,0.0,0.0,0.8713846140350877,0.007728841603291983,1.6890922807017545,0.031886017710808255,3
16,7.875,0.0,0.0,0.8548164210526314,0.008073687575081092,1.6834573684210525,0.032360666938856544,3
16,8.125,0.0,0.0,0.8881925263157896,0.009993031504413418,1.6835512280701754,0.032616387777886224,3
16,8.375,0.0,0.0,0.9498157017543861,0.012531169110382623,1.688880350877193,0.033265865880036126,3
16,8.625,0.0,0.0,1.0213098947368422,0.013755207594865279,1.6985512280701753,0.03355454170093257,3
16,8.875,0.0,0.0,1.0903075087719298,0.015574646959879977,1.7116736842105265,0.033957343490267106,3
16,9.125,0.0,0.0,1.1517114035087719,0.01690097361154548,1.727931754385965,0.03452752112341217,3
16,9.375,0.0,0.0,1.2025549122807018,0.017670186462728107,1.745994912280702,0.0350507579351031,3
16,9.625,0.0,0.0,1.2434015789473685,0.019094180406407396,1.7661136842105263,0.035520253572439854,3
16,9.875,0.0,0.0,1.2734307017543858,0.020549415182128484,1.7864389473684212,0.036264159197339066,3
16,10.125,0.0010042422807017542,0.0002735048416621162,1.2961164912280703,0.021863215612579256,1.8069947368421058,0.036780594609071626,3
16,10.375,0.06957889122807016,0.005698491811992462,1.313623157894737,0.022407047714003318,1.8262307017543857,0.03744242050958361,3
16,10.625,1.0814118245614035,0.012026225446881773,1.324458245614035,0.023263148465241298,1.8382842105263155,0.038161300365868706,3
16,10.875,4.909478421052632,0.048959922760863236,1.3332538596491228,0.023664918342820494,1.8333870175438596,0.03874632773194924,3
16,11.125,8.517703333333335,0.08031830736934463,1.3386673684210528,0.02480260209221572,1.7988678947368422,0.039277973826121686,3
16,11.375,7.953252456140351,0.03724849446183927,1.3408675438596491,0.025032583723852087,1.7344271929824562,0.03884492630209503,3
16,11.625,5.394603684210526,0.020394154699104487,1.3412663157894738,0.024886689701211606,1.6567456140350876,0.03846376155753392,3
16,11.875,3.2965073684210524,0.010804362640968635,1.3403056140350877,0.024784966649295748,1.583360350877193,0.037845425190078184,3
16,12.125,2.102148421052632,0.023046433353226575,1.3396685964912283,0.023875283395545333,1.52496,0.037233083383539464,3
16,12.375,1.4539707017543861,0.013923675449093561,1.340788596491228,0.023505878800767245,1.4844410526315788,0.037202114290237356,3
16,12.625,1.1358372807017545,0.013110700859996731,1.3466529824561404,0.022711295692821556,1.4607519298245615,0.03734094596900655,3
16,12.875,0.9676478421052632,0.0062533526910062785,1.358806666666667,0.022190871374525335,1.4508401754385964,0.03743687168374321,3
16,13.125,0.9143235263157895,0.002532769568290182,1.3790528070175438,0.02210462275318526,1.451420701754386,0.037820068205442633,3
16,13.375,0.8843305438596492,0.0028198031552593315,1.4070447368421053,0.0222454755004265,1.4588768421052631,0.03838689097234377,3
16,13.625,0.8903462280701754,0.0034991870155472904,1.4410817543859649,0.02237393457883539,1.4704066666666666,0.038767955473845164,3
16,13.875,0.9056846315789473,0.02161264408654843,1.4789922807017544,0.021650301243197705,1.4839384210526319,0.03895922405853124,3
16,14.125,0.9236651052631578,0.02286773086673735,1.5190471929824563,0.022372879367189732,1.4975696491228068,0.03934252143260085,3
16,14.375,0.9335965789473684,0.028217553282360405,1.558663859649123,0.02236119195189252,1.5103622807017543,0.03947365923819874,3
16,14.625,0.9480263859649124,0.019907787736419366,1.5956373684210525,0.022021952914239327,1.5214603508771927,0.03976906720828915,3
16,14.875,0.9504707368421054,0.026919874404873284,1.6297105263157894,0.021196170789563765,1.5304736842105262,0.03998089447001322,3
16,15.125,0.9622759122807018,0.027724274971926414,1.6602859649122808,0.021594045109236647,1.5375619298245615,0.0403023196322983,3
16,15.375,0.9733352105263157,0.026122168158660215,1.6863708771929822,0.02171732819481256,1.5427892982456142,0.04037947278972633,3
16,15.625,0.987433789473684,0.02650209614528957,1.7110712280701756,0.022493531366583885,1.5466907017543858,0.04022928873449934,3
16,15.875,0.9934052807017544,0.009328769265647728,1.7340640350877192,0.02391830182911032,1.549212807017544,0.040542700015300324,3
16,16.125,1.0113901403508772,0.004452700224748362,1.7501485964912282,0.025473664572753473,1.550473859649123,0.04051706026990041,3
16,16.375,1.0274246666666669,0.016968700128377083,1.7461333333333335,0.02675209362396903,1.5496675438596492,0.04045808674735356,3
16,16.625,1.035665596491228,0.01670061866068858,1.7079105263157894,0.02715467284370014,1.5461043859649122,0.04058587137854194,3
16,16.875,1.0395653333333332,0.016600397436549324,1.637369649122807,0.026663227870380495,1.5402091228070176,0.04038527013897775,3
16,17.125,1.0729146140350878,0.013781601884435604,1.5492063157894738,0.025936493578912374,1.53343,0.04015441261719057,3
16,17.375,1.0622375438596492,0.011565838344294001,1.4647857894736844,0.023713590074075586,1.5269199999999998,0.03968184671865426,3
16,17.625,1.079312894736842,0.001395366417985974,1.397491052631579,0.022270053981519846,1.5218985964912282,0.03929549114406905,3
16,17.875,1.1240074210526314,0.0074827282457670405,1.351445789473684,0.021907124814456887,1.519174210526316,0.03914440217695649,3
16,18.125,1.1608178947368424,0.013263428993330634,1.3250673684210528,0.021250306399398695,1.5187008771929824,0.03877693987397076,3
16,18.375,1.2148419298245612,0.014521623856637978,1.3147785964912282,0.021180673521148365,1.5201500000000001,0.03869852331234198,3
16,18.625,1.309670350877193,0.015356897291740106,1.3159822807017545,0.02162324439399647,1.5234371929824562,0.03860120000941431,3
16,18.875,1.4482170175438596,0.01605510020899384,1.3236447368421052,0.021662982391494192,1.527924912280702,0.03842621479700716,3
16,19.125,1.5693307017543858,0.013630640151465598,1.3346761403508773,0.021936143893716186,1.5326582456140352,0.038457045965134024,3
16,19.375,1.644971754385965,0.01989405492349041,1.348152280701754,0.022358090255584953,1.5372077192982456,0.03827920779804676,3
16,19.625,1.686914210526316,0.022692589554374143,1.3603792982456142,0.022532425767262828,1.5407785964912282,0.03813478831028947,3
16,19.875,1.6706868421052634,0.0287443373973026,1.372205438596491,0.02359707797744375,1.5430357894736844,0.038027867681560364,3
16,20.125,1.6613970175438597,0.005995756029581688,1.3819059649122807,0.023383026075855528,1.5439035087719297,0.037928855942157606,3
16,20.375,1.6518401754385967,0.009666317875071545,1.3898068421052632,0.022922081000960274,1.5434959649122806,0.037798735023886386,3
16,20.625,1.655079298245614,0.021755538267444634,1.3962691228070174,0.023079594527057712,1.5417898245614035,0.037697949885190346,3
16,20.875,1.6654084210526319,0.03385064341013009,1.4011487719298241,0.023297619034852925,1.5390233333333334,0.03772232966031584,3
16,21.125,1.7029987719298247,0.031231455913443756,1.4042391228070177,0.022461652136075285,1.535336842105263,0.03767635754939967,3
16,21.375,1.7221991228070177,0.030908945184164115,1.4062452631578948,0.022618520234925558,1.5308057894736844,0.03761667727283936,3
16,21.625,1.7626601754385967,0.017380873602609967,1.407076140350877,0.022293314420163364,1.5258994736842106,0.03757399239287442,3
16,21.875,1.7840659649122805,0.015130190107633648,1.4074543859649122,0.02255216808602054,1.5205466666666663,0.037414533212871755,3
16,22.125,1.7584259649122806,0.01731961832746099,1.4072687719298245,0.022753833248166978,1.5152024561403508,0.037296543645874196,3
16,22.375,1.6743391228070177,0.02015411961046681,1.406661403508772,0.023157395833275515,1.5103456140350877,0.03707752443656562,3
16,22.625,1.5619935087719297,0.020264971736240037,1.4063189473684208,0.02330746863920441,1.5063335087719298,0.03685992119191158,3
16,22.875,1.4409943859649124,0.0172007514509416,1.4079319298245612,0.023122241391532343,1.5037684210526312,0.03665541672207865,3
16,23.125,1.3436314035087717,0.020800503622238363,1.4108224561403508,0.02303867154147161,1.502750701754386,0.036631457575251096,3
16,23.375,1.271135438596491,0.01556186513289077,1.4176168421052633,0.02335473729677329,1.503501578947369,0.0366253665658781,3
16,23.625,1.2241687719298244,0.0187206608935303,1.429516666666667,0.022629095972864166,1.5058356140350877,0.03675662085153519,3
16,23.875,1.1982949122807016,0.02574345147557022,1.447597192982456,0.02183208784166114,1.5093608771929823,0.03664598212589035,3
16,24.125,1.1866559649122808,0.007230786140220305,1.4748907017543857,0.021530463042924143,1.514182456140351,0.03690992595300828,3
16,24.375,1.1869019298245613,0.010071726792295501,1.5076280701754385,0.02116627039129989,1.5196578947368422,0.03705986154292536,3
16,24.625,1.1874961403508772,0.009217188190601671,1.535418947368421,0.021048632409631528,1.524688596491228,0.037074904067355,3
16,24.875,1.193222807017544,0.007301038281483653,1.545061754385965,0.0211728032372222,1.5283847368421053,0.037394744118917356,3
16,0.125,0.0,0.0,0.0,0.0,0.0,0.0,3
16,0.375,0.0,0.0,0.0,0.0,0.0,0.0,3
16,0.625,0.0,0.0,0.0,0.0,0.0,0.0,3
16,0.875,0.0,0.0,0.0,0.0,0.09955678070175439,0.0006260828159406105,3
16,1.125,0.0,0.0,0.0,0.0,2.780956842105263,0.003888731714714739,3
16,1.375,0.0,0.0,0.0,0.0,4.428379824561403,0.004416111740604376,3
16,1.625,0.0,0.0,0.0,0.0,5.703569824561403,0.005167266000445678,3
16,1.875,0.0,0.0,0.0,0.0,3.1203829824561407,0.006797937364828344,3
16,2.125,0.0,0.0,0.0,0.0,1.9536668421052632,0.009444980619907934,3
16,2.375,0.0,0.0,0.0,0.0,1.9968249122807016,0.011840194912839237,3
16,2.625,0.0,0.0,0.0,0.0,1.8466987719298247,0.014957355030161953,3
16,2.875,0.0,0.0,0.0,0.0,1.793648245614035,0.016806789999558116,3
16,3.125,0.0,0.0,0.0,0.0,1.9043377192982456,0.01882087259192791,3
16,3.375,0.0,0.0,0.0,0.0,1.9639547368421055,0.020607260278292322,3
16,3.625,0.0,0.0,0.0,0.0,1.977477894736842,0.021831706097685925,3
16,3.875,0.0,0.0,0.0,0.0,1.9581701754385963,0.022065261903884963,3
16,4.125,0.0,0.0,0.0,0.0,1.9193340350877193,0.022280545163146554,3
16,4.375,0.0,0.0,0.0,0.0,1.8711907017543863,0.02221968167641396,3
16,4.625,0.0,0.0,6.557710350877192e-05,2.8325133255005528e-06,1.8231024561403508,0.022756602265964484,3
16,4.875,0.0,0.0,0.07673531228070175,0.00022884117296464166,1.7847684210526313,0.02301983229424209,3
16,5.125,0.0,0.0,1.8560847368421056,0.0014660585283320206,1.8652587719298246,0.0231828321964512,3
16,5.375,0.0,0.0,6.769875263157895,0.0029281522383474688,2.15745298245614,0.024069587824651784,3
16,5.625,0.0,0.0,9.449893333333334,0.008654426867294068,2.3115950877192986,0.025544540129744303,3
16,5.875,0.0,0.0,8.388149649122807,0.017318008732809875,2.228963333333333,0.026636273472694174,3
16,6.125,0.0,0.0,5.96886649122807,0.017449659537503156,2.0624992982456143,0.027315363422743922,3
16,6.375,0.0,0.0,3.837453157894737,0.015782032041683998,1.9160910526315786,0.027899656805442846,3
16,6.625,0.0,0.0,2.477254385964912,0.011544075801847435,1.820518947368421,0.028373181945978668,3
16,6.875,0.0,0.0,1.6752426315789473,0.010296394074266644,1.7612156140350876,0.029430725479974457,3
16,7.125,0.0,0.0,1.2171991228070176,0.009031719852633856,1.7237905263157893,0.030289116275117732,3
16,7.375,0.0,0.0,0.9766231228070176,0.009320560362676658,1.700718771929825,0.031355189050521835,3
16,7.625,0.0,0.0,0.8729846140350878,0.00956755692605974,1.6880466666666667,0.031797597679061214,3
16,7.875,0.0,0.0,0.8548484035087718,0.010748298191678284,1.6826371929824562,0.032821157133098716,3
16,8.125,0.0,0.0,0.8893241754385964,0.010400025385413082,1.682992807017544,0.03345469789620837,3
16,8.375,0.0,0.0,0.9500830175438596,0.012669633088495714,1.6882701754385963,0.03382057570697335,3
16,8.625,0.0,0.0,1.0203896140350877,0.014316160394854907,1.697723157894737,0.034566648412250475,3
16,8.875,0.0,0.0,1.089070754385965,0.015147852175585789,1.7106417543859649,0.034818492243245555,3
16,9.125,0.0,0.0,1.1508575438596493,0.016492970271915066,1.7266196491228067,0.03503439558391781,3
16,9.375,0.0,0.0,1.2022561403508771,0.017509417934501573,1.7446908771929825,0.03554609506401218,3
16,9.625,0.0,0.0,1.2428473684210528,0.017729057050407136,1.7643254385964913,0.03587181739164277,3
16,9.875,0.0,0.0,1.2739519298245614,0.018890390373035408,1.784992456140351,0.03656648358231708,3
16,10.125,0.0006506776842105263,0.00012024856179065189,1.297151403508772,0.01949729552158968,1.805396842105263,0.036741448806325155,3
16,10.375,0.07029762280701754,0.001695475999244333,1.314109298245614,0.019665079456116875,1.8243563157894738,0.03756892001212139,3
16,10.625,1.0920400526315788,0.008887729586262246,1.326934210526316,0.01983558563838549,1.8365482456140347,0.038231971543151305,3
16,10.875,4.847021052631579,0.017376960404759816,1.3345784210526317,0.020996038359116013,1.831564385964912,0.038761735161259366,3
16,11.125,8.460289824561405,0.057226928506796046,1.3394175438596492,0.020972400032593465,1.797280701754386,0.039079384448695,3
16,11.375,7.926510701754386,0.07080697244925835,1.3415378947368424,0.021652916982485917,1.7331528070175437,0.03909266122260113,3
16,11.625,5.416596666666667,0.04682179573579933,1.3403822807017545,0.022462947977172933,1.6553350877192983,0.03874897639927239,3
16,11.875,3.3554324561403512,0.01749514640691289,1.3388471929824561,0.02347590212688256,1.5820187719298247,0.03825492824293712,3
16,12.125,2.1050056140350875,0.004001871453558798,1.3371038596491227,0.02398054176704633,1.5235036842105263,0.03787616428886764,3
16,12.375,1.4518622807017543,0.011127988864344416,1.3382238596491227,0.025187426557138636,1.4827649122807014,0.03793844576057672,3
16,12.625,1.1285425438596492,0.014473139041811333,1.3452236842105263,0.025158578908703228,1.4593061403508771,0.037914426712929994,3
16,12.875,0.9914616315789474,0.026347467313599368,1.3576107017543861,0.024571229692333656,1.4495494736842105,0.038102503091375035,3
16,13.125,0.9345551403508772,0.017426307474250977,1.3773247368421053,0.02471718970001792,1.450162456140351,0.038273254743825424,3
16,13.375,0.8939370175438596,0.011982329943159127,1.405274035087719,0.023922524449860455,1.4577522807017542,0.0384353652008471,3
16,13.625,0.9086340350877192,0.014040528432096574,1.439287894736842,0.023827293811479567,1.4697654385964913,0.038736992050943046,3
16,13.875,0.9220222280701754,0.01797961552182665,1.4773566666666669,0.02340891529123771,1.48344,0.0391943252082728,3
16,14.125,0.9258161578947369,0.016782289265688106,1.5178029824561403,0.02204866652095803,1.4973219298245615,0.03929261503836052,3
16,14.375,0.9385931052631579,0.01879206524164304,1.5563849122807019,0.021589443781503504,1.51034,0.03961765137488171,3
16,14.625,0.9509172631578947,0.013669289208187186,1.5933612280701757,0.020563862269910173,1.5217080701754384,0.03957967702139434,3
16,14.875,0.9637456842105264,0.011032046639091572,1.627546140350877,0.01945011562075696,1.531017192982456,0.03966604827609876,3
16,15.125,0.9536040701754386,0.02138142508599249,1.6581345614035088,0.020502681442239153,1.5382671929824563,0.039620376218505546,3
16,15.375,0.9734067192982456,0.02099449813009795,1.6855885964912283,0.021105543832991184,1.5437954385964912,0.03959793541894454,3
16,15.625,0.9811197719298246,0.027398830443841345,1.7106122807017545,0.021695550251328223,1.547650350877193,0.03938420045983248,3
16,15.875,0.9924004210526315,0.02616354757307373,1.733214210526316,0.023004574401583024,1.5500878947368422,0.039389840319634314,3
16,16.125,1.0093602280701754,0.013795673994843077,1.7482963157894738,0.024370618706556105,1.551083859649123,0.03946587321393025,3
16,16.375,1.0197564736842106,0.016110588693861814,1.7449275438596494,0.025251392912343327,1.5503343859649126,0.03945046389861518,3
16,16.625,1.0170656491228072,0.02347275786097313,1.7076528070175439,0.02518857197868991,1.5466747368421052,0.039360797960235575,3
16,16.875,1.0167983859649121,0.0161258043445496,1.636981403508772,0.02509917331461852,1.5409085964912281,0.03923595451084824,3
16,17.125,1.0398947017543858,0.013764579644276373,1.549170701754386,0.024253567272753785,1.5339138596491229,0.03923447122005747,3
16,17.375,1.0551379824561404,0.022768165690400074,1.464673859649123,0.02353282722141384,1.5273129824561404,0.03905156888499096,3
16,17.625,1.0844265614035085,0.01731377031006378,1.3974519298245613,0.02206733103166734,1.5223947368421051,0.03871610213519616,3
16,17.875,1.105012947368421,0.0203452828654997,1.3515643859649122,0.021319498162674328,1.5196980701754388,0.038452988412897515,3
16,18.125,1.1628351403508772,0.018704414218033105,1.325940701754386,0.021781245778228087,1.519271578947368,0.03833585380529076,3
16,18.375,1.2321067719298247,0.016959031228610463,1.316321052631579,0.021364202024941468,1.5207980701754387,0.03819199682261813,3
16,18.625,1.3232680701754385,0.007051403537143726,1.3170401754385963,0.021400980886095777,1.5240950877192982,0.03824378616346649,3
16,18.875,1.4508224561403509,0.009624223615923355,1.3243652631578946,0.020998179422468326,1.5282154385964912,0.038066217528919935,3
16,19.125,1.5699640350877193,0.019981461700684145,1.3359903508771929,0.020536116573070324,1.5329745614035089,0.037941194296212816,3
16,19.375,1.6558766666666669,0.00906259992101655,1.3488085964912282,0.020784304595369247,1.537331403508772,0.037713809199138575,3
16,19.625,1.6728424561403508,0.004182966301454221,1.3616328070175439,0.02062544769410683,1.5406443859649122,0.037450433567478326,3
16,19.875,1.6612301754385965,0.0033590666253310855,1.373158245614035,0.020247519074833346,1.5427564912280702,0.0374217912462781,3
16,20.125,1.6464171929824563,0.0031275673652030587,1.3832800000000003,0.019880928504227603,1.5435198245614032,0.03724933983397668,3
16,20.375,1.6549424561403507,0.011084434381816225,1.3910733333333332,0.01979326495193965,1.5430336842105266,0.03711779966892216,3
16,20.625,1.6657670175438597,0.008134693281244844,1.3972110526315789,0.020546370989775537,1.5414826315789474,0.03728631941493387,3
16,20.875,1.6748031578947369,0.00585561890502199,1.4024950877192983,0.020403608005370315,1.5386935087719298,0.037335652163839744,3
16,21.125,1.691188596491228,0.0209962015750145,1.4051056140350875,0.02024397323917561,1.5349289473684211,0.0373798317221367,3
16,21.375,1.7325489473684208,0.03883201590781062,1.40716,0.020755575735202467,1.5307412280701753,0.037411017919084834,3
16,21.625,1.7626877192982455,0.04084902474920183,1.407157894736842,0.021196895088750837,1.52554701754386,0.03753668841496547,3
16,21.875,1.7767243859649124,0.03961499443153297,1.4064617543859648,0.022280362185559937,1.5200991228070173,0.037575316391326295,3
16,22.125,1.748070350877193,0.020797277426464953,1.4064826315789476,0.022460402423115946,1.5148245614035087,0.03743829780623693,3
16,22.375,1.6735370175438593,0.0202846050013688,1.406118245614035,0.022723010454698652,1.5098156140350876,0.03738735703155359,3
16,22.625,1.5543405263157897,0.021635692800434127,1.4058712280701755,0.022574457257436762,1.5058107017543858,0.03729931352385137,3
16,22.875,1.4418661403508775,0.009529875213027297,1.407054561403509,0.022024642634196182,1.5031,0.03706905014773163,3
16,23.125,1.351587192982456,0.006099616510557667,1.4094933333333335,0.022257295160760034,1.5021114035087717,0.03698675584462795,3
16,23.375,1.2704433333333334,0.012106009865095912,1.4154619298245616,0.021922626325995755,1.5028061403508772,0.03711211529697463,3
16,23.625,1.2351047368421053,0.009363602555440513,1.4265135087719296,0.02186024975520187,1.5051757894736841,0.037169012031552144,3
16,23.875,1.2113117543859648,0.00831017521266868,1.4449505263157896,0.021870077210494627,1.5088315789473683,0.037268476568091236,3
16,24.125,1.196108947368421,0.00886218966874651,1.4709847368421052,0.021877858630259386,1.5134305263157894,0.03742690353993048,3
16,24.375,1.1999642105263157,0.005663404954501246,1.50345701754386,0.021660430566445024,1.5188264912280702,0.03756340394142105,3
16,24.625,1.1951914035087718,0.015026561403549677,1.5312721052631577,0.021530416171050094,1.5238617543859647,0.037686677211079156,3
16,24.875,1.2001022807017543,0.025268274939861623,1.540692456140351,0.02127852714623551,1.5274164912280703,0.03780628236921075,3
16,0.125,0.0,0.0,0.0,0.0,0.0,0.0,3
16,0.375,0.0,0.0,0.0,0.0,0.0,0.0,3
16,0.625,0.0,0.0,0.0,0.0,0.0,0.0,3
16,0.875,0.0,0.0,0.0,0.0,0.09988551228070176,0.0009223802499362522,3
16,1.125,0.0,0.0,0.0,0.0,2.777325263157895,0.007719261096401804,3
16,1.375,0.0,0.0,0.0,0.0,4.427851403508772,0.00904292830979744,3
16,1.625,0.0,0.0,0.0,0.0,5.704323859649123,0.006344641704822946,3
16,1.875,0.0,0.0,0.0,0.0,3.120647192982456,0.01211449110769419,3
16,2.125,0.0,0.0,0.0,0.0,1.9537131578947367,0.017301031342183915,3
16,2.375,0.0,0.0,0.0,0.0,1.9990919298245615,0.021170267807172335,3
16,2.625,0.0,0.0,0.0,0.0,1.8513168421052635,0.024986366280587244,3
16,2.875,0.0,0.0,0.0,0.0,1.7974156140350876,0.028353330466419805,3
16,3.125,0.0,0.0,0.0,0.0,1.9077035087719298,0.030445526864605624,3
16,3.375,0.0,0.0,0.0,0.0,1.9667473684210528,0.03068135353074082,3
16,3.625,0.0,0.0,0.0,0.0,1.9800122807017544,0.03131735823384029,3
16,3.875,0.0,0.0,0.0,0.0,1.9612417543859648,0.031842897935134076,3
16,4.125,0.0,0.0,0.0,0.0,1.921981052631579,0.030663936909299003,3
16,4.375,0.0,0.0,0.0,0.0,1.8732159649122808,0.03028225751019577,3
16,4.625,0.0,0.0,6.0438584210526316e-05,5.882752536403457e-06,1.8255101754385965,0.030071108543527642,3
16,4.875,0.0,0.0,0.07652012807017544,0.00038590995560894666,1.78688649122807,0.029447762674981184,3
16,5.125,0.0,0.0,1.8574433333333333,0.002295012470704523,1.866355964912281,0.029893411316465765,3
16,5.375,0.0,0.0,6.7767294736842105,0.011070540453291628,2.1590621052631582,0.030467462804616333,3
16,5.625,0.0,0.0,9.46183543859649,0.026820342310450933,2.313631929824562,0.03172979296284579,3
16,5.875,0.0,0.0,8.395371929824561,0.03269391348002816,2.230065263157895,0.03262045931368325,3
16,6.125,0.0,0.0,5.974052280701755,0.024013700096098184,2.063459122807018,0.03250698716093716,3
16,6.375,0.0,0.0,3.8360715789473687,0.013977804467388468,1.9165896491228072,0.03253012401578914,3
16,6.625,0.0,0.0,2.4765761403508773,0.011901569271462163,1.820596315789474,0.033250022148160724,3
16,6.875,0.0,0.0,1.6703394736842103,0.008933326266862416,1.7607619298245616,0.03327832140032218,3
16,7.125,0.0,0.0,1.2121277192982456,0.007990594128185514,1.7232894736842106,0.033991122267181206,3
16,7.375,0.0,0.0,0.972948701754386,0.008182361845173068,1.7004970175438598,0.03456717765017355,3
16,7.625,0.0,0.0,0.8702248070175438,0.010103994202977477,1.6876326315789474,0.035244273453498814,3
16,7.875,0.0,0.0,0.8536985263157894,0.011502362229825326,1.6821657894736841,0.03582159005066754,3
16,8.125,0.0,0.0,0.888785701754386,0.013051252361790465,1.6825924561403507,0.035605109690501444,3
16,8.375,0.0,0.0,0.9521448771929825,0.016066783310745573,1.688379298245614,0.03572748224928803,3
16,8.625,0.0,0.0,1.023066754385965,0.017550548589328828,1.6981945614035088,0.035577411511367396,3
16,8.875,0.0,0.0,1.0935278771929824,0.01990002760431522,1.711480350877193,0.0357393068533121,3
16,9.125,0.0,0.0,1.153452456140351,0.019763781611543952,1.7273521052631577,0.03589782592305337,3
16,9.375,0.0,0.0,1.2039584210526317,0.02029835539099031,1.7457101754385966,0.03567806654226787,3
16,9.625,0.0,0.0,1.2450973684210527,0.020240138535615477,1.7656745614035085,0.03629510848797532,3
16,9.875,0.0,0.0,1.2742784210526317,0.021253602560303047,1.7863598245614034,0.03649342576125077,3
16,10.125,0.001316210561403509,0.0005437571552436894,1.296061754385965,0.021211316107072425,1.807092105263158,0.03703887589309125,3
16,10.375,0.06845549649122806,0.002915435707519264,1.3127275438596493,0.022068251288393303,1.8263494736842105,0.03802932075057055,3
16,10.625,1.0960357894736843,0.022309810400643216,1.3241591228070175,0.022731252855629873,1.8388754385964914,0.03879172577749754,3
16,10.875,4.909326491228071,0.07452342666658497,1.3309061403508773,0.02226180256474802,1.8335415789473686,0.03948047773353723,3
16,11.125,8.48103894736842,0.09714536597765398,1.3352154385964912,0.02328507944007547,1.7989084210526316,0.03966299980646028,3
16,11.375,7.889905614035087,0.05795665925699438,1.3369377192982455,0.023671655718532945,1.7344066666666667,0.03909956628791098,3
16,11.625,5.362792807017544,0.01214787396203428,1.336908771929825,0.024494588786912786,1.6563385964912278,0.038368339290296864,3
16,11.875,3.338847017543859,0.05850760514578705,1.335132105263158,0.023751911908270484,1.5828536842105265,0.03758940073047313,3
16,12.125,2.123152631578947,0.025492847623658593,1.3351257894736843,0.02310357543690156,1.5247156140350875,0.03701638497312943,3
16,12.375,1.4623561403508774,0.014282544508030907,1.3371098245614033,0.022638073736908418,1.484578596491228,0.03646776617220542,3
16,12.625,1.1284034385964914,0.008615183109371639,1.3437266666666663,0.022714882005244054,1.4609601754385964,0.036387944946887074,3
16,12.875,0.9809625438596492,0.008109333278526684,1.357434385964912,0.022633039750216095,1.451585614035088,0.036404996715310944,3
16,13.125,0.9205793684210527,0.008293085068750058,1.3783435087719298,0.022297352506028312,1.4523528070175438,0.036432448093905646,3
16,13.375,0.8998557192982458,0.007895921281598302,1.4062445614035086,0.021230507137196594,1.4599957894736841,0.03662307304704307,3
16,13.625,0.9020987894736843,0.003396616543922037,1.4407152631578946,0.021378349106662024,1.4719457894736843,0.03692657831629677,3
16,13.875,0.9204779824561404,0.009573463121617292,1.479381403508772,0.022019970023593325,1.4857635087719299,0.03717692963155763,3
16,14.125,0.9363308771929825,0.010672746780206542,1.518339649122807,0.021851633036431905,1.499296842105263,0.03734389051281925,3
16,14.375,0.9484668245614035,0.0171177649455739,1.557756666666667,0.02039529064254692,1.512056140350877,0.037338280568527796,3
16,14.625,0.9494821929824561,0.02268698591652505,1.594708245614035,0.02064571479724257,1.523101052631579,0.03738335232459673,3
16,14.875,0.9650447192982456,0.027570461474745792,1.6285277192982457,0.020152076272324192,1.5319635087719299,0.03731078072522265,3
16,15.125,0.9694113684210525,0.04287036762381781,1.6596131578947368,0.019966156309713896,1.5390608771929823,0.037212433863444784,3
16,15.375,0.9708754912280702,0.038494615800085376,1.6884303508771932,0.02032391470247546,1.5443359649122808,0.03736615273899635,3
16,15.625,0.9732980701754386,0.036221857441828764,1.713329298245614,0.021319496278661722,1.547995087719298,0.03732293459006522,3
16,15.875,0.997052456140351,0.026159671747340147,1.7364352631578948,0.021676903048216453,1.5502,0.037285369505102736,3
16,16.125,0.9938274035087717,0.007217453284491701,1.7523971929824562,0.02340961154156411,1.551131578947368,0.037147020992345035,3
16,16.375,0.9998988596491228,0.010132803659159428,1.7485798245614033,0.024391059626836836,1.5502289473684214,0.0370615380020398,3
16,16.625,1.0069978947368423,0.0047992688108830185,1.7100924561403508,0.023748531984890558,1.5465743859649124,0.03694215334398312,3
16,16.875,1.0204817894736842,0.006851940006469924,1.638065614035088,0.02291261787855399,1.5403473684210525,0.03667221038340114,3
16,17.125,1.033671754385965,0.012722450901553701,1.549720701754386,0.021406629164257895,1.5335017543859648,0.03645161076414464,3
16,17.375,1.052609192982456,0.012625007920777476,1.4654317543859647,0.019674896362521548,1.527213157894737,0.03613390755711666,3
16,17.625,1.0773178421052634,0.024011031876162457,1.3982129824561405,0.019597721023466828,1.522382631578947,0.035915152168817854,3
16,17.875,1.1103379649122809,0.018716142625204612,1.35250298245614,0.01904776142240036,1.51973,0.03555326071358877,3
16,18.125,1.1649145789473687,0.015415142126231912,1.326832105263158,0.018679169910633776,1.5193759649122807,0.03538000032970955,3
16,18.375,1.2449859649122805,0.007790719344843971,1.3164557894736841,0.01934141017010962,1.5209070175438597,0.03532153203065123,3
16,18.625,1.3194201754385964,0.014428383757855781,1.317568245614035,0.019065496462743504,1.5241492982456142,0.03510266789200435,3
16,18.875,1.4605822807017546,0.006072472960394651,1.324735789473684,0.019647571788721983,1.528422456140351,0.03504445826772835,3
16,19.125,1.5873991228070174,0.004312716414114782,1.336101052631579,0.019866882496488346,1.5332084210526313,0.03523427715203756,3
16,19.375,1.6532861403508772,0.004106190321152149,1.3479768421052631,0.020115308214427266,1.5375328070175438,0.03537414799167998,3
16,19.625,1.6613694736842104,0.021819987533352878,1.3604924561403509,0.020490940314309834,1.5410699999999997,0.03535468969298366,3
16,19.875,1.6431084210526317,0.02061565881921603,1.3716173684210524,0.02020949048880696,1.543064736842105,0.03533681897474535,3
16,20.125,1.647561578947368,0.02216354060254421,1.3816205263157897,0.02047419991683509,1.5438457894736846,0.03542677707972749,3
16,20.375,1.6522040350877194,0.010201639506978746,1.3891391228070178,0.019867256907144207,1.5432577192982457,0.03546714724071957,3
16,20.625,1.668081754385965,0.009980733955596463,1.395140350877193,0.020065496652834386,1.5414798245614036,0.03571938720907132,3
16,20.875,1.69094649122807,0.011194385137319783,1.3992435087719297,0.020177309812538447,1.5384866666666666,0.035836341361859834,3
16,21.125,1.730146842105263,0.00877111995910592,1.4021268421052635,0.01967386246903752,1.5346580701754389,0.035925093081247174,3
16,21.375,1.7660810526315789,0.021585724357304867,1.4041819298245615,0.019550377761218454,1.5299563157894738,0.03589772219668602,3
16,21.625,1.7723859649122808,0.016819690135042455,1.405158245614035,0.018761371334611487,1.5247631578947367,0.0358585360077179,3
16,21.875,1.7781791228070176,0.023683058803705755,1.4043536842105262,0.018989904597942683,1.5192491228070175,0.03569324766881575,3
16,22.125,1.732853859649123,0.02197934350626638,1.4042345614035086,0.019358717851352195,1.513801754385965,0.03566539623387825,3
16,22.375,1.6550861403508772,0.02878368676029753,1.40385350877193,0.019520723350722254,1.5088240350877193,0.03567753702627221,3
16,22.625,1.5455385964912278,0.020062755175048103,1.40466350877193,0.02024881492529211,1.5048368421052631,0.0355093771730888,3
16,22.875,1.4345629824561403,0.011126943419809908,1.4060112280701753,0.020140837203004126,1.5021945614035086,0.035546139782426815,3
16,23.125,1.3381073684210527,0.007866910340217088,1.409844035087719,0.02024680188524804,1.501222807017544,0.035638487143777584,3
16,23.375,1.2813366666666666,0.007871368506607985,1.4162219298245615,0.020350514611107557,1.502121403508772,0.03567379732225522,3
16,23.625,1.232608947368421,0.01865171999376343,1.4277891228070174,0.02125126375834056,1.5044298245614034,0.03568779889925891,3
16,23.875,1.2002007017543859,0.01946920196084848,1.4462350877192982,0.02108703418188237,1.508116842105263,0.03572581390181846,3
16,24.125,1.197356140350877,0.01088897576582327,1.4729282456140351,0.02118270679781598,1.512855789473684,0.035799321557920365,3
16,24.375,1.1808240350877193,0.00456437627825308,1.5055414035087722,0.022147447957520838,1.5181484210526317,0.03589238981625587,3
16,24.625,1.1812834736842106,0.011441016761601296,1.533056842105263,0.022661641726159868,1.5232271929824563,0.03605172913285508,3
16,24.875,1.1849728070175438,0.015283336222234708,1.542065614035088,0.022759434800826314,1.5267722807017545,0.03629166674119284,3
16,0.125,0.0,0.0,0.0,0.0,0.0,0.0,3
16,0.375,0.0,0.0,0.0,0.0,0.0,0.0,3
16,0.625,0.0,0.0,0.0,0.0,0.0,0.0,3
16,0.875,0.0,0.0,0.0,0.0,0.09976825438596489,0.0007835972063958209,3
16,1.125,0.0,0.0,0.0,0.0,2.7817757894736843,0.0061239216398608284,3
16,1.375,0.0,0.0,0.0,0.0,4.429220175438595,0.010205446795243779,3
16,1.625,0.0,0.0,0.0,0.0,5.703959122807017,0.006654193775236438,3
16,1.875,0.0,0.0,0.0,0.0,3.116669122807018,0.006906687411064221,3
16,2.125,0.0,0.0,0.0,0.0,1.950311052631579,0.011110359942906397,3
16,2.375,0.0,0.0,0.0,0.0,1.9957173684210527,0.012969472836990681,3
16,2.625,0.0,0.0,0.0,0.0,1.8469959649122807,0.016564305627750114,3
16,2.875,0.0,0.0,0.0,0.0,1.7937208771929827,0.019883950776740617,3
16,3.125,0.0,0.0,0.0,0.0,1.904372631578947,0.022317234101701534,3
16,3.375,0.0,0.0,0.0,0.0,1.9634870175438592,0.02351454362770153,3
16,3.625,0.0,0.0,0.0,0.0,1.9766419298245612,0.023947592111287334,3
16,3.875,0.0,0.0,0.0,0.0,1.9578459649122806,0.02503136003302888,3
16,4.125,0.0,0.0,0.0,0.0,1.9181087719298244,0.025404701109703606,3
16,4.375,0.0,0.0,0.0,0.0,1.8705505263157896,0.02540887280409194,3
16,4.625,0.0,0.0,5.725761754385963e-05,7.860634071124095e-06,1.8224259649122807,0.025463085929031546,3
16,4.875,0.0,0.0,0.07636661228070175,0.0003323330354774977,1.7835205263157896,0.025851397375391365,3
16,5.125,0.0,0.0,1.8587140350877192,0.004043354735004122,1.8648471929824562,0.02628386951606368,3
16,5.375,0.0,0.0,6.769566315789475,0.01134924240783432,2.1567833333333333,0.02655280569669184,3
16,5.625,0.0,0.0,9.447260701754386,0.007050374872430823,2.3117222807017543,0.02788502801028734,3
16,5.875,0.0,0.0,8.385259824561402,0.014953224886389104,2.229444736842105,0.02996867589351782,3
16,6.125,0.0,0.0,5.966631228070175,0.025516377556527338,2.062772280701754,0.031466922539337264,3
16,6.375,0.0,0.0,3.8324866666666666,0.02337457838247202,1.916445263157895,0.03188812840171055,3
16,6.625,0.0,0.0,2.473522456140351,0.01751831986790239,1.8213464912280701,0.03237613519925034,3
16,6.875,0.0,0.0,1.6672936842105262,0.01389729143847628,1.7616729824561403,0.03225451680548303,3
16,7.125,0.0,0.0,1.212007894736842,0.01096759629185231,1.7243801754385968,0.03214245949472382,3
16,7.375,0.0,0.0,0.9727380877192982,0.009824132245889794,1.7013698245614035,0.03260829972785876,3
16,7.625,0.0,0.0,0.8705347543859648,0.010379665734483819,1.6883036842105261,0.032793545580855094,3
16,7.875,0.0,0.0,0.8526068070175438,0.010512047772259486,1.6823822807017546,0.032404490678423485,3
16,8.125,0.0,0.0,0.8878486666666667,0.011819994318073361,1.6828078947368421,0.03290673815598371,3
16,8.375,0.0,0.0,0.9498762456140352,0.015573506477960594,1.6877696491228074,0.03320142299493937,3
16,8.625,0.0,0.0,1.0205278245614036,0.01699262907399613,1.6973980701754385,0.03359873047642688,3
16,8.875,0.0,0.0,1.089336350877193,0.01873412506228104,1.7106945614035087,0.03418885560956448,3
16,9.125,0.0,0.0,1.1497419298245617,0.01993209527927804,1.72649649122807,0.03491730609427813,3
16,9.375,0.0,0.0,1.1996252631578948,0.021447608811482378,1.7447710526315792,0.03564491943377655,3
16,9.625,0.0,0.0,1.2388028070175439,0.021105857087208357,1.7645173684210527,0.03599206334745745,3
16,9.875,0.0,0.0,1.26983350877193,0.022323799296266836,1.7848501754385966,0.03651813426327786,3
16,10.125,0.0005140056140350877,0.0003654372083689026,1.2931319298245614,0.02285983262841873,1.8057761403508772,0.037222859730119476,3
16,10.375,0.0716105947368421,0.005459625158494395,1.311093157894737,0.023237946436177045,1.8250433333333336,0.03776164638905037,3
16,10.625,1.076645192982456,0.021763935944527052,1.3228289473684212,0.02463905193655824,1.83750701754386,0.03850636344943953,3
16,10.875,4.848424210526315,0.08451879117498305,1.3308566666666666,0.024145409426392286,1.832337192982456,0.03891563897757461,3
16,11.125,8.437333859649122,0.08132289527498583,1.3369015789473684,0.023775854862084216,1.7980582456140353,0.039440120833530594,3
16,11.375,7.91386052631579,0.09373760671989426,1.3379849122807015,0.023717438797404917,1.7336754385964912,0.03931811236786885,3
16,11.625,5.401941754385965,0.07039519581989562,1.3377542105263156,0.023071754941593636,1.6556812280701756,0.0387937174719953,3
16,11.875,3.3076873684210533,0.044447779695416204,1.3359880701754385,0.02313414693580728,1.5824235087719296,0.03823822351818955,3
16,12.125,2.098277894736842,0.03120664591421396,1.3365729824561405,0.023034680042089535,1.5238319298245615,0.03769754739085727,3
16,12.375,1.4537591228070177,0.025243800088447586,1.3387229824561404,0.022904524555676237,1.4835096491228068,0.03719733749825474,3
16,12.625,1.1315348596491228,0.012507052196613506,1.344219649122807,0.022869922355312496,1.4598185964912282,0.03720229622459999,3
16,12.875,0.9709810701754386,0.02124681221841889,1.3584475438596495,0.02229828552731531,1.4502696491228069,0.037067577292068506,3
16,13.125,0.9138728245614033,0.02875895612738907,1.3788043859649124,0.02061880168407085,1.450814385964912,0.037155130468058836,3
16,13.375,0.9022837719298247,0.01316900694395034,1.406077543859649,0.02013561233455316,1.4583587719298245,0.03735742550444427,3
16,13.625,0.8918229298245614,0.004018866746347765,1.4389492982456142,0.020609660937934027,1.4700794736842104,0.03762882538570213,3
16,13.875,0.9083205087719298,0.014648230692280958,1.477259298245614,0.020615797008689103,1.4836642105263158,0.03791588907708751,3
16,14.125,0.9353087719298245,0.02940881726176028,1.5161970175438595,0.020896185695197675,1.4972036842105265,0.03826036257315106,3
16,14.375,0.9439737368421053,0.014916857376806963,1.5537463157894738,0.02187030966573966,1.5096949122807015,0.03835266887758732,3
16,14.625,0.960537052631579,0.004832431157689925,1.5911764912280704,0.021778552230876498,1.5204433333333334,0.03849750223777176,3
16,14.875,0.964988350877193,0.014560472597193227,1.6255678947368422,0.02292366057232327,1.5295657894736843,0.03855411129188336,3
16,15.125,0.9927735789473684,0.040303880531902016,1.6568554385964909,0.024472461804345615,1.5366112280701756,0.03870697795306636,3
16,15.375,1.0100696140350875,0.043209766703589746,1.6853801754385964,0.025272033646729624,1.5419670175438596,0.03897029105982895,3
16,15.625,0.9889641228070175,0.017620375153314723,1.7120180701754384,0.025328193665098222,1.5455135087719298,0.03877929670188889,3
16,15.875,0.9964374912280703,0.019296252951093947,1.734160175438597,0.025654975615620808,1.5480292982456139,0.03879846014672299,3
16,16.125,1.0086603333333333,0.022947239320791315,1.7504773684210526,0.02597837931577749,1.5490740350877192,0.03890453561333998,3
16,16.375,0.9968180877192981,0.009908654629915466,1.7466994736842107,0.026438877163552824,1.5481085964912282,0.03869767442110338,3
16,16.625,1.0054780701754387,0.012977961587849002,1.7089308771929825,0.026320760044025445,1.544639298245614,0.03872041230601026,3
16,16.875,1.0255307368421052,0.01034060571879518,1.6371080701754386,0.02571231045663062,1.5386392982456139,0.03849025621524135,3
16,17.125,1.0360813333333332,0.020833147026358034,1.547614912280702,0.02456208386651682,1.531520701754386,0.03818164743433987,3
16,17.375,1.0490635438596492,0.029963657282328686,1.4624273684210527,0.023155074935980124,1.525131754385965,0.03796227109939162,3
16,17.625,1.0729750350877192,0.035757433123626774,1.3946522807017543,0.02126548085857713,1.5201322807017543,0.03756961042130168,3
16,17.875,1.1071346666666664,0.03331840180114192,1.3487380701754388,0.019565521261193774,1.5172749122807019,0.037214060519359785,3
16,18.125,1.177758701754386,0.031948120951434456,1.3233261403508771,0.018817535845018368,1.5169633333333337,0.03703023718267101,3
16,18.375,1.2412729824561402,0.025443908149628835,1.3127526315789473,0.019156218034396787,1.518618245614035,0.036901537712740184,3
16,18.625,1.3208791228070176,0.028973896190353225,1.3145422807017544,0.01961304223548686,1.521805789473684,0.03670706026270957,3
16,18.875,1.4478254385964913,0.01616563429893366,1.322092807017544,0.020523343897918583,1.5261349122807015,0.03673540623628668,3
16,19.125,1.5675977192982458,0.008295441954326833,1.3336889473684213,0.021502906702952813,1.5307503508771931,0.03686055496519614,3
16,19.375,1.6327066666666665,0.012782860678112488,1.34706,0.02161974401564301,1.5350887719298247,0.036806698907356036,3
16,19.625,1.6629738596491228,0.01673473684394453,1.3589801754385966,0.02218422497484837,1.5385021052631576,0.0368090193717503,3
16,19.875,1.6563347368421049,0.005681937475991064,1.370527543859649,0.02186627292142633,1.5407331578947367,0.036825277430080565,3
16,20.125,1.6475650877192984,0.011902348413365859,1.3804664912280702,0.022055613667372395,1.5414350877192982,0.03681374371335628,3
16,20.375,1.6510640350877195,0.01673714675510751,1.3887229824561402,0.02216894732191071,1.540913859649123,0.03676853971666927,3
16,20.625,1.651019649122807,0.027615594562398725,1.394481403508772,0.02258827838654014,1.5389696491228069,0.03667439749022687,3
16,20.875,1.6860147368421055,0.02848694610896294,1.3985694736842105,0.02218493822868415,1.5360429824561403,0.03657235737263767,3
16,21.125,1.7012524561403508,0.022779642392732957,1.4008092982456144,0.021831095518735813,1.5320568421052627,0.03644352677454981,3
16,21.375,1.7410347368421053,0.027915063987291742,1.4018996491228073,0.021946026061575457,1.5273756140350878,0.036396622250343895,3
16,21.625,1.7569105263157896,0.02175843671822632,1.402418245614035,0.021712406167772837,1.5222054385964912,0.03626900041120443,3
16,21.875,1.7709843859649121,0.028160719600335882,1.402474210526316,0.021718732573479907,1.5166750877192985,0.03619597161164559,3
16,22.125,1.753349298245614,0.02515622266091838,1.4021782456140353,0.02107339670805402,1.511174210526316,0.036009932219697664,3
16,22.375,1.676853157894737,0.02484622117256193,1.4018894736842107,0.02039925885804481,1.5061280701754385,0.035854592358980746,3
16,22.625,1.5414221052631578,0.027383658322455012,1.4023322807017544,0.01991755214712391,1.502211754385965,0.035688990034246186,3
16,22.875,1.4222805263157898,0.009046793313217494,1.4035680701754387,0.019952759602588705,1.4997136842105263,0.0355974242379003,3
16,23.125,1.331372105263158,0.01141267461326448,1.4076112280701756,0.019903826301658524,1.4989257894736843,0.0355209305262098,3
16,23.375,1.2692915789473682,0.005608914270894489,1.4151750877192981,0.019406227167530744,1.4997924561403508,0.03540514422178445,3
16,23.625,1.227957894736842,0.01073501550509993,1.4263466666666667,0.019308565197780063,1.5022557894736845,0.035551738280101594,3
16,23.875,1.2106494736842104,0.0017306989178446264,1.4447656140350877,0.018997075394941644,1.5061591228070175,0.035736879302187934,3
16,24.125,1.2017512280701756,0.007648679622602901,1.4719414035087717,0.01926673532275043,1.5111254385964912,0.03605215183784619,3
16,24.375,1.1914868421052631,0.012362499956352918,1.5032101754385965,0.019368668258974164,1.51670298245614,0.036175671582791634,3
16,24.625,1.1920838596491228,0.026224269884863295,1.5305291228070173,0.019714732581582455,1.5218754385964912,0.036452639954032744,3
16,24.875,1.2009671929824564,0.0197702119834701,1.5394084210526315,0.019408680845215454,1.5255522807017545,0.0366940907491442,3
16,0.125,0.0,0.0,0.0,0.0,0.0,0.0,3
16,0.375,0.0,0.0,0.0,0.0,0.0,0.0,3
16,0.625,0.0,0.0,0.0,0.0,0.0,0.0,3
16,0.875,0.0,0.0,0.0,0.0,0.0995065052631579,0.0003855245443705175,3
16,1.125,0.0,0.0,0.0,0.0,2.7727271929824564,0.003599692875309343,3
16,1.375,0.0,0.0,0.0,0.0,4.424311754385965,0.004323854175116868,3
16,1.625,0.0,0.0,0.0,0.0,5.70615298245614,0.006507172466263977,3
16,1.875,0.0,0.0,0.0,0.0,3.1196966666666666,0.00953941156987242,3
16,2.125,0.0,0.0,0.0,0.0,1.951297192982456,0.01286027568660997,3
16,2.375,0.0,0.0,0.0,0.0,1.997067543859649,0.016157489916257775,3
16,2.625,0.0,0.0,0.0,0.0,1.8481500000000004,0.020240979281890687,3
16,2.875,0.0,0.0,0.0,0.0,1.795158947368421,0.02272173778272762,3
16,3.125,0.0,0.0,0.0,0.0,1.905262105263158,0.026735745577735757,3
16,3.375,0.0,0.0,0.0,0.0,1.9634370175438598,0.028747068177086974,3
16,3.625,0.0,0.0,0.0,0.0,1.9784059649122803,0.029088494599533745,3
16,3.875,0.0,0.0,0.0,0.0,1.9591398245614033,0.02942647827551941,3
16,4.125,0.0,0.0,0.0,0.0,1.9189978947368422,0.029420332794131407,3
16,4.375,0.0,0.0,0.0,0.0,1.8708436842105265,0.02943373249970651,3
16,4.625,0.0,0.0,6.851335964912279e-05,5.372064784651754e-06,1.8225477192982458,0.029527047594938027,3
16,4.875,0.0,0.0,0.07628116842105263,0.00016910848195865303,1.784125964912281,0.029179556841352018,3
16,5.125,0.0,0.0,1.8561954385964912,0.0024066163544741847,1.8641731578947371,0.0294395133715401,3
16,5.375,0.0,0.0,6.778651578947368,0.005959823675714771,2.156071403508772,0.030019178118483095,3
16,5.625,0.0,0.0,9.458357192982456,0.008146316813375836,2.3103056140350877,0.030951628368738857,3
16,5.875,0.0,0.0,8.39054684210526,0.018086290890898096,2.2275384210526314,0.03199582647068217,3
16,6.125,0.0,0.0,5.959979473684211,0.023910166271989334,2.0595294736842105,0.03259251867942814,3
16,6.375,0.0,0.0,3.8253915789473685,0.016297783295616167,1.9131750877192981,0.03259314277742419,3
16,6.625,0.0,0.0,2.468799122807017,0.015897127305625196,1.8179233333333331,0.032729952708627864,3
16,6.875,0.0,0.0,1.6665291228070176,0.015005147250644894,1.7587221052631579,0.03317700978123267,3
16,7.125,0.0,0.0,1.2117561403508772,0.014371154115322148,1.721400701754386,0.03329285064442533,3
16,7.375,0.0,0.0,0.9738601403508773,0.014088119710636636,1.6988435087719298,0.03363457290391899,3
16,7.625,0.0,0.0,0.8703861754385964,0.01424126684539157,1.6862650877192984,0.03396614950987123,3
16,7.875,0.0,0.0,0.8523396140350877,0.014411655308915628,1.680711052631579,0.03458938392797823,3
16,8.125,0.0,0.0,0.8872035614035089,0.017399087792516525,1.6812863157894737,0.03528367799916374,3
16,8.375,0.0,0.0,0.9482577894736842,0.018123988644601886,1.686698596491228,0.0360683729403201,3
16,8.625,0.0,0.0,1.0185160877192982,0.02001509629854301,1.696458947368421,0.037210600828730206,3
16,8.875,0.0,0.0,1.0880696140350876,0.02149838583823767,1.7095971929824563,0.03775325147238941,3
16,9.125,0.0,0.0,1.1489680701754388,0.022726862357961692,1.7259107017543862,0.03834210087859735,3
16,9.375,0.0,0.0,1.1992294736842106,0.023131671400729564,1.744503157894737,0.03935857968041835,3
16,9.625,0.0,0.0,1.2395428070175438,0.02358500389138144,1.7646598245614038,0.03972785772798842,3
16,9.875,0.0,0.0,1.2705294736842105,0.025237168740911517,1.785174210526316,0.040132780657302594,3
16,10.125,0.0008527145087719297,0.00021897844073954974,1.2931619298245614,0.025178657765942,1.8059456140350878,0.04069148500892367,3
16,10.375,0.07057491929824562,0.006806301670385911,1.30947649122807,0.025319216386698304,1.825275087719298,0.041271363600344474,3
16,10.625,1.091295561403509,0.012105999188709395,1.321533157894737,0.02427390911856969,1.8374628070175438,0.04176706403942436,3
16,10.875,4.880816315789474,0.013653855529548642,1.3304628070175437,0.02435376930724696,1.8325540350877187,0.04240935221152906,3
16,11.125,8.45440105263158,0.0787797290602307,1.336009649122807,0.023050756618188756,1.7979226315789474,0.04267900407167826,3
16,11.375,7.883896315789474,0.029465093619619066,1.3381440350877194,0.022863694625268015,1.733308947368421,0.042267097609735134,3
16,11.625,5.346753859649123,0.035328931103484146,1.3383301754385963,0.02231544139638058,1.6551447368421053,0.04149651877621501,3
16,11.875,3.2734585964912277,0.018080521734015368,1.3373859649122808,0.022398126159641454,1.5821519298245617,0.040910810238086494,3
16,12.125,2.098301754385965,0.028526188917738775,1.3379419298245614,0.022452166872965248,1.5236628070175442,0.040707784405863034,3
16,12.375,1.467571403508772,0.019349672859407425,1.339678245614035,0.021658848011820584,1.4832112280701757,0.04035758074293593,3
16,12.625,1.1498420175438595,0.014943834281499955,1.3458284210526312,0.021977935855093476,1.4597215789473685,0.04002696480551609,3
16,12.875,0.9850593157894738,0.018129394464745756,1.358930701754386,0.022765176303712487,1.4496687719298247,0.040340990553106096,3
16,13.125,0.9348838771929825,0.026119857989880296,1.3790238596491227,0.023669692487310327,1.45014,0.04029018193425627,3
16,13.375,0.9110659824561403,0.02162244405853168,1.4063571929824559,0.024658536868694726,1.4576589473684212,0.040691422158776636,3
16,13.625,0.9059909298245614,0.020791951265129244,1.4396654385964913,0.025965969320589168,1.4691166666666666,0.04086244716866438,3
16,13.875,0.9276498947368421,0.013480603368409165,1.4774108771929824,0.027618678513492163,1.482379649122807,0.04100811865058039,3
16,14.125,0.9374710175438596,0.023567301843869688,1.516602807017544,0.027420563252303517,1.4957956140350877,0.04108892427780473,3
16,14.375,0.9526039122807016,0.019235623788637832,1.5560750877192984,0.0279791270779984,1.508265263157895,0.0411294659546384,3
16,14.625,0.9638521403508773,0.020726239192624164,1.593648596491228,0.028407026176018094,1.5192521052631573,0.04115008221944001,3
16,14.875,0.9532227017543861,0.006305016404733423,1.6273759649122805,0.027076575936034217,1.5281477192982456,0.04112949153727903,3
16,15.125,0.9732007017543861,0.015393246315387457,1.65826350877193,0.026311518356317645,1.5353157894736844,0.04102056565715407,3
16,15.375,0.9813289824561403,0.005380160295890922,1.686272105263158,0.02646646969116208,1.540837894736842,0.04095561175988015,3
16,15.625,0.9975671228070175,0.00949951325383106,1.7111705263157895,0.02681144077473954,1.5447480701754384,0.04080800253823212,3
16,15.875,0.9892680877192982,0.012296891013317627,1.7337842105263157,0.026507732424728935,1.5472966666666668,0.04081656485137559,3
16,16.125,0.9959622280701755,0.006061255527327625,1.7493073684210527,0.026792477476102982,1.548694385964912,0.040641441645307426,3
16,16.375,1.0117265263157893,0.012503866328228275,1.7445982456140354,0.028346909646170558,1.5479375438596492,0.04047018343022376,3
16,16.625,1.0292267894736842,0.019880146418557107,1.7059784210526316,0.02789860554437103,1.5442642105263158,0.04026078951639969,3
16,16.875,1.0352004736842104,0.010411382022554512,1.634395789473684,0.026893873495258066,1.5385431578947368,0.039985308038208676,3
16,17.125,1.049772649122807,0.023370170688030427,1.5452757894736842,0.025823670628468232,1.5315363157894737,0.039678304072062895,3
16,17.375,1.069055456140351,0.030255244473513198,1.4614594736842106,0.024475005408593736,1.5252261403508773,0.03946996539285623,3
16,17.625,1.0778844561403507,0.015593885810383443,1.3947552631578948,0.023802431624658376,1.520500350877193,0.039226859043538884,3
16,17.875,1.1084614035087719,0.015990095359311455,1.3493666666666666,0.0224695905320172,1.5178614035087719,0.038957597685441936,3
16,18.125,1.1739782280701756,0.016263249783441756,1.323700350877193,0.022055809185015023,1.5174859649122807,0.03884402562963865,3
16,18.375,1.227761403508772,0.025231034856180935,1.3135012280701757,0.021495221837292463,1.5189452631578948,0.03874416161777735,3
16,18.625,1.290986140350877,0.01800028660043382,1.3142866666666666,0.021141900703181244,1.5223264912280705,0.038545245762394154,3
16,18.875,1.4284773684210526,0.01209193592077356,1.3219124561403508,0.021036968319428417,1.5265771929824563,0.03842533134150194,3
16,19.125,1.548587719298246,0.014645612961188383,1.3328378947368422,0.0208440270379285,1.5312433333333333,0.0382789117315098,3
16,19.375,1.6436570175438596,0.031046801576816233,1.3451408771929823,0.021086067108409313,1.53552350877193,0.03801981747506404,3
16,19.625,1.6621231578947366,0.01815882008829534,1.3573959649122809,0.020290473683838885,1.5389192982456141,0.0378004581561034,3
16,19.875,1.6507498245614034,0.03875577260153006,1.3687035087719297,0.02045439435990102,1.5408722807017543,0.03764770794418028,3
16,20.125,1.6485040350877194,0.02194548922214166,1.3783749122807016,0.02045294422535244,1.5415633333333332,0.037193255190162026,3
16,20.375,1.655757543859649,0.03162408575850951,1.3861266666666667,0.020541801051967224,1.5409259649122806,0.037041439398983106,3
16,20.625,1.6541908771929823,0.01820435308779263,1.3934277192982456,0.020177838923574828,1.5390491228070176,0.03663079130362452,3
16,20.875,1.6809,0.017904355345861718,1.3985954385964912,0.02024487809024497,1.5360459649122806,0.03655739264038935,3
16,21.125,1.7062998245614036,0.023074018407160717,1.4015177192982458,0.02028605664143999,1.5321891228070175,0.036345557629972595,3
16,21.375,1.7411749122807016,0.010074317981615746,1.403787894736842,0.019333490445758817,1.5276814035087718,0.036250645243617916,3
16,21.625,1.7644059649122807,0.01548519773549431,1.4044670175438598,0.019376042600052063,1.5224296491228069,0.03622460585194776,3
16,21.875,1.7534654385964916,0.01589461581418607,1.4046008771929823,0.019750748608757456,1.5170449122807017,0.036131153431090426,3
16,22.125,1.7352554385964911,0.015156267178297433,1.40488649122807,0.020298861788400378,1.511701403508772,0.036059107258953345,3
16,22.375,1.6491180701754384,0.02735238628225988,1.4047936842105262,0.020304714952628006,1.5067464912280701,0.036158547000765005,3
16,22.625,1.5431535087719297,0.02383113477258478,1.4051087719298245,0.021026330945840638,1.5029056140350876,0.03621533508546367,3
16,22.875,1.4391414035087717,0.012436661559843045,1.4068294736842104,0.02164538893701243,1.5004407017543857,0.036279904854833636,3
16,23.125,1.3368059649122805,0.014261030024050865,1.4105615789473687,0.02177863905982733,1.4996117543859648,0.036432708520060954,3
16,23.375,1.2760035087719297,0.010137038969261426,1.4165152631578948,0.02179132604635901,1.5003450877192985,0.036605672492151346,3
16,23.625,1.225884210526316,0.004586405319864258,1.427783859649123,0.02173298062355069,1.5027659649122809,0.03669077411223951,3
16,23.875,1.2143987719298248,0.008311474478241742,1.4453666666666667,0.020669978896402236,1.5065917543859648,0.036872347610968595,3
16,24.125,1.2009536842105264,0.007469608463646904,1.4719136842105263,0.020366114366870018,1.5112994736842105,0.03713698847536503,3
16,24.375,1.2040745614035087,0.0038831446817323817,1.5042340350877195,0.0200266959842802,1.5166431578947366,0.037320262231633046,3
16,24.625,1.201867192982456,0.005830397393337481,1.5311443859649125,0.01980576344451759,1.5216626315789474,0.03756331198639003,3
16,24.875,1.2031668421052633,0.010939969724857519,1.5405038596491227,0.01976515961238158,1.5253401754385962,0.03793174486350814,3
16,0.125,0.0,0.0,0.0,0.0,0.0,0.0,3
16,0.375,0.0,0.0,0.0,0.0,0.0,0.0,3
16,0.625,0.0,0.0,0.0,0.0,0.0,0.0,3
16,0.875,0.0,0.0,0.0,0.0,0.10028479824561405,4.0236594914698375e-05,3
16,1.125,0.0,0.0,0.0,0.0,2.781716315789474,0.002790478600848451,3
16,1.375,0.0,0.0,0.0,0.0,4.4255621052631575,0.0035286510204335336,3
16,1.625,0.0,0.0,0.0,0.0,5.70138,0.007070478126819065,3
16,1.875,0.0,0.0,0.0,0.0,3.115567543859649,0.011019355709216092,3
16,2.125,0.0,0.0,0.0,0.0,1.946861052631579,0.013629415604264068,3
16,2.375,0.0,0.0,0.0,0.0,1.9921687719298244,0.01715550574442124,3
16,2.625,0.0,0.0,0.0,0.0,1.8430808771929825,0.021723176029136877,3
16,2.875,0.0,0.0,0.0,0.0,1.790995087719298,0.024865351929180955,3
16,3.125,0.0,0.0,0.0,0.0,1.9013136842105263,0.02805623573503032,3
16,3.375,0.0,0.0,0.0,0.0,1.960035263157895,0.02987830649612918,3
16,3.625,0.0,0.0,0.0,0.0,1.9745128070175435,0.031487762152035824,3
16,3.875,0.0,0.0,0.0,0.0,1.955201403508772,0.03269317676357607,3
16,4.125,0.0,0.0,0.0,0.0,1.91537,0.03340568279819009,3
16,4.375,0.0,0.0,0.0,0.0,1.8677436842105266,0.034578018062761444,3
16,4.625,0.0,0.0,6.557708421052631e-05,6.946789707193827e-06,1.8192036842105264,0.03519593541073682,3
16,4.875,0.0,0.0,0.07699673684210526,0.000761652938718261,1.7809103508771928,0.03538778450818385,3
16,5.125,0.0,0.0,1.8599156140350876,0.0021247147582535084,1.8612408771929827,0.036312071409805385,3
16,5.375,0.0,0.0,6.77331052631579,0.005415180109957197,2.1532784210526312,0.03672621182347901,3
16,5.625,0.0,0.0,9.440944912280704,0.02559251727385251,2.307139649122807,0.0384544272308586,3
16,5.875,0.0,0.0,8.37982157894737,0.03395475146425179,2.224900701754386,0.03896088907166433,3
16,6.125,0.0,0.0,5.955493684210526,0.030535008438690295,2.0581115789473685,0.039440267865096273,3
16,6.375,0.0,0.0,3.83105052631579,0.017969841807570018,1.912292807017544,0.038538219408610894,3
16,6.625,0.0,0.0,2.474047192982456,0.01162132196272334,1.8174836842105264,0.03815169677673172,3
16,6.875,0.0,0.0,1.6700884210526317,0.010466241453213787,1.7582754385964912,0.03789679738631126,3
16,7.125,0.0,0.0,1.2139945614035088,0.01143488951880036,1.7216822807017544,0.03781937280836817,3
16,7.375,0.0,0.0,0.9744166140350877,0.010814871665103238,1.6991642105263158,0.03748275952595417,3
16,7.625,0.0,0.0,0.8705512456140351,0.01353619298717427,1.6864277192982458,0.037126949358481896,3
16,7.875,0.0,0.0,0.8531415438596491,0.015979730533550947,1.6812189473684211,0.037062497978648766,3
16,8.125,0.0,0.0,0.885480649122807,0.018623575373841086,1.6811917543859647,0.03719276709719186,3
16,8.375,0.0,0.0,0.9471751578947369,0.02328846332021887,1.6866436842105264,0.037645945482415434,3
16,8.625,0.0,0.0,1.0186426666666666,0.02629782337194818,1.6962863157894736,0.038334738029584245,3
16,8.875,0.0,0.0,1.087969192982456,0.0287944529768989,1.7094531578947365,0.03907302367295601,3
16,9.125,0.0,0.0,1.147802105263158,0.031203301376700056,1.725343157894737,0.040128093517900275,3
16,9.375,0.0,0.0,1.2002287719298244,0.030986837745247367,1.7432999999999998,0.04043950508778689,3
16,9.625,0.0,0.0,1.2400626315789474,0.030670600071924424,1.7630966666666668,0.04094139941460814,3
16,9.875,0.0,0.0,1.2713440350877192,0.0302764530684029,1.7835610526315788,0.04162517455784874,3
16,10.125,0.0012924428070175437,0.0002836453372289773,1.294425964912281,0.02920565334518589,1.80395350877193,0.04226990709110847,3
16,10.375,0.07176338245614035,0.0031862905774691893,1.311221403508772,0.02824301500628297,1.8231342105263157,0.042754827122676274,3
16,10.625,1.1088379999999998,0.016335243731663486,1.3241943859649121,0.027415985800974155,1.8353440350877193,0.04324636103336904,3
16,10.875,4.8627701754385955,0.04474355367887208,1.3315280701754386,0.026071639963822793,1.8303750877192984,0.04366695239381242,3
16,11.125,8.434936842105264,0.07139913296777665,1.3364728070175438,0.02469997245740836,1.7958807017543859,0.04366970099837876,3
16,11.375,7.850567192982457,0.10944899999149497,1.338622456140351,0.024531944216514022,1.7314750877192984,0.043615345511075265,3
16,11.625,5.358282631578947,0.058266085455537624,1.339173333333333,0.022725627555676503,1.6536975438596493,0.04273887426102163,3
16,11.875,3.3416485964912277,0.026807648576893724,1.3378164912280701,0.02267540964265668,1.5804773684210527,0.041743319355357224,3
16,12.125,2.1189066666666667,0.0103206448682012,1.3373540350877196,0.021961334175519796,1.5220787719298245,0.04105688751293641,3
16,12.375,1.4749926315789474,0.027457794326057546,1.3399596491228067,0.021554787370852247,1.4816736842105263,0.04032003025655128,3
16,12.625,1.138218596491228,0.01674214310277342,1.3463354385964914,0.020653648088855003,1.4578785964912278,0.040001915721284226,3
16,12.875,0.9682410526315789,0.03006038380399042,1.3595266666666666,0.02054565094891738,1.4479029824561405,0.039970967636537985,3
16,13.125,0.9156128070175439,0.017533179965414224,1.3789792982456142,0.020476164240419058,1.4484124561403509,0.03986677262374867,3
16,13.375,0.9032252807017543,0.024005472205682412,1.4058382456140353,0.02051702931782063,1.4559650877192982,0.04000464560357527,3
16,13.625,0.917772947368421,0.01990242973548227,1.4387214035087716,0.021414152905494383,1.4675303508771929,0.04031014630546174,3
16,13.875,0.9290500877192982,0.015702829679205426,1.4760626315789473,0.021566175839746706,1.4810429824561402,0.04057731866787073,3
16,14.125,0.9297503157894735,0.011817836820007983,1.5145587719298244,0.02263837889003661,1.4945152631578946,0.04071543195701067,3
16,14.375,0.9433749473684211,0.018243993400832027,1.552125438596491,0.023176267952011383,1.507085789473684,0.040917050942148814,3
16,14.625,0.955898701754386,0.0217897328143899,1.5881170175438595,0.023768535251902468,1.517973684210526,0.04090326688341557,3
16,14.875,0.9663702631578946,0.01710078226928837,1.6214494736842104,0.02436280565439139,1.5269843859649124,0.04075059374023392,3
16,15.125,0.963045701754386,0.009660879767421757,1.6524056140350878,0.02519645999675568,1.5339526315789473,0.040584537856422374,3
16,15.375,0.9655947368421053,0.018675538328460778,1.6802477192982457,0.024798830149683652,1.5392945614035087,0.04036400599460236,3
16,15.625,0.9736405438596493,0.018160290207833996,1.706339298245614,0.02532231608736311,1.5432780701754385,0.04010770542209949,3
16,15.875,0.9883542807017545,0.012037233354309488,1.7299803508771932,0.02628096824754198,1.5457477192982456,0.039650586132754476,3
16,16.125,1.010794894736842,0.003980925765696515,1.7480533333333332,0.026929319669534234,1.546881754385965,0.03938540680650189,3
16,16.375,1.021793350877193,0.012141921386628458,1.7446684210526318,0.027058671504734247,1.5460889473684212,0.039118036677937854,3
16,16.625,1.033251596491228,0.016023595104605156,1.7071377192982455,0.026527585469242138,1.5426768421052632,0.03861530932321305,3
16,16.875,1.0419505789473684,0.012470267971080098,1.6355273684210527,0.025561632617066,1.5370301754385964,0.038413120619175095,3
16,17.125,1.055777701754386,0.016153494126006415,1.547864912280702,0.023849711541171874,1.5302768421052628,0.03813557460692289,3
16,17.375,1.0681712105263157,0.021055995588994743,1.462947894736842,0.02276889564842664,1.5238652631578946,0.037865218871474364,3
16,17.625,1.083317649122807,0.009742463922837029,1.3959407017543857,0.020198103063767434,1.519159298245614,0.03737284085632108,3
16,17.875,1.1162658245614034,0.005482329865998418,1.3506338596491227,0.019304543369530032,1.5166736842105264,0.037335795471013816,3
16,18.125,1.1494161754385965,0.011278132902892727,1.3241970175438598,0.01959128089335073,1.516218245614035,0.03719154546379901,3
16,18.375,1.2138550877192984,0.009017830796172134,1.3134984210526317,0.019123059369009293,1.517600701754386,0.03711743136633039,3
16,18.625,1.312693157894737,0.004610378592522631,1.3141461403508772,0.019351097297979878,1.520763157894737,0.03704253653099434,3
16,18.875,1.4272619298245612,0.01471816307648331,1.3210684210526316,0.01946981667142335,1.5246024561403508,0.03719818496136395,3
16,19.125,1.5457587719298245,0.018819624805201638,1.3317398245614036,0.019447332394778534,1.529101052631579,0.037132451594306476,3
16,19.375,1.6268712280701756,0.023042040414635104,1.3443205263157896,0.020150846933391194,1.5334082456140354,0.03704823348432457,3
16,19.625,1.6587964912280702,0.020843414066354895,1.3559507017543855,0.02043610948952914,1.5367652631578947,0.037309361634295456,3
16,19.875,1.6538503508771931,0.020482130266764254,1.3670543859649122,0.02094310767005833,1.5389577192982458,0.03735266064813315,3
16,20.125,1.6470191228070175,0.018999850717853248,1.3772140350877191,0.02124275291700132,1.5400015789473684,0.037282340768098804,3
16,20.375,1.6315115789473686,0.01663701717108219,1.3849945614035086,0.02124839783144128,1.5395610526315788,0.037155754622530686,3
16,20.625,1.6498877192982455,0.015423006787946381,1.3918296491228068,0.021159641266542663,1.5380370175438596,0.03705817708036306,3
16,20.875,1.6692873684210525,0.023735710153116523,1.3968956140350877,0.020606365368263234,1.535600701754386,0.0371390259391248,3
16,21.125,1.7101600000000001,0.033294972804239986,1.400732807017544,0.020336034678194916,1.5320959649122807,0.03688304002672238,3
16,21.375,1.7398929824561407,0.018978805778015008,1.403335087719298,0.02056548284035057,1.5276533333333333,0.0367261426140576,3
16,21.625,1.7704573684210525,0.01899007249512941,1.4050394736842104,0.02062703991870723,1.522831754385965,0.03663944797849259,3
16,21.875,1.7908438596491225,0.023324157641840832,1.406001754385965,0.021051917138462328,1.5175373684210527,0.03638264285364242,3
16,22.125,1.7555050877192981,0.036362811247172055,1.4057889473684213,0.020895093050125574,1.5121464912280702,0.03634623068504864,3
16,22.375,1.6692808771929826,0.03848230580033746,1.4058750877192983,0.020936799239340085,1.5073136842105266,0.03611154197616841,3
16,22.625,1.5514591228070176,0.03358270934856063,1.4061833333333331,0.02079088858757614,1.5033870175438597,0.03604396567467853,3
16,22.875,1.4393005263157894,0.029722949454662008,1.4072968421052632,0.020669703769630704,1.500834385964912,0.036066051617635396,3
16,23.125,1.3417277192982455,0.007598058997088655,1.410348596491228,0.01992290135959568,1.4999122807017544,0.03613497725252273,3
16,23.375,1.2714942105263158,0.01671695473533591,1.416368245614035,0.01897449111520381,1.5006782456140348,0.03607514815968183,3
16,23.625,1.2257805263157897,0.004985081363002388,1.4273198245614036,0.017953645865864967,1.5029408771929826,0.0362831862429373,3
16,23.875,1.2094184210526313,0.007831960127961807,1.445181754385965,0.017823295209896353,1.506597192982456,0.03648427152061946,3
16,24.125,1.1925263157894737,0.011371941519559559,1.4719059649122805,0.01801335492226688,1.5113319298245613,0.03665856400274009,3
16,24.375,1.1886292982456141,0.013342572643693082,1.5029068421052632,0.01869661566444012,1.5166354385964915,0.036888744825466696,3
16,24.625,1.1891715789473685,0.008620420547485623,1.5300303508771929,0.019296203389549023,1.5216201754385967,0.037068594319532994,3
16,24.875,1.1900076842105263,0.007177424074122892,1.5395749122807019,0.019824655947608707,1.5252377192982456,0.037207378149992726,3
24,0.125,0.0,0.0,0.0,0.0,0.0,0.0,3
24,0.375,0.0,0.0,0.0,0.0,0.0,0.0,3
24,0.625,0.0,0.0,0.0,0.0,0.0,0.0,3
24,0.875,0.0,0.0,0.0,0.0,0.11937094736842106,0.0009271323683485193,3
24,1.125,0.0,0.0,0.0,0.0,3.248474561403509,0.014491515385197945,3
24,1.375,0.0,0.0,0.0,0.0,5.090977894736842,0.018567941549085847,3
24,1.625,0.0,0.0,0.0,0.0,6.563091754385965,0.01484090598821169,3
24,1.875,0.0,0.0,0.0,0.0,4.2193621052631585,0.02290905107675296,3
24,2.125,0.0,0.0,0.0,0.0,3.0797756140350874,0.029146416641095362,3
24,2.375,0.0,0.0,0.0,0.0,3.0556070175438594,0.02900247412101306,3
24,2.625,0.0,0.0,0.0,0.0,2.7659263157894736,0.0337898076908672,3
24,2.875,0.0,0.0,0.0,0.0,2.505565614035088,0.035485988558797484,3
24,3.125,0.0,0.0,0.0,0.0,2.4041522807017537,0.03620136921223919,3
24,3.375,0.0,0.0,0.0,0.0,2.2682814035087717,0.03742063025974601,3
24,3.625,0.0,0.0,0.0,0.0,2.1171987719298246,0.03828282486514378,3
24,3.875,0.0,0.0,0.0,0.0,1.9704063157894733,0.037840014394571575,3
24,4.125,0.0,0.0,0.0,0.0,1.840485087719298,0.038142376736494184,3
24,4.375,0.0,0.0,0.0,0.0,1.7362145614035087,0.038877627802527355,3
24,4.625,0.0,0.0,0.0015787433333333334,3.986754181262738e-05,1.656611052631579,0.03860800891705296,3
24,4.875,0.0,0.0,0.5700740877192984,0.0032947406065595183,1.637346842105263,0.03867712697766664,3
24,5.125,0.0,0.0,5.684430350877193,0.022699986301439514,1.9314191228070172,0.0381169504136083,3
24,5.375,0.0,0.0,10.563984210526316,0.006954051809204383,2.223378771929825,0.04010790605633854,3
24,5.625,0.0,0.0,9.402874210526315,0.03219273869308665,2.132205614035088,0.04291528303608289,3
24,5.875,0.0,0.0,6.554322982456141,0.046354297572911235,1.9350261403508773,0.04432744961477673,3
24,6.125,0.0,0.0,4.105094385964912,0.03784095154118919,1.764527192982456,0.043544909849924957,3
24,6.375,0.0,0.0,2.4350394736842103,0.025658689761861957,1.643891403508772,0.04324455601780408,3
24,6.625,0.0,0.0,1.502574736842105,0.018764786883347925,1.5692507017543857,0.04208166168863898,3
24,6.875,0.0,0.0,0.9907415263157895,0.012321308878155548,1.5207403508771928,0.04092584819947416,3
24,7.125,0.0,0.0,0.7180530877192983,0.01093417101049153,1.4870808771929827,0.04007858344130632,3
24,7.375,0.0,0.0,0.5934253859649123,0.011130817889153617,1.4640877192982458,0.039754569916423024,3
24,7.625,0.0,0.0,0.5589841228070176,0.013986741653966432,1.4484085964912279,0.039596226077045146,3
24,7.875,0.0,0.0,0.5747080175438598,0.015624953888306254,1.4382964912280702,0.03997231544341991,3
24,8.125,0.0,0.0,0.613674947368421,0.01697784771865666,1.4323233333333334,0.04049040819200955,3
24,8.375,0.0,0.0,0.6564385614035089,0.019801392495329192,1.4293098245614033,0.04058995262587169,3
24,8.625,0.0,0.0,0.6951616491228071,0.02123067914006845,1.4285173684210524,0.04107639856552159,3
24,8.875,0.0,0.0,0.7259634736842105,0.02157471766638244,1.4296671929824563,0.04184046448804017,3
24,9.125,0.0,0.0,0.7497947543859649,0.02177170462630044,1.4326417543859649,0.042080817456953905,3
24,9.375,0.0,0.0,0.7699409824561404,0.022145157384477022,1.4377724561403509,0.04252049953567465,3
24,9.625,0.0,0.0,0.7896794736842105,0.023207904874560814,1.4442617543859646,0.04265303564938521,3
24,9.875,0.0,0.0,0.8092062631578948,0.023136272040652193,1.4525105263157896,0.042845592881449165,3
24,10.125,8.616270175438596e-05,6.358489985324248e-05,0.8308680701754385,0.022849298578990714,1.4598133333333332,0.043008964154706585,3
24,10.375,0.08404417368421054,0.0035479878275120396,0.8523227368421052,0.023153089051964452,1.4547194736842106,0.04296933200208554,3
24,10.625,2.106107368421053,0.027227382026934487,0.8728175263157895,0.02303814477352127,1.4214847368421053,0.0427657821013977,3
24,10.875,7.220968771929825,0.05338494331312409,0.8907089824561402,0.023540006524730688,1.3572759649122805,0.04236241538416653,3
24,11.125,6.89805350877193,0.09701690049182332,0.904016105263158,0.02240315677350593,1.267164561403509,0.04130695128695615,3
24,11.375,3.4628043859649122,0.08592598596764606,0.9126215614035088,0.02170786536345143,1.1737401754385963,0.039615068754869684,3
24,11.625,1.522492807017544,0.04432279724217425,0.9188406666666667,0.02069512319343328,1.0968545614035088,0.038206919266540615,3
24,11.875,0.7750844385964912,0.012668473414882685,0.9237994385964913,0.019476087849778556,1.0413152631578948,0.03704172019549774,3
24,12.125,0.4844466140350878,0.01282082209990178,0.9302130877192983,0.01822640226151575,1.006493298245614,0.03617599406105288,3
24,12.375,0.36956892982456147,0.0033547963952826076,0.9403428596491229,0.017523740113374608,0.988341543859649,0.03573538051720957,3
24,12.625,0.34421589473684205,0.002230449549112383,0.9547543157894736,0.017584586418946425,0.9823635614035089,0.035486467721937615,3
24,12.875,0.3740107017543859,0.002132343222020664,0.9738642280701754,0.018366656609586474,0.9849127192982455,0.03552969933936377,3
24,13.125,0.4485278947368421,0.003835070084629024,0.9976479649122808,0.018832976884033875,0.9922994035087719,0.03577321882453442,3
24,13.375,0.5355855087719298,0.016280423643665907,1.0222757368421052,0.018732943006336978,1.0022795964912279,0.03583679509063438,3
24,13.625,0.614934,0.03780381296113847,1.047196403508772,0.01957449623060732,1.0129669473684213,0.03592064359582055,3
24,13.875,0.7055497894736842,0.03922606077119029,1.0726936842105264,0.019666379370955032,1.0232310350877194,0.03589664393494087,3
24,14.125,0.7743064561403509,0.036727192978626255,1.0958850877192985,0.019873547670570983,1.0325714736842107,0.03579471262014313,3
24,14.375,0.8262853859649123,0.03955636868456704,1.1173743859649123,0.019678680006129223,1.041261964912281,0.03576078594102376,3
24,14.625,0.8523318245614036,0.02495631060354471,1.1378736842105264,0.018884880251771027,1.0490070350877192,0.03554054917245696,3
24,14.875,0.8927730350877193,0.01039327169326365,1.158916140350877,0.019515317091187326,1.0561351403508772,0.03551845494096041,3
24,15.125,0.9083950877192982,0.009884573538943649,1.1800519298245613,0.018669866460019408,1.0627259649122804,0.035295907208433605,3
24,15.375,0.918369052631579,0.012500981589677117,1.2015180701754387,0.018080143949437404,1.068602087719298,0.035177745252811754,3
24,15.625,0.936769,0.013956428155136804,1.2222199999999999,0.017457073318980634,1.074043403508772,0.034971962597266114,3
24,15.875,0.938617403508772,0.01230959136840553,1.2349731578947367,0.01716480652411079,1.0783406666666666,0.034825463789660935,3
24,16.125,0.949948140350877,0.016818668123061167,1.2225407017543857,0.016912497334275314,1.0803008245614032,0.034641911556931346,3
24,16.375,0.9522781403508773,0.012020177362544363,1.1732564912280703,0.016720181834496858,1.0794577192982455,0.03449735467619613,3
24,16.625,0.9627983684210527,0.00775568437315686,1.1023401754385964,0.016298675655762238,1.076543596491228,0.03432175180438975,3
24,16.875,0.9716013684210525,0.01776022393552725,1.0357147368421054,0.01463556641519648,1.073759052631579,0.03407912556945903,3
24,17.125,0.973721754385965,0.020139444410923277,0.9864189298245615,0.012983489199794116,1.0720338771929825,0.03402017518655068,3
24,17.375,0.9753104912280701,0.011136301038935478,0.9583343333333333,0.012243807929242699,1.0715838070175439,0.033998842681577754,3
24,17.625,0.9881840350877193,0.01818626902519981,0.9473999298245616,0.011872293142457758,1.0723809122807018,0.033901119097317106,3
24,17.875,0.9772801403508774,0.010987502290856054,0.9478585087719299,0.012582109353177452,1.073894596491228,0.03399024341250885,3
24,18.125,0.9825525087719299,0.011789841366003051,0.9560478245614035,0.013141566261058132,1.0760441228070174,0.034016067571315575,3
24,18.375,0.9908122807017544,0.016974648037334478,0.967765894736842,0.013638602244570176,1.078788789473684,0.034148030381858,3
24,18.625,1.022924263157895,0.013904932677122478,0.9816920000000001,0.013624001901754907,1.0818291228070176,0.03428960874428667,3
24,18.875,1.083184350877193,0.020377696885855622,0.9943596315789472,0.013579451443180325,1.08505950877193,0.034380138833183645,3
24,19.125,1.1520265263157896,0.0148882964185166,1.0055568070175438,0.013169745108686086,1.0884250877192985,0.03428853927806386,3
24,19.375,1.1721939473684213,0.012228086139207684,1.014905140350877,0.013514850512578598,1.0916684210526315,0.03427161712213501,3
24,19.625,1.1456545263157896,0.010833294119227184,1.0215240350877195,0.013505480007853761,1.0943873684210528,0.03433748394260675,3
24,19.875,1.1361061754385966,0.007439031781206558,1.0270283684210526,0.013541826392080335,1.096393859649123,0.03431492471823264,3
24,20.125,1.1418394736842103,0.005752325065910126,1.0300791578947368,0.014111391107274183,1.0976249122807016,0.03426652826911922,3
24,20.375,1.1628931228070176,0.005642586213026638,1.0322911929824563,0.015138412636866888,1.0982598245614035,0.03430640377063371,3
24,20.625,1.1878881929824563,0.008411246817208838,1.0338545964912278,0.016248246762460193,1.0981657894736843,0.03432360480103151,3
24,20.875,1.196716842105263,0.006757780345536778,1.0346657719298245,0.016651754652999867,1.0974091228070175,0.03419863058317154,3
24,21.125,1.2089194736842106,0.014401914237443492,1.0356047719298245,0.01713377508015614,1.0960529824561405,0.034244043759835724,3
24,21.375,1.2197912280701753,0.012177232758752002,1.0356046315789473,0.01663435182014776,1.0942633333333334,0.03423950485844786,3
24,21.625,1.1954017543859647,0.014995489419287928,1.0351592982456141,0.016788331299876516,1.0922621052631578,0.034234933725148305,3
24,21.875,1.136570456140351,0.03848756873753617,1.0340335087719297,0.016627716053358655,1.090859298245614,0.034233698593050234,3
24,22.125,1.0581512807017546,0.02113673703852814,1.0328064035087718,0.016124238295613578,1.0902784210526315,0.034259995854847194,3
24,22.375,0.9903905438596491,0.012805814777623738,1.0306783859649122,0.01649333484028917,1.091003859649123,0.03438097515891325,3
24,22.625,0.9507400877192982,0.007669908937441741,1.0285993333333334,0.016989549940823977,1.092868947368421,0.034410066590071495,3
24,22.875,0.9251416666666666,0.00848518936088047,1.027390754385965,0.017117657089703905,1.0959719298245612,0.03454900901717646,3
24,23.125,0.9096427192982457,0.0027531887297448645,1.026714684210526,0.017326042938366704,1.0997314035087717,0.034632890404255275,3
24,23.375,0.9264241578947369,0.009513591706203943,1.027672192982456,0.017565493879756512,1.104018947368421,0.034689583666548146,3
24,23.625,0.9382285263157896,0.008537068111205763,1.031444842105263,0.017648743825776532,1.108546140350877,0.03487678521153133,3
24,23.875,0.9450414385964914,0.009265355460054803,1.0403337192982456,0.01778609971712261,1.1132138596491228,0.03491808450039847,3
24,24.125,0.9525913333333333,0.01011549836103144,1.0567634736842106,0.017516988428464393,1.1179187719298247,0.034958321358362125,3
24,24.375,0.9663158070175438,0.005247117543904142,1.0815381929824561,0.017384108577035578,1.1229101754385964,0.034972381073060575,3
24,24.625,0.9725492280701754,0.006410086485261908,1.1138247368421053,0.01743629974108969,1.127920701754386,0.03501899352816211,3
24,24.875,0.9695816315789473,0.014309535383576075,1.1371863157894737,0.016637491659397746,1.1318033333333333,0.03501783081044757,3
24,0.125,0.0,0.0,0.0,0.0,0.0,0.0,3
24,0.375,0.0,0.0,0.0,0.0,0.0,0.0,3
24,0.625,0.0,0.0,0.0,0.0,0.0,0.0,3
24,0.875,0.0,0.0,0.0,0.0,0.11973724561403509,0.0002664224262385583,3
24,1.125,0.0,0.0,0.0,0.0,3.259325789473684,0.007477102010692575,3
24,1.375,0.0,0.0,0.0,0.0,5.093045087719298,0.015973213134088213,3
24,1.625,0.0,0.0,0.0,0.0,6.562867719298246,0.017187515473453114,3
24,1.875,0.0,0.0,0.0,0.0,4.225945438596491,0.02221089643964123,3
24,2.125,0.0,0.0,0.0,0.0,3.086277017543859,0.028083796129577836,3
24,2.375,0.0,0.0,0.0,0.0,3.0629673684210528,0.0325192834503141,3
24,2.625,0.0,0.0,0.0,0.0,2.7735852631578948,0.03315836472794167,3
24,2.875,0.0,0.0,0.0,0.0,2.5137540350877194,0.03499375438888521,3
24,3.125,0.0,0.0,0.0,0.0,2.4116185964912282,0.03628677871329318,3
24,3.375,0.0,0.0,0.0,0.0,2.273772631578947,0.03613014312578807,3
24,3.625,0.0,0.0,0.0,0.0,2.1218240350877196,0.035859183144052405,3
24,3.875,0.0,0.0,0.0,0.0,1.9741643859649123,0.0359451895883146,3
24,4.125,0.0,0.0,0.0,0.0,1.843807894736842,0.03588009103123866,3
24,4.375,0.0,0.0,0.0,0.0,1.7382122807017542,0.03594547373017446,3
24,4.625,0.0,0.0,0.0015391045614035089,3.433833051065751e-05,1.658098245614035,0.03631812327190401,3
24,4.875,0.0,0.0,0.5698817017543859,0.004039343612817258,1.637961754385965,0.03707262125590293,3
24,5.125,0.0,0.0,5.683707368421053,0.018808580500976276,1.9321836842105264,0.03730968758910087,3
24,5.375,0.0,0.0,10.570940350877192,0.007645014589673272,2.22404,0.03972018116385883,3
24,5.625,0.0,0.0,9.412412807017544,0.037408500212520464,2.1325031578947367,0.04239914638115287,3
24,5.875,0.0,0.0,6.562110175438597,0.046304759207550665,1.9355491228070172,0.04394250555159578,3
24,6.125,0.0,0.0,4.113588947368421,0.03613414187508724,1.7650205263157897,0.04430581075509952,3
24,6.375,0.0,0.0,2.4371122807017547,0.023830132954447428,1.6435852631578947,0.043974982376084305,3
24,6.625,0.0,0.0,1.501710350877193,0.0157477217823977,1.5690964912280705,0.04362177731806193,3
24,6.875,0.0,0.0,0.9912430877192983,0.008947545299834152,1.5207594736842103,0.04281908737015907,3
24,7.125,0.0,0.0,0.7158754385964913,0.007164279248802116,1.4870682456140354,0.04254931750341193,3
24,7.375,0.0,0.0,0.5919690350877193,0.008643589481960407,1.4638963157894738,0.0422299129387498,3
24,7.625,0.0,0.0,0.5580241052631579,0.010792880170419634,1.4478747368421054,0.042402489284320465,3
24,7.875,0.0,0.0,0.574061,0.013060416126099804,1.4369256140350875,0.04280805866507878,3
24,8.125,0.0,0.0,0.6132606491228071,0.0150923540212499,1.4305245614035087,0.042967583833040494,3
24,8.375,0.0,0.0,0.6567179298245615,0.017420276242854114,1.426870350877193,0.04337496108568114,3
24,8.625,0.0,0.0,0.6946525263157897,0.019006749294458034,1.4258905263157893,0.04375622237033113,3
24,8.875,0.0,0.0,0.7246817719298245,0.020347436944608933,1.4267101754385962,0.04427185522816033,3
24,9.125,0.0,0.0,0.7493027719298246,0.020395629720096568,1.4303940350877193,0.044869787119881176,3
24,9.375,0.0,0.0,0.7698970877192982,0.02114942409875115,1.4358892982456137,0.045317155792376246,3
24,9.625,0.0,0.0,0.7885348771929824,0.022109292914074808,1.443231754385965,0.045423406774254244,3
24,9.875,0.0,0.0,0.8085750701754386,0.02273192716083868,1.4518033333333331,0.04544174907169593,3
24,10.125,0.00011884522807017543,0.00010529701500226196,0.8288843684210527,0.022987412941947522,1.4594512280701757,0.045038456569299265,3
24,10.375,0.08336789298245616,0.0013248126875201843,0.8513353333333334,0.023161508016372564,1.4545698245614034,0.04481006955149948,3
24,10.625,2.139968245614035,0.03314709822649901,0.8710533157894735,0.023714210337899513,1.4215422807017546,0.0443909546997656,3
24,10.875,7.276797368421053,0.09179215973556644,0.8884369122807018,0.0227380589698872,1.3566312280701753,0.04328893381913328,3
24,11.125,6.8626587719298255,0.1009578105582303,0.902724561403509,0.022165299119750827,1.2664040350877193,0.04196232292882799,3
24,11.375,3.446620526315789,0.07153116760328192,0.9111294035087719,0.02263160894980999,1.172951929824561,0.040514132161144786,3
24,11.625,1.524034561403509,0.03970442029563729,0.9175378771929825,0.02190392442187255,1.0958049122807019,0.03899428222719701,3
24,11.875,0.7478232807017543,0.005822608500128428,0.9234488771929824,0.021362458173744697,1.0403712982456141,0.038097949700841134,3
24,12.125,0.45666122807017545,0.016430201322007253,0.9296921754385964,0.02127142142849882,1.005402649122807,0.03746094855920453,3
24,12.375,0.3577146315789474,0.029107256849612708,0.9399226842105263,0.0215149352189051,0.9869817543859648,0.03731535995210527,3
24,12.625,0.3436788245614036,0.028214595490445075,0.9554385087719298,0.022671973383725116,0.9810083157894738,0.03737287220112197,3
24,12.875,0.388280649122807,0.01852428505802719,0.9726436842105263,0.02238073804643702,0.983404245614035,0.037572849870697554,3
24,13.125,0.45424619298245617,0.015892389250379096,0.9945919999999999,0.023565954034983325,0.9907163684210527,0.037845722184296764,3
24,13.375,0.5366752280701755,0.027479225157664548,1.0185170701754387,0.024099335745658295,1.0006555087719298,0.038246606178922574,3
24,13.625,0.6215709473684211,0.01837417550283688,1.0444519649122805,0.023257910690645905,1.011588701754386,0.03839404124310873,3
24,13.875,0.7025483859649122,0.025896945115237772,1.0691526842105261,0.02362847902940099,1.0221312105263158,0.03843746683568303,3
24,14.125,0.7642761228070175,0.021337734635835923,1.0931287719298244,0.022390118666768447,1.032115052631579,0.038430429477276776,3
24,14.375,0.8134924035087719,0.017767636580667268,1.1163501754385965,0.022500590747690875,1.0411783333333333,0.03831233829296119,3
24,14.625,0.8543911052631579,0.0026066055754637527,1.1384229824561405,0.021739103643167466,1.049243859649123,0.03797192816472771,3
24,14.875,0.8826122105263158,0.00769801430824438,1.1609849122807017,0.02100067350339471,1.0567746491228067,0.037686256408845764,3
24,15.125,0.905327736842105,0.016666426950501415,1.18204,0.02047667490446444,1.0632492105263156,0.03741797752506782,3
24,15.375,0.912785859649123,0.010148274827605197,1.2034498245614038,0.019845528367454523,1.0690988596491227,0.037043498266492614,3
24,15.625,0.939392754385965,0.013792315686530686,1.2237145614035088,0.01980795747618296,1.0745050175438597,0.036635427635723423,3
24,15.875,0.9627416666666667,0.005758135961516329,1.235935964912281,0.01994214303790567,1.0787389122807018,0.03630996618252434,3
24,16.125,0.9749353508771929,0.009474923050806931,1.221573859649123,0.018895142801353255,1.0806418245614038,0.03573878785663236,3
24,16.375,0.9713303508771928,0.020284976824004243,1.1715142105263159,0.018008717254085118,1.0795755614035087,0.03534964734423308,3
24,16.625,0.9749476315789473,0.010713788023459923,1.1009656140350879,0.016587644504270704,1.0769304912280704,0.03483516717483196,3
24,16.875,0.974061754385965,0.021595190201651158,1.0342290175438598,0.016237859956002684,1.0739666140350876,0.034320272853885704,3
24,17.125,0.9765375087719298,0.008900896004814219,0.9857671578947369,0.014679218819051052,1.072205385964912,0.03393771556863014,3
24,17.375,0.9750315614035087,0.02794118728395744,0.9581161403508772,0.013935924726282389,1.0718255964912282,0.033606057657022924,3
24,17.625,0.9708431052631578,0.018587344779896844,0.9476944736842104,0.014118288160065176,1.0723288771929822,0.03335044411059098,3
24,17.875,0.9808492105263159,0.023505759272386316,0.948577438596491,0.014576853448611496,1.0739334035087718,0.033240597031030765,3
24,18.125,0.979086298245614,0.0177025671646903,0.95699949122807,0.014655706730225902,1.0761408771929826,0.03299884929394569,3
24,18.375,0.9885628245614034,0.012477095198317398,0.9690363333333333,0.015414164510520979,1.0788366842105261,0.032924633682046484,3
24,18.625,1.0143823157894738,0.01130260544056783,0.9827874385964912,0.01608133255024504,1.0818472280701756,0.032855194909507265,3
24,18.875,1.064683052631579,0.015959498844930815,0.9957458245614035,0.01596286398884534,1.0852276140350876,0.032782796775215055,3
24,19.125,1.1357202280701755,0.011026534793649357,1.007721192982456,0.015700616979033497,1.0887304385964915,0.03259675013564956,3
24,19.375,1.165227543859649,0.006356902390509383,1.0174285789473683,0.015277546038015384,1.0921665964912284,0.03251612078529626,3
24,19.625,1.1604599999999998,0.015268991704231677,1.024436561403509,0.014381914042441083,1.0951996491228069,0.0323042397822659,3
24,19.875,1.1436815087719299,0.008755380549345796,1.0297882631578947,0.014042820749611702,1.0974308771929826,0.032144010096798764,3
24,20.125,1.1523387719298246,0.019056170052017266,1.0338307543859646,0.014018361352421979,1.0989294736842103,0.03214950352231444,3
24,20.375,1.1691913859649121,0.019549805629898706,1.0353869122807018,0.01382032781529191,1.099620350877193,0.03226774559504264,3
24,20.625,1.1850759649122808,0.02077413332462621,1.036649,0.013326939465533932,1.0995968421052629,0.03237054284017042,3
24,20.875,1.1929159649122807,0.01934563877657557,1.0368852105263155,0.01329763377634774,1.0987092982456141,0.03258186782345166,3
24,21.125,1.2065578947368423,0.013047441292621061,1.0370971929824562,0.013788805527024994,1.097358947368421,0.03267979767085401,3
24,21.375,1.204994561403509,0.021359233122502406,1.036421403508772,0.013868091282362728,1.0955884210526314,0.03267768605387532,3
24,21.625,1.2055270175438595,0.013192610444083083,1.0349450350877192,0.01393239371064656,1.0937508771929823,0.032772946639809925,3
24,21.875,1.1442243157894736,0.0070031552356007755,1.0329153157894737,0.013804871066593885,1.0922473684210525,0.03277770007711557,3
24,22.125,1.0553792280701755,0.009602234679151014,1.031380631578947,0.01443137679027138,1.0918177192982457,0.032743757179436755,3
24,22.375,0.9772136666666666,0.017625917165128385,1.0293029122807016,0.014535687607479272,1.092397894736842,0.03277076031291628,3
24,22.625,0.9363930877192983,0.012607460959360453,1.026717596491228,0.014996852958965351,1.0942071929824564,0.03282583226041352,3
24,22.875,0.9237015438596492,0.011109274918542552,1.0250753333333333,0.015123206204464001,1.0972168421052633,0.03286051046631986,3
24,23.125,0.9258537017543859,0.0034098175249870784,1.0248489824561402,0.01508075746977284,1.100931052631579,0.03289820601776701,3
24,23.375,0.9226928771929827,0.004513447983379882,1.0252383508771927,0.014909817781936667,1.1050578947368421,0.03295221048159392,3
24,23.625,0.9381605263157895,0.008843653537692273,1.029458842105263,0.015494602291142136,1.1095042105263158,0.03299397055077557,3
24,23.875,0.9645506666666667,0.012294628168554712,1.0388385263157895,0.01559342848595029,1.1141198245614037,0.033136397713569146,3
24,24.125,0.9698189824561404,0.014753360953255811,1.055604403508772,0.015842973845766217,1.118876842105263,0.03317590264828029,3
24,24.375,0.9746839649122808,0.009884593169950088,1.08153,0.01607600438797465,1.1238845614035087,0.03325778665364578,3
24,24.625,0.9698588771929825,0.010367932745944974,1.114120701754386,0.015986319141447637,1.1287180701754387,0.03312067369077794,3
24,24.875,0.9733480526315791,0.016517287001533987,1.1381215789473684,0.016099848642636035,1.132580350877193,0.03303342786170162,3
24,0.125,0.0,0.0,0.0,0.0,0.0,0.0,3
24,0.375,0.0,0.0,0.0,0.0,0.0,0.0,3
24,0.625,0.0,0.0,0.0,0.0,0.0,0.0,3
24,0.875,0.0,0.0,0.0,0.0,0.1198560701754386,0.0007053029634398316,3
24,1.125,0.0,0.0,0.0,0.0,3.261984210526316,0.008532225415727367,3
24,1.375,0.0,0.0,0.0,0.0,5.103344736842105,0.01568288919431232,3
24,1.625,0.0,0.0,0.0,0.0,6.572335263157895,0.014309626698525766,3
24,1.875,0.0,0.0,0.0,0.0,4.230301052631579,0.016982795808187415,3
24,2.125,0.0,0.0,0.0,0.0,3.096378421052632,0.025633188670228117,3
24,2.375,0.0,0.0,0.0,0.0,3.0707968421052634,0.028070828070263953,3
24,2.625,0.0,0.0,0.0,0.0,2.780977719298246,0.031212406932285892,3
24,2.875,0.0,0.0,0.0,0.0,2.5234647368421057,0.034530140371717,3
24,3.125,0.0,0.0,0.0,0.0,2.41917701754386,0.036997543621722404,3
24,3.375,0.0,0.0,0.0,0.0,2.2808187719298245,0.03864994630367142,3
24,3.625,0.0,0.0,0.0,0.0,2.1284977192982457,0.03938331735562841,3
24,3.875,0.0,0.0,0.0,0.0,1.9790603508771933,0.03986349233464342,3
24,4.125,0.0,0.0,0.0,0.0,1.8484221052631582,0.040499480721224695,3
24,4.375,0.0,0.0,0.0,0.0,1.7420256140350876,0.04064017250804352,3
24,4.625,0.0,0.0,0.0015657757894736838,3.7423087515921017e-06,1.6615671929824558,0.041086736731475865,3
24,4.875,0.0,0.0,0.5683444385964913,0.0018537872712781173,1.6417882456140351,0.04136253370082693,3
24,5.125,0.0,0.0,5.673278245614035,0.011722198419905957,1.9353873684210525,0.041471302391754034,3
24,5.375,0.0,0.0,10.573921052631581,0.00448584724269144,2.2290198245614032,0.042387142779468756,3
24,5.625,0.0,0.0,9.431664385964913,0.03069464620571418,2.139370701754386,0.04445268846316908,3
24,5.875,0.0,0.0,6.586602105263157,0.038950977993000874,1.943008596491228,0.04471873010520537,3
24,6.125,0.0,0.0,4.125914736842105,0.02984132653150275,1.77257,0.04422260309363014,3
24,6.375,0.0,0.0,2.4464647368421053,0.019690408298137625,1.6507492982456142,0.04265105285853452,3
24,6.625,0.0,0.0,1.5104884210526315,0.012743289212154046,1.5761896491228071,0.040998445932156236,3
24,6.875,0.0,0.0,0.9970772105263158,0.009466408759085446,1.5273631578947369,0.04025118400786603,3
24,7.125,0.0,0.0,0.722298403508772,0.009187226761367523,1.493457192982456,0.03878061119526558,3
24,7.375,0.0,0.0,0.5976460877192983,0.010809248260803461,1.4702049122807017,0.03869691229909092,3
24,7.625,0.0,0.0,0.5619193333333333,0.012686212547132134,1.4539275438596493,0.03859033718402339,3
24,7.875,0.0,0.0,0.5770403684210526,0.015753199209238372,1.4430305263157894,0.03892861681119526,3
24,8.125,0.0,0.0,0.6155567894736843,0.019109081806621485,1.4359300000000002,0.03954299101149045,3
24,8.375,0.0,0.0,0.6572978245614035,0.02093564527641888,1.4318691228070175,0.04017869539316147,3
24,8.625,0.0,0.0,0.6956518771929825,0.0233780694547652,1.430347719298246,0.04093909901014401,3
24,8.875,0.0,0.0,0.7252563333333334,0.023911826268339046,1.4310131578947367,0.041301490990997045,3
24,9.125,0.0,0.0,0.7489948421052631,0.02417303919491186,1.4337442105263156,0.041889350969592884,3
24,9.375,0.0,0.0,0.7700999999999999,0.023805951849811248,1.4387871929824563,0.042434815368643616,3
24,9.625,0.0,0.0,0.7897179122807017,0.02274617010086117,1.445730350877193,0.04280287234675558,3
24,9.875,0.0,0.0,0.8111214385964911,0.022539899834413665,1.4542040350877194,0.043340199982267416,3
24,10.125,6.536471929824562e-05,8.0165265711718e-05,0.8331666491228069,0.022262879251971603,1.4619266666666666,0.043534397574516305,3
24,10.375,0.08223599473684208,0.0021228308191039084,0.8564001578947368,0.02208237925580972,1.4575836842105263,0.043312992864464946,3
24,10.625,2.1725403508771923,0.03818197193513775,0.8785830175438597,0.022214537901308493,1.4251828070175439,0.04317658933003147,3
24,10.875,7.295422456140351,0.06118594811693535,0.896374754385965,0.02140237219238492,1.3611585964912283,0.042381943284725845,3
24,11.125,6.931629298245614,0.07390236103184948,0.9099554035087718,0.021579516383526252,1.2704787719298247,0.04131147585109973,3
24,11.375,3.443404912280702,0.051501636571963945,0.9193400877192982,0.021382172897567775,1.1764322807017544,0.040156594162410485,3
24,11.625,1.5189043859649123,0.006707718247467493,0.9249005263157893,0.020671664021824843,1.0987831578947371,0.03878756858850934,3
24,11.875,0.7700862105263159,0.0043826713677431834,0.9286768070175438,0.01967727542501886,1.042506561403509,0.03777453003646949,3
24,12.125,0.48318892982456146,0.0049068041842481045,0.9339416140350877,0.019307861652462826,1.0070675964912281,0.03726700040475155,3
24,12.375,0.37047185964912277,0.009730315496848312,0.9429864912280701,0.01997668430092876,0.9885712807017543,0.0370900364952315,3
24,12.625,0.34885957894736846,0.004351346144011612,0.956720456140351,0.020559525360422645,0.9822736315789474,0.03726861137913864,3
24,12.875,0.382803105263158,0.012439763826574104,0.9743341754385965,0.021799318753929642,0.984504456140351,0.037593482365269215,3
24,13.125,0.44442926315789477,0.0047860816226058915,0.9947936140350878,0.023651891365861592,0.9915352631578948,0.037969896065517865,3
24,13.375,0.5198901929824562,0.008078517595327196,1.0182330877192982,0.024858101045250162,1.0012334210526317,0.03829604937162171,3
24,13.625,0.6044609298245613,0.012152566260933396,1.0433903684210526,0.025771902920327966,1.0119410175438597,0.03853317513729274,3
24,13.875,0.6818155438596492,0.019160261775611136,1.0682688421052633,0.025318010726201212,1.0223408245614036,0.03873561825946979,3
24,14.125,0.7511620175438597,0.022391439977347397,1.0920845614035086,0.02410976845331111,1.032038947368421,0.03871534295128542,3
24,14.375,0.8131061228070177,0.027534211370202826,1.1155245614035088,0.02330570375236594,1.0408474385964912,0.0385381052770864,3
24,14.625,0.8714785263157895,0.036213895305638684,1.137179649122807,0.022230415383282076,1.048545561403509,0.03838560113950124,3
24,14.875,0.9116394736842105,0.03136863565577713,1.1586336842105263,0.020886447319377225,1.0557358596491226,0.0381224203136829,3
24,15.125,0.9390806315789474,0.04618230195968457,1.1814905263157895,0.019517180233947475,1.0623641754385966,0.03776144848215697,3
24,15.375,0.9433407719298245,0.034395703145940565,1.2038056140350877,0.019804663269715934,1.0683272456140351,0.03748357425908156,3
24,15.625,0.9392082105263156,0.03364335666109531,1.225177894736842,0.01834393720872474,1.0736748771929825,0.03702819388748804,3
24,15.875,0.947589350877193,0.02527626982844048,1.2385263157894737,0.017844983735100444,1.0776906140350877,0.03675019191181946,3
24,16.125,0.964293,0.018453761395291438,1.224927894736842,0.018163912844554066,1.0794040350877192,0.03616515732965023,3
24,16.375,0.9673446140350878,0.030443588662880584,1.1737680701754385,0.01744765689123185,1.0781953333333332,0.035796113517853764,3
24,16.625,0.9676176140350877,0.013504473197851618,1.1018110526315787,0.01643925596984566,1.0751126315789472,0.03552070428196738,3
24,16.875,0.9510603684210527,0.004687803601839378,1.0343309824561402,0.01644744697341711,1.0719334736842105,0.0350762690215587,3
24,17.125,0.9511022982456142,0.0014457638776456624,0.9846004385964912,0.015558437506517218,1.0696296491228068,0.0347630622475896,3
24,17.375,0.9591286140350878,0.01951907799851147,0.9564850350877192,0.01535434761860164,1.0689893684210527,0.03465681792335367,3
24,17.625,0.9585657017543859,0.022324323759463104,0.9451777719298246,0.016091764095784434,1.0695365964912282,0.034512170532668224,3
24,17.875,0.9562377719298247,0.012699321978202796,0.9457338245614036,0.015700085863539194,1.0710050000000002,0.034424591722802246,3
24,18.125,0.9607117368421053,0.01901322756308493,0.9539528245614034,0.016444316296870702,1.0732093333333332,0.03434332547839161,3
24,18.375,0.9716872982456141,0.023339895802602366,0.9661432105263158,0.01698126511839557,1.0760255789473685,0.03423774943490728,3
24,18.625,1.0200017719298247,0.028970059715112798,0.9799091929824563,0.01668873292277016,1.079162438596491,0.03412165195033243,3
24,18.875,1.0839858245614036,0.024099231031410855,0.9930250701754387,0.016579226272136673,1.0825748771929826,0.033912749024674796,3
24,19.125,1.1459217192982456,0.02515922341181753,1.0044114210526318,0.01723905625736243,1.0862851754385965,0.03358623694753693,3
24,19.375,1.1634864210526317,0.02795424176925244,1.013935298245614,0.017522145361061354,1.0898621754385964,0.03325065375693798,3
24,19.625,1.1571151929824564,0.023659182618003614,1.0207238771929823,0.017452480094063347,1.0928894912280702,0.03294466102828171,3
24,19.875,1.1416738070175438,0.00517737804570345,1.026235210526316,0.017266799550803014,1.0952987719298248,0.032734184786190994,3
24,20.125,1.145172596491228,0.01669390840654497,1.030046192982456,0.016919952107472783,1.0967078947368423,0.032321285923217494,3
24,20.375,1.1631743859649122,0.011740288144356972,1.0320377894736843,0.016208710571640094,1.0974433333333333,0.032022795451070216,3
24,20.625,1.20299,0.010326104304217,1.0335400701754387,0.01587046405075195,1.0975036842105261,0.03193660965405938,3
24,20.875,1.2087033333333335,0.006827886025536346,1.0341188771929823,0.015366923043870946,1.0967436842105267,0.03170212786214819,3
24,21.125,1.2030584210526316,0.0073375366783410825,1.033521754385965,0.014660250926840184,1.0952784210526316,0.03162187128381728,3
24,21.375,1.2103598245614033,0.028632602614354175,1.0327739298245613,0.014728932344094784,1.0933024561403508,0.03150809195433209,3
24,21.625,1.2023726315789476,0.018760849216988354,1.031894,0.014822211861314034,1.091348947368421,0.03142532047479672,3
24,21.875,1.144199964912281,0.013496015180258326,1.0298130701754387,0.015023858074875038,1.0898784210526316,0.03142687009827093,3
24,22.125,1.0605695438596492,0.0254861249716183,1.0279130701754386,0.014538333104572978,1.089300350877193,0.03134261258544229,3
24,22.375,0.9869822982456141,0.020393127975582914,1.0264491228070174,0.014835150300931098,1.0899364912280702,0.03133000987560936,3
24,22.625,0.9342498245614035,0.0037706201831677996,1.024891842105263,0.014277651741000786,1.091905789473684,0.03129769250947035,3
24,22.875,0.9137351403508771,0.005828125797288447,1.0238034210526317,0.014062633131623896,1.0948719298245615,0.031266747854409103,3
24,23.125,0.9146902807017544,0.007665723302312433,1.023988789473684,0.013475461234035304,1.0986243859649123,0.03135708564274027,3
24,23.375,0.9190666666666667,0.010639396412347856,1.0252310701754386,0.013258125325459186,1.1028257894736841,0.03141895955589972,3
24,23.625,0.9289219122807019,0.008581222223451703,1.029690842105263,0.013167380686391362,1.1073638596491229,0.03134685223772735,3
24,23.875,0.9470192105263157,0.019272832834540517,1.0391254561403507,0.013363929794137164,1.1120324561403507,0.031393675246630774,3
24,24.125,0.9627239298245612,0.01362112750008806,1.056738245614035,0.013212900061659297,1.1169163157894737,0.03135469537514783,3
24,24.375,0.9680994736842106,0.013963363816205221,1.0831350877192982,0.012897404123229017,1.1220705263157893,0.0313277044029385,3
24,24.625,0.9784908421052632,0.009557816652919406,1.1164042105263159,0.012662697874131067,1.1272912280701755,0.03131574279912007,3
24,24.875,0.9751016491228071,0.005292799761164958,1.139895438596491,0.011823189917339598,1.131381052631579,0.03114490865879558,3
24,0.125,0.0,0.0,0.0,0.0,0.0,0.0,3
24,0.375,0.0,0.0,0.0,0.0,0.0,0.0,3
24,0.625,0.0,0.0,0.0,0.0,0.0,0.0,3
24,0.875,0.0,0.0,0.0,0.0,0.11977903508771931,0.0002266157389422665,3
24,1.125,0.0,0.0,0.0,0.0,3.258604385964912,0.009589554540970593,3
24,1.375,0.0,0.0,0.0,0.0,5.0998671929824555,0.01239465921183557,3
24,1.625,0.0,0.0,0.0,0.0,6.568878947368421,0.0127659249812888,3
24,1.875,0.0,0.0,0.0,0.0,4.231321403508772,0.01800743688747432,3
24,2.125,0.0,0.0,0.0,0.0,3.091189649122807,0.023197457721746858,3
24,2.375,0.0,0.0,0.0,0.0,3.0670663157894738,0.02782826085006178,3
24,2.625,0.0,0.0,0.0,0.0,2.7790743859649116,0.032210238131761604,3
24,2.875,0.0,0.0,0.0,0.0,2.5206671929824562,0.0359456778167954,3
24,3.125,0.0,0.0,0.0,0.0,2.416555789473684,0.03689561772605099,3
24,3.375,0.0,0.0,0.0,0.0,2.27867947368421,0.03876998192217308,3
24,3.625,0.0,0.0,0.0,0.0,2.127088947368421,0.03877748886717592,3
24,3.875,0.0,0.0,0.0,0.0,1.9784012280701753,0.03931876590892458,3
24,4.125,0.0,0.0,0.0,0.0,1.8477814035087718,0.03926184405951307,3
24,4.375,0.0,0.0,0.0,0.0,1.7415308771929825,0.03907382304481668,3
24,4.625,0.0,0.0,0.001573360350877193,6.574885178643222e-06,1.6612010526315786,0.03903378828272795,3
24,4.875,0.0,0.0,0.5683000701754385,0.0024262742670014205,1.6408110526315787,0.03862106991244422,3
24,5.125,0.0,0.0,5.673749298245614,0.015422861497009487,1.9341852631578949,0.038145437189700065,3
24,5.375,0.0,0.0,10.570242105263157,0.002673459722583126,2.2276049122807016,0.039084348101811266,3
24,5.625,0.0,0.0,9.429192807017543,0.03505481256144411,2.1378875438596485,0.04210410334440607,3
24,5.875,0.0,0.0,6.5780356140350875,0.04351773144380754,1.940981052631579,0.04280615080155027,3
24,6.125,0.0,0.0,4.12389,0.03219186215651918,1.770382807017544,0.041897947184441314,3
24,6.375,0.0,0.0,2.446051929824561,0.018509950728239025,1.6488314035087717,0.040966256682548996,3
24,6.625,0.0,0.0,1.5111584210526317,0.012992309515858195,1.5741949122807017,0.04058731049126981,3
24,6.875,0.0,0.0,0.9949341228070177,0.00993731199568569,1.525424561403509,0.0396404127670988,3
24,7.125,0.0,0.0,0.720695192982456,0.00946945030189217,1.4918675438596491,0.03916912371146173,3
24,7.375,0.0,0.0,0.5968069649122807,0.010672616211000954,1.4683670175438597,0.03902751889719825,3
24,7.625,0.0,0.0,0.5614451052631578,0.014197106485072114,1.4520105263157894,0.039028849762170616,3
24,7.875,0.0,0.0,0.5773971578947368,0.016730864097409346,1.4411029824561403,0.03944213022893178,3
24,8.125,0.0,0.0,0.616052350877193,0.018596204446845406,1.434483859649123,0.04007758693555269,3
24,8.375,0.0,0.0,0.6597076842105264,0.0209074503766941,1.4306657894736843,0.04049881118827914,3
24,8.625,0.0,0.0,0.697661350877193,0.02128317235118534,1.4293787719298245,0.04110105688731794,3
24,8.875,0.0,0.0,0.7286969298245612,0.022711547293930823,1.4305143859649123,0.04164809248936202,3
24,9.125,0.0,0.0,0.751680298245614,0.022627066112375256,1.4340528070175438,0.042086854037747964,3
24,9.375,0.0,0.0,0.7714175087719299,0.022413742275218876,1.4393785964912278,0.04273719786027148,3
24,9.625,0.0,0.0,0.7900287719298246,0.021507263344665583,1.4471175438596493,0.04325636257157974,3
24,9.875,0.0,0.0,0.810650947368421,0.021240407753536042,1.456376140350877,0.04360302133239899,3
24,10.125,9.804726315789472e-05,3.335085519196004e-05,0.8330021403508772,0.021892926791676072,1.4645207017543858,0.04388271949875396,3
24,10.375,0.08054105964912282,0.0015730811263005777,0.8551851228070175,0.02199821758163268,1.4603012280701755,0.04427454098647388,3
24,10.625,2.1268933333333333,0.03142594955914722,0.8760745087719298,0.022534840548807188,1.427653333333333,0.044303929905231874,3
24,10.875,7.293399298245613,0.0922515513424277,0.8936618070175438,0.02283675457810977,1.3632022807017543,0.043853617802146,3
24,11.125,6.963740175438596,0.05407419994585688,0.906917052631579,0.02211695511461762,1.272598070175439,0.04259164291536094,3
24,11.375,3.4812084210526315,0.04276612489356314,0.9154809298245615,0.021720353494643824,1.178529649122807,0.041108755377258596,3
24,11.625,1.5021678947368422,0.02293293569948833,0.920381140350877,0.021309036665441077,1.1006131578947371,0.03964857775514195,3
24,11.875,0.7478512982456141,0.014828661021369186,0.9248888070175437,0.020623527526378,1.0446047719298246,0.03836496286993761,3
24,12.125,0.4772655614035088,0.0011637083974200557,0.9314592807017542,0.02136243675344491,1.0093939999999997,0.03756238786865371,3
24,12.375,0.3627546140350877,0.0064011583976371494,0.9413514210526315,0.022270719128622645,0.9909080701754384,0.037234026336296945,3
24,12.625,0.35081635087719293,0.005895654992144275,0.9554208245614036,0.021601790061309287,0.9848150701754385,0.03690481163053657,3
24,12.875,0.38130378947368415,0.005176176051414358,0.973525087719298,0.02149782071784254,0.986792052631579,0.037019619270173346,3
24,13.125,0.4447069298245614,0.004258745016555386,0.9951891228070173,0.02175033646091771,0.9941012807017543,0.03720261877877369,3
24,13.375,0.5217648070175439,0.01070893001331897,1.019265245614035,0.021392782624214582,1.003859052631579,0.03731882859900404,3
24,13.625,0.6101118596491228,0.007898533853025694,1.0440820877192982,0.021335710676877163,1.014043052631579,0.037407752737448965,3
24,13.875,0.6928575087719296,0.01781456875578096,1.0704005964912282,0.02254315862485714,1.0241175087719299,0.03741782188391204,3
24,14.125,0.7656668947368422,0.016452026750340167,1.0942466666666666,0.02184368842427037,1.0333263859649122,0.03737360023906968,3
24,14.375,0.8302888245614035,0.00940071274093352,1.1173282456140352,0.02151182856275262,1.0416972631578947,0.037028130365316596,3
24,14.625,0.870010192982456,0.015512046610633833,1.1395536842105265,0.020781530674483826,1.0490971403508773,0.03690108948153121,3
24,14.875,0.8903049122807017,0.018617558219934143,1.1619747368421054,0.02039583505362366,1.0559532280701756,0.03677743777381072,3
24,15.125,0.9204040701754387,0.030567866750880676,1.185642105263158,0.01998855698035693,1.062431245614035,0.03641902932526003,3
24,15.375,0.9416066842105263,0.02823999959158271,1.207539298245614,0.01943101358842516,1.0679845789473683,0.03612374800348141,3
24,15.625,0.9595070701754387,0.03101123379864751,1.2282736842105262,0.018932547044198667,1.0731730701754387,0.03581688556808749,3
24,15.875,0.9638695964912282,0.0209574430996449,1.2394284210526314,0.018833135574509784,1.0770371228070177,0.03563383979624998,3
24,16.125,0.9487335964912281,0.012687602545748466,1.2253905263157894,0.018785718957489084,1.078685912280702,0.03525679090900056,3
24,16.375,0.9623356842105263,0.0028966368753163135,1.1745217543859647,0.01760341136424901,1.0775237894736842,0.03483571429519056,3
24,16.625,0.957992649122807,0.0013371739278290804,1.1019666666666668,0.0157558870226179,1.074383614035088,0.03439582641706546,3
24,16.875,0.9588074210526316,0.011659461029151639,1.034095596491228,0.013724671862685224,1.0712901754385966,0.03390446081866121,3
24,17.125,0.9474439298245616,0.017027110231002642,0.9843748245614033,0.012388982649821146,1.0691885087719297,0.033508115502663825,3
24,17.375,0.950368543859649,0.013251466892534617,0.956208298245614,0.01186299156971253,1.0686408421052631,0.033205349865102936,3
24,17.625,0.9447030526315787,0.01612986108451407,0.9448264385964912,0.012198313065661706,1.0691518771929827,0.0328750015430686,3
24,17.875,0.955196649122807,0.006075008751606982,0.9455176666666666,0.012614982704980793,1.0705494912280702,0.0328549371119804,3
24,18.125,0.9627551228070176,0.010813197458337954,0.9533739473684211,0.013552442213154957,1.0728669122807017,0.03261857798297259,3
24,18.375,0.9835385614035088,0.01692061503645974,0.9652742982456141,0.013921734446364005,1.075562350877193,0.03260295337825889,3
24,18.625,1.0104959122807018,0.01127072798311235,0.9780640000000002,0.014018502496939386,1.078678,0.032452019142009514,3
24,18.875,1.078404052631579,0.005297521745543408,0.9900593333333334,0.013814615964953944,1.0820880877192982,0.032183169872872654,3
24,19.125,1.140681087719298,0.005446100973210483,1.0007182807017545,0.014385996873584507,1.085457245614035,0.03187953936771885,3
24,19.375,1.1583662631578946,0.019299318904109474,1.0096108421052632,0.01420673384292967,1.0888881052631578,0.03157220153644325,3
24,19.625,1.1506017894736844,0.009735796221495186,1.0165103333333334,0.014347495709642055,1.0918772105263157,0.031131704107265668,3
24,19.875,1.141033736842105,0.00038490682639383787,1.0219750526315792,0.014595162467522365,1.0940418421052633,0.030774094189372284,3
24,20.125,1.145148859649123,0.016814382977081647,1.0257105789473686,0.014501341439589458,1.095317649122807,0.030460267902820484,3
24,20.375,1.1692012280701753,0.0050322536127976525,1.0284589298245617,0.014150575935887878,1.09576449122807,0.030301482956659506,3
24,20.625,1.1896008771929825,0.01064952784281325,1.0297423859649122,0.014128547831174698,1.0954563333333336,0.030043979348728003,3
24,20.875,1.2035557894736844,0.018614004839831905,1.031178105263158,0.013435736967630153,1.0945224210526316,0.029942964176126755,3
24,21.125,1.213146140350877,0.019018585565759933,1.031345403508772,0.013427882883184866,1.0929159824561403,0.029789107913579027,3
24,21.375,1.223792456140351,0.024812158780127547,1.030603105263158,0.013030586631507465,1.0909102631578949,0.029610642152279657,3
24,21.625,1.1923755789473685,0.020225121891073353,1.0301444385964913,0.013384437680070634,1.0888569122807021,0.029575847982255682,3
24,21.875,1.1422516140350876,0.013675330025428969,1.0283596842105263,0.01300183341706033,1.0872232807017543,0.029436840972152895,3
24,22.125,1.0666846315789476,0.004037537250470707,1.0265705263157896,0.013536318528454739,1.0864814035087718,0.029336394086096403,3
24,22.375,0.9938051929824563,0.005745947360037947,1.0250933333333332,0.013451503752131106,1.0870550877192982,0.029360629276171262,3
24,22.625,0.9488042982456141,0.008262714844456568,1.0229425263157894,0.012933105297819965,1.0887656140350879,0.029425995286212113,3
24,22.875,0.9355423859649122,0.011574458340459783,1.0220196315789474,0.012865719479414795,1.091766842105263,0.02947714201834564,3
24,23.125,0.9194454035087719,0.01275565899264802,1.021370789473684,0.012303594253582576,1.0955284210526317,0.02969516398630574,3
24,23.375,0.9166522105263158,0.007690433710859538,1.0232821754385963,0.012082976719085708,1.0997554385964914,0.02982929916239308,3
24,23.625,0.9277331578947369,0.011749142754685967,1.0280219649122808,0.012281823127449349,1.1044752631578947,0.02986390521855849,3
24,23.875,0.9295969649122808,0.009809394666428732,1.0379111228070175,0.011577177866173986,1.1093928070175438,0.02992466639083289,3
24,24.125,0.9395842807017544,0.006209353703800232,1.0558715789473683,0.011615942677389418,1.114496666666667,0.029957747781485883,3
24,24.375,0.9456245789473684,0.0021221362079163167,1.081348947368421,0.011703111699602494,1.1197710526315787,0.030002250395742957,3
24,24.625,0.965021701754386,0.0038204773358261604,1.113991929824561,0.011421007432470584,1.1252098245614035,0.03001792896181643,3
24,24.875,0.9706251578947368,0.0020778291267482232,1.1379721052631577,0.01147049502595035,1.1295622807017542,0.03002798837949041,3
24,0.125,0.0,0.0,0.0,0.0,0.0,0.0,3
24,0.375,0.0,0.0,0.0,0.0,0.0,0.0,3
24,0.625,0.0,0.0,0.0,0.0,0.0,0.0,3
24,0.875,0.0,0.0,0.0,0.0,0.11976091228070175,0.0002883187689466703,3
24,1.125,0.0,0.0,0.0,0.0,3.26104,0.013168493506749618,3
24,1.375,0.0,0.0,0.0,0.0,5.099603157894737,0.01931863350638545,3
24,1.625,0.0,0.0,0.0,0.0,6.566508596491229,0.01755785550677931,3
24,1.875,0.0,0.0,0.0,0.0,4.226882807017543,0.021344328940045766,3
24,2.125,0.0,0.0,0.0,0.0,3.0880121052631577,0.029926641537001888,3
24,2.375,0.0,0.0,0.0,0.0,3.062931929824561,0.03243253285389819,3
24,2.625,0.0,0.0,0.0,0.0,2.773304912280702,0.034875616868443406,3
24,2.875,0.0,0.0,0.0,0.0,2.5132263157894736,0.03756514412571325,3
24,3.125,0.0,0.0,0.0,0.0,2.408537017543859,0.03933808355747328,3
24,3.375,0.0,0.0,0.0,0.0,2.2706345614035093,0.03977924612435768,3
24,3.625,0.0,0.0,0.0,0.0,2.117766666666667,0.04075924962935142,3
24,3.875,0.0,0.0,0.0,0.0,1.9675391228070176,0.04132173123959998,3
24,4.125,0.0,0.0,0.0,0.0,1.8371487719298247,0.041467515404911365,3
24,4.375,0.0,0.0,0.0,0.0,1.7308892982456137,0.04187621163491967,3
24,4.625,0.0,0.0,0.0015606364912280702,5.493531398548493e-06,1.6500975438596488,0.04237190613177286,3
24,4.875,0.0,0.0,0.5692070877192982,0.004021652378423275,1.6300956140350877,0.0422534590110622,3
24,5.125,0.0,0.0,5.674852105263159,0.023670455268785744,1.922907894736842,0.04214505352100161,3
24,5.375,0.0,0.0,10.564515789473683,0.011134285681451842,2.215605614035088,0.04419667678296709,3
24,5.625,0.0,0.0,9.417095087719298,0.04996408500941332,2.124703333333333,0.046671048128308606,3
24,5.875,0.0,0.0,6.571277017543859,0.0506660016649743,1.9279278947368417,0.04647384145529812,3
24,6.125,0.0,0.0,4.11990701754386,0.036354922562445616,1.7577945614035089,0.04558853580180852,3
24,6.375,0.0,0.0,2.4433285964912277,0.02214129810301728,1.6372356140350879,0.04445733761732645,3
24,6.625,0.0,0.0,1.5087910526315789,0.013241669337091541,1.56310649122807,0.04367786126408333,3
24,6.875,0.0,0.0,0.9954318421052631,0.00846013200499915,1.5148349122807019,0.04294843421736835,3
24,7.125,0.0,0.0,0.7208574736842106,0.007976678854829996,1.4821614035087718,0.04197721628285383,3
24,7.375,0.0,0.0,0.5953080526315789,0.00852493154596225,1.4597015789473684,0.041499766598148934,3
24,7.625,0.0,0.0,0.5582996666666665,0.011923823187311881,1.4443615789473683,0.041054059010271246,3
24,7.875,0.0,0.0,0.5725450175438597,0.015045829390090214,1.4344484210526316,0.04087285922287096,3
24,8.125,0.0,0.0,0.6099709999999999,0.01945492630437779,1.428420350877193,0.041169364364825496,3
24,8.375,0.0,0.0,0.6525240526315789,0.022370681360350062,1.4254140350877194,0.04141315654766752,3
24,8.625,0.0,0.0,0.6894692982456139,0.024364812793727316,1.4246338596491228,0.04184078855775191,3
24,8.875,0.0,0.0,0.7199154912280702,0.025677463910518204,1.4260503508771931,0.04210919582584565,3
24,9.125,0.0,0.0,0.7429319473684212,0.025873814623491802,1.4295759649122806,0.04267589156031583,3
24,9.375,0.0,0.0,0.7634936491228069,0.026151400636290293,1.4352001754385963,0.04324099249139085,3
24,9.625,0.0,0.0,0.7820785438596491,0.02635828945756834,1.443028245614035,0.043671554728422955,3
24,9.875,0.0,0.0,0.8024122631578948,0.026383238515837286,1.4520545614035087,0.0443885580852643,3
24,10.125,0.00016638349122807017,7.644524300551579e-05,0.8236638947368421,0.025266682747773484,1.4597752631578949,0.04476908696977331,3
24,10.375,0.08234921754385965,0.001770719105178134,0.8455039298245616,0.0243565660736477,1.4559028070175437,0.044841470733780454,3
24,10.625,2.129710701754386,0.03845456804555652,0.866703350877193,0.023717929612803067,1.4236761403508773,0.044898338940114635,3
24,10.875,7.273565087719298,0.11285253618352277,0.8857623508771929,0.02119667064295596,1.3592268421052633,0.04431462962185984,3
24,11.125,6.9196443859649115,0.09661013778994333,0.9008455614035088,0.01998812366298145,1.2690319298245614,0.04268464230714477,3
24,11.375,3.452444736842105,0.033678357059938456,0.9111297894736844,0.019267679593022047,1.1753914035087722,0.04085292915294452,3
24,11.625,1.5148812280701753,0.014118123760924601,0.9183195438596491,0.01793450851832245,1.0977203684210526,0.03922136809718137,3
24,11.875,0.7554760350877193,0.0032811844612516575,0.924570105263158,0.017357083245901943,1.0421493157894737,0.03773972672997015,3
24,12.125,0.4877428947368421,0.011226410452961195,0.9317162105263157,0.017481296023602523,1.0070128245614036,0.03692232495974167,3
24,12.375,0.3779842105263158,0.008886647851728307,0.9430131578947368,0.016718913702854898,0.9884697543859647,0.036508400692186645,3
24,12.625,0.35909854385964907,0.010683586861179867,0.9570686491228071,0.017378783992417,0.9821242280701753,0.036369722549574345,3
24,12.875,0.3775184210526316,0.011793306533283867,0.9757840175438596,0.017728104785403362,0.9841567543859648,0.036289109269326165,3
24,13.125,0.43478575438596484,0.012233131479989513,0.9969481578947369,0.01830882163549895,0.9913292456140349,0.036541866702030024,3
24,13.375,0.5176000526315789,0.017466482150685667,1.021087596491228,0.018728617510158134,1.0010989122807017,0.03676239345358855,3
24,13.625,0.5991694736842106,0.02115004616280609,1.0461269824561403,0.019538303564766896,1.011629912280702,0.036821145781389744,3
24,13.875,0.6751292631578947,0.02009451262182721,1.0709577017543859,0.020461737215156255,1.022005947368421,0.03702692267638151,3
24,14.125,0.7510032807017545,0.018975187703106224,1.0953156140350877,0.020459303158941105,1.0315359649122808,0.03672632245277924,3
24,14.375,0.8007756666666666,0.01231542741275683,1.1178129824561402,0.020745057346486576,1.04015649122807,0.03653153121230056,3
24,14.625,0.8458667368421052,0.00992096384519807,1.1399826315789474,0.021487768527852242,1.047934561403509,0.03613481365442389,3
24,14.875,0.8935934736842106,0.00994347779888113,1.1613273684210526,0.021748694033238612,1.0548816315789473,0.03576372458410086,3
24,15.125,0.9210016315789473,0.002404034167572246,1.1827080701754387,0.02225884917176126,1.0611539473684213,0.03535887884344689,3
24,15.375,0.9434480175438598,0.018835993178732007,1.2048163157894738,0.021365249574515726,1.067016350877193,0.03508261241843567,3
24,15.625,0.9557305263157896,0.009913879694939015,1.2259975438596493,0.02116789248528041,1.0720433157894738,0.034600505656748375,3
24,15.875,0.9660052105263158,0.025800792506599685,1.2386301754385964,0.02051295915114017,1.0763848245614034,0.03413086150846389,3
24,16.125,0.9703278070175437,0.020391683631303552,1.2248482456140348,0.019639152503342798,1.0781722105263156,0.033798958973953526,3
24,16.375,0.9744858947368419,0.007171812491787518,1.1734373684210526,0.016979591747705497,1.0771533333333334,0.03330143156795548,3
24,16.625,0.9740856666666667,0.0160169199197667,1.100950701754386,0.015177746900805748,1.074406701754386,0.03299239430642754,3
24,16.875,0.9716091929824561,0.01860418185027895,1.032948736842105,0.012449246086560048,1.0715820877192985,0.03257211956937429,3
24,17.125,0.9646439298245615,0.015325009397422425,0.9831567719298246,0.011366895805116867,1.069691947368421,0.03232730984426805,3
24,17.375,0.9597243333333333,0.015143193727371293,0.9543259649122806,0.010207310680145902,1.069165456140351,0.03210443900438698,3
24,17.625,0.9708725789473686,0.011469516153684522,0.9429563508771931,0.009639247543681619,1.0696793684210528,0.03189181164317361,3
24,17.875,0.9730805438596491,0.017060935943856933,0.9439457192982453,0.01015404062601583,1.0711490175438596,0.03169287118869843,3
24,18.125,0.9687673684210526,0.019382163789796947,0.952225,0.010827781947136543,1.073293105263158,0.03153583913926998,3
24,18.375,0.9788226666666667,0.02759839329213162,0.9640445789473685,0.011444674702142449,1.0760558070175437,0.03139419369069825,3
24,18.625,1.012556894736842,0.026106627922977212,0.9773731929824562,0.011703645399481861,1.0791381228070176,0.031217451874328228,3
24,18.875,1.0664597894736842,0.020689440075798184,0.9897255438596492,0.012115112754229926,1.0825183333333335,0.031082782369813475,3
24,19.125,1.1282175438596491,0.01759621992234562,0.9997106315789471,0.011920093389779056,1.0859638947368422,0.031008862424483908,3
24,19.375,1.162369543859649,0.014515945866384855,1.0088646315789473,0.011680779911017881,1.0892732105263156,0.030899251102185273,3
24,19.625,1.1439315087719297,0.01880047372172508,1.016413403508772,0.012160171791423157,1.0920161929824561,0.030669465354438822,3
24,19.875,1.120103192982456,0.021964372935534056,1.0215755614035087,0.011816612950270462,1.0941456491228072,0.030393824294992124,3
24,20.125,1.1292022105263158,0.014740748630338517,1.025965298245614,0.012230057408635775,1.095495263157895,0.030108695387713928,3
24,20.375,1.1634958245614035,0.016780600553688334,1.0283781403508772,0.013475334956604076,1.0961182456140353,0.02981410506486335,3
24,20.625,1.187958245614035,0.011016418707214176,1.0299463684210526,0.013703711783001532,1.0960136842105264,0.02944504588931423,3
24,20.875,1.190688947368421,0.0022418922969444284,1.0308765087719298,0.013602207955467108,1.095247192982456,0.029088824967875515,3
24,21.125,1.200812456140351,0.01413460894912402,1.0313190701754384,0.014691745869031644,1.0937322807017544,0.02880695684652886,3
24,21.375,1.2094638596491227,0.02018075661261683,1.0312865263157895,0.014903941232142335,1.0920198245614037,0.028448101229938,3
24,21.625,1.2082600000000001,0.02175212432075015,1.0313034035087718,0.01517083150176399,1.08999350877193,0.0282377121768252,3
24,21.875,1.1549964210526316,0.016534495968116805,1.0302946315789472,0.01540688301057574,1.0883645614035087,0.028009820769258963,3
24,22.125,1.064297192982456,0.016624331317029863,1.0285567719298248,0.01531477115758219,1.0877773684210523,0.02787090513588062,3
24,22.375,0.9882638596491229,0.009184980811445292,1.0267574035087719,0.015154589648586646,1.0883077192982455,0.027779097804892953,3
24,22.625,0.9437132631578947,0.008780499577636264,1.0248309649122807,0.014445231875657848,1.0901147368421054,0.027792225385427857,3
24,22.875,0.9266347543859648,0.008838151598359918,1.0234248070175438,0.013977604830990408,1.0930691228070177,0.02802385235968201,3
24,23.125,0.925248754385965,0.009015234168571955,1.0230823157894735,0.013325512548406802,1.0969238596491229,0.028290709901453912,3
24,23.375,0.927987596491228,0.006920238105139618,1.0242196140350877,0.013162402448725827,1.1011105263157894,0.02861642282033711,3
24,23.625,0.9363923333333334,0.0031882992734856576,1.0284078596491228,0.01313298509971828,1.1057735087719298,0.028982400576600308,3
24,23.875,0.933828859649123,0.006532759751377814,1.0372492631578947,0.012870300131022697,1.1104361403508771,0.029260014492073175,3
24,24.125,0.9464411754385965,0.004203105144491176,1.054423157894737,0.012916796147446105,1.1154101754385966,0.029552364112249246,3
24,24.375,0.9506468245614035,0.008187884807344468,1.0808278947368424,0.013071859966802268,1.1207145614035088,0.02980541863683465,3
24,24.625,0.9588042456140351,0.004963764158304458,1.113644385964912,0.012694771990388926,1.1258991228070176,0.02990391561996467,3
24,24.875,0.9613004385964912,0.000843039701216467,1.1382078947368421,0.012533485394747412,1.1302526315789476,0.029926520773621963,3
24,0.125,0.0,0.0,0.0,0.0,0.0,0.0,3
24,0.375,0.0,0.0,0.0,0.0,0.0,0.0,3
24,0.625,0.0,0.0,0.0,0.0,0.0,0.0,3
24,0.875,0.0,0.0,0.0,0.0,0.11899856140350878,0.00020526869238301574,3
24,1.125,0.0,0.0,0.0,0.0,3.253200350877193,0.008041868972524973,3
24,1.375,0.0,0.0,0.0,0.0,5.093267368421053,0.011892031667235422,3
24,1.625,0.0,0.0,0.0,0.0,6.566584736842105,0.01317434492388819,3
24,1.875,0.0,0.0,0.0,0.0,4.228120350877192,0.01699203470084887,3
24,2.125,0.0,0.0,0.0,0.0,3.087457368421053,0.022077889471341417,3
24,2.375,0.0,0.0,0.0,0.0,3.06343298245614,0.026562494203429224,3
24,2.625,0.0,0.0,0.0,0.0,2.7725589473684216,0.02987661336294315,3
24,2.875,0.0,0.0,0.0,0.0,2.512320175438597,0.032000166799927184,3
24,3.125,0.0,0.0,0.0,0.0,2.4085584210526316,0.034207548488482266,3
24,3.375,0.0,0.0,0.0,0.0,2.270376842105263,0.0355460614470185,3
24,3.625,0.0,0.0,0.0,0.0,2.118221578947368,0.03654861183863849,3
24,3.875,0.0,0.0,0.0,0.0,1.9691603508771929,0.038368977326926235,3
24,4.125,0.0,0.0,0.0,0.0,1.8381219298245615,0.039291257839734764,3
24,4.375,0.0,0.0,0.0,0.0,1.732028947368421,0.04033871303987971,3
24,4.625,0.0,0.0,0.001539838596491228,4.63109444761197e-05,1.6509891228070177,0.04056754740392793,3
24,4.875,0.0,0.0,0.5681992631578946,0.003003372350463803,1.6304008771929823,0.041608296025221855,3
24,5.125,0.0,0.0,5.679861228070176,0.015196963523630485,1.9239456140350875,0.042125808273360286,3
24,5.375,0.0,0.0,10.570019298245615,0.003192029933110021,2.215950701754386,0.04360510431279691,3
24,5.625,0.0,0.0,9.420073684210527,0.03455496444871165,2.1254621052631575,0.04569581450371434,3
24,5.875,0.0,0.0,6.565965789473684,0.039937463818463935,1.9281340350877194,0.046470501224835065,3
24,6.125,0.0,0.0,4.111824912280701,0.030342053883291677,1.757687894736842,0.04573238669070776,3
24,6.375,0.0,0.0,2.4407380701754384,0.018386462734321003,1.6369463157894737,0.044703481538695786,3
24,6.625,0.0,0.0,1.5056459649122809,0.00983278211516696,1.5622619298245615,0.04339825348774303,3
24,6.875,0.0,0.0,0.9926704210526315,0.007968232436526411,1.513831754385965,0.04232828925170141,3
24,7.125,0.0,0.0,0.7178521929824561,0.008838063825385928,1.480898947368421,0.041372523630327666,3
24,7.375,0.0,0.0,0.5931972631578949,0.009483609195260104,1.4582012280701753,0.040762604801460656,3
24,7.625,0.0,0.0,0.5580373333333334,0.012029113526034335,1.4428694736842107,0.03986711101084347,3
24,7.875,0.0,0.0,0.5725753859649122,0.015335026746126072,1.4331582456140353,0.03937538606493146,3
24,8.125,0.0,0.0,0.6101218070175438,0.01899294433300024,1.4271935087719296,0.03922390001372703,3
24,8.375,0.0,0.0,0.652598245614035,0.021645476524249495,1.4244801754385963,0.038968586655825664,3
24,8.625,0.0,0.0,0.6894561228070174,0.023732573733214517,1.42398,0.03886550136202885,3
24,8.875,0.0,0.0,0.7179295087719297,0.02428534000675016,1.42555649122807,0.03938325706551371,3
24,9.125,0.0,0.0,0.7415171754385965,0.026182664054669687,1.4292008771929823,0.039595976679724615,3
24,9.375,0.0,0.0,0.7618902807017545,0.026826248389657227,1.4346900000000005,0.040258452647896785,3
24,9.625,0.0,0.0,0.7807320350877194,0.026328442107300527,1.4417475438596492,0.041067647133221384,3
24,9.875,0.0,0.0,0.8013255087719298,0.02590748756556656,1.450355789473684,0.04163806650495987,3
24,10.125,9.804736842105264e-05,2.1833118574007393e-05,0.8233600526315789,0.025230055542612068,1.4581763157894736,0.042372930373524305,3
24,10.375,0.08140692456140351,0.001581249036965296,0.8460580175438598,0.02401605184124249,1.4539059649122805,0.04290274513627017,3
24,10.625,2.119271403508772,0.01947028065246462,0.8684220526315789,0.024095007975565602,1.421440701754386,0.04349732054097576,3
24,10.875,7.267926842105262,0.08609079317784658,0.8867092807017545,0.02290740714191648,1.3574877192982457,0.04362334506214051,3
24,11.125,6.921690877192982,0.08024738329004817,0.9006924035087719,0.02253489697684119,1.2669505263157894,0.0428589681046929,3
24,11.375,3.478659298245614,0.05022283631204895,0.9101152807017544,0.020265828612757296,1.1733121052631577,0.04117252458611316,3
24,11.625,1.508205789473684,0.028979347656248627,0.9168855438596492,0.018518243571162718,1.095622947368421,0.039401563367983006,3
24,11.875,0.75949150877193,0.018281989083474,0.9219038070175439,0.0177627573506671,1.039770350877193,0.03774980947553523,3
24,12.125,0.457284754385965,0.019201664304133396,0.9285594736842105,0.016281121016985135,1.0045026666666668,0.0366146744363768,3
24,12.375,0.3501027894736842,0.0022340287161782607,0.939969192982456,0.015923336664719952,0.9861702280701753,0.035816613445394725,3
24,12.625,0.34224180701754386,0.009352935738948695,0.9548015964912281,0.015995433857701063,0.9801843333333334,0.035554854800988224,3
24,12.875,0.372779596491228,0.011867639250738008,0.9740551403508771,0.015909055379094417,0.9826585614035087,0.03542627667486403,3
24,13.125,0.4467208596491228,0.01779736122811193,0.9961201754385965,0.01657710920493953,0.9900326140350879,0.03566497454478815,3
24,13.375,0.5176767017543861,0.021798999601870497,1.020798701754386,0.017729532594125543,0.9999739473684208,0.03588889876048129,3
24,13.625,0.6127255087719298,0.009989538847913138,1.0475884736842105,0.01863432317796963,1.0107552105263158,0.036083324343583044,3
24,13.875,0.6894842631578948,0.003333836648612364,1.0725186666666666,0.019161491685915882,1.0212508947368422,0.036101283544859336,3
24,14.125,0.7470293859649124,0.01728236902221472,1.0962796315789476,0.019606282945195178,1.0307322982456142,0.035848015545893834,3
24,14.375,0.8058448947368421,0.009342416887414315,1.118667192982456,0.01943637252620789,1.0394310350877192,0.035863123487342434,3
24,14.625,0.8517053859649121,0.011604543815899452,1.140195263157895,0.019280020320637005,1.0472159473684208,0.03550602439353834,3
24,14.875,0.8889227017543858,0.01584163830228226,1.1601640350877191,0.020141405267650396,1.0540748070175436,0.035289477425757644,3
24,15.125,0.9241853157894737,0.01453021300626349,1.1810310526315788,0.019754639839757022,1.0604396842105261,0.03491134565959364,3
24,15.375,0.9423035614035089,0.008752133605094857,1.2024801754385968,0.02011262160892977,1.0664737192982454,0.03458654434749005,3
24,15.625,0.9623763157894736,0.01571382735527638,1.223190350877193,0.021710875413815552,1.071721947368421,0.03441452563952506,3
24,15.875,0.9672124736842106,0.003300476662740266,1.2367536842105264,0.02201808916358339,1.0759024561403507,0.034210572192502016,3
24,16.125,0.967860947368421,0.00575052562228847,1.223944035087719,0.02222668999162938,1.0778495614035086,0.033985555166004364,3
24,16.375,0.9741157894736842,0.009802572948559046,1.173834912280702,0.0215668446391335,1.076731561403509,0.033731198989692714,3
24,16.625,0.9731176491228072,0.01776069654902177,1.102485263157895,0.019173982030039446,1.0737628596491229,0.03333644756540968,3
24,16.875,0.9799137719298247,0.02425610327126831,1.0339461228070175,0.016155342771004173,1.0708224385964913,0.03288598702746653,3
24,17.125,0.9727764210526316,0.011268342982677393,0.9829090175438596,0.01390327161657264,1.0687113859649122,0.03254000769648091,3
24,17.375,0.9751290877192983,0.010296767032114485,0.9546371754385964,0.012359289403155019,1.0683176842105264,0.03217964416510538,3
24,17.625,0.967561403508772,0.018638067653156648,0.9435335789473683,0.011369320096760544,1.0690260175438597,0.03201105330327475,3
24,17.875,0.9531078245614036,0.011190939633084674,0.9437993684210527,0.01053669255033457,1.0704917543859649,0.031852106367156185,3
24,18.125,0.9534481754385964,0.022949762129310602,0.951702052631579,0.010947992861070755,1.0728405087719297,0.0318048506878541,3
24,18.375,0.9818950877192982,0.03100114852956341,0.96338949122807,0.011074609969502732,1.075789456140351,0.03172358689064614,3
24,18.625,1.017192263157895,0.02919598370116786,0.9764238070175439,0.011220571846562307,1.0789551929824561,0.031566506106118455,3
24,18.875,1.0763230701754385,0.02855718219997954,0.9881921403508773,0.012096207989661382,1.0823919473684211,0.031579037240427606,3
24,19.125,1.135099,0.0220117133630338,0.9999809824561404,0.012571029634986956,1.0860743508771928,0.03151343025077593,3
24,19.375,1.1580387719298246,0.014241953606727078,1.00884350877193,0.012561422822463753,1.0893475263157892,0.03150609362440837,3
24,19.625,1.1535642631578948,0.016383375189000664,1.0160426666666666,0.012985207437983067,1.0922066315789474,0.03137494356502034,3
24,19.875,1.1289475789473686,0.009699113691695519,1.0206005614035087,0.013302518882430532,1.0944497543859653,0.03126615400450313,3
24,20.125,1.1357208596491228,0.019662537529017702,1.0247043684210526,0.013127638509798869,1.095823543859649,0.031234422795249798,3
24,20.375,1.1596418245614035,0.013617634500912126,1.0278616842105261,0.013048717402150252,1.0964531052631579,0.03115961336870469,3
24,20.625,1.1757057894736842,0.013623856384612705,1.0302100175438598,0.013348650289622248,1.096318543859649,0.031045787987669222,3
24,20.875,1.1879840350877193,0.021034409624292705,1.0315988947368424,0.013491745871499733,1.0955770175438595,0.031013052398672147,3
24,21.125,1.2026691228070174,0.018284128015112373,1.0324115263157891,0.014128495228442622,1.0942221052631578,0.030789849267464742,3
24,21.375,1.2109945614035087,0.006800037237600102,1.0321569649122806,0.014398355839137152,1.0923254385964911,0.030637871875246414,3
24,21.625,1.2018229824561404,0.021885435947621008,1.0311836842105264,0.014697661007186653,1.0903673684210526,0.030341487101324557,3
24,21.875,1.148045754385965,0.017771120569095012,1.0297174385964913,0.015050208898973417,1.0887838596491228,0.03009530358300375,3
24,22.125,1.0615674210526318,0.0077298010253203184,1.0282658070175439,0.01495248969558725,1.0880428070175439,0.02989139279027403,3
24,22.375,0.9763619649122809,0.009060108137603478,1.026114,0.01418240105133091,1.088543859649123,0.02974239187564541,3
24,22.625,0.9366850701754386,0.011611488470443,1.024594842105263,0.013546032568375558,1.0903052631578949,0.029718542020039537,3
24,22.875,0.9150012631578948,0.013340994638504198,1.0230715614035089,0.013786516190769904,1.0932163157894736,0.029671358499999,3
24,23.125,0.9039232456140351,0.015666604877405343,1.0228,0.013324285525966208,1.0968278947368422,0.029667215798916145,3
24,23.375,0.9193622982456141,0.00637144392434979,1.0247633333333335,0.012493760087328637,1.1011473684210527,0.029715425705152194,3
24,23.625,0.9239320877192982,0.007845624554060305,1.0295976842105263,0.012178676766846088,1.1057622807017544,0.029821258451780543,3
24,23.875,0.9389068245614034,0.0033026404026815204,1.0396789824561403,0.012175652282972365,1.1105771929824562,0.02993136478112577,3
24,24.125,0.9559518947368421,0.003137903969277351,1.0569633333333333,0.012666230470693311,1.1155956140350876,0.030124882915933134,3
24,24.375,0.9532611929824562,0.0017967163556513875,1.083036842105263,0.012075747517911399,1.1207336842105264,0.030284977141203453,3
24,24.625,0.9668959298245614,0.007220627796353104,1.11564649122807,0.012248062196842293,1.1259471929824563,0.030381688154722537,3
24,24.875,0.9662307894736842,0.013807662221936317,1.1389124561403507,0.012706491926898537,1.1302084210526315,0.030535830286762017,3
24,0.125,0.0,0.0,0.0,0.0,0.0,0.0,3
24,0.375,0.0,0.0,0.0,0.0,0.0,0.0,3
24,0.625,0.0,0.0,0.0,0.0,0.0,0.0,3
24,0.875,0.0,0.0,0.0,0.0,0.1197182456140351,0.000249543199780083,3
24,1.125,0.0,0.0,0.0,0.0,3.2594871929824563,0.009683859092911317,3
24,1.375,0.0,0.0,0.0,0.0,5.095124035087719,0.01856403437727733,3
24,1.625,0.0,0.0,0.0,0.0,6.564975263157894,0.015610551460390287,3
24,1.875,0.0,0.0,0.0,0.0,4.220851578947368,0.023110903583603015,3
24,2.125,0.0,0.0,0.0,0.0,3.082798421052631,0.026105765915503978,3
24,2.375,0.0,0.0,0.0,0.0,3.057063859649123,0.029343266562915783,3
24,2.625,0.0,0.0,0.0,0.0,2.7663870175438596,0.03267397328823267,3
24,2.875,0.0,0.0,0.0,0.0,2.5063477192982457,0.035215811981872666,3
24,3.125,0.0,0.0,0.0,0.0,2.40337701754386,0.03603985149416895,3
24,3.375,0.0,0.0,0.0,0.0,2.2655266666666667,0.037572402421187194,3
24,3.625,0.0,0.0,0.0,0.0,2.1136812280701758,0.038019756312374614,3
24,3.875,0.0,0.0,0.0,0.0,1.9652317543859648,0.037560774760587425,3
24,4.125,0.0,0.0,0.0,0.0,1.835045438596491,0.03764328698332787,3
24,4.375,0.0,0.0,0.0,0.0,1.7297626315789476,0.037577124069974745,3
24,4.625,0.0,0.0,0.0015836377192982457,3.796547793138306e-05,1.6493333333333329,0.03778648765345054,3
24,4.875,0.0,0.0,0.5685657368421052,0.0042270828564780595,1.6290559649122809,0.03754470580207316,3
24,5.125,0.0,0.0,5.682140526315789,0.014804916760842326,1.9228091228070177,0.038274430951966275,3
24,5.375,0.0,0.0,10.573361403508772,0.00936723561722717,2.215741052631579,0.03976368850064542,3
24,5.625,0.0,0.0,9.408685263157896,0.04458674828284344,2.1238394736842103,0.04206266079821423,3
24,5.875,0.0,0.0,6.5576454385964915,0.04711056321125699,1.9271922807017547,0.04248763923520433,3
24,6.125,0.0,0.0,4.108927017543859,0.03174389274430593,1.757242456140351,0.04121920310245398,3
24,6.375,0.0,0.0,2.4365801754385963,0.018299800201409325,1.6365531578947372,0.03983428245758219,3
24,6.625,0.0,0.0,1.5048394736842106,0.010531693371990442,1.5624105263157897,0.038941237827125816,3
24,6.875,0.0,0.0,0.9922623859649123,0.0074316413935965305,1.5142152631578947,0.038055679184455606,3
24,7.125,0.0,0.0,0.7189042105263158,0.007729474543365046,1.4813156140350874,0.037485878720899465,3
24,7.375,0.0,0.0,0.5949532807017542,0.009301538028018473,1.458652105263158,0.03735754967140545,3
24,7.625,0.0,0.0,0.558047754385965,0.01167116696242059,1.443168596491228,0.03710940662278694,3
24,7.875,0.0,0.0,0.5719485263157895,0.015046214176627298,1.432802456140351,0.03740539871545938,3
24,8.125,0.0,0.0,0.6089111929824561,0.018051432734032716,1.4266440350877192,0.03733828376606576,3
24,8.375,0.0,0.0,0.651160298245614,0.01954069242280248,1.4237340350877192,0.03759201650066187,3
24,8.625,0.0,0.0,0.6883030701754387,0.020460936893058078,1.4223735087719298,0.03777345880983902,3
24,8.875,0.0,0.0,0.7193072807017544,0.02165675478982184,1.4239450877192983,0.03790618643387906,3
24,9.125,0.0,0.0,0.743518403508772,0.02195755118675144,1.4274503508771932,0.03838741408069869,3
24,9.375,0.0,0.0,0.7634830350877193,0.022181945966385477,1.4329254385964914,0.03886534894874044,3
24,9.625,0.0,0.0,0.7827718771929825,0.021728546337727132,1.440416666666667,0.038964209342222195,3
24,9.875,0.0,0.0,0.8025452807017545,0.021715911011996547,1.4494940350877192,0.03937761900321791,3
24,10.125,7.427840350877192e-05,6.603686140241998e-05,0.8240329824561404,0.022179417296136962,1.4576452631578949,0.03958683154955661,3
24,10.375,0.07985342982456141,0.0016514547066769937,0.845926403508772,0.022207058062972823,1.4535849122807016,0.0395740713829566,3
24,10.625,2.1248677192982455,0.04763739805557917,0.867883298245614,0.021326744032967252,1.4216177192982455,0.03982865418570402,3
24,10.875,7.263435438596491,0.109095993425947,0.8869427192982456,0.020835499941987513,1.3578122807017545,0.03968240155105736,3
24,11.125,6.879669298245614,0.0734381792278231,0.9018340350877191,0.018550296195295912,1.2677175438596489,0.038564511974228166,3
24,11.375,3.4567117543859656,0.024152022495917063,0.9123233333333335,0.017483387663829893,1.1742115789473686,0.03781570372721009,3
24,11.625,1.5272215789473684,0.027807414317828915,0.9188769649122808,0.01623202971717644,1.0967922807017543,0.03669742999833378,3
24,11.875,0.7636861403508771,0.0146136799240978,0.9248943684210525,0.015798106580157213,1.0409883508771929,0.035717944132874074,3
24,12.125,0.47759091228070183,0.01847046079301849,0.9323464385964914,0.015464504764789356,1.0057434385964912,0.03516651315383123,3
24,12.375,0.36671080701754394,0.01504722626604756,0.9419414561403509,0.01540673144330366,0.9873617894736842,0.03505771562279572,3
24,12.625,0.3544205087719298,0.014808138662658064,0.9567325438596491,0.016333146931154216,0.9810465789473684,0.035272682570081676,3
24,12.875,0.38093064912280705,0.004806263036637391,0.9747006842105262,0.01746091225438436,0.9833296140350877,0.035532593671289,3
24,13.125,0.43694643859649124,0.023946796101675917,0.9956367894736843,0.01916554334165339,0.9906566140350876,0.035934185609075624,3
24,13.375,0.5168969473684211,0.028753355139984844,1.0203441228070176,0.019788628735710006,1.0006083157894736,0.03616182646385838,3
24,13.625,0.5993828070175439,0.01651067955682411,1.0458488771929828,0.020397838258370625,1.0113917894736841,0.03636254610686597,3
24,13.875,0.6830701403508773,0.012257744230643991,1.0707438771929825,0.02070163514492875,1.021980561403509,0.03639931600631113,3
24,14.125,0.752181894736842,0.0027598008884111153,1.0953715087719298,0.020560786080724397,1.0316274385964912,0.03615518868727716,3
24,14.375,0.8107903157894737,0.011493251182508279,1.118184035087719,0.01917319051202979,1.0404268596491226,0.035974451042644635,3
24,14.625,0.8578615614035087,0.0052288988197064686,1.1404266666666665,0.018214701196389384,1.0483135263157894,0.035771103369448644,3
24,14.875,0.8879811228070175,0.006869851787441193,1.161592105263158,0.017465295402319968,1.0553242105263154,0.035465450732797964,3
24,15.125,0.9202295438596492,0.0071610596931315955,1.1830949122807015,0.017770776935640054,1.0618516140350878,0.03521157632138375,3
24,15.375,0.9472171052631578,0.009779130370882268,1.2051466666666666,0.018491330584954866,1.0677765263157895,0.03511073384691221,3
24,15.625,0.9772601403508773,0.009156880950171408,1.2267022807017545,0.019575139137906396,1.0730343684210528,0.03492696566543744,3
24,15.875,0.9785627894736842,0.008437771635215943,1.2409994736842103,0.020546979940424308,1.0773264210526314,0.03466861384150792,3
24,16.125,0.9784042456140352,0.009557215632448702,1.226979649122807,0.02099152328294416,1.07914249122807,0.03439761659701948,3
24,16.375,0.9811063684210525,0.01098963057720563,1.1760191228070174,0.019896248240804243,1.0780205964912282,0.034085514675085124,3
24,16.625,0.9744413684210528,0.010076439314807902,1.1027233333333335,0.017971826732682696,1.07522149122807,0.033788532503379334,3
24,16.875,0.965380192982456,0.007507303674575556,1.0343685087719299,0.016374435183640876,1.0722984561403508,0.03350414572386172,3
24,17.125,0.9611425438596491,0.013726103169993406,0.9841980175438597,0.014787029824577157,1.0704124561403507,0.03343790118291836,3
24,17.375,0.9564285438596491,0.017216172955569143,0.955664894736842,0.014315219198393646,1.0698600701754384,0.03342186732493231,3
24,17.625,0.955778052631579,0.019933940569858734,0.9435601578947367,0.013820485990174752,1.0704119473684208,0.03344157296753434,3
24,17.875,0.9597312982456141,0.029943553138409983,0.9442180701754386,0.013158117201370835,1.0718913684210527,0.03352602486607089,3
24,18.125,0.9676511754385965,0.02980742849774012,0.9519115789473683,0.013707634911872746,1.0741263333333335,0.03362982048584456,3
24,18.375,0.9821480877192981,0.026379720973812575,0.9640181754385965,0.013682060271636669,1.076932596491228,0.033629613625176254,3
24,18.625,1.007747140350877,0.024283801491103825,0.9768523157894737,0.014492137167270299,1.080177456140351,0.03370445197086298,3
24,18.875,1.0754213508771933,0.00918501929383558,0.9891803157894735,0.014584704636415795,1.0837071228070176,0.0337425347531914,3
24,19.125,1.1432218771929825,0.016068483109179334,1.0003175263157893,0.01454605517424006,1.0873692456140351,0.03371076246562107,3
24,19.375,1.1545860350877193,0.016495279506424706,1.0102696666666666,0.014488482330227015,1.0908661578947367,0.03364328237865029,3
24,19.625,1.1549487368421054,0.011171338510011387,1.017580859649123,0.013965095219907192,1.0938195614035087,0.03359701533946021,3
24,19.875,1.151576140350877,0.008774294028769194,1.0229405438596493,0.014327649130776922,1.0960273157894738,0.03345804806057904,3
24,20.125,1.1584673859649124,0.013416521555760895,1.0269793859649121,0.014150513402804165,1.0972847543859647,0.033310708200691715,3
24,20.375,1.1693462105263157,0.010450514540827661,1.0294855263157896,0.014311508436324645,1.0978511929824561,0.03336027876533266,3
24,20.625,1.1804980701754386,0.00307988932459751,1.0315560350877193,0.01353068156163299,1.0976969649122805,0.033149388108101224,3
24,20.875,1.1955229122807018,0.012939295976239513,1.031977596491228,0.012803008133106258,1.0966075263157895,0.03293451663775412,3
24,21.125,1.220259859649123,0.013821048331885123,1.0321515614035088,0.01256657456258441,1.0951194736842105,0.03277053056199823,3
24,21.375,1.2106414035087718,0.007626318021300878,1.0320507368421052,0.0126843801496266,1.0930629824561402,0.032544565020019185,3
24,21.625,1.1852401754385966,0.006049125488459454,1.0315910175438596,0.013702575402048245,1.0909508771929826,0.03237200469203055,3
24,21.875,1.1375191228070174,0.00697334246542096,1.0304576666666667,0.014397219112209574,1.0894233333333334,0.03229597720099522,3
24,22.125,1.047551298245614,0.002704236557663425,1.0290611578947368,0.014944881739287657,1.0887394736842106,0.032270741414340165,3
24,22.375,0.9829674736842108,0.013584207135612734,1.0272377894736842,0.015014018508106712,1.08936649122807,0.03214891944791002,3
24,22.625,0.9411476315789474,0.006370883291879104,1.025486403508772,0.015156935170731885,1.0911436842105264,0.03199335073172859,3
24,22.875,0.9150042807017544,0.009157659914546569,1.024373596491228,0.014762343976896417,1.0941542105263158,0.03182960970424058,3
24,23.125,0.9253313859649124,0.009777537837374112,1.0244463157894739,0.014747790464677389,1.0980026315789473,0.03165327854518839,3
24,23.375,0.9129623157894738,0.006510783147723159,1.0264684736842105,0.014450525181790092,1.1021515789473686,0.03154883850896904,3
24,23.625,0.9170000175438596,0.0030189367308571685,1.0313768245614034,0.014334348682906105,1.1068229824561404,0.03132857174582201,3
24,23.875,0.9177095263157895,0.008456745948359129,1.041068263157895,0.013826558478893592,1.1115943859649124,0.031286104486639425,3
24,24.125,0.9347903684210527,0.008698321199610738,1.058747596491228,0.013581595108808072,1.1166512280701755,0.031202421539706236,3
24,24.375,0.9606311754385964,0.009764106089704063,1.0848912280701757,0.013636987630723301,1.1218950877192981,0.031142469825610145,3
24,24.625,0.972863192982456,0.00315734217397634,1.1178161403508773,0.013703334951629547,1.1270447368421053,0.03105757322856454,3
24,24.875,0.9783815614035086,0.003626158665995754,1.1414964912280698,0.013332185636200205,1.1312929824561404,0.030878284014815422,3
24,0.125,0.0,0.0,0.0,0.0,0.0,0.0,3
24,0.375,0.0,0.0,0.0,0.0,0.0,0.0,3
24,0.625,0.0,0.0,0.0,0.0,0.0,0.0,3
24,0.875,0.0,0.0,0.0,0.0,0.11967021052631578,0.001012574210542606,3
24,1.125,0.0,0.0,0.0,0.0,3.2582922807017543,0.00810663420089335,3
24,1.375,0.0,0.0,0.0,0.0,5.099993684210525,0.0074365621059523076,3
24,1.625,0.0,0.0,0.0,0.0,6.5669973684210525,0.004174089447374058,3
24,1.875,0.0,0.0,0.0,0.0,4.22859701754386,0.007735162084373561,3
24,2.125,0.0,0.0,0.0,0.0,3.090195263157895,0.013505664602749146,3
24,2.375,0.0,0.0,0.0,0.0,3.0641340350877186,0.013258207857493334,3
24,2.625,0.0,0.0,0.0,0.0,2.7749794736842106,0.015978091654732986,3
24,2.875,0.0,0.0,0.0,0.0,2.5165970175438592,0.019564185202264436,3
24,3.125,0.0,0.0,0.0,0.0,2.4126035087719298,0.021641799989882565,3
24,3.375,0.0,0.0,0.0,0.0,2.2754226315789476,0.024364445384452486,3
24,3.625,0.0,0.0,0.0,0.0,2.1238,0.027382799880044287,3
24,3.875,0.0,0.0,0.0,0.0,1.9751689473684209,0.029271919687289327,3
24,4.125,0.0,0.0,0.0,0.0,1.84487350877193,0.030696971690635462,3
24,4.375,0.0,0.0,0.0,0.0,1.7392042105263155,0.033586754185160245,3
24,4.625,0.0,0.0,0.0016051694736842106,1.1826009013892971e-05,1.6598629824561402,0.034547660115442635,3
24,4.875,0.0,0.0,0.5681670350877193,0.0013963262670356046,1.6392259649122807,0.03594874662106772,3
24,5.125,0.0,0.0,5.6712538596491235,0.010663350012412887,1.932098596491228,0.03651901916435308,3
24,5.375,0.0,0.0,10.564675438596492,0.008459153208629264,2.2255580701754387,0.03696237547061747,3
24,5.625,0.0,0.0,9.419686666666665,0.00677465070782131,2.1347650877192983,0.03842192091384481,3
24,5.875,0.0,0.0,6.570047543859649,0.018920658738956334,1.9376942105263157,0.03910318426388394,3
24,6.125,0.0,0.0,4.123712280701755,0.015244141573856257,1.7676952631578946,0.0387648678152179,3
24,6.375,0.0,0.0,2.4470071929824564,0.01148414075535838,1.6461336842105263,0.038573177481932,3
24,6.625,0.0,0.0,1.510318245614035,0.006804352286136869,1.5710452631578946,0.03792010498103695,3
24,6.875,0.0,0.0,0.9960931929824562,0.007051791395926323,1.5219831578947371,0.03742306722190832,3
24,7.125,0.0,0.0,0.7216870350877193,0.006111542509656374,1.4879171929824562,0.036734018411396285,3
24,7.375,0.0,0.0,0.5969330701754386,0.009108128173362876,1.4648985964912278,0.0363474756562334,3
24,7.625,0.0,0.0,0.561424192982456,0.012024672981221729,1.4486998245614038,0.03626972291637889,3
24,7.875,0.0,0.0,0.5767257368421052,0.01510441820566046,1.4378901754385964,0.036214571301850275,3
24,8.125,0.0,0.0,0.6156460175438597,0.018665734451346495,1.4310857894736841,0.03632316882310542,3
24,8.375,0.0,0.0,0.6589388245614035,0.020680291072797983,1.4271631578947368,0.03668551849464155,3
24,8.625,0.0,0.0,0.6962191403508773,0.022940998342644445,1.42571649122807,0.036888686966336175,3
24,8.875,0.0,0.0,0.7254879122807018,0.023414524929964008,1.4268043859649122,0.03686912863899766,3
24,9.125,0.0,0.0,0.7489187017543859,0.023919946250033537,1.4299378947368417,0.037041062196468535,3
24,9.375,0.0,0.0,0.7691026491228071,0.023933922458161727,1.4355687719298247,0.037155319321646264,3
24,9.625,0.0,0.0,0.7890963508771932,0.023386398334041856,1.4430533333333333,0.037461694613455304,3
24,9.875,0.0,0.0,0.809281894736842,0.022989705294082636,1.4519394736842106,0.03737835918502475,3
24,10.125,0.0002258057894736842,6.603648410021264e-05,0.8309483859649123,0.022191119290711294,1.4598192982456142,0.03762993907930677,3
24,10.375,0.08325185087719299,0.004498506410561202,0.8537708771929823,0.02237876559012226,1.4555477192982458,0.03810404606065701,3
24,10.625,2.1254801754385966,0.026723218249268318,0.8742652807017545,0.02169522023693149,1.422933684210526,0.03855820225126551,3
24,10.875,7.2444,0.019866794500632307,0.8913782807017544,0.021593334770101863,1.3587784210526317,0.03882665190620508,3
24,11.125,6.935927719298246,0.05463142281749824,0.9062143333333332,0.02094906420149692,1.2686435087719297,0.03887747516285575,3
24,11.375,3.4861329824561396,0.03565964101202935,0.9145654736842106,0.020540354831408893,1.175226315789474,0.03820705950151788,3
24,11.625,1.5329571929824561,0.03971664416695203,0.9199409824561405,0.02121913517210675,1.0976933333333334,0.03757348581947991,3
24,11.875,0.7781472280701754,0.017948405768463776,0.9242615087719298,0.019698685178237314,1.0419975087719298,0.03671763675864831,3
24,12.125,0.49214136842105266,0.011271022158799812,0.9298341228070175,0.018793199270200844,1.0067521754385966,0.03608822350698112,3
24,12.375,0.3731789122807017,0.01516292876157176,0.938992842105263,0.018148897711593684,0.9880297192982456,0.03601275559837434,3
24,12.625,0.3434667543859649,0.014672502219399086,0.9520359298245614,0.01829052171200656,0.9816808771929825,0.036141676099259286,3
24,12.875,0.3711277017543859,0.014687567479601147,0.9697891929824559,0.018491141997053165,0.9835632807017545,0.03630265883540125,3
24,13.125,0.4427424736842105,0.0135876545941626,0.9915837894736844,0.017863798739448097,0.9906851929824559,0.036726646248163415,3
24,13.375,0.5186336315789474,0.012399912560901569,1.015349105263158,0.018158978805828924,1.000192649122807,0.036940764024720414,3
24,13.625,0.6102119122807018,0.01864704619180435,1.0400358421052631,0.01792032569002497,1.0105651578947368,0.03718173716699248,3
24,13.875,0.6849308070175439,0.010136476641344492,1.0659564385964913,0.01747550271219718,1.0207591754385963,0.03729025506750645,3
24,14.125,0.7444598771929826,0.017546192536945233,1.0908442105263159,0.016145622226541145,1.0300518245614034,0.03714761479601241,3
24,14.375,0.8051079298245614,0.016663646471172536,1.1143245614035087,0.014913472323906487,1.038443350877193,0.03688036101300217,3
24,14.625,0.8662449824561403,0.019205147615597943,1.1365350877192981,0.01346553727333997,1.045794456140351,0.03649424501981972,3
24,14.875,0.8971230877192983,0.012992289802948205,1.1584461403508772,0.013166431618926607,1.0527177017543858,0.036344030678986,3
24,15.125,0.9101125438596492,0.013646715804270846,1.1809270175438595,0.013259827180877202,1.0588200877192984,0.03611525970384474,3
24,15.375,0.9479521754385966,0.006038976118376799,1.20322298245614,0.013768487420928543,1.0643633684210527,0.035830224188497094,3
24,15.625,0.9530675614035086,0.008397410622350136,1.2247717543859649,0.014480968555051784,1.069494807017544,0.035625772584137495,3
24,15.875,0.9651625614035089,0.009898227232580568,1.2370808771929827,0.01599786403871379,1.0735299649122807,0.035246649034291054,3
24,16.125,0.9689215789473685,0.016826668302284967,1.2231312280701754,0.017928005577728775,1.075230807017544,0.034983533120517246,3
24,16.375,0.9621337192982455,0.020549974023268937,1.1724342105263157,0.019282672403801198,1.0740352982456143,0.034678742781261235,3
24,16.625,0.9454728070175439,0.022670826239202475,1.1007817894736844,0.019663467057188702,1.071195368421053,0.0341524025934201,3
24,16.875,0.9534563859649121,0.02454900358545063,1.0335022631578947,0.01919707639535968,1.0682328596491228,0.03386670486161063,3
24,17.125,0.9403431052631577,0.017472868725792328,0.9834491228070176,0.017873255474231832,1.0663205087719299,0.03340836095969902,3
24,17.375,0.941617105263158,0.02242165020853441,0.9547825964912281,0.0169052341784033,1.0658125614035088,0.03299372014747032,3
24,17.625,0.9477531578947368,0.009339141626679285,0.9429465789473684,0.016079062192199307,1.0666161754385965,0.032929460113733426,3
24,17.875,0.9644907719298246,0.015554464865757319,0.9428413859649124,0.01622290806636972,1.0683367894736842,0.032779620195942126,3
24,18.125,0.9625651754385965,0.011829286188878102,0.9497041228070175,0.016593624726971568,1.070769543859649,0.032757075358030595,3
24,18.375,0.9835311403508772,0.015016169105053455,0.9613141754385964,0.016328988367243395,1.0736992807017545,0.03279673784000679,3
24,18.625,1.0160752280701755,0.015270523797122263,0.974534456140351,0.01607213612929826,1.0771430877192985,0.03291444451960047,3
24,18.875,1.063727894736842,0.007207016296016072,0.9869464736842103,0.015936357737372626,1.0808027894736842,0.033007916104369414,3
24,19.125,1.1454812105263157,0.0006148997275791042,0.9986278421052631,0.01530355803437692,1.084686596491228,0.03275730548407151,3
24,19.375,1.170532105263158,0.009353580982328765,1.008629947368421,0.014850571217705756,1.088589842105263,0.03267666363605856,3
24,19.625,1.167171052631579,0.011101148127589878,1.0157522280701754,0.015168697595049931,1.0916726140350879,0.032685452309385556,3
24,19.875,1.1460255614035089,0.009847222758712764,1.021731789473684,0.014336618331651273,1.094156807017544,0.0325578423911337,3
24,20.125,1.1500378245614036,0.008243992365952713,1.0259851754385965,0.014828782068807844,1.095780403508772,0.032636393709205506,3
24,20.375,1.1569357719298246,0.004235984524809773,1.0288645263157896,0.014139166624019511,1.0964330701754386,0.03272293980793515,3
24,20.625,1.1810294736842104,0.013429550340399879,1.030719403508772,0.013890625206537754,1.0963678771929823,0.03273094953878786,3
24,20.875,1.189249298245614,0.027146633056485507,1.031707894736842,0.013746762308714683,1.095556842105263,0.03287109261683528,3
24,21.125,1.2081959649122807,0.020474290453899636,1.0322546315789476,0.013431696629372143,1.0941377192982458,0.03287785036415182,3
24,21.375,1.2058734736842107,0.021329866193960528,1.0322219122807017,0.013264780761639275,1.0921970175438598,0.03278882645959009,3
24,21.625,1.1942642105263157,0.01905133485458322,1.0324097368421052,0.012650071008161826,1.0904031578947369,0.03277991768611967,3
24,21.875,1.1410389649122807,0.025309344982348363,1.0309952807017542,0.011936345036088626,1.0888905263157895,0.03265515380442667,3
24,22.125,1.0612293157894737,0.02160137343142172,1.0302595789473683,0.011671913920157036,1.0884498245614034,0.03247228640493936,3
24,22.375,0.9941209649122807,0.024902919724258378,1.0286762807017544,0.011779676667005483,1.0891270175438597,0.03227052891195476,3
24,22.625,0.9558743684210528,0.01552651213619525,1.0269772631578948,0.012077003526272284,1.0910191228070178,0.03220118377965813,3
24,22.875,0.9258675263157895,0.012804740825943003,1.0264183684210526,0.012235266155979758,1.0941343859649126,0.03186270106817369,3
24,23.125,0.9215708947368421,0.0032680213251060236,1.0262239298245615,0.01265367236701678,1.0979331578947369,0.031724318820375075,3
24,23.375,0.9292309824561406,0.004151542956796787,1.0277794561403508,0.013440492313231528,1.1021705263157895,0.0315888319383888,3
24,23.625,0.9267894736842105,0.008185811105968993,1.0318360175438597,0.012864058611639015,1.1068891228070175,0.03137586364177812,3
24,23.875,0.9453716666666666,0.008562745105086846,1.0417387192982457,0.013207073245240383,1.1117514035087719,0.031278373594618436,3
24,24.125,0.9540189649122807,0.005275796590867194,1.059102385964912,0.012798396216566268,1.1166675438596492,0.031126062913417026,3
24,24.375,0.9618546140350875,0.006103460848664424,1.085553157894737,0.012208183811903703,1.1219843859649123,0.030840270912258952,3
24,24.625,0.9748175614035087,0.005154348023757809,1.118929649122807,0.012274733534734005,1.1272075438596492,0.0306736670710417,3
24,24.875,0.985225456140351,0.01009934352687084,1.1425096491228073,0.012639833781745852,1.1314142105263159,0.030510438015300557,3
24,0.125,0.0,0.0,0.0,0.0,0.0,0.0,3
24,0.375,0.0,0.0,0.0,0.0,0.0,0.0,3
24,0.625,0.0,0.0,0.0,0.0,0.0,0.0,3
24,0.875,0.0,0.0,0.0,0.0,0.11968170175438596,0.0008818825665518502,3
24,1.125,0.0,0.0,0.0,0.0,3.2577124561403505,0.00849987088417854,3
24,1.375,0.0,0.0,0.0,0.0,5.0986161403508765,0.011420328195420403,3
24,1.625,0.0,0.0,0.0,0.0,6.569441403508772,0.013285331383839303,3
24,1.875,0.0,0.0,0.0,0.0,4.230391228070176,0.01734716882301565,3
24,2.125,0.0,0.0,0.0,0.0,3.092357894736842,0.02188626241614768,3
24,2.375,0.0,0.0,0.0,0.0,3.0671466666666674,0.025395918344783865,3
24,2.625,0.0,0.0,0.0,0.0,2.776201754385965,0.02891577387878344,3
24,2.875,0.0,0.0,0.0,0.0,2.5162431578947366,0.03092403562767019,3
24,3.125,0.0,0.0,0.0,0.0,2.413220175438596,0.03236617438026206,3
24,3.375,0.0,0.0,0.0,0.0,2.2740915789473686,0.03344497254521694,3
24,3.625,0.0,0.0,0.0,0.0,2.1214600000000003,0.035394859252380596,3
24,3.875,0.0,0.0,0.0,0.0,1.97201649122807,0.03547012792401719,3
24,4.125,0.0,0.0,0.0,0.0,1.8410361403508773,0.035951727331555314,3
24,4.375,0.0,0.0,0.0,0.0,1.734431052631579,0.03681402673632621,3
24,4.625,0.0,0.0,0.00159,4.905829667610556e-06,1.6539296491228068,0.037903368474386745,3
24,4.875,0.0,0.0,0.5687791403508772,0.00454026633594927,1.6336742105263156,0.03848632380277793,3
24,5.125,0.0,0.0,5.680179122807019,0.02316680056957277,1.927616140350877,0.038352246229235866,3
24,5.375,0.0,0.0,10.569689473684212,0.007661028477999585,2.220372105263158,0.0411665605383288,3
24,5.625,0.0,0.0,9.417716315789471,0.03776441613406112,2.1292778947368416,0.043383125996605064,3
24,5.875,0.0,0.0,6.562851052631579,0.04150432336055831,1.932200701754386,0.04362889607296292,3
24,6.125,0.0,0.0,4.111401403508772,0.03792303610560345,1.7616094736842107,0.04299488475877255,3
24,6.375,0.0,0.0,2.4375699999999996,0.023501973147552136,1.6406940350877193,0.04167791662862866,3
24,6.625,0.0,0.0,1.5058842105263157,0.014578845702349911,1.5660580701754387,0.040307785530739874,3
24,6.875,0.0,0.0,0.9928431403508772,0.010575562939844524,1.5174866666666667,0.039429193018769924,3
24,7.125,0.0,0.0,0.7186474736842104,0.009151608666949447,1.4843849122807018,0.03895067346416244,3
24,7.375,0.0,0.0,0.5942620701754385,0.009221043715582128,1.4609736842105263,0.03890493780005584,3
24,7.625,0.0,0.0,0.5590233684210526,0.013128199142383088,1.4449217543859652,0.03906353018664974,3
24,7.875,0.0,0.0,0.5739671578947368,0.01588213745502639,1.4345308771929826,0.039280853437567154,3
24,8.125,0.0,0.0,0.6122458771929825,0.019061857120041662,1.4279678947368424,0.039321731681808574,3
24,8.375,0.0,0.0,0.6540645964912281,0.020430201132729725,1.42391649122807,0.039380764497843265,3
24,8.625,0.0,0.0,0.691092456140351,0.021436554647231452,1.4226150877192982,0.03978782306595193,3
24,8.875,0.0,0.0,0.7208770701754386,0.02199607675525246,1.4238191228070176,0.03979182946784005,3
24,9.125,0.0,0.0,0.7443237017543861,0.02131495818185537,1.4268847368421056,0.04001703546059459,3
24,9.375,0.0,0.0,0.7646401578947368,0.02103192851100361,1.4325215789473686,0.04023213057220039,3
24,9.625,0.0,0.0,0.7842566140350877,0.02047971133841418,1.4399189473684213,0.04076910465270011,3
24,9.875,0.0,0.0,0.8057148421052632,0.02106925953974393,1.4485943859649122,0.04101403461418967,3
24,10.125,8.022054385964913e-05,5.776542439593386e-05,0.8271026140350878,0.021507317082891376,1.4564843859649121,0.040966820295923655,3
24,10.375,0.0796949649122807,0.0014283888261522237,0.8488064736842104,0.022145528853502055,1.4522194736842104,0.04121292941168512,3
24,10.625,2.1468512280701755,0.008311990708322755,0.8704141929824561,0.02230558966852143,1.4195549122807016,0.04136072260034593,3
24,10.875,7.272985614035086,0.06801969869657212,0.8882296842105263,0.021462121207034782,1.3556356140350878,0.04115143310055689,3
24,11.125,6.865036315789474,0.1174879965633629,0.9016662982456142,0.020298680694604762,1.265288947368421,0.04056914184894863,3
24,11.375,3.4371621052631576,0.08639234528755742,0.9109682982456141,0.01973871779037341,1.1717212280701756,0.03923076556741191,3
24,11.625,1.5104484210526319,0.040393540246291874,0.9165896842105264,0.018193242483939265,1.094491052631579,0.03769089616034974,3
24,11.875,0.7535105087719298,0.008604075675922206,0.9212540175438596,0.017716380654902004,1.0387712105263158,0.03622302498571076,3
24,12.125,0.47663370175438596,0.006647816855084879,0.9276138421052632,0.017589432302123648,1.0038090877192982,0.035170711861866454,3
24,12.375,0.3731211754385965,0.019088697588658863,0.9378860877192983,0.018051447580033197,0.9854146491228071,0.034584720950995546,3
24,12.625,0.3510399649122807,0.012428040780077528,0.9524104035087718,0.018632965262396675,0.9793012631578947,0.03447070311596974,3
24,12.875,0.3791153157894737,0.019860158447191575,0.9712600701754385,0.018258711550982992,0.981428596491228,0.03452004546229588,3
24,13.125,0.4524620877192982,0.01588441653060308,0.993006052631579,0.018708933920591586,0.9887900350877192,0.03466073179511784,3
24,13.375,0.5273240877192982,0.010947827703956482,1.0166060701754387,0.018458014605603496,0.9984392807017543,0.03496476626776484,3
24,13.625,0.6074061754385965,0.011318695291230373,1.0420565614035087,0.018324168906481603,1.0089146842105263,0.03509481489432911,3
24,13.875,0.689800649122807,0.009966482279304903,1.0670681228070176,0.01755425187273223,1.0193086666666666,0.03520671431546453,3
24,14.125,0.7578824385964914,0.0077520477184334574,1.0906257894736842,0.01724962198790926,1.0285558596491227,0.035077673492941885,3
24,14.375,0.8204407894736843,0.010185312608758533,1.113758245614035,0.016741353564605647,1.037094596491228,0.03485174929079592,3
24,14.625,0.8657323157894736,0.004395799002644663,1.1360292982456144,0.016141275288173395,1.04481749122807,0.034539536942975166,3
24,14.875,0.904507210526316,0.002591993345166017,1.1577626315789473,0.014737570213842607,1.051792245614035,0.03427919375975314,3
24,15.125,0.9162456666666666,0.011164746978084257,1.1799087719298245,0.014116691706407804,1.0581538596491227,0.03393344945310444,3
24,15.375,0.9341829824561404,0.012614807750217477,1.2020721052631578,0.013540086300566015,1.0640991228070176,0.03372294198057427,3
24,15.625,0.9403272456140351,0.005704470064370269,1.2226043859649123,0.01315672195007312,1.0693525789473683,0.03363689099917672,3
24,15.875,0.9494975438596492,0.008274383098727718,1.2355810526315791,0.013624061864235535,1.0736980350877194,0.03351929209969797,3
24,16.125,0.9496061403508772,0.012230683512709282,1.222999298245614,0.015336427268248043,1.0755497368421052,0.03337543985828612,3
24,16.375,0.9589245438596491,0.01008514264823011,1.171203157894737,0.015590604535077044,1.0746077192982455,0.03319823990576733,3
24,16.625,0.9720254736842106,0.018554833449380616,1.099378947368421,0.015769462916181344,1.0716854912280702,0.032890756846000645,3
24,16.875,0.965843701754386,0.012541372396985797,1.0323071052631578,0.014206701587111107,1.068759105263158,0.032372249896122925,3
24,17.125,0.9515023157894736,0.01130786949700963,0.983439894736842,0.012112232670184705,1.0668792807017546,0.032053136766402625,3
24,17.375,0.9596631403508772,0.018346107941640873,0.955310947368421,0.011162234483094611,1.06641150877193,0.03166230178554426,3
24,17.625,0.9614678596491227,0.014530777694497092,0.9442535789473684,0.010930746262367617,1.0671468947368423,0.03152992344214893,3
24,17.875,0.9699705438596492,0.013777620568605856,0.9453514385964912,0.011259448385066798,1.0688019298245612,0.031327329456615635,3
24,18.125,0.9804951929824561,0.012481052806494754,0.9535771578947368,0.011757701101532835,1.071080701754386,0.03121311105634846,3
24,18.375,0.9808346315789475,0.012220275816464631,0.9651564912280702,0.012171273823638869,1.0737146315789474,0.03105492521924726,3
24,18.625,1.0142876140350878,0.007383236880994218,0.9779618771929823,0.012415793020706571,1.0767794736842105,0.0308743394724131,3
24,18.875,1.0712557894736843,0.022917152338330447,0.9905264385964913,0.012268908342007548,1.0801341929824562,0.03072929474540568,3
24,19.125,1.1323347894736842,0.024941230464588605,1.0015466491228067,0.011867213554502432,1.0835485789473684,0.03050150718789384,3
24,19.375,1.1622058245614035,0.020444169003698057,1.0109263684210528,0.012640535707890635,1.0869981578947367,0.030322274074223495,3
24,19.625,1.163836754385965,0.012370859087991761,1.018568350877193,0.012921066222834572,1.0900593859649124,0.030207152098024565,3
24,19.875,1.1546275964912278,0.008545146281917968,1.0238696842105266,0.013610098406252814,1.0922335087719297,0.030159381214195168,3
24,20.125,1.1476085263157894,0.01946434311896069,1.0271302456140352,0.01412334247118312,1.0936061403508772,0.030129531024662065,3
24,20.375,1.1709477192982456,0.007993165239812009,1.0289908070175438,0.014104914206035494,1.094281403508772,0.03009248753685448,3
24,20.625,1.170723456140351,0.015454487700222582,1.0303377017543858,0.014399856918234324,1.0941868421052634,0.030186624455701336,3
24,20.875,1.1913506842105264,0.02137166142430416,1.0307721754385966,0.014460307868811658,1.093284912280702,0.030218564644674335,3
24,21.125,1.2159958771929824,0.017381068630480168,1.0311416666666666,0.014636615175435227,1.0919649122807018,0.030304297975322973,3
24,21.375,1.2120112631578948,0.023879800506319233,1.030845947368421,0.014356428113536284,1.090082105263158,0.03042854454277585,3
24,21.625,1.1805768771929825,0.03143007257178466,1.0305652631578948,0.013974708225604083,1.0881092982456142,0.030463932413356508,3
24,21.875,1.1386830350877195,0.02218377993614847,1.0293941228070176,0.013731905843837999,1.0867582456140352,0.030490143170088094,3
24,22.125,1.0541597192982455,0.03798117519636559,1.0285717192982458,0.014231047621422705,1.0862145614035088,0.030450437863548938,3
24,22.375,0.9906370701754387,0.02459136036833174,1.0272082982456139,0.014147947334015518,1.0869743859649124,0.03031598321189723,3
24,22.625,0.9448662982456139,0.004627073169613659,1.0256942280701755,0.014013344067972302,1.0890212280701754,0.030233113862751484,3
24,22.875,0.9307605263157894,0.015131618863898572,1.0248944210526316,0.014018287007418133,1.0920871929824563,0.03006209413302176,3
24,23.125,0.9333112982456141,0.011357773528801608,1.0245879649122809,0.014284255934221394,1.0959505263157894,0.029974154443887784,3
24,23.375,0.935066403508772,0.012945942978538514,1.025963807017544,0.01378403691572459,1.1002907017543857,0.03009281963522225,3
24,23.625,0.9395473508771931,0.016921467696327158,1.0296590701754387,0.01348880542288809,1.1048743859649124,0.030055378380427055,3
24,23.875,0.9554221052631577,0.005980459710509815,1.0388290877192983,0.013300121152075826,1.1095550877192981,0.030050568031692777,3
24,24.125,0.9550270877192982,0.008310655928495494,1.0558512280701755,0.012839788238872232,1.1145196491228073,0.03010128001601653,3
24,24.375,0.9619778070175439,0.00581487976648492,1.0818468421052632,0.012516642638355054,1.1196850877192983,0.030089397182001588,3
24,24.625,0.9599827719298245,0.008379276170522757,1.1149410526315788,0.012341646862395798,1.124910701754386,0.03007916629391346,3
24,24.875,0.9732554561403509,0.004209842559686512,1.13938350877193,0.012701352254465984,1.1292545614035088,0.02996449539645917,3
24,0.125,0.0,0.0,0.0,0.0,0.0,0.0,3
24,0.375,0.0,0.0,0.0,0.0,0.0,0.0,3
24,0.625,0.0,0.0,0.0,0.0,0.0,0.0,3
24,0.875,0.0,0.0,0.0,0.0,0.11974326315789474,0.0005843889217114111,3
24,1.125,0.0,0.0,0.0,0.0,3.2560845614035094,0.011941530874152966,3
24,1.375,0.0,0.0,0.0,0.0,5.094243684210525,0.01635323767503395,3
24,1.625,0.0,0.0,0.0,0.0,6.57192456140351,0.013692924353361315,3
24,1.875,0.0,0.0,0.0,0.0,4.230896842105262,0.0185995767582579,3
24,2.125,0.0,0.0,0.0,0.0,3.093161578947368,0.027910037018779678,3
24,2.375,0.0,0.0,0.0,0.0,3.066573157894737,0.030763216697375865,3
24,2.625,0.0,0.0,0.0,0.0,2.7787331578947363,0.036360575869509276,3
24,2.875,0.0,0.0,0.0,0.0,2.51868649122807,0.03948086467869179,3
24,3.125,0.0,0.0,0.0,0.0,2.4145663157894734,0.040803297714030067,3
24,3.375,0.0,0.0,0.0,0.0,2.2765633333333333,0.04131334554473266,3
24,3.625,0.0,0.0,0.0,0.0,2.124635964912281,0.041583909464807896,3
24,3.875,0.0,0.0,0.0,0.0,1.9752435087719296,0.041033928425828675,3
24,4.125,0.0,0.0,0.0,0.0,1.8446421052631576,0.041504748587472655,3
24,4.375,0.0,0.0,0.0,0.0,1.738382456140351,0.04071083993876272,3
24,4.625,0.0,0.0,0.0015596582456140352,5.544213745686926e-05,1.6575894736842107,0.040836119806935925,3
24,4.875,0.0,0.0,0.5698655263157894,0.0030947594046796595,1.637441754385965,0.04141462693495227,3
24,5.125,0.0,0.0,5.680065263157895,0.019583169979475568,1.9312235087719298,0.041197801735484166,3
24,5.375,0.0,0.0,10.580461403508773,0.0076905541387423905,2.2246177192982457,0.041998787636578855,3
24,5.625,0.0,0.0,9.41459456140351,0.03340778105142529,2.1329026315789474,0.044649960274777856,3
24,5.875,0.0,0.0,6.561220350877193,0.04749593044983145,1.9357412280701753,0.045396472693652705,3
24,6.125,0.0,0.0,4.1124249122807015,0.03988476564354017,1.765262105263158,0.04445773778891009,3
24,6.375,0.0,0.0,2.4371589473684208,0.025422310604158324,1.6439177192982457,0.04243370701800205,3
24,6.625,0.0,0.0,1.5032726315789473,0.018096787709215863,1.5688987719298246,0.040749573594930734,3
24,6.875,0.0,0.0,0.9904267368421052,0.013992006529055892,1.5197607017543862,0.039910741784096856,3
24,7.125,0.0,0.0,0.7175811578947369,0.011993190326157858,1.485812105263158,0.03874871464939964,3
24,7.375,0.0,0.0,0.5938492456140351,0.01285062878243836,1.462617543859649,0.0380441959695339,3
24,7.625,0.0,0.0,0.5598576140350877,0.014629020097484936,1.4461866666666667,0.037748810581772894,3
24,7.875,0.0,0.0,0.5759504736842106,0.01742406933778921,1.435305964912281,0.037363038407326944,3
24,8.125,0.0,0.0,0.6148452631578949,0.0203512766212012,1.4285007017543858,0.037459099037589094,3
24,8.375,0.0,0.0,0.6574241929824561,0.021587450058117075,1.4240585964912282,0.03751439492341136,3
24,8.625,0.0,0.0,0.6947365614035088,0.022759112107001083,1.4228024561403505,0.03790884572714417,3
24,8.875,0.0,0.0,0.7223201403508771,0.023330868564279437,1.4234005263157894,0.03826772526855905,3
24,9.125,0.0,0.0,0.7457293157894737,0.022717499948080665,1.4263510526315792,0.03851080593996815,3
24,9.375,0.0,0.0,0.7656529649122806,0.022724435303318916,1.4317438596491225,0.03879738539689158,3
24,9.625,0.0,0.0,0.7838171929824561,0.02250260280725904,1.4386564912280704,0.03892894578358703,3
24,9.875,0.0,0.0,0.8052168421052631,0.021422816566582296,1.447450701754386,0.038950114422715475,3
24,10.125,0.00016341215789473685,9.691529205393892e-05,0.8269612105263158,0.022016363155327363,1.455422105263158,0.038968722747085835,3
24,10.375,0.07942050350877194,0.00521594550423288,0.8497784912280704,0.022331625781540913,1.4509912280701753,0.03894935435034862,3
24,10.625,2.1280510526315797,0.03239555233485497,0.8711021052631579,0.022063406845764702,1.4185894736842102,0.039243039239036145,3
24,10.875,7.313945438596491,0.05461054889882548,0.8889689649122808,0.021134346080970538,1.354332456140351,0.03880160566385046,3
24,11.125,6.884342807017544,0.0834451377764384,0.9028965789473684,0.019682373390064803,1.26425649122807,0.038185018769381004,3
24,11.375,3.4218608771929824,0.07740877751906437,0.912337807017544,0.018642493781617874,1.1710673684210526,0.03678487013839778,3
24,11.625,1.502142105263158,0.024838848597120225,0.9186214035087721,0.017335897941585243,1.0940878947368422,0.035328197501271245,3
24,11.875,0.7385395964912281,0.02297372787095521,0.9217757192982455,0.01589385371558095,1.0382615263157893,0.03405613636734899,3
24,12.125,0.4663159473684211,0.01365468102703759,0.927789842105263,0.01595728107144141,1.003419649122807,0.03331465483265997,3
24,12.375,0.3725225438596491,0.006450234200810515,0.9370927543859651,0.015868441489459487,0.9851778771929826,0.032929838908024714,3
24,12.625,0.34429805263157903,0.0053927528106888474,0.9498768245614037,0.016110569820624393,0.9787935438596492,0.03273168438036,3
24,12.875,0.37857322807017546,0.012733987258810201,0.9682943157894738,0.01655164589841282,0.980914947368421,0.032531981510635244,3
24,13.125,0.4526070526315789,0.012970062420550746,0.9902316842105264,0.017692018394196048,0.9882347192982456,0.032629335074672,3
24,13.375,0.5266038421052631,0.024084951321227312,1.0140059649122806,0.016758355879902764,0.9979974736842107,0.032535408658849324,3
24,13.625,0.6205749649122807,0.022473193523971906,1.0390162807017542,0.01707977535799186,1.0084785087719297,0.032506428930506745,3
24,13.875,0.6898213157894738,0.03250243958679493,1.0637686666666666,0.016477936060533206,1.0187929649122807,0.032520614240942367,3
24,14.125,0.7555893684210525,0.03261662418390653,1.0883021052631578,0.01590534984359902,1.028385140350877,0.032401884893171674,3
24,14.375,0.804266245614035,0.028726204538119915,1.1116250877192984,0.014558421146711235,1.0368853157894737,0.03197044927425605,3
24,14.625,0.8520114210526316,0.03395933569048792,1.13389649122807,0.012700149266129198,1.044553403508772,0.0317374016591542,3
24,14.875,0.8787772105263159,0.021540531577575114,1.1564321052631579,0.0123119907996846,1.051655596491228,0.03138904476280809,3
24,15.125,0.9134307894736843,0.016139978428521277,1.1787822807017543,0.011779860290518905,1.058046754385965,0.031250010028684175,3
24,15.375,0.950394052631579,0.008758247163012827,1.2018849122807016,0.011975850864956073,1.063816350877193,0.03103406749767557,3
24,15.625,0.9549907543859649,0.009436644006720462,1.2230878947368422,0.012745053928118862,1.0690540000000002,0.030970458183382555,3
24,15.875,0.9646432807017543,0.00821432731117588,1.2365763157894738,0.013705016551261733,1.0731818245614033,0.03086826245409771,3
24,16.125,0.9755773684210527,0.007902413095810674,1.2231647368421052,0.014558937157437168,1.074848859649123,0.030639354285629476,3
24,16.375,0.9665680701754384,0.020725869216021313,1.1727063157894737,0.014865526077425821,1.0737176842105265,0.030559807471003668,3
24,16.625,0.9690688947368421,0.022987332032778987,1.1007594736842103,0.014441991080567594,1.0708069122807018,0.030333080244659638,3
24,16.875,0.9669656315789474,0.019923512319307085,1.0340896666666668,0.013194845309691729,1.0678250175438595,0.030246531985459523,3
24,17.125,0.9566442807017544,0.012304511244142068,0.984784754385965,0.012644080884118326,1.0659633859649122,0.030305482092660537,3
24,17.375,0.9477726842105264,0.017153258140448678,0.9573088245614035,0.012048232054942128,1.0654377894736842,0.03045933493671047,3
24,17.625,0.9574183333333334,0.012015485571180104,0.9463879649122807,0.010976020141831667,1.0662489649122806,0.03052533584544266,3
24,17.875,0.9484958947368421,0.00513877684876306,0.9470348245614035,0.011258947832632545,1.067913596491228,0.030884297187369788,3
24,18.125,0.968714701754386,0.007154813965541103,0.9547907368421052,0.011076885643892418,1.0700804912280704,0.031080412333265393,3
24,18.375,0.9856483684210525,0.007330286360659404,0.9663843859649122,0.01173771888482881,1.0728594210526314,0.03134418119284735,3
24,18.625,1.0066974561403508,0.013616230091836082,0.9794827719298245,0.012424426798717943,1.0759338245614034,0.03143414023480892,3
24,18.875,1.0784865789473685,0.008557000696594297,0.9918473859649124,0.012945897367745606,1.0792663684210526,0.03165236857932493,3
24,19.125,1.1602162631578947,0.022086977494657295,1.002150894736842,0.013662754102851308,1.0828620000000002,0.03175715038093996,3
24,19.375,1.1734973684210528,0.020309296862721975,1.0109460701754385,0.01342327909136926,1.0862167368421052,0.031605328240784776,3
24,19.625,1.1511986666666667,0.011469745186179596,1.0173012456140353,0.013311927484216295,1.0891022456140351,0.03137804864151186,3
24,19.875,1.1347496842105265,0.00440245151800917,1.0223338421052632,0.013279234993303943,1.091289649122807,0.031213409911857348,3
24,20.125,1.1519876842105263,0.008328245824616207,1.0257947017543863,0.013166838465655637,1.0928182456140352,0.031054539365520762,3
24,20.375,1.179595947368421,0.015998896510135186,1.0280039649122807,0.013049818803136801,1.0933764912280701,0.031014196806790396,3
24,20.625,1.186815947368421,0.026807413393800498,1.0292004912280703,0.01349538169794703,1.0930405263157896,0.031103409090704262,3
24,20.875,1.2045649122807018,0.019714022393123913,1.0296713684210523,0.013613039311498234,1.0920619298245613,0.03132983559188952,3
24,21.125,1.2163676666666665,0.01680246910011333,1.0300574561403508,0.013718017287621544,1.0904975438596491,0.03135245928031773,3
24,21.375,1.219005789473684,0.02612864832597683,1.0299590175438598,0.013761023192428624,1.088461754385965,0.03146096841452229,3
24,21.625,1.1975422807017544,0.018091354313389166,1.0299341403508775,0.014495529313041612,1.0865226315789474,0.031621531349309305,3
24,21.875,1.145480298245614,0.027810479435606404,1.0281933157894736,0.01474750209532823,1.0851054385964911,0.03160215398859687,3
24,22.125,1.0461584561403507,0.025316018767766832,1.0270197192982453,0.01492290627171308,1.0845240350877192,0.03160504022105601,3
24,22.375,0.9758255789473685,0.02138114768446062,1.0255955964912282,0.015227816893903831,1.0852463157894736,0.031570210162647876,3
24,22.625,0.935307052631579,0.01987859831933021,1.0237150000000002,0.015652056072903806,1.0872173684210524,0.03170170698061469,3
24,22.875,0.9165776491228069,0.010774281053440589,1.0226299824561402,0.015816831802786053,1.0901394736842107,0.03166191438219322,3
24,23.125,0.9186635789473684,0.008421968804109664,1.0222613508771927,0.016521402405508815,1.0937247368421052,0.03167314772186798,3
24,23.375,0.9346299999999998,0.012074368436767763,1.0239479824561404,0.016687002052389707,1.0980101754385965,0.0316739406953907,3
24,23.625,0.932181052631579,0.016299297984021622,1.0281039649122807,0.016668187667272606,1.1024952631578946,0.03165253825562809,3
24,23.875,0.9527935789473684,0.0030902102564975553,1.0375565087719298,0.016745448219354954,1.1071447368421052,0.03166669616463596,3
24,24.125,0.9623234210526315,0.001988279186565631,1.054270701754386,0.016761768607682696,1.112069649122807,0.03164341060600023,3
24,24.375,0.9616888245614037,0.010667507718573352,1.080340701754386,0.016362329189250104,1.117071052631579,0.03155676676295996,3
24,24.625,0.9567240526315791,0.0064199269509397,1.1126201754385965,0.01621203089584798,1.1221310526315789,0.031571728563795906,3
24,24.875,0.9611258596491229,0.007884777969570392,1.1364112280701752,0.015572380060377583,1.1262954385964912,0.03144541372573874,3
32,0.125,0.0,0.0,0.0,0.0,0.0,0.0,3
32,0.375,0.0,0.0,0.0,0.0,0.0,0.0,3
32,0.625,0.0,0.0,0.0,0.0,0.0,0.0,3
32,0.875,0.0,0.0,0.0,0.0,0.09150995263157895,0.00029943068476178265,3
32,1.125,0.0,0.0,0.0,0.0,2.5134473684210525,0.01211168012985263,3
32,1.375,0.0,0.0,0.0,0.0,4.07054947368421,0.015355722727979908,3
32,1.625,0.0,0.0,0.0,0.0,5.838540877192982,0.014887313917102317,3
32,1.875,0.0,0.0,0.0,0.0,3.422003333333333,0.020775958797565587,3
32,2.125,0.0,0.0,0.0,0.0,1.8232177192982455,0.02165588854443108,3
32,2.375,0.0,0.0,0.0,0.0,1.794665263157895,0.021949901170700007,3
32,2.625,0.0,0.0,0.0,0.0,1.4835884210526313,0.021488707210551215,3
32,2.875,0.0,0.0,0.0,0.0,1.1759052631578948,0.02035454673661854,3
32,3.125,0.0,0.0,0.0,0.0,1.1775266666666668,0.018768496729847775,3
32,3.375,0.0,0.0,0.0,0.0,1.1770840350877192,0.01650466669131997,3
32,3.625,0.0,0.0,0.0,0.0,1.170813859649123,0.015260462831229097,3
32,3.875,0.0,0.0,0.0,0.0,1.1612826315789475,0.014317033408288025,3
32,4.125,0.0,0.0,0.0,0.0,1.1497112280701756,0.012948752866598377,3
32,4.375,0.0,0.0,0.0,0.0,1.1362315789473685,0.011657109640507856,3
32,4.625,0.0,0.0,0.034072926315789474,0.00022737645664812673,1.1233184210526315,0.011442379408907745,3
32,4.875,0.0,0.0,3.4973352631578947,0.009188566633958822,1.3321557894736842,0.010394308132398583,3
32,5.125,0.0,0.0,13.023684210526314,0.014457439687816518,1.9340708771929824,0.009580953032104263,3
32,5.375,0.0,0.0,9.772407368421051,0.007977469045568897,1.7075419298245615,0.010744045419343304,3
32,5.625,0.0,0.0,3.9841056140350886,0.020739670380345025,1.3172064912280703,0.011533771435805147,3
32,5.875,0.0,0.0,1.6868784210526317,0.02155082869309642,1.1560354385964915,0.011438922105472052,3
32,6.125,0.0,0.0,0.8862908245614034,0.016453439896203317,1.093819298245614,0.011593754402743102,3
32,6.375,0.0,0.0,0.5359824912280703,0.01057511308382133,1.062678947368421,0.01164054781625868,3
32,6.625,0.0,0.0,0.3705376315789473,0.008045954647192039,1.04661,0.011351161467738343,3
32,6.875,0.0,0.0,0.2765768070175439,0.005755504091465484,1.0375517894736843,0.011341486589387125,3
32,7.125,0.0,0.0,0.22847366666666666,0.0035907496670524765,1.0340069649122805,0.011531863576870683,3
32,7.375,0.0,0.0,0.2148071403508772,0.0027656196971055412,1.0346081228070176,0.011441712790952246,3
32,7.625,0.0,0.0,0.22472992982456141,0.0023287163696852917,1.0389129298245614,0.011837301475280627,3
32,7.875,0.0,0.0,0.2503242456140351,0.0019053269061417256,1.0455749122807019,0.011898305390279583,3
32,8.125,0.0,0.0,0.28639189473684207,0.0012290692467458618,1.0549433333333331,0.012124855284347097,3
32,8.375,0.0,0.0,0.3276255789473684,0.002436497682074672,1.0655219298245615,0.012252089164256337,3
32,8.625,0.0,0.0,0.3735991754385965,0.002903421864178784,1.0773421052631578,0.012434917247158193,3
32,8.875,0.0,0.0,0.4205865964912281,0.003532729310468124,1.0900173684210526,0.01240871792398731,3
32,9.125,0.0,0.0,0.4678832631578948,0.004589017140699757,1.1036408771929824,0.01222777201932061,3
32,9.375,0.0,0.0,0.5157434912280702,0.004778042928816019,1.1173900000000003,0.012084153500996273,3
32,9.625,0.0,0.0,0.5628450877192982,0.0038538997091644386,1.1322259649122808,0.012107684283687303,3
32,9.875,0.0,0.0,0.6081019122807018,0.00355615441328712,1.143595263157895,0.01206182656227774,3
32,10.125,2.3769122807017545e-05,3.361461583939586e-05,0.6509506842105263,0.003596606806786353,1.127396140350877,0.011968015734263223,3
32,10.375,0.017504373508771928,0.001224559894017996,0.6917413333333334,0.003315218473902139,1.0603747368421053,0.011495689962733622,3
32,10.625,0.580234403508772,0.023549039814429785,0.7305648245614034,0.0030053061392240708,0.9765750175438596,0.01106887930380346,3
32,10.875,1.6612005263157894,0.04988100138683721,0.7672959298245615,0.0021903593655380675,0.9190039122807018,0.01049867921555661,3
32,11.125,1.266304157894737,0.019238677661772806,0.801441754385965,0.002357496995876077,0.891068701754386,0.009698926774293066,3
32,11.375,0.5747337894736843,0.009425909873223616,0.8342487543859649,0.0017079727294567095,0.8828883333333334,0.00915343606336335,3
32,11.625,0.28897705263157897,0.0018900291706553133,0.8651763859649124,0.0020013429735438017,0.8867608421052632,0.00865106437881646,3
32,11.875,0.21377143859649125,0.003851115564616067,0.8957373859649124,0.002407952433143769,0.8974022631578947,0.008505524609821128,3
32,12.125,0.21422559649122808,0.0053850451045544465,0.923417701754386,0.0020474050690506267,0.9117842456140351,0.00854047686852957,3
32,12.375,0.28799121052631577,0.008617947163936815,0.9488661754385964,0.0023108364705444434,0.9283650701754386,0.00858176111271053,3
32,12.625,0.42764938596491237,0.012538310088044473,0.9730802456140352,0.0029398711714581755,0.9461536666666667,0.008697741933252406,3
32,12.875,0.6285567192982456,0.017515681836520542,0.9955278070175438,0.0027999361542427855,0.9643142631578948,0.008823351767953775,3
32,13.125,0.9055749649122805,0.01506891919149725,1.016687,0.0038686627872912887,0.9821097017543859,0.009073492493734531,3
32,13.375,1.1970402105263158,0.0334090189833427,1.035610701754386,0.002811839969404836,0.9991568421052631,0.009216892141293053,3
32,13.625,1.4520484210526314,0.04577939050706679,1.0531382456140352,0.00196437121309844,1.0149474561403509,0.009400253494974139,3
32,13.875,1.6731054385964914,0.03504535458506924,1.0695968421052633,0.001870795575403434,1.029390192982456,0.009473125496812574,3
32,14.125,1.8560156140350879,0.03884428438315949,1.0855703508771928,0.0017362836600004687,1.0424861403508772,0.009847530490225674,3
32,14.375,1.9493903508771933,0.01865609503275927,1.0992675438596493,0.0018168276886120877,1.0540715789473685,0.009967457492473335,3
32,14.625,2.004864385964912,0.03133924966540586,1.1121554385964914,0.001807907854255898,1.0642985964912282,0.010210654017408373,3
32,14.875,2.0064966666666666,0.016221119353514397,1.1238463157894738,0.0022206440548784294,1.0730114035087719,0.010560992298341985,3
32,15.125,1.9750578947368418,0.011718436484756718,1.1348485964912283,0.0018660736592686822,1.080507894736842,0.010511579079131783,3
32,15.375,1.917532456140351,0.025894384009624762,1.144072105263158,0.002623921314665923,1.0865954385964913,0.010647259986208317,3
32,15.625,1.8369003508771928,0.017595222518150308,1.1516171929824564,0.0027460084129068405,1.0914212280701754,0.010895461966997847,3
32,15.875,1.76307,0.02485683223526138,1.1522538596491227,0.0025023808546101867,1.0946719298245615,0.010788128254439137,3
32,16.125,1.6768561403508773,0.017515546057968963,1.1423922807017546,0.0025505705672512714,1.0963057894736845,0.010663308990807044,3
32,16.375,1.560558070175439,0.014851454224497138,1.128727192982456,0.0025120943403385172,1.0969491228070174,0.010602989041217845,3
32,16.625,1.4479994736842103,0.020913516872977402,1.120871754385965,0.0022056128489370374,1.0969626315789474,0.010471587236080568,3
32,16.875,1.3694157894736845,0.015997968309373046,1.1179640350877191,0.0027691059566804046,1.0966099999999999,0.010215787367697867,3
32,17.125,1.2853994736842107,0.015830219887307723,1.1178563157894739,0.002438366920911838,1.0957784210526318,0.010218090153725361,3
32,17.375,1.2034128070175438,0.015067927018105819,1.121018596491228,0.0027028935397508057,1.0944001754385964,0.010119480699501322,3
32,17.625,1.1213491754385965,0.011673811498865684,1.1249073684210524,0.003059320529997305,1.0925273684210526,0.010100364940427941,3
32,17.875,1.0572803859649123,0.008949509720275292,1.1272757894736842,0.003022704237085245,1.0901033333333334,0.01003288307582492,3
32,18.125,1.0020858596491227,0.01917928648150597,1.127494736842105,0.0034327962268921757,1.087202456140351,0.009977309088382588,3
32,18.375,0.9529748771929825,0.014051802976578542,1.123997543859649,0.003268029988564337,1.0838773684210528,0.009998744556465511,3
32,18.625,0.9157991228070174,0.005727806574574569,1.1162508771929822,0.0025820383314764097,1.0799436842105263,0.009999123571935501,3
32,18.875,0.8878262280701753,0.0069301721422492055,1.1049789473684213,0.0015486400670421455,1.0757563157894736,0.009942674331043228,3
32,19.125,0.8748852105263158,0.004596626102815616,1.0905038596491228,0.001848406932234917,1.0713368421052631,0.01006210235416929,3
32,19.375,0.8563797017543858,0.00782300245751537,1.0731242105263157,0.0019208246920767588,1.0673028070175439,0.010076462332403599,3
32,19.625,0.8230327368421052,0.010694497071061987,1.0526691228070175,0.001648311614599673,1.063446842105263,0.010263636165194427,3
32,19.875,0.797200543859649,0.0036799184302687975,1.0328443859649123,0.0017363627373206238,1.0601933333333333,0.010497889708644823,3
32,20.125,0.7816298245614036,0.003256804002241762,1.0125224210526316,0.002092129062206023,1.0573998245614036,0.010525460222540174,3
32,20.375,0.7780042807017544,0.007521704322045663,0.9929121929824561,0.002712367829675672,1.054579298245614,0.0106205956323129,3
32,20.625,0.7744754912280701,0.003662355423378898,0.9745302631578948,0.0026936693599063375,1.0516568421052632,0.010674361167501265,3
32,20.875,0.7697194035087719,0.003589874487406697,0.9572266666666666,0.0031445183828791366,1.0487580701754384,0.010650255181275495,3
32,21.125,0.7594373684210526,0.012055182556745227,0.9423088070175439,0.0026297108079046338,1.0460535087719298,0.010631088892069766,3
32,21.375,0.7647892631578946,0.005558184642226536,0.9297321929824561,0.0020905867963253895,1.0435484210526313,0.010699740618700784,3
32,21.625,0.7725522105263157,0.008169513106260004,0.9190004035087721,0.0023963887590792753,1.0414694736842105,0.010587319337203537,3
32,21.875,0.7703822631578946,0.010243408688721468,0.9107838771929823,0.0019395140657717709,1.0398415789473685,0.010458841276618303,3
32,22.125,0.7737532982456141,0.011484124329547202,0.9044368421052632,0.0019862674586668782,1.038443157894737,0.01044150150348482,3
32,22.375,0.7864407368421054,0.011174491176453232,0.9000867719298246,0.0024719861040995526,1.0372770175438595,0.01035836746829281,3
32,22.625,0.7998639473684209,0.00998810848231433,0.8974162631578947,0.002162587383254592,1.0362566666666668,0.010333572180243824,3
32,22.875,0.8042374736842106,0.011800417781545804,0.8964073859649124,0.0024109051124781124,1.0353842105263158,0.010309830475431376,3
32,23.125,0.8248965614035089,0.009441138276026863,0.896928701754386,0.00258557847608948,1.034557543859649,0.01019447755137068,3
32,23.375,0.8450415438596491,0.013669616436479402,0.8978566140350877,0.0024870063160610744,1.0337602280701754,0.010190185815546928,3
32,23.625,0.8495722105263158,0.020285498971451897,0.9005632807017543,0.0024596808061629165,1.033190684210526,0.01016310968189758,3
32,23.875,0.8622155614035089,0.01014026720389803,0.9048726666666665,0.002761807964762512,1.0327762982456141,0.010091494485997148,3
32,24.125,0.8841213333333333,0.006768693469502563,0.9122051578947369,0.0035288931620573983,1.0327000175438596,0.0101013832135058,3
32,24.375,0.9011194035087718,0.004400318137649435,0.9247910701754387,0.0035350648506508216,1.0332608771929823,0.010103885663911023,3
32,24.625,0.9084201403508771,0.007727384719108294,0.9520887192982456,0.003964143834009863,1.0349915789473683,0.010123842322927719,3
32,24.875,0.927200298245614,0.011549017539195903,0.9981037192982457,0.0036540019023995228,1.0382831578947365,0.01003870782758641,3
32,0.125,0.0,0.0,0.0,0.0,0.0,0.0,3
32,0.375,0.0,0.0,0.0,0.0,0.0,0.0,3
32,0.625,0.0,0.0,0.0,0.0,0.0,0.0,3
32,0.875,0.0,0.0,0.0,0.0,0.09171003684210526,0.0008861804888706606,3
32,1.125,0.0,0.0,0.0,0.0,2.5104964912280696,0.014529089045810125,3
32,1.375,0.0,0.0,0.0,0.0,4.06668754385965,0.018795824502092506,3
32,1.625,0.0,0.0,0.0,0.0,5.837846140350877,0.017398361738890714,3
32,1.875,0.0,0.0,0.0,0.0,3.4226619298245615,0.022256894682570857,3
32,2.125,0.0,0.0,0.0,0.0,1.821898596491228,0.025056090106008733,3
32,2.375,0.0,0.0,0.0,0.0,1.7947033333333333,0.024031792985857454,3
32,2.625,0.0,0.0,0.0,0.0,1.4831707017543858,0.02294435558981388,3
32,2.875,0.0,0.0,0.0,0.0,1.1731731578947369,0.021723757461064253,3
32,3.125,0.0,0.0,0.0,0.0,1.1740484210526316,0.020238216926812783,3
32,3.375,0.0,0.0,0.0,0.0,1.172794561403509,0.018744834350704048,3
32,3.625,0.0,0.0,0.0,0.0,1.1666489473684212,0.01740050937474127,3
32,3.875,0.0,0.0,0.0,0.0,1.157427368421053,0.0161502203844786,3
32,4.125,0.0,0.0,0.0,0.0,1.1458045614035086,0.014904378866209178,3
32,4.375,0.0,0.0,0.0,0.0,1.1330819298245614,0.013806148511406019,3
32,4.625,0.0,0.0,0.03438686666666666,0.0002886143526387652,1.1209438596491228,0.01252409109194298,3
32,4.875,0.0,0.0,3.501105614035088,0.007214426737781214,1.3305666666666667,0.011028458916068132,3
32,5.125,0.0,0.0,13.01475087719298,0.01865468006519661,1.9327122807017545,0.00958893574408617,3
32,5.375,0.0,0.0,9.771270701754387,0.006039124124474911,1.7072256140350877,0.010497518418734584,3
32,5.625,0.0,0.0,3.9859352631578946,0.023596452176319685,1.318140701754386,0.011064356331947998,3
32,5.875,0.0,0.0,1.6885543859649124,0.023589112976775864,1.1570226315789474,0.01100551438209061,3
32,6.125,0.0,0.0,0.8869427894736842,0.01683198138328237,1.094929298245614,0.01037464109744986,3
32,6.375,0.0,0.0,0.5359811052631579,0.010145437237159835,1.0640591403508772,0.009977374664204196,3
32,6.625,0.0,0.0,0.36935689473684213,0.0074125760941036595,1.0481459473684211,0.009889873344584861,3
32,6.875,0.0,0.0,0.2761204385964912,0.004991397689283257,1.039106754385965,0.010144769686918319,3
32,7.125,0.0,0.0,0.22856398245614032,0.003188912965978508,1.0351200175438597,0.010053384671095978,3
32,7.375,0.0,0.0,0.2148529649122807,0.0016211635256745314,1.0359717894736844,0.010222332896493023,3
32,7.625,0.0,0.0,0.22447449122807017,0.0013742164259942596,1.0402726140350878,0.010297097912285889,3
32,7.875,0.0,0.0,0.24965029824561405,0.0019191958156060114,1.0469919298245614,0.0103764838214777,3
32,8.125,0.0,0.0,0.2853258596491228,0.0026353404977223142,1.0560461403508772,0.010541957013727855,3
32,8.375,0.0,0.0,0.32807043859649127,0.0020888355870131024,1.0664782456140351,0.010567354714266492,3
32,8.625,0.0,0.0,0.3734190350877193,0.0017142573895599065,1.0783436842105265,0.010700701153233984,3
32,8.875,0.0,0.0,0.42172792982456137,0.0008167087523782283,1.0911322807017543,0.011020218523818454,3
32,9.125,0.0,0.0,0.47051877192982455,0.0011915433448382781,1.1043900000000002,0.011350005487285325,3
32,9.375,0.0,0.0,0.5184395438596492,0.0013140529799920227,1.1184245614035087,0.01140041084235909,3
32,9.625,0.0,0.0,0.5640357894736843,0.0017868487683000527,1.1325563157894738,0.01155657745824766,3
32,9.875,0.0,0.0,0.6080215789473685,0.0021916280759446067,1.1437352631578948,0.011450721114195664,3
32,10.125,0.0,0.0,0.6505079649122808,0.002253925895303618,1.1274394736842106,0.01144798426252304,3
32,10.375,0.018440992280701753,0.0007270014202423593,0.6918878070175438,0.002548999046874398,1.060574210526316,0.011566124869895054,3
32,10.625,0.5780030526315789,0.022803989608703723,0.7310527192982456,0.002960340390055169,0.9771960350877192,0.011065211880483174,3
32,10.875,1.673971403508772,0.05059810197998142,0.7683170175438597,0.0021725479296479306,0.9200519122807019,0.01026425840166558,3
32,11.125,1.2600186140350877,0.02160060175029296,0.8033004736842105,0.0015874175204144021,0.8922727192982456,0.009412661624999076,3
32,11.375,0.565543649122807,0.006823473157314617,0.8370164385964913,0.00046956326801126606,0.884441403508772,0.00875360973048459,3
32,11.625,0.2810185263157895,0.0020608836718194416,0.8680227894736842,0.0009929082673296452,0.888311947368421,0.008415275743182458,3
32,11.875,0.20769763859649124,0.007865636216223755,0.8969278771929825,0.0010298973353646882,0.8988829122807017,0.008038249737403925,3
32,12.125,0.21959991228070175,0.012542595494341982,0.9245827192982455,0.0018177427096059313,0.9132143859649123,0.008043806031388772,3
32,12.375,0.28838900000000006,0.013098727958653522,0.9509105438596492,0.0017795081989073589,0.9298461403508772,0.008241442926640995,3
32,12.625,0.42513452631578946,0.02312288933439811,0.9749548070175438,0.001256530457654212,0.9474915438596491,0.008405562790508291,3
32,12.875,0.6347399824561403,0.03265373089234843,0.9979664210526314,0.0013430520004454475,0.9655503684210526,0.008606226408022884,3
32,13.125,0.906656894736842,0.013384664543699616,1.018442,0.001356211542127205,0.98315350877193,0.008999321296798974,3
32,13.375,1.1992724035087718,0.015914130368501374,1.0371164912280701,0.0028264471965705647,1.0001471754385964,0.009397804746544365,3
32,13.625,1.4711226315789474,0.01182645241529778,1.0546391228070175,0.0027988832469359962,1.0160507719298246,0.009687099549649764,3
32,13.875,1.6961989473684216,0.025097201710602774,1.070049649122807,0.004284750393445719,1.0305266842105263,0.009817050693349583,3
32,14.125,1.8803401754385964,0.017671499406943913,1.0851415789473686,0.004212344432027537,1.0437480701754387,0.010221320269801971,3
32,14.375,1.962726842105263,0.010142875069793507,1.0989077192982457,0.004679670662886556,1.055220701754386,0.010341446122768695,3
32,14.625,1.9884589473684209,0.008490492417748297,1.1108635087719299,0.005185494120785644,1.0653510526315788,0.010629423022677041,3
32,14.875,2.0054542105263153,0.010988930642965241,1.122205789473684,0.004690712361266748,1.0741117543859648,0.010827758088076922,3
32,15.125,1.9620505263157895,0.010208076247916687,1.1332773684210526,0.004730083150565638,1.0814428070175437,0.01102681317249698,3
32,15.375,1.9198685964912283,0.016685035091325528,1.1435540350877191,0.004678609076108277,1.0875700000000001,0.011162300429445257,3
32,15.625,1.8440015789473685,0.005399280346013472,1.1513229824561402,0.0043490444144865465,1.0923559649122805,0.01135858831055782,3
32,15.875,1.7411899999999998,0.016938864822027243,1.15326,0.004309722393598075,1.0956738596491227,0.01165055245666057,3
32,16.125,1.6566905263157894,0.026637266548197956,1.1444773684210525,0.00389598500625648,1.0972463157894736,0.01180476574809936,3
32,16.375,1.5594026315789475,0.0168120977909647,1.1315359649122805,0.0027139291987644852,1.097686842105263,0.011872339237312844,3
32,16.625,1.4654170175438594,0.018333519354382447,1.123489298245614,0.0016710564350464227,1.0974949122807016,0.012043561019029288,3
32,16.875,1.3648159649122809,0.014528813873261345,1.121529298245614,0.0009033415276994672,1.097017543859649,0.01194075028331169,3
32,17.125,1.2679198245614034,0.021621922309220113,1.1220936842105262,0.0007800853470365432,1.0960456140350876,0.012028945501835017,3
32,17.375,1.206523052631579,0.0029139597691927345,1.1244364912280702,0.0011920590853791953,1.0946073684210527,0.012149091306565047,3
32,17.625,1.1373597894736842,0.005714942614560646,1.1270719298245613,0.001122528501640781,1.0925533333333333,0.012070193268040796,3
32,17.875,1.0542798771929824,0.017062085051628918,1.1283978947368423,0.0020102722352541005,1.0900735087719298,0.012220168170945586,3
32,18.125,1.006058894736842,0.017059214991535364,1.1275591228070176,0.002989159649101633,1.0870014035087718,0.012309403775116894,3
32,18.375,0.9534548245614034,0.011461336376578733,1.1246563157894738,0.0033444298863939343,1.0835256140350877,0.012367413414223956,3
32,18.625,0.913135350877193,0.014336099312515631,1.1168556140350876,0.003651110566910678,1.0796210526315788,0.01242116567745172,3
32,18.875,0.8800132631578949,0.005232205192317748,1.1060350877192984,0.004173298677650338,1.0753475438596494,0.012371151921987188,3
32,19.125,0.8700757894736842,0.007177191407539551,1.0907345614035087,0.004078504612831335,1.0709419298245615,0.012305270409054377,3
32,19.375,0.8432405263157895,0.022292163797813604,1.0719952631578946,0.00409365134667168,1.06654350877193,0.012200711605522583,3
32,19.625,0.8241532982456139,0.008372992372352105,1.0518808771929824,0.004092726930458568,1.06284298245614,0.012096624563213162,3
32,19.875,0.7982962280701753,0.009677314683407132,1.031237543859649,0.003726098946345241,1.0595563157894734,0.01188960414022534,3
32,20.125,0.7869425263157894,0.005729136786914417,1.0111906315789472,0.0035385245546707715,1.0567843859649122,0.011679501669549073,3
32,20.375,0.7847164210526317,0.0074869671943424325,0.9914361228070177,0.0040247594369210585,1.0540749122807018,0.01168543462319762,3
32,20.625,0.7763765789473683,0.008287094425579272,0.9733019122807017,0.00410173021198584,1.0514326315789477,0.011487795700053413,3
32,20.875,0.7777361754385965,0.012235182119992655,0.9564470877192983,0.003959603789587321,1.0486598245614034,0.011329186042544376,3
32,21.125,0.7760697894736842,0.003008223963502325,0.9414330175438597,0.003968375858631734,1.04596298245614,0.01124472972136806,3
32,21.375,0.7777755438596491,0.006140180847119624,0.928649350877193,0.0042011943569207014,1.0435291228070176,0.011199003552934442,3
32,21.625,0.781718,0.009868422514619758,0.9183219122807017,0.004261761426108112,1.0414045614035086,0.011123168523097601,3
32,21.875,0.7790195263157894,0.001639170677977713,0.9098635263157894,0.004065257502926132,1.039500350877193,0.011042594994686784,3
32,22.125,0.7826763157894736,0.009546976768210078,0.9033994736842105,0.0039207291356015694,1.0380243859649125,0.011141137817211853,3
32,22.375,0.7790058596491227,0.0026520143327157355,0.8982706140350878,0.0036206798982820203,1.036717894736842,0.011125413298059076,3
32,22.625,0.7826783508771928,0.008630969092312537,0.8955630877192983,0.0035417476570175944,1.0356587719298247,0.011130593381224445,3
32,22.875,0.7954684385964912,0.0035392236761200525,0.8940154912280702,0.0035565021369728406,1.0347068421052634,0.011178074535588514,3
32,23.125,0.8192671578947368,0.004696700708158188,0.8942498771929824,0.00373941489893752,1.0339528070175439,0.011101634015249983,3
32,23.375,0.8339734736842105,0.01076818147672993,0.8963774736842106,0.0029378411216640196,1.0333543859649124,0.010977282008000149,3
32,23.625,0.8496245438596491,0.001548009949560966,0.8990342105263158,0.0024875662441473235,1.0326938596491226,0.010883613207110164,3
32,23.875,0.8660193157894737,0.0017883739097283126,0.9045529824561402,0.0025058540186077903,1.0325633333333335,0.01078583860317097,3
32,24.125,0.8802965614035089,0.005049950199389314,0.9125087719298244,0.002272547817188745,1.0324945614035088,0.010734531746038646,3
32,24.375,0.9002811929824562,0.002311276309692871,0.9253737894736842,0.0018211360025536863,1.0330987719298246,0.010656997443998648,3
32,24.625,0.921686403508772,0.009260665694880819,0.9526417368421053,0.0007962991348079316,1.034902280701754,0.01059898268897753,3
32,24.875,0.9286027017543859,0.0067383946133724145,0.9992294385964914,0.0006208552917717355,1.0382608771929824,0.010611753482479414,3
32,0.125,0.0,0.0,0.0,0.0,0.0,0.0,3
32,0.375,0.0,0.0,0.0,0.0,0.0,0.0,3
32,0.625,0.0,0.0,0.0,0.0,0.0,0.0,3
32,0.875,0.0,0.0,0.0,0.0,0.09157076666666668,0.0006628355216767976,3
32,1.125,0.0,0.0,0.0,0.0,2.521228596491228,0.01708003875805345,3
32,1.375,0.0,0.0,0.0,0.0,4.083654561403509,0.020885252433746518,3
32,1.625,0.0,0.0,0.0,0.0,5.85630403508772,0.02094217714185994,3
32,1.875,0.0,0.0,0.0,0.0,3.439210877192983,0.02252316494742666,3
32,2.125,0.0,0.0,0.0,0.0,1.8399536842105262,0.027574424140254662,3
32,2.375,0.0,0.0,0.0,0.0,1.8098208771929822,0.025711701064340932,3
32,2.625,0.0,0.0,0.0,0.0,1.4982242105263157,0.023058360947885128,3
32,2.875,0.0,0.0,0.0,0.0,1.1870512280701755,0.022794727461883862,3
32,3.125,0.0,0.0,0.0,0.0,1.1851563157894736,0.019998701430603755,3
32,3.375,0.0,0.0,0.0,0.0,1.1817980701754387,0.01786800753640487,3
32,3.625,0.0,0.0,0.0,0.0,1.1734929824561404,0.01642127737887886,3
32,3.875,0.0,0.0,0.0,0.0,1.1621329824561404,0.0143830721931208,3
32,4.125,0.0,0.0,0.0,0.0,1.149477192982456,0.012489602814137375,3
32,4.375,0.0,0.0,2.7344561403508773e-07,3.8671049593985976e-07,1.1349233333333333,0.011843256406688029,3
32,4.625,0.0,0.0,0.033938843859649126,0.00029115615570554426,1.1212880701754386,0.011114109608024971,3
32,4.875,0.0,0.0,3.494779473684211,0.004820568197525645,1.3299687719298248,0.0099892274601614,3
32,5.125,0.0,0.0,12.998957894736842,0.02569908686234999,1.9308621052631578,0.008514794175566616,3
32,5.375,0.0,0.0,9.782596315789473,0.011413981827716507,1.7072219298245612,0.011179556342924512,3
32,5.625,0.0,0.0,4.0112884210526305,0.03026438167167126,1.3190149122807016,0.012238398666013478,3
32,5.875,0.0,0.0,1.7061052631578948,0.026938130913958754,1.1578535087719297,0.012420001868529554,3
32,6.125,0.0,0.0,0.9020392807017544,0.019709083150752385,1.095841754385965,0.01231064695704816,3
32,6.375,0.0,0.0,0.5464337894736842,0.012174835008068275,1.0650559649122808,0.012004394857985736,3
32,6.625,0.0,0.0,0.3754700526315789,0.0070920318914279,1.0489285964912278,0.012081252597619324,3
32,6.875,0.0,0.0,0.2810683859649123,0.004813003894658398,1.0401669824561404,0.011807525101548382,3
32,7.125,0.0,0.0,0.23089117543859647,0.002067609809367301,1.0367843684210527,0.01136338827708242,3
32,7.375,0.0,0.0,0.2158312807017544,0.0021551659607213255,1.0376053684210527,0.011407158984914317,3
32,7.625,0.0,0.0,0.22403952631578947,0.0025994256880441787,1.0418736140350877,0.011220129393681553,3
32,7.875,0.0,0.0,0.24791091228070172,0.003102019504923493,1.0487735087719299,0.010921094164650145,3
32,8.125,0.0,0.0,0.282558649122807,0.0032807740974292567,1.0578198245614034,0.010953064057601582,3
32,8.375,0.0,0.0,0.32468736842105267,0.0032553534126392343,1.0685352631578946,0.010866618286405966,3
32,8.625,0.0,0.0,0.37063466666666667,0.0031320855159598865,1.0804870175438597,0.010951906872449844,3
32,8.875,0.0,0.0,0.41867314035087716,0.0028805717769894647,1.093316842105263,0.011007250753923177,3
32,9.125,0.0,0.0,0.46744377192982456,0.002683501253843224,1.1068764912280704,0.010751719399813488,3
32,9.375,0.0,0.0,0.5155627368421052,0.0022530181472703837,1.121014210526316,0.010797398989143015,3
32,9.625,0.0,0.0,0.5619729649122807,0.0011096072744344815,1.1353577192982456,0.010856017597033385,3
32,9.875,0.0,0.0,0.6083666842105262,0.0005823536556423502,1.146160701754386,0.010892354899656844,3
32,10.125,8.91338596491228e-06,1.2605431318244943e-05,0.6515038771929825,0.0020046571430057,1.1299163157894736,0.010892795919999304,3
32,10.375,0.019272918421052634,0.0021353306955581783,0.6925081052631579,0.0027715205902665106,1.0630291228070174,0.011027331179084658,3
32,10.625,0.5897343684210526,0.015835168251959533,0.731831596491228,0.002624362088899565,0.979489842105263,0.011195870527061566,3
32,10.875,1.7177991228070175,0.06707157456034778,0.7683060701754387,0.003054545096069354,0.9218457192982457,0.010829967929085936,3
32,11.125,1.296457,0.04159694029622113,0.8025723157894736,0.0033600527485085963,0.8934745614035088,0.010290592138910547,3
32,11.375,0.5782860701754385,0.011045839478656299,0.8358621754385965,0.0035572903935847822,0.8850104210526316,0.009609787071739574,3
32,11.625,0.2854090701754386,0.015121767277299173,0.8676858245614034,0.003695384322317204,0.8886417192982456,0.009159551017932477,3
32,11.875,0.204440350877193,0.006027816562430465,0.8976115087719299,0.003693973210767964,0.8987612105263157,0.008741600204154355,3
32,12.125,0.20830433333333334,0.028969638275672865,0.9257106666666668,0.0030433166580750583,0.9127905263157895,0.008561951585527083,3
32,12.375,0.2762025789473684,0.033638582129379,0.9510493859649124,0.0025194079040787086,0.9290008245614034,0.008656748909869007,3
32,12.625,0.4164414385964912,0.021537778868916408,0.9758529473684209,0.0021311412706388564,0.9462876315789474,0.008683829670861707,3
32,12.875,0.6222357894736842,0.032820275973390704,0.9987543157894736,0.0015511828465573317,0.9641712105263158,0.008764204072318142,3
32,13.125,0.8757687192982457,0.020233515465234185,1.018567701754386,0.002203576041128633,0.9818318771929825,0.00885569142942192,3
32,13.375,1.1708462280701755,0.027182398263612823,1.0375808771929824,0.003276743263406652,0.9988783508771929,0.009125130563108761,3
32,13.625,1.461660350877193,0.011465847205467096,1.0551519298245613,0.003971459243092481,1.0148403859649122,0.009485048940231392,3
32,13.875,1.6743535087719295,0.014538738486346995,1.0709984210526315,0.0049103416787086174,1.0293152631578948,0.009686069645728513,3
32,14.125,1.8548978947368422,0.026478896309498314,1.0858442105263157,0.0037569355255230546,1.0424571929824562,0.009955546664423052,3
32,14.375,1.9699845614035087,0.014733558546053276,1.0998675438596488,0.003851208162254714,1.0542170175438594,0.01034079634887769,3
32,14.625,1.999363859649123,0.005008155607762839,1.1124717543859648,0.0037017999747754157,1.0643900000000002,0.01072020024344067,3
32,14.875,2.0254638596491223,0.013179944138173421,1.1247298245614035,0.0037942420616516644,1.0732608771929824,0.010961481408510805,3
32,15.125,1.9745164912280702,0.012230595578531957,1.1359301754385964,0.0033886012916027,1.080729649122807,0.011237358419736226,3
32,15.375,1.9147108771929826,0.02230183567521866,1.1459103508771928,0.003435183564062544,1.086941052631579,0.011432801144642075,3
32,15.625,1.8328659649122807,0.012614795475214834,1.1530212280701753,0.004620675210046491,1.0917480701754385,0.011619649231409747,3
32,15.875,1.7539656140350877,0.020482467900368683,1.1540261403508774,0.004652661552918782,1.0949429824561403,0.011679586253671147,3
32,16.125,1.662652456140351,0.027629436048346095,1.1436649122807017,0.004180657419646819,1.0964421052631579,0.011879816468918232,3
32,16.375,1.5695933333333334,0.009428712453393637,1.1289547368421053,0.003318119175996201,1.0967650877192983,0.011821273469163543,3
32,16.625,1.4628726315789475,0.014441544801410697,1.1192798245614035,0.002957348058782182,1.0965145614035086,0.011762096630436912,3
32,16.875,1.3781666666666668,0.002187933936206266,1.115842105263158,0.003256244062171783,1.0961061403508774,0.011673989225551436,3
32,17.125,1.2978675438596492,0.0014131864372520478,1.116007894736842,0.0033104599608445393,1.0952719298245615,0.01165676422646757,3
32,17.375,1.2057021052631578,0.008327337429282312,1.1184128070175439,0.003368836990036183,1.0937263157894737,0.01155097794982829,3
32,17.625,1.1312200701754385,0.003510957101671163,1.1212652631578948,0.003658662572446774,1.0917598245614035,0.011616404814688277,3
32,17.875,1.060638456140351,0.007545241725172977,1.1236801754385966,0.00379350746159654,1.089302105263158,0.01173822793328934,3
32,18.125,1.0026342631578948,0.02403422149478902,1.124483859649123,0.004336282588956634,1.0861884210526316,0.01177277748667204,3
32,18.375,0.9535157894736842,0.017198136894573904,1.1217163157894738,0.004090156889350487,1.0827847368421053,0.011919494085020646,3
32,18.625,0.9060228771929824,0.01309415049008286,1.11595350877193,0.0047705312772564155,1.07885350877193,0.01202085447292159,3
32,18.875,0.8765343684210527,0.004835913272785479,1.1049245614035086,0.004563577235094444,1.0745584210526313,0.011935969962569789,3
32,19.125,0.8569871578947369,0.013629745510787364,1.0897805263157894,0.00414391048292442,1.0701403508771932,0.011912718664920175,3
32,19.375,0.8497171052631579,0.01329599725290341,1.073126842105263,0.003569633701732173,1.0659780701754384,0.011814806440046184,3
32,19.625,0.8268819999999999,0.011606898177221936,1.0534428070175441,0.0036497124017618064,1.0621875438596493,0.011894621023604229,3
32,19.875,0.7999603333333333,0.0131191709693859,1.03323150877193,0.003503685795807025,1.0590808771929823,0.011833996212559698,3
32,20.125,0.7872080175438597,0.020664704307200556,1.01326150877193,0.004083329974332979,1.0562094736842107,0.011665486285096716,3
32,20.375,0.7711277894736841,0.017732094467882598,0.9931038771929827,0.004243615921505888,1.053278245614035,0.011684560294538548,3
32,20.625,0.7690708245614034,0.00559580861189246,0.9744938421052631,0.004634615144972905,1.0503566666666666,0.011511491230409598,3
32,20.875,0.7681137719298246,0.01029100700706463,0.957246298245614,0.004780258456318359,1.0473557894736845,0.011394422563633272,3
32,21.125,0.7601718070175437,0.015471489762422972,0.9423125789473684,0.004488871644913327,1.0446003508771928,0.011172440711672366,3
32,21.375,0.7657232280701755,0.016239850580412232,0.9292259473684209,0.004051904104449277,1.0420673684210529,0.010919316395488555,3
32,21.625,0.7690713157894736,0.01597990576495039,0.9182422631578947,0.004489543111287318,1.0399226315789474,0.010768861157853204,3
32,21.875,0.7727464035087719,0.007121454765597726,0.9096180526315788,0.004367564386727107,1.0382629824561402,0.010626198120125009,3
32,22.125,0.77392,0.0038686671830041224,0.9029141228070175,0.004447141009515019,1.036921052631579,0.010571883903569173,3
32,22.375,0.7806687192982457,0.008876371143255747,0.8982752280701756,0.004456972977951936,1.0359436842105263,0.010537220010048566,3
32,22.625,0.7899754210526316,0.008471138311998869,0.8956309473684211,0.0045924507487793715,1.0350991228070177,0.010450193372395996,3
32,22.875,0.8064064561403509,0.0013129662978273366,0.8946509649122807,0.004445758986337878,1.0344538596491228,0.010323649792066708,3
32,23.125,0.8288534736842105,0.009075403672815957,0.8950010526315789,0.00394867153250978,1.033846315789474,0.010285419203875294,3
32,23.375,0.8452590701754384,0.014886715636126775,0.896752754385965,0.0029491482064719905,1.0332342105263157,0.010238667387895868,3
32,23.625,0.8539036666666666,0.011699488635772337,0.8993505438596493,0.0022681568431363887,1.0327852631578947,0.010327339032229538,3
32,23.875,0.8747904210526315,0.010620756534742077,0.9043872280701755,0.0019294152766944055,1.032481754385965,0.010381527492664687,3
32,24.125,0.8857923859649123,0.006139688616767538,0.9118489298245614,0.00176113391730125,1.0323959649122807,0.010351546427963907,3
32,24.375,0.9052853333333334,0.013752826765074987,0.9249192807017543,0.001746592227907836,1.0329866666666667,0.010408699432891166,3
32,24.625,0.9157800526315789,0.01589034252298223,0.9523649649122806,0.001621901988318248,1.0347042105263158,0.010414563290501304,3
32,24.875,0.9308277719298245,0.011114754800025767,0.9986589473684209,0.0015707063434517157,1.0378687719298245,0.010372677026001836,3
32,0.125,0.0,0.0,0.0,0.0,0.0,0.0,3
32,0.375,0.0,0.0,0.0,0.0,0.0,0.0,3
32,0.625,0.0,0.0,0.0,0.0,0.0,0.0,3
32,0.875,0.0,0.0,0.0,0.0,0.09275355789473683,0.0002083566862774731,3
32,1.125,0.0,0.0,0.0,0.0,2.5188417543859645,0.007005984281933494,3
32,1.375,0.0,0.0,0.0,0.0,4.074309298245614,0.014770285525436192,3
32,1.625,0.0,0.0,0.0,0.0,5.8399324561403505,0.01760815248801634,3
32,1.875,0.0,0.0,0.0,0.0,3.4230745614035087,0.017311180639424932,3
32,2.125,0.0,0.0,0.0,0.0,1.8241138596491229,0.020405627097349086,3
32,2.375,0.0,0.0,0.0,0.0,1.795342105263158,0.019888142613640244,3
32,2.625,0.0,0.0,0.0,0.0,1.4834087719298246,0.01901224845191369,3
32,2.875,0.0,0.0,0.0,0.0,1.1751177192982458,0.0184197546326323,3
32,3.125,0.0,0.0,0.0,0.0,1.176515087719298,0.017065104959061266,3
32,3.375,0.0,0.0,0.0,0.0,1.1753980701754387,0.015536289685737023,3
32,3.625,0.0,0.0,0.0,0.0,1.1693068421052633,0.01542415462484237,3
32,3.875,0.0,0.0,0.0,0.0,1.1589963157894736,0.015181610875395397,3
32,4.125,0.0,0.0,0.0,0.0,1.1474433333333334,0.01430738028518191,3
32,4.375,0.0,0.0,0.0,0.0,1.1340570175438598,0.013751021816029496,3
32,4.625,0.0,0.0,0.03431247894736842,0.0004257633180655121,1.1215824561403507,0.013342939503544758,3
32,4.875,0.0,0.0,3.5002101754385966,0.007851167874654097,1.331014035087719,0.012007168313981504,3
32,5.125,0.0,0.0,13.015373684210525,0.010485481322263816,1.9331512280701755,0.011494393192065567,3
32,5.375,0.0,0.0,9.772327192982454,0.010773352563337986,1.7077668421052632,0.012467809342707283,3
32,5.625,0.0,0.0,3.988330350877193,0.017426080900107277,1.3185510526315791,0.012619022801816478,3
32,5.875,0.0,0.0,1.6902515789473682,0.01957794454609688,1.157380350877193,0.012437592662337477,3
32,6.125,0.0,0.0,0.8894509122807018,0.014715962618533994,1.095388596491228,0.012291899225932636,3
32,6.375,0.0,0.0,0.5382791754385964,0.008983024081448928,1.0651643859649125,0.011227738259896711,3
32,6.625,0.0,0.0,0.36965182456140355,0.006091676020849909,1.0489157894736845,0.010960598693975462,3
32,6.875,0.0,0.0,0.2764466666666667,0.003643148661346016,1.0403268947368423,0.010445149153743621,3
32,7.125,0.0,0.0,0.22823985964912283,0.0027603191942546417,1.0371828070175437,0.010303627197738493,3
32,7.375,0.0,0.0,0.21375705263157893,0.0010799226229933436,1.0381934912280701,0.010032934398985864,3
32,7.625,0.0,0.0,0.2234773157894737,0.00044786059201491865,1.0427956140350876,0.010036718960167118,3
32,7.875,0.0,0.0,0.24816850877192978,0.0014426003979895233,1.050129192982456,0.00968134967900986,3
32,8.125,0.0,0.0,0.28358677192982457,0.0008151348662078671,1.059044912280702,0.009627981749248745,3
32,8.375,0.0,0.0,0.3246983859649123,0.0007710184679975265,1.0691226315789473,0.009456952661786538,3
32,8.625,0.0,0.0,0.37065289473684215,0.0011201868298202052,1.0806494736842105,0.009267827680578586,3
32,8.875,0.0,0.0,0.41835077192982456,0.0007336184952992391,1.0930175438596492,0.009013675014832065,3
32,9.125,0.0,0.0,0.4662243859649123,0.0012225617295325863,1.1061840350877192,0.008936225262671783,3
32,9.375,0.0,0.0,0.5145034385964912,0.002536290278605127,1.120262105263158,0.009315913053001171,3
32,9.625,0.0,0.0,0.5616992807017543,0.0022500812224319025,1.1347673684210526,0.009592473879279164,3
32,9.875,0.0,0.0,0.6077161403508772,0.0018854274813205922,1.1458885964912282,0.010121251463076351,3
32,10.125,0.0,0.0,0.6518574736842105,0.0018944179210153705,1.1295968421052631,0.0107028951822216,3
32,10.375,0.017940140175438598,0.0015082471392103961,0.6941570526315789,0.001793949962295584,1.0627380701754385,0.011279778786830886,3
32,10.625,0.5792981929824562,0.020413617218724374,0.7343591754385966,0.002639066212739438,0.9792551929824563,0.011128666853241624,3
32,10.875,1.6787057894736839,0.03880095953159505,0.771941298245614,0.002448187623820559,0.9217920000000001,0.010691421552639985,3
32,11.125,1.270087105263158,0.019320819638781093,0.8072584912280703,0.0021564389138498943,0.8937641929824561,0.01005198135348492,3
32,11.375,0.563264894736842,0.015684687483917045,0.8404709298245613,0.0018592675631400322,0.8856012280701754,0.009264692879631492,3
32,11.625,0.2915847192982456,0.003160642537364769,0.8712607543859648,0.0006822835514413901,0.8891388596491229,0.008812569883139372,3
32,11.875,0.2052157894736842,0.0046459088739454,0.9016057719298245,0.0007650657463143753,0.8994244035087718,0.008472865097201278,3
32,12.125,0.21191752631578945,0.01088286933514483,0.9288407368421052,0.0018847139585220596,0.9136435789473684,0.008494855451572995,3
32,12.375,0.27778984210526314,0.011627139870486896,0.9538821228070175,0.00294323756428232,0.9298728771929824,0.008536226350511775,3
32,12.625,0.4181364561403509,0.015955693304232004,0.9779277543859649,0.003101347295267118,0.9473524736842105,0.008644847955492897,3
32,12.875,0.6180959122807018,0.02766438291608968,1.0001303859649122,0.0030496470798746906,0.965319754385965,0.00877817818597333,3
32,13.125,0.8806081228070175,0.031018164997472054,1.0197602807017543,0.0036599238812938463,0.9828791403508772,0.008865813511221501,3
32,13.375,1.1714303684210527,0.030885672192327896,1.0375594736842106,0.0034147190223862978,0.9995866842105263,0.008973024855027269,3
32,13.625,1.4604738596491227,0.02679618218259724,1.054491052631579,0.003293553848490889,1.015217947368421,0.009096547717194167,3
32,13.875,1.6877436842105265,0.008213926972316949,1.0700212280701753,0.003899040541432876,1.029688403508772,0.00917246333959522,3
32,14.125,1.8462694736842105,0.005959730484031014,1.084727543859649,0.0037899567268481994,1.0425819298245613,0.009238444548693577,3
32,14.375,1.9684028070175437,0.019397511117409342,1.0984217543859647,0.003546715394454229,1.0541752631578947,0.00954519909008893,3
32,14.625,2.0297317543859648,0.015294646872710529,1.1112010526315788,0.004452613806940715,1.0644729824561405,0.00967282001115991,3
32,14.875,2.020217894736842,0.016356278183348373,1.1215143859649126,0.00492021871784724,1.073127192982456,0.009899045742768266,3
32,15.125,1.98808350877193,0.015609725342532845,1.1319380701754387,0.004626680111262725,1.080350350877193,0.01005136040767299,3
32,15.375,1.9389324561403507,0.020609250199429933,1.1420431578947368,0.004909098361417325,1.0865136842105263,0.01025174531455321,3
32,15.625,1.8590612280701755,0.028562235274969996,1.1501135087719299,0.005328278300355918,1.0911370175438597,0.010383927849660112,3
32,15.875,1.7772885964912282,0.008730241316841891,1.1509259649122807,0.00498412862959704,1.0941350877192981,0.010591227962651249,3
32,16.125,1.6844014035087718,0.006070110875835732,1.1412063157894738,0.0042501951723149245,1.0955707017543859,0.010628795617367738,3
32,16.375,1.5614191228070176,0.009947363755065447,1.1278154385964911,0.002990898392080842,1.095821052631579,0.010749390731945278,3
32,16.625,1.4718910526315787,0.02022718635338819,1.1185991228070178,0.0030526937178591276,1.0954921052631579,0.010884510439045505,3
32,16.875,1.3817212280701752,0.01617986894459681,1.1156935087719297,0.002845058904901944,1.0949421052631578,0.011195925554882588,3
32,17.125,1.2858584210526316,0.00958348389780957,1.1167124561403508,0.0033234896481046665,1.0939935087719297,0.011324094686456612,3
32,17.375,1.205143157894737,0.008805912214834184,1.1188803508771932,0.0032831502543274084,1.0923726315789473,0.01145840001625865,3
32,17.625,1.1263273859649123,0.0043595266400247345,1.1219019298245614,0.003099205996470055,1.0902864912280703,0.011558532724005945,3
32,17.875,1.0548209649122808,0.00759778429592785,1.1245812280701755,0.0028940739379188694,1.0877319298245613,0.011642959403118507,3
32,18.125,0.9881773508771929,0.006938297580493509,1.1247143859649122,0.002344596322933593,1.0846671929824563,0.011691681579628826,3
32,18.375,0.9350555263157895,0.015422767971839673,1.1222322807017546,0.001557617704940196,1.0810757894736842,0.011716054811704903,3
32,18.625,0.8976712105263159,0.007594589989097055,1.1148191228070174,0.0016093534505439392,1.0771126315789472,0.011807128205211343,3
32,18.875,0.8677571052631579,0.012412884715648935,1.1041454385964913,0.001682177080199127,1.0729647368421054,0.011726093552021815,3
32,19.125,0.8518930877192984,0.014387278188900924,1.0894854385964912,0.001506463166214299,1.0686292982456138,0.01176479500624351,3
32,19.375,0.8308696491228069,0.014372555025785204,1.0728310526315787,0.0014411151037938149,1.0644268421052632,0.011759539307626396,3
32,19.625,0.8093379298245614,0.011146684212252022,1.0541257894736844,0.0015292646649656544,1.060777894736842,0.011788178476785663,3
32,19.875,0.7849577368421051,0.007944883036607498,1.0337842105263155,0.002355839329701417,1.0576877192982457,0.011684031050726485,3
32,20.125,0.7781380701754387,0.01008377783237666,1.0131359122807018,0.0026221628950307443,1.054972456140351,0.011663546563393226,3
32,20.375,0.7731257894736842,0.004352201111745934,0.9934602982456141,0.0019458743222028506,1.052272807017544,0.01144688052465686,3
32,20.625,0.7679008421052632,0.008520116775759399,0.974961052631579,0.0024753872439250524,1.0495778947368422,0.011426422894598566,3
32,20.875,0.7759502807017545,0.007445098619493587,0.9577408771929825,0.002972492570532478,1.046870350877193,0.011182633716159757,3
32,21.125,0.7677181228070175,0.01110622772000757,0.942226403508772,0.003050512137295092,1.0442208771929826,0.010934304573102953,3
32,21.375,0.7731540175438597,0.008702299112725204,0.9291080175438599,0.0033040038036453077,1.0419147368421051,0.010696989842462791,3
32,21.625,0.7715009122807017,0.010412493791904663,0.9183384210526316,0.0034190901264380476,1.0400459649122806,0.010483136053703851,3
32,21.875,0.7670797543859648,0.005504212025098269,0.9092552807017543,0.003771440998680136,1.038367894736842,0.010320259405717135,3
32,22.125,0.7702438245614035,0.003768193395145709,0.9020703508771931,0.003892849908087158,1.0371189473684208,0.010164891027598565,3
32,22.375,0.7756985789473684,0.0058841777912343384,0.8969909649122806,0.0033757944852869474,1.0361198245614036,0.010071786731535122,3
32,22.625,0.7831752280701755,0.013579343928816623,0.894041596491228,0.003311966720455221,1.035235438596491,0.009997704531862935,3
32,22.875,0.8063720701754385,0.011209067220781025,0.892277052631579,0.003276545137044042,1.034522105263158,0.009922042093150098,3
32,23.125,0.8327729824561403,0.006782441317951442,0.8931983333333333,0.0032337285925127194,1.0339828070175439,0.009959068495911145,3
32,23.375,0.8490175789473685,0.0126334897726496,0.8951246666666667,0.0029282515257138386,1.0335224561403507,0.009941045138963475,3
32,23.625,0.8587929473684209,0.011719869631490425,0.8982311403508771,0.0030124749482171123,1.033109649122807,0.010013352307708449,3
32,23.875,0.8776701578947369,0.02134248404275895,0.9036430526315788,0.002991435625046867,1.0328331578947367,0.010084210865106377,3
32,24.125,0.8944519122807019,0.017732499762811334,0.9110605087719298,0.0030001041134083144,1.032920701754386,0.010244061174679218,3
32,24.375,0.9114076315789473,0.022779103776743484,0.9246332807017543,0.0029835664555538646,1.0334970175438594,0.01031295048952138,3
32,24.625,0.9281601403508771,0.013568258900010559,0.9520604385964914,0.0026152360791066812,1.0352596491228068,0.010417477876446497,3
32,24.875,0.940448350877193,0.003591227006401924,0.9984937368421053,0.0020694975240009707,1.038532807017544,0.010503361290534826,3
32,0.125,0.0,0.0,0.0,0.0,0.0,0.0,3
32,0.375,0.0,0.0,0.0,0.0,0.0,0.0,3
32,0.625,0.0,0.0,0.0,0.0,0.0,0.0,3
32,0.875,0.0,0.0,0.0,0.0,0.0918043350877193,0.00033209637395540667,3
32,1.125,0.0,0.0,0.0,0.0,2.506792807017544,0.009712867595212568,3
32,1.375,0.0,0.0,0.0,0.0,4.062821403508772,0.012895328316784175,3
32,1.625,0.0,0.0,0.0,0.0,5.83680947368421,0.012564357192184962,3
32,1.875,0.0,0.0,0.0,0.0,3.420947543859649,0.01585379342293821,3
32,2.125,0.0,0.0,0.0,0.0,1.8179924561403507,0.01933526426502113,3
32,2.375,0.0,0.0,0.0,0.0,1.791201403508772,0.017193007266362408,3
32,2.625,0.0,0.0,0.0,0.0,1.4789587719298247,0.01632058286313061,3
32,2.875,0.0,0.0,0.0,0.0,1.170821052631579,0.01614053312063406,3
32,3.125,0.0,0.0,0.0,0.0,1.1729235087719296,0.01495293200963717,3
32,3.375,0.0,0.0,0.0,0.0,1.1731012280701754,0.013810452003793695,3
32,3.625,0.0,0.0,0.0,0.0,1.1679447368421052,0.012380438081562826,3
32,3.875,0.0,0.0,0.0,0.0,1.159199649122807,0.011116132049922163,3
32,4.125,0.0,0.0,0.0,0.0,1.1484526315789474,0.010094720935537975,3
32,4.375,0.0,0.0,0.0,0.0,1.135104736842105,0.009686278840913666,3
32,4.625,0.0,0.0,0.03427088245614036,0.0004691161184619402,1.1223885964912281,0.009769326299681235,3
32,4.875,0.0,0.0,3.5007578947368425,0.007700998855960507,1.3317738596491229,0.009200316720765041,3
32,5.125,0.0,0.0,13.03317894736842,0.014059435241084555,1.9342701754385965,0.009376199179281427,3
32,5.375,0.0,0.0,9.773818245614036,0.007279826301201243,1.7073094736842105,0.011053511452028833,3
32,5.625,0.0,0.0,3.975055263157895,0.017141487252459113,1.3170212280701754,0.011890696102464703,3
32,5.875,0.0,0.0,1.6767391228070174,0.02030243522699917,1.1554708771929825,0.012366939159701091,3
32,6.125,0.0,0.0,0.879484596491228,0.015895705980988686,1.0934587719298248,0.0119774013457779,3
32,6.375,0.0,0.0,0.5320498245614035,0.009834988995035588,1.0635282456140351,0.011367838072554745,3
32,6.625,0.0,0.0,0.36649124561403507,0.005317626952935649,1.0475917719298247,0.011057885524043519,3
32,6.875,0.0,0.0,0.27422568421052634,0.0026633838046475535,1.0388026666666665,0.011028093643996002,3
32,7.125,0.0,0.0,0.2268967894736842,0.0012820553810190998,1.0356742105263157,0.010877914287770357,3
32,7.375,0.0,0.0,0.2121821754385965,0.001310033705298538,1.0366888245614037,0.010809466963617839,3
32,7.625,0.0,0.0,0.22161835087719295,0.0013399629667387941,1.0408953684210525,0.011176280378002282,3
32,7.875,0.0,0.0,0.24657636842105266,0.00030943259961204903,1.0480008771929825,0.01135940376894153,3
32,8.125,0.0,0.0,0.2826356140350877,0.0009338722336180185,1.0570649122807014,0.011427688082425273,3
32,8.375,0.0,0.0,0.32550242105263155,0.001608003309281213,1.0678642105263159,0.011762312438709238,3
32,8.625,0.0,0.0,0.37243099999999996,0.0011105041063714349,1.0801028070175438,0.011568234951597166,3
32,8.875,0.0,0.0,0.42009050877192977,0.0018459677152611285,1.0931463157894734,0.011587856532648204,3
32,9.125,0.0,0.0,0.46779024561403504,0.002573341068982072,1.1066515789473685,0.011728679602059014,3
32,9.375,0.0,0.0,0.5158820877192981,0.0023255993420589084,1.1207652631578944,0.011579944765654996,3
32,9.625,0.0,0.0,0.5621882631578948,0.001095897859378413,1.1355698245614034,0.01169526251707008,3
32,9.875,0.0,0.0,0.6076269649122806,0.001115187944719089,1.1465317543859648,0.0117163305965209,3
32,10.125,6.239375438596491e-05,8.201615424493495e-05,0.6515504736842105,0.0008670432270223744,1.129999649122807,0.01176974781722763,3
32,10.375,0.017991072105263156,0.0009097041590287484,0.6928290701754385,0.002233810492293823,1.0630517543859652,0.011424768288246956,3
32,10.625,0.578982403508772,0.014724847906121693,0.7317363684210525,0.0031043970302643644,0.9790701403508771,0.010921417471169285,3
32,10.875,1.662619298245614,0.035570028292252025,0.7690396842105264,0.0035796259823606775,0.9215192456140352,0.010346343174773452,3
32,11.125,1.236075350877193,0.030145270747929633,0.8053198245614035,0.004557229656985292,0.8937940175438598,0.009738451744176476,3
32,11.375,0.5698984912280701,0.019275589679651973,0.8393292105263158,0.005431167475914406,0.8860219122807017,0.009272585836176439,3
32,11.625,0.28301998245614035,0.009065862609878217,0.8721362807017544,0.005743963832608131,0.8898051228070175,0.009180539707401587,3
32,11.875,0.20387019298245612,0.010830073984185158,0.9013104561403508,0.004513012527418661,0.900035052631579,0.008956646227237542,3
32,12.125,0.2139748070175439,0.016895587819489483,0.9286639649122806,0.004207304706410361,0.9140970350877192,0.009016392590547269,3
32,12.375,0.2763517894736842,0.015467802361032488,0.9546120701754387,0.003497438934864901,0.93019049122807,0.00898168838197077,3
32,12.625,0.41384826315789475,0.018446010022414014,0.9779978070175438,0.003040194772619615,0.9474783684210527,0.009384114012058844,3
32,12.875,0.6213373157894737,0.017003120628412315,0.9996448421052632,0.0037856647629098705,0.965179543859649,0.009791887932574008,3
32,13.125,0.8977366491228072,0.017928845808696355,1.01939649122807,0.0036099094786197026,0.9825786315789474,0.009999757890975033,3
32,13.375,1.175078754385965,0.036847673528842315,1.038025438596491,0.003265091117588477,0.9992458771929824,0.010365138819193449,3
32,13.625,1.4616849122807019,0.026636283203311798,1.055983859649123,0.0027005396790875315,1.0150759824561406,0.010480982855638641,3
32,13.875,1.68541649122807,0.008471866747811366,1.0719605263157896,0.0026892524714188875,1.0293753157894736,0.010510641952908266,3
32,14.125,1.8679110526315787,0.014374318557054537,1.0875961403508771,0.0025818834819872857,1.0425281403508773,0.010631531075568149,3
32,14.375,1.9694098245614036,0.01191789270953075,1.1011357894736842,0.002407700366040477,1.0540978947368422,0.010714584420230424,3
32,14.625,2.0266087719298245,0.016945826192949695,1.1140612280701754,0.0022690345705662887,1.064298947368421,0.010791080505084899,3
32,14.875,2.040367894736842,0.012297034174635284,1.1248119298245614,0.0027608729511043374,1.0729529824561406,0.010779342118022926,3
32,15.125,1.9840605263157898,0.008620653579865285,1.1342957894736843,0.002462661031008459,1.0803371929824561,0.010777413425095375,3
32,15.375,1.9243940350877191,0.004259099916905497,1.1430866666666668,0.0018577397844697734,1.0862845614035088,0.010916231126199829,3
32,15.625,1.8398198245614035,0.012750468311667072,1.1500963157894737,0.0018755986671222173,1.0910357894736842,0.010830700550883062,3
32,15.875,1.75302649122807,0.025085945734144247,1.1510324561403509,0.0016410968751185417,1.0941243859649126,0.010810693470865808,3
32,16.125,1.668058596491228,0.03155290963497254,1.141132807017544,0.001758177639455128,1.0957177192982457,0.010852047343619926,3
32,16.375,1.5793277192982458,0.0225931361966632,1.1281378947368423,0.0012727857495171012,1.0962150877192982,0.010707029769648956,3
32,16.625,1.4853540350877192,0.015881520044271135,1.1193287719298246,0.0011505869338724571,1.0959154385964913,0.010706717942978458,3
32,16.875,1.389891578947368,0.011758575794250752,1.116355789473684,0.001090980989684207,1.0954924561403507,0.01067551538267592,3
32,17.125,1.2854307017543862,0.010473383459786231,1.1164798245614034,0.0012251963366757988,1.0944650877192983,0.01066241673471852,3
32,17.375,1.2045238596491228,0.005769427901202346,1.1189380701754386,0.001630815573163271,1.0929147368421053,0.010667202745070263,3
32,17.625,1.1303138245614035,0.014360717468408363,1.1213961403508772,0.0019110762503351639,1.0907717543859647,0.010722554393896473,3
32,17.875,1.0577208245614036,0.0070689254952309155,1.1233998245614036,0.0023445311439625103,1.0882636842105262,0.010612448925993976,3
32,18.125,0.9870320526315792,0.01023842407106255,1.1231598245614036,0.0025094208582884876,1.0851394736842106,0.010675686522802458,3
32,18.375,0.9444960175438596,0.014883128050747572,1.1201061403508772,0.0024380503364176197,1.0816331578947367,0.010645186298059996,3
32,18.625,0.9055414561403509,0.0178137141140237,1.1139324561403507,0.002221424278099635,1.0776147368421054,0.0105150498659878,3
32,18.875,0.8925668070175439,0.020270944808198958,1.1029326315789474,0.0021865481889169337,1.0732312280701752,0.010430642993872566,3
32,19.125,0.8669006315789473,0.009711502406321909,1.0887543859649123,0.0024948754618876324,1.0686828070175436,0.010475124941315155,3
32,19.375,0.844242596491228,0.006450674059467248,1.0714349122807016,0.002617536898537429,1.0642615789473684,0.010410524648324449,3
32,19.625,0.8149839298245615,0.008358059764857716,1.052741052631579,0.00270257467611221,1.060537894736842,0.010294370683761976,3
32,19.875,0.790358596491228,0.003621385113594862,1.032735596491228,0.0018572435468968125,1.05743,0.010262995149406923,3
32,20.125,0.77266149122807,0.013701694384058912,1.0121499649122807,0.0019145426617262844,1.0546257894736841,0.010318876453616802,3
32,20.375,0.7696625438596492,0.003851491578372005,0.9928750701754385,0.0023508991216573617,1.0519201754385967,0.01033411487527913,3
32,20.625,0.7693271578947369,0.003843753325216963,0.974594807017544,0.002233002714602746,1.0492259649122806,0.010336369529817455,3
32,20.875,0.7590617894736842,0.010691940691851903,0.9578963157894737,0.002408936364099104,1.0465812280701752,0.010390843528788564,3
32,21.125,0.7535544912280701,0.019425941340739158,0.9433363684210527,0.0018049354840463639,1.0441191228070175,0.010492758100013572,3
32,21.375,0.7579477719298247,0.009472055938661926,0.9303402631578948,0.0013835783113634213,1.041891052631579,0.01043585860305741,3
32,21.625,0.7603543333333335,0.007534789287393423,0.9194751052631579,0.0013374741729973514,1.0399973684210526,0.010400210763898968,3
32,21.875,0.7682600175438598,0.007729941258167847,0.910261666666667,0.0011066642292133378,1.0384187719298246,0.010455272588506122,3
32,22.125,0.7768308421052632,0.009529908313683801,0.9030866666666667,0.001197711139950456,1.0370873684210526,0.01043509411094791,3
32,22.375,0.7802464385964912,0.004351249570864353,0.8980696842105264,0.0012520239061198635,1.035996842105263,0.010285356433851684,3
32,22.625,0.7926221929824561,0.003471682345638608,0.8945989473684212,0.0013057379788598519,1.03508350877193,0.010346431195024541,3
32,22.875,0.7984285263157894,0.006603253204080112,0.8926354210526316,0.0016885809698078999,1.0341959649122805,0.01029027070393951,3
32,23.125,0.8199410701754388,0.0032956537360847335,0.8926765964912281,0.002151990180399072,1.0335796491228073,0.010226164632460314,3
32,23.375,0.8348654385964913,0.0002967652330889654,0.8943112105263159,0.0024944204844198153,1.0330994736842107,0.01032033966064034,3
32,23.625,0.8581173684210527,0.0058683297865612044,0.8975845087719297,0.002344268074642057,1.0327524561403507,0.010215514646314768,3
32,23.875,0.8744719122807018,0.004286220251566235,0.9024863859649123,0.002322239346677356,1.0326936842105263,0.01016754998811664,3
32,24.125,0.8859494035087719,0.0027558370445190583,0.9101049649122808,0.002625411960404388,1.0329752631578948,0.010314413236160475,3
32,24.375,0.9096282456140351,0.00230791794276393,0.9233951228070175,0.002658364873596091,1.033778245614035,0.010265727670481783,3
32,24.625,0.9202884210526315,0.005430905142994775,0.9510362631578949,0.002221581225866117,1.035795789473684,0.010394745272037396,3
32,24.875,0.9380518245614035,0.0070272094066517925,0.9982445614035088,0.0022689081421660767,1.0391975438596492,0.010469404523968277,3
32,0.125,0.0,0.0,0.0,0.0,0.0,0.0,3
32,0.375,0.0,0.0,0.0,0.0,0.0,0.0,3
32,0.625,0.0,0.0,0.0,0.0,0.0,0.0,3
32,0.875,0.0,0.0,0.0,0.0,0.0923106754385965,0.0002984959641838531,3
32,1.125,0.0,0.0,0.0,0.0,2.5133064912280703,0.014206946822301102,3
32,1.375,0.0,0.0,0.0,0.0,4.068681929824561,0.021071604719478956,3
32,1.625,0.0,0.0,0.0,0.0,5.836435263157895,0.020890198450958117,3
32,1.875,0.0,0.0,0.0,0.0,3.4192443859649124,0.02394133198001994,3
32,2.125,0.0,0.0,0.0,0.0,1.820294912280702,0.024315476455543047,3
32,2.375,0.0,0.0,0.0,0.0,1.7908685964912283,0.0239675805596316,3
32,2.625,0.0,0.0,0.0,0.0,1.4792189473684207,0.02247769514312739,3
32,2.875,0.0,0.0,0.0,0.0,1.1715210526315791,0.02057817967787799,3
32,3.125,0.0,0.0,0.0,0.0,1.1725101754385965,0.018679804656382647,3
32,3.375,0.0,0.0,0.0,0.0,1.171329649122807,0.017481939422474647,3
32,3.625,0.0,0.0,0.0,0.0,1.166028947368421,0.015805715897494858,3
32,3.875,0.0,0.0,0.0,0.0,1.1566850877192982,0.015243597977050473,3
32,4.125,0.0,0.0,0.0,0.0,1.144864561403509,0.013820493396933958,3
32,4.375,0.0,0.0,0.0,0.0,1.1319192982456139,0.013462303693827496,3
32,4.625,0.0,0.0,0.034625194736842106,0.00040646392679520897,1.1196226315789473,0.012657904635806183,3
32,4.875,0.0,0.0,3.5052685964912285,0.007691581016200485,1.3294984210526317,0.012223942591645318,3
32,5.125,0.0,0.0,13.01041403508772,0.023133200682961836,1.9313847368421053,0.011862652093079566,3
32,5.375,0.0,0.0,9.77330140350877,0.01007115466539137,1.706067368421052,0.011982079470589144,3
32,5.625,0.0,0.0,3.984672105263158,0.028105585946632025,1.3168491228070176,0.012512667312561811,3
32,5.875,0.0,0.0,1.684518596491228,0.02613364176354246,1.1554943859649123,0.012380865873034821,3
32,6.125,0.0,0.0,0.8841533157894736,0.019735890816840695,1.0934721052631577,0.012163837971680408,3
32,6.375,0.0,0.0,0.5344914035087719,0.013218838345578129,1.0634249122807018,0.011865990728982524,3
32,6.625,0.0,0.0,0.36758459649122804,0.00927026359305069,1.0474800701754385,0.01226222728682917,3
32,6.875,0.0,0.0,0.2752653684210526,0.006463079500638915,1.03918298245614,0.01235500635783673,3
32,7.125,0.0,0.0,0.22783898245614032,0.0047412072188060955,1.0361693333333335,0.012648015903170728,3
32,7.375,0.0,0.0,0.21366642105263156,0.00398555002998974,1.0373095438596491,0.012561336898676513,3
32,7.625,0.0,0.0,0.22352375438596492,0.0030217376735182317,1.0419515263157895,0.012718367768482217,3
32,7.875,0.0,0.0,0.24865982456140348,0.0035619356063485,1.0487601754385965,0.01273338576659578,3
32,8.125,0.0,0.0,0.28376649122807013,0.003574598985143088,1.0579464912280703,0.012870505986399858,3
32,8.375,0.0,0.0,0.3257808421052632,0.002875396514147788,1.0684559649122807,0.012980266187981818,3
32,8.625,0.0,0.0,0.3716355263157895,0.0025782295889778535,1.0802817543859649,0.012609686879577375,3
32,8.875,0.0,0.0,0.4193266315789474,0.002358270026524831,1.0932321052631577,0.012298964718571309,3
32,9.125,0.0,0.0,0.46820922807017545,0.002249681941748069,1.10699649122807,0.011949837462884229,3
32,9.375,0.0,0.0,0.5164247368421053,0.0034153403648744516,1.1208715789473684,0.011713274836137348,3
32,9.625,0.0,0.0,0.5646841052631579,0.004701006643146823,1.1355308771929826,0.011336234702760394,3
32,9.875,0.0,0.0,0.6097995438596491,0.005791755201539374,1.146054035087719,0.01130725986429337,3
32,10.125,8.91338596491228e-06,1.2605431318244943e-05,0.651927105263158,0.006407707703023506,1.1291810526315789,0.010849856171736526,3
32,10.375,0.01713084789473684,0.002541105373131086,0.692870192982456,0.005284294635231543,1.0621857894736841,0.010514432169222666,3
32,10.625,0.5686918947368421,0.03086803348617775,0.7312729473684211,0.005560760954689352,0.9784232456140352,0.009955033899937685,3
32,10.875,1.6807917543859652,0.03982405797734221,0.7690511578947369,0.004259090758441511,0.9211041754385962,0.009745952474013527,3
32,11.125,1.2557568596491226,0.04071727631268808,0.8047514385964912,0.0043431290051707825,0.8931972280701753,0.009452996985702226,3
32,11.375,0.5597997192982457,0.0031263516854615476,0.8387599122807018,0.0033199732494926686,0.8853763333333333,0.009142130968697417,3
32,11.625,0.2840814736842105,0.002716537500342366,0.870098649122807,0.002778068652385188,0.8893812631578947,0.008987887125185282,3
32,11.875,0.2090756315789474,0.012456012587533549,0.8988800526315789,0.0023710247769846526,0.8999286842105264,0.008848842459629813,3
32,12.125,0.21926643859649123,0.010610870275103493,0.9262447368421052,0.002562186804408121,0.9140322456140352,0.008650347796671886,3
32,12.375,0.2758704561403509,0.006927258046654332,0.9531427192982457,0.0031119237901324824,0.9305423508771931,0.008551936370161129,3
32,12.625,0.4247217719298246,0.004247537374698623,0.9772132280701754,0.0029832711001107574,0.9481881052631579,0.008611925139669097,3
32,12.875,0.6311457543859649,0.01559125274195129,0.9992427543859649,0.00309072111291948,0.9658823157894737,0.008593433780207424,3
32,13.125,0.9005177894736841,0.010555166523808935,1.0187821228070175,0.0024479566757028568,0.9833829298245614,0.008667040620847454,3
32,13.375,1.1626323508771927,0.014443460075661269,1.037638947368421,0.0021720067866081256,1.0001547719298245,0.008612340764122567,3
32,13.625,1.4414652631578948,0.011703296889313344,1.054302456140351,0.002151317933722049,1.015821754385965,0.008606986074566447,3
32,13.875,1.698216140350877,0.013794226021408382,1.0703275438596493,0.0022316750365497,1.030245350877193,0.008876702787069042,3
32,14.125,1.8651456140350877,0.005108904296289851,1.0850584210526317,0.0025690770301225025,1.0433091228070175,0.008886962784932938,3
32,14.375,1.9949445614035088,0.007819428668184476,1.0994352631578945,0.002842818266639401,1.054899298245614,0.008983582073758984,3
32,14.625,2.038279824561403,0.00967764996440193,1.1119887719298245,0.0032597292778088183,1.0651336842105263,0.009107393149101573,3
32,14.875,2.0143856140350875,0.011791010992606333,1.1236270175438596,0.002657971314975961,1.0737163157894736,0.009190648143433473,3
32,15.125,1.9730115789473686,0.03143651211272479,1.134941403508772,0.001980683091609554,1.0810005263157894,0.009151913321897706,3
32,15.375,1.9116433333333331,0.016960098957953657,1.144474210526316,0.0018231796218469872,1.086982105263158,0.009224497353851412,3
32,15.625,1.8467754385964914,0.005952349976017617,1.1520792982456138,0.0010767939428900713,1.0917012280701757,0.009336657589637596,3
32,15.875,1.7697426315789475,0.009280577192146644,1.1532850877192982,0.0009713504828546259,1.0946987719298245,0.00947571228129683,3
32,16.125,1.67970350877193,0.00748600235580778,1.1440442105263158,0.0010158947313885776,1.0961568421052632,0.009478109697344904,3
32,16.375,1.5615692982456137,0.0013852901088757244,1.1300008771929824,0.0006476278660447813,1.096470701754386,0.009607732548072867,3
32,16.625,1.4508328070175442,0.00844227131933337,1.121003157894737,0.0009159317292215092,1.0960536842105262,0.009694647817561752,3
32,16.875,1.3600392982456142,0.013189265181794682,1.1177549122807016,0.00021906640376410838,1.0952880701754386,0.009862007584565489,3
32,17.125,1.272586842105263,0.01537675369514955,1.118227192982456,0.0002941150500491638,1.0940514035087718,0.009978813617185375,3
32,17.375,1.2097200000000001,0.01590342880733891,1.121213157894737,0.0008548409754213462,1.0923278947368418,0.010106400219288126,3
32,17.625,1.1354365789473684,0.009263642767912047,1.124146315789474,0.0009812303129511741,1.0902268421052632,0.010358571258751075,3
32,17.875,1.0496077368421053,0.004584531154013948,1.1263040350877194,0.0008074841900270355,1.087498947368421,0.010383219468806264,3
32,18.125,0.997134350877193,0.007771298828727472,1.126181754385965,0.0012977333982428427,1.0842805263157895,0.010451218761076351,3
32,18.375,0.9528002280701754,0.007841167235708126,1.123046315789474,0.0007253819320663979,1.0807129824561403,0.010379312440941858,3
32,18.625,0.9116932807017544,0.008011367690019979,1.1156177192982457,0.0007182697396508194,1.0766421052631578,0.010628264734424173,3
32,18.875,0.8795875438596492,0.007899106918011998,1.104954561403509,0.0010112318747874968,1.0720933333333333,0.010756576809556783,3
32,19.125,0.8604824561403509,0.008250610358947167,1.090177894736842,0.0006852102008805994,1.0675328070175438,0.010835805505267462,3
32,19.375,0.8505563333333334,0.013140588815286536,1.0721245614035089,0.00011968281667899218,1.0630691228070177,0.010919993982367742,3
32,19.625,0.8260894210526316,0.011765800084830467,1.0521338596491228,0.0007533696949035977,1.05928298245614,0.010936901375431183,3
32,19.875,0.7993534736842105,0.013908711410038046,1.0312984210526315,0.0008182858239948405,1.056052807017544,0.011059233319394542,3
32,20.125,0.7931003859649123,0.003946954037041,1.0102774912280703,0.0013230132960761678,1.0533177192982455,0.010969102988644803,3
32,20.375,0.7828373508771929,0.0020225308379499983,0.9903563333333333,0.0021584301750486308,1.0506952631578947,0.011066326411238303,3
32,20.625,0.7744898245614035,0.009197635446399486,0.9719643684210526,0.00300712671596527,1.0480910526315788,0.011019686245497887,3
32,20.875,0.7692133157894737,0.013231211246897264,0.9551554210526315,0.0035655991872577805,1.0453908771929823,0.010976085187576536,3
32,21.125,0.7699158947368421,0.004426347059363431,0.9405226491228071,0.0037850372145193534,1.0429436842105264,0.010962923640016933,3
32,21.375,0.7662031754385964,0.004548994889914127,0.9270250000000001,0.004670314667873382,1.0406326315789471,0.010953336741844415,3
32,21.625,0.7646342807017544,0.006822479326691067,0.9156550350877192,0.004982112460348542,1.0385724561403509,0.010865241753526407,3
32,21.875,0.7579186140350878,0.006348935869181228,0.9069998070175438,0.005081064484907107,1.0369098245614037,0.010689769363116726,3
32,22.125,0.7657430350877193,0.00347882337792509,0.9002824736842104,0.004826352442226083,1.0356347368421053,0.01063189776315454,3
32,22.375,0.7781821403508772,0.006729662120316096,0.8954400000000001,0.005162637822583175,1.0345592982456142,0.010608181848454905,3
32,22.625,0.7927092105263158,0.0043464578454646425,0.8921606666666667,0.00522629784317577,1.0336333333333334,0.010499241025494101,3
32,22.875,0.8073110350877194,0.003534603519144607,0.8911475614035087,0.005544684495765923,1.0328656140350876,0.010415133196821778,3
32,23.125,0.8199745789473685,0.0010204347316468928,0.8915294210526316,0.00525669332954186,1.0322419298245615,0.010412644156295647,3
32,23.375,0.8316181052631579,0.0031077643810028645,0.8936409824561403,0.004901927327884032,1.0316908771929825,0.010347842445401602,3
32,23.625,0.8540423859649126,0.002140889026824404,0.8969300350877193,0.00495570735155565,1.0313292982456141,0.010328123313498253,3
32,23.875,0.8685055964912282,0.005266096499169544,0.9015827719298245,0.004274657184708991,1.031019298245614,0.01030150310714626,3
32,24.125,0.8837094035087719,0.004761015068319302,0.9091103684210525,0.004011103629074631,1.0311587719298245,0.010265419420947492,3
32,24.375,0.9065465438596491,0.009252368876810168,0.9220910526315791,0.0038571338614462125,1.0319422807017542,0.010286564620703294,3
32,24.625,0.916556298245614,0.008478262052556888,0.949773052631579,0.0034197176256184577,1.0337915789473684,0.010299783742989703,3
32,24.875,0.9316651228070175,0.004563899841406249,0.9967765087719299,0.0034264573033360416,1.0374124561403508,0.010406642680546899,3
32,0.125,0.0,0.0,0.0,0.0,0.0,0.0,3
32,0.375,0.0,0.0,0.0,0.0,0.0,0.0,3
32,0.625,0.0,0.0,0.0,0.0,0.0,0.0,3
32,0.875,0.0,0.0,0.0,0.0,0.09146148070175437,0.0009005436803449844,3
32,1.125,0.0,0.0,0.0,0.0,2.5039940350877194,0.013700976519465896,3
32,1.375,0.0,0.0,0.0,0.0,4.057014035087718,0.01762992851313558,3
32,1.625,0.0,0.0,0.0,0.0,5.826111228070175,0.016849889129639153,3
32,1.875,0.0,0.0,0.0,0.0,3.40523,0.018813103599247493,3
32,2.125,0.0,0.0,0.0,0.0,1.8051126315789474,0.02305910981232843,3
32,2.375,0.0,0.0,0.0,0.0,1.7782112280701756,0.021669914041749096,3
32,2.625,0.0,0.0,0.0,0.0,1.4684545614035087,0.019780902083242947,3
32,2.875,0.0,0.0,0.0,0.0,1.1618916842105262,0.01961027265668262,3
32,3.125,0.0,0.0,0.0,0.0,1.1642159122807019,0.0178342790984877,3
32,3.375,0.0,0.0,0.0,0.0,1.1654396491228072,0.015315406821851034,3
32,3.625,0.0,0.0,0.0,0.0,1.1611573684210528,0.013393015778860979,3
32,3.875,0.0,0.0,0.0,0.0,1.152242807017544,0.012803024330596702,3
32,4.125,0.0,0.0,0.0,0.0,1.1417922807017542,0.011945552704853798,3
32,4.375,0.0,0.0,0.0,0.0,1.1295956140350878,0.011041952044605861,3
32,4.625,0.0,0.0,0.034495507017543864,0.00010716995152705481,1.1175121052631578,0.011207589962202025,3
32,4.875,0.0,0.0,3.5076149122807023,0.003337030719483163,1.328178245614035,0.01068351407576537,3
32,5.125,0.0,0.0,13.023149122807018,0.025876291152884274,1.9303056140350874,0.009162553506809975,3
32,5.375,0.0,0.0,9.763888421052632,0.007152618579180963,1.7039431578947373,0.010869055348722324,3
32,5.625,0.0,0.0,3.9712866666666664,0.02513285155346196,1.314951403508772,0.012085259233281227,3
32,5.875,0.0,0.0,1.6695180701754382,0.021165676496568697,1.1531601754385965,0.01147278506321813,3
32,6.125,0.0,0.0,0.8733512631578947,0.016455147060678264,1.091487894736842,0.011022109669646578,3
32,6.375,0.0,0.0,0.5283660526315789,0.010370151106620706,1.061159298245614,0.010581475218044341,3
32,6.625,0.0,0.0,0.36457573684210526,0.006301394069183614,1.0456419298245614,0.010676783455487403,3
32,6.875,0.0,0.0,0.273875596491228,0.004337947790906027,1.036748385964912,0.010618766049251755,3
32,7.125,0.0,0.0,0.22783926315789474,0.00320412867515394,1.0336184210526318,0.010395405847980668,3
32,7.375,0.0,0.0,0.215619350877193,0.0025990516937888304,1.0349509824561405,0.010557809609977972,3
32,7.625,0.0,0.0,0.22606101754385965,0.002851412642509645,1.0393655263157895,0.010549423953588136,3
32,7.875,0.0,0.0,0.2525644912280702,0.002964219432905432,1.0469457719298243,0.010580635321419238,3
32,8.125,0.0,0.0,0.2883912105263158,0.0031714653815967378,1.055967543859649,0.01091829268303155,3
32,8.375,0.0,0.0,0.3299041754385965,0.0030565983894476007,1.0668784210526314,0.010804385724195073,3
32,8.625,0.0,0.0,0.3741842631578947,0.002831545917435978,1.0788452631578949,0.010889839199177105,3
32,8.875,0.0,0.0,0.4218440350877193,0.003154645292308336,1.0917584210526314,0.010703202366810468,3
32,9.125,0.0,0.0,0.46982514035087725,0.002633261388266511,1.1048684210526316,0.01053982034605219,3
32,9.375,0.0,0.0,0.5185335614035087,0.002268990787057392,1.1187749122807018,0.010444932734176977,3
32,9.625,0.0,0.0,0.5645124385964913,0.0016602503901389327,1.133082456140351,0.01057346593029033,3
32,9.875,0.0,0.0,0.609384298245614,0.0011921813897177792,1.1436285964912278,0.010482405417186197,3
32,10.125,8.91338596491228e-06,1.2605431318244943e-05,0.6514227719298245,0.0002600192276906194,1.1271301754385965,0.010657858109820978,3
32,10.375,0.016689417368421056,0.0006176642960169727,0.6928349298245614,0.0004472077984785176,1.0601389473684213,0.010351522679843725,3
32,10.625,0.5605221754385965,0.01745747808822867,0.7327892105263158,0.0008054310981854849,0.9764066842105263,0.009926934401385902,3
32,10.875,1.6216538596491228,0.04859532865225395,0.7699014912280702,0.0006180483390977185,0.9189896315789473,0.009200097970191778,3
32,11.125,1.2554357543859649,0.01735980806778099,0.8036594385964914,0.0011826250051217531,0.8912763684210526,0.008648169322341413,3
32,11.375,0.5644113333333333,0.009872765292436836,0.8361805438596491,0.0022195532618200712,0.8834380350877193,0.008018514663210765,3
32,11.625,0.29211214035087724,0.004637690953095463,0.866933403508772,0.0023791978044447196,0.887333947368421,0.007701051856900953,3
32,11.875,0.21803529824561405,0.01467251534398736,0.8967858596491228,0.001837311099496032,0.8978837368421054,0.007493757108617395,3
32,12.125,0.22576149122807018,0.01084119565715427,0.925340350877193,0.0020567591142791855,0.9123606140350877,0.007431495287578117,3
32,12.375,0.2970668771929824,0.011365972615019818,0.9515577894736843,0.0022432541278641508,0.928938350877193,0.0075484702558088,3
32,12.625,0.44176007017543856,0.015766599778661426,0.9748950350877191,0.0018995458369254644,0.9464461754385964,0.007500991039765295,3
32,12.875,0.6725757894736842,0.009303134637580446,0.9975689122807018,0.001881632540683707,0.9644928947368422,0.007744836387936149,3
32,13.125,0.9313583684210527,0.008881433958426768,1.0183540526315789,0.0019027172352173813,0.9822015438596492,0.007974371429170277,3
32,13.375,1.1983992631578948,0.01825279223512333,1.0372726315789473,0.0013907830752231051,0.9990101929824563,0.008039845917168189,3
32,13.625,1.4554705263157894,0.024290439843170784,1.0543978947368424,0.0021135386473955567,1.0147667719298246,0.00827709729725356,3
32,13.875,1.669678245614035,0.035190316656657186,1.070465964912281,0.0024804435211383154,1.0291614736842105,0.008606702753342356,3
32,14.125,1.8471559649122806,0.026822243426750193,1.0853433333333333,0.0015040285289659404,1.0422063157894739,0.008788264850164573,3
32,14.375,1.9746836842105264,0.03835670207526277,1.098888596491228,0.0014543958478491579,1.0536385964912283,0.009101193901908269,3
32,14.625,2.022105964912281,0.02361847573402582,1.1109263157894738,0.0011184242311616864,1.0636440350877192,0.009420206884838444,3
32,14.875,2.006221754385965,0.009274282338611245,1.1223308771929823,0.0007348562630206953,1.0722682456140349,0.009566983470774254,3
32,15.125,1.9579000000000002,0.04115329094142205,1.1330329824561403,0.001117346673506701,1.079559298245614,0.009894033050122932,3
32,15.375,1.9243363157894737,0.01899296869459321,1.1417124561403507,0.00147934041935303,1.0855259649122806,0.010104499846293032,3
32,15.625,1.8370208771929828,0.0182110461356359,1.1491047368421052,0.002348486752719874,1.0901650877192983,0.010196490681711188,3
32,15.875,1.741098771929824,0.013065027732310677,1.150963859649123,0.0020338849440240834,1.0932724561403508,0.010348296636396533,3
32,16.125,1.6372470175438598,0.01311602317618207,1.1418570175438596,0.0018436537518370865,1.0948977192982456,0.010516618992740652,3
32,16.375,1.5465121052631579,0.021663246334192917,1.1291601754385965,0.001158358785268057,1.095257894736842,0.01043894352954021,3
32,16.625,1.4532157894736846,0.013859035793668855,1.1205363157894739,0.0009077543242552155,1.0951110526315793,0.010445481317922334,3
32,16.875,1.3719054385964913,0.003207843640003898,1.117731052631579,0.0010353358905586865,1.094657192982456,0.010457086825760893,3
32,17.125,1.2754647368421055,0.005438158007224723,1.1182343859649124,0.00035443225336060275,1.0937356140350876,0.010609065395921912,3
32,17.375,1.2060689473684212,0.003975468264549257,1.1211435087719297,0.00022857716927677464,1.0923042105263159,0.010520495899894003,3
32,17.625,1.1236952807017542,0.013410426525581819,1.12397,0.0006695954595194618,1.0903508771929824,0.010493254152185987,3
32,17.875,1.065267105263158,0.005788657473724457,1.1255464912280702,0.0009923940045488818,1.0878770175438597,0.010491748517279399,3
32,18.125,1.0290974912280701,0.003214974554720987,1.1252133333333332,0.0007835245243189946,1.0847770175438598,0.010417097728477154,3
32,18.375,0.9629245789473684,0.0033690204655815012,1.1222901754385963,0.0008729602087197633,1.081232807017544,0.010393377733340904,3
32,18.625,0.9248224210526317,0.007817855167153547,1.1150370175438598,0.0005941483399985992,1.0772043859649123,0.010363506202956145,3
32,18.875,0.8837768947368422,0.0181290117950941,1.1042728070175438,0.0013104866007744055,1.0728880701754384,0.010456790124635818,3
32,19.125,0.8576117368421051,0.006481592617461108,1.089527894736842,0.0016377639982999622,1.0683470175438596,0.010351042041506138,3
32,19.375,0.841361298245614,0.00236662648204348,1.071204385964912,0.001840297324994677,1.063989298245614,0.01049611451948552,3
32,19.625,0.8177606666666667,0.01705177059350892,1.051076842105263,0.0027584387771954154,1.060167543859649,0.010566789071007419,3
32,19.875,0.8102954736842106,0.012068433529576282,1.030286315789474,0.0038706706193368445,1.057048245614035,0.010596483896825597,3
32,20.125,0.7862175438596491,0.017575036356420975,1.0094523333333334,0.004650375552966194,1.05428,0.010688390609136627,3
32,20.375,0.7674018947368421,0.015369996150779563,0.9896276842105264,0.004816366199192927,1.0515247368421055,0.010637535876747347,3
32,20.625,0.7574737017543859,0.005277213328803258,0.971442701754386,0.00478936018032714,1.0489228070175438,0.010484114830231,3
32,20.875,0.7643140701754385,0.007757048232796708,0.9544076315789475,0.0047196193314107005,1.0461626315789472,0.01042217490855714,3
32,21.125,0.7676443508771928,0.00699815222272791,0.9403767543859649,0.0044752540932485535,1.0435219298245615,0.010240436290817017,3
32,21.375,0.7675712807017544,0.0016924552225123083,0.9283924210526316,0.004226875981094682,1.041289649122807,0.010167328828170752,3
32,21.625,0.7693572807017545,0.0022624894163022742,0.9178350000000001,0.003945965730661179,1.0392350877192984,0.010217996492649189,3
32,21.875,0.7678462105263159,0.006169012972468092,0.9093845263157897,0.0035874099495167458,1.0374436842105264,0.01016759957271628,3
32,22.125,0.781252,0.0014839563126825552,0.9032291228070175,0.0037481819588864474,1.0361119298245614,0.01012195717494409,3
32,22.375,0.7920431052631579,0.0021852228679143403,0.898650649122807,0.0037089549653583935,1.0349747368421052,0.010169638979402183,3
32,22.625,0.7978461578947368,0.00636528889236676,0.8961590701754386,0.004042384081285905,1.0339822807017545,0.010126045281550635,3
32,22.875,0.8105377017543859,0.010366402395470143,0.8949938596491228,0.0038691563090101416,1.0331208771929825,0.010100059372244828,3
32,23.125,0.8218611403508772,0.01134242535326672,0.8951572982456141,0.00352401464308499,1.0323092982456137,0.0101329468872222,3
32,23.375,0.8338492807017545,0.01675013701333599,0.8970143508771927,0.003243839526566499,1.031798245614035,0.010138742606027313,3
32,23.625,0.8531948070175438,0.006680247956585529,0.9003685438596493,0.0030413099222358856,1.0312471929824563,0.010214542222851043,3
32,23.875,0.8728735789473684,0.009341079643330655,0.9043259649122805,0.002510085952527064,1.031055789473684,0.010204734014493464,3
32,24.125,0.8816825087719299,0.003660287840260739,0.9110808771929824,0.002668392623238047,1.0310670175438597,0.010237894866115102,3
32,24.375,0.8921030175438598,0.003807515194007923,0.9233112982456139,0.0030319080292677196,1.0316400000000001,0.010224862670006765,3
32,24.625,0.9102485789473684,0.004692592282386913,0.9508050877192981,0.0032258195589683503,1.033415263157895,0.010254477039500753,3
32,24.875,0.9248014210526317,0.010681564849080623,0.9971242807017545,0.0030798521511603712,1.036741403508772,0.010130605761720984,3
32,0.125,0.0,0.0,0.0,0.0,0.0,0.0,3
32,0.375,0.0,0.0,0.0,0.0,0.0,0.0,3
32,0.625,0.0,0.0,0.0,0.0,0.0,0.0,3
32,0.875,0.0,0.0,0.0,0.0,0.09141961754385963,0.0003606722487164034,3
32,1.125,0.0,0.0,0.0,0.0,2.5061071929824563,0.012420986517318114,3
32,1.375,0.0,0.0,0.0,0.0,4.059911228070176,0.012351146019802023,3
32,1.625,0.0,0.0,0.0,0.0,5.832794210526316,0.011495703553269506,3
32,1.875,0.0,0.0,0.0,0.0,3.4142410526315796,0.01262742071907922,3
32,2.125,0.0,0.0,0.0,0.0,1.8119970175438596,0.014938688716221853,3
32,2.375,0.0,0.0,0.0,0.0,1.7843064912280704,0.014165262521255592,3
32,2.625,0.0,0.0,0.0,0.0,1.4741164912280702,0.013697703781615812,3
32,2.875,0.0,0.0,0.0,0.0,1.1657651754385963,0.013926814819686932,3
32,3.125,0.0,0.0,0.0,0.0,1.1675677192982457,0.013748480687207717,3
32,3.375,0.0,0.0,0.0,0.0,1.1671849122807016,0.012975813328965932,3
32,3.625,0.0,0.0,0.0,0.0,1.162412105263158,0.011948008569294304,3
32,3.875,0.0,0.0,0.0,0.0,1.1526315789473687,0.010801129698790123,3
32,4.125,0.0,0.0,0.0,0.0,1.1416043859649123,0.009866168372908228,3
32,4.375,0.0,0.0,0.0,0.0,1.1286008771929825,0.008843813184396598,3
32,4.625,0.0,0.0,0.034228061403508765,0.00015142725312377505,1.1161570175438598,0.008311587838533842,3
32,4.875,0.0,0.0,3.503898421052632,0.008004994528175855,1.3257507017543861,0.00811922170504809,3
32,5.125,0.0,0.0,13.031112280701755,0.014953370016614561,1.9284561403508773,0.007480998364811954,3
32,5.375,0.0,0.0,9.771211403508772,0.00638936640179025,1.7021384210526318,0.00806269959991143,3
32,5.625,0.0,0.0,3.9747217543859645,0.016080048317511607,1.312221052631579,0.00893131266337952,3
32,5.875,0.0,0.0,1.6728356140350877,0.019579706801595508,1.1505078947368421,0.009056275521194536,3
32,6.125,0.0,0.0,0.8766470877192982,0.015935044542783224,1.088378947368421,0.009061616991082507,3
32,6.375,0.0,0.0,0.5299764736842105,0.01143372654885938,1.058381403508772,0.00929645671967462,3
32,6.625,0.0,0.0,0.3653837894736842,0.007191427875097761,1.0425995438596491,0.009178180543509757,3
32,6.875,0.0,0.0,0.2735797543859649,0.005571461931667254,1.0343874912280702,0.00951937667853319,3
32,7.125,0.0,0.0,0.22695443859649123,0.002940919738025741,1.0314497543859649,0.009620653412706,3
32,7.375,0.0,0.0,0.21406001754385964,0.00228098146017638,1.03288549122807,0.009777581969558635,3
32,7.625,0.0,0.0,0.2239558771929825,0.0016444820104807491,1.037732298245614,0.009973037332198583,3
32,7.875,0.0,0.0,0.24940678947368425,0.0008916868790695006,1.044751210526316,0.010171947577521713,3
32,8.125,0.0,0.0,0.28566543859649124,0.0006666254834924984,1.0539001754385964,0.010324034946109154,3
32,8.375,0.0,0.0,0.3278452631578947,0.0002025006138631501,1.0645466666666665,0.010422703363263558,3
32,8.625,0.0,0.0,0.3735728596491228,0.00030041450690974285,1.0763601754385965,0.010791009735189502,3
32,8.875,0.0,0.0,0.4206865263157895,0.0008443278115579251,1.0892371929824562,0.011104830725207798,3
32,9.125,0.0,0.0,0.46763715789473687,0.0005309763963850053,1.102958245614035,0.01107533582284495,3
32,9.375,0.0,0.0,0.515367649122807,0.0008350856048181546,1.1171573684210525,0.011368965321604278,3
32,9.625,0.0,0.0,0.5617811052631579,0.0007569627932468833,1.131689298245614,0.01120028543309058,3
32,9.875,0.0,0.0,0.6060721403508772,0.000544285956856865,1.1426050877192981,0.011179203298796148,3
32,10.125,0.0,0.0,0.6492422631578948,0.00185706430275348,1.1259873684210528,0.010799115135940623,3
32,10.375,0.017173296140350874,0.0016682772833076743,0.6914733684210527,0.000994434084623633,1.0588347368421054,0.01052035042371963,3
32,10.625,0.5822283157894738,0.020758530611991205,0.7306729999999999,0.0011196696023681423,0.9753212280701754,0.010292410250616888,3
32,10.875,1.6421422807017543,0.026178019246286988,0.7676482456140349,0.0010554926436680046,0.9179133684210526,0.009563365617862115,3
32,11.125,1.2407703157894736,0.027402704147755596,0.8030337368421052,0.0020284942388858196,0.8903703157894737,0.008904453965039874,3
32,11.375,0.5633520701754385,0.014380871757276382,0.8363429649122808,0.0027112170172035096,0.8827411754385966,0.008610862069691744,3
32,11.625,0.28571557894736843,0.01608191529854067,0.8672362280701756,0.0030017851661037005,0.8867470526315789,0.008524613535511366,3
32,11.875,0.2071316666666667,0.005613027110662225,0.897299456140351,0.0029072498449252884,0.8974943157894737,0.008391028452973726,3
32,12.125,0.21636785964912278,0.0083341542904205,0.9249095964912281,0.0034894567331315456,0.9119184561403508,0.008238752151649776,3
32,12.375,0.28601812280701755,0.006220290514266319,0.9506417017543859,0.0038222877159903436,0.9284531052631578,0.008203340897799111,3
32,12.625,0.4365718421052631,0.011576494400778847,0.9745976666666668,0.003095159761749524,0.9461781403508773,0.00835263116067308,3
32,12.875,0.6603270701754386,0.019716066116132813,0.9963121403508771,0.002914404133607111,0.9640708596491226,0.008470707889229667,3
32,13.125,0.9223811052631579,0.009953122022205847,1.016081807017544,0.0029195686375286353,0.9817081578947368,0.00862667723925119,3
32,13.375,1.2021091228070175,0.0037377571731921485,1.0354564912280702,0.002499330079524225,0.9985162105263158,0.008823520191337747,3
32,13.625,1.4743503508771927,0.015511755256044382,1.05316350877193,0.002435387058804597,1.014233105263158,0.009025311167764763,3
32,13.875,1.6858117543859652,0.022732007028678166,1.069601052631579,0.002892865838722671,1.0288606666666666,0.009378241212447142,3
32,14.125,1.8541963157894739,0.026552864589591996,1.0851154385964914,0.002988200381578794,1.041997368421053,0.009785085103839488,3
32,14.375,1.9688980701754388,0.02079496011697376,1.0990385964912281,0.002295545380386663,1.0537368421052629,0.009940596720413527,3
32,14.625,2.0017780701754386,0.006889345720513487,1.1120756140350878,0.001532394690419755,1.0639528070175437,0.010191525831240902,3
32,14.875,1.99356649122807,0.006068668644746516,1.123927894736842,0.0018298649471582685,1.0727007017543861,0.010488858921020283,3
32,15.125,1.952760701754386,0.016379694399221118,1.1339475438596491,0.0013376424136663297,1.0800959649122805,0.010630123005513322,3
32,15.375,1.9153398245614033,0.009428967882750999,1.1430626315789472,0.001043987401883221,1.0862433333333332,0.010856605142637653,3
32,15.625,1.8299761403508772,0.008351773426033658,1.1503385964912283,0.0015180843576558267,1.090922807017544,0.010935784190879724,3
32,15.875,1.7436038596491228,0.012976219362522084,1.1519164912280702,0.0024976145344253018,1.0942712280701754,0.011037311657752017,3
32,16.125,1.66191,0.013164629202900692,1.1423270175438598,0.0020909736245769968,1.0956785964912281,0.011089172090032302,3
32,16.375,1.549955438596491,0.004477645229592396,1.1294771929824563,0.002709894674600903,1.0960494736842106,0.01120724578473275,3
32,16.625,1.480545087719298,0.014114171802680849,1.1212759649122805,0.0037377303696768584,1.0959047368421053,0.011293324808320373,3
32,16.875,1.3899233333333332,0.02486638303106641,1.1189628070175437,0.0038892638248665054,1.0953721052631578,0.011243541755585845,3
32,17.125,1.2915517543859651,0.0218488779072259,1.1192442105263158,0.0032432770723531536,1.0943461403508772,0.011286614043691528,3
32,17.375,1.1986308070175438,0.024311272023040526,1.121551403508772,0.0028155226741394504,1.0928612280701755,0.011217916634406624,3
32,17.625,1.126939543859649,0.012244915202725904,1.1252584210526315,0.002051216831391011,1.0908601754385965,0.011104463605816928,3
32,17.875,1.043978438596491,0.007575285333887758,1.1272961403508772,0.0018570499711262403,1.0883061403508771,0.010939265053641414,3
32,18.125,0.9812241578947368,0.005485297527558185,1.1274040350877192,0.002376679338565259,1.0852015789473681,0.010992056067158867,3
32,18.375,0.9500521578947368,0.004828845633423323,1.1241240350877193,0.002156814035475839,1.081608947368421,0.010607669110223306,3
32,18.625,0.9161979649122807,0.012486140763942076,1.1163194736842106,0.0022684571169843434,1.0775836842105262,0.01046695410148121,3
32,18.875,0.8860210701754386,0.016455295564445704,1.1042322807017544,0.0036924589702734627,1.073096315789474,0.010505491005861518,3
32,19.125,0.8658353508771931,0.0025176570420184455,1.0887112280701754,0.004183835519625212,1.0685478947368419,0.010356086072654373,3
32,19.375,0.853662298245614,0.005238223521640207,1.07125,0.004074555145123826,1.0641845614035088,0.010466307499527695,3
32,19.625,0.8223137192982456,0.008993887564366577,1.0523007017543857,0.004916614704641155,1.060276842105263,0.010482384934060378,3
32,19.875,0.7964441052631579,0.016846119477100716,1.0315957894736842,0.005373003668438445,1.057039649122807,0.010435596180937015,3
32,20.125,0.7858166315789474,0.016957787887920735,1.0110246140350878,0.005857027020163622,1.0541064912280704,0.010449691379320825,3
32,20.375,0.769218649122807,0.009414201920663114,0.991466596491228,0.005554395746741417,1.0512264912280704,0.010279395722682973,3
32,20.625,0.775677701754386,0.021355813832782115,0.9730581754385965,0.00562268147540284,1.0482424561403507,0.0101774308666707,3
32,20.875,0.7720309298245613,0.014956827185896011,0.9564100526315791,0.00508422541151441,1.0454049122807019,0.01022839869473316,3
32,21.125,0.7746991929824563,0.009666849730714777,0.9418230175438597,0.004567077134837533,1.0426357894736842,0.010245286978077178,3
32,21.375,0.7844689824561404,0.002831313424690604,0.9283995263157895,0.0046852641411153665,1.0401115789473687,0.01027110001292634,3
32,21.625,0.7768628596491229,0.00811745650448371,0.9175224210526315,0.004376280293765772,1.0380626315789474,0.010292383659945267,3
32,21.875,0.7786211929824561,0.007690214235547107,0.9086077017543861,0.0042555671380392155,1.0364484210526317,0.010294772719056345,3
32,22.125,0.789089245614035,0.0022085691320303576,0.9012850175438595,0.004486486444170682,1.0351459649122807,0.010405633864788674,3
32,22.375,0.7895467894736842,0.00646647241957261,0.8966114912280702,0.0036265491663079394,1.0341219298245614,0.010264272097264021,3
32,22.625,0.7960282456140351,0.008828705137716414,0.8934799999999999,0.002785067902346953,1.0332040350877192,0.010225245326257246,3
32,22.875,0.8061845438596492,0.008280855808112044,0.8917616315789475,0.0020575067050151476,1.0323757894736845,0.010135140654423572,3
32,23.125,0.8243195614035087,0.009797655017492577,0.8917911929824562,0.0016551923686273676,1.031628245614035,0.009979206380654228,3
32,23.375,0.8350366140350877,0.01346764425382609,0.8936686315789473,0.0014724731941461585,1.0309959649122806,0.00992608816629249,3
32,23.625,0.8501103157894736,0.01263974679696605,0.8968857368421052,0.0010759041318031612,1.030482859649123,0.009867366292762896,3
32,23.875,0.8603773684210528,0.01782827844509365,0.9022681403508771,0.0016430234147816242,1.0302565263157895,0.009737268181099788,3
32,24.125,0.8827003684210526,0.008982195326976923,0.9097218070175438,0.001936278114077975,1.030399456140351,0.009693899911522353,3
32,24.375,0.892823298245614,0.006870974900530259,0.9228921403508772,0.0023820946826804707,1.0310591228070176,0.009582311982187697,3
32,24.625,0.909568456140351,0.012284453690698503,0.9504230350877192,0.003186086912514568,1.0330424561403506,0.009452209328408907,3
32,24.875,0.9359493157894736,0.008600843943108331,0.9972262280701756,0.0031035078566539614,1.0364819298245616,0.009472883848582778,3
32,0.125,0.0,0.0,0.0,0.0,0.0,0.0,3
32,0.375,0.0,0.0,0.0,0.0,0.0,0.0,3
32,0.625,0.0,0.0,0.0,0.0,0.0,0.0,3
32,0.875,0.0,0.0,0.0,0.0,0.09181799122807018,0.0008578885104965402,3
32,1.125,0.0,0.0,0.0,0.0,2.514327543859649,0.008991866667951334,3
32,1.375,0.0,0.0,0.0,0.0,4.069329824561404,0.012482548633011603,3
32,1.625,0.0,0.0,0.0,0.0,5.837644736842106,0.012781197979505715,3
32,1.875,0.0,0.0,0.0,0.0,3.4229512280701755,0.01185444623494011,3
32,2.125,0.0,0.0,0.0,0.0,1.8218364912280702,0.013940854528769305,3
32,2.375,0.0,0.0,0.0,0.0,1.7923826315789473,0.01427148430493221,3
32,2.625,0.0,0.0,0.0,0.0,1.4814208771929824,0.01458379457284039,3
32,2.875,0.0,0.0,0.0,0.0,1.1723382456140348,0.013346336685546937,3
32,3.125,0.0,0.0,0.0,0.0,1.173845789473684,0.013718938686004836,3
32,3.375,0.0,0.0,0.0,0.0,1.1724622807017544,0.013521057222983995,3
32,3.625,0.0,0.0,0.0,0.0,1.1669008771929825,0.011971243239397893,3
32,3.875,0.0,0.0,0.0,0.0,1.1572522807017542,0.011631746290241364,3
32,4.125,0.0,0.0,0.0,0.0,1.1457352631578948,0.011041970330150678,3
32,4.375,0.0,0.0,0.0,0.0,1.1318554385964912,0.010435976354050419,3
32,4.625,0.0,0.0,0.034324710526315784,0.00020696104312229564,1.1188359649122808,0.010388260805981849,3
32,4.875,0.0,0.0,3.5017333333333327,0.0025994162755967193,1.3279022807017542,0.010044366367360402,3
32,5.125,0.0,0.0,13.017087719298246,0.020286029622512993,1.9286145614035084,0.009872476278684754,3
32,5.375,0.0,0.0,9.772202631578947,0.004661336957839715,1.702388245614035,0.010362798995267188,3
32,5.625,0.0,0.0,3.9856800000000003,0.01441678600605015,1.312409298245614,0.010923073669120964,3
32,5.875,0.0,0.0,1.6851008771929823,0.014692428369756738,1.1504938596491228,0.010581498307553052,3
32,6.125,0.0,0.0,0.8854203859649122,0.01118514306207911,1.0880664912280702,0.010159554907814488,3
32,6.375,0.0,0.0,0.535400649122807,0.008352380652697671,1.057878245614035,0.010010565400456127,3
32,6.625,0.0,0.0,0.36817212280701755,0.004916999648990102,1.0421052280701755,0.009713313888990903,3
32,6.875,0.0,0.0,0.2753167368421053,0.004734570399319501,1.033575701754386,0.009929401330853998,3
32,7.125,0.0,0.0,0.22742247368421054,0.003932089931565262,1.0306014385964912,0.009678646842813898,3
32,7.375,0.0,0.0,0.21340236842105262,0.0035187918971590747,1.0318001403508772,0.00990736108964153,3
32,7.625,0.0,0.0,0.2220461052631579,0.0035706821506873553,1.0364320175438595,0.010073927072576575,3
32,7.875,0.0,0.0,0.2469452807017544,0.003668773393518403,1.043606894736842,0.010345058031494044,3
32,8.125,0.0,0.0,0.2823710175438596,0.0031120257354175004,1.0531984210526317,0.010394799493481998,3
32,8.375,0.0,0.0,0.32378066666666666,0.0014751630965016641,1.0639040350877194,0.01033702835374909,3
32,8.625,0.0,0.0,0.37049449122807016,0.0017219313773218505,1.0758701754385964,0.010475980920126029,3
32,8.875,0.0,0.0,0.41832633333333336,0.0021066784305747606,1.0889440350877193,0.010464391472459601,3
32,9.125,0.0,0.0,0.4667088421052632,0.0024252230012361564,1.1023952631578944,0.010620469295266976,3
32,9.375,0.0,0.0,0.5147461403508772,0.002621052305479226,1.1164973684210528,0.010430869813204426,3
32,9.625,0.0,0.0,0.5615204385964913,0.002983030965967525,1.1310280701754385,0.01023856182130426,3
32,9.875,0.0,0.0,0.6057814912280702,0.0035200130252249313,1.1420880701754388,0.010316890885824838,3
32,10.125,0.0,0.0,0.6485240175438596,0.003750410415788823,1.1258203508771931,0.010528981875819552,3
32,10.375,0.018571159473684207,0.001150703454123143,0.6894953684210527,0.0031958437101008226,1.0589412280701753,0.010364353288208226,3
32,10.625,0.5781244210526316,0.009532519703155252,0.729138947368421,0.00352158016686445,0.9754972982456142,0.010321169739920167,3
32,10.875,1.6723307017543858,0.02372960542557377,0.7669313684210527,0.0030017529541559516,0.9183761754385964,0.01021601076799045,3
32,11.125,1.2529972105263159,0.018142819429904367,0.8021281228070176,0.0028424537376791664,0.8904044912280701,0.009743952037258825,3
32,11.375,0.5631519473684211,0.010409706929154085,0.8356613859649125,0.0023412552411114246,0.8827297192982456,0.009431482872350275,3
32,11.625,0.2809215789473684,0.004163134553353457,0.8679425438596491,0.0021372166858332083,0.8867214736842106,0.009560503074710574,3
32,11.875,0.20871282456140353,0.009192236782031914,0.8985410000000001,0.0015935175345641267,0.8973537894736842,0.0093326579690026,3
32,12.125,0.2167449298245614,0.007157461954709772,0.9258138070175438,0.002433439416729053,0.9117285438596493,0.009229138433565529,3
32,12.375,0.28702250877192986,0.002883062104675376,0.9514345263157896,0.001962821272583821,0.928260052631579,0.009342154748374094,3
32,12.625,0.4196156315789474,0.0062245305070536055,0.9755829473684209,0.002478913461979832,0.9456698245614036,0.009360393273036904,3
32,12.875,0.6286577894736842,0.005780649154567284,0.9983707368421052,0.0017939880461921727,0.9636080526315789,0.009334487702421956,3
32,13.125,0.8941666842105264,0.015041226162358663,1.0181223333333331,0.0014385491179619314,0.9812520175438597,0.009584742446999684,3
32,13.375,1.1737543859649124,0.004440766954242185,1.0366587719298248,0.0008809323455726472,0.9978262105263157,0.009650925270277602,3
32,13.625,1.4696752631578949,0.0074290929567924924,1.0540921052631578,0.0009382586373410224,1.0135957894736844,0.009877445031435636,3
32,13.875,1.7008554385964911,0.013702751153177314,1.0701940350877193,0.0013290549779834267,1.028099245614035,0.009947200883796015,3
32,14.125,1.8518217543859647,0.01018386891247475,1.0851357894736842,0.0012493464958396032,1.0411505263157894,0.010131534171694285,3
32,14.375,1.9813814035087718,0.015244483472101564,1.0990607017543859,0.0007296053567568167,1.052865438596491,0.010154490678905762,3
32,14.625,2.0214466666666664,0.013417465756214022,1.111209649122807,0.0014150653814776553,1.0629089473684212,0.010100696153659465,3
32,14.875,2.002096140350877,0.013665322709406815,1.1234770175438598,0.001849546990196335,1.0718585964912284,0.010393409271949402,3
32,15.125,1.9764847368421055,0.013775466415947903,1.134304385964912,0.0023293784845631374,1.079297543859649,0.010386502262059429,3
32,15.375,1.917140701754386,0.030141039367787625,1.1434694736842108,0.00287702729518636,1.0854340350877194,0.01036161438643298,3
32,15.625,1.8529526315789475,0.028735284438215384,1.150366842105263,0.0034700710342091324,1.0901859649122807,0.010474409075977423,3
32,15.875,1.758947192982456,0.013539637711200786,1.1511952631578948,0.004131874232380141,1.0934640350877194,0.01057385069104169,3
32,16.125,1.6495533333333334,0.009237661845300144,1.1414505263157892,0.0036980295219666724,1.0950426315789472,0.010561720782668059,3
32,16.375,1.5613400000000002,0.008510821008470705,1.1286521052631577,0.00499252606684874,1.0955801754385963,0.010720625992366398,3
32,16.625,1.4571117543859653,0.004080577067380514,1.1206107017543858,0.004204657671829375,1.0956147368421052,0.01081821113453761,3
32,16.875,1.3733264912280703,0.01745008394275249,1.1177577192982457,0.0036753649785366957,1.0951412280701753,0.011041243693356743,3
32,17.125,1.284733859649123,0.014400185070713275,1.1188929824561402,0.003128994491060134,1.094165789473684,0.011134295035899034,3
32,17.375,1.2107757894736844,0.012798295989704063,1.1216007017543859,0.002524797838312169,1.0926998245614035,0.011239026858020197,3
32,17.625,1.135089052631579,0.0015968136855766897,1.124408245614035,0.00170084962383664,1.0907491228070174,0.011214808442801804,3
32,17.875,1.0513456315789476,0.01360819365799259,1.1257463157894738,0.0013192678934544658,1.0880287719298245,0.011256802767947943,3
32,18.125,0.9985756666666666,0.012387061521456584,1.1252080701754386,0.0014881372923221468,1.0848687719298247,0.011201815595596012,3
32,18.375,0.9526796842105263,0.005368587277784269,1.1214178947368423,0.00252360494176939,1.0812950877192984,0.01121511683735804,3
32,18.625,0.9137957719298248,0.00531894927962392,1.1140231578947368,0.001633593832280484,1.07724,0.01124977867433873,3
32,18.875,0.8761332807017544,0.002925480971523019,1.102558245614035,0.00135439057812142,1.0728364912280701,0.011203848981927922,3
32,19.125,0.8531181578947367,0.0034134631234161036,1.0881122807017543,0.0015002770032525282,1.0682366666666667,0.011143346377215844,3
32,19.375,0.8422148947368421,0.010205202712650104,1.0701168421052634,0.0012266713587369457,1.0639154385964913,0.011084176057770555,3
32,19.625,0.8222125789473683,0.010488445824500568,1.0512985964912283,0.0014401111410208781,1.0600538596491227,0.011189291884556868,3
32,19.875,0.8086669122807018,0.011452335321353119,1.0316635087719301,0.002439984005114308,1.0569042105263158,0.011276070512593816,3
32,20.125,0.7864258245614035,0.01172176837953073,1.0119138421052631,0.002717156711462239,1.0540399999999999,0.011279941659476145,3
32,20.375,0.7744934385964912,0.01633810835781193,0.992923192982456,0.002397111817234917,1.0511743859649123,0.011313566295957478,3
32,20.625,0.7600794035087719,0.010264900217139794,0.9747511228070177,0.0025008244625133375,1.048331052631579,0.0111320954714056,3
32,20.875,0.7562203333333334,0.013465781441723286,0.9573164561403509,0.00352177684586163,1.045581754385965,0.011216259355526647,3
32,21.125,0.7643346842105263,0.01578437153846383,0.9422864561403507,0.00409955440258885,1.0428778947368422,0.011125881541427006,3
32,21.375,0.7692305789473686,0.015310141251934924,0.9295942105263159,0.004287164176026804,1.0405164912280702,0.010981081972209858,3
32,21.625,0.7790317719298246,0.008634414998496858,0.9187034561403508,0.004199411127502435,1.038417894736842,0.010847679541321636,3
32,21.875,0.7827613157894738,0.008913874088154142,0.9092380877192984,0.004376587611761363,1.0366364912280701,0.010723319712529704,3
32,22.125,0.7861863684210526,0.005087431460036748,0.9023796842105263,0.004119543940414719,1.0351715087719298,0.010629478439826685,3
32,22.375,0.7822159298245613,0.009268734503833554,0.897839245614035,0.0038870266255440792,1.0340911754385964,0.010572184441795661,3
32,22.625,0.7897119298245614,0.01327486444224529,0.8949701929824564,0.0038656910663870626,1.0330564561403508,0.01041632579679401,3
32,22.875,0.8044068421052634,0.012463942494047418,0.8933560175438595,0.0036556771377948046,1.0320393157894736,0.010384447155607705,3
32,23.125,0.817484350877193,0.011090261882773624,0.8936944210526315,0.0034622189792657423,1.031298350877193,0.01032662442314085,3
32,23.375,0.827514,0.0024943078138014423,0.8959901403508773,0.003070756083138139,1.0307651578947368,0.01015681384413678,3
32,23.625,0.8386328421052632,0.01286759971899041,0.8987471052631578,0.002713824577848623,1.0303009824561402,0.010104894891437696,3
32,23.875,0.862641403508772,0.012340892070424922,0.9030812631578948,0.002844418305356061,1.0300785438596494,0.010098831991954448,3
32,24.125,0.8856473859649122,0.006197259639576212,0.9101638771929825,0.002813644346477334,1.030220298245614,0.010045138051759984,3
32,24.375,0.9143103333333333,0.003842561952269928,0.923101649122807,0.002903503117501325,1.0309513333333333,0.010084072557505153,3
32,24.625,0.923251052631579,0.006599605098709389,0.9501423684210527,0.0028832397127184256,1.0328620877192984,0.009983724956548277,3
32,24.875,0.9331108771929827,0.007168853269852717,0.9962017894736842,0.0030280278242042287,1.0362989473684212,0.009947158932167141,3
32,0.125,0.0,0.0,0.0,0.0,0.0,0.0,3
32,0.375,0.0,0.0,0.0,0.0,0.0,0.0,3
32,0.625,0.0,0.0,0.0,0.0,0.0,0.0,3
32,0.875,0.0,0.0,0.0,0.0,0.09227629473684211,6.77929301995584e-05,3
32,1.125,0.0,0.0,0.0,0.0,2.519770350877193,0.011223719650575049,3
32,1.375,0.0,0.0,0.0,0.0,4.0785682456140355,0.014755446560541013,3
32,1.625,0.0,0.0,0.0,0.0,5.8465022807017535,0.01187271744177192,3
32,1.875,0.0,0.0,0.0,0.0,3.432894561403509,0.013299654619147823,3
32,2.125,0.0,0.0,0.0,0.0,1.832662456140351,0.0169065509184499,3
32,2.375,0.0,0.0,0.0,0.0,1.8020887719298244,0.014012163192327108,3
32,2.625,0.0,0.0,0.0,0.0,1.4895412280701759,0.012482008047584904,3
32,2.875,0.0,0.0,0.0,0.0,1.179085438596491,0.013014180307401788,3
32,3.125,0.0,0.0,0.0,0.0,1.1784608771929825,0.012562806250698305,3
32,3.375,0.0,0.0,0.0,0.0,1.1757908771929824,0.011783280440430194,3
32,3.625,0.0,0.0,0.0,0.0,1.168787894736842,0.011344974001191733,3
32,3.875,0.0,0.0,0.0,0.0,1.1579322807017545,0.011416803133220093,3
32,4.125,0.0,0.0,0.0,0.0,1.145352105263158,0.011296643345578243,3
32,4.375,0.0,0.0,2.7344561403508773e-07,3.8671049593985976e-07,1.1313612280701755,0.010817066081942668,3
32,4.625,0.0,0.0,0.034256447368421046,0.00021272563544186583,1.1184587719298247,0.010785679301426949,3
32,4.875,0.0,0.0,3.49724350877193,0.004418498872564962,1.326943859649123,0.01079580566730238,3
32,5.125,0.0,0.0,13.009921052631578,0.006905846145693795,1.9280552631578944,0.010231690527151492,3
32,5.375,0.0,0.0,9.778204736842106,0.005937633454785371,1.7034280701754383,0.011205409394226318,3
32,5.625,0.0,0.0,3.997208070175439,0.015777798469071194,1.3140742105263155,0.011443008373145899,3
32,5.875,0.0,0.0,1.6966973684210525,0.01563642153118855,1.1526440350877192,0.011470121500090484,3
32,6.125,0.0,0.0,0.8916805614035089,0.00934842163265295,1.0900980701754388,0.010884156115895391,3
32,6.375,0.0,0.0,0.5407453157894736,0.005633137728359526,1.0596033333333335,0.01061280950731991,3
32,6.625,0.0,0.0,0.3720968421052631,0.0027671305400485623,1.0432702105263159,0.010396908076857867,3
32,6.875,0.0,0.0,0.2776861052631579,0.0007994535772392523,1.0344881228070175,0.009966594319028932,3
32,7.125,0.0,0.0,0.2288012807017544,0.0002202010343688122,1.0306710701754385,0.010006927099410588,3
32,7.375,0.0,0.0,0.2150908947368421,0.0006640466948393175,1.0319932631578947,0.009899401933024991,3
32,7.625,0.0,0.0,0.22439580701754389,0.0018133274156657405,1.0366642456140351,0.009954403548581169,3
32,7.875,0.0,0.0,0.24816366666666667,0.002668043581846466,1.0437534210526314,0.010149271662618165,3
32,8.125,0.0,0.0,0.2830046140350877,0.0030970468590503044,1.053290614035088,0.010347089331455535,3
32,8.375,0.0,0.0,0.32505,0.0034008795155407107,1.0642735087719297,0.010325826135477915,3
32,8.625,0.0,0.0,0.3701843157894736,0.0040693974128592205,1.0760736842105263,0.010297535980810398,3
32,8.875,0.0,0.0,0.41661219298245616,0.003954687005073178,1.0889698245614035,0.010278849294214448,3
32,9.125,0.0,0.0,0.46432845614035084,0.0036783366672634367,1.1023536842105264,0.010374042140032732,3
32,9.375,0.0,0.0,0.5121685438596492,0.00332774994741599,1.1165743859649122,0.010801475407354643,3
32,9.625,0.0,0.0,0.5580713859649121,0.003417371213622474,1.1311189473684211,0.010860395941217021,3
32,9.875,0.0,0.0,0.603922,0.003766715097785494,1.1421794736842106,0.011085297317641052,3
32,10.125,0.0,0.0,0.6489295263157895,0.0030657739925819606,1.1262621052631578,0.011134315030172958,3
32,10.375,0.018559835964912282,0.001309887120799164,0.6902358245614035,0.0022580374805954246,1.0594712280701755,0.010911483580633735,3
32,10.625,0.6000086491228069,0.019498909316389347,0.7296595263157895,0.002645843545701137,0.9759039824561405,0.01063448495808768,3
32,10.875,1.6908443859649125,0.051595853542114246,0.765682245614035,0.002834968226702701,0.9181899122807017,0.010229358584825326,3
32,11.125,1.249160298245614,0.014363327119427267,0.8012556666666666,0.0031443745404842677,0.8901703859649123,0.009844868505648191,3
32,11.375,0.5613039999999999,0.017645974660508153,0.8356254035087719,0.0030843425171843894,0.8821904912280701,0.009640026567601793,3
32,11.625,0.29383403508771927,0.01834025222265616,0.8683484561403508,0.003272703924514284,0.8860718245614035,0.009539081802799637,3
32,11.875,0.2134258245614035,0.006687769240438692,0.898646403508772,0.0025539406798118676,0.8964350701754386,0.009464811322128737,3
32,12.125,0.21161715789473687,0.006296355328953387,0.9266116315789473,0.0020262009883177294,0.9107535789473684,0.009656749291316713,3
32,12.375,0.286099649122807,0.009758170304435465,0.9523607719298245,0.00234188466232267,0.9272300526315789,0.009914981623235817,3
32,12.625,0.41575924561403516,0.017862510627292213,0.9767161052631579,0.0010809120187340758,0.9447959473684211,0.009992320252551402,3
32,12.875,0.6250067543859649,0.012681521827456747,0.9984104736842104,0.0005990264786037117,0.9627608771929825,0.010227668817529198,3
32,13.125,0.8866537719298248,0.013707828253861434,1.018504245614035,0.001369330260929059,0.9802575263157894,0.010320805557310101,3
32,13.375,1.190865912280702,0.009580067368524578,1.0374545614035087,0.002105998877293177,0.9972240000000001,0.010235109295185629,3
32,13.625,1.451018070175439,0.006809929287713906,1.0541512280701755,0.001905994302540653,1.0128736842105264,0.010191023608740512,3
32,13.875,1.676939298245614,0.004109330651031567,1.0703291228070178,0.0025166368070728726,1.0274973333333333,0.010191220947619607,3
32,14.125,1.8488994736842104,0.0172450229575138,1.0850884210526315,0.0016709058369008816,1.0407499999999998,0.01030028228463267,3
32,14.375,1.9556908771929826,0.021271406096645403,1.0991475438596492,0.0018126418858508857,1.0525398245614037,0.010245876249348274,3
32,14.625,1.9954370175438596,0.008848395239091466,1.1117556140350875,0.0007232610990650376,1.0629636842105263,0.010245715461526344,3
32,14.875,2.0358822807017547,0.005214269899791716,1.122875614035088,0.0012891833782290554,1.0720163157894735,0.01043155537554652,3
32,15.125,1.9922122807017546,0.028437422788208835,1.1331945614035088,0.0016243339615710228,1.0795236842105262,0.010464691255147322,3
32,15.375,1.9137433333333334,0.024634488230998793,1.1428603508771928,0.001864656565128997,1.085657894736842,0.010514163362322434,3
32,15.625,1.8339105263157895,0.023488806457733612,1.1508501754385965,0.002357930855508692,1.090676842105263,0.01072122752615527,3
32,15.875,1.7431073684210527,0.01034271194149342,1.151384210526316,0.0028407053407334187,1.0940275438596492,0.010883794168402506,3
32,16.125,1.6669407017543858,0.016727133078932366,1.1415866666666667,0.0023762372909002204,1.0957142105263158,0.010853497753308483,3
32,16.375,1.5831012280701753,0.020433337186444817,1.1282159649122807,0.003072816878749871,1.096169649122807,0.011023970812349293,3
32,16.625,1.495938596491228,0.009118208972833886,1.1197322807017545,0.0025682251267425855,1.0961131578947367,0.011044765429739548,3
32,16.875,1.3909331578947368,0.0034253314132880264,1.1167808771929824,0.002996814693499054,1.0956361403508772,0.01096377162066952,3
32,17.125,1.2851528070175442,0.009670495497338786,1.1174112280701753,0.0027733574271806634,1.0945736842105263,0.010905323062559905,3
32,17.375,1.197659649122807,0.017503233323956438,1.120383859649123,0.00281107795142721,1.0931189473684209,0.010948362210290559,3
32,17.625,1.1328483859649123,0.007017539777367224,1.123606315789474,0.003065197729203426,1.0911156140350877,0.010990018810279455,3
32,17.875,1.0476903684210526,0.010516857764695891,1.125523333333333,0.0021451416616481513,1.0884773684210527,0.010904104702067218,3
32,18.125,0.9942309649122804,0.010248794747898372,1.1263198245614034,0.0018319666021167872,1.0853480701754386,0.010912649096844532,3
32,18.375,0.9407393859649122,0.010186477584411505,1.1228959649122807,0.001201464890217652,1.0816429824561402,0.010961629495951933,3
32,18.625,0.8981200350877191,0.007591572424408375,1.1161161403508773,0.0014974427159647398,1.0775264912280702,0.010992861213570224,3
32,18.875,0.8765804385964913,0.011943389177372145,1.1047091228070176,0.0020133589549102154,1.073148947368421,0.011089190239427017,3
32,19.125,0.8727938245614034,0.008293451764191674,1.089644210526316,0.0012602269358433045,1.0688115789473684,0.011171614760721,3
32,19.375,0.8436770350877193,0.011100598383905522,1.0725103508771932,0.0013416830662614104,1.0643549122807017,0.011114386884308753,3
32,19.625,0.8120948245614036,0.007757997955981282,1.0536145614035088,0.0020509140062429303,1.0605387719298245,0.01130338336109237,3
32,19.875,0.793937947368421,0.0013267200226374364,1.0330956140350878,0.002403233676150772,1.0572905263157892,0.011357394286813708,3
32,20.125,0.7825572456140352,0.007101707013441928,1.0122681228070176,0.0027819876565184447,1.0543438596491228,0.011589899838662899,3
32,20.375,0.7794863859649123,0.009974087687652655,0.992480842105263,0.003194292043084089,1.051499298245614,0.011662057680811333,3
32,20.625,0.7767604210526317,0.010345867079156492,0.9742467719298245,0.003461525530433963,1.0487449122807018,0.01167757425996972,3
32,20.875,0.7658490175438596,0.007478877594811749,0.958200842105263,0.004031760492683109,1.0459684210526314,0.011731924577563009,3
32,21.125,0.7642377543859649,0.012871385352070738,0.9430481929824562,0.0044579572095982765,1.0432435087719298,0.011575553540374725,3
32,21.375,0.7642059298245615,0.011713185897583425,0.9299890175438597,0.004439297342421336,1.0408392982456138,0.011315053018330603,3
32,21.625,0.7623591754385964,0.008608322039771344,0.9192125964912282,0.004600131706600041,1.038919649122807,0.011060719282648592,3
32,21.875,0.7780647368421053,0.005858279744760139,0.9100378596491229,0.004160126684388535,1.0372119298245615,0.010831790923652853,3
32,22.125,0.7758104035087717,0.005425709130471469,0.9025118947368421,0.003972602297003454,1.0358673684210526,0.010853498518983096,3
32,22.375,0.7869451228070176,0.0036090424901774744,0.8975772631578947,0.004029945781845745,1.0347015789473684,0.010872904143144187,3
32,22.625,0.7969946315789475,0.010418061855787962,0.8939267368421051,0.004246210170341488,1.0336987719298245,0.010898953877754813,3
32,22.875,0.8037962280701754,0.004083214100130366,0.8920081578947369,0.0038024165354116723,1.0327791228070176,0.010884311660371637,3
32,23.125,0.8190866842105263,0.005190525773747903,0.8921071403508772,0.0037382596849943814,1.0320537192982455,0.010786069703631006,3
32,23.375,0.8387192631578947,0.0008867509193581242,0.893875245614035,0.0036004244107920554,1.031464456140351,0.010709556390871492,3
32,23.625,0.8545024385964911,0.012449889986374328,0.8981691754385963,0.003156747047975179,1.0310321929824562,0.010597467262908904,3
32,23.875,0.8676511578947368,0.010075228518908106,0.902894350877193,0.002938872955102003,1.0306871754385962,0.010679752168953753,3
32,24.125,0.8871175614035088,0.009969291663415121,0.9103529122807018,0.002661747790589422,1.0306631052631579,0.01059936781011718,3
32,24.375,0.9039190526315789,0.004823320004052745,0.9234098421052631,0.002403636646105329,1.0312459649122807,0.010650832594901035,3
32,24.625,0.9117208947368421,0.015170211875731133,0.9504368070175438,0.0020457833273814403,1.0329680701754385,0.010558172997796591,3
32,24.875,0.9304570526315791,0.017475430642433606,0.9973784385964911,0.0021702838236134846,1.0364101754385961,0.010520991147440859,3
