Charge,r,rdf_1_1_mean,rdf_1_1_std,rdf_1_2_mean,rdf_1_2_std,rdf_2_2_mean,rdf_2_2_std,n_replicas,used_replicas
8,0.125,0.0,0.0,0.0,0.0,0.0,0.0,3,"1,2,3"
8,0.375,0.0,0.0,0.0,0.0,0.0,0.0,3,"1,2,3"
8,0.625,0.0,0.0,0.0,0.0,0.0,0.0,3,"1,2,3"
8,0.875,0.0,0.0,0.0,0.0,0.08599177719298245,0.00017140113735362853,3,"1,2,3"
8,1.125,0.0,0.0,0.0,0.0,2.487824385964912,0.001517597261001392,3,"1,2,3"
8,1.375,0.0,0.0,0.0,0.0,4.105185789473683,0.0015583268130081288,3,"1,2,3"
8,1.625,0.0,0.0,0.0,0.0,5.294822105263158,0.0016745522961161435,3,"1,2,3"
8,1.875,0.0,0.0,0.0,0.0,2.443545789473684,0.0008265961084473935,3,"1,2,3"
8,2.125,0.0,0.0,0.0,0.0,1.0534056140350878,0.0015322019793451663,3,"1,2,3"
8,2.375,0.0,0.0,0.0,0.0,0.9205929473684208,0.000708076761310239,3,"1,2,3"
8,2.625,0.0,0.0,0.0,0.0,0.6313938421052631,0.001260555775944097,3,"1,2,3"
8,2.875,0.0,0.0,0.0,0.0,0.5086384210526317,0.001483540543693678,3,"1,2,3"
8,3.125,0.0,0.0,0.0,0.0,0.6066,0.0017213015984953385,3,"1,2,3"
8,3.375,0.0,0.0,0.0,0.0,0.6979381052631579,0.002065264924351422,3,"1,2,3"
8,3.625,0.0,0.0,0.0,0.0,0.7762501403508772,0.001810602791292532,3,"1,2,3"
8,3.875,0.0,0.0,0.0,0.0,0.8393483859649122,0.0018861545554591753,3,"1,2,3"
8,4.125,0.0,0.0,0.0,0.0,0.8880197192982454,0.002355659868318137,3,"1,2,3"
8,4.375,0.0,0.0,0.0,0.0,0.9223322456140352,0.0021896207787690182,3,"1,2,3"
8,4.625,0.0,0.0,1.2234561403508772e-06,1.2476853467348071e-06,0.9444666140350878,0.0025581545360567836,3,"1,2,3"
8,4.875,0.0,0.0,0.004340549122807017,4.081688028298675e-05,0.9578385263157895,0.00226402962077148,3,"1,2,3"
8,5.125,0.0,0.0,0.23932171929824564,0.0007311684842880842,0.9785809298245615,0.0020715390838828463,3,"1,2,3"
8,5.375,0.0,0.0,1.5941103508771928,0.003567026724777832,1.0667742105263158,0.002525867321305467,3,"1,2,3"
8,5.625,0.0,0.0,3.486292280701754,0.008747354406361423,1.1866350877192982,0.0028101038625053015,3,"1,2,3"
8,5.875,0.0,0.0,4.282055438596491,0.01174806280043386,1.2338892982456142,0.003173102135482561,3,"1,2,3"
8,6.125,0.0,0.0,3.939771929824562,0.009032910969263208,1.2073515789473683,0.0030334060953395446,3,"1,2,3"
8,6.375,0.0,0.0,3.1804401754385965,0.0073016148220049265,1.1538043859649123,0.0032381937652320365,3,"1,2,3"
8,6.625,0.0,0.0,2.4844724561403506,0.0066182044794997645,1.1049657894736844,0.0035287140574652423,3,"1,2,3"
8,6.875,0.0,0.0,1.930382105263158,0.0037811914120976058,1.066797192982456,0.00350606540351534,3,"1,2,3"
8,7.125,0.0,0.0,1.528009649122807,0.003992397723349853,1.0392945614035087,0.003555545584204189,3,"1,2,3"
8,7.375,0.0,0.0,1.2473794736842105,0.0014534876069141763,1.0210835614035088,0.0033446684013959944,3,"1,2,3"
8,7.625,0.0,0.0,1.0524901754385965,0.0005234152237568281,1.0092822807017543,0.0035631038315973684,3,"1,2,3"
8,7.875,0.0,0.0,0.9262544210526316,0.0017458978185971481,1.0027886666666666,0.00351312133822431,3,"1,2,3"
8,8.125,0.0,0.0,0.8489004736842105,0.001534200253343475,1.000222543859649,0.0037165574993593842,3,"1,2,3"
8,8.375,0.0,0.0,0.8078122456140352,0.0022447067957649357,1.0010432105263158,0.003890786609352868,3,"1,2,3"
8,8.625,0.0,0.0,0.7898349122807019,0.003518711114375906,1.003819842105263,0.00367915183930954,3,"1,2,3"
8,8.875,0.0,0.0,0.787320403508772,0.0036733076558468007,1.0081762456140348,0.003819381841794793,3,"1,2,3"
8,9.125,0.0,0.0,0.7923550701754386,0.0036798685693371623,1.0138376491228072,0.00379834031217804,3,"1,2,3"
8,9.375,0.0,0.0,0.8031853859649124,0.003926964943827799,1.020094385964912,0.0035708003591181188,3,"1,2,3"
8,9.625,0.0002991914035087719,0.00011872604541893371,0.8149960175438596,0.004034451907115554,1.0269661403508772,0.0036058359471568407,3,"1,2,3"
8,9.875,0.002645573157894737,0.0005729654129193547,0.8276672631578949,0.004626196407257594,1.034327192982456,0.0035198278711516292,3,"1,2,3"
8,10.125,0.026698582280701752,0.0018948215279921787,0.8397157192982457,0.0043632755672306815,1.04182,0.003362042013488434,3,"1,2,3"
8,10.375,0.1321996192982456,0.007440764095998823,0.8507879824561403,0.003598133626782583,1.0500421052631579,0.0034451842283827754,3,"1,2,3"
8,10.625,0.41358163157894734,0.017517289850076598,0.861529245614035,0.004139404480820013,1.0586680701754385,0.0037908681725959334,3,"1,2,3"
8,10.875,0.9397159298245613,0.02335214491805695,0.871875245614035,0.003889612455643019,1.0668882456140352,0.0038656151975652764,3,"1,2,3"
8,11.125,1.6275722807017547,0.01700554713871991,0.8798566491228071,0.005027709772223213,1.072304210526316,0.0040965517107372194,3,"1,2,3"
8,11.375,2.211155087719298,0.030448422645726673,0.8880506842105262,0.004552923480754562,1.0724564912280703,0.0040925656610940895,3,"1,2,3"
8,11.625,2.508126315789474,0.026889012371864106,0.8950461228070176,0.004588323710210829,1.0663180701754384,0.0042071008507621535,3,"1,2,3"
8,11.875,2.466892105263158,0.03166919772263282,0.9025278245614036,0.005277880510749548,1.0550724561403508,0.004268378140986217,3,"1,2,3"
8,12.125,2.2480873684210523,0.01290268271474198,0.9104716666666667,0.004865563730558722,1.0409496491228072,0.004192954591407068,3,"1,2,3"
8,12.375,1.9523133333333333,0.050188794970562105,0.916986947368421,0.004511367679517714,1.0262089473684213,0.004035772062486977,3,"1,2,3"
8,12.625,1.7249812280701755,0.025551500577833272,0.9252117719298245,0.004960163030176932,1.0126057719298247,0.00400004664154095,3,"1,2,3"
8,12.875,1.5232691228070177,0.027263833685092276,0.9331206666666666,0.004957636211521109,1.0010689122807017,0.0040702070318647246,3,"1,2,3"
8,13.125,1.3636740350877197,0.014996312445058887,0.9414714561403509,0.004578465507481884,0.992044105263158,0.0039998966138531855,3,"1,2,3"
8,13.375,1.251402052631579,0.003864261648096333,0.9501904210526316,0.00503966986801491,0.9854503859649122,0.003922099466366099,3,"1,2,3"
8,13.625,1.174452105263158,0.00748248571187677,0.9589948421052631,0.004539008720250756,0.9812797719298246,0.0038914908888037208,3,"1,2,3"
8,13.875,1.1005048596491227,0.0028539929768612716,0.9671896315789473,0.004430390816474744,0.9787722807017544,0.003782960118753515,3,"1,2,3"
8,14.125,1.0430265438596489,0.007610666308839939,0.9759711228070175,0.004639211480650991,0.977816947368421,0.003786468062675074,3,"1,2,3"
8,14.375,1.0008551052631578,0.009438897247181114,0.9848820175438596,0.005007436957501099,0.9780920350877192,0.0038075930617618133,3,"1,2,3"
8,14.625,1.0022112807017542,0.006956052616291532,0.9938044561403508,0.005185809789183404,0.9792267543859648,0.003704541706411293,3,"1,2,3"
8,14.875,0.9821961052631581,0.009358645101741468,1.0038192631578946,0.005488225217234445,0.9808184736842106,0.003649979334615631,3,"1,2,3"
8,15.125,0.9428456842105262,0.024317771787048862,1.0137235614035087,0.005395080077114192,0.9828599122807019,0.0037245852687833596,3,"1,2,3"
8,15.375,0.9366619824561404,0.012458194570494255,1.0240115964912282,0.0059015906459229705,0.9849685789473682,0.0036626832128421284,3,"1,2,3"
8,15.625,0.924980192982456,0.014926474495255007,1.0345019298245612,0.006152501241747332,0.9871052280701754,0.0036076783705026125,3,"1,2,3"
8,15.875,0.9048117017543861,0.01896887343972163,1.0455961403508771,0.0057782906720051505,0.9890067192982457,0.0035948114118112898,3,"1,2,3"
8,16.125,0.9026200877192982,0.014752867036215127,1.0555970175438596,0.005924695648620126,0.9909995087719299,0.0036302757390480707,3,"1,2,3"
8,16.375,0.9053814210526316,0.015988480853241203,1.0651977192982456,0.005933121926576881,0.9927951228070176,0.003640561506398608,3,"1,2,3"
8,16.625,0.9082886666666665,0.013837716874534724,1.072539649122807,0.005269429970403902,0.9943266491228071,0.003639473626449864,3,"1,2,3"
8,16.875,0.9107058070175439,0.008795836278600892,1.0771068421052632,0.00503455687035986,0.9957289824561405,0.003691860249046612,3,"1,2,3"
8,17.125,0.9106971228070174,0.006320597653160383,1.0770880701754386,0.004808501442113139,0.9968605438596492,0.0037574951633685925,3,"1,2,3"
8,17.375,0.9140307192982456,0.010758756725373754,1.072162105263158,0.004865472620692993,0.997705105263158,0.0037601406574249005,3,"1,2,3"
8,17.625,0.9124555614035089,0.012349821423775173,1.0641473684210525,0.004562555131277395,0.9984483684210526,0.0037132566358861626,3,"1,2,3"
8,17.875,0.9300274561403508,0.016390478027026846,1.05365,0.004079869708961829,0.9991270175438598,0.0036876913625063313,3,"1,2,3"
8,18.125,0.9404675263157894,0.0107882471402963,1.042275789473684,0.003977298739491224,0.9998875614035088,0.003723539861149445,3,"1,2,3"
8,18.375,0.9607404210526317,0.010916436320562804,1.0307936842105265,0.0034361764756673805,1.0006693859649125,0.0036992209669588346,3,"1,2,3"
8,18.625,0.9665983684210527,0.01590250137406008,1.0198015263157894,0.0033998752986202285,1.0015721403508773,0.003860436582588624,3,"1,2,3"
8,18.875,0.992540596491228,0.016376596707607015,1.0105559473684211,0.004086307423593116,1.0024213684210528,0.003955111776585108,3,"1,2,3"
8,19.125,1.0018503684210527,0.018456485845758885,1.002175105263158,0.004540749652760972,1.0034196666666666,0.004011987688423904,3,"1,2,3"
8,19.375,0.9956297719298247,0.009469826931147136,0.9950655438596491,0.00486492450811768,1.0041744385964912,0.00392134919880073,3,"1,2,3"
8,19.625,0.986054701754386,0.008420856230860203,0.9895134561403509,0.005274036638140577,1.0049964035087722,0.0038737066838434565,3,"1,2,3"
8,19.875,0.9954493859649123,0.0033334979737734845,0.984297245614035,0.0050852778483290164,1.0057155789473686,0.003899253404637025,3,"1,2,3"
8,20.125,0.9973749824561403,0.002748274852600215,0.9801394736842105,0.005631383725752247,1.0063315614035089,0.0037116252697185245,3,"1,2,3"
8,20.375,1.0007431754385965,0.007264129260793441,0.9772720877192982,0.004749341598016568,1.0069144561403511,0.0036712059605365456,3,"1,2,3"
8,20.625,1.0060809649122806,0.005061085012144721,0.9748297719298246,0.005354669365301327,1.0072484912280704,0.0037639249509823,3,"1,2,3"
8,20.875,1.0247971228070176,0.015124011656685766,0.9724357543859649,0.005043954846881976,1.0076968421052632,0.0036493187251723886,3,"1,2,3"
8,21.125,1.0291231228070175,0.020038095151226943,0.9709726315789475,0.005340120260887299,1.0080610175438596,0.003803292752653715,3,"1,2,3"
8,21.375,1.031635947368421,0.01990280662029167,0.9694419649122809,0.005305563636076741,1.0081871754385965,0.0037224838038669903,3,"1,2,3"
8,21.625,1.0408803508771929,0.01647133324631163,0.9681701929824561,0.005393070565489205,1.0082916842105263,0.0036361361157501754,3,"1,2,3"
8,21.875,1.047703421052632,0.006883222090771004,0.9677139824561403,0.005193923355550337,1.0082372456140352,0.0036298218775905945,3,"1,2,3"
8,22.125,1.0465377719298243,0.004427613783928755,0.9672544385964912,0.005728639085313104,1.0080413333333333,0.0035855602967218066,3,"1,2,3"
8,22.375,1.0627497543859648,0.010754664281879808,0.9679582456140351,0.005647209938152086,1.0078095614035087,0.003570727108806382,3,"1,2,3"
8,22.625,1.0631198245614033,0.0028003674027960238,0.9690622807017544,0.005417342873453424,1.0074259649122805,0.0035484185174189933,3,"1,2,3"
8,22.875,1.0491859649122808,0.005860499264676245,0.9722817192982456,0.0057503576000782885,1.007195192982456,0.0035420626783324214,3,"1,2,3"
8,23.125,1.052742105263158,0.010633909470204088,0.977131947368421,0.005319794245668828,1.0069258596491226,0.003576932020888101,3,"1,2,3"
8,23.375,1.0500823684210525,0.008688296270236881,0.9843525614035089,0.00527182346140192,1.0067168596491227,0.0036904125767678016,3,"1,2,3"
8,23.625,1.0341812807017545,0.010874265392013478,0.9937393508771931,0.005623125572551191,1.0066518771929822,0.003721669874693494,3,"1,2,3"
8,23.875,1.0198582631578947,0.013456773704004103,1.0065473333333335,0.005472660136040312,1.0068460350877193,0.003787031398737098,3,"1,2,3"
8,24.125,1.0060299298245614,0.014101629343416931,1.0214195614035086,0.005404114238976566,1.0071511754385964,0.0038810860286092046,3,"1,2,3"
8,24.375,0.993498701754386,0.012561880221107274,1.0343035087719297,0.00510729809929266,1.0075642631578947,0.003856070558169952,3,"1,2,3"
8,24.625,0.9817553859649123,0.011555602002673875,1.0413629824561403,0.004640269086932109,1.0076009824561403,0.0038110959003721224,3,"1,2,3"
8,24.875,0.9708202105263157,0.008200540114635361,1.0419256140350879,0.004187461416882714,1.0073731052631578,0.0037388704658106024,3,"1,2,3"
8,0.125,0.0,0.0,0.0,0.0,0.0,0.0,3,"1,2,3"
8,0.375,0.0,0.0,0.0,0.0,0.0,0.0,3,"1,2,3"
8,0.625,0.0,0.0,0.0,0.0,0.0,0.0,3,"1,2,3"
8,0.875,0.0,0.0,0.0,0.0,0.08599618771929825,0.0004836415358173261,3,"1,2,3"
8,1.125,0.0,0.0,0.0,0.0,2.4911522807017543,0.0029486844284219863,3,"1,2,3"
8,1.375,0.0,0.0,0.0,0.0,4.104382631578948,0.004496228664873928,3,"1,2,3"
8,1.625,0.0,0.0,0.0,0.0,5.29496649122807,0.0013747932830979997,3,"1,2,3"
8,1.875,0.0,0.0,0.0,0.0,2.445144035087719,0.0032026489593824296,3,"1,2,3"
8,2.125,0.0,0.0,0.0,0.0,1.053949649122807,0.001325719814118487,3,"1,2,3"
8,2.375,0.0,0.0,0.0,0.0,0.921331105263158,0.0010982663909809597,3,"1,2,3"
8,2.625,0.0,0.0,0.0,0.0,0.6328947368421053,0.001276250327856474,3,"1,2,3"
8,2.875,0.0,0.0,0.0,0.0,0.5115099999999999,0.0007964676447547836,3,"1,2,3"
8,3.125,0.0,0.0,0.0,0.0,0.6104290175438596,0.0006976738481550474,3,"1,2,3"
8,3.375,0.0,0.0,0.0,0.0,0.702301947368421,0.0003618611963066402,3,"1,2,3"
8,3.625,0.0,0.0,0.0,0.0,0.7807677894736843,0.0009441544693797418,3,"1,2,3"
8,3.875,0.0,0.0,0.0,0.0,0.8444471228070175,0.0007354089789135471,3,"1,2,3"
8,4.125,0.0,0.0,0.0,0.0,0.8928534736842105,0.0008207705419594157,3,"1,2,3"
8,4.375,0.0,0.0,0.0,0.0,0.9264607192982456,0.0008795111936034389,3,"1,2,3"
8,4.625,0.0,0.0,4.893824561403508e-07,6.920913066611405e-07,0.9483145964912282,0.0006249852361444395,3,"1,2,3"
8,4.875,0.0,0.0,0.004308173684210526,3.0709925020045886e-05,0.9611478771929823,0.0004871285308844754,3,"1,2,3"
8,5.125,0.0,0.0,0.239099649122807,0.001037766669737827,0.9812480701754387,0.0005615116129470142,3,"1,2,3"
8,5.375,0.0,0.0,1.5984492982456142,0.0018390812940585453,1.0696350877192982,0.0003342008102839637,3,"1,2,3"
8,5.625,0.0,0.0,3.496788596491228,0.006577354955818503,1.1898629824561402,0.0010577727374301287,3,"1,2,3"
8,5.875,0.0,0.0,4.292788421052632,0.0068248907871627665,1.2369063157894737,0.001163648939771873,3,"1,2,3"
8,6.125,0.0,0.0,3.9509714035087717,0.007315915653756097,1.2099266666666668,0.0012834057251949339,3,"1,2,3"
8,6.375,0.0,0.0,3.1893749122807016,0.008393253340110174,1.1558007017543859,0.0013632385218539144,3,"1,2,3"
8,6.625,0.0,0.0,2.4901659649122805,0.006134379713221749,1.107342105263158,0.0010674455835632966,3,"1,2,3"
8,6.875,0.0,0.0,1.9355098245614035,0.005669528737873592,1.068974210526316,0.0009778891658482434,3,"1,2,3"
8,7.125,0.0,0.0,1.5331859649122805,0.0036772739294022205,1.0413108771929824,0.0010746220820677854,3,"1,2,3"
8,7.375,0.0,0.0,1.250537543859649,0.0029062445054176653,1.022792456140351,0.0013675126764614474,3,"1,2,3"
8,7.625,0.0,0.0,1.0543498245614036,0.000974440989292119,1.010561596491228,0.0012440685349065978,3,"1,2,3"
8,7.875,0.0,0.0,0.9269006666666666,0.00110631932355685,1.0041216315789472,0.00145892888332883,3,"1,2,3"
8,8.125,0.0,0.0,0.8501776666666667,0.0005545280897102096,1.0017847719298245,0.0018382453396087238,3,"1,2,3"
8,8.375,0.0,0.0,0.809066596491228,0.0003879853266907181,1.0024184210526315,0.0017933274020160142,3,"1,2,3"
8,8.625,0.0,0.0,0.7918078771929823,0.0018730106981563225,1.005424789473684,0.0018880209809154125,3,"1,2,3"
8,8.875,0.0,0.0,0.7889227543859648,0.002336947408064116,1.0099992280701755,0.001955080435528623,3,"1,2,3"
8,9.125,0.0,0.0,0.7949861929824561,0.0035965015653252755,1.0154321052631579,0.00233247402723359,3,"1,2,3"
8,9.375,0.0,0.0,0.8049348421052631,0.0043809345278178246,1.0218291228070175,0.002605599352163557,3,"1,2,3"
8,9.625,5.2605087719298244e-05,7.439482850245793e-05,0.8168594736842105,0.004637533264297941,1.0288850877192985,0.0028319865464585953,3,"1,2,3"
8,9.875,0.0015835961403508772,0.00047601830310980384,0.8294268771929824,0.004350246433692851,1.0364777192982455,0.0028457632188812945,3,"1,2,3"
8,10.125,0.022429060877192982,0.0017509030024259028,0.841727298245614,0.0054328470358313615,1.0444907017543859,0.003155463986507415,3,"1,2,3"
8,10.375,0.12111009649122806,0.007712873831153802,0.852780105263158,0.005587124963462109,1.052837192982456,0.0031822662277228284,3,"1,2,3"
8,10.625,0.40261119298245607,0.011898079119339863,0.8629910877192982,0.005850038186036525,1.0617145614035086,0.0031982709529266547,3,"1,2,3"
8,10.875,0.9494923333333333,0.015861013888007168,0.8716628421052631,0.005337933683134387,1.0698401754385964,0.0032230215955841193,3,"1,2,3"
8,11.125,1.6851108771929824,0.028361556538001133,0.8793120350877194,0.006036827570966134,1.0751985964912283,0.0033606132737744993,3,"1,2,3"
8,11.375,2.2579487719298243,0.04205973254350603,0.886595403508772,0.0057141148159524195,1.0751214035087717,0.0033366249952428892,3,"1,2,3"
8,11.625,2.5044263157894737,0.026760603172932062,0.8944825087719296,0.0053503273210134365,1.068961403508772,0.0034425855218724963,3,"1,2,3"
8,11.875,2.4560143859649126,0.055880136518354745,0.9024086666666666,0.004590514804117506,1.057495614035088,0.0035644553167546297,3,"1,2,3"
8,12.125,2.2310982456140347,0.02640322410058088,0.910628245614035,0.004921444049417493,1.0432650877192984,0.003700431367465743,3,"1,2,3"
8,12.375,1.9657228070175439,0.04770620412648195,0.9178480350877192,0.004161790409590421,1.02832649122807,0.0036776578402435943,3,"1,2,3"
8,12.625,1.736121754385965,0.018050225661034872,0.9254167543859649,0.0043963386626613065,1.0144623333333331,0.003665369265051467,3,"1,2,3"
8,12.875,1.5050796491228071,0.008713542090257907,0.932839052631579,0.004613510532253038,1.0025245789473685,0.003632629904629198,3,"1,2,3"
8,13.125,1.3313059649122807,0.01984722807123008,0.9411405438596492,0.004868546802042798,0.9930707894736842,0.003519738816330001,3,"1,2,3"
8,13.375,1.2289364561403509,0.01911404911030637,0.949489649122807,0.004873094998738341,0.986187210526316,0.003432389122152748,3,"1,2,3"
8,13.625,1.1512091754385965,0.009503016696159428,0.9567807017543859,0.004100080068207564,0.9815413333333334,0.0033208154791554687,3,"1,2,3"
8,13.875,1.1098888421052628,0.011792064961777825,0.9653948771929824,0.004224950991609689,0.9790381754385965,0.0031733376769099582,3,"1,2,3"
8,14.125,1.0610591052631582,0.009598111450126444,0.9747992631578947,0.003983004133794632,0.978039649122807,0.0031319953355295853,3,"1,2,3"
8,14.375,1.0295821578947366,0.0031933484653343587,0.9842206315789473,0.003461285900492613,0.9783429824561404,0.0030830431184824033,3,"1,2,3"
8,14.625,0.9987716315789475,0.019494084669995672,0.9935059122807018,0.004289141810503101,0.9795077719298245,0.0031363441976007367,3,"1,2,3"
8,14.875,0.9804368245614036,0.007759019096833509,1.0038817719298248,0.00430606882122611,0.9811075263157895,0.0032491589646921814,3,"1,2,3"
8,15.125,0.9671388596491228,0.014132392948971645,1.0148178596491229,0.004852080968368734,0.9830864736842105,0.0032930544025638374,3,"1,2,3"
8,15.375,0.9534000350877193,0.017154718100153125,1.0257555438596493,0.0055282406113797465,0.9850622280701754,0.003444848219108212,3,"1,2,3"
8,15.625,0.9284274210526315,0.01962270324790421,1.035796842105263,0.005905062525909724,0.9870402631578948,0.0034836279289775876,3,"1,2,3"
8,15.875,0.9135732807017543,0.00819464257169335,1.0471396491228069,0.006820059278076796,0.9890628421052633,0.003640893586347969,3,"1,2,3"
8,16.125,0.898438,0.010670434886223037,1.0579368421052633,0.007125596882549092,0.9910827719298246,0.003960236507280624,3,"1,2,3"
8,16.375,0.8961016491228072,0.017357718995436235,1.0670050877192983,0.007686442169735263,0.9927461052631578,0.004027253414733423,3,"1,2,3"
8,16.625,0.9002450175438595,0.018991508282945494,1.0743652631578948,0.007437656912689479,0.9944730701754386,0.00394615075706395,3,"1,2,3"
8,16.875,0.8854022982456141,0.015496913132369136,1.0785652631578948,0.007753476580002038,0.9959254385964913,0.004187633633944008,3,"1,2,3"
8,17.125,0.894283403508772,0.011164855567439996,1.0780482456140352,0.007201591343753424,0.9969247017543861,0.004113418416580922,3,"1,2,3"
8,17.375,0.9014498596491228,0.014076423866865332,1.073168596491228,0.006269472054324037,0.9976879824561401,0.004019464733164241,3,"1,2,3"
8,17.625,0.9110102982456141,0.007831089906483143,1.0637933333333331,0.006516418249475289,0.9984325438596492,0.004178663165096893,3,"1,2,3"
8,17.875,0.9117133508771929,0.011795338265378628,1.0522494736842105,0.005958778543956661,0.9990848070175439,0.004160131988888624,3,"1,2,3"
8,18.125,0.9397794210526315,0.008845543361130952,1.0406863157894737,0.0055932924972950104,0.9996954210526315,0.004081887403141994,3,"1,2,3"
8,18.375,0.9570103333333332,0.01982529886690761,1.0283850877192984,0.004350889664668272,1.0005147192982458,0.004009168559901791,3,"1,2,3"
8,18.625,0.981011649122807,0.019592183882317742,1.017892403508772,0.0037139318218993036,1.0013478947368422,0.00387577837486616,3,"1,2,3"
8,18.875,0.9909087192982454,0.0026159635016885143,1.00790649122807,0.003390247288401751,1.0021674210526317,0.003856886124346651,3,"1,2,3"
8,19.125,0.9872505087719298,0.007188811412862378,0.9996600701754388,0.0033818594311511136,1.0030431403508773,0.00388247852325454,3,"1,2,3"
8,19.375,0.9862101228070174,0.0146801293478024,0.9928298421052631,0.0032203700678587526,1.0039947719298246,0.003926617170676033,3,"1,2,3"
8,19.625,0.9921538771929826,0.01418360043093309,0.987669403508772,0.0028212345713565278,1.0048435263157893,0.003981939334578787,3,"1,2,3"
8,19.875,0.99017649122807,0.01664957696840499,0.9831487894736841,0.0031961385089544023,1.0055636315789476,0.0039049302059325336,3,"1,2,3"
8,20.125,0.9931034385964913,0.010375682800020214,0.98000549122807,0.003953118404933284,1.0063235614035089,0.004064397000028134,3,"1,2,3"
8,20.375,0.9949234561403509,0.012230025791744295,0.9770469824561404,0.004578978508733197,1.0069067719298246,0.004078394761736988,3,"1,2,3"
8,20.625,1.0086116140350878,0.010204712264053365,0.9745247894736844,0.0047083999766160374,1.0074044912280702,0.003928319122597109,3,"1,2,3"
8,20.875,1.0247731578947368,0.011575319656834369,0.9725504035087719,0.005145545496878694,1.0077119122807017,0.00394129964605196,3,"1,2,3"
8,21.125,1.032975701754386,0.015944170927975114,0.9706497894736842,0.004856314187196415,1.0078996140350875,0.0037265849484843278,3,"1,2,3"
8,21.375,1.0398817719298246,0.023709218575004954,0.9695406315789473,0.00491345272816496,1.0079788245614034,0.0036417897293430247,3,"1,2,3"
8,21.625,1.0433353333333333,0.020554796795727113,0.9680417192982457,0.005608843657082147,1.008006,0.003719130899578605,3,"1,2,3"
8,21.875,1.0448053333333334,0.0203977319653046,0.9674012631578948,0.005536124083921569,1.0079090350877193,0.0036932794402399697,3,"1,2,3"
8,22.125,1.0579094385964911,0.01119414798840057,0.9671571578947368,0.0053713033114092664,1.00782747368421,0.0036536757443785903,3,"1,2,3"
8,22.375,1.0580007017543858,0.01448899573394478,0.967810947368421,0.0055377947371065385,1.0076031228070175,0.003645125573628675,3,"1,2,3"
8,22.625,1.057247087719298,0.02394077042903193,0.9692940175438597,0.005280348051277407,1.0073310350877194,0.0035422201950367376,3,"1,2,3"
8,22.875,1.0633000701754387,0.008922452155122473,0.9721586666666666,0.00518538646496219,1.0069988771929823,0.003482939524452455,3,"1,2,3"
8,23.125,1.0597767719298246,0.016781935503880067,0.9768749824561404,0.005330152543354309,1.0066560175438595,0.0035024204547950658,3,"1,2,3"
8,23.375,1.0415200350877194,0.011851825627325133,0.9843480175438595,0.005672497480995229,1.006510140350877,0.003476235826359901,3,"1,2,3"
8,23.625,1.0263322631578946,0.008809180502864196,0.9935085964912279,0.0058540082038273265,1.0062975263157894,0.003489128966858118,3,"1,2,3"
8,23.875,1.0149642105263157,0.006675381237552456,1.0060688771929824,0.005528869632515929,1.0064335789473684,0.003429196254919834,3,"1,2,3"
8,24.125,1.0009499122807017,0.005176619073399823,1.0204578947368421,0.005828875600524577,1.0066916315789474,0.0034587847643599862,3,"1,2,3"
8,24.375,0.9944836666666667,0.004489672443787913,1.033201403508772,0.0060082809787908,1.0069346140350879,0.0034357918602536917,3,"1,2,3"
8,24.625,0.9841992631578947,0.00570958418956485,1.0404261403508772,0.005584507694745779,1.0070468245614033,0.003325237357195195,3,"1,2,3"
8,24.875,0.9680650526315788,0.008465954694437854,1.0413045614035088,0.00543166996954429,1.006745280701754,0.0032656969698178486,3,"1,2,3"
8,0.125,0.0,0.0,0.0,0.0,0.0,0.0,3,"1,2,3"
8,0.375,0.0,0.0,0.0,0.0,0.0,0.0,3,"1,2,3"
8,0.625,0.0,0.0,0.0,0.0,0.0,0.0,3,"1,2,3"
8,0.875,0.0,0.0,0.0,0.0,0.08550659473684209,0.00046764192123939014,3,"1,2,3"
8,1.125,0.0,0.0,0.0,0.0,2.488891754385965,0.0015818372579049903,3,"1,2,3"
8,1.375,0.0,0.0,0.0,0.0,4.105821929824562,0.002486915800758655,3,"1,2,3"
8,1.625,0.0,0.0,0.0,0.0,5.295575087719299,0.0008708124790416279,3,"1,2,3"
8,1.875,0.0,0.0,0.0,0.0,2.4447687719298243,0.0012055991513084548,3,"1,2,3"
8,2.125,0.0,0.0,0.0,0.0,1.0543815789473685,0.0012274978114817398,3,"1,2,3"
8,2.375,0.0,0.0,0.0,0.0,0.921850298245614,0.000959022977678099,3,"1,2,3"
8,2.625,0.0,0.0,0.0,0.0,0.6340867719298245,0.0005982628937155423,3,"1,2,3"
8,2.875,0.0,0.0,0.0,0.0,0.5125816842105263,0.0008928103356679463,3,"1,2,3"
8,3.125,0.0,0.0,0.0,0.0,0.6109369649122808,0.0009805515815725708,3,"1,2,3"
8,3.375,0.0,0.0,0.0,0.0,0.7018111403508772,0.0012733142904407572,3,"1,2,3"
8,3.625,0.0,0.0,0.0,0.0,0.7804449122807018,0.0012473638324982308,3,"1,2,3"
8,3.875,0.0,0.0,0.0,0.0,0.8442849298245613,0.0015373154380038257,3,"1,2,3"
8,4.125,0.0,0.0,0.0,0.0,0.8922120526315789,0.001765030649303927,3,"1,2,3"
8,4.375,0.0,0.0,0.0,0.0,0.926723298245614,0.0018339758033171724,3,"1,2,3"
8,4.625,0.0,0.0,9.787631578947367e-07,6.920900661262634e-07,0.9491688596491228,0.002046485579435884,3,"1,2,3"
8,4.875,0.0,0.0,0.00435905,1.8660459586656486e-05,0.9621928245614034,0.0015484506183047956,3,"1,2,3"
8,5.125,0.0,0.0,0.23785752631578946,0.0011282337097364991,0.982252701754386,0.0017185944230715218,3,"1,2,3"
8,5.375,0.0,0.0,1.595352105263158,0.006409291169575635,1.0702954385964913,0.0017782625762493216,3,"1,2,3"
8,5.625,0.0,0.0,3.4924468421052635,0.014887184738450144,1.1905880701754388,0.0022256063044912133,3,"1,2,3"
8,5.875,0.0,0.0,4.295283157894737,0.019022450220017723,1.2377566666666668,0.0019946573299586506,3,"1,2,3"
8,6.125,0.0,0.0,3.9489926315789474,0.01708559259794344,1.210303333333333,0.0018870694929336584,3,"1,2,3"
8,6.375,0.0,0.0,3.1881540350877198,0.013861617321941215,1.1564615789473685,0.0018044691108273017,3,"1,2,3"
8,6.625,0.0,0.0,2.490094385964913,0.009131504689857775,1.107462105263158,0.00157351715360428,3,"1,2,3"
8,6.875,0.0,0.0,1.9380577192982456,0.006388010849242289,1.0690201754385964,0.0017374934628351926,3,"1,2,3"
8,7.125,0.0,0.0,1.532671754385965,0.004054036173391571,1.0415468421052632,0.0015541994462565654,3,"1,2,3"
8,7.375,0.0,0.0,1.2495391228070174,0.0021040286438919345,1.0229140350877193,0.0017398782783617822,3,"1,2,3"
8,7.625,0.0,0.0,1.054337192982456,0.0026239744981269293,1.0112410350877195,0.0020863611911666317,3,"1,2,3"
8,7.875,0.0,0.0,0.9264789824561405,0.001981812945962833,1.004762052631579,0.002152340308437311,3,"1,2,3"
8,8.125,0.0,0.0,0.8497398245614036,0.002538444239787474,1.0021632105263159,0.0022606923673259074,3,"1,2,3"
8,8.375,0.0,0.0,0.8086663157894737,0.0029932984687451557,1.0028848771929824,0.0026361232393119927,3,"1,2,3"
8,8.625,0.0,0.0,0.7909934912280701,0.0021417679299599833,1.0058417894736842,0.002817650441605571,3,"1,2,3"
8,8.875,0.0,0.0,0.7886455087719298,0.002569880445797755,1.0101269298245616,0.0029152245542852897,3,"1,2,3"
8,9.125,0.0,0.0,0.7945301228070175,0.0024240106309452087,1.015803754385965,0.0029476032943174793,3,"1,2,3"
8,9.375,0.0,0.0,0.8050580175438596,0.0025628095783840513,1.022214210526316,0.003085194861185517,3,"1,2,3"
8,9.625,0.00012493701754385966,8.871013034758213e-05,0.8168053157894737,0.0021047741554889145,1.029101403508772,0.0029487531312811788,3,"1,2,3"
8,9.875,0.0022332770175438597,5.534789471153976e-05,0.8287136140350878,0.0018268737568883219,1.0363149122807018,0.0031838078716950667,3,"1,2,3"
8,10.125,0.022904446315789473,0.0015561473892486456,0.8416226140350876,0.0025744650572844625,1.0441631578947368,0.003168297164914894,3,"1,2,3"
8,10.375,0.12190241228070176,0.008374756836363906,0.852768807017544,0.0027266981240861915,1.0523842105263157,0.003207844810572486,3,"1,2,3"
8,10.625,0.4031400350877193,0.014230439847575454,0.8634152631578949,0.0036457861475167877,1.060658596491228,0.00336704690538073,3,"1,2,3"
8,10.875,0.9328630877192983,0.0339516801558623,0.8730674736842104,0.0033525445737698054,1.0683814035087718,0.003454413862120161,3,"1,2,3"
8,11.125,1.6323447368421053,0.05873952790030024,0.8818328596491228,0.0023478445832580464,1.0737384210526315,0.0035062242241831877,3,"1,2,3"
8,11.375,2.247986842105263,0.04959766493810973,0.8898003333333332,0.0032044589641144114,1.0737870175438597,0.003586894075728416,3,"1,2,3"
8,11.625,2.531267368421053,0.06656887347544284,0.8981021052631579,0.002822753560275831,1.0678324561403507,0.0036707531748159093,3,"1,2,3"
8,11.875,2.4652038596491237,0.037259588532917914,0.9053606315789474,0.00295104529018271,1.0565189473684211,0.0034962459487386903,3,"1,2,3"
8,12.125,2.2143289473684207,0.041828773793671864,0.9121569649122806,0.002853266060187425,1.042238245614035,0.0035515513454072727,3,"1,2,3"
8,12.375,1.9599926315789473,0.009557287715479519,0.9195781228070175,0.0034575251681952545,1.0273315789473685,0.003311177327003022,3,"1,2,3"
8,12.625,1.7302159649122804,0.012834334363951741,0.9267784736842105,0.003430864829634745,1.01351901754386,0.003167613869709922,3,"1,2,3"
8,12.875,1.5238054385964912,0.03652101324151804,0.9344321929824561,0.0033196696974201745,1.0018142982456142,0.003089780183347852,3,"1,2,3"
8,13.125,1.3857587719298248,0.026063177370586665,0.942358052631579,0.003935947009370529,0.9925830701754386,0.003136668741627989,3,"1,2,3"
8,13.375,1.2619327894736845,0.04637916814592153,0.950108438596491,0.004460439896142332,0.98576850877193,0.0029652671238921038,3,"1,2,3"
8,13.625,1.1664471403508772,0.02557587249030819,0.9584541754385966,0.0050960276685639155,0.9814994912280701,0.0029265436287466344,3,"1,2,3"
8,13.875,1.0809948771929825,0.03607291597465811,0.9667707719298245,0.005721739625359713,0.9787686666666667,0.0029218927770250642,3,"1,2,3"
8,14.125,1.060006403508772,0.021881345205209166,0.9750439824561404,0.006169014976845886,0.9779291228070174,0.002972445441818295,3,"1,2,3"
8,14.375,1.0202226842105262,0.024480487371015325,0.983798543859649,0.006447631555866816,0.9781774736842106,0.0029672727270591897,3,"1,2,3"
8,14.625,1.0088759298245613,0.019161362623487718,0.9931170877192983,0.0066344813910666186,0.9789911403508772,0.0029691739440669833,3,"1,2,3"
8,14.875,0.971808350877193,0.0030018030452237084,1.0021292631578946,0.00635405325434111,0.9803947192982457,0.0031391869613141355,3,"1,2,3"
8,15.125,0.9392174035087719,0.0047883502500296144,1.012274,0.0065685860173840625,0.9821697368421053,0.0032294423169752897,3,"1,2,3"
8,15.375,0.9236326666666668,0.010168314547073395,1.0227862982456142,0.005968696576197673,0.9841993508771928,0.0032805326517071787,3,"1,2,3"
8,15.625,0.9184040526315789,0.003069475347447493,1.0340045614035087,0.005878804162501094,0.986189350877193,0.003344897600270492,3,"1,2,3"
8,15.875,0.9126979298245615,0.007734191816066278,1.0452231578947366,0.005837108531720096,0.9882968245614033,0.0032983053387648717,3,"1,2,3"
8,16.125,0.908489596491228,0.00839738706077346,1.0554689473684211,0.0057310985412381,0.990314456140351,0.003330587937841586,3,"1,2,3"
8,16.375,0.8996503333333332,0.014522465862970717,1.0651254385964912,0.005770175817317557,0.9920237017543859,0.0032109677327646206,3,"1,2,3"
8,16.625,0.8950793859649124,0.016285541689903264,1.0727229824561404,0.005843847287825191,0.9938035087719298,0.0033661037408207997,3,"1,2,3"
8,16.875,0.8979161403508771,0.025353074856226777,1.0763801754385964,0.006322648911511142,0.9952065614035089,0.0034325844101552555,3,"1,2,3"
8,17.125,0.904916,0.013863451663554122,1.0758140350877192,0.005984887806468454,0.9962408245614035,0.0034079965017207122,3,"1,2,3"
8,17.375,0.9211430701754386,0.004423233082674151,1.0705659649122807,0.005892518463111056,0.9970594210526317,0.0035080007678004814,3,"1,2,3"
8,17.625,0.9201983684210525,0.014725819659074397,1.0616085964912283,0.005536689717290209,0.997798245614035,0.003499086965551031,3,"1,2,3"
8,17.875,0.9216717543859648,0.01588300187008267,1.050999298245614,0.005290840956801,0.9984876666666667,0.003483418267993997,3,"1,2,3"
8,18.125,0.924752350877193,0.01212071328640566,1.0391170175438595,0.0048532723315091696,0.9991231754385964,0.0036291242358164615,3,"1,2,3"
8,18.375,0.9531283684210526,0.013768760411545572,1.0277357894736843,0.004457119984873392,1.000014,0.0036834186895930293,3,"1,2,3"
8,18.625,0.9694034736842104,0.016725516348190167,1.017465807017544,0.004652574732194812,1.0009325087719299,0.0037276649894981886,3,"1,2,3"
8,18.875,0.9821282280701756,0.0138257331141847,1.0078218596491229,0.004519358056975771,1.0018203157894736,0.0037441211033518444,3,"1,2,3"
8,19.125,0.9885855789473683,0.014165796475647734,1.0000768245614033,0.00449242171370876,1.002788350877193,0.0038382860484972255,3,"1,2,3"
8,19.375,0.9902677894736841,0.019746824056434655,0.9931193333333334,0.004250510410789761,1.0037131754385964,0.003746499012179178,3,"1,2,3"
8,19.625,1.0013552280701754,0.016547503616604006,0.9877156315789474,0.004436070508129085,1.0044944035087722,0.0038356668145152393,3,"1,2,3"
8,19.875,1.0073632456140351,0.019155955330084285,0.9835605263157895,0.005000988516872664,1.005305842105263,0.0040168248043412295,3,"1,2,3"
8,20.125,1.023527684210526,0.018239157258529915,0.9796712105263158,0.005154698005614456,1.006020438596491,0.004020116967086379,3,"1,2,3"
8,20.375,1.0160859122807016,0.015803070853811496,0.9768029473684211,0.005307827379648994,1.006659403508772,0.004075781018987976,3,"1,2,3"
8,20.625,1.0113877894736845,0.02137672890495405,0.9740459122807018,0.00528506555085989,1.0070684035087718,0.004090112000654955,3,"1,2,3"
8,20.875,1.0060131228070173,0.010465351386473002,0.971870140350877,0.005072311302626724,1.0074497192982454,0.004016146262767372,3,"1,2,3"
8,21.125,1.004946894736842,0.00988931121571814,0.9705605614035088,0.00513313306243143,1.007751403508772,0.003936664164599792,3,"1,2,3"
8,21.375,1.0247592280701756,0.01630417411120363,0.969333807017544,0.005376910090094425,1.0079655263157896,0.0039470699440370205,3,"1,2,3"
8,21.625,1.0275233684210527,0.002649907952546758,0.9683768245614036,0.005454981104807063,1.0080958771929824,0.003782587763797272,3,"1,2,3"
8,21.875,1.0382646140350877,0.0029374417775281858,0.9679578771929828,0.005332823983988021,1.0080384736842105,0.003726509696857932,3,"1,2,3"
8,22.125,1.0418258947368422,0.006568936513175208,0.9685588771929825,0.004975137860965354,1.0079564210526317,0.0036562148791946278,3,"1,2,3"
8,22.375,1.0529116666666667,0.005176635011934319,0.9694215438596491,0.004512113355945764,1.007777298245614,0.003575256966617398,3,"1,2,3"
8,22.625,1.0547524736842104,0.012716228512012092,0.9712365263157893,0.004948714466384817,1.0074936140350876,0.003433599412275107,3,"1,2,3"
8,22.875,1.0502863157894737,0.01768622306796943,0.9741940877192983,0.004604229453176193,1.0072078245614036,0.003401927561890268,3,"1,2,3"
8,23.125,1.0501869298245614,0.015942313581625314,0.9783814035087719,0.004428499624683601,1.0067464561403507,0.003289789799360563,3,"1,2,3"
8,23.375,1.0425947719298245,0.007849307938079713,0.9855569473684213,0.004961474082477872,1.0066443333333333,0.003309734186974389,3,"1,2,3"
8,23.625,1.0347571403508773,0.009033689589524321,0.9950124912280702,0.005578591894059641,1.006581754385965,0.0033697598009406046,3,"1,2,3"
8,23.875,1.0254932631578948,0.009480495912552426,1.0070433508771932,0.005514363687480908,1.0067461403508773,0.003407946038856109,3,"1,2,3"
8,24.125,1.0068536842105262,0.0017602285505931474,1.0212975087719298,0.005611852596824325,1.0071732280701753,0.0034349335033389446,3,"1,2,3"
8,24.375,0.9902451052631579,0.010729369842578709,1.034105087719298,0.006179865174869467,1.0076374035087718,0.0035779599206250527,3,"1,2,3"
8,24.625,0.980382,0.015574538416480524,1.0413094736842103,0.006010149418238017,1.0077050877192981,0.003644071630557035,3,"1,2,3"
8,24.875,0.9689658421052632,0.022084297997711177,1.041539298245614,0.005901585563014901,1.0074713684210526,0.003698388176286193,3,"1,2,3"
8,0.125,0.0,0.0,0.0,0.0,0.0,0.0,3,"1,2,3"
8,0.375,0.0,0.0,0.0,0.0,0.0,0.0,3,"1,2,3"
8,0.625,0.0,0.0,0.0,0.0,0.0,0.0,3,"1,2,3"
8,0.875,0.0,0.0,0.0,0.0,0.08537041578947369,0.00044822250317734985,3,"1,2,3"
8,1.125,0.0,0.0,0.0,0.0,2.485150350877193,0.0036857833818872664,3,"1,2,3"
8,1.375,0.0,0.0,0.0,0.0,4.1017363157894735,0.004037389404561206,3,"1,2,3"
8,1.625,0.0,0.0,0.0,0.0,5.298016315789474,0.0033767942257184303,3,"1,2,3"
8,1.875,0.0,0.0,0.0,0.0,2.444408070175438,0.0026624724633962623,3,"1,2,3"
8,2.125,0.0,0.0,0.0,0.0,1.0517361403508774,0.002064015411363147,3,"1,2,3"
8,2.375,0.0,0.0,0.0,0.0,0.9203677719298247,0.0039101404136131475,3,"1,2,3"
8,2.625,0.0,0.0,0.0,0.0,0.6320741578947369,0.00396635755579191,3,"1,2,3"
8,2.875,0.0,0.0,0.0,0.0,0.5096150526315789,0.004298273760953271,3,"1,2,3"
8,3.125,0.0,0.0,0.0,0.0,0.6079708596491228,0.0050980393938080395,3,"1,2,3"
8,3.375,0.0,0.0,0.0,0.0,0.7002012807017545,0.0050982840837828615,3,"1,2,3"
8,3.625,0.0,0.0,0.0,0.0,0.7783811578947368,0.005748423481978469,3,"1,2,3"
8,3.875,0.0,0.0,0.0,0.0,0.8425108070175439,0.0062099204096842525,3,"1,2,3"
8,4.125,0.0,0.0,0.0,0.0,0.89095549122807,0.00616768505972857,3,"1,2,3"
8,4.375,0.0,0.0,0.0,0.0,0.9250892280701754,0.0062727366764045505,3,"1,2,3"
8,4.625,0.0,0.0,9.787649122807017e-07,3.4604565333057024e-07,0.9477319473684211,0.00605117957549166,3,"1,2,3"
8,4.875,0.0,0.0,0.004376448947368421,8.577804364390601e-05,0.9607037192982456,0.00581221302659689,3,"1,2,3"
8,5.125,0.0,0.0,0.23875094736842106,0.0008761906164223307,0.9806634561403508,0.006117027618777686,3,"1,2,3"
8,5.375,0.0,0.0,1.5955805263157898,0.0029854184256754446,1.0694480701754385,0.006004296650752586,3,"1,2,3"
8,5.625,0.0,0.0,3.4918719298245615,0.013256630462367063,1.1893266666666664,0.006798451704855563,3,"1,2,3"
8,5.875,0.0,0.0,4.291077543859649,0.01928043037977665,1.236497543859649,0.007219371822864861,3,"1,2,3"
8,6.125,0.0,0.0,3.945108245614035,0.01614336984923744,1.20906,0.006750994072008532,3,"1,2,3"
8,6.375,0.0,0.0,3.1887392982456135,0.012463275221215727,1.1555898245614034,0.006680817516135528,3,"1,2,3"
8,6.625,0.0,0.0,2.4891436842105263,0.009951365733559548,1.106518947368421,0.00624079574145873,3,"1,2,3"
8,6.875,0.0,0.0,1.932720701754386,0.009224459940183971,1.0677449122807017,0.006210327685395379,3,"1,2,3"
8,7.125,0.0,0.0,1.530685789473684,0.009335872919891387,1.0407563157894737,0.0061757170341935,3,"1,2,3"
8,7.375,0.0,0.0,1.2478668421052632,0.011143159784024444,1.0220259649122807,0.006022681510949456,3,"1,2,3"
8,7.625,0.0,0.0,1.0553903508771931,0.011044370265358044,1.0105225263157893,0.005667648675488831,3,"1,2,3"
8,7.875,0.0,0.0,0.9270825789473686,0.009187980468401169,1.0043812982456137,0.005157045159951435,3,"1,2,3"
8,8.125,0.0,0.0,0.8494977368421052,0.009141752810929623,1.0022101228070175,0.0050118019202829095,3,"1,2,3"
8,8.375,0.0,0.0,0.808800701754386,0.00943945468843517,1.002928894736842,0.004938770256579791,3,"1,2,3"
8,8.625,0.0,0.0,0.7902580350877192,0.00952410117607254,1.0058625964912282,0.004893741692901999,3,"1,2,3"
8,8.875,0.0,0.0,0.7881957543859649,0.008731338518557185,1.0105767017543859,0.004992611489714272,3,"1,2,3"
8,9.125,0.0,0.0,0.7938928771929824,0.008561563148209652,1.0162044210526313,0.005180037738412275,3,"1,2,3"
8,9.375,0.0,0.0,0.8038665614035089,0.009059230789701571,1.0223445614035087,0.005401562209193092,3,"1,2,3"
8,9.625,0.00023014754385964912,0.00014414006375977143,0.8171067719298245,0.007493452644799846,1.0291270175438596,0.005492400765986256,3,"1,2,3"
8,9.875,0.0027392774912280704,0.0006978832986805471,0.8303303684210527,0.007904792445513528,1.0364780701754386,0.0055185051626806935,3,"1,2,3"
8,10.125,0.023653168245614035,0.0014113645544555986,0.8424591754385965,0.006969617742204612,1.044261754385965,0.005560035013430297,3,"1,2,3"
8,10.375,0.12067719298245612,0.01025561476251188,0.8544456666666665,0.0066819664021673005,1.0525768421052633,0.005967146310232259,3,"1,2,3"
8,10.625,0.4267752807017544,0.028285591848899696,0.8645656315789473,0.006751382480497629,1.0610747368421052,0.0061367988322628695,3,"1,2,3"
8,10.875,0.9517564912280703,0.0399003832408769,0.8730180175438597,0.006206344999266898,1.0694343859649122,0.006109149297573543,3,"1,2,3"
8,11.125,1.631224385964912,0.03629559950417128,0.8820050877192983,0.0064095104608541615,1.0746047368421052,0.006248981567993197,3,"1,2,3"
8,11.375,2.2232108771929826,0.04768401809599321,0.8895667192982456,0.006556408277555587,1.0747203508771932,0.006497742151122829,3,"1,2,3"
8,11.625,2.482229649122807,0.04963732708864131,0.897035649122807,0.006378666589317755,1.0683575438596493,0.0061211820042344454,3,"1,2,3"
8,11.875,2.4471457894736837,0.024090366120025384,0.9046247894736843,0.0064657155604169935,1.0568994736842106,0.005970141974737391,3,"1,2,3"
8,12.125,2.2507952631578942,0.02143684607664489,0.9118254385964913,0.0056574824336649236,1.0424801754385964,0.005810329092338979,3,"1,2,3"
8,12.375,1.9818214035087716,0.012643859120883989,0.9193917017543859,0.005571013897773379,1.0274712280701754,0.005730374357223956,3,"1,2,3"
8,12.625,1.7369249122807018,0.016960756814316056,0.927303807017544,0.005274498002367331,1.0137214385964912,0.005481111736805341,3,"1,2,3"
8,12.875,1.5408080701754387,0.029218458035921907,0.9351732982456139,0.005146216929347456,1.0020293157894737,0.005341793984708719,3,"1,2,3"
8,13.125,1.3635822807017544,0.034520938537011644,0.9433903859649121,0.005312810866960664,0.9928429298245615,0.005454270839637587,3,"1,2,3"
8,13.375,1.2430298245614033,0.02684355558631985,0.9519551052631577,0.00510811346169816,0.9862047368421054,0.005409763225592364,3,"1,2,3"
8,13.625,1.1580130000000002,0.026193625754206626,0.9604488421052632,0.004688606968363335,0.9818913333333331,0.005419207603133656,3,"1,2,3"
8,13.875,1.0931212280701754,0.027290258486011226,0.9697332456140352,0.004979621409315863,0.979471807017544,0.005449591166539539,3,"1,2,3"
8,14.125,1.0599140701754386,0.013041345199687953,0.9787537719298246,0.005352777025458016,0.9785133157894736,0.0054742481603882115,3,"1,2,3"
8,14.375,1.0093262982456142,0.014458795536753943,0.9873636842105263,0.0053861635049392426,0.9788587192982456,0.005367850914398855,3,"1,2,3"
8,14.625,0.9812003859649122,0.012200372630303265,0.996528649122807,0.006469185316980517,0.9798071578947368,0.005544960167860477,3,"1,2,3"
8,14.875,0.9931180701754387,0.010499202336525093,1.0051499122807017,0.0064958390489475,0.9814840350877194,0.005273255919565202,3,"1,2,3"
8,15.125,0.9674538596491228,0.0011808751855108231,1.0148109649122807,0.007143560652025387,0.9834004561403508,0.005220146914284172,3,"1,2,3"
8,15.375,0.9593714561403509,0.004309342579861327,1.0246062280701753,0.008042665379402947,0.9854878245614036,0.005205894494438739,3,"1,2,3"
8,15.625,0.9405641578947367,0.023213117764908246,1.0351280701754388,0.008437972742020136,0.9874938596491226,0.0051406712246147655,3,"1,2,3"
8,15.875,0.9223515964912279,0.03203624849222883,1.0452659649122806,0.008601764472873152,0.9893508771929825,0.004984941865486265,3,"1,2,3"
8,16.125,0.9125483157894735,0.017773758971368302,1.0554735087719298,0.009435713206645838,0.9913800701754386,0.004897061669424957,3,"1,2,3"
8,16.375,0.9055869122807018,0.0054182707487198676,1.0654694736842105,0.009692318697603897,0.9930312456140351,0.004696521324245393,3,"1,2,3"
8,16.625,0.9131673157894736,0.008057563144311155,1.072426140350877,0.00906299900357223,0.9946347894736842,0.004520966144833939,3,"1,2,3"
8,16.875,0.906589701754386,0.017380420839133902,1.0765694736842106,0.008899966862689552,0.9960334736842104,0.004422225758098069,3,"1,2,3"
8,17.125,0.8974034210526315,0.002356524033370404,1.0765722807017544,0.008363862052138795,0.9972041578947368,0.004188829091511744,3,"1,2,3"
8,17.375,0.9088144385964912,0.014121439306116363,1.07219649122807,0.008000315556257328,0.9980750526315788,0.004097740928204296,3,"1,2,3"
8,17.625,0.9227033684210527,0.003971162901053399,1.0643177192982456,0.0069878390121489165,0.9989416842105262,0.003956972932268319,3,"1,2,3"
8,17.875,0.9221378596491228,0.006587860707431764,1.053718245614035,0.006660779006807911,0.9996713333333332,0.003913997145301996,3,"1,2,3"
8,18.125,0.9344619649122806,0.003086824141475173,1.0419126315789473,0.006444938202924706,1.000368052631579,0.0037828317716195148,3,"1,2,3"
8,18.375,0.9563910701754387,0.014634293064080095,1.0297287719298245,0.005637796753294299,1.0010320350877193,0.0037980800574105595,3,"1,2,3"
8,18.625,0.9695504210526315,0.01463875899356412,1.0184180175438597,0.005706093766224385,1.0019679298245612,0.0037979107249957234,3,"1,2,3"
8,18.875,0.989681052631579,0.01274338584664868,1.0085377894736842,0.00526774132425655,1.002802403508772,0.003906860206933067,3,"1,2,3"
8,19.125,0.9925352807017545,0.00667680561796434,1.0004672982456142,0.0052001922644216,1.0036689298245614,0.0041103462200440515,3,"1,2,3"
8,19.375,0.9890099122807016,0.009299120168504066,0.9936836315789476,0.004926246864115241,1.0045917192982456,0.004191271165207627,3,"1,2,3"
8,19.625,0.9929306315789476,0.008069453539298629,0.9875933859649124,0.004259163823694729,1.0052818771929826,0.00433044603639332,3,"1,2,3"
8,19.875,0.995617456140351,0.009645407568868714,0.98292150877193,0.004251416818063303,1.0059502631578947,0.004559698170220098,3,"1,2,3"
8,20.125,0.993472245614035,0.015640328602221743,0.9791836140350876,0.004083783347241715,1.006494649122807,0.004748871231452213,3,"1,2,3"
8,20.375,0.9953503508771929,0.021239372882719907,0.9762537543859647,0.003913320855119466,1.007066105263158,0.004782347312092674,3,"1,2,3"
8,20.625,0.9942576315789472,0.018973652442925457,0.9743083859649122,0.004193205597894203,1.0074250350877194,0.004785337934120841,3,"1,2,3"
8,20.875,1.0044817192982458,0.027272061164823915,0.9729309298245612,0.0040656783138913865,1.0079456842105263,0.004705380424968243,3,"1,2,3"
8,21.125,1.016863456140351,0.024088479756769775,0.971450052631579,0.003917380347700594,1.0082186491228073,0.004686075114075897,3,"1,2,3"
8,21.375,1.0240799824561402,0.018827296521023704,0.9700760526315789,0.0034303559011413715,1.0083504385964912,0.004625732459149304,3,"1,2,3"
8,21.625,1.0269548421052632,0.021960358448392888,0.9684862280701756,0.00406017677892812,1.0084053333333334,0.004646637549041014,3,"1,2,3"
8,21.875,1.038443789473684,0.020025871413609363,0.9679664035087718,0.00366293543041294,1.008319438596491,0.004636729290567292,3,"1,2,3"
8,22.125,1.0448314912280703,0.01821421628198718,0.967552105263158,0.0034557801425077325,1.0080443859649124,0.004563336277970438,3,"1,2,3"
8,22.375,1.0522439298245614,0.013577087446696418,0.9686384912280701,0.0033970656049787883,1.0079086491228069,0.0045517963079891996,3,"1,2,3"
8,22.625,1.0555717368421054,0.009382317427493674,0.9701800350877193,0.0031026416726272423,1.0075346842105264,0.0044864092177860455,3,"1,2,3"
8,22.875,1.0575970000000001,0.016081658065129147,0.9732960350877192,0.003211365595888865,1.0072925964912283,0.004414379124530902,3,"1,2,3"
8,23.125,1.0420071754385967,0.01450574603939533,0.977775947368421,0.003388578276628912,1.0070275614035087,0.0043376980377320675,3,"1,2,3"
8,23.375,1.0444262982456143,0.0016793918222325437,0.9848919824561403,0.0036271873106300603,1.0068589298245614,0.004206441869879838,3,"1,2,3"
8,23.625,1.0286105964912282,0.0030940319421382287,0.994271298245614,0.004342439856397952,1.006784157894737,0.004220264159853831,3,"1,2,3"
8,23.875,1.0121553859649124,0.0016383478071179006,1.0067547894736841,0.004804977369146082,1.0068948070175439,0.00413451274367095,3,"1,2,3"
8,24.125,1.0040009649122805,0.0074727129106090355,1.0212450877192982,0.004744484173310288,1.0073270175438598,0.004008865524417098,3,"1,2,3"
8,24.375,0.991291894736842,0.006446670075749199,1.034153157894737,0.005064373363243242,1.0075509122807018,0.00397927145118806,3,"1,2,3"
8,24.625,0.9802517894736842,0.010349721775893899,1.0412866666666665,0.005384427467861582,1.0076859298245615,0.0037576866826118144,3,"1,2,3"
8,24.875,0.9728875263157896,0.00777642547481052,1.0423143859649124,0.005914893753337018,1.0075512982456138,0.0038861241654429106,3,"1,2,3"
8,0.125,0.0,0.0,0.0,0.0,0.0,0.0,3,"1,2,3"
8,0.375,0.0,0.0,0.0,0.0,0.0,0.0,3,"1,2,3"
8,0.625,0.0,0.0,0.0,0.0,0.0,0.0,3,"1,2,3"
8,0.875,0.0,0.0,0.0,0.0,0.0856850701754386,0.0005202385124092405,3,"1,2,3"
8,1.125,0.0,0.0,0.0,0.0,2.4841678947368417,0.0007596683681365548,3,"1,2,3"
8,1.375,0.0,0.0,0.0,0.0,4.100911754385965,0.0014905973279083792,3,"1,2,3"
8,1.625,0.0,0.0,0.0,0.0,5.296423157894736,0.0016885264328144898,3,"1,2,3"
8,1.875,0.0,0.0,0.0,0.0,2.44474,0.0011400238937411581,3,"1,2,3"
8,2.125,0.0,0.0,0.0,0.0,1.0541391228070174,0.0021216835217465796,3,"1,2,3"
8,2.375,0.0,0.0,0.0,0.0,0.922147701754386,0.0025648526409655027,3,"1,2,3"
8,2.625,0.0,0.0,0.0,0.0,0.6342717719298246,0.0031374131901947032,3,"1,2,3"
8,2.875,0.0,0.0,0.0,0.0,0.5117361578947368,0.0037850238793583416,3,"1,2,3"
8,3.125,0.0,0.0,0.0,0.0,0.6102952631578947,0.004243181571700142,3,"1,2,3"
8,3.375,0.0,0.0,0.0,0.0,0.7019924035087719,0.0046185801414761595,3,"1,2,3"
8,3.625,0.0,0.0,0.0,0.0,0.7805282280701754,0.005821629080675786,3,"1,2,3"
8,3.875,0.0,0.0,0.0,0.0,0.8437604210526315,0.006428499962888222,3,"1,2,3"
8,4.125,0.0,0.0,0.0,0.0,0.8923898596491228,0.006294609906942474,3,"1,2,3"
8,4.375,0.0,0.0,0.0,0.0,0.9269409122807017,0.006297438139559345,3,"1,2,3"
8,4.625,0.0,0.0,1.7128350877192983e-06,9.155488654715127e-07,0.9489399298245615,0.006623733683096291,3,"1,2,3"
8,4.875,0.0,0.0,0.0043478177192982454,5.549242289177402e-05,0.9615363859649122,0.006612651438685902,3,"1,2,3"
8,5.125,0.0,0.0,0.2387371403508772,0.00014726045125817966,0.9815682631578948,0.0065412433934261315,3,"1,2,3"
8,5.375,0.0,0.0,1.595897192982456,0.004148166396946321,1.0699673684210527,0.0067515884796896,3,"1,2,3"
8,5.625,0.0,0.0,3.4931257894736842,0.009362771093456568,1.1905587719298245,0.006811560922707507,3,"1,2,3"
8,5.875,0.0,0.0,4.287797894736841,0.014885425196720642,1.2376433333333334,0.006789004707498439,3,"1,2,3"
8,6.125,0.0,0.0,3.9451229824561405,0.015203285657988378,1.2108485964912281,0.006906419783499621,3,"1,2,3"
8,6.375,0.0,0.0,3.1870852631578948,0.009871417715774128,1.1576128070175438,0.006603016747148759,3,"1,2,3"
8,6.625,0.0,0.0,2.4922673684210523,0.008122573324666925,1.1089673684210526,0.006702284984047405,3,"1,2,3"
8,6.875,0.0,0.0,1.9368050877192984,0.007015140601643063,1.0702273684210526,0.006627643987115212,3,"1,2,3"
8,7.125,0.0,0.0,1.5334866666666667,0.006854654676612891,1.042628947368421,0.006608026024532898,3,"1,2,3"
8,7.375,0.0,0.0,1.2515556140350876,0.00647652113468361,1.024261052631579,0.006672373328557111,3,"1,2,3"
8,7.625,0.0,0.0,1.057582456140351,0.006298218970768986,1.012625192982456,0.006315359767302154,3,"1,2,3"
8,7.875,0.0,0.0,0.9300546315789474,0.0069733379144737255,1.0058624561403506,0.006252167325391747,3,"1,2,3"
8,8.125,0.0,0.0,0.8534009473684211,0.007915856596859783,1.0033837368421052,0.006370003647202547,3,"1,2,3"
8,8.375,0.0,0.0,0.8126167192982456,0.00784980995192358,1.0039068070175439,0.006196671873745196,3,"1,2,3"
8,8.625,0.0,0.0,0.7948904561403509,0.009323009609846365,1.006589298245614,0.006186295275532192,3,"1,2,3"
8,8.875,0.0,0.0,0.7917930877192983,0.008969774212464502,1.0107949649122807,0.006097985639937241,3,"1,2,3"
8,9.125,0.0,0.0,0.7969561228070177,0.009259708850847403,1.0160537543859651,0.0058263171754437005,3,"1,2,3"
8,9.375,0.0,0.0,0.8081070175438597,0.00941998397009896,1.0224226315789473,0.0057971549681579,3,"1,2,3"
8,9.625,0.0002761768245614035,0.00025833978501855944,0.8202976140350877,0.008833196162631212,1.029287894736842,0.005729503047457381,3,"1,2,3"
8,9.875,0.0016616820526315788,0.0004956172413595025,0.8321707368421052,0.009135146055999738,1.0367521052631579,0.005959113569458451,3,"1,2,3"
8,10.125,0.025349680175438597,0.002143693224882056,0.843806245614035,0.009386391262033443,1.0446331578947368,0.00577369347022227,3,"1,2,3"
8,10.375,0.118492650877193,0.00790555805809813,0.855737,0.008934789165666108,1.052938070175439,0.005866291869795681,3,"1,2,3"
8,10.625,0.4089544736842105,0.009981208325458187,0.8655349298245615,0.008661792057530123,1.061742631578947,0.0058783774873390725,3,"1,2,3"
8,10.875,0.9450525263157895,0.018819294524375703,0.8748525438596492,0.0068675703569884,1.0696694736842105,0.005707955877148679,3,"1,2,3"
8,11.125,1.6394,0.02683123484049097,0.883114350877193,0.0068856018179833224,1.074965263157895,0.0058524606815892185,3,"1,2,3"
8,11.375,2.265719473684211,0.03584064763504347,0.8904857017543858,0.006444391824786908,1.075126842105263,0.0058041046226712245,3,"1,2,3"
8,11.625,2.5351215789473684,0.031144611734196827,0.8980546491228072,0.006617533397184322,1.068937192982456,0.005708665042831879,3,"1,2,3"
8,11.875,2.4680236842105265,0.054138976110162156,0.9052159649122807,0.00631232407477573,1.0573998245614034,0.005770685532173418,3,"1,2,3"
8,12.125,2.210907719298245,0.0560442937087258,0.9120645789473686,0.006030176754896088,1.0430328070175439,0.005430445300799322,3,"1,2,3"
8,12.375,1.9460019298245612,0.05111506979524114,0.9197827894736842,0.005899627251633585,1.0281331578947368,0.005271826037452331,3,"1,2,3"
8,12.625,1.7288075438596493,0.023634680983967246,0.9264040175438598,0.005458612286204708,1.014225,0.005187067406786699,3,"1,2,3"
8,12.875,1.5467612280701755,0.01540785222900535,0.9343197719298245,0.0047210050108755725,1.0027464561403507,0.004835874222182285,3,"1,2,3"
8,13.125,1.388836666666667,0.019610020203907473,0.9421618245614035,0.0043353686264394975,0.9934858947368421,0.004709964188943058,3,"1,2,3"
8,13.375,1.2755029824561401,0.022484403188992006,0.9492714736842105,0.005255344921484028,0.9869025438596492,0.004595989498329956,3,"1,2,3"
8,13.625,1.1707824385964913,0.023939884265260135,0.9577730000000001,0.005379468875223882,0.9826221929824562,0.004538336705074834,3,"1,2,3"
8,13.875,1.106311561403509,0.008913380275310015,0.9665150701754386,0.004731708714402849,0.9799612982456142,0.004376163837037335,3,"1,2,3"
8,14.125,1.0730332105263156,0.016724672364915236,0.9744917368421051,0.005575656934492502,0.9789951578947368,0.00455812208095539,3,"1,2,3"
8,14.375,1.022944807017544,0.006354855761499297,0.9840803157894736,0.005368089222114695,0.9790875087719298,0.004382950991403314,3,"1,2,3"
8,14.625,0.980292701754386,0.009859009899582218,0.9934607894736841,0.005615181785467157,0.9798824736842106,0.004365134398364956,3,"1,2,3"
8,14.875,0.9612679298245613,0.01563968779442777,1.0031537543859648,0.005437868370274655,0.9814718245614035,0.004385823675831204,3,"1,2,3"
8,15.125,0.9378354035087719,0.022354775030732674,1.0131362807017545,0.004968655022429985,0.9831293333333333,0.004399128852805745,3,"1,2,3"
8,15.375,0.9293665438596492,0.017925577241914216,1.0238103333333333,0.004955776100075508,0.9851151578947369,0.0043914847418871335,3,"1,2,3"
8,15.625,0.899231649122807,0.003814927444391457,1.0344361403508773,0.004795772459909562,0.9872543333333331,0.0044535319471111405,3,"1,2,3"
8,15.875,0.9005127192982455,0.012159102923665044,1.0458838596491227,0.005272395618270516,0.9893492105263159,0.00441655238020048,3,"1,2,3"
8,16.125,0.8994607719298245,0.006329262469353754,1.056788596491228,0.005521145657292253,0.9912138771929824,0.004456508429265793,3,"1,2,3"
8,16.375,0.8998456140350877,0.00640339928197667,1.0669882456140352,0.0061487164517732805,0.9929463684210525,0.004557722881367658,3,"1,2,3"
8,16.625,0.8977331929824562,0.008703648641021655,1.074548947368421,0.006181648935694666,0.9945228245614035,0.004557753727070595,3,"1,2,3"
8,16.875,0.9098404385964912,0.0016821070363894786,1.079149649122807,0.0059276042401897764,0.9957791578947366,0.004559902295206314,3,"1,2,3"
8,17.125,0.9151425789473685,0.008713440798578026,1.0788656140350878,0.005919021348779054,0.9968936140350877,0.004704427173534179,3,"1,2,3"
8,17.375,0.9099766315789474,0.0070368979174785466,1.0734312280701754,0.005694189686289017,0.9978042456140349,0.004538882238680284,3,"1,2,3"
8,17.625,0.9188232456140351,0.006115990408622404,1.064858596491228,0.0054271639259811585,0.9984096315789474,0.004586310755425936,3,"1,2,3"
8,17.875,0.9257489298245614,0.010673893052589669,1.0538615789473684,0.005269334130526425,0.999035,0.004643252237663465,3,"1,2,3"
8,18.125,0.9560665614035088,0.018968448680799117,1.0416982456140351,0.0048465535313929504,0.999618947368421,0.00453454580731862,3,"1,2,3"
8,18.375,0.9514197719298245,0.01835206918700872,1.0295608771929823,0.005046716280306558,1.0003067543859647,0.004540309431397968,3,"1,2,3"
8,18.625,0.966354894736842,0.005338976882286138,1.0181480350877194,0.004759134204595101,1.0009840175438596,0.0046171224209774,3,"1,2,3"
8,18.875,0.9723800526315789,0.0028852466870374445,1.0081998070175437,0.004463838479500329,1.0019231228070176,0.004470384558233374,3,"1,2,3"
8,19.125,0.9737723157894737,0.017964107739985677,0.9997645789473685,0.004844097841160732,1.002791105263158,0.00454489157956398,3,"1,2,3"
8,19.375,0.9848729298245615,0.004652857054219998,0.9930341403508772,0.00525991741687821,1.0037193157894737,0.004468258961993188,3,"1,2,3"
8,19.625,0.981648649122807,0.014310719665001343,0.987746350877193,0.005500441812412237,1.0047610526315789,0.004529013527351517,3,"1,2,3"
8,19.875,0.98069749122807,0.011352019149666352,0.9830071052631579,0.004921906168778085,1.005685140350877,0.0043721597014413855,3,"1,2,3"
8,20.125,1.0060902631578947,0.0076710761629442585,0.9789904385964913,0.004832528319434884,1.006281859649123,0.004190590854382341,3,"1,2,3"
8,20.375,1.0060956842105262,0.005973933213606177,0.9763874035087721,0.004707159303434621,1.0070625263157893,0.00420700607734425,3,"1,2,3"
8,20.625,1.0209331228070173,0.006317129465208893,0.9739795614035088,0.00439508449855765,1.0076581228070176,0.004015208476131993,3,"1,2,3"
8,20.875,1.0253706842105264,0.009885078244052648,0.9726112456140349,0.0046197121504849975,1.008154245614035,0.004003662723180608,3,"1,2,3"
8,21.125,1.0306670350877194,0.01437181457781719,0.9713057543859649,0.00447602346195946,1.0084949824561402,0.004202661475320957,3,"1,2,3"
8,21.375,1.0509468070175438,0.007105804025201239,0.9700239649122807,0.003940075811039334,1.0087841052631579,0.004176240205818378,3,"1,2,3"
8,21.625,1.0498001754385966,0.013717418003407405,0.9690808947368422,0.004184573132473177,1.008832456140351,0.004345485177529913,3,"1,2,3"
8,21.875,1.0515522105263158,0.014305227624047448,0.9689014385964914,0.004429452963465734,1.0088555087719298,0.004462741332209898,3,"1,2,3"
8,22.125,1.047877947368421,0.005094295284439346,0.9686528245614037,0.004312175524604894,1.008766666666667,0.004459172963109556,3,"1,2,3"
8,22.375,1.0522583157894736,0.01335642009798243,0.9694194736842104,0.004664722112801349,1.0083781228070174,0.004516479785362069,3,"1,2,3"
8,22.625,1.0534956140350877,0.023486640388001395,0.9710788245614034,0.005075934603449052,1.0079984210526316,0.00466382488774662,3,"1,2,3"
8,22.875,1.0429911578947366,0.021879337987008928,0.9737619649122807,0.0053361505902265426,1.007537807017544,0.004565062908838146,3,"1,2,3"
8,23.125,1.0393410526315787,0.016664250115648458,0.9784421754385967,0.0056892210100720824,1.0071413157894737,0.004670536947862308,3,"1,2,3"
8,23.375,1.035565052631579,0.014459034585956857,0.9850098771929825,0.00573468812779322,1.0068228421052632,0.0046237160004499196,3,"1,2,3"
8,23.625,1.0233723333333333,0.01096254982558183,0.9947397017543858,0.005893570002517726,1.0067460175438596,0.004554601849355844,3,"1,2,3"
8,23.875,1.0204971578947368,0.013159181181393115,1.006728350877193,0.005929935312419526,1.006809456140351,0.004517583616176535,3,"1,2,3"
8,24.125,1.0060550350877193,0.021692393629567853,1.0206592982456142,0.006116119511783901,1.0071167894736843,0.004550508503440938,3,"1,2,3"
8,24.375,0.9809250350877193,0.009164489821709311,1.0332608771929823,0.005964601586335777,1.0074818596491228,0.004405153913490359,3,"1,2,3"
8,24.625,0.9732248596491228,0.012663089478190425,1.040557894736842,0.005656559760907388,1.0075103157894736,0.004315385099369752,3,"1,2,3"
8,24.875,0.9726254912280704,0.013321768648111925,1.041495087719298,0.005517809499086263,1.00739,0.004206933417943593,3,"1,2,3"
8,0.125,0.0,0.0,0.0,0.0,0.0,0.0,3,"1,2,3"
8,0.375,0.0,0.0,0.0,0.0,0.0,0.0,3,"1,2,3"
8,0.625,0.0,0.0,0.0,0.0,0.0,0.0,3,"1,2,3"
8,0.875,0.0,0.0,0.0,0.0,0.08542153508771932,0.0007796435553711805,3,"1,2,3"
8,1.125,0.0,0.0,0.0,0.0,2.4841638596491227,0.0062609517171951685,3,"1,2,3"
8,1.375,0.0,0.0,0.0,0.0,4.103214035087719,0.004429498706097688,3,"1,2,3"
8,1.625,0.0,0.0,0.0,0.0,5.2964950877192996,0.0003793383298358044,3,"1,2,3"
8,1.875,0.0,0.0,0.0,0.0,2.446196842105263,0.0019568216263098417,3,"1,2,3"
8,2.125,0.0,0.0,0.0,0.0,1.0536614035087721,0.0022380951839283533,3,"1,2,3"
8,2.375,0.0,0.0,0.0,0.0,0.9218681403508774,0.0034130155074071303,3,"1,2,3"
8,2.625,0.0,0.0,0.0,0.0,0.6344546140350876,0.003216712736311292,3,"1,2,3"
8,2.875,0.0,0.0,0.0,0.0,0.512585649122807,0.0036768554277068046,3,"1,2,3"
8,3.125,0.0,0.0,0.0,0.0,0.6105395087719298,0.004434264189863912,3,"1,2,3"
8,3.375,0.0,0.0,0.0,0.0,0.7021505263157896,0.005319670091791728,3,"1,2,3"
8,3.625,0.0,0.0,0.0,0.0,0.7809861228070175,0.005913635783019381,3,"1,2,3"
8,3.875,0.0,0.0,0.0,0.0,0.8437319473684209,0.006515366561821526,3,"1,2,3"
8,4.125,0.0,0.0,0.0,0.0,0.8919200701754386,0.006855837923217374,3,"1,2,3"
8,4.375,0.0,0.0,0.0,0.0,0.9265325614035088,0.007086802040307829,3,"1,2,3"
8,4.625,0.0,0.0,1.2234561403508772e-06,6.920913066611405e-07,0.9485195614035088,0.006671214487442223,3,"1,2,3"
8,4.875,0.0,0.0,0.00427205350877193,0.0001455385917491814,0.9610640877192983,0.006515889497479802,3,"1,2,3"
8,5.125,0.0,0.0,0.23797850877192983,0.0005420914873625462,0.981605807017544,0.006533986060304839,3,"1,2,3"
8,5.375,0.0,0.0,1.5949836842105263,0.0033520776484746895,1.0701261403508775,0.0059277130622488365,3,"1,2,3"
8,5.625,0.0,0.0,3.4958763157894737,0.0076117415860166085,1.1905752631578947,0.0060917139277894185,3,"1,2,3"
8,5.875,0.0,0.0,4.296557192982456,0.01094610903968406,1.2384242105263157,0.006274957497657983,3,"1,2,3"
8,6.125,0.0,0.0,3.9530807017543865,0.008894433113607304,1.211580701754386,0.0059047309753839676,3,"1,2,3"
8,6.375,0.0,0.0,3.1940698245614034,0.008613882633445596,1.1577036842105264,0.005880041661022832,3,"1,2,3"
8,6.625,0.0,0.0,2.4932980701754386,0.007166805216723705,1.1086984210526314,0.005880370761735633,3,"1,2,3"
8,6.875,0.0,0.0,1.9410526315789474,0.006604363383183409,1.0702750877192981,0.00589263891761225,3,"1,2,3"
8,7.125,0.0,0.0,1.537143859649123,0.005861739132469686,1.0427001754385965,0.0059526984396531405,3,"1,2,3"
8,7.375,0.0,0.0,1.2526978947368421,0.005915852078709644,1.0243233333333335,0.005772561011720973,3,"1,2,3"
8,7.625,0.0,0.0,1.0583078947368423,0.006379965569250295,1.012436298245614,0.005893150212588538,3,"1,2,3"
8,7.875,0.0,0.0,0.9301986315789472,0.007517332239319064,1.00576749122807,0.0059118559917732605,3,"1,2,3"
8,8.125,0.0,0.0,0.8525968070175439,0.008233637729970178,1.0032901578947369,0.0056803499711737095,3,"1,2,3"
8,8.375,0.0,0.0,0.8102085087719297,0.007593171985790023,1.0038625614035088,0.005722694986802377,3,"1,2,3"
8,8.625,0.0,0.0,0.7931561578947369,0.008979682794998901,1.0067191403508773,0.00581591041397362,3,"1,2,3"
8,8.875,0.0,0.0,0.7897834912280702,0.00945356217524217,1.0110062456140352,0.005679826230115498,3,"1,2,3"
8,9.125,0.0,0.0,0.7947835614035087,0.009319794661794386,1.0164877192982453,0.005599834850211961,3,"1,2,3"
8,9.375,0.0,0.0,0.804286456140351,0.009066921508048751,1.0224787719298245,0.0054898950458685,3,"1,2,3"
8,9.625,9.205894736842106e-05,8.611326010992155e-05,0.8161306140350876,0.010050983141259264,1.029539298245614,0.00558253050001757,3,"1,2,3"
8,9.875,0.0033077459649122807,0.0005935737420121787,0.8292671929824561,0.009730737638083884,1.0370329824561402,0.0052880334660273705,3,"1,2,3"
8,10.125,0.02006404649122807,0.0024661796475367952,0.8410127017543859,0.009690277422694354,1.044646140350877,0.005250291225855343,3,"1,2,3"
8,10.375,0.1138378140350877,0.00723242330616016,0.8527165614035086,0.008551302398235192,1.053027894736842,0.005029823319197732,3,"1,2,3"
8,10.625,0.39977014035087716,0.02539400156686054,0.8633919649122808,0.008380773199788012,1.0619075438596488,0.005217043528907579,3,"1,2,3"
8,10.875,0.9287833508771931,0.013714832152594371,0.8728577017543859,0.006542134967728838,1.070127192982456,0.005185490630687548,3,"1,2,3"
8,11.125,1.6579292982456142,0.01693964477118213,0.8824713684210526,0.006419147943993017,1.0756505263157896,0.005023213500229024,3,"1,2,3"
8,11.375,2.265006315789474,0.024775401149602708,0.8905763684210525,0.005652315681329583,1.0757912280701756,0.005060367986745786,3,"1,2,3"
8,11.625,2.5267305263157898,0.03833977454173893,0.8982870175438596,0.004577200638875245,1.069669649122807,0.004903712132116899,3,"1,2,3"
8,11.875,2.4765835087719297,0.0060501178202294085,0.9050892982456139,0.005213553067788119,1.058141052631579,0.004832092183114166,3,"1,2,3"
8,12.125,2.2135912280701757,0.00866004160801243,0.912073105263158,0.004897089329604337,1.0436891228070175,0.004731096951297127,3,"1,2,3"
8,12.375,1.965094210526316,0.03682109337915141,0.9189128771929825,0.0048895650474596,1.0285801754385966,0.004567074935750378,3,"1,2,3"
8,12.625,1.7303610526315787,0.026041389163877122,0.925516350877193,0.004893956632844274,1.0145963684210528,0.004552935147165158,3,"1,2,3"
8,12.875,1.5350324561403508,0.028181564504137984,0.9328507719298246,0.004866832990555351,1.0027601052631578,0.004481140538765009,3,"1,2,3"
8,13.125,1.3924061403508776,0.04286763902301852,0.9405232456140352,0.005192883978973929,0.9934328245614035,0.00464376197857243,3,"1,2,3"
8,13.375,1.2697322807017546,0.038765529019161256,0.948372052631579,0.005589996290366866,0.9865465263157894,0.004707187550859374,3,"1,2,3"
8,13.625,1.1718895789473684,0.0434303330946142,0.9569158771929825,0.0045991314910024126,0.9820001754385964,0.004780901567818512,3,"1,2,3"
8,13.875,1.1116862456140353,0.03888946805460751,0.9657818245614035,0.004520408206085539,0.9795946842105261,0.004831532168867297,3,"1,2,3"
8,14.125,1.0454985789473685,0.028570715847826587,0.9745967368421052,0.0036664714150145363,0.9785656491228071,0.004853171760156334,3,"1,2,3"
8,14.375,1.0173083684210529,0.025171441644777675,0.9842236666666668,0.003877523936101393,0.978899894736842,0.004905068488532379,3,"1,2,3"
8,14.625,0.9866044912280704,0.023842499906200416,0.9938824210526317,0.0037635796159231675,0.9799783859649124,0.004807224622508643,3,"1,2,3"
8,14.875,0.9589711228070176,0.018802159207322335,1.003911701754386,0.00415388327950893,0.9815572280701753,0.004770397373323863,3,"1,2,3"
8,15.125,0.9539287719298247,0.01819953463076018,1.014544,0.004313769349420536,0.9834821578947368,0.0047467213506582565,3,"1,2,3"
8,15.375,0.9362165438596489,0.004726528947706282,1.0245657368421053,0.004030601510617928,0.9854543508771929,0.004659563619420035,3,"1,2,3"
8,15.625,0.9224449649122807,0.01760090037576333,1.035658245614035,0.00460405061397207,0.987497947368421,0.004738002781970333,3,"1,2,3"
8,15.875,0.9138415789473685,0.002948321065342195,1.0469347368421051,0.004747390068803657,0.9895823157894738,0.00480801780174553,3,"1,2,3"
8,16.125,0.9121548947368421,0.005648139974926368,1.0582501754385965,0.004875220900046877,0.9915089298245615,0.004828111642837496,3,"1,2,3"
8,16.375,0.9066956315789474,0.003966077061715267,1.068066842105263,0.0056632016400839725,0.9933641052631579,0.004930081309603257,3,"1,2,3"
8,16.625,0.8970808245614035,0.010005310818969104,1.0761680701754386,0.006167556827270261,0.9948988070175441,0.004902696472027338,3,"1,2,3"
8,16.875,0.9059171403508772,0.00875271199489746,1.0793105263157894,0.005370646821015779,0.9961314385964911,0.0047437765745217625,3,"1,2,3"
8,17.125,0.9070327894736843,0.019475396435442226,1.0781521052631582,0.005927838279395511,0.9972272280701754,0.004619819417897723,3,"1,2,3"
8,17.375,0.8995348947368423,0.017304883033719427,1.0733031578947367,0.0059899604371635015,0.9977707017543859,0.004650890872540449,3,"1,2,3"
8,17.625,0.9053445964912282,0.024725052793519952,1.063934210526316,0.005406798702266712,0.9983174912280702,0.004359373760021398,3,"1,2,3"
8,17.875,0.9143637368421054,0.011535458635434566,1.052701403508772,0.0056473114454595585,0.9987584385964912,0.004268984304527704,3,"1,2,3"
8,18.125,0.932125754385965,0.0077234958133971,1.0412457894736842,0.006853477889906799,0.999389140350877,0.004207135540244137,3,"1,2,3"
8,18.375,0.9496698245614036,0.004388129531318082,1.028861912280702,0.006908382841279535,1.0000803859649123,0.0042397827267832006,3,"1,2,3"
8,18.625,0.9574284385964913,0.0074930614973218275,1.0183465263157896,0.006812650057442557,1.0010394736842103,0.004204541052113633,3,"1,2,3"
8,18.875,0.9725284736842105,0.010533838268488294,1.0088041578947367,0.007156517766291386,1.0019322105263158,0.004225600033992329,3,"1,2,3"
8,19.125,0.9826375789473684,0.010711784171665876,1.0007064035087718,0.007296389831365462,1.0029469649122806,0.004294751593183611,3,"1,2,3"
8,19.375,0.9860232105263158,0.0035688823660310065,0.993765456140351,0.00763413124003579,1.0039448245614035,0.004244761265161553,3,"1,2,3"
8,19.625,0.9893571228070176,0.01241591603107617,0.9879902807017543,0.007340769851557889,1.0047378947368422,0.004216759329271405,3,"1,2,3"
8,19.875,0.9935040350877192,0.012736212627647488,0.9836067368421052,0.0067552695230253725,1.0055574035087718,0.004314844957906662,3,"1,2,3"
8,20.125,1.004226596491228,0.0105324720827642,0.979921298245614,0.006594480346775824,1.006282649122807,0.0043047346049533055,3,"1,2,3"
8,20.375,1.0009237368421051,0.008366816938609955,0.9771381754385963,0.0063151902765957715,1.0070134912280702,0.00430913325482264,3,"1,2,3"
8,20.625,1.018117052631579,0.007858000468260913,0.9746539122807018,0.006034227081687865,1.0075619649122807,0.004383071373316729,3,"1,2,3"
8,20.875,1.0278556491228068,0.009982019301421325,0.9728802631578947,0.005054915545187168,1.0080643333333332,0.0042941396197097095,3,"1,2,3"
8,21.125,1.0293126842105262,0.009296286509169837,0.9709692280701754,0.0050092805845513,1.008395456140351,0.0044077912520627755,3,"1,2,3"
8,21.375,1.0387926666666667,0.015471581421587938,0.9692669122807018,0.004691331529583901,1.0084316140350877,0.004418099824343423,3,"1,2,3"
8,21.625,1.0471212807017543,0.012115947883819188,0.967968052631579,0.0046221558789735035,1.008398894736842,0.004377652135746677,3,"1,2,3"
8,21.875,1.0594868771929824,0.008066016460025114,0.9669602105263158,0.00432605529842838,1.0082610877192983,0.004322085062747685,3,"1,2,3"
8,22.125,1.0584565614035089,0.013003896673212927,0.9667241754385966,0.0038688816046012595,1.0079765087719297,0.004256719994373172,3,"1,2,3"
8,22.375,1.0614749649122805,0.01086520644837902,0.9671383157894736,0.003832889229644233,1.0076869824561403,0.004305456261343812,3,"1,2,3"
8,22.625,1.0576002105263158,0.005337921805208692,0.9683854912280703,0.0040416287617378996,1.0071561578947368,0.004281710690130786,3,"1,2,3"
8,22.875,1.0466535087719298,0.01154807389729807,0.9714062105263156,0.004052323782569807,1.0067662807017543,0.0043520620621349685,3,"1,2,3"
8,23.125,1.039685596491228,0.0216130553278025,0.976002947368421,0.004116861197343142,1.0064368596491227,0.004251565934168611,3,"1,2,3"
8,23.375,1.0262500175438596,0.021235234387820903,0.9826867894736843,0.004212371934974263,1.0061476666666667,0.004302652907148908,3,"1,2,3"
8,23.625,1.0265090877192982,0.021326936428783246,0.9920123333333333,0.00417032365190631,1.0060458596491226,0.00428403767191574,3,"1,2,3"
8,23.875,1.0143136140350877,0.020188523239264757,1.0047050175438599,0.004129386086815512,1.0062342982456143,0.004270800787147135,3,"1,2,3"
8,24.125,0.9930682456140351,0.006759586592113205,1.0197733333333332,0.0045172699150459895,1.0065793157894738,0.004207200332640078,3,"1,2,3"
8,24.375,0.9814776315789473,0.010159290950403837,1.032997543859649,0.004477044895257448,1.0069566666666667,0.004113774975280511,3,"1,2,3"
8,24.625,0.9792270701754386,0.016177826217036922,1.0405287719298244,0.004577312076076655,1.007117298245614,0.004117553850816455,3,"1,2,3"
8,24.875,0.9780155087719299,0.026589717503060623,1.0413394736842105,0.004500350083848153,1.0069089824561404,0.004096628958126525,3,"1,2,3"
8,0.125,0.0,0.0,0.0,0.0,0.0,0.0,3,"1,2,3"
8,0.375,0.0,0.0,0.0,0.0,0.0,0.0,3,"1,2,3"
8,0.625,0.0,0.0,0.0,0.0,0.0,0.0,3,"1,2,3"
8,0.875,0.0,0.0,0.0,0.0,0.08649636491228069,0.0006960981912636893,3,"1,2,3"
8,1.125,0.0,0.0,0.0,0.0,2.494538245614035,0.0009308880710379192,3,"1,2,3"
8,1.375,0.0,0.0,0.0,0.0,4.107123157894738,0.001954313268357252,3,"1,2,3"
8,1.625,0.0,0.0,0.0,0.0,5.2951887719298245,6.691918933193476e-05,3,"1,2,3"
8,1.875,0.0,0.0,0.0,0.0,2.4436942105263157,0.0006920259443574595,3,"1,2,3"
8,2.125,0.0,0.0,0.0,0.0,1.0545442105263156,0.0007199508806472519,3,"1,2,3"
8,2.375,0.0,0.0,0.0,0.0,0.921669350877193,0.0009012495853092163,3,"1,2,3"
8,2.625,0.0,0.0,0.0,0.0,0.6339632280701756,0.0010481610104594798,3,"1,2,3"
8,2.875,0.0,0.0,0.0,0.0,0.5125474912280702,0.0012802086635475282,3,"1,2,3"
8,3.125,0.0,0.0,0.0,0.0,0.6112867543859649,0.001845198198601081,3,"1,2,3"
8,3.375,0.0,0.0,0.0,0.0,0.7035168947368421,0.0022385215948808245,3,"1,2,3"
8,3.625,0.0,0.0,0.0,0.0,0.7819909473684211,0.002989152271762965,3,"1,2,3"
8,3.875,0.0,0.0,0.0,0.0,0.8458294035087719,0.0030250073944594973,3,"1,2,3"
8,4.125,0.0,0.0,0.0,0.0,0.8942006842105262,0.0027616378445567647,3,"1,2,3"
8,4.375,0.0,0.0,0.0,0.0,0.9278461052631579,0.002898258544213139,3,"1,2,3"
8,4.625,0.0,0.0,1.7128350877192983e-06,3.460444127990284e-07,0.9497978070175437,0.0027263417360864632,3,"1,2,3"
8,4.875,0.0,0.0,0.004331299122807017,3.037074329146917e-05,0.962518701754386,0.0030515973596913393,3,"1,2,3"
8,5.125,0.0,0.0,0.2394631754385965,0.0004294475919433214,0.9828462807017543,0.0030172204734916597,3,"1,2,3"
8,5.375,0.0,0.0,1.5982708771929823,0.00355603650563737,1.0710714035087718,0.003322459243735884,3,"1,2,3"
8,5.625,0.0,0.0,3.498328947368421,0.007001559620478506,1.1913280701754385,0.0036037969699747453,3,"1,2,3"
8,5.875,0.0,0.0,4.296452280701755,0.007902808146993784,1.2391410526315791,0.003300757153129283,3,"1,2,3"
8,6.125,0.0,0.0,3.9537873684210525,0.01017049532982212,1.2125626315789473,0.0036689054526770604,3,"1,2,3"
8,6.375,0.0,0.0,3.191067719298246,0.008456309749340675,1.1586443859649123,0.0038134778317545945,3,"1,2,3"
8,6.625,0.0,0.0,2.492622280701754,0.006792637972452881,1.1097284210526315,0.0036428526005388385,3,"1,2,3"
8,6.875,0.0,0.0,1.938826315789474,0.006595229325921634,1.071332631578947,0.003642877618136503,3,"1,2,3"
8,7.125,0.0,0.0,1.5359398245614038,0.006601136606198213,1.0433798245614037,0.0035896256163076975,3,"1,2,3"
8,7.375,0.0,0.0,1.2523780701754386,0.0043179494879924465,1.0243942105263157,0.003523092871256995,3,"1,2,3"
8,7.625,0.0,0.0,1.0571847368421052,0.0029223338110227546,1.0125258070175438,0.003577859405412548,3,"1,2,3"
8,7.875,0.0,0.0,0.9301794210526317,0.0030403887790836663,1.0059947192982455,0.0032706161581834074,3,"1,2,3"
8,8.125,0.0,0.0,0.8525406842105263,0.001956622442206967,1.0033881578947368,0.0032938119244328916,3,"1,2,3"
8,8.375,0.0,0.0,0.810357245614035,0.0012345102560027607,1.0044190175438596,0.0034568367441603306,3,"1,2,3"
8,8.625,0.0,0.0,0.7920047543859648,0.002225267444407175,1.0071694912280702,0.0034319650456383576,3,"1,2,3"
8,8.875,0.0,0.0,0.7899399298245614,0.0023268558590899308,1.0114643684210527,0.003719967439714951,3,"1,2,3"
8,9.125,0.0,0.0,0.795250947368421,0.0027504331978114617,1.0171922807017542,0.003804847210610407,3,"1,2,3"
8,9.375,0.0,0.0,0.8054447368421053,0.0040481759596372804,1.0232771929824562,0.0037920555613173697,3,"1,2,3"
8,9.625,2.6302631578947368e-05,3.7197538305050224e-05,0.8177044736842105,0.004490103985700143,1.0301528070175439,0.0038997076939805784,3,"1,2,3"
8,9.875,0.002811116315789474,0.0005569422572159175,0.8305035263157894,0.005024194440926946,1.0374575438596492,0.004249783772313431,3,"1,2,3"
8,10.125,0.02567650824561403,0.002092015222804523,0.8432492280701757,0.005877832929966678,1.0452424561403508,0.004131285861396774,3,"1,2,3"
8,10.375,0.1264383298245614,0.0026487539098988887,0.8554464035087719,0.005525617555611665,1.0536194736842104,0.004294006731885798,3,"1,2,3"
8,10.625,0.4098097543859649,0.002919568048324357,0.8658372105263158,0.005800100637201191,1.062304561403509,0.004285703010288721,3,"1,2,3"
8,10.875,0.9531162807017545,0.024871863947930863,0.8747311052631579,0.005956060710058394,1.070295087719298,0.00434845184947793,3,"1,2,3"
8,11.125,1.667167543859649,0.007583260302226725,0.8835047719298245,0.005865516974825493,1.0756207017543862,0.004219671654337757,3,"1,2,3"
8,11.375,2.246859298245614,0.03721118099707804,0.8908132280701754,0.005498189206542225,1.0756084210526315,0.004144525630931381,3,"1,2,3"
8,11.625,2.5301622807017545,0.008696642078472809,0.8987135964912282,0.0056655184270909785,1.0694050877192982,0.004165207700248727,3,"1,2,3"
8,11.875,2.4436978947368417,0.01950272779178361,0.9057120877192982,0.005250940032859413,1.057743157894737,0.003878968102017761,3,"1,2,3"
8,12.125,2.2279422807017544,0.015857483206784102,0.9121593684210526,0.004821899213764416,1.0431294736842105,0.0038672918509452996,3,"1,2,3"
8,12.375,1.958049298245614,0.022399956801227087,0.9194987719298244,0.005266162488753781,1.0279891228070177,0.0037880640246825796,3,"1,2,3"
8,12.625,1.699330701754386,0.026488527234228773,0.9271694912280702,0.005763918328159315,1.0142302807017545,0.003934686904523133,3,"1,2,3"
8,12.875,1.518149649122807,0.02845780635982292,0.9348420175438595,0.005323333945573143,1.0025694912280703,0.003906967469960213,3,"1,2,3"
8,13.125,1.3861703508771932,0.025206892798747486,0.9423626842105263,0.006100915166958345,0.9932369649122808,0.0038979128350545202,3,"1,2,3"
8,13.375,1.2702862631578948,0.022273759005736145,0.9504336140350879,0.0064910975814764975,0.9864951754385965,0.004081258627659059,3,"1,2,3"
8,13.625,1.1802378070175437,0.016850420658765453,0.9576341052631578,0.005672335198639558,0.9820157368421052,0.0041221389401972005,3,"1,2,3"
8,13.875,1.105382403508772,0.014685786832474847,0.9662206491228068,0.005848283918152247,0.9794620701754385,0.00410525772386808,3,"1,2,3"
8,14.125,1.0634807543859648,0.032779108914979364,0.9752599649122806,0.005947003554144481,0.978599298245614,0.00417488723891798,3,"1,2,3"
8,14.375,1.018245403508772,0.02139295645617932,0.9842333684210526,0.006192627489106362,0.9787839824561404,0.0043457208925942415,3,"1,2,3"
8,14.625,1.0085834210526314,0.010386420271460313,0.9938516315789473,0.005806866795732553,0.9799776140350879,0.004272462680265556,3,"1,2,3"
8,14.875,0.9729605614035086,0.01586446741671862,1.0037668771929826,0.006225318519343641,0.9814082456140353,0.004395355621808823,3,"1,2,3"
8,15.125,0.9587089122807017,0.006211874770250885,1.014092,0.00608334397504721,0.9832602982456141,0.0043696649157739876,3,"1,2,3"
8,15.375,0.9419980175438597,0.016696389215274776,1.0253637719298245,0.005888849920456171,0.9853553684210526,0.004381724365744555,3,"1,2,3"
8,15.625,0.9378456140350879,0.01258223912492285,1.035892807017544,0.005638248818417086,0.9873496140350877,0.004484832678678265,3,"1,2,3"
8,15.875,0.9262735614035088,0.01692774620828807,1.0467828070175438,0.005243605389057049,0.9893361754385964,0.0043654867677030175,3,"1,2,3"
8,16.125,0.9057432982456138,0.024315868995325743,1.0576984210526315,0.0051932247217077905,0.991263298245614,0.004564850689134922,3,"1,2,3"
8,16.375,0.9127817543859651,0.010337568865573634,1.0673591228070176,0.004913203597515881,0.993114649122807,0.0045109861605823805,3,"1,2,3"
8,16.625,0.9028189824561403,0.010090330571683985,1.0744922807017543,0.0048946041169202325,0.994688649122807,0.00447040678819669,3,"1,2,3"
8,16.875,0.8854632280701754,0.015784079333755387,1.0781077192982458,0.0050568169129871525,0.9960192105263158,0.004516606793904842,3,"1,2,3"
8,17.125,0.8948213333333332,0.012260977344748954,1.0772649122807019,0.006054195150190509,0.9971214561403509,0.004477938500667266,3,"1,2,3"
8,17.375,0.9001503859649121,0.005322176403160476,1.072523859649123,0.005694760617606551,0.9978331754385965,0.004359735143491193,3,"1,2,3"
8,17.625,0.9025384736842105,0.01590294215019092,1.063790701754386,0.005959386620189028,0.9984960526315789,0.0041385180730767026,3,"1,2,3"
8,17.875,0.9181300526315789,0.007905662571730634,1.0528714035087718,0.006044623387693217,0.9990625789473683,0.004091172141367913,3,"1,2,3"
8,18.125,0.9400748596491227,0.008682768293247555,1.0410336842105263,0.006435532695208614,0.999721807017544,0.0038859015361352354,3,"1,2,3"
8,18.375,0.949789596491228,0.006107243759852732,1.0289666666666666,0.006673785838693387,1.0004732631578945,0.00389968396782847,3,"1,2,3"
8,18.625,0.9698908947368422,0.015407342376064136,1.018029701754386,0.006795021639747813,1.0013575964912278,0.0038788764363847797,3,"1,2,3"
8,18.875,0.9725831228070175,0.01481438885781438,1.0080568596491226,0.006817042682366721,1.0020784210526315,0.0038418105159714008,3,"1,2,3"
8,19.125,0.9696231578947369,0.009001796516397164,0.9996140877192983,0.006749292289746619,1.0030145789473686,0.00382871861015578,3,"1,2,3"
8,19.375,0.9827257017543861,0.0084808158974746,0.992678807017544,0.00654338248733019,1.0038237719298244,0.0038645117493201395,3,"1,2,3"
8,19.625,0.9778625087719298,0.005601070431649873,0.9868547017543859,0.006416468592258897,1.0046554210526315,0.004036477663048082,3,"1,2,3"
8,19.875,0.9868624736842105,0.010636546408817397,0.982403298245614,0.006058038201745091,1.0055046666666667,0.004050715748190356,3,"1,2,3"
8,20.125,0.9971211403508771,0.011663876296224092,0.9786514912280703,0.005945350607293478,1.0062211754385963,0.004171878864944805,3,"1,2,3"
8,20.375,0.9975882807017546,0.006740434227271569,0.975652807017544,0.004949935151711976,1.0067960350877192,0.00417040372512456,3,"1,2,3"
8,20.625,1.016674438596491,0.009499298283588012,0.9730514736842105,0.0048495449922213475,1.0074011403508771,0.00413746894593151,3,"1,2,3"
8,20.875,1.0096909649122807,0.007011133428394672,0.9714594210526317,0.004450791480548597,1.0078610877192984,0.004130463642364307,3,"1,2,3"
8,21.125,1.0186753333333334,0.014461023588935992,0.9699637719298245,0.004348066505553789,1.008179438596491,0.004138433903010996,3,"1,2,3"
8,21.375,1.0328644210526317,0.01399979147312043,0.9685526666666667,0.004734577193866183,1.0083532280701755,0.004089769886388096,3,"1,2,3"
8,21.625,1.0403749824561406,0.013827705446184195,0.9676769824561403,0.005034964511054509,1.0084585789473683,0.00407089866978848,3,"1,2,3"
8,21.875,1.0538448771929827,0.017655100359453314,0.9668718070175438,0.005179718794588563,1.0083333859649122,0.003920306408760174,3,"1,2,3"
8,22.125,1.0626017368421052,0.013429436185361366,0.9673033157894736,0.005184095821511434,1.0081085087719297,0.003951704458823414,3,"1,2,3"
8,22.375,1.0655082631578947,0.0056585968045850515,0.9679769473684209,0.005027441552812211,1.0077791754385963,0.003901362140213577,3,"1,2,3"
8,22.625,1.067055245614035,0.012320233911386159,0.9692678245614035,0.0045938470837892905,1.0072868771929826,0.003903980382628144,3,"1,2,3"
8,22.875,1.0617722807017544,0.010212488333950212,0.9726348245614035,0.004865795041476555,1.0069630350877192,0.0038143656064119806,3,"1,2,3"
8,23.125,1.0514420526315789,0.0055150001546190285,0.9775857543859651,0.004971829887381083,1.0065988771929826,0.0037589407992526247,3,"1,2,3"
8,23.375,1.0339680877192985,0.009558329462670602,0.9843997192982455,0.004320256611152907,1.0063984736842106,0.0036856763467459966,3,"1,2,3"
8,23.625,1.0241685087719299,0.010132631165441363,0.9939284035087718,0.004428243417455097,1.006363140350877,0.0036597903230064757,3,"1,2,3"
8,23.875,1.0054964736842105,0.014215394054660432,1.0059020877192981,0.0040588446086790705,1.0065459122807017,0.0035829291292995315,3,"1,2,3"
8,24.125,0.9985120350877192,0.007887861578249607,1.020090701754386,0.003952798892278102,1.0068696842105263,0.0036032498491682372,3,"1,2,3"
8,24.375,0.9852933157894737,0.010066581995907542,1.0330028070175439,0.004001337872599535,1.007321947368421,0.0036866574077483154,3,"1,2,3"
8,24.625,0.9736041578947369,0.018197583080567035,1.0397740350877194,0.004076485557796614,1.0073288421052633,0.0037706087418872126,3,"1,2,3"
8,24.875,0.9652108245614036,0.014177030358715237,1.0408103508771933,0.004224959742541978,1.0071294210526316,0.0037999995001699203,3,"1,2,3"
8,0.125,0.0,0.0,0.0,0.0,0.0,0.0,3,"1,2,3"
8,0.375,0.0,0.0,0.0,0.0,0.0,0.0,3,"1,2,3"
8,0.625,0.0,0.0,0.0,0.0,0.0,0.0,3,"1,2,3"
8,0.875,0.0,0.0,0.0,0.0,0.08614161403508773,0.0004633334665696684,3,"1,2,3"
8,1.125,0.0,0.0,0.0,0.0,2.4946498245614035,0.008885983571446257,3,"1,2,3"
8,1.375,0.0,0.0,0.0,0.0,4.107123508771929,0.004606669586410816,3,"1,2,3"
8,1.625,0.0,0.0,0.0,0.0,5.294941403508773,0.0035825961104677066,3,"1,2,3"
8,1.875,0.0,0.0,0.0,0.0,2.4439745614035084,0.0020135545456429647,3,"1,2,3"
8,2.125,0.0,0.0,0.0,0.0,1.0532085964912283,0.0009597684906037628,3,"1,2,3"
8,2.375,0.0,0.0,0.0,0.0,0.9194313157894737,0.002270597403908631,3,"1,2,3"
8,2.625,0.0,0.0,0.0,0.0,0.6314365438596491,0.002158637149281761,3,"1,2,3"
8,2.875,0.0,0.0,0.0,0.0,0.5097019649122806,0.0021229959428761846,3,"1,2,3"
8,3.125,0.0,0.0,0.0,0.0,0.6078811403508771,0.002203874409405974,3,"1,2,3"
8,3.375,0.0,0.0,0.0,0.0,0.6993216842105263,0.002669722940311123,3,"1,2,3"
8,3.625,0.0,0.0,0.0,0.0,0.7778898596491227,0.0031134675040934414,3,"1,2,3"
8,3.875,0.0,0.0,0.0,0.0,0.841456649122807,0.003555186546458257,3,"1,2,3"
8,4.125,0.0,0.0,0.0,0.0,0.8899806140350878,0.003758608798032258,3,"1,2,3"
8,4.375,0.0,0.0,0.0,0.0,0.924734894736842,0.00363845004467671,3,"1,2,3"
8,4.625,0.0,0.0,1.9575263157894734e-06,9.155483965910603e-07,0.9468798245614035,0.0043354128002248615,3,"1,2,3"
8,4.875,0.0,0.0,0.004305311052631579,2.1760445504407506e-05,0.9593474912280703,0.0040861391689581755,3,"1,2,3"
8,5.125,0.0,0.0,0.23884940350877196,0.0007017684261753255,0.9798930877192982,0.004347991092218493,3,"1,2,3"
8,5.375,0.0,0.0,1.5943968421052634,0.0030068743338331552,1.0678440350877194,0.004253687235079143,3,"1,2,3"
8,5.625,0.0,0.0,3.4854075438596492,0.012180323705254336,1.1879349122807017,0.004513860388952738,3,"1,2,3"
8,5.875,0.0,0.0,4.283643157894737,0.017012351273261693,1.236289649122807,0.004809258352095241,3,"1,2,3"
8,6.125,0.0,0.0,3.938710350877193,0.01526801762521044,1.2088989473684213,0.004803988263074968,3,"1,2,3"
8,6.375,0.0,0.0,3.1819445614035087,0.010222781976792175,1.1550866666666668,0.00444473440805415,3,"1,2,3"
8,6.625,0.0,0.0,2.485824035087719,0.0072694543815356935,1.106627192982456,0.0040972173592888055,3,"1,2,3"
8,6.875,0.0,0.0,1.9342978947368425,0.008874024384231129,1.0685243859649123,0.00414786748563197,3,"1,2,3"
8,7.125,0.0,0.0,1.5314073684210525,0.007939600328119092,1.0406763157894736,0.004372988248721095,3,"1,2,3"
8,7.375,0.0,0.0,1.2485624561403508,0.00662277698145839,1.0221521754385965,0.004236047842154399,3,"1,2,3"
8,7.625,0.0,0.0,1.0548075438596491,0.007656267257378306,1.0104881754385964,0.004367494880963567,3,"1,2,3"
8,7.875,0.0,0.0,0.9284721403508772,0.007833629134863993,1.0039744912280701,0.004476891968308564,3,"1,2,3"
8,8.125,0.0,0.0,0.8515072807017544,0.00807157305197654,1.0011586842105262,0.004323939007131741,3,"1,2,3"
8,8.375,0.0,0.0,0.8101443508771929,0.008317508463495504,1.0017653859649123,0.004364315435798138,3,"1,2,3"
8,8.625,0.0,0.0,0.7932258245614036,0.007498911108684045,1.004657350877193,0.004366501571597294,3,"1,2,3"
8,8.875,0.0,0.0,0.7900183157894736,0.007093342999241832,1.0089119999999998,0.004296298212695463,3,"1,2,3"
8,9.125,0.0,0.0,0.7953882105263158,0.0071833582969875395,1.014476052631579,0.004454235937372603,3,"1,2,3"
8,9.375,0.0,0.0,0.8065115614035089,0.005946349584108209,1.0208276315789473,0.004478782497429428,3,"1,2,3"
8,9.625,8.548333333333334e-05,6.097998186943444e-05,0.818226947368421,0.005948204917419421,1.0276608771929825,0.004520869312569916,3,"1,2,3"
8,9.875,0.0025643642105263155,0.0006170392796446402,0.8304379473684209,0.005405619200764539,1.0350057894736844,0.004601059193965111,3,"1,2,3"
8,10.125,0.026407409649122804,0.003596167915619461,0.8431199824561405,0.005217370875800215,1.0426928070175439,0.004561882181361687,3,"1,2,3"
8,10.375,0.12601960877192983,0.0036824658419395053,0.8545848771929826,0.004759425103269867,1.0510787719298247,0.004595873723085402,3,"1,2,3"
8,10.625,0.40206352631578945,0.013013069190338549,0.865143403508772,0.005181717711529872,1.0595598245614033,0.004769935012620407,3,"1,2,3"
8,10.875,0.9314179824561402,0.019680272389119603,0.8738241052631578,0.004703541121360791,1.0675491228070175,0.004726391089411711,3,"1,2,3"
8,11.125,1.6430917543859647,0.024308189707534716,0.8820302456140351,0.004505195482836052,1.0728964912280705,0.004723911402117643,3,"1,2,3"
8,11.375,2.2671807017543864,0.05580381160565936,0.8901537368421052,0.005239568562412616,1.0728214035087718,0.004726327361634171,3,"1,2,3"
8,11.625,2.5264599999999997,0.03979333816516115,0.8974960877192982,0.0056192712681542726,1.0667647368421054,0.004754350177893391,3,"1,2,3"
8,11.875,2.4505666666666666,0.028174582149269118,0.9044640877192983,0.005336965370100308,1.055499649122807,0.00459431151612193,3,"1,2,3"
8,12.125,2.2352229824561403,0.009315346013166827,0.9110468070175438,0.005563973553266338,1.0410966666666663,0.004464111995283326,3,"1,2,3"
8,12.375,1.9686766666666664,0.047650828889695705,0.9183699122807018,0.005116349581339587,1.026397192982456,0.004288252551042239,3,"1,2,3"
8,12.625,1.7276931578947368,0.03497887727474504,0.9258766140350879,0.005878774345148004,1.0126338596491227,0.004417919444131402,3,"1,2,3"
8,12.875,1.5312885964912282,0.014811908639672867,0.933249,0.006363827372092377,1.0009885263157894,0.004328427751889183,3,"1,2,3"
8,13.125,1.3855157894736843,0.009099357957320964,0.940778754385965,0.005668851795250472,0.9919005263157894,0.004228453705178891,3,"1,2,3"
8,13.375,1.2724047368421054,0.02601570845876135,0.9486026491228071,0.005980590765053718,0.9853677017543859,0.004258800955183249,3,"1,2,3"
8,13.625,1.179506807017544,0.005696471938112645,0.957290894736842,0.006013048386580264,0.9810701578947368,0.0041968662424116355,3,"1,2,3"
8,13.875,1.1175764912280701,0.013497635801488043,0.9655917192982457,0.005979658421601277,0.9787274035087719,0.004385509733012193,3,"1,2,3"
8,14.125,1.0502051754385964,0.01804763892888362,0.9743905087719299,0.005994302181049438,0.9780006666666669,0.0044804142509666835,3,"1,2,3"
8,14.375,1.024440894736842,0.01914797693722631,0.9833087192982456,0.00614699715117951,0.9780180350877193,0.004303360654219313,3,"1,2,3"
8,14.625,1.0014350175438596,0.018937689574687038,0.9924541754385965,0.005645517580053301,0.9789811228070174,0.0042002564238948804,3,"1,2,3"
8,14.875,0.9733279824561406,0.0052090214297374725,1.001583298245614,0.004648655900486871,0.9804913684210526,0.0042307903705740835,3,"1,2,3"
8,15.125,0.9543829122807018,0.010779107628874202,1.0115475789473685,0.0044581697547678165,0.9822653157894736,0.004246936602975814,3,"1,2,3"
8,15.375,0.9346314035087718,0.0060714990429465,1.0221819298245614,0.005160483584698968,0.9841918596491227,0.0041881966343172514,3,"1,2,3"
8,15.625,0.913294649122807,0.011464364712329717,1.033153859649123,0.005021606728287315,0.9861585263157896,0.00432440532880882,3,"1,2,3"
8,15.875,0.9111208771929825,0.01573174023854992,1.0439675438596492,0.005280352515117125,0.9881154035087719,0.004311083269361783,3,"1,2,3"
8,16.125,0.9054576315789474,0.026422336339367417,1.0552215789473685,0.005673212947911674,0.990017649122807,0.004426365891685804,3,"1,2,3"
8,16.375,0.8923370175438596,0.018463830631802205,1.0646142105263159,0.006340788521677596,0.9918041754385966,0.004470244398997296,3,"1,2,3"
8,16.625,0.885857192982456,0.01368714502505567,1.0719024561403507,0.006402811483304524,0.9934860877192982,0.004461821111113417,3,"1,2,3"
8,16.875,0.8917283333333333,0.014683613098350123,1.075844736842105,0.006356040699229882,0.9947076842105261,0.0043530653223710835,3,"1,2,3"
8,17.125,0.8886756666666668,0.004641662970203981,1.0759438596491229,0.006008828689705083,0.9958868421052632,0.004344909177195564,3,"1,2,3"
8,17.375,0.8984038421052629,0.00784034542493319,1.070602105263158,0.006251602180606195,0.9966624385964913,0.004275997591472457,3,"1,2,3"
8,17.625,0.9099591228070175,0.013682514441808312,1.0625228070175439,0.006243496255378024,0.9973666491228071,0.004088124014073836,3,"1,2,3"
8,17.875,0.9076054736842106,0.004623343424520117,1.0521589473684212,0.005910174068958664,0.9979739999999998,0.004088891780270864,3,"1,2,3"
8,18.125,0.9310524385964912,0.008496216438278926,1.040972807017544,0.0051310983550633205,0.9985611403508772,0.003997687772220309,3,"1,2,3"
8,18.375,0.9408900701754387,0.00884654824729173,1.0294326315789475,0.0052362891006615345,0.9992840526315789,0.0040110474577368885,3,"1,2,3"
8,18.625,0.9541777368421053,0.005028734951218147,1.0185392280701755,0.0044199618855674935,1.0001302105263157,0.003856317081737874,3,"1,2,3"
8,18.875,0.9751627719298246,0.013084142569888345,1.0085546140350876,0.00447748827086778,1.0009894035087719,0.0036813159391735463,3,"1,2,3"
8,19.125,0.9870911403508771,0.005968029437372383,1.0000584035087718,0.004249413692290316,1.0019661403508773,0.0037145318761302483,3,"1,2,3"
8,19.375,0.9908206140350876,0.006927016512084706,0.9928456666666667,0.004232117222099874,1.0029626140350876,0.00363599244761338,3,"1,2,3"
8,19.625,0.9883997719298246,0.005636995202653805,0.9866552631578945,0.00450813675961564,1.0038357543859648,0.0036229617968720727,3,"1,2,3"
8,19.875,0.9859439649122806,0.0014368613097704036,0.9818652280701755,0.004429577702553751,1.004591842105263,0.0037149512565324756,3,"1,2,3"
8,20.125,0.9916948421052632,0.006969456066533722,0.9783575438596491,0.004165541017811347,1.0053291929824562,0.003811374159901505,3,"1,2,3"
8,20.375,0.9915505789473684,0.010199055111033287,0.9753233684210527,0.004394517014356933,1.005943298245614,0.0038173683374415103,3,"1,2,3"
8,20.625,1.00588701754386,0.004919354978087236,0.9731224035087719,0.003761801242718747,1.0064711228070176,0.003733558598021849,3,"1,2,3"
8,20.875,1.0155593333333333,0.0057171516686922615,0.9711293157894736,0.0037364434200465994,1.0068578947368423,0.0037612289456906253,3,"1,2,3"
8,21.125,1.0289007368421055,0.01810313927755844,0.9697627719298246,0.00395435510472254,1.007196842105263,0.0038162042187186336,3,"1,2,3"
8,21.375,1.033990842105263,0.00940540241495595,0.9686114912280702,0.0037970512917469426,1.0074555438596489,0.0037520831754828147,3,"1,2,3"
8,21.625,1.0549844035087719,0.013373322041557546,0.9679463508771929,0.0039364726992306195,1.0076489473684211,0.0036832444638170746,3,"1,2,3"
8,21.875,1.0581048245614035,0.003047394278087188,0.9673150877192983,0.004239843716159466,1.00758350877193,0.0037366482055780446,3,"1,2,3"
8,22.125,1.0596294035087719,0.008248862820121107,0.967362,0.0045714236355212465,1.007321701754386,0.003685782019811863,3,"1,2,3"
8,22.375,1.0685591052631578,0.013803446096482845,0.967983456140351,0.004329643660811901,1.0070476140350877,0.0036382240095089832,3,"1,2,3"
8,22.625,1.0496143684210528,0.007827664367700559,0.969438403508772,0.004038044504552312,1.0066412807017542,0.003666222295661702,3,"1,2,3"
8,22.875,1.0458399298245613,0.014771322755621782,0.9722004561403509,0.0038816917755432182,1.0063198245614033,0.0036191613709864903,3,"1,2,3"
8,23.125,1.0510005789473684,0.011791437867472183,0.976639894736842,0.0035936998088027736,1.0059515087719297,0.0035649942134699385,3,"1,2,3"
8,23.375,1.0531296140350879,0.026457439353981035,0.983572403508772,0.0032953727575129005,1.0056916315789473,0.003522941938511582,3,"1,2,3"
8,23.625,1.0430414210526315,0.022433168322800155,0.9930634385964913,0.0037194802917215205,1.0057107368421054,0.0035129027851392093,3,"1,2,3"
8,23.875,1.0217137368421052,0.011694927219777752,1.004991245614035,0.0038681706543458086,1.0058827543859648,0.0035384892327767112,3,"1,2,3"
8,24.125,1.0014172105263157,0.006853132986749451,1.0195639122807016,0.00410349564206619,1.0061758596491228,0.0035104556097283806,3,"1,2,3"
8,24.375,0.991431298245614,0.012331579159746767,1.0328938596491228,0.004093126556896686,1.0066362105263158,0.0035201811598223358,3,"1,2,3"
8,24.625,0.9730461403508771,0.007535066549936582,1.040125789473684,0.004801613436899541,1.0066854385964912,0.003561629419591496,3,"1,2,3"
8,24.875,0.9640453157894737,0.0020270792277937016,1.040886842105263,0.004480037037341924,1.0064337719298246,0.003575878627176055,3,"1,2,3"
8,0.125,0.0,0.0,0.0,0.0,0.0,0.0,3,"1,2,3"
8,0.375,0.0,0.0,0.0,0.0,0.0,0.0,3,"1,2,3"
8,0.625,0.0,0.0,0.0,0.0,0.0,0.0,3,"1,2,3"
8,0.875,0.0,0.0,0.0,0.0,0.08550571403508772,0.00045938596558897844,3,"1,2,3"
8,1.125,0.0,0.0,0.0,0.0,2.4883314035087722,0.0039693216515740825,3,"1,2,3"
8,1.375,0.0,0.0,0.0,0.0,4.103201929824562,0.0024368005124462046,3,"1,2,3"
8,1.625,0.0,0.0,0.0,0.0,5.295917368421052,0.0010168116845545878,3,"1,2,3"
8,1.875,0.0,0.0,0.0,0.0,2.4455494736842103,0.0013828412278696681,3,"1,2,3"
8,2.125,0.0,0.0,0.0,0.0,1.0540285964912282,0.0012817010520981952,3,"1,2,3"
8,2.375,0.0,0.0,0.0,0.0,0.9221301578947368,0.0016496420703582257,3,"1,2,3"
8,2.625,0.0,0.0,0.0,0.0,0.6338530350877194,0.0022744685299812225,3,"1,2,3"
8,2.875,0.0,0.0,0.0,0.0,0.5115413859649123,0.002190963605042526,3,"1,2,3"
8,3.125,0.0,0.0,0.0,0.0,0.6093398245614036,0.0033343100696403144,3,"1,2,3"
8,3.375,0.0,0.0,0.0,0.0,0.7008202631578948,0.003114808169617802,3,"1,2,3"
8,3.625,0.0,0.0,0.0,0.0,0.7787203508771929,0.0031331995999043026,3,"1,2,3"
8,3.875,0.0,0.0,0.0,0.0,0.841628649122807,0.003105514313463,3,"1,2,3"
8,4.125,0.0,0.0,0.0,0.0,0.8895708596491229,0.002949910125032154,3,"1,2,3"
8,4.375,0.0,0.0,0.0,0.0,0.9233391228070175,0.0031566951716778297,3,"1,2,3"
8,4.625,0.0,0.0,4.893824561403508e-07,3.4604565333057024e-07,0.9453705087719299,0.002696086001465912,3,"1,2,3"
8,4.875,0.0,0.0,0.0044504503508771935,2.14188777090349e-05,0.9580579649122806,0.0026275815753380957,3,"1,2,3"
8,5.125,0.0,0.0,0.23894745614035084,0.0002369077894622864,0.9785724561403509,0.0026093235282067906,3,"1,2,3"
8,5.375,0.0,0.0,1.5944066666666667,0.0059507317664704296,1.0668371929824563,0.0027610185981988577,3,"1,2,3"
8,5.625,0.0,0.0,3.48591403508772,0.019445891577157037,1.1870256140350879,0.003693752088823861,3,"1,2,3"
8,5.875,0.0,0.0,4.279668596491228,0.026929910073583065,1.2348731578947367,0.004030914699527497,3,"1,2,3"
8,6.125,0.0,0.0,3.9465570175438596,0.021882307784312265,1.2086407017543859,0.003997811435745374,3,"1,2,3"
8,6.375,0.0,0.0,3.1891540350877197,0.013524767474585413,1.1550608771929827,0.003668965358530078,3,"1,2,3"
8,6.625,0.0,0.0,2.4900905263157895,0.012652810584891296,1.1062301754385964,0.0037064343826059996,3,"1,2,3"
8,6.875,0.0,0.0,1.936836315789474,0.007683791300748727,1.0682736842105263,0.003737050426612431,3,"1,2,3"
8,7.125,0.0,0.0,1.5340445614035085,0.004823603522134657,1.040697192982456,0.003760047403812252,3,"1,2,3"
8,7.375,0.0,0.0,1.2494894736842106,0.004378202450134933,1.022025087719298,0.003460035235206546,3,"1,2,3"
8,7.625,0.0,0.0,1.0565133333333334,0.003055013509099581,1.0103919298245616,0.003422233051501237,3,"1,2,3"
8,7.875,0.0,0.0,0.929163298245614,0.0035414016126335407,1.0036387192982454,0.003638496813586749,3,"1,2,3"
8,8.125,0.0,0.0,0.8507202631578948,0.004561905741109424,1.0008632280701752,0.0034263900486019,3,"1,2,3"
8,8.375,0.0,0.0,0.8090559298245612,0.0045595468034934266,1.001769,0.0036322978772236315,3,"1,2,3"
8,8.625,0.0,0.0,0.791502298245614,0.005019923595952714,1.0046995263157894,0.0035640842691703188,3,"1,2,3"
8,8.875,0.0,0.0,0.7885047719298245,0.0041539894096385725,1.0094650877192983,0.003437209073483283,3,"1,2,3"
8,9.125,0.0,0.0,0.7935600877192982,0.004371433910371656,1.015161543859649,0.003743522491600891,3,"1,2,3"
8,9.375,0.0,0.0,0.802585596491228,0.00479552936549794,1.0214580701754385,0.003846337163091067,3,"1,2,3"
8,9.625,4.274157894736842e-05,6.0445720624608774e-05,0.814040947368421,0.005316440429658253,1.0285945614035088,0.003969397486401178,3,"1,2,3"
8,9.875,0.0028048721754385963,0.0003757778962615964,0.8275239298245612,0.005520660509770818,1.0361287719298244,0.004466064105385414,3,"1,2,3"
8,10.125,0.024086949859649123,0.0036028529549902637,0.8393684912280701,0.005266721665269158,1.0437042105263157,0.004269703811404242,3,"1,2,3"
8,10.375,0.1207196210526316,0.0062328714224482475,0.8509497368421052,0.005791319447558875,1.0519163157894738,0.0043145703027654995,3,"1,2,3"
8,10.625,0.40122435087719305,0.0040082414065627,0.8621911754385966,0.005520797449546308,1.0606631578947365,0.00451979513994947,3,"1,2,3"
8,10.875,0.9282551228070176,0.01928217225937788,0.8713997368421053,0.006238959410091959,1.0687085964912282,0.004556754128448744,3,"1,2,3"
8,11.125,1.637002807017544,0.029976638701433068,0.8802319649122806,0.006440731850550666,1.0736173684210526,0.004514857733182361,3,"1,2,3"
8,11.375,2.23727350877193,0.05959840270085852,0.887779245614035,0.006144002340914085,1.073810701754386,0.004481730335717682,3,"1,2,3"
8,11.625,2.5236487719298246,0.05591270615166873,0.8951094561403509,0.006720840737202101,1.0674289473684209,0.004376376543765019,3,"1,2,3"
8,11.875,2.4662354385964913,0.061807596477561066,0.903319894736842,0.0067640183996226285,1.0561033333333334,0.00418959096488708,3,"1,2,3"
8,12.125,2.2122047368421054,0.05439820148532834,0.9106987543859649,0.005893654650087981,1.0419521052631577,0.004161443943769706,3,"1,2,3"
8,12.375,1.9530610526315788,0.02944277454721027,0.9179880350877193,0.006264099508214565,1.0268014035087718,0.003919524825001215,3,"1,2,3"
8,12.625,1.717622105263158,0.023834948122142343,0.9262553333333332,0.005981801605033586,1.0130234736842105,0.0037603639899653806,3,"1,2,3"
8,12.875,1.5388285964912278,0.015006646605804296,0.9333875087719298,0.006331691686492969,1.0014864210526315,0.0038431406610155506,3,"1,2,3"
8,13.125,1.3932035087719299,0.01691672653401507,0.941389,0.004932814592339738,0.9922909298245615,0.003583249235629693,3,"1,2,3"
8,13.375,1.2594415789473683,0.007214638870732714,0.9490720350877194,0.004764846623646571,0.9855450000000001,0.003720144001571466,3,"1,2,3"
8,13.625,1.1748020175438596,0.007102200655704847,0.9571057368421053,0.004907160506294289,0.981244052631579,0.0036620368296152567,3,"1,2,3"
8,13.875,1.1037721228070174,0.030940168548871286,0.9657909824561403,0.004228137660959411,0.978705456140351,0.0037604492338196107,3,"1,2,3"
8,14.125,1.0497621403508774,0.03281272649148303,0.9745078421052632,0.003862557365484986,0.9779873508771929,0.0035803031945081006,3,"1,2,3"
8,14.375,1.0145328421052633,0.027040495521837023,0.9840446666666667,0.0037359555435432243,0.9784078771929824,0.003486963100008269,3,"1,2,3"
8,14.625,0.9956945614035088,0.027730395179801404,0.9934833333333333,0.0037431395886743804,0.9794668245614035,0.00351731228112892,3,"1,2,3"
8,14.875,0.9726409298245612,0.02263078663490022,1.00337050877193,0.004144918397434555,0.9811399473684211,0.003522686580470801,3,"1,2,3"
8,15.125,0.9436087368421053,0.014282009249770349,1.0132896842105263,0.00509401539984049,0.9829828070175438,0.003486991902067591,3,"1,2,3"
8,15.375,0.9382782456140352,0.010682077890806245,1.0228009824561406,0.005255251465840884,0.984752052631579,0.0035407071193328398,3,"1,2,3"
8,15.625,0.9109192807017544,0.005728972898480998,1.033406140350877,0.005362739104103037,0.986941192982456,0.00361416268451303,3,"1,2,3"
8,15.875,0.9018857017543859,0.010102444040369406,1.0450063157894736,0.004478958521436871,0.9890067894736841,0.0036025564753235317,3,"1,2,3"
8,16.125,0.9093819649122806,0.002001694518685956,1.055487543859649,0.004554798862152727,0.990823105263158,0.0037033024165670446,3,"1,2,3"
8,16.375,0.8964572456140351,0.015683742631801716,1.0655514035087716,0.005521149537278305,0.9926967017543858,0.0038747318304331764,3,"1,2,3"
8,16.625,0.908149649122807,0.020136815375177485,1.0725382456140349,0.005118830341879302,0.994230403508772,0.0040167436226692605,3,"1,2,3"
8,16.875,0.894475298245614,0.01707368226179133,1.0774550877192983,0.005071262167273572,0.9955837719298245,0.004138520040122962,3,"1,2,3"
8,17.125,0.9022623157894736,0.020727295807245884,1.0770212280701754,0.00547548445991687,0.9965330175438596,0.004203850240941151,3,"1,2,3"
8,17.375,0.8950763684210526,0.01949376427777474,1.0717210526315792,0.005727488963285876,0.9973065614035089,0.00433007591333055,3,"1,2,3"
8,17.625,0.9041131228070176,0.013042471385791244,1.063005087719298,0.0053135656688292916,0.9981034736842105,0.004386754013154827,3,"1,2,3"
8,17.875,0.9216127894736842,0.004669268407246452,1.0527282456140352,0.005097820752391648,0.998802894736842,0.004352720492314131,3,"1,2,3"
8,18.125,0.9417070877192982,0.003893522266836416,1.0408029824561404,0.005163594010827125,0.9995096491228069,0.004266240228862533,3,"1,2,3"
8,18.375,0.962047947368421,0.02131655583032174,1.0291863157894738,0.0050030129610892995,1.0003941403508774,0.004153960415615856,3,"1,2,3"
8,18.625,0.9742866315789472,0.011540435159928707,1.0184875789473684,0.004510620472517285,1.0011786140350878,0.00406004141510873,3,"1,2,3"
8,18.875,0.9929057192982457,0.011395589476817708,1.007817842105263,0.00469192259073135,1.0020452456140352,0.004073450272156242,3,"1,2,3"
8,19.125,0.987667543859649,0.011647692636051117,0.9994851754385965,0.0043201729947095185,1.0029212456140348,0.003901044748274501,3,"1,2,3"
8,19.375,0.9873263157894736,0.011935461751697133,0.9924812631578949,0.004421232527041682,1.0038348070175438,0.003998940072249962,3,"1,2,3"
8,19.625,0.9960396315789474,0.003866252855559313,0.9868367368421053,0.004369492166084457,1.004671140350877,0.003933813877636314,3,"1,2,3"
8,19.875,0.992521894736842,0.00471048873277191,0.982174894736842,0.004403653675675555,1.0053992105263156,0.003912050974531284,3,"1,2,3"
8,20.125,1.0012315789473687,0.005278832165575858,0.9794038245614033,0.0045046581849786755,1.006230210526316,0.003851016710736468,3,"1,2,3"
8,20.375,1.0060618245614037,0.006198618144986487,0.9761668596491226,0.004231054650537186,1.006865789473684,0.0037808521114728326,3,"1,2,3"
8,20.625,1.0102691929824559,0.008871015024077208,0.9738133684210526,0.004184569145174624,1.0073520526315791,0.0037308197819800972,3,"1,2,3"
8,20.875,1.0168155263157894,0.003380700624277163,0.9721015087719298,0.004154390335168436,1.0077920175438597,0.003709193404572732,3,"1,2,3"
8,21.125,1.0239445263157894,0.016262613010857487,0.9704211578947368,0.004039586869892668,1.008148701754386,0.003733718170954627,3,"1,2,3"
8,21.375,1.0265924736842105,0.014111389268520555,0.9689562631578948,0.00407844542740729,1.0083200877192982,0.0037503653028186715,3,"1,2,3"
8,21.625,1.0358343157894736,0.01944406808336806,0.9679455087719298,0.0036677955038983854,1.008337,0.0037355277869027567,3,"1,2,3"
8,21.875,1.048570105263158,0.01699609949783616,0.9672339649122806,0.0038607847341326764,1.0082547719298245,0.003717765027324745,3,"1,2,3"
8,22.125,1.0414677543859647,0.016453004707262634,0.9666625263157895,0.004093713838745408,1.0081387368421053,0.00375410045733576,3,"1,2,3"
8,22.375,1.0576030175438595,0.01604370119924055,0.9680030526315789,0.003964253260477201,1.0078841754385965,0.00379320208040344,3,"1,2,3"
8,22.625,1.0592151754385966,0.018599228220881406,0.9697370877192983,0.004562502061843648,1.0075822807017545,0.0037976042407312943,3,"1,2,3"
8,22.875,1.0545407368421051,0.018106396643986448,0.9722043508771928,0.0042761649317159525,1.0071637543859648,0.003791326675694621,3,"1,2,3"
8,23.125,1.0409488771929825,0.018355690752251862,0.9764873508771929,0.004568205315532844,1.0067162105263157,0.00380276194228075,3,"1,2,3"
8,23.375,1.0282159999999998,0.01760794758628295,0.9839170877192983,0.00449008360562175,1.0065625964912284,0.0037427729878604793,3,"1,2,3"
8,23.625,1.0206533684210528,0.01669842458147571,0.9936099824561405,0.004474783449953377,1.0064449298245615,0.0037594424431734454,3,"1,2,3"
8,23.875,1.0165347368421054,0.02554759487531463,1.0062666842105266,0.004444521388522873,1.0066347894736845,0.003655249116969892,3,"1,2,3"
8,24.125,1.0108747192982455,0.02151417701781952,1.0203975789473685,0.004136829942395508,1.0070388421052632,0.003629347789315222,3,"1,2,3"
8,24.375,0.9948218596491228,0.008903170349492593,1.0338949122807017,0.004267693847096553,1.0073740350877192,0.0036084112717972984,3,"1,2,3"
8,24.625,0.9718773157894738,0.013376019457941951,1.0408899999999999,0.004563340938071753,1.0073500350877194,0.003640641137191678,3,"1,2,3"
8,24.875,0.958924807017544,0.013096441114791267,1.0417615789473684,0.005036309675061743,1.0070405789473684,0.0037229668100699194,3,"1,2,3"
8,0.125,0.0,0.0,0.0,0.0,0.0,0.0,3,"1,2,3"
8,0.375,0.0,0.0,0.0,0.0,0.0,0.0,3,"1,2,3"
8,0.625,0.0,0.0,0.0,0.0,0.0,0.0,3,"1,2,3"
8,0.875,0.0,0.0,0.0,0.0,0.08544137017543861,0.00048785442177791643,3,"1,2,3"
8,1.125,0.0,0.0,0.0,0.0,2.490537368421053,0.0022130610780500075,3,"1,2,3"
8,1.375,0.0,0.0,0.0,0.0,4.107862280701754,0.001726456205956301,3,"1,2,3"
8,1.625,0.0,0.0,0.0,0.0,5.295847368421053,0.0013854227898216962,3,"1,2,3"
8,1.875,0.0,0.0,0.0,0.0,2.442405964912281,0.000913694046892225,3,"1,2,3"
8,2.125,0.0,0.0,0.0,0.0,1.0538024561403507,0.0011207129320866833,3,"1,2,3"
8,2.375,0.0,0.0,0.0,0.0,0.9208299824561403,0.001836523538621254,3,"1,2,3"
8,2.625,0.0,0.0,0.0,0.0,0.6319964385964912,0.002120068854756252,3,"1,2,3"
8,2.875,0.0,0.0,0.0,0.0,0.5099505263157895,0.002569533355279994,3,"1,2,3"
8,3.125,0.0,0.0,0.0,0.0,0.6078365789473684,0.0032188024108812463,3,"1,2,3"
8,3.375,0.0,0.0,0.0,0.0,0.6996082631578947,0.0036192572821283067,3,"1,2,3"
8,3.625,0.0,0.0,0.0,0.0,0.7779470526315792,0.0031552513957318405,3,"1,2,3"
8,3.875,0.0,0.0,0.0,0.0,0.8413929298245614,0.0035582100125892387,3,"1,2,3"
8,4.125,0.0,0.0,0.0,0.0,0.889686701754386,0.0034937930707082576,3,"1,2,3"
8,4.375,0.0,0.0,0.0,0.0,0.9236661403508771,0.0030441512361475596,3,"1,2,3"
8,4.625,0.0,0.0,1.4681456140350875e-06,1.0381344789152856e-06,0.9455588771929825,0.0033859917585520568,3,"1,2,3"
8,4.875,0.0,0.0,0.004317644561403509,3.5713216967591126e-05,0.9585982982456142,0.002671053551234329,3,"1,2,3"
8,5.125,0.0,0.0,0.23872919298245612,0.0011589537113879864,0.97886750877193,0.0021927641891379794,3,"1,2,3"
8,5.375,0.0,0.0,1.5914415789473686,0.002330977269798557,1.0673077192982456,0.002358699946054867,3,"1,2,3"
8,5.625,0.0,0.0,3.4796184210526313,0.006156501251839148,1.1871998245614037,0.002425564534657518,3,"1,2,3"
8,5.875,0.0,0.0,4.272239122807016,0.0062341380670636595,1.2345343859649123,0.0018094589026743306,3,"1,2,3"
8,6.125,0.0,0.0,3.9322231578947378,0.0028829340561183693,1.2075514035087718,0.001639113014498948,3,"1,2,3"
8,6.375,0.0,0.0,3.1762626315789473,0.0016641647518587546,1.1542914035087721,0.0020328071159601466,3,"1,2,3"
8,6.625,0.0,0.0,2.4827187719298247,0.0018059702637125274,1.1053429824561405,0.0019230059923940111,3,"1,2,3"
8,6.875,0.0,0.0,1.9337307017543859,0.0036881586447683017,1.0672315789473685,0.0019059568379541135,3,"1,2,3"
8,7.125,0.0,0.0,1.5296359649122806,0.005493458215372937,1.0394968421052633,0.00208595386065278,3,"1,2,3"
8,7.375,0.0,0.0,1.2486977192982458,0.005084295744687832,1.0210044736842105,0.0021122294720429275,3,"1,2,3"
8,7.625,0.0,0.0,1.0538943859649124,0.004908304725518589,1.009302157894737,0.0019990825185504987,3,"1,2,3"
8,7.875,0.0,0.0,0.9257752631578947,0.004420760655981087,1.0027148070175438,0.0025637893203782295,3,"1,2,3"
8,8.125,0.0,0.0,0.8488050877192982,0.004749625229387688,1.0002537192982457,0.002429757862280472,3,"1,2,3"
8,8.375,0.0,0.0,0.8077821403508773,0.005352317813490508,1.0011894385964915,0.002338857914080981,3,"1,2,3"
8,8.625,0.0,0.0,0.7904385789473684,0.005098336515049082,1.0040549824561402,0.002602664149063963,3,"1,2,3"
8,8.875,0.0,0.0,0.787208298245614,0.00464759547325061,1.008471298245614,0.002512687467437618,3,"1,2,3"
8,9.125,0.0,0.0,0.7928968596491228,0.004711923087892154,1.0139971929824563,0.002389731471268394,3,"1,2,3"
8,9.375,0.0,0.0,0.8034856842105262,0.004565097918404091,1.0204098245614033,0.002543597336748066,3,"1,2,3"
8,9.625,0.00023343508771929823,0.00022783417716257742,0.817567052631579,0.003734795153968342,1.0275142105263158,0.002372840905163815,3,"1,2,3"
8,9.875,0.002873587719298246,0.0004992075462146587,0.8308450701754385,0.003881621516824744,1.0348845614035087,0.002480111446180033,3,"1,2,3"
8,10.125,0.020589932631578944,0.00041162723811734276,0.8426353333333333,0.003805302755207055,1.0427636842105263,0.0025451305234402114,3,"1,2,3"
8,10.375,0.11892569298245614,0.005831948962588811,0.8529801578947368,0.003026259654399283,1.0509171929824563,0.00275919717248086,3,"1,2,3"
8,10.625,0.3923557719298245,0.004785468302487719,0.8635653157894737,0.0034200871514816606,1.0594640350877194,0.0029212233973582545,3,"1,2,3"
8,10.875,0.9240468596491228,0.031097718052141312,0.872641052631579,0.0036002833562948705,1.067432105263158,0.0032716206899729267,3,"1,2,3"
8,11.125,1.6215228070175438,0.03750318894740809,0.8819267368421052,0.003301472511505859,1.0726473684210527,0.003315783709268086,3,"1,2,3"
8,11.375,2.2212984210526314,0.019430264344157545,0.889201403508772,0.0033612292606742247,1.0728498245614033,0.0033298727465871595,3,"1,2,3"
8,11.625,2.4953222807017545,0.01745043112666869,0.8969538771929825,0.00347950008676559,1.0666640350877195,0.0034048760411573412,3,"1,2,3"
8,11.875,2.452305614035088,0.023627296827417526,0.9042182280701754,0.004582602898633231,1.0552312280701754,0.0035555680478389206,3,"1,2,3"
8,12.125,2.2017666666666664,0.02686844187271126,0.9113323508771929,0.004375764572122629,1.041164561403509,0.003763478340750631,3,"1,2,3"
8,12.375,1.96732,0.019993469977368002,0.918066052631579,0.005433558432817643,1.0263740350877193,0.003868011109280897,3,"1,2,3"
8,12.625,1.7323022807017543,0.04225171030283759,0.9248806140350877,0.0052586249575178184,1.0126886140350877,0.004098839655712259,3,"1,2,3"
8,12.875,1.516507543859649,0.017065378083928582,0.9317833157894736,0.004802594131264724,1.0012735087719298,0.004125384121981042,3,"1,2,3"
8,13.125,1.3644221052631582,0.01943989963172642,0.939811403508772,0.004754772508466083,0.9921028245614036,0.00411386153556056,3,"1,2,3"
8,13.375,1.2522926315789473,0.0073735846694258965,0.9478452105263157,0.004780168048947468,0.9857158070175438,0.003991988217491886,3,"1,2,3"
8,13.625,1.174845245614035,0.005721485078691766,0.9553793859649122,0.005041921661919936,0.9814889824561405,0.003821916420256013,3,"1,2,3"
8,13.875,1.1095086842105264,0.01768409627265726,0.9638428771929825,0.004526823939108445,0.9789074035087718,0.0038904885579385752,3,"1,2,3"
8,14.125,1.064880614035088,0.009868068646276918,0.9728523157894736,0.004687553151733155,0.9778735964912282,0.0037988407582841503,3,"1,2,3"
8,14.375,1.0339472105263157,0.015042523035031707,0.9823903157894737,0.004509509007880095,0.978186701754386,0.003601327244392907,3,"1,2,3"
8,14.625,1.0031868771929826,0.0026446917242668364,0.9918792280701753,0.004925115982685669,0.9790704210526316,0.0036546793299297177,3,"1,2,3"
8,14.875,0.9837049122807019,0.012900316191185472,1.0017555438596493,0.005117654334191893,0.9806368421052634,0.003454903556333348,3,"1,2,3"
8,15.125,0.9579273333333335,0.008408716627026644,1.01209949122807,0.005258037853861459,0.9824254035087719,0.0034957791439578544,3,"1,2,3"
8,15.375,0.9509947719298245,0.01181620777263969,1.022366842105263,0.006274475415197796,0.9842351403508771,0.0034960512462499,3,"1,2,3"
8,15.625,0.9396844736842106,0.0074841666787523065,1.0323566666666666,0.0066684979063867875,0.9860286491228071,0.003392481985350668,3,"1,2,3"
8,15.875,0.9192986140350877,0.011825240089534339,1.043757543859649,0.006407529076830095,0.9881971228070175,0.003464181890506695,3,"1,2,3"
8,16.125,0.9228841228070177,0.0034399945688970562,1.0544205263157895,0.006329359821699233,0.9901570175438595,0.0036207326624067104,3,"1,2,3"
8,16.375,0.9095774385964912,0.015468948839352995,1.0641375438596492,0.006977659023912411,0.9919398771929823,0.0037395486077987272,3,"1,2,3"
8,16.625,0.9002856491228068,0.014071321825000642,1.0719543859649123,0.006403917809574771,0.993612298245614,0.0036468871620759366,3,"1,2,3"
8,16.875,0.9079964736842104,0.018870338948600997,1.0762661403508773,0.006821735418140463,0.9951780350877194,0.00367996510841332,3,"1,2,3"
8,17.125,0.8916516140350877,0.020301406249994172,1.0759315789473687,0.006260015487666019,0.9962287894736841,0.003867976632545338,3,"1,2,3"
8,17.375,0.9033207017543861,0.00977783769366635,1.0708454385964912,0.0058731395762921575,0.9970110877192983,0.0037605206571437767,3,"1,2,3"
8,17.625,0.9045328421052631,0.012290226652090022,1.0623949122807017,0.0056683685891353594,0.9976485087719299,0.0037130853179854666,3,"1,2,3"
8,17.875,0.9149785614035087,0.013614904339924206,1.0523814035087717,0.005188415363658059,0.9982952982456141,0.003792618908766656,3,"1,2,3"
8,18.125,0.9243991929824561,0.01552348341940204,1.041154736842105,0.004660442895030469,0.9988753684210527,0.003716497171561454,3,"1,2,3"
8,18.375,0.9437532631578948,0.021861829576546723,1.0295975438596492,0.004504545612914159,0.9994928596491226,0.003735928334616649,3,"1,2,3"
8,18.625,0.9607456842105263,0.018972859245223486,1.0187577192982458,0.004234577030430993,1.00028149122807,0.003834073327587467,3,"1,2,3"
8,18.875,0.9715416491228072,0.01959492276944244,1.0087172280701753,0.0038501175208008054,1.0011142807017543,0.00366563801058187,3,"1,2,3"
8,19.125,0.9748445964912281,0.017415836599340075,1.0003862280701754,0.0035645973744565765,1.0019945614035088,0.0037300495830026553,3,"1,2,3"
8,19.375,0.9779723157894736,0.007741705193546633,0.99347,0.0037680510729384948,1.0029730877192982,0.0038430378455624223,3,"1,2,3"
8,19.625,0.9884221403508772,0.006704435337691886,0.9878022631578948,0.0038951910903902488,1.0039236842105261,0.0037734005342494772,3,"1,2,3"
8,19.875,0.9898645263157895,0.024947196478902645,0.983438350877193,0.003853289781837589,1.0047611052631578,0.0037681760757872877,3,"1,2,3"
8,20.125,1.0031927368421052,0.018884365772161953,0.9797290175438597,0.003927764086473377,1.0056279473684209,0.003796654197948599,3,"1,2,3"
8,20.375,1.0015442631578946,0.008516662512444399,0.976700298245614,0.003474569035721523,1.0064268771929825,0.0037953247967349277,3,"1,2,3"
8,20.625,1.0151695789473685,0.002137506197471479,0.9740523157894736,0.00334689568740686,1.0069882631578946,0.003779330044397608,3,"1,2,3"
8,20.875,1.0144797894736841,0.0072943599239349765,0.972076350877193,0.0032298086714494466,1.0075262807017544,0.003874829110063384,3,"1,2,3"
8,21.125,1.019002561403509,0.007946274525197089,0.9704646315789472,0.0032503768733826827,1.0078783157894735,0.003954104304092794,3,"1,2,3"
8,21.375,1.0207822982456138,0.011229509210661985,0.9691938596491227,0.004146328289361904,1.0081230526315792,0.00397719483427319,3,"1,2,3"
8,21.625,1.0360454385964912,0.005513232574017151,0.9677545438596492,0.004758888742878782,1.0083071052631578,0.003980416830671472,3,"1,2,3"
8,21.875,1.044310596491228,0.014072790736268402,0.9672134736842105,0.004966203952430676,1.0083403859649123,0.0038301094708019052,3,"1,2,3"
8,22.125,1.0452910877192982,0.004578901415444639,0.9666280701754385,0.004995277539427244,1.008088298245614,0.0038246590453493994,3,"1,2,3"
8,22.375,1.0457224210526315,0.010565799426444271,0.9670944385964914,0.005055787640095461,1.0077625438596491,0.0037146789087202014,3,"1,2,3"
8,22.625,1.0648730175438599,0.01596800792468474,0.9683671754385966,0.005365676681456312,1.0073064385964912,0.0035458119575479817,3,"1,2,3"
8,22.875,1.0584845087719297,0.009938345071656005,0.9715627192982458,0.005089801203622572,1.006838298245614,0.003431587507882296,3,"1,2,3"
8,23.125,1.0519393859649122,0.009115046483672399,0.9758140526315789,0.00497268088794121,1.0064867543859648,0.0032737292980292787,3,"1,2,3"
8,23.375,1.0439726140350878,0.011722285038474195,0.982172245614035,0.004552565255846622,1.006211543859649,0.0030611665346376715,3,"1,2,3"
8,23.625,1.0319365263157894,0.01744894852197751,0.9920059298245615,0.004753058063344541,1.0061494035087721,0.002932854626954752,3,"1,2,3"
8,23.875,1.0176064561403508,0.015453869989833061,1.0043531228070177,0.0044923315484446565,1.0063087894736842,0.0027712367860036596,3,"1,2,3"
8,24.125,1.009684245614035,0.009462269075439463,1.0187885614035086,0.0047400503523890155,1.006605438596491,0.0026848096429194414,3,"1,2,3"
8,24.375,0.996985052631579,0.006645926682145321,1.031729298245614,0.004720099971031769,1.006969649122807,0.00267016281102201,3,"1,2,3"
8,24.625,0.9776400701754385,0.0049321207282270445,1.039288245614035,0.00458064941815327,1.0071516140350878,0.0026735089251606883,3,"1,2,3"
8,24.875,0.9646558947368423,0.007964238028227644,1.0399073684210525,0.00434767944174394,1.0068375614035088,0.0027496201978418626,3,"1,2,3"
10,0.125,0.0,0.0,0.0,0.0,0.0,0.0,3,"1,2,3"
10,0.375,0.0,0.0,0.0,0.0,0.0,0.0,3,"1,2,3"
10,0.625,0.0,0.0,0.0,0.0,0.0,0.0,3,"1,2,3"
10,0.875,0.0,0.0,0.0,0.0,0.08753327192982456,0.0006499281043033258,3,"1,2,3"
10,1.125,0.0,0.0,0.0,0.0,2.5310626315789473,0.004424449217382018,3,"1,2,3"
10,1.375,0.0,0.0,0.0,0.0,4.136283684210527,0.0020743847779125823,3,"1,2,3"
10,1.625,0.0,0.0,0.0,0.0,5.33612350877193,0.0017906162159286641,3,"1,2,3"
10,1.875,0.0,0.0,0.0,0.0,2.52554649122807,0.0021397930247998645,3,"1,2,3"
10,2.125,0.0,0.0,0.0,0.0,1.169980701754386,0.003269669516997694,3,"1,2,3"
10,2.375,0.0,0.0,0.0,0.0,1.0757878947368422,0.0035292575579624974,3,"1,2,3"
10,2.625,0.0,0.0,0.0,0.0,0.8217303333333333,0.004850439282794177,3,"1,2,3"
10,2.875,0.0,0.0,0.0,0.0,0.7230693333333332,0.005163186045192803,3,"1,2,3"
10,3.125,0.0,0.0,0.0,0.0,0.837901543859649,0.005198314945804688,3,"1,2,3"
10,3.375,0.0,0.0,0.0,0.0,0.9371764385964911,0.006215173589573947,3,"1,2,3"
10,3.625,0.0,0.0,0.0,0.0,1.015686192982456,0.006139713785896709,3,"1,2,3"
10,3.875,0.0,0.0,0.0,0.0,1.0718952631578949,0.006599711121577522,3,"1,2,3"
10,4.125,0.0,0.0,0.0,0.0,1.1096445614035089,0.007051398757572023,3,"1,2,3"
10,4.375,0.0,0.0,0.0,0.0,1.1293345614035086,0.007006299161972656,3,"1,2,3"
10,4.625,0.0,0.0,2.446908771929824e-06,1.2476829382911844e-06,1.1358080701754385,0.007776107858808576,3,"1,2,3"
10,4.875,0.0,0.0,0.010757115438596492,2.3530225748851074e-05,1.133665614035088,0.008315811262833235,3,"1,2,3"
10,5.125,0.0,0.0,0.47765233333333335,0.00033293314758868015,1.1547014035087717,0.008558179472759594,3,"1,2,3"
10,5.375,0.0,0.0,2.6980373684210526,0.003112942244610777,1.2870694736842105,0.009396349647793978,3,"1,2,3"
10,5.625,0.0,0.0,5.169848070175438,0.014260385917817127,1.4347277192982455,0.010073499185575915,3,"1,2,3"
10,5.875,0.0,0.0,5.711383684210527,0.01772220944645113,1.4579114035087717,0.01071971983838011,3,"1,2,3"
10,6.125,0.0,0.0,4.811225087719298,0.016257899390214225,1.3894719298245615,0.011155434637216783,3,"1,2,3"
10,6.375,0.0,0.0,3.5841703508771925,0.01372068744480905,1.3019112280701755,0.011412575901356184,3,"1,2,3"
10,6.625,0.0,0.0,2.6112917543859644,0.00892217156294277,1.2330952631578946,0.01117078315547095,3,"1,2,3"
10,6.875,0.0,0.0,1.921931052631579,0.009388421741088853,1.1843596491228068,0.011313950191877748,3,"1,2,3"
10,7.125,0.0,0.0,1.4549507017543861,0.0074916806100215295,1.1520424561403508,0.011421239761853908,3,"1,2,3"
10,7.375,0.0,0.0,1.153522807017544,0.007713339243001393,1.131725964912281,0.011383262618259333,3,"1,2,3"
10,7.625,0.0,0.0,0.9639635964912281,0.008083795617132104,1.1199426315789474,0.011594732239130734,3,"1,2,3"
10,7.875,0.0,0.0,0.8511642807017544,0.009834926424499253,1.1143498245614032,0.011828651588389404,3,"1,2,3"
10,8.125,0.0,0.0,0.7938866315789473,0.011238054121824612,1.113253684210526,0.011643731216365371,3,"1,2,3"
10,8.375,0.0,0.0,0.7718639298245614,0.011108937550798541,1.1152284210526313,0.011811864318930634,3,"1,2,3"
10,8.625,0.0,0.0,0.7729388070175438,0.013007280116682946,1.1194033333333333,0.012225830618745452,3,"1,2,3"
10,8.875,0.0,0.0,0.7853243333333334,0.013045330060893853,1.125160350877193,0.012334986907192686,3,"1,2,3"
10,9.125,0.0,0.0,0.8042924561403509,0.013536646093798878,1.1317780701754387,0.012513961070268973,3,"1,2,3"
10,9.375,0.0,0.0,0.8255324736842106,0.015263775851071769,1.1396414035087719,0.012997511817663048,3,"1,2,3"
10,9.625,0.0,0.0,0.8463227368421053,0.015266144412414081,1.1481531578947368,0.013242335625419226,3,"1,2,3"
10,9.875,0.0007308905263157896,0.00021585810576909883,0.8666438947368421,0.015747391631057612,1.1571515789473683,0.013598884771774972,3,"1,2,3"
10,10.125,0.009760162105263157,0.00016387153849781153,0.8853811929824561,0.017773413769240208,1.1669664912280702,0.013951327616365286,3,"1,2,3"
10,10.375,0.09025531403508773,0.0047080416834123845,0.9006777368421052,0.016344913325375555,1.1771740350877193,0.014405937996316256,3,"1,2,3"
10,10.625,0.45211029824561405,0.007822996076255615,0.9152382807017544,0.016110437776445424,1.187662456140351,0.01453370456208401,3,"1,2,3"
10,10.875,1.4144114035087718,0.02467976380226909,0.927706298245614,0.01714476135272234,1.1958433333333334,0.014930730184667592,3,"1,2,3"
10,11.125,2.772871052631579,0.07105075921249696,0.9368574736842105,0.01635586112350594,1.1968284210526317,0.015243164479286128,3,"1,2,3"
10,11.375,3.630369122807018,0.06174005468127469,0.9458688596491228,0.01717365490447748,1.186992456140351,0.015411278438489455,3,"1,2,3"
10,11.625,3.6736135087719295,0.04882111277038927,0.9544099649122807,0.018331524195753273,1.1666722807017542,0.015583879875464644,3,"1,2,3"
10,11.875,3.1379107017543855,0.03379105078117969,0.9617885789473685,0.018245274037098715,1.1392219298245614,0.015873712098801368,3,"1,2,3"
10,12.125,2.5422771929824566,0.03358813751303169,0.9701417719298245,0.018639091805254675,1.110797192982456,0.016018670324141216,3,"1,2,3"
10,12.375,2.059299649122807,0.031056336173112736,0.978748596491228,0.019323660297455986,1.0848819298245613,0.016350048121063467,3,"1,2,3"
10,12.625,1.6851508771929826,0.03699820013174463,0.9875965263157895,0.019492412014715615,1.0636616666666665,0.01647765070561454,3,"1,2,3"
10,12.875,1.4167459649122807,0.023740275794489007,0.9966832631578949,0.02004919160055201,1.0478660175438597,0.01667195099734474,3,"1,2,3"
10,13.125,1.2288231052631577,0.03353279738257755,1.0071642280701754,0.01953979542920575,1.0370224736842106,0.01694843463830293,3,"1,2,3"
10,13.375,1.1177582631578948,0.04935168736995965,1.018123350877193,0.01979533306314778,1.0308084210526316,0.01723189285586839,3,"1,2,3"
10,13.625,1.0754172105263156,0.05673346601620936,1.0297896315789474,0.019640271546990357,1.0278936842105264,0.017281074853074375,3,"1,2,3"
10,13.875,1.0240697719298248,0.04726770212316584,1.042979456140351,0.019967154984895406,1.0277366842105264,0.017465772762310334,3,"1,2,3"
10,14.125,0.9890637192982457,0.04426461005587406,1.056423947368421,0.019310797384210522,1.029545350877193,0.017739083454319803,3,"1,2,3"
10,14.375,0.9642826315789476,0.034180594984223614,1.071131,0.01933024452447011,1.0322832982456138,0.01777388688491771,3,"1,2,3"
10,14.625,0.9323432105263157,0.010498079940613848,1.0867245614035088,0.01825436006472792,1.036056543859649,0.017678110401331135,3,"1,2,3"
10,14.875,0.9133699824561404,0.016411370589579016,1.1024856140350876,0.018185176745007466,1.0400244736842106,0.017852116229683173,3,"1,2,3"
10,15.125,0.8898278771929825,0.014848709829907918,1.118190350877193,0.01904495682068176,1.0439405789473684,0.018052996022764906,3,"1,2,3"
10,15.375,0.8796926491228071,0.024509050699804896,1.1340082456140348,0.019589102734750344,1.0476683333333334,0.01826304954759984,3,"1,2,3"
10,15.625,0.8808105263157895,0.014653509251353409,1.1503215789473684,0.02010695915047455,1.0510859473684209,0.018460203176674402,3,"1,2,3"
10,15.875,0.8871680877192983,0.0034866147432879853,1.1660001754385965,0.01998389945806419,1.0542702105263158,0.01854676648604068,3,"1,2,3"
10,16.125,0.8746799298245614,0.009719240616112564,1.180361754385965,0.02034486461543491,1.0570249473684212,0.018714379860677147,3,"1,2,3"
10,16.375,0.8524454385964911,0.0154900347760584,1.193408947368421,0.021383750235772388,1.0592743333333334,0.018881177379987093,3,"1,2,3"
10,16.625,0.8731552456140351,0.02292456169655978,1.1990392982456142,0.020771038818905976,1.0609349122807017,0.019041067976428665,3,"1,2,3"
10,16.875,0.8765981754385965,0.02969364029674752,1.1959598245614034,0.020632353263008812,1.061734754385965,0.019155076616052088,3,"1,2,3"
10,17.125,0.8980140877192984,0.03813206792030458,1.1834631578947368,0.02056878103080641,1.061952543859649,0.01927742069084567,3,"1,2,3"
10,17.375,0.8971538771929826,0.03381041258038196,1.1629370175438598,0.020651888769718966,1.0616911754385965,0.019289534185124947,3,"1,2,3"
10,17.625,0.903229596491228,0.02563723117391381,1.1386914035087718,0.020681915842240346,1.0614005087719298,0.01927833935610977,3,"1,2,3"
10,17.875,0.9153178421052632,0.021688973803142882,1.11383,0.020765716610178855,1.061171807017544,0.018991505862220173,3,"1,2,3"
10,18.125,0.9498653508771929,0.01731736696117033,1.09171,0.020544375595420755,1.0613075263157894,0.01896552234977989,3,"1,2,3"
10,18.375,0.9760030526315789,0.022793820098268008,1.0725004561403508,0.020109034915122247,1.0619264385964915,0.01885530797640809,3,"1,2,3"
10,18.625,1.003367894736842,0.01310848436893444,1.0568597894736842,0.02032231929003046,1.0629597894736842,0.018559203639146305,3,"1,2,3"
10,18.875,1.0492580350877192,0.01217073825189688,1.0449416842105261,0.02061492829413866,1.0644205438596492,0.018385018474887247,3,"1,2,3"
10,19.125,1.0690616666666666,0.016816825437508356,1.0363882280701755,0.02077939807187898,1.0661533684210527,0.0184037408391704,3,"1,2,3"
10,19.375,1.0785912631578949,0.024937180551938262,1.0312567368421053,0.021046184828374614,1.0677460701754384,0.018348386515689867,3,"1,2,3"
10,19.625,1.107456789473684,0.017781194515419846,1.0277423859649122,0.02084634701175938,1.069374298245614,0.0183554150661303,3,"1,2,3"
10,19.875,1.1190551052631579,0.009073009243731778,1.025571385964912,0.020871959033747296,1.0707131228070175,0.018307521163627428,3,"1,2,3"
10,20.125,1.1230404736842106,0.009420269865256412,1.0242096315789473,0.020589845997378325,1.0719797192982454,0.018315007389298418,3,"1,2,3"
10,20.375,1.1376542105263159,0.014452112716053971,1.0232282105263157,0.020066559313526664,1.0730491228070178,0.018292317569297074,3,"1,2,3"
10,20.625,1.1614832807017546,0.018721261085519723,1.0229657192982455,0.01949416156445973,1.0739450877192984,0.01831214862146176,3,"1,2,3"
10,20.875,1.1745609824561403,0.020728559307857754,1.0230233859649125,0.018933361706164605,1.07452649122807,0.0181804469425558,3,"1,2,3"
10,21.125,1.1791992982456143,0.031026302386299363,1.0230524912280703,0.019548739174100566,1.0749308771929826,0.018312553325387802,3,"1,2,3"
10,21.375,1.189084912280702,0.01861713728304037,1.022945754385965,0.019069454474872054,1.075018596491228,0.018299327979291857,3,"1,2,3"
10,21.625,1.2006098245614034,0.02360315666766548,1.0231969473684213,0.019034495913122163,1.0746870175438596,0.018270028720868754,3,"1,2,3"
10,21.875,1.2103268421052633,0.0186827807360025,1.0232898245614035,0.01878280596211334,1.0741612280701756,0.018178166524607665,3,"1,2,3"
10,22.125,1.2164977192982456,0.02130460233326666,1.0240568070175435,0.019079006611176584,1.0733884210526317,0.018264454835389472,3,"1,2,3"
10,22.375,1.2181887719298246,0.02602880243325804,1.0249229122807018,0.018717237049446177,1.0723422807017542,0.0182583203580201,3,"1,2,3"
10,22.625,1.2134438596491226,0.020615904824500063,1.0268464912280704,0.018760016420085346,1.0711266666666668,0.018235370439257416,3,"1,2,3"
10,22.875,1.1769566666666667,0.019713328390212812,1.0299684736842105,0.018897227909728108,1.0699156140350878,0.018359353748221233,3,"1,2,3"
10,23.125,1.1517632280701755,0.02715579272925173,1.0346022105263157,0.018271216880684567,1.0688936842105263,0.01826611525173466,3,"1,2,3"
10,23.375,1.131451666666667,0.029520375330684967,1.0424451403508772,0.018339517696932848,1.0681668421052632,0.01816958137011633,3,"1,2,3"
10,23.625,1.10246249122807,0.03146056584092356,1.0535072456140349,0.01765998884784134,1.0679115789473685,0.018132278152179142,3,"1,2,3"
10,23.875,1.0850005614035088,0.03241508037113131,1.0688301754385965,0.017300562879913283,1.0682605263157896,0.017991143563488923,3,"1,2,3"
10,24.125,1.058361456140351,0.02489410539388096,1.0887440350877193,0.017259392359609996,1.0691535087719297,0.01797079966750065,3,"1,2,3"
10,24.375,1.0408063859649122,0.0345000043945648,1.1088354385964914,0.01696414980597541,1.070220701754386,0.01793233335007668,3,"1,2,3"
10,24.625,1.0218314210526316,0.03496687500260535,1.121958596491228,0.01717479532691413,1.0711684210526313,0.017798682621112536,3,"1,2,3"
10,24.875,1.0131218245614033,0.02698601006343359,1.1255059649122805,0.017557812199169243,1.071664912280702,0.017800263852782862,3,"1,2,3"
10,0.125,0.0,0.0,0.0,0.0,0.0,0.0,3,"1,2,3"
10,0.375,0.0,0.0,0.0,0.0,0.0,0.0,3,"1,2,3"
10,0.625,0.0,0.0,0.0,0.0,0.0,0.0,3,"1,2,3"
10,0.875,0.0,0.0,0.0,0.0,0.08833354035087719,0.0006986791120352383,3,"1,2,3"
10,1.125,0.0,0.0,0.0,0.0,2.52914350877193,0.002301034105852067,3,"1,2,3"
10,1.375,0.0,0.0,0.0,0.0,4.132146140350877,0.0019998574433649032,3,"1,2,3"
10,1.625,0.0,0.0,0.0,0.0,5.3349163157894735,0.0029012681660571895,3,"1,2,3"
10,1.875,0.0,0.0,0.0,0.0,2.528520175438597,0.0014065265582504421,3,"1,2,3"
10,2.125,0.0,0.0,0.0,0.0,1.1705933333333334,0.0029891528223327216,3,"1,2,3"
10,2.375,0.0,0.0,0.0,0.0,1.0757121052631582,0.0035668737782997436,3,"1,2,3"
10,2.625,0.0,0.0,0.0,0.0,0.8220191403508772,0.005185114249190912,3,"1,2,3"
10,2.875,0.0,0.0,0.0,0.0,0.7232515087719298,0.007635386858013804,3,"1,2,3"
10,3.125,0.0,0.0,0.0,0.0,0.8376774210526317,0.00820135676713258,3,"1,2,3"
10,3.375,0.0,0.0,0.0,0.0,0.9369265614035088,0.008920302225680318,3,"1,2,3"
10,3.625,0.0,0.0,0.0,0.0,1.0155935614035088,0.010000103910848296,3,"1,2,3"
10,3.875,0.0,0.0,0.0,0.0,1.0719087719298248,0.010358187953463785,3,"1,2,3"
10,4.125,0.0,0.0,0.0,0.0,1.1087378947368423,0.010101071617907756,3,"1,2,3"
10,4.375,0.0,0.0,0.0,0.0,1.128617192982456,0.010837941921929068,3,"1,2,3"
10,4.625,0.0,0.0,6.361964912280701e-06,6.920888255847154e-07,1.1353089473684213,0.01107161533438792,3,"1,2,3"
10,4.875,0.0,0.0,0.010722976315789475,9.724639060018932e-05,1.1330489473684209,0.011038035508436385,3,"1,2,3"
10,5.125,0.0,0.0,0.47668003508771933,0.0008108571224371367,1.154923859649123,0.011054465848908367,3,"1,2,3"
10,5.375,0.0,0.0,2.6967356140350875,0.00860856948481869,1.2871757894736842,0.011220762339485829,3,"1,2,3"
10,5.625,0.0,0.0,5.162650877192983,0.018670606870454524,1.434255614035088,0.011725379300011843,3,"1,2,3"
10,5.875,0.0,0.0,5.7016950877192984,0.02614114610941598,1.4576435087719297,0.01191355723723771,3,"1,2,3"
10,6.125,0.0,0.0,4.808545789473683,0.030282505671908082,1.3892245614035088,0.012652484289458074,3,"1,2,3"
10,6.375,0.0,0.0,3.5870494736842105,0.023882740983763112,1.301377192982456,0.0125523646029452,3,"1,2,3"
10,6.625,0.0,0.0,2.615345964912281,0.016952015786096515,1.2321861403508771,0.012354256385813576,3,"1,2,3"
10,6.875,0.0,0.0,1.92485,0.013083183711526178,1.183712456140351,0.012265104410935007,3,"1,2,3"
10,7.125,0.0,0.0,1.4598833333333332,0.009443166170261596,1.1515652631578945,0.012074761786753012,3,"1,2,3"
10,7.375,0.0,0.0,1.1557745614035086,0.007101504312218671,1.1312942105263157,0.012189556638508143,3,"1,2,3"
10,7.625,0.0,0.0,0.963809052631579,0.0076646452324450635,1.1196656140350878,0.012320965851244864,3,"1,2,3"
10,7.875,0.0,0.0,0.8505994210526318,0.007933363720659966,1.1142675438596494,0.012550706052126864,3,"1,2,3"
10,8.125,0.0,0.0,0.7926363508771931,0.00833331540286165,1.113267543859649,0.012946289088753895,3,"1,2,3"
10,8.375,0.0,0.0,0.771188894736842,0.008788885548554861,1.115355263157895,0.013361419557616027,3,"1,2,3"
10,8.625,0.0,0.0,0.7725400877192983,0.008983491416593443,1.1195029824561404,0.013991660630171925,3,"1,2,3"
10,8.875,0.0,0.0,0.7858806666666668,0.009523388725494047,1.1251882456140347,0.014259583305121656,3,"1,2,3"
10,9.125,0.0,0.0,0.805729649122807,0.010420798234563964,1.1319024561403506,0.014922422582200199,3,"1,2,3"
10,9.375,0.0,0.0,0.8271464736842105,0.011737281956670405,1.1398024561403508,0.015133307790379476,3,"1,2,3"
10,9.625,0.0,0.0,0.8497682631578947,0.012446367424829914,1.1484815789473686,0.01531833352597233,3,"1,2,3"
10,9.875,0.0003873095087719299,9.127782644781055e-05,0.8692861403508773,0.014463655217344936,1.1573849122807018,0.015422018689178339,3,"1,2,3"
10,10.125,0.009210502596491227,0.0019687121016148234,0.8861982105263156,0.01509680762350284,1.16724350877193,0.015478511124052727,3,"1,2,3"
10,10.375,0.08966675263157896,0.0038916412336672175,0.9017112631578946,0.016306354112925955,1.1776798245614033,0.01589143848857228,3,"1,2,3"
10,10.625,0.4633290175438596,0.01562523255871748,0.9151463508771931,0.017076107122431572,1.1878084210526314,0.016269960270455967,3,"1,2,3"
10,10.875,1.4139680701754387,0.025175925808599346,0.9264951403508772,0.017288770359073443,1.1954333333333331,0.016776618035575692,3,"1,2,3"
10,11.125,2.773251578947368,0.050556875402021195,0.9366399122807018,0.017914961595501606,1.1967243859649124,0.017149640126805022,3,"1,2,3"
10,11.375,3.613336140350878,0.09300645629088493,0.9451210350877194,0.018107494063918796,1.1866784210526318,0.017175889111163974,3,"1,2,3"
10,11.625,3.6276868421052626,0.04124788535165623,0.9534523157894736,0.018082628569115813,1.1660947368421055,0.017446326776876,3,"1,2,3"
10,11.875,3.184056140350877,0.04212567068895331,0.9611457017543859,0.01825759521095377,1.1391224561403508,0.017488818146814834,3,"1,2,3"
10,12.125,2.5763363157894736,0.03473051792776669,0.9691385614035087,0.017605126756313892,1.1110536842105263,0.017408154269988374,3,"1,2,3"
10,12.375,2.057318771929825,0.02817568277733909,0.9785907719298247,0.01861674071704892,1.085412807017544,0.01768489542498543,3,"1,2,3"
10,12.625,1.6776366666666667,0.01887454622415447,0.9879419824561405,0.018896615341177203,1.0644529824561404,0.017799678202312576,3,"1,2,3"
10,12.875,1.428968947368421,0.010999548525948696,0.9973981929824559,0.01880288185301543,1.048583912280702,0.018026944240362046,3,"1,2,3"
10,13.125,1.248781701754386,0.025512791977555082,1.008151894736842,0.019771931624604774,1.037970649122807,0.01819374468651427,3,"1,2,3"
10,13.375,1.1374339298245613,0.028448963611419464,1.0201146842105262,0.01990603209017928,1.0315761052631578,0.01815598326252237,3,"1,2,3"
10,13.625,1.0730892631578948,0.0338175921737803,1.0324131228070177,0.0198197818127951,1.028874140350877,0.018112802439976254,3,"1,2,3"
10,13.875,1.013736649122807,0.03224491885362532,1.0453826842105263,0.02084683688506854,1.0289046315789474,0.01822001129338086,3,"1,2,3"
10,14.125,0.9715385438596492,0.03142774784839678,1.059095105263158,0.020486599459379428,1.030632052631579,0.01825213826064964,3,"1,2,3"
10,14.375,0.934361,0.020476493781291117,1.0729642280701754,0.020111647518084086,1.033638245614035,0.018430849752291877,3,"1,2,3"
10,14.625,0.9232677543859649,0.021084090857467284,1.0875161403508773,0.0197039824254538,1.0373411403508772,0.01854861357054355,3,"1,2,3"
10,14.875,0.9039608245614034,0.028818583617230283,1.102197894736842,0.019642922224976447,1.0411579122807018,0.018815788459837286,3,"1,2,3"
10,15.125,0.8975010350877194,0.03867563617862643,1.1180619298245613,0.01901958038717033,1.0451349122807017,0.018914008260126843,3,"1,2,3"
10,15.375,0.8954200877192983,0.028772136503654313,1.1329966666666664,0.01917679979759571,1.0487822807017544,0.01920187864161194,3,"1,2,3"
10,15.625,0.8894441052631579,0.030297557919958057,1.1480096491228071,0.01927292213625261,1.0523041228070174,0.019170189283662327,3,"1,2,3"
10,15.875,0.8660118596491229,0.03301529506053427,1.1638061403508775,0.01981512269483868,1.055431807017544,0.019427277109132876,3,"1,2,3"
10,16.125,0.88021850877193,0.02535929642759358,1.178686842105263,0.02078472356570278,1.0581229473684208,0.019477892937705157,3,"1,2,3"
10,16.375,0.8681589649122808,0.028595815632542647,1.190803157894737,0.021593559023940542,1.0603071754385966,0.019647125742826926,3,"1,2,3"
10,16.625,0.8702700350877194,0.02985510051235209,1.1973736842105263,0.021765492401148556,1.0621098070175437,0.019642022740576786,3,"1,2,3"
10,16.875,0.8702733333333335,0.02087637857142149,1.1945498245614035,0.021728057017185835,1.0626676666666668,0.019504349475685745,3,"1,2,3"
10,17.125,0.8810043859649124,0.014043247425755995,1.1828470175438597,0.021755869945140668,1.0628436140350876,0.019443534126453468,3,"1,2,3"
10,17.375,0.8931390526315791,0.008327455305727146,1.1629377192982455,0.021625205162198274,1.062608947368421,0.019209750198213117,3,"1,2,3"
10,17.625,0.9003037192982455,0.023297227251721394,1.1392873684210525,0.021473334753778488,1.0622701228070175,0.019103476668508618,3,"1,2,3"
10,17.875,0.9209874912280701,0.028552092593581612,1.114592456140351,0.021498440864824248,1.0619215263157895,0.018999027274172044,3,"1,2,3"
10,18.125,0.9526702105263158,0.020142733347011985,1.0927221052631582,0.02148821575308566,1.0621632280701754,0.01900668560634358,3,"1,2,3"
10,18.375,0.9943516140350878,0.0031452912515283885,1.0731779999999997,0.021592648079046643,1.0629292631578948,0.01892643867356613,3,"1,2,3"
10,18.625,1.0422294736842106,0.009277138919209709,1.058581052631579,0.02140101538395917,1.0639328947368423,0.018926941141386922,3,"1,2,3"
10,18.875,1.0728915789473683,0.012212844491682768,1.0468927719298244,0.02100142661826713,1.06540149122807,0.018940099527153916,3,"1,2,3"
10,19.125,1.0805720701754387,0.02094681317475029,1.0378216315789472,0.021007185026086197,1.0669093684210527,0.018857213880408803,3,"1,2,3"
10,19.375,1.0870355263157896,0.016672469656942773,1.0315975438596492,0.020241419435715113,1.0683090350877196,0.018911828711277077,3,"1,2,3"
10,19.625,1.0921260701754385,0.010990692843775265,1.0280936666666667,0.020101524808612603,1.0698637192982456,0.018751866293641648,3,"1,2,3"
10,19.875,1.1110989122807018,0.02341377007697816,1.02595949122807,0.019954187025143667,1.0714332631578944,0.01874055140161497,3,"1,2,3"
10,20.125,1.1139691403508774,0.01637728628208987,1.0249962105263157,0.019457571083727296,1.0726382280701754,0.018711505941750955,3,"1,2,3"
10,20.375,1.123836894736842,0.004391164875098109,1.0247394035087718,0.01996413590332097,1.0736943859649122,0.01883282133984031,3,"1,2,3"
10,20.625,1.1372062280701754,0.018727566610215057,1.0243499999999999,0.020022898314994146,1.0744677192982455,0.01904164515234236,3,"1,2,3"
10,20.875,1.1492747192982455,0.024976913093184807,1.0244986842105264,0.019505367718970715,1.0750194736842105,0.019126527246366494,3,"1,2,3"
10,21.125,1.1567082631578949,0.024554902489026975,1.0246767368421053,0.01917566563253019,1.0754408771929824,0.019223430774334093,3,"1,2,3"
10,21.375,1.180300701754386,0.016215147292689205,1.024623438596491,0.01881025714203453,1.0754777192982459,0.019166109499308588,3,"1,2,3"
10,21.625,1.1931247192982455,0.0136443899057779,1.0248752631578946,0.01841942134631674,1.0751635087719296,0.01910807434894243,3,"1,2,3"
10,21.875,1.212310350877193,0.011741424346117113,1.0247657192982456,0.01803058168017462,1.0745615789473686,0.019101228456093043,3,"1,2,3"
10,22.125,1.2230473684210528,0.021023460241289503,1.024833403508772,0.018024718799554508,1.07372350877193,0.01915207027488387,3,"1,2,3"
10,22.375,1.223057543859649,0.029002962705137473,1.025041157894737,0.01766033295018405,1.0725931578947367,0.019189313089376075,3,"1,2,3"
10,22.625,1.2139961403508772,0.030799328674236123,1.0268991228070175,0.017661398017492422,1.07129,0.01934372183720692,3,"1,2,3"
10,22.875,1.1919887719298246,0.02953695766359384,1.0303299824561403,0.01782886675247308,1.0701226315789472,0.019393004626398723,3,"1,2,3"
10,23.125,1.1679159824561405,0.04213181203701434,1.035169350877193,0.018052977412488888,1.069012807017544,0.019342253510988477,3,"1,2,3"
10,23.375,1.1388757719298246,0.030210640010799462,1.0431420350877192,0.01786912739555941,1.0682449649122807,0.019163228597003156,3,"1,2,3"
10,23.625,1.1191157017543858,0.025344549110939023,1.0540905964912282,0.01818942733228611,1.067849649122807,0.019072786864243286,3,"1,2,3"
10,23.875,1.0868717894736841,0.035606641668598386,1.069733859649123,0.018486015009697192,1.068010350877193,0.018973986703836525,3,"1,2,3"
10,24.125,1.0626784035087717,0.030231922148406504,1.089569298245614,0.019167711275881526,1.0688294736842106,0.018795636352383686,3,"1,2,3"
10,24.375,1.0490372982456142,0.030286218726150546,1.1088175438596488,0.01944595176728113,1.0698080701754387,0.018682149079920756,3,"1,2,3"
10,24.625,1.0361451052631578,0.023425680689519245,1.1214140350877193,0.02029788199647028,1.0706315789473686,0.018603101137440004,3,"1,2,3"
10,24.875,1.0160616666666666,0.024634304906002633,1.124662807017544,0.020863562773052534,1.0711098245614037,0.018498299177304344,3,"1,2,3"
10,0.125,0.0,0.0,0.0,0.0,0.0,0.0,3,"1,2,3"
10,0.375,0.0,0.0,0.0,0.0,0.0,0.0,3,"1,2,3"
10,0.625,0.0,0.0,0.0,0.0,0.0,0.0,3,"1,2,3"
10,0.875,0.0,0.0,0.0,0.0,0.08836307192982457,0.00026315401156198854,3,"1,2,3"
10,1.125,0.0,0.0,0.0,0.0,2.5317066666666665,0.0024524540381992916,3,"1,2,3"
10,1.375,0.0,0.0,0.0,0.0,4.137860000000001,0.0046311373792691105,3,"1,2,3"
10,1.625,0.0,0.0,0.0,0.0,5.3353633333333335,0.000956930721132756,3,"1,2,3"
10,1.875,0.0,0.0,0.0,0.0,2.526775614035088,0.0017904394366813963,3,"1,2,3"
10,2.125,0.0,0.0,0.0,0.0,1.170796666666667,0.0032037427711850484,3,"1,2,3"
10,2.375,0.0,0.0,0.0,0.0,1.0756757894736841,0.004871807300293225,3,"1,2,3"
10,2.625,0.0,0.0,0.0,0.0,0.8219042807017544,0.006069693532589846,3,"1,2,3"
10,2.875,0.0,0.0,0.0,0.0,0.7236526315789474,0.007144371043073589,3,"1,2,3"
10,3.125,0.0,0.0,0.0,0.0,0.8383500350877192,0.00822292671389416,3,"1,2,3"
10,3.375,0.0,0.0,0.0,0.0,0.9370415614035088,0.008977621944741384,3,"1,2,3"
10,3.625,0.0,0.0,0.0,0.0,1.0153654736842104,0.009803176531938098,3,"1,2,3"
10,3.875,0.0,0.0,0.0,0.0,1.0724519298245616,0.01081043685654016,3,"1,2,3"
10,4.125,0.0,0.0,0.0,0.0,1.1085857894736841,0.010864889881308664,3,"1,2,3"
10,4.375,0.0,0.0,0.0,0.0,1.1282094736842103,0.011304733701542427,3,"1,2,3"
10,4.625,0.0,0.0,3.670364912280701e-06,1.1987330092659695e-06,1.1355787719298247,0.011753504570253873,3,"1,2,3"
10,4.875,0.0,0.0,0.010774070877192982,5.0716330463518184e-05,1.1337505263157897,0.012116937985711684,3,"1,2,3"
10,5.125,0.0,0.0,0.47663617543859643,0.0028554777742394307,1.1548615789473684,0.012382805946250333,3,"1,2,3"
10,5.375,0.0,0.0,2.6943740350877197,0.012208420639170842,1.2875192982456143,0.013109933658936172,3,"1,2,3"
10,5.625,0.0,0.0,5.1587654385964905,0.02641465325567197,1.4348529824561405,0.013802551387610655,3,"1,2,3"
10,5.875,0.0,0.0,5.705934561403509,0.0312708645895191,1.4582587719298248,0.014586031215427476,3,"1,2,3"
10,6.125,0.0,0.0,4.803877894736842,0.020316043808062487,1.388929298245614,0.014534682083086281,3,"1,2,3"
10,6.375,0.0,0.0,3.5834850877192985,0.01592495944139946,1.3018503508771928,0.015053597278146228,3,"1,2,3"
10,6.625,0.0,0.0,2.6136661403508774,0.015803992864418907,1.2326545614035087,0.015460172775850588,3,"1,2,3"
10,6.875,0.0,0.0,1.9219052631578943,0.0160255596111179,1.1837584210526317,0.015535751376157774,3,"1,2,3"
10,7.125,0.0,0.0,1.4580052631578948,0.014127113424287498,1.1516471929824563,0.015644799987084793,3,"1,2,3"
10,7.375,0.0,0.0,1.1576015789473686,0.014279891239553756,1.1312512280701754,0.015808989555125934,3,"1,2,3"
10,7.625,0.0,0.0,0.9676015964912281,0.014766501572896966,1.1195740350877192,0.015697832318160163,3,"1,2,3"
10,7.875,0.0,0.0,0.8550976315789475,0.013914648585554204,1.1135929824561404,0.01564457124627715,3,"1,2,3"
10,8.125,0.0,0.0,0.7977042280701755,0.01482197711158872,1.1125198245614036,0.01564651918393033,3,"1,2,3"
10,8.375,0.0,0.0,0.7764908070175438,0.01498132523551414,1.1146873684210528,0.01579701704604685,3,"1,2,3"
10,8.625,0.0,0.0,0.7765637543859648,0.015778035260398064,1.1188608771929822,0.015997998099216083,3,"1,2,3"
10,8.875,0.0,0.0,0.7885208771929825,0.017313855824863472,1.1247452631578947,0.01624906105675718,3,"1,2,3"
10,9.125,0.0,0.0,0.8083163333333333,0.018810655480875422,1.1320319298245616,0.016661039072065828,3,"1,2,3"
10,9.375,0.0,0.0,0.8290495263157895,0.019533911874364058,1.1399673684210525,0.01667534169614784,3,"1,2,3"
10,9.625,1.3151280701754387e-05,1.859871953099661e-05,0.8488725263157894,0.020465321495025186,1.148550350877193,0.016976350462878497,3,"1,2,3"
10,9.875,0.00036544521052631583,0.00013792837458917115,0.8685750877192983,0.020870417370160085,1.1577854385964912,0.017352444525027128,3,"1,2,3"
10,10.125,0.009798789333333332,0.0009982569182607653,0.8867185087719297,0.021458935130157016,1.1674577192982456,0.017710998619042188,3,"1,2,3"
10,10.375,0.09060336842105264,0.0028163636365822137,0.9015633859649123,0.02176654168565883,1.177530350877193,0.017677760819111613,3,"1,2,3"
10,10.625,0.462867649122807,0.02370498230974511,0.9141045614035087,0.021997018304168645,1.1876000000000002,0.01783908194123226,3,"1,2,3"
10,10.875,1.4155091228070174,0.060387704768660164,0.925265245614035,0.022000540610344798,1.1953438596491228,0.018253992023873306,3,"1,2,3"
10,11.125,2.731588596491228,0.09682906770585668,0.9351528070175438,0.021977746208033527,1.196244912280702,0.018546525461922994,3,"1,2,3"
10,11.375,3.6091821052631574,0.0759200054377597,0.9430834561403509,0.0220906187868648,1.186059649122807,0.01860282879596735,3,"1,2,3"
10,11.625,3.640145438596491,0.060594236560924816,0.951054649122807,0.020390024159862317,1.1653594736842103,0.01882712001872428,3,"1,2,3"
10,11.875,3.1605928070175437,0.09176934289988008,0.9592134210526315,0.020128739936911874,1.1385682456140351,0.01912625370676775,3,"1,2,3"
10,12.125,2.568819122807018,0.07703231031683078,0.9674580526315789,0.020319992817958554,1.110282807017544,0.01927964588364068,3,"1,2,3"
10,12.375,2.0845277192982454,0.035635635660989096,0.9764347719298246,0.0201734459335864,1.0849607017543859,0.01945764993906313,3,"1,2,3"
10,12.625,1.7036243859649123,0.04798674652424518,0.9855971052631579,0.01901737347708044,1.0641462631578948,0.019617018772198055,3,"1,2,3"
10,12.875,1.4463552631578949,0.06555754582071455,0.9956779473684211,0.018626253046150856,1.0485507192982455,0.01961158193382301,3,"1,2,3"
10,13.125,1.2722426140350878,0.065603607531207,1.006289157894737,0.01911247250943258,1.0381485964912283,0.019630960628677255,3,"1,2,3"
10,13.375,1.1417503859649123,0.052418540026029664,1.0178233684210525,0.019240452248328974,1.0320323859649123,0.019826614676947883,3,"1,2,3"
10,13.625,1.0598191578947367,0.033522598852566705,1.0297336315789474,0.019334617583177584,1.029232964912281,0.01985900243865274,3,"1,2,3"
10,13.875,1.0090280175438597,0.03083753867328394,1.042918701754386,0.019460238339818314,1.0291374385964913,0.019900107292422562,3,"1,2,3"
10,14.125,0.9631920701754385,0.041568068807940395,1.056868228070175,0.019399121163630247,1.0307500000000003,0.0201313668524546,3,"1,2,3"
10,14.375,0.9511506140350875,0.043238231489872415,1.07127149122807,0.02049401459176346,1.0337898245614034,0.020183898075457646,3,"1,2,3"
10,14.625,0.9090665789473684,0.03707354160833642,1.0862866666666668,0.020053546538657,1.0372653508771927,0.020356715849152277,3,"1,2,3"
10,14.875,0.9049737368421052,0.033331266075915154,1.1011236842105265,0.02012577201423522,1.0410951228070175,0.020271845405003108,3,"1,2,3"
10,15.125,0.8960776140350877,0.02681916981556628,1.1169226315789473,0.02042234973272474,1.0448785438596488,0.020355379828710274,3,"1,2,3"
10,15.375,0.9014287192982455,0.023594693720735506,1.1326945614035087,0.021108269639005747,1.0484883508771932,0.02041241756686299,3,"1,2,3"
10,15.625,0.8885743333333332,0.0086772756957558,1.1487380701754386,0.021006685645229273,1.0516626491228072,0.02023206390560735,3,"1,2,3"
10,15.875,0.8833800877192983,0.015409501372440383,1.1645321052631583,0.021071090937938537,1.0547069824561406,0.02028961377799201,3,"1,2,3"
10,16.125,0.8639035087719299,0.0048367991226797875,1.1789591228070175,0.021145063859886012,1.0572572631578947,0.020255446741097756,3,"1,2,3"
10,16.375,0.8721645087719297,0.016741075070712715,1.1909929824561403,0.021887281192355182,1.0594334035087718,0.020091301638374703,3,"1,2,3"
10,16.625,0.8645206666666666,0.023558979683768695,1.1977915789473685,0.022417040127738735,1.0610676140350879,0.020083080912977964,3,"1,2,3"
10,16.875,0.871323649122807,0.013904278224964397,1.1949205263157896,0.02258461855331032,1.0619602105263157,0.02001147132646777,3,"1,2,3"
10,17.125,0.8721135789473684,0.013775622454176212,1.1828677192982457,0.02195075825701395,1.0622438070175437,0.01984768652837845,3,"1,2,3"
10,17.375,0.8791084736842105,0.02055561775691558,1.164025263157895,0.022804120798496776,1.062220543859649,0.019831607854689556,3,"1,2,3"
10,17.625,0.8986702105263159,0.01401065664615729,1.1405447368421056,0.02269228584232469,1.0619575087719297,0.019781786362515763,3,"1,2,3"
10,17.875,0.913185298245614,0.005270451184705717,1.1159070175438597,0.022306427340744433,1.0618373859649122,0.019682141924814583,3,"1,2,3"
10,18.125,0.940144,0.0035056805744298437,1.0934833333333334,0.021978241709673108,1.0620942280701753,0.01971116644454324,3,"1,2,3"
10,18.375,0.9701391228070175,0.0011961129522419657,1.0744451403508772,0.0213848851811973,1.0626845789473685,0.01969427477900871,3,"1,2,3"
10,18.625,1.014709947368421,0.021654740511416887,1.0592478596491228,0.02186922228106946,1.0640011754385965,0.019749024373033552,3,"1,2,3"
10,18.875,1.0438681754385966,0.019579556069218032,1.0476466140350877,0.021728012959701976,1.065456087719298,0.01969391050833962,3,"1,2,3"
10,19.125,1.0750247543859648,0.00960343144143243,1.0390312982456142,0.020964989088782277,1.0670911578947369,0.019599949258984277,3,"1,2,3"
10,19.375,1.089451456140351,0.012487110582389818,1.032999684210526,0.0211952827332016,1.068811894736842,0.01957578928255718,3,"1,2,3"
10,19.625,1.0993639473684211,0.013195920655717132,1.0288296315789474,0.020776079911063845,1.0703027719298246,0.019509344158021965,3,"1,2,3"
10,19.875,1.1233377017543857,0.026572858981405933,1.026514105263158,0.02008623423932173,1.0717083333333337,0.01936813227799291,3,"1,2,3"
10,20.125,1.1381738421052632,0.02071296974003291,1.024540403508772,0.019979224771812736,1.0728743684210527,0.01919585251146027,3,"1,2,3"
10,20.375,1.146129543859649,0.02010148815875015,1.0237479122807018,0.019849867700405473,1.073858701754386,0.01914895558583584,3,"1,2,3"
10,20.625,1.151875403508772,0.019448548570716997,1.02340349122807,0.01938971814722621,1.074655754385965,0.019127523332837966,3,"1,2,3"
10,20.875,1.1643502456140349,0.028808308615981455,1.0232139473684212,0.018873959302747587,1.075136912280702,0.01903489117783547,3,"1,2,3"
10,21.125,1.171223561403509,0.028232627267594134,1.0236072807017542,0.01867536679479907,1.075418543859649,0.01898776773108595,3,"1,2,3"
10,21.375,1.180027192982456,0.01632059379935916,1.0233645438596493,0.018719553094945475,1.0753731929824564,0.01907071777895349,3,"1,2,3"
10,21.625,1.2002750877192983,0.021785978744771756,1.0233046842105262,0.0186450386673931,1.0751302807017542,0.019055308183867112,3,"1,2,3"
10,21.875,1.208609649122807,0.035608282140998294,1.0239459824561403,0.018713229510965407,1.0744966842105264,0.019137313631550187,3,"1,2,3"
10,22.125,1.2215101754385964,0.033610426872049605,1.0244167894736842,0.01834884000112514,1.0737061754385964,0.019214097934809358,3,"1,2,3"
10,22.375,1.213167894736842,0.02166402489612462,1.0254636666666668,0.018384665336704888,1.0726479824561403,0.019200628628248548,3,"1,2,3"
10,22.625,1.1891133333333335,0.02246045095140787,1.0275866315789475,0.018530408000395612,1.0715777719298245,0.019199749755810756,3,"1,2,3"
10,22.875,1.1864194736842106,0.021505935563248625,1.030724105263158,0.018860449529094474,1.0704476315789473,0.01917035485129719,3,"1,2,3"
10,23.125,1.1727108771929824,0.023429759731136354,1.0356718421052633,0.019105420908198105,1.0694721403508771,0.019157494493666206,3,"1,2,3"
10,23.375,1.1383865263157895,0.03359952923957359,1.0435110526315787,0.019076194071147218,1.0687749298245615,0.019080743616850897,3,"1,2,3"
10,23.625,1.1135276315789475,0.03109429491510911,1.0547829649122809,0.019017972576591217,1.068457859649123,0.01905815463232315,3,"1,2,3"
10,23.875,1.0982979824561403,0.02521962227434875,1.0702528070175439,0.01867066138004004,1.068684210526316,0.01898713529092439,3,"1,2,3"
10,24.125,1.0773957192982457,0.027457576285706338,1.0892922807017544,0.01853359797236265,1.0694305263157895,0.018929562486194516,3,"1,2,3"
10,24.375,1.0580173508771928,0.03184264880778178,1.1090833333333334,0.018862747804191365,1.070550350877193,0.018871168697313406,3,"1,2,3"
10,24.625,1.0336487719298246,0.025215509265611974,1.1218310526315791,0.019409608842532834,1.0714522807017544,0.01888695502330448,3,"1,2,3"
10,24.875,1.0190152456140353,0.029861081058157275,1.1252640350877194,0.019735723282128685,1.0719219298245617,0.01871303393926453,3,"1,2,3"
10,0.125,0.0,0.0,0.0,0.0,0.0,0.0,3,"1,2,3"
10,0.375,0.0,0.0,0.0,0.0,0.0,0.0,3,"1,2,3"
10,0.625,0.0,0.0,0.0,0.0,0.0,0.0,3,"1,2,3"
10,0.875,0.0,0.0,0.0,0.0,0.08843049649122807,0.0002492324387755661,3,"1,2,3"
10,1.125,0.0,0.0,0.0,0.0,2.53230649122807,0.005823359308420425,3,"1,2,3"
10,1.375,0.0,0.0,0.0,0.0,4.135710701754387,0.006974936548702132,3,"1,2,3"
10,1.625,0.0,0.0,0.0,0.0,5.336355614035088,0.0018846321361756465,3,"1,2,3"
10,1.875,0.0,0.0,0.0,0.0,2.5291861403508773,0.004123731385735936,3,"1,2,3"
10,2.125,0.0,0.0,0.0,0.0,1.1745166666666664,0.006576290471695549,3,"1,2,3"
10,2.375,0.0,0.0,0.0,0.0,1.0789694736842104,0.0066569701042987995,3,"1,2,3"
10,2.625,0.0,0.0,0.0,0.0,0.8259554385964912,0.009305993579566007,3,"1,2,3"
10,2.875,0.0,0.0,0.0,0.0,0.7287677543859649,0.011451490279040464,3,"1,2,3"
10,3.125,0.0,0.0,0.0,0.0,0.8440456666666667,0.013426934927119025,3,"1,2,3"
10,3.375,0.0,0.0,0.0,0.0,0.9440720175438598,0.014391640923070784,3,"1,2,3"
10,3.625,0.0,0.0,0.0,0.0,1.0225728421052633,0.015180858743260377,3,"1,2,3"
10,3.875,0.0,0.0,0.0,0.0,1.0795952631578947,0.016185992102768176,3,"1,2,3"
10,4.125,0.0,0.0,0.0,0.0,1.1165321052631578,0.01660930916315286,3,"1,2,3"
10,4.375,0.0,0.0,0.0,0.0,1.135389298245614,0.017049031547291097,3,"1,2,3"
10,4.625,0.0,0.0,5.62789298245614e-06,2.1049092510440467e-06,1.141941052631579,0.01748749350231584,3,"1,2,3"
10,4.875,0.0,0.0,0.010630042456140352,6.483955604799464e-05,1.1387468421052631,0.01731075444847091,3,"1,2,3"
10,5.125,0.0,0.0,0.4761430350877193,0.0003870930498468915,1.1597833333333334,0.017288176844382757,3,"1,2,3"
10,5.375,0.0,0.0,2.7036078947368423,0.00806437208575991,1.2922082456140351,0.017992318071115208,3,"1,2,3"
10,5.625,0.0,0.0,5.184631228070174,0.025169159884572426,1.4399584210526317,0.019194630371218817,3,"1,2,3"
10,5.875,0.0,0.0,5.735724210526317,0.03174605819170309,1.4632977192982457,0.01947623027610679,3,"1,2,3"
10,6.125,0.0,0.0,4.828018596491229,0.03419809188419065,1.3941447368421054,0.019950788226964472,3,"1,2,3"
10,6.375,0.0,0.0,3.595108421052631,0.027976676584022628,1.3053987719298246,0.01919093629524009,3,"1,2,3"
10,6.625,0.0,0.0,2.6170963157894738,0.025038296012721874,1.2354666666666667,0.01901243722950782,3,"1,2,3"
10,6.875,0.0,0.0,1.9215838596491228,0.021786475801623423,1.1863442105263156,0.019073104910648304,3,"1,2,3"
10,7.125,0.0,0.0,1.4554484210526315,0.01816575659448446,1.1536740350877193,0.01858204640588183,3,"1,2,3"
10,7.375,0.0,0.0,1.152490350877193,0.01715785852075252,1.1331326315789474,0.018612475174811075,3,"1,2,3"
10,7.625,0.0,0.0,0.9632483157894738,0.015853510945997632,1.1214373684210528,0.01852861179452766,3,"1,2,3"
10,7.875,0.0,0.0,0.8519771578947367,0.015017226816541973,1.115663684210526,0.018464790366726914,3,"1,2,3"
10,8.125,0.0,0.0,0.7950958245614035,0.015479935309138987,1.1146,0.018348747182746934,3,"1,2,3"
10,8.375,0.0,0.0,0.7750198771929825,0.01669277080879192,1.1167663157894736,0.01853739107249724,3,"1,2,3"
10,8.625,0.0,0.0,0.7770020877192981,0.017268543394142088,1.1211582456140352,0.01830956127386029,3,"1,2,3"
10,8.875,0.0,0.0,0.7893637719298244,0.018434268515998,1.1265433333333335,0.01842045288413814,3,"1,2,3"
10,9.125,0.0,0.0,0.8083287368421052,0.020191204069828717,1.133372280701754,0.018612072325705956,3,"1,2,3"
10,9.375,0.0,0.0,0.8294786140350877,0.01967660363427813,1.1410266666666669,0.01875706432059006,3,"1,2,3"
10,9.625,0.0,0.0,0.8511388771929825,0.020595957704871534,1.1493938596491227,0.018995498306833024,3,"1,2,3"
10,9.875,0.00017803731578947368,0.00012641340751532725,0.8715770877192983,0.021911860743900273,1.1582703508771928,0.019313610003401302,3,"1,2,3"
10,10.125,0.00839344298245614,0.0009469537113553849,0.8889437368421054,0.02270994644930676,1.1680421052631578,0.01960819646489017,3,"1,2,3"
10,10.375,0.08630227719298245,0.003156289216087845,0.9037965087719297,0.022169390538618692,1.1784670175438594,0.019795675084391322,3,"1,2,3"
10,10.625,0.4699231228070176,0.022363881748795694,0.9153968070175439,0.022390395766623356,1.18846,0.019994682547965277,3,"1,2,3"
10,10.875,1.4469449122807019,0.027626979935843614,0.9257688421052631,0.022417393402451986,1.1964614035087722,0.020183147300770803,3,"1,2,3"
10,11.125,2.777238771929824,0.0846503917363306,0.9351405614035088,0.0216119038315264,1.1973314035087719,0.02050776295748688,3,"1,2,3"
10,11.375,3.685638245614035,0.08079527517467218,0.9433507719298245,0.020999652417663196,1.187111052631579,0.02058846000805378,3,"1,2,3"
10,11.625,3.7317319298245617,0.09955219806179587,0.9518776315789474,0.02031098123865978,1.1664505263157894,0.02052027558901945,3,"1,2,3"
10,11.875,3.211382456140351,0.08531197228419966,0.9596192631578946,0.020139872238933213,1.1389889473684212,0.020551807382894537,3,"1,2,3"
10,12.125,2.553251403508772,0.061815213876064416,0.9675497894736842,0.01989857289351494,1.1105064912280702,0.02009982675344789,3,"1,2,3"
10,12.375,2.020485263157895,0.038199119874513195,0.9761078947368421,0.019363806780780424,1.08472,0.019907138532268755,3,"1,2,3"
10,12.625,1.634011052631579,0.03815517365494442,0.9848479649122805,0.019143662005124705,1.063465789473684,0.019734206228666246,3,"1,2,3"
10,12.875,1.4023584210526316,0.043498433724362504,0.9939324035087719,0.018312995104508564,1.0473991052631577,0.019482139170087592,3,"1,2,3"
10,13.125,1.2319639122807018,0.024424147650076753,1.0047490000000001,0.018201866352257637,1.0367257192982455,0.019396201834995578,3,"1,2,3"
10,13.375,1.1232762631578945,0.02630150654841899,1.0155836666666664,0.017785503344458938,1.030269807017544,0.01932127947270296,3,"1,2,3"
10,13.625,1.040529403508772,0.039747054256311594,1.0283521578947368,0.017712532937756327,1.0273564561403508,0.01917535007963393,3,"1,2,3"
10,13.875,1.0068939649122808,0.04551213038074336,1.0415645964912281,0.01850274072191002,1.0271658070175436,0.019052873176733723,3,"1,2,3"
10,14.125,0.9752129122807016,0.05068854051826068,1.0559095087719295,0.01892765171120571,1.0289134561403508,0.019087082820899437,3,"1,2,3"
10,14.375,0.9476205263157894,0.04574394594097855,1.0708763333333333,0.019354998664350666,1.0317714385964913,0.0191255931503906,3,"1,2,3"
10,14.625,0.9058414385964912,0.029359557512570633,1.0863945614035087,0.01928400702955779,1.0351711403508772,0.01915661169591866,3,"1,2,3"
10,14.875,0.8934614035087719,0.03741511165951125,1.101401052631579,0.02043454911209414,1.0389398421052631,0.01943327383728981,3,"1,2,3"
10,15.125,0.886220649122807,0.020153627476793765,1.1167950877192983,0.02156897803230289,1.042863192982456,0.01961476671114527,3,"1,2,3"
10,15.375,0.8802813684210525,0.011984711370930245,1.1333263157894737,0.021359088809971408,1.0466219824561405,0.01975785462409483,3,"1,2,3"
10,15.625,0.8787319473684211,0.011344936051757445,1.1492363157894738,0.022531485588925308,1.0500572807017543,0.019730249881924827,3,"1,2,3"
10,15.875,0.8877047719298247,0.007966471260251549,1.1644907017543862,0.022898009325845133,1.0532674210526316,0.019663720094286442,3,"1,2,3"
10,16.125,0.8657078771929824,0.007473031498225416,1.179213859649123,0.02223586950777966,1.0559074035087719,0.01957134115417496,3,"1,2,3"
10,16.375,0.8511663508771931,0.006311943116685886,1.190912456140351,0.02242468904838119,1.058215456140351,0.01944625360004477,3,"1,2,3"
10,16.625,0.8637557719298247,0.0048643957045381905,1.196761052631579,0.022201383817185075,1.059840140350877,0.0192032558701264,3,"1,2,3"
10,16.875,0.8555155789473684,0.011076087641004258,1.1935745614035087,0.02193111705243816,1.0606923333333331,0.019169391418174444,3,"1,2,3"
10,17.125,0.8653032807017542,0.01636656959994021,1.1811066666666667,0.021762663077313806,1.0609614210526315,0.01896926024620069,3,"1,2,3"
10,17.375,0.8713312807017544,0.013981212263169398,1.1605584210526316,0.021077443015289844,1.0606504035087718,0.01892148769410921,3,"1,2,3"
10,17.625,0.899126947368421,0.0014293663422478911,1.1359301754385964,0.021198777627843113,1.060140649122807,0.018962370074170436,3,"1,2,3"
10,17.875,0.9314620877192982,0.005111355782928272,1.1107498245614036,0.020807369895836193,1.0600583859649124,0.018733302820728222,3,"1,2,3"
10,18.125,0.9533147192982456,0.003806106908551274,1.0878291228070174,0.020488931076196298,1.0601273684210526,0.018884341112224434,3,"1,2,3"
10,18.375,0.9807076666666665,0.007911871038642061,1.0689376666666666,0.019850288852504276,1.0607843859649122,0.01876222510086704,3,"1,2,3"
10,18.625,1.0083226315789473,0.004011930769649727,1.0537357368421054,0.019311885275062918,1.0619103859649126,0.01875540520237633,3,"1,2,3"
10,18.875,1.052216701754386,0.01767397781238076,1.0425565964912282,0.018776404060591518,1.063336385964912,0.018886838283861163,3,"1,2,3"
10,19.125,1.0840405789473684,0.02525368924212756,1.0348373157894735,0.018525655201889143,1.0651623333333333,0.01892397651645771,3,"1,2,3"
10,19.375,1.0973315263157895,0.029133841141471644,1.029171,0.018478293383671587,1.0666813157894737,0.019082986985530712,3,"1,2,3"
10,19.625,1.1131354736842107,0.03265554272800515,1.0257118070175437,0.018196556721064766,1.068360245614035,0.019192341346552035,3,"1,2,3"
10,19.875,1.1340025964912281,0.02959497080698308,1.0240663859649122,0.018297183480250032,1.0699222807017543,0.019380115530956723,3,"1,2,3"
10,20.125,1.1423552456140351,0.03231835583593071,1.0231808245614038,0.018020277102017347,1.071210701754386,0.019496182060282256,3,"1,2,3"
10,20.375,1.1484192105263158,0.021846162179779485,1.0229364385964912,0.017496124617426098,1.0724273684210528,0.01947190326612082,3,"1,2,3"
10,20.625,1.156309315789474,0.02512116140794126,1.0232478771929825,0.017622357634206554,1.0733435087719299,0.019607413254681415,3,"1,2,3"
10,20.875,1.1627723333333335,0.0363222048604047,1.0235335263157894,0.017418036759304405,1.0739554385964913,0.0196846837842223,3,"1,2,3"
10,21.125,1.1692480350877192,0.026096617519305195,1.0243020701754386,0.017461977568918763,1.0742624561403509,0.019632972705020246,3,"1,2,3"
10,21.375,1.1792438421052631,0.02236918156011582,1.0242735789473683,0.017353652075255698,1.0742901754385965,0.01955732504096027,3,"1,2,3"
10,21.625,1.1908943859649124,0.030906295916863027,1.0243594210526314,0.017747224983655996,1.0740735087719298,0.01960202514804494,3,"1,2,3"
10,21.875,1.2033641052631578,0.029648075864376563,1.0246102105263157,0.01782959950554577,1.0735380701754387,0.019553554186319266,3,"1,2,3"
10,22.125,1.2258542105263157,0.027402239675669456,1.0244757894736842,0.018619410821425632,1.0726245614035088,0.019481198504397765,3,"1,2,3"
10,22.375,1.213579298245614,0.028498752004339708,1.0256173333333332,0.018777941551437586,1.071588245614035,0.01934475229211941,3,"1,2,3"
10,22.625,1.1959219298245614,0.03169990422469315,1.0269036315789473,0.019210285649682055,1.0704163157894737,0.0192372000398697,3,"1,2,3"
10,22.875,1.1756947719298247,0.02910071251000094,1.0293885263157894,0.01948121871274248,1.069178245614035,0.01917197451254696,3,"1,2,3"
10,23.125,1.154571807017544,0.023772263038682444,1.034119701754386,0.01902301467498549,1.0682085964912282,0.01905291941399958,3,"1,2,3"
10,23.375,1.1259684561403507,0.024967383799988935,1.0415942280701753,0.01875511872513657,1.0675363157894735,0.01899093081409117,3,"1,2,3"
10,23.625,1.103754807017544,0.02672945114812888,1.0528267894736842,0.018749692598181707,1.0673568421052633,0.018979855759561074,3,"1,2,3"
10,23.875,1.0754640877192985,0.03260848621240086,1.0686179298245613,0.019320106780832697,1.067666842105263,0.0190444712436238,3,"1,2,3"
10,24.125,1.063992859649123,0.024469421322810037,1.0885352631578946,0.02013888965754988,1.0685322807017543,0.01914096776949815,3,"1,2,3"
10,24.375,1.047123456140351,0.024660899841121766,1.1087740350877195,0.020603066434553365,1.069632456140351,0.01919566660726781,3,"1,2,3"
10,24.625,1.0218730526315791,0.017227997234150826,1.1220938596491228,0.020943594671680024,1.0705924561403508,0.01918748111284625,3,"1,2,3"
10,24.875,1.019352912280702,0.016978019323585603,1.1257440350877193,0.021526638912915425,1.0710678947368422,0.01923589921129815,3,"1,2,3"
10,0.125,0.0,0.0,0.0,0.0,0.0,0.0,3,"1,2,3"
10,0.375,0.0,0.0,0.0,0.0,0.0,0.0,3,"1,2,3"
10,0.625,0.0,0.0,0.0,0.0,0.0,0.0,3,"1,2,3"
10,0.875,0.0,0.0,0.0,0.0,0.08794927543859649,8.551791012227317e-05,3,"1,2,3"
10,1.125,0.0,0.0,0.0,0.0,2.5308463157894736,0.003820187012289285,3,"1,2,3"
10,1.375,0.0,0.0,0.0,0.0,4.135502631578947,0.0043736695800634644,3,"1,2,3"
10,1.625,0.0,0.0,0.0,0.0,5.336078596491229,0.0012016000669261117,3,"1,2,3"
10,1.875,0.0,0.0,0.0,0.0,2.527382631578947,0.0036840277648903714,3,"1,2,3"
10,2.125,0.0,0.0,0.0,0.0,1.1721938596491228,0.004084913335563434,3,"1,2,3"
10,2.375,0.0,0.0,0.0,0.0,1.0775771929824562,0.006022510348834273,3,"1,2,3"
10,2.625,0.0,0.0,0.0,0.0,0.8243048245614036,0.008613676747504295,3,"1,2,3"
10,2.875,0.0,0.0,0.0,0.0,0.7261342456140353,0.00976206990309223,3,"1,2,3"
10,3.125,0.0,0.0,0.0,0.0,0.8416828771929823,0.011526588014436099,3,"1,2,3"
10,3.375,0.0,0.0,0.0,0.0,0.9414977017543859,0.01275220497656136,3,"1,2,3"
10,3.625,0.0,0.0,0.0,0.0,1.019267543859649,0.013760486207853069,3,"1,2,3"
10,3.875,0.0,0.0,0.0,0.0,1.0758629649122808,0.015031691484438829,3,"1,2,3"
10,4.125,0.0,0.0,0.0,0.0,1.1126849122807017,0.015924586438810596,3,"1,2,3"
10,4.375,0.0,0.0,0.0,0.0,1.131788596491228,0.016387119529928076,3,"1,2,3"
10,4.625,0.0,0.0,2.6915999999999998e-06,2.26916817962933e-06,1.1381066666666666,0.01702251510134441,3,"1,2,3"
10,4.875,0.0,0.0,0.010801157719298245,0.0001350029244827601,1.1356378947368422,0.017133884508130255,3,"1,2,3"
10,5.125,0.0,0.0,0.47792617543859656,0.0017643948953893387,1.1567270175438598,0.016989475425190397,3,"1,2,3"
10,5.375,0.0,0.0,2.70388649122807,0.014594077969787657,1.2891464912280703,0.01818766319233062,3,"1,2,3"
10,5.625,0.0,0.0,5.175627192982456,0.03630788813442301,1.4368735087719298,0.01910731211444568,3,"1,2,3"
10,5.875,0.0,0.0,5.716509473684211,0.04214615415070889,1.45969649122807,0.019584186501130006,3,"1,2,3"
10,6.125,0.0,0.0,4.816439298245614,0.04277197722893575,1.3909666666666667,0.019730399029423175,3,"1,2,3"
10,6.375,0.0,0.0,3.591382631578947,0.03485029094494591,1.3033849122807017,0.01889713270415084,3,"1,2,3"
10,6.625,0.0,0.0,2.618458947368421,0.026998978869921468,1.2342250877192982,0.01814721891771644,3,"1,2,3"
10,6.875,0.0,0.0,1.9259952631578947,0.021705551600173182,1.1851085964912278,0.01795991356750978,3,"1,2,3"
10,7.125,0.0,0.0,1.461756315789474,0.018985209001996604,1.1528314035087721,0.017952213434278778,3,"1,2,3"
10,7.375,0.0,0.0,1.1602087719298246,0.015427647906074914,1.1326224561403508,0.017552261083090073,3,"1,2,3"
10,7.625,0.0,0.0,0.9702783333333335,0.015132416767306317,1.1206884210526316,0.017503705889104385,3,"1,2,3"
10,7.875,0.0,0.0,0.8577908245614035,0.014518875189837747,1.1152098245614035,0.017514149153189544,3,"1,2,3"
10,8.125,0.0,0.0,0.7990427894736842,0.012856367128377025,1.1142284210526314,0.017406886130624903,3,"1,2,3"
10,8.375,0.0,0.0,0.7775859473684211,0.014499897733329313,1.1160601754385966,0.01764182499009728,3,"1,2,3"
10,8.625,0.0,0.0,0.7768193684210526,0.015040338320282171,1.1201589473684208,0.017979822983936775,3,"1,2,3"
10,8.875,0.0,0.0,0.7888611052631579,0.016082044880611747,1.1260005263157897,0.018190625511776668,3,"1,2,3"
10,9.125,0.0,0.0,0.8083609298245614,0.017354939589941387,1.13282649122807,0.018574508377479752,3,"1,2,3"
10,9.375,0.0,0.0,0.8291181754385963,0.01822025211465466,1.1405205263157894,0.018917253850902004,3,"1,2,3"
10,9.625,0.0,0.0,0.8505798245614037,0.018620796810860422,1.1489278947368422,0.0190691841492549,3,"1,2,3"
10,9.875,0.00048413684210526315,0.00011200991830424046,0.8695771228070175,0.019594053661572533,1.1580138596491227,0.019256130739793553,3,"1,2,3"
10,10.125,0.009730454912280702,0.002031005403899494,0.8865862982456142,0.020358441706051045,1.167551052631579,0.01960030078254908,3,"1,2,3"
10,10.375,0.09553834210526317,0.008571706109089916,0.9017918245614034,0.019782583645758915,1.1778392982456143,0.01961278582312874,3,"1,2,3"
10,10.625,0.4659541929824562,0.020057066262880015,0.9142179473684212,0.020275621818286734,1.18792649122807,0.020143165954923693,3,"1,2,3"
10,10.875,1.4491408771929823,0.05521434714980181,0.9253089649122807,0.019713499338958905,1.1959508771929823,0.020439271563280955,3,"1,2,3"
10,11.125,2.8190885964912282,0.0948703625081375,0.9345419649122807,0.019612258330174027,1.1969270175438596,0.020702008276765965,3,"1,2,3"
10,11.375,3.649969298245614,0.09132922247557526,0.9438894210526317,0.019006668656847997,1.186832456140351,0.020571790321528567,3,"1,2,3"
10,11.625,3.6686912280701756,0.09533664570984597,0.9518776140350877,0.01967833979389557,1.165932105263158,0.020305311264756185,3,"1,2,3"
10,11.875,3.152506140350877,0.10606465325824149,0.9602772105263156,0.019268709407887528,1.1388592982456138,0.020026386224526578,3,"1,2,3"
10,12.125,2.571290701754386,0.08237806375521267,0.9681565263157895,0.018401989896815758,1.1105615789473686,0.01957214415380883,3,"1,2,3"
10,12.375,2.078684561403508,0.058607604058106916,0.9774222631578947,0.01772449737974899,1.08478649122807,0.0191004832130496,3,"1,2,3"
10,12.625,1.6864598245614033,0.06765009893923404,0.9858460877192984,0.01805227305921587,1.0635673859649122,0.018924932975962143,3,"1,2,3"
10,12.875,1.4322059649122807,0.02552060474486356,0.9962300877192982,0.018317385359861427,1.047888543859649,0.01858158703758471,3,"1,2,3"
10,13.125,1.2544952280701755,0.013201915158174713,1.0064591403508771,0.01813003145329272,1.0372561578947368,0.01831959828551277,3,"1,2,3"
10,13.375,1.134324754385965,0.01604884106966277,1.0176880175438596,0.017789607590814042,1.0309465789473686,0.018288764023844196,3,"1,2,3"
10,13.625,1.060055403508772,0.011106714374816485,1.0302360175438596,0.01917373152997703,1.0282364035087719,0.018510293979573163,3,"1,2,3"
10,13.875,0.9921623684210527,0.010288656598957129,1.043593842105263,0.01808598973882477,1.028242754385965,0.018568119542761007,3,"1,2,3"
10,14.125,0.9599143859649123,0.019389024587505986,1.057345298245614,0.018124163321540755,1.0298149122807017,0.018628226759262942,3,"1,2,3"
10,14.375,0.932139947368421,0.021517067756127883,1.0717003508771927,0.018898606754811628,1.032809842105263,0.019047689818892787,3,"1,2,3"
10,14.625,0.9250091578947369,0.010224046590881594,1.0872728070175441,0.019390436274053194,1.0365570175438596,0.01930202893058617,3,"1,2,3"
10,14.875,0.9120810175438597,0.012807359952235838,1.1027363157894738,0.019956085032504633,1.040344350877193,0.019486744738438984,3,"1,2,3"
10,15.125,0.882016105263158,0.02028143269715693,1.1188159649122806,0.020468720948633095,1.0442054210526317,0.019543512535595955,3,"1,2,3"
10,15.375,0.8781088596491227,0.0039041937298511706,1.1343949122807018,0.020918174112171832,1.0479503859649124,0.019720075192972683,3,"1,2,3"
10,15.625,0.8669144385964911,0.015083572149193644,1.14914298245614,0.021882596251666525,1.0512602631578947,0.019736753186934193,3,"1,2,3"
10,15.875,0.8578172807017544,0.009511208925331145,1.1652071929824563,0.022102759128573114,1.054302210526316,0.019822843508179405,3,"1,2,3"
10,16.125,0.852012192982456,0.007356503157106964,1.1799471929824559,0.02324573843859459,1.0570787894736842,0.019995700769540593,3,"1,2,3"
10,16.375,0.8506814385964913,0.007823538694197116,1.1915252631578948,0.023601451952299447,1.0593099122807017,0.01987081225570418,3,"1,2,3"
10,16.625,0.8594380175438597,0.004625814385006229,1.1970984210526316,0.02425765817716275,1.0609568771929823,0.019929191850038285,3,"1,2,3"
10,16.875,0.8736150701754388,0.013107789227436595,1.1944147368421054,0.02449984533088531,1.0618640175438596,0.01976837512794464,3,"1,2,3"
10,17.125,0.8814374561403509,0.0100340077270339,1.1821135087719299,0.024166438470600897,1.0619371228070176,0.019669711897762426,3,"1,2,3"
10,17.375,0.8913977543859649,0.01399741718665267,1.1623698245614036,0.02290476562094005,1.0616525263157894,0.019586560146656058,3,"1,2,3"
10,17.625,0.9054005614035087,0.008607479279995682,1.1380570175438598,0.02170046676178385,1.061269105263158,0.019600030240851416,3,"1,2,3"
10,17.875,0.9255545964912281,0.00992155614268232,1.1129587719298246,0.021436916653973827,1.0608150350877192,0.019583550744263736,3,"1,2,3"
10,18.125,0.9409912631578946,0.005288201797506831,1.0901671929824561,0.02024469294173958,1.0607683508771932,0.01965563862416087,3,"1,2,3"
10,18.375,0.9839627719298246,0.013086409716616764,1.0708141228070174,0.019313596015728966,1.061384701754386,0.019628748265012277,3,"1,2,3"
10,18.625,1.0177822280701754,0.013688956994527825,1.0549851228070175,0.01842855072468404,1.0621859999999999,0.019688024779527694,3,"1,2,3"
10,18.875,1.046383105263158,0.016499520255316032,1.0433660877192983,0.018132352280319296,1.0636112807017544,0.019746004728206975,3,"1,2,3"
10,19.125,1.0899282105263157,0.019090976501436284,1.0359134736842106,0.017994725507506006,1.06523,0.019690739966878153,3,"1,2,3"
10,19.375,1.1013552807017544,0.02946741641382701,1.0302247368421051,0.018035202363278078,1.0668129649122806,0.019899282741581932,3,"1,2,3"
10,19.625,1.1119518421052634,0.036173440916960696,1.0270620877192982,0.018651592819890525,1.0684354385964911,0.020154126688883427,3,"1,2,3"
10,19.875,1.1151862105263157,0.02952519145800034,1.0246048596491228,0.0187388081868312,1.0699456140350876,0.020230958806848068,3,"1,2,3"
10,20.125,1.127097192982456,0.026933499056050712,1.0239343333333333,0.018604958825091486,1.0712629824561404,0.020373200116313942,3,"1,2,3"
10,20.375,1.1355667719298246,0.022160906307712055,1.023882140350877,0.01856466766199797,1.0724785964912282,0.020517169317703646,3,"1,2,3"
10,20.625,1.1395722456140351,0.030542158855757645,1.0235331754385966,0.019058737729498187,1.073257894736842,0.02060590045842879,3,"1,2,3"
10,20.875,1.145073403508772,0.02360183747660526,1.0232487894736844,0.018982891794964978,1.0738001754385964,0.020580702004136645,3,"1,2,3"
10,21.125,1.1606732631578947,0.03604476429392511,1.0234237543859648,0.01981943105446933,1.0740124561403508,0.02060777299286497,3,"1,2,3"
10,21.375,1.1845591228070171,0.031571140076808564,1.0232490350877192,0.020066079775378668,1.0740601754385966,0.02061246517202236,3,"1,2,3"
10,21.625,1.1970880701754385,0.026503804557407223,1.023397245614035,0.01980746399417603,1.0738185964912281,0.020565433213887308,3,"1,2,3"
10,21.875,1.2098561228070175,0.02997536044079459,1.0233758421052632,0.020417329033867254,1.0731733333333333,0.020614660635525577,3,"1,2,3"
10,22.125,1.2095128070175438,0.02642850639716011,1.0234783508771927,0.020214074761150225,1.0722884210526316,0.02056041746632734,3,"1,2,3"
10,22.375,1.2163033333333333,0.048674290396298996,1.0242829298245615,0.020411162053666696,1.0712394736842106,0.020603940971672677,3,"1,2,3"
10,22.625,1.2036119298245616,0.032149335485761536,1.0261586315789473,0.02013272138338539,1.070135350877193,0.020443900837556265,3,"1,2,3"
10,22.875,1.1878317543859649,0.021774094862453044,1.029050894736842,0.020563966158502932,1.0689865789473683,0.020333044834321558,3,"1,2,3"
10,23.125,1.1773954385964913,0.032415364237627295,1.033693105263158,0.020409085205631953,1.0679907368421053,0.02032919633563526,3,"1,2,3"
10,23.375,1.1409112807017545,0.032973742430783604,1.040922298245614,0.0203840852566275,1.0673113684210527,0.020387553468981887,3,"1,2,3"
10,23.625,1.1110182631578944,0.02113731153664611,1.0519833859649124,0.02072692304164792,1.067003807017544,0.020347605057859847,3,"1,2,3"
10,23.875,1.0867359824561402,0.024962096776435624,1.0672691052631578,0.020784540912773614,1.0672713684210526,0.020271292454607553,3,"1,2,3"
10,24.125,1.0662049473684212,0.027680113102055048,1.0873303508771928,0.02121519310173984,1.068190947368421,0.02034502255888435,3,"1,2,3"
10,24.375,1.0423544210526317,0.0175914428650372,1.1071292982456142,0.021995249450722412,1.06925050877193,0.020412585125045596,3,"1,2,3"
10,24.625,1.0293909122807017,0.018084822228913423,1.120071403508772,0.0222862698015663,1.07017649122807,0.020444569088938602,3,"1,2,3"
10,24.875,1.017110561403509,0.01339974771405211,1.1234610526315787,0.02264580378333985,1.0706824561403507,0.020617091200111425,3,"1,2,3"
10,0.125,0.0,0.0,0.0,0.0,0.0,0.0,3,"1,2,3"
10,0.375,0.0,0.0,0.0,0.0,0.0,0.0,3,"1,2,3"
10,0.625,0.0,0.0,0.0,0.0,0.0,0.0,3,"1,2,3"
10,0.875,0.0,0.0,0.0,0.0,0.08870460175438595,0.00047098133017818046,3,"1,2,3"
10,1.125,0.0,0.0,0.0,0.0,2.5344247368421056,0.0031518732356824093,3,"1,2,3"
10,1.375,0.0,0.0,0.0,0.0,4.138397192982456,0.0006502603120106894,3,"1,2,3"
10,1.625,0.0,0.0,0.0,0.0,5.336014561403509,0.0042485311205232405,3,"1,2,3"
10,1.875,0.0,0.0,0.0,0.0,2.5254340350877196,0.004270034011410292,3,"1,2,3"
10,2.125,0.0,0.0,0.0,0.0,1.1707626315789472,0.00483227528139668,3,"1,2,3"
10,2.375,0.0,0.0,0.0,0.0,1.0765731578947368,0.007460674233503713,3,"1,2,3"
10,2.625,0.0,0.0,0.0,0.0,0.8232375789473685,0.00960138077452771,3,"1,2,3"
10,2.875,0.0,0.0,0.0,0.0,0.7250062280701753,0.010390638057216243,3,"1,2,3"
10,3.125,0.0,0.0,0.0,0.0,0.8407056491228069,0.01122309377080326,3,"1,2,3"
10,3.375,0.0,0.0,0.0,0.0,0.9403323157894737,0.012275493126833103,3,"1,2,3"
10,3.625,0.0,0.0,0.0,0.0,1.018770456140351,0.012737487940008273,3,"1,2,3"
10,3.875,0.0,0.0,0.0,0.0,1.0756040350877194,0.01352634452405531,3,"1,2,3"
10,4.125,0.0,0.0,0.0,0.0,1.1122626315789472,0.0139889809491724,3,"1,2,3"
10,4.375,0.0,0.0,0.0,0.0,1.132219298245614,0.014168901234878968,3,"1,2,3"
10,4.625,0.0,0.0,2.4469122807017544e-06,1.247685346734807e-06,1.1387498245614036,0.014748314847057818,3,"1,2,3"
10,4.875,0.0,0.0,0.01077649052631579,0.00010799641075137658,1.136632456140351,0.01517826899068884,3,"1,2,3"
10,5.125,0.0,0.0,0.4778306842105264,0.0009752663172992377,1.1579256140350875,0.015110634525960877,3,"1,2,3"
10,5.375,0.0,0.0,2.698069649122807,0.013660709809157097,1.2899115789473685,0.016087694792305665,3,"1,2,3"
10,5.625,0.0,0.0,5.163605087719298,0.03558642365478721,1.4372619298245617,0.01767702076763653,3,"1,2,3"
10,5.875,0.0,0.0,5.716120701754385,0.04556307821132208,1.4610756140350878,0.017913091651316642,3,"1,2,3"
10,6.125,0.0,0.0,4.815801929824562,0.04061676377556275,1.392281052631579,0.017370508811256933,3,"1,2,3"
10,6.375,0.0,0.0,3.594158070175439,0.033293441728235715,1.3045410526315788,0.017057277924508008,3,"1,2,3"
10,6.625,0.0,0.0,2.618569473684211,0.02560056580846901,1.2350408771929824,0.016451544487849794,3,"1,2,3"
10,6.875,0.0,0.0,1.9261784210526318,0.01742127774275513,1.1860289473684207,0.015839497623006092,3,"1,2,3"
10,7.125,0.0,0.0,1.4613612280701755,0.01433233278089957,1.1532840350877194,0.015384620891906555,3,"1,2,3"
10,7.375,0.0,0.0,1.1570159649122809,0.0135051105017513,1.1327507017543859,0.015612839321450902,3,"1,2,3"
10,7.625,0.0,0.0,0.9651202456140351,0.012056527307143987,1.120801403508772,0.015658989832460477,3,"1,2,3"
10,7.875,0.0,0.0,0.852688192982456,0.010555760059190731,1.1151731578947368,0.015524791331642477,3,"1,2,3"
10,8.125,0.0,0.0,0.794459245614035,0.011698699232435786,1.1139778947368422,0.015655688920257135,3,"1,2,3"
10,8.375,0.0,0.0,0.7723854736842105,0.012148411983436223,1.115926842105263,0.015989029705211176,3,"1,2,3"
10,8.625,0.0,0.0,0.7746699298245613,0.013960634675660246,1.1203012280701756,0.016174683525018482,3,"1,2,3"
10,8.875,0.0,0.0,0.7875467543859648,0.014802054316780496,1.125778596491228,0.01649972451340191,3,"1,2,3"
10,9.125,0.0,0.0,0.8077399298245614,0.015477667856369217,1.1325807017543859,0.016932144662403906,3,"1,2,3"
10,9.375,0.0,0.0,0.8294629649122808,0.016094834042443662,1.1400598245614033,0.017205143062448646,3,"1,2,3"
10,9.625,1.6439105263157897e-05,2.3248405616436823e-05,0.8505612631578948,0.018356448487867116,1.1482645614035087,0.017499929003065698,3,"1,2,3"
10,9.875,0.0008308410526315789,0.00025471115117115027,0.8701775614035087,0.019228892889765686,1.1574092982456141,0.017914884309979492,3,"1,2,3"
10,10.125,0.010125611578947367,0.0012663913395543438,0.8884029298245614,0.018116855186260963,1.1671377192982455,0.018383182136737113,3,"1,2,3"
10,10.375,0.09605336315789474,0.0016763188894680695,0.9034694210526317,0.019147065700711664,1.177304561403509,0.01884542974853297,3,"1,2,3"
10,10.625,0.47044380701754385,0.010588125547781019,0.9163172982456139,0.01925792596672494,1.1877108771929825,0.01914757701888321,3,"1,2,3"
10,10.875,1.4347107017543859,0.03753451189826587,0.9277371929824562,0.01875709848908259,1.1953705263157894,0.019576168171924632,3,"1,2,3"
10,11.125,2.760006140350877,0.09063763535231446,0.9369821403508771,0.018410191893902868,1.196387192982456,0.019918861379557996,3,"1,2,3"
10,11.375,3.6266077192982458,0.12186927254725553,0.9448143157894737,0.017535311759589615,1.1866484210526316,0.01996854913534362,3,"1,2,3"
10,11.625,3.6839749122807017,0.12626345713188156,0.9528425789473683,0.017561448940877408,1.1659156140350877,0.020056344198993496,3,"1,2,3"
10,11.875,3.1933982456140346,0.07967379314664041,0.9605806491228069,0.016998846061880707,1.1388782456140352,0.019711430327725724,3,"1,2,3"
10,12.125,2.5538789473684207,0.05575440250184673,0.968135807017544,0.017652841258226602,1.110457192982456,0.019458227029670302,3,"1,2,3"
10,12.375,2.0674652631578945,0.04432903678108807,0.97566149122807,0.01739257992064694,1.0845680701754385,0.019316332180020226,3,"1,2,3"
10,12.625,1.6897580701754384,0.047118793237375264,0.9841987368421053,0.01765749234310256,1.0632464035087719,0.018930524755354172,3,"1,2,3"
10,12.875,1.4168484210526315,0.022862801009298096,0.9945278771929825,0.018246719282060668,1.0474314736842105,0.018783944599632545,3,"1,2,3"
10,13.125,1.2396177192982458,0.020220717488721753,1.0049090175438595,0.018378724012294623,1.0366509298245614,0.01858033561208406,3,"1,2,3"
10,13.375,1.1417551228070175,0.008022265296084742,1.0168034736842106,0.01842154491176807,1.0304511228070175,0.018643325433105342,3,"1,2,3"
10,13.625,1.0633290526315788,0.021437919538354406,1.028960456140351,0.018143311561915825,1.0276490350877192,0.0185702170622809,3,"1,2,3"
10,13.875,1.021130192982456,0.017258002425378467,1.0423239824561403,0.01880449390388442,1.0275509999999999,0.018740979717652644,3,"1,2,3"
10,14.125,0.9648440175438596,0.003965790428371206,1.055933403508772,0.019506784614416156,1.0294415614035088,0.01887141399161936,3,"1,2,3"
10,14.375,0.9256279649122807,0.021152404630568073,1.0705197368421053,0.020029261517681345,1.0323309824561404,0.018825508563163448,3,"1,2,3"
10,14.625,0.9093657719298246,0.015084049531427094,1.0860867719298246,0.021098621709778234,1.0360967543859647,0.01890177906483783,3,"1,2,3"
10,14.875,0.9061798070175439,0.01186280625456314,1.100792807017544,0.021786217174794616,1.0400967894736841,0.019014542149476038,3,"1,2,3"
10,15.125,0.8909823859649123,0.017686430657962108,1.1161657894736843,0.023038855200250993,1.0437459122807018,0.019281617248654608,3,"1,2,3"
10,15.375,0.8816215263157896,0.017867525870814586,1.1319308771929826,0.02303246224264928,1.0473371754385967,0.019394157920390835,3,"1,2,3"
10,15.625,0.8885445263157895,0.016267059804957445,1.1479884210526314,0.023315570705084197,1.050598596491228,0.019632568270699216,3,"1,2,3"
10,15.875,0.8667430701754385,0.01593075528680306,1.1643071929824562,0.024274675065872893,1.0533845087719298,0.01986990421076629,3,"1,2,3"
10,16.125,0.8538607017543859,0.0073384445501841365,1.177806666666667,0.023702531067565938,1.0558136315789475,0.01992194899478184,3,"1,2,3"
10,16.375,0.8554229122807017,0.00238014288285668,1.1898419298245615,0.023340111018009698,1.0577204912280702,0.020043112731816234,3,"1,2,3"
10,16.625,0.8684032105263157,0.007558267950028785,1.1962003508771932,0.02407838415728377,1.0591207368421054,0.02001641880756803,3,"1,2,3"
10,16.875,0.8754672631578946,0.017305294418164478,1.1931675438596494,0.02443728341581449,1.0598852982456142,0.019997097601098003,3,"1,2,3"
10,17.125,0.8661248070175439,0.011535968001312319,1.181214736842105,0.02474739587109581,1.060040807017544,0.01993004624468997,3,"1,2,3"
10,17.375,0.8842943508771931,0.022828243808414618,1.1613573684210525,0.024327818157165098,1.0598643684210527,0.02001141122553084,3,"1,2,3"
10,17.625,0.8985572631578949,0.016976796090805137,1.1370268421052632,0.023918042915672965,1.059568701754386,0.019860847794958267,3,"1,2,3"
10,17.875,0.9200788245614037,0.027655493118569872,1.112167894736842,0.022711126311929446,1.0591699649122808,0.019636549919597665,3,"1,2,3"
10,18.125,0.9495445087719299,0.01507832774430863,1.089389649122807,0.021169663229335025,1.0592868070175439,0.019665927634736298,3,"1,2,3"
10,18.375,0.9817460175438596,0.01398243563196016,1.0697822982456142,0.01961686837115671,1.0600220701754386,0.019408825082492694,3,"1,2,3"
10,18.625,1.0180594736842108,0.015772584180247417,1.0544789473684213,0.019504345226978154,1.0609364035087718,0.019429681873065145,3,"1,2,3"
10,18.875,1.0521915789473684,0.030246635728245774,1.0430744561403509,0.0188245152308257,1.0623010701754385,0.0194904859798567,3,"1,2,3"
10,19.125,1.080202157894737,0.03131710095829653,1.0348026140350877,0.018859433478669363,1.0639217017543858,0.019544473405887695,3,"1,2,3"
10,19.375,1.099975140350877,0.02567664221216393,1.0296645087719296,0.01846330732222295,1.0655961929824562,0.01965814636238753,3,"1,2,3"
10,19.625,1.1030893333333331,0.027415008954793024,1.0259159824561406,0.018530820664034633,1.0671615614035088,0.01975418572334708,3,"1,2,3"
10,19.875,1.1207526666666667,0.021862877810390167,1.0236424736842107,0.018988649705885333,1.0686419999999999,0.019915184321505887,3,"1,2,3"
10,20.125,1.1227724912280703,0.02113047901798974,1.022240754385965,0.019237970788417814,1.0699311754385965,0.019878559274499417,3,"1,2,3"
10,20.375,1.1307986315789473,0.03343416717156473,1.0222729824561405,0.01960987837980634,1.071058245614035,0.01987971497448886,3,"1,2,3"
10,20.625,1.138787210526316,0.024139091485419557,1.0213302807017544,0.019748976757641,1.071816842105263,0.019907381686551127,3,"1,2,3"
10,20.875,1.148471052631579,0.022946372233487163,1.0216130175438598,0.019879832181876077,1.0722712807017543,0.019850073525281033,3,"1,2,3"
10,21.125,1.1692596491228069,0.036095530196326185,1.0210350526315788,0.020098558887162048,1.0724649298245614,0.019900094235049872,3,"1,2,3"
10,21.375,1.1787339122807017,0.031155538810182456,1.0207717017543858,0.019789683909406542,1.0723146842105264,0.019912170947050542,3,"1,2,3"
10,21.625,1.1856673333333332,0.02498753760074649,1.020736298245614,0.019624502613752783,1.071938596491228,0.01990079203003216,3,"1,2,3"
10,21.875,1.2054578771929825,0.017306929600598167,1.0209310175438597,0.020096753225244422,1.0713250350877193,0.01983978422212055,3,"1,2,3"
10,22.125,1.2243834561403508,0.035015994024689585,1.0211718421052631,0.019790174267880864,1.0704408421052634,0.01979436675360867,3,"1,2,3"
10,22.375,1.2113622807017543,0.037938478987344745,1.0218605614035088,0.019916680444182207,1.069412649122807,0.019825415493339243,3,"1,2,3"
10,22.625,1.2034692631578947,0.033884655909282656,1.0233889122807016,0.019611916574978686,1.0683045263157895,0.019648015790933584,3,"1,2,3"
10,22.875,1.1859996315789474,0.042363792469783765,1.0270510000000002,0.019820439951166634,1.0672051754385965,0.01965164913622948,3,"1,2,3"
10,23.125,1.1773721578947367,0.03100608799431145,1.0320950175438597,0.020099938370854786,1.0663148771929825,0.019521019663916006,3,"1,2,3"
10,23.375,1.1385037192982455,0.0229832926496218,1.0398600877192983,0.020182774646807847,1.0657254912280703,0.01922323484501079,3,"1,2,3"
10,23.625,1.1135757894736844,0.021392453827868054,1.0511359298245615,0.020305682374567688,1.0654792807017543,0.019136760321092836,3,"1,2,3"
10,23.875,1.0908280701754387,0.017688986708107864,1.066535192982456,0.020371543157307322,1.0657982105263157,0.019068628083966,3,"1,2,3"
10,24.125,1.06044349122807,0.019272911147523605,1.0863087719298248,0.02033531191045617,1.066814105263158,0.018965370917998176,3,"1,2,3"
10,24.375,1.040798561403509,0.017910219499273645,1.1064935087719299,0.020445340766647144,1.0680019824561402,0.018906333583688827,3,"1,2,3"
10,24.625,1.0220913333333332,0.02242077012676534,1.1198677192982456,0.020354683024352182,1.069020298245614,0.01891011391566649,3,"1,2,3"
10,24.875,1.008584052631579,0.020590858166238683,1.1228278947368422,0.020901032464435983,1.0696825789473683,0.018989042774947156,3,"1,2,3"
10,0.125,0.0,0.0,0.0,0.0,0.0,0.0,3,"1,2,3"
10,0.375,0.0,0.0,0.0,0.0,0.0,0.0,3,"1,2,3"
10,0.625,0.0,0.0,0.0,0.0,0.0,0.0,3,"1,2,3"
10,0.875,0.0,0.0,0.0,0.0,0.08775185087719296,0.0005168026800329709,3,"1,2,3"
10,1.125,0.0,0.0,0.0,0.0,2.53037,0.0014232560565130403,3,"1,2,3"
10,1.375,0.0,0.0,0.0,0.0,4.135012807017544,0.004202332868650383,3,"1,2,3"
10,1.625,0.0,0.0,0.0,0.0,5.336004912280701,0.0017731175279515204,3,"1,2,3"
10,1.875,0.0,0.0,0.0,0.0,2.5274829824561404,0.0025509826590810764,3,"1,2,3"
10,2.125,0.0,0.0,0.0,0.0,1.1712749122807018,0.004956495879190208,3,"1,2,3"
10,2.375,0.0,0.0,0.0,0.0,1.0770670175438597,0.006585169273085205,3,"1,2,3"
10,2.625,0.0,0.0,0.0,0.0,0.822977649122807,0.008170750077211682,3,"1,2,3"
10,2.875,0.0,0.0,0.0,0.0,0.7245236140350878,0.009438739951071891,3,"1,2,3"
10,3.125,0.0,0.0,0.0,0.0,0.8393045438596491,0.010702986180273778,3,"1,2,3"
10,3.375,0.0,0.0,0.0,0.0,0.9390257368421051,0.01154561488348961,3,"1,2,3"
10,3.625,0.0,0.0,0.0,0.0,1.0172543508771927,0.01201154635768182,3,"1,2,3"
10,3.875,0.0,0.0,0.0,0.0,1.0739020175438598,0.012863646181786167,3,"1,2,3"
10,4.125,0.0,0.0,0.0,0.0,1.1108001754385965,0.012896268912445559,3,"1,2,3"
10,4.375,0.0,0.0,0.0,0.0,1.1307470175438599,0.013397694219648381,3,"1,2,3"
10,4.625,0.0,0.0,4.159743859649122e-06,3.4604813443367834e-07,1.1374249122807019,0.014073818454747701,3,"1,2,3"
10,4.875,0.0,0.0,0.010633127192982457,7.931426300389632e-05,1.1348747368421053,0.014053381811894252,3,"1,2,3"
10,5.125,0.0,0.0,0.47676870175438596,0.0011505279693197654,1.1562931578947366,0.014408708899531277,3,"1,2,3"
10,5.375,0.0,0.0,2.703375964912281,0.010303038416679507,1.289056842105263,0.015511812839922801,3,"1,2,3"
10,5.625,0.0,0.0,5.176997719298245,0.027446240397783924,1.4363203508771931,0.016659833064430432,3,"1,2,3"
10,5.875,0.0,0.0,5.721174385964912,0.036837619356805705,1.4594984210526316,0.01713795102343411,3,"1,2,3"
10,6.125,0.0,0.0,4.816601578947368,0.03474940841548525,1.3902468421052632,0.017104333664354435,3,"1,2,3"
10,6.375,0.0,0.0,3.588316315789474,0.03242958934945009,1.302177894736842,0.016910033578965502,3,"1,2,3"
10,6.625,0.0,0.0,2.609918245614035,0.025462530983533654,1.2323638596491229,0.0163805570418008,3,"1,2,3"
10,6.875,0.0,0.0,1.9177059649122803,0.020393990453046577,1.1831477192982458,0.016325640180425042,3,"1,2,3"
10,7.125,0.0,0.0,1.454120350877193,0.014846049900926982,1.1507108771929826,0.01575972838148091,3,"1,2,3"
10,7.375,0.0,0.0,1.1541115789473684,0.012600859693077227,1.1303315789473682,0.015900776986422095,3,"1,2,3"
10,7.625,0.0,0.0,0.9635226842105263,0.013142119588551111,1.1185547368421052,0.015855334821123567,3,"1,2,3"
10,7.875,0.0,0.0,0.8514237192982458,0.013636074937241187,1.112761754385965,0.0161525220242512,3,"1,2,3"
10,8.125,0.0,0.0,0.7937231228070177,0.013333718827460596,1.11186649122807,0.016496225396247233,3,"1,2,3"
10,8.375,0.0,0.0,0.772408701754386,0.015631800648220125,1.1137245614035087,0.016853498308433655,3,"1,2,3"
10,8.625,0.0,0.0,0.7728654561403511,0.01597185686529453,1.1181915789473684,0.01744902442459936,3,"1,2,3"
10,8.875,0.0,0.0,0.7867817192982457,0.0168663019400965,1.123967894736842,0.017713908245698393,3,"1,2,3"
10,9.125,0.0,0.0,0.8060202807017544,0.017911046126689947,1.1308164912280703,0.01818191819066492,3,"1,2,3"
10,9.375,0.0,0.0,0.8272858771929824,0.017667003595229564,1.1385987719298247,0.018334973379173992,3,"1,2,3"
10,9.625,0.0,0.0,0.8479222105263159,0.017906830801193336,1.1473261403508772,0.018686787078750693,3,"1,2,3"
10,9.875,0.00038106257894736834,0.0004144450705331192,0.8666835087719299,0.0183048490564488,1.1565622807017544,0.01919762398893558,3,"1,2,3"
10,10.125,0.011230869649122809,0.001951891111709681,0.8844423333333333,0.018761228552185014,1.166398947368421,0.019393688309869945,3,"1,2,3"
10,10.375,0.09528363157894737,0.004736814006474163,0.8994426491228071,0.019394802234760172,1.1767631578947368,0.019726519419833152,3,"1,2,3"
10,10.625,0.4750035614035088,0.017374069430793282,0.9119139122807018,0.020042905575266525,1.1866587719298247,0.020180127871523842,3,"1,2,3"
10,10.875,1.4242207017543862,0.03631076270405523,0.9239517192982456,0.019760186408065615,1.1940843859649124,0.020530293561194613,3,"1,2,3"
10,11.125,2.7527982456140347,0.06184054593679251,0.9336397719298245,0.018992587800648483,1.1947956140350877,0.020822227630502444,3,"1,2,3"
10,11.375,3.688035964912281,0.10163810708347144,0.9421394561403509,0.018733752669915737,1.1844731578947367,0.02098125322052056,3,"1,2,3"
10,11.625,3.7082036842105257,0.09189789331509503,0.9512271052631579,0.01820025452583481,1.1633243859649123,0.021070697938216705,3,"1,2,3"
10,11.875,3.1377959649122804,0.09179939905931629,0.9589317368421052,0.01868652765562838,1.1358682456140352,0.021096469342367474,3,"1,2,3"
10,12.125,2.564097894736842,0.08902196062903903,0.9671202105263158,0.018913442721242138,1.1073250877192982,0.021137984174138758,3,"1,2,3"
10,12.375,2.0359517543859647,0.08486343208111502,0.976511298245614,0.019444470290254024,1.081482807017544,0.02098856350563716,3,"1,2,3"
10,12.625,1.6845631578947369,0.03833385871172369,0.9859905964912281,0.020064625547161364,1.0606665263157895,0.021012299007065468,3,"1,2,3"
10,12.875,1.422862456140351,0.02914040729105081,0.9956225087719298,0.020348469916470758,1.044806894736842,0.020844407253389416,3,"1,2,3"
10,13.125,1.25732649122807,0.032810711424468474,1.007057157894737,0.02119730142980026,1.0343528070175438,0.02060544322290674,3,"1,2,3"
10,13.375,1.1407132807017544,0.035034864357430535,1.0181460526315789,0.02145916715904284,1.0281346315789472,0.02054405725963055,3,"1,2,3"
10,13.625,1.0619181929824562,0.035195314830121734,1.0304468771929827,0.021296361858643434,1.025285385964912,0.020436248086316937,3,"1,2,3"
10,13.875,0.9777182456140351,0.011563323646635782,1.0430536140350877,0.021612980392585638,1.0250865964912281,0.020507571556785238,3,"1,2,3"
10,14.125,0.9460308771929823,0.005885235035615534,1.0567717719298246,0.022439134993620553,1.026770789473684,0.020693946546857807,3,"1,2,3"
10,14.375,0.9251430175438596,0.02049822885380127,1.070623807017544,0.02227493254495797,1.0295299649122807,0.02091884403045082,3,"1,2,3"
10,14.625,0.9229659473684211,0.023550357753456673,1.0845212280701755,0.021704466124242427,1.0329446315789472,0.021159682192498547,3,"1,2,3"
10,14.875,0.9009405087719299,0.004431928830696453,1.0999763157894737,0.02278985963369961,1.0367980701754387,0.021423898628016247,3,"1,2,3"
10,15.125,0.8876641228070175,0.009341540393729024,1.1156291228070174,0.022990337238510027,1.0404547894736842,0.021559054642204308,3,"1,2,3"
10,15.375,0.8877084736842106,0.0054213162967732325,1.132,0.023516884796775016,1.0440831754385964,0.02168532721585253,3,"1,2,3"
10,15.625,0.878564596491228,0.012635476671617487,1.1479343859649125,0.024845465072877906,1.0473817719298246,0.021806979662794716,3,"1,2,3"
10,15.875,0.8757354561403509,0.01655476019143727,1.1631721052631578,0.025761306952845956,1.0503314210526316,0.02180091752654194,3,"1,2,3"
10,16.125,0.8629324385964913,0.015377264526149398,1.177082105263158,0.0260572908858586,1.0529146491228067,0.021824821238299083,3,"1,2,3"
10,16.375,0.8526987894736843,0.022330165422886638,1.1885940350877189,0.027054859469779494,1.055096894736842,0.021849393510010976,3,"1,2,3"
10,16.625,0.8511449298245614,0.013067351994295347,1.1931684210526317,0.026742992537513416,1.0565925789473685,0.02158188192510952,3,"1,2,3"
10,16.875,0.8678912631578948,0.02111803422834233,1.190061754385965,0.027005261504146907,1.0575525614035088,0.02157067362760242,3,"1,2,3"
10,17.125,0.8833580701754385,0.024937411140128544,1.1773091228070174,0.02661609203097889,1.0576467192982457,0.021425486635209816,3,"1,2,3"
10,17.375,0.8880750701754386,0.019008457546813712,1.156540350877193,0.02575011293607041,1.0574196666666666,0.021329606676188443,3,"1,2,3"
10,17.625,0.9120319649122807,0.024521806726592297,1.13167,0.02509457269168008,1.0571048245614034,0.02136436923206267,3,"1,2,3"
10,17.875,0.9244297368421052,0.026212986721657762,1.1070066666666667,0.024523195081686724,1.0569554912280703,0.021453424302551843,3,"1,2,3"
10,18.125,0.9519432105263158,0.022726163815951637,1.084091754385965,0.024101310226462648,1.0570966140350875,0.021496141498183786,3,"1,2,3"
10,18.375,0.9864202982456142,0.02184574832929974,1.0658225263157897,0.02312745611271631,1.0577773157894736,0.02152465514046578,3,"1,2,3"
10,18.625,1.0319811228070173,0.027474382420257848,1.0515175614035088,0.022604139106515164,1.0587270877192985,0.021549323926098,3,"1,2,3"
10,18.875,1.0527860350877194,0.03440029429833773,1.0400523333333336,0.021577744263266415,1.060174649122807,0.0216164871974986,3,"1,2,3"
10,19.125,1.0820858596491227,0.030064164768028173,1.0321794736842103,0.020578461793346877,1.0616830175438599,0.021574240323650504,3,"1,2,3"
10,19.375,1.0938264385964915,0.026143610763283375,1.026676438596491,0.02019309323674395,1.0632168947368423,0.021695658005546355,3,"1,2,3"
10,19.625,1.1063014736842105,0.01734053330889074,1.0229010877192983,0.020164832977965338,1.0647423157894735,0.021623713202946548,3,"1,2,3"
10,19.875,1.119346701754386,0.026489199104175885,1.0209339473684211,0.020068186599363873,1.0661865614035089,0.02156976433896892,3,"1,2,3"
10,20.125,1.118854947368421,0.016814202218310283,1.019906736842105,0.019624964378016415,1.06740649122807,0.021585091955005947,3,"1,2,3"
10,20.375,1.1384642105263156,0.020409072462538785,1.0188093333333332,0.019904776767756253,1.068553754385965,0.02149302945713571,3,"1,2,3"
10,20.625,1.1465159649122807,0.0211264980294998,1.0193067894736842,0.020134321069571613,1.0694700526315788,0.021592071827935162,3,"1,2,3"
10,20.875,1.1608163859649123,0.027790145323666415,1.0192490526315787,0.019964421293549514,1.0701015964912282,0.021563549097862057,3,"1,2,3"
10,21.125,1.1604690350877191,0.030716594474328347,1.019273350877193,0.020263188716419234,1.0704006315789474,0.021643051102787123,3,"1,2,3"
10,21.375,1.1775771929824563,0.026027195558661582,1.0194728596491227,0.019969717049765853,1.0705031929824562,0.021579346755453952,3,"1,2,3"
10,21.625,1.1833168421052631,0.024697254986700813,1.0199558596491227,0.020174699577265857,1.0704214210526317,0.021643627770316587,3,"1,2,3"
10,21.875,1.1859419298245613,0.031305570888697815,1.020315052631579,0.020421335837292807,1.0698475263157896,0.021614133054873152,3,"1,2,3"
10,22.125,1.2003726315789474,0.039687905903145394,1.0209433684210525,0.020454481025942228,1.0690871228070176,0.021501085179739903,3,"1,2,3"
10,22.375,1.2031719298245613,0.03566296317790341,1.0218359824561405,0.02062262219501224,1.0680220350877192,0.0215079013325996,3,"1,2,3"
10,22.625,1.1850622280701752,0.03134650395654906,1.0241771403508773,0.021617527284568096,1.0669237719298248,0.02152108536200056,3,"1,2,3"
10,22.875,1.1729719824561402,0.03325420757960744,1.0269567894736842,0.02151691855034375,1.0658278245614037,0.021321321325305915,3,"1,2,3"
10,23.125,1.1613988070175438,0.03242679809541532,1.031754403508772,0.021028520552801203,1.0649009824561402,0.021157634974635336,3,"1,2,3"
10,23.375,1.1344967368421053,0.038000682758409274,1.038977754385965,0.021224539804219365,1.0643290526315792,0.021100890138545568,3,"1,2,3"
10,23.625,1.1083336666666666,0.037510393289239836,1.0500238070175438,0.02130723050371351,1.0641741228070174,0.021047200304156174,3,"1,2,3"
10,23.875,1.0829949122807017,0.03536000134729054,1.0650337719298244,0.021447389295365285,1.0646759298245614,0.02101327720983982,3,"1,2,3"
10,24.125,1.0597621403508775,0.03096527934558055,1.0847985964912283,0.02158291294898568,1.0657393859649122,0.020876230713117748,3,"1,2,3"
10,24.375,1.0441567192982457,0.02315671297863248,1.1047145614035088,0.021432138690573168,1.0670020877192983,0.020847924335206363,3,"1,2,3"
10,24.625,1.0354878771929823,0.02152851253777767,1.1178787719298244,0.021579078516218164,1.0680611929824562,0.020770208914666213,3,"1,2,3"
10,24.875,1.0241869824561405,0.01597693768689842,1.1216038596491227,0.021386929886264356,1.068747140350877,0.020735572584095023,3,"1,2,3"
10,0.125,0.0,0.0,0.0,0.0,0.0,0.0,3,"1,2,3"
10,0.375,0.0,0.0,0.0,0.0,0.0,0.0,3,"1,2,3"
10,0.625,0.0,0.0,0.0,0.0,0.0,0.0,3,"1,2,3"
10,0.875,0.0,0.0,0.0,0.0,0.08834765263157895,0.00036863735577646547,3,"1,2,3"
10,1.125,0.0,0.0,0.0,0.0,2.530527192982456,0.0032240700902837873,3,"1,2,3"
10,1.375,0.0,0.0,0.0,0.0,4.134585438596491,0.0009756553148118192,3,"1,2,3"
10,1.625,0.0,0.0,0.0,0.0,5.337120175438596,0.0014705360693221103,3,"1,2,3"
10,1.875,0.0,0.0,0.0,0.0,2.5248561403508774,0.0025006794767606106,3,"1,2,3"
10,2.125,0.0,0.0,0.0,0.0,1.1687554385964913,0.004727931918689354,3,"1,2,3"
10,2.375,0.0,0.0,0.0,0.0,1.0749977192982456,0.0056198083472894875,3,"1,2,3"
10,2.625,0.0,0.0,0.0,0.0,0.819788859649123,0.0072007776743928786,3,"1,2,3"
10,2.875,0.0,0.0,0.0,0.0,0.7205904912280702,0.008427885233629777,3,"1,2,3"
10,3.125,0.0,0.0,0.0,0.0,0.8357205789473685,0.009812157837098325,3,"1,2,3"
10,3.375,0.0,0.0,0.0,0.0,0.9349179999999998,0.010923512342492432,3,"1,2,3"
10,3.625,0.0,0.0,0.0,0.0,1.0130106666666667,0.012302112668094436,3,"1,2,3"
10,3.875,0.0,0.0,0.0,0.0,1.0693173684210526,0.012371613988763937,3,"1,2,3"
10,4.125,0.0,0.0,0.0,0.0,1.1057456140350876,0.01261966883195174,3,"1,2,3"
10,4.375,0.0,0.0,0.0,0.0,1.1257140350877195,0.013066843602171403,3,"1,2,3"
10,4.625,0.0,0.0,2.202219298245614e-06,1.1987351579392566e-06,1.1324566666666667,0.013205524182867271,3,"1,2,3"
10,4.875,0.0,0.0,0.010872290000000001,0.00014958399882392237,1.1306107017543858,0.013071175320284489,3,"1,2,3"
10,5.125,0.0,0.0,0.4770669473684211,0.0018334778062776497,1.1523959649122808,0.01313407902462815,3,"1,2,3"
10,5.375,0.0,0.0,2.6951442105263155,0.00993759054384788,1.2845905263157895,0.01397101233913409,3,"1,2,3"
10,5.625,0.0,0.0,5.159231578947369,0.02381738412030732,1.4319759649122805,0.014919604535896192,3,"1,2,3"
10,5.875,0.0,0.0,5.706822807017544,0.032437996410719934,1.4557861403508772,0.015601831091089964,3,"1,2,3"
10,6.125,0.0,0.0,4.80552596491228,0.02789317460813469,1.3867864912280703,0.015458135345291293,3,"1,2,3"
10,6.375,0.0,0.0,3.586159298245614,0.026863039584562622,1.2992808771929825,0.01601153841416953,3,"1,2,3"
10,6.625,0.0,0.0,2.616034035087719,0.021984588357968297,1.2298364912280704,0.015332303837533739,3,"1,2,3"
10,6.875,0.0,0.0,1.922817543859649,0.01986970879681065,1.1808699999999999,0.015151864980029389,3,"1,2,3"
10,7.125,0.0,0.0,1.457419649122807,0.017059093124586054,1.1482512280701753,0.015113373361205407,3,"1,2,3"
10,7.375,0.0,0.0,1.1561077192982454,0.01540019866124427,1.1280126315789474,0.014539369465372287,3,"1,2,3"
10,7.625,0.0,0.0,0.9649199122807018,0.01595027494243595,1.1161419298245614,0.014368880259568636,3,"1,2,3"
10,7.875,0.0,0.0,0.8513765087719297,0.014480643019724548,1.110364912280702,0.014355116649570395,3,"1,2,3"
10,8.125,0.0,0.0,0.7925425789473683,0.014546429201914625,1.1088873684210527,0.014368505693472129,3,"1,2,3"
10,8.375,0.0,0.0,0.7709194210526316,0.014487487756984392,1.1108691228070173,0.014710799384424496,3,"1,2,3"
10,8.625,0.0,0.0,0.7709534210526314,0.014536432003247626,1.1147766666666667,0.015235634472237193,3,"1,2,3"
10,8.875,0.0,0.0,0.7843663333333334,0.014860147329807656,1.1208485964912278,0.015987789947114306,3,"1,2,3"
10,9.125,0.0,0.0,0.8043031403508771,0.01608234923431367,1.1277415789473684,0.01660332320527754,3,"1,2,3"
10,9.375,0.0,0.0,0.8245772105263157,0.016609268012564682,1.1356029824561404,0.017084316298995688,3,"1,2,3"
10,9.625,0.0,0.0,0.845984894736842,0.017153778919062175,1.1442442105263158,0.017454508856139448,3,"1,2,3"
10,9.875,0.00019990161403508772,4.8589723251839656e-05,0.8662951578947368,0.01807872915800773,1.1533859649122806,0.017965033937704964,3,"1,2,3"
10,10.125,0.008500401578947369,0.0014485511569753153,0.8828123859649123,0.01873124595151839,1.1630824561403508,0.018278633623796108,3,"1,2,3"
10,10.375,0.09354342631578945,0.008907743621587944,0.8983528245614035,0.0181952678251938,1.1731091228070174,0.018671204434595867,3,"1,2,3"
10,10.625,0.46524189473684213,0.013598358578299328,0.9114954385964914,0.0187781415689526,1.1833135087719298,0.019078271525032987,3,"1,2,3"
10,10.875,1.4100252631578947,0.02187121562147032,0.922326649122807,0.018469063499014334,1.1909822807017543,0.019483703872460432,3,"1,2,3"
10,11.125,2.755831929824561,0.051612219365894454,0.9317193684210526,0.01794882816988906,1.1919712280701755,0.019835492412567077,3,"1,2,3"
10,11.375,3.6608475438596493,0.06297032606691662,0.9410956666666666,0.018124523048169024,1.1819991228070175,0.01996517850160123,3,"1,2,3"
10,11.625,3.6656342105263158,0.08649240106353812,0.9488002456140352,0.017725655909308625,1.1614031578947368,0.02012565348411122,3,"1,2,3"
10,11.875,3.172138771929825,0.09721218249649125,0.9570186666666668,0.018282343653308757,1.1346757894736845,0.020052544605420046,3,"1,2,3"
10,12.125,2.562634736842105,0.07747106268567179,0.9656712105263159,0.018682896457323846,1.1066138596491228,0.01986103397161547,3,"1,2,3"
10,12.375,2.0450629824561406,0.06481074387457583,0.9728202105263158,0.01917974294096839,1.0809191228070176,0.019789019845175358,3,"1,2,3"
10,12.625,1.6752494736842107,0.05812167993834155,0.9822481754385963,0.01917326428964225,1.0600101754385964,0.019707203431678776,3,"1,2,3"
10,12.875,1.4238656140350876,0.06566061241126396,0.9921985789473685,0.020027382258621967,1.044259894736842,0.019818299696646884,3,"1,2,3"
10,13.125,1.2471665438596489,0.05068606390804053,1.002450789473684,0.02019028103319626,1.0336383684210526,0.01987763375261135,3,"1,2,3"
10,13.375,1.1277595789473682,0.031218821697481337,1.0147014736842104,0.01994197212736785,1.027366561403509,0.019970551655624755,3,"1,2,3"
10,13.625,1.0447001228070176,0.02612060014512534,1.0270216842105264,0.020757349616387838,1.0244482807017543,0.020151655937874588,3,"1,2,3"
10,13.875,0.983268649122807,0.010267506601879509,1.039505438596491,0.02159289477515006,1.024385789473684,0.020389645482026566,3,"1,2,3"
10,14.125,0.942024947368421,0.013791287894317104,1.052625701754386,0.020735427879834276,1.0261051403508772,0.020375339354847064,3,"1,2,3"
10,14.375,0.9164312807017545,0.018305901643240384,1.0671635789473684,0.02088523963632363,1.0289886666666668,0.02050360495913091,3,"1,2,3"
10,14.625,0.9047718596491228,0.02607127271800027,1.0813327719298245,0.021943369956833752,1.0325972105263157,0.02080645433158331,3,"1,2,3"
10,14.875,0.8978871403508774,0.009967451490143879,1.0969847368421053,0.0221236189494425,1.03630649122807,0.02066867979878762,3,"1,2,3"
10,15.125,0.903158298245614,0.017341379116407336,1.113482456140351,0.022562399466434853,1.0403714912280702,0.020892224793020248,3,"1,2,3"
10,15.375,0.9072321052631581,0.022019533510422587,1.1281317543859648,0.022661171131913266,1.0441286140350876,0.021155489214756178,3,"1,2,3"
10,15.625,0.8894251754385966,0.00998883604349621,1.1448680701754386,0.023479132124212914,1.0476579473684213,0.021297214367198364,3,"1,2,3"
10,15.875,0.8767894210526316,0.002815015685449245,1.1614149122807016,0.02408167578955991,1.0508930175438598,0.021436858244976265,3,"1,2,3"
10,16.125,0.8737274035087719,0.003970889808977206,1.1759335087719298,0.02474409169742223,1.0537266140350878,0.02158593045275646,3,"1,2,3"
10,16.375,0.8710773859649121,0.013963293804916743,1.1882812280701753,0.024901102054595867,1.055915140350877,0.02169078046554991,3,"1,2,3"
10,16.625,0.8654475438596493,0.013742134090983706,1.1940724561403508,0.024996202505055704,1.0577085789473684,0.021678823716739244,3,"1,2,3"
10,16.875,0.8741721578947367,0.012304821789917346,1.1910091228070174,0.024839780802391628,1.0586227719298245,0.021639242773583697,3,"1,2,3"
10,17.125,0.8703407543859649,0.007854033331608907,1.1787587719298245,0.02466290777304012,1.0588849122807016,0.021765773763888545,3,"1,2,3"
10,17.375,0.8836094736842105,0.008404381249035092,1.158197894736842,0.024117412187817978,1.0586019649122804,0.02162009553909803,3,"1,2,3"
10,17.625,0.9076216140350878,0.013761323957001829,1.1344066666666668,0.02399295917549422,1.0581087894736843,0.021675087772136524,3,"1,2,3"
10,17.875,0.917878649122807,0.01479557094625726,1.1104301754385968,0.024029222323121272,1.0578828421052633,0.02175004200834402,3,"1,2,3"
10,18.125,0.9416718070175438,0.02447328621586716,1.0875061403508772,0.023482126930826616,1.0580912456140352,0.021677591243168093,3,"1,2,3"
10,18.375,0.974364350877193,0.02588545626406403,1.0685436666666666,0.023505848371119145,1.0585723859649123,0.021674808521460656,3,"1,2,3"
10,18.625,1.0242963859649123,0.016812059533741815,1.0533256140350875,0.02328767287450869,1.0597639298245614,0.021686686366294346,3,"1,2,3"
10,18.875,1.0440676140350877,0.021822419668265435,1.0414086842105263,0.022497897584138202,1.061096964912281,0.021529412954232774,3,"1,2,3"
10,19.125,1.0693367368421052,0.025032215251639973,1.0336850877192985,0.023117306594605338,1.062712649122807,0.021602990641444823,3,"1,2,3"
10,19.375,1.0845091228070176,0.021569194171169166,1.0280550701754387,0.022942026116843865,1.0643147192982456,0.021609773506184943,3,"1,2,3"
10,19.625,1.1028435964912282,0.010967990761531017,1.0246663333333335,0.022386170165162037,1.0658901578947366,0.02154780197144365,3,"1,2,3"
10,19.875,1.098661596491228,0.028009035278007657,1.0225103684210526,0.022034740603856115,1.0674868245614035,0.02161489737501579,3,"1,2,3"
10,20.125,1.1177208596491228,0.023521441528755082,1.0214648245614038,0.02144144585074676,1.068938596491228,0.02154594799153193,3,"1,2,3"
10,20.375,1.1334729649122808,0.026000955635549956,1.0214301754385964,0.021629961162210457,1.0701999122807015,0.021644559259478762,3,"1,2,3"
10,20.625,1.1578198245614033,0.01385965956695149,1.021639964912281,0.02155872957133762,1.0712629649122807,0.021729405313376762,3,"1,2,3"
10,20.875,1.16704049122807,0.029996352859910883,1.0224783508771929,0.021568336749526178,1.0720984210526314,0.02174344696816136,3,"1,2,3"
10,21.125,1.1749859473684212,0.0353894953553845,1.022493350877193,0.02122499982654434,1.0724578947368422,0.02189981920179014,3,"1,2,3"
10,21.375,1.178767228070175,0.019922186982991905,1.022240807017544,0.021517896528875577,1.0724908771929824,0.021960227581806917,3,"1,2,3"
10,21.625,1.195241350877193,0.02685508796203137,1.021909403508772,0.021245012835728487,1.0722584210526316,0.021953091268683583,3,"1,2,3"
10,21.875,1.192971105263158,0.034813016254351965,1.0214658245614034,0.02174909059642752,1.0716640350877193,0.022091636595065665,3,"1,2,3"
10,22.125,1.21615649122807,0.026719228036677343,1.0218509298245613,0.02162663978846125,1.0707371929824563,0.021996257854879388,3,"1,2,3"
10,22.375,1.2078994736842106,0.021649401191021957,1.02279950877193,0.021646412392260957,1.0696351228070176,0.021911904515248923,3,"1,2,3"
10,22.625,1.1965673684210525,0.026324441844259788,1.0241367368421053,0.022156477309500197,1.068546754385965,0.021886359476455973,3,"1,2,3"
10,22.875,1.1835352631578948,0.044714496991265694,1.0275124912280702,0.02225146498715278,1.0674368947368422,0.02172441813558284,3,"1,2,3"
10,23.125,1.1518137719298245,0.04521787501103972,1.0323802807017544,0.022111131650939978,1.0664932807017544,0.021660454141212693,3,"1,2,3"
10,23.375,1.1300671228070176,0.043871280614875593,1.0398348771929824,0.0227868851721188,1.0658913333333333,0.021723735224539097,3,"1,2,3"
10,23.625,1.1105136140350875,0.05073412898351786,1.0507280175438598,0.02263265859017332,1.0656828245614036,0.02153543662133496,3,"1,2,3"
10,23.875,1.074481105263158,0.03781080464900194,1.0662361228070176,0.02256690589188956,1.066015438596491,0.02144001180184849,3,"1,2,3"
10,24.125,1.054563245614035,0.04584918151637773,1.086088245614035,0.02255649267991556,1.066795649122807,0.021365521046032992,3,"1,2,3"
10,24.375,1.031462070175439,0.040333820859739807,1.1057317543859648,0.022800459295941315,1.0678720000000002,0.021263930304365762,3,"1,2,3"
10,24.625,1.0313925789473686,0.03337768493513008,1.1183957894736842,0.022841498249675633,1.0687105263157894,0.021213507225994806,3,"1,2,3"
10,24.875,1.0100243684210526,0.028337985278712154,1.1218145614035087,0.02266836302923874,1.0692066666666666,0.021038039457532107,3,"1,2,3"
10,0.125,0.0,0.0,0.0,0.0,0.0,0.0,3,"1,2,3"
10,0.375,0.0,0.0,0.0,0.0,0.0,0.0,3,"1,2,3"
10,0.625,0.0,0.0,0.0,0.0,0.0,0.0,3,"1,2,3"
10,0.875,0.0,0.0,0.0,0.0,0.08792811929824562,0.00013929264180694633,3,"1,2,3"
10,1.125,0.0,0.0,0.0,0.0,2.537781403508772,0.0046407928751789765,3,"1,2,3"
10,1.375,0.0,0.0,0.0,0.0,4.13837649122807,0.003931128519568546,3,"1,2,3"
10,1.625,0.0,0.0,0.0,0.0,5.334017894736842,0.003159456718963713,3,"1,2,3"
10,1.875,0.0,0.0,0.0,0.0,2.527762105263158,0.002301824078961745,3,"1,2,3"
10,2.125,0.0,0.0,0.0,0.0,1.17075,0.0019487325236556224,3,"1,2,3"
10,2.375,0.0,0.0,0.0,0.0,1.0756110526315792,0.00436526210027099,3,"1,2,3"
10,2.625,0.0,0.0,0.0,0.0,0.8220296666666665,0.004923494661055148,3,"1,2,3"
10,2.875,0.0,0.0,0.0,0.0,0.7234716140350876,0.005914132573475541,3,"1,2,3"
10,3.125,0.0,0.0,0.0,0.0,0.837909403508772,0.006787506572689233,3,"1,2,3"
10,3.375,0.0,0.0,0.0,0.0,0.9369991754385968,0.008174767061193355,3,"1,2,3"
10,3.625,0.0,0.0,0.0,0.0,1.0155411754385963,0.009220810965583833,3,"1,2,3"
10,3.875,0.0,0.0,0.0,0.0,1.0720277192982455,0.010051012640220612,3,"1,2,3"
10,4.125,0.0,0.0,0.0,0.0,1.1088778947368418,0.010186256125310034,3,"1,2,3"
10,4.375,0.0,0.0,0.0,0.0,1.1286542105263155,0.010061405879563525,3,"1,2,3"
10,4.625,0.0,0.0,3.670364912280701e-06,1.585777963929171e-06,1.1347385964912282,0.010939894330638212,3,"1,2,3"
10,4.875,0.0,0.0,0.010809531754385966,9.43792487338526e-05,1.1326863157894735,0.010948627896510483,3,"1,2,3"
10,5.125,0.0,0.0,0.476791649122807,0.0010150751204487268,1.1540649122807018,0.010603291961975871,3,"1,2,3"
10,5.375,0.0,0.0,2.695374035087719,0.005975726930027574,1.2863459649122808,0.01122506903147891,3,"1,2,3"
10,5.625,0.0,0.0,5.157026842105263,0.015763845610748575,1.4330322807017541,0.011425374954868651,3,"1,2,3"
10,5.875,0.0,0.0,5.701916140350877,0.020578360131313575,1.456601754385965,0.012013453695044465,3,"1,2,3"
10,6.125,0.0,0.0,4.806684912280702,0.02549681563349575,1.3876664912280703,0.012425159723401876,3,"1,2,3"
10,6.375,0.0,0.0,3.5850636842105263,0.023072395289105346,1.300424210526316,0.012044035002109514,3,"1,2,3"
10,6.625,0.0,0.0,2.6157877192982464,0.023010148041598295,1.230890350877193,0.011961627547267999,3,"1,2,3"
10,6.875,0.0,0.0,1.9243540350877193,0.020437430985517473,1.1818752631578948,0.011960740819877984,3,"1,2,3"
10,7.125,0.0,0.0,1.4593438596491228,0.016685858158355615,1.1496905263157895,0.012247702488677611,3,"1,2,3"
10,7.375,0.0,0.0,1.1581073684210528,0.01569478552594624,1.1293678947368422,0.012296547541502932,3,"1,2,3"
10,7.625,0.0,0.0,0.9662865614035087,0.01364329869599332,1.1176254385964912,0.01300797746802163,3,"1,2,3"
10,7.875,0.0,0.0,0.8535967368421052,0.01346337853618094,1.111684561403509,0.013224558105597828,3,"1,2,3"
10,8.125,0.0,0.0,0.7943225263157894,0.01275451474919892,1.11068649122807,0.013578960521776023,3,"1,2,3"
10,8.375,0.0,0.0,0.7729800350877193,0.012073035290713257,1.1125843859649123,0.014250569199131506,3,"1,2,3"
10,8.625,0.0,0.0,0.7742004736842105,0.013046603863079032,1.1170408771929825,0.014622466285929977,3,"1,2,3"
10,8.875,0.0,0.0,0.7874261403508772,0.012450817688354831,1.122579298245614,0.014974338864814161,3,"1,2,3"
10,9.125,0.0,0.0,0.8070232280701756,0.013546257033457578,1.1293470175438596,0.015306249698732547,3,"1,2,3"
10,9.375,0.0,0.0,0.8275156842105263,0.015352784086895646,1.1368105263157895,0.015577791428191642,3,"1,2,3"
10,9.625,0.0,0.0,0.8467940175438596,0.015417350177076955,1.1450850877192982,0.015758619610496252,3,"1,2,3"
10,9.875,0.0005372356140350877,0.00046847797182275716,0.8675054561403508,0.016530683785498188,1.154272105263158,0.016110663874880637,3,"1,2,3"
10,10.125,0.009085716122807019,0.00023155893155820504,0.8840252982456139,0.016970092667723636,1.163485614035088,0.0165577154624602,3,"1,2,3"
10,10.375,0.08490155263157895,0.002773050899288748,0.8990265964912281,0.017161018256767555,1.173441403508772,0.01741607468145278,3,"1,2,3"
10,10.625,0.456554052631579,0.002275828980295516,0.9119619298245613,0.01759656356038025,1.1837156140350875,0.017550510639283305,3,"1,2,3"
10,10.875,1.4268970175438598,0.029305931368205054,0.9229757543859648,0.016871236079934456,1.1911873684210523,0.017971849676482656,3,"1,2,3"
10,11.125,2.732580175438596,0.021748941496126006,0.9322336315789473,0.01739495721340348,1.192201052631579,0.018538382837430787,3,"1,2,3"
10,11.375,3.6143361403508774,0.05539957990635983,0.941262245614035,0.017189888149961467,1.18214701754386,0.018645981316827157,3,"1,2,3"
10,11.625,3.6332085964912277,0.07461938043273293,0.9491772456140352,0.017545819228298284,1.161346842105263,0.018563909644098053,3,"1,2,3"
10,11.875,3.177187719298246,0.11564391655054423,0.9577208245614034,0.017484307066198062,1.1345487719298246,0.018666602374246173,3,"1,2,3"
10,12.125,2.5700436842105265,0.11213604944953959,0.9664301578947369,0.017423774683665707,1.106518596491228,0.018439341248918377,3,"1,2,3"
10,12.375,2.0818901754385966,0.08521494367182504,0.9747898947368423,0.017316308293459513,1.080934736842105,0.01825415648034335,3,"1,2,3"
10,12.625,1.7001922807017544,0.06990729471093231,0.9837648070175438,0.017749829282538324,1.0599045789473684,0.018265933263865716,3,"1,2,3"
10,12.875,1.4537771929824561,0.051423139423858684,0.9937138070175439,0.0188904379151637,1.0442534561403507,0.0182347157772242,3,"1,2,3"
10,13.125,1.2565017543859651,0.03215075234184275,1.0039699824561403,0.019455381820105255,1.0336065789473683,0.01824571422754214,3,"1,2,3"
10,13.375,1.136310192982456,0.03296471029206212,1.0146014912280703,0.020044976036720712,1.0271701052631579,0.01846930820105798,3,"1,2,3"
10,13.625,1.0553852982456142,0.02274283753841773,1.0268648245614036,0.020202113967638834,1.0244989473684212,0.01839567699924059,3,"1,2,3"
10,13.875,0.9833491929824562,0.020523367297199474,1.0391644736842105,0.020783969059163486,1.0243796315789473,0.018438956441159147,3,"1,2,3"
10,14.125,0.9449942280701754,0.020460087305284348,1.0524270350877192,0.020916462320221214,1.0260575789473683,0.018602670660639472,3,"1,2,3"
10,14.375,0.9222671929824561,0.014271118780565186,1.0666739824561404,0.02160335479557542,1.0289765789473684,0.018739337667486252,3,"1,2,3"
10,14.625,0.8966533157894737,0.006672368861050372,1.0811234210526317,0.022068828596326452,1.0323487543859649,0.019024006243574407,3,"1,2,3"
10,14.875,0.909703736842105,0.012524124607629989,1.0958990000000002,0.022653516419203445,1.0362400877192983,0.019164176842978154,3,"1,2,3"
10,15.125,0.8866216842105263,0.01570366115724151,1.1112973684210525,0.02251418484640845,1.0399638596491227,0.01920618823565857,3,"1,2,3"
10,15.375,0.877812649122807,0.0095181095892013,1.1269642105263158,0.023420225489041047,1.0436764912280703,0.019450662410457925,3,"1,2,3"
10,15.625,0.8640997368421054,0.014457231504403926,1.1425547368421054,0.02385212337839875,1.0468795789473686,0.01975899185711654,3,"1,2,3"
10,15.875,0.8676183684210526,0.007815947728683194,1.157988947368421,0.024680822133053764,1.0500700175438598,0.020016747366274963,3,"1,2,3"
10,16.125,0.8711819122807016,0.015043961451796033,1.1729819298245614,0.025123281015816613,1.0529296666666668,0.02010278766887106,3,"1,2,3"
10,16.375,0.8826233684210526,0.0071553650415050775,1.1850721052631579,0.0250375099026187,1.0553237368421053,0.020185237306530806,3,"1,2,3"
10,16.625,0.8839521403508771,0.01905986793688824,1.1915801754385964,0.025436255877800747,1.0569597719298247,0.020357383246460598,3,"1,2,3"
10,16.875,0.8925400526315791,0.019753184908036448,1.189546140350877,0.025259927981879288,1.057995403508772,0.020410314666498182,3,"1,2,3"
10,17.125,0.873519947368421,0.004759452500578584,1.1775243859649123,0.024770663121780966,1.0582396842105266,0.020509026307668543,3,"1,2,3"
10,17.375,0.8828324561403509,0.004775547819432326,1.1579198245614035,0.024760046042457795,1.0579311754385967,0.020594888513944774,3,"1,2,3"
10,17.625,0.9064485614035087,0.008594071990736703,1.1343812280701755,0.024139116480833188,1.0576349824561404,0.020626646919683207,3,"1,2,3"
10,17.875,0.9219873333333332,0.020311686475156698,1.1098429824561404,0.023531638749186762,1.057472561403509,0.02064384818971568,3,"1,2,3"
10,18.125,0.9371944385964911,0.015685657275457985,1.08755,0.023095834850515543,1.0576569298245613,0.020651291923141274,3,"1,2,3"
10,18.375,0.975745947368421,0.030559302270011343,1.0682855263157893,0.022361667322007363,1.0583349649122809,0.020609296997831948,3,"1,2,3"
10,18.625,1.0122508596491229,0.01731927428925451,1.0528983684210527,0.021831132183547156,1.0594915263157896,0.020601605041193294,3,"1,2,3"
10,18.875,1.0435322105263156,0.03270367717014025,1.0413413684210526,0.020728823921242905,1.0608270526315788,0.02042264632902251,3,"1,2,3"
10,19.125,1.0572608947368423,0.0332374596304123,1.0331753157894736,0.019841881995439833,1.0624603333333333,0.02039129420362675,3,"1,2,3"
10,19.375,1.0721270175438595,0.028279354550515938,1.0275039298245614,0.01904484938090925,1.0641047192982456,0.02043207797732606,3,"1,2,3"
10,19.625,1.077673596491228,0.018683830915112686,1.0236305263157894,0.019626657730198487,1.0656205263157894,0.020466693358400036,3,"1,2,3"
10,19.875,1.099638403508772,0.01872686895824755,1.0208913859649122,0.019213783127552914,1.0671,0.020498136176335596,3,"1,2,3"
10,20.125,1.1156321754385965,0.016314496258049017,1.0202180877192983,0.01935422230270303,1.0683563157894733,0.020657152522145394,3,"1,2,3"
10,20.375,1.1307183684210527,0.02450486147154507,1.0202820175438598,0.019512313626402586,1.069654210526316,0.020686531662987007,3,"1,2,3"
10,20.625,1.1380482807017545,0.02554975712621103,1.020326210526316,0.0199313356446081,1.0705749122807018,0.020843630284156145,3,"1,2,3"
10,20.875,1.1579749122807017,0.026090530652325063,1.020573105263158,0.01970508647455093,1.0712289473684211,0.020847648638146546,3,"1,2,3"
10,21.125,1.159186052631579,0.034260066014455706,1.0211673157894738,0.020096306279452626,1.071635614035088,0.02092704438234148,3,"1,2,3"
10,21.375,1.1773560701754386,0.03316116089804277,1.0214666842105264,0.020773236788260277,1.071715438596491,0.021064346996136712,3,"1,2,3"
10,21.625,1.1858868596491228,0.03777024003302142,1.0218547368421051,0.020947744063457244,1.0714991228070174,0.02102810252748537,3,"1,2,3"
10,21.875,1.2069491228070175,0.028468106352301143,1.022015789473684,0.021126329274770806,1.070948245614035,0.020925059708205008,3,"1,2,3"
10,22.125,1.2229968421052633,0.03473742392123072,1.0230326666666667,0.021172458997233443,1.0701905263157896,0.020790292006990313,3,"1,2,3"
10,22.375,1.2213338596491226,0.03806167053192934,1.0238319824561402,0.02151245794255216,1.069139649122807,0.02074807252373786,3,"1,2,3"
10,22.625,1.2094798245614033,0.04383771017403329,1.0255190701754386,0.021663443297880055,1.068028596491228,0.020565943350978756,3,"1,2,3"
10,22.875,1.195816894736842,0.04260597791307951,1.0284718245614035,0.02158436782059727,1.0669070175438595,0.020451045772569856,3,"1,2,3"
10,23.125,1.1642325087719296,0.03611389348330118,1.033234842105263,0.021371606479881775,1.0659229824561403,0.020340774552300264,3,"1,2,3"
10,23.375,1.1342547368421052,0.03758419894751397,1.0401213333333335,0.021439770146700985,1.0653189473684208,0.020101658664674758,3,"1,2,3"
10,23.625,1.0978375263157896,0.034935337908051874,1.0507809824561403,0.02142481319744466,1.0651336842105266,0.0200492050118364,3,"1,2,3"
10,23.875,1.081297842105263,0.026408646437714452,1.0660636666666665,0.0218670446299929,1.0655780701754385,0.019848559126929028,3,"1,2,3"
10,24.125,1.0601435789473683,0.029423499242244508,1.0850739824561402,0.022228687516164605,1.066444561403509,0.01966895794437063,3,"1,2,3"
10,24.375,1.042403157894737,0.013359278329558353,1.1044673684210526,0.021755432554054974,1.0675952631578947,0.019528799563030882,3,"1,2,3"
10,24.625,1.0289447192982457,0.015694130347591404,1.1175729824561402,0.022078723978266282,1.0686485964912282,0.019582164734391037,3,"1,2,3"
10,24.875,1.0142782631578946,0.013251037793884675,1.1209226315789476,0.022426846595084322,1.0691278947368423,0.019479658656789575,3,"1,2,3"
10,0.125,0.0,0.0,0.0,0.0,0.0,0.0,3,"1,2,3"
10,0.375,0.0,0.0,0.0,0.0,0.0,0.0,3,"1,2,3"
10,0.625,0.0,0.0,0.0,0.0,0.0,0.0,3,"1,2,3"
10,0.875,0.0,0.0,0.0,0.0,0.08836438771929826,0.0006270111733690965,3,"1,2,3"
10,1.125,0.0,0.0,0.0,0.0,2.531287017543859,0.0051335009326169915,3,"1,2,3"
10,1.375,0.0,0.0,0.0,0.0,4.135114912280702,0.0012096800499848224,3,"1,2,3"
10,1.625,0.0,0.0,0.0,0.0,5.337104912280701,0.00289623751638368,3,"1,2,3"
10,1.875,0.0,0.0,0.0,0.0,2.5285728070175435,0.0017412893798035788,3,"1,2,3"
10,2.125,0.0,0.0,0.0,0.0,1.1710964912280701,0.003340307911046084,3,"1,2,3"
10,2.375,0.0,0.0,0.0,0.0,1.0765763157894739,0.0046030630734714174,3,"1,2,3"
10,2.625,0.0,0.0,0.0,0.0,0.8224755087719299,0.005853247273769591,3,"1,2,3"
10,2.875,0.0,0.0,0.0,0.0,0.7231727719298245,0.007590385406260541,3,"1,2,3"
10,3.125,0.0,0.0,0.0,0.0,0.837669157894737,0.008760903813255463,3,"1,2,3"
10,3.375,0.0,0.0,0.0,0.0,0.9365181754385965,0.009724999753501369,3,"1,2,3"
10,3.625,0.0,0.0,0.0,0.0,1.0143222982456142,0.010167363028782989,3,"1,2,3"
10,3.875,0.0,0.0,0.0,0.0,1.0706008771929822,0.011850085454093245,3,"1,2,3"
10,4.125,0.0,0.0,0.0,0.0,1.1073887719298243,0.012142850039389388,3,"1,2,3"
10,4.375,0.0,0.0,0.0,0.0,1.1278291228070174,0.0125793493390472,3,"1,2,3"
10,4.625,0.0,0.0,1.9575298245614034e-06,1.5083780327194647e-06,1.135377894736842,0.013215977571027347,3,"1,2,3"
10,4.875,0.0,0.0,0.010815252982456142,9.032901477753588e-05,1.1336756140350877,0.0129038593318871,3,"1,2,3"
10,5.125,0.0,0.0,0.47837771929824563,0.0008052842014603905,1.1556049122807017,0.012992250352471531,3,"1,2,3"
10,5.375,0.0,0.0,2.6994515789473685,0.007716680748408184,1.2879529824561404,0.014043328817345364,3,"1,2,3"
10,5.625,0.0,0.0,5.159978947368422,0.024938483587010184,1.4348561403508773,0.01524699931323754,3,"1,2,3"
10,5.875,0.0,0.0,5.705762105263157,0.03323187238754679,1.4586049122807017,0.015860932621562084,3,"1,2,3"
10,6.125,0.0,0.0,4.8045564912280705,0.03142635289961618,1.3895784210526314,0.015930461352138128,3,"1,2,3"
10,6.375,0.0,0.0,3.5847561403508776,0.02554916728764467,1.302064736842105,0.015333026346840412,3,"1,2,3"
10,6.625,0.0,0.0,2.6132747368421048,0.01802239905201372,1.2325670175438597,0.014978615180035845,3,"1,2,3"
10,6.875,0.0,0.0,1.9206394736842107,0.015302422888561887,1.1829649122807018,0.015142780844214398,3,"1,2,3"
10,7.125,0.0,0.0,1.4580187719298248,0.013221311054110028,1.1503831578947368,0.014822389972808285,3,"1,2,3"
10,7.375,0.0,0.0,1.15595,0.013431090797102018,1.1297735087719298,0.015333074332390397,3,"1,2,3"
10,7.625,0.0,0.0,0.9637841052631578,0.012767483812523434,1.1173884210526317,0.015399082757397004,3,"1,2,3"
10,7.875,0.0,0.0,0.8519384561403508,0.0138852237704265,1.1114207017543858,0.015494128124564103,3,"1,2,3"
10,8.125,0.0,0.0,0.7930309824561403,0.014415839793493718,1.1099961403508771,0.015626393081142633,3,"1,2,3"
10,8.375,0.0,0.0,0.7711152280701753,0.015490706961253677,1.1119019298245612,0.01590708499866708,3,"1,2,3"
10,8.625,0.0,0.0,0.7720650701754387,0.01564035664970229,1.1163978947368423,0.015871023108647943,3,"1,2,3"
10,8.875,0.0,0.0,0.7846808947368422,0.015789276799006442,1.1218840350877193,0.016277087297282382,3,"1,2,3"
10,9.125,0.0,0.0,0.802936649122807,0.015588458627788553,1.1288387719298245,0.01666484749628652,3,"1,2,3"
10,9.375,0.0,0.0,0.8248521578947369,0.016527547598131187,1.1368656140350877,0.017374862092935848,3,"1,2,3"
10,9.625,2.9590350877192986e-05,4.184707552590493e-05,0.8461459298245614,0.017826826041124712,1.145415789473684,0.01790973687626133,3,"1,2,3"
10,9.875,0.0005497296491228069,0.00011279129343877782,0.8659779298245613,0.018585411663665546,1.154807192982456,0.018311102900778836,3,"1,2,3"
10,10.125,0.007968570228070175,0.0006695125295830604,0.8834996315789473,0.019446088546873692,1.1644342105263157,0.018543556137867158,3,"1,2,3"
10,10.375,0.09043360175438597,0.006330052447180075,0.8992835087719299,0.020394853691587497,1.174712105263158,0.018927817652098573,3,"1,2,3"
10,10.625,0.4728882456140351,0.009575419247535974,0.9111934912280703,0.019359762458209345,1.1846349122807018,0.01918879452529407,3,"1,2,3"
10,10.875,1.4276331578947368,0.011446227222809928,0.9237093508771931,0.020104159708184202,1.1924884210526316,0.019523727052116337,3,"1,2,3"
10,11.125,2.748523684210527,0.04538516233023155,0.9334996666666667,0.020800538734603538,1.1932547368421054,0.019867800678127077,3,"1,2,3"
10,11.375,3.6218361403508776,0.07796285470424379,0.9425757192982456,0.018870571643439953,1.1828599999999998,0.0198435899812148,3,"1,2,3"
10,11.625,3.6621859649122808,0.11590469788473294,0.9504380000000001,0.01805219928299349,1.1620491228070176,0.01980499030229796,3,"1,2,3"
10,11.875,3.154149298245614,0.09300171996774624,0.9583777192982456,0.01763137944403154,1.1349654385964911,0.019410505505437187,3,"1,2,3"
10,12.125,2.5255028070175434,0.07730459478905573,0.9655053508771929,0.017238675269298308,1.1063943859649121,0.019129693096238874,3,"1,2,3"
10,12.375,2.037047894736842,0.055842639167710706,0.9743456140350878,0.016959575444189516,1.0808380701754388,0.019112995981513597,3,"1,2,3"
10,12.625,1.679360350877193,0.051761597226418724,0.9822564385964915,0.01764677132273674,1.060017947368421,0.019140128005343707,3,"1,2,3"
10,12.875,1.4037363157894738,0.029955887460338414,0.9918818596491227,0.018273724706597473,1.0442941754385968,0.019047937168170378,3,"1,2,3"
10,13.125,1.2377382456140351,0.016740415608430894,1.0027576140350876,0.018615814626132193,1.033724596491228,0.018885528558187883,3,"1,2,3"
10,13.375,1.1370356140350877,0.04681308450480269,1.0139230526315792,0.01906843019107729,1.0275315789473682,0.01893013914019218,3,"1,2,3"
10,13.625,1.068363596491228,0.028350976545780934,1.0266721578947369,0.019215868903957385,1.024653403508772,0.018928952139156713,3,"1,2,3"
10,13.875,1.0262359649122808,0.0295782200263427,1.0401311578947368,0.01918890579810459,1.0244538245614037,0.01895433643458928,3,"1,2,3"
10,14.125,0.977604298245614,0.0221496128012086,1.0536408245614035,0.020290606731342493,1.026294192982456,0.019017648492574733,3,"1,2,3"
10,14.375,0.9375219122807016,0.01656892602037794,1.068096543859649,0.02076294950894173,1.0290007894736843,0.019209903939497685,3,"1,2,3"
10,14.625,0.9086910877192982,0.006650846017919696,1.0829175789473684,0.02156508919441477,1.0324370877192983,0.019236212673377006,3,"1,2,3"
10,14.875,0.906611947368421,0.015558938235486914,1.0981260350877193,0.022337479618088508,1.0363639298245613,0.01934732060707177,3,"1,2,3"
10,15.125,0.8909780701754385,0.0181929604443861,1.113259298245614,0.022953262418398956,1.040311649122807,0.019339714307184997,3,"1,2,3"
10,15.375,0.871141894736842,0.01277709285432098,1.1290012280701758,0.02324072158643993,1.0439854210526314,0.01940225778938993,3,"1,2,3"
10,15.625,0.8617316842105263,0.020542628685970014,1.144138947368421,0.023499288007131153,1.0474730701754387,0.019492293266407393,3,"1,2,3"
10,15.875,0.8780511228070176,0.011857330644444978,1.159888245614035,0.02355216200387863,1.0507272456140349,0.019539905111727655,3,"1,2,3"
10,16.125,0.8750278596491228,0.014550070428245776,1.1747338596491226,0.023489208996992608,1.0533334736842104,0.019559269552457154,3,"1,2,3"
10,16.375,0.8628632631578949,0.015503013909284503,1.1865522807017543,0.023733054699724553,1.055682350877193,0.01980387707572767,3,"1,2,3"
10,16.625,0.872291192982456,0.008268318366402438,1.1927817543859647,0.023470180543861654,1.0572392456140352,0.019886337553354002,3,"1,2,3"
10,16.875,0.8711911929824563,0.006624098694952275,1.1905517543859647,0.023530981100024315,1.0580758947368423,0.019856407222779794,3,"1,2,3"
10,17.125,0.8767544736842104,0.01177233894297841,1.1785459649122807,0.022793309710510405,1.058388807017544,0.01988455362893142,3,"1,2,3"
10,17.375,0.9004592280701754,0.01694716778852217,1.1584975438596492,0.022506498465815317,1.058163842105263,0.01982683971508621,3,"1,2,3"
10,17.625,0.9078834736842104,0.007185741401960209,1.134825087719298,0.02199375360972965,1.0576911754385965,0.019599627235433043,3,"1,2,3"
10,17.875,0.9190117192982457,0.027288007778805825,1.1098708771929824,0.02115661974570452,1.0574504561403508,0.01959174069884962,3,"1,2,3"
10,18.125,0.940090210526316,0.012520575208334297,1.0874922807017544,0.020403685114864498,1.0575808596491225,0.019550535817428088,3,"1,2,3"
10,18.375,0.9839977368421052,0.017294439961947697,1.0680098245614036,0.020162734508248303,1.0580710701754386,0.019560734805988092,3,"1,2,3"
10,18.625,1.0164529824561404,0.01583769343232736,1.0532162631578947,0.019575766684813138,1.0591439649122807,0.019607018600572703,3,"1,2,3"
10,18.875,1.0416778596491227,0.016421899105169703,1.0417036842105263,0.019719129066827396,1.0604622631578948,0.019581000370433754,3,"1,2,3"
10,19.125,1.066174736842105,0.026623455830667445,1.0333707192982455,0.019867288020224284,1.0619722631578947,0.019705700927482854,3,"1,2,3"
10,19.375,1.0909989649122807,0.02665682367278487,1.0279966842105264,0.018858285324675855,1.06373049122807,0.01963494881482783,3,"1,2,3"
10,19.625,1.0957618245614034,0.011270124625630984,1.0240390877192982,0.019387065057995208,1.0653013684210526,0.019695456192288265,3,"1,2,3"
10,19.875,1.113891894736842,0.015163300897466689,1.021299087719298,0.019032190553280717,1.0667924912280704,0.019687213398934856,3,"1,2,3"
10,20.125,1.1283634385964911,0.02467910550069758,1.020271807017544,0.018872669782443292,1.0681820175438597,0.019698567780211156,3,"1,2,3"
10,20.375,1.1339892807017542,0.022398162382592065,1.020035842105263,0.019185855388344372,1.0694236140350875,0.01967788159186265,3,"1,2,3"
10,20.625,1.1478977017543859,0.02284895710559175,1.0193884035087721,0.0190892580759876,1.0702547543859648,0.01967379981663407,3,"1,2,3"
10,20.875,1.1551606842105262,0.034471627832788614,1.0201956140350878,0.01928296142886028,1.070918298245614,0.019632703040407394,3,"1,2,3"
10,21.125,1.1605921754385964,0.03161464160210296,1.020356403508772,0.019575388491035038,1.0712651052631579,0.019644058958562926,3,"1,2,3"
10,21.375,1.167759649122807,0.02855137183520098,1.0209372982456142,0.019811756000639467,1.0713529824561405,0.019683991097066367,3,"1,2,3"
10,21.625,1.1946101754385967,0.022622019875696273,1.021245403508772,0.019940565266821163,1.071114561403509,0.019499756545267727,3,"1,2,3"
10,21.875,1.2018129824561405,0.02507676175499855,1.0214222807017543,0.020455051870291403,1.0705500000000001,0.0194483261117846,3,"1,2,3"
10,22.125,1.211391754385965,0.0285946164480701,1.0214463333333332,0.020582510366941097,1.0697617543859648,0.019453347970087468,3,"1,2,3"
10,22.375,1.2179873684210525,0.03432383349643584,1.022453350877193,0.0208293041487473,1.0688928070175436,0.01930604571551589,3,"1,2,3"
10,22.625,1.1970875438596489,0.029664789681977582,1.0241451052631578,0.020673954931633987,1.0677859649122807,0.019309384053535442,3,"1,2,3"
10,22.875,1.177344561403509,0.0271362768656624,1.0270456842105264,0.020839584150727522,1.0666236842105263,0.01916152946048421,3,"1,2,3"
10,23.125,1.1559484736842105,0.024450477034359847,1.0319968245614035,0.02057204187456578,1.065598596491228,0.019019410769697015,3,"1,2,3"
10,23.375,1.1354304736842107,0.02231647808077749,1.0392412105263158,0.020551882520527927,1.064867543859649,0.018959287139867862,3,"1,2,3"
10,23.625,1.1019301403508772,0.025586648568723874,1.0505315789473684,0.02089512137168815,1.0645258070175438,0.018917314310462775,3,"1,2,3"
10,23.875,1.0778227719298246,0.03375520319702224,1.0658115438596492,0.02157185038286232,1.06482350877193,0.018893353672352987,3,"1,2,3"
10,24.125,1.0508561754385968,0.03789670185405581,1.0849977192982456,0.021711977301149737,1.065694561403509,0.018920281917462506,3,"1,2,3"
10,24.375,1.0314874385964912,0.040182666910742765,1.1040898245614033,0.021612595081900856,1.066803684210526,0.018944252117022557,3,"1,2,3"
10,24.625,1.0226522280701755,0.03406678331785562,1.1173571929824562,0.02129651391555372,1.0677566666666667,0.01893870392695206,3,"1,2,3"
10,24.875,1.0047133157894736,0.03846523941968937,1.1209936842105261,0.021181603243714743,1.068331754385965,0.018971571020523374,3,"1,2,3"
12,0.125,0.0,0.0,0.0,0.0,0.0,0.0,3,"1,2,3"
12,0.375,0.0,0.0,0.0,0.0,0.0,0.0,3,"1,2,3"
12,0.625,0.0,0.0,0.0,0.0,0.0,0.0,3,"1,2,3"
12,0.875,0.0,0.0,0.0,0.0,0.09205728421052632,0.00022026428107617093,3,"1,2,3"
12,1.125,0.0,0.0,0.0,0.0,2.605764912280702,0.0027357885061500167,3,"1,2,3"
12,1.375,0.0,0.0,0.0,0.0,4.208553157894737,0.0035736031564590313,3,"1,2,3"
12,1.625,0.0,0.0,0.0,0.0,5.425909473684211,0.0005114462682605376,3,"1,2,3"
12,1.875,0.0,0.0,0.0,0.0,2.6820264912280702,0.0011885766943388121,3,"1,2,3"
12,2.125,0.0,0.0,0.0,0.0,1.393774912280702,0.0030807889029755217,3,"1,2,3"
12,2.375,0.0,0.0,0.0,0.0,1.3579419298245614,0.0034370763825830866,3,"1,2,3"
12,2.625,0.0,0.0,0.0,0.0,1.1577475438596492,0.0036111886849161104,3,"1,2,3"
12,2.875,0.0,0.0,0.0,0.0,1.0964005263157894,0.005220742828245003,3,"1,2,3"
12,3.125,0.0,0.0,0.0,0.0,1.2326247368421053,0.004952177972030775,3,"1,2,3"
12,3.375,0.0,0.0,0.0,0.0,1.3406578947368422,0.005039312342248075,3,"1,2,3"
12,3.625,0.0,0.0,0.0,0.0,1.4150505263157893,0.005923906727331807,3,"1,2,3"
12,3.875,0.0,0.0,0.0,0.0,1.4590535087719296,0.0053835083888761045,3,"1,2,3"
12,4.125,0.0,0.0,0.0,0.0,1.477989298245614,0.004756849876214668,3,"1,2,3"
12,4.375,0.0,0.0,0.0,0.0,1.4775415789473687,0.004447043048411132,3,"1,2,3"
12,4.625,0.0,0.0,7.585419298245613e-06,2.4953648443936787e-06,1.4641796491228067,0.0035864336649027158,3,"1,2,3"
12,4.875,0.0,0.0,0.023365798245614036,6.373276057647868e-05,1.444539122807018,0.0032914191112773995,3,"1,2,3"
12,5.125,0.0,0.0,0.8435527192982456,0.0018870190312378684,1.47384350877193,0.0030762104894959193,3,"1,2,3"
12,5.375,0.0,0.0,4.104581228070177,0.0045533641096771535,1.66218,0.0028869696112832637,3,"1,2,3"
12,5.625,0.0,0.0,7.018365789473684,0.01065554678057344,1.829973157894737,0.003706215711888284,3,"1,2,3"
12,5.875,0.0,0.0,7.1344450877193,0.018871053041776425,1.819875964912281,0.004303170647776484,3,"1,2,3"
12,6.125,0.0,0.0,5.618633333333334,0.021190858363404168,1.708137894736842,0.004850582339314581,3,"1,2,3"
12,6.375,0.0,0.0,3.9476915789473686,0.01475961809518737,1.5896143859649123,0.004632269811578829,3,"1,2,3"
12,6.625,0.0,0.0,2.7370798245614036,0.009273574539182386,1.5039826315789473,0.004201655194228932,3,"1,2,3"
12,6.875,0.0,0.0,1.9410698245614035,0.00576769146899328,1.447767894736842,0.0043886545577580816,3,"1,2,3"
12,7.125,0.0,0.0,1.4418754385964911,0.0032234441681721084,1.4121729824561404,0.004640490416765504,3,"1,2,3"
12,7.375,0.0,0.0,1.1409417543859648,0.0023596177262634414,1.3912389473684212,0.004369090373581186,3,"1,2,3"
12,7.625,0.0,0.0,0.9714813333333333,0.0017701004537871937,1.3798147368421052,0.004508200980984743,3,"1,2,3"
12,7.875,0.0,0.0,0.8884873508771931,0.0018429652310125665,1.3751698245614037,0.004518910145970483,3,"1,2,3"
12,8.125,0.0,0.0,0.863966245614035,0.0030944012744233956,1.3753764912280702,0.004262804605966503,3,"1,2,3"
12,8.375,0.0,0.0,0.8725318421052632,0.0020952012299314407,1.3794591228070174,0.004274147851726395,3,"1,2,3"
12,8.625,0.0,0.0,0.9019118771929824,0.001244686766051332,1.3860926315789472,0.004208688348847784,3,"1,2,3"
12,8.875,0.0,0.0,0.9395404912280702,0.0014387028433088475,1.394532807017544,0.0039015834636929375,3,"1,2,3"
12,9.125,0.0,0.0,0.9793820877192984,0.0017924729160623191,1.4050203508771928,0.003507180086278162,3,"1,2,3"
12,9.375,0.0,0.0,1.0148633859649123,0.0022247300234947615,1.4167836842105261,0.003383726821452346,3,"1,2,3"
12,9.625,0.0,0.0,1.0461267543859647,0.0025101782635389993,1.429368245614035,0.0032694703328381767,3,"1,2,3"
12,9.875,6.87163157894737e-05,5.094223023423007e-05,1.0730656140350876,0.0018327018806779526,1.4432915789473684,0.003125527575041661,3,"1,2,3"
12,10.125,0.004620108947368421,0.00043480026337187856,1.0938936842105262,0.001775512306908975,1.4576978947368424,0.0032771212565877606,3,"1,2,3"
12,10.375,0.08489876842105264,0.002223504494031209,1.1099350877192984,0.0037909425109827265,1.472511052631579,0.0037586757505761186,3,"1,2,3"
12,10.625,0.6611554561403509,0.011941959548517093,1.122082807017544,0.003969744912350198,1.4861329824561402,0.003711187954779902,3,"1,2,3"
12,10.875,2.481718245614035,0.019685470549470556,1.1308326315789474,0.0047827039103803745,1.4938459649122808,0.0038085502856791496,3,"1,2,3"
12,11.125,4.885451403508772,0.0624824794889743,1.1375949122807019,0.006559604467690455,1.4873698245614033,0.003916132161323659,3,"1,2,3"
12,11.375,5.868560701754386,0.045058647135558336,1.1434499999999999,0.006507790785273741,1.461378596491228,0.00389146212100444,3,"1,2,3"
12,11.625,5.176452631578948,0.07402564901876914,1.148626842105263,0.007502960166827883,1.420369473684211,0.003734023547857609,3,"1,2,3"
12,11.875,3.931841754385965,0.03944989891660864,1.1537894736842105,0.007637960356784921,1.373398947368421,0.0034931064681432457,3,"1,2,3"
12,12.125,2.820654912280702,0.00193195733820997,1.1588017543859648,0.007387525513337882,1.3291743859649123,0.003100621101611601,3,"1,2,3"
12,12.375,2.077670701754386,0.01742237994272242,1.1643808771929827,0.0077638831696094,1.2929857894736843,0.0029952406384119285,3,"1,2,3"
12,12.625,1.6322768421052631,0.028141651648852805,1.1735335087719296,0.007593880869117995,1.2663956140350878,0.0026416699275564294,3,"1,2,3"
12,12.875,1.3700328245614035,0.011410536660053308,1.1837036842105262,0.006490397296291737,1.249082105263158,0.0026039365397856878,3,"1,2,3"
12,13.125,1.2128941754385967,0.01876341903936444,1.1972687719298245,0.006708592116616971,1.2395361403508771,0.0028717024955842558,3,"1,2,3"
12,13.375,1.089968245614035,0.01991224994307858,1.213334385964912,0.006495406222909905,1.2363580701754386,0.002774922069175489,3,"1,2,3"
12,13.625,1.0103191929824562,0.024822076411796175,1.2333833333333335,0.005745987983009631,1.2377657894736842,0.002748289453735565,3,"1,2,3"
12,13.875,0.9818205614035086,0.009847514005162377,1.2543352631578948,0.005761487765693843,1.2419880701754387,0.0028709281280458227,3,"1,2,3"
12,14.125,0.9492280175438595,0.006566202132000521,1.2777226315789474,0.005707921032349817,1.248107543859649,0.0029105623338823473,3,"1,2,3"
12,14.375,0.9224245614035089,0.00711141405814859,1.302811403508772,0.004382915065937696,1.254958596491228,0.0028193272523318724,3,"1,2,3"
12,14.625,0.9121398947368422,0.009891060646971447,1.328729298245614,0.003356681993324535,1.2619645614035087,0.002949034940298436,3,"1,2,3"
12,14.875,0.8974921228070175,0.018162670749074985,1.3535208771929825,0.00278536315256372,1.268469298245614,0.002991763526699895,3,"1,2,3"
12,15.125,0.8929913157894737,0.017287533462284423,1.378522807017544,0.003044605308333828,1.274383157894737,0.0029653360540085574,3,"1,2,3"
12,15.375,0.8781580350877193,0.01291177190623703,1.402978596491228,0.003009132309244464,1.2794814035087718,0.003120934536191694,3,"1,2,3"
12,15.625,0.8839866491228069,0.012032073512446735,1.426301052631579,0.0031988951520651207,1.283812631578947,0.0032882209825248723,3,"1,2,3"
12,15.875,0.8846638070175441,0.0019983559744950444,1.4486119298245612,0.003044100005677799,1.2873271929824561,0.0034447458172944955,3,"1,2,3"
12,16.125,0.9013199824561403,0.01837377430545401,1.4687598245614035,0.003170932044976231,1.2899540350877194,0.0036719791029460602,3,"1,2,3"
12,16.375,0.9005522807017544,0.01646108536093777,1.4803466666666667,0.0029730512083087916,1.2915649122807016,0.003808487540596129,3,"1,2,3"
12,16.625,0.902982543859649,0.016718101733681327,1.4780950877192982,0.0031467722351886853,1.291695087719298,0.0040594243444116536,3,"1,2,3"
12,16.875,0.9240913333333333,0.003560913957537897,1.4564435087719299,0.003387089096170648,1.2904171929824562,0.0040766446546767875,3,"1,2,3"
12,17.125,0.9425354561403507,0.012755245290460791,1.4174607017543857,0.004298400770561626,1.287922105263158,0.004098268602735301,3,"1,2,3"
12,17.375,0.9695185087719299,0.013944811060435092,1.3681131578947368,0.00468312094562168,1.2849112280701753,0.004070942736205669,3,"1,2,3"
12,17.625,0.9907051578947369,0.003072686698567309,1.318210701754386,0.004901493663713923,1.282062456140351,0.004067384546781953,3,"1,2,3"
12,17.875,1.0048708245614033,0.0076086675782560224,1.2748296491228068,0.004919072823125596,1.2801070175438596,0.004003332968140415,3,"1,2,3"
12,18.125,1.033632649122807,0.006796049374545673,1.2403280701754387,0.0043809644758183485,1.27933350877193,0.003792491886090589,3,"1,2,3"
12,18.375,1.095447947368421,0.006546476689288517,1.2155635087719299,0.004138061610646401,1.2796742105263157,0.0036995250874371556,3,"1,2,3"
12,18.625,1.1700075438596491,0.012243008024620278,1.1990822807017543,0.004133897267400278,1.2811821052631578,0.0034647158816203533,3,"1,2,3"
12,18.875,1.234507543859649,0.011998551538723062,1.189941052631579,0.0039633262236798035,1.283415614035088,0.0032720546893062886,3,"1,2,3"
12,19.125,1.3010005263157896,0.009224147592034418,1.1853392982456141,0.004305536051346375,1.2860747368421053,0.0031218022531031204,3,"1,2,3"
12,19.375,1.3452464912280702,0.016130162665474027,1.1848626315789474,0.004530657790924854,1.2888271929824562,0.003065845638619044,3,"1,2,3"
12,19.625,1.3789042105263158,0.010341527540669372,1.1868754385964915,0.004396390157195106,1.2914103508771932,0.003107415974928976,3,"1,2,3"
12,19.875,1.4019943859649124,0.020338078947593523,1.1904145614035089,0.004063870706798625,1.293658596491228,0.0030352721878836716,3,"1,2,3"
12,20.125,1.428397368421053,0.014282589876905108,1.194176140350877,0.00426285284447548,1.2954292982456141,0.002944808610615375,3,"1,2,3"
12,20.375,1.4301442105263158,0.02489159933865616,1.1985887719298247,0.004561296982561624,1.2966363157894738,0.0029429926477717635,3,"1,2,3"
12,20.625,1.4448515789473688,0.021689280466748662,1.2034887719298246,0.004789082311623427,1.2972836842105264,0.002949288127952435,3,"1,2,3"
12,20.875,1.4468377192982456,0.015051014539161479,1.2070901754385968,0.004951317690873901,1.297287192982456,0.0029462525874437203,3,"1,2,3"
12,21.125,1.469872456140351,0.01744323220709736,1.2101735087719299,0.005671778906289838,1.2967536842105265,0.002999041675190436,3,"1,2,3"
12,21.375,1.4752061403508774,0.010942457276713183,1.2119357894736842,0.006275531872041618,1.2953912280701754,0.0030605780518875854,3,"1,2,3"
12,21.625,1.4944492982456141,0.010548974265236944,1.2129391228070177,0.006595713461987231,1.293466842105263,0.0033628178176908436,3,"1,2,3"
12,21.875,1.5269622807017544,0.014399766364251554,1.2136168421052633,0.0065322922267699625,1.291128596491228,0.003532929705686978,3,"1,2,3"
12,22.125,1.530815087719298,0.021371362602536075,1.214503157894737,0.006345733940439437,1.2883271929824562,0.0036623870012938544,3,"1,2,3"
12,22.375,1.5147168421052635,0.02115591299089476,1.215384210526316,0.0060687792076412105,1.2853114035087718,0.0037615752366532518,3,"1,2,3"
12,22.625,1.47296701754386,0.012809905571990405,1.217427894736842,0.006001000901435012,1.2823826315789473,0.003905955416962497,3,"1,2,3"
12,22.875,1.4127189473684212,0.021780078409235765,1.2201845614035087,0.0059777735648700765,1.279742456140351,0.004010927486804129,3,"1,2,3"
12,23.125,1.3566684210526316,0.02532301608566758,1.2248154385964913,0.005560539913024958,1.277615964912281,0.004031958672358862,3,"1,2,3"
12,23.375,1.3069610526315791,0.013055505972414574,1.2329508771929827,0.005725972228040663,1.2765210526315791,0.004046420873272586,3,"1,2,3"
12,23.625,1.246572807017544,0.011899457317741691,1.2447438596491225,0.005843808576306791,1.2761233333333335,0.004154194808013231,3,"1,2,3"
12,23.875,1.2138047368421052,0.01446166657062747,1.2624294736842105,0.006173651141832728,1.2769335087719298,0.004034811271994761,3,"1,2,3"
12,24.125,1.1744068421052631,0.019225319197496146,1.2866487719298247,0.006669094197921042,1.2787357894736844,0.004000232841791851,3,"1,2,3"
12,24.375,1.1476205263157893,0.011804657664114745,1.3124728070175438,0.007160413402764674,1.2810587719298245,0.004055513223236661,3,"1,2,3"
12,24.625,1.1357945614035088,0.01506205134247238,1.3319591228070176,0.007286012356163755,1.2834508771929825,0.003959211668114386,3,"1,2,3"
12,24.875,1.1197526315789474,0.02451560960514941,1.3379407017543858,0.00746162088363804,1.285141403508772,0.003977558221568893,3,"1,2,3"
12,0.125,0.0,0.0,0.0,0.0,0.0,0.0,3,"1,2,3"
12,0.375,0.0,0.0,0.0,0.0,0.0,0.0,3,"1,2,3"
12,0.625,0.0,0.0,0.0,0.0,0.0,0.0,3,"1,2,3"
12,0.875,0.0,0.0,0.0,0.0,0.09128388771929825,0.0002857678640769785,3,"1,2,3"
12,1.125,0.0,0.0,0.0,0.0,2.597377368421053,0.0041500732786196246,3,"1,2,3"
12,1.375,0.0,0.0,0.0,0.0,4.202556842105263,0.003157408471333373,3,"1,2,3"
12,1.625,0.0,0.0,0.0,0.0,5.423474210526315,0.0007378155224400866,3,"1,2,3"
12,1.875,0.0,0.0,0.0,0.0,2.6878689473684214,0.0034378066672574436,3,"1,2,3"
12,2.125,0.0,0.0,0.0,0.0,1.394482105263158,0.002237680214503855,3,"1,2,3"
12,2.375,0.0,0.0,0.0,0.0,1.359178245614035,0.0031912828038476652,3,"1,2,3"
12,2.625,0.0,0.0,0.0,0.0,1.1599824561403507,0.00444226058457427,3,"1,2,3"
12,2.875,0.0,0.0,0.0,0.0,1.0973826315789472,0.004792764186805344,3,"1,2,3"
12,3.125,0.0,0.0,0.0,0.0,1.234141403508772,0.005594978775996153,3,"1,2,3"
12,3.375,0.0,0.0,0.0,0.0,1.3414533333333332,0.005351349711664762,3,"1,2,3"
12,3.625,0.0,0.0,0.0,0.0,1.4154070175438596,0.005067118236911483,3,"1,2,3"
12,3.875,0.0,0.0,0.0,0.0,1.4586849122807017,0.005018153569874773,3,"1,2,3"
12,4.125,0.0,0.0,0.0,0.0,1.4765254385964914,0.0035967530585048857,3,"1,2,3"
12,4.375,0.0,0.0,0.0,0.0,1.474850350877193,0.002451602688085494,3,"1,2,3"
12,4.625,0.0,0.0,7.830108771929824e-06,2.1049092510440467e-06,1.4599124561403507,0.0016310736248221303,3,"1,2,3"
12,4.875,0.0,0.0,0.023313389473684207,0.0001898512005661738,1.4400584210526315,0.0005025783934385779,3,"1,2,3"
12,5.125,0.0,0.0,0.8423677719298247,0.0014798425319472429,1.4687729824561402,0.001146338370190834,3,"1,2,3"
12,5.375,0.0,0.0,4.103946491228069,0.007266723207485358,1.6567352631578949,0.0013105454095698821,3,"1,2,3"
12,5.625,0.0,0.0,7.028050701754386,0.004387081394737494,1.8257619298245613,0.0014722184021740577,3,"1,2,3"
12,5.875,0.0,0.0,7.1363012280701765,0.003569601557394333,1.8157117543859649,0.0025859957507267098,3,"1,2,3"
12,6.125,0.0,0.0,5.617037719298246,0.0034865576536299687,1.703737543859649,0.002309669158567631,3,"1,2,3"
12,6.375,0.0,0.0,3.9412694736842115,0.004856528119342183,1.585196842105263,0.0020960082097913157,3,"1,2,3"
12,6.625,0.0,0.0,2.7289207017543866,0.0015153875157423182,1.4998178947368421,0.002354994339260908,3,"1,2,3"
12,6.875,0.0,0.0,1.9350898245614037,0.0009971627648295794,1.4437333333333333,0.0022562179326925487,3,"1,2,3"
12,7.125,0.0,0.0,1.4378149122807018,0.0018539740119028975,1.4091901754385967,0.002325136850322818,3,"1,2,3"
12,7.375,0.0,0.0,1.1377101754385965,0.0016100705887343969,1.3885835087719298,0.002659860601229945,3,"1,2,3"
12,7.625,0.0,0.0,0.9672008245614035,0.0018504461842886336,1.3773898245614031,0.0022500904396859354,3,"1,2,3"
12,7.875,0.0,0.0,0.8837774385964913,0.0016533991676643488,1.3731057894736842,0.0019413320859075914,3,"1,2,3"
12,8.125,0.0,0.0,0.8563248421052632,0.0015195008298548275,1.3733526315789473,0.0017758715233908288,3,"1,2,3"
12,8.375,0.0,0.0,0.8667375263157894,0.0022833735858580873,1.3773680701754387,0.0019445986150023603,3,"1,2,3"
12,8.625,0.0,0.0,0.8955862982456141,0.0026965268031760056,1.3838194736842107,0.0018193915961771704,3,"1,2,3"
12,8.875,0.0,0.0,0.9350092280701755,0.0024229899290686796,1.392500701754386,0.0014888050283479843,3,"1,2,3"
12,9.125,0.0,0.0,0.9740757192982455,0.0034887004595229184,1.4027587719298247,0.001297882666193139,3,"1,2,3"
12,9.375,0.0,0.0,1.0106587192982455,0.003944597279071585,1.4142380701754387,0.0011178181932143514,3,"1,2,3"
12,9.625,0.0,0.0,1.0423082280701756,0.0034756151715285484,1.4272933333333337,0.0012756291756553465,3,"1,2,3"
12,9.875,7.183964912280701e-05,0.0001015966061055981,1.068301192982456,0.0038301717259533762,1.440625087719298,0.0014024767916523593,3,"1,2,3"
12,10.125,0.005000412105263158,0.0004517483795121736,1.0896826315789474,0.005602595180882582,1.4551003508771931,0.0015413059621451719,3,"1,2,3"
12,10.375,0.0883056684210526,0.005745982199639856,1.1064601754385965,0.005496447477440977,1.4697775438596488,0.0018809032197669214,3,"1,2,3"
12,10.625,0.6682351929824563,0.017491305427744304,1.1196966666666668,0.006871943391142673,1.483374561403509,0.002033664066467715,3,"1,2,3"
12,10.875,2.5081408771929827,0.034211408119089626,1.1293740350877193,0.006343825585027116,1.4906273684210525,0.0017676816018768302,3,"1,2,3"
12,11.125,4.882130701754385,0.027330927760505812,1.136274210526316,0.0074992664830590755,1.4836291228070175,0.002035431050893702,3,"1,2,3"
12,11.375,5.850289122807017,0.025849437214551463,1.1434628070175439,0.006119663150032562,1.4578198245614036,0.002232311545312087,3,"1,2,3"
12,11.625,5.169677192982456,0.05532554805058511,1.148629649122807,0.00656817027936338,1.4161880701754388,0.0024459343216987036,3,"1,2,3"
12,11.875,3.8677540350877195,0.04219732066766426,1.153064912280702,0.006022056632237096,1.369082807017544,0.002402804084172084,3,"1,2,3"
12,12.125,2.786161052631579,0.03256166758816108,1.1584129824561404,0.006756193346701388,1.325029298245614,0.0026930584936977462,3,"1,2,3"
12,12.375,2.0729163157894734,0.03442428048870848,1.1648266666666667,0.006379579673562154,1.289011754385965,0.002619906264256076,3,"1,2,3"
12,12.625,1.645329649122807,0.02018940894805726,1.172687192982456,0.006316078682462351,1.2625364912280703,0.002756974445800765,3,"1,2,3"
12,12.875,1.36125350877193,0.005003425038053294,1.183301052631579,0.005533572578792588,1.245481754385965,0.0027242899176768516,3,"1,2,3"
12,13.125,1.183853543859649,0.0067494775461203246,1.1964752631578948,0.005715004808665182,1.236258245614035,0.002658698205232335,3,"1,2,3"
12,13.375,1.0829928245614033,0.00507745272386924,1.2116024561403511,0.00462415486193257,1.2332573684210526,0.0026345955692441618,3,"1,2,3"
12,13.625,1.008542298245614,0.020595154335837307,1.2319270175438595,0.004690803586668633,1.2347964912280702,0.0026036983545671658,3,"1,2,3"
12,13.875,0.969187052631579,0.026951230644173894,1.2535505263157893,0.0046893348080327,1.2394038596491233,0.0026552378707376994,3,"1,2,3"
12,14.125,0.9564762456140349,0.019306185977691938,1.2762987719298247,0.004544567085754418,1.2456528070175439,0.002819985865773752,3,"1,2,3"
12,14.375,0.938926596491228,0.01636813312852959,1.3016156140350879,0.004557336182568434,1.2526875438596494,0.0029951739061736004,3,"1,2,3"
12,14.625,0.9164621052631579,0.013323663550267976,1.326518596491228,0.004509702873378222,1.2597873684210528,0.002948227819569728,3,"1,2,3"
12,14.875,0.9123673684210528,0.012330698428103741,1.3513322807017545,0.004154604612844967,1.266260701754386,0.0029775625797939433,3,"1,2,3"
12,15.125,0.8816444561403509,0.012365306686836552,1.3765687719298245,0.0050586420816935655,1.2722712280701753,0.003107480990132144,3,"1,2,3"
12,15.375,0.8817476666666666,0.019902390531876993,1.4004929824561405,0.004663394242423183,1.2772229824561405,0.0032456488191591345,3,"1,2,3"
12,15.625,0.8837012280701755,0.016016900296231252,1.4243580701754386,0.003961166465333476,1.2813745614035088,0.0033772651530222996,3,"1,2,3"
12,15.875,0.8924221403508773,0.007607056077174658,1.445817894736842,0.003533400137001627,1.2846994736842106,0.003410687482655016,3,"1,2,3"
12,16.125,0.9014886315789474,0.008900086586255377,1.464918596491228,0.003931924274585757,1.28726,0.00343588253980419,3,"1,2,3"
12,16.375,0.9111391578947368,0.0008139923714594173,1.4763526315789475,0.004706356068370763,1.288961052631579,0.0036943635288987655,3,"1,2,3"
12,16.625,0.9235664385964913,0.016643346663495314,1.4737333333333333,0.005020389090242112,1.2892580701754386,0.003691685207834648,3,"1,2,3"
12,16.875,0.9256783684210527,0.0076251725975954214,1.4514917543859651,0.005858601781597137,1.2879278947368424,0.0037523453053870046,3,"1,2,3"
12,17.125,0.9435774210526314,0.006811624153496304,1.4123736842105263,0.0068352702027228065,1.2856608771929823,0.0038756135863855503,3,"1,2,3"
12,17.375,0.9588460350877193,0.010646009501380267,1.3640377192982456,0.007069650091491676,1.282675614035088,0.0038437862540736437,3,"1,2,3"
12,17.625,0.9794943859649123,0.01071463626307133,1.3146973684210526,0.007349722854555755,1.2799114035087718,0.003829791040671129,3,"1,2,3"
12,17.875,1.0068860526315788,0.01732410828959298,1.2722175438596492,0.0072553714980023104,1.2779001754385966,0.003880152883046762,3,"1,2,3"
12,18.125,1.041720859649123,0.018071045827121695,1.2384368421052632,0.007826162895662169,1.277209649122807,0.003911292936433619,3,"1,2,3"
12,18.375,1.0995846140350878,0.008282487652199334,1.214457894736842,0.00753941919088711,1.2775629824561403,0.004004183554001159,3,"1,2,3"
12,18.625,1.1714519298245614,0.0026888977422024445,1.1995354385964914,0.007353504316378231,1.2791607017543856,0.004117142087904137,3,"1,2,3"
12,18.875,1.2235177192982454,0.014529224107116585,1.190768947368421,0.007401733731669485,1.2813312280701754,0.004248760839030935,3,"1,2,3"
12,19.125,1.3026398245614035,0.014664241734816327,1.186779298245614,0.006761011145854901,1.283996842105263,0.004387693883776204,3,"1,2,3"
12,19.375,1.3428857894736843,0.016943003213561025,1.1870317543859648,0.0071940102089890386,1.2866315789473681,0.004445789837147616,3,"1,2,3"
12,19.625,1.3687931578947368,0.018441273958873333,1.1887452631578945,0.007138376536387781,1.2890808771929825,0.004426258762870554,3,"1,2,3"
12,19.875,1.3896240350877191,0.018388012802783647,1.1918970175438595,0.00708527018655579,1.2913445614035088,0.004433553386328391,3,"1,2,3"
12,20.125,1.4240066666666664,0.017323647554845084,1.1954368421052628,0.007271558846059588,1.292971052631579,0.004550473903054679,3,"1,2,3"
12,20.375,1.4479628070175439,0.02173569386684488,1.1990601754385963,0.007083251992363349,1.294285614035088,0.004473261989019533,3,"1,2,3"
12,20.625,1.4474645614035087,0.020166258657533357,1.2027771929824562,0.0073668227882329775,1.2948963157894735,0.004653987359023539,3,"1,2,3"
12,20.875,1.4564714035087718,0.02000529733323637,1.2062435087719299,0.007385100449473685,1.294984035087719,0.004800241805492445,3,"1,2,3"
12,21.125,1.4794187719298246,0.007921019995658604,1.20912298245614,0.007128365072853748,1.2944215789473685,0.0048709172737503035,3,"1,2,3"
12,21.375,1.4932122807017543,0.017218629871469385,1.2109571929824563,0.0065783222767365175,1.2932256140350877,0.005060657775948569,3,"1,2,3"
12,21.625,1.5009087719298246,0.03241126977128691,1.2124498245614033,0.00704037190968305,1.291296842105263,0.005267392629700081,3,"1,2,3"
12,21.875,1.5127412280701755,0.025374779360177825,1.2130763157894735,0.006843777123676606,1.2891175438596492,0.005400022508303243,3,"1,2,3"
12,22.125,1.5145414035087719,0.021530582896821176,1.2131940350877193,0.006992618246516834,1.2864133333333332,0.005422002749873691,3,"1,2,3"
12,22.375,1.495843859649123,0.02559008593064551,1.2142666666666668,0.007532665856733831,1.283526140350877,0.005474630979748287,3,"1,2,3"
12,22.625,1.4729364912280705,0.016925025886595547,1.2157326315789472,0.008055758399925408,1.2806436842105264,0.005463268954014327,3,"1,2,3"
12,22.875,1.4013719298245615,0.019980413906083676,1.2180005263157894,0.008437569471004207,1.2780126315789475,0.0054711582734540175,3,"1,2,3"
12,23.125,1.3583878947368422,0.012934946180289187,1.2229680701754386,0.00849762311379959,1.2760545614035088,0.00522628028350227,3,"1,2,3"
12,23.375,1.2945415789473687,0.01873136635441283,1.230627894736842,0.008682518537988362,1.274817192982456,0.005331021469154437,3,"1,2,3"
12,23.625,1.2476250877192983,0.00714748670978431,1.24187,0.007821894372781364,1.2745491228070176,0.005193804931311161,3,"1,2,3"
12,23.875,1.2089008771929823,0.01609927686207341,1.2598291228070175,0.00811092860021402,1.2753447368421051,0.005259408559272954,3,"1,2,3"
12,24.125,1.1750438596491228,0.004795341158853407,1.2843389473684208,0.008094796808118537,1.2771352631578947,0.005398946872445185,3,"1,2,3"
12,24.375,1.15923,0.005186030030690459,1.3106298245614036,0.007940202349937694,1.279556666666667,0.005362006562253984,3,"1,2,3"
12,24.625,1.1362559649122808,0.00978099057397507,1.3302914035087718,0.007927079217368654,1.2819224561403508,0.005408534282981109,3,"1,2,3"
12,24.875,1.115964105263158,0.018191168252723478,1.3366121052631579,0.008024321765536361,1.283572105263158,0.005500118407186749,3,"1,2,3"
12,0.125,0.0,0.0,0.0,0.0,0.0,0.0,3,"1,2,3"
12,0.375,0.0,0.0,0.0,0.0,0.0,0.0,3,"1,2,3"
12,0.625,0.0,0.0,0.0,0.0,0.0,0.0,3,"1,2,3"
12,0.875,0.0,0.0,0.0,0.0,0.09189290701754387,0.0007088660401173545,3,"1,2,3"
12,1.125,0.0,0.0,0.0,0.0,2.6068450877192983,0.0007422137948923645,3,"1,2,3"
12,1.375,0.0,0.0,0.0,0.0,4.208908771929824,0.0024991859924401584,3,"1,2,3"
12,1.625,0.0,0.0,0.0,0.0,5.421870175438596,0.002233221025001266,3,"1,2,3"
12,1.875,0.0,0.0,0.0,0.0,2.684483684210526,0.0005062922633772736,3,"1,2,3"
12,2.125,0.0,0.0,0.0,0.0,1.393777543859649,0.001594466443020863,3,"1,2,3"
12,2.375,0.0,0.0,0.0,0.0,1.3576447368421052,0.0025314001468754663,3,"1,2,3"
12,2.625,0.0,0.0,0.0,0.0,1.156837894736842,0.002884565095377885,3,"1,2,3"
12,2.875,0.0,0.0,0.0,0.0,1.0946526315789475,0.0022423803060028576,3,"1,2,3"
12,3.125,0.0,0.0,0.0,0.0,1.2313445614035086,0.0022889917755907555,3,"1,2,3"
12,3.375,0.0,0.0,0.0,0.0,1.3384443859649124,0.002345676061062403,3,"1,2,3"
12,3.625,0.0,0.0,0.0,0.0,1.4117045614035089,0.0020502763966242657,3,"1,2,3"
12,3.875,0.0,0.0,0.0,0.0,1.45535,0.001137961680683282,3,"1,2,3"
12,4.125,0.0,0.0,0.0,0.0,1.4731940350877195,0.0012318133180304626,3,"1,2,3"
12,4.375,0.0,0.0,0.0,0.0,1.4716675438596492,0.0011422016559964978,3,"1,2,3"
12,4.625,0.0,0.0,1.0521705263157895e-05,1.247687755178714e-06,1.45748701754386,0.0009721404863853132,3,"1,2,3"
12,4.875,0.0,0.0,0.023359408771929824,3.334299361403578e-05,1.437504561403509,0.0008308435937375813,3,"1,2,3"
12,5.125,0.0,0.0,0.8429050877192982,0.001852635773686148,1.4667868421052634,0.0009654522572049945,3,"1,2,3"
12,5.375,0.0,0.0,4.101663859649123,0.00577914691972203,1.6547457894736841,0.0011343660494992974,3,"1,2,3"
12,5.625,0.0,0.0,7.010135087719298,0.0076187771674891425,1.8222250877192983,0.0015939048454038827,3,"1,2,3"
12,5.875,0.0,0.0,7.13120192982456,0.011773138450779248,1.8124435087719302,0.0017738211375819143,3,"1,2,3"
12,6.125,0.0,0.0,5.610220000000001,0.0075348377590634275,1.7002815789473684,0.0018464445633140632,3,"1,2,3"
12,6.375,0.0,0.0,3.9394543859649125,0.0063081644224794705,1.5822761403508772,0.0018923513898593057,3,"1,2,3"
12,6.625,0.0,0.0,2.7303842105263154,0.003212408680271546,1.4971687719298246,0.0018323955798615257,3,"1,2,3"
12,6.875,0.0,0.0,1.932364210526316,0.003350358396506404,1.4413577192982459,0.0020937624610874324,3,"1,2,3"
12,7.125,0.0,0.0,1.4361447368421052,0.002026340715271564,1.4068656140350877,0.0024833132981772307,3,"1,2,3"
12,7.375,0.0,0.0,1.136977894736842,0.0026064695771311447,1.3866012280701756,0.002434982289542416,3,"1,2,3"
12,7.625,0.0,0.0,0.9660900526315789,0.0028692157907561494,1.3758154385964911,0.0025930133535655617,3,"1,2,3"
12,7.875,0.0,0.0,0.8828488771929823,0.002489174560618188,1.3716454385964914,0.002946280574096588,3,"1,2,3"
12,8.125,0.0,0.0,0.856517052631579,0.0030583858034903886,1.372213157894737,0.002850375102885128,3,"1,2,3"
12,8.375,0.0,0.0,0.8658621929824563,0.0038774404229211874,1.3759078947368424,0.0029241260581691817,3,"1,2,3"
12,8.625,0.0,0.0,0.8940413859649122,0.004561256224140309,1.382645789473684,0.0026460948071699965,3,"1,2,3"
12,8.875,0.0,0.0,0.9314250701754387,0.00473772532552071,1.3915531578947367,0.0028308434771715267,3,"1,2,3"
12,9.125,0.0,0.0,0.9702613157894736,0.004650873006741493,1.4015912280701752,0.0027993494935340726,3,"1,2,3"
12,9.375,0.0,0.0,1.0068553859649123,0.005119805452489789,1.4133233333333333,0.002862449419999483,3,"1,2,3"
12,9.625,0.0,0.0,1.0395362631578946,0.004916823361917659,1.4260329824561404,0.0030677667844889503,3,"1,2,3"
12,9.875,4.060508771929825e-05,5.742426575398079e-05,1.0666507368421054,0.004175069859805664,1.4394845614035088,0.0029458613105825347,3,"1,2,3"
12,10.125,0.005006356350877193,0.00037551836921109527,1.0871631578947365,0.004509659500324154,1.4537484210526312,0.0030534333792735717,3,"1,2,3"
12,10.375,0.08603344736842107,0.0011673609206963268,1.1042522807017543,0.004679722595446174,1.4685343859649123,0.003197142778359147,3,"1,2,3"
12,10.625,0.6719234035087719,0.011119580652439981,1.1167519298245612,0.005751834928760209,1.481825438596491,0.0031871800662014683,3,"1,2,3"
12,10.875,2.478623333333333,0.0162466759286912,1.126314210526316,0.004973905815169052,1.4891591228070176,0.002873307742621898,3,"1,2,3"
12,11.125,4.910253333333334,0.0720860141886952,1.1332673684210528,0.005602993577256553,1.4822499999999998,0.0029315133697664455,3,"1,2,3"
12,11.375,5.816494912280702,0.022141009244527034,1.1398122807017546,0.005512192082774336,1.4563836842105264,0.003055434859251855,3,"1,2,3"
12,11.625,5.13690105263158,0.022523087143602613,1.1451375438596492,0.005936486836659782,1.4151257894736842,0.0030602453446928685,3,"1,2,3"
12,11.875,3.86389701754386,0.03814626212604522,1.1511773684210524,0.006846751823041065,1.3682298245614035,0.0033992732462463826,3,"1,2,3"
12,12.125,2.798764561403509,0.041864448022004716,1.157404912280702,0.00571373827259407,1.324525964912281,0.003878314507952035,3,"1,2,3"
12,12.375,2.057444561403509,0.032211414998442975,1.164093684210526,0.005514405678834864,1.2885622807017543,0.004030326069199272,3,"1,2,3"
12,12.625,1.6391231578947367,0.02758155275292227,1.1721871929824563,0.005111106374534332,1.2622508771929823,0.0043323380276097745,3,"1,2,3"
12,12.875,1.3569152631578947,0.01194734452428248,1.1833652631578948,0.003782381692135839,1.245298245614035,0.0045010064604113316,3,"1,2,3"
12,13.125,1.1774560175438598,0.014199019658220863,1.1969129824561404,0.004229341128042106,1.2363138596491225,0.004752864448712487,3,"1,2,3"
12,13.375,1.083889403508772,0.02607047186896702,1.213881754385965,0.0048156938411237395,1.2335592982456138,0.004841515779017381,3,"1,2,3"
12,13.625,1.0164049824561403,0.023388136861118503,1.232718947368421,0.004645993736801806,1.2350180701754387,0.004919828430773146,3,"1,2,3"
12,13.875,0.9645797017543859,0.010989314047399773,1.2540850877192984,0.005301254792024251,1.239569298245614,0.004999047172985495,3,"1,2,3"
12,14.125,0.946026403508772,0.01470857360572158,1.2776419298245614,0.006109191330564901,1.246068596491228,0.005063310249254753,3,"1,2,3"
12,14.375,0.9320398245614036,0.03102313603661496,1.3014342105263157,0.00561970910088572,1.252902105263158,0.005084638807285422,3,"1,2,3"
12,14.625,0.9232520350877191,0.030734878157675973,1.326467894736842,0.006829985054513155,1.2600064912280702,0.005211416445912629,3,"1,2,3"
12,14.875,0.9182718947368421,0.027026461182854334,1.352355438596491,0.007988868922091209,1.2668599999999999,0.005215232979677594,3,"1,2,3"
12,15.125,0.910074245614035,0.013015408142081299,1.3768219298245612,0.009550287686281342,1.2725629824561404,0.005181457570475096,3,"1,2,3"
12,15.375,0.9029863333333333,0.01045915447611265,1.4012736842105262,0.00935994587076238,1.277658947368421,0.0049649809864442136,3,"1,2,3"
12,15.625,0.886156245614035,0.016887922283874163,1.424208596491228,0.009648715895726575,1.2818643859649124,0.005009455958454122,3,"1,2,3"
12,15.875,0.9007364385964913,0.014715133029076094,1.446907192982456,0.009323513700609524,1.2851615789473685,0.004823611153627694,3,"1,2,3"
12,16.125,0.9066488947368421,0.021649644682597738,1.4657731578947368,0.00853467439543005,1.2878022807017544,0.004638581833721497,3,"1,2,3"
12,16.375,0.905106403508772,0.008340841134651021,1.477294912280702,0.00715146059290545,1.2893487719298247,0.0046362079406497905,3,"1,2,3"
12,16.625,0.9150529473684211,0.009425750209016367,1.4746478947368422,0.006860692001310171,1.2896105263157895,0.004697525153412481,3,"1,2,3"
12,16.875,0.9302663333333333,0.007554368932070539,1.4534082456140351,0.00733158781794815,1.2885273684210523,0.004733794185100251,3,"1,2,3"
12,17.125,0.9396835263157896,0.009080262420803415,1.4142361403508772,0.007394023806958115,1.2861682456140349,0.004869717424997427,3,"1,2,3"
12,17.375,0.9652385438596491,0.008900984646926898,1.3658682456140354,0.0075024140446516814,1.283211403508772,0.0049086774942949316,3,"1,2,3"
12,17.625,0.9823542631578949,0.008319549575957473,1.3173019298245616,0.007864023935178589,1.2806938596491226,0.00505394312899583,3,"1,2,3"
12,17.875,1.011331,0.011809176552089162,1.2742115789473685,0.008143161194415082,1.2789459649122807,0.005127957684633247,3,"1,2,3"
12,18.125,1.0389842807017544,0.006611479628061141,1.2400308771929824,0.007727790101860751,1.2782198245614034,0.005107686752155159,3,"1,2,3"
12,18.375,1.0916031228070173,0.011780952597321731,1.2156326315789474,0.007720329544346775,1.2786840350877193,0.005108771562319313,3,"1,2,3"
12,18.625,1.1778456140350875,0.017411042792055815,1.2003064912280703,0.007274122937657595,1.280309649122807,0.005112251634494618,3,"1,2,3"
12,18.875,1.2402294736842105,0.021359486244560872,1.1913949122807017,0.007611073362850106,1.28258,0.0052117774857915,3,"1,2,3"
12,19.125,1.3038049122807018,0.02710521939132334,1.1876871929824562,0.007388924660132877,1.285249298245614,0.005266467912375647,3,"1,2,3"
12,19.375,1.3469129824561403,0.01865939213714277,1.1878433333333331,0.007323861258689487,1.2879543859649123,0.00533926915180419,3,"1,2,3"
12,19.625,1.3819738596491227,0.0183733179836225,1.1896392982456143,0.007960561865465858,1.2905680701754385,0.00533247103486211,3,"1,2,3"
12,19.875,1.4099912280701752,0.032712043578403995,1.1934787719298245,0.007907895727393902,1.29262701754386,0.0053949925542018445,3,"1,2,3"
12,20.125,1.4290480701754387,0.03189224539030925,1.197248596491228,0.007356288273457208,1.294278947368421,0.005388863263813968,3,"1,2,3"
12,20.375,1.427677543859649,0.02129998437799724,1.2007973684210527,0.0072963918150005524,1.2951871929824563,0.005240519035943006,3,"1,2,3"
12,20.625,1.4317678947368424,0.026846185039111334,1.2037722807017543,0.006755128817660105,1.2959301754385966,0.005146770125120936,3,"1,2,3"
12,20.875,1.4507377192982454,0.025551955903160704,1.20605,0.005579034077446184,1.2957303508771931,0.004912383401182341,3,"1,2,3"
12,21.125,1.457389649122807,0.028420614971722432,1.2080007017543861,0.0055359169618218506,1.2948831578947368,0.004828635976383932,3,"1,2,3"
12,21.375,1.4813184210526316,0.011706788340935434,1.2094215789473683,0.006168550339942125,1.293722456140351,0.004747763556383115,3,"1,2,3"
12,21.625,1.518604210526316,0.009653884448718895,1.2113798245614038,0.005809896328887164,1.2919077192982458,0.004721022166056595,3,"1,2,3"
12,21.875,1.540740701754386,0.007370073954124128,1.2126884210526316,0.005893530766341554,1.2896577192982457,0.004694830900114388,3,"1,2,3"
12,22.125,1.5258226315789472,0.0060873146940725615,1.213638245614035,0.005663388541793225,1.2869775438596494,0.004663165306978836,3,"1,2,3"
12,22.375,1.4983989473684212,0.0029860257173185876,1.2149950877192983,0.005450380933824026,1.284008596491228,0.004689324654204291,3,"1,2,3"
12,22.625,1.467811052631579,0.0077662372602116565,1.2168294736842105,0.005851039604258408,1.2811840350877193,0.00473670343526735,3,"1,2,3"
12,22.875,1.4173329824561405,0.009491208356823494,1.2197110526315786,0.005898245243537061,1.278645614035088,0.004744262751481597,3,"1,2,3"
12,23.125,1.348885263157895,0.009529019796523928,1.2252075438596493,0.0059476915349790955,1.276638245614035,0.004758793121466108,3,"1,2,3"
12,23.375,1.283521754385965,0.0010308229715953342,1.2334643859649124,0.006940762999312172,1.275386842105263,0.004773793437695045,3,"1,2,3"
12,23.625,1.2431396491228068,0.013394865655006347,1.2455273684210526,0.007360155451708362,1.2751675438596493,0.004742648533503246,3,"1,2,3"
12,23.875,1.199642105263158,0.007380548365997485,1.2633722807017544,0.00732414598254654,1.2757854385964913,0.004665345103730666,3,"1,2,3"
12,24.125,1.1763131578947368,0.01352958916634788,1.2876528070175437,0.007555147870249427,1.2774552631578946,0.004668584007915664,3,"1,2,3"
12,24.375,1.1571949122807017,0.009308651208374792,1.3133728070175437,0.008500250306817222,1.2798010526315788,0.004628230448257765,3,"1,2,3"
12,24.625,1.137644192982456,0.004168752607391326,1.3323631578947368,0.008310297664710167,1.281962456140351,0.004604993402291723,3,"1,2,3"
12,24.875,1.1249155438596494,0.012988477575992924,1.3377836842105264,0.008244491521204548,1.2834849122807017,0.00448126965448615,3,"1,2,3"
12,0.125,0.0,0.0,0.0,0.0,0.0,0.0,3,"1,2,3"
12,0.375,0.0,0.0,0.0,0.0,0.0,0.0,3,"1,2,3"
12,0.625,0.0,0.0,0.0,0.0,0.0,0.0,3,"1,2,3"
12,0.875,0.0,0.0,0.0,0.0,0.09198236315789472,0.0005345735736556495,3,"1,2,3"
12,1.125,0.0,0.0,0.0,0.0,2.6031380701754387,0.005171581417244224,3,"1,2,3"
12,1.375,0.0,0.0,0.0,0.0,4.205507894736842,0.002840332000414207,3,"1,2,3"
12,1.625,0.0,0.0,0.0,0.0,5.4245715789473685,0.0015789477777781952,3,"1,2,3"
12,1.875,0.0,0.0,0.0,0.0,2.6853684210526314,0.0011017353054554294,3,"1,2,3"
12,2.125,0.0,0.0,0.0,0.0,1.3934280701754382,0.0016776592062856263,3,"1,2,3"
12,2.375,0.0,0.0,0.0,0.0,1.3581419298245612,0.0020165037135693974,3,"1,2,3"
12,2.625,0.0,0.0,0.0,0.0,1.1572714035087721,0.0037074764455537683,3,"1,2,3"
12,2.875,0.0,0.0,0.0,0.0,1.0940798245614034,0.004686503959221872,3,"1,2,3"
12,3.125,0.0,0.0,0.0,0.0,1.2297570175438597,0.004841643920305437,3,"1,2,3"
12,3.375,0.0,0.0,0.0,0.0,1.3371540350877194,0.004908450612108781,3,"1,2,3"
12,3.625,0.0,0.0,0.0,0.0,1.4110535087719296,0.004583994885522436,3,"1,2,3"
12,3.875,0.0,0.0,0.0,0.0,1.4544614035087717,0.003451015917796134,3,"1,2,3"
12,4.125,0.0,0.0,0.0,0.0,1.4724154385964916,0.0035079953087894574,3,"1,2,3"
12,4.375,0.0,0.0,0.0,0.0,1.470852456140351,0.002672003558439422,3,"1,2,3"
12,4.625,0.0,0.0,1.0766396491228072e-05,4.881564819230201e-06,1.4569177192982457,0.002365495750294243,3,"1,2,3"
12,4.875,0.0,0.0,0.023399501754385963,7.428710399279872e-05,1.4369870175438593,0.002332104821031031,3,"1,2,3"
12,5.125,0.0,0.0,0.8442616315789473,0.0003648227817035579,1.4661000000000002,0.0024700545599411396,3,"1,2,3"
12,5.375,0.0,0.0,4.099714912280702,0.007771466553853414,1.6539224561403507,0.0029478881851643787,3,"1,2,3"
12,5.625,0.0,0.0,7.011478245614036,0.021506166232651766,1.8220245614035087,0.003956288502302446,3,"1,2,3"
12,5.875,0.0,0.0,7.129821403508771,0.023997496238795487,1.812613859649123,0.0041835045268520665,3,"1,2,3"
12,6.125,0.0,0.0,5.612854736842105,0.01573325941145729,1.7010256140350875,0.0038430648725532703,3,"1,2,3"
12,6.375,0.0,0.0,3.940878070175438,0.008012799655903168,1.5827928070175439,0.0036294956224489894,3,"1,2,3"
12,6.625,0.0,0.0,2.732014210526316,0.0035717807503447725,1.4976785964912283,0.003618259947503325,3,"1,2,3"
12,6.875,0.0,0.0,1.9345933333333332,0.0027037774039153193,1.4415470175438596,0.003848771777881228,3,"1,2,3"
12,7.125,0.0,0.0,1.4349049122807018,0.00022895415732373321,1.406627894736842,0.004388157760593515,3,"1,2,3"
12,7.375,0.0,0.0,1.1362415789473683,0.0013552692556498948,1.386214210526316,0.004643759660639233,3,"1,2,3"
12,7.625,0.0,0.0,0.9653903859649123,0.0009731004274903941,1.3750038596491228,0.005003041703305394,3,"1,2,3"
12,7.875,0.0,0.0,0.8817644736842105,0.0019011648992515418,1.3705587719298247,0.005215057082669296,3,"1,2,3"
12,8.125,0.0,0.0,0.8553733508771929,0.0024996282605736393,1.3708938596491225,0.005406174940323225,3,"1,2,3"
12,8.375,0.0,0.0,0.8647732807017543,0.0022427376920153346,1.3748573684210526,0.005512157318239155,3,"1,2,3"
12,8.625,0.0,0.0,0.8939727894736844,0.0017790389559107645,1.381188245614035,0.005588666052157513,3,"1,2,3"
12,8.875,0.0,0.0,0.9304049473684209,0.003192077806393205,1.3903008771929823,0.00539474283839357,3,"1,2,3"
12,9.125,0.0,0.0,0.9700635964912281,0.0031382152888446827,1.4002615789473687,0.005278133379023088,3,"1,2,3"
12,9.375,0.0,0.0,1.0067701228070174,0.0028995312227648147,1.4122435087719296,0.005166995199991673,3,"1,2,3"
12,9.625,0.0,0.0,1.0396880175438596,0.005178527159948272,1.4249703508771931,0.005122098851557059,3,"1,2,3"
12,9.875,0.00016554368421052633,0.00011761828473642946,1.0661710175438597,0.005977166516401371,1.4386929824561403,0.004931989990796126,3,"1,2,3"
12,10.125,0.004964760175438596,0.0014093490762264618,1.0873116315789473,0.00698845676033304,1.4528670175438598,0.005251860530078272,3,"1,2,3"
12,10.375,0.09087785789473685,0.004289453013940082,1.1048242105263155,0.007679010364927962,1.4676950877192982,0.0055974831161936965,3,"1,2,3"
12,10.625,0.693000894736842,0.023779399933835488,1.1174943859649122,0.007939302579823086,1.4812963157894738,0.00590532678140646,3,"1,2,3"
12,10.875,2.4874387719298245,0.07277616606966392,1.1276729824561402,0.008073283829288146,1.4890359649122809,0.006292982509940858,3,"1,2,3"
12,11.125,4.863442105263157,0.04933647167465267,1.1353212280701754,0.008812393253469943,1.4824440350877193,0.006809117025659761,3,"1,2,3"
12,11.375,5.878026842105264,0.03219131817200084,1.1421333333333334,0.00691513741396275,1.456931754385965,0.006946654087855089,3,"1,2,3"
12,11.625,5.1275589473684215,0.023969333296711276,1.147709649122807,0.00740106105708489,1.4157170175438594,0.007293375411972713,3,"1,2,3"
12,11.875,3.8530159649122804,0.030576981198175993,1.1535142105263156,0.007894524815866312,1.3689831578947367,0.007362895910968168,3,"1,2,3"
12,12.125,2.770011228070175,0.03692301745739987,1.158484912280702,0.007362981730876302,1.3249373684210524,0.007387732925866623,3,"1,2,3"
12,12.375,2.05915298245614,0.04249603690464288,1.1646926315789472,0.007339501909074927,1.2886482456140351,0.0072685472546856495,3,"1,2,3"
12,12.625,1.622168947368421,0.010624486925855384,1.1720887719298245,0.007382057986561826,1.262240350877193,0.007358079476301203,3,"1,2,3"
12,12.875,1.364224561403509,0.008796373815688062,1.182778245614035,0.007897644287240409,1.2448205263157894,0.007543501798938104,3,"1,2,3"
12,13.125,1.1886202456140351,0.020517687602070536,1.195572807017544,0.007458472068844011,1.235481052631579,0.00770084115994078,3,"1,2,3"
12,13.375,1.09372449122807,0.03452865631038661,1.211100350877193,0.006833608980319752,1.2325419298245615,0.007681941810405402,3,"1,2,3"
12,13.625,1.0204171578947367,0.019977647598034234,1.2306401754385965,0.0057958580799868245,1.2340112280701756,0.007738158789182297,3,"1,2,3"
12,13.875,0.9797447543859649,0.010914691958929792,1.252040350877193,0.0059305166678006605,1.2386180701754388,0.007914359442185874,3,"1,2,3"
12,14.125,0.9457501578947367,0.014608052900185797,1.27583350877193,0.006328773150512124,1.2451343859649122,0.007717813696961171,3,"1,2,3"
12,14.375,0.9198113333333334,0.03974204833584445,1.3017726315789473,0.006925354449895923,1.2524840350877193,0.007954619862834677,3,"1,2,3"
12,14.625,0.9154282807017543,0.024294598629138537,1.3270142105263159,0.007227008553445864,1.259690350877193,0.007870093061023192,3,"1,2,3"
12,14.875,0.894305192982456,0.018123972546206523,1.3529950877192984,0.007817194703059738,1.2665745614035089,0.007863555373280633,3,"1,2,3"
12,15.125,0.9159872631578949,0.02006866837264374,1.378288070175439,0.00771878420537273,1.272748245614035,0.0078057783641030005,3,"1,2,3"
12,15.375,0.9029619473684211,0.02039956012348705,1.4019094736842106,0.008722153039661593,1.2778236842105264,0.007823695534657721,3,"1,2,3"
12,15.625,0.9094946315789475,0.025754043657543996,1.4249796491228073,0.009682911815409206,1.2821726315789475,0.007830252151333407,3,"1,2,3"
12,15.875,0.9149171578947368,0.022611178628776922,1.4458092982456139,0.009368486421350469,1.2855143859649123,0.00781594192459664,3,"1,2,3"
12,16.125,0.9204792807017542,0.010283450788466084,1.4648766666666664,0.009472293975316582,1.2883073684210526,0.007801125010612799,3,"1,2,3"
12,16.375,0.909071894736842,0.007656565579834196,1.4767059649122807,0.009981647835187025,1.2898984210526316,0.007847396625315592,3,"1,2,3"
12,16.625,0.9216809298245615,0.004734632469876358,1.4741598245614034,0.01065283476449083,1.2901042105263159,0.007844651370497767,3,"1,2,3"
12,16.875,0.9333104210526316,0.004510555978735171,1.453097192982456,0.010354668199616942,1.2890943859649124,0.007746292477887192,3,"1,2,3"
12,17.125,0.9396585087719299,0.012215031415917349,1.4145122807017545,0.010249844719525865,1.2868121052631583,0.0078080336969287715,3,"1,2,3"
12,17.375,0.9560532982456139,0.007043887057821788,1.3668805263157895,0.010446630280168269,1.2840891228070175,0.007669004822309425,3,"1,2,3"
12,17.625,0.976801894736842,0.010466732360245841,1.3177387719298246,0.01019418415780665,1.281559649122807,0.007602875438126632,3,"1,2,3"
12,17.875,1.0065291403508771,0.011710272812736861,1.274271052631579,0.009892717067091713,1.2796068421052633,0.007352116246115892,3,"1,2,3"
12,18.125,1.0477020350877193,0.017762430504526458,1.240356842105263,0.009356180096697822,1.2787663157894738,0.00713975496888367,3,"1,2,3"
12,18.375,1.0935306666666664,0.008410498955374905,1.2169163157894738,0.008932877150326547,1.2791294736842105,0.006992124906706642,3,"1,2,3"
12,18.625,1.1592110175438595,0.013070730019177326,1.2000115789473684,0.008639603501384149,1.2803570175438599,0.006771093253481249,3,"1,2,3"
12,18.875,1.241241052631579,0.018458991343069376,1.1910473684210527,0.007713670073437595,1.2825161403508771,0.006689910435220337,3,"1,2,3"
12,19.125,1.2994559649122805,0.022759497522690856,1.1870364912280704,0.007087473171860074,1.2850643859649125,0.0064260675029026324,3,"1,2,3"
12,19.375,1.3516987719298246,0.0190675548143687,1.1867449122807017,0.006783933675204521,1.2877375438596492,0.006349886125055217,3,"1,2,3"
12,19.625,1.377245614035088,0.0073661288331010235,1.1887721052631581,0.006223617424811279,1.2903759649122806,0.0063734471153161455,3,"1,2,3"
12,19.875,1.3957073684210526,0.014486767796230574,1.1926094736842108,0.006204664628962207,1.29265,0.006405877509496105,3,"1,2,3"
12,20.125,1.4156103508771931,0.02361568124785386,1.1960405263157898,0.006748861372451049,1.2945071929824563,0.006431167275614314,3,"1,2,3"
12,20.375,1.4406470175438597,0.028659328326984413,1.1997980701754385,0.00642859657980206,1.295862456140351,0.006456662893612945,3,"1,2,3"
12,20.625,1.4377594736842105,0.03554070602123036,1.2035770175438596,0.006997439583617589,1.296520701754386,0.006376286723414651,3,"1,2,3"
12,20.875,1.4513856140350878,0.02824709091594934,1.2066996491228068,0.007171188910127311,1.296547368421053,0.006386678367702878,3,"1,2,3"
12,21.125,1.4724584210526315,0.04411022690947697,1.2099168421052633,0.007466898476153569,1.2961335087719297,0.006404667652885804,3,"1,2,3"
12,21.375,1.4854219298245617,0.03035164731605859,1.211721754385965,0.007228629653870884,1.294933333333333,0.006213643305430021,3,"1,2,3"
12,21.625,1.5017847368421053,0.027862077527951765,1.213191052631579,0.00773905492880983,1.29319,0.006277303927510408,3,"1,2,3"
12,21.875,1.5208740350877195,0.01912187338618982,1.2144528070175438,0.0076706320348518455,1.2909691228070175,0.006213634433872929,3,"1,2,3"
12,22.125,1.5271119298245612,0.007533477948260193,1.2152275438596492,0.0070804078625566,1.288327894736842,0.006044620984309188,3,"1,2,3"
12,22.375,1.504612105263158,0.01673165514350513,1.2166847368421054,0.006604689525661288,1.2853884210526316,0.005915796700376109,3,"1,2,3"
12,22.625,1.453582631578947,0.015572969164733138,1.218050701754386,0.006316459267602935,1.282556842105263,0.005749837542367525,3,"1,2,3"
12,22.875,1.411855438596491,0.009777327026950442,1.2209721052631577,0.006117076335910147,1.279873859649123,0.005576895689167463,3,"1,2,3"
12,23.125,1.3599543859649124,0.004397790961742294,1.225625789473684,0.005288479927597121,1.2777943859649123,0.005387076226853484,3,"1,2,3"
12,23.375,1.2967180701754384,0.009904785438200682,1.232410877192982,0.004954195389207701,1.2765199999999999,0.005149791504443809,3,"1,2,3"
12,23.625,1.2381847368421053,0.012381541685720757,1.2441173684210527,0.004753049718350916,1.276151754385965,0.004994493261827716,3,"1,2,3"
12,23.875,1.199607192982456,0.007539759926391229,1.2615089473684211,0.005036031411045608,1.276924561403509,0.004979778598565988,3,"1,2,3"
12,24.125,1.1594870701754387,0.00709267570225961,1.2851240350877193,0.0054417713822949325,1.2785987719298246,0.004915319417274694,3,"1,2,3"
12,24.375,1.142712105263158,0.010496775004887358,1.3112457894736844,0.005949202620437498,1.2809954385964912,0.00495835197975957,3,"1,2,3"
12,24.625,1.1348573684210526,0.007409566337841132,1.3310664912280703,0.006205834718157788,1.2833456140350876,0.004825212759858405,3,"1,2,3"
12,24.875,1.130172,0.004318953818980814,1.3374566666666665,0.006658796975595817,1.2849743859649123,0.004827496772100487,3,"1,2,3"
12,0.125,0.0,0.0,0.0,0.0,0.0,0.0,3,"1,2,3"
12,0.375,0.0,0.0,0.0,0.0,0.0,0.0,3,"1,2,3"
12,0.625,0.0,0.0,0.0,0.0,0.0,0.0,3,"1,2,3"
12,0.875,0.0,0.0,0.0,0.0,0.09137995087719297,0.0005509789604792015,3,"1,2,3"
12,1.125,0.0,0.0,0.0,0.0,2.603302456140351,0.0039048465359962587,3,"1,2,3"
12,1.375,0.0,0.0,0.0,0.0,4.206006666666667,0.002166315206951171,3,"1,2,3"
12,1.625,0.0,0.0,0.0,0.0,5.422413508771932,0.0013742763618065873,3,"1,2,3"
12,1.875,0.0,0.0,0.0,0.0,2.684801403508772,0.002290520242079656,3,"1,2,3"
12,2.125,0.0,0.0,0.0,0.0,1.3938431578947368,0.0033016707206433497,3,"1,2,3"
12,2.375,0.0,0.0,0.0,0.0,1.357562105263158,0.004665725343658186,3,"1,2,3"
12,2.625,0.0,0.0,0.0,0.0,1.1560231578947369,0.004527561170980813,3,"1,2,3"
12,2.875,0.0,0.0,0.0,0.0,1.0935794736842104,0.0054158647804765,3,"1,2,3"
12,3.125,0.0,0.0,0.0,0.0,1.229105614035088,0.007075024117735707,3,"1,2,3"
12,3.375,0.0,0.0,0.0,0.0,1.3367270175438597,0.006912399317710506,3,"1,2,3"
12,3.625,0.0,0.0,0.0,0.0,1.4098450877192983,0.007502082152753027,3,"1,2,3"
12,3.875,0.0,0.0,0.0,0.0,1.4527470175438595,0.0073298719103557725,3,"1,2,3"
12,4.125,0.0,0.0,0.0,0.0,1.4710719298245614,0.007106385893535349,3,"1,2,3"
12,4.375,0.0,0.0,0.0,0.0,1.4696222807017545,0.0066610338946291635,3,"1,2,3"
12,4.625,0.0,0.0,7.830110526315788e-06,2.7026969160656546e-06,1.4551924561403506,0.00665677785976815,3,"1,2,3"
12,4.875,0.0,0.0,0.023283649122807018,0.00017753475803589802,1.4360708771929824,0.006853796237748606,3,"1,2,3"
12,5.125,0.0,0.0,0.8432309473684212,0.002997273838903221,1.465521052631579,0.006639569552401905,3,"1,2,3"
12,5.375,0.0,0.0,4.099684736842105,0.003207400577916365,1.6540808771929825,0.00721803815823958,3,"1,2,3"
12,5.625,0.0,0.0,7.0077961403508775,0.01768866961499725,1.8223980701754388,0.007996770774079622,3,"1,2,3"
12,5.875,0.0,0.0,7.123362280701755,0.01978391669987705,1.8131691228070175,0.007979578104651,3,"1,2,3"
12,6.125,0.0,0.0,5.609147368421053,0.00948501824938357,1.7023010526315787,0.007064013635509219,3,"1,2,3"
12,6.375,0.0,0.0,3.9388842105263158,0.00790330524496041,1.5841766666666668,0.006842821249087942,3,"1,2,3"
12,6.625,0.0,0.0,2.7300866666666668,0.007144693920369326,1.499188245614035,0.006529192494650017,3,"1,2,3"
12,6.875,0.0,0.0,1.9360010526315792,0.00561976705188508,1.4430519298245612,0.006801807596550197,3,"1,2,3"
12,7.125,0.0,0.0,1.4372108771929826,0.005193405939347152,1.4085612280701756,0.007081753664495983,3,"1,2,3"
12,7.375,0.0,0.0,1.1364178947368422,0.0036741473844648614,1.387890350877193,0.006987154211594906,3,"1,2,3"
12,7.625,0.0,0.0,0.9669760175438595,0.003740868269735261,1.3766512280701753,0.007087663314004848,3,"1,2,3"
12,7.875,0.0,0.0,0.8822007017543859,0.00410581639104771,1.3725187719298244,0.00744788501504245,3,"1,2,3"
12,8.125,0.0,0.0,0.8562503859649123,0.004311692450348889,1.3729868421052631,0.007888584702323176,3,"1,2,3"
12,8.375,0.0,0.0,0.8663070175438596,0.005662291687705956,1.3767814035087718,0.007887392611234396,3,"1,2,3"
12,8.625,0.0,0.0,0.8954131052631579,0.007067924982527296,1.3833501754385964,0.008409026064878106,3,"1,2,3"
12,8.875,0.0,0.0,0.9322879122807018,0.006608846623723984,1.3919329824561404,0.008524886227712816,3,"1,2,3"
12,9.125,0.0,0.0,0.9712641228070177,0.0056183513369820375,1.4022775438596493,0.008525097274131126,3,"1,2,3"
12,9.375,0.0,0.0,1.0076066842105262,0.006438885440765178,1.4140345614035088,0.00841567835452496,3,"1,2,3"
12,9.625,0.0,0.0,1.0395289298245618,0.0066018058029802765,1.4263275438596492,0.008311635841774153,3,"1,2,3"
12,9.875,8.433359649122807e-05,0.00010628969579826185,1.0672750701754388,0.00656863181318587,1.440188947368421,0.008069889533455594,3,"1,2,3"
12,10.125,0.005505505210526315,0.00025172308422071696,1.0887912105263158,0.0071865334907753025,1.4544922807017544,0.00800322276191239,3,"1,2,3"
12,10.375,0.09108725614035086,0.005077461240250694,1.1061235087719299,0.0066758845829299855,1.4687119298245612,0.008095192927781925,3,"1,2,3"
12,10.625,0.6612255263157893,0.01059177823542225,1.1196135087719299,0.007567073719633254,1.48227,0.008495387309603133,3,"1,2,3"
12,10.875,2.4644657894736848,0.02639743369056597,1.129098947368421,0.007821454016759951,1.4898194736842107,0.008722275142215552,3,"1,2,3"
12,11.125,4.854134736842106,0.01870627761863224,1.1366745614035088,0.008005767315558587,1.4831873684210526,0.008825424658693801,3,"1,2,3"
12,11.375,5.8232105263157905,0.022708817845518047,1.1434450877192983,0.008006838217005636,1.4573807017543858,0.008734343178171948,3,"1,2,3"
12,11.625,5.12053298245614,0.008995453056117741,1.1494721052631578,0.007842396191471684,1.416232456140351,0.008518935796070298,3,"1,2,3"
12,11.875,3.888891754385965,0.03784694831838456,1.154360350877193,0.0077740705261398774,1.3696814035087719,0.008442450471278451,3,"1,2,3"
12,12.125,2.8174080701754387,0.029677178264735066,1.1598424561403509,0.008216270261771184,1.325861403508772,0.008290271020782811,3,"1,2,3"
12,12.375,2.1073615789473688,0.016888214798392354,1.166419298245614,0.007712333784118854,1.2898538596491227,0.008196179484428476,3,"1,2,3"
12,12.625,1.6407050877192983,0.023687665807734213,1.1743603508771931,0.00829031485939077,1.2635612280701756,0.008320913037804337,3,"1,2,3"
12,12.875,1.3731787719298245,0.03452906661413633,1.185704912280702,0.008538303997239495,1.2463199999999999,0.008142298481473348,3,"1,2,3"
12,13.125,1.1857734210526314,0.028866064954501947,1.1993145614035088,0.009024753486946584,1.237151754385965,0.008130710955017426,3,"1,2,3"
12,13.375,1.0864147719298247,0.0322723014007306,1.2148794736842106,0.008661228995893142,1.234054210526316,0.007848699699988986,3,"1,2,3"
12,13.625,1.0218262807017544,0.027510401726391267,1.233944736842105,0.008599397528769167,1.2354480701754387,0.007863155550075288,3,"1,2,3"
12,13.875,0.9817402631578948,0.011888098495293296,1.2546049122807017,0.009285151296304169,1.2398443859649124,0.007628296660560668,3,"1,2,3"
12,14.125,0.9455930175438597,0.01524807729497712,1.277074385964912,0.009541031866289932,1.2460200000000001,0.007471934561690329,3,"1,2,3"
12,14.375,0.9327002982456141,0.023025010205566642,1.300945614035088,0.009259439009602483,1.2532798245614034,0.007397585670052509,3,"1,2,3"
12,14.625,0.9159251228070175,0.024123734696191192,1.3260821052631577,0.008656239558096959,1.26053649122807,0.007258749874350457,3,"1,2,3"
12,14.875,0.9110532105263157,0.010650238952837506,1.3500498245614037,0.008431649925598044,1.2672324561403507,0.007268559043538453,3,"1,2,3"
12,15.125,0.9140829298245615,0.007903168732564816,1.3744205263157896,0.0081476645646348,1.2733726315789473,0.00704790725505801,3,"1,2,3"
12,15.375,0.9094950701754386,0.004064539440230368,1.3983224561403507,0.007966878484417338,1.27868,0.006959019191460097,3,"1,2,3"
12,15.625,0.9019130350877193,0.005811958543345933,1.4207256140350877,0.007371527995761974,1.282885087719298,0.006869979675722834,3,"1,2,3"
12,15.875,0.8938155263157895,0.007699493300712668,1.443447543859649,0.008407896305447948,1.2863338596491227,0.0068701481505827515,3,"1,2,3"
12,16.125,0.9058674561403507,0.00996481399478962,1.463563859649123,0.00839522033842021,1.2888187719298247,0.00675540797462771,3,"1,2,3"
12,16.375,0.9093627368421052,0.014807021902448128,1.4761829824561403,0.008435884551644065,1.2903377192982457,0.006815426656106722,3,"1,2,3"
12,16.625,0.928533350877193,0.009205769017961815,1.4752501754385967,0.008043050031000103,1.2904463157894739,0.006733858275616081,3,"1,2,3"
12,16.875,0.9286991929824562,0.016743349176219485,1.4545698245614034,0.007690788416650512,1.2891222807017544,0.006667023245311497,3,"1,2,3"
12,17.125,0.9415049298245615,0.01623340400873084,1.4163580701754386,0.007286894462102066,1.286659649122807,0.006556002209718795,3,"1,2,3"
12,17.375,0.9493849122807019,0.010938954034843887,1.3685185964912279,0.007360047702650284,1.2837480701754387,0.00644784379677256,3,"1,2,3"
12,17.625,0.9736706315789476,0.013864419337232899,1.319911929824561,0.007502517476328177,1.2809819298245613,0.006341044161554839,3,"1,2,3"
12,17.875,1.0076788771929825,0.0023610417361885996,1.2765312280701753,0.0072943632006450656,1.2790335087719298,0.0063615213360355355,3,"1,2,3"
12,18.125,1.0546857543859647,0.00524149307517664,1.2417980701754388,0.008014304677924763,1.2781805263157893,0.006144457238463653,3,"1,2,3"
12,18.375,1.1049222631578948,0.007110619209724734,1.2162031578947368,0.0075499882531263095,1.2784177192982453,0.005792698134499999,3,"1,2,3"
12,18.625,1.168989298245614,0.004276616320523696,1.1997950877192982,0.00730732814150015,1.2797019298245613,0.00566562799671037,3,"1,2,3"
12,18.875,1.2408612280701754,0.010408033310970868,1.1906666666666668,0.006925906433983089,1.2819263157894738,0.005420667606834664,3,"1,2,3"
12,19.125,1.2840773684210525,0.010586317856637932,1.1871622807017543,0.006506268322577884,1.2845814035087721,0.005422305158203892,3,"1,2,3"
12,19.375,1.32155350877193,0.008155473328625006,1.1866912280701756,0.0057751584475124575,1.2872324561403508,0.005326575930359963,3,"1,2,3"
12,19.625,1.3554371929824562,0.005974322175275203,1.1889812280701755,0.005817503063154605,1.2897577192982457,0.005446911063660471,3,"1,2,3"
12,19.875,1.3883219298245615,0.008508634746588044,1.1931754385964914,0.006054047253713796,1.2919184210526315,0.005296717131680329,3,"1,2,3"
12,20.125,1.4065968421052633,0.02938094742605852,1.1977184210526317,0.0062588378289848475,1.2936207017543861,0.005366603998188671,3,"1,2,3"
12,20.375,1.4084475438596493,0.019944810706424603,1.2014570175438595,0.006717962475444774,1.2947987719298248,0.005421079821654479,3,"1,2,3"
12,20.625,1.4387722807017542,0.01590657834922181,1.2050843859649125,0.007057555290100184,1.2954947368421053,0.005481695773237021,3,"1,2,3"
12,20.875,1.449613684210526,0.01999340057785734,1.207712456140351,0.006791439798736145,1.2956150877192982,0.005395314925524035,3,"1,2,3"
12,21.125,1.4809171929824563,0.021674203811556332,1.2096784210526315,0.007008277377541043,1.2951385964912283,0.00541435004370931,3,"1,2,3"
12,21.375,1.4942349122807015,0.01728622897980525,1.210953157894737,0.007202659032439334,1.2940405263157897,0.005356489027329983,3,"1,2,3"
12,21.625,1.5007315789473683,0.015290897533121574,1.2124017543859649,0.006918785504649118,1.292318245614035,0.005245675972174553,3,"1,2,3"
12,21.875,1.5191857894736842,0.00981001253266496,1.2130936842105262,0.0065814987193215085,1.2901729824561403,0.005228463549312294,3,"1,2,3"
12,22.125,1.5284645614035088,0.0015914732591227434,1.2132450877192984,0.006383697905879143,1.2875256140350875,0.005138208642889582,3,"1,2,3"
12,22.375,1.5150598245614038,0.010224885737008105,1.2143643859649125,0.0056551938773210094,1.2847598245614036,0.005053242385107563,3,"1,2,3"
12,22.625,1.4943608771929824,0.004379559343482919,1.216045614035088,0.005144039129488747,1.2817771929824562,0.005048838201993073,3,"1,2,3"
12,22.875,1.4312466666666668,0.008155900541016945,1.218690701754386,0.00476191893033106,1.2792354385964912,0.005060054239566469,3,"1,2,3"
12,23.125,1.3706270175438597,0.013446326215893081,1.223237543859649,0.004715296894961275,1.2771466666666667,0.005157788583464286,3,"1,2,3"
12,23.375,1.2978991228070178,0.013816060296983592,1.2309310526315789,0.004931926086379944,1.275731754385965,0.005130396918894179,3,"1,2,3"
12,23.625,1.247921929824561,0.009499995639143248,1.2427024561403508,0.005426076131541851,1.2752557894736842,0.005139016149090014,3,"1,2,3"
12,23.875,1.2007450877192982,0.00815354931616993,1.2597538596491227,0.005586787082445937,1.2760196491228069,0.005181808746935078,3,"1,2,3"
12,24.125,1.1640536842105262,0.01779220848386045,1.2838984210526314,0.0062621958276281595,1.2778026315789475,0.005233321553115325,3,"1,2,3"
12,24.375,1.1418612280701754,0.024633891964173153,1.30924,0.0068235168686054965,1.2801182456140352,0.005248946538695393,3,"1,2,3"
12,24.625,1.125918701754386,0.016262470995846198,1.328632456140351,0.0069534989476269776,1.2824429824561403,0.005164410605641567,3,"1,2,3"
12,24.875,1.1165288421052633,0.014081958367450489,1.3356917543859648,0.007014750601981597,1.284186140350877,0.005144467957855886,3,"1,2,3"
12,0.125,0.0,0.0,0.0,0.0,0.0,0.0,3,"1,2,3"
12,0.375,0.0,0.0,0.0,0.0,0.0,0.0,3,"1,2,3"
12,0.625,0.0,0.0,0.0,0.0,0.0,0.0,3,"1,2,3"
12,0.875,0.0,0.0,0.0,0.0,0.0919576842105263,0.00013565019485694513,3,"1,2,3"
12,1.125,0.0,0.0,0.0,0.0,2.599148947368421,0.005604499791525503,3,"1,2,3"
12,1.375,0.0,0.0,0.0,0.0,4.207571929824561,0.003451804600717885,3,"1,2,3"
12,1.625,0.0,0.0,0.0,0.0,5.423771403508771,0.002054821878333312,3,"1,2,3"
12,1.875,0.0,0.0,0.0,0.0,2.684005789473685,0.0022347782842344634,3,"1,2,3"
12,2.125,0.0,0.0,0.0,0.0,1.3925084210526315,0.0037375138264567342,3,"1,2,3"
12,2.375,0.0,0.0,0.0,0.0,1.3564940350877197,0.0033220111590670565,3,"1,2,3"
12,2.625,0.0,0.0,0.0,0.0,1.155658596491228,0.003888241557168843,3,"1,2,3"
12,2.875,0.0,0.0,0.0,0.0,1.0934694736842105,0.004261459202398085,3,"1,2,3"
12,3.125,0.0,0.0,0.0,0.0,1.2289435087719298,0.003953453422942343,3,"1,2,3"
12,3.375,0.0,0.0,0.0,0.0,1.3357871929824565,0.004301553099094107,3,"1,2,3"
12,3.625,0.0,0.0,0.0,0.0,1.4099333333333333,0.003671826412404728,3,"1,2,3"
12,3.875,0.0,0.0,0.0,0.0,1.4533501754385965,0.003201392250609064,3,"1,2,3"
12,4.125,0.0,0.0,0.0,0.0,1.4712500000000002,0.0037245409342388947,3,"1,2,3"
12,4.375,0.0,0.0,0.0,0.0,1.4699696491228071,0.003959597485846547,3,"1,2,3"
12,4.625,0.0,0.0,1.1255778947368421e-05,9.155483965910603e-07,1.4558535087719295,0.0036861192382333604,3,"1,2,3"
12,4.875,0.0,0.0,0.02329663859649123,0.00011455315485738879,1.4364485964912284,0.004162580400723809,3,"1,2,3"
12,5.125,0.0,0.0,0.8415335614035087,0.0028137817302930856,1.4659352631578946,0.003883714583467239,3,"1,2,3"
12,5.375,0.0,0.0,4.099507719298246,0.0027520570442413385,1.6542671929824564,0.0037483470369467785,3,"1,2,3"
12,5.625,0.0,0.0,7.013367543859649,0.007405221340962708,1.8224763157894739,0.003553415456080207,3,"1,2,3"
12,5.875,0.0,0.0,7.123491403508773,0.014054656206955979,1.813040350877193,0.0035136098226527562,3,"1,2,3"
12,6.125,0.0,0.0,5.606120175438597,0.01256628191803218,1.7013226315789476,0.003368429797137868,3,"1,2,3"
12,6.375,0.0,0.0,3.9347015789473683,0.010150795801397392,1.5835184210526316,0.0027038479129701475,3,"1,2,3"
12,6.625,0.0,0.0,2.7295485964912287,0.0081871089845047,1.4986071929824563,0.002925544052387783,3,"1,2,3"
12,6.875,0.0,0.0,1.9344987719298243,0.005506023467898976,1.4427908771929825,0.00286805342351504,3,"1,2,3"
12,7.125,0.0,0.0,1.4369422807017544,0.003543665549661129,1.4075743859649126,0.003119069111233869,3,"1,2,3"
12,7.375,0.0,0.0,1.137101754385965,0.0027755256157761463,1.386919298245614,0.0039379355441203495,3,"1,2,3"
12,7.625,0.0,0.0,0.9673038596491228,0.004618768173356632,1.3756017543859649,0.004280778321144353,3,"1,2,3"
12,7.875,0.0,0.0,0.8832802631578947,0.004547320013346972,1.371048596491228,0.004407092628425034,3,"1,2,3"
12,8.125,0.0,0.0,0.8574093157894737,0.005849803849731358,1.371771052631579,0.004695352410276889,3,"1,2,3"
12,8.375,0.0,0.0,0.8660097894736841,0.005889682297702335,1.375888947368421,0.004934226835060656,3,"1,2,3"
12,8.625,0.0,0.0,0.8941441929824562,0.005701627145300855,1.3824152631578948,0.005132442374504143,3,"1,2,3"
12,8.875,0.0,0.0,0.9317429824561403,0.0067935430851463275,1.3913171929824564,0.00545642705288375,3,"1,2,3"
12,9.125,0.0,0.0,0.9705104912280702,0.0056979893773409646,1.401794561403509,0.00551351607651671,3,"1,2,3"
12,9.375,0.0,0.0,1.008242052631579,0.005408833852124509,1.4135282456140352,0.005597863814521939,3,"1,2,3"
12,9.625,0.0,0.0,1.0412758947368423,0.005252966027217529,1.4263891228070176,0.005940726711149914,3,"1,2,3"
12,9.875,0.00012181508771929824,9.020267928913615e-05,1.0683978947368422,0.004904740997921794,1.440066842105263,0.00603766278702473,3,"1,2,3"
12,10.125,0.004970700315789473,0.0001748685919396787,1.0900785614035087,0.0052981688994098,1.454463157894737,0.006465767060061394,3,"1,2,3"
12,10.375,0.08795760877192982,0.004353510462143742,1.1070570175438597,0.0051933810480031695,1.4689173684210528,0.0069319433225573,3,"1,2,3"
12,10.625,0.6671451228070174,0.01665758759320698,1.1198687719298244,0.007300288694291961,1.4824635087719298,0.007337558742384102,3,"1,2,3"
12,10.875,2.4629000000000008,0.004014550819525032,1.1294817543859648,0.007655924920988644,1.4898610526315788,0.007659111243581121,3,"1,2,3"
12,11.125,4.87888807017544,0.03993543458647895,1.1367489473684211,0.00840765646094566,1.4832449122807017,0.00803555803036353,3,"1,2,3"
12,11.375,5.821774736842106,0.01790080720568063,1.1418064912280699,0.009057405558146919,1.4576180701754387,0.008235491704037083,3,"1,2,3"
12,11.625,5.164770175438597,0.0646957461475689,1.1465038596491228,0.009429201771355653,1.416331754385965,0.008239010435220876,3,"1,2,3"
12,11.875,3.852716315789475,0.0395397243568553,1.1516764912280701,0.00925491914652661,1.3694549122807018,0.008149297363718725,3,"1,2,3"
12,12.125,2.8163533333333333,0.043472339264555876,1.1578449122807017,0.009189193504031783,1.325701403508772,0.008152780030285505,3,"1,2,3"
12,12.375,2.096781929824562,0.00981249333052753,1.1644464912280703,0.009407370887963309,1.2897666666666667,0.00798872088464295,3,"1,2,3"
12,12.625,1.6407147368421053,0.031209434473964317,1.1728292982456139,0.008902700580379175,1.2634378947368423,0.008024489973523608,3,"1,2,3"
12,12.875,1.3625961403508773,0.037475529664132375,1.1838222807017544,0.009069735467288799,1.246352807017544,0.008267306192311879,3,"1,2,3"
12,13.125,1.1798888070175437,0.015291596461106874,1.1973877192982456,0.008066341297437456,1.2369124561403506,0.008107759633002387,3,"1,2,3"
12,13.375,1.0696781228070176,0.012059388744490281,1.2139308771929826,0.007752854802390627,1.2339782456140351,0.008317240039300658,3,"1,2,3"
12,13.625,1.0212337192982455,0.006091668717841431,1.23329350877193,0.007945536321103744,1.23557350877193,0.008221641198390901,3,"1,2,3"
12,13.875,0.9607381228070176,0.01367693360802919,1.2544854385964912,0.008125673371722453,1.2400636842105264,0.00831404459819615,3,"1,2,3"
12,14.125,0.9406313859649124,0.025614513144890022,1.2784712280701753,0.007074976598903708,1.246482807017544,0.008347061744475236,3,"1,2,3"
12,14.375,0.9317316666666667,0.008543215940411018,1.3036731578947365,0.0067202450709391145,1.2536991228070178,0.008293136504420253,3,"1,2,3"
12,14.625,0.9295080350877193,0.020412282709564945,1.3287194736842105,0.007075583639614775,1.2607905263157895,0.008319187746681788,3,"1,2,3"
12,14.875,0.9129801052631578,0.031329141732886596,1.3535536842105262,0.007869962848416453,1.2674926315789474,0.008309108086490559,3,"1,2,3"
12,15.125,0.9075681578947369,0.02064537093615442,1.377751403508772,0.008262989844456383,1.2734471929824562,0.00820216101440639,3,"1,2,3"
12,15.375,0.8947633508771929,0.019622137194318014,1.4009484210526315,0.008643016245765122,1.2785484210526314,0.008124762748152067,3,"1,2,3"
12,15.625,0.8968374210526315,0.013169829208020149,1.4237912280701754,0.009487228255355681,1.2827549122807016,0.007880096839041667,3,"1,2,3"
12,15.875,0.8962545789473685,0.017247031303634763,1.4460068421052634,0.009030969226545834,1.2860133333333335,0.007704438172848735,3,"1,2,3"
12,16.125,0.9091955789473684,0.027830767527419767,1.4648038596491224,0.010068654781573021,1.2884019298245615,0.0076216876774930315,3,"1,2,3"
12,16.375,0.9106246842105264,0.026867704633505914,1.477387192982456,0.010457377425937175,1.2898917543859652,0.007616279223008526,3,"1,2,3"
12,16.625,0.9102668070175438,0.021212680717730557,1.4760849122807018,0.009501124094775649,1.290138245614035,0.007565305611783977,3,"1,2,3"
12,16.875,0.9321082807017543,0.01642544272604815,1.4552229824561402,0.00964513394106847,1.289045087719298,0.007543802068323477,3,"1,2,3"
12,17.125,0.954403,0.011834366812165164,1.4163380701754387,0.008783219272099314,1.286618245614035,0.0075024657606680735,3,"1,2,3"
12,17.375,0.9630976666666666,0.0075740205260823165,1.367088245614035,0.006910073371846939,1.2838859649122807,0.007280061240056504,3,"1,2,3"
12,17.625,0.9891115964912279,0.01647259080281088,1.3179933333333331,0.006148883139709605,1.2813457894736842,0.007008123831001836,3,"1,2,3"
12,17.875,1.0244242631578946,0.015685865217024107,1.2750391228070175,0.006232914528126452,1.2796145614035088,0.006645345976364497,3,"1,2,3"
12,18.125,1.0698020877192984,0.011478153263259407,1.2408243859649124,0.005730223146609784,1.2790226315789475,0.006458341010331136,3,"1,2,3"
12,18.375,1.110174859649123,0.011611798507573613,1.2157603508771933,0.005802984813743595,1.2794170175438595,0.006187047625939279,3,"1,2,3"
12,18.625,1.1746638596491228,0.014461492104672386,1.199855438596491,0.005385127793679906,1.2807664912280698,0.00601948895984055,3,"1,2,3"
12,18.875,1.250712456140351,0.012855243181462623,1.1909110526315787,0.006548517541738732,1.282942807017544,0.005993965899834028,3,"1,2,3"
12,19.125,1.3070208771929825,0.022647330072961634,1.1872298245614035,0.006684650107569821,1.2856047368421055,0.006050032592267415,3,"1,2,3"
12,19.375,1.3385922807017545,0.01757656187372004,1.1868140350877192,0.007184869828154327,1.288264385964912,0.00612598088451772,3,"1,2,3"
12,19.625,1.3728200000000002,0.01922033143186861,1.189467894736842,0.007287058780429695,1.2907375438596491,0.006062418941527703,3,"1,2,3"
12,19.875,1.3983833333333333,0.01637050923856885,1.193049649122807,0.0071865204477902095,1.2929177192982457,0.006180813629715007,3,"1,2,3"
12,20.125,1.4148356140350875,0.0124301858952793,1.1969426315789473,0.006744426500995559,1.2945326315789474,0.006232103877843282,3,"1,2,3"
12,20.375,1.4240894736842105,0.01631725514639215,1.2006814035087718,0.006819239543164767,1.2957054385964912,0.0062237812808471895,3,"1,2,3"
12,20.625,1.4168671929824563,0.015537972646628487,1.2038605263157895,0.006460629298496639,1.2962607017543857,0.006111349119291257,3,"1,2,3"
12,20.875,1.4281945614035088,0.015497587941671614,1.207248245614035,0.006112811128715838,1.2962340350877193,0.0061509117601934345,3,"1,2,3"
12,21.125,1.4528184210526316,0.01673007342442656,1.209393333333333,0.006036379864732194,1.2956824561403508,0.006194348977011258,3,"1,2,3"
12,21.375,1.4709036842105263,0.030107859880648947,1.2114059649122806,0.0062848070675943874,1.294550350877193,0.0062640086748313156,3,"1,2,3"
12,21.625,1.4946645614035088,0.014469441587649947,1.2124159649122805,0.006206086880930157,1.2927333333333335,0.00617155962206217,3,"1,2,3"
12,21.875,1.5178298245614037,0.0043827635263653025,1.2131663157894739,0.006314896881370512,1.2905673684210528,0.005973632367036973,3,"1,2,3"
12,22.125,1.523251052631579,0.005069813548670501,1.2148045614035088,0.0066636932981497705,1.2880626315789474,0.0058807002679727854,3,"1,2,3"
12,22.375,1.5162854385964912,0.014754507747166173,1.2158461403508773,0.006564324610114073,1.285068245614035,0.005750883866923816,3,"1,2,3"
12,22.625,1.479519649122807,0.03055091168930489,1.2175789473684209,0.0067954149035886115,1.2821898245614036,0.005665234901409624,3,"1,2,3"
12,22.875,1.4198112280701756,0.016105465182389176,1.2204692982456142,0.007088285295274602,1.2794412280701755,0.005485908689729302,3,"1,2,3"
12,23.125,1.3582563157894738,0.012833350992301274,1.226042456140351,0.007059867580589945,1.2773640350877193,0.0054182211023380365,3,"1,2,3"
12,23.375,1.3026196491228068,0.010072760836279143,1.2336861403508772,0.006895173018657066,1.276008947368421,0.005311252415020935,3,"1,2,3"
12,23.625,1.244267894736842,0.021088986982067764,1.2453768421052633,0.0074839652166969,1.2756410526315791,0.0052422798709735804,3,"1,2,3"
12,23.875,1.1920505263157894,0.01872095131884472,1.2624319298245614,0.007581163252253006,1.2762131578947369,0.005219317853420257,3,"1,2,3"
12,24.125,1.1661920701754387,0.017986241291385464,1.2860314035087719,0.007519475757415403,1.277837192982456,0.005251963205610121,3,"1,2,3"
12,24.375,1.1410238771929826,0.016696088495997127,1.3120670175438596,0.007518345249921137,1.2801749122807018,0.005182993397658458,3,"1,2,3"
12,24.625,1.1282033157894737,0.02493028877391672,1.3310424561403507,0.007399657728768673,1.2824485964912282,0.00516739065609302,3,"1,2,3"
12,24.875,1.1262131754385967,0.016992691937973238,1.3369349122807017,0.007640148344647899,1.2840836842105263,0.005354728685773572,3,"1,2,3"
12,0.125,0.0,0.0,0.0,0.0,0.0,0.0,3,"1,2,3"
12,0.375,0.0,0.0,0.0,0.0,0.0,0.0,3,"1,2,3"
12,0.625,0.0,0.0,0.0,0.0,0.0,0.0,3,"1,2,3"
12,0.875,0.0,0.0,0.0,0.0,0.09148483508771928,0.0007852557138814334,3,"1,2,3"
12,1.125,0.0,0.0,0.0,0.0,2.598883333333333,0.005681570314927407,3,"1,2,3"
12,1.375,0.0,0.0,0.0,0.0,4.207839824561403,0.005439675970968222,3,"1,2,3"
12,1.625,0.0,0.0,0.0,0.0,5.424903859649123,0.0033304544077374745,3,"1,2,3"
12,1.875,0.0,0.0,0.0,0.0,2.6857570175438603,0.0013032458472525964,3,"1,2,3"
12,2.125,0.0,0.0,0.0,0.0,1.3942933333333334,0.0036505740788204556,3,"1,2,3"
12,2.375,0.0,0.0,0.0,0.0,1.3576052631578948,0.0024793450345917513,3,"1,2,3"
12,2.625,0.0,0.0,0.0,0.0,1.157155263157895,0.0026804327388669446,3,"1,2,3"
12,2.875,0.0,0.0,0.0,0.0,1.0957084210526318,0.004403777338563377,3,"1,2,3"
12,3.125,0.0,0.0,0.0,0.0,1.2321126315789472,0.0049929559430199055,3,"1,2,3"
12,3.375,0.0,0.0,0.0,0.0,1.3391198245614035,0.005760382033302349,3,"1,2,3"
12,3.625,0.0,0.0,0.0,0.0,1.413218947368421,0.006686915421762517,3,"1,2,3"
12,3.875,0.0,0.0,0.0,0.0,1.456471228070175,0.006813076779596611,3,"1,2,3"
12,4.125,0.0,0.0,0.0,0.0,1.4745187719298247,0.00727521394954797,3,"1,2,3"
12,4.375,0.0,0.0,0.0,0.0,1.47337,0.007451823489245158,3,"1,2,3"
12,4.625,0.0,0.0,1.1011085964912279e-05,2.612584924991415e-06,1.4597415789473687,0.006839482628265614,3,"1,2,3"
12,4.875,0.0,0.0,0.023422405263157895,4.375918507987788e-05,1.440110701754386,0.007197673476755762,3,"1,2,3"
12,5.125,0.0,0.0,0.8410168245614035,0.002618140154670534,1.469694210526316,0.0073236818591570964,3,"1,2,3"
12,5.375,0.0,0.0,4.098324385964912,0.011145845673486112,1.6579987719298244,0.007727901378167158,3,"1,2,3"
12,5.625,0.0,0.0,6.997563684210527,0.015833212827455603,1.8252482456140353,0.007796256427370669,3,"1,2,3"
12,5.875,0.0,0.0,7.108300877192982,0.025685060804638463,1.815459298245614,0.008290371038406335,3,"1,2,3"
12,6.125,0.0,0.0,5.603564561403509,0.02795229038606672,1.7041585964912283,0.008311001201206075,3,"1,2,3"
12,6.375,0.0,0.0,3.9354196491228066,0.023768701116919984,1.5857677192982453,0.0076171544907640085,3,"1,2,3"
12,6.625,0.0,0.0,2.732026666666666,0.014958224185745233,1.50056649122807,0.007185584115629998,3,"1,2,3"
12,6.875,0.0,0.0,1.938110877192983,0.010216430291038947,1.444164210526316,0.006656890306315812,3,"1,2,3"
12,7.125,0.0,0.0,1.4411892982456145,0.008053252416536946,1.4091182456140352,0.006839698582578436,3,"1,2,3"
12,7.375,0.0,0.0,1.1414719298245615,0.005102115729620032,1.3886498245614034,0.006799330806425307,3,"1,2,3"
12,7.625,0.0,0.0,0.9702766842105263,0.004629143632674257,1.3776152631578948,0.006903650338502683,3,"1,2,3"
12,7.875,0.0,0.0,0.8880982982456139,0.005164506952952873,1.3732057894736844,0.007225646089001872,3,"1,2,3"
12,8.125,0.0,0.0,0.8617700701754387,0.0039350563266926835,1.3734935087719295,0.007185431106817809,3,"1,2,3"
12,8.375,0.0,0.0,0.8702590877192984,0.0036262929514045274,1.3772945614035088,0.006991296928935018,3,"1,2,3"
12,8.625,0.0,0.0,0.8985407894736843,0.0042643139409391205,1.3838184210526316,0.007156264017030262,3,"1,2,3"
12,8.875,0.0,0.0,0.9341043859649124,0.003633756167167278,1.392428596491228,0.006931148987362006,3,"1,2,3"
12,9.125,0.0,0.0,0.9722226491228069,0.005207569603306704,1.4028380701754386,0.006967877759249037,3,"1,2,3"
12,9.375,0.0,0.0,1.008359614035088,0.005756034092764697,1.4142143859649121,0.0071243469815709375,3,"1,2,3"
12,9.625,0.0,0.0,1.0401308070175437,0.005920008322773359,1.4270419298245614,0.007047611467230775,3,"1,2,3"
12,9.875,4.3728421052631575e-05,6.184132611379274e-05,1.067051894736842,0.0060767783117411335,1.44094649122807,0.006963362322566382,3,"1,2,3"
12,10.125,0.005065775614035088,0.0010702331443364376,1.0899619298245613,0.006639812381697491,1.4555050877192983,0.0067295496486301076,3,"1,2,3"
12,10.375,0.0794657403508772,0.004881318096497467,1.10776350877193,0.0075570031279454,1.4701250877192982,0.0071301349005190254,3,"1,2,3"
12,10.625,0.659509596491228,0.0049122262874806534,1.1199559649122808,0.008102164825143815,1.4837801754385964,0.00731444153091689,3,"1,2,3"
12,10.875,2.4604245614035087,0.03504499111011844,1.1295654385964913,0.009102726655451348,1.4913099999999997,0.007325336985936243,3,"1,2,3"
12,11.125,4.823436315789473,0.06455229933758475,1.1373,0.009498620291510312,1.4847561403508773,0.007597415781831412,3,"1,2,3"
12,11.375,5.829439473684211,0.015131299591624238,1.14334,0.00981194240965642,1.4590959649122806,0.0075996256569777695,3,"1,2,3"
12,11.625,5.153157017543859,0.09180532521899659,1.1479447368421052,0.009505708709030796,1.4181819298245613,0.007265842147433484,3,"1,2,3"
12,11.875,3.8964407017543863,0.07083852222936679,1.1530507017543858,0.00949974606584202,1.3713878947368423,0.007161466033748765,3,"1,2,3"
12,12.125,2.810131754385965,0.04697429220567419,1.1581250877192983,0.009840224122068787,1.3274777192982457,0.006792997662010098,3,"1,2,3"
12,12.375,2.101241403508772,0.037996191504569905,1.1648843859649123,0.009072724756263953,1.291654385964912,0.006410033129032649,3,"1,2,3"
12,12.625,1.6401991228070176,0.014914630625991299,1.1723721052631577,0.009312147380026252,1.2653033333333334,0.006326845444934238,3,"1,2,3"
12,12.875,1.3719236842105265,0.013200895468940859,1.1835601754385967,0.008541891581391315,1.248149649122807,0.006297688774680791,3,"1,2,3"
12,13.125,1.1966917894736842,0.01505079524978575,1.1978959649122805,0.00863790925694288,1.2390187719298245,0.0059880518975587065,3,"1,2,3"
12,13.375,1.0848689649122807,0.017698146181061584,1.2145863157894736,0.008266335158515447,1.2361829824561406,0.006050089814635673,3,"1,2,3"
12,13.625,1.0183030526315788,0.009518195283422761,1.2346140350877193,0.007809447605243607,1.2376038596491228,0.005940109097575971,3,"1,2,3"
12,13.875,0.9797036666666665,0.005434589516767463,1.2557715789473685,0.007834982954336076,1.2419885964912283,0.006018665355060257,3,"1,2,3"
12,14.125,0.9586062807017545,0.01169420757107114,1.27930649122807,0.007247209828092126,1.24807350877193,0.005799577058692258,3,"1,2,3"
12,14.375,0.927822789473684,0.03696115155906915,1.3043070175438596,0.007428255920905583,1.255170350877193,0.006099457271669761,3,"1,2,3"
12,14.625,0.9058443157894737,0.03790803742908405,1.329332456140351,0.00829317220007189,1.2621749122807018,0.006062022087409798,3,"1,2,3"
12,14.875,0.9103180175438598,0.023816874867166916,1.3549808771929825,0.008797388749795227,1.2686028070175437,0.005996402281376519,3,"1,2,3"
12,15.125,0.9037374912280702,0.008261819933732623,1.3791845614035088,0.008721843438754383,1.274655789473684,0.005916987438796668,3,"1,2,3"
12,15.375,0.9030176666666666,0.014990153781162006,1.4032214035087718,0.008701363541731883,1.279720350877193,0.0059696851028979364,3,"1,2,3"
12,15.625,0.8954987719298245,0.02475603639945507,1.4263589473684208,0.008546711678598093,1.2837680701754386,0.005895443321281891,3,"1,2,3"
12,15.875,0.9035258947368421,0.018874857116077795,1.4474838596491229,0.008349175545337123,1.287098596491228,0.005910552160249338,3,"1,2,3"
12,16.125,0.9058710877192983,0.009168275941137623,1.4670371929824562,0.008164597386097483,1.2896873684210526,0.005784094646286015,3,"1,2,3"
12,16.375,0.9062172280701756,0.00788000033469884,1.4793921052631578,0.007883619259678886,1.2912452631578946,0.005765584540786471,3,"1,2,3"
12,16.625,0.9174412456140352,0.005232825841441443,1.4781838596491228,0.00726140091046608,1.291564736842105,0.005901770052339626,3,"1,2,3"
12,16.875,0.9263139298245614,0.011771413130789448,1.4563391228070177,0.006291346404499553,1.2904256140350878,0.0057382609276137204,3,"1,2,3"
12,17.125,0.9376279122807016,0.007300982181909582,1.4172103508771932,0.005522496731068433,1.2881191228070177,0.005567596286436516,3,"1,2,3"
12,17.375,0.9624624736842105,0.004623862094252727,1.3688119298245613,0.005051993459948197,1.285400350877193,0.005479628643511448,3,"1,2,3"
12,17.625,0.9821747192982455,0.01687853439559217,1.319187894736842,0.00420428399113519,1.282799649122807,0.005189673572416904,3,"1,2,3"
12,17.875,1.016929350877193,0.019499030361210073,1.2753998245614036,0.0038976497483862514,1.2809533333333334,0.005114573791253117,3,"1,2,3"
12,18.125,1.0498590350877193,0.010497653365031638,1.2407842105263158,0.004005532900062276,1.2801410526315788,0.004978721314552422,3,"1,2,3"
12,18.375,1.1068962105263156,0.011784447069940527,1.216263157894737,0.004604467560349585,1.2805336842105264,0.004894812468760995,3,"1,2,3"
12,18.625,1.1817477192982455,0.008316550846039534,1.2004777192982454,0.004401592453651228,1.2819659649122805,0.004770609182579964,3,"1,2,3"
12,18.875,1.260566842105263,0.010974093551202456,1.191192105263158,0.004642539244542841,1.2841354385964912,0.004729285831414996,3,"1,2,3"
12,19.125,1.3107731578947368,0.022685912273857016,1.1874624561403508,0.005161240972073125,1.2867182456140347,0.004786287051205294,3,"1,2,3"
12,19.375,1.3540989473684213,0.036604591255957296,1.187652807017544,0.005702979317813995,1.2895226315789474,0.004745655679682188,3,"1,2,3"
12,19.625,1.375217894736842,0.017648489021091913,1.1894752631578946,0.006067652025951605,1.2919154385964913,0.004902666004217334,3,"1,2,3"
12,19.875,1.404069649122807,0.016975400355693244,1.1927299999999998,0.00669950518424747,1.294024210526316,0.004966645701988967,3,"1,2,3"
12,20.125,1.415955789473684,0.025484602274574712,1.1962371929824565,0.00643368137361769,1.2956519298245615,0.004820931150950348,3,"1,2,3"
12,20.375,1.4359752631578948,0.02626977906200893,1.2000157894736845,0.006436211198298588,1.2966685964912281,0.004798847205623909,3,"1,2,3"
12,20.625,1.441176842105263,0.02576458143836943,1.2041657894736841,0.00636462649022797,1.2972747368421054,0.0047580159121347766,3,"1,2,3"
12,20.875,1.4450543859649123,0.012405435575794288,1.2068761403508768,0.005553611858814196,1.297191052631579,0.0044241679082644494,3,"1,2,3"
12,21.125,1.4599429824561405,0.011607308061342237,1.2093959649122807,0.0057523097024496225,1.2965326315789474,0.004304370022744984,3,"1,2,3"
12,21.375,1.472052807017544,0.02063070005437914,1.2112035087719297,0.00594105813864076,1.2951577192982457,0.004209262536948049,3,"1,2,3"
12,21.625,1.4851478947368422,0.01494941293158623,1.2125222807017544,0.0054024557928235625,1.2933068421052631,0.004033791683548054,3,"1,2,3"
12,21.875,1.5174929824561405,0.020627689972414032,1.213630701754386,0.00545075908262268,1.2910640350877192,0.003985737275745871,3,"1,2,3"
12,22.125,1.5154701754385964,0.007337282353995947,1.2144419298245615,0.006039882413006355,1.2884077192982457,0.0038921729193159525,3,"1,2,3"
12,22.375,1.4965157894736842,0.0021551469454348326,1.2156978947368424,0.0066142910137093015,1.285627543859649,0.0037428249939127005,3,"1,2,3"
12,22.625,1.455305438596491,0.007679146821518124,1.2178900000000001,0.006779415860459467,1.2828447368421052,0.0037230219112209363,3,"1,2,3"
12,22.875,1.4170433333333332,0.011680201543415128,1.221414736842105,0.007549885850922253,1.2803308771929824,0.0037104998464487777,3,"1,2,3"
12,23.125,1.3535589473684209,0.004330494481712098,1.2254252631578948,0.00782442465854869,1.2781782456140351,0.003836230195311291,3,"1,2,3"
12,23.375,1.297377543859649,0.008110568568184985,1.2335821052631577,0.007945007677723067,1.276927543859649,0.003915511811824405,3,"1,2,3"
12,23.625,1.2495236842105264,0.01074796152804379,1.2458622807017543,0.008148062941671823,1.2765622807017543,0.0041045654902752285,3,"1,2,3"
12,23.875,1.2027068421052631,0.0017248596768705117,1.264219649122807,0.008207471095228345,1.2772733333333333,0.004228664098927456,3,"1,2,3"
12,24.125,1.168781754385965,0.014777814473580654,1.2883315789473684,0.007865510216733061,1.2790214035087721,0.0043189347831170755,3,"1,2,3"
12,24.375,1.1474668421052634,0.01449403508984279,1.314627894736842,0.0076689863727370565,1.2812328070175438,0.004290808280882989,3,"1,2,3"
12,24.625,1.1307907017543861,0.0186043448014414,1.3336301754385964,0.007373400088861443,1.2834429824561402,0.004345638208291894,3,"1,2,3"
12,24.875,1.113087298245614,0.007869792088652775,1.3391008771929824,0.007639315163348831,1.2849687719298244,0.0042782125420124575,3,"1,2,3"
12,0.125,0.0,0.0,0.0,0.0,0.0,0.0,3,"1,2,3"
12,0.375,0.0,0.0,0.0,0.0,0.0,0.0,3,"1,2,3"
12,0.625,0.0,0.0,0.0,0.0,0.0,0.0,3,"1,2,3"
12,0.875,0.0,0.0,0.0,0.0,0.09193608596491226,0.000798473788059767,3,"1,2,3"
12,1.125,0.0,0.0,0.0,0.0,2.6025663157894736,0.005983722148288932,3,"1,2,3"
12,1.375,0.0,0.0,0.0,0.0,4.205280526315789,0.002130698496960461,3,"1,2,3"
12,1.625,0.0,0.0,0.0,0.0,5.4233650877193,0.0016414279042308029,3,"1,2,3"
12,1.875,0.0,0.0,0.0,0.0,2.6843685964912276,0.001402744726243758,3,"1,2,3"
12,2.125,0.0,0.0,0.0,0.0,1.3918831578947366,0.0007850666467818594,3,"1,2,3"
12,2.375,0.0,0.0,0.0,0.0,1.3553384210526316,0.0019421416817770416,3,"1,2,3"
12,2.625,0.0,0.0,0.0,0.0,1.154252105263158,0.0031190861234685363,3,"1,2,3"
12,2.875,0.0,0.0,0.0,0.0,1.0923992982456139,0.003813338410201378,3,"1,2,3"
12,3.125,0.0,0.0,0.0,0.0,1.2279970175438595,0.005093920213900533,3,"1,2,3"
12,3.375,0.0,0.0,0.0,0.0,1.3345754385964914,0.0073756016933240725,3,"1,2,3"
12,3.625,0.0,0.0,0.0,0.0,1.4087701754385964,0.007102098662863689,3,"1,2,3"
12,3.875,0.0,0.0,0.0,0.0,1.4520587719298244,0.007711961740925937,3,"1,2,3"
12,4.125,0.0,0.0,0.0,0.0,1.4700691228070175,0.008462491030868208,3,"1,2,3"
12,4.375,0.0,0.0,0.0,0.0,1.469778596491228,0.008366716700913079,3,"1,2,3"
12,4.625,0.0,0.0,8.808870175438597e-06,1.1987308605888304e-06,1.4558017543859647,0.008294375374318765,3,"1,2,3"
12,4.875,0.0,0.0,0.023517547368421054,0.00020685766166222993,1.436358596491228,0.008701846126426525,3,"1,2,3"
12,5.125,0.0,0.0,0.8426791403508771,0.0033232479830225363,1.4661259649122806,0.008260747869950165,3,"1,2,3"
12,5.375,0.0,0.0,4.097624912280702,0.009254561923994478,1.654188245614035,0.00830828678126654,3,"1,2,3"
12,5.625,0.0,0.0,6.998639122807018,0.01680734028368372,1.8217419298245616,0.008500087581248213,3,"1,2,3"
12,5.875,0.0,0.0,7.117311929824562,0.02614708105519602,1.8128959649122807,0.00872678365551394,3,"1,2,3"
12,6.125,0.0,0.0,5.6070199999999994,0.025295917717797402,1.7013677192982453,0.00835912145018222,3,"1,2,3"
12,6.375,0.0,0.0,3.937494035087719,0.02112609831413382,1.583054561403509,0.008024343494613503,3,"1,2,3"
12,6.625,0.0,0.0,2.7321847368421053,0.01618852101775811,1.4977908771929824,0.007436482656457022,3,"1,2,3"
12,6.875,0.0,0.0,1.9362645614035088,0.0129821431754595,1.4419570175438594,0.007156812796627725,3,"1,2,3"
12,7.125,0.0,0.0,1.4367333333333334,0.010338219164834773,1.4070796491228073,0.007454509741202978,3,"1,2,3"
12,7.375,0.0,0.0,1.1350871929824562,0.008833046490926182,1.386357894736842,0.007276123489734074,3,"1,2,3"
12,7.625,0.0,0.0,0.9625045964912281,0.007796467925020931,1.3756305263157895,0.007317497768491184,3,"1,2,3"
12,7.875,0.0,0.0,0.8779848070175439,0.0059372972206937855,1.371200701754386,0.007215893332756501,3,"1,2,3"
12,8.125,0.0,0.0,0.8521826666666666,0.004435392608815594,1.3716633333333332,0.007305395776304313,3,"1,2,3"
12,8.375,0.0,0.0,0.8622688421052631,0.004416369029362109,1.3760270175438596,0.006998767631043208,3,"1,2,3"
12,8.625,0.0,0.0,0.8912614736842105,0.004957795813815554,1.3828743859649124,0.006702018966945839,3,"1,2,3"
12,8.875,0.0,0.0,0.9290250701754387,0.004910119790309162,1.3917405263157894,0.006671941828001246,3,"1,2,3"
12,9.125,0.0,0.0,0.9694343508771931,0.006594352039337335,1.402709298245614,0.006520918231107655,3,"1,2,3"
12,9.375,0.0,0.0,1.0067153859649125,0.007098554834173289,1.4145350877192981,0.006115045434906881,3,"1,2,3"
12,9.625,0.0,0.0,1.039967052631579,0.007891642644988072,1.4275010526315788,0.006051236650852385,3,"1,2,3"
12,9.875,0.00014992626315789474,0.0001103427628404806,1.0667409473684213,0.008255056262136786,1.4411549122807017,0.006039379547993017,3,"1,2,3"
12,10.125,0.004712214736842105,0.0009052049080299518,1.0881501929824562,0.008638598846359114,1.4552549122807017,0.00599791201486078,3,"1,2,3"
12,10.375,0.08744261052631579,0.0032923818032729144,1.1055122807017543,0.00810893439678735,1.469830350877193,0.006262508374596296,3,"1,2,3"
12,10.625,0.6689204736842106,0.04279051449399887,1.118569298245614,0.008806043215133839,1.4831280701754386,0.006331632998169897,3,"1,2,3"
12,10.875,2.4650245614035087,0.05078629675425909,1.1286119298245614,0.009003687972536766,1.4904222807017542,0.006646060967019903,3,"1,2,3"
12,11.125,4.8358761403508765,0.021790792782909955,1.1359338596491229,0.008950937165822648,1.4839582456140352,0.006702156132901789,3,"1,2,3"
12,11.375,5.800131578947368,0.06789509365199296,1.1414821052631579,0.008697569183127515,1.4583378947368422,0.0068220452629481725,3,"1,2,3"
12,11.625,5.114816140350877,0.09362655251276833,1.1452729824561405,0.00882552959008125,1.4173077192982457,0.006697682849729027,3,"1,2,3"
12,11.875,3.8772082456140353,0.04839599734357909,1.1509864912280703,0.008610908629754457,1.3705894736842108,0.006463820141510028,3,"1,2,3"
12,12.125,2.8261019298245613,0.03514407134573433,1.156707894736842,0.00770194479643143,1.3269368421052634,0.006072982962954076,3,"1,2,3"
12,12.375,2.097054561403509,0.00999363979949162,1.1636080701754388,0.008358578260234792,1.2907556140350875,0.005684322437711443,3,"1,2,3"
12,12.625,1.6378687719298248,0.012295111898969592,1.1721766666666666,0.007368033603013209,1.2642757894736842,0.0055544273474314515,3,"1,2,3"
12,12.875,1.3315557894736842,0.015468684602256894,1.183598596491228,0.006699362386569256,1.2470454385964913,0.00513080421202301,3,"1,2,3"
12,13.125,1.1579336666666666,0.010666274210837726,1.1976150877192981,0.0072550447992052024,1.2377956140350876,0.0050388494475426945,3,"1,2,3"
12,13.375,1.05844350877193,0.00829308174436449,1.2151312280701756,0.005918444093366352,1.2348531578947368,0.004920282630442636,3,"1,2,3"
12,13.625,1.0077646666666664,0.014204292085418681,1.2344638596491229,0.006763209834374011,1.2366399999999997,0.004930111354584577,3,"1,2,3"
12,13.875,0.9862822631578947,0.01675064750926625,1.2572292982456144,0.007171886342436974,1.2412124561403508,0.005044342512356202,3,"1,2,3"
12,14.125,0.953992701754386,0.01647607273538738,1.2805205263157895,0.007411029301610263,1.2476517543859649,0.004933304091401167,3,"1,2,3"
12,14.375,0.9264048421052631,0.007281225648832431,1.304724736842105,0.008614551572753534,1.2549135087719299,0.004994669223533135,3,"1,2,3"
12,14.625,0.9223789122807018,0.010695920262723613,1.3298945614035087,0.008960086578419322,1.261944736842105,0.0050547699605074685,3,"1,2,3"
12,14.875,0.9123266491228071,0.008858354120988973,1.3554643859649123,0.008101203794744227,1.2687917543859648,0.005049452331882841,3,"1,2,3"
12,15.125,0.9087131403508772,0.024852750905527157,1.3796877192982455,0.008325814491677876,1.274787543859649,0.005071653472418335,3,"1,2,3"
12,15.375,0.9259065614035088,0.025668711561235624,1.4022873684210528,0.00753901271056409,1.2798471929824562,0.005069618272063369,3,"1,2,3"
12,15.625,0.927189701754386,0.015772433036466332,1.424587543859649,0.007624710306875587,1.2840512280701752,0.005023335395117738,3,"1,2,3"
12,15.875,0.9287634912280701,0.021416261237590856,1.4456280701754383,0.007858722830754762,1.2873501754385963,0.004967371736007136,3,"1,2,3"
12,16.125,0.9187701929824562,0.0036187755366607613,1.4641747368421052,0.007833478983341831,1.2899031578947369,0.004892068335034306,3,"1,2,3"
12,16.375,0.9166666666666669,0.015469172735109239,1.47574298245614,0.008178225185815423,1.2914042105263157,0.004992168511284526,3,"1,2,3"
12,16.625,0.9053704912280702,0.018806373781745215,1.4737980701754385,0.007787540470552243,1.2916243859649121,0.004888172854612605,3,"1,2,3"
12,16.875,0.9171418070175439,0.008128610894461773,1.4531577192982457,0.007649320217153049,1.2904631578947368,0.004809231677300157,3,"1,2,3"
12,17.125,0.9299574561403509,0.009690608239258477,1.4155403508771933,0.008239620408442576,1.288110701754386,0.00473724726012585,3,"1,2,3"
12,17.375,0.9528820877192983,0.007876492112882997,1.3668633333333335,0.007061656785258519,1.285248947368421,0.004631473742824234,3,"1,2,3"
12,17.625,0.9866990000000001,0.011439099685385612,1.3183312280701756,0.006088137904612849,1.2826517543859648,0.0045427000145940285,3,"1,2,3"
12,17.875,1.0084189122807017,0.019869808275788325,1.274918596491228,0.0055581878300798955,1.2806591228070177,0.0043080071968373415,3,"1,2,3"
12,18.125,1.0381893333333334,0.024542490245120174,1.240628596491228,0.004805527314146272,1.279832456140351,0.004092563111597297,3,"1,2,3"
12,18.375,1.0988933333333335,0.01971005661470829,1.2157784210526315,0.004483065272581476,1.2802407017543862,0.004087925271521673,3,"1,2,3"
12,18.625,1.175499684210526,0.016665833274159002,1.2003350877192982,0.004350506584385466,1.2817171929824562,0.004001259481614803,3,"1,2,3"
12,18.875,1.253489649122807,0.01620806142876287,1.1917722807017546,0.004574387270238773,1.2839912280701755,0.004066013048604179,3,"1,2,3"
12,19.125,1.3128840350877196,0.02062949302171579,1.1885505263157892,0.004837924281893989,1.2867156140350877,0.004131336551909031,3,"1,2,3"
12,19.375,1.3502842105263158,0.027119159139406,1.188892105263158,0.005082037838038703,1.2894022807017544,0.004037903914276681,3,"1,2,3"
12,19.625,1.3865501754385965,0.008214934245622267,1.1912436842105265,0.005843520849517512,1.292053859649123,0.00414831795910257,3,"1,2,3"
12,19.875,1.4113215789473683,0.016473241919963695,1.1945673684210527,0.006369078449467779,1.2942659649122807,0.004293558755115268,3,"1,2,3"
12,20.125,1.422408947368421,0.014252824067735134,1.1983461403508773,0.006404224603104276,1.2960215789473681,0.0041362390301897915,3,"1,2,3"
12,20.375,1.4326519298245612,0.006160652948530062,1.20236701754386,0.006880736989630492,1.297164210526316,0.004074612048105481,3,"1,2,3"
12,20.625,1.4372882456140352,0.0033832254803164417,1.2056226315789473,0.007439897101622614,1.2976436842105263,0.004094476404471961,3,"1,2,3"
12,20.875,1.4420980701754387,0.013311009892732324,1.2080831578947366,0.007016952812829127,1.2975377192982458,0.00400454290347895,3,"1,2,3"
12,21.125,1.448954210526316,0.008624241843108128,1.2104684210526317,0.00684007509691863,1.296823684210526,0.0039695545172674625,3,"1,2,3"
12,21.375,1.4626122807017543,0.010164966698617075,1.210971754385965,0.006880133058438054,1.295387543859649,0.003999177531632726,3,"1,2,3"
12,21.625,1.4878678947368422,0.015466294589484357,1.2117098245614033,0.006395746311678591,1.2934412280701755,0.004085865945333599,3,"1,2,3"
12,21.875,1.4980573684210527,0.012930549823740341,1.2120300000000002,0.006665223052377871,1.2910856140350877,0.004089706971000319,3,"1,2,3"
12,22.125,1.51459,0.02144207855978472,1.2127836842105262,0.006276922748245419,1.288409298245614,0.004023132036357181,3,"1,2,3"
12,22.375,1.5154680701754388,0.03606254417533054,1.2140424561403511,0.005923736223568155,1.2857210526315788,0.00401141163042351,3,"1,2,3"
12,22.625,1.4666619298245613,0.023783654874978192,1.2157287719298244,0.005827743201956136,1.282857894736842,0.0037927736362660955,3,"1,2,3"
12,22.875,1.4155631578947367,0.013140745399647493,1.219221052631579,0.005641027309306386,1.2804278947368422,0.003646696857240412,3,"1,2,3"
12,23.125,1.3535135087719299,0.009570957013770087,1.2247559649122806,0.004988867409559279,1.2784994736842108,0.003598598295905094,3,"1,2,3"
12,23.375,1.2937007017543858,0.02068596126840697,1.2325764912280703,0.005285008507814402,1.2771515789473684,0.0035368643744078418,3,"1,2,3"
12,23.625,1.2354926315789474,0.017046419309198136,1.2453235087719297,0.00525051886515403,1.2767856140350877,0.0033713770016186367,3,"1,2,3"
12,23.875,1.1990889473684212,0.021352433432306354,1.2639892982456138,0.005158696041110262,1.277531052631579,0.0033001849188514162,3,"1,2,3"
12,24.125,1.1694184210526315,0.016100736945677593,1.2875556140350877,0.005771391608245165,1.2792759649122807,0.0032665557955067898,3,"1,2,3"
12,24.375,1.1548287192982454,0.01759550897468387,1.3141564912280703,0.005495334617166906,1.281638596491228,0.003131633327946932,3,"1,2,3"
12,24.625,1.1443122631578948,0.023686390188474522,1.3334952631578947,0.005517071834326221,1.2839022807017544,0.0030840162304326493,3,"1,2,3"
12,24.875,1.127489298245614,0.0252036275303664,1.3392431578947368,0.005941686480044706,1.285601403508772,0.0029727562698530262,3,"1,2,3"
12,0.125,0.0,0.0,0.0,0.0,0.0,0.0,3,"1,2,3"
12,0.375,0.0,0.0,0.0,0.0,0.0,0.0,3,"1,2,3"
12,0.625,0.0,0.0,0.0,0.0,0.0,0.0,3,"1,2,3"
12,0.875,0.0,0.0,0.0,0.0,0.09178053508771929,0.0004176399315392703,3,"1,2,3"
12,1.125,0.0,0.0,0.0,0.0,2.5998219298245617,0.0019390028628615702,3,"1,2,3"
12,1.375,0.0,0.0,0.0,0.0,4.205626315789474,0.0017989889948269292,3,"1,2,3"
12,1.625,0.0,0.0,0.0,0.0,5.426355789473685,0.0013382795835583572,3,"1,2,3"
12,1.875,0.0,0.0,0.0,0.0,2.685242456140351,0.002584302865157252,3,"1,2,3"
12,2.125,0.0,0.0,0.0,0.0,1.3947592982456143,0.004053671826695823,3,"1,2,3"
12,2.375,0.0,0.0,0.0,0.0,1.359282456140351,0.0041819353040239565,3,"1,2,3"
12,2.625,0.0,0.0,0.0,0.0,1.1574436842105262,0.00617913292109095,3,"1,2,3"
12,2.875,0.0,0.0,0.0,0.0,1.0957526315789474,0.006243746670376752,3,"1,2,3"
12,3.125,0.0,0.0,0.0,0.0,1.2310114035087718,0.006091134231025968,3,"1,2,3"
12,3.375,0.0,0.0,0.0,0.0,1.3370770175438598,0.006347948685084368,3,"1,2,3"
12,3.625,0.0,0.0,0.0,0.0,1.4114963157894735,0.006036151859466747,3,"1,2,3"
12,3.875,0.0,0.0,0.0,0.0,1.4544022807017543,0.0063165123904006144,3,"1,2,3"
12,4.125,0.0,0.0,0.0,0.0,1.4717914035087718,0.006148455223165596,3,"1,2,3"
12,4.375,0.0,0.0,0.0,0.0,1.4705254385964912,0.005948059909084268,3,"1,2,3"
12,4.625,0.0,0.0,9.542942105263157e-06,1.198733009263402e-06,1.456783859649123,0.005783998692437034,3,"1,2,3"
12,4.875,0.0,0.0,0.023166919298245617,0.00022309289910544462,1.437372807017544,0.005351710237138773,3,"1,2,3"
12,5.125,0.0,0.0,0.8438958771929825,0.0011408094875383502,1.4674585964912283,0.005311773388833174,3,"1,2,3"
12,5.375,0.0,0.0,4.108274385964912,0.00615791393509257,1.6556152631578946,0.005240567536737898,3,"1,2,3"
12,5.625,0.0,0.0,7.022207368421053,0.015328746415369167,1.8241426315789475,0.005053189497705596,3,"1,2,3"
12,5.875,0.0,0.0,7.13308052631579,0.02135882256551272,1.8144135087719298,0.005553705647068541,3,"1,2,3"
12,6.125,0.0,0.0,5.613190175438597,0.02159228681550526,1.7019456140350873,0.005067941941125728,3,"1,2,3"
12,6.375,0.0,0.0,3.9378933333333332,0.021581629120195716,1.5831707017543861,0.004675824631046541,3,"1,2,3"
12,6.625,0.0,0.0,2.729161578947368,0.014836857999904309,1.4979919298245612,0.004033961192861302,3,"1,2,3"
12,6.875,0.0,0.0,1.9346257894736842,0.012069689017636227,1.441948245614035,0.0036349888982707235,3,"1,2,3"
12,7.125,0.0,0.0,1.4361740350877195,0.008329460773326943,1.407104561403509,0.003517288637545142,3,"1,2,3"
12,7.375,0.0,0.0,1.1368168421052631,0.005491285079015812,1.3865924561403509,0.003163868686619987,3,"1,2,3"
12,7.625,0.0,0.0,0.9655710701754385,0.004792809359785554,1.374979298245614,0.00329695178990468,3,"1,2,3"
12,7.875,0.0,0.0,0.8809186491228069,0.0039686913310941485,1.3708354385964914,0.003404689540160901,3,"1,2,3"
12,8.125,0.0,0.0,0.8547516842105262,0.0035387892708144486,1.3716375438596493,0.0034226609265000157,3,"1,2,3"
12,8.375,0.0,0.0,0.8635072807017545,0.003417614595345044,1.3755921052631581,0.0037932395761397517,3,"1,2,3"
12,8.625,0.0,0.0,0.8920652105263157,0.0033208620491928203,1.3821963157894739,0.003908337584926138,3,"1,2,3"
12,8.875,0.0,0.0,0.9294980350877194,0.0038868818789811253,1.3909019298245615,0.003932850432819987,3,"1,2,3"
12,9.125,0.0,0.0,0.9686240175438595,0.0045722448162685125,1.4009614035087719,0.004209754015428906,3,"1,2,3"
12,9.375,0.0,0.0,1.0052392280701754,0.004744996405571744,1.412695087719298,0.004212850966462095,3,"1,2,3"
12,9.625,0.0,0.0,1.0382984385964915,0.005548450430835725,1.4254185964912283,0.004374896201556414,3,"1,2,3"
12,9.875,9.682736842105263e-05,0.00013693457762994896,1.0650826842105263,0.004782670286680934,1.4385663157894737,0.004738285413641398,3,"1,2,3"
12,10.125,0.004634962596491228,0.0011676440202070515,1.0870338245614035,0.004743348849017713,1.4527445614035088,0.004824217193462644,3,"1,2,3"
12,10.375,0.09260395789473685,0.0030713527335834525,1.1044619298245613,0.004021712867935893,1.4675210526315787,0.004853752829323316,3,"1,2,3"
12,10.625,0.6693791578947369,0.029843487102540825,1.1168761403508773,0.003272979399881159,1.4806803508771929,0.005053429255990993,3,"1,2,3"
12,10.875,2.4872245614035084,0.0220078970982598,1.1273159649122806,0.0032709286742636425,1.488020701754386,0.005314533416539638,3,"1,2,3"
12,11.125,4.887427543859649,0.024376239980613897,1.134118947368421,0.004682605342945606,1.4809633333333334,0.005568916542365603,3,"1,2,3"
12,11.375,5.890895614035088,0.057228351344947775,1.1406191228070177,0.005508507050286273,1.45505649122807,0.005391013731673637,3,"1,2,3"
12,11.625,5.13022596491228,0.07255043633015487,1.145269298245614,0.006232794472093795,1.4134064912280702,0.0052562020233891385,3,"1,2,3"
12,11.875,3.8120821052631584,0.05749383848957994,1.1507343859649124,0.006184608010120386,1.3665773684210525,0.0051492277523002864,3,"1,2,3"
12,12.125,2.7565940350877196,0.042772180455636376,1.1572673684210526,0.007928318239170952,1.322789649122807,0.004781485691398873,3,"1,2,3"
12,12.375,2.0698333333333334,0.031837852945971065,1.163317894736842,0.008033647109039229,1.286661052631579,0.004747226648211674,3,"1,2,3"
12,12.625,1.6204184210526316,0.02525361388069225,1.1719098245614035,0.009219255816417847,1.2603894736842105,0.004639193640730664,3,"1,2,3"
12,12.875,1.3448812280701752,0.01910592385080283,1.1818157894736843,0.00878548592172824,1.2432322807017546,0.004418740505119641,3,"1,2,3"
12,13.125,1.188075666666667,0.0070511664459205845,1.1949257894736842,0.009502559309242471,1.234228596491228,0.004845188517465003,3,"1,2,3"
12,13.375,1.0669003859649122,0.013191618672022601,1.2116057894736842,0.008753036576381757,1.231497192982456,0.0048723545291828275,3,"1,2,3"
12,13.625,0.9969900000000002,0.015143209779216698,1.229589649122807,0.008001469674944837,1.2329666666666668,0.004815198167769519,3,"1,2,3"
12,13.875,0.9667676666666667,0.013945637806191772,1.2510533333333331,0.008414250502049024,1.2375705263157895,0.005160585889418678,3,"1,2,3"
12,14.125,0.9548921754385965,0.0049411366988665086,1.2751573684210527,0.007895910591109109,1.2442010526315788,0.005204591693870698,3,"1,2,3"
12,14.375,0.944075052631579,0.015969506603805084,1.299550701754386,0.008283519447013828,1.2511773684210528,0.005474668450646599,3,"1,2,3"
12,14.625,0.9244483859649124,0.016907690985697346,1.3253205263157894,0.009082193500535159,1.258228245614035,0.0056277905331497515,3,"1,2,3"
12,14.875,0.9216539649122807,0.018223733242284375,1.3505619298245615,0.008868243116891902,1.264760350877193,0.005761032794663625,3,"1,2,3"
12,15.125,0.9144587543859649,0.006720871502365442,1.3750677192982454,0.008395531220549543,1.27064,0.005810620343124134,3,"1,2,3"
12,15.375,0.9000605087719299,0.013443788951784332,1.399325438596491,0.008275245269602945,1.2756061403508774,0.00586985044873805,3,"1,2,3"
12,15.625,0.902455754385965,0.016404063042535486,1.4216342105263158,0.00810167483796127,1.2798619298245613,0.005871416658657533,3,"1,2,3"
12,15.875,0.9009573508771931,0.013035844046698658,1.4437884210526317,0.008102274101388654,1.283512105263158,0.005725154697172515,3,"1,2,3"
12,16.125,0.9001099649122807,0.008082252912231615,1.462311754385965,0.009022765404081307,1.2862975438596491,0.005988630877299857,3,"1,2,3"
12,16.375,0.9110415438596492,0.01769328537783113,1.4742326315789474,0.008875386280332534,1.2880164912280703,0.005809539744832094,3,"1,2,3"
12,16.625,0.9212641403508771,0.016950147506819054,1.4722845614035087,0.008666564680840353,1.2884533333333332,0.005854901685405727,3,"1,2,3"
12,16.875,0.9275556315789476,0.02246463756965005,1.4510535087719296,0.008254310800038097,1.2876143859649123,0.005999756694564157,3,"1,2,3"
12,17.125,0.941125403508772,0.0356341051957946,1.4122628070175438,0.007787584661100167,1.285448947368421,0.006067611485689823,3,"1,2,3"
12,17.375,0.952220298245614,0.01609327374405742,1.3641659649122808,0.006611786145642077,1.282647543859649,0.005823659584592602,3,"1,2,3"
12,17.625,0.9806762631578948,0.020705933983504933,1.315608245614035,0.006266719469925444,1.2801049122807016,0.005840370128503934,3,"1,2,3"
12,17.875,1.0038852982456141,0.018589914277046645,1.2733842105263158,0.005260986780265099,1.2783650877192982,0.005824744274237644,3,"1,2,3"
12,18.125,1.044714,0.01944710560698907,1.240031052631579,0.004943254187023577,1.2775077192982458,0.005701529566417971,3,"1,2,3"
12,18.375,1.1124368070175439,0.013080416066665131,1.216146842105263,0.0045608069785375415,1.2779478947368421,0.005574097262828734,3,"1,2,3"
12,18.625,1.1749705263157897,0.015084885802884208,1.2002096491228071,0.004656080652455117,1.2794798245614034,0.005609181388672592,3,"1,2,3"
12,18.875,1.2326382456140352,0.014956255884721145,1.1918399999999998,0.004890061849691982,1.281692105263158,0.005623804816084672,3,"1,2,3"
12,19.125,1.308020701754386,0.02416343975017167,1.1881898245614033,0.005147133786015681,1.2844042105263158,0.005527474214425377,3,"1,2,3"
12,19.375,1.3553491228070176,0.012339245277681222,1.1884943859649122,0.00511621914182434,1.2871726315789476,0.00542815321044669,3,"1,2,3"
12,19.625,1.3808391228070171,0.011253779086890644,1.1899514035087722,0.0053101552272992025,1.2897284210526314,0.005337220374842847,3,"1,2,3"
12,19.875,1.398202456140351,0.008267337308602343,1.1924492982456143,0.005684483527124132,1.2917968421052632,0.0052805845356228495,3,"1,2,3"
12,20.125,1.4202782456140353,0.011631280533866112,1.1958284210526315,0.006015610486815576,1.2935922807017544,0.005228743457176514,3,"1,2,3"
12,20.375,1.4244785964912283,0.014161288097438047,1.199112456140351,0.0060310817641038746,1.2947719298245615,0.005117922022005562,3,"1,2,3"
12,20.625,1.433036666666667,0.011654742374736704,1.202891052631579,0.006158780967866806,1.2955133333333333,0.005040973288553094,3,"1,2,3"
12,20.875,1.4518591228070177,0.0041750031396106035,1.2060289473684211,0.00621992377029008,1.2956401754385964,0.005115935983270282,3,"1,2,3"
12,21.125,1.4769957894736843,0.004009776994050055,1.2084201754385964,0.006626536266183182,1.2950477192982457,0.004985322952116853,3,"1,2,3"
12,21.375,1.485029298245614,0.014234778696229392,1.2106475438596493,0.007153888356769003,1.2938796491228068,0.004970046053269661,3,"1,2,3"
12,21.625,1.5048894736842104,0.009837480600306392,1.2118991228070175,0.007423283232432026,1.2922457894736843,0.004973627141601352,3,"1,2,3"
12,21.875,1.5142856140350875,0.011551454124813211,1.2127643859649124,0.008533928660414327,1.2899840350877192,0.004883199084878229,3,"1,2,3"
12,22.125,1.5122547368421053,0.007908505607371627,1.214463157894737,0.008266244221922722,1.287435263157895,0.004773638213283611,3,"1,2,3"
12,22.375,1.4953305263157894,0.0046463205788571955,1.2161308771929826,0.00809498661961875,1.2847177192982457,0.004676386237527515,3,"1,2,3"
12,22.625,1.4617131578947369,0.010829557310528084,1.218438947368421,0.008105409784501846,1.281816140350877,0.004644784231820875,3,"1,2,3"
12,22.875,1.413332456140351,0.02143364069260037,1.2212043859649124,0.008088157323450633,1.279260350877193,0.004566919721237527,3,"1,2,3"
12,23.125,1.3502056140350875,0.02005216252770625,1.2259385964912282,0.007674838268252292,1.2772484210526314,0.004395129533878901,3,"1,2,3"
12,23.375,1.2963491228070174,0.0018312373816082423,1.2336536842105261,0.007453790758795062,1.2759847368421051,0.004411499222761769,3,"1,2,3"
12,23.625,1.2524380701754385,0.015539584483959914,1.2454954385964911,0.006831401307848205,1.2756680701754386,0.004434776117468012,3,"1,2,3"
12,23.875,1.2112526315789471,0.013020867171664226,1.2632550877192983,0.00676464463600272,1.2764012280701753,0.004354353004667704,3,"1,2,3"
12,24.125,1.1775647368421054,0.022455488274523764,1.2868431578947368,0.006400242045861476,1.2780617543859647,0.004470755787329579,3,"1,2,3"
12,24.375,1.1493574210526318,0.021869219022027847,1.3122712280701754,0.006263203189182109,1.2803708771929825,0.004580667882718535,3,"1,2,3"
12,24.625,1.128045087719298,0.016930213679738695,1.3319657894736843,0.00564918768623534,1.282619298245614,0.004588336820671939,3,"1,2,3"
12,24.875,1.1096018421052631,0.005854937479450388,1.3376449122807017,0.005309359483261688,1.284081754385965,0.004671500128469599,3,"1,2,3"
12,0.125,0.0,0.0,0.0,0.0,0.0,0.0,3,"1,2,3"
12,0.375,0.0,0.0,0.0,0.0,0.0,0.0,3,"1,2,3"
12,0.625,0.0,0.0,0.0,0.0,0.0,0.0,3,"1,2,3"
12,0.875,0.0,0.0,0.0,0.0,0.09172941578947369,0.00038960994290252376,3,"1,2,3"
12,1.125,0.0,0.0,0.0,0.0,2.6038442105263155,0.002574716077723251,3,"1,2,3"
12,1.375,0.0,0.0,0.0,0.0,4.206383157894737,0.003294320835795821,3,"1,2,3"
12,1.625,0.0,0.0,0.0,0.0,5.425300526315788,0.0023822292608305464,3,"1,2,3"
12,1.875,0.0,0.0,0.0,0.0,2.6867577192982455,0.0032053821985016987,3,"1,2,3"
12,2.125,0.0,0.0,0.0,0.0,1.3953019298245612,0.0032946180218844535,3,"1,2,3"
12,2.375,0.0,0.0,0.0,0.0,1.359468947368421,0.005228560409136104,3,"1,2,3"
12,2.625,0.0,0.0,0.0,0.0,1.1593152631578947,0.006704393110536533,3,"1,2,3"
12,2.875,0.0,0.0,0.0,0.0,1.0970633333333337,0.007313104976776476,3,"1,2,3"
12,3.125,0.0,0.0,0.0,0.0,1.233590701754386,0.008522785172557551,3,"1,2,3"
12,3.375,0.0,0.0,0.0,0.0,1.3402021052631579,0.008283873429910006,3,"1,2,3"
12,3.625,0.0,0.0,0.0,0.0,1.4137654385964913,0.007469020837324792,3,"1,2,3"
12,3.875,0.0,0.0,0.0,0.0,1.4574159649122809,0.007951244486801238,3,"1,2,3"
12,4.125,0.0,0.0,0.0,0.0,1.4753694736842107,0.008010995248740719,3,"1,2,3"
12,4.375,0.0,0.0,0.0,0.0,1.4742726315789474,0.007827588258853225,3,"1,2,3"
12,4.625,0.0,0.0,9.0535649122807e-06,2.8325025650121213e-06,1.4606729824561402,0.007744967654975078,3,"1,2,3"
12,4.875,0.0,0.0,0.023408526315789473,8.44116645040234e-05,1.4405805263157896,0.007331287534667666,3,"1,2,3"
12,5.125,0.0,0.0,0.8407962631578947,0.0003583496103156197,1.4694899999999997,0.007038224457117957,3,"1,2,3"
12,5.375,0.0,0.0,4.096785789473684,0.008737976633165348,1.657278947368421,0.007607605115036963,3,"1,2,3"
12,5.625,0.0,0.0,7.003349298245613,0.02027886478203916,1.8253936842105263,0.008162040338853654,3,"1,2,3"
12,5.875,0.0,0.0,7.128129999999999,0.02407670006577367,1.8163043859649124,0.008367200687066232,3,"1,2,3"
12,6.125,0.0,0.0,5.61375192982456,0.02040452362502975,1.7044431578947368,0.007926817288019007,3,"1,2,3"
12,6.375,0.0,0.0,3.941999122807017,0.014812339134764953,1.5862754385964912,0.007688488130860271,3,"1,2,3"
12,6.625,0.0,0.0,2.735920701754386,0.012770871623310366,1.5004177192982457,0.007168448931255881,3,"1,2,3"
12,6.875,0.0,0.0,1.9415245614035088,0.009318944349653479,1.4443207017543858,0.00711565857262212,3,"1,2,3"
12,7.125,0.0,0.0,1.441491403508772,0.007335648073360811,1.4088887719298249,0.006637887674966592,3,"1,2,3"
12,7.375,0.0,0.0,1.1411696491228067,0.00673846431035473,1.3878005263157895,0.00606189227470596,3,"1,2,3"
12,7.625,0.0,0.0,0.9698565789473684,0.004957463636973193,1.3767231578947368,0.005849622159511694,3,"1,2,3"
12,7.875,0.0,0.0,0.8859859473684212,0.0055392848278846265,1.3719901754385966,0.005822741170874483,3,"1,2,3"
12,8.125,0.0,0.0,0.8597080175438597,0.0063612478217079105,1.3722059649122809,0.00578598916403601,3,"1,2,3"
12,8.375,0.0,0.0,0.8694139473684211,0.006385786734886571,1.3762138596491227,0.005892756705849751,3,"1,2,3"
12,8.625,0.0,0.0,0.8976047543859648,0.006067367350026892,1.3824991228070174,0.005611350887916218,3,"1,2,3"
12,8.875,0.0,0.0,0.935363754385965,0.006903679600374234,1.3911215789473683,0.0054772325206211905,3,"1,2,3"
12,9.125,0.0,0.0,0.9740528245614035,0.007960034172675665,1.4014077192982455,0.00533128418044092,3,"1,2,3"
12,9.375,0.0,0.0,1.0103513157894737,0.006949863416555193,1.4129429824561404,0.005348148191062092,3,"1,2,3"
12,9.625,0.0,0.0,1.0422323684210528,0.0074941879372224735,1.4259219298245611,0.00500404970501822,3,"1,2,3"
12,9.875,0.0,0.0,1.0686529649122807,0.007643540863700351,1.4398545614035088,0.005208974735021087,3,"1,2,3"
12,10.125,0.004735982245614035,0.000868659251822074,1.0896971929824562,0.007959851301911257,1.4541477192982455,0.005359077254356342,3,"1,2,3"
12,10.375,0.0865031543859649,0.0019490385310739614,1.106836140350877,0.006861706287308083,1.4688715789473683,0.00531000948574385,3,"1,2,3"
12,10.625,0.6546611052631579,0.02052606352157173,1.1200922807017542,0.007586611005156025,1.4821226315789475,0.005360302288853288,3,"1,2,3"
12,10.875,2.4089924561403513,0.024520452067420345,1.1304164912280703,0.007737550287833703,1.4894247368421052,0.005371789053583055,3,"1,2,3"
12,11.125,4.879704912280701,0.011044474152044664,1.136487894736842,0.00739774834102113,1.4827187719298245,0.0054613598828293156,3,"1,2,3"
12,11.375,5.870347719298245,0.014585614425476612,1.14267,0.007301377967315882,1.4566308771929826,0.005383105910138514,3,"1,2,3"
12,11.625,5.204693859649123,0.061286762177157623,1.1478280701754384,0.006957102647980602,1.4155647368421054,0.0055656254216624994,3,"1,2,3"
12,11.875,3.9129217543859642,0.05573329678490204,1.1519557894736843,0.007256158793963501,1.3685200000000002,0.005814414364700266,3,"1,2,3"
12,12.125,2.8243489473684207,0.049265800946867055,1.1568514035087718,0.007245699349567824,1.3245312280701753,0.005888969865933317,3,"1,2,3"
12,12.375,2.08454,0.04129064566672743,1.1625029824561406,0.006203784987301533,1.2884245614035088,0.005725074077402781,3,"1,2,3"
12,12.625,1.6135149122807018,0.0220743026975126,1.1700412280701755,0.007271696942496603,1.2619580701754387,0.005522936382488161,3,"1,2,3"
12,12.875,1.3538500000000002,0.0171409109571085,1.180443333333333,0.007003020985544283,1.2446705263157896,0.0052529843428285,3,"1,2,3"
12,13.125,1.1764979649122809,0.01109753091131026,1.193457192982456,0.00638254878263852,1.2354315789473682,0.005240019612574623,3,"1,2,3"
12,13.375,1.0824377894736843,0.005624782840252704,1.2088975438596492,0.0064506497390587215,1.2322575438596493,0.005205723842692467,3,"1,2,3"
12,13.625,1.021775596491228,0.004104707691915744,1.2277326315789472,0.006290557683873957,1.2336563157894738,0.005139928879151327,3,"1,2,3"
12,13.875,0.9827001929824561,0.016747036755586035,1.248979298245614,0.006061973116658996,1.2381385964912281,0.004932044321380059,3,"1,2,3"
12,14.125,0.9508901578947367,0.02082759782206928,1.2730729824561402,0.00653232403589559,1.2443519298245616,0.004937003575957594,3,"1,2,3"
12,14.375,0.9371226666666667,0.0050093252043949274,1.2974347368421053,0.006510416640923422,1.251255087719298,0.0049716428064095234,3,"1,2,3"
12,14.625,0.9222694385964912,0.00355652117712639,1.3234808771929825,0.005995976557014563,1.2583228070175438,0.004933671003641731,3,"1,2,3"
12,14.875,0.9052614210526316,0.018653989062569067,1.348703157894737,0.006506635962001786,1.2647677192982456,0.004920579962914584,3,"1,2,3"
12,15.125,0.8928169649122806,0.019226968859115266,1.3742626315789472,0.0062228282709511145,1.2706607017543858,0.00491264485492342,3,"1,2,3"
12,15.375,0.8745797368421053,0.019570823540551417,1.3989245614035086,0.0060213081520638975,1.2757008771929825,0.004806488695457964,3,"1,2,3"
12,15.625,0.8870774210526317,0.011055261135151352,1.4216152631578947,0.005913366067276325,1.2798785964912283,0.004916563602844886,3,"1,2,3"
12,15.875,0.8939677894736842,0.0068612197703355055,1.4438389473684212,0.006639074182583527,1.2834680701754386,0.005029730269158356,3,"1,2,3"
12,16.125,0.8948666842105263,0.012207761540516024,1.4631652631578949,0.007055421966972518,1.2859687719298247,0.005039196471388634,3,"1,2,3"
12,16.375,0.9025344210526317,0.017437113338796387,1.474779649122807,0.0065204923273344305,1.287466140350877,0.005086486946938177,3,"1,2,3"
12,16.625,0.9104585789473685,0.016235491496216847,1.4740278947368424,0.006077254552785693,1.2879135087719298,0.005113493769310717,3,"1,2,3"
12,16.875,0.9315732456140351,0.005828777354509831,1.4530954385964912,0.006161150831049284,1.2868519298245615,0.00517827012640328,3,"1,2,3"
12,17.125,0.9425819122807017,0.005013263063838168,1.413924561403509,0.006512224350368668,1.2843805263157895,0.005305584228658349,3,"1,2,3"
12,17.375,0.941219456140351,0.009352198487176824,1.365958245614035,0.006882240682461451,1.2815507017543861,0.005249046597392113,3,"1,2,3"
12,17.625,0.9622891578947369,0.014857097849316162,1.3165350877192983,0.007404184291955445,1.2788471929824563,0.0051094715397199345,3,"1,2,3"
12,17.875,0.9828367894736841,0.007091635604538079,1.2730210526315788,0.007373514517751461,1.2768428070175437,0.005073855029761241,3,"1,2,3"
12,18.125,1.0434066842105263,0.016693149973419717,1.2394354385964912,0.0072442377563810235,1.2762345614035089,0.004954887014323874,3,"1,2,3"
12,18.375,1.0984532280701755,0.012514323488748463,1.2143782456140348,0.007520560949556809,1.2765401754385965,0.004796789868653198,3,"1,2,3"
12,18.625,1.164521228070175,0.0035989525082534323,1.1987768421052631,0.006989256139607557,1.27804649122807,0.004607443821221548,3,"1,2,3"
12,18.875,1.2361463157894736,0.00710641094043223,1.189372456140351,0.0062342681687491555,1.28038,0.004558347127178505,3,"1,2,3"
12,19.125,1.30156350877193,0.02005502545149881,1.1855201754385967,0.0055727873362423795,1.283019649122807,0.004501595004767716,3,"1,2,3"
12,19.375,1.3495529824561405,0.01479693640981253,1.1844826315789476,0.005597429811852461,1.2858687719298245,0.004419483019893595,3,"1,2,3"
12,19.625,1.3717987719298248,0.011542361356934918,1.1861649122807016,0.005108638228441477,1.2884350877192983,0.0043819289430486325,3,"1,2,3"
12,19.875,1.3848394736842107,0.013175773334220382,1.1890001754385966,0.005770537970080754,1.2905549122807016,0.0042467471954513265,3,"1,2,3"
12,20.125,1.405246842105263,0.026629673661129453,1.1934003508771929,0.0055661860724416905,1.2924243859649123,0.004309864660855444,3,"1,2,3"
12,20.375,1.4356164912280704,0.028849992138894623,1.1974540350877192,0.005890819897461325,1.293709649122807,0.004145407772671309,3,"1,2,3"
12,20.625,1.4515347368421052,0.021433353668806727,1.200946140350877,0.006328437690873225,1.2943264912280703,0.004150664384810493,3,"1,2,3"
12,20.875,1.4605654385964915,0.017697019694383732,1.2043247368421053,0.006704509046249747,1.2941731578947369,0.004324572513419536,3,"1,2,3"
12,21.125,1.4792454385964913,0.01367636159067461,1.206910350877193,0.007238244487193431,1.293641052631579,0.0043694112595760734,3,"1,2,3"
12,21.375,1.4885833333333334,0.008693506617581875,1.2089680701754386,0.007054964059612649,1.2925270175438595,0.004359114168174489,3,"1,2,3"
12,21.625,1.5181508771929824,0.011053073928770077,1.2106271929824557,0.007140841040980044,1.2908301754385965,0.004472960939125586,3,"1,2,3"
12,21.875,1.520904561403509,0.00794259173673558,1.2121442105263158,0.0070984065162014815,1.2886264912280703,0.004501379071199314,3,"1,2,3"
12,22.125,1.528731052631579,0.00802600545848159,1.2130219298245615,0.007073764806523606,1.2859922807017543,0.004489083184377048,3,"1,2,3"
12,22.375,1.501627894736842,0.006742279179317221,1.2144561403508771,0.006577488460462915,1.2830477192982457,0.004535816311217763,3,"1,2,3"
12,22.625,1.4665505263157892,0.016234021837013123,1.2163363157894738,0.006137077137324541,1.28024,0.0045435627553213065,3,"1,2,3"
12,22.875,1.4142457894736846,0.02307473446915047,1.2188805263157896,0.006147133692346273,1.2776129824561404,0.004572039078550998,3,"1,2,3"
12,23.125,1.3521287719298243,0.0156552470197375,1.2234984210526314,0.006144125060645497,1.2755073684210527,0.004679770653596931,3,"1,2,3"
12,23.375,1.2960673684210524,0.020990820660117683,1.2312235087719297,0.006106360946876745,1.2741691228070178,0.004627421386231082,3,"1,2,3"
12,23.625,1.2520964912280703,0.0196453060625789,1.2431629824561403,0.006021381483065454,1.2737684210526314,0.004529658924499756,3,"1,2,3"
12,23.875,1.1997543859649122,0.022219705201251713,1.2608028070175437,0.006546024744129345,1.2743936842105263,0.004517521096859661,3,"1,2,3"
12,24.125,1.1711556140350876,0.02873210661237247,1.2850561403508773,0.006808517089305971,1.2759577192982459,0.004516234598217526,3,"1,2,3"
12,24.375,1.1475929824561402,0.025496059356709268,1.3113573684210529,0.00693660917267254,1.2782556140350878,0.004553168538120955,3,"1,2,3"
12,24.625,1.1286266666666667,0.016440865809772474,1.330496140350877,0.006936579958486012,1.280522807017544,0.004668178643073065,3,"1,2,3"
12,24.875,1.1212387719298247,0.00924060718319885,1.3363947368421052,0.006962932008907178,1.2821166666666666,0.004676082645479527,3,"1,2,3"
14,0.125,0.0,0.0,0.0,0.0,0.0,0.0,3,"1,2,3"
14,0.375,0.0,0.0,0.0,0.0,0.0,0.0,3,"1,2,3"
14,0.625,0.0,0.0,0.0,0.0,0.0,0.0,3,"1,2,3"
14,0.875,0.0,0.0,0.0,0.0,0.09628735263157895,0.0005359600452990476,3,"1,2,3"
14,1.125,0.0,0.0,0.0,0.0,2.6870766666666666,0.002480753256369931,3,"1,2,3"
14,1.375,0.0,0.0,0.0,0.0,4.308315614035088,0.0033081381041647337,3,"1,2,3"
14,1.625,0.0,0.0,0.0,0.0,5.547172105263158,0.002868718188376403,3,"1,2,3"
14,1.875,0.0,0.0,0.0,0.0,2.8846589473684205,0.004588194655189202,3,"1,2,3"
14,2.125,0.0,0.0,0.0,0.0,1.6615091228070178,0.00552267498003066,3,"1,2,3"
14,2.375,0.0,0.0,0.0,0.0,1.6762970175438596,0.0075665094618008084,3,"1,2,3"
14,2.625,0.0,0.0,0.0,0.0,1.514075789473684,0.007596145849285851,3,"1,2,3"
14,2.875,0.0,0.0,0.0,0.0,1.4713515789473683,0.009258010721075212,3,"1,2,3"
14,3.125,0.0,0.0,0.0,0.0,1.6071792982456141,0.01014582896101896,3,"1,2,3"
14,3.375,0.0,0.0,0.0,0.0,1.7002738596491227,0.010172938386121145,3,"1,2,3"
14,3.625,0.0,0.0,0.0,0.0,1.7519459649122808,0.010330088320788904,3,"1,2,3"
14,3.875,0.0,0.0,0.0,0.0,1.7680761403508771,0.010276307853925177,3,"1,2,3"
14,4.125,0.0,0.0,0.0,0.0,1.7590508771929827,0.010649323599945127,3,"1,2,3"
14,4.375,0.0,0.0,0.0,0.0,1.7336380701754386,0.009094432868674635,3,"1,2,3"
14,4.625,0.0,0.0,2.3000928070175438e-05,1.2476843145515948e-06,1.7000642105263157,0.008391336483411976,3,"1,2,3"
14,4.875,0.0,0.0,0.04391447719298245,0.00024010295123113868,1.6673640350877195,0.008224087230358468,3,"1,2,3"
14,5.125,0.0,0.0,1.3048745614035087,0.002780873512875671,1.716323157894737,0.008388062847758664,3,"1,2,3"
14,5.375,0.0,0.0,5.48731403508772,0.0037334683147343555,1.959687894736842,0.007666106153985408,3,"1,2,3"
14,5.625,0.0,0.0,8.461015438596492,0.001859055962999075,2.1301217543859647,0.008426343626561793,3,"1,2,3"
14,5.875,0.0,0.0,8.010583157894738,0.0065412512886342915,2.0839308771929823,0.009132243864091108,3,"1,2,3"
14,6.125,0.0,0.0,5.981869122807017,0.01078608826933504,1.9401575438596492,0.008895265969243761,3,"1,2,3"
14,6.375,0.0,0.0,4.006402280701754,0.0074563103510030685,1.8028226315789473,0.008759470832792663,3,"1,2,3"
14,6.625,0.0,0.0,2.6726342105263163,0.0070469939761378456,1.709727192982456,0.00914740054436172,3,"1,2,3"
14,6.875,0.0,0.0,1.8465487719298244,0.007195498969289766,1.6506954385964911,0.00901375905623159,3,"1,2,3"
14,7.125,0.0,0.0,1.3543170175438597,0.006962235320104476,1.6143761403508774,0.009506127142382997,3,"1,2,3"
14,7.375,0.0,0.0,1.0792821052631578,0.0056355406298077395,1.5927415789473685,0.010011531144802,3,"1,2,3"
14,7.625,0.0,0.0,0.9393326140350876,0.006000855247499799,1.581067894736842,0.010350080519445349,3,"1,2,3"
14,7.875,0.0,0.0,0.8895458245614035,0.006191523587226182,1.5770617543859649,0.01039522457068829,3,"1,2,3"
14,8.125,0.0,0.0,0.8961630877192982,0.005534413621475979,1.5778371929824562,0.010581257689013922,3,"1,2,3"
14,8.375,0.0,0.0,0.9358970701754386,0.006002058033365514,1.5832635087719298,0.010413650271298468,3,"1,2,3"
14,8.625,0.0,0.0,0.9906812631578946,0.0061226384936341445,1.5922829824561402,0.010501834745678736,3,"1,2,3"
14,8.875,0.0,0.0,1.0497261052631581,0.006592905522318866,1.603987192982456,0.01024054677323597,3,"1,2,3"
14,9.125,0.0,0.0,1.1044694736842102,0.00628739437110787,1.617898947368421,0.010410631480851872,3,"1,2,3"
14,9.375,0.0,0.0,1.1511831578947367,0.00711729418067662,1.6336900000000003,0.010688374981326961,3,"1,2,3"
14,9.625,0.0,0.0,1.1903356140350878,0.008725559850580456,1.6507933333333333,0.01091981558272528,3,"1,2,3"
14,9.875,1.2493859649122807e-05,1.7668985762175434e-05,1.2208654385964912,0.00977337168801266,1.6686557894736842,0.011351374378329952,3,"1,2,3"
14,10.125,0.0021303006666666667,0.0007104296438545719,1.2435370175438596,0.009108399442955504,1.6871357894736843,0.011799156769095095,3,"1,2,3"
14,10.375,0.07959877192982456,0.006619901424055853,1.2602392982456143,0.008855111834512455,1.70500350877193,0.012457563988326033,3,"1,2,3"
14,10.625,0.8585124736842106,0.011862237158730724,1.2716675438596494,0.009629438265928358,1.7191407017543858,0.01295609824316985,3,"1,2,3"
14,10.875,3.6931982456140346,0.04273736326994786,1.280224210526316,0.010568342602980006,1.7223852631578946,0.013385896389882286,3,"1,2,3"
14,11.125,6.936120350877194,0.0069906801607928235,1.2848333333333333,0.010065815936975421,1.7033557894736842,0.014037509624370413,3,"1,2,3"
14,11.375,7.38442350877193,0.05456194222783699,1.288009649122807,0.01012982492297588,1.657719298245614,0.014274850061928836,3,"1,2,3"
14,11.625,5.747009298245614,0.022319763558475137,1.2900052631578947,0.010408666145697685,1.5960294736842104,0.014155686118735083,3,"1,2,3"
14,11.875,3.9002421052631573,0.034812904889055134,1.2904052631578946,0.010624229672797608,1.5325961403508774,0.014135172435614244,3,"1,2,3"
14,12.125,2.6225470175438597,0.005736499109870891,1.2935380701754386,0.010145914081313594,1.4781243859649125,0.014187253524664076,3,"1,2,3"
14,12.375,1.8464301754385966,0.01132559192180248,1.295966842105263,0.009562117285445019,1.4370642105263158,0.014159789744697221,3,"1,2,3"
14,12.625,1.4305812280701755,0.0058646510167413715,1.301995087719298,0.009947811726252458,1.4101152631578948,0.014162520727320948,3,"1,2,3"
14,12.875,1.1922078596491228,0.013619279642827492,1.3132336842105266,0.009766586611252057,1.3952526315789473,0.01434219318820632,3,"1,2,3"
14,13.125,1.0548506491228071,0.007894383206270702,1.3297864912280704,0.010119434455977863,1.3900880701754386,0.014432012958356086,3,"1,2,3"
14,13.375,1.0009236666666668,0.02099532015943337,1.3525538596491227,0.01136503052375088,1.39204,0.014576545726562085,3,"1,2,3"
14,13.625,0.9566594210526315,0.025700417915375168,1.381263157894737,0.012791276228472797,1.3990728070175438,0.015003496461271875,3,"1,2,3"
14,13.875,0.9350328070175439,0.025120449438813836,1.412745438596491,0.013719886923701111,1.4084570175438598,0.015441292581572418,3,"1,2,3"
14,14.125,0.9342800701754386,0.011134046577000858,1.4464440350877192,0.01340125867721303,1.4192312280701753,0.015530196115373613,3,"1,2,3"
14,14.375,0.9417329649122808,0.00811439559438086,1.480832456140351,0.013787263558878507,1.4298184210526312,0.015785251529058325,3,"1,2,3"
14,14.625,0.9495414035087718,0.013705153121431031,1.5141494736842105,0.015247402654855703,1.4392829824561406,0.01616526879754918,3,"1,2,3"
14,14.875,0.9445789824561404,0.018220019923927574,1.5462261403508772,0.015437697240557147,1.4474805263157897,0.016274411044570825,3,"1,2,3"
14,15.125,0.9417696842105262,0.020915710407809426,1.5762975438596492,0.016548722894061663,1.4543433333333333,0.01644697106794858,3,"1,2,3"
14,15.375,0.9418628070175439,0.013267412372589075,1.6038343859649125,0.016541753708681953,1.4595040350877193,0.016546892845791597,3,"1,2,3"
14,15.625,0.9512413684210527,0.01754293042832161,1.629134561403509,0.015710706104547927,1.4631694736842107,0.016615783588682466,3,"1,2,3"
14,15.875,0.9411133684210528,0.015249569655493588,1.6528222807017545,0.01491303500259462,1.4659471929824563,0.016480503836647675,3,"1,2,3"
14,16.125,0.9426604561403508,0.023003040285040327,1.6713149122807016,0.01434666828640996,1.4674850877192982,0.016490546867229738,3,"1,2,3"
14,16.375,0.9650248596491228,0.014626624127753375,1.675941052631579,0.014856276294449593,1.4675249122807017,0.016769957112568918,3,"1,2,3"
14,16.625,0.9883792456140351,0.005714348435892172,1.6575219298245614,0.014744328188401854,1.4657821052631579,0.016707210352030565,3,"1,2,3"
14,16.875,1.0015282105263157,0.004701551521481079,1.6099464912280699,0.015333741467529591,1.4618180701754386,0.01683131355096904,3,"1,2,3"
14,17.125,1.0115547719298246,0.014126329769147038,1.5423140350877194,0.014522474742196527,1.456556842105263,0.016949427013470138,3,"1,2,3"
14,17.375,1.019186105263158,0.01181109687437233,1.468450701754386,0.01457898696766632,1.4510694736842105,0.017141226841090786,3,"1,2,3"
14,17.625,1.041958736842105,0.0025849130841898264,1.4026942105263158,0.014420473057888752,1.446545964912281,0.01711520177846342,3,"1,2,3"
14,17.875,1.075730649122807,0.015850353341007324,1.3515866666666667,0.014163573695274925,1.4435478947368423,0.017324902006867204,3,"1,2,3"
14,18.125,1.1175547192982456,0.015599551058147806,1.316908596491228,0.014382509957398718,1.4424854385964911,0.01761666538863715,3,"1,2,3"
14,18.375,1.174444052631579,0.00689992139837739,1.296022280701754,0.013764083322906398,1.4430489473684212,0.017771648439953814,3,"1,2,3"
14,18.625,1.2760236842105261,0.01941849910469971,1.28725350877193,0.013923057636485981,1.4453556140350876,0.01800539110983593,3,"1,2,3"
14,18.875,1.3846729824561403,0.024495407572046178,1.2859926315789474,0.013664961116917411,1.4485629824561403,0.018309099536114086,3,"1,2,3"
14,19.125,1.4964008771929824,0.034894689913792805,1.2902666666666667,0.013226125021022293,1.4523852631578948,0.018463534878825683,3,"1,2,3"
14,19.375,1.5650152631578944,0.02692535486879813,1.2970543859649124,0.013634695913594876,1.455877894736842,0.01865973611778127,3,"1,2,3"
14,19.625,1.6061454385964915,0.030503020465104922,1.3057322807017544,0.013720782588970656,1.458992807017544,0.018886260143877447,3,"1,2,3"
14,19.875,1.620026842105263,0.030303477117196057,1.3136996491228068,0.013287890267547914,1.4611796491228073,0.018947633869160825,3,"1,2,3"
14,20.125,1.6195996491228073,0.03079984016319209,1.3212424561403509,0.01260280923507038,1.4622112280701753,0.01889181488589639,3,"1,2,3"
14,20.375,1.613078947368421,0.024399344643273434,1.3275182456140353,0.012250824837652224,1.4623929824561401,0.01890756568995862,3,"1,2,3"
14,20.625,1.614004210526316,0.017641571355443347,1.3337022807017542,0.012080189442948799,1.4617942105263158,0.019049285646882092,3,"1,2,3"
14,20.875,1.6201133333333335,0.020333970322886495,1.3381608771929823,0.011626048834889274,1.4601526315789473,0.019154945671418018,3,"1,2,3"
14,21.125,1.6363712280701754,0.02090724024384242,1.3415533333333334,0.011997091093513736,1.4575805263157895,0.019463542223867585,3,"1,2,3"
14,21.375,1.674552807017544,0.01537227189398224,1.344172631578947,0.011129607738867151,1.4544922807017546,0.019536852925233984,3,"1,2,3"
14,21.625,1.6990157894736846,0.012540742886008186,1.3458915789473684,0.011351503884649384,1.450730701754386,0.0197112387585075,3,"1,2,3"
14,21.875,1.7135300000000002,0.011063180738454406,1.346963859649123,0.011584557064835339,1.446369298245614,0.019796309086085397,3,"1,2,3"
14,22.125,1.699510701754386,0.01709032870490239,1.3475326315789475,0.01271618104573107,1.4417208771929826,0.020127889777022272,3,"1,2,3"
14,22.375,1.6612528070175436,0.026804049584253517,1.3481657894736843,0.013007681947924178,1.4372026315789472,0.02023478816487985,3,"1,2,3"
14,22.625,1.584115263157895,0.029420553248750984,1.3489740350877193,0.013158954598249922,1.432971052631579,0.020339548542262557,3,"1,2,3"
14,22.875,1.4874319298245613,0.030417255643369747,1.3510812280701752,0.014253690846209031,1.4295698245614032,0.02058164451447671,3,"1,2,3"
14,23.125,1.3876919298245614,0.023498405110152498,1.3553196491228068,0.014975343788236334,1.4272822807017544,0.020789816325550218,3,"1,2,3"
14,23.375,1.315329298245614,0.02145070658483332,1.3626184210526315,0.015860476921029567,1.4264112280701753,0.02082845847010023,3,"1,2,3"
14,23.625,1.2584787719298245,0.016627958835046683,1.3746622807017543,0.016345700564104483,1.426987543859649,0.0210128155827211,3,"1,2,3"
14,23.875,1.2139980701754383,0.010526798974290595,1.39389,0.01695923919006437,1.428916140350877,0.02119627740593832,3,"1,2,3"
14,24.125,1.1958805263157897,0.021901052281645975,1.4200833333333334,0.01714807567673993,1.4321594736842105,0.02135591254322826,3,"1,2,3"
14,24.375,1.1812287719298247,0.01865165491053858,1.4516507017543858,0.01703589531935731,1.4361657894736843,0.021429930661635548,3,"1,2,3"
14,24.625,1.1804594736842107,0.01738759219994378,1.476012456140351,0.017716830578561726,1.4400666666666668,0.02154123967010924,3,"1,2,3"
14,24.875,1.1702926315789475,0.014886517954349652,1.4831554385964913,0.01843172117298283,1.4427401754385967,0.0217521135273221,3,"1,2,3"
14,0.125,0.0,0.0,0.0,0.0,0.0,0.0,3,"1,2,3"
14,0.375,0.0,0.0,0.0,0.0,0.0,0.0,3,"1,2,3"
14,0.625,0.0,0.0,0.0,0.0,0.0,0.0,3,"1,2,3"
14,0.875,0.0,0.0,0.0,0.0,0.09559371929824562,0.00014103319271221158,3,"1,2,3"
14,1.125,0.0,0.0,0.0,0.0,2.678950701754385,0.001748431632430468,3,"1,2,3"
14,1.375,0.0,0.0,0.0,0.0,4.3008966666666675,0.0015264373413996846,3,"1,2,3"
14,1.625,0.0,0.0,0.0,0.0,5.545746842105263,0.004055081351161543,3,"1,2,3"
14,1.875,0.0,0.0,0.0,0.0,2.882786842105263,0.005260032177102414,3,"1,2,3"
14,2.125,0.0,0.0,0.0,0.0,1.6576563157894737,0.007081731885666215,3,"1,2,3"
14,2.375,0.0,0.0,0.0,0.0,1.6717233333333334,0.008610945238525894,3,"1,2,3"
14,2.625,0.0,0.0,0.0,0.0,1.5066149122807015,0.009503211920783681,3,"1,2,3"
14,2.875,0.0,0.0,0.0,0.0,1.4610198245614037,0.010724331629005627,3,"1,2,3"
14,3.125,0.0,0.0,0.0,0.0,1.597737543859649,0.011045149266287196,3,"1,2,3"
14,3.375,0.0,0.0,0.0,0.0,1.690650701754386,0.010567764660658027,3,"1,2,3"
14,3.625,0.0,0.0,0.0,0.0,1.7425426315789476,0.010446272150710997,3,"1,2,3"
14,3.875,0.0,0.0,0.0,0.0,1.7597424561403507,0.009841934929882957,3,"1,2,3"
14,4.125,0.0,0.0,0.0,0.0,1.751153859649123,0.008515423130208342,3,"1,2,3"
14,4.375,0.0,0.0,0.0,0.0,1.7265747368421052,0.008603052905698358,3,"1,2,3"
14,4.625,0.0,0.0,3.107571052631579e-05,5.167550469122925e-06,1.6930901754385967,0.008272417655984233,3,"1,2,3"
14,4.875,0.0,0.0,0.04409154912280702,0.00016841859917803817,1.6607059649122806,0.008121538027509707,3,"1,2,3"
14,5.125,0.0,0.0,1.3048205263157897,0.002929935033110077,1.710043333333333,0.007701901784945999,3,"1,2,3"
14,5.375,0.0,0.0,5.490064210526316,0.008469914242545546,1.9538638596491227,0.008329268637503402,3,"1,2,3"
14,5.625,0.0,0.0,8.46614105263158,0.008139582344240495,2.1249456140350875,0.008378017407765791,3,"1,2,3"
14,5.875,0.0,0.0,8.005992280701754,0.013575202491449995,2.0786271929824562,0.00935529362477639,3,"1,2,3"
14,6.125,0.0,0.0,5.970046842105262,0.009562939120207736,1.9343168421052634,0.00991379134894584,3,"1,2,3"
14,6.375,0.0,0.0,3.9938033333333336,0.009454774786664557,1.7974601754385962,0.01019081776996181,3,"1,2,3"
14,6.625,0.0,0.0,2.663062807017544,0.008053749324252997,1.7047107017543859,0.010560627485041354,3,"1,2,3"
14,6.875,0.0,0.0,1.839414561403509,0.010319694161949743,1.6461650877192984,0.011540626574934074,3,"1,2,3"
14,7.125,0.0,0.0,1.3498398245614034,0.009660007143459912,1.610218596491228,0.011249092729053204,3,"1,2,3"
14,7.375,0.0,0.0,1.0737454385964913,0.008468395825345382,1.589212807017544,0.011412667115914392,3,"1,2,3"
14,7.625,0.0,0.0,0.9358208070175439,0.007119790378959303,1.577675438596491,0.011499217688540524,3,"1,2,3"
14,7.875,0.0,0.0,0.8874789298245614,0.007609731354993209,1.5729824561403507,0.011381584990026238,3,"1,2,3"
14,8.125,0.0,0.0,0.8934608596491227,0.0065851448538881575,1.5742112280701754,0.011564085361021595,3,"1,2,3"
14,8.375,0.0,0.0,0.9337747719298246,0.00635801608260134,1.5793243859649122,0.01184569908300757,3,"1,2,3"
14,8.625,0.0,0.0,0.9887180175438597,0.0063268767656138895,1.5880971929824563,0.011854987685592433,3,"1,2,3"
14,8.875,0.0,0.0,1.046131543859649,0.006300220102610361,1.5999228070175437,0.01209885218744401,3,"1,2,3"
14,9.125,0.0,0.0,1.1014243859649124,0.006227819179523573,1.6136915789473685,0.012215421530850245,3,"1,2,3"
14,9.375,0.0,0.0,1.148578947368421,0.0058350429258442835,1.6293164912280702,0.01239432506734589,3,"1,2,3"
14,9.625,0.0,0.0,1.1874331578947368,0.0056071249358444035,1.645982105263158,0.012637812328946814,3,"1,2,3"
14,9.875,4.9975263157894735e-05,3.8508547846528625e-05,1.2177243859649123,0.006254517840198257,1.663846666666667,0.013104944125852076,3,"1,2,3"
14,10.125,0.0028285171754385964,0.0003463128044253968,1.2397222807017547,0.006659000841942417,1.6820635087719298,0.013770994054698235,3,"1,2,3"
14,10.375,0.07865366666666668,0.0014807950928363775,1.2562689473684208,0.006309184543421986,1.6997007017543855,0.014227856212292377,3,"1,2,3"
14,10.625,0.8514999649122807,0.012631028813848661,1.2693957894736843,0.006846870850484597,1.7137475438596492,0.014600250496424024,3,"1,2,3"
14,10.875,3.6801638596491233,0.05720030789218621,1.277438596491228,0.009787888292047782,1.7163787719298245,0.015603941409267495,3,"1,2,3"
14,11.125,6.970572105263158,0.022970684484933047,1.284140350877193,0.010844731706519832,1.6973643859649126,0.01599209268095967,3,"1,2,3"
14,11.375,7.413759298245613,0.012450020609350848,1.2871368421052631,0.011269300350003179,1.652010350877193,0.01650735340960881,3,"1,2,3"
14,11.625,5.708145614035089,0.04466346803571742,1.2896310526315788,0.012607513354442853,1.5903338596491225,0.016772546988204694,3,"1,2,3"
14,11.875,3.8669485964912282,0.06475521750667448,1.291772456140351,0.013480231237850296,1.527647192982456,0.01689264079654074,3,"1,2,3"
14,12.125,2.586769649122807,0.030306094186558677,1.2920064912280702,0.012698549966539081,1.4734296491228072,0.01702461832875456,3,"1,2,3"
14,12.375,1.818344210526316,0.017766516132194595,1.2968907017543863,0.013039586048223157,1.4328563157894736,0.01686685026487761,3,"1,2,3"
14,12.625,1.3831964385964912,0.015955135869716676,1.3034271929824561,0.013297155989243628,1.4063178947368422,0.017158694206968913,3,"1,2,3"
14,12.875,1.1738861578947368,0.024421030938776015,1.3144871929824562,0.012227445306091196,1.3917740350877192,0.017238185341171323,3,"1,2,3"
14,13.125,1.0630421578947369,0.018631205141804816,1.330945614035088,0.011473247668609339,1.3871584210526315,0.017052050612802253,3,"1,2,3"
14,13.375,1.013712245614035,0.008259745015653264,1.3530121052631578,0.011418817850724775,1.3897698245614034,0.017544910510632367,3,"1,2,3"
14,13.625,0.9830741228070176,0.013262222906150966,1.3799756140350876,0.011592196664779696,1.396738947368421,0.01772062330984405,3,"1,2,3"
14,13.875,0.963364298245614,0.012528106878387256,1.4101247368421053,0.012157493917597295,1.4063040350877192,0.01778779751437593,3,"1,2,3"
14,14.125,0.9468783859649123,0.020461066765687177,1.4432994736842106,0.013208878620946435,1.416779298245614,0.017987389310499043,3,"1,2,3"
14,14.375,0.9484152105263157,0.009695524973107592,1.4774517543859649,0.014272318139187222,1.4272059649122808,0.01800391368314461,3,"1,2,3"
14,14.625,0.9362085438596491,0.015951175727808083,1.5110807017543861,0.016488773775937257,1.4366408771929826,0.018059380459793394,3,"1,2,3"
14,14.875,0.9309754035087718,0.013370189879480276,1.542082456140351,0.016897793483853542,1.4449233333333333,0.018438160148074558,3,"1,2,3"
14,15.125,0.9506560175438596,0.01872264636594665,1.5720235087719299,0.017733455558489826,1.4516445614035087,0.01877114974768766,3,"1,2,3"
14,15.375,0.9476291403508771,0.015423865207936642,1.6002708771929826,0.017514703346119317,1.4569924561403509,0.01907319504007198,3,"1,2,3"
14,15.625,0.955556947368421,0.00545547599875921,1.6264987719298247,0.01711631850746547,1.4611807017543859,0.0192998380969741,3,"1,2,3"
14,15.875,0.9561450526315789,0.02087279537574651,1.649409298245614,0.016768191793310325,1.4638533333333335,0.01947291575692564,3,"1,2,3"
14,16.125,0.9711924210526317,0.02679611056091873,1.6669287719298247,0.017215359835952217,1.46565701754386,0.019683182093095136,3,"1,2,3"
14,16.375,0.9776123157894737,0.028141902420236252,1.6727143859649123,0.016539790039171054,1.4660914035087715,0.0198196105182651,3,"1,2,3"
14,16.625,0.9681509122807017,0.015141182584523207,1.653891754385965,0.016644600644797936,1.4641826315789475,0.0198366054130261,3,"1,2,3"
14,16.875,0.9904421929824561,0.011436106762219655,1.6065742105263159,0.01719923028619804,1.4602043859649123,0.020001737991582252,3,"1,2,3"
14,17.125,1.003334649122807,0.0035258555542379286,1.539347192982456,0.016899406210144335,1.4550833333333333,0.019946369619642277,3,"1,2,3"
14,17.375,1.019920543859649,0.01607718510050566,1.4668566666666667,0.016890235664984415,1.449668245614035,0.019990746614372862,3,"1,2,3"
14,17.625,1.041114298245614,0.0030394831169697576,1.4019142105263158,0.016447323205551947,1.445207543859649,0.019928774606330846,3,"1,2,3"
14,17.875,1.0807401754385966,0.012927159698031657,1.3518922807017544,0.016329649745745103,1.4422659649122807,0.01983719989778165,3,"1,2,3"
14,18.125,1.1435335438596492,0.0024752213567999586,1.3173964912280702,0.01587414596525404,1.4410212280701753,0.01998363953337054,3,"1,2,3"
14,18.375,1.2061724561403508,0.003241884030197744,1.297961052631579,0.015223620079017104,1.4417549122807014,0.019943255097507943,3,"1,2,3"
14,18.625,1.293581052631579,0.013729342363562864,1.2891498245614035,0.01461937819175116,1.4436794736842107,0.01982377429115901,3,"1,2,3"
14,18.875,1.3885480701754387,0.026258448438048407,1.2879892982456143,0.014188367781447988,1.4467242105263154,0.019909010673608143,3,"1,2,3"
14,19.125,1.4727366666666668,0.04113310362381265,1.292261052631579,0.012669735002814892,1.4503105263157894,0.019845527574937502,3,"1,2,3"
14,19.375,1.537334210526316,0.047978886176569695,1.2985277192982456,0.012004204252225509,1.453718947368421,0.019961743137921,3,"1,2,3"
14,19.625,1.581356842105263,0.04361536589125734,1.3061496491228068,0.012289989893612742,1.4567722807017542,0.020138163327925996,3,"1,2,3"
14,19.875,1.5915233333333336,0.036480976269956424,1.3139563157894736,0.011664120479310355,1.4590017543859648,0.020154798701058945,3,"1,2,3"
14,20.125,1.6128885964912278,0.023160232347462055,1.3217822807017543,0.011454915320977786,1.4603036842105264,0.02038373313115035,3,"1,2,3"
14,20.375,1.6120870175438595,0.03247845983063449,1.3287408771929823,0.01261273837855874,1.460625614035088,0.020695309607881747,3,"1,2,3"
14,20.625,1.611664561403509,0.026038926724336525,1.3346747368421052,0.012422165494303562,1.460028596491228,0.020929854956522782,3,"1,2,3"
14,20.875,1.6427661403508773,0.011831717411418571,1.3396928070175438,0.012499350619020265,1.4585643859649124,0.021120777700211216,3,"1,2,3"
14,21.125,1.6691942105263158,0.02211814194173544,1.3427905263157893,0.012742064312926566,1.4563435087719299,0.021415092762585797,3,"1,2,3"
14,21.375,1.6740970175438594,0.02792192228529177,1.3457917543859648,0.0132336752818357,1.453119298245614,0.021437756276066727,3,"1,2,3"
14,21.625,1.6824821052631578,0.035047679722405085,1.3470680701754383,0.012936554186718878,1.4492828070175436,0.021578097793859247,3,"1,2,3"
14,21.875,1.703359298245614,0.0341357951820608,1.3484050877192981,0.013120070281755904,1.4452142105263157,0.021602359857923,3,"1,2,3"
14,22.125,1.6981240350877194,0.021090925879333144,1.3486133333333334,0.013223793501046712,1.4405377192982456,0.02152544913681709,3,"1,2,3"
14,22.375,1.661161052631579,0.016599214918746844,1.3485698245614035,0.012402654455801576,1.435847894736842,0.02145811595529478,3,"1,2,3"
14,22.625,1.5809836842105263,0.011226521929988353,1.3498440350877194,0.01212792110120278,1.4318936842105263,0.021422157792948822,3,"1,2,3"
14,22.875,1.486328245614035,0.031530818822399234,1.3517601754385968,0.012495931159264968,1.4286654385964912,0.021510353264613886,3,"1,2,3"
14,23.125,1.3919333333333332,0.02242003569200773,1.3554526315789472,0.013077241535127198,1.4265468421052632,0.021697986890209915,3,"1,2,3"
14,23.375,1.3140698245614033,0.02102550734380331,1.3621982456140351,0.0138491235248623,1.4258433333333336,0.021821409854530394,3,"1,2,3"
14,23.625,1.2708229824561406,0.022719944079420514,1.3736156140350877,0.014416431692318982,1.4264405263157893,0.021836430769975365,3,"1,2,3"
14,23.875,1.2284156140350877,0.01715520951075662,1.3919736842105264,0.015572501493661255,1.4284612280701754,0.021984723149370108,3,"1,2,3"
14,24.125,1.2061773684210528,0.011568342232702401,1.4174194736842105,0.015802680903263793,1.4316410526315788,0.022061923692378076,3,"1,2,3"
14,24.375,1.18842,0.005173629615460484,1.4476777192982457,0.016626638119828775,1.4355345614035084,0.022155894714642882,3,"1,2,3"
14,24.625,1.1705375438596493,0.013758857167999116,1.47158649122807,0.017328059441655334,1.4392149122807016,0.02239114523463315,3,"1,2,3"
14,24.875,1.1703724561403508,0.013235116069903302,1.4799515789473687,0.017868614437110714,1.4420108771929823,0.02251262622372333,3,"1,2,3"
14,0.125,0.0,0.0,0.0,0.0,0.0,0.0,3,"1,2,3"
14,0.375,0.0,0.0,0.0,0.0,0.0,0.0,3,"1,2,3"
14,0.625,0.0,0.0,0.0,0.0,0.0,0.0,3,"1,2,3"
14,0.875,0.0,0.0,0.0,0.0,0.09553204385964913,0.0003045255221708534,3,"1,2,3"
14,1.125,0.0,0.0,0.0,0.0,2.682411754385965,0.004055277430518333,3,"1,2,3"
14,1.375,0.0,0.0,0.0,0.0,4.301308947368422,0.0035797553525516177,3,"1,2,3"
14,1.625,0.0,0.0,0.0,0.0,5.5477105263157895,0.0013523309789540885,3,"1,2,3"
14,1.875,0.0,0.0,0.0,0.0,2.8868003508771927,0.002262877189173958,3,"1,2,3"
14,2.125,0.0,0.0,0.0,0.0,1.661467543859649,0.006894851670843984,3,"1,2,3"
14,2.375,0.0,0.0,0.0,0.0,1.675071754385965,0.007679366922551523,3,"1,2,3"
14,2.625,0.0,0.0,0.0,0.0,1.51128,0.008780829155883916,3,"1,2,3"
14,2.875,0.0,0.0,0.0,0.0,1.4662036842105264,0.010343096653522977,3,"1,2,3"
14,3.125,0.0,0.0,0.0,0.0,1.601065087719298,0.011504780493666393,3,"1,2,3"
14,3.375,0.0,0.0,0.0,0.0,1.693981754385965,0.011241011883663542,3,"1,2,3"
14,3.625,0.0,0.0,0.0,0.0,1.7449577192982453,0.011060278226496894,3,"1,2,3"
14,3.875,0.0,0.0,0.0,0.0,1.761388596491228,0.010438946133021107,3,"1,2,3"
14,4.125,0.0,0.0,0.0,0.0,1.752392105263158,0.010375106082515675,3,"1,2,3"
14,4.375,0.0,0.0,0.0,0.0,1.7271591228070176,0.00950883259836948,3,"1,2,3"
14,4.625,0.0,0.0,2.9118184210526314e-05,3.3010562989456637e-06,1.6941466666666667,0.008681149501280832,3,"1,2,3"
14,4.875,0.0,0.0,0.04396644912280701,6.111696706043035e-05,1.6621614035087717,0.008301840503179213,3,"1,2,3"
14,5.125,0.0,0.0,1.303132105263158,0.002196887624676687,1.7109189473684212,0.008337114329686191,3,"1,2,3"
14,5.375,0.0,0.0,5.490257894736842,0.009308755358037503,1.9548385964912278,0.009240114743217974,3,"1,2,3"
14,5.625,0.0,0.0,8.47004859649123,0.026720947400464712,2.125857368421052,0.01014718756663436,3,"1,2,3"
14,5.875,0.0,0.0,8.01177754385965,0.023093166166796346,2.0794935087719293,0.01051623529895731,3,"1,2,3"
14,6.125,0.0,0.0,5.969407543859649,0.015347166715477761,1.934545789473684,0.010237840270643023,3,"1,2,3"
14,6.375,0.0,0.0,3.9916933333333335,0.010156968963661712,1.797178947368421,0.010227212256758206,3,"1,2,3"
14,6.625,0.0,0.0,2.6600040350877188,0.011283921755382655,1.7038836842105258,0.010552598354937418,3,"1,2,3"
14,6.875,0.0,0.0,1.8344887719298246,0.010723577808821726,1.6451722807017541,0.010860355550528732,3,"1,2,3"
14,7.125,0.0,0.0,1.346624912280702,0.008866382110694454,1.6091984210526313,0.0112802319757028,3,"1,2,3"
14,7.375,0.0,0.0,1.0733752631578948,0.006914434017613865,1.5881801754385965,0.011785742081220315,3,"1,2,3"
14,7.625,0.0,0.0,0.9351736666666666,0.005950040221056949,1.576265789473684,0.012070227353519604,3,"1,2,3"
14,7.875,0.0,0.0,0.88513949122807,0.005016175831354906,1.572249122807018,0.012505703654103901,3,"1,2,3"
14,8.125,0.0,0.0,0.8935153508771929,0.0053415702709094315,1.5732607017543863,0.013052186200192582,3,"1,2,3"
14,8.375,0.0,0.0,0.9330050877192981,0.005170688195601059,1.5779905263157896,0.013072153574550717,3,"1,2,3"
14,8.625,0.0,0.0,0.9885215964912281,0.00577460085805663,1.5870768421052628,0.013618155091902603,3,"1,2,3"
14,8.875,0.0,0.0,1.0462913508771932,0.005837410398881888,1.5990928070175439,0.013538814549848913,3,"1,2,3"
14,9.125,0.0,0.0,1.1008849122807016,0.00686410275399637,1.6129164912280702,0.013443303895873828,3,"1,2,3"
14,9.375,0.0,0.0,1.1483066666666666,0.007816868049310897,1.6287108771929824,0.014008994876780997,3,"1,2,3"
14,9.625,0.0,0.0,1.1870556140350876,0.008857825752963686,1.6458382456140352,0.014113253996901012,3,"1,2,3"
14,9.875,0.0,0.0,1.217045263157895,0.00928822601829575,1.6637405263157892,0.01446620348944269,3,"1,2,3"
14,10.125,0.0018242739122807017,0.0002698007418077834,1.2397185964912278,0.010952163089142595,1.681754561403509,0.014961054546883373,3,"1,2,3"
14,10.375,0.07341592280701754,0.0043387005071916325,1.2552429824561404,0.01256609366277048,1.699509298245614,0.015535776447629207,3,"1,2,3"
14,10.625,0.8578997719298246,0.03587969255528974,1.2673321052631576,0.011808155225290995,1.7134594736842104,0.016116574911818966,3,"1,2,3"
14,10.875,3.6513287719298244,0.03993080796818803,1.2747833333333334,0.011356468784634912,1.7163940350877196,0.016529272672863533,3,"1,2,3"
14,11.125,6.959647894736842,0.06100323305238848,1.2801822807017544,0.011704638293725648,1.6975515789473683,0.01693328363716996,3,"1,2,3"
14,11.375,7.42260052631579,0.07207177000448248,1.2833814035087723,0.012977213742396874,1.6517105263157896,0.017379815273683964,3,"1,2,3"
14,11.625,5.671715964912281,0.02843212410843279,1.2848173684210524,0.013343168697022293,1.589869649122807,0.01773783051716969,3,"1,2,3"
14,11.875,3.862109649122807,0.07155224656837272,1.2861743859649122,0.01402746870172602,1.5267243859649122,0.018160154043695025,3,"1,2,3"
14,12.125,2.5848105263157897,0.03367718184343779,1.2879929824561405,0.014798892800873167,1.4725077192982459,0.018561650998250544,3,"1,2,3"
14,12.375,1.8427449122807016,0.06146604772673789,1.2916798245614032,0.01434725294603726,1.431591052631579,0.018733978506780737,3,"1,2,3"
14,12.625,1.43267701754386,0.04527590616951359,1.2981903508771928,0.014818588376261302,1.4048059649122806,0.018816170416133163,3,"1,2,3"
14,12.875,1.1910135789473684,0.04706455494995278,1.3094521052631578,0.014135806332971845,1.3903794736842106,0.018792161157256355,3,"1,2,3"
14,13.125,1.0552089649122807,0.027923814816041687,1.3267208771929824,0.013423031992556414,1.3855324561403508,0.018833975136761123,3,"1,2,3"
14,13.375,0.9794271052631579,0.027204254268728554,1.3489307017543861,0.012556487416425382,1.387595263157895,0.018961085624291284,3,"1,2,3"
14,13.625,0.9643172280701754,0.026908066099272734,1.376498596491228,0.012095527147567063,1.3945912280701753,0.01904204865689073,3,"1,2,3"
14,13.875,0.9619079298245614,0.01999103065979512,1.408068596491228,0.011851264187845462,1.4042019298245616,0.0193663297037069,3,"1,2,3"
14,14.125,0.960918807017544,0.035431171106479295,1.4421515789473685,0.01193781775306726,1.4147178947368417,0.019813252124309712,3,"1,2,3"
14,14.375,0.945052701754386,0.030264243309363198,1.476263684210526,0.011779402912032187,1.4250535087719298,0.020082209642016173,3,"1,2,3"
14,14.625,0.9318493508771931,0.006824145956641687,1.5096178947368422,0.012150024619136182,1.4346226315789476,0.02038597470181239,3,"1,2,3"
14,14.875,0.9228698596491229,0.0030808748638572045,1.541240701754386,0.014141346491004484,1.4428191228070173,0.020710240397202918,3,"1,2,3"
14,15.125,0.9224798245614035,0.0167166586762133,1.5711608771929828,0.014721658370474993,1.4495105263157895,0.020936841364346183,3,"1,2,3"
14,15.375,0.9166319649122808,0.012922256106910337,1.5992001754385965,0.015401417775591444,1.4550171929824558,0.021140188429164007,3,"1,2,3"
14,15.625,0.9392215964912283,0.01885115467930276,1.6241375438596493,0.01687029769966214,1.4590033333333334,0.021121654641585427,3,"1,2,3"
14,15.875,0.9519092631578948,0.020117823225613254,1.6473777192982457,0.017871128184632604,1.4618594736842105,0.021121248428538675,3,"1,2,3"
14,16.125,0.9624546666666668,0.01926113343692045,1.665350701754386,0.019094835530090407,1.4634875438596493,0.02103352486622105,3,"1,2,3"
14,16.375,0.963510754385965,0.005216872097235742,1.6715519298245611,0.02028317493115374,1.4636896491228073,0.020964750723887555,3,"1,2,3"
14,16.625,0.9804258245614035,0.007016194134805144,1.6533647368421054,0.019529954023374426,1.4618861403508774,0.020964805685701197,3,"1,2,3"
14,16.875,0.9932112631578947,0.008737313665249057,1.6063794736842105,0.01857929476341377,1.4580698245614034,0.02090772986513038,3,"1,2,3"
14,17.125,1.011034947368421,0.014290755077372175,1.5390196491228074,0.018567539325115866,1.4530157894736844,0.020892002768668608,3,"1,2,3"
14,17.375,1.024451105263158,0.008509578527766347,1.4664494736842106,0.019319963987930358,1.4475692982456139,0.020749681457281212,3,"1,2,3"
14,17.625,1.048129298245614,0.015870725370226817,1.4002280701754384,0.0190994492160648,1.4431678947368418,0.02097897885139486,3,"1,2,3"
14,17.875,1.0603982105263157,0.008793073520726634,1.349931403508772,0.01848640042343475,1.4402875438596492,0.02092844809961795,3,"1,2,3"
14,18.125,1.1228937192982456,0.001447670833691398,1.3157691228070176,0.017881081943615734,1.4392252631578948,0.02098417058066506,3,"1,2,3"
14,18.375,1.1876845614035088,0.010582497652787485,1.2948129824561405,0.016648764501718212,1.4397950877192984,0.02096894106191902,3,"1,2,3"
14,18.625,1.2739882456140352,0.006558744690679281,1.285809298245614,0.016015543444578378,1.4419808771929823,0.021008021887501366,3,"1,2,3"
14,18.875,1.3984187719298244,0.009739700351778981,1.2843329824561402,0.015065429048524507,1.4452307017543857,0.020991514379906782,3,"1,2,3"
14,19.125,1.4939584210526313,0.011043105828264755,1.2888819298245613,0.014231862620014503,1.4489857894736842,0.02118897170861128,3,"1,2,3"
14,19.375,1.5576529824561405,0.008642752997643232,1.2956214035087719,0.013972880872493158,1.452703157894737,0.02139707870051372,3,"1,2,3"
14,19.625,1.610110350877193,0.012548888951296445,1.3040187719298246,0.01391466779149316,1.455931052631579,0.021517913330304304,3,"1,2,3"
14,19.875,1.6240680701754382,0.007410788787882624,1.3120903508771933,0.01308516648589853,1.4581929824561402,0.021709916011978223,3,"1,2,3"
14,20.125,1.6225552631578948,0.015328780889089075,1.320260350877193,0.012319062575509037,1.4595047368421052,0.02171565122711991,3,"1,2,3"
14,20.375,1.6135761403508775,0.017246280610344285,1.3272315789473685,0.012083465714561354,1.4599007017543861,0.021918647926625498,3,"1,2,3"
14,20.625,1.6149377192982453,0.013263633675212912,1.333335964912281,0.011744076649513541,1.4592812280701757,0.02205202587759785,3,"1,2,3"
14,20.875,1.6205863157894738,0.02545243465960736,1.3383459649122809,0.01134012743233496,1.4576603508771928,0.022171867650523668,3,"1,2,3"
14,21.125,1.6375514035087722,0.030522943293238285,1.341391403508772,0.011102258655125475,1.4551598245614035,0.022336991113204516,3,"1,2,3"
14,21.375,1.662936666666667,0.04551214588596766,1.3443789473684211,0.011672108550109495,1.45191,0.022374861698144143,3,"1,2,3"
14,21.625,1.6791692982456141,0.038545636446601264,1.3459752631578947,0.011934442447310211,1.4480387719298244,0.02241429680498444,3,"1,2,3"
14,21.875,1.68806649122807,0.024474091290081122,1.3467654385964913,0.012050197029330181,1.443628245614035,0.022484846072943883,3,"1,2,3"
14,22.125,1.710140701754386,0.025363413210793287,1.347713333333333,0.012849496250573661,1.4391591228070173,0.022450314931082176,3,"1,2,3"
14,22.375,1.6745642105263159,0.02898307326559345,1.3480729824561404,0.01336583441154247,1.4345510526315788,0.022505995438006906,3,"1,2,3"
14,22.625,1.5846826315789475,0.029719156439314647,1.3486780701754386,0.014196276769460002,1.430312807017544,0.022516993075502024,3,"1,2,3"
14,22.875,1.489914912280702,0.02983543877186576,1.350872807017544,0.014411601720239586,1.427106140350877,0.02257932016350044,3,"1,2,3"
14,23.125,1.3997866666666667,0.023996242016236784,1.355016842105263,0.014958251807533497,1.424955263157895,0.02266116789529117,3,"1,2,3"
14,23.375,1.3230912280701752,0.022295815234647437,1.3625477192982458,0.015232092974590973,1.4241719298245616,0.022795786064448233,3,"1,2,3"
14,23.625,1.2660436842105263,0.016152709648648275,1.374428596491228,0.015994427384439614,1.4248705263157895,0.022827393204592705,3,"1,2,3"
14,23.875,1.224271929824561,0.012893186711934209,1.3931294736842108,0.015897034416260194,1.4268345614035087,0.022886333788962,3,"1,2,3"
14,24.125,1.1970828070175437,0.011468618230822087,1.4196478947368423,0.015799114968725683,1.4299978947368421,0.022961939535254564,3,"1,2,3"
14,24.375,1.1762315789473683,0.01711282116964105,1.4497531578947374,0.016368637743248943,1.433939649122807,0.02304324988274252,3,"1,2,3"
14,24.625,1.1702842105263158,0.005801663769391905,1.4739570175438599,0.016964188587405282,1.4378396491228072,0.02323066847846386,3,"1,2,3"
14,24.875,1.1678773684210526,0.008351510233266914,1.4816478947368419,0.017379555383755612,1.4406108771929826,0.023358508899578974,3,"1,2,3"
14,0.125,0.0,0.0,0.0,0.0,0.0,0.0,3,"1,2,3"
14,0.375,0.0,0.0,0.0,0.0,0.0,0.0,3,"1,2,3"
14,0.625,0.0,0.0,0.0,0.0,0.0,0.0,3,"1,2,3"
14,0.875,0.0,0.0,0.0,0.0,0.09545887543859649,0.00015802888233353943,3,"1,2,3"
14,1.125,0.0,0.0,0.0,0.0,2.6832152631578943,0.006242306600107645,3,"1,2,3"
14,1.375,0.0,0.0,0.0,0.0,4.307384035087719,0.004626148118497817,3,"1,2,3"
14,1.625,0.0,0.0,0.0,0.0,5.545478421052631,0.0036143975205763347,3,"1,2,3"
14,1.875,0.0,0.0,0.0,0.0,2.884808947368421,0.006837548563638261,3,"1,2,3"
14,2.125,0.0,0.0,0.0,0.0,1.6611822807017544,0.008038406106316903,3,"1,2,3"
14,2.375,0.0,0.0,0.0,0.0,1.6751308771929825,0.009663265578016049,3,"1,2,3"
14,2.625,0.0,0.0,0.0,0.0,1.5138736842105265,0.011975619562117984,3,"1,2,3"
14,2.875,0.0,0.0,0.0,0.0,1.4694375438596492,0.012839948455160514,3,"1,2,3"
14,3.125,0.0,0.0,0.0,0.0,1.6055519298245615,0.014063073230476644,3,"1,2,3"
14,3.375,0.0,0.0,0.0,0.0,1.6990617543859647,0.01456085043971849,3,"1,2,3"
14,3.625,0.0,0.0,0.0,0.0,1.7504015789473684,0.013953276689673182,3,"1,2,3"
14,3.875,0.0,0.0,0.0,0.0,1.7673145614035084,0.013423229148133913,3,"1,2,3"
14,4.125,0.0,0.0,0.0,0.0,1.7583242105263157,0.011871459299136003,3,"1,2,3"
14,4.375,0.0,0.0,0.0,0.0,1.733210701754386,0.011650687046213958,3,"1,2,3"
14,4.625,0.0,0.0,2.5692514035087723e-05,2.9968389691882527e-06,1.6997126315789473,0.010928684317194775,3,"1,2,3"
14,4.875,0.0,0.0,0.043495575438596494,0.00016830092384312632,1.6673457894736845,0.01048130020199226,3,"1,2,3"
14,5.125,0.0,0.0,1.3012442105263158,0.0038612765388788095,1.7163798245614033,0.010789969525049417,3,"1,2,3"
14,5.375,0.0,0.0,5.4876535087719285,0.007584252776746729,1.9596552631578952,0.010575641728453357,3,"1,2,3"
14,5.625,0.0,0.0,8.46318403508772,0.01787995371999706,2.1301812280701755,0.010789937160206611,3,"1,2,3"
14,5.875,0.0,0.0,8.016925614035088,0.022302227343366808,2.084427543859649,0.01128372192524712,3,"1,2,3"
14,6.125,0.0,0.0,5.981403333333333,0.023176505099170044,1.9398668421052632,0.011766152270085982,3,"1,2,3"
14,6.375,0.0,0.0,4.008235789473684,0.017822914851770857,1.802383157894737,0.011803956854148324,3,"1,2,3"
14,6.625,0.0,0.0,2.6721417543859647,0.010953386776305644,1.70843350877193,0.012249874006424648,3,"1,2,3"
14,6.875,0.0,0.0,1.8434559649122806,0.010073548023180036,1.6496298245614034,0.012956190357313548,3,"1,2,3"
14,7.125,0.0,0.0,1.3537031578947367,0.006253749014095656,1.612936666666667,0.012861684968454428,3,"1,2,3"
14,7.375,0.0,0.0,1.076188596491228,0.003413086009694589,1.5911201754385964,0.013467931751279577,3,"1,2,3"
14,7.625,0.0,0.0,0.938206894736842,0.004148072959349292,1.579082456140351,0.013977004788226369,3,"1,2,3"
14,7.875,0.0,0.0,0.8899184385964912,0.0044641454098954154,1.574031052631579,0.014475307258279757,3,"1,2,3"
14,8.125,0.0,0.0,0.8970582631578948,0.005109806693873329,1.5752705263157898,0.014660481638870385,3,"1,2,3"
14,8.375,0.0,0.0,0.9372105087719298,0.00631333294248925,1.5805077192982455,0.014655409095576107,3,"1,2,3"
14,8.625,0.0,0.0,0.991786649122807,0.007221150154874834,1.588760350877193,0.014726949896266816,3,"1,2,3"
14,8.875,0.0,0.0,1.0502947368421054,0.007798008502897715,1.6000073684210527,0.014812220872147364,3,"1,2,3"
14,9.125,0.0,0.0,1.1044603508771929,0.007583754644167148,1.6138729824561404,0.014631417040208133,3,"1,2,3"
14,9.375,0.0,0.0,1.1532082456140353,0.008188465192192958,1.629359649122807,0.014728836373913557,3,"1,2,3"
14,9.625,0.0,0.0,1.1916563157894737,0.009584233619440961,1.6462587719298245,0.014735598257866247,3,"1,2,3"
14,9.875,0.0,0.0,1.222652456140351,0.009169606851564108,1.6644777192982456,0.014932669448786679,3,"1,2,3"
14,10.125,0.0015776707719298245,0.000255032725921411,1.245567894736842,0.010295521343839665,1.6827498245614037,0.015370707990942157,3,"1,2,3"
14,10.375,0.07443461052631578,0.0028272734792847178,1.2617477192982454,0.012270122127121008,1.7006059649122809,0.016172490101176017,3,"1,2,3"
14,10.625,0.8473314035087719,0.0291899172835101,1.271561754385965,0.013277796776078245,1.7147564912280704,0.0173416468290356,3,"1,2,3"
14,10.875,3.6802773684210526,0.0487385573492264,1.2796777192982456,0.013817556741326873,1.7175594736842108,0.017998809722623677,3,"1,2,3"
14,11.125,6.939018771929824,0.09423720666442682,1.2841424561403507,0.01475134074588364,1.6982777192982457,0.018351040539677475,3,"1,2,3"
14,11.375,7.425077368421053,0.03722667996230207,1.286906842105263,0.015287457650097145,1.6527936842105264,0.018446279853759497,3,"1,2,3"
14,11.625,5.766943508771931,0.03667668540787816,1.2877131578947367,0.016808692536393416,1.5909684210526314,0.018320827437797275,3,"1,2,3"
14,11.875,3.9274771929824563,0.02947491502547064,1.2880336842105262,0.01639777720112034,1.5273396491228068,0.0178091279693136,3,"1,2,3"
14,12.125,2.613585438596491,0.006713369391997898,1.2881787719298243,0.016510215435520545,1.4725778947368422,0.017528298338951295,3,"1,2,3"
14,12.375,1.867551754385965,0.03980200366698175,1.2901442105263157,0.01648939484584785,1.4315356140350877,0.017451000264126056,3,"1,2,3"
14,12.625,1.4345405263157895,0.025476907422586067,1.2962201754385967,0.01646875462555048,1.4044307017543858,0.017377897235921955,3,"1,2,3"
14,12.875,1.1828784210526317,0.01177630705086417,1.3060450877192984,0.017051677384681854,1.3894891228070174,0.017506058491354805,3,"1,2,3"
14,13.125,1.0537983508771929,0.020429961286880544,1.3230124561403507,0.017818865651309527,1.3846326315789472,0.017911940651788895,3,"1,2,3"
14,13.375,0.9891425438596492,0.0172779864437921,1.3461187719298247,0.01676989573109004,1.3865282456140353,0.018359913630000405,3,"1,2,3"
14,13.625,0.936112052631579,0.030584305481320087,1.3728856140350878,0.01644048914004842,1.393280701754386,0.018706204817560215,3,"1,2,3"
14,13.875,0.9226280701754387,0.016000329862154498,1.404622807017544,0.0150491722766117,1.402543684210526,0.01900465997672753,3,"1,2,3"
14,14.125,0.9258436140350876,0.0221018777321696,1.4381515789473684,0.01358067655928628,1.4129980701754385,0.019232218280951306,3,"1,2,3"
14,14.375,0.9328974736842106,0.019867149960084204,1.4734336842105262,0.012828584275563637,1.4233431578947366,0.019301551212904743,3,"1,2,3"
14,14.625,0.9376081403508771,0.022262774587606143,1.5066661403508774,0.01145588121734822,1.432591754385965,0.019435631219774006,3,"1,2,3"
14,14.875,0.9340631578947368,0.01840013613688647,1.5389982456140352,0.011539603278660328,1.4408591228070176,0.019466002051987133,3,"1,2,3"
14,15.125,0.9288161228070174,0.039345532370600976,1.5696715789473685,0.012447294558588184,1.4476075438596492,0.019726032166384747,3,"1,2,3"
14,15.375,0.9391119298245615,0.025624399950881213,1.5968221052631577,0.013371809461449708,1.4527410526315787,0.019951072095177994,3,"1,2,3"
14,15.625,0.9520996666666668,0.020944810483438103,1.6230801754385966,0.015150658874368523,1.4567205263157896,0.02011810365657851,3,"1,2,3"
14,15.875,0.9639926315789475,0.014096564768528408,1.6469219298245614,0.01666246482767694,1.4591275438596494,0.020678929312541342,3,"1,2,3"
14,16.125,0.9576156842105262,0.023475307777343492,1.6651726315789472,0.018689588674939094,1.4606129824561405,0.021000025169634243,3,"1,2,3"
14,16.375,0.9678382280701756,0.02470698957378907,1.671022807017544,0.019394560994862406,1.4608756140350876,0.0212532360311901,3,"1,2,3"
14,16.625,0.9610437017543859,0.027923865326070923,1.6523061403508776,0.017969762816599028,1.4589122807017543,0.02120936245700372,3,"1,2,3"
14,16.875,0.9760242982456141,0.017776140479992306,1.6050708771929827,0.017456362632808357,1.455146140350877,0.021343311754823496,3,"1,2,3"
14,17.125,0.9837581754385966,0.008518463645497187,1.5369057894736844,0.01617507761708562,1.449868245614035,0.021313531374148414,3,"1,2,3"
14,17.375,0.9970102631578946,0.017313527358292204,1.4635817543859648,0.015213173656181505,1.4443575438596492,0.021437405242982682,3,"1,2,3"
14,17.625,1.0111685614035089,0.0064638659453196395,1.3980314035087718,0.015004224565663762,1.4400031578947365,0.021433143270899707,3,"1,2,3"
14,17.875,1.055827456140351,0.01369440694077419,1.3470833333333336,0.014624008494195033,1.4371429824561401,0.021472793760920927,3,"1,2,3"
14,18.125,1.1037373859649124,0.010752509353912304,1.3119171929824562,0.014110124328172297,1.435890350877193,0.021553584484357614,3,"1,2,3"
14,18.375,1.168316543859649,0.01948461354926109,1.291639649122807,0.01312339885380869,1.4367270175438598,0.021343757767305824,3,"1,2,3"
14,18.625,1.2613047368421053,0.013888655254668016,1.2827722807017545,0.012957290281434698,1.4390605263157894,0.02128639304148364,3,"1,2,3"
14,18.875,1.38734,0.02026692121353237,1.2811692982456142,0.013028780517014647,1.442488947368421,0.02123594313625921,3,"1,2,3"
14,19.125,1.4966652631578947,0.013591359491097733,1.2854094736842105,0.012924694930951863,1.4463950877192981,0.02111841969211712,3,"1,2,3"
14,19.375,1.5617778947368421,0.018597983870914207,1.292832456140351,0.01331425726108244,1.4502535087719297,0.02098234703808994,3,"1,2,3"
14,19.625,1.596779649122807,0.026638490179894274,1.3014033333333332,0.01394145959796761,1.4536426315789475,0.02098091368941899,3,"1,2,3"
14,19.875,1.6373994736842106,0.021101920752965714,1.309748245614035,0.013973235029839663,1.4559473684210527,0.020869626818553946,3,"1,2,3"
14,20.125,1.6330822807017544,0.031743921477253974,1.3182743859649122,0.014713633995775788,1.4575980701754385,0.020925730216723896,3,"1,2,3"
14,20.375,1.6322328070175438,0.016677201794985694,1.3260487719298246,0.014850847303106653,1.4579326315789471,0.02101999352065788,3,"1,2,3"
14,20.625,1.630030701754386,0.01079029979150925,1.3322940350877193,0.014935729050757043,1.45723649122807,0.021207668913504923,3,"1,2,3"
14,20.875,1.6344343859649122,0.021403589408821328,1.337666315789474,0.01513357307378802,1.455710701754386,0.021392655716883847,3,"1,2,3"
14,21.125,1.6335754385964913,0.021467382186420234,1.3404482456140352,0.01575889433207195,1.4530740350877196,0.02162494815490602,3,"1,2,3"
14,21.375,1.6672517543859648,0.03595470144396824,1.3429324561403508,0.015762930006456,1.449928596491228,0.02186899184904706,3,"1,2,3"
14,21.625,1.6920187719298247,0.03726874441801783,1.3443033333333332,0.01616129454107756,1.446043157894737,0.022109557193626585,3,"1,2,3"
14,21.875,1.708815438596491,0.029132003047146155,1.3444843859649123,0.016122048129439535,1.4415405263157897,0.022257682048159692,3,"1,2,3"
14,22.125,1.7002882456140354,0.030566778266274134,1.3448794736842107,0.015975247491352974,1.4368449122807014,0.022468677803571195,3,"1,2,3"
14,22.375,1.658542105263158,0.022207081710939325,1.3451333333333337,0.016030635890137642,1.4321691228070177,0.022556821901174806,3,"1,2,3"
14,22.625,1.5745975438596493,0.0145633861174069,1.3460349122807014,0.016144427351346892,1.4280963157894735,0.022649456247970025,3,"1,2,3"
14,22.875,1.4867119298245612,0.013694420835474468,1.348619649122807,0.0163720736847065,1.4248698245614035,0.022677340964687313,3,"1,2,3"
14,23.125,1.3879896491228072,0.012025681309481688,1.3533119298245613,0.016934811629802725,1.4226573684210526,0.02283886842617196,3,"1,2,3"
14,23.375,1.3144619298245617,0.014242058079649431,1.3606580701754385,0.017219124073441384,1.4218049122807017,0.022888595467225485,3,"1,2,3"
14,23.625,1.265649298245614,0.004702227529217984,1.3730050877192983,0.017495476040146774,1.4225007017543856,0.022906481280228003,3,"1,2,3"
14,23.875,1.2268777192982456,0.00698937077621002,1.3916628070175439,0.017279755592585468,1.4244938596491228,0.023050526289084012,3,"1,2,3"
14,24.125,1.2025670175438596,0.011622093912582959,1.4186596491228072,0.01697560651338811,1.4277903508771932,0.023219313168825823,3,"1,2,3"
14,24.375,1.1920433333333336,0.007209002353146238,1.4487512280701755,0.016412483899836405,1.431785614035088,0.02333611562754889,3,"1,2,3"
14,24.625,1.1813789473684209,0.01195290632916359,1.4734557894736844,0.015962056671544562,1.435649298245614,0.023570663427067866,3,"1,2,3"
14,24.875,1.1786608771929823,0.010556808967392627,1.4813242105263156,0.015636445039748308,1.4384233333333334,0.023759784988555053,3,"1,2,3"
14,0.125,0.0,0.0,0.0,0.0,0.0,0.0,3,"1,2,3"
14,0.375,0.0,0.0,0.0,0.0,0.0,0.0,3,"1,2,3"
14,0.625,0.0,0.0,0.0,0.0,0.0,0.0,3,"1,2,3"
14,0.875,0.0,0.0,0.0,0.0,0.09633011754385966,0.0006483200141337522,3,"1,2,3"
14,1.125,0.0,0.0,0.0,0.0,2.6885801754385965,0.00561619104983774,3,"1,2,3"
14,1.375,0.0,0.0,0.0,0.0,4.306401754385965,0.003531918704951232,3,"1,2,3"
14,1.625,0.0,0.0,0.0,0.0,5.547572456140351,0.0022730717715349355,3,"1,2,3"
14,1.875,0.0,0.0,0.0,0.0,2.886661052631579,0.005192093872529686,3,"1,2,3"
14,2.125,0.0,0.0,0.0,0.0,1.6624398245614038,0.0048999769033571255,3,"1,2,3"
14,2.375,0.0,0.0,0.0,0.0,1.6751821052631577,0.006532729742974146,3,"1,2,3"
14,2.625,0.0,0.0,0.0,0.0,1.512964210526316,0.008182984045291788,3,"1,2,3"
14,2.875,0.0,0.0,0.0,0.0,1.46798,0.008945741720031548,3,"1,2,3"
14,3.125,0.0,0.0,0.0,0.0,1.6039949122807018,0.009222265664958705,3,"1,2,3"
14,3.375,0.0,0.0,0.0,0.0,1.696848947368421,0.009291073079350788,3,"1,2,3"
14,3.625,0.0,0.0,0.0,0.0,1.7483073684210526,0.009770928255075553,3,"1,2,3"
14,3.875,0.0,0.0,0.0,0.0,1.764955614035088,0.009539762636478892,3,"1,2,3"
14,4.125,0.0,0.0,0.0,0.0,1.7555829824561406,0.008947740367226115,3,"1,2,3"
14,4.375,0.0,0.0,0.0,0.0,1.7298250877192984,0.009075331976135583,3,"1,2,3"
14,4.625,0.0,0.0,2.887351228070175e-05,6.574850959828524e-06,1.696891403508772,0.008748103388522152,3,"1,2,3"
14,4.875,0.0,0.0,0.04420497719298245,0.00040739929626713053,1.6644852631578946,0.009138974738983506,3,"1,2,3"
14,5.125,0.0,0.0,1.3053703508771928,0.0032275615445971303,1.713407543859649,0.009902596955833573,3,"1,2,3"
14,5.375,0.0,0.0,5.493301929824561,0.010284076085362125,1.9576001754385965,0.010675954483058915,3,"1,2,3"
14,5.625,0.0,0.0,8.475529649122807,0.020830921970143364,2.1285980701754386,0.011492174778198316,3,"1,2,3"
14,5.875,0.0,0.0,8.025735087719298,0.02613365194630134,2.0829807017543858,0.01234107886603597,3,"1,2,3"
14,6.125,0.0,0.0,5.9828245614035085,0.024020375447245453,1.9383391228070177,0.012649763090590965,3,"1,2,3"
14,6.375,0.0,0.0,4.003085789473684,0.015053591706589512,1.8008521052631579,0.01246895973894306,3,"1,2,3"
14,6.625,0.0,0.0,2.6648301754385963,0.012601365887165789,1.707481052631579,0.012697449718856193,3,"1,2,3"
14,6.875,0.0,0.0,1.839378771929825,0.008093511603178992,1.6487219298245614,0.013076977085758489,3,"1,2,3"
14,7.125,0.0,0.0,1.3488480701754388,0.006176698122153463,1.6127045614035087,0.013129712094092104,3,"1,2,3"
14,7.375,0.0,0.0,1.074424912280702,0.004370327661149076,1.5911484210526314,0.013410255023557891,3,"1,2,3"
14,7.625,0.0,0.0,0.9381347543859647,0.003784222029685865,1.5796684210526315,0.013626776726430428,3,"1,2,3"
14,7.875,0.0,0.0,0.8903253333333333,0.004833456341352012,1.575413859649123,0.013767388262228364,3,"1,2,3"
14,8.125,0.0,0.0,0.8987208245614035,0.006172744530172989,1.5760675438596492,0.013991964719099392,3,"1,2,3"
14,8.375,0.0,0.0,0.9388214035087721,0.00700144279041329,1.5814975438596488,0.014404195688472963,3,"1,2,3"
14,8.625,0.0,0.0,0.994493456140351,0.008543168788776461,1.5905087719298248,0.014794448263291368,3,"1,2,3"
14,8.875,0.0,0.0,1.0527856666666668,0.009634607401394754,1.6019780701754387,0.015548906136960796,3,"1,2,3"
14,9.125,0.0,0.0,1.1055928070175438,0.009958304044973854,1.615702105263158,0.016099641129727043,3,"1,2,3"
14,9.375,0.0,0.0,1.1541022807017542,0.010466127586378651,1.631714912280702,0.016257142487883534,3,"1,2,3"
14,9.625,0.0,0.0,1.1924470175438595,0.011362745987133068,1.6484961403508773,0.016825822772539634,3,"1,2,3"
14,9.875,0.0,0.0,1.2230654385964914,0.011810465430725592,1.6662989473684213,0.017106779031346844,3,"1,2,3"
14,10.125,0.0021748677192982456,0.0003457509726167092,1.2452742105263157,0.012565430504654885,1.684611578947368,0.017664509561856966,3,"1,2,3"
14,10.375,0.07801132456140351,0.0006973108218163713,1.2620826315789473,0.014299102426163118,1.7022442105263156,0.018187142612773422,3,"1,2,3"
14,10.625,0.8772343684210527,0.01222038912232416,1.2747143859649122,0.014758672986295547,1.7160521052631579,0.018417839664662292,3,"1,2,3"
14,10.875,3.7126842105263163,0.05749425750119779,1.2825128070175438,0.01422457559135163,1.7188519298245615,0.01857644049651236,3,"1,2,3"
14,11.125,7.022942631578947,0.059967461224606895,1.2870828070175437,0.01529538316412077,1.699401754385965,0.01897686618247919,3,"1,2,3"
14,11.375,7.450322280701754,0.08611966395075253,1.28974,0.016281176193555912,1.653336140350877,0.01895670985286413,3,"1,2,3"
14,11.625,5.753125789473685,0.07965600443221701,1.2902461403508771,0.01674031070939156,1.5913680701754387,0.019147686119165085,3,"1,2,3"
14,11.875,3.8802733333333337,0.05090650395425464,1.2903377192982457,0.016296708759901312,1.527691754385965,0.018991960656831695,3,"1,2,3"
14,12.125,2.5722122807017542,0.030280048343258162,1.2914926315789474,0.016456284275359084,1.4731226315789474,0.018931680230330556,3,"1,2,3"
14,12.375,1.8275185964912282,0.01335633500034444,1.29380350877193,0.016421062889860418,1.4320049122807017,0.01911051300126305,3,"1,2,3"
14,12.625,1.4222128070175437,0.03581151644291995,1.2998845614035088,0.01551510100077759,1.4050864912280703,0.019126951366460514,3,"1,2,3"
14,12.875,1.2007115263157895,0.03759007131202126,1.310171403508772,0.015456635227157133,1.3905359649122806,0.019364035574894273,3,"1,2,3"
14,13.125,1.0728358947368422,0.04543792766005738,1.326486140350877,0.016164788427889598,1.3853794736842104,0.019511436582819536,3,"1,2,3"
14,13.375,0.9936391754385964,0.050841853273436224,1.3493935087719298,0.01595328760702491,1.3874952631578947,0.019840767077589198,3,"1,2,3"
14,13.625,0.9653067543859649,0.02803343872941753,1.3772843859649122,0.016199990773986685,1.394371052631579,0.020095222214828803,3,"1,2,3"
14,13.875,0.9479221754385966,0.03733631084236007,1.4093591228070175,0.01617540276854112,1.4038264912280702,0.020328536199025242,3,"1,2,3"
14,14.125,0.9391977543859649,0.011872779081179658,1.4447910526315788,0.01632727158512991,1.414528596491228,0.020530403553079758,3,"1,2,3"
14,14.375,0.9277841754385964,0.019195698476112907,1.4792642105263158,0.01663737624366658,1.4248694736842105,0.020882803260629416,3,"1,2,3"
14,14.625,0.9164695263157895,0.026534688885725397,1.514001754385965,0.01672239191569094,1.4345943859649124,0.02104560797897458,3,"1,2,3"
14,14.875,0.9220838070175438,0.026905923716094696,1.5460645614035087,0.017066069955808214,1.4429312280701756,0.021153941541018868,3,"1,2,3"
14,15.125,0.9319633684210525,0.02233372054895087,1.5750491228070176,0.017866139855589724,1.4497605263157896,0.021231918966738674,3,"1,2,3"
14,15.375,0.9353287368421053,0.024367051417270896,1.6024126315789473,0.018234078456958448,1.4551580701754385,0.021506858904365444,3,"1,2,3"
14,15.625,0.935521543859649,0.03282348809972738,1.6258315789473687,0.01916923443075195,1.458924035087719,0.021792371522421652,3,"1,2,3"
14,15.875,0.9428520877192984,0.027409683731098537,1.6475031578947368,0.0191385860813433,1.4617480701754386,0.021994751570434283,3,"1,2,3"
14,16.125,0.9550651228070174,0.026482933744791017,1.6643052631578945,0.019418908011668568,1.4631040350877191,0.022166617182790994,3,"1,2,3"
14,16.375,0.977019403508772,0.02696854757767596,1.6681152631578948,0.01933897989787207,1.4631514035087718,0.022284519163238016,3,"1,2,3"
14,16.625,0.9786251403508772,0.011670628101563777,1.6497078947368422,0.019318630351822404,1.4612470175438597,0.022461803710202337,3,"1,2,3"
14,16.875,0.9980499824561403,0.009705270641464231,1.6015112280701758,0.01819006458354967,1.4571249122807017,0.022463814264458638,3,"1,2,3"
14,17.125,0.9990778245614035,0.007328841400516932,1.5332829824561405,0.01792612191658594,1.4517950877192982,0.02261202715351671,3,"1,2,3"
14,17.375,1.0253602631578949,0.01853422276426858,1.460428596491228,0.015573126178516316,1.4462819298245613,0.022459356624116085,3,"1,2,3"
14,17.625,1.0336859824561404,0.017302040016000934,1.3951159649122806,0.01511650766957562,1.441663859649123,0.022445798988073352,3,"1,2,3"
14,17.875,1.0622427192982455,0.02004845856944545,1.3448454385964912,0.014049221620137454,1.4385812280701753,0.022371147170652604,3,"1,2,3"
14,18.125,1.1189954912280704,0.008633317368406388,1.311727192982456,0.013465343151000828,1.437391052631579,0.022405527575309957,3,"1,2,3"
14,18.375,1.1721500877192983,0.0005232483566345916,1.2927094736842104,0.012569421365464916,1.438133333333333,0.022432800498296324,3,"1,2,3"
14,18.625,1.2587907017543858,0.007440462067449929,1.284816140350877,0.011938590424995642,1.440352456140351,0.022449888237391163,3,"1,2,3"
14,18.875,1.367567192982456,0.008869277987993935,1.2841368421052632,0.012206502475228132,1.4436429824561403,0.022454870798816914,3,"1,2,3"
14,19.125,1.4840438596491226,0.016251644595141126,1.2879970175438598,0.012231336941874206,1.447447368421053,0.022568842694575205,3,"1,2,3"
14,19.375,1.5657461403508772,0.015550787460552598,1.2955147368421054,0.012783545431335388,1.451121052631579,0.02260219176896027,3,"1,2,3"
14,19.625,1.619555087719298,0.018709078248963083,1.3044528070175438,0.013525143183068253,1.4542000000000002,0.022692305801018737,3,"1,2,3"
14,19.875,1.6454754385964911,0.007178427803565078,1.3135201754385963,0.014701394839215837,1.456413157894737,0.02285378032943923,3,"1,2,3"
14,20.125,1.6336289473684207,0.018659150790373984,1.3214764912280703,0.015372390194814725,1.4576866666666666,0.02294583453884185,3,"1,2,3"
14,20.375,1.6177052631578948,0.011309844835910512,1.3293371929824562,0.015509448907587016,1.457730350877193,0.023160801039055153,3,"1,2,3"
14,20.625,1.6147426315789473,0.02351442908235805,1.3348433333333334,0.016294374266861044,1.456853157894737,0.023261219292884886,3,"1,2,3"
14,20.875,1.6154449122807015,0.014713514126062135,1.3393529824561403,0.016468774697684544,1.455027192982456,0.02332741819760786,3,"1,2,3"
14,21.125,1.6207677192982457,0.014001952576759949,1.3428450877192983,0.016766144603427225,1.45221,0.02342055649780074,3,"1,2,3"
14,21.375,1.6430570175438595,0.02233843477932773,1.3450247368421053,0.016818636367748527,1.448853333333333,0.023494066272473735,3,"1,2,3"
14,21.625,1.6847707017543858,0.019921967613617753,1.345679649122807,0.016856990857854196,1.4447761403508774,0.023513325375986077,3,"1,2,3"
14,21.875,1.7112947368421054,0.021476322490148168,1.3457087719298249,0.016997684146932434,1.440381754385965,0.023520731769248033,3,"1,2,3"
14,22.125,1.7010742105263157,0.012861650707060562,1.345984912280702,0.017076627876627375,1.4356884210526317,0.02352373842391441,3,"1,2,3"
14,22.375,1.6636929824561404,0.008059006046337656,1.3454952631578945,0.017544409505418565,1.4310957894736844,0.02350114298314685,3,"1,2,3"
14,22.625,1.5747092982456141,0.007149345492172782,1.3459994736842107,0.018783835514584433,1.4270228070175441,0.02357375303583441,3,"1,2,3"
14,22.875,1.4874935087719299,0.013251302501066108,1.3478998245614033,0.01860269520645568,1.4238201754385962,0.023518015025021773,3,"1,2,3"
14,23.125,1.413489649122807,0.005031711815270763,1.3521431578947372,0.018447200634920214,1.4217945614035088,0.02350630524372436,3,"1,2,3"
14,23.375,1.3271847368421053,0.009017654347742942,1.3592926315789473,0.01885935615765918,1.4211864912280703,0.023654014366052592,3,"1,2,3"
14,23.625,1.2686001754385963,0.012015750254166945,1.371717894736842,0.018466138044908827,1.4218245614035088,0.0237439061855455,3,"1,2,3"
14,23.875,1.225668596491228,0.009967831642417756,1.3904049122807018,0.01858291093516433,1.4239377192982454,0.023903128448929854,3,"1,2,3"
14,24.125,1.1990242105263158,0.008537240986203514,1.417127894736842,0.01879606283305119,1.4273250877192982,0.024158833006789063,3,"1,2,3"
14,24.375,1.1912968421052632,0.009394540142419713,1.448204210526316,0.018304584614604075,1.4314070175438598,0.02433311943138253,3,"1,2,3"
14,24.625,1.1866943859649124,0.008640419588292063,1.4722168421052633,0.01821320137030087,1.43519350877193,0.02441048843771702,3,"1,2,3"
14,24.875,1.1819950877192984,0.007712257698351776,1.480284561403509,0.018183283467537118,1.4380668421052631,0.024624599112278957,3,"1,2,3"
14,0.125,0.0,0.0,0.0,0.0,0.0,0.0,3,"1,2,3"
14,0.375,0.0,0.0,0.0,0.0,0.0,0.0,3,"1,2,3"
14,0.625,0.0,0.0,0.0,0.0,0.0,0.0,3,"1,2,3"
14,0.875,0.0,0.0,0.0,0.0,0.09548488245614035,0.0003510952833800087,3,"1,2,3"
14,1.125,0.0,0.0,0.0,0.0,2.6841421052631578,0.002251339029072151,3,"1,2,3"
14,1.375,0.0,0.0,0.0,0.0,4.30126596491228,0.00392904381342045,3,"1,2,3"
14,1.625,0.0,0.0,0.0,0.0,5.5479429824561395,0.0015603987896962586,3,"1,2,3"
14,1.875,0.0,0.0,0.0,0.0,2.886012631578948,0.0036258573539572573,3,"1,2,3"
14,2.125,0.0,0.0,0.0,0.0,1.6598577192982458,0.006376845990704596,3,"1,2,3"
14,2.375,0.0,0.0,0.0,0.0,1.675591403508772,0.007735599402922797,3,"1,2,3"
14,2.625,0.0,0.0,0.0,0.0,1.5132514035087719,0.008448227778700057,3,"1,2,3"
14,2.875,0.0,0.0,0.0,0.0,1.4683340350877192,0.010155045999354304,3,"1,2,3"
14,3.125,0.0,0.0,0.0,0.0,1.6039692982456142,0.01057586392467063,3,"1,2,3"
14,3.375,0.0,0.0,0.0,0.0,1.6973815789473683,0.01167718366227703,3,"1,2,3"
14,3.625,0.0,0.0,0.0,0.0,1.750012456140351,0.012174165176846932,3,"1,2,3"
14,3.875,0.0,0.0,0.0,0.0,1.7666705263157894,0.012347188202570494,3,"1,2,3"
14,4.125,0.0,0.0,0.0,0.0,1.7586368421052632,0.012988462861235362,3,"1,2,3"
14,4.375,0.0,0.0,0.0,0.0,1.734177543859649,0.01386597507864122,3,"1,2,3"
14,4.625,0.0,0.0,2.7894733333333336e-05,1.5857755275606922e-06,1.701035438596491,0.014130304168928314,3,"1,2,3"
14,4.875,0.0,0.0,0.043991563157894736,7.65314561848924e-05,1.6698019298245612,0.014333865718386919,3,"1,2,3"
14,5.125,0.0,0.0,1.3047280701754387,0.0012111670564617554,1.7194103508771932,0.01442032720248246,3,"1,2,3"
14,5.375,0.0,0.0,5.49608649122807,0.007235107292331928,1.9640336842105262,0.015151023826517207,3,"1,2,3"
14,5.625,0.0,0.0,8.479596842105265,0.02057981805040957,2.1351356140350877,0.01633870990144152,3,"1,2,3"
14,5.875,0.0,0.0,8.02887210526316,0.030938329113095044,2.089131052631579,0.017050618502576227,3,"1,2,3"
14,6.125,0.0,0.0,5.985581929824562,0.029092037531032625,1.944224561403509,0.01709925825141368,3,"1,2,3"
14,6.375,0.0,0.0,4.004422631578947,0.018871122324927877,1.8059784210526315,0.016594436190041823,3,"1,2,3"
14,6.625,0.0,0.0,2.669958245614035,0.0123764341816716,1.7125180701754383,0.015841889893817084,3,"1,2,3"
14,6.875,0.0,0.0,1.843881754385965,0.00749409056612989,1.6533480701754388,0.015322496971782996,3,"1,2,3"
14,7.125,0.0,0.0,1.3508980701754385,0.0049100595730368814,1.6163326315789472,0.015117690950871369,3,"1,2,3"
14,7.375,0.0,0.0,1.0753966666666663,0.003789105886959608,1.5948070175438598,0.01467832154021428,3,"1,2,3"
14,7.625,0.0,0.0,0.9378383684210526,0.0052365932711752865,1.582727192982456,0.015225434788936495,3,"1,2,3"
14,7.875,0.0,0.0,0.8893337368421053,0.006554018679789756,1.578091754385965,0.015135537595578556,3,"1,2,3"
14,8.125,0.0,0.0,0.8977350701754386,0.008324703995340212,1.5790805263157894,0.015565603644098418,3,"1,2,3"
14,8.375,0.0,0.0,0.9385554561403509,0.009402043691741085,1.5841098245614031,0.016089991821356786,3,"1,2,3"
14,8.625,0.0,0.0,0.9950695438596492,0.01070356535505527,1.592865438596491,0.016531458314507655,3,"1,2,3"
14,8.875,0.0,0.0,1.054465456140351,0.012056381371970534,1.604678947368421,0.01753557299908611,3,"1,2,3"
14,9.125,0.0,0.0,1.1089024561403509,0.012154323895246972,1.6184205263157894,0.017757228863647834,3,"1,2,3"
14,9.375,0.0,0.0,1.1568382456140351,0.013404073706749882,1.6341798245614034,0.018325399305627123,3,"1,2,3"
14,9.625,0.0,0.0,1.1957391228070176,0.013646136048533717,1.651357894736842,0.01886648305885748,3,"1,2,3"
14,9.875,6.871614035087718e-05,9.71792976381436e-05,1.2277201754385965,0.01401549624067116,1.6694035087719297,0.01927621061145301,3,"1,2,3"
14,10.125,0.0019668880000000004,0.0002544440848319902,1.251073333333333,0.014764140958189838,1.6880487719298245,0.019884749012116152,3,"1,2,3"
14,10.375,0.07568816666666667,0.005129322576182213,1.26816350877193,0.015184931506087388,1.7058652631578948,0.020318543841100142,3,"1,2,3"
14,10.625,0.8680690000000001,0.005076745058928344,1.279717543859649,0.015356830550851483,1.720525438596491,0.020793965405652592,3,"1,2,3"
14,10.875,3.684070701754386,0.026942897348152587,1.2877484210526315,0.016260548459254186,1.7233664912280702,0.021275340414593693,3,"1,2,3"
14,11.125,7.006442807017545,0.09186419619741835,1.2911247368421055,0.01644295534900645,1.7040787719298243,0.021714592428731975,3,"1,2,3"
14,11.375,7.440924210526315,0.08161580619618074,1.2920650877192978,0.015294184806288117,1.658348245614035,0.021603079879144584,3,"1,2,3"
14,11.625,5.76364701754386,0.11130728616216333,1.29194350877193,0.014401238573576463,1.5960999999999999,0.021668062271978605,3,"1,2,3"
14,11.875,3.90535,0.062346439361166774,1.291059649122807,0.01463412815312511,1.5320747368421053,0.021333662798990915,3,"1,2,3"
14,12.125,2.6186198245614034,0.021577037850187476,1.290889298245614,0.014105064035864171,1.4770836842105262,0.020828016507886876,3,"1,2,3"
14,12.375,1.8349203508771932,0.02252296702987565,1.2931303508771932,0.01441292608991603,1.4355563157894737,0.020672938435649983,3,"1,2,3"
14,12.625,1.4062315789473683,0.03455160830916226,1.2988763157894738,0.015191460593929609,1.4083868421052632,0.020617678628355954,3,"1,2,3"
14,12.875,1.1848653859649123,0.017631271826303096,1.3089673684210528,0.015256844072198968,1.393437368421053,0.020793749700157252,3,"1,2,3"
14,13.125,1.0483218596491228,0.02504754920618148,1.3256880701754385,0.015163190548649402,1.388387894736842,0.021004650670010158,3,"1,2,3"
14,13.375,0.9898593684210525,0.030659640130332722,1.3475678947368424,0.01603164541922133,1.3906270175438598,0.021307959993024525,3,"1,2,3"
14,13.625,0.9575258070175439,0.009851765053769349,1.3755159649122808,0.016677880875445375,1.3975850877192981,0.02146323568614018,3,"1,2,3"
14,13.875,0.9545189649122808,0.007974458910815456,1.4078719298245614,0.01711659334517026,1.4070771929824561,0.021629768952889143,3,"1,2,3"
14,14.125,0.9429654385964912,0.0135369286697686,1.442691052631579,0.01752611125216519,1.4179694736842106,0.02167491185824735,3,"1,2,3"
14,14.375,0.9423814385964911,0.0008682491508047806,1.4782773684210524,0.01734991327037047,1.428571403508772,0.02175195950814149,3,"1,2,3"
14,14.625,0.9455575789473684,0.002703155929591606,1.512481052631579,0.01723716307187433,1.4380605263157893,0.021702377384014464,3,"1,2,3"
14,14.875,0.9511395087719298,0.009501966557920273,1.5455663157894737,0.018231167781312247,1.446188947368421,0.021832524751543934,3,"1,2,3"
14,15.125,0.9435249824561404,0.014126628768484487,1.5764391228070174,0.019566217208049384,1.4527056140350878,0.021946374188988187,3,"1,2,3"
14,15.375,0.9519660877192981,0.015384202553870959,1.6039817543859651,0.019816500419824058,1.4577426315789472,0.02218251314394617,3,"1,2,3"
14,15.625,0.9462296491228069,0.013337789341549203,1.629250701754386,0.02083719000313695,1.4613533333333333,0.02241027182674777,3,"1,2,3"
14,15.875,0.9469644385964912,0.026544144588619215,1.652570350877193,0.021942967678335385,1.463684736842105,0.02281985335425884,3,"1,2,3"
14,16.125,0.9529398421052632,0.018856641228518118,1.671321403508772,0.02159119868023463,1.4649670175438596,0.0229492767447833,3,"1,2,3"
14,16.375,0.939996105263158,0.02784534197287448,1.6760187719298247,0.02103531978275059,1.4648200000000002,0.02305485728661115,3,"1,2,3"
14,16.625,0.9510847192982456,0.02676049700441036,1.6570949122807017,0.020668825733882533,1.4625494736842104,0.023234624332384497,3,"1,2,3"
14,16.875,0.9827375087719297,0.011321118013165531,1.608999298245614,0.019235282300903416,1.458499298245614,0.023183502911850493,3,"1,2,3"
14,17.125,0.983977157894737,0.022427148323994523,1.5396914035087719,0.01783743755293639,1.4528687719298246,0.023118505561891427,3,"1,2,3"
14,17.375,1.006998333333333,0.006007884799053215,1.465906666666667,0.015929905842593385,1.4471900000000002,0.02302864596931505,3,"1,2,3"
14,17.625,1.0245487017543862,0.019167247957269682,1.3992445614035087,0.013305960385444056,1.4425622807017546,0.02299220818810881,3,"1,2,3"
14,17.875,1.0738294736842102,0.020465978014512165,1.3477856140350877,0.012835475081202417,1.4393399999999996,0.02299834842117073,3,"1,2,3"
14,18.125,1.1078864035087719,0.0055851568492823345,1.313211754385965,0.012718397521646517,1.438067192982456,0.023170124750375963,3,"1,2,3"
14,18.375,1.1782509298245616,0.007755677207686667,1.2930785964912281,0.01303349131685123,1.438846842105263,0.023439594930934712,3,"1,2,3"
14,18.625,1.2747464912280702,0.01053244808510513,1.2837533333333333,0.012891810239554964,1.4409498245614036,0.023661197027036247,3,"1,2,3"
14,18.875,1.3708829824561404,0.013695791323221112,1.2834845614035089,0.013638448511783046,1.444195263157895,0.023830669551336718,3,"1,2,3"
14,19.125,1.4779066666666667,0.015584093414737014,1.288432807017544,0.01398176118592595,1.4480145614035085,0.023955711522689528,3,"1,2,3"
14,19.375,1.5651373684210528,0.01758704264175002,1.2960435087719298,0.014981032971973634,1.4516266666666668,0.023978095949848108,3,"1,2,3"
14,19.625,1.6047417543859648,0.025205304064227125,1.3044810526315789,0.015725323091569616,1.4547689473684209,0.024046693500951868,3,"1,2,3"
14,19.875,1.628978596491228,0.012906089741518516,1.3127503508771927,0.015785543401679272,1.4570733333333334,0.02405640890656457,3,"1,2,3"
14,20.125,1.6490257894736844,0.0024216738714775317,1.3204763157894739,0.015484510289655033,1.4584326315789473,0.024029660819009462,3,"1,2,3"
14,20.375,1.648257543859649,0.005722089922480177,1.3273566666666667,0.01567881395639024,1.4586942105263159,0.024117187351799022,3,"1,2,3"
14,20.625,1.6331547368421055,0.0023190225039792026,1.3333045614035088,0.015978844649447557,1.4578154385964914,0.024150919397104786,3,"1,2,3"
14,20.875,1.6429973684210524,0.017888624115924893,1.3377301754385964,0.016425816303716933,1.4558775438596492,0.024229039040805464,3,"1,2,3"
14,21.125,1.6657168421052633,0.0178010701743925,1.340691403508772,0.017094731793563623,1.4532254385964913,0.024456215041794824,3,"1,2,3"
14,21.375,1.6843298245614033,0.023684266527549118,1.3426368421052632,0.017515445187869773,1.4496628070175437,0.024489218123676725,3,"1,2,3"
14,21.625,1.6917447368421055,0.016828829477112,1.3434952631578947,0.01784356243596764,1.4453642105263158,0.024619367748354406,3,"1,2,3"
14,21.875,1.7050401754385967,0.01884783141616092,1.3435296491228066,0.018547658929627085,1.4406882456140353,0.024668702592479053,3,"1,2,3"
14,22.125,1.6974292982456138,0.02427817528687192,1.3437545614035091,0.01829179422528855,1.4358047368421054,0.024609681235772243,3,"1,2,3"
14,22.375,1.6618922807017542,0.02673322659051227,1.3438912280701754,0.018328238430809884,1.4310550877192982,0.024523726556849992,3,"1,2,3"
14,22.625,1.5750564912280705,0.022305317641213285,1.345027543859649,0.01787253785267137,1.42678,0.02445473834864794,3,"1,2,3"
14,22.875,1.4919963157894738,0.019736956673351718,1.3470764912280702,0.017350773774371143,1.4232563157894738,0.024257454507202084,3,"1,2,3"
14,23.125,1.390584210526316,0.007243556476895912,1.3514101754385965,0.017234240780450674,1.4209919298245612,0.02424240556499535,3,"1,2,3"
14,23.375,1.3082980701754385,0.015099860237551874,1.3590284210526316,0.016912418920961108,1.4201371929824562,0.024255033424307685,3,"1,2,3"
14,23.625,1.2486552631578947,0.008809697041188528,1.3708456140350875,0.016933350660884857,1.420645438596491,0.024360842163230256,3,"1,2,3"
14,23.875,1.2206868421052628,0.006743106311867473,1.389939298245614,0.017054708132897247,1.4226626315789475,0.024642456092888305,3,"1,2,3"
14,24.125,1.1977078947368422,0.00885487453071791,1.41677701754386,0.017272109341239145,1.4259129824561405,0.02484538030869941,3,"1,2,3"
14,24.375,1.183882105263158,0.008790817430637395,1.4472433333333334,0.017375211864008266,1.4299440350877193,0.02498538149637797,3,"1,2,3"
14,24.625,1.1757983684210525,0.00808281414783725,1.472076666666667,0.01741859004343541,1.4339508771929825,0.025105556768790616,3,"1,2,3"
14,24.875,1.1685019298245614,0.005490254630382361,1.4809294736842107,0.01760517177748833,1.4369145614035086,0.025212202025887243,3,"1,2,3"
14,0.125,0.0,0.0,0.0,0.0,0.0,0.0,3,"1,2,3"
14,0.375,0.0,0.0,0.0,0.0,0.0,0.0,3,"1,2,3"
14,0.625,0.0,0.0,0.0,0.0,0.0,0.0,3,"1,2,3"
14,0.875,0.0,0.0,0.0,0.0,0.09552895614035088,0.00039585478315988987,3,"1,2,3"
14,1.125,0.0,0.0,0.0,0.0,2.680547192982457,0.003040274576136943,3,"1,2,3"
14,1.375,0.0,0.0,0.0,0.0,4.30000403508772,0.002265393320028453,3,"1,2,3"
14,1.625,0.0,0.0,0.0,0.0,5.546749122807018,0.003786662220549997,3,"1,2,3"
14,1.875,0.0,0.0,0.0,0.0,2.882872105263157,0.0046389057080364,3,"1,2,3"
14,2.125,0.0,0.0,0.0,0.0,1.6564454385964913,0.006953976885307384,3,"1,2,3"
14,2.375,0.0,0.0,0.0,0.0,1.6698275438596495,0.009013608971510146,3,"1,2,3"
14,2.625,0.0,0.0,0.0,0.0,1.507043859649123,0.009308652894669912,3,"1,2,3"
14,2.875,0.0,0.0,0.0,0.0,1.4614342105263158,0.010213375520358111,3,"1,2,3"
14,3.125,0.0,0.0,0.0,0.0,1.598298771929824,0.010939693449407166,3,"1,2,3"
14,3.375,0.0,0.0,0.0,0.0,1.69169701754386,0.011726234214442034,3,"1,2,3"
14,3.625,0.0,0.0,0.0,0.0,1.743700701754386,0.011688738843805743,3,"1,2,3"
14,3.875,0.0,0.0,0.0,0.0,1.7612449122807015,0.01138714519062991,3,"1,2,3"
14,4.125,0.0,0.0,0.0,0.0,1.75269649122807,0.011624922873945424,3,"1,2,3"
14,4.375,0.0,0.0,0.0,0.0,1.727990350877193,0.01184576652433651,3,"1,2,3"
14,4.625,0.0,0.0,2.3979680701754388e-05,3.4081478827887193e-06,1.6955343859649126,0.011776901820826398,3,"1,2,3"
14,4.875,0.0,0.0,0.04404398421052632,0.0001446116225793746,1.663203859649123,0.011565702842486085,3,"1,2,3"
14,5.125,0.0,0.0,1.305248947368421,0.002932475657370558,1.7124496491228067,0.011332450454449718,3,"1,2,3"
14,5.375,0.0,0.0,5.4904828070175435,0.016296558481596998,1.956502280701754,0.012550531527102678,3,"1,2,3"
14,5.625,0.0,0.0,8.46168947368421,0.040412703909832065,2.126649298245614,0.014145441006272467,3,"1,2,3"
14,5.875,0.0,0.0,8.002625789473685,0.041700206934216805,2.0797791228070177,0.014437922648470063,3,"1,2,3"
14,6.125,0.0,0.0,5.966239649122808,0.02656235798535299,1.9354026315789474,0.013609779487250897,3,"1,2,3"
14,6.375,0.0,0.0,3.994066315789473,0.01755853692712594,1.797891228070175,0.013602856241900845,3,"1,2,3"
14,6.625,0.0,0.0,2.6638415789473684,0.010319626864133895,1.7047433333333333,0.01336114785110337,3,"1,2,3"
14,6.875,0.0,0.0,1.8397252631578944,0.007281104157131773,1.6458063157894733,0.013615253714223678,3,"1,2,3"
14,7.125,0.0,0.0,1.3514412280701755,0.005301392530059707,1.6095452631578946,0.013554426581861364,3,"1,2,3"
14,7.375,0.0,0.0,1.0765622807017543,0.007161061790758723,1.5878338596491226,0.013822751143834015,3,"1,2,3"
14,7.625,0.0,0.0,0.937148947368421,0.006301639439765491,1.5759708771929828,0.01397223050774809,3,"1,2,3"
14,7.875,0.0,0.0,0.887866157894737,0.008151601147660866,1.5714463157894736,0.013982242246707372,3,"1,2,3"
14,8.125,0.0,0.0,0.8970386315789475,0.008748742385708247,1.5723559649122807,0.014274688809116117,3,"1,2,3"
14,8.375,0.0,0.0,0.9368896666666665,0.009013258290779853,1.5778626315789472,0.014643531739007553,3,"1,2,3"
14,8.625,0.0,0.0,0.9921636666666666,0.009695269331275604,1.5866698245614035,0.014922403938521457,3,"1,2,3"
14,8.875,0.0,0.0,1.0500777192982458,0.009678854974930295,1.598578596491228,0.01574266256460312,3,"1,2,3"
14,9.125,0.0,0.0,1.1046880701754385,0.010447801770440088,1.6129689473684208,0.016538017468587997,3,"1,2,3"
14,9.375,0.0,0.0,1.1521487719298247,0.012325724290520756,1.6286798245614034,0.01756399829402858,3,"1,2,3"
14,9.625,0.0,0.0,1.192099649122807,0.011298816371657505,1.6461198245614035,0.018342667716883254,3,"1,2,3"
14,9.875,5.622228070175439e-05,7.95103118759682e-05,1.2214843859649123,0.010974686952657527,1.664064210526316,0.01884329738951485,3,"1,2,3"
14,10.125,0.002073848859649123,0.0001744133427334022,1.2447947368421053,0.012428594521218063,1.6826149122807024,0.019477366329619432,3,"1,2,3"
14,10.375,0.07886304736842104,0.0015328189713193765,1.260747192982456,0.012761120722450359,1.7006705263157895,0.0198257367125601,3,"1,2,3"
14,10.625,0.8755186140350877,0.01883749066918412,1.272792105263158,0.012851063168524331,1.7149342105263157,0.02001581149691331,3,"1,2,3"
14,10.875,3.6638247368421055,0.07240669050138186,1.2796168421052632,0.012690084888538077,1.7174326315789477,0.01989184018177271,3,"1,2,3"
14,11.125,6.923724035087719,0.11599534490479155,1.2835880701754385,0.012886803720325416,1.6981775438596491,0.019607522395828646,3,"1,2,3"
14,11.375,7.400895263157895,0.10796089495259756,1.2861787719298245,0.012900521340101442,1.6524482456140348,0.019120167287625996,3,"1,2,3"
14,11.625,5.7000631578947365,0.09574018718247816,1.2865473684210524,0.013447841424029328,1.5904863157894737,0.01841268394867817,3,"1,2,3"
14,11.875,3.88229350877193,0.033827280828114044,1.2865382456140348,0.013086238606800433,1.527398947368421,0.01790907868522698,3,"1,2,3"
14,12.125,2.60281,0.0512707328529261,1.288059649122807,0.012861515388381284,1.4726363157894735,0.01745114245123187,3,"1,2,3"
14,12.375,1.8738180701754388,0.028176196283316978,1.2907766666666667,0.013579783745038735,1.4317998245614036,0.01732398409697673,3,"1,2,3"
14,12.625,1.424735789473684,0.03594840310601535,1.296352807017544,0.01377790280128736,1.404731052631579,0.01743246325835584,3,"1,2,3"
14,12.875,1.2091089473684211,0.015272263641967746,1.3080085964912282,0.014594172835872075,1.3898943859649122,0.017948205672364385,3,"1,2,3"
14,13.125,1.093007192982456,0.02328067342563621,1.3247280701754385,0.015011617319258548,1.3848091228070174,0.01830616465367575,3,"1,2,3"
14,13.375,1.0199528771929824,0.0314966771400847,1.3473940350877192,0.015590923664360308,1.3870275438596493,0.01867776802856218,3,"1,2,3"
14,13.625,0.9718876842105263,0.010466580529901796,1.375302105263158,0.015516096910710656,1.3936605263157895,0.019145355106674544,3,"1,2,3"
14,13.875,0.9467027368421053,0.017742118534866777,1.4068536842105264,0.016690044096101937,1.4033456140350877,0.019553911017303787,3,"1,2,3"
14,14.125,0.9281828070175439,0.006880174808588539,1.4402526315789475,0.017092761493554175,1.4139012280701755,0.019817386018642434,3,"1,2,3"
14,14.375,0.9307057543859649,0.005444010131916032,1.47618,0.017642877830297634,1.424187894736842,0.020089402249274406,3,"1,2,3"
14,14.625,0.9383142280701754,0.01784439322691616,1.5103292982456142,0.018642794990228837,1.4337508771929823,0.020386199962409667,3,"1,2,3"
14,14.875,0.9419262456140353,0.03295113882036941,1.5431824561403509,0.01926896003277911,1.4419922807017542,0.020535426796364116,3,"1,2,3"
14,15.125,0.948912,0.015922642355488546,1.5728301754385965,0.02102713906270189,1.4484549122807016,0.020875811555357594,3,"1,2,3"
14,15.375,0.9435843684210526,0.002161110717808188,1.6011749122807017,0.021058238158419694,1.4536954385964913,0.021013204437361946,3,"1,2,3"
14,15.625,0.9397271929824561,0.008558313525319149,1.62746350877193,0.022480503654668308,1.457572807017544,0.021247887348496537,3,"1,2,3"
14,15.875,0.9370849122807018,0.004462323020502259,1.651173157894737,0.020792683682892856,1.460037543859649,0.021125039849638573,3,"1,2,3"
14,16.125,0.9472178596491229,0.011533733626025515,1.6682521052631578,0.020554696331355517,1.4614,0.02128297110157411,3,"1,2,3"
14,16.375,0.9501834035087721,0.0014479890193166182,1.673031052631579,0.01997634281360917,1.4612470175438597,0.021190749808329336,3,"1,2,3"
14,16.625,0.9689789473684209,0.007482521965239782,1.6535885964912282,0.018852026890560727,1.4592312280701754,0.021433690488703312,3,"1,2,3"
14,16.875,0.9876686491228069,0.01367059801850076,1.6059854385964911,0.017498620298248023,1.4549778947368421,0.021694211337132376,3,"1,2,3"
14,17.125,0.993705754385965,0.026211071174824664,1.538982456140351,0.015636296377973265,1.4495233333333333,0.02164223904462941,3,"1,2,3"
14,17.375,1.003564649122807,0.023160718761515424,1.4661308771929826,0.014853747806000694,1.4441715789473684,0.02205654602029385,3,"1,2,3"
14,17.625,1.0267657192982458,0.02039773545020279,1.4007280701754385,0.01394996702924247,1.4395121052631579,0.02211804694675119,3,"1,2,3"
14,17.875,1.0640542456140352,0.02328763450072988,1.3492959649122807,0.014054315900987609,1.4363963157894737,0.022401972162885607,3,"1,2,3"
14,18.125,1.1134151578947369,0.01340319670273713,1.3143529824561402,0.01434326588146897,1.4351719298245615,0.022532987716374693,3,"1,2,3"
14,18.375,1.1778215614035086,0.02267667786726531,1.2935352631578947,0.01588353146909804,1.4356878947368423,0.022884187845983697,3,"1,2,3"
14,18.625,1.2785226315789473,0.01970814576306664,1.2843829824561404,0.015410156747877348,1.4377980701754387,0.023019428577363218,3,"1,2,3"
14,18.875,1.3851419298245615,0.019344527678995624,1.2823575438596493,0.015468591364626156,1.4411375438596492,0.02312800794874978,3,"1,2,3"
14,19.125,1.4826763157894736,0.007832194950778443,1.28622649122807,0.014991694914353409,1.4448138596491227,0.023270649069048285,3,"1,2,3"
14,19.375,1.5656333333333332,0.014289739820682944,1.2926549122807016,0.014971187497786392,1.4484961403508771,0.023397592829179165,3,"1,2,3"
14,19.625,1.6016431578947368,0.027329688182274457,1.300298947368421,0.014548122463764237,1.451871052631579,0.023442133201757455,3,"1,2,3"
14,19.875,1.624618947368421,0.01876316686104959,1.3090210526315789,0.014262841409060763,1.4542763157894736,0.02361263993558554,3,"1,2,3"
14,20.125,1.629410701754386,0.020129809404322806,1.316841403508772,0.013985755491341323,1.4556114035087717,0.023588056285393042,3,"1,2,3"
14,20.375,1.6280977192982455,0.02283381014525305,1.3240882456140353,0.014627362842855013,1.4560375438596491,0.02379548259126724,3,"1,2,3"
14,20.625,1.6228935087719298,0.02339429439454263,1.329879649122807,0.014348254328580215,1.455213157894737,0.023834305792169518,3,"1,2,3"
14,20.875,1.6267180701754385,0.02816514449164344,1.3345861403508772,0.014901059747358255,1.4534654385964911,0.023851894358984483,3,"1,2,3"
14,21.125,1.6491773684210527,0.019947196532148413,1.3378385964912283,0.015511824729307325,1.4507745614035088,0.023810836954607693,3,"1,2,3"
14,21.375,1.6671359649122808,0.01224070200834612,1.340060350877193,0.016444664144465014,1.4471670175438593,0.023803109507419925,3,"1,2,3"
14,21.625,1.7021622807017545,0.018376202329786578,1.3415135087719297,0.016818240813739792,1.4432229824561402,0.023714626509720373,3,"1,2,3"
14,21.875,1.7027329824561404,0.01802121237188068,1.341725438596491,0.0180591419355528,1.438649298245614,0.023771175171552406,3,"1,2,3"
14,22.125,1.7089471929824562,0.030098672804395283,1.3417807017543861,0.01904652413661527,1.4338368421052632,0.023738630963052443,3,"1,2,3"
14,22.375,1.675613684210526,0.016433278248106323,1.3422945614035087,0.019272136639764098,1.429103859649123,0.023727417249504872,3,"1,2,3"
14,22.625,1.5982854385964913,0.013616020833204321,1.342917543859649,0.01948865998051821,1.4249882456140355,0.023813794466536153,3,"1,2,3"
14,22.875,1.4837614035087718,0.016819725406729075,1.345798245614035,0.0197401099719617,1.421572280701754,0.0238512101639522,3,"1,2,3"
14,23.125,1.3856149122807013,0.013128942366773163,1.3500966666666667,0.01951197120208074,1.4193217543859646,0.024005162361587108,3,"1,2,3"
14,23.375,1.3110824561403505,0.020438423834825272,1.3579484210526316,0.019753089831586898,1.4184719298245616,0.024264457172402235,3,"1,2,3"
14,23.625,1.257232456140351,0.020514091413138917,1.3701119298245612,0.01911093626241521,1.4189277192982457,0.024327905109261708,3,"1,2,3"
14,23.875,1.2242552631578947,0.015093083671003439,1.3898138596491225,0.018616152084586196,1.4209435087719298,0.024546282913366652,3,"1,2,3"
14,24.125,1.2016759649122808,0.005911580217756914,1.4165015789473685,0.018643562862171663,1.4240477192982457,0.024696482059198943,3,"1,2,3"
14,24.375,1.1937549122807019,0.005848036507594214,1.44730350877193,0.01870552261335777,1.4279764912280701,0.02475710738519078,3,"1,2,3"
14,24.625,1.170997894736842,0.0016421785296294876,1.4714191228070177,0.018540193936345123,1.431768947368421,0.024896354785894106,3,"1,2,3"
14,24.875,1.1735349122807017,0.013792428786970254,1.479564210526316,0.018093736003061328,1.4346882456140353,0.024982464041246606,3,"1,2,3"
14,0.125,0.0,0.0,0.0,0.0,0.0,0.0,3,"1,2,3"
14,0.375,0.0,0.0,0.0,0.0,0.0,0.0,3,"1,2,3"
14,0.625,0.0,0.0,0.0,0.0,0.0,0.0,3,"1,2,3"
14,0.875,0.0,0.0,0.0,0.0,0.09610799649122807,0.0002704112599325465,3,"1,2,3"
14,1.125,0.0,0.0,0.0,0.0,2.684672631578947,0.0017954343965198196,3,"1,2,3"
14,1.375,0.0,0.0,0.0,0.0,4.304701578947369,0.003368851370539584,3,"1,2,3"
14,1.625,0.0,0.0,0.0,0.0,5.548726666666667,0.0032427405772306166,3,"1,2,3"
14,1.875,0.0,0.0,0.0,0.0,2.8835877192982458,0.005429746568609452,3,"1,2,3"
14,2.125,0.0,0.0,0.0,0.0,1.6595528070175438,0.006545875758285153,3,"1,2,3"
14,2.375,0.0,0.0,0.0,0.0,1.67383,0.00901934507575619,3,"1,2,3"
14,2.625,0.0,0.0,0.0,0.0,1.5098087719298245,0.010430147274897661,3,"1,2,3"
14,2.875,0.0,0.0,0.0,0.0,1.4642105263157894,0.011880033226960332,3,"1,2,3"
14,3.125,0.0,0.0,0.0,0.0,1.6006526315789473,0.012038766199134179,3,"1,2,3"
14,3.375,0.0,0.0,0.0,0.0,1.6931450877192982,0.01331672553629166,3,"1,2,3"
14,3.625,0.0,0.0,0.0,0.0,1.7448728070175437,0.013952381557405108,3,"1,2,3"
14,3.875,0.0,0.0,0.0,0.0,1.7622245614035086,0.014543857336041691,3,"1,2,3"
14,4.125,0.0,0.0,0.0,0.0,1.7542410526315788,0.014521889047084938,3,"1,2,3"
14,4.375,0.0,0.0,0.0,0.0,1.729002105263158,0.015262834920962651,3,"1,2,3"
14,4.625,0.0,0.0,2.1043396491228072e-05,4.881560861956064e-06,1.6958226315789473,0.015499962618725827,3,"1,2,3"
14,4.875,0.0,0.0,0.044098599999999995,0.0004051612002982847,1.663974736842105,0.014903104512138499,3,"1,2,3"
14,5.125,0.0,0.0,1.303597894736842,0.0017838273666104468,1.7133157894736843,0.014932428640894831,3,"1,2,3"
14,5.375,0.0,0.0,5.488463333333335,0.013927840724438437,1.9570566666666664,0.01574422690268729,3,"1,2,3"
14,5.625,0.0,0.0,8.462352105263157,0.0366688250829495,2.1281168421052636,0.01657333075007669,3,"1,2,3"
14,5.875,0.0,0.0,8.011782631578948,0.036185381908950195,2.081812456140351,0.01664495967583096,3,"1,2,3"
14,6.125,0.0,0.0,5.971663157894739,0.027775945923223397,1.9368882456140353,0.016372382672465685,3,"1,2,3"
14,6.375,0.0,0.0,3.994961754385965,0.018010368196487915,1.7995864912280701,0.0159220681383158,3,"1,2,3"
14,6.625,0.0,0.0,2.6665689473684213,0.014203729154121885,1.7066554385964912,0.016032187967682087,3,"1,2,3"
14,6.875,0.0,0.0,1.8415222807017544,0.008733332758875868,1.6477656140350876,0.0157411658692734,3,"1,2,3"
14,7.125,0.0,0.0,1.3519719298245612,0.006660875642697845,1.6115952631578947,0.015626031451089303,3,"1,2,3"
14,7.375,0.0,0.0,1.0764370175438598,0.004924860565041674,1.5902563157894738,0.015961808476002086,3,"1,2,3"
14,7.625,0.0,0.0,0.9393623859649124,0.004538361849976157,1.578815789473684,0.015796868741933087,3,"1,2,3"
14,7.875,0.0,0.0,0.8878611578947369,0.005696677068219301,1.5744147368421053,0.01577332107128122,3,"1,2,3"
14,8.125,0.0,0.0,0.8949201754385965,0.008246674595960481,1.575672456140351,0.015913688506168026,3,"1,2,3"
14,8.375,0.0,0.0,0.9356483333333333,0.008462382144372943,1.5812787719298245,0.016107948591232484,3,"1,2,3"
14,8.625,0.0,0.0,0.9888204210526316,0.009113043828336094,1.5898022807017547,0.016029275371778236,3,"1,2,3"
14,8.875,0.0,0.0,1.0482057192982455,0.011217475568334937,1.6014901754385964,0.01659576729810906,3,"1,2,3"
14,9.125,0.0,0.0,1.1037701754385967,0.013203129013938072,1.615021052631579,0.016740373526811538,3,"1,2,3"
14,9.375,0.0,0.0,1.1510422807017546,0.015051923614398577,1.6303671929824561,0.017250050438634177,3,"1,2,3"
14,9.625,0.0,0.0,1.191439649122807,0.014794464796398569,1.6474757894736844,0.01717057936566309,3,"1,2,3"
14,9.875,0.0,0.0,1.2218949122807017,0.015843785807775894,1.6653705263157894,0.017959295964541794,3,"1,2,3"
14,10.125,0.0020411661754385965,0.00021552490563874442,1.2443352631578948,0.015029847687661824,1.683396140350877,0.01834187697677337,3,"1,2,3"
14,10.375,0.0811437298245614,0.001765287458684346,1.2613410526315791,0.016121522276667338,1.7011291228070178,0.018840940968307605,3,"1,2,3"
14,10.625,0.8700547192982456,0.01261541346930573,1.2726452631578946,0.01602448300527455,1.7152399999999999,0.019435973804957672,3,"1,2,3"
14,10.875,3.672068596491228,0.07002185772755767,1.2794119298245616,0.01727160900506604,1.718222105263158,0.01977919083816046,3,"1,2,3"
14,11.125,6.923955438596491,0.06509807249336598,1.2845138596491228,0.017432128997663856,1.6991945614035087,0.019813709694139568,3,"1,2,3"
14,11.375,7.4381042105263155,0.08932965348569562,1.288058245614035,0.016417693540447514,1.654082807017544,0.019599702719461858,3,"1,2,3"
14,11.625,5.755537017543861,0.07330462204634838,1.2886405263157894,0.016612739768693922,1.5922903508771926,0.019270735937913636,3,"1,2,3"
14,11.875,3.8635224561403505,0.04496121048482797,1.2904501754385966,0.016063013061436465,1.529102456140351,0.018575718780818908,3,"1,2,3"
14,12.125,2.6083999999999996,0.02968712763755402,1.2912177192982457,0.015079544866355443,1.4749642105263157,0.018011378003384395,3,"1,2,3"
14,12.375,1.834542456140351,0.011840941824590013,1.2951001754385967,0.014163748260583111,1.4339708771929824,0.01760438968978042,3,"1,2,3"
14,12.625,1.420349649122807,0.01779227935070967,1.3022859649122809,0.013968132192926445,1.407182105263158,0.017401305334126125,3,"1,2,3"
14,12.875,1.194841614035088,0.014014661553150991,1.3139307017543862,0.012104056090340248,1.3927414035087722,0.017365321835839907,3,"1,2,3"
14,13.125,1.0637447719298245,0.01255131118012823,1.3312763157894738,0.011877111635161516,1.3879442105263156,0.017618320770648697,3,"1,2,3"
14,13.375,1.0055427368421053,0.01252143167328161,1.3533538596491228,0.011831683775627686,1.3897264912280702,0.01791167591122914,3,"1,2,3"
14,13.625,0.9638411754385966,0.013751132644180625,1.380388947368421,0.012219124286869021,1.3965075438596493,0.018369309847965153,3,"1,2,3"
14,13.875,0.9416682982456139,0.004260622296922336,1.4118849122807016,0.011631240562937857,1.4059519298245613,0.0186898619045647,3,"1,2,3"
14,14.125,0.930017649122807,0.007976304839149736,1.4450208771929824,0.012650025436806843,1.416205614035088,0.01908743838318816,3,"1,2,3"
14,14.375,0.9340898245614034,0.025204044484623604,1.4781429824561405,0.013376760186269057,1.4263908771929825,0.019539822397896534,3,"1,2,3"
14,14.625,0.9441275964912282,0.01440275818770001,1.5106554385964912,0.014353707602748856,1.4355742105263156,0.01977713514194877,3,"1,2,3"
14,14.875,0.935679192982456,0.00856486933547529,1.5427424561403509,0.014964308613726952,1.4437266666666666,0.020198106446694706,3,"1,2,3"
14,15.125,0.9515520350877192,0.014317384829342701,1.5723519298245614,0.015634545718423768,1.450118596491228,0.02035623684868064,3,"1,2,3"
14,15.375,0.9441327543859649,0.015945476580873908,1.5993782456140349,0.016423506318780378,1.45501,0.02057943932646572,3,"1,2,3"
14,15.625,0.9458481929824561,0.011592139520536759,1.6243840350877194,0.017548857567040485,1.4586735087719298,0.02070128932127028,3,"1,2,3"
14,15.875,0.9390608771929824,0.0076265571589341765,1.6471282456140353,0.018236078586246332,1.4611887719298247,0.0208383850894533,3,"1,2,3"
14,16.125,0.9462864210526316,0.007145682787562211,1.6654543859649122,0.019344421870260427,1.4624903508771931,0.020892372354320326,3,"1,2,3"
14,16.375,0.9724653333333334,0.01375773864744082,1.67157350877193,0.01955206160220134,1.4625161403508773,0.020964124587712834,3,"1,2,3"
14,16.625,0.9934464561403509,0.0032242671170333165,1.6532257894736844,0.01944390738140618,1.4605163157894736,0.020942151774836614,3,"1,2,3"
14,16.875,0.9993450175438596,0.007659456673691936,1.6063654385964912,0.018527062187582873,1.4564666666666668,0.020761129838175577,3,"1,2,3"
14,17.125,1.0092979824561403,0.013103448523020358,1.5397166666666668,0.017064337634321563,1.4511782456140352,0.020734204415615864,3,"1,2,3"
14,17.375,1.0273639999999997,0.005462969531451865,1.467447543859649,0.015232026026327823,1.4455871929824557,0.020589820510359198,3,"1,2,3"
14,17.625,1.0369484385964913,0.00920875004118479,1.4022326315789477,0.014451074608510124,1.4410384210526317,0.02061986719589551,3,"1,2,3"
14,17.875,1.0736404736842105,0.017982509221984067,1.3510835087719297,0.013443020276412912,1.4379319298245614,0.020558053759831482,3,"1,2,3"
14,18.125,1.1189651228070174,0.005546024132425056,1.3165749122807018,0.013343987495408877,1.4366049122807016,0.020620932807893306,3,"1,2,3"
14,18.375,1.1929640350877193,0.003795848860919672,1.2957308771929823,0.012719615625804218,1.437092105263158,0.020661203520913256,3,"1,2,3"
14,18.625,1.279308245614035,0.01106997081302247,1.2860431578947369,0.013081486067989295,1.4389459649122809,0.020837510911895913,3,"1,2,3"
14,18.875,1.3938884210526317,0.018136097229412073,1.2843315789473684,0.013234963355911364,1.441998245614035,0.021036175245140953,3,"1,2,3"
14,19.125,1.4880998245614034,0.01822056062828765,1.2877980701754386,0.013252268102071713,1.445467894736842,0.021229683243048827,3,"1,2,3"
14,19.375,1.5483907017543859,0.006042639904418101,1.2944331578947368,0.01388317367741762,1.4489815789473688,0.021560359957902352,3,"1,2,3"
14,19.625,1.5884829824561404,0.013667265300043748,1.3018798245614036,0.014218421311313938,1.4518968421052632,0.02160734542608033,3,"1,2,3"
14,19.875,1.6109884210526317,0.024217709464526557,1.31014649122807,0.014332943813556785,1.454114561403509,0.021794333055624376,3,"1,2,3"
14,20.125,1.6225582456140348,0.031649816006529045,1.3175331578947367,0.014787838387458493,1.455419298245614,0.02190320275063926,3,"1,2,3"
14,20.375,1.6016824561403507,0.026534817359214265,1.324044035087719,0.014836524752388029,1.455637192982456,0.021927717966187758,3,"1,2,3"
14,20.625,1.6093370175438597,0.025717152337417695,1.3291385964912281,0.014929943180925272,1.4549794736842105,0.02193977296732601,3,"1,2,3"
14,20.875,1.618624385964912,0.032243095065118375,1.3335315789473683,0.01512862324145543,1.4534477192982456,0.022053215255573227,3,"1,2,3"
14,21.125,1.6394785964912282,0.029919888148221482,1.3368917543859649,0.014958165647714726,1.4510394736842107,0.02234603960564938,3,"1,2,3"
14,21.375,1.6608333333333334,0.019763375780018508,1.340128596491228,0.014998824018742758,1.447865964912281,0.022413603162137013,3,"1,2,3"
14,21.625,1.6841584210526317,0.027765292014093737,1.341731052631579,0.01565495258219838,1.4441535087719297,0.02254740581980176,3,"1,2,3"
14,21.875,1.710845789473684,0.02857782524048194,1.3425285964912284,0.015296815837339215,1.4399547368421055,0.022638630692483508,3,"1,2,3"
14,22.125,1.6996859649122806,0.03822544091100691,1.3428987719298247,0.015828219608670525,1.4354157894736843,0.022750686688164004,3,"1,2,3"
14,22.375,1.6765543859649121,0.030732488673714874,1.3429750877192983,0.016251543654691957,1.4308850877192982,0.02283802832212867,3,"1,2,3"
14,22.625,1.5981859649122807,0.02145417771718312,1.343920350877193,0.016898363136721932,1.4266622807017544,0.022914337656519568,3,"1,2,3"
14,22.875,1.5105828070175438,0.01913424327756052,1.345673859649123,0.01627238969416842,1.4233222807017543,0.022984767826688603,3,"1,2,3"
14,23.125,1.411624210526316,0.02123154860438485,1.3497336842105263,0.01633085086379044,1.4212152631578947,0.023105713990726136,3,"1,2,3"
14,23.375,1.331564385964912,0.011928533358917129,1.3572184210526317,0.016620194454696192,1.4203389473684211,0.023303520406637433,3,"1,2,3"
14,23.625,1.2673312280701754,0.009664484489581873,1.369244561403509,0.017448649204575353,1.4208680701754386,0.023581691852860544,3,"1,2,3"
14,23.875,1.2270559649122807,0.00423053706151722,1.3883626315789475,0.017915011027885775,1.4227198245614032,0.023717236094569043,3,"1,2,3"
14,24.125,1.1973687719298245,0.0028791904811985175,1.4149738596491226,0.01838907044383289,1.4257678947368422,0.024140031399609733,3,"1,2,3"
14,24.375,1.1718105263157896,0.00461835506525563,1.445988596491228,0.01886993782023386,1.4295598245614034,0.024331033933023095,3,"1,2,3"
14,24.625,1.1566980701754386,0.0020997088719332986,1.4705638596491228,0.01876438032155475,1.433301052631579,0.024572979973601302,3,"1,2,3"
14,24.875,1.1614892982456142,0.002996771125840502,1.4789877192982457,0.018540317647087905,1.4361933333333334,0.024796856286365628,3,"1,2,3"
14,0.125,0.0,0.0,0.0,0.0,0.0,0.0,3,"1,2,3"
14,0.375,0.0,0.0,0.0,0.0,0.0,0.0,3,"1,2,3"
14,0.625,0.0,0.0,0.0,0.0,0.0,0.0,3,"1,2,3"
14,0.875,0.0,0.0,0.0,0.0,0.09553422105263158,0.0007176186285027386,3,"1,2,3"
14,1.125,0.0,0.0,0.0,0.0,2.6843673684210523,0.005862041658840008,3,"1,2,3"
14,1.375,0.0,0.0,0.0,0.0,4.302597543859649,0.0029588211177598083,3,"1,2,3"
14,1.625,0.0,0.0,0.0,0.0,5.546337719298246,0.004355418746006475,3,"1,2,3"
14,1.875,0.0,0.0,0.0,0.0,2.883454561403509,0.00596778356590159,3,"1,2,3"
14,2.125,0.0,0.0,0.0,0.0,1.6580094736842106,0.008956337187039186,3,"1,2,3"
14,2.375,0.0,0.0,0.0,0.0,1.672522807017544,0.00956690994507633,3,"1,2,3"
14,2.625,0.0,0.0,0.0,0.0,1.5078971929824563,0.012333603478362307,3,"1,2,3"
14,2.875,0.0,0.0,0.0,0.0,1.4631766666666666,0.014150454252622232,3,"1,2,3"
14,3.125,0.0,0.0,0.0,0.0,1.5991761403508773,0.015227485048181088,3,"1,2,3"
14,3.375,0.0,0.0,0.0,0.0,1.6926863157894736,0.01781815868566015,3,"1,2,3"
14,3.625,0.0,0.0,0.0,0.0,1.7440338596491227,0.017849135965769383,3,"1,2,3"
14,3.875,0.0,0.0,0.0,0.0,1.7597678947368418,0.0184715021853247,3,"1,2,3"
14,4.125,0.0,0.0,0.0,0.0,1.7512187719298247,0.018873984725415033,3,"1,2,3"
14,4.375,0.0,0.0,0.0,0.0,1.7260314035087718,0.01810055816228887,3,"1,2,3"
14,4.625,0.0,0.0,2.6181901754385974e-05,2.702691833354639e-06,1.6925340350877196,0.01837092043686839,3,"1,2,3"
14,4.875,0.0,0.0,0.04403714912280701,0.00031586622930739115,1.6602938596491228,0.01722496457698396,3,"1,2,3"
14,5.125,0.0,0.0,1.3032970175438596,0.0007318166133367528,1.7095798245614031,0.017054057474137026,3,"1,2,3"
14,5.375,0.0,0.0,5.490205789473684,0.017993965578212704,1.9537615789473686,0.017748114097464563,3,"1,2,3"
14,5.625,0.0,0.0,8.466747368421052,0.045579247118255874,2.1246052631578944,0.019821019500396456,3,"1,2,3"
14,5.875,0.0,0.0,8.009905087719298,0.04235021610917283,2.0785835087719295,0.019574905281364133,3,"1,2,3"
14,6.125,0.0,0.0,5.969531228070175,0.029440912207395566,1.93449649122807,0.018273033794377887,3,"1,2,3"
14,6.375,0.0,0.0,3.993319122807017,0.01938111513044626,1.7975636842105265,0.01745557543474532,3,"1,2,3"
14,6.625,0.0,0.0,2.66017701754386,0.011666980834709623,1.70484298245614,0.016896308247045768,3,"1,2,3"
14,6.875,0.0,0.0,1.8342596491228067,0.007208916971552504,1.6462896491228072,0.01666376528208509,3,"1,2,3"
14,7.125,0.0,0.0,1.3457208771929823,0.0059451487603510555,1.6105577192982452,0.016445716589800725,3,"1,2,3"
14,7.375,0.0,0.0,1.071929649122807,0.0046996478588212575,1.589324736842105,0.016324458664608656,3,"1,2,3"
14,7.625,0.0,0.0,0.9341407017543859,0.004887536918613431,1.5778864912280703,0.016184163835809545,3,"1,2,3"
14,7.875,0.0,0.0,0.8856472807017544,0.007457622109483282,1.5739273684210524,0.01624035207874939,3,"1,2,3"
14,8.125,0.0,0.0,0.8943394210526315,0.009920802894804516,1.575201052631579,0.016509054719131968,3,"1,2,3"
14,8.375,0.0,0.0,0.9334240350877193,0.01162791064091877,1.5804087719298245,0.016417651640235283,3,"1,2,3"
14,8.625,0.0,0.0,0.9872807894736843,0.012476900773816725,1.5891098245614035,0.016644127296700242,3,"1,2,3"
14,8.875,0.0,0.0,1.0446300350877193,0.013341423932867202,1.600482105263158,0.016949333677051447,3,"1,2,3"
14,9.125,0.0,0.0,1.0990415789473684,0.014251187758893733,1.6143249122807017,0.01720562456261685,3,"1,2,3"
14,9.375,0.0,0.0,1.1464103508771932,0.014118957415840367,1.6297391228070177,0.017602478558442682,3,"1,2,3"
14,9.625,0.0,0.0,1.1857917543859646,0.015029351254734695,1.6466084210526317,0.018078264115386326,3,"1,2,3"
14,9.875,0.0,0.0,1.2177847368421053,0.015695616063715785,1.6646315789473685,0.018079812119567166,3,"1,2,3"
14,10.125,0.002023339947368421,0.0004814876858723099,1.2410252631578946,0.015251645404172813,1.682741052631579,0.018327553637770142,3,"1,2,3"
14,10.375,0.07583530350877193,0.0049044396918067395,1.2587126315789472,0.016403867227531104,1.7005443859649123,0.018813335309626786,3,"1,2,3"
14,10.625,0.8582830000000001,0.01747956944375526,1.2703912280701752,0.017099321906570254,1.7146670175438594,0.01931005179055451,3,"1,2,3"
14,10.875,3.654589298245614,0.09195195373169258,1.278604912280702,0.016198395120927814,1.7178345614035087,0.019698644662487108,3,"1,2,3"
14,11.125,6.95705105263158,0.12038690696425904,1.284497192982456,0.0160900970119162,1.6987542105263158,0.019811251823134094,3,"1,2,3"
14,11.375,7.430338421052633,0.08430569506015198,1.2883084210526314,0.014601247344230052,1.6533647368421054,0.01919200851308671,3,"1,2,3"
14,11.625,5.694863157894737,0.010620036490956527,1.2910454385964911,0.014218746169353405,1.5916735087719298,0.0188333514230293,3,"1,2,3"
14,11.875,3.8442356140350884,0.01804104428052672,1.292838947368421,0.013435341605734823,1.528522456140351,0.018136353173467734,3,"1,2,3"
14,12.125,2.571254035087719,0.015161590438438545,1.2946012280701755,0.012449534527102589,1.4742763157894736,0.017763026156756477,3,"1,2,3"
14,12.375,1.8579721052631577,0.01718349366334742,1.2981314035087719,0.01243257638446499,1.433378947368421,0.017323278671588525,3,"1,2,3"
14,12.625,1.4117043859649125,0.027278495507335646,1.3046038596491227,0.012423259500154679,1.406326842105263,0.017255966345448206,3,"1,2,3"
14,12.875,1.1932921929824563,0.0128205853062306,1.3152392982456143,0.011983030062544192,1.3917438596491227,0.017493743687547105,3,"1,2,3"
14,13.125,1.0725585263157895,0.015969916970200178,1.3320891228070177,0.011860291161381653,1.3867,0.017656091073202537,3,"1,2,3"
14,13.375,1.0069353684210525,0.01770809069125814,1.353568596491228,0.012954519279977792,1.3887566666666666,0.01803244370850336,3,"1,2,3"
14,13.625,0.978388245614035,0.015036925436298207,1.3807331578947368,0.012806428722344755,1.3956608771929824,0.018307270989091257,3,"1,2,3"
14,13.875,0.9629120000000001,0.01999786064684428,1.4118136842105262,0.013642546471909994,1.4050231578947365,0.018748026560352,3,"1,2,3"
14,14.125,0.9389745789473684,0.029974453035870905,1.4441624561403508,0.014359065975362968,1.4154105263157895,0.01929624972294528,3,"1,2,3"
14,14.375,0.9377750701754386,0.022740556604531503,1.4777650877192983,0.014595788488903381,1.4259219298245613,0.019554476767475393,3,"1,2,3"
14,14.625,0.9299064736842104,0.0250628956685517,1.5113601754385966,0.014833815604223873,1.4355575438596488,0.01982820200852151,3,"1,2,3"
14,14.875,0.9244349824561403,0.012981982452524753,1.542921052631579,0.014905841889597114,1.4437966666666666,0.020034354337208432,3,"1,2,3"
14,15.125,0.9512743859649123,0.019072329859759565,1.5726614035087716,0.014836730601656665,1.4504866666666665,0.02027005839365637,3,"1,2,3"
14,15.375,0.9511980701754386,0.028330076678180192,1.6000642105263159,0.015421000832198583,1.4557436842105265,0.020387245501343017,3,"1,2,3"
14,15.625,0.9368610350877192,0.004690134252869648,1.6242701754385964,0.01703033020997042,1.4596001754385963,0.020563005061571066,3,"1,2,3"
14,15.875,0.9461690000000001,0.00569171452357852,1.647101403508772,0.017704646172434734,1.4620447368421052,0.0206320536778538,3,"1,2,3"
14,16.125,0.9697565438596492,0.011995873579565037,1.6665331578947367,0.01864112244925317,1.4636314035087719,0.020713545584922815,3,"1,2,3"
14,16.375,0.9865149999999999,0.006625657207493519,1.6722078947368422,0.01927691919060393,1.463624912280702,0.020592968581570073,3,"1,2,3"
14,16.625,1.006607807017544,0.01999741921448293,1.6542087719298244,0.018194490416112152,1.4618040350877193,0.020512637067685895,3,"1,2,3"
14,16.875,1.0043604035087719,0.01404242553702021,1.6065538596491231,0.01664878513883081,1.4577694736842106,0.020436612307873955,3,"1,2,3"
14,17.125,1.01984650877193,0.005526950313502917,1.5386626315789471,0.014579704768469618,1.4523691228070172,0.020304655167806357,3,"1,2,3"
14,17.375,1.0455842280701755,0.010461410752532792,1.4647740350877196,0.014028803777453146,1.446774385964912,0.02025292045939323,3,"1,2,3"
14,17.625,1.0596270877192984,0.009274332393694143,1.3994650877192985,0.01398130016353447,1.4419657894736844,0.020341296454722702,3,"1,2,3"
14,17.875,1.0901102280701753,0.011785295821796875,1.3486815789473685,0.0133547631502631,1.4391050877192981,0.020224472501539668,3,"1,2,3"
14,18.125,1.123065298245614,0.012073762528182654,1.3142945614035089,0.013352487689018144,1.4375342105263158,0.02035833397719153,3,"1,2,3"
14,18.375,1.1707778947368421,0.009866802571373144,1.2942405263157895,0.013877723162849045,1.4379212280701754,0.02039297257488814,3,"1,2,3"
14,18.625,1.267958596491228,0.009545148935747734,1.285187192982456,0.014316368243804405,1.439838947368421,0.02051442668279385,3,"1,2,3"
14,18.875,1.3678759649122807,0.01829674479387861,1.2842364912280704,0.014555280963955116,1.4428087719298246,0.020792191735857894,3,"1,2,3"
14,19.125,1.4691443859649123,0.030023219319506363,1.28821649122807,0.0152727996185092,1.4463094736842104,0.02090827682735228,3,"1,2,3"
14,19.375,1.5377896491228071,0.02614047727274295,1.2947022807017545,0.01564257764353261,1.4497701754385968,0.02120111189061978,3,"1,2,3"
14,19.625,1.5824103508771932,0.031283797798195415,1.30279,0.016274999952484524,1.4525926315789475,0.021458140904568882,3,"1,2,3"
14,19.875,1.5994398245614037,0.019575652525693852,1.3114554385964914,0.016217635182734873,1.454850701754386,0.021763163284470057,3,"1,2,3"
14,20.125,1.6118573684210526,0.00271947295420647,1.3199122807017545,0.016105757476265192,1.4562252631578945,0.021845339684426365,3,"1,2,3"
14,20.375,1.618771052631579,0.019922824005233028,1.3264601754385967,0.015332141324255756,1.456447543859649,0.021868974301415982,3,"1,2,3"
14,20.625,1.620381754385965,0.030251342573270768,1.332135438596491,0.014451124340550979,1.455692807017544,0.02189904910441181,3,"1,2,3"
14,20.875,1.6237589473684206,0.01998710422197401,1.3365528070175439,0.014966508047207196,1.4540291228070175,0.021963433988424225,3,"1,2,3"
14,21.125,1.6421063157894737,0.023565729487517614,1.3390754385964911,0.01472767128389955,1.451474561403509,0.021995035309593017,3,"1,2,3"
14,21.375,1.6679975438596493,0.028761417899998344,1.341295263157895,0.014120923991279821,1.4482059649122807,0.0221586010986019,3,"1,2,3"
14,21.625,1.6930264912280701,0.03459302857391456,1.3425994736842106,0.014297745930349555,1.4443466666666664,0.022383387097907253,3,"1,2,3"
14,21.875,1.708930350877193,0.025108169541331004,1.3436577192982455,0.014278045446734328,1.4400621052631577,0.022474189221492222,3,"1,2,3"
14,22.125,1.7050070175438596,0.029167096243769747,1.3433164912280704,0.014138624048927947,1.4354301754385965,0.022592023614411955,3,"1,2,3"
14,22.375,1.6547005263157892,0.025338868616979468,1.3439266666666665,0.01453849027290001,1.4309361403508774,0.022640727389352754,3,"1,2,3"
14,22.625,1.586342105263158,0.017304369940024968,1.3450001754385965,0.015343386009756205,1.4268366666666665,0.022887535735161977,3,"1,2,3"
14,22.875,1.4796071929824561,0.010500537139084607,1.3464163157894735,0.01565868220930011,1.4235319298245617,0.02302238683004914,3,"1,2,3"
14,23.125,1.386348947368421,0.01813346328914389,1.3506522807017545,0.01601941251565983,1.421409298245614,0.023158577160333156,3,"1,2,3"
14,23.375,1.3168052631578948,0.0241686798193555,1.3576661403508774,0.016365944176187648,1.4205535087719297,0.023400674033324773,3,"1,2,3"
14,23.625,1.2604084210526318,0.02752402168159815,1.368783684210526,0.01615681568486792,1.4211014035087717,0.023710742434645486,3,"1,2,3"
14,23.875,1.2101615789473685,0.021144342993526376,1.3872726315789474,0.016640393555790507,1.4230277192982455,0.023962681132172328,3,"1,2,3"
14,24.125,1.1872161403508772,0.01787573162251886,1.4138301754385967,0.017481109637321312,1.4262305263157895,0.024305015719071996,3,"1,2,3"
14,24.375,1.1853139824561403,0.01692684693056476,1.4442545614035087,0.01783461195612996,1.430110701754386,0.024727713692096396,3,"1,2,3"
14,24.625,1.1862063157894738,0.00590708049716606,1.468743157894737,0.01821193311166883,1.4339566666666668,0.025034241124622714,3,"1,2,3"
14,24.875,1.1707833333333335,0.0012353073967313894,1.4770498245614034,0.0183118440010051,1.4367698245614033,0.025217032982017,3,"1,2,3"
14,0.125,0.0,0.0,0.0,0.0,0.0,0.0,3,"1,2,3"
14,0.375,0.0,0.0,0.0,0.0,0.0,0.0,3,"1,2,3"
14,0.625,0.0,0.0,0.0,0.0,0.0,0.0,3,"1,2,3"
14,0.875,0.0,0.0,0.0,0.0,0.09575544912280702,0.00013076325003321177,3,"1,2,3"
14,1.125,0.0,0.0,0.0,0.0,2.6834050877192985,0.0028920319207000867,3,"1,2,3"
14,1.375,0.0,0.0,0.0,0.0,4.303576666666667,0.0017025206630715633,3,"1,2,3"
14,1.625,0.0,0.0,0.0,0.0,5.546148070175438,0.004487881504001736,3,"1,2,3"
14,1.875,0.0,0.0,0.0,0.0,2.8853203508771936,0.006398268035692637,3,"1,2,3"
14,2.125,0.0,0.0,0.0,0.0,1.6580284210526315,0.007432070444956836,3,"1,2,3"
14,2.375,0.0,0.0,0.0,0.0,1.6707784210526315,0.009271592939820847,3,"1,2,3"
14,2.625,0.0,0.0,0.0,0.0,1.5076717543859648,0.011214038938474969,3,"1,2,3"
14,2.875,0.0,0.0,0.0,0.0,1.4630222807017546,0.012739144712360463,3,"1,2,3"
14,3.125,0.0,0.0,0.0,0.0,1.5977459649122807,0.013644257751546754,3,"1,2,3"
14,3.375,0.0,0.0,0.0,0.0,1.6909596491228067,0.014719057597932229,3,"1,2,3"
14,3.625,0.0,0.0,0.0,0.0,1.742607543859649,0.01523888609950599,3,"1,2,3"
14,3.875,0.0,0.0,0.0,0.0,1.7583907017543858,0.014853831838389751,3,"1,2,3"
14,4.125,0.0,0.0,0.0,0.0,1.7494222807017543,0.01470502600829347,3,"1,2,3"
14,4.375,0.0,0.0,0.0,0.0,1.72482649122807,0.014521513662987338,3,"1,2,3"
14,4.625,0.0,0.0,2.3245605263157894e-05,6.033498754726576e-06,1.6912054385964914,0.014665678164875533,3,"1,2,3"
14,4.875,0.0,0.0,0.04430078421052632,0.0003358259876478966,1.658844385964912,0.014232074146199616,3,"1,2,3"
14,5.125,0.0,0.0,1.3057563157894736,0.002395732393794863,1.708111052631579,0.01399991061177117,3,"1,2,3"
14,5.375,0.0,0.0,5.489371929824562,0.01531974054862134,1.951659649122807,0.014741414656110997,3,"1,2,3"
14,5.625,0.0,0.0,8.45334350877193,0.02557350731384352,2.12175,0.015710368884573753,3,"1,2,3"
14,5.875,0.0,0.0,7.997918421052631,0.022979938052758216,2.0757501754385963,0.015636227847497675,3,"1,2,3"
14,6.125,0.0,0.0,5.960689649122808,0.01927914630476909,1.931209298245614,0.015595050487004413,3,"1,2,3"
14,6.375,0.0,0.0,3.987471754385965,0.01639245717773245,1.794619649122807,0.01553363104704408,3,"1,2,3"
14,6.625,0.0,0.0,2.6599789473684208,0.008355404010416942,1.7023833333333336,0.015483718946562296,3,"1,2,3"
14,6.875,0.0,0.0,1.8350977192982458,0.00826379403443986,1.644189824561404,0.01568500139495142,3,"1,2,3"
14,7.125,0.0,0.0,1.3467407017543858,0.007559363395560243,1.6088212280701752,0.015345907881393707,3,"1,2,3"
14,7.375,0.0,0.0,1.072645789473684,0.0071550471244882985,1.5879568421052632,0.015481411341915122,3,"1,2,3"
14,7.625,0.0,0.0,0.9355579298245614,0.008117007354104163,1.576805614035088,0.016026817174960736,3,"1,2,3"
14,7.875,0.0,0.0,0.8861477719298246,0.008923402751497493,1.5728645614035086,0.016139853831019485,3,"1,2,3"
14,8.125,0.0,0.0,0.8938967192982457,0.010912308912046796,1.5738508771929827,0.01648872635559812,3,"1,2,3"
14,8.375,0.0,0.0,0.9326502807017544,0.0115660338017291,1.5786852631578947,0.01661022228058746,3,"1,2,3"
14,8.625,0.0,0.0,0.9867239649122806,0.012243147585798189,1.5869722807017543,0.01679824014841197,3,"1,2,3"
14,8.875,0.0,0.0,1.0438973684210526,0.013843455645624373,1.5986328070175437,0.01667610283568671,3,"1,2,3"
14,9.125,0.0,0.0,1.0982705263157895,0.013740849875801991,1.6119394736842105,0.016779258075663352,3,"1,2,3"
14,9.375,0.0,0.0,1.1454142105263159,0.014222346331743383,1.6275308771929824,0.017006334457957108,3,"1,2,3"
14,9.625,0.0,0.0,1.1839605263157893,0.014253236427602315,1.64405,0.017147844155678695,3,"1,2,3"
14,9.875,4.3728421052631575e-05,6.184132611379274e-05,1.2153738596491228,0.014268273293438133,1.662032105263158,0.017341919978777563,3,"1,2,3"
14,10.125,0.0017084001052631581,0.0005405339062287186,1.2398589473684212,0.01448374934878807,1.6805233333333334,0.01782545600738846,3,"1,2,3"
14,10.375,0.07711147192982455,0.007492476782285074,1.256557894736842,0.014203249215349156,1.698410701754386,0.017962299624986324,3,"1,2,3"
14,10.625,0.8526035789473685,0.03096625852635347,1.2684129824561403,0.013878227840847144,1.7125854385964911,0.017924809562321408,3,"1,2,3"
14,10.875,3.665694385964913,0.07614499705567104,1.2779078947368419,0.01209823002400598,1.7158629824561402,0.01775811518459096,3,"1,2,3"
14,11.125,6.9644935087719295,0.08253164197515989,1.283627192982456,0.0124324817499282,1.6966989473684209,0.017725370026234817,3,"1,2,3"
14,11.375,7.385430701754385,0.11002538394796144,1.2866245614035086,0.012306709160708577,1.6510110526315789,0.017369374684080636,3,"1,2,3"
14,11.625,5.684511578947369,0.08337789752537837,1.2904605263157896,0.011561855734839458,1.58938298245614,0.017057346924050136,3,"1,2,3"
14,11.875,3.8626847368421053,0.06860314308529848,1.2918503508771932,0.011597255401209108,1.5264098245614035,0.016711093402911752,3,"1,2,3"
14,12.125,2.573870350877193,0.007634059322672231,1.2949308771929824,0.011876273143266317,1.4723354385964915,0.01645607284802665,3,"1,2,3"
14,12.375,1.8246491228070176,0.02268420935536831,1.2981768421052633,0.011075628839993438,1.4314059649122808,0.01646384512706902,3,"1,2,3"
14,12.625,1.4247912280701753,0.02572785536185377,1.3049847368421055,0.01139753102971892,1.404726140350877,0.016547753579806836,3,"1,2,3"
14,12.875,1.1971764912280702,0.014334083256810373,1.3156021052631581,0.011842367529259453,1.3901789473684214,0.016797994455545348,3,"1,2,3"
14,13.125,1.0556809122807016,0.015975116486805406,1.3320071929824562,0.012075730996559182,1.385304912280702,0.016992333344482042,3,"1,2,3"
14,13.375,0.9955648771929823,0.012507802221879999,1.3541445614035086,0.011706066805787427,1.3874057894736842,0.017180070219366992,3,"1,2,3"
14,13.625,0.9628222807017545,0.027671701800573458,1.3806592982456143,0.012249461399833995,1.394411754385965,0.017356899699828416,3,"1,2,3"
14,13.875,0.9385148947368421,0.043145044350059475,1.4115168421052628,0.012373083563145154,1.4038935087719295,0.017552753961189,3,"1,2,3"
14,14.125,0.9331016140350877,0.033191956747143,1.444077192982456,0.013248980792057734,1.4144919298245615,0.01755311641579459,3,"1,2,3"
14,14.375,0.9366008771929826,0.01219198575850601,1.476525263157895,0.013709139283983412,1.4249798245614034,0.017474101296720317,3,"1,2,3"
14,14.625,0.9408095614035088,0.020434001118676336,1.5084498245614038,0.015005327932400538,1.434618245614035,0.0175035468841079,3,"1,2,3"
14,14.875,0.956126192982456,0.0020564880539492626,1.539918947368421,0.01568762298329833,1.4430066666666665,0.017588458706074228,3,"1,2,3"
14,15.125,0.9664715263157896,0.004781704203864945,1.5688984210526318,0.01569101202460877,1.4498701754385965,0.017493140585934062,3,"1,2,3"
14,15.375,0.9692838421052632,0.012288377229648014,1.5966871929824562,0.016547699677130327,1.455298947368421,0.017397144993483358,3,"1,2,3"
14,15.625,0.9689704385964912,0.004459780905544112,1.6224243859649121,0.016655220895314328,1.4593915789473684,0.01742819502708558,3,"1,2,3"
14,15.875,0.9677326842105263,0.009900127539493838,1.6460987719298246,0.017266227210741544,1.4620763157894736,0.017555614076288265,3,"1,2,3"
14,16.125,0.9769748771929825,0.006927759249463592,1.664688596491228,0.017184579681338193,1.4635026315789474,0.017486772571244875,3,"1,2,3"
14,16.375,0.9909512631578946,0.007418041797715167,1.669604035087719,0.01655678031478705,1.4634631578947366,0.017602289534619463,3,"1,2,3"
14,16.625,0.993902754385965,0.00971604540731627,1.650328947368421,0.01635477084127265,1.4614336842105262,0.017642642519977686,3,"1,2,3"
14,16.875,1.0062933333333335,0.01449700461723963,1.6037775438596489,0.014556039957026123,1.4576303508771928,0.017508872592264246,3,"1,2,3"
14,17.125,1.0077737894736842,0.012146579749626473,1.537170701754386,0.013185448303652775,1.4522631578947367,0.017431292670757378,3,"1,2,3"
14,17.375,1.0119171578947368,0.007641529064958036,1.4641870175438596,0.012340463432735668,1.4468057894736843,0.017357754763088096,3,"1,2,3"
14,17.625,1.041807070175439,0.011396277032842591,1.3994296491228073,0.012100946334286647,1.4421826315789474,0.01739869674384015,3,"1,2,3"
14,17.875,1.073055140350877,0.00175109271535035,1.3492612280701755,0.011726654396299704,1.4391382456140354,0.017499372189415816,3,"1,2,3"
14,18.125,1.1309913859649123,0.019817749511895133,1.3148508771929825,0.011647114696924475,1.4377619298245614,0.01760655322330437,3,"1,2,3"
14,18.375,1.1875271929824562,0.020499165950798166,1.2950480701754385,0.01246625985530277,1.4381640350877196,0.017705198042797823,3,"1,2,3"
14,18.625,1.275995789473684,0.025261096739748048,1.2859436842105263,0.01256768895719642,1.440119649122807,0.017865510195341692,3,"1,2,3"
14,18.875,1.3898192982456141,0.01667206937916884,1.2854170175438595,0.012712637668041699,1.4430440350877192,0.01799842203165118,3,"1,2,3"
14,19.125,1.4927984210526315,0.026447817501642493,1.288973157894737,0.013013321259152173,1.4465880701754388,0.0181518825558148,3,"1,2,3"
14,19.375,1.557818947368421,0.03952663162207074,1.2966164912280702,0.012937511683336825,1.4501043859649123,0.018346565866702785,3,"1,2,3"
14,19.625,1.5795117543859651,0.03225410170351238,1.3049971929824562,0.012885657307066313,1.453050350877193,0.018473982105526976,3,"1,2,3"
14,19.875,1.6028943859649123,0.03967876040180326,1.3139750877192984,0.012986305183329057,1.4553317543859645,0.01873888735798361,3,"1,2,3"
14,20.125,1.5908580701754385,0.029202892798476446,1.3218542105263158,0.012788123847617794,1.456564912280702,0.018853224741779678,3,"1,2,3"
14,20.375,1.580792105263158,0.023742897166008328,1.3290245614035088,0.012168151800983266,1.4570063157894737,0.019050179913988063,3,"1,2,3"
14,20.625,1.5848605263157893,0.022170740835956354,1.3348538596491226,0.012306023345820235,1.4563184210526317,0.019151769297396103,3,"1,2,3"
14,20.875,1.6123942105263158,0.023715909481011977,1.338963859649123,0.012698660512993095,1.4547312280701756,0.019273992108712574,3,"1,2,3"
14,21.125,1.6401357894736839,0.021555247760159095,1.3416036842105263,0.012464287496224831,1.4522435087719296,0.01924446745613003,3,"1,2,3"
14,21.375,1.6614601754385967,0.017787096957048262,1.343808245614035,0.013183899792068245,1.4491421052631581,0.01938896822492936,3,"1,2,3"
14,21.625,1.6901133333333334,0.01370817930770839,1.344294035087719,0.013918448908055698,1.4451931578947368,0.01955308114521767,3,"1,2,3"
14,21.875,1.709624210526316,0.012444255432104482,1.344104912280702,0.014164620852770341,1.440818947368421,0.01964705676481474,3,"1,2,3"
14,22.125,1.685950350877193,0.015761132554965907,1.3437949122807016,0.01434677101852718,1.4362550877192983,0.019825282646404988,3,"1,2,3"
14,22.375,1.6541235087719297,0.024779229087121338,1.3437522807017546,0.013892566286693072,1.431754210526316,0.019995252418968153,3,"1,2,3"
14,22.625,1.5781991228070176,0.017603483487702555,1.3447391228070176,0.014167974800285338,1.4277729824561405,0.020135648758824412,3,"1,2,3"
14,22.875,1.4849228070175442,0.004667017715328132,1.3465182456140348,0.01460712393604499,1.4246689473684213,0.020307448851469106,3,"1,2,3"
14,23.125,1.3923314035087717,0.006463258790190969,1.35013649122807,0.015575790044765598,1.4226868421052632,0.02057506147634331,3,"1,2,3"
14,23.375,1.319278596491228,0.011766767014395597,1.3571819298245613,0.016175616810298186,1.421982807017544,0.020892480289716662,3,"1,2,3"
14,23.625,1.2653989473684213,0.008788109895246764,1.3696842105263158,0.016795968897063883,1.4227017543859652,0.021111467672386978,3,"1,2,3"
14,23.875,1.2223005263157896,0.025158947709741218,1.3883078947368421,0.016567825381075495,1.4247435087719298,0.021523214962756488,3,"1,2,3"
14,24.125,1.1975296491228067,0.021515121532072815,1.414678245614035,0.016490493841437987,1.4278556140350875,0.021720974984167866,3,"1,2,3"
14,24.375,1.187652456140351,0.009291205765993365,1.4446126315789474,0.015689010939696928,1.4317282456140352,0.022075746142405338,3,"1,2,3"
14,24.625,1.1783521052631578,0.0075420301290317114,1.4688643859649122,0.01603365188204715,1.4354645614035089,0.02235614128293341,3,"1,2,3"
14,24.875,1.184248245614035,0.011808616072284879,1.476508947368421,0.016810167486750086,1.4382335087719298,0.02269893964084475,3,"1,2,3"
16,0.125,0.0,0.0,0.0,0.0,0.0,0.0,3,"1,2,3"
16,0.375,0.0,0.0,0.0,0.0,0.0,0.0,3,"1,2,3"
16,0.625,0.0,0.0,0.0,0.0,0.0,0.0,3,"1,2,3"
16,0.875,0.0,0.0,0.0,0.0,0.09981587894736843,0.00031380732448034666,3,"1,2,3"
16,1.125,0.0,0.0,0.0,0.0,2.7809594736842107,0.002787490456861185,3,"1,2,3"
16,1.375,0.0,0.0,0.0,0.0,4.430562807017544,0.002430354226899308,3,"1,2,3"
16,1.625,0.0,0.0,0.0,0.0,5.7026738596491215,0.000651453993252511,3,"1,2,3"
16,1.875,0.0,0.0,0.0,0.0,3.1160494736842104,0.005257702453326601,3,"1,2,3"
16,2.125,0.0,0.0,0.0,0.0,1.9488680701754386,0.006263274218783105,3,"1,2,3"
16,2.375,0.0,0.0,0.0,0.0,1.9938636842105264,0.00854049543261584,3,"1,2,3"
16,2.625,0.0,0.0,0.0,0.0,1.8437773684210528,0.01253617518517162,3,"1,2,3"
16,2.875,0.0,0.0,0.0,0.0,1.7900984210526316,0.015213208474744278,3,"1,2,3"
16,3.125,0.0,0.0,0.0,0.0,1.8987242105263158,0.018618095661405484,3,"1,2,3"
16,3.375,0.0,0.0,0.0,0.0,1.9571708771929825,0.022100400118100213,3,"1,2,3"
16,3.625,0.0,0.0,0.0,0.0,1.9716657894736844,0.02471736399240712,3,"1,2,3"
16,3.875,0.0,0.0,0.0,0.0,1.9528763157894742,0.027303928398709522,3,"1,2,3"
16,4.125,0.0,0.0,0.0,0.0,1.9138278947368421,0.028748472959566607,3,"1,2,3"
16,4.375,0.0,0.0,0.0,0.0,1.866573859649123,0.029602594519359555,3,"1,2,3"
16,4.625,0.0,0.0,6.459834210526315e-05,3.930326374160769e-06,1.8182996491228074,0.030725821871862888,3,"1,2,3"
16,4.875,0.0,0.0,0.07711082280701753,0.00034747856590620565,1.7808098245614037,0.03202859304372752,3,"1,2,3"
16,5.125,0.0,0.0,1.8613924561403508,0.0030792250087246617,1.8617482456140353,0.032174528859893234,3,"1,2,3"
16,5.375,0.0,0.0,6.757878596491228,0.004569357983261202,2.1528078947368416,0.03267348286529108,3,"1,2,3"
16,5.625,0.0,0.0,9.423061578947369,0.01566248307827552,2.306587894736842,0.03315132554252143,3,"1,2,3"
16,5.875,0.0,0.0,8.369931578947368,0.024937206602389322,2.224869649122807,0.03411975716853425,3,"1,2,3"
16,6.125,0.0,0.0,5.960148596491229,0.021373217249024995,2.0586328070175437,0.03424699050027114,3,"1,2,3"
16,6.375,0.0,0.0,3.8355161403508764,0.018056037064773087,1.9133587719298246,0.03451234101362427,3,"1,2,3"
16,6.625,0.0,0.0,2.47583947368421,0.017546667847179072,1.818055789473684,0.034706263869805465,3,"1,2,3"
16,6.875,0.0,0.0,1.6726338596491228,0.013149887741522629,1.7591287719298245,0.03452547962812192,3,"1,2,3"
16,7.125,0.0,0.0,1.215509298245614,0.011628700178276804,1.7221752631578946,0.03423105946013973,3,"1,2,3"
16,7.375,0.0,0.0,0.9757973157894737,0.014072928211859187,1.6995577192982456,0.03420575466407829,3,"1,2,3"
16,7.625,0.0,0.0,0.8697613859649124,0.015287301184864939,1.6864435087719298,0.033784598807588516,3,"1,2,3"
16,7.875,0.0,0.0,0.851946947368421,0.015670763990624784,1.6807526315789474,0.03371993514559958,3,"1,2,3"
16,8.125,0.0,0.0,0.8857543859649123,0.018900694125930352,1.6809005263157897,0.03399789615727657,3,"1,2,3"
16,8.375,0.0,0.0,0.9466149122807016,0.02053886478786968,1.6859736842105268,0.03404660118246112,3,"1,2,3"
16,8.625,0.0,0.0,1.0178271929824563,0.023010551520440854,1.6954191228070175,0.03420462865313489,3,"1,2,3"
16,8.875,0.0,0.0,1.0854263508771929,0.025410319721878995,1.7080382456140348,0.03516989673367427,3,"1,2,3"
16,9.125,0.0,0.0,1.1469915789473684,0.02705416298484787,1.7237605263157894,0.03623985449645585,3,"1,2,3"
16,9.375,0.0,0.0,1.1995122807017546,0.027798894473502256,1.7421729824561405,0.03714464445510167,3,"1,2,3"
16,9.625,0.0,0.0,1.2397580701754387,0.028894210001694738,1.7618126315789473,0.03857716754947606,3,"1,2,3"
16,9.875,0.0,0.0,1.2720063157894739,0.028136832873896775,1.782625263157895,0.03979963715922004,3,"1,2,3"
16,10.125,0.0010814916140350877,0.00010326539865910593,1.2962270175438595,0.02705691280320322,1.8036515789473686,0.04062968037787744,3,"1,2,3"
16,10.375,0.0634413105263158,0.00028630651303987003,1.312912456140351,0.026926020633107058,1.8227526315789475,0.042000227359451754,3,"1,2,3"
16,10.625,1.054436543859649,0.01662691202089467,1.325318245614035,0.025602098401032634,1.835232807017544,0.04263893692260428,3,"1,2,3"
16,10.875,4.831475087719298,0.034450946888589504,1.3339735087719298,0.024686756496590165,1.83046701754386,0.043011039235190396,3,"1,2,3"
16,11.125,8.431070350877192,0.08093325108152229,1.3381300000000003,0.023027658262620244,1.796516315789474,0.04324389862225306,3,"1,2,3"
16,11.375,7.8634933333333334,0.0907230420656726,1.3403975438596494,0.021813980253564826,1.7325526315789472,0.04284541434481139,3,"1,2,3"
16,11.625,5.400080175438596,0.06981048169471085,1.3399970175438594,0.021640221845880728,1.6553103508771931,0.042329446487649344,3,"1,2,3"
16,11.875,3.3141696491228068,0.06189523287832781,1.3394321052631577,0.02084196758770769,1.582771052631579,0.04163969896414431,3,"1,2,3"
16,12.125,2.124075614035088,0.04662855721533761,1.3396366666666666,0.020810385335861187,1.5251089473684212,0.04100065151161294,3,"1,2,3"
16,12.375,1.4812392982456142,0.014980456596510884,1.340960350877193,0.020136847563454154,1.4848294736842107,0.04057140813527927,3,"1,2,3"
16,12.625,1.1497413684210527,0.031216563106600512,1.3485368421052633,0.020518130032204852,1.4614164912280703,0.04054948758452026,3,"1,2,3"
16,12.875,0.9846076140350878,0.03378610559270758,1.3608166666666666,0.021234501909511035,1.4515784210526317,0.0408806142473092,3,"1,2,3"
16,13.125,0.9273410000000001,0.025646553224648257,1.3799652631578943,0.020930267497261613,1.4521492982456141,0.04117697509971516,3,"1,2,3"
16,13.375,0.9180006140350878,0.03763726213570417,1.406339649122807,0.022576275032359008,1.4595915789473686,0.04150421477779486,3,"1,2,3"
16,13.625,0.9188806666666665,0.023524641819339727,1.4381547368421055,0.023449694495447766,1.4710680701754384,0.04188861614535723,3,"1,2,3"
16,13.875,0.9317700877192983,0.021060728439651424,1.4746457894736842,0.024076933736146878,1.484648947368421,0.04242670464067036,3,"1,2,3"
16,14.125,0.9422247719298248,0.02966689060555388,1.5149370175438601,0.024849950624597543,1.4983417543859652,0.04264578594839897,3,"1,2,3"
16,14.375,0.9311376315789474,0.016356368754490463,1.5536519298245617,0.026113613280895835,1.511021403508772,0.043159060081257215,3,"1,2,3"
16,14.625,0.9547224736842105,0.025256797306304368,1.5910973684210525,0.028020931435671907,1.5219314035087719,0.043194937364371376,3,"1,2,3"
16,14.875,0.9717380175438598,0.012091361486037218,1.625789298245614,0.029977428434974817,1.531087894736842,0.043475332938873415,3,"1,2,3"
16,15.125,0.964137350877193,0.007609578685067581,1.6571036842105265,0.03166807217369772,1.538032456140351,0.043757172491778185,3,"1,2,3"
16,15.375,0.9847321052631579,0.017347342248958352,1.6860545614035087,0.032175707890740354,1.5432791228070173,0.043781386233036124,3,"1,2,3"
16,15.625,0.9936382631578947,0.021313950801531006,1.7113403508771927,0.03149969717814046,1.5472196491228072,0.04365748180453249,3,"1,2,3"
16,15.875,0.9937150701754386,0.027122545489717646,1.7356729824561403,0.032005301708587015,1.5496896491228072,0.043677983598327315,3,"1,2,3"
16,16.125,1.0023132807017543,0.00899179068668503,1.7515250877192983,0.03273732752032886,1.5508999999999997,0.04367351288799472,3,"1,2,3"
16,16.375,1.0063747543859651,0.01798384157173996,1.7490671929824562,0.0316111777697017,1.5502514035087722,0.043435328718171726,3,"1,2,3"
16,16.625,1.0083912280701754,0.007389414416258194,1.712599649122807,0.031254319751174355,1.5468649122807019,0.043209283445453,3,"1,2,3"
16,16.875,1.0422485789473683,0.010280020070417945,1.6421508771929825,0.03028385906879252,1.5413343859649122,0.043123539921397995,3,"1,2,3"
16,17.125,1.0604237719298248,0.02290244436088199,1.5544347368421052,0.028019282738336152,1.53446350877193,0.04289501836164928,3,"1,2,3"
16,17.375,1.0731932807017543,0.01527307478080551,1.4701612280701752,0.025386740747610576,1.52819649122807,0.04271357961939904,3,"1,2,3"
16,17.625,1.0987114912280702,0.026682719461034315,1.4031926315789474,0.0242123076499518,1.5234340350877194,0.042658683775365046,3,"1,2,3"
16,17.875,1.128363754385965,0.027125738078672027,1.3574112280701758,0.022701172395533518,1.5207950877192982,0.04263856767782562,3,"1,2,3"
16,18.125,1.1691595263157895,0.0318774974570421,1.3313550877192986,0.022763924555929484,1.5202563157894737,0.04256608209124192,3,"1,2,3"
16,18.375,1.2290836842105264,0.026548363960770593,1.3202654385964914,0.022633415385847594,1.521621052631579,0.04263795333111018,3,"1,2,3"
16,18.625,1.308191754385965,0.04150686278698945,1.3206612280701755,0.022610580279972998,1.5246024561403508,0.04263216330622535,3,"1,2,3"
16,18.875,1.4353908771929824,0.022821872170552548,1.3267929824561404,0.02306797474794858,1.5286215789473685,0.042729714696046646,3,"1,2,3"
16,19.125,1.5434694736842107,0.02240251877080085,1.3368082456140353,0.0238228029464999,1.5331698245614038,0.04268741493441253,3,"1,2,3"
16,19.375,1.6173456140350877,0.029803889935351494,1.348609298245614,0.024075391992652358,1.5374085964912283,0.0428843052138182,3,"1,2,3"
16,19.625,1.6559045614035088,0.025986638403228613,1.3602619298245615,0.02424642974863647,1.540743157894737,0.042790936249577784,3,"1,2,3"
16,19.875,1.6622368421052631,0.020522734428908937,1.3702405263157897,0.0250153813403094,1.5429235087719297,0.04281246281371885,3,"1,2,3"
16,20.125,1.671510701754386,0.02189554565954344,1.3799138596491225,0.025199380073913952,1.5439103508771932,0.0429132515533332,3,"1,2,3"
16,20.375,1.6571570175438597,0.026836290478991796,1.388427543859649,0.025594040094031042,1.543477543859649,0.04285791676486897,3,"1,2,3"
16,20.625,1.662694736842105,0.03450744120107459,1.3952391228070173,0.025980301740881246,1.5420459649122806,0.04274994509256178,3,"1,2,3"
16,20.875,1.6842398245614036,0.02624724690600243,1.3996466666666667,0.026184040254522926,1.53934,0.04240905253630125,3,"1,2,3"
16,21.125,1.705851754385965,0.020608853382337682,1.4034364912280701,0.026098653868815512,1.5355987719298245,0.04222585424400419,3,"1,2,3"
16,21.375,1.7432259649122805,0.015919052461473984,1.4059724561403508,0.026304568984520126,1.5312015789473683,0.04195585934227372,3,"1,2,3"
16,21.625,1.7783389473684208,0.01616113206611344,1.4070377192982457,0.026215725068632272,1.5260256140350876,0.0417334626280157,3,"1,2,3"
16,21.875,1.784858596491228,0.019007913171284918,1.4074529824561406,0.025679674694155937,1.5207333333333333,0.04126590698489426,3,"1,2,3"
16,22.125,1.7617524561403508,0.025603395108047534,1.4079989473684211,0.02545332997532685,1.515445263157895,0.041054840860480946,3,"1,2,3"
16,22.375,1.6675163157894737,0.016388232085163754,1.4083259649122806,0.025517401161150526,1.5103970175438597,0.040856248377155485,3,"1,2,3"
16,22.625,1.5494366666666666,0.017871448263494957,1.4087571929824563,0.025022144306475067,1.5063508771929823,0.04071730221190019,3,"1,2,3"
16,22.875,1.4451482456140352,0.013062536609152037,1.4098966666666666,0.025040144700040266,1.5037515789473686,0.04066087511020405,3,"1,2,3"
16,23.125,1.3547635087719299,0.00615642629564946,1.4124847368421056,0.025004985774309253,1.5026231578947369,0.04065582493340515,3,"1,2,3"
16,23.375,1.2734498245614034,0.006903498415025958,1.418458245614035,0.025387220705126615,1.503151052631579,0.04082961570428439,3,"1,2,3"
16,23.625,1.2365828070175438,0.005117920181750191,1.4292701754385966,0.025791144265023228,1.5053477192982456,0.04102856861427362,3,"1,2,3"
16,23.875,1.2065963157894737,0.009694585327501538,1.4465552631578948,0.02576774770147056,1.5087749122807017,0.04127075729863047,3,"1,2,3"
16,24.125,1.1857391228070178,0.006491736822168389,1.473338245614035,0.025248952809468376,1.5133763157894737,0.041527041845430615,3,"1,2,3"
16,24.375,1.1789026315789473,0.0091871552811882,1.5054924561403509,0.025150476137104295,1.5187056140350876,0.04185783282114129,3,"1,2,3"
16,24.625,1.1845671929824562,0.004944070893099923,1.5326150877192983,0.024833091203341085,1.5237950877192983,0.04216409189033837,3,"1,2,3"
16,24.875,1.1904987719298246,0.011911102926040966,1.5423815789473683,0.02453921048351389,1.527534385964912,0.04243636960498434,3,"1,2,3"
16,0.125,0.0,0.0,0.0,0.0,0.0,0.0,3,"1,2,3"
16,0.375,0.0,0.0,0.0,0.0,0.0,0.0,3,"1,2,3"
16,0.625,0.0,0.0,0.0,0.0,0.0,0.0,3,"1,2,3"
16,0.875,0.0,0.0,0.0,0.0,0.09992603333333333,0.00036539311873072294,3,"1,2,3"
16,1.125,0.0,0.0,0.0,0.0,2.777382631578947,0.0026613595273286914,3,"1,2,3"
16,1.375,0.0,0.0,0.0,0.0,4.427079824561403,0.004900413277714226,3,"1,2,3"
16,1.625,0.0,0.0,0.0,0.0,5.70543596491228,0.003660915762030137,3,"1,2,3"
16,1.875,0.0,0.0,0.0,0.0,3.11813298245614,0.0037974987232106145,3,"1,2,3"
16,2.125,0.0,0.0,0.0,0.0,1.9514131578947367,0.005585405613144301,3,"1,2,3"
16,2.375,0.0,0.0,0.0,0.0,1.9956922807017543,0.00816757960864708,3,"1,2,3"
16,2.625,0.0,0.0,0.0,0.0,1.8451987719298242,0.01085325922882009,3,"1,2,3"
16,2.875,0.0,0.0,0.0,0.0,1.7919438596491226,0.013235960406848516,3,"1,2,3"
16,3.125,0.0,0.0,0.0,0.0,1.9016105263157892,0.015705533156985,3,"1,2,3"
16,3.375,0.0,0.0,0.0,0.0,1.9596240350877192,0.01711444439878507,3,"1,2,3"
16,3.625,0.0,0.0,0.0,0.0,1.973263333333333,0.019033626201471386,3,"1,2,3"
16,3.875,0.0,0.0,0.0,0.0,1.9540391228070175,0.01976772145471591,3,"1,2,3"
16,4.125,0.0,0.0,0.0,0.0,1.915146315789474,0.02060493447341527,3,"1,2,3"
16,4.375,0.0,0.0,0.0,0.0,1.866812631578947,0.021997442019509105,3,"1,2,3"
16,4.625,0.0,0.0,6.239610175438595e-05,9.645881674741233e-06,1.818463333333333,0.022825453229067497,3,"1,2,3"
16,4.875,0.0,0.0,0.07666021052631579,0.00010037408617027079,1.7805142105263159,0.023048873249671174,3,"1,2,3"
16,5.125,0.0,0.0,1.856543859649123,0.0015565375983789384,1.860488596491228,0.024086499957637893,3,"1,2,3"
16,5.375,0.0,0.0,6.77066649122807,0.009731022939468053,2.152421228070175,0.024687616621820573,3,"1,2,3"
16,5.625,0.0,0.0,9.446546140350877,0.02424764432050871,2.3073535087719304,0.0249240280234703,3,"1,2,3"
16,5.875,0.0,0.0,8.384675614035089,0.02444261072181242,2.225528596491228,0.02542498442709208,3,"1,2,3"
16,6.125,0.0,0.0,5.965009298245614,0.018570267612828352,2.0591773684210524,0.025616912382252364,3,"1,2,3"
16,6.375,0.0,0.0,3.8361573684210533,0.01148209653786666,1.9134929824561404,0.025704870761310207,3,"1,2,3"
16,6.625,0.0,0.0,2.4769284210526314,0.008863617981974424,1.8193370175438597,0.025687044250973776,3,"1,2,3"
16,6.875,0.0,0.0,1.6729350877192986,0.009124298977191315,1.7601826315789475,0.02603659528074858,3,"1,2,3"
16,7.125,0.0,0.0,1.2163670175438597,0.008639955459827448,1.7237933333333333,0.026588789723021544,3,"1,2,3"
16,7.375,0.0,0.0,0.9750077368421053,0.009586567182250365,1.7010536842105264,0.027103714726679513,3,"1,2,3"
16,7.625,0.0,0.0,0.8710730701754387,0.011130349097034307,1.6881454385964911,0.02797009543196773,3,"1,2,3"
16,7.875,0.0,0.0,0.8517017719298244,0.010879931358272787,1.682491754385965,0.028913525302158835,3,"1,2,3"
16,8.125,0.0,0.0,0.8858838421052632,0.011605785177183997,1.6828142105263157,0.029327175649539506,3,"1,2,3"
16,8.375,0.0,0.0,0.9472658947368421,0.013601624782431904,1.688154210526316,0.03013383068580141,3,"1,2,3"
16,8.625,0.0,0.0,1.0182949649122808,0.01480690269230828,1.697818947368421,0.031367297580846845,3,"1,2,3"
16,8.875,0.0,0.0,1.0875063157894738,0.015466676077384328,1.711111052631579,0.032457553550077387,3,"1,2,3"
16,9.125,0.0,0.0,1.149512456140351,0.017867690367373363,1.7271701754385969,0.033369542225708544,3,"1,2,3"
16,9.375,0.0,0.0,1.2007950877192983,0.01895497472243716,1.7451915789473686,0.034389160747479275,3,"1,2,3"
16,9.625,0.0,0.0,1.2402828070175438,0.02012092608563398,1.764771052631579,0.03515870667462494,3,"1,2,3"
16,9.875,0.0,0.0,1.2709808771929825,0.020874582888588587,1.78542701754386,0.036148042870751115,3,"1,2,3"
16,10.125,0.001417230052631579,0.00030782491639672397,1.2945059649122808,0.021653820700715937,1.8059243859649126,0.036831597775633815,3,"1,2,3"
16,10.375,0.06965245263157895,0.004920307614012528,1.312576842105263,0.021508523149014813,1.8253385964912276,0.03740554621438088,3,"1,2,3"
16,10.625,1.0916539649122807,0.016407617599276524,1.3262698245614033,0.020890840550301458,1.8379159649122807,0.03807944004660327,3,"1,2,3"
16,10.875,4.858334210526316,0.05617870358976649,1.3337191228070175,0.020554494245101092,1.833069649122807,0.03880591812233446,3,"1,2,3"
16,11.125,8.470976315789473,0.0761793766608761,1.3404345614035087,0.0194887464761606,1.7988647368421056,0.03901020481826604,3,"1,2,3"
16,11.375,7.87327754385965,0.07220643464615141,1.343348596491228,0.01921069519912936,1.7349333333333334,0.03884623886466283,3,"1,2,3"
16,11.625,5.404076315789474,0.08234752873539923,1.3425908771929826,0.019170047164247406,1.6574501754385966,0.03846092562428637,3,"1,2,3"
16,11.875,3.3181415789473685,0.022135848982069176,1.343012456140351,0.018403735325483343,1.584479649122807,0.037850513367770365,3,"1,2,3"
16,12.125,2.1045152631578947,0.015974396914647623,1.3425603508771928,0.01803205287285619,1.5261829824561406,0.03762287307058779,3,"1,2,3"
16,12.375,1.4613068421052633,0.0202330943669992,1.3447721052631578,0.018628585010713572,1.4859001754385968,0.03783529235290745,3,"1,2,3"
16,12.625,1.1270270526315789,0.036218532338428276,1.3503301754385966,0.01709396580413383,1.462402456140351,0.03777509989386376,3,"1,2,3"
16,12.875,0.9970808421052632,0.02920233645021288,1.3631708771929822,0.01939224798872002,1.4525426315789474,0.03826850319091084,3,"1,2,3"
16,13.125,0.9289481578947368,0.03335450311335869,1.3831007017543862,0.020661824560092537,1.4531092982456142,0.038737286125252055,3,"1,2,3"
16,13.375,0.9220436315789474,0.01885405008421328,1.410660701754386,0.022586040918737536,1.4607324561403512,0.039305665201838834,3,"1,2,3"
16,13.625,0.9186492982456139,0.009740903233143985,1.443785438596491,0.024043024955269172,1.4723889473684213,0.03982377273428819,3,"1,2,3"
16,13.875,0.917804,0.013320809031231296,1.4804445614035089,0.026395027936801773,1.4856747368421053,0.04057870801576848,3,"1,2,3"
16,14.125,0.9364680175438597,0.014757752615398785,1.5184361403508773,0.028239066580135547,1.4992738596491229,0.04097247648634921,3,"1,2,3"
16,14.375,0.9470011754385964,0.014182875719789,1.5567892982456142,0.028512932723091276,1.5117691228070178,0.04128296883970856,3,"1,2,3"
16,14.625,0.9476818421052631,0.012764098416133053,1.5933222807017546,0.0291518496815968,1.522742456140351,0.04169586344813783,3,"1,2,3"
16,14.875,0.9752892982456141,0.017565927783427197,1.6274684210526316,0.030435627780806943,1.531980350877193,0.04217632533221407,3,"1,2,3"
16,15.125,0.9744774561403506,0.007162285740031081,1.6582028070175439,0.029590220722198544,1.5390636842105263,0.04229267014634003,3,"1,2,3"
16,15.375,0.9734353684210526,0.014932011278889141,1.6864756140350876,0.03021845087193255,1.544568947368421,0.04256112267809162,3,"1,2,3"
16,15.625,0.9864581228070174,0.01981399511301452,1.7125594736842105,0.03001659946118636,1.5484550877192984,0.042972725212134015,3,"1,2,3"
16,15.875,0.9961718070175439,0.01115036758341648,1.7366547368421053,0.03022384777812423,1.5510436842105264,0.043133342162347904,3,"1,2,3"
16,16.125,1.0125836666666665,0.017313323567889942,1.7534596491228072,0.03034812656534974,1.5525459649122808,0.04336104261525618,3,"1,2,3"
16,16.375,1.0183009122807019,0.004632213777532576,1.7494584210526316,0.030629183360234333,1.5517161403508772,0.04363551800798499,3,"1,2,3"
16,16.625,1.0389037894736843,0.009225002815575234,1.7115100000000003,0.030152044351552932,1.548408947368421,0.04359559059467197,3,"1,2,3"
16,16.875,1.0424816491228068,0.020305131705409377,1.6411319298245612,0.0288671296368163,1.542671754385965,0.04353778775469775,3,"1,2,3"
16,17.125,1.0534050350877193,0.02471176091142014,1.553405614035088,0.027413722751122367,1.535848947368421,0.04343011937449324,3,"1,2,3"
16,17.375,1.0569358421052633,0.011542113505728905,1.4687391228070172,0.0252030070621311,1.5294685964912282,0.043333376085638406,3,"1,2,3"
16,17.625,1.0944952105263157,0.033205335287383377,1.4011735087719297,0.023910831589098826,1.5247880701754386,0.043329284066082656,3,"1,2,3"
16,17.875,1.105833192982456,0.030537833935776682,1.3554315789473683,0.023502253124733745,1.5220733333333332,0.04347301910483401,3,"1,2,3"
16,18.125,1.1662424210526317,0.028462368186484538,1.329681052631579,0.02358331130121085,1.5216308771929823,0.04359646005717423,3,"1,2,3"
16,18.375,1.2329766666666666,0.026445807740748388,1.3183787719298248,0.02351352016855717,1.5230696491228068,0.043555507971657595,3,"1,2,3"
16,18.625,1.3260157894736841,0.029271038497751364,1.3181694736842104,0.023015026963109284,1.5261212280701757,0.04372004385821907,3,"1,2,3"
16,18.875,1.4623980701754384,0.0403666838308086,1.3252873684210524,0.02295283919576857,1.5303226315789473,0.04387022260269058,3,"1,2,3"
16,19.125,1.5553066666666666,0.050170236439928066,1.3362577192982457,0.023034376791851396,1.5348933333333334,0.04377200794634959,3,"1,2,3"
16,19.375,1.6247522807017545,0.043304111662260024,1.3480278947368423,0.023119154154668458,1.5391550877192983,0.043902349775963155,3,"1,2,3"
16,19.625,1.6434905263157897,0.040281517887080245,1.3610559649122809,0.023965433372619464,1.542521403508772,0.043758866467510295,3,"1,2,3"
16,19.875,1.6399015789473683,0.028767550589921104,1.3718470175438597,0.024889212581437385,1.5447785964912282,0.04343529315090401,3,"1,2,3"
16,20.125,1.6375015789473684,0.030205066738783336,1.381978245614035,0.025127035299135247,1.5457343859649122,0.04308769645336271,3,"1,2,3"
16,20.375,1.641947192982456,0.011615021257224963,1.3908333333333334,0.02563618354235714,1.5453073684210528,0.04253968618849595,3,"1,2,3"
16,20.625,1.6542191228070176,0.01897749734335519,1.397864736842105,0.02619922987386028,1.5438426315789473,0.04225730149500658,3,"1,2,3"
16,20.875,1.6884750877192982,0.015507423875682182,1.4033557894736841,0.02648165158962194,1.541167894736842,0.04182750730455994,3,"1,2,3"
16,21.125,1.708185789473684,0.015227409024373355,1.4068254385964911,0.027400562079592784,1.5373828070175437,0.0417033143498498,3,"1,2,3"
16,21.375,1.7585049122807017,0.023480630159232546,1.409213157894737,0.02730780593538428,1.532960701754386,0.0414161421916774,3,"1,2,3"
16,21.625,1.7795656140350882,0.029293006707781885,1.4106617543859652,0.027825165922284192,1.5280577192982456,0.04114866103253794,3,"1,2,3"
16,21.875,1.7797315789473684,0.02959253594032612,1.4108980701754386,0.02714197457463984,1.5226452631578946,0.040829459669654705,3,"1,2,3"
16,22.125,1.7573094736842103,0.025227625351713603,1.4102494736842106,0.02786320065744774,1.5172835087719296,0.040493543359419265,3,"1,2,3"
16,22.375,1.6772936842105264,0.0233338854135979,1.4099277192982456,0.02777473510119439,1.5123363157894738,0.040133047609594685,3,"1,2,3"
16,22.625,1.5625029824561405,0.006151499157913718,1.4096552631578945,0.027255842570012158,1.5081768421052633,0.039946595272549706,3,"1,2,3"
16,22.875,1.4481733333333333,0.014861727313821406,1.4116152631578947,0.02694084570523026,1.5055428070175438,0.03978545413961895,3,"1,2,3"
16,23.125,1.3531785964912284,0.0128921370120497,1.4147631578947368,0.026418801511704892,1.5046170175438596,0.0396332246678022,3,"1,2,3"
16,23.375,1.283802456140351,0.0110384354138883,1.4212647368421052,0.02664758309424205,1.505202807017544,0.0395560653721457,3,"1,2,3"
16,23.625,1.2273429824561404,0.016451956829915258,1.4324859649122805,0.026489011629132822,1.5073938596491228,0.03975370163158858,3,"1,2,3"
16,23.875,1.2019784210526314,0.017608662892572804,1.4499264912280703,0.026434138610656868,1.5108480701754388,0.039876539839975085,3,"1,2,3"
16,24.125,1.1848875438596493,0.002802461994155374,1.476229298245614,0.02532329442075213,1.5155056140350878,0.039757768249299226,3,"1,2,3"
16,24.375,1.179201754385965,0.0017715052644053269,1.5078026315789472,0.02494554508104759,1.52076350877193,0.039904497779045506,3,"1,2,3"
16,24.625,1.1929838596491231,0.007376502089182622,1.534337894736842,0.02411812596750988,1.5256789473684211,0.04005312488111726,3,"1,2,3"
16,24.875,1.2047108771929826,0.013504136409037557,1.5434647368421055,0.02332772708932861,1.5294307017543858,0.040134591422932665,3,"1,2,3"
16,0.125,0.0,0.0,0.0,0.0,0.0,0.0,3,"1,2,3"
16,0.375,0.0,0.0,0.0,0.0,0.0,0.0,3,"1,2,3"
16,0.625,0.0,0.0,0.0,0.0,0.0,0.0,3,"1,2,3"
16,0.875,0.0,0.0,0.0,0.0,0.10032346666666665,0.0009453539892507618,3,"1,2,3"
16,1.125,0.0,0.0,0.0,0.0,2.779958070175439,0.009056196160027175,3,"1,2,3"
16,1.375,0.0,0.0,0.0,0.0,4.426311228070175,0.0073507969220595396,3,"1,2,3"
16,1.625,0.0,0.0,0.0,0.0,5.70045350877193,0.0016827074616086672,3,"1,2,3"
16,1.875,0.0,0.0,0.0,0.0,3.116352631578948,0.0032438155377340315,3,"1,2,3"
16,2.125,0.0,0.0,0.0,0.0,1.9457201754385967,0.006718883359460373,3,"1,2,3"
16,2.375,0.0,0.0,0.0,0.0,1.990689649122807,0.007905666263150774,3,"1,2,3"
16,2.625,0.0,0.0,0.0,0.0,1.8411001754385967,0.009304166258018439,3,"1,2,3"
16,2.875,0.0,0.0,0.0,0.0,1.7874763157894737,0.01205782035708039,3,"1,2,3"
16,3.125,0.0,0.0,0.0,0.0,1.8970584210526313,0.01330647702241005,3,"1,2,3"
16,3.375,0.0,0.0,0.0,0.0,1.9559294736842103,0.014819157050829129,3,"1,2,3"
16,3.625,0.0,0.0,0.0,0.0,1.969181052631579,0.015172375216615198,3,"1,2,3"
16,3.875,0.0,0.0,0.0,0.0,1.9497442105263156,0.016367368562089472,3,"1,2,3"
16,4.125,0.0,0.0,0.0,0.0,1.9112873684210525,0.017477333021061112,3,"1,2,3"
16,4.375,0.0,0.0,0.0,0.0,1.8632631578947372,0.01816252342733201,3,"1,2,3"
16,4.625,0.0,0.0,6.141735263157894e-05,6.736752689295583e-06,1.8150485964912282,0.019927482608877434,3,"1,2,3"
16,4.875,0.0,0.0,0.07678023859649123,0.0005081435569826016,1.7772678947368419,0.021453215747947462,3,"1,2,3"
16,5.125,0.0,0.0,1.8591263157894735,0.002484177780039936,1.8573484210526316,0.022279534331896774,3,"1,2,3"
16,5.375,0.0,0.0,6.765920350877193,0.011656697862074879,2.1488633333333333,0.02280775089914077,3,"1,2,3"
16,5.625,0.0,0.0,9.432255964912281,0.011083628725782465,2.303056842105263,0.0242287011224169,3,"1,2,3"
16,5.875,0.0,0.0,8.376344736842105,0.01018633720032065,2.2210219298245613,0.02509528797130189,3,"1,2,3"
16,6.125,0.0,0.0,5.965493333333334,0.013057505756126147,2.0553412280701755,0.026272715183762757,3,"1,2,3"
16,6.375,0.0,0.0,3.8346978947368418,0.01296210703691995,1.9100085964912283,0.026490613492348433,3,"1,2,3"
16,6.625,0.0,0.0,2.4773447368421055,0.012996832563912,1.8160433333333337,0.026494375989336606,3,"1,2,3"
16,6.875,0.0,0.0,1.6715022807017546,0.01106422120295626,1.7570998245614033,0.026545542086730413,3,"1,2,3"
16,7.125,0.0,0.0,1.2140340350877195,0.010671401615279788,1.7209054385964915,0.02641389436941639,3,"1,2,3"
16,7.375,0.0,0.0,0.9743125263157895,0.009593330081741585,1.6984035087719296,0.0263186819264207,3,"1,2,3"
16,7.625,0.0,0.0,0.8685147017543859,0.009725649334113618,1.686124736842105,0.026796075190483343,3,"1,2,3"
16,7.875,0.0,0.0,0.8491085789473685,0.009647050278250868,1.6807761403508774,0.027450420083447995,3,"1,2,3"
16,8.125,0.0,0.0,0.8836007543859647,0.011243381098947269,1.6816421052631576,0.027938076771722862,3,"1,2,3"
16,8.375,0.0,0.0,0.9443707543859649,0.011807358795177912,1.6869317543859648,0.02864382150971139,3,"1,2,3"
16,8.625,0.0,0.0,1.0139500701754385,0.012267506576312774,1.6966285964912282,0.029853638151235016,3,"1,2,3"
16,8.875,0.0,0.0,1.0836751228070176,0.013421815075304329,1.7098505263157895,0.03063455113391366,3,"1,2,3"
16,9.125,0.0,0.0,1.1449601754385965,0.01503925756829785,1.7258292982456138,0.031582021898090125,3,"1,2,3"
16,9.375,0.0,0.0,1.197122105263158,0.016791633342923426,1.7441005263157896,0.03293322557000858,3,"1,2,3"
16,9.625,0.0,0.0,1.2385584210526315,0.01863206423691506,1.7639484210526313,0.033913472559628004,3,"1,2,3"
16,9.875,0.0,0.0,1.2714103508771928,0.022207350971709058,1.7843394736842109,0.03522252890384598,3,"1,2,3"
16,10.125,0.0010606937368421053,0.0005372241301581105,1.2952156140350877,0.022194270954898645,1.8047585964912283,0.03627893759581391,3,"1,2,3"
16,10.375,0.06763489298245613,0.004866022510968736,1.3135726315789473,0.022592641784186147,1.8233224561403512,0.03677888254880675,3,"1,2,3"
16,10.625,1.0753273684210525,0.029590275434942987,1.3258521052631578,0.02212654730962058,1.834964210526316,0.03747695998643114,3,"1,2,3"
16,10.875,4.811453684210527,0.05166932718673487,1.3353589473684206,0.0219944211679129,1.8295880701754388,0.038150644805112634,3,"1,2,3"
16,11.125,8.477982807017545,0.053305727252859515,1.3404052631578949,0.021598612772217685,1.7952350877192984,0.03832978470627527,3,"1,2,3"
16,11.375,7.888184210526315,0.05613344979897626,1.3416264912280702,0.020633667032417567,1.7309592982456141,0.03823959849359926,3,"1,2,3"
16,11.625,5.393287543859649,0.0731422901372735,1.3437073684210528,0.01935381945788717,1.6535103508771931,0.03788116115826812,3,"1,2,3"
16,11.875,3.3211154385964914,0.05789782479856264,1.3415352631578947,0.018713177284010202,1.5808780701754388,0.03747783088956889,3,"1,2,3"
16,12.125,2.116211052631579,0.03344307044590086,1.3419652631578947,0.017963661981916595,1.5229305263157897,0.037231054639206076,3,"1,2,3"
16,12.375,1.468504210526316,0.03387916303156407,1.3443529824561402,0.017204563210383553,1.4828664912280702,0.03683986169693338,3,"1,2,3"
16,12.625,1.1341186140350878,0.007616259283673937,1.35102649122807,0.01689926408890903,1.4594642105263158,0.036679518879930394,3,"1,2,3"
16,12.875,0.9940800877192982,0.012147761433206712,1.363659649122807,0.016272541120593096,1.4496375438596492,0.036949351679498456,3,"1,2,3"
16,13.125,0.9101895789473685,0.014078401995601928,1.3840270175438594,0.017419074432304834,1.4499970175438595,0.03729651264231741,3,"1,2,3"
16,13.375,0.8970617719298245,0.009888626547877534,1.4116263157894737,0.019043753912124598,1.4575880701754385,0.03781785637280408,3,"1,2,3"
16,13.625,0.9236044561403509,0.003346804867140181,1.444481754385965,0.020976445438144736,1.469371754385965,0.03841983996484076,3,"1,2,3"
16,13.875,0.9360088596491228,0.0008752802272109602,1.4818959649122807,0.022390410575723427,1.4827508771929825,0.039091086364002305,3,"1,2,3"
16,14.125,0.9448154736842106,0.02106358703355686,1.5200166666666668,0.023260828883705623,1.4965484210526316,0.039709321249430586,3,"1,2,3"
16,14.375,0.9643244561403507,0.01949728068698635,1.5585736842105262,0.024292018744845285,1.5092522807017543,0.04042530682184728,3,"1,2,3"
16,14.625,0.9694817719298245,0.009865175360457725,1.5939473684210528,0.02572845000766406,1.5205126315789474,0.04090674140903243,3,"1,2,3"
16,14.875,0.9753181754385966,0.03313278492489969,1.6260666666666665,0.026767477083663404,1.5297791228070174,0.04146631133666815,3,"1,2,3"
16,15.125,0.9832470175438598,0.03471649039966517,1.656068245614035,0.027497111935422553,1.5371707017543859,0.04198402471171809,3,"1,2,3"
16,15.375,0.9948236666666667,0.02065274926171089,1.6829468421052631,0.028719488748577906,1.5424319298245617,0.042083805173296344,3,"1,2,3"
16,15.625,1.0138624561403509,0.016173962584272176,1.7077780701754388,0.028171914595770405,1.5462273684210526,0.04222713038043441,3,"1,2,3"
16,15.875,0.997251456140351,0.007430502618907543,1.730739298245614,0.028609646712442677,1.5488301754385965,0.042253681291721475,3,"1,2,3"
16,16.125,0.9979369473684209,0.009804297591523872,1.7470226315789477,0.029010574144411244,1.5498638596491228,0.04210915191325778,3,"1,2,3"
16,16.375,1.01096401754386,0.0051103653260879825,1.7437964912280703,0.029053158094432534,1.5490349122807017,0.042089917739471544,3,"1,2,3"
16,16.625,1.0233072280701754,0.013474918944132368,1.7060143859649122,0.028769440293450188,1.5457363157894737,0.04185478902095833,3,"1,2,3"
16,16.875,1.023589596491228,0.012801633156599618,1.6357333333333335,0.02753303443661393,1.5400566666666666,0.04177557848960261,3,"1,2,3"
16,17.125,1.0433026140350876,0.015339674085024626,1.5485287719298244,0.02606254341428111,1.5330242105263157,0.04155735402650436,3,"1,2,3"
16,17.375,1.0536817017543858,0.01016953071787739,1.465468245614035,0.02490893094232357,1.5267324561403512,0.04139036668990169,3,"1,2,3"
16,17.625,1.0914572280701755,0.019336676830241095,1.398340350877193,0.02384491940455384,1.521937894736842,0.04117163942661005,3,"1,2,3"
16,17.875,1.115161684210526,0.005713956580374214,1.3532010526315787,0.023028287879460037,1.519412456140351,0.04115442786209269,3,"1,2,3"
16,18.125,1.1498215438596493,0.0023440825248588057,1.3277259649122808,0.022264615145925686,1.5187738596491227,0.0411396158300399,3,"1,2,3"
16,18.375,1.209239298245614,0.013989449502529129,1.3170726315789476,0.02259514328141472,1.5204119298245613,0.04099958899492941,3,"1,2,3"
16,18.625,1.3188291228070177,0.01038475188506572,1.3180407017543863,0.022942244117751573,1.5235652631578949,0.04111601626539792,3,"1,2,3"
16,18.875,1.4435454385964912,0.0313595662302916,1.3247984210526316,0.02301905294582349,1.5276935087719299,0.04123484066243932,3,"1,2,3"
16,19.125,1.5526000000000002,0.035903781164928164,1.3363950877192983,0.023733387449749885,1.5324691228070177,0.04140030728924849,3,"1,2,3"
16,19.375,1.634501052631579,0.033015447177867786,1.349023157894737,0.02466018528933141,1.5365610526315787,0.04130347885875522,3,"1,2,3"
16,19.625,1.6761650877192984,0.02470367682037791,1.3616243859649124,0.025152796372236278,1.5401259649122805,0.041368023660725166,3,"1,2,3"
16,19.875,1.6635066666666667,0.025191467631484388,1.373530350877193,0.025369258573688096,1.542265614035088,0.04126553142191932,3,"1,2,3"
16,20.125,1.6530750877192981,0.02892862985628,1.3831361403508773,0.02635772522622654,1.5429775438596494,0.040995525905768666,3,"1,2,3"
16,20.375,1.6449942105263158,0.03322724558157239,1.39093350877193,0.02615756560325715,1.5425301754385965,0.04082812562415954,3,"1,2,3"
16,20.625,1.6537477192982457,0.03763212733579871,1.3968931578947368,0.025685092978081955,1.5408926315789475,0.04038789114174184,3,"1,2,3"
16,20.875,1.6626515789473686,0.02681266017586428,1.4010571929824562,0.02524208375887379,1.5380363157894736,0.040063294126769976,3,"1,2,3"
16,21.125,1.6948140350877192,0.01341218335305954,1.4045349122807018,0.02490606115097321,1.5343852631578947,0.039738630592956944,3,"1,2,3"
16,21.375,1.7257352631578946,0.007222322365477485,1.4064591228070176,0.024766119040410588,1.529979298245614,0.039185823906868006,3,"1,2,3"
16,21.625,1.7619447368421053,0.0067901001886924136,1.407458070175439,0.024615146570545594,1.525142280701754,0.03873950243852349,3,"1,2,3"
16,21.875,1.7834315789473685,0.011484296323670087,1.4083384210526315,0.024021573318003333,1.5199254385964913,0.038230092922500625,3,"1,2,3"
16,22.125,1.7433664912280704,0.014066777073518855,1.4078992982456142,0.024025085483126228,1.5145428070175437,0.03786999293845361,3,"1,2,3"
16,22.375,1.6527054385964914,0.029165998893819794,1.4083350877192984,0.023408552920475785,1.5097389473684208,0.03752777406433077,3,"1,2,3"
16,22.625,1.5561629824561403,0.03258406293010346,1.4090059649122806,0.023015483231735002,1.5059545614035086,0.037218486238459775,3,"1,2,3"
16,22.875,1.4486550877192983,0.018380361706464076,1.4100452631578948,0.02287088427571374,1.503507192982456,0.03706110364251145,3,"1,2,3"
16,23.125,1.3564829824561404,0.008008693410579477,1.4131336842105267,0.022758473968966443,1.5024891228070174,0.036965226719118414,3,"1,2,3"
16,23.375,1.2915219298245613,0.020949730459851077,1.4199531578947369,0.02306682789267888,1.503271052631579,0.03694925179635224,3,"1,2,3"
16,23.625,1.2431398245614034,0.02058342886696007,1.4313882456140352,0.02304756815469907,1.5056322807017544,0.03695925564842396,3,"1,2,3"
16,23.875,1.2142342105263157,0.011140726522192763,1.4493043859649122,0.022653203427911175,1.5092671929824562,0.036907050627576245,3,"1,2,3"
16,24.125,1.2094526315789473,0.01625858822417852,1.4757354385964911,0.022166888408280114,1.5139621052631582,0.03693208673573135,3,"1,2,3"
16,24.375,1.1981401754385965,0.009818036150706094,1.5081071929824563,0.022053588340562133,1.5193961403508771,0.03699200299476608,3,"1,2,3"
16,24.625,1.202715789473684,0.00750220858832107,1.5350035087719298,0.021442387798969443,1.5244008771929825,0.0369706935953119,3,"1,2,3"
16,24.875,1.214834912280702,0.0010522045040064975,1.5439750877192984,0.021093468394880445,1.528039649122807,0.037093808649630834,3,"1,2,3"
16,0.125,0.0,0.0,0.0,0.0,0.0,0.0,3,"1,2,3"
16,0.375,0.0,0.0,0.0,0.0,0.0,0.0,3,"1,2,3"
16,0.625,0.0,0.0,0.0,0.0,0.0,0.0,3,"1,2,3"
16,0.875,0.0,0.0,0.0,0.0,0.10027107894736842,0.00038287543755545966,3,"1,2,3"
16,1.125,0.0,0.0,0.0,0.0,2.783894736842105,0.002597386320349305,3,"1,2,3"
16,1.375,0.0,0.0,0.0,0.0,4.430352807017544,0.004658352962560846,3,"1,2,3"
16,1.625,0.0,0.0,0.0,0.0,5.700325263157894,0.0041537837327250415,3,"1,2,3"
16,1.875,0.0,0.0,0.0,0.0,3.1172636842105264,0.003424528140117437,3,"1,2,3"
16,2.125,0.0,0.0,0.0,0.0,1.9509601754385966,0.005911543714803263,3,"1,2,3"
16,2.375,0.0,0.0,0.0,0.0,1.9930822807017545,0.00765530774815694,3,"1,2,3"
16,2.625,0.0,0.0,0.0,0.0,1.8434580701754386,0.010109235607480914,3,"1,2,3"
16,2.875,0.0,0.0,0.0,0.0,1.790162807017544,0.012026422137295828,3,"1,2,3"
16,3.125,0.0,0.0,0.0,0.0,1.9001122807017543,0.013741700601682656,3,"1,2,3"
16,3.375,0.0,0.0,0.0,0.0,1.958171052631579,0.015083156321433523,3,"1,2,3"
16,3.625,0.0,0.0,0.0,0.0,1.971244561403509,0.017249048043818806,3,"1,2,3"
16,3.875,0.0,0.0,0.0,0.0,1.951984912280702,0.018972247916696956,3,"1,2,3"
16,4.125,0.0,0.0,0.0,0.0,1.912978245614035,0.020552129312250728,3,"1,2,3"
16,4.375,0.0,0.0,0.0,0.0,1.8647014035087721,0.021616265952028563,3,"1,2,3"
16,4.625,0.0,0.0,5.945981754385964e-05,5.19066743243958e-06,1.817238947368421,0.022575462827673448,3,"1,2,3"
16,4.875,0.0,0.0,0.0761192912280702,0.0003997980132291467,1.7794317543859648,0.02383641999654677,3,"1,2,3"
16,5.125,0.0,0.0,1.8560959649122808,0.0029469180211418207,1.8593566666666668,0.024441514954011045,3,"1,2,3"
16,5.375,0.0,0.0,6.764146140350877,0.008686116338813705,2.1520943859649124,0.023861298994813998,3,"1,2,3"
16,5.625,0.0,0.0,9.440504912280701,0.00845129683299647,2.306405087719298,0.024782420952008274,3,"1,2,3"
16,5.875,0.0,0.0,8.386215614035088,0.0029209351116979343,2.225345789473684,0.02506109611906109,3,"1,2,3"
16,6.125,0.0,0.0,5.968116140350877,0.005466966024503819,2.0592717543859655,0.025874228683025566,3,"1,2,3"
16,6.375,0.0,0.0,3.835131578947369,0.00950673187153108,1.913378245614035,0.026206166062088084,3,"1,2,3"
16,6.625,0.0,0.0,2.4756415789473682,0.005865233372299629,1.8190114035087719,0.026482082112384665,3,"1,2,3"
16,6.875,0.0,0.0,1.671949649122807,0.007110154915610445,1.7598301754385963,0.02740414145775475,3,"1,2,3"
16,7.125,0.0,0.0,1.2144759649122807,0.006421246478715296,1.7232585964912281,0.027732796237207973,3,"1,2,3"
16,7.375,0.0,0.0,0.9750236842105262,0.008436993985346397,1.7011903508771933,0.028187448436654203,3,"1,2,3"
16,7.625,0.0,0.0,0.8694697543859649,0.00960315425753754,1.6883070175438597,0.028677516728484807,3,"1,2,3"
16,7.875,0.0,0.0,0.850707350877193,0.011415008732478976,1.6829743859649122,0.029086985810699927,3,"1,2,3"
16,8.125,0.0,0.0,0.8850942631578947,0.013489647336774352,1.6838726315789474,0.029489346706221595,3,"1,2,3"
16,8.375,0.0,0.0,0.9466575087719299,0.014310538263310022,1.689859649122807,0.030323850153801412,3,"1,2,3"
16,8.625,0.0,0.0,1.017879894736842,0.01576568140284558,1.6997559649122806,0.031024063714028577,3,"1,2,3"
16,8.875,0.0,0.0,1.0876765789473684,0.017528372239871595,1.7132471929824558,0.03213854797574917,3,"1,2,3"
16,9.125,0.0,0.0,1.1489742105263157,0.019821194118622067,1.7295701754385966,0.03298670373264953,3,"1,2,3"
16,9.375,0.0,0.0,1.2001414035087719,0.020245877235359238,1.747751052631579,0.03389235348218534,3,"1,2,3"
16,9.625,0.0,0.0,1.2388989473684209,0.020397969676996617,1.7673587719298245,0.03487229806008453,3,"1,2,3"
16,9.875,0.0,0.0,1.2706791228070176,0.022018813232437633,1.7875533333333333,0.035886665237798314,3,"1,2,3"
16,10.125,0.000811118596491228,0.00019582429604176707,1.2945057894736844,0.022606841768297567,1.8078729824561404,0.03693337269365987,3,"1,2,3"
16,10.375,0.0630621456140351,0.004719864702116463,1.312302105263158,0.022343966830883202,1.8266177192982456,0.03776298370357374,3,"1,2,3"
16,10.625,1.0727563508771931,0.02277788923253889,1.3252387719298246,0.022466672904147677,1.8381924561403507,0.038795985385810326,3,"1,2,3"
16,10.875,4.844205087719298,0.045771953916597496,1.3348415789473684,0.02386695381087679,1.833046666666667,0.03974218667516416,3,"1,2,3"
16,11.125,8.425779649122807,0.03897973798140958,1.34051350877193,0.02313396827104096,1.7982852631578943,0.040103908951673053,3,"1,2,3"
16,11.375,7.908669649122807,0.06936064850144998,1.3428503508771932,0.02351035740136762,1.7340077192982457,0.040046589977824086,3,"1,2,3"
16,11.625,5.4017599999999995,0.021842802897334902,1.3437880701754388,0.022291271309824078,1.6562875438596494,0.03993012558391761,3,"1,2,3"
16,11.875,3.3427203508771934,0.06953675326297033,1.3426717543859652,0.023148930642787405,1.5835071929824565,0.03968626551599856,3,"1,2,3"
16,12.125,2.1254242105263157,0.03778585991615061,1.3436412280701757,0.0221984980581052,1.5252687719298246,0.03925463394687923,3,"1,2,3"
16,12.375,1.4801064912280701,0.007201331701167205,1.34555649122807,0.021668197124723846,1.4848643859649122,0.039105732247507095,3,"1,2,3"
16,12.625,1.1400811929824564,0.012796574774307722,1.3517270175438598,0.02187758473037998,1.4613557894736842,0.03917946805512012,3,"1,2,3"
16,12.875,0.997754842105263,0.02147130570229505,1.3646926315789474,0.02136646099817015,1.4515973684210526,0.0396408079909043,3,"1,2,3"
16,13.125,0.9284425263157895,0.0255474910937571,1.3842426315789471,0.020804352108793646,1.4520166666666665,0.040056815995851015,3,"1,2,3"
16,13.375,0.9079946140350876,0.011369455467423533,1.4121180701754383,0.021260057922077753,1.4594208771929826,0.040541716227019756,3,"1,2,3"
16,13.625,0.9068553157894739,0.01340541498939353,1.445295263157895,0.02115186431909943,1.4710436842105263,0.04110369530221931,3,"1,2,3"
16,13.875,0.9260883684210525,0.013993330971328122,1.4823235087719298,0.021688569066024548,1.4845540350877193,0.04152839042764883,3,"1,2,3"
16,14.125,0.9352877368421052,0.02296475482514734,1.522228947368421,0.02219483761610292,1.498205964912281,0.041963072330285144,3,"1,2,3"
16,14.375,0.9518994385964913,0.026724954614022738,1.5599240350877193,0.02304766458679737,1.510996315789474,0.0422549316326046,3,"1,2,3"
16,14.625,0.95365450877193,0.027612759290096493,1.5961561403508773,0.02363339126537638,1.5220657894736842,0.042618151324820955,3,"1,2,3"
16,14.875,0.9602529473684212,0.03128526105990377,1.62908649122807,0.023791085934861955,1.531183157894737,0.04272199909038507,3,"1,2,3"
16,15.125,0.9583655263157894,0.02277210401862114,1.6600608771929826,0.024865549836415642,1.5384252631578947,0.042992732087796415,3,"1,2,3"
16,15.375,0.9733019824561403,0.03131805012890946,1.6881626315789473,0.025338520841040154,1.5440701754385966,0.04317923076868461,3,"1,2,3"
16,15.625,0.9868837017543859,0.009664390510607572,1.713037192982456,0.0266285700274187,1.5480077192982458,0.04332348531394519,3,"1,2,3"
16,15.875,0.9926072280701757,0.022716751157810803,1.7352522807017543,0.026947055728494516,1.5507045614035089,0.04331814725806426,3,"1,2,3"
16,16.125,1.0119614736842104,0.01588266910963545,1.7502122807017546,0.027126178169334696,1.5519345614035087,0.043291422688132714,3,"1,2,3"
16,16.375,1.0221059824561403,0.02766697798379746,1.745365087719298,0.028590110624940324,1.5510654385964913,0.04353220918190693,3,"1,2,3"
16,16.625,1.040169754385965,0.02356782720753206,1.706977192982456,0.03023784291117994,1.5476405263157897,0.043583392342595915,3,"1,2,3"
16,16.875,1.0412619298245616,0.0050219166817569594,1.6356663157894735,0.029573341864430218,1.5417115789473685,0.04343534018418616,3,"1,2,3"
16,17.125,1.0503456140350875,0.01074798760371913,1.548801403508772,0.029249082239970838,1.5347366666666666,0.04338059772279911,3,"1,2,3"
16,17.375,1.070439894736842,0.00421188236211755,1.464868947368421,0.027430797329010784,1.5282612280701755,0.04314539245599223,3,"1,2,3"
16,17.625,1.086577,0.01310570368533169,1.3982310526315789,0.02593926135049034,1.5235343859649124,0.04272558479843339,3,"1,2,3"
16,17.875,1.1068872105263157,0.01911136905508713,1.3521291228070176,0.02545297125618014,1.5206552631578945,0.04242768537019861,3,"1,2,3"
16,18.125,1.153987456140351,0.015203308930203541,1.3272121052631578,0.025323914080898614,1.520262105263158,0.04217750247745171,3,"1,2,3"
16,18.375,1.2187254385964912,0.025941672170496918,1.316611403508772,0.025633466533519854,1.52163649122807,0.04181436526194251,3,"1,2,3"
16,18.625,1.318665087719298,0.01580531622364802,1.317197543859649,0.025882297027412376,1.5246357894736844,0.04154407259606418,3,"1,2,3"
16,18.875,1.437627192982456,0.010633642237977754,1.3249392982456139,0.025272508212384272,1.5288536842105263,0.04125137772455101,3,"1,2,3"
16,19.125,1.5717228070175437,0.016586919744709074,1.3358091228070175,0.025187908109401823,1.5333515789473686,0.04113019599206092,3,"1,2,3"
16,19.375,1.6360798245614034,0.006423085475354035,1.348674035087719,0.0253614744086331,1.5376515789473684,0.04116113144494769,3,"1,2,3"
16,19.625,1.6684029824561406,0.007624309875474153,1.3609626315789474,0.025538855360972335,1.541108070175439,0.04114965525354227,3,"1,2,3"
16,19.875,1.6650994736842104,0.019180518254653348,1.3724064912280702,0.02538908169860247,1.54319,0.0411292346909154,3,"1,2,3"
16,20.125,1.6541884210526316,0.021141668893906423,1.3824573684210526,0.0260833963312601,1.5441500000000001,0.040999530116894015,3,"1,2,3"
16,20.375,1.6650140350877194,0.030267549930977976,1.3906678947368423,0.025652101859780556,1.5437331578947369,0.04084649869885644,3,"1,2,3"
16,20.625,1.6674482456140352,0.025435007111561003,1.3974842105263157,0.025393495408252597,1.5423164912280702,0.040562356642871715,3,"1,2,3"
16,20.875,1.687205789473684,0.03221059731674317,1.4030240350877194,0.02537092003536839,1.5396552631578946,0.04028742727336368,3,"1,2,3"
16,21.125,1.7175919298245612,0.026954257673135217,1.4069452631578947,0.024851634315724673,1.5360961403508773,0.0399153879484519,3,"1,2,3"
16,21.375,1.7465949122807016,0.019789974146029902,1.4088112280701754,0.024915412271669785,1.531630701754386,0.03976115912710298,3,"1,2,3"
16,21.625,1.7562477192982453,0.031782910349335954,1.4105391228070177,0.024896114610193792,1.5264429824561405,0.03937394349655223,3,"1,2,3"
16,21.875,1.7697798245614031,0.03035427023321757,1.4105966666666665,0.023682923576470952,1.52113649122807,0.03888614513356548,3,"1,2,3"
16,22.125,1.7364970175438597,0.030268908733021307,1.410244385964912,0.02350621332502332,1.515578947368421,0.038705719507875706,3,"1,2,3"
16,22.375,1.6591056140350877,0.027246914656996333,1.409093859649123,0.022693520458293974,1.5105877192982458,0.03818857482001169,3,"1,2,3"
16,22.625,1.5477559649122805,0.011803209748074032,1.4089324561403507,0.021852634893069024,1.506827719298246,0.03777521021030513,3,"1,2,3"
16,22.875,1.4350128070175439,0.014978037139518105,1.4100694736842108,0.021897535853476455,1.5043524561403512,0.03741360035434061,3,"1,2,3"
16,23.125,1.3486771929824561,0.020649559589352495,1.412793859649123,0.020884774443846194,1.5035887719298244,0.037139857471301684,3,"1,2,3"
16,23.375,1.285546140350877,0.02001862900790445,1.4189496491228069,0.02104896801603005,1.5044322807017545,0.03698259506864952,3,"1,2,3"
16,23.625,1.2315728070175438,0.010677078548948511,1.4302631578947367,0.02024763227952957,1.506803333333333,0.03682220571437712,3,"1,2,3"
16,23.875,1.2088275438596492,0.014508261169651536,1.44834649122807,0.020276054944794817,1.510438947368421,0.03679121302265879,3,"1,2,3"
16,24.125,1.1972238596491227,0.005266687594193911,1.475175964912281,0.020568704231980692,1.5151747368421054,0.03688264008462768,3,"1,2,3"
16,24.375,1.1940756140350877,0.013421136596458001,1.5069224561403507,0.021057742512651877,1.5203636842105264,0.03708717911688152,3,"1,2,3"
16,24.625,1.1934808771929823,0.018432724374186492,1.5347015789473684,0.021004923614868984,1.5253478947368422,0.037251715916033004,3,"1,2,3"
16,24.875,1.2022961403508772,0.0060704747112108985,1.5445815789473682,0.02112999949964599,1.5289991228070174,0.037524414216561705,3,"1,2,3"
16,0.125,0.0,0.0,0.0,0.0,0.0,0.0,3,"1,2,3"
16,0.375,0.0,0.0,0.0,0.0,0.0,0.0,3,"1,2,3"
16,0.625,0.0,0.0,0.0,0.0,0.0,0.0,3,"1,2,3"
16,0.875,0.0,0.0,0.0,0.0,0.09964448771929825,0.0006490647123221055,3,"1,2,3"
16,1.125,0.0,0.0,0.0,0.0,2.7789929824561406,0.006837048662294672,3,"1,2,3"
16,1.375,0.0,0.0,0.0,0.0,4.429436140350877,0.0051614374216205254,3,"1,2,3"
16,1.625,0.0,0.0,0.0,0.0,5.703124385964913,0.0059685730098129625,3,"1,2,3"
16,1.875,0.0,0.0,0.0,0.0,3.119269298245614,0.008513965945905434,3,"1,2,3"
16,2.125,0.0,0.0,0.0,0.0,1.9521750877192983,0.012030324982107965,3,"1,2,3"
16,2.375,0.0,0.0,0.0,0.0,1.995942456140351,0.01514319768320512,3,"1,2,3"
16,2.625,0.0,0.0,0.0,0.0,1.8480838596491227,0.017037922274877215,3,"1,2,3"
16,2.875,0.0,0.0,0.0,0.0,1.7949698245614034,0.019719904481222315,3,"1,2,3"
16,3.125,0.0,0.0,0.0,0.0,1.9053396491228067,0.0209328830297213,3,"1,2,3"
16,3.375,0.0,0.0,0.0,0.0,1.965219298245614,0.023229114092458942,3,"1,2,3"
16,3.625,0.0,0.0,0.0,0.0,1.9785501754385963,0.024159927645739022,3,"1,2,3"
16,3.875,0.0,0.0,0.0,0.0,1.9596898245614034,0.024504796501605697,3,"1,2,3"
16,4.125,0.0,0.0,0.0,0.0,1.9212233333333335,0.02560892666795407,3,"1,2,3"
16,4.375,0.0,0.0,0.0,0.0,1.87292649122807,0.02533300114959347,3,"1,2,3"
16,4.625,0.0,0.0,6.36195701754386e-05,5.821368731568971e-06,1.8246398245614035,0.02550167031023435,3,"1,2,3"
16,4.875,0.0,0.0,0.07666725789473683,0.0005094683823850495,1.78662350877193,0.025842884378627008,3,"1,2,3"
16,5.125,0.0,0.0,1.8582101754385967,0.0011010727861472144,1.866510701754386,0.026280205001980826,3,"1,2,3"
16,5.375,0.0,0.0,6.7797087719298235,0.0035300531211969696,2.1588359649122806,0.026756084905505094,3,"1,2,3"
16,5.625,0.0,0.0,9.465299473684212,0.023594165346793153,2.3137743859649125,0.028751832689054513,3,"1,2,3"
16,5.875,0.0,0.0,8.398959824561402,0.024175987584477157,2.2303435087719294,0.029733115693649212,3,"1,2,3"
16,6.125,0.0,0.0,5.973688596491229,0.019920402085989372,2.06380649122807,0.030622688678931354,3,"1,2,3"
16,6.375,0.0,0.0,3.8367763157894736,0.013602062598194709,1.9175643859649123,0.03101845381792154,3,"1,2,3"
16,6.625,0.0,0.0,2.4764873684210524,0.009831282312666811,1.8218973684210527,0.030796557964424202,3,"1,2,3"
16,6.875,0.0,0.0,1.6708621052631578,0.007335873240163814,1.7621626315789474,0.0313276281941886,3,"1,2,3"
16,7.125,0.0,0.0,1.2150457894736841,0.006852015993586556,1.7254526315789471,0.03145621400662591,3,"1,2,3"
16,7.375,0.0,0.0,0.9761786491228072,0.0077518484634827274,1.7021878947368423,0.031593755799843824,3,"1,2,3"
16,7.625,0.0,0.0,0.8713846140350877,0.007728841603291983,1.6890922807017545,0.031886017710808255,3,"1,2,3"
16,7.875,0.0,0.0,0.8548164210526314,0.008073687575081092,1.6834573684210525,0.032360666938856544,3,"1,2,3"
16,8.125,0.0,0.0,0.8881925263157896,0.009993031504413418,1.6835512280701754,0.032616387777886224,3,"1,2,3"
16,8.375,0.0,0.0,0.9498157017543861,0.012531169110382623,1.688880350877193,0.033265865880036126,3,"1,2,3"
16,8.625,0.0,0.0,1.0213098947368422,0.013755207594865279,1.6985512280701753,0.03355454170093257,3,"1,2,3"
16,8.875,0.0,0.0,1.0903075087719298,0.015574646959879977,1.7116736842105265,0.033957343490267106,3,"1,2,3"
16,9.125,0.0,0.0,1.1517114035087719,0.01690097361154548,1.727931754385965,0.03452752112341217,3,"1,2,3"
16,9.375,0.0,0.0,1.2025549122807018,0.017670186462728107,1.745994912280702,0.0350507579351031,3,"1,2,3"
16,9.625,0.0,0.0,1.2434015789473685,0.019094180406407396,1.7661136842105263,0.035520253572439854,3,"1,2,3"
16,9.875,0.0,0.0,1.2734307017543858,0.020549415182128484,1.7864389473684212,0.036264159197339066,3,"1,2,3"
16,10.125,0.0010042422807017542,0.0002735048416621162,1.2961164912280703,0.021863215612579256,1.8069947368421058,0.036780594609071626,3,"1,2,3"
16,10.375,0.06957889122807016,0.005698491811992462,1.313623157894737,0.022407047714003318,1.8262307017543857,0.03744242050958361,3,"1,2,3"
16,10.625,1.0814118245614035,0.012026225446881773,1.324458245614035,0.023263148465241298,1.8382842105263155,0.038161300365868706,3,"1,2,3"
16,10.875,4.909478421052632,0.048959922760863236,1.3332538596491228,0.023664918342820494,1.8333870175438596,0.03874632773194924,3,"1,2,3"
16,11.125,8.517703333333335,0.08031830736934463,1.3386673684210528,0.02480260209221572,1.7988678947368422,0.039277973826121686,3,"1,2,3"
16,11.375,7.953252456140351,0.03724849446183927,1.3408675438596491,0.025032583723852087,1.7344271929824562,0.03884492630209503,3,"1,2,3"
16,11.625,5.394603684210526,0.020394154699104487,1.3412663157894738,0.024886689701211606,1.6567456140350876,0.03846376155753392,3,"1,2,3"
16,11.875,3.2965073684210524,0.010804362640968635,1.3403056140350877,0.024784966649295748,1.583360350877193,0.037845425190078184,3,"1,2,3"
16,12.125,2.102148421052632,0.023046433353226575,1.3396685964912283,0.023875283395545333,1.52496,0.037233083383539464,3,"1,2,3"
16,12.375,1.4539707017543861,0.013923675449093561,1.340788596491228,0.023505878800767245,1.4844410526315788,0.037202114290237356,3,"1,2,3"
16,12.625,1.1358372807017545,0.013110700859996731,1.3466529824561404,0.022711295692821556,1.4607519298245615,0.03734094596900655,3,"1,2,3"
16,12.875,0.9676478421052632,0.0062533526910062785,1.358806666666667,0.022190871374525335,1.4508401754385964,0.03743687168374321,3,"1,2,3"
16,13.125,0.9143235263157895,0.002532769568290182,1.3790528070175438,0.02210462275318526,1.451420701754386,0.037820068205442633,3,"1,2,3"
16,13.375,0.8843305438596492,0.0028198031552593315,1.4070447368421053,0.0222454755004265,1.4588768421052631,0.03838689097234377,3,"1,2,3"
16,13.625,0.8903462280701754,0.0034991870155472904,1.4410817543859649,0.02237393457883539,1.4704066666666666,0.038767955473845164,3,"1,2,3"
16,13.875,0.9056846315789473,0.02161264408654843,1.4789922807017544,0.021650301243197705,1.4839384210526319,0.03895922405853124,3,"1,2,3"
16,14.125,0.9236651052631578,0.02286773086673735,1.5190471929824563,0.022372879367189732,1.4975696491228068,0.03934252143260085,3,"1,2,3"
16,14.375,0.9335965789473684,0.028217553282360405,1.558663859649123,0.02236119195189252,1.5103622807017543,0.03947365923819874,3,"1,2,3"
16,14.625,0.9480263859649124,0.019907787736419366,1.5956373684210525,0.022021952914239327,1.5214603508771927,0.03976906720828915,3,"1,2,3"
16,14.875,0.9504707368421054,0.026919874404873284,1.6297105263157894,0.021196170789563765,1.5304736842105262,0.03998089447001322,3,"1,2,3"
16,15.125,0.9622759122807018,0.027724274971926414,1.6602859649122808,0.021594045109236647,1.5375619298245615,0.0403023196322983,3,"1,2,3"
16,15.375,0.9733352105263157,0.026122168158660215,1.6863708771929822,0.02171732819481256,1.5427892982456142,0.04037947278972633,3,"1,2,3"
16,15.625,0.987433789473684,0.02650209614528957,1.7110712280701756,0.022493531366583885,1.5466907017543858,0.04022928873449934,3,"1,2,3"
16,15.875,0.9934052807017544,0.009328769265647728,1.7340640350877192,0.02391830182911032,1.549212807017544,0.040542700015300324,3,"1,2,3"
16,16.125,1.0113901403508772,0.004452700224748362,1.7501485964912282,0.025473664572753473,1.550473859649123,0.04051706026990041,3,"1,2,3"
16,16.375,1.0274246666666669,0.016968700128377083,1.7461333333333335,0.02675209362396903,1.5496675438596492,0.04045808674735356,3,"1,2,3"
16,16.625,1.035665596491228,0.01670061866068858,1.7079105263157894,0.02715467284370014,1.5461043859649122,0.04058587137854194,3,"1,2,3"
16,16.875,1.0395653333333332,0.016600397436549324,1.637369649122807,0.026663227870380495,1.5402091228070176,0.04038527013897775,3,"1,2,3"
16,17.125,1.0729146140350878,0.013781601884435604,1.5492063157894738,0.025936493578912374,1.53343,0.04015441261719057,3,"1,2,3"
16,17.375,1.0622375438596492,0.011565838344294001,1.4647857894736844,0.023713590074075586,1.5269199999999998,0.03968184671865426,3,"1,2,3"
16,17.625,1.079312894736842,0.001395366417985974,1.397491052631579,0.022270053981519846,1.5218985964912282,0.03929549114406905,3,"1,2,3"
16,17.875,1.1240074210526314,0.0074827282457670405,1.351445789473684,0.021907124814456887,1.519174210526316,0.03914440217695649,3,"1,2,3"
16,18.125,1.1608178947368424,0.013263428993330634,1.3250673684210528,0.021250306399398695,1.5187008771929824,0.03877693987397076,3,"1,2,3"
16,18.375,1.2148419298245612,0.014521623856637978,1.3147785964912282,0.021180673521148365,1.5201500000000001,0.03869852331234198,3,"1,2,3"
16,18.625,1.309670350877193,0.015356897291740106,1.3159822807017545,0.02162324439399647,1.5234371929824562,0.03860120000941431,3,"1,2,3"
16,18.875,1.4482170175438596,0.01605510020899384,1.3236447368421052,0.021662982391494192,1.527924912280702,0.03842621479700716,3,"1,2,3"
16,19.125,1.5693307017543858,0.013630640151465598,1.3346761403508773,0.021936143893716186,1.5326582456140352,0.038457045965134024,3,"1,2,3"
16,19.375,1.644971754385965,0.01989405492349041,1.348152280701754,0.022358090255584953,1.5372077192982456,0.03827920779804676,3,"1,2,3"
16,19.625,1.686914210526316,0.022692589554374143,1.3603792982456142,0.022532425767262828,1.5407785964912282,0.03813478831028947,3,"1,2,3"
16,19.875,1.6706868421052634,0.0287443373973026,1.372205438596491,0.02359707797744375,1.5430357894736844,0.038027867681560364,3,"1,2,3"
16,20.125,1.6613970175438597,0.005995756029581688,1.3819059649122807,0.023383026075855528,1.5439035087719297,0.037928855942157606,3,"1,2,3"
16,20.375,1.6518401754385967,0.009666317875071545,1.3898068421052632,0.022922081000960274,1.5434959649122806,0.037798735023886386,3,"1,2,3"
16,20.625,1.655079298245614,0.021755538267444634,1.3962691228070174,0.023079594527057712,1.5417898245614035,0.037697949885190346,3,"1,2,3"
16,20.875,1.6654084210526319,0.03385064341013009,1.4011487719298241,0.023297619034852925,1.5390233333333334,0.03772232966031584,3,"1,2,3"
16,21.125,1.7029987719298247,0.031231455913443756,1.4042391228070177,0.022461652136075285,1.535336842105263,0.03767635754939967,3,"1,2,3"
16,21.375,1.7221991228070177,0.030908945184164115,1.4062452631578948,0.022618520234925558,1.5308057894736844,0.03761667727283936,3,"1,2,3"
16,21.625,1.7626601754385967,0.017380873602609967,1.407076140350877,0.022293314420163364,1.5258994736842106,0.03757399239287442,3,"1,2,3"
16,21.875,1.7840659649122805,0.015130190107633648,1.4074543859649122,0.02255216808602054,1.5205466666666663,0.037414533212871755,3,"1,2,3"
16,22.125,1.7584259649122806,0.01731961832746099,1.4072687719298245,0.022753833248166978,1.5152024561403508,0.037296543645874196,3,"1,2,3"
16,22.375,1.6743391228070177,0.02015411961046681,1.406661403508772,0.023157395833275515,1.5103456140350877,0.03707752443656562,3,"1,2,3"
16,22.625,1.5619935087719297,0.020264971736240037,1.4063189473684208,0.02330746863920441,1.5063335087719298,0.03685992119191158,3,"1,2,3"
16,22.875,1.4409943859649124,0.0172007514509416,1.4079319298245612,0.023122241391532343,1.5037684210526312,0.03665541672207865,3,"1,2,3"
16,23.125,1.3436314035087717,0.020800503622238363,1.4108224561403508,0.02303867154147161,1.502750701754386,0.036631457575251096,3,"1,2,3"
16,23.375,1.271135438596491,0.01556186513289077,1.4176168421052633,0.02335473729677329,1.503501578947369,0.0366253665658781,3,"1,2,3"
16,23.625,1.2241687719298244,0.0187206608935303,1.429516666666667,0.022629095972864166,1.5058356140350877,0.03675662085153519,3,"1,2,3"
16,23.875,1.1982949122807016,0.02574345147557022,1.447597192982456,0.02183208784166114,1.5093608771929823,0.03664598212589035,3,"1,2,3"
16,24.125,1.1866559649122808,0.007230786140220305,1.4748907017543857,0.021530463042924143,1.514182456140351,0.03690992595300828,3,"1,2,3"
16,24.375,1.1869019298245613,0.010071726792295501,1.5076280701754385,0.02116627039129989,1.5196578947368422,0.03705986154292536,3,"1,2,3"
16,24.625,1.1874961403508772,0.009217188190601671,1.535418947368421,0.021048632409631528,1.524688596491228,0.037074904067355,3,"1,2,3"
16,24.875,1.193222807017544,0.007301038281483653,1.545061754385965,0.0211728032372222,1.5283847368421053,0.037394744118917356,3,"1,2,3"
16,0.125,0.0,0.0,0.0,0.0,0.0,0.0,3,"1,2,3"
16,0.375,0.0,0.0,0.0,0.0,0.0,0.0,3,"1,2,3"
16,0.625,0.0,0.0,0.0,0.0,0.0,0.0,3,"1,2,3"
16,0.875,0.0,0.0,0.0,0.0,0.09955678070175439,0.0006260828159406105,3,"1,2,3"
16,1.125,0.0,0.0,0.0,0.0,2.780956842105263,0.003888731714714739,3,"1,2,3"
16,1.375,0.0,0.0,0.0,0.0,4.428379824561403,0.004416111740604376,3,"1,2,3"
16,1.625,0.0,0.0,0.0,0.0,5.703569824561403,0.005167266000445678,3,"1,2,3"
16,1.875,0.0,0.0,0.0,0.0,3.1203829824561407,0.006797937364828344,3,"1,2,3"
16,2.125,0.0,0.0,0.0,0.0,1.9536668421052632,0.009444980619907934,3,"1,2,3"
16,2.375,0.0,0.0,0.0,0.0,1.9968249122807016,0.011840194912839237,3,"1,2,3"
16,2.625,0.0,0.0,0.0,0.0,1.8466987719298247,0.014957355030161953,3,"1,2,3"
16,2.875,0.0,0.0,0.0,0.0,1.793648245614035,0.016806789999558116,3,"1,2,3"
16,3.125,0.0,0.0,0.0,0.0,1.9043377192982456,0.01882087259192791,3,"1,2,3"
16,3.375,0.0,0.0,0.0,0.0,1.9639547368421055,0.020607260278292322,3,"1,2,3"
16,3.625,0.0,0.0,0.0,0.0,1.977477894736842,0.021831706097685925,3,"1,2,3"
16,3.875,0.0,0.0,0.0,0.0,1.9581701754385963,0.022065261903884963,3,"1,2,3"
16,4.125,0.0,0.0,0.0,0.0,1.9193340350877193,0.022280545163146554,3,"1,2,3"
16,4.375,0.0,0.0,0.0,0.0,1.8711907017543863,0.02221968167641396,3,"1,2,3"
16,4.625,0.0,0.0,6.557710350877192e-05,2.8325133255005528e-06,1.8231024561403508,0.022756602265964484,3,"1,2,3"
16,4.875,0.0,0.0,0.07673531228070175,0.00022884117296464166,1.7847684210526313,0.02301983229424209,3,"1,2,3"
16,5.125,0.0,0.0,1.8560847368421056,0.0014660585283320206,1.8652587719298246,0.0231828321964512,3,"1,2,3"
16,5.375,0.0,0.0,6.769875263157895,0.0029281522383474688,2.15745298245614,0.024069587824651784,3,"1,2,3"
16,5.625,0.0,0.0,9.449893333333334,0.008654426867294068,2.3115950877192986,0.025544540129744303,3,"1,2,3"
16,5.875,0.0,0.0,8.388149649122807,0.017318008732809875,2.228963333333333,0.026636273472694174,3,"1,2,3"
16,6.125,0.0,0.0,5.96886649122807,0.017449659537503156,2.0624992982456143,0.027315363422743922,3,"1,2,3"
16,6.375,0.0,0.0,3.837453157894737,0.015782032041683998,1.9160910526315786,0.027899656805442846,3,"1,2,3"
16,6.625,0.0,0.0,2.477254385964912,0.011544075801847435,1.820518947368421,0.028373181945978668,3,"1,2,3"
16,6.875,0.0,0.0,1.6752426315789473,0.010296394074266644,1.7612156140350876,0.029430725479974457,3,"1,2,3"
16,7.125,0.0,0.0,1.2171991228070176,0.009031719852633856,1.7237905263157893,0.030289116275117732,3,"1,2,3"
16,7.375,0.0,0.0,0.9766231228070176,0.009320560362676658,1.700718771929825,0.031355189050521835,3,"1,2,3"
16,7.625,0.0,0.0,0.8729846140350878,0.00956755692605974,1.6880466666666667,0.031797597679061214,3,"1,2,3"
16,7.875,0.0,0.0,0.8548484035087718,0.010748298191678284,1.6826371929824562,0.032821157133098716,3,"1,2,3"
16,8.125,0.0,0.0,0.8893241754385964,0.010400025385413082,1.682992807017544,0.03345469789620837,3,"1,2,3"
16,8.375,0.0,0.0,0.9500830175438596,0.012669633088495714,1.6882701754385963,0.03382057570697335,3,"1,2,3"
16,8.625,0.0,0.0,1.0203896140350877,0.014316160394854907,1.697723157894737,0.034566648412250475,3,"1,2,3"
16,8.875,0.0,0.0,1.089070754385965,0.015147852175585789,1.7106417543859649,0.034818492243245555,3,"1,2,3"
16,9.125,0.0,0.0,1.1508575438596493,0.016492970271915066,1.7266196491228067,0.03503439558391781,3,"1,2,3"
16,9.375,0.0,0.0,1.2022561403508771,0.017509417934501573,1.7446908771929825,0.03554609506401218,3,"1,2,3"
16,9.625,0.0,0.0,1.2428473684210528,0.017729057050407136,1.7643254385964913,0.03587181739164277,3,"1,2,3"
16,9.875,0.0,0.0,1.2739519298245614,0.018890390373035408,1.784992456140351,0.03656648358231708,3,"1,2,3"
16,10.125,0.0006506776842105263,0.00012024856179065189,1.297151403508772,0.01949729552158968,1.805396842105263,0.036741448806325155,3,"1,2,3"
16,10.375,0.07029762280701754,0.001695475999244333,1.314109298245614,0.019665079456116875,1.8243563157894738,0.03756892001212139,3,"1,2,3"
16,10.625,1.0920400526315788,0.008887729586262246,1.326934210526316,0.01983558563838549,1.8365482456140347,0.038231971543151305,3,"1,2,3"
16,10.875,4.847021052631579,0.017376960404759816,1.3345784210526317,0.020996038359116013,1.831564385964912,0.038761735161259366,3,"1,2,3"
16,11.125,8.460289824561405,0.057226928506796046,1.3394175438596492,0.020972400032593465,1.797280701754386,0.039079384448695,3,"1,2,3"
16,11.375,7.926510701754386,0.07080697244925835,1.3415378947368424,0.021652916982485917,1.7331528070175437,0.03909266122260113,3,"1,2,3"
16,11.625,5.416596666666667,0.04682179573579933,1.3403822807017545,0.022462947977172933,1.6553350877192983,0.03874897639927239,3,"1,2,3"
16,11.875,3.3554324561403512,0.01749514640691289,1.3388471929824561,0.02347590212688256,1.5820187719298247,0.03825492824293712,3,"1,2,3"
16,12.125,2.1050056140350875,0.004001871453558798,1.3371038596491227,0.02398054176704633,1.5235036842105263,0.03787616428886764,3,"1,2,3"
16,12.375,1.4518622807017543,0.011127988864344416,1.3382238596491227,0.025187426557138636,1.4827649122807014,0.03793844576057672,3,"1,2,3"
16,12.625,1.1285425438596492,0.014473139041811333,1.3452236842105263,0.025158578908703228,1.4593061403508771,0.037914426712929994,3,"1,2,3"
16,12.875,0.9914616315789474,0.026347467313599368,1.3576107017543861,0.024571229692333656,1.4495494736842105,0.038102503091375035,3,"1,2,3"
16,13.125,0.9345551403508772,0.017426307474250977,1.3773247368421053,0.02471718970001792,1.450162456140351,0.038273254743825424,3,"1,2,3"
16,13.375,0.8939370175438596,0.011982329943159127,1.405274035087719,0.023922524449860455,1.4577522807017542,0.0384353652008471,3,"1,2,3"
16,13.625,0.9086340350877192,0.014040528432096574,1.439287894736842,0.023827293811479567,1.4697654385964913,0.038736992050943046,3,"1,2,3"
16,13.875,0.9220222280701754,0.01797961552182665,1.4773566666666669,0.02340891529123771,1.48344,0.0391943252082728,3,"1,2,3"
16,14.125,0.9258161578947369,0.016782289265688106,1.5178029824561403,0.02204866652095803,1.4973219298245615,0.03929261503836052,3,"1,2,3"
16,14.375,0.9385931052631579,0.01879206524164304,1.5563849122807019,0.021589443781503504,1.51034,0.03961765137488171,3,"1,2,3"
16,14.625,0.9509172631578947,0.013669289208187186,1.5933612280701757,0.020563862269910173,1.5217080701754384,0.03957967702139434,3,"1,2,3"
16,14.875,0.9637456842105264,0.011032046639091572,1.627546140350877,0.01945011562075696,1.531017192982456,0.03966604827609876,3,"1,2,3"
16,15.125,0.9536040701754386,0.02138142508599249,1.6581345614035088,0.020502681442239153,1.5382671929824563,0.039620376218505546,3,"1,2,3"
16,15.375,0.9734067192982456,0.02099449813009795,1.6855885964912283,0.021105543832991184,1.5437954385964912,0.03959793541894454,3,"1,2,3"
16,15.625,0.9811197719298246,0.027398830443841345,1.7106122807017545,0.021695550251328223,1.547650350877193,0.03938420045983248,3,"1,2,3"
16,15.875,0.9924004210526315,0.02616354757307373,1.733214210526316,0.023004574401583024,1.5500878947368422,0.039389840319634314,3,"1,2,3"
16,16.125,1.0093602280701754,0.013795673994843077,1.7482963157894738,0.024370618706556105,1.551083859649123,0.03946587321393025,3,"1,2,3"
16,16.375,1.0197564736842106,0.016110588693861814,1.7449275438596494,0.025251392912343327,1.5503343859649126,0.03945046389861518,3,"1,2,3"
16,16.625,1.0170656491228072,0.02347275786097313,1.7076528070175439,0.02518857197868991,1.5466747368421052,0.039360797960235575,3,"1,2,3"
16,16.875,1.0167983859649121,0.0161258043445496,1.636981403508772,0.02509917331461852,1.5409085964912281,0.03923595451084824,3,"1,2,3"
16,17.125,1.0398947017543858,0.013764579644276373,1.549170701754386,0.024253567272753785,1.5339138596491229,0.03923447122005747,3,"1,2,3"
16,17.375,1.0551379824561404,0.022768165690400074,1.464673859649123,0.02353282722141384,1.5273129824561404,0.03905156888499096,3,"1,2,3"
16,17.625,1.0844265614035085,0.01731377031006378,1.3974519298245613,0.02206733103166734,1.5223947368421051,0.03871610213519616,3,"1,2,3"
16,17.875,1.105012947368421,0.0203452828654997,1.3515643859649122,0.021319498162674328,1.5196980701754388,0.038452988412897515,3,"1,2,3"
16,18.125,1.1628351403508772,0.018704414218033105,1.325940701754386,0.021781245778228087,1.519271578947368,0.03833585380529076,3,"1,2,3"
16,18.375,1.2321067719298247,0.016959031228610463,1.316321052631579,0.021364202024941468,1.5207980701754387,0.03819199682261813,3,"1,2,3"
16,18.625,1.3232680701754385,0.007051403537143726,1.3170401754385963,0.021400980886095777,1.5240950877192982,0.03824378616346649,3,"1,2,3"
16,18.875,1.4508224561403509,0.009624223615923355,1.3243652631578946,0.020998179422468326,1.5282154385964912,0.038066217528919935,3,"1,2,3"
16,19.125,1.5699640350877193,0.019981461700684145,1.3359903508771929,0.020536116573070324,1.5329745614035089,0.037941194296212816,3,"1,2,3"
16,19.375,1.6558766666666669,0.00906259992101655,1.3488085964912282,0.020784304595369247,1.537331403508772,0.037713809199138575,3,"1,2,3"
16,19.625,1.6728424561403508,0.004182966301454221,1.3616328070175439,0.02062544769410683,1.5406443859649122,0.037450433567478326,3,"1,2,3"
16,19.875,1.6612301754385965,0.0033590666253310855,1.373158245614035,0.020247519074833346,1.5427564912280702,0.0374217912462781,3,"1,2,3"
16,20.125,1.6464171929824563,0.0031275673652030587,1.3832800000000003,0.019880928504227603,1.5435198245614032,0.03724933983397668,3,"1,2,3"
16,20.375,1.6549424561403507,0.011084434381816225,1.3910733333333332,0.01979326495193965,1.5430336842105266,0.03711779966892216,3,"1,2,3"
16,20.625,1.6657670175438597,0.008134693281244844,1.3972110526315789,0.020546370989775537,1.5414826315789474,0.03728631941493387,3,"1,2,3"
16,20.875,1.6748031578947369,0.00585561890502199,1.4024950877192983,0.020403608005370315,1.5386935087719298,0.037335652163839744,3,"1,2,3"
16,21.125,1.691188596491228,0.0209962015750145,1.4051056140350875,0.02024397323917561,1.5349289473684211,0.0373798317221367,3,"1,2,3"
16,21.375,1.7325489473684208,0.03883201590781062,1.40716,0.020755575735202467,1.5307412280701753,0.037411017919084834,3,"1,2,3"
16,21.625,1.7626877192982455,0.04084902474920183,1.407157894736842,0.021196895088750837,1.52554701754386,0.03753668841496547,3,"1,2,3"
16,21.875,1.7767243859649124,0.03961499443153297,1.4064617543859648,0.022280362185559937,1.5200991228070173,0.037575316391326295,3,"1,2,3"
16,22.125,1.748070350877193,0.020797277426464953,1.4064826315789476,0.022460402423115946,1.5148245614035087,0.03743829780623693,3,"1,2,3"
16,22.375,1.6735370175438593,0.0202846050013688,1.406118245614035,0.022723010454698652,1.5098156140350876,0.03738735703155359,3,"1,2,3"
16,22.625,1.5543405263157897,0.021635692800434127,1.4058712280701755,0.022574457257436762,1.5058107017543858,0.03729931352385137,3,"1,2,3"
16,22.875,1.4418661403508775,0.009529875213027297,1.407054561403509,0.022024642634196182,1.5031,0.03706905014773163,3,"1,2,3"
16,23.125,1.351587192982456,0.006099616510557667,1.4094933333333335,0.022257295160760034,1.5021114035087717,0.03698675584462795,3,"1,2,3"
16,23.375,1.2704433333333334,0.012106009865095912,1.4154619298245616,0.021922626325995755,1.5028061403508772,0.03711211529697463,3,"1,2,3"
16,23.625,1.2351047368421053,0.009363602555440513,1.4265135087719296,0.02186024975520187,1.5051757894736841,0.037169012031552144,3,"1,2,3"
16,23.875,1.2113117543859648,0.00831017521266868,1.4449505263157896,0.021870077210494627,1.5088315789473683,0.037268476568091236,3,"1,2,3"
16,24.125,1.196108947368421,0.00886218966874651,1.4709847368421052,0.021877858630259386,1.5134305263157894,0.03742690353993048,3,"1,2,3"
16,24.375,1.1999642105263157,0.005663404954501246,1.50345701754386,0.021660430566445024,1.5188264912280702,0.03756340394142105,3,"1,2,3"
16,24.625,1.1951914035087718,0.015026561403549677,1.5312721052631577,0.021530416171050094,1.5238617543859647,0.037686677211079156,3,"1,2,3"
16,24.875,1.2001022807017543,0.025268274939861623,1.540692456140351,0.02127852714623551,1.5274164912280703,0.03780628236921075,3,"1,2,3"
16,0.125,0.0,0.0,0.0,0.0,0.0,0.0,3,"1,2,3"
16,0.375,0.0,0.0,0.0,0.0,0.0,0.0,3,"1,2,3"
16,0.625,0.0,0.0,0.0,0.0,0.0,0.0,3,"1,2,3"
16,0.875,0.0,0.0,0.0,0.0,0.09988551228070176,0.0009223802499362522,3,"1,2,3"
16,1.125,0.0,0.0,0.0,0.0,2.777325263157895,0.007719261096401804,3,"1,2,3"
16,1.375,0.0,0.0,0.0,0.0,4.427851403508772,0.00904292830979744,3,"1,2,3"
16,1.625,0.0,0.0,0.0,0.0,5.704323859649123,0.006344641704822946,3,"1,2,3"
16,1.875,0.0,0.0,0.0,0.0,3.120647192982456,0.01211449110769419,3,"1,2,3"
16,2.125,0.0,0.0,0.0,0.0,1.9537131578947367,0.017301031342183915,3,"1,2,3"
16,2.375,0.0,0.0,0.0,0.0,1.9990919298245615,0.021170267807172335,3,"1,2,3"
16,2.625,0.0,0.0,0.0,0.0,1.8513168421052635,0.024986366280587244,3,"1,2,3"
16,2.875,0.0,0.0,0.0,0.0,1.7974156140350876,0.028353330466419805,3,"1,2,3"
16,3.125,0.0,0.0,0.0,0.0,1.9077035087719298,0.030445526864605624,3,"1,2,3"
16,3.375,0.0,0.0,0.0,0.0,1.9667473684210528,0.03068135353074082,3,"1,2,3"
16,3.625,0.0,0.0,0.0,0.0,1.9800122807017544,0.03131735823384029,3,"1,2,3"
16,3.875,0.0,0.0,0.0,0.0,1.9612417543859648,0.031842897935134076,3,"1,2,3"
16,4.125,0.0,0.0,0.0,0.0,1.921981052631579,0.030663936909299003,3,"1,2,3"
16,4.375,0.0,0.0,0.0,0.0,1.8732159649122808,0.03028225751019577,3,"1,2,3"
16,4.625,0.0,0.0,6.0438584210526316e-05,5.882752536403457e-06,1.8255101754385965,0.030071108543527642,3,"1,2,3"
16,4.875,0.0,0.0,0.07652012807017544,0.00038590995560894666,1.78688649122807,0.029447762674981184,3,"1,2,3"
16,5.125,0.0,0.0,1.8574433333333333,0.002295012470704523,1.866355964912281,0.029893411316465765,3,"1,2,3"
16,5.375,0.0,0.0,6.7767294736842105,0.011070540453291628,2.1590621052631582,0.030467462804616333,3,"1,2,3"
16,5.625,0.0,0.0,9.46183543859649,0.026820342310450933,2.313631929824562,0.03172979296284579,3,"1,2,3"
16,5.875,0.0,0.0,8.395371929824561,0.03269391348002816,2.230065263157895,0.03262045931368325,3,"1,2,3"
16,6.125,0.0,0.0,5.974052280701755,0.024013700096098184,2.063459122807018,0.03250698716093716,3,"1,2,3"
16,6.375,0.0,0.0,3.8360715789473687,0.013977804467388468,1.9165896491228072,0.03253012401578914,3,"1,2,3"
16,6.625,0.0,0.0,2.4765761403508773,0.011901569271462163,1.820596315789474,0.033250022148160724,3,"1,2,3"
16,6.875,0.0,0.0,1.6703394736842103,0.008933326266862416,1.7607619298245616,0.03327832140032218,3,"1,2,3"
16,7.125,0.0,0.0,1.2121277192982456,0.007990594128185514,1.7232894736842106,0.033991122267181206,3,"1,2,3"
16,7.375,0.0,0.0,0.972948701754386,0.008182361845173068,1.7004970175438598,0.03456717765017355,3,"1,2,3"
16,7.625,0.0,0.0,0.8702248070175438,0.010103994202977477,1.6876326315789474,0.035244273453498814,3,"1,2,3"
16,7.875,0.0,0.0,0.8536985263157894,0.011502362229825326,1.6821657894736841,0.03582159005066754,3,"1,2,3"
16,8.125,0.0,0.0,0.888785701754386,0.013051252361790465,1.6825924561403507,0.035605109690501444,3,"1,2,3"
16,8.375,0.0,0.0,0.9521448771929825,0.016066783310745573,1.688379298245614,0.03572748224928803,3,"1,2,3"
16,8.625,0.0,0.0,1.023066754385965,0.017550548589328828,1.6981945614035088,0.035577411511367396,3,"1,2,3"
16,8.875,0.0,0.0,1.0935278771929824,0.01990002760431522,1.711480350877193,0.0357393068533121,3,"1,2,3"
16,9.125,0.0,0.0,1.153452456140351,0.019763781611543952,1.7273521052631577,0.03589782592305337,3,"1,2,3"
16,9.375,0.0,0.0,1.2039584210526317,0.02029835539099031,1.7457101754385966,0.03567806654226787,3,"1,2,3"
16,9.625,0.0,0.0,1.2450973684210527,0.020240138535615477,1.7656745614035085,0.03629510848797532,3,"1,2,3"
16,9.875,0.0,0.0,1.2742784210526317,0.021253602560303047,1.7863598245614034,0.03649342576125077,3,"1,2,3"
16,10.125,0.001316210561403509,0.0005437571552436894,1.296061754385965,0.021211316107072425,1.807092105263158,0.03703887589309125,3,"1,2,3"
16,10.375,0.06845549649122806,0.002915435707519264,1.3127275438596493,0.022068251288393303,1.8263494736842105,0.03802932075057055,3,"1,2,3"
16,10.625,1.0960357894736843,0.022309810400643216,1.3241591228070175,0.022731252855629873,1.8388754385964914,0.03879172577749754,3,"1,2,3"
16,10.875,4.909326491228071,0.07452342666658497,1.3309061403508773,0.02226180256474802,1.8335415789473686,0.03948047773353723,3,"1,2,3"
16,11.125,8.48103894736842,0.09714536597765398,1.3352154385964912,0.02328507944007547,1.7989084210526316,0.03966299980646028,3,"1,2,3"
16,11.375,7.889905614035087,0.05795665925699438,1.3369377192982455,0.023671655718532945,1.7344066666666667,0.03909956628791098,3,"1,2,3"
16,11.625,5.362792807017544,0.01214787396203428,1.336908771929825,0.024494588786912786,1.6563385964912278,0.038368339290296864,3,"1,2,3"
16,11.875,3.338847017543859,0.05850760514578705,1.335132105263158,0.023751911908270484,1.5828536842105265,0.03758940073047313,3,"1,2,3"
16,12.125,2.123152631578947,0.025492847623658593,1.3351257894736843,0.02310357543690156,1.5247156140350875,0.03701638497312943,3,"1,2,3"
16,12.375,1.4623561403508774,0.014282544508030907,1.3371098245614033,0.022638073736908418,1.484578596491228,0.03646776617220542,3,"1,2,3"
16,12.625,1.1284034385964914,0.008615183109371639,1.3437266666666663,0.022714882005244054,1.4609601754385964,0.036387944946887074,3,"1,2,3"
16,12.875,0.9809625438596492,0.008109333278526684,1.357434385964912,0.022633039750216095,1.451585614035088,0.036404996715310944,3,"1,2,3"
16,13.125,0.9205793684210527,0.008293085068750058,1.3783435087719298,0.022297352506028312,1.4523528070175438,0.036432448093905646,3,"1,2,3"
16,13.375,0.8998557192982458,0.007895921281598302,1.4062445614035086,0.021230507137196594,1.4599957894736841,0.03662307304704307,3,"1,2,3"
16,13.625,0.9020987894736843,0.003396616543922037,1.4407152631578946,0.021378349106662024,1.4719457894736843,0.03692657831629677,3,"1,2,3"
16,13.875,0.9204779824561404,0.009573463121617292,1.479381403508772,0.022019970023593325,1.4857635087719299,0.03717692963155763,3,"1,2,3"
16,14.125,0.9363308771929825,0.010672746780206542,1.518339649122807,0.021851633036431905,1.499296842105263,0.03734389051281925,3,"1,2,3"
16,14.375,0.9484668245614035,0.0171177649455739,1.557756666666667,0.02039529064254692,1.512056140350877,0.037338280568527796,3,"1,2,3"
16,14.625,0.9494821929824561,0.02268698591652505,1.594708245614035,0.02064571479724257,1.523101052631579,0.03738335232459673,3,"1,2,3"
16,14.875,0.9650447192982456,0.027570461474745792,1.6285277192982457,0.020152076272324192,1.5319635087719299,0.03731078072522265,3,"1,2,3"
16,15.125,0.9694113684210525,0.04287036762381781,1.6596131578947368,0.019966156309713896,1.5390608771929823,0.037212433863444784,3,"1,2,3"
16,15.375,0.9708754912280702,0.038494615800085376,1.6884303508771932,0.02032391470247546,1.5443359649122808,0.03736615273899635,3,"1,2,3"
16,15.625,0.9732980701754386,0.036221857441828764,1.713329298245614,0.021319496278661722,1.547995087719298,0.03732293459006522,3,"1,2,3"
16,15.875,0.997052456140351,0.026159671747340147,1.7364352631578948,0.021676903048216453,1.5502,0.037285369505102736,3,"1,2,3"
16,16.125,0.9938274035087717,0.007217453284491701,1.7523971929824562,0.02340961154156411,1.551131578947368,0.037147020992345035,3,"1,2,3"
16,16.375,0.9998988596491228,0.010132803659159428,1.7485798245614033,0.024391059626836836,1.5502289473684214,0.0370615380020398,3,"1,2,3"
16,16.625,1.0069978947368423,0.0047992688108830185,1.7100924561403508,0.023748531984890558,1.5465743859649124,0.03694215334398312,3,"1,2,3"
16,16.875,1.0204817894736842,0.006851940006469924,1.638065614035088,0.02291261787855399,1.5403473684210525,0.03667221038340114,3,"1,2,3"
16,17.125,1.033671754385965,0.012722450901553701,1.549720701754386,0.021406629164257895,1.5335017543859648,0.03645161076414464,3,"1,2,3"
16,17.375,1.052609192982456,0.012625007920777476,1.4654317543859647,0.019674896362521548,1.527213157894737,0.03613390755711666,3,"1,2,3"
16,17.625,1.0773178421052634,0.024011031876162457,1.3982129824561405,0.019597721023466828,1.522382631578947,0.035915152168817854,3,"1,2,3"
16,17.875,1.1103379649122809,0.018716142625204612,1.35250298245614,0.01904776142240036,1.51973,0.03555326071358877,3,"1,2,3"
16,18.125,1.1649145789473687,0.015415142126231912,1.326832105263158,0.018679169910633776,1.5193759649122807,0.03538000032970955,3,"1,2,3"
16,18.375,1.2449859649122805,0.007790719344843971,1.3164557894736841,0.01934141017010962,1.5209070175438597,0.03532153203065123,3,"1,2,3"
16,18.625,1.3194201754385964,0.014428383757855781,1.317568245614035,0.019065496462743504,1.5241492982456142,0.03510266789200435,3,"1,2,3"
16,18.875,1.4605822807017546,0.006072472960394651,1.324735789473684,0.019647571788721983,1.528422456140351,0.03504445826772835,3,"1,2,3"
16,19.125,1.5873991228070174,0.004312716414114782,1.336101052631579,0.019866882496488346,1.5332084210526313,0.03523427715203756,3,"1,2,3"
16,19.375,1.6532861403508772,0.004106190321152149,1.3479768421052631,0.020115308214427266,1.5375328070175438,0.03537414799167998,3,"1,2,3"
16,19.625,1.6613694736842104,0.021819987533352878,1.3604924561403509,0.020490940314309834,1.5410699999999997,0.03535468969298366,3,"1,2,3"
16,19.875,1.6431084210526317,0.02061565881921603,1.3716173684210524,0.02020949048880696,1.543064736842105,0.03533681897474535,3,"1,2,3"
16,20.125,1.647561578947368,0.02216354060254421,1.3816205263157897,0.02047419991683509,1.5438457894736846,0.03542677707972749,3,"1,2,3"
16,20.375,1.6522040350877194,0.010201639506978746,1.3891391228070178,0.019867256907144207,1.5432577192982457,0.03546714724071957,3,"1,2,3"
16,20.625,1.668081754385965,0.009980733955596463,1.395140350877193,0.020065496652834386,1.5414798245614036,0.03571938720907132,3,"1,2,3"
16,20.875,1.69094649122807,0.011194385137319783,1.3992435087719297,0.020177309812538447,1.5384866666666666,0.035836341361859834,3,"1,2,3"
16,21.125,1.730146842105263,0.00877111995910592,1.4021268421052635,0.01967386246903752,1.5346580701754389,0.035925093081247174,3,"1,2,3"
16,21.375,1.7660810526315789,0.021585724357304867,1.4041819298245615,0.019550377761218454,1.5299563157894738,0.03589772219668602,3,"1,2,3"
16,21.625,1.7723859649122808,0.016819690135042455,1.405158245614035,0.018761371334611487,1.5247631578947367,0.0358585360077179,3,"1,2,3"
16,21.875,1.7781791228070176,0.023683058803705755,1.4043536842105262,0.018989904597942683,1.5192491228070175,0.03569324766881575,3,"1,2,3"
16,22.125,1.732853859649123,0.02197934350626638,1.4042345614035086,0.019358717851352195,1.513801754385965,0.03566539623387825,3,"1,2,3"
16,22.375,1.6550861403508772,0.02878368676029753,1.40385350877193,0.019520723350722254,1.5088240350877193,0.03567753702627221,3,"1,2,3"
16,22.625,1.5455385964912278,0.020062755175048103,1.40466350877193,0.02024881492529211,1.5048368421052631,0.0355093771730888,3,"1,2,3"
16,22.875,1.4345629824561403,0.011126943419809908,1.4060112280701753,0.020140837203004126,1.5021945614035086,0.035546139782426815,3,"1,2,3"
16,23.125,1.3381073684210527,0.007866910340217088,1.409844035087719,0.02024680188524804,1.501222807017544,0.035638487143777584,3,"1,2,3"
16,23.375,1.2813366666666666,0.007871368506607985,1.4162219298245615,0.020350514611107557,1.502121403508772,0.03567379732225522,3,"1,2,3"
16,23.625,1.232608947368421,0.01865171999376343,1.4277891228070174,0.02125126375834056,1.5044298245614034,0.03568779889925891,3,"1,2,3"
16,23.875,1.2002007017543859,0.01946920196084848,1.4462350877192982,0.02108703418188237,1.508116842105263,0.03572581390181846,3,"1,2,3"
16,24.125,1.197356140350877,0.01088897576582327,1.4729282456140351,0.02118270679781598,1.512855789473684,0.035799321557920365,3,"1,2,3"
16,24.375,1.1808240350877193,0.00456437627825308,1.5055414035087722,0.022147447957520838,1.5181484210526317,0.03589238981625587,3,"1,2,3"
16,24.625,1.1812834736842106,0.011441016761601296,1.533056842105263,0.022661641726159868,1.5232271929824563,0.03605172913285508,3,"1,2,3"
16,24.875,1.1849728070175438,0.015283336222234708,1.542065614035088,0.022759434800826314,1.5267722807017545,0.03629166674119284,3,"1,2,3"
16,0.125,0.0,0.0,0.0,0.0,0.0,0.0,3,"1,2,3"
16,0.375,0.0,0.0,0.0,0.0,0.0,0.0,3,"1,2,3"
16,0.625,0.0,0.0,0.0,0.0,0.0,0.0,3,"1,2,3"
16,0.875,0.0,0.0,0.0,0.0,0.09976825438596489,0.0007835972063958209,3,"1,2,3"
16,1.125,0.0,0.0,0.0,0.0,2.7817757894736843,0.0061239216398608284,3,"1,2,3"
16,1.375,0.0,0.0,0.0,0.0,4.429220175438595,0.010205446795243779,3,"1,2,3"
16,1.625,0.0,0.0,0.0,0.0,5.703959122807017,0.006654193775236438,3,"1,2,3"
16,1.875,0.0,0.0,0.0,0.0,3.116669122807018,0.006906687411064221,3,"1,2,3"
16,2.125,0.0,0.0,0.0,0.0,1.950311052631579,0.011110359942906397,3,"1,2,3"
16,2.375,0.0,0.0,0.0,0.0,1.9957173684210527,0.012969472836990681,3,"1,2,3"
16,2.625,0.0,0.0,0.0,0.0,1.8469959649122807,0.016564305627750114,3,"1,2,3"
16,2.875,0.0,0.0,0.0,0.0,1.7937208771929827,0.019883950776740617,3,"1,2,3"
16,3.125,0.0,0.0,0.0,0.0,1.904372631578947,0.022317234101701534,3,"1,2,3"
16,3.375,0.0,0.0,0.0,0.0,1.9634870175438592,0.02351454362770153,3,"1,2,3"
16,3.625,0.0,0.0,0.0,0.0,1.9766419298245612,0.023947592111287334,3,"1,2,3"
16,3.875,0.0,0.0,0.0,0.0,1.9578459649122806,0.02503136003302888,3,"1,2,3"
16,4.125,0.0,0.0,0.0,0.0,1.9181087719298244,0.025404701109703606,3,"1,2,3"
16,4.375,0.0,0.0,0.0,0.0,1.8705505263157896,0.02540887280409194,3,"1,2,3"
16,4.625,0.0,0.0,5.725761754385963e-05,7.860634071124095e-06,1.8224259649122807,0.025463085929031546,3,"1,2,3"
16,4.875,0.0,0.0,0.07636661228070175,0.0003323330354774977,1.7835205263157896,0.025851397375391365,3,"1,2,3"
16,5.125,0.0,0.0,1.8587140350877192,0.004043354735004122,1.8648471929824562,0.02628386951606368,3,"1,2,3"
16,5.375,0.0,0.0,6.769566315789475,0.01134924240783432,2.1567833333333333,0.02655280569669184,3,"1,2,3"
16,5.625,0.0,0.0,9.447260701754386,0.007050374872430823,2.3117222807017543,0.02788502801028734,3,"1,2,3"
16,5.875,0.0,0.0,8.385259824561402,0.014953224886389104,2.229444736842105,0.02996867589351782,3,"1,2,3"
16,6.125,0.0,0.0,5.966631228070175,0.025516377556527338,2.062772280701754,0.031466922539337264,3,"1,2,3"
16,6.375,0.0,0.0,3.8324866666666666,0.02337457838247202,1.916445263157895,0.03188812840171055,3,"1,2,3"
16,6.625,0.0,0.0,2.473522456140351,0.01751831986790239,1.8213464912280701,0.03237613519925034,3,"1,2,3"
16,6.875,0.0,0.0,1.6672936842105262,0.01389729143847628,1.7616729824561403,0.03225451680548303,3,"1,2,3"
16,7.125,0.0,0.0,1.212007894736842,0.01096759629185231,1.7243801754385968,0.03214245949472382,3,"1,2,3"
16,7.375,0.0,0.0,0.9727380877192982,0.009824132245889794,1.7013698245614035,0.03260829972785876,3,"1,2,3"
16,7.625,0.0,0.0,0.8705347543859648,0.010379665734483819,1.6883036842105261,0.032793545580855094,3,"1,2,3"
16,7.875,0.0,0.0,0.8526068070175438,0.010512047772259486,1.6823822807017546,0.032404490678423485,3,"1,2,3"
16,8.125,0.0,0.0,0.8878486666666667,0.011819994318073361,1.6828078947368421,0.03290673815598371,3,"1,2,3"
16,8.375,0.0,0.0,0.9498762456140352,0.015573506477960594,1.6877696491228074,0.03320142299493937,3,"1,2,3"
16,8.625,0.0,0.0,1.0205278245614036,0.01699262907399613,1.6973980701754385,0.03359873047642688,3,"1,2,3"
16,8.875,0.0,0.0,1.089336350877193,0.01873412506228104,1.7106945614035087,0.03418885560956448,3,"1,2,3"
16,9.125,0.0,0.0,1.1497419298245617,0.01993209527927804,1.72649649122807,0.03491730609427813,3,"1,2,3"
16,9.375,0.0,0.0,1.1996252631578948,0.021447608811482378,1.7447710526315792,0.03564491943377655,3,"1,2,3"
16,9.625,0.0,0.0,1.2388028070175439,0.021105857087208357,1.7645173684210527,0.03599206334745745,3,"1,2,3"
16,9.875,0.0,0.0,1.26983350877193,0.022323799296266836,1.7848501754385966,0.03651813426327786,3,"1,2,3"
16,10.125,0.0005140056140350877,0.0003654372083689026,1.2931319298245614,0.02285983262841873,1.8057761403508772,0.037222859730119476,3,"1,2,3"
16,10.375,0.0716105947368421,0.005459625158494395,1.311093157894737,0.023237946436177045,1.8250433333333336,0.03776164638905037,3,"1,2,3"
16,10.625,1.076645192982456,0.021763935944527052,1.3228289473684212,0.02463905193655824,1.83750701754386,0.03850636344943953,3,"1,2,3"
16,10.875,4.848424210526315,0.08451879117498305,1.3308566666666666,0.024145409426392286,1.832337192982456,0.03891563897757461,3,"1,2,3"
16,11.125,8.437333859649122,0.08132289527498583,1.3369015789473684,0.023775854862084216,1.7980582456140353,0.039440120833530594,3,"1,2,3"
16,11.375,7.91386052631579,0.09373760671989426,1.3379849122807015,0.023717438797404917,1.7336754385964912,0.03931811236786885,3,"1,2,3"
16,11.625,5.401941754385965,0.07039519581989562,1.3377542105263156,0.023071754941593636,1.6556812280701756,0.0387937174719953,3,"1,2,3"
16,11.875,3.3076873684210533,0.044447779695416204,1.3359880701754385,0.02313414693580728,1.5824235087719296,0.03823822351818955,3,"1,2,3"
16,12.125,2.098277894736842,0.03120664591421396,1.3365729824561405,0.023034680042089535,1.5238319298245615,0.03769754739085727,3,"1,2,3"
16,12.375,1.4537591228070177,0.025243800088447586,1.3387229824561404,0.022904524555676237,1.4835096491228068,0.03719733749825474,3,"1,2,3"
16,12.625,1.1315348596491228,0.012507052196613506,1.344219649122807,0.022869922355312496,1.4598185964912282,0.03720229622459999,3,"1,2,3"
16,12.875,0.9709810701754386,0.02124681221841889,1.3584475438596495,0.02229828552731531,1.4502696491228069,0.037067577292068506,3,"1,2,3"
16,13.125,0.9138728245614033,0.02875895612738907,1.3788043859649124,0.02061880168407085,1.450814385964912,0.037155130468058836,3,"1,2,3"
16,13.375,0.9022837719298247,0.01316900694395034,1.406077543859649,0.02013561233455316,1.4583587719298245,0.03735742550444427,3,"1,2,3"
16,13.625,0.8918229298245614,0.004018866746347765,1.4389492982456142,0.020609660937934027,1.4700794736842104,0.03762882538570213,3,"1,2,3"
16,13.875,0.9083205087719298,0.014648230692280958,1.477259298245614,0.020615797008689103,1.4836642105263158,0.03791588907708751,3,"1,2,3"
16,14.125,0.9353087719298245,0.02940881726176028,1.5161970175438595,0.020896185695197675,1.4972036842105265,0.03826036257315106,3,"1,2,3"
16,14.375,0.9439737368421053,0.014916857376806963,1.5537463157894738,0.02187030966573966,1.5096949122807015,0.03835266887758732,3,"1,2,3"
16,14.625,0.960537052631579,0.004832431157689925,1.5911764912280704,0.021778552230876498,1.5204433333333334,0.03849750223777176,3,"1,2,3"
16,14.875,0.964988350877193,0.014560472597193227,1.6255678947368422,0.02292366057232327,1.5295657894736843,0.03855411129188336,3,"1,2,3"
16,15.125,0.9927735789473684,0.040303880531902016,1.6568554385964909,0.024472461804345615,1.5366112280701756,0.03870697795306636,3,"1,2,3"
16,15.375,1.0100696140350875,0.043209766703589746,1.6853801754385964,0.025272033646729624,1.5419670175438596,0.03897029105982895,3,"1,2,3"
16,15.625,0.9889641228070175,0.017620375153314723,1.7120180701754384,0.025328193665098222,1.5455135087719298,0.03877929670188889,3,"1,2,3"
16,15.875,0.9964374912280703,0.019296252951093947,1.734160175438597,0.025654975615620808,1.5480292982456139,0.03879846014672299,3,"1,2,3"
16,16.125,1.0086603333333333,0.022947239320791315,1.7504773684210526,0.02597837931577749,1.5490740350877192,0.03890453561333998,3,"1,2,3"
16,16.375,0.9968180877192981,0.009908654629915466,1.7466994736842107,0.026438877163552824,1.5481085964912282,0.03869767442110338,3,"1,2,3"
16,16.625,1.0054780701754387,0.012977961587849002,1.7089308771929825,0.026320760044025445,1.544639298245614,0.03872041230601026,3,"1,2,3"
16,16.875,1.0255307368421052,0.01034060571879518,1.6371080701754386,0.02571231045663062,1.5386392982456139,0.03849025621524135,3,"1,2,3"
16,17.125,1.0360813333333332,0.020833147026358034,1.547614912280702,0.02456208386651682,1.531520701754386,0.03818164743433987,3,"1,2,3"
16,17.375,1.0490635438596492,0.029963657282328686,1.4624273684210527,0.023155074935980124,1.525131754385965,0.03796227109939162,3,"1,2,3"
16,17.625,1.0729750350877192,0.035757433123626774,1.3946522807017543,0.02126548085857713,1.5201322807017543,0.03756961042130168,3,"1,2,3"
16,17.875,1.1071346666666664,0.03331840180114192,1.3487380701754388,0.019565521261193774,1.5172749122807019,0.037214060519359785,3,"1,2,3"
16,18.125,1.177758701754386,0.031948120951434456,1.3233261403508771,0.018817535845018368,1.5169633333333337,0.03703023718267101,3,"1,2,3"
16,18.375,1.2412729824561402,0.025443908149628835,1.3127526315789473,0.019156218034396787,1.518618245614035,0.036901537712740184,3,"1,2,3"
16,18.625,1.3208791228070176,0.028973896190353225,1.3145422807017544,0.01961304223548686,1.521805789473684,0.03670706026270957,3,"1,2,3"
16,18.875,1.4478254385964913,0.01616563429893366,1.322092807017544,0.020523343897918583,1.5261349122807015,0.03673540623628668,3,"1,2,3"
16,19.125,1.5675977192982458,0.008295441954326833,1.3336889473684213,0.021502906702952813,1.5307503508771931,0.03686055496519614,3,"1,2,3"
16,19.375,1.6327066666666665,0.012782860678112488,1.34706,0.02161974401564301,1.5350887719298247,0.036806698907356036,3,"1,2,3"
16,19.625,1.6629738596491228,0.01673473684394453,1.3589801754385966,0.02218422497484837,1.5385021052631576,0.0368090193717503,3,"1,2,3"
16,19.875,1.6563347368421049,0.005681937475991064,1.370527543859649,0.02186627292142633,1.5407331578947367,0.036825277430080565,3,"1,2,3"
16,20.125,1.6475650877192984,0.011902348413365859,1.3804664912280702,0.022055613667372395,1.5414350877192982,0.03681374371335628,3,"1,2,3"
16,20.375,1.6510640350877195,0.01673714675510751,1.3887229824561402,0.02216894732191071,1.540913859649123,0.03676853971666927,3,"1,2,3"
16,20.625,1.651019649122807,0.027615594562398725,1.394481403508772,0.02258827838654014,1.5389696491228069,0.03667439749022687,3,"1,2,3"
16,20.875,1.6860147368421055,0.02848694610896294,1.3985694736842105,0.02218493822868415,1.5360429824561403,0.03657235737263767,3,"1,2,3"
16,21.125,1.7012524561403508,0.022779642392732957,1.4008092982456144,0.021831095518735813,1.5320568421052627,0.03644352677454981,3,"1,2,3"
16,21.375,1.7410347368421053,0.027915063987291742,1.4018996491228073,0.021946026061575457,1.5273756140350878,0.036396622250343895,3,"1,2,3"
16,21.625,1.7569105263157896,0.02175843671822632,1.402418245614035,0.021712406167772837,1.5222054385964912,0.03626900041120443,3,"1,2,3"
16,21.875,1.7709843859649121,0.028160719600335882,1.402474210526316,0.021718732573479907,1.5166750877192985,0.03619597161164559,3,"1,2,3"
16,22.125,1.753349298245614,0.02515622266091838,1.4021782456140353,0.02107339670805402,1.511174210526316,0.036009932219697664,3,"1,2,3"
16,22.375,1.676853157894737,0.02484622117256193,1.4018894736842107,0.02039925885804481,1.5061280701754385,0.035854592358980746,3,"1,2,3"
16,22.625,1.5414221052631578,0.027383658322455012,1.4023322807017544,0.01991755214712391,1.502211754385965,0.035688990034246186,3,"1,2,3"
16,22.875,1.4222805263157898,0.009046793313217494,1.4035680701754387,0.019952759602588705,1.4997136842105263,0.0355974242379003,3,"1,2,3"
16,23.125,1.331372105263158,0.01141267461326448,1.4076112280701756,0.019903826301658524,1.4989257894736843,0.0355209305262098,3,"1,2,3"
16,23.375,1.2692915789473682,0.005608914270894489,1.4151750877192981,0.019406227167530744,1.4997924561403508,0.03540514422178445,3,"1,2,3"
16,23.625,1.227957894736842,0.01073501550509993,1.4263466666666667,0.019308565197780063,1.5022557894736845,0.035551738280101594,3,"1,2,3"
16,23.875,1.2106494736842104,0.0017306989178446264,1.4447656140350877,0.018997075394941644,1.5061591228070175,0.035736879302187934,3,"1,2,3"
16,24.125,1.2017512280701756,0.007648679622602901,1.4719414035087717,0.01926673532275043,1.5111254385964912,0.03605215183784619,3,"1,2,3"
16,24.375,1.1914868421052631,0.012362499956352918,1.5032101754385965,0.019368668258974164,1.51670298245614,0.036175671582791634,3,"1,2,3"
16,24.625,1.1920838596491228,0.026224269884863295,1.5305291228070173,0.019714732581582455,1.5218754385964912,0.036452639954032744,3,"1,2,3"
16,24.875,1.2009671929824564,0.0197702119834701,1.5394084210526315,0.019408680845215454,1.5255522807017545,0.0366940907491442,3,"1,2,3"
16,0.125,0.0,0.0,0.0,0.0,0.0,0.0,3,"1,2,3"
16,0.375,0.0,0.0,0.0,0.0,0.0,0.0,3,"1,2,3"
16,0.625,0.0,0.0,0.0,0.0,0.0,0.0,3,"1,2,3"
16,0.875,0.0,0.0,0.0,0.0,0.0995065052631579,0.0003855245443705175,3,"1,2,3"
16,1.125,0.0,0.0,0.0,0.0,2.7727271929824564,0.003599692875309343,3,"1,2,3"
16,1.375,0.0,0.0,0.0,0.0,4.424311754385965,0.004323854175116868,3,"1,2,3"
16,1.625,0.0,0.0,0.0,0.0,5.70615298245614,0.006507172466263977,3,"1,2,3"
16,1.875,0.0,0.0,0.0,0.0,3.1196966666666666,0.00953941156987242,3,"1,2,3"
16,2.125,0.0,0.0,0.0,0.0,1.951297192982456,0.01286027568660997,3,"1,2,3"
16,2.375,0.0,0.0,0.0,0.0,1.997067543859649,0.016157489916257775,3,"1,2,3"
16,2.625,0.0,0.0,0.0,0.0,1.8481500000000004,0.020240979281890687,3,"1,2,3"
16,2.875,0.0,0.0,0.0,0.0,1.795158947368421,0.02272173778272762,3,"1,2,3"
16,3.125,0.0,0.0,0.0,0.0,1.905262105263158,0.026735745577735757,3,"1,2,3"
16,3.375,0.0,0.0,0.0,0.0,1.9634370175438598,0.028747068177086974,3,"1,2,3"
16,3.625,0.0,0.0,0.0,0.0,1.9784059649122803,0.029088494599533745,3,"1,2,3"
16,3.875,0.0,0.0,0.0,0.0,1.9591398245614033,0.02942647827551941,3,"1,2,3"
16,4.125,0.0,0.0,0.0,0.0,1.9189978947368422,0.029420332794131407,3,"1,2,3"
16,4.375,0.0,0.0,0.0,0.0,1.8708436842105265,0.02943373249970651,3,"1,2,3"
16,4.625,0.0,0.0,6.851335964912279e-05,5.372064784651754e-06,1.8225477192982458,0.029527047594938027,3,"1,2,3"
16,4.875,0.0,0.0,0.07628116842105263,0.00016910848195865303,1.784125964912281,0.029179556841352018,3,"1,2,3"
16,5.125,0.0,0.0,1.8561954385964912,0.0024066163544741847,1.8641731578947371,0.0294395133715401,3,"1,2,3"
16,5.375,0.0,0.0,6.778651578947368,0.005959823675714771,2.156071403508772,0.030019178118483095,3,"1,2,3"
16,5.625,0.0,0.0,9.458357192982456,0.008146316813375836,2.3103056140350877,0.030951628368738857,3,"1,2,3"
16,5.875,0.0,0.0,8.39054684210526,0.018086290890898096,2.2275384210526314,0.03199582647068217,3,"1,2,3"
16,6.125,0.0,0.0,5.959979473684211,0.023910166271989334,2.0595294736842105,0.03259251867942814,3,"1,2,3"
16,6.375,0.0,0.0,3.8253915789473685,0.016297783295616167,1.9131750877192981,0.03259314277742419,3,"1,2,3"
16,6.625,0.0,0.0,2.468799122807017,0.015897127305625196,1.8179233333333331,0.032729952708627864,3,"1,2,3"
16,6.875,0.0,0.0,1.6665291228070176,0.015005147250644894,1.7587221052631579,0.03317700978123267,3,"1,2,3"
16,7.125,0.0,0.0,1.2117561403508772,0.014371154115322148,1.721400701754386,0.03329285064442533,3,"1,2,3"
16,7.375,0.0,0.0,0.9738601403508773,0.014088119710636636,1.6988435087719298,0.03363457290391899,3,"1,2,3"
16,7.625,0.0,0.0,0.8703861754385964,0.01424126684539157,1.6862650877192984,0.03396614950987123,3,"1,2,3"
16,7.875,0.0,0.0,0.8523396140350877,0.014411655308915628,1.680711052631579,0.03458938392797823,3,"1,2,3"
16,8.125,0.0,0.0,0.8872035614035089,0.017399087792516525,1.6812863157894737,0.03528367799916374,3,"1,2,3"
16,8.375,0.0,0.0,0.9482577894736842,0.018123988644601886,1.686698596491228,0.0360683729403201,3,"1,2,3"
16,8.625,0.0,0.0,1.0185160877192982,0.02001509629854301,1.696458947368421,0.037210600828730206,3,"1,2,3"
16,8.875,0.0,0.0,1.0880696140350876,0.02149838583823767,1.7095971929824563,0.03775325147238941,3,"1,2,3"
16,9.125,0.0,0.0,1.1489680701754388,0.022726862357961692,1.7259107017543862,0.03834210087859735,3,"1,2,3"
16,9.375,0.0,0.0,1.1992294736842106,0.023131671400729564,1.744503157894737,0.03935857968041835,3,"1,2,3"
16,9.625,0.0,0.0,1.2395428070175438,0.02358500389138144,1.7646598245614038,0.03972785772798842,3,"1,2,3"
16,9.875,0.0,0.0,1.2705294736842105,0.025237168740911517,1.785174210526316,0.040132780657302594,3,"1,2,3"
16,10.125,0.0008527145087719297,0.00021897844073954974,1.2931619298245614,0.025178657765942,1.8059456140350878,0.04069148500892367,3,"1,2,3"
16,10.375,0.07057491929824562,0.006806301670385911,1.30947649122807,0.025319216386698304,1.825275087719298,0.041271363600344474,3,"1,2,3"
16,10.625,1.091295561403509,0.012105999188709395,1.321533157894737,0.02427390911856969,1.8374628070175438,0.04176706403942436,3,"1,2,3"
16,10.875,4.880816315789474,0.013653855529548642,1.3304628070175437,0.02435376930724696,1.8325540350877187,0.04240935221152906,3,"1,2,3"
16,11.125,8.45440105263158,0.0787797290602307,1.336009649122807,0.023050756618188756,1.7979226315789474,0.04267900407167826,3,"1,2,3"
16,11.375,7.883896315789474,0.029465093619619066,1.3381440350877194,0.022863694625268015,1.733308947368421,0.042267097609735134,3,"1,2,3"
16,11.625,5.346753859649123,0.035328931103484146,1.3383301754385963,0.02231544139638058,1.6551447368421053,0.04149651877621501,3,"1,2,3"
16,11.875,3.2734585964912277,0.018080521734015368,1.3373859649122808,0.022398126159641454,1.5821519298245617,0.040910810238086494,3,"1,2,3"
16,12.125,2.098301754385965,0.028526188917738775,1.3379419298245614,0.022452166872965248,1.5236628070175442,0.040707784405863034,3,"1,2,3"
16,12.375,1.467571403508772,0.019349672859407425,1.339678245614035,0.021658848011820584,1.4832112280701757,0.04035758074293593,3,"1,2,3"
16,12.625,1.1498420175438595,0.014943834281499955,1.3458284210526312,0.021977935855093476,1.4597215789473685,0.04002696480551609,3,"1,2,3"
16,12.875,0.9850593157894738,0.018129394464745756,1.358930701754386,0.022765176303712487,1.4496687719298247,0.040340990553106096,3,"1,2,3"
16,13.125,0.9348838771929825,0.026119857989880296,1.3790238596491227,0.023669692487310327,1.45014,0.04029018193425627,3,"1,2,3"
16,13.375,0.9110659824561403,0.02162244405853168,1.4063571929824559,0.024658536868694726,1.4576589473684212,0.040691422158776636,3,"1,2,3"
16,13.625,0.9059909298245614,0.020791951265129244,1.4396654385964913,0.025965969320589168,1.4691166666666666,0.04086244716866438,3,"1,2,3"
16,13.875,0.9276498947368421,0.013480603368409165,1.4774108771929824,0.027618678513492163,1.482379649122807,0.04100811865058039,3,"1,2,3"
16,14.125,0.9374710175438596,0.023567301843869688,1.516602807017544,0.027420563252303517,1.4957956140350877,0.04108892427780473,3,"1,2,3"
16,14.375,0.9526039122807016,0.019235623788637832,1.5560750877192984,0.0279791270779984,1.508265263157895,0.0411294659546384,3,"1,2,3"
16,14.625,0.9638521403508773,0.020726239192624164,1.593648596491228,0.028407026176018094,1.5192521052631573,0.04115008221944001,3,"1,2,3"
16,14.875,0.9532227017543861,0.006305016404733423,1.6273759649122805,0.027076575936034217,1.5281477192982456,0.04112949153727903,3,"1,2,3"
16,15.125,0.9732007017543861,0.015393246315387457,1.65826350877193,0.026311518356317645,1.5353157894736844,0.04102056565715407,3,"1,2,3"
16,15.375,0.9813289824561403,0.005380160295890922,1.686272105263158,0.02646646969116208,1.540837894736842,0.04095561175988015,3,"1,2,3"
16,15.625,0.9975671228070175,0.00949951325383106,1.7111705263157895,0.02681144077473954,1.5447480701754384,0.04080800253823212,3,"1,2,3"
16,15.875,0.9892680877192982,0.012296891013317627,1.7337842105263157,0.026507732424728935,1.5472966666666668,0.04081656485137559,3,"1,2,3"
16,16.125,0.9959622280701755,0.006061255527327625,1.7493073684210527,0.026792477476102982,1.548694385964912,0.040641441645307426,3,"1,2,3"
16,16.375,1.0117265263157893,0.012503866328228275,1.7445982456140354,0.028346909646170558,1.5479375438596492,0.04047018343022376,3,"1,2,3"
16,16.625,1.0292267894736842,0.019880146418557107,1.7059784210526316,0.02789860554437103,1.5442642105263158,0.04026078951639969,3,"1,2,3"
16,16.875,1.0352004736842104,0.010411382022554512,1.634395789473684,0.026893873495258066,1.5385431578947368,0.039985308038208676,3,"1,2,3"
16,17.125,1.049772649122807,0.023370170688030427,1.5452757894736842,0.025823670628468232,1.5315363157894737,0.039678304072062895,3,"1,2,3"
16,17.375,1.069055456140351,0.030255244473513198,1.4614594736842106,0.024475005408593736,1.5252261403508773,0.03946996539285623,3,"1,2,3"
16,17.625,1.0778844561403507,0.015593885810383443,1.3947552631578948,0.023802431624658376,1.520500350877193,0.039226859043538884,3,"1,2,3"
16,17.875,1.1084614035087719,0.015990095359311455,1.3493666666666666,0.0224695905320172,1.5178614035087719,0.038957597685441936,3,"1,2,3"
16,18.125,1.1739782280701756,0.016263249783441756,1.323700350877193,0.022055809185015023,1.5174859649122807,0.03884402562963865,3,"1,2,3"
16,18.375,1.227761403508772,0.025231034856180935,1.3135012280701757,0.021495221837292463,1.5189452631578948,0.03874416161777735,3,"1,2,3"
16,18.625,1.290986140350877,0.01800028660043382,1.3142866666666666,0.021141900703181244,1.5223264912280705,0.038545245762394154,3,"1,2,3"
16,18.875,1.4284773684210526,0.01209193592077356,1.3219124561403508,0.021036968319428417,1.5265771929824563,0.03842533134150194,3,"1,2,3"
16,19.125,1.548587719298246,0.014645612961188383,1.3328378947368422,0.0208440270379285,1.5312433333333333,0.0382789117315098,3,"1,2,3"
16,19.375,1.6436570175438596,0.031046801576816233,1.3451408771929823,0.021086067108409313,1.53552350877193,0.03801981747506404,3,"1,2,3"
16,19.625,1.6621231578947366,0.01815882008829534,1.3573959649122809,0.020290473683838885,1.5389192982456141,0.0378004581561034,3,"1,2,3"
16,19.875,1.6507498245614034,0.03875577260153006,1.3687035087719297,0.02045439435990102,1.5408722807017543,0.03764770794418028,3,"1,2,3"
16,20.125,1.6485040350877194,0.02194548922214166,1.3783749122807016,0.02045294422535244,1.5415633333333332,0.037193255190162026,3,"1,2,3"
16,20.375,1.655757543859649,0.03162408575850951,1.3861266666666667,0.020541801051967224,1.5409259649122806,0.037041439398983106,3,"1,2,3"
16,20.625,1.6541908771929823,0.01820435308779263,1.3934277192982456,0.020177838923574828,1.5390491228070176,0.03663079130362452,3,"1,2,3"
16,20.875,1.6809,0.017904355345861718,1.3985954385964912,0.02024487809024497,1.5360459649122806,0.03655739264038935,3,"1,2,3"
16,21.125,1.7062998245614036,0.023074018407160717,1.4015177192982458,0.02028605664143999,1.5321891228070175,0.036345557629972595,3,"1,2,3"
16,21.375,1.7411749122807016,0.010074317981615746,1.403787894736842,0.019333490445758817,1.5276814035087718,0.036250645243617916,3,"1,2,3"
16,21.625,1.7644059649122807,0.01548519773549431,1.4044670175438598,0.019376042600052063,1.5224296491228069,0.03622460585194776,3,"1,2,3"
16,21.875,1.7534654385964916,0.01589461581418607,1.4046008771929823,0.019750748608757456,1.5170449122807017,0.036131153431090426,3,"1,2,3"
16,22.125,1.7352554385964911,0.015156267178297433,1.40488649122807,0.020298861788400378,1.511701403508772,0.036059107258953345,3,"1,2,3"
16,22.375,1.6491180701754384,0.02735238628225988,1.4047936842105262,0.020304714952628006,1.5067464912280701,0.036158547000765005,3,"1,2,3"
16,22.625,1.5431535087719297,0.02383113477258478,1.4051087719298245,0.021026330945840638,1.5029056140350876,0.03621533508546367,3,"1,2,3"
16,22.875,1.4391414035087717,0.012436661559843045,1.4068294736842104,0.02164538893701243,1.5004407017543857,0.036279904854833636,3,"1,2,3"
16,23.125,1.3368059649122805,0.014261030024050865,1.4105615789473687,0.02177863905982733,1.4996117543859648,0.036432708520060954,3,"1,2,3"
16,23.375,1.2760035087719297,0.010137038969261426,1.4165152631578948,0.02179132604635901,1.5003450877192985,0.036605672492151346,3,"1,2,3"
16,23.625,1.225884210526316,0.004586405319864258,1.427783859649123,0.02173298062355069,1.5027659649122809,0.03669077411223951,3,"1,2,3"
16,23.875,1.2143987719298248,0.008311474478241742,1.4453666666666667,0.020669978896402236,1.5065917543859648,0.036872347610968595,3,"1,2,3"
16,24.125,1.2009536842105264,0.007469608463646904,1.4719136842105263,0.020366114366870018,1.5112994736842105,0.03713698847536503,3,"1,2,3"
16,24.375,1.2040745614035087,0.0038831446817323817,1.5042340350877195,0.0200266959842802,1.5166431578947366,0.037320262231633046,3,"1,2,3"
16,24.625,1.201867192982456,0.005830397393337481,1.5311443859649125,0.01980576344451759,1.5216626315789474,0.03756331198639003,3,"1,2,3"
16,24.875,1.2031668421052633,0.010939969724857519,1.5405038596491227,0.01976515961238158,1.5253401754385962,0.03793174486350814,3,"1,2,3"
16,0.125,0.0,0.0,0.0,0.0,0.0,0.0,3,"1,2,3"
16,0.375,0.0,0.0,0.0,0.0,0.0,0.0,3,"1,2,3"
16,0.625,0.0,0.0,0.0,0.0,0.0,0.0,3,"1,2,3"
16,0.875,0.0,0.0,0.0,0.0,0.10028479824561405,4.0236594914698375e-05,3,"1,2,3"
16,1.125,0.0,0.0,0.0,0.0,2.781716315789474,0.002790478600848451,3,"1,2,3"
16,1.375,0.0,0.0,0.0,0.0,4.4255621052631575,0.0035286510204335336,3,"1,2,3"
16,1.625,0.0,0.0,0.0,0.0,5.70138,0.007070478126819065,3,"1,2,3"
16,1.875,0.0,0.0,0.0,0.0,3.115567543859649,0.011019355709216092,3,"1,2,3"
16,2.125,0.0,0.0,0.0,0.0,1.946861052631579,0.013629415604264068,3,"1,2,3"
16,2.375,0.0,0.0,0.0,0.0,1.9921687719298244,0.01715550574442124,3,"1,2,3"
16,2.625,0.0,0.0,0.0,0.0,1.8430808771929825,0.021723176029136877,3,"1,2,3"
16,2.875,0.0,0.0,0.0,0.0,1.790995087719298,0.024865351929180955,3,"1,2,3"
16,3.125,0.0,0.0,0.0,0.0,1.9013136842105263,0.02805623573503032,3,"1,2,3"
16,3.375,0.0,0.0,0.0,0.0,1.960035263157895,0.02987830649612918,3,"1,2,3"
16,3.625,0.0,0.0,0.0,0.0,1.9745128070175435,0.031487762152035824,3,"1,2,3"
16,3.875,0.0,0.0,0.0,0.0,1.955201403508772,0.03269317676357607,3,"1,2,3"
16,4.125,0.0,0.0,0.0,0.0,1.91537,0.03340568279819009,3,"1,2,3"
16,4.375,0.0,0.0,0.0,0.0,1.8677436842105266,0.034578018062761444,3,"1,2,3"
16,4.625,0.0,0.0,6.557708421052631e-05,6.946789707193827e-06,1.8192036842105264,0.03519593541073682,3,"1,2,3"
16,4.875,0.0,0.0,0.07699673684210526,0.000761652938718261,1.7809103508771928,0.03538778450818385,3,"1,2,3"
16,5.125,0.0,0.0,1.8599156140350876,0.0021247147582535084,1.8612408771929827,0.036312071409805385,3,"1,2,3"
16,5.375,0.0,0.0,6.77331052631579,0.005415180109957197,2.1532784210526312,0.03672621182347901,3,"1,2,3"
16,5.625,0.0,0.0,9.440944912280704,0.02559251727385251,2.307139649122807,0.0384544272308586,3,"1,2,3"
16,5.875,0.0,0.0,8.37982157894737,0.03395475146425179,2.224900701754386,0.03896088907166433,3,"1,2,3"
16,6.125,0.0,0.0,5.955493684210526,0.030535008438690295,2.0581115789473685,0.039440267865096273,3,"1,2,3"
16,6.375,0.0,0.0,3.83105052631579,0.017969841807570018,1.912292807017544,0.038538219408610894,3,"1,2,3"
16,6.625,0.0,0.0,2.474047192982456,0.01162132196272334,1.8174836842105264,0.03815169677673172,3,"1,2,3"
16,6.875,0.0,0.0,1.6700884210526317,0.010466241453213787,1.7582754385964912,0.03789679738631126,3,"1,2,3"
16,7.125,0.0,0.0,1.2139945614035088,0.01143488951880036,1.7216822807017544,0.03781937280836817,3,"1,2,3"
16,7.375,0.0,0.0,0.9744166140350877,0.010814871665103238,1.6991642105263158,0.03748275952595417,3,"1,2,3"
16,7.625,0.0,0.0,0.8705512456140351,0.01353619298717427,1.6864277192982458,0.037126949358481896,3,"1,2,3"
16,7.875,0.0,0.0,0.8531415438596491,0.015979730533550947,1.6812189473684211,0.037062497978648766,3,"1,2,3"
16,8.125,0.0,0.0,0.885480649122807,0.018623575373841086,1.6811917543859647,0.03719276709719186,3,"1,2,3"
16,8.375,0.0,0.0,0.9471751578947369,0.02328846332021887,1.6866436842105264,0.037645945482415434,3,"1,2,3"
16,8.625,0.0,0.0,1.0186426666666666,0.02629782337194818,1.6962863157894736,0.038334738029584245,3,"1,2,3"
16,8.875,0.0,0.0,1.087969192982456,0.0287944529768989,1.7094531578947365,0.03907302367295601,3,"1,2,3"
16,9.125,0.0,0.0,1.147802105263158,0.031203301376700056,1.725343157894737,0.040128093517900275,3,"1,2,3"
16,9.375,0.0,0.0,1.2002287719298244,0.030986837745247367,1.7432999999999998,0.04043950508778689,3,"1,2,3"
16,9.625,0.0,0.0,1.2400626315789474,0.030670600071924424,1.7630966666666668,0.04094139941460814,3,"1,2,3"
16,9.875,0.0,0.0,1.2713440350877192,0.0302764530684029,1.7835610526315788,0.04162517455784874,3,"1,2,3"
16,10.125,0.0012924428070175437,0.0002836453372289773,1.294425964912281,0.02920565334518589,1.80395350877193,0.04226990709110847,3,"1,2,3"
16,10.375,0.07176338245614035,0.0031862905774691893,1.311221403508772,0.02824301500628297,1.8231342105263157,0.042754827122676274,3,"1,2,3"
16,10.625,1.1088379999999998,0.016335243731663486,1.3241943859649121,0.027415985800974155,1.8353440350877193,0.04324636103336904,3,"1,2,3"
16,10.875,4.8627701754385955,0.04474355367887208,1.3315280701754386,0.026071639963822793,1.8303750877192984,0.04366695239381242,3,"1,2,3"
16,11.125,8.434936842105264,0.07139913296777665,1.3364728070175438,0.02469997245740836,1.7958807017543859,0.04366970099837876,3,"1,2,3"
16,11.375,7.850567192982457,0.10944899999149497,1.338622456140351,0.024531944216514022,1.7314750877192984,0.043615345511075265,3,"1,2,3"
16,11.625,5.358282631578947,0.058266085455537624,1.339173333333333,0.022725627555676503,1.6536975438596493,0.04273887426102163,3,"1,2,3"
16,11.875,3.3416485964912277,0.026807648576893724,1.3378164912280701,0.02267540964265668,1.5804773684210527,0.041743319355357224,3,"1,2,3"
16,12.125,2.1189066666666667,0.0103206448682012,1.3373540350877196,0.021961334175519796,1.5220787719298245,0.04105688751293641,3,"1,2,3"
16,12.375,1.4749926315789474,0.027457794326057546,1.3399596491228067,0.021554787370852247,1.4816736842105263,0.04032003025655128,3,"1,2,3"
16,12.625,1.138218596491228,0.01674214310277342,1.3463354385964914,0.020653648088855003,1.4578785964912278,0.040001915721284226,3,"1,2,3"
16,12.875,0.9682410526315789,0.03006038380399042,1.3595266666666666,0.02054565094891738,1.4479029824561405,0.039970967636537985,3,"1,2,3"
16,13.125,0.9156128070175439,0.017533179965414224,1.3789792982456142,0.020476164240419058,1.4484124561403509,0.03986677262374867,3,"1,2,3"
16,13.375,0.9032252807017543,0.024005472205682412,1.4058382456140353,0.02051702931782063,1.4559650877192982,0.04000464560357527,3,"1,2,3"
16,13.625,0.917772947368421,0.01990242973548227,1.4387214035087716,0.021414152905494383,1.4675303508771929,0.04031014630546174,3,"1,2,3"
16,13.875,0.9290500877192982,0.015702829679205426,1.4760626315789473,0.021566175839746706,1.4810429824561402,0.04057731866787073,3,"1,2,3"
16,14.125,0.9297503157894735,0.011817836820007983,1.5145587719298244,0.02263837889003661,1.4945152631578946,0.04071543195701067,3,"1,2,3"
16,14.375,0.9433749473684211,0.018243993400832027,1.552125438596491,0.023176267952011383,1.507085789473684,0.040917050942148814,3,"1,2,3"
16,14.625,0.955898701754386,0.0217897328143899,1.5881170175438595,0.023768535251902468,1.517973684210526,0.04090326688341557,3,"1,2,3"
16,14.875,0.9663702631578946,0.01710078226928837,1.6214494736842104,0.02436280565439139,1.5269843859649124,0.04075059374023392,3,"1,2,3"
16,15.125,0.963045701754386,0.009660879767421757,1.6524056140350878,0.02519645999675568,1.5339526315789473,0.040584537856422374,3,"1,2,3"
16,15.375,0.9655947368421053,0.018675538328460778,1.6802477192982457,0.024798830149683652,1.5392945614035087,0.04036400599460236,3,"1,2,3"
16,15.625,0.9736405438596493,0.018160290207833996,1.706339298245614,0.02532231608736311,1.5432780701754385,0.04010770542209949,3,"1,2,3"
16,15.875,0.9883542807017545,0.012037233354309488,1.7299803508771932,0.02628096824754198,1.5457477192982456,0.039650586132754476,3,"1,2,3"
16,16.125,1.010794894736842,0.003980925765696515,1.7480533333333332,0.026929319669534234,1.546881754385965,0.03938540680650189,3,"1,2,3"
16,16.375,1.021793350877193,0.012141921386628458,1.7446684210526318,0.027058671504734247,1.5460889473684212,0.039118036677937854,3,"1,2,3"
16,16.625,1.033251596491228,0.016023595104605156,1.7071377192982455,0.026527585469242138,1.5426768421052632,0.03861530932321305,3,"1,2,3"
16,16.875,1.0419505789473684,0.012470267971080098,1.6355273684210527,0.025561632617066,1.5370301754385964,0.038413120619175095,3,"1,2,3"
16,17.125,1.055777701754386,0.016153494126006415,1.547864912280702,0.023849711541171874,1.5302768421052628,0.03813557460692289,3,"1,2,3"
16,17.375,1.0681712105263157,0.021055995588994743,1.462947894736842,0.02276889564842664,1.5238652631578946,0.037865218871474364,3,"1,2,3"
16,17.625,1.083317649122807,0.009742463922837029,1.3959407017543857,0.020198103063767434,1.519159298245614,0.03737284085632108,3,"1,2,3"
16,17.875,1.1162658245614034,0.005482329865998418,1.3506338596491227,0.019304543369530032,1.5166736842105264,0.037335795471013816,3,"1,2,3"
16,18.125,1.1494161754385965,0.011278132902892727,1.3241970175438598,0.01959128089335073,1.516218245614035,0.03719154546379901,3,"1,2,3"
16,18.375,1.2138550877192984,0.009017830796172134,1.3134984210526317,0.019123059369009293,1.517600701754386,0.03711743136633039,3,"1,2,3"
16,18.625,1.312693157894737,0.004610378592522631,1.3141461403508772,0.019351097297979878,1.520763157894737,0.03704253653099434,3,"1,2,3"
16,18.875,1.4272619298245612,0.01471816307648331,1.3210684210526316,0.01946981667142335,1.5246024561403508,0.03719818496136395,3,"1,2,3"
16,19.125,1.5457587719298245,0.018819624805201638,1.3317398245614036,0.019447332394778534,1.529101052631579,0.037132451594306476,3,"1,2,3"
16,19.375,1.6268712280701756,0.023042040414635104,1.3443205263157896,0.020150846933391194,1.5334082456140354,0.03704823348432457,3,"1,2,3"
16,19.625,1.6587964912280702,0.020843414066354895,1.3559507017543855,0.02043610948952914,1.5367652631578947,0.037309361634295456,3,"1,2,3"
16,19.875,1.6538503508771931,0.020482130266764254,1.3670543859649122,0.02094310767005833,1.5389577192982458,0.03735266064813315,3,"1,2,3"
16,20.125,1.6470191228070175,0.018999850717853248,1.3772140350877191,0.02124275291700132,1.5400015789473684,0.037282340768098804,3,"1,2,3"
16,20.375,1.6315115789473686,0.01663701717108219,1.3849945614035086,0.02124839783144128,1.5395610526315788,0.037155754622530686,3,"1,2,3"
16,20.625,1.6498877192982455,0.015423006787946381,1.3918296491228068,0.021159641266542663,1.5380370175438596,0.03705817708036306,3,"1,2,3"
16,20.875,1.6692873684210525,0.023735710153116523,1.3968956140350877,0.020606365368263234,1.535600701754386,0.0371390259391248,3,"1,2,3"
16,21.125,1.7101600000000001,0.033294972804239986,1.400732807017544,0.020336034678194916,1.5320959649122807,0.03688304002672238,3,"1,2,3"
16,21.375,1.7398929824561407,0.018978805778015008,1.403335087719298,0.02056548284035057,1.5276533333333333,0.0367261426140576,3,"1,2,3"
16,21.625,1.7704573684210525,0.01899007249512941,1.4050394736842104,0.02062703991870723,1.522831754385965,0.03663944797849259,3,"1,2,3"
16,21.875,1.7908438596491225,0.023324157641840832,1.406001754385965,0.021051917138462328,1.5175373684210527,0.03638264285364242,3,"1,2,3"
16,22.125,1.7555050877192981,0.036362811247172055,1.4057889473684213,0.020895093050125574,1.5121464912280702,0.03634623068504864,3,"1,2,3"
16,22.375,1.6692808771929826,0.03848230580033746,1.4058750877192983,0.020936799239340085,1.5073136842105266,0.03611154197616841,3,"1,2,3"
16,22.625,1.5514591228070176,0.03358270934856063,1.4061833333333331,0.02079088858757614,1.5033870175438597,0.03604396567467853,3,"1,2,3"
16,22.875,1.4393005263157894,0.029722949454662008,1.4072968421052632,0.020669703769630704,1.500834385964912,0.036066051617635396,3,"1,2,3"
16,23.125,1.3417277192982455,0.007598058997088655,1.410348596491228,0.01992290135959568,1.4999122807017544,0.03613497725252273,3,"1,2,3"
16,23.375,1.2714942105263158,0.01671695473533591,1.416368245614035,0.01897449111520381,1.5006782456140348,0.03607514815968183,3,"1,2,3"
16,23.625,1.2257805263157897,0.004985081363002388,1.4273198245614036,0.017953645865864967,1.5029408771929826,0.0362831862429373,3,"1,2,3"
16,23.875,1.2094184210526313,0.007831960127961807,1.445181754385965,0.017823295209896353,1.506597192982456,0.03648427152061946,3,"1,2,3"
16,24.125,1.1925263157894737,0.011371941519559559,1.4719059649122805,0.01801335492226688,1.5113319298245613,0.03665856400274009,3,"1,2,3"
16,24.375,1.1886292982456141,0.013342572643693082,1.5029068421052632,0.01869661566444012,1.5166354385964915,0.036888744825466696,3,"1,2,3"
16,24.625,1.1891715789473685,0.008620420547485623,1.5300303508771929,0.019296203389549023,1.5216201754385967,0.037068594319532994,3,"1,2,3"
16,24.875,1.1900076842105263,0.007177424074122892,1.5395749122807019,0.019824655947608707,1.5252377192982456,0.037207378149992726,3,"1,2,3"
18,0.125,0.0,0.0,0.0,0.0,0.0,0.0,3,"1,2,3"
18,0.375,0.0,0.0,0.0,0.0,0.0,0.0,3,"1,2,3"
18,0.625,0.0,0.0,0.0,0.0,0.0,0.0,3,"1,2,3"
18,0.875,0.0,0.0,0.0,0.0,0.10490666666666666,0.0001474761156199975,3,"1,2,3"
18,1.125,0.0,0.0,0.0,0.0,2.89121947368421,0.0032216605033567793,3,"1,2,3"
18,1.375,0.0,0.0,0.0,0.0,4.583919824561403,0.00524750263484858,3,"1,2,3"
18,1.625,0.0,0.0,0.0,0.0,5.901762105263159,0.002047857651375756,3,"1,2,3"
18,1.875,0.0,0.0,0.0,0.0,3.397532807017544,0.0037453910201077968,3,"1,2,3"
18,2.125,0.0,0.0,0.0,0.0,2.275058596491228,0.007241251815447352,3,"1,2,3"
18,2.375,0.0,0.0,0.0,0.0,2.3340985964912284,0.009563410518473215,3,"1,2,3"
18,2.625,0.0,0.0,0.0,0.0,2.17788701754386,0.012564846367351713,3,"1,2,3"
18,2.875,0.0,0.0,0.0,0.0,2.094398596491228,0.015085857602399522,3,"1,2,3"
18,3.125,0.0,0.0,0.0,0.0,2.160878947368421,0.017525045257145995,3,"1,2,3"
18,3.375,0.0,0.0,0.0,0.0,2.1705007017543863,0.019945129853250497,3,"1,2,3"
18,3.625,0.0,0.0,0.0,0.0,2.1380266666666663,0.022224673142158483,3,"1,2,3"
18,3.875,0.0,0.0,0.0,0.0,2.0787615789473683,0.024119744627305487,3,"1,2,3"
18,4.125,0.0,0.0,0.0,0.0,2.0082694736842104,0.026038946336512735,3,"1,2,3"
18,4.375,0.0,0.0,0.0,0.0,1.9378612280701752,0.02757205895068297,3,"1,2,3"
18,4.625,0.0,0.0,0.0001365373438596491,1.3495779525667845e-05,1.8754085964912282,0.029065525235536304,3,"1,2,3"
18,4.875,0.0,0.0,0.13030654385964913,0.0002041449629484027,1.834091228070175,0.029620117213416706,3,"1,2,3"
18,5.125,0.0,0.0,2.5505373684210526,0.0038603197902158234,1.953129649122807,0.03006479008768087,3,"1,2,3"
18,5.375,0.0,0.0,7.950881754385967,0.005893361639921554,2.2778096491228066,0.030557846490686293,3,"1,2,3"
18,5.625,0.0,0.0,9.963873684210526,0.009538406294791234,2.3905221052631584,0.030910176087822986,3,"1,2,3"
18,5.875,0.0,0.0,8.286069824561404,0.02194960059469338,2.2692203508771924,0.03165319984534521,3,"1,2,3"
18,6.125,0.0,0.0,5.6485471929824564,0.018710871802437322,2.0890133333333334,0.03165237363103921,3,"1,2,3"
18,6.375,0.0,0.0,3.5091336842105263,0.016593712895669042,1.94102649122807,0.03135180943154936,3,"1,2,3"
18,6.625,0.0,0.0,2.212197894736842,0.012572267161085678,1.847053157894737,0.030332019251517465,3,"1,2,3"
18,6.875,0.0,0.0,1.47240350877193,0.011794832525296301,1.7883117543859648,0.02982541353271834,3,"1,2,3"
18,7.125,0.0,0.0,1.066341403508772,0.010606886735965906,1.7501012280701753,0.029672733507711005,3,"1,2,3"
18,7.375,0.0,0.0,0.8667218771929824,0.012264737866770507,1.7251540350877193,0.029286463111408007,3,"1,2,3"
18,7.625,0.0,0.0,0.7923740175438597,0.013199791372643727,1.7095333333333331,0.0297431017859155,3,"1,2,3"
18,7.875,0.0,0.0,0.7972278070175438,0.014941106837750965,1.701988947368421,0.030426164315879918,3,"1,2,3"
18,8.125,0.0,0.0,0.8468424736842103,0.018200401535249763,1.70035649122807,0.03087087654292944,3,"1,2,3"
18,8.375,0.0,0.0,0.9154640701754385,0.020895924179457383,1.7046047368421053,0.03161470084779051,3,"1,2,3"
18,8.625,0.0,0.0,0.9868737894736843,0.022640414054671067,1.7131359649122808,0.0325499752829441,3,"1,2,3"
18,8.875,0.0,0.0,1.0520715614035085,0.02451432447116633,1.7251466666666666,0.03331997349169448,3,"1,2,3"
18,9.125,0.0,0.0,1.1045871578947368,0.028458206001172433,1.7398859649122806,0.03453731627637017,3,"1,2,3"
18,9.375,0.0,0.0,1.1449401754385964,0.02927705768059267,1.7571198245614035,0.035630397457240184,3,"1,2,3"
18,9.625,0.0,0.0,1.1765231578947368,0.028817095582031504,1.7753898245614035,0.0364440235651403,3,"1,2,3"
18,9.875,0.0,0.0,1.1992710526315788,0.029521277441725138,1.7942482456140352,0.037518049733862274,3,"1,2,3"
18,10.125,0.00032979529824561405,7.667588201086873e-05,1.2165766666666664,0.02835244884583269,1.8131635087719296,0.03774884632612664,3,"1,2,3"
18,10.375,0.06787825614035088,0.0038402170481550285,1.2315354385964914,0.026962123469797657,1.8291801754385963,0.03813123402634381,3,"1,2,3"
18,10.625,1.34877649122807,0.009597125775230102,1.2418005263157896,0.025181315131732687,1.8340266666666667,0.038383259716570264,3,"1,2,3"
18,10.875,5.902897719298245,0.04660132308690697,1.251059649122807,0.02306448671507741,1.8153652631578947,0.03825483542541605,3,"1,2,3"
18,11.125,8.994691052631579,0.027753293523203063,1.2564301754385963,0.02146276663614081,1.7624224561403505,0.038328865140048,3,"1,2,3"
18,11.375,7.141808245614036,0.0780980988549166,1.2581728070175437,0.01867388888282257,1.6807894736842106,0.03806007977141963,3,"1,2,3"
18,11.625,4.310502280701754,0.04629612384001529,1.2563138596491228,0.018190655888387745,1.5927247368421051,0.037454884346417326,3,"1,2,3"
18,11.875,2.4583924561403507,0.0939371575485328,1.2535370175438596,0.017187642978615546,1.5158956140350879,0.037090348054524644,3,"1,2,3"
18,12.125,1.5029336842105263,0.042897914356532056,1.251118245614035,0.01768886639490261,1.4583959649122804,0.03659210796780963,3,"1,2,3"
18,12.375,1.0339257719298247,0.018544555370308045,1.2535933333333331,0.018420694775137348,1.4213247368421051,0.03669023936968269,3,"1,2,3"
18,12.625,0.8108778947368421,0.011702484631019335,1.2603810526315788,0.019065047379404648,1.401843859649123,0.03683806666168686,3,"1,2,3"
18,12.875,0.718560842105263,0.006397955688619281,1.274850350877193,0.02021305946448326,1.3959557894736843,0.03703148252084437,3,"1,2,3"
18,13.125,0.7093866140350878,0.018981559983078187,1.2972742105263155,0.02167832260379324,1.3995622807017547,0.03767230870646046,3,"1,2,3"
18,13.375,0.7298411754385965,0.019115840205142426,1.3272159649122808,0.0236381554336484,1.40908350877193,0.03842673337079299,3,"1,2,3"
18,13.625,0.7386614210526316,0.028608325360942207,1.3643594736842104,0.02561603354736843,1.4217336842105264,0.039054478643604194,3,"1,2,3"
18,13.875,0.7793853684210528,0.023223818660830432,1.4044778947368421,0.027103813352471466,1.4353607017543861,0.039567331568926764,3,"1,2,3"
18,14.125,0.8067206140350877,0.016356217373433457,1.4432643859649124,0.028479552352263137,1.448129298245614,0.03996078653672925,3,"1,2,3"
18,14.375,0.8290034210526316,0.025466118479062754,1.479846842105263,0.029988395949056838,1.4592519298245612,0.040279607061505004,3,"1,2,3"
18,14.625,0.8520685614035087,0.01601048147567061,1.5132987719298245,0.032081758820234514,1.4685136842105262,0.04052026164166237,3,"1,2,3"
18,14.875,0.8685352280701756,0.01282007953047659,1.5429217543859652,0.032335874569582104,1.4754933333333333,0.04063830149444415,3,"1,2,3"
18,15.125,0.8876161052631577,0.016866306592549164,1.569753684210526,0.03305895873902557,1.4808196491228072,0.040903210267881525,3,"1,2,3"
18,15.375,0.9184104035087719,0.019885887371473624,1.593481403508772,0.03232525757730644,1.4848252631578946,0.04102369075247546,3,"1,2,3"
18,15.625,0.9117079122807018,0.012056039549545046,1.6149394736842104,0.031115907790649627,1.4872249122807017,0.04113463065832426,3,"1,2,3"
18,15.875,0.9290030175438595,0.005931345637518974,1.6353678947368422,0.030760620347671717,1.4890345614035088,0.041348156735645715,3,"1,2,3"
18,16.125,0.9423327719298246,0.011496391155322758,1.6450152631578947,0.02913181596759316,1.4892984210526317,0.04155311621329997,3,"1,2,3"
18,16.375,0.9597255789473684,0.02461781739877086,1.6269077192982457,0.027846779604080912,1.4872742105263157,0.04152521209926795,3,"1,2,3"
18,16.625,0.9733658771929825,0.02213202783854723,1.569051403508772,0.028322100862956258,1.4820828070175436,0.0418415781437245,3,"1,2,3"
18,16.875,0.9813919473684211,0.03121880596508299,1.4812740350877192,0.026476236640002683,1.4749596491228072,0.041968808653386126,3,"1,2,3"
18,17.125,0.9886027894736843,0.02313392882992499,1.387541052631579,0.026040224396330806,1.4674908771929822,0.042004913598901926,3,"1,2,3"
18,17.375,0.9977012807017545,0.0176097090041324,1.3076384210526317,0.025697523106585202,1.4613112280701752,0.042480615635495496,3,"1,2,3"
18,17.625,1.0092120000000002,0.009756654764324238,1.2506791228070175,0.024925998754552856,1.4572535087719298,0.04291728524202564,3,"1,2,3"
18,17.875,1.0429233333333332,0.018635368720245186,1.2183208771929825,0.024942059633285687,1.455249649122807,0.043511445425076095,3,"1,2,3"
18,18.125,1.0986012280701754,0.02350732781263609,1.2042773684210524,0.024548148226456977,1.4555303508771928,0.04418376285643725,3,"1,2,3"
18,18.375,1.1663728070175439,0.035433222309444845,1.2036140350877196,0.024831556310399763,1.4574473684210527,0.04495438245121063,3,"1,2,3"
18,18.625,1.237724298245614,0.0507983831019958,1.2122317543859646,0.02617800504915027,1.4606775438596493,0.04574272132348676,3,"1,2,3"
18,18.875,1.3681282456140351,0.03604790350437355,1.2239856140350875,0.02748169693711703,1.4647885964912282,0.046411782513814046,3,"1,2,3"
18,19.125,1.4963491228070176,0.02905191827669146,1.2385352631578948,0.0287474527387356,1.4691982456140351,0.047168990639966026,3,"1,2,3"
18,19.375,1.5470561403508771,0.02526241002669825,1.2527475438596491,0.029577130400375958,1.47288649122807,0.047690808908585104,3,"1,2,3"
18,19.625,1.5318073684210527,0.03658073692202067,1.2651459649122807,0.031444391010290056,1.4755299999999998,0.04816067844125993,3,"1,2,3"
18,19.875,1.5077077192982458,0.04023633159597949,1.2766463157894739,0.03148382717217209,1.4766887719298245,0.04850965273969528,3,"1,2,3"
18,20.125,1.4886682456140352,0.033680886835291246,1.2871994736842105,0.03152580536446472,1.4763464912280704,0.04864320181669176,3,"1,2,3"
18,20.375,1.4957208771929826,0.03299144813875859,1.2956733333333332,0.03186607872752401,1.4747685964912283,0.048890827123222846,3,"1,2,3"
18,20.625,1.5071984210526317,0.021376326681220702,1.3023292982456145,0.031414046867557825,1.472156842105263,0.04897560194403154,3,"1,2,3"
18,20.875,1.5381315789473682,0.022171650924303125,1.307517192982456,0.03221328220160221,1.4685363157894737,0.049170772269855986,3,"1,2,3"
18,21.125,1.565919298245614,0.026807382596026285,1.311260701754386,0.03170417883427286,1.4638878947368419,0.04932850449090582,3,"1,2,3"
18,21.375,1.585245614035088,0.020494122957012938,1.3136201754385963,0.03177521514299808,1.4587875438596491,0.049553073731307136,3,"1,2,3"
18,21.625,1.6281791228070173,0.013863966089839745,1.3144171929824562,0.031614026079208955,1.4532238596491227,0.04958078560739644,3,"1,2,3"
18,21.875,1.6115792982456139,0.020078375340007983,1.3142812280701754,0.03197275050642553,1.4476178947368423,0.04986640688799165,3,"1,2,3"
18,22.125,1.5364175438596492,0.01707108170364338,1.3135629824561403,0.03250580084699065,1.4422899999999998,0.05023035661775108,3,"1,2,3"
18,22.375,1.4265456140350876,0.02208446835320752,1.3130899999999999,0.03276569707345074,1.4379163157894734,0.050640299004717164,3,"1,2,3"
18,22.625,1.3070763157894738,0.026158400093956983,1.3128552631578947,0.03339188603263169,1.4348587719298245,0.05104607129912558,3,"1,2,3"
18,22.875,1.2084538596491228,0.026319585951879054,1.3133835087719297,0.034560477697992614,1.4337601754385962,0.051631146762741054,3,"1,2,3"
18,23.125,1.1302970175438596,0.0338857091751594,1.3158287719298247,0.03563455458391432,1.434291754385965,0.05203948951818837,3,"1,2,3"
18,23.375,1.0826861228070177,0.028763579546654455,1.3204040350877193,0.03657118644750125,1.4367847368421052,0.05259287722506455,3,"1,2,3"
18,23.625,1.064354701754386,0.02804098660432487,1.3302078947368423,0.037421911636697225,1.4405221052631578,0.053015565499447505,3,"1,2,3"
18,23.875,1.0650256666666664,0.027062677697546503,1.3461726315789475,0.037744264118788826,1.4453136842105263,0.053517167188982466,3,"1,2,3"
18,24.125,1.0653671754385965,0.03391913489556316,1.3712908771929826,0.03791250494100624,1.451098245614035,0.05392258955509723,3,"1,2,3"
18,24.375,1.0773839824561404,0.03321005961710429,1.403218947368421,0.03790758551424566,1.4572226315789472,0.05426219582756994,3,"1,2,3"
18,24.625,1.1054215438596489,0.025144030064385738,1.431273157894737,0.03774829785990903,1.462783157894737,0.0545696893195155,3,"1,2,3"
18,24.875,1.1250849824561404,0.03169436614710752,1.441394210526316,0.037730177641959434,1.4669035087719298,0.05487436384045303,3,"1,2,3"
18,0.125,0.0,0.0,0.0,0.0,0.0,0.0,3,"1,2,3"
18,0.375,0.0,0.0,0.0,0.0,0.0,0.0,3,"1,2,3"
18,0.625,0.0,0.0,0.0,0.0,0.0,0.0,3,"1,2,3"
18,0.875,0.0,0.0,0.0,0.0,0.1045667894736842,0.0002605849694740419,3,"1,2,3"
18,1.125,0.0,0.0,0.0,0.0,2.8907100000000003,0.007256660747737782,3,"1,2,3"
18,1.375,0.0,0.0,0.0,0.0,4.58574754385965,0.005951604768704974,3,"1,2,3"
18,1.625,0.0,0.0,0.0,0.0,5.905788245614036,0.0022769018141648115,3,"1,2,3"
18,1.875,0.0,0.0,0.0,0.0,3.4027280701754385,0.0044193995517104265,3,"1,2,3"
18,2.125,0.0,0.0,0.0,0.0,2.2815250877192987,0.008342519966816803,3,"1,2,3"
18,2.375,0.0,0.0,0.0,0.0,2.3401833333333335,0.00916264557485651,3,"1,2,3"
18,2.625,0.0,0.0,0.0,0.0,2.1845163157894736,0.010841783601087668,3,"1,2,3"
18,2.875,0.0,0.0,0.0,0.0,2.1004996491228067,0.015442204596323077,3,"1,2,3"
18,3.125,0.0,0.0,0.0,0.0,2.1661477192982455,0.017152409355285666,3,"1,2,3"
18,3.375,0.0,0.0,0.0,0.0,2.178145789473684,0.019734683956861048,3,"1,2,3"
18,3.625,0.0,0.0,0.0,0.0,2.1451608771929824,0.022682435198707322,3,"1,2,3"
18,3.875,0.0,0.0,0.0,0.0,2.085945789473685,0.02430698189769898,3,"1,2,3"
18,4.125,0.0,0.0,0.0,0.0,2.0153775438596493,0.026201836311608977,3,"1,2,3"
18,4.375,0.0,0.0,0.0,0.0,1.9458031578947368,0.027540780604524407,3,"1,2,3"
18,4.625,0.0,0.0,0.00015782541228070177,1.7381660864458855e-05,1.88405350877193,0.02907418498855191,3,"1,2,3"
18,4.875,0.0,0.0,0.12978038596491226,0.0006893829005898979,1.8423852631578947,0.030173664163454718,3,"1,2,3"
18,5.125,0.0,0.0,2.5501805263157893,0.0026410950399702146,1.962369649122807,0.030737805321165202,3,"1,2,3"
18,5.375,0.0,0.0,7.958816842105263,0.005181506499364146,2.2869221052631583,0.03132026002882651,3,"1,2,3"
18,5.625,0.0,0.0,9.983027719298248,0.012164993031777658,2.400706140350877,0.032151643330504256,3,"1,2,3"
18,5.875,0.0,0.0,8.296811403508771,0.026194226624661036,2.278984210526316,0.03364022523181563,3,"1,2,3"
18,6.125,0.0,0.0,5.646775614035088,0.026051458000621218,2.0971721052631582,0.03351558922017661,3,"1,2,3"
18,6.375,0.0,0.0,3.509655087719299,0.01839499687256061,1.948798245614035,0.0325077803580988,3,"1,2,3"
18,6.625,0.0,0.0,2.2098708771929823,0.012611585597760046,1.8540852631578943,0.03199203860738938,3,"1,2,3"
18,6.875,0.0,0.0,1.4706194736842109,0.008289871179553395,1.7944577192982454,0.031127843818978367,3,"1,2,3"
18,7.125,0.0,0.0,1.066730701754386,0.007498017224312776,1.7558566666666666,0.030404807221643328,3,"1,2,3"
18,7.375,0.0,0.0,0.8677418070175439,0.008155170172002423,1.730701754385965,0.029634101691661252,3,"1,2,3"
18,7.625,0.0,0.0,0.7945032280701755,0.011330618597218413,1.7154917543859647,0.029559089761084473,3,"1,2,3"
18,7.875,0.0,0.0,0.8002731754385964,0.013488540230302088,1.707487543859649,0.02944705069308969,3,"1,2,3"
18,8.125,0.0,0.0,0.8513893508771929,0.016110731605857027,1.7059261403508774,0.0294145482479393,3,"1,2,3"
18,8.375,0.0,0.0,0.9204701228070175,0.01829315104418226,1.7097684210526316,0.029778492464882494,3,"1,2,3"
18,8.625,0.0,0.0,0.9929444035087718,0.02285034043644785,1.717732456140351,0.030501741016665,3,"1,2,3"
18,8.875,0.0,0.0,1.056592894736842,0.02412942453758962,1.729569298245614,0.03129369874041169,3,"1,2,3"
18,9.125,0.0,0.0,1.1095891228070174,0.02778136006399308,1.74449,0.0321940911630875,3,"1,2,3"
18,9.375,0.0,0.0,1.1507108771929824,0.02921081447726784,1.7613970175438596,0.03301675365405995,3,"1,2,3"
18,9.625,0.0,0.0,1.1820826315789474,0.02959415644135721,1.7795914035087719,0.03402021181416397,3,"1,2,3"
18,9.875,0.0,0.0,1.207217543859649,0.02975528995957935,1.7988005263157891,0.03487705569618928,3,"1,2,3"
18,10.125,0.0004248716315789474,0.00020094144829737524,1.2252826315789473,0.028830725482650796,1.8175203508771929,0.0355839041142178,3,"1,2,3"
18,10.375,0.06939213157894736,0.003465637440459772,1.2394047368421057,0.02855796974595849,1.8330136842105267,0.03621698481519875,3,"1,2,3"
18,10.625,1.3407229824561406,0.009863751693759587,1.2506912280701752,0.026537932273804375,1.8372852631578944,0.03657924770039528,3,"1,2,3"
18,10.875,5.954575263157896,0.012028837587342413,1.2562442105263159,0.025221438110283736,1.8183112280701756,0.03672442929171386,3,"1,2,3"
18,11.125,9.02736403508772,0.08300762042839394,1.2592152631578948,0.023592601947785806,1.7647036842105264,0.03697304365306367,3,"1,2,3"
18,11.375,7.150204035087721,0.09323104238670843,1.2595805263157895,0.022287650883440372,1.6823231578947369,0.036685044897254396,3,"1,2,3"
18,11.625,4.274787719298246,0.09907495157044358,1.2563656140350878,0.01969781279876253,1.5936040350877192,0.03617224313060255,3,"1,2,3"
18,11.875,2.456377368421053,0.04598329105382019,1.2526208771929823,0.017979457536895237,1.5163666666666666,0.03557281842864313,3,"1,2,3"
18,12.125,1.4860459649122808,0.006723550543984377,1.2498764912280704,0.016454870470585827,1.4583545614035092,0.03504243356824305,3,"1,2,3"
18,12.375,1.0213508771929822,0.006455054403520961,1.251236315789474,0.01610169713415903,1.4210589473684212,0.03500996591263785,3,"1,2,3"
18,12.625,0.8160452456140351,0.025800791790778148,1.2589173684210526,0.016519185292657407,1.401197543859649,0.03518799110062624,3,"1,2,3"
18,12.875,0.7375752456140351,0.014196201887092304,1.2740517543859649,0.01739311811526682,1.3952115789473687,0.03555620932561079,3,"1,2,3"
18,13.125,0.7138671578947368,0.011377316231095362,1.2971314035087718,0.018633536572412623,1.3987212280701755,0.0360375439305372,3,"1,2,3"
18,13.375,0.7228771578947368,0.02823928706384814,1.3289985964912283,0.020010299408688547,1.4083435087719298,0.03675866938738135,3,"1,2,3"
18,13.625,0.7599980701754386,0.02047101449000321,1.3652349122807017,0.022274013932049207,1.4208624561403507,0.03737268019299166,3,"1,2,3"
18,13.875,0.7792256315789473,0.023273210286302803,1.4045845614035086,0.02358591420546073,1.4342589473684209,0.037792020878821234,3,"1,2,3"
18,14.125,0.8034536315789474,0.024466731805285406,1.4433614035087718,0.025966028329499444,1.4466931578947368,0.03845977809980988,3,"1,2,3"
18,14.375,0.8332635087719299,0.022895411505781733,1.479245614035088,0.02757432586942022,1.457701403508772,0.03887406000106576,3,"1,2,3"
18,14.625,0.862301701754386,0.018333459961134117,1.5124443859649126,0.028501725448192745,1.4667173684210526,0.03924768095083413,3,"1,2,3"
18,14.875,0.8879412807017544,0.022621715249629828,1.5412561403508773,0.02895660875272866,1.4734784210526317,0.039425921927740075,3,"1,2,3"
18,15.125,0.9026365614035087,0.0037467964382944014,1.567189298245614,0.02900307107734478,1.4784808771929825,0.039555020019476056,3,"1,2,3"
18,15.375,0.9168885438596491,0.01707812045814415,1.590569298245614,0.02891151692591079,1.4822201754385966,0.03964105379700797,3,"1,2,3"
18,15.625,0.9165512631578947,0.02469438206326711,1.6117563157894736,0.02880161170403099,1.4844798245614035,0.03966877102358242,3,"1,2,3"
18,15.875,0.9208346491228069,0.014674615480550166,1.6294566666666668,0.028267040650455374,1.4856568421052632,0.039631594354741576,3,"1,2,3"
18,16.125,0.927046350877193,0.01875746677108092,1.6390208771929826,0.027819381501652817,1.4856043859649122,0.03967791464166027,3,"1,2,3"
18,16.375,0.9457374035087719,0.020591641607888525,1.6198970175438596,0.02689322487710518,1.4832531578947368,0.03977131067162913,3,"1,2,3"
18,16.625,0.9621216842105262,0.017205584737593545,1.5623215789473683,0.026508774024405782,1.4780545614035088,0.03980701921087413,3,"1,2,3"
18,16.875,0.962556807017544,0.025084080917509154,1.4750505263157896,0.027092544592264713,1.4709494736842108,0.039828190745049175,3,"1,2,3"
18,17.125,0.9606400877192983,0.031462914030924195,1.381955087719298,0.026119972745752378,1.4632480701754387,0.039861001665803246,3,"1,2,3"
18,17.375,0.980205245614035,0.036990561194917476,1.3030601754385964,0.025352557857237626,1.4568780701754385,0.040075321348992284,3,"1,2,3"
18,17.625,1.0031689122807017,0.03519238488496727,1.2479877192982456,0.02517877469551972,1.4528122807017543,0.040231933073650666,3,"1,2,3"
18,17.875,1.044434,0.021343188116644058,1.2159233333333332,0.024377871284667275,1.4507271929824563,0.040402070493402845,3,"1,2,3"
18,18.125,1.100901543859649,0.019481542807236667,1.2024266666666668,0.024488414319591232,1.4508561403508768,0.04090093656709142,3,"1,2,3"
18,18.375,1.155515298245614,0.03204168811602627,1.2023819298245613,0.024928270802352857,1.452777192982456,0.041334475506960594,3,"1,2,3"
18,18.625,1.2613484210526316,0.03194279813836894,1.210597894736842,0.0256044235739816,1.456278245614035,0.04191455115129873,3,"1,2,3"
18,18.875,1.382851578947368,0.024880651372952013,1.2242257894736843,0.026875581450473262,1.4605370175438595,0.042525546719494954,3,"1,2,3"
18,19.125,1.5095249122807022,0.043734560804256,1.2388524561403509,0.028638520076891764,1.4650959649122806,0.04310712812265599,3,"1,2,3"
18,19.375,1.5463575438596493,0.05529741786215905,1.2527454385964913,0.029718290335857243,1.4688354385964912,0.04371274174246338,3,"1,2,3"
18,19.625,1.5412340350877194,0.050274619678426224,1.2662007017543861,0.030452956333685815,1.4716022807017544,0.044306875255322765,3,"1,2,3"
18,19.875,1.5100361403508773,0.04681917041790809,1.2772633333333332,0.031243849097586446,1.4727757894736841,0.04482932758606842,3,"1,2,3"
18,20.125,1.4800792982456146,0.03530400471748263,1.2862108771929825,0.031366035198132435,1.4725110526315788,0.04522704999802155,3,"1,2,3"
18,20.375,1.4889491228070175,0.028350209017008854,1.2937921052631578,0.031379823116130495,1.470988947368421,0.04567291712419332,3,"1,2,3"
18,20.625,1.4968442105263158,0.031900026771669705,1.2999194736842108,0.031123009251899394,1.4683066666666669,0.04604690835882433,3,"1,2,3"
18,20.875,1.518934561403509,0.03018589056745825,1.3040489473684211,0.03081321816170898,1.464512456140351,0.04631035019363317,3,"1,2,3"
18,21.125,1.5421757894736843,0.01775558272785053,1.3074398245614036,0.03044661213736714,1.4599794736842104,0.04644776867180044,3,"1,2,3"
18,21.375,1.588695263157895,0.020477289918364113,1.3097742105263157,0.03040307345534219,1.4549036842105263,0.04664419818757103,3,"1,2,3"
18,21.625,1.6113515789473685,0.01600591608653367,1.310468947368421,0.030480604762154397,1.4494254385964913,0.04702110714698667,3,"1,2,3"
18,21.875,1.603321052631579,0.02319767067301685,1.3110085964912281,0.030715721427522723,1.4438950877192982,0.04720074333955675,3,"1,2,3"
18,22.125,1.5339591228070175,0.02788305525125722,1.3106680701754385,0.03042991377450468,1.4387371929824562,0.047461265085682054,3,"1,2,3"
18,22.375,1.4246173684210526,0.02190826624414981,1.3104719298245613,0.02977953796966441,1.4345842105263156,0.047787835818984596,3,"1,2,3"
18,22.625,1.3198580701754385,0.02485459003233783,1.3110494736842107,0.029969912345273415,1.4320014035087718,0.048010883910193765,3,"1,2,3"
18,22.875,1.2266217543859648,0.023046029373140212,1.3130082456140348,0.02978621605253402,1.4311070175438598,0.04825277046253371,3,"1,2,3"
18,23.125,1.1455008245614033,0.01675453845678748,1.3157175438596491,0.030593999515271125,1.4319342105263158,0.04870816554507451,3,"1,2,3"
18,23.375,1.0992454561403509,0.02774269616845107,1.3213317543859648,0.03160976543105525,1.434453859649123,0.04913378260092201,3,"1,2,3"
18,23.625,1.0762360877192982,0.024817988825548122,1.3307480701754384,0.032774886672086535,1.4382868421052633,0.04952469809055167,3,"1,2,3"
18,23.875,1.072672052631579,0.025165835534978715,1.3464987719298247,0.03412218955198325,1.4431101754385967,0.05007042966040275,3,"1,2,3"
18,24.125,1.0692636491228067,0.026812451295117737,1.3707949122807017,0.03529927514455499,1.4488805263157893,0.05064105124219015,3,"1,2,3"
18,24.375,1.0858715614035088,0.019048643124759256,1.4021528070175437,0.035567345103826246,1.4550112280701757,0.0509319807509922,3,"1,2,3"
18,24.625,1.091399596491228,0.02424566690522848,1.4308271929824563,0.035844282347084616,1.4606736842105263,0.05127426912076739,3,"1,2,3"
18,24.875,1.1189170701754385,0.04150795094033935,1.4404463157894736,0.03640081575242883,1.4646949122807016,0.05145784548828361,3,"1,2,3"
18,0.125,0.0,0.0,0.0,0.0,0.0,0.0,3,"1,2,3"
18,0.375,0.0,0.0,0.0,0.0,0.0,0.0,3,"1,2,3"
18,0.625,0.0,0.0,0.0,0.0,0.0,0.0,3,"1,2,3"
18,0.875,0.0,0.0,0.0,0.0,0.10410274385964911,0.00011568278668194826,3,"1,2,3"
18,1.125,0.0,0.0,0.0,0.0,2.8889278947368418,0.003036295155829761,3,"1,2,3"
18,1.375,0.0,0.0,0.0,0.0,4.583031754385966,0.0016258689747497069,3,"1,2,3"
18,1.625,0.0,0.0,0.0,0.0,5.909128421052631,0.0031852777970700586,3,"1,2,3"
18,1.875,0.0,0.0,0.0,0.0,3.402238771929825,0.004158789606863092,3,"1,2,3"
18,2.125,0.0,0.0,0.0,0.0,2.283019649122807,0.005709213469160311,3,"1,2,3"
18,2.375,0.0,0.0,0.0,0.0,2.3452828070175435,0.007515499249069081,3,"1,2,3"
18,2.625,0.0,0.0,0.0,0.0,2.1902815789473684,0.00863906967435767,3,"1,2,3"
18,2.875,0.0,0.0,0.0,0.0,2.1084826315789473,0.012006476191821856,3,"1,2,3"
18,3.125,0.0,0.0,0.0,0.0,2.1759354385964915,0.013702328318729962,3,"1,2,3"
18,3.375,0.0,0.0,0.0,0.0,2.186685789473684,0.015903611795565428,3,"1,2,3"
18,3.625,0.0,0.0,0.0,0.0,2.155088947368421,0.01865450513342147,3,"1,2,3"
18,3.875,0.0,0.0,0.0,0.0,2.0965831578947367,0.020879419711708824,3,"1,2,3"
18,4.125,0.0,0.0,0.0,0.0,2.0260670175438595,0.02276257307973368,3,"1,2,3"
18,4.375,0.0,0.0,0.0,0.0,1.9563098245614032,0.02428854983829119,3,"1,2,3"
18,4.625,0.0,0.0,0.00014412278596491227,1.420048027931714e-05,1.8940078947368422,0.025630817918022013,3,"1,2,3"
18,4.875,0.0,0.0,0.12944870175438594,0.0006421940466852776,1.8524984210526314,0.027428735442558135,3,"1,2,3"
18,5.125,0.0,0.0,2.5495185964912275,0.005676488912818086,1.971495438596491,0.028266673708382508,3,"1,2,3"
18,5.375,0.0,0.0,7.953352280701753,0.007128147492359468,2.2958457894736846,0.02911935987736662,3,"1,2,3"
18,5.625,0.0,0.0,9.98399350877193,0.01730187897680605,2.409008070175439,0.0311086307683167,3,"1,2,3"
18,5.875,0.0,0.0,8.307559122807016,0.029642352877046793,2.287758596491228,0.032562427731735934,3,"1,2,3"
18,6.125,0.0,0.0,5.663715263157894,0.021840662526860875,2.106587894736842,0.03222515666189477,3,"1,2,3"
18,6.375,0.0,0.0,3.517240701754386,0.01663111189846795,1.9582045614035088,0.032393748602747484,3,"1,2,3"
18,6.625,0.0,0.0,2.2165424561403504,0.01027736705392495,1.863102807017544,0.03198193497568868,3,"1,2,3"
18,6.875,0.0,0.0,1.473345789473684,0.007780165289363955,1.8026447368421052,0.03168004473401238,3,"1,2,3"
18,7.125,0.0,0.0,1.067753859649123,0.006811061902166903,1.7631810526315788,0.031158950808916234,3,"1,2,3"
18,7.375,0.0,0.0,0.8697973684210528,0.008061707835463746,1.737618070175439,0.031044930981945114,3,"1,2,3"
18,7.625,0.0,0.0,0.7987945263157895,0.010403260298680706,1.7214998245614035,0.030527962660758936,3,"1,2,3"
18,7.875,0.0,0.0,0.8059168070175439,0.012649835836827205,1.7128101754385965,0.030061407592953674,3,"1,2,3"
18,8.125,0.0,0.0,0.8567008947368421,0.015375798573200025,1.710968771929825,0.029805025589399094,3,"1,2,3"
18,8.375,0.0,0.0,0.9269749649122806,0.01819169593522535,1.7141945614035092,0.02996716641650963,3,"1,2,3"
18,8.625,0.0,0.0,0.9995071403508772,0.021476175348207525,1.7217936842105264,0.03026208208919261,3,"1,2,3"
18,8.875,0.0,0.0,1.0653524210526317,0.023560054808546584,1.733526666666667,0.030691933415685404,3,"1,2,3"
18,9.125,0.0,0.0,1.1181949122807018,0.026919086290395643,1.748376666666667,0.031562131886507236,3,"1,2,3"
18,9.375,0.0,0.0,1.159538947368421,0.029109219035756636,1.7647663157894737,0.03279816823421458,3,"1,2,3"
18,9.625,0.0,0.0,1.1915594736842106,0.029458813074777834,1.7833722807017545,0.03346165402362711,3,"1,2,3"
18,9.875,0.0,0.0,1.2143385964912283,0.030373234920033458,1.8021312280701753,0.03413476355805093,3,"1,2,3"
18,10.125,0.000243632649122807,0.00015563726394464213,1.2300735087719297,0.029205536037566805,1.820186666666667,0.0347806484183569,3,"1,2,3"
18,10.375,0.06616630175438598,0.00406999568420899,1.242989649122807,0.02929425697400408,1.8358057894736843,0.035270470666205686,3,"1,2,3"
18,10.625,1.3327119122807018,0.02450434330018045,1.2520935087719298,0.028372027861501815,1.8398322807017544,0.03571948935167545,3,"1,2,3"
18,10.875,5.972121403508773,0.03733893265538851,1.2582180701754389,0.027566008664148368,1.8206,0.035927745683245464,3,"1,2,3"
18,11.125,9.048339298245613,0.07363335660211125,1.2614708771929826,0.02658303016873119,1.7667728070175437,0.036107630745178726,3,"1,2,3"
18,11.375,7.205746842105263,0.09527569903588994,1.2613954385964912,0.02462579800707764,1.6843517543859647,0.035782602932678556,3,"1,2,3"
18,11.625,4.317775263157895,0.06604207148269092,1.2579282456140353,0.022959764277640654,1.5953426315789476,0.03537005172462662,3,"1,2,3"
18,11.875,2.447847543859649,0.04898135039469782,1.253026140350877,0.021068576743766946,1.5178975438596491,0.03486583548793977,3,"1,2,3"
18,12.125,1.4740164912280702,0.011443131584027459,1.2488649122807018,0.018872795555117165,1.4598968421052634,0.03450261865153828,3,"1,2,3"
18,12.375,1.019536701754386,0.009208824289991792,1.2495407017543858,0.017527269144996093,1.422382456140351,0.034330933310407874,3,"1,2,3"
18,12.625,0.810854894736842,0.016733537489217385,1.255951403508772,0.01687025065663227,1.4025228070175437,0.03406670314573245,3,"1,2,3"
18,12.875,0.7241964210526316,0.024163734504807764,1.2699080701754388,0.016543595114254878,1.396271052631579,0.03413557344640983,3,"1,2,3"
18,13.125,0.720798350877193,0.01936485492734283,1.293027368421053,0.016492229704557226,1.3996568421052633,0.034432559552561956,3,"1,2,3"
18,13.375,0.7346750000000001,0.013468199646548816,1.3228673684210523,0.0181688953760937,1.4089543859649123,0.03478613646528731,3,"1,2,3"
18,13.625,0.7487998245614035,0.012610092435081544,1.3598633333333332,0.018810765985441957,1.4212807017543858,0.0352714157189722,3,"1,2,3"
18,13.875,0.7625208771929826,0.01672492900797924,1.3994452631578949,0.020318260444221685,1.4344059649122807,0.035995609541277125,3,"1,2,3"
18,14.125,0.797618701754386,0.034128963049517534,1.4388549122807017,0.021176640148180444,1.4468342105263157,0.03636644572541988,3,"1,2,3"
18,14.375,0.8265093684210526,0.026862595958106788,1.475752807017544,0.02234290482867991,1.4575421052631576,0.03670663059754404,3,"1,2,3"
18,14.625,0.8550534736842105,0.025612262289900264,1.5096210526315792,0.023624869664543278,1.4662314035087718,0.03722219935106754,3,"1,2,3"
18,14.875,0.8822172280701754,0.011790706395166125,1.5392621052631579,0.024733110864544626,1.4730996491228068,0.037242104532577085,3,"1,2,3"
18,15.125,0.8990308070175438,0.006736685485615357,1.5663105263157895,0.02584582744123095,1.4780047368421052,0.037286910169532284,3,"1,2,3"
18,15.375,0.9094431052631579,0.018865146716701187,1.590346315789474,0.026616724908886568,1.481598245614035,0.037482865685618996,3,"1,2,3"
18,15.625,0.9131526491228069,0.01976595677811383,1.6116445614035086,0.02658102003846003,1.483884210526316,0.03730722777092906,3,"1,2,3"
18,15.875,0.9195502280701754,0.004656409096476092,1.6297535087719297,0.026093329846548174,1.485011052631579,0.03714521465720491,3,"1,2,3"
18,16.125,0.9340998421052631,0.013278603233610211,1.6384826315789474,0.026510134176104767,1.4851042105263161,0.03682116428167603,3,"1,2,3"
18,16.375,0.9402151052631579,0.005993369719039956,1.6198649122807016,0.027007683309969582,1.4826491228070175,0.036591559510262155,3,"1,2,3"
18,16.625,0.9564803684210527,0.012399147958618928,1.562718421052632,0.02572385225233406,1.4775733333333332,0.03632555921556877,3,"1,2,3"
18,16.875,0.9674888245614036,0.0108419632065581,1.4764143859649124,0.025179385023529406,1.470501403508772,0.03606747959155737,3,"1,2,3"
18,17.125,0.9586605263157896,0.014877692030027746,1.3835280701754387,0.02420615012063393,1.462887543859649,0.03620906277472121,3,"1,2,3"
18,17.375,0.9623889649122805,0.017312098651998585,1.304181052631579,0.023965161109391234,1.456607543859649,0.03642274695717539,3,"1,2,3"
18,17.625,0.9933476491228072,0.006747445461740002,1.2485773684210526,0.02249419427713043,1.4524805263157896,0.03672607010170606,3,"1,2,3"
18,17.875,1.0336168596491229,0.009543905993792113,1.2157405263157894,0.021572215077329617,1.450557894736842,0.03724526498997679,3,"1,2,3"
18,18.125,1.0846901052631581,0.016422778984546207,1.2015552631578945,0.022371326156034748,1.4507471929824558,0.03779257760387904,3,"1,2,3"
18,18.375,1.150704894736842,0.010973568042550712,1.2013585964912281,0.022305720735532126,1.4528598245614035,0.03826161971939844,3,"1,2,3"
18,18.625,1.2496761754385965,0.016378082787430807,1.209788947368421,0.022725006361438694,1.4565814035087719,0.038872202007204155,3,"1,2,3"
18,18.875,1.3766845614035088,0.010139971500825292,1.2224414035087718,0.023751645993730752,1.4609931578947368,0.03952752466672874,3,"1,2,3"
18,19.125,1.5107471929824559,0.027056400206247878,1.2369301754385966,0.024301149364780564,1.4657564912280703,0.04009675721912047,3,"1,2,3"
18,19.375,1.5463549122807019,0.022745991946847257,1.2512596491228072,0.025804993147548496,1.4698757894736845,0.04083333876571077,3,"1,2,3"
18,19.625,1.5431147368421054,0.035938901417373846,1.2643914035087718,0.026458924218324065,1.472867543859649,0.04142447577717011,3,"1,2,3"
18,19.875,1.5190991228070174,0.037305653896149094,1.2761907017543859,0.027437226197443352,1.474363157894737,0.041813864241946684,3,"1,2,3"
18,20.125,1.5087280701754384,0.04704934168084397,1.2863126315789477,0.0275447388919896,1.4745721052631577,0.04227169775641372,3,"1,2,3"
18,20.375,1.5006464912280701,0.04762464303350685,1.2941807017543858,0.02772860802022529,1.4731968421052635,0.04254474595423324,3,"1,2,3"
18,20.625,1.5112045614035088,0.0289075201656921,1.300601052631579,0.027542816871533777,1.470556666666667,0.042868950411545016,3,"1,2,3"
18,20.875,1.5411963157894737,0.015972155659689638,1.3055843859649123,0.027265265875063855,1.4670542105263158,0.04313440848109373,3,"1,2,3"
18,21.125,1.5653584210526317,0.00984511186837563,1.3089187719298245,0.027008455104892123,1.4626289473684209,0.04320064445844678,3,"1,2,3"
18,21.375,1.5798110526315787,0.01839616016379323,1.3107656140350878,0.02700581771163288,1.4575743859649124,0.04342477549661446,3,"1,2,3"
18,21.625,1.6024738596491226,0.02625549201602189,1.3116963157894739,0.02690432395815631,1.4522582456140352,0.04360129826511148,3,"1,2,3"
18,21.875,1.6007429824561406,0.03753897611868764,1.3119666666666665,0.027834204169699964,1.446936842105263,0.043860667747469544,3,"1,2,3"
18,22.125,1.5519431578947367,0.027748617068516074,1.3120042105263157,0.028212223400773305,1.4419229824561404,0.044196630653203936,3,"1,2,3"
18,22.375,1.4375717543859647,0.014330649938856537,1.3112429824561405,0.02910105212496496,1.437826140350877,0.04466891215466243,3,"1,2,3"
18,22.625,1.323404912280702,0.03099277531853553,1.3120245614035086,0.029792901421828784,1.4351864912280703,0.04520856567922212,3,"1,2,3"
18,22.875,1.2231887719298247,0.03292067097352165,1.3130380701754387,0.030505893514527992,1.4341826315789472,0.0457611589830081,3,"1,2,3"
18,23.125,1.1516026315789474,0.026094207665384547,1.3155664912280702,0.03144042602759301,1.435002807017544,0.046308246772849615,3,"1,2,3"
18,23.375,1.0912595614035088,0.01951563929413504,1.3211915789473687,0.03189917309197829,1.437374736842105,0.04684225896485716,3,"1,2,3"
18,23.625,1.0656398771929823,0.02835172385424811,1.3315049122807017,0.032765230017848215,1.4410787719298248,0.04729415024437653,3,"1,2,3"
18,23.875,1.058139894736842,0.023270206807787335,1.3481247368421052,0.03297595442542598,1.4459098245614035,0.047629952695574886,3,"1,2,3"
18,24.125,1.0623496666666667,0.026367235821397363,1.3732763157894734,0.0330807944801043,1.4515747368421053,0.04797719078522349,3,"1,2,3"
18,24.375,1.0732020175438597,0.014747911534969065,1.4052784210526317,0.03267587248787635,1.457730701754386,0.04813249359884751,3,"1,2,3"
18,24.625,1.084030947368421,0.02141060153448131,1.4341349122807017,0.03220459572835007,1.463495789473684,0.04832815927538891,3,"1,2,3"
18,24.875,1.0994452631578946,0.027295793470931702,1.44477052631579,0.03256717531554193,1.4674805263157893,0.04852373444441528,3,"1,2,3"
18,0.125,0.0,0.0,0.0,0.0,0.0,0.0,3,"1,2,3"
18,0.375,0.0,0.0,0.0,0.0,0.0,0.0,3,"1,2,3"
18,0.625,0.0,0.0,0.0,0.0,0.0,0.0,3,"1,2,3"
18,0.875,0.0,0.0,0.0,0.0,0.10464398070175439,0.0006510498868218897,3,"1,2,3"
18,1.125,0.0,0.0,0.0,0.0,2.8947256140350874,0.004210933693742704,3,"1,2,3"
18,1.375,0.0,0.0,0.0,0.0,4.588558070175439,0.004153788786204015,3,"1,2,3"
18,1.625,0.0,0.0,0.0,0.0,5.908185438596491,0.0033081403371077664,3,"1,2,3"
18,1.875,0.0,0.0,0.0,0.0,3.4046910526315792,0.003102775363839597,3,"1,2,3"
18,2.125,0.0,0.0,0.0,0.0,2.288035263157895,0.006023374184383197,3,"1,2,3"
18,2.375,0.0,0.0,0.0,0.0,2.349020701754386,0.0058895993328608245,3,"1,2,3"
18,2.625,0.0,0.0,0.0,0.0,2.1943103508771933,0.008919781354674593,3,"1,2,3"
18,2.875,0.0,0.0,0.0,0.0,2.113900350877193,0.011553900232729798,3,"1,2,3"
18,3.125,0.0,0.0,0.0,0.0,2.180962631578947,0.014941363922458617,3,"1,2,3"
18,3.375,0.0,0.0,0.0,0.0,2.193082105263158,0.017561656371630412,3,"1,2,3"
18,3.625,0.0,0.0,0.0,0.0,2.160818245614035,0.02071581543881801,3,"1,2,3"
18,3.875,0.0,0.0,0.0,0.0,2.1014694736842103,0.022657578981845325,3,"1,2,3"
18,4.125,0.0,0.0,0.0,0.0,2.030501403508772,0.024183896927632353,3,"1,2,3"
18,4.375,0.0,0.0,0.0,0.0,1.9594692982456137,0.025368334462738413,3,"1,2,3"
18,4.625,0.0,0.0,0.00014314392280701755,3.5961947310183514e-06,1.897204035087719,0.026604712508689933,3,"1,2,3"
18,4.875,0.0,0.0,0.12988701754385965,0.000819812182996384,1.8555119298245615,0.027452697288740405,3,"1,2,3"
18,5.125,0.0,0.0,2.5519526315789474,0.007444596508509922,1.9749521052631576,0.027679035617997165,3,"1,2,3"
18,5.375,0.0,0.0,7.956319649122808,0.0083084766017036,2.300084035087719,0.02833342987110794,3,"1,2,3"
18,5.625,0.0,0.0,9.985769298245614,0.01643366542342228,2.4140136842105266,0.030085577123884516,3,"1,2,3"
18,5.875,0.0,0.0,8.30631192982456,0.03193347347282095,2.2924315789473684,0.031196460275208525,3,"1,2,3"
18,6.125,0.0,0.0,5.663161929824561,0.030544141320990526,2.1115001754385965,0.03111001968065306,3,"1,2,3"
18,6.375,0.0,0.0,3.5147956140350876,0.0237294990677847,1.9617382456140353,0.030718643135279132,3,"1,2,3"
18,6.625,0.0,0.0,2.21401350877193,0.017138028437175684,1.866585087719298,0.029699691251751856,3,"1,2,3"
18,6.875,0.0,0.0,1.4714408771929823,0.01254041726044919,1.80599350877193,0.02881854338305183,3,"1,2,3"
18,7.125,0.0,0.0,1.0662821052631581,0.010111906323347363,1.766532105263158,0.028304113851908928,3,"1,2,3"
18,7.375,0.0,0.0,0.8670797192982457,0.010434967557355006,1.7401615789473686,0.028062248073589473,3,"1,2,3"
18,7.625,0.0,0.0,0.7978967543859651,0.011399295267483104,1.7238333333333333,0.02775748110694267,3,"1,2,3"
18,7.875,0.0,0.0,0.8049656140350877,0.01354021322525195,1.7151964912280704,0.027489516125784937,3,"1,2,3"
18,8.125,0.0,0.0,0.856739192982456,0.01671328991554827,1.712925964912281,0.027855965648711883,3,"1,2,3"
18,8.375,0.0,0.0,0.928196052631579,0.019827906178510574,1.716161578947368,0.027678935802615094,3,"1,2,3"
18,8.625,0.0,0.0,1.0018772631578947,0.02114209598185591,1.7240642105263158,0.02837402190910281,3,"1,2,3"
18,8.875,0.0,0.0,1.0660700350877192,0.023634247435213043,1.7352236842105262,0.029177830986086485,3,"1,2,3"
18,9.125,0.0,0.0,1.1199400000000004,0.024678722196875356,1.7495470175438597,0.030316197951479627,3,"1,2,3"
18,9.375,0.0,0.0,1.160491929824561,0.02620139235737423,1.765702105263158,0.031604066825160294,3,"1,2,3"
18,9.625,0.0,0.0,1.1911087719298246,0.02749799093587362,1.7837070175438596,0.032531784489833106,3,"1,2,3"
18,9.875,0.0,0.0,1.213597543859649,0.02762341590143045,1.8024122807017544,0.033569443059963164,3,"1,2,3"
18,10.125,0.0006061103157894735,0.0002310613727336977,1.2305715789473686,0.02584028102683312,1.8205094736842105,0.034232934191791006,3,"1,2,3"
18,10.375,0.06626533684210525,0.00362040959644097,1.2447917543859648,0.02548738045001408,1.835787543859649,0.03463944765385603,3,"1,2,3"
18,10.625,1.3403987719298245,0.013544366904872358,1.2554824561403508,0.02495166933957815,1.8401696491228072,0.03528286472733189,3,"1,2,3"
18,10.875,5.969157543859651,0.036618094413464114,1.262564736842105,0.02248841814973188,1.8209494736842107,0.03540686841204585,3,"1,2,3"
18,11.125,9.065189649122805,0.0906658246691791,1.2655159649122807,0.02140332253154521,1.767714561403509,0.03578002419198221,3,"1,2,3"
18,11.375,7.159075438596491,0.11379737981957758,1.2646559649122808,0.02034042979111813,1.6849845614035088,0.03559483778941201,3,"1,2,3"
18,11.625,4.292099649122807,0.09192373705537596,1.26053649122807,0.018597643295992436,1.5956680701754387,0.03508996658329672,3,"1,2,3"
18,11.875,2.4582759649122807,0.07686322457234625,1.2544471929824563,0.01779889349032253,1.5181301754385965,0.03441350262263013,3,"1,2,3"
18,12.125,1.482017543859649,0.056976343807837,1.2494189473684212,0.017059927597732973,1.4600261403508774,0.0338327283736152,3,"1,2,3"
18,12.375,0.9889663684210527,0.02391619115315465,1.2493022807017544,0.017181429781368572,1.42246649122807,0.0333821836036582,3,"1,2,3"
18,12.625,0.7933771403508771,0.014999216611142941,1.2543577192982456,0.017267672828148145,1.4025310526315788,0.033275093561454534,3,"1,2,3"
18,12.875,0.7198195789473685,0.014480528236221184,1.2685171929824561,0.017572704623913835,1.3964577192982455,0.033040738337763956,3,"1,2,3"
18,13.125,0.7158934736842105,0.01787795308304403,1.2913450877192982,0.01898285079364054,1.3999954385964912,0.03345263579193919,3,"1,2,3"
18,13.375,0.7351110175438599,0.008981143228371222,1.321557894736842,0.019673694362307672,1.4094187719298248,0.033905509202235125,3,"1,2,3"
18,13.625,0.7576533508771931,0.0043444771181327365,1.3583156140350878,0.02023728644292754,1.4219442105263156,0.03402174626648735,3,"1,2,3"
18,13.875,0.7899970000000001,0.006468772092882704,1.3977066666666664,0.021753647457753548,1.4350119298245614,0.034309668543364834,3,"1,2,3"
18,14.125,0.829200842105263,0.014408389385276445,1.4369040350877194,0.023243006324437463,1.4475935087719298,0.034574691837619534,3,"1,2,3"
18,14.375,0.8449628245614035,0.02365004692591597,1.4727356140350878,0.02447794806597286,1.4584336842105265,0.03488042206450446,3,"1,2,3"
18,14.625,0.8619741929824561,0.017902626251025348,1.505738596491228,0.02577165001460352,1.4671049122807018,0.035157779441804184,3,"1,2,3"
18,14.875,0.8791073508771928,0.004593653873766841,1.5352187719298245,0.02766440025760194,1.4740954385964908,0.03524469083436336,3,"1,2,3"
18,15.125,0.895740649122807,0.0018233819345617056,1.5616973684210524,0.0270467804068909,1.4792992982456141,0.03528779901656762,3,"1,2,3"
18,15.375,0.9127162280701756,0.00742662131669535,1.585796842105263,0.027164852967571193,1.4829929824561405,0.03522737721849375,3,"1,2,3"
18,15.625,0.911320052631579,0.01646993330499851,1.6077964912280702,0.026636723618372715,1.4853357894736838,0.03522456655272493,3,"1,2,3"
18,15.875,0.9198147192982457,0.012089330122064142,1.6276433333333333,0.02666956047664167,1.4867942105263159,0.035169893212097236,3,"1,2,3"
18,16.125,0.9384772807017544,0.01777832566846562,1.6376491228070176,0.026691592426231966,1.4866231578947369,0.03524426080728996,3,"1,2,3"
18,16.375,0.9621561578947367,0.014999549467718523,1.619940350877193,0.02712911672028358,1.4842635087719298,0.03518305375765959,3,"1,2,3"
18,16.625,0.952432245614035,0.005983306654004229,1.562651403508772,0.02692307736150772,1.478950350877193,0.03539358632796084,3,"1,2,3"
18,16.875,0.9504798596491227,0.002441801213805896,1.4757866666666668,0.026330383554412744,1.4715247368421054,0.03542056627751912,3,"1,2,3"
18,17.125,0.9486581929824561,0.012399561553200163,1.3823182456140353,0.024155347135988013,1.4637919298245616,0.035496974251903866,3,"1,2,3"
18,17.375,0.9572354210526316,0.017013170463191337,1.303232105263158,0.022341999681522652,1.4573508771929824,0.03577721131605586,3,"1,2,3"
18,17.625,0.9812699824561403,0.009545427264542269,1.24724350877193,0.02101835939459843,1.4531277192982455,0.036163087822214134,3,"1,2,3"
18,17.875,1.0175348596491227,0.018214574848231194,1.2149970175438598,0.020616968387045968,1.451195614035088,0.036686463049305035,3,"1,2,3"
18,18.125,1.0842399649122807,0.021508322935255078,1.2022389473684212,0.02022757376332812,1.4516687719298247,0.037336147160976524,3,"1,2,3"
18,18.375,1.1567709649122806,0.02618243626390512,1.2024505263157892,0.020460383263447533,1.4538045614035087,0.03794709965676858,3,"1,2,3"
18,18.625,1.235910350877193,0.02077180331131436,1.2116333333333333,0.021362628898389194,1.4574668421052632,0.038652261866136836,3,"1,2,3"
18,18.875,1.3764515789473684,0.019154913431995994,1.2247891228070176,0.021868188515382164,1.4621329824561407,0.039350323761272316,3,"1,2,3"
18,19.125,1.5019875438596493,0.02264151110630592,1.2397094736842105,0.023336252898733457,1.4669301754385966,0.03996010548931461,3,"1,2,3"
18,19.375,1.5440889473684212,0.01757835746462669,1.2543645614035086,0.02359489652603903,1.471295964912281,0.04052308548605296,3,"1,2,3"
18,19.625,1.5358170175438597,0.046387014676790864,1.2676296491228072,0.024070199006433167,1.4743092982456139,0.0410322084091433,3,"1,2,3"
18,19.875,1.5007399999999997,0.038242315100761606,1.2793752631578947,0.024427041057211694,1.4758754385964916,0.04141064597939658,3,"1,2,3"
18,20.125,1.4707594736842104,0.029653637160735734,1.289183859649123,0.02454782375346304,1.4762387719298247,0.041621177686483636,3,"1,2,3"
18,20.375,1.4791110526315787,0.020321424743386232,1.2969543859649122,0.02524219479789438,1.475005789473684,0.04198763460192114,3,"1,2,3"
18,20.625,1.5100812280701756,0.03180279494716154,1.3029522807017544,0.02508423877586484,1.472639649122807,0.042042885484008724,3,"1,2,3"
18,20.875,1.535360350877193,0.025613574808409506,1.3073143859649123,0.02528903933881667,1.4692298245614035,0.04237282139366399,3,"1,2,3"
18,21.125,1.566264912280702,0.0064999740369298545,1.3106470175438598,0.02590077031882742,1.4648349122807016,0.04268312330657964,3,"1,2,3"
18,21.375,1.6162275438596492,0.021988279578964744,1.3124768421052633,0.027204460948078702,1.4599073684210524,0.04286606737962619,3,"1,2,3"
18,21.625,1.6361217543859652,0.03662346525976337,1.313048245614035,0.027644740408771972,1.4544012280701752,0.04317394501790113,3,"1,2,3"
18,21.875,1.6259317543859648,0.030888691330956827,1.3128964912280703,0.028138211294826115,1.4488552631578946,0.04360654730716143,3,"1,2,3"
18,22.125,1.5496722807017542,0.028334036152273784,1.3119708771929823,0.029442361364551507,1.4437161403508771,0.04394401336564743,3,"1,2,3"
18,22.375,1.4535233333333333,0.02420665722452903,1.3106759649122806,0.029942910534710033,1.4395240350877192,0.044434762651751704,3,"1,2,3"
18,22.625,1.322183157894737,0.02891542218391194,1.3104087719298245,0.030560388922067208,1.4366319298245613,0.044907929556909386,3,"1,2,3"
18,22.875,1.2121129122807017,0.03434611932245288,1.3119973684210526,0.031106398949192676,1.43578649122807,0.04530878191092524,3,"1,2,3"
18,23.125,1.1359004736842104,0.029468434942420622,1.3151043859649123,0.03187645222034203,1.4364987719298246,0.04592057955888311,3,"1,2,3"
18,23.375,1.098838210526316,0.018324779142374598,1.3208207017543863,0.03205187174317121,1.4389257894736847,0.046350737723736775,3,"1,2,3"
18,23.625,1.0800487719298246,0.021281890191833845,1.331202807017544,0.033140261851040936,1.4427938596491228,0.04678757227864198,3,"1,2,3"
18,23.875,1.0779733508771927,0.013713219900699413,1.3479873684210526,0.03325459846845609,1.447731052631579,0.04735141491800265,3,"1,2,3"
18,24.125,1.0811729298245611,0.021379538582284367,1.3738370175438597,0.033304789049826276,1.4535259649122807,0.04782443309439484,3,"1,2,3"
18,24.375,1.0822496842105263,0.024354740650124176,1.4058861403508771,0.03344806878594626,1.459795614035088,0.04830679895203484,3,"1,2,3"
18,24.625,1.0996803684210528,0.010435563847459658,1.4345596491228072,0.0336279801669341,1.4655531578947365,0.04869997248307498,3,"1,2,3"
18,24.875,1.1119557192982454,0.013863420122760293,1.444898596491228,0.033490393915889316,1.4696754385964912,0.048988803990351035,3,"1,2,3"
18,0.125,0.0,0.0,0.0,0.0,0.0,0.0,3,"1,2,3"
18,0.375,0.0,0.0,0.0,0.0,0.0,0.0,3,"1,2,3"
18,0.625,0.0,0.0,0.0,0.0,0.0,0.0,3,"1,2,3"
18,0.875,0.0,0.0,0.0,0.0,0.1051868210526316,0.0003797978926985295,3,"1,2,3"
18,1.125,0.0,0.0,0.0,0.0,2.8927222807017543,0.007024481149970232,3,"1,2,3"
18,1.375,0.0,0.0,0.0,0.0,4.586592807017543,0.00835691507729449,3,"1,2,3"
18,1.625,0.0,0.0,0.0,0.0,5.911022631578947,0.006524469065262307,3,"1,2,3"
18,1.875,0.0,0.0,0.0,0.0,3.406387368421053,0.008181568682877558,3,"1,2,3"
18,2.125,0.0,0.0,0.0,0.0,2.2881324561403513,0.014886316070665375,3,"1,2,3"
18,2.375,0.0,0.0,0.0,0.0,2.349052456140351,0.015989041638211597,3,"1,2,3"
18,2.625,0.0,0.0,0.0,0.0,2.19421350877193,0.0190607953060137,3,"1,2,3"
18,2.875,0.0,0.0,0.0,0.0,2.1122307017543864,0.021641165154394397,3,"1,2,3"
18,3.125,0.0,0.0,0.0,0.0,2.1776768421052632,0.023550781019135218,3,"1,2,3"
18,3.375,0.0,0.0,0.0,0.0,2.188718947368421,0.025528214112809765,3,"1,2,3"
18,3.625,0.0,0.0,0.0,0.0,2.15570649122807,0.026499526420735154,3,"1,2,3"
18,3.875,0.0,0.0,0.0,0.0,2.096372456140351,0.026504089673217695,3,"1,2,3"
18,4.125,0.0,0.0,0.0,0.0,2.0262933333333333,0.02701116700889623,3,"1,2,3"
18,4.375,0.0,0.0,0.0,0.0,1.9564712280701755,0.026816306523029687,3,"1,2,3"
18,4.625,0.0,0.0,0.00013115419649122807,5.6649893682176675e-06,1.8934736842105266,0.027973359675297325,3,"1,2,3"
18,4.875,0.0,0.0,0.13000743859649122,0.0008684822438126118,1.8514296491228068,0.028020950157105387,3,"1,2,3"
18,5.125,0.0,0.0,2.5528333333333335,0.008408453517201521,1.9715561403508772,0.02815805470140946,3,"1,2,3"
18,5.375,0.0,0.0,7.946921228070177,0.0059443703409522534,2.294191052631579,0.02906226705523233,3,"1,2,3"
18,5.625,0.0,0.0,9.964796140350876,0.02719109776490776,2.407101228070175,0.03138529369115466,3,"1,2,3"
18,5.875,0.0,0.0,8.297685964912281,0.042750563289359174,2.286508947368421,0.03295741535341448,3,"1,2,3"
18,6.125,0.0,0.0,5.659601929824562,0.037048826295661606,2.1047787719298245,0.032473772522082556,3,"1,2,3"
18,6.375,0.0,0.0,3.5183443859649124,0.021092037700401994,1.9568852631578946,0.03136433347617075,3,"1,2,3"
18,6.625,0.0,0.0,2.2192466666666664,0.014717655193410428,1.8626812280701754,0.030874368073528034,3,"1,2,3"
18,6.875,0.0,0.0,1.4764252631578947,0.011505308092880305,1.802553684210526,0.030438451274237766,3,"1,2,3"
18,7.125,0.0,0.0,1.0693942105263157,0.010112709053225958,1.7634014035087722,0.02972328615821402,3,"1,2,3"
18,7.375,0.0,0.0,0.8697769122807019,0.010484959551233863,1.737942807017544,0.029589883788071206,3,"1,2,3"
18,7.625,0.0,0.0,0.7986909473684212,0.013114038524461207,1.7216449122807018,0.029609419957170167,3,"1,2,3"
18,7.875,0.0,0.0,0.8042864736842107,0.014832476961159358,1.7134982456140353,0.029622188535226267,3,"1,2,3"
18,8.125,0.0,0.0,0.8546623508771929,0.015544054122164743,1.711512105263158,0.0300512633326039,3,"1,2,3"
18,8.375,0.0,0.0,0.9247704035087718,0.01760036810354025,1.7149161403508772,0.030542836051048915,3,"1,2,3"
18,8.625,0.0,0.0,0.9974147719298244,0.01926655432934109,1.723125614035088,0.031059020634234127,3,"1,2,3"
18,8.875,0.0,0.0,1.0620741228070179,0.021865013774220836,1.7350008771929823,0.031833465298271926,3,"1,2,3"
18,9.125,0.0,0.0,1.115062105263158,0.023114663887049445,1.7497731578947366,0.03252461577343541,3,"1,2,3"
18,9.375,0.0,0.0,1.155162105263158,0.023640642746627808,1.766654210526316,0.03358078573585092,3,"1,2,3"
18,9.625,0.0,0.0,1.1858198245614033,0.026025711877524633,1.7844208771929821,0.034714918111513275,3,"1,2,3"
18,9.875,0.0,0.0,1.209678596491228,0.028142724548793133,1.8029666666666664,0.03586620669004516,3,"1,2,3"
18,10.125,0.0006387932456140351,0.00012379317070801348,1.2265857894736842,0.027550115124949436,1.8211584210526315,0.03661384393985017,3,"1,2,3"
18,10.375,0.0687384649122807,0.0032467993437286023,1.2397963157894738,0.02825551423642017,1.8366942105263158,0.03739960686339434,3,"1,2,3"
18,10.625,1.3489896491228073,0.0033142673847982537,1.2500966666666666,0.02919022693220025,1.84084298245614,0.03798535528257414,3,"1,2,3"
18,10.875,5.889000701754386,0.054981973121177974,1.2577229824561404,0.026792316597967946,1.821718947368421,0.03804896120708332,3,"1,2,3"
18,11.125,9.039509122807017,0.10173377443422668,1.2614512280701755,0.025595125366681976,1.7685029824561402,0.03816948122295866,3,"1,2,3"
18,11.375,7.182645087719298,0.08756206741462363,1.261862807017544,0.024674241559828742,1.686479298245614,0.037972021172647495,3,"1,2,3"
18,11.625,4.277657719298246,0.060123501238447105,1.259153859649123,0.023373661789191532,1.5977752631578948,0.037431216417738125,3,"1,2,3"
18,11.875,2.461688596491228,0.02873724310604269,1.2553398245614036,0.022052968177028905,1.520525789473684,0.03702385422808006,3,"1,2,3"
18,12.125,1.4812473684210528,0.04470068863818107,1.2526073684210528,0.021460200944105744,1.4622219298245616,0.03669173047928903,3,"1,2,3"
18,12.375,1.0172321228070176,0.03361204482183356,1.2534284210526316,0.020701207694238534,1.4246856140350876,0.03676144692130057,3,"1,2,3"
18,12.625,0.8217704912280701,0.022100896865451216,1.2596303508771933,0.019845642173172737,1.4049256140350879,0.03702667448131929,3,"1,2,3"
18,12.875,0.7331266315789472,0.02361615194616231,1.2747542105263157,0.01955482801764408,1.398441754385965,0.03732379293413855,3,"1,2,3"
18,13.125,0.7032263333333334,0.015937872086599702,1.2966107017543862,0.018894250564691545,1.401945087719298,0.03801429539469581,3,"1,2,3"
18,13.375,0.7196760877192983,0.009834749025844813,1.3269040350877195,0.01962851302117901,1.411333157894737,0.03863716975415334,3,"1,2,3"
18,13.625,0.7542389298245614,0.02166511937266506,1.3648926315789474,0.02062583320905766,1.4239601754385964,0.039056462973101086,3,"1,2,3"
18,13.875,0.7799566140350876,0.01031516964610593,1.4036535087719297,0.020823879352994953,1.4372170175438599,0.03960766194596828,3,"1,2,3"
18,14.125,0.8147065964912281,0.01532081260247781,1.4419303508771932,0.02323605553230845,1.4497540350877196,0.04032313211118892,3,"1,2,3"
18,14.375,0.840186947368421,0.017390444751995512,1.4788119298245614,0.023953340829697543,1.4608052631578945,0.040509307442533234,3,"1,2,3"
18,14.625,0.8753206842105264,0.019855807455271934,1.5113212280701755,0.025380884353208358,1.4696526315789473,0.04067484285153693,3,"1,2,3"
18,14.875,0.8911708596491228,0.02003940919800855,1.5388929824561401,0.02829369264446632,1.476591052631579,0.04103008656472412,3,"1,2,3"
18,15.125,0.8952175263157894,0.018183522657312448,1.56433,0.028860295669182703,1.4816849122807019,0.04102493253653894,3,"1,2,3"
18,15.375,0.9049532105263159,0.01976097869747798,1.5874831578947368,0.02949273977047517,1.485318596491228,0.04097012669844536,3,"1,2,3"
18,15.625,0.9087760877192982,0.02560207603093691,1.6088747368421055,0.02968339179846398,1.4877580701754385,0.04089407883444793,3,"1,2,3"
18,15.875,0.9336755789473683,0.022804241990854884,1.628118596491228,0.03061990155524166,1.4892249122807018,0.0406851248446619,3,"1,2,3"
18,16.125,0.9472982631578949,0.0072471266925757975,1.6376938596491228,0.030569438242262725,1.4892664912280702,0.04056705819489352,3,"1,2,3"
18,16.375,0.9489077543859649,0.006846422156703354,1.6196180701754386,0.02959462571726525,1.486937192982456,0.04034262703072545,3,"1,2,3"
18,16.625,0.9601482105263157,0.00971249568400509,1.5633287719298246,0.029116695718962488,1.4817729824561405,0.04048067069336375,3,"1,2,3"
18,16.875,0.9683992105263161,0.016306107629644306,1.4768296491228072,0.028118057782655567,1.474508245614035,0.040439729259165696,3,"1,2,3"
18,17.125,0.979776807017544,0.021474593436045707,1.38401350877193,0.02701327144619688,1.467001754385965,0.040397872479780154,3,"1,2,3"
18,17.375,0.9964632631578949,0.02234558354926024,1.3053129824561402,0.026577744052432076,1.460457543859649,0.04056332346575994,3,"1,2,3"
18,17.625,1.007826789473684,0.02680583024112422,1.249751052631579,0.02626681617104783,1.456068245614035,0.04071634351056613,3,"1,2,3"
18,17.875,1.0402205614035087,0.024357439877947355,1.2178217543859648,0.02595406480735968,1.4541757894736842,0.040827139709292616,3,"1,2,3"
18,18.125,1.0787247368421053,0.010289581356012267,1.2035482456140352,0.026059134429731838,1.454307543859649,0.04114361477570161,3,"1,2,3"
18,18.375,1.152895140350877,0.0054104641207997645,1.2031349122807018,0.025977200395970883,1.456176842105263,0.04166353325761948,3,"1,2,3"
18,18.625,1.2387307017543858,0.02157223748624905,1.211934385964912,0.025564169658514616,1.459660701754386,0.04174185913151209,3,"1,2,3"
18,18.875,1.3669056140350877,0.0410513887178784,1.224711052631579,0.02642197338508845,1.4639656140350876,0.042099869966732074,3,"1,2,3"
18,19.125,1.4970956140350875,0.038243878374425916,1.2398547368421056,0.027171841934077384,1.4686866666666667,0.042470742706320355,3,"1,2,3"
18,19.375,1.5362952631578946,0.017484874133186425,1.254911052631579,0.02751384487886909,1.472510350877193,0.04268609463540959,3,"1,2,3"
18,19.625,1.5235585964912282,0.0321379559065162,1.2683724561403509,0.027790773316012655,1.4754326315789477,0.0430380677485751,3,"1,2,3"
18,19.875,1.5005973684210527,0.032305003377391894,1.2798563157894736,0.028388968501772624,1.4767368421052633,0.043383110755219396,3,"1,2,3"
18,20.125,1.4718252631578947,0.03444752154684319,1.2892517543859652,0.02799047908744098,1.4766191228070173,0.04368358060491352,3,"1,2,3"
18,20.375,1.485251403508772,0.02996458968148806,1.2967084210526314,0.02795481013355206,1.4750663157894737,0.044010324602902114,3,"1,2,3"
18,20.625,1.498508245614035,0.031279115728602584,1.3024119298245616,0.027842182835209613,1.4723240350877191,0.04441909995361721,3,"1,2,3"
18,20.875,1.5140701754385963,0.03223898998167403,1.3067438596491225,0.027557643966174983,1.4686366666666668,0.044788604486449876,3,"1,2,3"
18,21.125,1.5441891228070175,0.03787085202524337,1.3102887719298246,0.026859058788933608,1.4642029824561404,0.045008621973511236,3,"1,2,3"
18,21.375,1.5866633333333333,0.05073433038176355,1.3117512280701755,0.02753861937412497,1.4590387719298246,0.04529278943657745,3,"1,2,3"
18,21.625,1.6212524561403507,0.04279720986222576,1.312554210526316,0.02690368034426663,1.4535143859649127,0.04539731737864006,3,"1,2,3"
18,21.875,1.6064450877192984,0.023859685773965876,1.3128540350877194,0.02740960854007425,1.4480791228070176,0.045500002622615894,3,"1,2,3"
18,22.125,1.5601091228070176,0.01917216581595531,1.312177192982456,0.02747527217745045,1.4428164912280703,0.04574331311567189,3,"1,2,3"
18,22.375,1.4509256140350877,0.022651647749511023,1.3113714035087718,0.028308731835292304,1.4385122807017543,0.04607479429085142,3,"1,2,3"
18,22.625,1.3373966666666668,0.029015535843460897,1.3117340350877194,0.028753803992055342,1.4357919298245614,0.046353707537394546,3,"1,2,3"
18,22.875,1.2201061403508773,0.027651446853301103,1.3115457894736842,0.029338396055382614,1.4347364912280705,0.04681706052599046,3,"1,2,3"
18,23.125,1.1483334210526317,0.030161338097565226,1.3145319298245612,0.03047649987699097,1.4356238596491229,0.04736927476098794,3,"1,2,3"
18,23.375,1.1089779824561403,0.024105958454782535,1.3197054385964913,0.030919346545940255,1.4380578947368419,0.04784855142143993,3,"1,2,3"
18,23.625,1.078586298245614,0.028847819487100818,1.3294812280701755,0.031951542738163925,1.4419436842105264,0.04837594065786946,3,"1,2,3"
18,23.875,1.0674581228070175,0.024211642449533034,1.3454845614035085,0.03294435591388108,1.4468391228070177,0.048857327258447415,3,"1,2,3"
18,24.125,1.0673121578947369,0.02707677565093321,1.3711099999999998,0.03298694808624042,1.4525891228070176,0.049313439432357734,3,"1,2,3"
18,24.375,1.0866913508771932,0.02208486531772795,1.4026612280701756,0.033566416746656405,1.4587117543859647,0.04971793311649661,3,"1,2,3"
18,24.625,1.1022138771929824,0.016943351048376916,1.4316335087719299,0.033609695761556126,1.464379649122807,0.04999371109541703,3,"1,2,3"
18,24.875,1.1131499999999999,0.02358379407310729,1.4427182456140353,0.03409498421378145,1.4685128070175437,0.05038062501208366,3,"1,2,3"
18,0.125,0.0,0.0,0.0,0.0,0.0,0.0,3,"1,2,3"
18,0.375,0.0,0.0,0.0,0.0,0.0,0.0,3,"1,2,3"
18,0.625,0.0,0.0,0.0,0.0,0.0,0.0,3,"1,2,3"
18,0.875,0.0,0.0,0.0,0.0,0.1043336052631579,0.0003401375577200211,3,"1,2,3"
18,1.125,0.0,0.0,0.0,0.0,2.893585789473684,0.0074732584015095496,3,"1,2,3"
18,1.375,0.0,0.0,0.0,0.0,4.585400701754386,0.00797246194480553,3,"1,2,3"
18,1.625,0.0,0.0,0.0,0.0,5.907679298245614,0.0035868173103708904,3,"1,2,3"
18,1.875,0.0,0.0,0.0,0.0,3.401327719298246,0.00600935476235972,3,"1,2,3"
18,2.125,0.0,0.0,0.0,0.0,2.2837177192982456,0.008998486836306501,3,"1,2,3"
18,2.375,0.0,0.0,0.0,0.0,2.3455291228070174,0.011813019636536522,3,"1,2,3"
18,2.625,0.0,0.0,0.0,0.0,2.1912657894736842,0.01413062501925851,3,"1,2,3"
18,2.875,0.0,0.0,0.0,0.0,2.109682105263158,0.017552502490385355,3,"1,2,3"
18,3.125,0.0,0.0,0.0,0.0,2.177963684210526,0.02007101460642865,3,"1,2,3"
18,3.375,0.0,0.0,0.0,0.0,2.190058771929824,0.02208244698163761,3,"1,2,3"
18,3.625,0.0,0.0,0.0,0.0,2.1588789473684216,0.024304458649583572,3,"1,2,3"
18,3.875,0.0,0.0,0.0,0.0,2.100329649122807,0.025998925065972015,3,"1,2,3"
18,4.125,0.0,0.0,0.0,0.0,2.0307170175438594,0.02728434374403454,3,"1,2,3"
18,4.375,0.0,0.0,0.0,0.0,1.96049649122807,0.029258975582530614,3,"1,2,3"
18,4.625,0.0,0.0,0.00014314398245614032,1.8772737019154378e-05,1.898435789473684,0.02952891701022643,3,"1,2,3"
18,4.875,0.0,0.0,0.12997094736842105,0.0004133000917440608,1.856234912280702,0.030260225067143747,3,"1,2,3"
18,5.125,0.0,0.0,2.550880701754386,0.0033707210988715526,1.9748731578947367,0.03049128259236415,3,"1,2,3"
18,5.375,0.0,0.0,7.946766666666668,0.0092286122314276,2.2986528070175436,0.030842242863394147,3,"1,2,3"
18,5.625,0.0,0.0,9.970519298245614,0.013663304748307303,2.4121545614035083,0.032281631002071556,3,"1,2,3"
18,5.875,0.0,0.0,8.300340877192982,0.03633778936308172,2.290441578947368,0.033833018820548,3,"1,2,3"
18,6.125,0.0,0.0,5.6589014035087715,0.0335491707340233,2.10882947368421,0.033441026309428586,3,"1,2,3"
18,6.375,0.0,0.0,3.5179657894736844,0.02712344748568603,1.9599824561403512,0.0329578095734621,3,"1,2,3"
18,6.625,0.0,0.0,2.2196673684210526,0.020513059232514258,1.8647175438596488,0.03214937474159918,3,"1,2,3"
18,6.875,0.0,0.0,1.477593859649123,0.015167432290194073,1.8044094736842107,0.03125390068804085,3,"1,2,3"
18,7.125,0.0,0.0,1.070988947368421,0.010935915120366131,1.7654594736842106,0.030722181913006155,3,"1,2,3"
18,7.375,0.0,0.0,0.8717023508771929,0.009116811698117606,1.739905789473684,0.029985155684163427,3,"1,2,3"
18,7.625,0.0,0.0,0.8006084210526315,0.010874778950343712,1.7233849122807017,0.0295836939262484,3,"1,2,3"
18,7.875,0.0,0.0,0.8058327368421052,0.012808085241699236,1.7150063157894735,0.02991176046365491,3,"1,2,3"
18,8.125,0.0,0.0,0.8576905789473684,0.015290213409106716,1.7128949122807018,0.029911153712370252,3,"1,2,3"
18,8.375,0.0,0.0,0.9292637017543859,0.01854585732565004,1.716291403508772,0.030018192675014602,3,"1,2,3"
18,8.625,0.0,0.0,1.0025098947368425,0.021464790417896118,1.7244300000000001,0.03119269508383036,3,"1,2,3"
18,8.875,0.0,0.0,1.068321,0.025365807232927196,1.736355263157895,0.031997933332963746,3,"1,2,3"
18,9.125,0.0,0.0,1.1218096491228071,0.027823898999880622,1.7514549122807017,0.033327366604476334,3,"1,2,3"
18,9.375,0.0,0.0,1.1638735087719299,0.02933445883323014,1.7684375438596494,0.03418316554007866,3,"1,2,3"
18,9.625,0.0,0.0,1.1938929824561404,0.031232191717962054,1.7868952631578947,0.03530963607071003,3,"1,2,3"
18,9.875,0.0,0.0,1.2160345614035089,0.031876366675267886,1.805809298245614,0.03609877027274861,3,"1,2,3"
18,10.125,0.0006922735263157894,0.0003242759771238802,1.232435438596491,0.03114770413701596,1.82442,0.036679835395674064,3,"1,2,3"
18,10.375,0.0691091649122807,0.003092247834844783,1.243980701754386,0.030395730195154916,1.8400064912280703,0.03712389277837117,3,"1,2,3"
18,10.625,1.3414187719298243,0.02999193692917014,1.2528963157894737,0.02809752270044668,1.844422105263158,0.03728455946026298,3,"1,2,3"
18,10.875,5.907758421052631,0.049805423132498534,1.2584954385964913,0.026128408476537177,1.8254612280701756,0.03759868044563138,3,"1,2,3"
18,11.125,9.024639824561401,0.10003451860034845,1.2601629824561404,0.024141967957619383,1.7720033333333332,0.03782181288715277,3,"1,2,3"
18,11.375,7.190651052631579,0.0893755080910718,1.259780350877193,0.021758727584588734,1.6897478947368418,0.03772986335186377,3,"1,2,3"
18,11.625,4.30802947368421,0.08247712031378117,1.256910701754386,0.020235269358424967,1.6006245614035084,0.037507980585911455,3,"1,2,3"
18,11.875,2.4892759649122813,0.04828276148452223,1.2528882456140353,0.018312570761410227,1.52307,0.03706987076783823,3,"1,2,3"
18,12.125,1.5063564912280702,0.01359440756190061,1.250138947368421,0.017092104158394354,1.4648245614035087,0.03638109007592198,3,"1,2,3"
18,12.375,1.0283420350877193,0.01076833662932166,1.250249649122807,0.01692578927092699,1.427052105263158,0.03632861093523706,3,"1,2,3"
18,12.625,0.8210941052631578,0.025141215562889663,1.2569938596491228,0.016124415497338594,1.4070449122807016,0.036327282982475936,3,"1,2,3"
18,12.875,0.7362558947368422,0.015666526866274778,1.2720550877192982,0.01788436203034311,1.4007896491228067,0.036317997050454805,3,"1,2,3"
18,13.125,0.7049679649122808,0.024713626361988837,1.295016842105263,0.019376107475571485,1.4041196491228074,0.036945752936975336,3,"1,2,3"
18,13.375,0.7275135438596491,0.032254510034400614,1.326190701754386,0.019841489540138892,1.4135747368421052,0.03731533114062912,3,"1,2,3"
18,13.625,0.7531692982456141,0.02475388675086914,1.3626484210526317,0.02189236766449724,1.4261322807017545,0.0379062024572992,3,"1,2,3"
18,13.875,0.786298,0.02035334437870021,1.4027028070175438,0.023880382930114248,1.4395528070175436,0.03867739204817053,3,"1,2,3"
18,14.125,0.8084747894736842,0.031265029522480045,1.4428161403508772,0.025151052876941762,1.4520096491228072,0.03935321329386949,3,"1,2,3"
18,14.375,0.8379567894736842,0.023864143171605023,1.4803077192982457,0.0268415016661867,1.4631098245614036,0.039845096669394967,3,"1,2,3"
18,14.625,0.8749831052631577,0.029963492467215316,1.5140884210526317,0.028763983831097528,1.471960701754386,0.04019387537660527,3,"1,2,3"
18,14.875,0.876664052631579,0.016256366744970944,1.5432166666666667,0.029842644326123366,1.4787180701754385,0.04059546488945087,3,"1,2,3"
18,15.125,0.8771932982456141,0.012013701058210055,1.569645964912281,0.03052813142311745,1.483867192982456,0.04041681032501518,3,"1,2,3"
18,15.375,0.8858941403508771,0.010497078431897905,1.5935682456140352,0.03084275426636893,1.4871657894736845,0.040564980359651885,3,"1,2,3"
18,15.625,0.8965863333333334,0.009716451011514297,1.6143185964912279,0.029906084831376915,1.4891008771929826,0.0405044671141582,3,"1,2,3"
18,15.875,0.9143145789473683,0.006191102335104013,1.6325043859649124,0.029496693375673212,1.4902280701754387,0.040098688067488765,3,"1,2,3"
18,16.125,0.9274846315789476,0.0035359816820989954,1.6420147368421054,0.0289458893019238,1.4900198245614036,0.04010817396153544,3,"1,2,3"
18,16.375,0.9421101052631581,0.00533193217011129,1.6243122807017543,0.02915774825580189,1.48759,0.0401839070887795,3,"1,2,3"
18,16.625,0.9583192105263159,0.01310903099595133,1.5673687719298248,0.02985773607886242,1.482217368421053,0.040057366536636184,3,"1,2,3"
18,16.875,0.9632900701754387,0.02371657622768687,1.4801422807017548,0.030429369070038462,1.4745785964912281,0.040355752801549294,3,"1,2,3"
18,17.125,0.9687342631578947,0.013604913137578938,1.386520350877193,0.029069794308716916,1.4669780701754387,0.0405840092101598,3,"1,2,3"
18,17.375,0.9926407719298244,0.015434754571966166,1.3074161403508773,0.02747728318946941,1.4605628070175438,0.04087620828269562,3,"1,2,3"
18,17.625,1.0074431754385966,0.009612340837748293,1.250484561403509,0.02611945345198382,1.456282105263158,0.04120000488350388,3,"1,2,3"
18,17.875,1.0422249122807017,0.022861282988950776,1.2182557894736843,0.025183457727662437,1.4544342105263157,0.04185085776051486,3,"1,2,3"
18,18.125,1.0886220701754385,0.02452056720377975,1.204552456140351,0.025035325942141043,1.4546,0.04245808179046657,3,"1,2,3"
18,18.375,1.1655168947368424,0.031707232006999736,1.2044710526315792,0.025650117604967472,1.4568222807017543,0.043194266918350745,3,"1,2,3"
18,18.625,1.2594540350877192,0.03455287410380625,1.2125480701754385,0.025784845285831755,1.4604361403508772,0.04376852573410371,3,"1,2,3"
18,18.875,1.3788033333333332,0.0411527498743671,1.2256519298245612,0.0262914071618645,1.4648115789473686,0.044321090496382956,3,"1,2,3"
18,19.125,1.4941650877192985,0.04841313687077321,1.2406198245614035,0.026698338103608804,1.46961649122807,0.04474054726521184,3,"1,2,3"
18,19.375,1.5573005263157895,0.05206141913477655,1.2554073684210527,0.02794789188064967,1.4736636842105266,0.04499936887830732,3,"1,2,3"
18,19.625,1.5505394736842106,0.04253971336858145,1.2694270175438598,0.02828171724701552,1.476488596491228,0.04543107270162757,3,"1,2,3"
18,19.875,1.5184,0.043164583364880466,1.2803859649122806,0.02803036087877117,1.4777764912280702,0.04555876642146377,3,"1,2,3"
18,20.125,1.4826280701754389,0.035692151790207495,1.2892963157894737,0.028659569767231885,1.4775987719298247,0.04592051190016585,3,"1,2,3"
18,20.375,1.481314561403509,0.047925248059232116,1.296445614035088,0.027989868831732757,1.47595350877193,0.04606608654440659,3,"1,2,3"
18,20.625,1.5018217543859649,0.033991780176161356,1.3020935087719299,0.028565719627326486,1.473167543859649,0.04638546881851121,3,"1,2,3"
18,20.875,1.5304710526315792,0.02094520103836196,1.3062461403508772,0.028236608086973026,1.46921350877193,0.0466723502989231,3,"1,2,3"
18,21.125,1.5604878947368421,0.035989588991672074,1.3093394736842106,0.028072368804657476,1.4644808771929825,0.04677869462864859,3,"1,2,3"
18,21.375,1.5878291228070174,0.025509393791739388,1.3112368421052634,0.02862573645240051,1.4591701754385966,0.046846407987547994,3,"1,2,3"
18,21.625,1.6116243859649122,0.017717514016474575,1.3115547368421054,0.028981486582695025,1.4532536842105264,0.04712891804766455,3,"1,2,3"
18,21.875,1.6070919298245616,0.016357555858742927,1.3111643859649122,0.029731049925985627,1.4473850877192984,0.047470708694889716,3,"1,2,3"
18,22.125,1.555744912280702,0.025686791883272164,1.3105245614035088,0.030471988951826137,1.4419177192982457,0.047785863443378616,3,"1,2,3"
18,22.375,1.4516470175438598,0.035386169461611786,1.3099840350877192,0.031420287631621226,1.4375080701754388,0.04835375760460044,3,"1,2,3"
18,22.625,1.3336287719298243,0.039065369824749605,1.3095550877192983,0.03262945827951557,1.4343899999999998,0.048745156776250756,3,"1,2,3"
18,22.875,1.2246888421052633,0.028914389037802093,1.3103428070175438,0.03386885816409356,1.4332422807017544,0.0490859451242527,3,"1,2,3"
18,23.125,1.135203140350877,0.027780124297357125,1.3136264912280702,0.034785515652790415,1.4340092982456139,0.049499707805424474,3,"1,2,3"
18,23.375,1.0950009122807018,0.027212738178463244,1.319722105263158,0.0359581411794628,1.4364659649122806,0.05008712523013905,3,"1,2,3"
18,23.625,1.0676275789473684,0.020595200227748623,1.3300375438596492,0.03687000073085865,1.4403696491228068,0.05051934571868126,3,"1,2,3"
18,23.875,1.0767900175438596,0.02144384234961876,1.346029298245614,0.037206916523419085,1.4453487719298248,0.0509388047941506,3,"1,2,3"
18,24.125,1.0806695263157895,0.022204022742557023,1.37131350877193,0.03700737064249951,1.4512221052631578,0.051442562569989886,3,"1,2,3"
18,24.375,1.095022350877193,0.01843055446571865,1.4032798245614035,0.03691327452884652,1.4574149122807016,0.0518345185513505,3,"1,2,3"
18,24.625,1.0946900175438599,0.02162091170209512,1.4317328070175437,0.03606276848739844,1.463120701754386,0.05217829152997194,3,"1,2,3"
18,24.875,1.1103809824561404,0.017616525368729704,1.4421026315789474,0.03588256807931591,1.4672363157894737,0.052477413394032425,3,"1,2,3"
18,0.125,0.0,0.0,0.0,0.0,0.0,0.0,3,"1,2,3"
18,0.375,0.0,0.0,0.0,0.0,0.0,0.0,3,"1,2,3"
18,0.625,0.0,0.0,0.0,0.0,0.0,0.0,3,"1,2,3"
18,0.875,0.0,0.0,0.0,0.0,0.1051965789473684,0.0002951849632205862,3,"1,2,3"
18,1.125,0.0,0.0,0.0,0.0,2.8955512280701754,0.004974187152392631,3,"1,2,3"
18,1.375,0.0,0.0,0.0,0.0,4.58619649122807,0.0052731760852900425,3,"1,2,3"
18,1.625,0.0,0.0,0.0,0.0,5.906507719298246,0.004325255394298984,3,"1,2,3"
18,1.875,0.0,0.0,0.0,0.0,3.4041282456140354,0.006448995631871255,3,"1,2,3"
18,2.125,0.0,0.0,0.0,0.0,2.2846570175438594,0.010964088196400787,3,"1,2,3"
18,2.375,0.0,0.0,0.0,0.0,2.346764561403509,0.012663855855211369,3,"1,2,3"
18,2.625,0.0,0.0,0.0,0.0,2.1914975438596493,0.014983666862211467,3,"1,2,3"
18,2.875,0.0,0.0,0.0,0.0,2.1091178947368423,0.016175520719432224,3,"1,2,3"
18,3.125,0.0,0.0,0.0,0.0,2.1752800000000003,0.018468803508811724,3,"1,2,3"
18,3.375,0.0,0.0,0.0,0.0,2.1870415789473685,0.02075362038747574,3,"1,2,3"
18,3.625,0.0,0.0,0.0,0.0,2.1551742105263156,0.021823535598107346,3,"1,2,3"
18,3.875,0.0,0.0,0.0,0.0,2.096596315789473,0.021973807223103506,3,"1,2,3"
18,4.125,0.0,0.0,0.0,0.0,2.0262150877192986,0.023745441443581372,3,"1,2,3"
18,4.375,0.0,0.0,0.0,0.0,1.9567266666666667,0.02497880026103665,3,"1,2,3"
18,4.625,0.0,0.0,0.00014705900175438595,9.311135416197596e-06,1.894532456140351,0.024817770389702995,3,"1,2,3"
18,4.875,0.0,0.0,0.13030561403508772,0.0007379502961456076,1.8532398245614035,0.026050538339913724,3,"1,2,3"
18,5.125,0.0,0.0,2.5537010526315793,0.0045227236664291005,1.9731835087719298,0.026151278291782126,3,"1,2,3"
18,5.375,0.0,0.0,7.9550707017543845,0.0018726004323385938,2.29698350877193,0.02654520209844944,3,"1,2,3"
18,5.625,0.0,0.0,9.974899649122806,0.015291577325059908,2.4100257894736843,0.02836035768618994,3,"1,2,3"
18,5.875,0.0,0.0,8.299147192982458,0.024105025051812123,2.2886026315789474,0.028581168299216003,3,"1,2,3"
18,6.125,0.0,0.0,5.65880052631579,0.025838132817199072,2.1070559649122806,0.029239682096604522,3,"1,2,3"
18,6.375,0.0,0.0,3.5170733333333337,0.01849493097349546,1.9583201754385966,0.028488773153895273,3,"1,2,3"
18,6.625,0.0,0.0,2.217559649122807,0.0134718734825864,1.8630612280701755,0.02803641223404345,3,"1,2,3"
18,6.875,0.0,0.0,1.4760898245614034,0.01098608841060883,1.8034500000000004,0.02808866131319731,3,"1,2,3"
18,7.125,0.0,0.0,1.0693047368421051,0.010498143642787491,1.7641519298245614,0.027882439548025318,3,"1,2,3"
18,7.375,0.0,0.0,0.8687640175438597,0.009319029896362243,1.7379047368421052,0.027499212744544244,3,"1,2,3"
18,7.625,0.0,0.0,0.797480192982456,0.009751471233301773,1.7221222807017547,0.027223542261196464,3,"1,2,3"
18,7.875,0.0,0.0,0.8046335438596491,0.011665551177143012,1.7141456140350873,0.02739196922613549,3,"1,2,3"
18,8.125,0.0,0.0,0.8563984561403509,0.014248303607719512,1.7123922807017546,0.027667260758564863,3,"1,2,3"
18,8.375,0.0,0.0,0.9276473157894737,0.016721210601278312,1.7163821052631576,0.0280817525785962,3,"1,2,3"
18,8.625,0.0,0.0,1.001217403508772,0.020371966378305278,1.7248235087719301,0.02932428723520618,3,"1,2,3"
18,8.875,0.0,0.0,1.0649849122807016,0.022531051352266594,1.7370626315789472,0.03044405586614214,3,"1,2,3"
18,9.125,0.0,0.0,1.1177238596491228,0.02506663920771172,1.7517947368421052,0.03211410151854604,3,"1,2,3"
18,9.375,0.0,0.0,1.159909298245614,0.027868353283661957,1.7684610526315787,0.03374425398506111,3,"1,2,3"
18,9.625,0.0,0.0,1.1900284210526317,0.02967902447232398,1.7873050877192984,0.035288306189286564,3,"1,2,3"
18,9.875,0.0,0.0,1.2123371929824562,0.02916427198083917,1.8060166666666664,0.03633618295770728,3,"1,2,3"
18,10.125,0.00021392122807017546,0.00014537269336298725,1.2290185964912281,0.028895849636109847,1.8247059649122805,0.03698065477486466,3,"1,2,3"
18,10.375,0.07224727719298245,0.004212847485435125,1.2418335087719299,0.028310787187225215,1.8405240350877194,0.03789445539450364,3,"1,2,3"
18,10.625,1.3469735087719297,0.015138083754148523,1.2513552631578948,0.026031636754073294,1.844856842105263,0.03848846131606584,3,"1,2,3"
18,10.875,5.978612105263157,0.04598991896239873,1.2581936842105261,0.024440728057819876,1.82573649122807,0.03886155559776243,3,"1,2,3"
18,11.125,8.993559122807019,0.04053990665782596,1.261845263157895,0.022712876750155993,1.7716717543859648,0.03899005765338269,3,"1,2,3"
18,11.375,7.1509259649122825,0.06310291418646474,1.2607671929824562,0.020506126041560737,1.6887770175438597,0.03878409480983834,3,"1,2,3"
18,11.625,4.295912280701755,0.030375411939216175,1.2583505263157895,0.019130393925509182,1.599702456140351,0.03777437106541301,3,"1,2,3"
18,11.875,2.4609680701754386,0.02731755253862456,1.2548954385964912,0.01831396347186028,1.5217652631578948,0.03710963289934667,3,"1,2,3"
18,12.125,1.521219298245614,0.031057852244263044,1.2509496491228072,0.017356432344711153,1.4634061403508773,0.03641164407005378,3,"1,2,3"
18,12.375,1.0294264385964913,0.03967219208249456,1.2517182456140352,0.016619824973457046,1.425817894736842,0.03606036657195519,3,"1,2,3"
18,12.625,0.829580701754386,0.0262669953158356,1.2585743859649121,0.01599004497168064,1.4058521052631578,0.03590081725780612,3,"1,2,3"
18,12.875,0.7265043859649122,0.030146532680281415,1.2730382456140348,0.015694191751234907,1.3998192982456141,0.03586313000151658,3,"1,2,3"
18,13.125,0.7122086140350877,0.03428160690021429,1.2966235087719298,0.017178083388648298,1.4035208771929824,0.03637692377903508,3,"1,2,3"
18,13.375,0.7302634035087721,0.03478043702807589,1.3279015789473687,0.018029772807199328,1.4131008771929825,0.036780652859997424,3,"1,2,3"
18,13.625,0.7552988947368421,0.03342529255130532,1.3643622807017544,0.021415567866872726,1.4256731578947368,0.037354008119910624,3,"1,2,3"
18,13.875,0.7742560877192983,0.035210338389877846,1.4039226315789473,0.023944995421274116,1.4392150877192982,0.03816419329585074,3,"1,2,3"
18,14.125,0.8090274912280702,0.02958535841436805,1.4434292982456143,0.027208516028538403,1.4517907017543858,0.03890626715433232,3,"1,2,3"
18,14.375,0.8248600175438597,0.01297986592396564,1.4793794736842105,0.030113190586121844,1.4627298245614035,0.03966769174633951,3,"1,2,3"
18,14.625,0.8419890350877194,0.022994937162328,1.5118212280701755,0.03303413379006735,1.4716712280701751,0.0403991299156037,3,"1,2,3"
18,14.875,0.8651555789473684,0.022230606700522414,1.5418049122807016,0.03418058106506105,1.4785543859649124,0.04066845665421668,3,"1,2,3"
18,15.125,0.8865830877192983,0.013444484851771655,1.5693056140350876,0.03531489188163932,1.4837556140350878,0.04092485463317733,3,"1,2,3"
18,15.375,0.9036591228070173,0.01045153159433028,1.592892105263158,0.034648419472319725,1.486973157894737,0.04080248714197918,3,"1,2,3"
18,15.625,0.9148072280701753,0.013677613558047202,1.6152945614035088,0.03378365781049974,1.4894175438596493,0.04058430761769418,3,"1,2,3"
18,15.875,0.9277031929824561,0.016381844082083628,1.6340168421052634,0.03285638444924583,1.4906015789473688,0.040434311814717884,3,"1,2,3"
18,16.125,0.9317556491228071,0.02543784830184657,1.643173157894737,0.03160342940763188,1.4904570175438596,0.04015751377422316,3,"1,2,3"
18,16.375,0.950716649122807,0.006839336827415503,1.6250208771929824,0.03070553010467198,1.4883073684210526,0.03996166990605515,3,"1,2,3"
18,16.625,0.9484514561403511,0.003277817554875874,1.5670580701754384,0.02953974136504619,1.4830370175438594,0.03987959310858906,3,"1,2,3"
18,16.875,0.9627577017543859,0.00495735527521644,1.4794112280701757,0.028301528693294185,1.4756908771929824,0.039899111578714584,3,"1,2,3"
18,17.125,0.9800523684210526,0.004987150382361483,1.386221403508772,0.027675628265260575,1.4679387719298245,0.0400151979907259,3,"1,2,3"
18,17.375,0.9861054210526318,0.015630481678128274,1.307680350877193,0.026096723887507743,1.4616187719298246,0.040215496368547723,3,"1,2,3"
18,17.625,1.0122415789473684,0.01872545895296241,1.252023157894737,0.025233344363653126,1.4573543859649123,0.04039127026060967,3,"1,2,3"
18,17.875,1.041331280701754,0.025682192937520405,1.2198150877192981,0.025048355854110305,1.4554749122807016,0.0408752784575376,3,"1,2,3"
18,18.125,1.1070530701754384,0.027457222455857935,1.2067157894736844,0.025484377554761843,1.4558770175438596,0.04147573439213816,3,"1,2,3"
18,18.375,1.1643468771929826,0.03259295386876832,1.2067166666666667,0.02529841963587129,1.4581098245614035,0.042040820751738976,3,"1,2,3"
18,18.625,1.2394771929824564,0.025046359959988336,1.2152105263157897,0.02634656914699092,1.4617075438596492,0.04265000486866335,3,"1,2,3"
18,18.875,1.3795938596491226,0.04080631974105827,1.2282949122807019,0.026638278681344184,1.4661436842105262,0.04321972791955596,3,"1,2,3"
18,19.125,1.4965471929824563,0.040154600084051806,1.2427052631578948,0.028194095021661546,1.470843157894737,0.04381260537189831,3,"1,2,3"
18,19.375,1.5459791228070177,0.05738515653101638,1.2569259649122808,0.029313959111127472,1.4748429824561402,0.04430345158987314,3,"1,2,3"
18,19.625,1.5393747368421051,0.06653275770914743,1.269575438596491,0.029202935104428382,1.4776052631578944,0.04489582784507637,3,"1,2,3"
18,19.875,1.5118229824561402,0.06504467927509994,1.281181052631579,0.029834357634705842,1.4789852631578946,0.045314357482926955,3,"1,2,3"
18,20.125,1.4888336842105263,0.042744507676106595,1.2901587719298246,0.029738574212349937,1.4789673684210527,0.04561793650454381,3,"1,2,3"
18,20.375,1.4975098245614038,0.04341326982740197,1.2979017543859648,0.029653181718434053,1.4776519298245612,0.04582610731050831,3,"1,2,3"
18,20.625,1.4994026315789473,0.024677014403877796,1.3042664912280701,0.02942041563611748,1.4748712280701755,0.0458309289462512,3,"1,2,3"
18,20.875,1.5389570175438598,0.01037199800561608,1.3081042105263159,0.028848659496678582,1.4712094736842107,0.045972625957151,3,"1,2,3"
18,21.125,1.5857740350877192,0.016530926590754374,1.3105843859649122,0.02823949251416656,1.4668145614035089,0.04595917228322393,3,"1,2,3"
18,21.375,1.6076029824561404,0.003346553258720434,1.3120942105263158,0.027606543940318095,1.4615177192982456,0.045826883549206825,3,"1,2,3"
18,21.625,1.6213056140350879,0.013666362620764674,1.3127714035087719,0.027759181304413346,1.455868596491228,0.04595005457539397,3,"1,2,3"
18,21.875,1.6012070175438595,0.022468709973087593,1.3130843859649124,0.028481481606851072,1.4502349122807017,0.04609799124406029,3,"1,2,3"
18,22.125,1.5437005263157895,0.022265073033632163,1.3129903508771932,0.02928741359484338,1.444913859649123,0.04613343986065221,3,"1,2,3"
18,22.375,1.4592305263157896,0.023360917670821286,1.3129838596491228,0.029686826164259935,1.4404977192982455,0.04647401660156786,3,"1,2,3"
18,22.625,1.3381650877192985,0.031789646468489814,1.3130726315789476,0.030776338367715195,1.4375650877192978,0.04690893331953919,3,"1,2,3"
18,22.875,1.2192943859649121,0.020748835886460495,1.3140142105263157,0.031921101985758774,1.4364366666666666,0.047213294519427906,3,"1,2,3"
18,23.125,1.1430611052631579,0.027773428089041822,1.3171861403508773,0.032674656660371976,1.4371087719298246,0.04768299625178946,3,"1,2,3"
18,23.375,1.0974152631578946,0.01972957536406114,1.3225142105263161,0.03408498573883035,1.439547894736842,0.04815467547096269,3,"1,2,3"
18,23.625,1.0690299824561402,0.02236785286957784,1.3325612280701755,0.03492420511777833,1.44312350877193,0.04876921325452229,3,"1,2,3"
18,23.875,1.0721879298245611,0.02764582772474028,1.348714736842105,0.035773314016911334,1.4476987719298247,0.04931913856390583,3,"1,2,3"
18,24.125,1.075293403508772,0.029561364374829827,1.3734340350877192,0.03623310815996005,1.4532985964912282,0.04982798917230537,3,"1,2,3"
18,24.375,1.089709701754386,0.03398157048575537,1.4052008771929827,0.03593121725302498,1.4591594736842106,0.050286804396371,3,"1,2,3"
18,24.625,1.105797596491228,0.042451475186427334,1.43376350877193,0.035574271701316586,1.4645482456140353,0.050747004735526874,3,"1,2,3"
18,24.875,1.1119254561403509,0.03284174223771275,1.444649298245614,0.035433811623303196,1.4685136842105264,0.051153741418653684,3,"1,2,3"
18,0.125,0.0,0.0,0.0,0.0,0.0,0.0,3,"1,2,3"
18,0.375,0.0,0.0,0.0,0.0,0.0,0.0,3,"1,2,3"
18,0.625,0.0,0.0,0.0,0.0,0.0,0.0,3,"1,2,3"
18,0.875,0.0,0.0,0.0,0.0,0.10472815614035087,0.0007440976154492932,3,"1,2,3"
18,1.125,0.0,0.0,0.0,0.0,2.893354385964912,0.00658959499542685,3,"1,2,3"
18,1.375,0.0,0.0,0.0,0.0,4.584972280701755,0.005494543962691117,3,"1,2,3"
18,1.625,0.0,0.0,0.0,0.0,5.905802807017544,0.00261855811448869,3,"1,2,3"
18,1.875,0.0,0.0,0.0,0.0,3.401833859649123,0.005505251590563763,3,"1,2,3"
18,2.125,0.0,0.0,0.0,0.0,2.2804177192982458,0.007971462307918356,3,"1,2,3"
18,2.375,0.0,0.0,0.0,0.0,2.340736315789474,0.011322689670968018,3,"1,2,3"
18,2.625,0.0,0.0,0.0,0.0,2.1845694736842103,0.01447646982444322,3,"1,2,3"
18,2.875,0.0,0.0,0.0,0.0,2.1003694736842107,0.01598396905235563,3,"1,2,3"
18,3.125,0.0,0.0,0.0,0.0,2.1657812280701756,0.018274149229739637,3,"1,2,3"
18,3.375,0.0,0.0,0.0,0.0,2.1763629824561406,0.020361454923431846,3,"1,2,3"
18,3.625,0.0,0.0,0.0,0.0,2.143530350877193,0.020686821371465103,3,"1,2,3"
18,3.875,0.0,0.0,0.0,0.0,2.083106666666667,0.022774855286094336,3,"1,2,3"
18,4.125,0.0,0.0,0.0,0.0,2.013054561403509,0.024137974787438538,3,"1,2,3"
18,4.375,0.0,0.0,0.0,0.0,1.9428215789473684,0.02534555237345254,3,"1,2,3"
18,4.625,0.0,0.0,0.00014314393157894735,1.1002884065599146e-05,1.8807580701754383,0.027011444000400293,3,"1,2,3"
18,4.875,0.0,0.0,0.13002631578947368,0.000594113396254039,1.8396542105263158,0.02735208016552568,3,"1,2,3"
18,5.125,0.0,0.0,2.5506505263157897,0.005844001968066701,1.9599577192982458,0.027648098334613864,3,"1,2,3"
18,5.375,0.0,0.0,7.953909122807018,0.0037727077777910314,2.2839387719298245,0.027993295960166045,3,"1,2,3"
18,5.625,0.0,0.0,9.97055052631579,0.019681578297594173,2.3978542105263156,0.028616458120219124,3,"1,2,3"
18,5.875,0.0,0.0,8.289335614035087,0.02633222355037322,2.2769612280701756,0.0287993587517526,3,"1,2,3"
18,6.125,0.0,0.0,5.649387894736843,0.023611180181167486,2.0962228070175435,0.02855766713243192,3,"1,2,3"
18,6.375,0.0,0.0,3.5113778947368424,0.016873561890090902,1.9489050877192984,0.028468056863041883,3,"1,2,3"
18,6.625,0.0,0.0,2.2123108771929823,0.01388151705205004,1.8548721052631576,0.027846315792789678,3,"1,2,3"
18,6.875,0.0,0.0,1.4709059649122807,0.009809706278630616,1.7951287719298243,0.02773247601820526,3,"1,2,3"
18,7.125,0.0,0.0,1.0657092982456138,0.00932118828923769,1.7569014035087716,0.027941146448946838,3,"1,2,3"
18,7.375,0.0,0.0,0.8661071578947369,0.008662322938062737,1.7320278947368422,0.028015245345082204,3,"1,2,3"
18,7.625,0.0,0.0,0.7925826842105264,0.010306464066453268,1.7160115789473684,0.028188532336915553,3,"1,2,3"
18,7.875,0.0,0.0,0.7982769298245614,0.012468691728293079,1.7081199999999999,0.028539480671017574,3,"1,2,3"
18,8.125,0.0,0.0,0.8476575614035088,0.015658137237475517,1.706252105263158,0.029157813702465278,3,"1,2,3"
18,8.375,0.0,0.0,0.916506894736842,0.017931865079875167,1.7097898245614036,0.029773206060788898,3,"1,2,3"
18,8.625,0.0,0.0,0.9889589298245612,0.020095190659333545,1.7181115789473687,0.031151244569473397,3,"1,2,3"
18,8.875,0.0,0.0,1.0523372631578949,0.023192931834790886,1.729929122807018,0.032235924066651114,3,"1,2,3"
18,9.125,0.0,0.0,1.1062710526315787,0.025683331912639572,1.7446294736842107,0.033667861939964315,3,"1,2,3"
18,9.375,0.0,0.0,1.147631403508772,0.027426972322379072,1.7615270175438598,0.03469904440219277,3,"1,2,3"
18,9.625,0.0,0.0,1.1793528070175439,0.028579782981332888,1.7798029824561405,0.03600738320804389,3,"1,2,3"
18,9.875,0.0,0.0,1.203002807017544,0.028737342956670294,1.7984371929824563,0.03680080207668333,3,"1,2,3"
18,10.125,0.000514005649122807,0.0001660114544776713,1.2212752631578947,0.028156195466024075,1.8174750877192984,0.03734553810200133,3,"1,2,3"
18,10.375,0.06569091754385964,0.0012348139685334045,1.2347329824561404,0.026893368432016552,1.8337384210526315,0.03817112919675191,3,"1,2,3"
18,10.625,1.3440352631578945,0.008331858658070266,1.245768245614035,0.02610710799343481,1.8384985964912282,0.03824289632304456,3,"1,2,3"
18,10.875,5.923524912280701,0.035869761296949854,1.2535252631578948,0.022819488257218336,1.8198085964912283,0.03830144565313064,3,"1,2,3"
18,11.125,8.955216842105264,0.054347875107649685,1.2583978947368422,0.021368100529097316,1.7667247368421053,0.038513565594614885,3,"1,2,3"
18,11.375,7.202335614035088,0.04925054558585885,1.2601077192982457,0.019331458601434374,1.6846614035087715,0.03851124744710675,3,"1,2,3"
18,11.625,4.329456842105263,0.04245191794285364,1.2577722807017544,0.018444882983621055,1.5957994736842107,0.03809271359451244,3,"1,2,3"
18,11.875,2.426332105263158,0.048822882963125286,1.255189649122807,0.017012281047312568,1.5182736842105262,0.0376732425183541,3,"1,2,3"
18,12.125,1.483416140350877,0.05594237708145921,1.2529901754385966,0.017803197573157147,1.4602471929824563,0.037347504579384884,3,"1,2,3"
18,12.375,1.0141132631578949,0.019253856131862177,1.2539680701754385,0.018051954149906953,1.4227266666666665,0.03714787293988929,3,"1,2,3"
18,12.625,0.784150947368421,0.026019332640629275,1.2600966666666666,0.019946460028074688,1.4029252631578946,0.03753290005719789,3,"1,2,3"
18,12.875,0.7081698245614034,0.025099950714556948,1.27350649122807,0.02125030611406605,1.3967852631578948,0.038116991310868056,3,"1,2,3"
18,13.125,0.6855835964912281,0.025124162878841866,1.2958708771929823,0.022186441769682427,1.4003194736842104,0.03859074643291178,3,"1,2,3"
18,13.375,0.7101495789473683,0.026586728253722824,1.326197192982456,0.024610589093662247,1.4100036842105261,0.03940434240029895,3,"1,2,3"
18,13.625,0.7422236315789474,0.024490054179364673,1.3623554385964913,0.0262538230512743,1.422712105263158,0.04034923013267014,3,"1,2,3"
18,13.875,0.7784914561403508,0.035674280974812504,1.4016850877192981,0.02833578312368254,1.4363308771929824,0.040937076233994334,3,"1,2,3"
18,14.125,0.8027574385964913,0.03856837323352611,1.4400670175438597,0.030892057806475453,1.4486336842105263,0.04166698682129987,3,"1,2,3"
18,14.375,0.8259301403508772,0.024631931949499808,1.4764391228070177,0.03219264718311002,1.4597133333333334,0.042145578147680864,3,"1,2,3"
18,14.625,0.8528901578947368,0.02240200972142076,1.5095540350877192,0.03356974430430173,1.4687780701754385,0.04241762651554264,3,"1,2,3"
18,14.875,0.8864915964912282,0.01420224170205168,1.5396591228070176,0.03316277814313079,1.4756994736842106,0.04240303201105287,3,"1,2,3"
18,15.125,0.912295087719298,0.010527686319316205,1.5663771929824561,0.033227785390320744,1.4809536842105262,0.04246241594042551,3,"1,2,3"
18,15.375,0.920034140350877,0.010853750515966926,1.5897691228070174,0.03224443839274886,1.4849050877192982,0.04244864109714425,3,"1,2,3"
18,15.625,0.9194268771929824,0.01885870039929544,1.6132305263157896,0.03093448595398509,1.4874842105263157,0.04227441586526984,3,"1,2,3"
18,15.875,0.9295019473684211,0.0062813677746937305,1.6339622807017544,0.030661400884771792,1.4891036842105265,0.0421767597867908,3,"1,2,3"
18,16.125,0.9379046842105264,0.009981166680539338,1.6441014035087715,0.030166670846788028,1.4893914035087719,0.042206295628061094,3,"1,2,3"
18,16.375,0.9536103157894736,0.00948241718572902,1.6258045614035088,0.030801637640186164,1.487020350877193,0.04233120226057944,3,"1,2,3"
18,16.625,0.9790500526315787,0.029609460163136297,1.5689801754385966,0.031937635051083525,1.4819242105263157,0.04268426592463987,3,"1,2,3"
18,16.875,0.9900740877192983,0.02471862080282722,1.4815524561403508,0.031953576541620135,1.4746549122807018,0.04300636476404998,3,"1,2,3"
18,17.125,0.98883650877193,0.023973787041678088,1.3877005263157896,0.03137286955681606,1.4669152631578946,0.04315381350621593,3,"1,2,3"
18,17.375,1.005770105263158,0.017335191109193075,1.3076887719298245,0.02970661806480603,1.4604764912280703,0.043569737458724826,3,"1,2,3"
18,17.625,1.0121861578947369,0.02612339091435619,1.2509522807017543,0.02815450950083083,1.455956842105263,0.04384205696802365,3,"1,2,3"
18,17.875,1.0400672456140352,0.029040106903654283,1.2178159649122806,0.027977822988817302,1.4537747368421055,0.04441229908139498,3,"1,2,3"
18,18.125,1.0929055087719297,0.05116575085823566,1.2032489473684211,0.02806016891269632,1.4538766666666667,0.044912071619579066,3,"1,2,3"
18,18.375,1.146660456140351,0.04897970168335498,1.2024940350877193,0.028645362885383878,1.4556919298245612,0.04540138015021661,3,"1,2,3"
18,18.625,1.2576358245614034,0.05452196429634482,1.2111984210526316,0.029366613624191372,1.4590863157894736,0.04581332238790283,3,"1,2,3"
18,18.875,1.3742885964912281,0.05005136149131703,1.2242378947368422,0.030533616008521853,1.4634450877192984,0.04637890301168815,3,"1,2,3"
18,19.125,1.4900824561403512,0.05064194685460869,1.2391303508771931,0.03140306929419046,1.4679864912280702,0.046670928645903054,3,"1,2,3"
18,19.375,1.5296191228070175,0.0594917607094068,1.253824210526316,0.03213997880635769,1.4719431578947368,0.04706031984756501,3,"1,2,3"
18,19.625,1.5219052631578949,0.0412126144885574,1.2674303508771931,0.032143894587448464,1.4749129824561404,0.04745191703554022,3,"1,2,3"
18,19.875,1.508286842105263,0.023980785845144705,1.2797117543859649,0.03160589454160901,1.4764833333333334,0.04756050770672061,3,"1,2,3"
18,20.125,1.4715375438596492,0.009173217362212268,1.2895840350877192,0.031175269898545504,1.4763615789473683,0.047699019351464846,3,"1,2,3"
18,20.375,1.477950701754386,0.014476837145153822,1.297688947368421,0.030038748171149727,1.4750000000000003,0.047702033437690035,3,"1,2,3"
18,20.625,1.5007600000000003,0.006119867031549239,1.3035336842105263,0.02976851304918908,1.4723949122807019,0.04767595623211968,3,"1,2,3"
18,20.875,1.5479857894736844,0.011683377455681628,1.3076261403508769,0.02896747866152942,1.468742456140351,0.04758964683556856,3,"1,2,3"
18,21.125,1.5729515789473687,0.011004181963384933,1.3103066666666667,0.028440261898052144,1.4641528070175438,0.04763753623177118,3,"1,2,3"
18,21.375,1.612838596491228,0.005942270790560837,1.3123040350877193,0.029321193071345564,1.4591233333333333,0.047800176901223276,3,"1,2,3"
18,21.625,1.640779298245614,0.018218269773064472,1.312687543859649,0.029819028226669184,1.4534966666666669,0.048035292262453316,3,"1,2,3"
18,21.875,1.624404736842105,0.026762846046933464,1.3128580701754389,0.029748090101665826,1.4476794736842107,0.048309430417059374,3,"1,2,3"
18,22.125,1.547151754385965,0.030422509830738062,1.3122880701754385,0.03052142193782585,1.442243333333333,0.048716063063746304,3,"1,2,3"
18,22.375,1.4383736842105261,0.0317495944616063,1.3111319298245612,0.031203017718531553,1.437681403508772,0.04909869106531747,3,"1,2,3"
18,22.625,1.315660350877193,0.023020777665166265,1.3115768421052632,0.03216418789601483,1.4345014035087715,0.049547098744198756,3,"1,2,3"
18,22.875,1.2118619298245614,0.025191619919905685,1.312409649122807,0.03289158018351043,1.4331377192982453,0.04994461797528186,3,"1,2,3"
18,23.125,1.1399230350877192,0.038126037903710226,1.3146349122807015,0.0334881136347938,1.4336910526315787,0.05033814859039573,3,"1,2,3"
18,23.375,1.0851406315789471,0.03472081019871279,1.3198980701754386,0.033907449594619894,1.4358319298245614,0.05073090777032266,3,"1,2,3"
18,23.625,1.0555674210526316,0.03596067279838696,1.3295743859649123,0.034449662138887796,1.4393377192982457,0.05120443263420836,3,"1,2,3"
18,23.875,1.0588001754385965,0.03369310914228219,1.3455764912280703,0.035051904276563295,1.444128596491228,0.05141537312873816,3,"1,2,3"
18,24.125,1.0628514561403508,0.029291105028018124,1.3701726315789475,0.035293067095982816,1.4495456140350875,0.051809622297147626,3,"1,2,3"
18,24.375,1.0815452631578946,0.032057081322017185,1.4017859649122808,0.034930325215159375,1.4555687719298245,0.05196571387668457,3,"1,2,3"
18,24.625,1.0953698245614034,0.030390779418053893,1.4303196491228072,0.034065585164243614,1.461173684210526,0.05205903268253441,3,"1,2,3"
18,24.875,1.1221494210526315,0.02580723297772848,1.441396842105263,0.03365840337324691,1.4653954385964914,0.052240348027353965,3,"1,2,3"
18,0.125,0.0,0.0,0.0,0.0,0.0,0.0,3,"1,2,3"
18,0.375,0.0,0.0,0.0,0.0,0.0,0.0,3,"1,2,3"
18,0.625,0.0,0.0,0.0,0.0,0.0,0.0,3,"1,2,3"
18,0.875,0.0,0.0,0.0,0.0,0.10447604912280702,0.0002919563787265209,3,"1,2,3"
18,1.125,0.0,0.0,0.0,0.0,2.8937487719298254,0.005491755296700836,3,"1,2,3"
18,1.375,0.0,0.0,0.0,0.0,4.585884035087719,0.005232114419511574,3,"1,2,3"
18,1.625,0.0,0.0,0.0,0.0,5.907379824561404,0.0020545209627993266,3,"1,2,3"
18,1.875,0.0,0.0,0.0,0.0,3.4031263157894736,0.00353592759166781,3,"1,2,3"
18,2.125,0.0,0.0,0.0,0.0,2.28322596491228,0.006321962923386624,3,"1,2,3"
18,2.375,0.0,0.0,0.0,0.0,2.342797192982456,0.00902653546183828,3,"1,2,3"
18,2.625,0.0,0.0,0.0,0.0,2.1864970175438594,0.011589387050789211,3,"1,2,3"
18,2.875,0.0,0.0,0.0,0.0,2.1038259649122804,0.012327415522678076,3,"1,2,3"
18,3.125,0.0,0.0,0.0,0.0,2.1697835087719297,0.013805125818375825,3,"1,2,3"
18,3.375,0.0,0.0,0.0,0.0,2.1805642105263154,0.01660323276156795,3,"1,2,3"
18,3.625,0.0,0.0,0.0,0.0,2.1464112280701753,0.01774851081801815,3,"1,2,3"
18,3.875,0.0,0.0,0.0,0.0,2.0863605263157896,0.019159030566869375,3,"1,2,3"
18,4.125,0.0,0.0,0.0,0.0,2.0149933333333334,0.020240359242344356,3,"1,2,3"
18,4.375,0.0,0.0,0.0,0.0,1.9445680701754384,0.0207686693564855,3,"1,2,3"
18,4.625,0.0,0.0,0.00014363339824561403,7.2504467097484315e-06,1.8822922807017546,0.0221178862927654,3,"1,2,3"
18,4.875,0.0,0.0,0.12965814035087717,0.0005837839541646169,1.8397168421052632,0.023103282319278457,3,"1,2,3"
18,5.125,0.0,0.0,2.5515559649122808,0.004481582343506262,1.9601924561403508,0.023811609265138502,3,"1,2,3"
18,5.375,0.0,0.0,7.952290701754386,0.0069764157025057364,2.284111929824561,0.02447058589078128,3,"1,2,3"
18,5.625,0.0,0.0,9.972206140350877,0.024623417115049735,2.397271052631579,0.026202450119097033,3,"1,2,3"
18,5.875,0.0,0.0,8.299282105263158,0.03232298639501193,2.2765657894736844,0.027330192068893724,3,"1,2,3"
18,6.125,0.0,0.0,5.659447719298246,0.028942549829676353,2.095390877192982,0.028137108400277486,3,"1,2,3"
18,6.375,0.0,0.0,3.5135900000000007,0.017213661300395575,1.947023859649123,0.027694267055879705,3,"1,2,3"
18,6.625,0.0,0.0,2.211580350877193,0.010134144039227903,1.8526392982456141,0.028043876219477022,3,"1,2,3"
18,6.875,0.0,0.0,1.469989649122807,0.008477065603347681,1.7932745614035088,0.028307077670250716,3,"1,2,3"
18,7.125,0.0,0.0,1.0631619298245614,0.009110347027468938,1.755434736842105,0.027798235504031422,3,"1,2,3"
18,7.375,0.0,0.0,0.8633200175438596,0.007948078429343149,1.730704912280702,0.028228272685806764,3,"1,2,3"
18,7.625,0.0,0.0,0.7921582105263157,0.01038149176696099,1.7155431578947369,0.028106923490611807,3,"1,2,3"
18,7.875,0.0,0.0,0.7966353684210526,0.01197032499599301,1.7079280701754385,0.028188418338188925,3,"1,2,3"
18,8.125,0.0,0.0,0.8476348947368421,0.014464288323056875,1.7064968421052633,0.02881288858585907,3,"1,2,3"
18,8.375,0.0,0.0,0.9171864912280703,0.01697672416946246,1.7100884210526315,0.029461029774029784,3,"1,2,3"
18,8.625,0.0,0.0,0.9892228421052631,0.019908524948780093,1.71812,0.030326560242472964,3,"1,2,3"
18,8.875,0.0,0.0,1.0531796666666666,0.021932398265773624,1.7295571929824558,0.03137481650432726,3,"1,2,3"
18,9.125,0.0,0.0,1.1071963157894735,0.02384418901083618,1.7436307017543857,0.03240664187970363,3,"1,2,3"
18,9.375,0.0,0.0,1.1483194736842104,0.024960720177922644,1.7602647368421056,0.03356135644112216,3,"1,2,3"
18,9.625,0.0,0.0,1.1780338596491229,0.026193097792956532,1.7784300000000002,0.0345917646703684,3,"1,2,3"
18,9.875,0.0,0.0,1.2027524561403509,0.026542122491596026,1.7970017543859649,0.035084408151662146,3,"1,2,3"
18,10.125,0.0005496588070175438,0.0003932904423362885,1.221287192982456,0.02686322766219468,1.815710701754386,0.036010451530800805,3,"1,2,3"
18,10.375,0.06776224385964913,0.0013675296832457921,1.235798245614035,0.026008485373410505,1.8316466666666666,0.03634571285963268,3,"1,2,3"
18,10.625,1.336937543859649,0.006174570468286461,1.2466970175438596,0.02597112486487037,1.8362833333333333,0.036679289222447675,3,"1,2,3"
18,10.875,5.936904210526316,0.041922074354571216,1.2538405263157897,0.02514722034427261,1.8174791228070175,0.036891942268048594,3,"1,2,3"
18,11.125,9.039068421052631,0.10326760990009563,1.2583450877192985,0.023955352763171768,1.7645254385964912,0.03682127406655377,3,"1,2,3"
18,11.375,7.144975263157895,0.10354710904643534,1.258157543859649,0.02378204843495161,1.6822898245614033,0.036525121362576685,3,"1,2,3"
18,11.625,4.284132105263158,0.07765896172315702,1.256481754385965,0.022225686421428425,1.5934356140350874,0.03634619620592474,3,"1,2,3"
18,11.875,2.4233594736842106,0.021233591729345525,1.253257192982456,0.02172751598638814,1.5161036842105264,0.0363327342339656,3,"1,2,3"
18,12.125,1.4628010526315787,0.023711968821124196,1.2521826315789473,0.020652865822124257,1.4581878947368423,0.036317022300457545,3,"1,2,3"
18,12.375,1.0054247894736843,0.03122199827518217,1.2542352631578948,0.01974394208201927,1.4207868421052632,0.03639697895441741,3,"1,2,3"
18,12.625,0.8024275614035087,0.02963994454390406,1.261329649122807,0.018889300304392977,1.4009228070175437,0.03669117928807974,3,"1,2,3"
18,12.875,0.7261864912280703,0.02307354800535787,1.2755668421052633,0.018832181660993316,1.394741754385965,0.03715175590245889,3,"1,2,3"
18,13.125,0.7152091754385964,0.037560266048388725,1.2983194736842105,0.019351896874726382,1.3982349122807014,0.03762437874274016,3,"1,2,3"
18,13.375,0.7298870877192982,0.026294590141049064,1.327322807017544,0.021427804273858007,1.4076989473684207,0.0382954162362696,3,"1,2,3"
18,13.625,0.7488835087719298,0.028689836921404744,1.3631505263157893,0.024017273919772927,1.4204033333333335,0.03886943740806942,3,"1,2,3"
18,13.875,0.7898784736842105,0.02732704860812187,1.4004668421052633,0.02609991692921481,1.4335177192982453,0.03976468681754907,3,"1,2,3"
18,14.125,0.8088671403508773,0.03610355005442624,1.4381763157894738,0.02854765594289295,1.4461798245614033,0.04046084268330652,3,"1,2,3"
18,14.375,0.8200002280701754,0.023343881712988047,1.4732154385964913,0.03069375155547287,1.4570215789473684,0.040969268844566496,3,"1,2,3"
18,14.625,0.8361756842105263,0.021749862674044555,1.5047822807017546,0.031747060780576125,1.465979649122807,0.04131461633005,3,"1,2,3"
18,14.875,0.870827157894737,0.009662117198097418,1.5334750877192984,0.03350762241897148,1.4729343859649122,0.04173952384989277,3,"1,2,3"
18,15.125,0.8959526842105263,0.01289444142182178,1.5610756140350877,0.03312573815086097,1.4782585964912283,0.04176569711674742,3,"1,2,3"
18,15.375,0.9047416140350878,0.01692166761264564,1.5852328070175439,0.0322910473267385,1.4821340350877195,0.04180984886938427,3,"1,2,3"
18,15.625,0.9224935438596491,0.010884570749098012,1.6081598245614035,0.032074408021396876,1.4847556140350875,0.04174732147446597,3,"1,2,3"
18,15.875,0.9322864912280703,0.01906966352990366,1.6291214035087718,0.03121871615375492,1.4862401754385963,0.04163220325198595,3,"1,2,3"
18,16.125,0.9406053508771931,0.012495213180173258,1.6397984210526317,0.03018192625994651,1.4863275438596493,0.041599934524180864,3,"1,2,3"
18,16.375,0.9490065789473684,0.012577395214595045,1.6233264912280703,0.0295159948009893,1.484154561403509,0.041551573421486236,3,"1,2,3"
18,16.625,0.963597456140351,0.03744714459260034,1.5665207017543858,0.028226713712460955,1.4788715789473688,0.041281554715653215,3,"1,2,3"
18,16.875,0.9781852982456142,0.036098196226612485,1.4789,0.027726126626191377,1.4715791228070172,0.04140224531301501,3,"1,2,3"
18,17.125,0.9968370526315788,0.01576641605556901,1.3849691228070171,0.027753651410866265,1.4639984210526313,0.04153089105829577,3,"1,2,3"
18,17.375,1.00172,0.021934374221260614,1.3057201754385963,0.02703126351927423,1.4575819298245614,0.04171886900757433,3,"1,2,3"
18,17.625,1.0232560877192984,0.027829082519893526,1.249432105263158,0.026286097790025425,1.4532657894736845,0.04220815179697332,3,"1,2,3"
18,17.875,1.0512328421052632,0.020417840460516253,1.2166336842105265,0.026675793886993877,1.4513496491228068,0.042615373117170695,3,"1,2,3"
18,18.125,1.0891088596491227,0.013645052634984941,1.202922105263158,0.026695355923558935,1.451564385964912,0.04312796985710159,3,"1,2,3"
18,18.375,1.1659670701754388,0.021243228789699323,1.202643859649123,0.02791744839853104,1.4535164912280703,0.04369631957374153,3,"1,2,3"
18,18.625,1.2625284210526315,0.040845707629610296,1.211300701754386,0.028893858563117582,1.4568715789473685,0.04417697651824583,3,"1,2,3"
18,18.875,1.3667471929824562,0.040220055411572156,1.2245963157894737,0.030084665791553476,1.4610200000000002,0.044782893457715134,3,"1,2,3"
18,19.125,1.4739749122807018,0.06319682152194894,1.2389040350877194,0.03120348783785486,1.465315087719298,0.045257138074466026,3,"1,2,3"
18,19.375,1.5139114035087717,0.052457244492868045,1.2533140350877194,0.03156867436802286,1.4690940350877193,0.04579752982232802,3,"1,2,3"
18,19.625,1.505102105263158,0.04076016815058423,1.2665380701754387,0.0307689705952729,1.4717922807017547,0.04619776433761473,3,"1,2,3"
18,19.875,1.4849861403508775,0.02956814280200263,1.277242807017544,0.03058711728385884,1.4729971929824563,0.046590436133607215,3,"1,2,3"
18,20.125,1.473388596491228,0.02246694249647788,1.2868817543859647,0.030577173630754323,1.4729921052631578,0.04680266356824347,3,"1,2,3"
18,20.375,1.4832536842105262,0.03364090805458195,1.295448947368421,0.029541690624424573,1.471641754385965,0.04690107978709483,3,"1,2,3"
18,20.625,1.5024603508771932,0.021765595299701467,1.3022450877192984,0.028729852894465738,1.4690501754385965,0.047030159181505354,3,"1,2,3"
18,20.875,1.5357412280701752,0.014768901821171047,1.3068873684210527,0.028754837495785848,1.4655042105263159,0.04725074394661709,3,"1,2,3"
18,21.125,1.5728768421052635,0.02336340530571749,1.3098524561403508,0.028597308038060185,1.4610092982456138,0.04742503944985769,3,"1,2,3"
18,21.375,1.6159708771929824,0.022809530618628646,1.3121473684210525,0.028683897815774826,1.4559433333333331,0.04746776636070875,3,"1,2,3"
18,21.625,1.6315770175438598,0.020889502200514377,1.3122873684210528,0.028666459754669884,1.4504198245614035,0.047821453690973195,3,"1,2,3"
18,21.875,1.628714210526316,0.031842951350220736,1.3120717543859648,0.02890579486846089,1.4446871929824565,0.04817465096147641,3,"1,2,3"
18,22.125,1.5786957894736837,0.027831422886867574,1.311193157894737,0.029559903256219777,1.4394459649122808,0.0485720768180061,3,"1,2,3"
18,22.375,1.4509912280701753,0.03201003824931607,1.3101421052631579,0.030285275386946114,1.434944561403509,0.049169461095291245,3,"1,2,3"
18,22.625,1.3146452631578949,0.035468447770625994,1.3098066666666666,0.031016298316859016,1.4318335087719298,0.049540788536095046,3,"1,2,3"
18,22.875,1.2113238596491227,0.04001529292222647,1.3099012280701754,0.03188922376165105,1.4305640350877191,0.05001998109404691,3,"1,2,3"
18,23.125,1.1288522631578948,0.03381161217994245,1.3121350877192983,0.0325684753691848,1.431053859649123,0.0505256605701912,3,"1,2,3"
18,23.375,1.0773209298245614,0.02489094984230857,1.31759,0.03339201127223639,1.433384736842105,0.05090032339846513,3,"1,2,3"
18,23.625,1.0679517719298246,0.0317519416484941,1.3272929824561404,0.03476051057116023,1.4370915789473682,0.05142606366791776,3,"1,2,3"
18,23.875,1.0650111754385965,0.0241361195913443,1.3433400000000002,0.03524106839165114,1.4419229824561404,0.05169422274182569,3,"1,2,3"
18,24.125,1.0698140701754386,0.02075380266871763,1.3679757894736841,0.035769162892568616,1.447699298245614,0.052094998326727406,3,"1,2,3"
18,24.375,1.0772220701754385,0.03113599595309874,1.3996635087719298,0.03650573594954083,1.4537749122807015,0.05229190440024971,3,"1,2,3"
18,24.625,1.0961730877192986,0.035585750808627296,1.4282815789473684,0.036012425610307756,1.4594547368421054,0.05247625605268986,3,"1,2,3"
18,24.875,1.1023936140350876,0.03628653818277007,1.4387528070175442,0.03534258984222765,1.4637833333333334,0.0525608225162886,3,"1,2,3"
18,0.125,0.0,0.0,0.0,0.0,0.0,0.0,3,"1,2,3"
18,0.375,0.0,0.0,0.0,0.0,0.0,0.0,3,"1,2,3"
18,0.625,0.0,0.0,0.0,0.0,0.0,0.0,3,"1,2,3"
18,0.875,0.0,0.0,0.0,0.0,0.10445978947368419,0.0007337657484455512,3,"1,2,3"
18,1.125,0.0,0.0,0.0,0.0,2.8934868421052635,0.00574614582780712,3,"1,2,3"
18,1.375,0.0,0.0,0.0,0.0,4.585286842105263,0.004757296907791521,3,"1,2,3"
18,1.625,0.0,0.0,0.0,0.0,5.9026578947368415,0.002004220109073279,3,"1,2,3"
18,1.875,0.0,0.0,0.0,0.0,3.3974057894736838,0.004515377378653599,3,"1,2,3"
18,2.125,0.0,0.0,0.0,0.0,2.2780363157894743,0.008386209043646236,3,"1,2,3"
18,2.375,0.0,0.0,0.0,0.0,2.3372945614035086,0.009279800135290252,3,"1,2,3"
18,2.625,0.0,0.0,0.0,0.0,2.181505087719298,0.013034293090463661,3,"1,2,3"
18,2.875,0.0,0.0,0.0,0.0,2.097467192982456,0.016020436534787817,3,"1,2,3"
18,3.125,0.0,0.0,0.0,0.0,2.1640510526315793,0.019114091223157083,3,"1,2,3"
18,3.375,0.0,0.0,0.0,0.0,2.174319649122807,0.021960983459795264,3,"1,2,3"
18,3.625,0.0,0.0,0.0,0.0,2.141650175438597,0.02350855180965275,3,"1,2,3"
18,3.875,0.0,0.0,0.0,0.0,2.082481754385965,0.025092143330943253,3,"1,2,3"
18,4.125,0.0,0.0,0.0,0.0,2.011503157894737,0.027374126534170515,3,"1,2,3"
18,4.375,0.0,0.0,0.0,0.0,1.9410205263157894,0.028103393840193367,3,"1,2,3"
18,4.625,0.0,0.0,0.00012723908596491226,1.1408970244107043e-05,1.879185438596491,0.028939950948663275,3,"1,2,3"
18,4.875,0.0,0.0,0.1297573157894737,0.0006730802775438239,1.8373763157894736,0.02974899216151784,3,"1,2,3"
18,5.125,0.0,0.0,2.549389298245614,0.002390300974853397,1.9570456140350876,0.029914055844842025,3,"1,2,3"
18,5.375,0.0,0.0,7.954460350877192,0.0037320651536204897,2.2820766666666668,0.030347262458916602,3,"1,2,3"
18,5.625,0.0,0.0,9.977606315789473,0.01727326213175117,2.3959414035087714,0.0323058194155986,3,"1,2,3"
18,5.875,0.0,0.0,8.301166666666667,0.030603603805715283,2.2748429824561405,0.03339540212057224,3,"1,2,3"
18,6.125,0.0,0.0,5.658011052631579,0.024676448515888044,2.09412052631579,0.03292341938005514,3,"1,2,3"
18,6.375,0.0,0.0,3.5146878947368427,0.01940315518220994,1.9463663157894737,0.03262938844939792,3,"1,2,3"
18,6.625,0.0,0.0,2.208864385964912,0.015230530537356925,1.8515650877192986,0.032466313390036375,3,"1,2,3"
18,6.875,0.0,0.0,1.4678612280701753,0.012116367693408295,1.7924496491228068,0.03169963452848893,3,"1,2,3"
18,7.125,0.0,0.0,1.062939298245614,0.01041651253514769,1.7540510526315787,0.031391305431510336,3,"1,2,3"
18,7.375,0.0,0.0,0.8634966666666667,0.010609720377733325,1.7295263157894736,0.03155511220074858,3,"1,2,3"
18,7.625,0.0,0.0,0.7913367894736844,0.01148996652903781,1.7144615789473683,0.031669552513689934,3,"1,2,3"
18,7.875,0.0,0.0,0.7970597017543861,0.013130278709690494,1.7065422807017543,0.031994767627778725,3,"1,2,3"
18,8.125,0.0,0.0,0.8476856315789473,0.017042613031239974,1.7053266666666669,0.03266672374069299,3,"1,2,3"
18,8.375,0.0,0.0,0.917214105263158,0.019242590076956938,1.7096036842105262,0.033755309358380454,3,"1,2,3"
18,8.625,0.0,0.0,0.9897012280701755,0.021448201188668668,1.71784,0.03483595724366089,3,"1,2,3"
18,8.875,0.0,0.0,1.054159684210526,0.02495813157475277,1.729426666666667,0.03578594677238269,3,"1,2,3"
18,9.125,0.0,0.0,1.1085840526315789,0.026512741037060767,1.7440261403508774,0.037163878016694726,3,"1,2,3"
18,9.375,0.0,0.0,1.150052105263158,0.028402646408243182,1.7606940350877194,0.038056101912400296,3,"1,2,3"
18,9.625,0.0,0.0,1.1811270175438597,0.02896271296760417,1.778741403508772,0.03885558363193442,3,"1,2,3"
18,9.875,0.0,0.0,1.2059291228070175,0.029105322852428644,1.7973812280701758,0.03968138372903185,3,"1,2,3"
18,10.125,0.0007695226666666668,0.00022281487284564575,1.224830350877193,0.027530524418569652,1.8162533333333333,0.03964482662099248,3,"1,2,3"
18,10.375,0.06558905438596492,0.004935822036868519,1.2395122807017545,0.02683921946762375,1.8324452631578947,0.03975641001645062,3,"1,2,3"
18,10.625,1.3305961403508775,0.006827239644951189,1.2496370175438596,0.025848503893342912,1.8371175438596488,0.03978849673295521,3,"1,2,3"
18,10.875,5.941967368421054,0.048270038681868147,1.2569564912280702,0.024101476701513556,1.818535263157895,0.03964812736446408,3,"1,2,3"
18,11.125,9.049865263157896,0.10484220139589152,1.2598408771929825,0.022867254424175455,1.7653101754385965,0.039226342060137226,3,"1,2,3"
18,11.375,7.195273333333333,0.05720352794125421,1.2604961403508774,0.021827490169875965,1.6829598245614035,0.03867780229613113,3,"1,2,3"
18,11.625,4.28222052631579,0.049212988569604404,1.2571475438596493,0.02078502214092114,1.5941243859649121,0.038081041347712674,3,"1,2,3"
18,11.875,2.4092463157894737,0.039609442845255305,1.2544314035087718,0.01962117416917664,1.5166849122807016,0.03755093414163234,3,"1,2,3"
18,12.125,1.46303350877193,0.03534796378487067,1.2518847368421053,0.019467634351857378,1.4589798245614034,0.037245684039401886,3,"1,2,3"
18,12.375,1.0027741403508772,0.01683119018331056,1.2530215789473684,0.01886998961891369,1.4216249122807019,0.037251450684309816,3,"1,2,3"
18,12.625,0.8049615087719298,0.013274080159817334,1.2601429824561403,0.018895131493378046,1.4022150877192983,0.037131992615431854,3,"1,2,3"
18,12.875,0.7335510526315789,0.0101217992452537,1.2760394736842104,0.019728282457338483,1.3964933333333331,0.03757807723286999,3,"1,2,3"
18,13.125,0.713396894736842,0.024478760951320854,1.2981777192982458,0.021266131207493204,1.4002982456140352,0.038022377481564236,3,"1,2,3"
18,13.375,0.7327084210526316,0.022114629734490895,1.3280059649122808,0.023369095617469946,1.4101847368421054,0.0384720739913119,3,"1,2,3"
18,13.625,0.7581144912280703,0.01580799694921283,1.3647480701754384,0.02507512907857431,1.4229033333333332,0.038822650815119625,3,"1,2,3"
18,13.875,0.8040057719298246,0.01426706186523856,1.4030489473684211,0.027566626848228408,1.4364673684210525,0.039425721530369266,3,"1,2,3"
18,14.125,0.8250118596491228,0.012124007201538625,1.4398668421052632,0.029160420382729542,1.4490924561403509,0.03985097010543286,3,"1,2,3"
18,14.375,0.8405289824561404,0.03079495967876078,1.4756263157894738,0.0318946422701395,1.46017,0.04040897990625005,3,"1,2,3"
18,14.625,0.8493542807017543,0.019821771462789427,1.5074733333333334,0.032308296149155806,1.468987894736842,0.04063105819364486,3,"1,2,3"
18,14.875,0.8758451578947367,0.01867394847570081,1.536491403508772,0.03218394153560122,1.4760149122807018,0.040701884536997086,3,"1,2,3"
18,15.125,0.9027735263157894,0.01641213932458538,1.5634057894736841,0.03217964507217839,1.4812645614035087,0.04091811918257278,3,"1,2,3"
18,15.375,0.9034118771929824,0.018238416865369783,1.5878315789473685,0.0306495328495653,1.4849561403508773,0.040867162670459,3,"1,2,3"
18,15.625,0.9202682456140353,0.000987197224837268,1.6105398245614035,0.028673778190887626,1.487407894736842,0.040738365634052004,3,"1,2,3"
18,15.875,0.9302041754385965,0.0044785326846054725,1.6305038596491226,0.026668725723829504,1.4886614035087717,0.04063446834861715,3,"1,2,3"
18,16.125,0.9319183333333333,0.0013403233697920115,1.641890701754386,0.025725296360244447,1.4884568421052633,0.04062752672275892,3,"1,2,3"
18,16.375,0.9302563333333334,0.006000863740896821,1.623955614035088,0.025247562190294354,1.4861301754385965,0.04068247963076187,3,"1,2,3"
18,16.625,0.9412929999999999,0.016341758033828403,1.5664261403508772,0.025308110883980613,1.4806994736842105,0.04080483321226866,3,"1,2,3"
18,16.875,0.9550617719298246,0.017646445098324644,1.479243684210526,0.024726198964569145,1.4732977192982455,0.04092828945392041,3,"1,2,3"
18,17.125,0.9659652631578947,0.016546492844173696,1.3846542105263158,0.024507193053414755,1.4656049122807016,0.04114495862648899,3,"1,2,3"
18,17.375,0.9910343684210526,0.015349855394303854,1.305639649122807,0.024546602171744647,1.4592705263157895,0.04142897200648742,3,"1,2,3"
18,17.625,1.0179398245614035,0.008351157810300715,1.2498698245614037,0.024129947471427188,1.4548929824561403,0.04165252104923341,3,"1,2,3"
18,17.875,1.0624603859649122,0.01775854701977654,1.2170936842105264,0.02412768840053047,1.4529235087719299,0.04202009466161243,3,"1,2,3"
18,18.125,1.106489701754386,0.0263219001863961,1.204964035087719,0.024274996572659847,1.4531491228070175,0.04238952468277563,3,"1,2,3"
18,18.375,1.1631229473684213,0.02548924933728722,1.2051342105263156,0.025245832922743242,1.4550340350877191,0.0428332372009226,3,"1,2,3"
18,18.625,1.23980249122807,0.01795123176206352,1.2139045614035089,0.02594136478828954,1.4584515789473684,0.0432567113671512,3,"1,2,3"
18,18.875,1.367558596491228,0.024251894060626545,1.226158245614035,0.0264866971273373,1.4626498245614037,0.043553608962019284,3,"1,2,3"
18,19.125,1.4696191228070177,0.0190370727269635,1.240391403508772,0.027429889515685802,1.4670284210526316,0.04397830516734853,3,"1,2,3"
18,19.375,1.5263629824561402,0.0385557706340357,1.2538840350877194,0.027627769850512716,1.4707607017543858,0.04435421926739975,3,"1,2,3"
18,19.625,1.5190868421052632,0.055739472195786115,1.266848245614035,0.028057110403571735,1.4734826315789473,0.044520496797404684,3,"1,2,3"
18,19.875,1.4959861403508772,0.046818293794804136,1.277029649122807,0.028006340207953794,1.4747594736842107,0.04482497696926879,3,"1,2,3"
18,20.125,1.465579649122807,0.031214045922470623,1.2855282456140351,0.028306044238155862,1.4746047368421051,0.045093561412760864,3,"1,2,3"
18,20.375,1.4693661403508773,0.02721862805287838,1.2932863157894736,0.028628188676342675,1.4732007017543862,0.04536545560449879,3,"1,2,3"
18,20.625,1.511830701754386,0.029170534844405197,1.2992298245614033,0.029205746491602208,1.4706310526315791,0.04554027309222959,3,"1,2,3"
18,20.875,1.536331052631579,0.027912555384756652,1.3037466666666664,0.02950143707263369,1.4670436842105261,0.04579030661271091,3,"1,2,3"
18,21.125,1.568280350877193,0.011816806046476608,1.3070708771929824,0.030646413307765036,1.462639122807018,0.046166071976329145,3,"1,2,3"
18,21.375,1.6042315789473685,0.017493994796051772,1.3088670175438595,0.030568138483824232,1.4576198245614034,0.04656172133116435,3,"1,2,3"
18,21.625,1.6437803508771929,0.01672548917245375,1.3102645614035087,0.03064261961254268,1.4520694736842106,0.04691423351182289,3,"1,2,3"
18,21.875,1.6361973684210527,0.016624024972276025,1.310610350877193,0.03083458936424996,1.4464514035087719,0.047356395187540735,3,"1,2,3"
18,22.125,1.5608121052631578,0.016648854657408424,1.3101301754385963,0.030665564848326443,1.4410338596491226,0.047877239428339685,3,"1,2,3"
18,22.375,1.444335263157895,0.024135246192486408,1.309859298245614,0.030585321316354074,1.4363980701754386,0.0484291868383833,3,"1,2,3"
18,22.625,1.3186852631578947,0.03572806128333258,1.3101221052631578,0.030618859820890028,1.4334415789473685,0.04892738556633114,3,"1,2,3"
18,22.875,1.2157935789473686,0.04486419368616672,1.3110799999999998,0.030762922211814616,1.4322475438596491,0.04952670329347321,3,"1,2,3"
18,23.125,1.1489557894736844,0.043337433302028494,1.3141419298245614,0.031055179884534774,1.4328052631578947,0.049958744843463146,3,"1,2,3"
18,23.375,1.0956618245614036,0.03182157900854556,1.3198963157894736,0.03129954178242046,1.4350501754385967,0.05047939886119382,3,"1,2,3"
18,23.625,1.0729492631578947,0.02696755731497523,1.328990350877193,0.031287995250313415,1.4386166666666667,0.0509021801308596,3,"1,2,3"
18,23.875,1.0698029824561404,0.025589474728121765,1.3452350877192985,0.03158271747767828,1.4434463157894737,0.051346439997936484,3,"1,2,3"
18,24.125,1.0722217719298246,0.020255200963794975,1.3701143859649123,0.03218098409422877,1.4489982456140351,0.05168550232661065,3,"1,2,3"
18,24.375,1.0842776491228072,0.017741390968271722,1.4017061403508773,0.03246741669544963,1.4550138596491229,0.052014818604389196,3,"1,2,3"
18,24.625,1.0925580877192986,0.0229249220919532,1.43080649122807,0.03309285831331303,1.460667543859649,0.05226905950731286,3,"1,2,3"
18,24.875,1.103163368421053,0.02181079271801014,1.4408991228070178,0.033795607440031246,1.4646773684210526,0.05233787602364719,3,"1,2,3"
20,0.125,0.0,0.0,0.0,0.0,0.0,0.0,3,"1,2,3"
20,0.375,0.0,0.0,0.0,0.0,0.0,0.0,3,"1,2,3"
20,0.625,0.0,0.0,0.0,0.0,0.0,0.0,3,"1,2,3"
20,0.875,0.0,0.0,0.0,0.0,0.11003201754385965,0.00011867800842186491,3,"1,2,3"
20,1.125,0.0,0.0,0.0,0.0,3.025078596491228,0.0021454646847361494,3,"1,2,3"
20,1.375,0.0,0.0,0.0,0.0,4.767212105263158,0.003246366503574454,3,"1,2,3"
20,1.625,0.0,0.0,0.0,0.0,6.127222280701755,0.0048217732038940905,3,"1,2,3"
20,1.875,0.0,0.0,0.0,0.0,3.6919222807017538,0.006172833646158355,3,"1,2,3"
20,2.125,0.0,0.0,0.0,0.0,2.5969443859649126,0.008613528519781859,3,"1,2,3"
20,2.375,0.0,0.0,0.0,0.0,2.6419164912280704,0.010117102862446903,3,"1,2,3"
20,2.625,0.0,0.0,0.0,0.0,2.4517194736842107,0.011586130817986082,3,"1,2,3"
20,2.875,0.0,0.0,0.0,0.0,2.3143942105263156,0.015491836583784419,3,"1,2,3"
20,3.125,0.0,0.0,0.0,0.0,2.319371754385965,0.017355321483925375,3,"1,2,3"
20,3.375,0.0,0.0,0.0,0.0,2.2712329824561404,0.019257560783693305,3,"1,2,3"
20,3.625,0.0,0.0,0.0,0.0,2.1867240350877193,0.02116287770742285,3,"1,2,3"
20,3.875,0.0,0.0,0.0,0.0,2.085603684210526,0.023107601192500476,3,"1,2,3"
20,4.125,0.0,0.0,0.0,0.0,1.9852559649122803,0.024647435638082117,3,"1,2,3"
20,4.375,0.0,0.0,0.0,0.0,1.89456350877193,0.025919093898149337,3,"1,2,3"
20,4.625,0.0,0.0,0.00030194821052631574,7.4941486430185385e-06,1.820590701754386,0.026555639908637223,3,"1,2,3"
20,4.875,0.0,0.0,0.21561217543859648,0.0005069695060105854,1.7794310526315789,0.027728541425811534,3,"1,2,3"
20,5.125,0.0,0.0,3.3981757894736844,0.007484608633031915,1.9471773684210527,0.02840207789922297,3,"1,2,3"
20,5.375,0.0,0.0,8.997548771929823,0.006345584825973707,2.284714561403509,0.02930613094013306,3,"1,2,3"
20,5.625,0.0,0.0,10.132626491228068,0.016842636780721548,2.3417352631578945,0.029485575132679548,3,"1,2,3"
20,5.875,0.0,0.0,7.9395222807017545,0.019815835844094003,2.18721052631579,0.02899755171631154,3,"1,2,3"
20,6.125,0.0,0.0,5.232469824561404,0.010538252927381614,2.001898596491228,0.02905923879017362,3,"1,2,3"
20,6.375,0.0,0.0,3.1744850877192987,0.005460118891303724,1.8576431578947368,0.028625741713406264,3,"1,2,3"
20,6.625,0.0,0.0,1.9667415789473683,0.005617733956917966,1.766408947368421,0.02836234913373947,3,"1,2,3"
20,6.875,0.0,0.0,1.2935447368421051,0.0058271179498194155,1.7080589473684213,0.028716049180154905,3,"1,2,3"
20,7.125,0.0,0.0,0.9304914385964912,0.0070618214329416906,1.668594736842105,0.029025390785470874,3,"1,2,3"
20,7.375,0.0,0.0,0.759877,0.009578538229839607,1.6415584210526317,0.02979136832360687,3,"1,2,3"
20,7.625,0.0,0.0,0.7042757894736843,0.010978153163314467,1.6232145614035087,0.03060632259056454,3,"1,2,3"
20,7.875,0.0,0.0,0.7180148947368421,0.012873492439578083,1.6119703508771928,0.031712304177674025,3,"1,2,3"
20,8.125,0.0,0.0,0.7706135789473684,0.01445642189427325,1.6075489473684212,0.03295399583868279,3,"1,2,3"
20,8.375,0.0,0.0,0.8327470175438597,0.015583618784355937,1.607244210526316,0.03434024566316944,3,"1,2,3"
20,8.625,0.0,0.0,0.8948453333333334,0.01693477401820613,1.611229298245614,0.03570975573341067,3,"1,2,3"
20,8.875,0.0,0.0,0.9476801228070175,0.017266289348865173,1.6184029824561403,0.037257280045718016,3,"1,2,3"
20,9.125,0.0,0.0,0.9880657719298247,0.016682661485803784,1.62829350877193,0.03839118633784597,3,"1,2,3"
20,9.375,0.0,0.0,1.0193914736842105,0.017256816632564086,1.6402673684210527,0.03936546848155021,3,"1,2,3"
20,9.625,0.0,0.0,1.0447797368421055,0.017274077155852115,1.6542966666666665,0.040535241109517436,3,"1,2,3"
20,9.875,0.0,0.0,1.0653999122807016,0.015919321184339086,1.6691429824561401,0.0412436629438456,3,"1,2,3"
20,10.125,0.0003832759649122807,0.00017114355417596161,1.083262807017544,0.015835245529669455,1.6844545614035085,0.041845699005624286,3,"1,2,3"
20,10.375,0.07071358771929825,0.003521668162484132,1.0989514035087717,0.015695298861137116,1.6950422807017542,0.04290128363630096,3,"1,2,3"
20,10.625,1.6379463157894738,0.0038599758155199375,1.1139047368421053,0.015437307408303782,1.6894287719298244,0.04366493562575093,3,"1,2,3"
20,10.875,6.791942456140351,0.05047758985553781,1.1253819298245613,0.01585904652441604,1.6557945614035088,0.04448227053900612,3,"1,2,3"
20,11.125,8.878518771929823,0.030947923984551356,1.1324340350877193,0.015895976519179535,1.586122280701754,0.04480038082366298,3,"1,2,3"
20,11.375,5.976886842105263,0.053968505652841316,1.135812807017544,0.015243344116643846,1.4933631578947368,0.04468430467413044,3,"1,2,3"
20,11.625,3.2016077192982455,0.03792641916890771,1.1351470175438598,0.017397793219998427,1.4023221052631578,0.04478556799100583,3,"1,2,3"
20,11.875,1.7097347368421054,0.02562344655742208,1.132314912280702,0.017112635347004346,1.3280221052631578,0.044373353106655904,3,"1,2,3"
20,12.125,1.025464842105263,0.011769134169226524,1.1313133333333336,0.01817341748059468,1.2751656140350878,0.04435405559688597,3,"1,2,3"
20,12.375,0.726430245614035,0.00908586323293471,1.1326664912280702,0.020281931063635367,1.2427635087719298,0.04453748805614757,3,"1,2,3"
20,12.625,0.5761614385964912,0.006853462518722726,1.1408694736842104,0.02194915430068409,1.227142631578947,0.04478634703870252,3,"1,2,3"
20,12.875,0.5591619824561403,0.005922323545838684,1.156164210526316,0.02439649890871159,1.223778596491228,0.045372683754506926,3,"1,2,3"
20,13.125,0.5780529122807018,0.009581704880261853,1.1773305263157896,0.026151564912418192,1.2285270175438594,0.045996983550247804,3,"1,2,3"
20,13.375,0.6375165614035087,0.014568924806492651,1.2072740350877191,0.02846098079410468,1.2382210526315791,0.046761293645273545,3,"1,2,3"
20,13.625,0.6912431403508772,0.008769927456933502,1.2404187719298243,0.03123877388411229,1.2499361403508773,0.04771159442265044,3,"1,2,3"
20,13.875,0.7238841228070175,0.0165679204576917,1.274881754385965,0.03273845339390387,1.2618407017543862,0.04809691447638163,3,"1,2,3"
20,14.125,0.7585664561403509,0.024765223451722166,1.3083864912280703,0.033522580728718505,1.272857543859649,0.04856947987106861,3,"1,2,3"
20,14.375,0.8001138771929824,0.01567266398564381,1.3385773684210527,0.03389833784674294,1.2821949122807015,0.04902956375438413,3,"1,2,3"
20,14.625,0.8419375789473684,0.019497045941786677,1.3662415789473685,0.03347551699991831,1.2898922807017543,0.04918551180791647,3,"1,2,3"
20,14.875,0.8564321228070174,0.022773704327868412,1.3924466666666664,0.033512314929805366,1.2960236842105262,0.04949759201917948,3,"1,2,3"
20,15.125,0.8942495263157895,0.003513513283292678,1.4168308771929823,0.032235351531120046,1.3006943859649123,0.05001865277620266,3,"1,2,3"
20,15.375,0.9044027894736842,0.012871044687231797,1.439792807017544,0.03152580060011155,1.3045029824561405,0.05041823603152561,3,"1,2,3"
20,15.625,0.9019005263157895,0.013855100896202573,1.4629768421052631,0.031049543970791113,1.307282456140351,0.05101103941921304,3,"1,2,3"
20,15.875,0.9091630175438598,0.018553453753355664,1.4825645614035088,0.03129791295846352,1.3093105263157894,0.051613037334566514,3,"1,2,3"
20,16.125,0.9375205614035087,0.03156884815832046,1.4860705263157892,0.031045448402012118,1.309796842105263,0.05201838509955545,3,"1,2,3"
20,16.375,0.936021245614035,0.02735573685732267,1.4549535087719299,0.03151361032186935,1.3073752631578948,0.052525702666674376,3,"1,2,3"
20,16.625,0.9405415789473685,0.037745710150657835,1.3850326315789474,0.030623700478957842,1.3021138596491229,0.0530331991219697,3,"1,2,3"
20,16.875,0.9457845614035086,0.01824501200115053,1.2941435087719297,0.029792541241642528,1.2953066666666666,0.05330715661622377,3,"1,2,3"
20,17.125,0.9529067017543861,0.025715883014290553,1.208600350877193,0.02888329271128017,1.2889089473684212,0.053852612039281426,3,"1,2,3"
20,17.375,0.9582144736842105,0.020696119888776256,1.1439899999999998,0.02691513806853648,1.2841387719298245,0.05416904507712454,3,"1,2,3"
20,17.625,0.9714264385964911,0.022854325135043263,1.1038522807017543,0.026263293366501284,1.2813294736842107,0.05448214058440883,3,"1,2,3"
20,17.875,0.9862024561403508,0.02389621131753114,1.0849322807017543,0.025197765097269825,1.2804168421052633,0.05462555508992801,3,"1,2,3"
20,18.125,1.017748701754386,0.03581104713350893,1.081359649122807,0.025137731585739863,1.2814498245614034,0.05494731777461758,3,"1,2,3"
20,18.375,1.0797581754385963,0.030421466515375847,1.0872982456140352,0.02583285938980839,1.283792456140351,0.05523523493450732,3,"1,2,3"
20,18.625,1.1476804210526315,0.019463775626719484,1.0990522807017542,0.02675479168976242,1.2871319298245614,0.055285792444620056,3,"1,2,3"
20,18.875,1.2686097719298246,0.027912853701584694,1.1136457894736844,0.02685140934037113,1.2912598245614033,0.05534139201905168,3,"1,2,3"
20,19.125,1.360372456140351,0.0239716134077169,1.1274315789473683,0.028126694660753137,1.295617192982456,0.05538212030068622,3,"1,2,3"
20,19.375,1.4077122807017544,0.022044197065296336,1.1403059649122806,0.0281524048340072,1.2993107017543857,0.05535531663404392,3,"1,2,3"
20,19.625,1.3623922807017543,0.027107515795794873,1.1517533333333332,0.028929912265674085,1.3020033333333332,0.05534962875729463,3,"1,2,3"
20,19.875,1.3483771929824562,0.02615559911679525,1.160977894736842,0.030121347059205803,1.303269649122807,0.055181597375292595,3,"1,2,3"
20,20.125,1.356698596491228,0.01763384312423841,1.168659298245614,0.030490208701390666,1.303367894736842,0.05497082514043698,3,"1,2,3"
20,20.375,1.3674882456140354,0.0061478557295035876,1.1745687719298246,0.03149926673825459,1.3023115789473687,0.05477221383598554,3,"1,2,3"
20,20.625,1.3754282456140352,0.00480577776943767,1.1796452631578949,0.032302486023897715,1.3002519298245616,0.054597276020946016,3,"1,2,3"
20,20.875,1.39456350877193,0.011150944991678931,1.1839219298245613,0.033133865524076066,1.2973957894736843,0.054436668038618914,3,"1,2,3"
20,21.125,1.4368898245614037,0.018515835464337965,1.1865110526315787,0.03387691637071707,1.2938417543859648,0.05418543287789609,3,"1,2,3"
20,21.375,1.4648256140350877,0.0183442329573821,1.1887047368421053,0.03472697180610183,1.2896149122807017,0.054062642494150256,3,"1,2,3"
20,21.625,1.4735026315789472,0.017312428021190974,1.1900894736842105,0.034899861371220094,1.2850659649122806,0.0540236304035757,3,"1,2,3"
20,21.875,1.4449433333333337,0.017416644257696113,1.1908554385964916,0.03472895606479665,1.2806608771929824,0.05397829600650707,3,"1,2,3"
20,22.125,1.3634666666666666,0.01610942027149129,1.190379649122807,0.0346184337883203,1.2766236842105263,0.05397882545932792,3,"1,2,3"
20,22.375,1.249180350877193,0.02892844564713523,1.1892491228070174,0.03398582142128227,1.273724210526316,0.0539177512658838,3,"1,2,3"
20,22.625,1.1369937894736841,0.021618494500606565,1.1886710526315787,0.033380829183400566,1.2724163157894737,0.05395637065326052,3,"1,2,3"
20,22.875,1.0626246140350877,0.011636033448406363,1.1886071929824562,0.032922540250886694,1.2728473684210526,0.05399816511878677,3,"1,2,3"
20,23.125,1.0135542631578947,0.012315600991135347,1.1899587719298246,0.03239497790989674,1.2749266666666668,0.05416625282944406,3,"1,2,3"
20,23.375,0.9925861052631578,0.013612511036754555,1.1934649122807015,0.03214039248733227,1.2784973684210525,0.05440260655010911,3,"1,2,3"
20,23.625,0.9921702105263158,0.021540952628560563,1.200812456140351,0.031755262564230745,1.2829440350877193,0.054745045175364375,3,"1,2,3"
20,23.875,0.9984721052631579,0.012146100167838321,1.2143022807017545,0.0315369031934776,1.2880178947368421,0.0550741333794522,3,"1,2,3"
20,24.125,1.0062243684210526,0.016351406612993627,1.2368687719298246,0.031398288634055145,1.293912105263158,0.055596693824125853,3,"1,2,3"
20,24.375,1.0254673859649124,0.012408888957159804,1.2675040350877194,0.03141505607457464,1.3001263157894734,0.05593455974088988,3,"1,2,3"
20,24.625,1.0374782631578947,0.015194420805845734,1.2985684210526316,0.03138831789499099,1.3058231578947368,0.0564091234885135,3,"1,2,3"
20,24.875,1.0460316140350878,0.019153152451725067,1.3120928070175442,0.03201112008522194,1.3102540350877194,0.056927759111019716,3,"1,2,3"
20,0.125,0.0,0.0,0.0,0.0,0.0,0.0,3,"1,2,3"
20,0.375,0.0,0.0,0.0,0.0,0.0,0.0,3,"1,2,3"
20,0.625,0.0,0.0,0.0,0.0,0.0,0.0,3,"1,2,3"
20,0.875,0.0,0.0,0.0,0.0,0.11053222807017545,0.0004789837972136728,3,"1,2,3"
20,1.125,0.0,0.0,0.0,0.0,3.027572631578947,0.007777402322644093,3,"1,2,3"
20,1.375,0.0,0.0,0.0,0.0,4.768808771929824,0.00685506815674919,3,"1,2,3"
20,1.625,0.0,0.0,0.0,0.0,6.13113052631579,0.0077114440625011375,3,"1,2,3"
20,1.875,0.0,0.0,0.0,0.0,3.6974980701754383,0.01517775842931892,3,"1,2,3"
20,2.125,0.0,0.0,0.0,0.0,2.6034159649122803,0.019002971660177555,3,"1,2,3"
20,2.375,0.0,0.0,0.0,0.0,2.648638596491228,0.020330575213690732,3,"1,2,3"
20,2.625,0.0,0.0,0.0,0.0,2.458825964912281,0.02418433061968642,3,"1,2,3"
20,2.875,0.0,0.0,0.0,0.0,2.322467192982456,0.02648454966708008,3,"1,2,3"
20,3.125,0.0,0.0,0.0,0.0,2.326229649122807,0.02850702844547319,3,"1,2,3"
20,3.375,0.0,0.0,0.0,0.0,2.2767584210526315,0.029585316502265636,3,"1,2,3"
20,3.625,0.0,0.0,0.0,0.0,2.19165403508772,0.029827312476833106,3,"1,2,3"
20,3.875,0.0,0.0,0.0,0.0,2.09006649122807,0.030289012298018947,3,"1,2,3"
20,4.125,0.0,0.0,0.0,0.0,1.9877075438596492,0.030210320136020423,3,"1,2,3"
20,4.375,0.0,0.0,0.0,0.0,1.8973163157894737,0.029419379332889028,3,"1,2,3"
20,4.625,0.0,0.0,0.0003491736140350877,1.4709935336108396e-05,1.8232761403508773,0.029173337643125057,3,"1,2,3"
20,4.875,0.0,0.0,0.21567545614035089,0.0006496751973959122,1.7815470175438595,0.028450226009430826,3,"1,2,3"
20,5.125,0.0,0.0,3.3967022807017546,0.0033404763079059557,1.9487749122807019,0.028062419918743482,3,"1,2,3"
20,5.375,0.0,0.0,8.997216842105262,0.012893820167917678,2.28655,0.02916047490959145,3,"1,2,3"
20,5.625,0.0,0.0,10.136708947368422,0.02870670100748513,2.34376350877193,0.030212254114456976,3,"1,2,3"
20,5.875,0.0,0.0,7.945846140350878,0.028357995233979347,2.1902468421052634,0.03055561356618895,3,"1,2,3"
20,6.125,0.0,0.0,5.238459824561403,0.021954675283878983,2.0045577192982456,0.030844816329961423,3,"1,2,3"
20,6.375,0.0,0.0,3.177139649122807,0.01633524132108754,1.859674736842105,0.03086947735438607,3,"1,2,3"
20,6.625,0.0,0.0,1.9687752631578945,0.00937097553385654,1.768762105263158,0.031330312389487885,3,"1,2,3"
20,6.875,0.0,0.0,1.295547543859649,0.008829945757165539,1.7104331578947367,0.03137624138064278,3,"1,2,3"
20,7.125,0.0,0.0,0.9326978771929824,0.009956862162473578,1.6708126315789473,0.03185685638602201,3,"1,2,3"
20,7.375,0.0,0.0,0.7626159649122806,0.009884986189538833,1.6439847368421054,0.03236585479200836,3,"1,2,3"
20,7.625,0.0,0.0,0.7067774210526316,0.011843699930603059,1.6262722807017544,0.03360791732868053,3,"1,2,3"
20,7.875,0.0,0.0,0.7195781578947367,0.013966557906588116,1.6152933333333337,0.03452750362829743,3,"1,2,3"
20,8.125,0.0,0.0,0.7695701929824562,0.0151599031198915,1.610019298245614,0.035679376892348826,3,"1,2,3"
20,8.375,0.0,0.0,0.8314392280701753,0.016532785740417905,1.609659649122807,0.037292471982205165,3,"1,2,3"
20,8.625,0.0,0.0,0.8929426315789474,0.017011782166111242,1.613001754385965,0.03815979460565729,3,"1,2,3"
20,8.875,0.0,0.0,0.9444026315789474,0.017999081989568975,1.6196215789473687,0.0396623737560773,3,"1,2,3"
20,9.125,0.0,0.0,0.9868585614035087,0.01747995954936228,1.629378596491228,0.0405351827491228,3,"1,2,3"
20,9.375,0.0,0.0,1.018644052631579,0.0177200201803774,1.6414670175438595,0.041488115835207,3,"1,2,3"
20,9.625,0.0,0.0,1.0435425614035088,0.01698281289245778,1.6555487719298245,0.042628059300958684,3,"1,2,3"
20,9.875,0.0,0.0,1.0646527719298244,0.01644418062116898,1.6710977192982455,0.043738140100091236,3,"1,2,3"
20,10.125,0.00023769038596491228,5.111722340255366e-05,1.0832321929824562,0.016993689875458372,1.6863738596491231,0.04488990254989133,3,"1,2,3"
20,10.375,0.07103051578947371,0.00367731238205025,1.1002847368421051,0.017209343872680444,1.6974054385964912,0.04568848515924458,3,"1,2,3"
20,10.625,1.6432161403508772,0.03717462189311774,1.1152298245614036,0.017083115250280084,1.6919826315789475,0.0468195230664112,3,"1,2,3"
20,10.875,6.794782280701756,0.07905962340927535,1.1266363157894737,0.018059680486647,1.6579194736842107,0.04777329124926085,3,"1,2,3"
20,11.125,8.896528947368422,0.06671402562952594,1.1347201754385963,0.019263857442639462,1.588073859649123,0.04813024721538886,3,"1,2,3"
20,11.375,6.023706491228071,0.06683385226758799,1.1373733333333333,0.019910472085727104,1.4954131578947367,0.04805159182595635,3,"1,2,3"
20,11.625,3.175888771929825,0.04141469832517607,1.135806315789474,0.020688372238797405,1.404156666666667,0.04742387179604837,3,"1,2,3"
20,11.875,1.6979773684210524,0.025304200290753507,1.1337671929824564,0.022654055229563347,1.3298901754385968,0.04697699580509876,3,"1,2,3"
20,12.125,1.0069489649122805,0.017060686955105927,1.1313552631578947,0.023707988917328036,1.2771791228070175,0.046684756677778654,3,"1,2,3"
20,12.375,0.6927410350877193,0.004636836743397244,1.132548596491228,0.0253502358979168,1.2444454385964911,0.04675177594966314,3,"1,2,3"
20,12.625,0.5713649122807017,0.031751140711488816,1.1398877192982455,0.02700794643958229,1.2285122807017543,0.04712559233254406,3,"1,2,3"
20,12.875,0.5556064912280702,0.021885895859441725,1.1549977192982455,0.028801037307975418,1.2248463157894738,0.04766140964301985,3,"1,2,3"
20,13.125,0.5917755789473684,0.0191645915145286,1.1773092982456141,0.02971152878930751,1.2293452631578947,0.048089678578466764,3,"1,2,3"
20,13.375,0.6318023684210526,0.01885809632063679,1.2058447368421052,0.030997498284662646,1.238888596491228,0.04852909333743923,3,"1,2,3"
20,13.625,0.6765072631578947,0.008985445388572808,1.2392038596491226,0.031318770291079316,1.2504440350877193,0.04901536910181494,3,"1,2,3"
20,13.875,0.7318107894736842,0.020898708752718046,1.2722056140350875,0.032030148512414085,1.262051052631579,0.04941587120980275,3,"1,2,3"
20,14.125,0.7801596315789473,0.01326688322584333,1.304605614035088,0.03221769301459248,1.2730150877192985,0.0496136489432604,3,"1,2,3"
20,14.375,0.825504052631579,0.01780831970108871,1.3342299999999998,0.031558985000419294,1.282201754385965,0.04993017547681539,3,"1,2,3"
20,14.625,0.8470813684210526,0.020725019083758737,1.363038245614035,0.03175139115857385,1.2898626315789474,0.05024474346067812,3,"1,2,3"
20,14.875,0.8617443157894736,0.029492551363519328,1.3896721052631575,0.03120823459235054,1.2962308771929825,0.05028148604082216,3,"1,2,3"
20,15.125,0.8768977719298245,0.020374549914320545,1.416453859649123,0.031344869441745984,1.3014073684210528,0.05046911203336894,3,"1,2,3"
20,15.375,0.8917531403508773,0.026610533098118845,1.4411935087719296,0.03141601180974704,1.305503859649123,0.050679942944588406,3,"1,2,3"
20,15.625,0.909862807017544,0.01081287546542159,1.4651680701754388,0.031099295328994105,1.308687192982456,0.050828126750297464,3,"1,2,3"
20,15.875,0.9170395789473685,0.013765665613209428,1.4847615789473683,0.03203268255128203,1.3108370175438597,0.05124099723703187,3,"1,2,3"
20,16.125,0.9318808596491227,0.023527564749387633,1.487952456140351,0.03330868454861106,1.3113770175438597,0.051760781199878446,3,"1,2,3"
20,16.375,0.9274257368421052,0.030191234787630774,1.456129649122807,0.03358261827081163,1.309185614035088,0.05197830695379263,3,"1,2,3"
20,16.625,0.9280275087719297,0.023476989642041236,1.3846235087719296,0.03226834719817251,1.303842105263158,0.05210125091942041,3,"1,2,3"
20,16.875,0.9405617368421053,0.017662114939881433,1.2933082456140352,0.029862060954608676,1.2969163157894739,0.05210987240113006,3,"1,2,3"
20,17.125,0.9408444385964913,0.030218157127855295,1.2078122807017542,0.027734501383750006,1.29054350877193,0.05228020639821851,3,"1,2,3"
20,17.375,0.9466689122807016,0.02712910896716692,1.1435284210526315,0.02620977872885789,1.2855745614035088,0.05237652892773354,3,"1,2,3"
20,17.625,0.9702932456140351,0.03746993886638556,1.103755087719298,0.025346264016613548,1.2826607017543858,0.052570994292234274,3,"1,2,3"
20,17.875,0.9915237192982458,0.0463273468674513,1.085367894736842,0.024651316319956595,1.281888070175439,0.05277297600446776,3,"1,2,3"
20,18.125,1.0189343684210526,0.02988806520368257,1.0820252631578946,0.02440767196947572,1.2826829824561405,0.052828738202960815,3,"1,2,3"
20,18.375,1.0640802807017544,0.026474690776941777,1.0881450877192984,0.02464151889832475,1.285131754385965,0.05298419034979874,3,"1,2,3"
20,18.625,1.1476763684210527,0.01873337584540213,1.1002959649122808,0.025098104030298066,1.2886770175438598,0.05320317899077586,3,"1,2,3"
20,18.875,1.2546361403508772,0.020615131496038497,1.1142243859649124,0.024852027792116177,1.2928449122807018,0.05320117764428994,3,"1,2,3"
20,19.125,1.36008,0.015092567358593423,1.1280243859649122,0.025846526274682112,1.2971585964912278,0.05324315956538253,3,"1,2,3"
20,19.375,1.3860119298245615,0.015591580797061771,1.140559649122807,0.02631684310990133,1.3009271929824562,0.05329008607199928,3,"1,2,3"
20,19.625,1.3662608771929825,0.027635890772459905,1.1520191228070173,0.027043742461804646,1.3037317543859646,0.05333682758117049,3,"1,2,3"
20,19.875,1.3391801754385966,0.03533190212174811,1.1612796491228068,0.027519733315578006,1.3052970175438596,0.053325544924739975,3,"1,2,3"
20,20.125,1.3561647368421053,0.020148760130854627,1.1693852631578947,0.028013286324724346,1.3056522807017545,0.05325802797627049,3,"1,2,3"
20,20.375,1.3748245614035088,0.017470020078378216,1.1756808771929823,0.028214180976720377,1.3046782456140351,0.05309688588895733,3,"1,2,3"
20,20.625,1.4035021052631578,0.028725436779798746,1.180470701754386,0.028514300600757936,1.3027898245614036,0.053051618316231106,3,"1,2,3"
20,20.875,1.431852105263158,0.018050797241980776,1.1847240350877193,0.02905486714743958,1.2997789473684211,0.05287744192248645,3,"1,2,3"
20,21.125,1.45612,0.015832990628550564,1.1872605263157896,0.029828886010508007,1.295964912280702,0.0528588489519677,3,"1,2,3"
20,21.375,1.4678791228070172,0.016706367214609892,1.1892035087719302,0.030284239346324477,1.2913926315789475,0.05266339054936659,3,"1,2,3"
20,21.625,1.482548245614035,0.02454463227405873,1.189919649122807,0.03105478843039746,1.286486842105263,0.05247279608778776,3,"1,2,3"
20,21.875,1.4508394736842105,0.02657800828287164,1.1901463157894738,0.03162997478490635,1.281634385964912,0.0524170546004695,3,"1,2,3"
20,22.125,1.358247543859649,0.019037917747421477,1.1894075438596492,0.031779928497064874,1.2773243859649124,0.05232980254687819,3,"1,2,3"
20,22.375,1.2396998245614035,0.016822368766623838,1.188311754385965,0.03155727592154932,1.2742105263157895,0.05236857181852584,3,"1,2,3"
20,22.625,1.127732210526316,0.015418370842317071,1.1877266666666666,0.03117927173662765,1.2728536842105262,0.052454066365735755,3,"1,2,3"
20,22.875,1.0564380701754386,0.012589017955455946,1.1879122807017544,0.030698960050279604,1.2733559649122808,0.05253523471255734,3,"1,2,3"
20,23.125,1.0180676666666664,0.009030312807452057,1.1889571929824563,0.03026262280330405,1.275436140350877,0.05272932816928698,3,"1,2,3"
20,23.375,0.9994569298245614,0.007449607516892426,1.1928226315789476,0.03068318637212313,1.2789092982456138,0.05312121355463152,3,"1,2,3"
20,23.625,0.995937649122807,0.005142348762992086,1.2004733333333337,0.03055746454765864,1.2833984210526317,0.053493046965789916,3,"1,2,3"
20,23.875,1.0041601228070176,0.004230600277491372,1.2147352631578947,0.030813668984828155,1.288711052631579,0.05388100362822881,3,"1,2,3"
20,24.125,1.005973298245614,0.006677835787296068,1.237862456140351,0.0309347918422276,1.2945798245614035,0.05445634121130873,3,"1,2,3"
20,24.375,1.0181462280701756,0.010007479938106474,1.2687977192982454,0.03128762630502692,1.3005568421052631,0.054956505879687804,3,"1,2,3"
20,24.625,1.0323948771929825,0.025788337920294346,1.2998968421052632,0.03130129125984571,1.306214210526316,0.05550698564173977,3,"1,2,3"
20,24.875,1.044608649122807,0.01809070509324314,1.313700701754386,0.03124815905294602,1.3105163157894735,0.05601681166493081,3,"1,2,3"
20,0.125,0.0,0.0,0.0,0.0,0.0,0.0,3,"1,2,3"
20,0.375,0.0,0.0,0.0,0.0,0.0,0.0,3,"1,2,3"
20,0.625,0.0,0.0,0.0,0.0,0.0,0.0,3,"1,2,3"
20,0.875,0.0,0.0,0.0,0.0,0.11037501754385963,0.0003636077999637969,3,"1,2,3"
20,1.125,0.0,0.0,0.0,0.0,3.0177222807017547,0.007325526958104224,3,"1,2,3"
20,1.375,0.0,0.0,0.0,0.0,4.76288403508772,0.006846715441893201,3,"1,2,3"
20,1.625,0.0,0.0,0.0,0.0,6.132918596491229,0.007005727314468014,3,"1,2,3"
20,1.875,0.0,0.0,0.0,0.0,3.6982791228070178,0.009978219774471393,3,"1,2,3"
20,2.125,0.0,0.0,0.0,0.0,2.6004605263157896,0.013688612267764085,3,"1,2,3"
20,2.375,0.0,0.0,0.0,0.0,2.6477745614035086,0.016708858744441505,3,"1,2,3"
20,2.625,0.0,0.0,0.0,0.0,2.458591052631579,0.0187975259319799,3,"1,2,3"
20,2.875,0.0,0.0,0.0,0.0,2.3210338596491225,0.0212554777876269,3,"1,2,3"
20,3.125,0.0,0.0,0.0,0.0,2.324435263157895,0.024715358076273404,3,"1,2,3"
20,3.375,0.0,0.0,0.0,0.0,2.275237719298246,0.026473470186199503,3,"1,2,3"
20,3.625,0.0,0.0,0.0,0.0,2.189184385964912,0.028499098352306396,3,"1,2,3"
20,3.875,0.0,0.0,0.0,0.0,2.0875168421052632,0.0297378534434452,3,"1,2,3"
20,4.125,0.0,0.0,0.0,0.0,1.9846526315789472,0.030035116852133593,3,"1,2,3"
20,4.375,0.0,0.0,0.0,0.0,1.8936457894736842,0.03062202768736982,3,"1,2,3"
20,4.625,0.0,0.0,0.0003310664035087719,1.0904554767035752e-05,1.8197733333333332,0.03184928082216123,3,"1,2,3"
20,4.875,0.0,0.0,0.2145642631578947,0.0010148754627963992,1.777235438596491,0.03187437919684674,3,"1,2,3"
20,5.125,0.0,0.0,3.392679473684211,0.0015394410252947942,1.9439303508771928,0.032573234275971044,3,"1,2,3"
20,5.375,0.0,0.0,9.00407350877193,0.014064337921478936,2.282387192982456,0.03325759612710851,3,"1,2,3"
20,5.625,0.0,0.0,10.14219649122807,0.030010315660535535,2.339583333333333,0.034570316635884515,3,"1,2,3"
20,5.875,0.0,0.0,7.952625087719298,0.03636595056562809,2.1863159649122808,0.03545717554414749,3,"1,2,3"
20,6.125,0.0,0.0,5.239324385964912,0.02737569697593919,2.000518947368421,0.03608683698398595,3,"1,2,3"
20,6.375,0.0,0.0,3.178952456140351,0.012842525750473606,1.8566252631578946,0.03551983606404488,3,"1,2,3"
20,6.625,0.0,0.0,1.9687533333333331,0.010718261884607469,1.7660287719298247,0.03571105915472972,3,"1,2,3"
20,6.875,0.0,0.0,1.2958201754385965,0.008321701455372187,1.7085884210526316,0.03619170063211324,3,"1,2,3"
20,7.125,0.0,0.0,0.9316575438596489,0.008341579154845537,1.6700554385964914,0.03609292147853461,3,"1,2,3"
20,7.375,0.0,0.0,0.7592038596491228,0.009180140419139173,1.6445107017543859,0.03643750623511472,3,"1,2,3"
20,7.625,0.0,0.0,0.7027717192982457,0.011881791460890813,1.6270854385964915,0.03739425678256094,3,"1,2,3"
20,7.875,0.0,0.0,0.7156109298245615,0.013532632347673849,1.616961754385965,0.038053643754787904,3,"1,2,3"
20,8.125,0.0,0.0,0.7654140175438596,0.015696143392815193,1.612151754385965,0.0393556609500468,3,"1,2,3"
20,8.375,0.0,0.0,0.8291084210526315,0.018230330867747738,1.6120240350877193,0.04039288822636321,3,"1,2,3"
20,8.625,0.0,0.0,0.8907550350877192,0.020930344412611258,1.61575298245614,0.0420381141099284,3,"1,2,3"
20,8.875,0.0,0.0,0.942964,0.0220388219168985,1.6229300000000002,0.04325626239281128,3,"1,2,3"
20,9.125,0.0,0.0,0.9846480350877194,0.022512126614226836,1.6325991228070176,0.044346579180482154,3,"1,2,3"
20,9.375,0.0,0.0,1.0157435263157895,0.022833512784569555,1.6442591228070178,0.04561632267138275,3,"1,2,3"
20,9.625,0.0,0.0,1.04133150877193,0.022885607736294188,1.6579026315789474,0.0468538263218406,3,"1,2,3"
20,9.875,1.5617315789473685e-05,2.2086219797337162e-05,1.0623068947368421,0.0215316503595072,1.672365438596491,0.04782556144646972,3,"1,2,3"
20,10.125,0.00032682435087719305,0.00018701612003984517,1.0800306140350877,0.022593016115790676,1.6870149122807019,0.04896044356081631,3,"1,2,3"
20,10.375,0.07423371754385966,0.003089168088338945,1.0972268421052631,0.02266820175536198,1.697365614035088,0.049813144644544,3,"1,2,3"
20,10.625,1.6530477192982458,0.04112952008256646,1.1132708771929825,0.022890797089266356,1.6913664912280701,0.050882112988969094,3,"1,2,3"
20,10.875,6.800771052631579,0.0825460483155963,1.1251654385964913,0.0225383461125906,1.6574029824561405,0.05162768628553185,3,"1,2,3"
20,11.125,8.860188947368421,0.10927199196363503,1.1333077192982455,0.02388366934868685,1.5875357894736843,0.051840401758457645,3,"1,2,3"
20,11.375,6.0215857894736855,0.047500662671180464,1.137285964912281,0.02305459971304213,1.4946910526315789,0.05147779198620211,3,"1,2,3"
20,11.625,3.194897368421053,0.06629076099541903,1.1364777192982458,0.02322912181988899,1.4035229824561402,0.0505067101752834,3,"1,2,3"
20,11.875,1.706970701754386,0.029274697094878958,1.1348666666666665,0.02333135031937611,1.329089649122807,0.049907743182888084,3,"1,2,3"
20,12.125,1.0089150175438597,0.01883161882064228,1.1331963157894738,0.023333055295797652,1.276445087719298,0.04938629590241529,3,"1,2,3"
20,12.375,0.7094861403508772,0.007902182149190886,1.135548947368421,0.024171321418822864,1.244051052631579,0.04935964357686456,3,"1,2,3"
20,12.625,0.5851278070175439,0.013312445103165997,1.1449931578947368,0.025000755449343104,1.2287280701754388,0.04957414364245157,3,"1,2,3"
20,12.875,0.5525048070175439,0.010898711785620643,1.1594205263157893,0.02561582806870442,1.2253933333333336,0.050088643565995294,3,"1,2,3"
20,13.125,0.5631454912280702,0.006653117742109064,1.1819922807017547,0.028296399548229472,1.2303122807017546,0.050576879920747386,3,"1,2,3"
20,13.375,0.6125534736842105,0.008616931124245993,1.2111931578947368,0.028827319801599097,1.240065438596491,0.05108787358999245,3,"1,2,3"
20,13.625,0.6757214210526316,0.012896972851675084,1.243207543859649,0.031031286247796202,1.2517977192982457,0.05171947106305488,3,"1,2,3"
20,13.875,0.7245232807017543,0.016536139492501867,1.2770735087719298,0.03240858927202239,1.2634756140350876,0.05216234443698065,3,"1,2,3"
20,14.125,0.7699432631578946,0.014984808320823452,1.309007894736842,0.032373364828562075,1.2741989473684212,0.05258578283369653,3,"1,2,3"
20,14.375,0.8149632280701754,0.03546440921103288,1.3378717543859648,0.03208647267297264,1.2833547368421052,0.052816050099445365,3,"1,2,3"
20,14.625,0.8331595614035088,0.033721662549483965,1.3642575438596491,0.03267473797058809,1.2907366666666666,0.05281852199739726,3,"1,2,3"
20,14.875,0.8598447192982457,0.0247337202248152,1.3890645614035089,0.03197586575283427,1.2969619298245616,0.05278348016794252,3,"1,2,3"
20,15.125,0.8758607192982456,0.02530167137535737,1.4137150877192983,0.03138647548347634,1.3019685964912282,0.05289481749375601,3,"1,2,3"
20,15.375,0.9032522807017545,0.024709885986335018,1.4379959649122807,0.03147439896018001,1.3059417543859648,0.052905402186225844,3,"1,2,3"
20,15.625,0.9134186842105262,0.030075340633539806,1.46142350877193,0.030333914054895918,1.3091061403508772,0.05279038146240409,3,"1,2,3"
20,15.875,0.9257660877192982,0.016963273839511826,1.480983684210526,0.031069192767802047,1.3112433333333333,0.05289224863543363,3,"1,2,3"
20,16.125,0.943317596491228,0.016531305298110675,1.484773157894737,0.03254147225649904,1.3116329824561401,0.05282781417557823,3,"1,2,3"
20,16.375,0.9412444736842106,0.007524351480998452,1.4528549122807017,0.032452689213386704,1.3091722807017545,0.052645141449632,3,"1,2,3"
20,16.625,0.9457925263157893,0.017347727686356066,1.382561754385965,0.0322136114057865,1.3037396491228068,0.0526459963767704,3,"1,2,3"
20,16.875,0.948128947368421,0.01086413183899019,1.292498245614035,0.030370401961400097,1.2969652631578947,0.05251919148148503,3,"1,2,3"
20,17.125,0.9541233859649122,0.02037761523222934,1.207646842105263,0.028342906023971003,1.2905024561403506,0.052354435294281326,3,"1,2,3"
20,17.375,0.9541818245614037,0.023408832251329607,1.1436735087719299,0.026608371332952806,1.2853901754385966,0.05244580473955879,3,"1,2,3"
20,17.625,0.9720824210526317,0.015576484887947254,1.104005789473684,0.02592027088321571,1.282528245614035,0.052275566240175673,3,"1,2,3"
20,17.875,0.9799857719298246,0.019222197750392352,1.0847715789473682,0.0249294360711486,1.2813531578947366,0.05233740028248176,3,"1,2,3"
20,18.125,1.020325701754386,0.022761021070554027,1.0811442105263158,0.024865273819229518,1.2819822807017545,0.05255170037097336,3,"1,2,3"
20,18.375,1.068935210526316,0.013443086515106449,1.0870666666666666,0.025031679947317156,1.2841119298245616,0.052688557551234874,3,"1,2,3"
20,18.625,1.1486011228070179,0.013361286740146635,1.0994721052631578,0.025683213487262855,1.2874122807017543,0.05286932607109776,3,"1,2,3"
20,18.875,1.2661681754385965,0.03146359803373849,1.113426842105263,0.026067516400013976,1.2914259649122808,0.05311933117322316,3,"1,2,3"
20,19.125,1.3606980701754388,0.028046261053201443,1.127047543859649,0.02733520739133171,1.295575789473684,0.05313360107897446,3,"1,2,3"
20,19.375,1.3786840350877192,0.025876506756289195,1.1397950877192982,0.027935918037353263,1.2990977192982458,0.05300978118829818,3,"1,2,3"
20,19.625,1.3620864912280704,0.017917856820613826,1.1505714035087717,0.028545533968944818,1.301757543859649,0.05308011595636847,3,"1,2,3"
20,19.875,1.3277945614035087,0.010384073894347685,1.159701052631579,0.028422299488569135,1.3031005263157895,0.05299913775496806,3,"1,2,3"
20,20.125,1.3256991228070176,0.00708577300009852,1.1669259649122807,0.02881216128511288,1.3033661403508772,0.05289048675136709,3,"1,2,3"
20,20.375,1.3422259649122805,0.017067681561755938,1.1735501754385964,0.028446617762247623,1.3025978947368422,0.052833741791139525,3,"1,2,3"
20,20.625,1.3873561403508772,0.020137441762209496,1.1785880701754385,0.028307799826093067,1.300674035087719,0.05273767278355008,3,"1,2,3"
20,20.875,1.4286471929824562,0.006093826028560242,1.1828077192982454,0.02840170652258219,1.297874210526316,0.052670173906971283,3,"1,2,3"
20,21.125,1.458962456140351,0.0066206743586100115,1.1857901754385967,0.027775574043578107,1.2942794736842105,0.052565807695581244,3,"1,2,3"
20,21.375,1.4814263157894738,0.009038842496924627,1.1873036842105262,0.027662290271181264,1.2900471929824562,0.052517600937087267,3,"1,2,3"
20,21.625,1.4816363157894736,0.0340079514437949,1.188337543859649,0.02845735915684355,1.2853199999999998,0.052553830765820556,3,"1,2,3"
20,21.875,1.4420249122807018,0.035402644861922974,1.1878789473684213,0.028612124282472857,1.2806019298245614,0.052486807603060966,3,"1,2,3"
20,22.125,1.3545973684210526,0.02945232649416241,1.1869721052631579,0.028540299702523753,1.2765794736842107,0.05243239384820956,3,"1,2,3"
20,22.375,1.2398959649122807,0.02673306994157388,1.1863773684210528,0.02963460710898926,1.2737394736842105,0.05252082269733766,3,"1,2,3"
20,22.625,1.140314596491228,0.022812617184159674,1.1858257894736843,0.02954774316164335,1.2724370175438595,0.052521272087300036,3,"1,2,3"
20,22.875,1.063752596491228,0.009975493867610763,1.1859138596491228,0.02973797115488449,1.2728726315789471,0.052662331359606664,3,"1,2,3"
20,23.125,1.0246518421052633,0.00486547901166242,1.1873815789473685,0.030236739373498925,1.2749757894736842,0.05286820849817116,3,"1,2,3"
20,23.375,0.9943934210526315,0.00784914635241815,1.1913068421052633,0.03075768715481668,1.2784026315789474,0.0531272765808442,3,"1,2,3"
20,23.625,0.9885348771929824,0.012143940010303066,1.1991901754385965,0.031688990868425616,1.2827212280701754,0.053426009017906305,3,"1,2,3"
20,23.875,0.991302403508772,0.014809923590295366,1.2135159649122806,0.031915249038767225,1.2878743859649122,0.05397907720981819,3,"1,2,3"
20,24.125,0.9951749824561403,0.006739389744482835,1.2366857894736842,0.03287842853002357,1.2935561403508773,0.054602560508612,3,"1,2,3"
20,24.375,1.0122263859649123,0.015836004842649617,1.2680738596491228,0.0333297288134219,1.2995470175438595,0.055026265156971066,3,"1,2,3"
20,24.625,1.030570701754386,0.012809411334396392,1.2987924561403508,0.033837982440563644,1.3051268421052633,0.055487843638852646,3,"1,2,3"
20,24.875,1.0481612280701755,0.017840580566967426,1.3124124561403507,0.03386401617052074,1.3091712280701753,0.055782730940321844,3,"1,2,3"
20,0.125,0.0,0.0,0.0,0.0,0.0,0.0,3,"1,2,3"
20,0.375,0.0,0.0,0.0,0.0,0.0,0.0,3,"1,2,3"
20,0.625,0.0,0.0,0.0,0.0,0.0,0.0,3,"1,2,3"
20,0.875,0.0,0.0,0.0,0.0,0.1105511754385965,0.00038018259775156993,3,"1,2,3"
20,1.125,0.0,0.0,0.0,0.0,3.0245357894736844,0.003384425984246722,3,"1,2,3"
20,1.375,0.0,0.0,0.0,0.0,4.76980701754386,0.007658890757356246,3,"1,2,3"
20,1.625,0.0,0.0,0.0,0.0,6.133384210526317,0.005863609655340784,3,"1,2,3"
20,1.875,0.0,0.0,0.0,0.0,3.7007384210526317,0.009405291176977732,3,"1,2,3"
20,2.125,0.0,0.0,0.0,0.0,2.6056326315789478,0.014123874288974282,3,"1,2,3"
20,2.375,0.0,0.0,0.0,0.0,2.652676666666667,0.016916252738409885,3,"1,2,3"
20,2.625,0.0,0.0,0.0,0.0,2.462313684210526,0.02067685968662689,3,"1,2,3"
20,2.875,0.0,0.0,0.0,0.0,2.3247540350877194,0.02463336014827287,3,"1,2,3"
20,3.125,0.0,0.0,0.0,0.0,2.3291373684210526,0.025989913293092234,3,"1,2,3"
20,3.375,0.0,0.0,0.0,0.0,2.2790401754385967,0.027161222458075562,3,"1,2,3"
20,3.625,0.0,0.0,0.0,0.0,2.1925433333333335,0.028923773383295437,3,"1,2,3"
20,3.875,0.0,0.0,0.0,0.0,2.089684035087719,0.029662627796283567,3,"1,2,3"
20,4.125,0.0,0.0,0.0,0.0,1.9876543859649123,0.03007187995844532,3,"1,2,3"
20,4.375,0.0,0.0,0.0,0.0,1.8954971929824558,0.03109333378372917,3,"1,2,3"
20,4.625,0.0,0.0,0.00032715136842105253,3.3010133845120705e-06,1.8219152631578945,0.03188680208172469,3,"1,2,3"
20,4.875,0.0,0.0,0.21471091228070172,0.0003253046936896898,1.7802264912280699,0.033145680608457066,3,"1,2,3"
20,5.125,0.0,0.0,3.3898619298245607,0.0027024049797666253,1.9473245614035086,0.033305757577044424,3,"1,2,3"
20,5.375,0.0,0.0,9.000800350877192,0.009397583836480981,2.286025438596491,0.033444705193937406,3,"1,2,3"
20,5.625,0.0,0.0,10.15576298245614,0.012460709740092115,2.345099298245614,0.03494639411380555,3,"1,2,3"
20,5.875,0.0,0.0,7.9629589473684215,0.022798215320312426,2.1914477192982456,0.035682643080860485,3,"1,2,3"
20,6.125,0.0,0.0,5.247625438596491,0.02057174855616417,2.0057692982456143,0.03598247001719069,3,"1,2,3"
20,6.375,0.0,0.0,3.184712105263158,0.01743631619988463,1.8612770175438598,0.03657126151573036,3,"1,2,3"
20,6.625,0.0,0.0,1.973228596491228,0.0112723884649678,1.7705722807017548,0.03615392024003332,3,"1,2,3"
20,6.875,0.0,0.0,1.2955784210526315,0.009529551713661003,1.7126135087719296,0.036566289038672074,3,"1,2,3"
20,7.125,0.0,0.0,0.9319480701754386,0.00696312714535292,1.6735145614035087,0.03667395200602536,3,"1,2,3"
20,7.375,0.0,0.0,0.7601688070175437,0.00860860036693679,1.6473349122807017,0.03714459057421172,3,"1,2,3"
20,7.625,0.0,0.0,0.704087350877193,0.010747549168912796,1.6297345614035088,0.038076839724727495,3,"1,2,3"
20,7.875,0.0,0.0,0.7184667719298244,0.012985217387150921,1.6188650877192983,0.03905350951945785,3,"1,2,3"
20,8.125,0.0,0.0,0.7693219298245614,0.01600707016483428,1.614102456140351,0.04028612726160691,3,"1,2,3"
20,8.375,0.0,0.0,0.8332324385964912,0.018327161242594644,1.6142236842105262,0.041977414406102,3,"1,2,3"
20,8.625,0.0,0.0,0.8952004912280702,0.021100464767841012,1.6180129824561404,0.0430828481152721,3,"1,2,3"
20,8.875,0.0,0.0,0.9474335789473685,0.021870501919999202,1.625054210526316,0.04459249850789218,3,"1,2,3"
20,9.125,0.0,0.0,0.9881894035087718,0.02307752373149497,1.6344363157894737,0.04583950262920282,3,"1,2,3"
20,9.375,0.0,0.0,1.0207258070175438,0.02389596544025685,1.6469394736842105,0.047085567492732246,3,"1,2,3"
20,9.625,0.0,0.0,1.0450373333333332,0.024678392016003366,1.6606117543859646,0.04801574566561662,3,"1,2,3"
20,9.875,0.0,0.0,1.065179350877193,0.02378055014659782,1.675680701754386,0.04885823473526867,3,"1,2,3"
20,10.125,0.00021392140350877191,0.00020010514990691133,1.0840212807017544,0.022982923020287947,1.6906649122807018,0.04927810412295306,3,"1,2,3"
20,10.375,0.07397620350877193,0.0029774018494609132,1.0994724561403508,0.022999967057398988,1.7009049122807014,0.04974932777346818,3,"1,2,3"
20,10.625,1.6494321052631582,0.0056607176474713665,1.114407894736842,0.021628189583786518,1.6953091228070172,0.050095603383556266,3,"1,2,3"
20,10.875,6.850244912280701,0.034927644006588376,1.1263891228070178,0.021689323261730887,1.6609371929824561,0.05037228437462307,3,"1,2,3"
20,11.125,8.925309649122807,0.04078444429057587,1.133470350877193,0.021595265825254634,1.5904414035087717,0.05051809162660784,3,"1,2,3"
20,11.375,5.962409298245614,0.08935610050870783,1.1376078947368422,0.021666482563320332,1.4968245614035087,0.05012655021485106,3,"1,2,3"
20,11.625,3.184302456140351,0.04891219392690334,1.1377691228070175,0.02150695036933366,1.4050361403508773,0.04963431098196451,3,"1,2,3"
20,11.875,1.698915964912281,0.05016084460745079,1.134861754385965,0.023084163303978604,1.3298045614035088,0.049242158600387415,3,"1,2,3"
20,12.125,1.027764859649123,0.0199461443356459,1.1342429824561402,0.023983506218107575,1.276763684210526,0.04898892067066246,3,"1,2,3"
20,12.375,0.7102181228070177,0.018911563658118642,1.1364828070175437,0.02495604999706146,1.244117368421053,0.0489275201089059,3,"1,2,3"
20,12.625,0.5831002456140352,0.009301340828226364,1.1438124561403509,0.025206541941797157,1.2281919298245614,0.04904260226009604,3,"1,2,3"
20,12.875,0.5800561578947369,0.0015676029745673962,1.1580922807017542,0.02575584687165869,1.2247501754385963,0.04928505772845367,3,"1,2,3"
20,13.125,0.606488456140351,0.02024432469250243,1.1803994736842105,0.02661585295344713,1.229534561403509,0.050090478111874184,3,"1,2,3"
20,13.375,0.6373786842105263,0.01464104002052909,1.207241754385965,0.028024577767815233,1.2389629824561403,0.050905948982387886,3,"1,2,3"
20,13.625,0.6777674736842106,0.016146897100271628,1.2396691228070174,0.029159449025434367,1.2507128070175437,0.05151491226845366,3,"1,2,3"
20,13.875,0.7244773684210527,0.012708436843476025,1.2734045614035088,0.03053683679654673,1.2625326315789474,0.052028192764019036,3,"1,2,3"
20,14.125,0.7688989122807017,0.020782609917768934,1.3061263157894736,0.03260822373316769,1.2733629824561403,0.05261556079815216,3,"1,2,3"
20,14.375,0.8024708245614036,0.021703564728984305,1.336131754385965,0.03372091827807745,1.2825435087719297,0.052912286616989934,3,"1,2,3"
20,14.625,0.8181042456140352,0.018316967458505827,1.3637229824561405,0.03468020699768494,1.2901052631578949,0.053091184634293104,3,"1,2,3"
20,14.875,0.8440522631578947,0.02050779614938903,1.3894282456140352,0.034675271249945724,1.2962940350877192,0.05314034580285293,3,"1,2,3"
20,15.125,0.8637121578947369,0.023055748025227325,1.4158856140350877,0.03328566452191444,1.3011387719298246,0.053003444969544775,3,"1,2,3"
20,15.375,0.885628649122807,0.018506806095802984,1.4411987719298243,0.031003811555906337,1.3051349122807017,0.052811006813820977,3,"1,2,3"
20,15.625,0.8999851403508772,0.014637569386874149,1.4650052631578945,0.03030747742713499,1.308137543859649,0.05253629610969759,3,"1,2,3"
20,15.875,0.9004218947368421,0.00594310192797625,1.4845098245614035,0.029720872707315417,1.310058947368421,0.05247075339085102,3,"1,2,3"
20,16.125,0.9165314035087718,0.01978828921316836,1.4867756140350876,0.029354935482481838,1.3105028070175437,0.052446909395502415,3,"1,2,3"
20,16.375,0.9341082807017543,0.026683437989070902,1.4535019298245613,0.030183698236168347,1.3079219298245615,0.052335165724753024,3,"1,2,3"
20,16.625,0.944703842105263,0.024343654803255284,1.381559649122807,0.030821212893641037,1.302536842105263,0.0525852934915971,3,"1,2,3"
20,16.875,0.9547761052631577,0.042668387632528844,1.2903426315789472,0.029780698809911153,1.2954794736842106,0.05264634499707703,3,"1,2,3"
20,17.125,0.9595871929824561,0.03380209941974778,1.2047833333333333,0.02859458893253003,1.2888459649122808,0.05252903563139562,3,"1,2,3"
20,17.375,0.962758947368421,0.031894923408521667,1.141330701754386,0.027231528961676802,1.284005614035088,0.05266870016236255,3,"1,2,3"
20,17.625,0.973329947368421,0.04218907762816605,1.1020708771929824,0.02596911193277112,1.2809412280701755,0.052761932708938274,3,"1,2,3"
20,17.875,0.9791565614035088,0.03232881014074031,1.0837601754385966,0.02594385736657026,1.2798926315789474,0.0528359210699439,3,"1,2,3"
20,18.125,1.0143642456140352,0.0243149449031701,1.0809677192982456,0.026350332337208123,1.2806345614035088,0.053091914120977385,3,"1,2,3"
20,18.375,1.0635469824561403,0.01883257627096025,1.0871250877192982,0.026926008743888445,1.2827456140350877,0.053314009097814884,3,"1,2,3"
20,18.625,1.1357519122807016,0.01224182833256425,1.0983347368421053,0.02764676894758213,1.286051754385965,0.05349169138429803,3,"1,2,3"
20,18.875,1.2494891754385966,0.009624332376632905,1.1122819298245614,0.028030977144139848,1.2899873684210528,0.05365863181652187,3,"1,2,3"
20,19.125,1.359050350877193,0.004295642584516597,1.1253059649122807,0.028499611885495643,1.2942717543859648,0.05393034322080487,3,"1,2,3"
20,19.375,1.3895870175438596,0.02616397793762401,1.1384735087719298,0.02878466511153552,1.2981117543859648,0.05397866457614936,3,"1,2,3"
20,19.625,1.3595754385964913,0.015880344723525504,1.1494484210526317,0.029061829439637303,1.300941052631579,0.053974852885805134,3,"1,2,3"
20,19.875,1.3360805263157893,0.01622528160204184,1.158837894736842,0.029357784079477908,1.3023161403508772,0.053854793713940474,3,"1,2,3"
20,20.125,1.3310449122807018,0.029069765407011984,1.1661621052631579,0.029327741974238104,1.3024526315789478,0.053717636262348975,3,"1,2,3"
20,20.375,1.3504917543859651,0.046452930219825786,1.171757543859649,0.029242532622688056,1.3015889473684212,0.05352710925424061,3,"1,2,3"
20,20.625,1.3976119298245617,0.02032342053450222,1.176670350877193,0.02978690184897634,1.2996775438596495,0.05321711255390452,3,"1,2,3"
20,20.875,1.4352994736842104,0.009710939438746978,1.18056350877193,0.02973254533258874,1.296908596491228,0.05301349147318898,3,"1,2,3"
20,21.125,1.4724182456140351,0.013585573225922062,1.183466140350877,0.030177125170125035,1.2932949122807018,0.05294083213523789,3,"1,2,3"
20,21.375,1.4800852631578947,0.02025043948544453,1.1854617543859647,0.030248625436237176,1.288879649122807,0.05281066563898225,3,"1,2,3"
20,21.625,1.4748354385964912,0.027212522592398595,1.1866742105263157,0.030456982791121908,1.2841873684210527,0.05284179532480569,3,"1,2,3"
20,21.875,1.446624210526316,0.021314052599802593,1.1867873684210526,0.03035651459560802,1.2794636842105263,0.05291190059486999,3,"1,2,3"
20,22.125,1.3508422807017546,0.031077479161758664,1.1860184210526317,0.030552308827646795,1.2754350877192984,0.05307251762208662,3,"1,2,3"
20,22.375,1.2385877192982457,0.025015360202182448,1.184907894736842,0.03010996237094447,1.2724308771929824,0.05322130249277436,3,"1,2,3"
20,22.625,1.1302783333333335,0.024956043003232568,1.1844422807017543,0.03070131579837093,1.2712391228070177,0.053569008436609056,3,"1,2,3"
20,22.875,1.049832754385965,0.003759977930215067,1.1847824561403508,0.03099937816769277,1.2717682456140353,0.05389713454153418,3,"1,2,3"
20,23.125,1.0154031403508774,0.007600769732650618,1.1863938596491228,0.031409774041287135,1.2738950877192983,0.05430321507911468,3,"1,2,3"
20,23.375,1.0055705263157897,0.018577312374209246,1.1906091228070175,0.0320032160674212,1.2774845614035086,0.054834096708475256,3,"1,2,3"
20,23.625,1.0091089298245615,0.010551064283080487,1.198786140350877,0.03248070839137321,1.2819728070175438,0.05527760742145659,3,"1,2,3"
20,23.875,1.0177798947368422,0.022009212588387863,1.2133340350877193,0.032810312468933046,1.2873128070175437,0.05578973800389768,3,"1,2,3"
20,24.125,1.0235623157894735,0.02031396195452605,1.2369529824561405,0.03341880187567749,1.2931736842105261,0.05637853175331259,3,"1,2,3"
20,24.375,1.0213577719298244,0.015215512601772223,1.2681731578947368,0.033762997669554526,1.299285964912281,0.056852675762322585,3,"1,2,3"
20,24.625,1.0318386140350875,0.00963090274649929,1.2995084210526315,0.034147472231979475,1.305122456140351,0.05737394771436926,3,"1,2,3"
20,24.875,1.040334298245614,0.004637957047055141,1.3137915789473684,0.03492911902501058,1.3092852631578948,0.057936808471022505,3,"1,2,3"
20,0.125,0.0,0.0,0.0,0.0,0.0,0.0,3,"1,2,3"
20,0.375,0.0,0.0,0.0,0.0,0.0,0.0,3,"1,2,3"
20,0.625,0.0,0.0,0.0,0.0,0.0,0.0,3,"1,2,3"
20,0.875,0.0,0.0,0.0,0.0,0.10940373684210526,0.00037869777599050986,3,"1,2,3"
20,1.125,0.0,0.0,0.0,0.0,3.019676666666667,0.003826006704216212,3,"1,2,3"
20,1.375,0.0,0.0,0.0,0.0,4.7638729824561405,0.006100165178474608,3,"1,2,3"
20,1.625,0.0,0.0,0.0,0.0,6.129381228070176,0.006326437374161706,3,"1,2,3"
20,1.875,0.0,0.0,0.0,0.0,3.6940138596491234,0.008313199222762207,3,"1,2,3"
20,2.125,0.0,0.0,0.0,0.0,2.597474210526316,0.010547071755816562,3,"1,2,3"
20,2.375,0.0,0.0,0.0,0.0,2.6439301754385967,0.012608380498197113,3,"1,2,3"
20,2.625,0.0,0.0,0.0,0.0,2.4529317543859652,0.013877779134603373,3,"1,2,3"
20,2.875,0.0,0.0,0.0,0.0,2.3162996491228074,0.016818176621783514,3,"1,2,3"
20,3.125,0.0,0.0,0.0,0.0,2.322222807017543,0.018837984222142827,3,"1,2,3"
20,3.375,0.0,0.0,0.0,0.0,2.2748091228070177,0.020757946715947172,3,"1,2,3"
20,3.625,0.0,0.0,0.0,0.0,2.190922807017544,0.022726377303953597,3,"1,2,3"
20,3.875,0.0,0.0,0.0,0.0,2.0909742105263156,0.02419706382376995,3,"1,2,3"
20,4.125,0.0,0.0,0.0,0.0,1.990159298245614,0.025216127555374106,3,"1,2,3"
20,4.375,0.0,0.0,0.0,0.0,1.900215263157895,0.02641210989707455,3,"1,2,3"
20,4.625,0.0,0.0,0.0003149168596491227,8.108111396722875e-06,1.827807894736842,0.027315671476606844,3,"1,2,3"
20,4.875,0.0,0.0,0.21464803508771926,0.0006880914661619304,1.78664701754386,0.027446696650652448,3,"1,2,3"
20,5.125,0.0,0.0,3.392431578947368,0.00334412921171882,1.9544499999999998,0.028025068289507758,3,"1,2,3"
20,5.375,0.0,0.0,8.999436315789474,0.0014427605119134393,2.292858245614035,0.02820406729322192,3,"1,2,3"
20,5.625,0.0,0.0,10.138646666666668,0.00930157291013899,2.3495977192982456,0.02943774926012487,3,"1,2,3"
20,5.875,0.0,0.0,7.9510075438596495,0.0060015192649215425,2.1957519298245614,0.029646381399266883,3,"1,2,3"
20,6.125,0.0,0.0,5.238398771929824,0.011171064557540489,2.0090808771929822,0.030574362301823078,3,"1,2,3"
20,6.375,0.0,0.0,3.1768463157894735,0.005503716917471508,1.8639861403508773,0.030975005565380003,3,"1,2,3"
20,6.625,0.0,0.0,1.9697191228070174,0.0053070303088147705,1.7729868421052632,0.0321619976479299,3,"1,2,3"
20,6.875,0.0,0.0,1.2965678947368422,0.0034124810025546594,1.7146589473684208,0.03304409693141772,3,"1,2,3"
20,7.125,0.0,0.0,0.9343259649122807,0.00427990732296112,1.675510701754386,0.03344437107315523,3,"1,2,3"
20,7.375,0.0,0.0,0.763372,0.005228091452741436,1.6490707017543855,0.03496184803695932,3,"1,2,3"
20,7.625,0.0,0.0,0.7081299824561404,0.008509905790539923,1.6318454385964911,0.03612101487591896,3,"1,2,3"
20,7.875,0.0,0.0,0.7224424385964913,0.01097686705529601,1.6211759649122808,0.03722445808906601,3,"1,2,3"
20,8.125,0.0,0.0,0.7746109122807017,0.013040802236872696,1.6167764912280698,0.03835739759420686,3,"1,2,3"
20,8.375,0.0,0.0,0.8383415263157894,0.016349881632536943,1.6166515789473683,0.03965795624857009,3,"1,2,3"
20,8.625,0.0,0.0,0.901187543859649,0.017661187759578936,1.6203705263157895,0.04072516836226472,3,"1,2,3"
20,8.875,0.0,0.0,0.9523202631578945,0.019508279152933305,1.6274705263157896,0.04189391616052392,3,"1,2,3"
20,9.125,0.0,0.0,0.9926840350877194,0.020780489493706145,1.6375940350877194,0.04347800794380388,3,"1,2,3"
20,9.375,0.0,0.0,1.0245132807017543,0.021784674247440513,1.6499750877192982,0.04463530902431279,3,"1,2,3"
20,9.625,0.0,0.0,1.0487139298245616,0.02226522325272507,1.6636191228070174,0.04590979964536982,3,"1,2,3"
20,9.875,0.0,0.0,1.0684658245614036,0.022701616920270517,1.6787287719298245,0.04698915912838264,3,"1,2,3"
20,10.125,0.0001693542456140351,0.00010571524041374799,1.0865408596491226,0.02219302004103325,1.693592105263158,0.04775239962547193,3,"1,2,3"
20,10.375,0.0683423245614035,0.00271363457818839,1.1019005263157895,0.022279813631974895,1.7033136842105263,0.048361877114927974,3,"1,2,3"
20,10.625,1.6430263157894736,0.007928191583918881,1.1170729824561405,0.021846974187119304,1.6970750877192984,0.048634529910341305,3,"1,2,3"
20,10.875,6.788529999999999,0.04834868297226229,1.1286466666666666,0.023079508422368094,1.662606842105263,0.04889268390681989,3,"1,2,3"
20,11.125,8.868601228070174,0.029155426345367566,1.1363624561403511,0.023786115390708875,1.5920647368421053,0.04879880420821211,3,"1,2,3"
20,11.375,6.048091754385965,0.1101492467551482,1.1390115789473685,0.0244302474107472,1.4986421052631578,0.04850576296686026,3,"1,2,3"
20,11.625,3.2347743859649127,0.04924382919721322,1.1368822807017545,0.025093374246730766,1.4071857894736841,0.04835468544636384,3,"1,2,3"
20,11.875,1.7356685964912282,0.007058767562935,1.134577894736842,0.024975782467821964,1.3323838596491229,0.04829440612761938,3,"1,2,3"
20,12.125,1.037009684210526,0.004427424396080541,1.1327449122807016,0.025766630672284338,1.27934649122807,0.0486820458700048,3,"1,2,3"
20,12.375,0.7257102631578946,0.01353661416815824,1.1348622807017545,0.026918967507984178,1.24666649122807,0.049254596996314286,3,"1,2,3"
20,12.625,0.5760239298245613,0.006206254117313218,1.1437861403508773,0.02678379389461752,1.2307035087719298,0.05020588407377585,3,"1,2,3"
20,12.875,0.5488481228070176,0.013394134857346796,1.1594636842105264,0.027255827934908765,1.227467894736842,0.051320307354877436,3,"1,2,3"
20,13.125,0.5726440701754386,0.025949625091232047,1.1825115789473684,0.028063230636512417,1.232247894736842,0.05247154019797714,3,"1,2,3"
20,13.375,0.6182609122807018,0.03603738741806023,1.2117410526315788,0.02865975709316053,1.241521754385965,0.05339017463382167,3,"1,2,3"
20,13.625,0.6611037192982456,0.040706887703175196,1.2443549122807018,0.03053002242872266,1.253137894736842,0.054214858489818954,3,"1,2,3"
20,13.875,0.7178987368421051,0.03161561426322427,1.2792473684210526,0.03127139828489478,1.2649163157894738,0.05502452753015617,3,"1,2,3"
20,14.125,0.7617189999999999,0.03997262001163593,1.311861403508772,0.03168190678030703,1.2755021052631577,0.055397517041538016,3,"1,2,3"
20,14.375,0.78812849122807,0.03292437530997152,1.341579298245614,0.032678517122374524,1.2845747368421052,0.055565462689983726,3,"1,2,3"
20,14.625,0.8227326666666666,0.01290621369573538,1.3682299999999998,0.03193431010328622,1.2918164912280703,0.055769503246825315,3,"1,2,3"
20,14.875,0.8520049298245613,0.02340137823360795,1.3938221052631576,0.03161094853110248,1.29767,0.05574919917854367,3,"1,2,3"
20,15.125,0.8977235438596493,0.011828119176544522,1.4184635087719297,0.03171363636298277,1.3024154385964912,0.05587676367512525,3,"1,2,3"
20,15.375,0.9046821929824561,0.012573540078729593,1.440679649122807,0.031813001286367514,1.3057742105263157,0.055950192439166026,3,"1,2,3"
20,15.625,0.9140349824561405,0.01560898486724961,1.4625638596491228,0.030820206779848192,1.3086403508771929,0.05592267687107997,3,"1,2,3"
20,15.875,0.9134681052631578,0.025687898705139347,1.4806677192982456,0.03122389415306609,1.3104135087719297,0.056010675208151214,3,"1,2,3"
20,16.125,0.9170362105263158,0.016823253250591003,1.4828908771929825,0.031026375680591363,1.3105459649122808,0.056057229858887295,3,"1,2,3"
20,16.375,0.9356759298245612,0.018817661756306593,1.4501568421052633,0.030546440399048767,1.3081377192982455,0.05612546780188389,3,"1,2,3"
20,16.625,0.9334562105263159,0.020594899710350844,1.3790312280701755,0.030488360445978243,1.3027382456140353,0.056368079014038244,3,"1,2,3"
20,16.875,0.9384011929824561,0.014568842093368974,1.288812105263158,0.031371279720795835,1.2958745614035088,0.05644787628337895,3,"1,2,3"
20,17.125,0.9444749649122807,0.018804072360072997,1.2039614035087718,0.0313203834971236,1.2894019298245614,0.056552105014706075,3,"1,2,3"
20,17.375,0.9419750350877193,0.017526006310387685,1.1400843859649124,0.03119072823244189,1.284311403508772,0.0565886761057734,3,"1,2,3"
20,17.625,0.9716061578947369,0.014424386207290162,1.1009859649122806,0.031678214415824475,1.281307192982456,0.05662770076777268,3,"1,2,3"
20,17.875,0.9985342807017545,0.023209903388599025,1.0827121052631579,0.03227543845726171,1.2803480701754386,0.05664434968563152,3,"1,2,3"
20,18.125,1.0249101403508771,0.02825492271674366,1.0797984210526315,0.032552649976593476,1.2810170175438598,0.05680283026568907,3,"1,2,3"
20,18.375,1.073419263157895,0.018233800522896453,1.0864245614035088,0.033293688854091834,1.2831580701754388,0.05688420462479565,3,"1,2,3"
20,18.625,1.1468865964912283,0.011475689384766875,1.0977007017543858,0.03292243390971973,1.2862436842105263,0.056956658398459106,3,"1,2,3"
20,18.875,1.2590133333333333,0.017820690415762053,1.1125849122807019,0.033019910279311705,1.290196842105263,0.057226329267248376,3,"1,2,3"
20,19.125,1.371095964912281,0.015619321689300756,1.1266452631578947,0.032524007693614534,1.2943745614035087,0.05735547994120479,3,"1,2,3"
20,19.375,1.3866380701754384,0.021086220732286103,1.1390033333333334,0.032305002726661355,1.2976964912280702,0.057378872397955076,3,"1,2,3"
20,19.625,1.3611301754385965,0.029050819134710415,1.1501329824561404,0.03159800190140622,1.300233859649123,0.05733029861838987,3,"1,2,3"
20,19.875,1.344962807017544,0.014997257344418823,1.159932456140351,0.03078937819848251,1.3015115789473686,0.057159111943034316,3,"1,2,3"
20,20.125,1.336410350877193,0.01429508158081925,1.1676226315789473,0.031089263754158197,1.3014794736842106,0.056837413589678615,3,"1,2,3"
20,20.375,1.3505008771929825,0.019812336207260722,1.1739940350877192,0.030826567561951988,1.3004649122807017,0.05651061848157018,3,"1,2,3"
20,20.625,1.3755357894736842,0.02378111267061033,1.1791484210526315,0.03044317127358746,1.2983863157894735,0.05616856943054912,3,"1,2,3"
20,20.875,1.4141564912280706,0.023627589263234695,1.1823485964912281,0.030503706946167653,1.295547543859649,0.05601637868305421,3,"1,2,3"
20,21.125,1.4483526315789474,0.02700163375584435,1.1848370175438596,0.030786448870261864,1.2918810526315792,0.056002353808861836,3,"1,2,3"
20,21.375,1.4783905263157895,0.03804158206758729,1.1861536842105262,0.030921062703992513,1.2875698245614036,0.05599954098270745,3,"1,2,3"
20,21.625,1.483467192982456,0.03985596286466446,1.1876871929824562,0.03129506651602681,1.283001052631579,0.05601820971412099,3,"1,2,3"
20,21.875,1.42875298245614,0.015537843174456705,1.187363333333333,0.030943601663392956,1.2783600000000002,0.05597529918900164,3,"1,2,3"
20,22.125,1.3617735087719298,0.0236490050012684,1.1875438596491226,0.031199550442263226,1.2745322807017543,0.05609865046171549,3,"1,2,3"
20,22.375,1.2515522807017543,0.027668176940388967,1.1870591228070178,0.03130807430933847,1.2719373684210529,0.05623430551791478,3,"1,2,3"
20,22.625,1.1415545789473684,0.015981149183009385,1.1862592982456144,0.0316222343272474,1.2710452631578948,0.05656191375580665,3,"1,2,3"
20,22.875,1.0691496140350878,0.0316259083119888,1.186516140350877,0.032673494184464226,1.2718357894736843,0.05682249156248274,3,"1,2,3"
20,23.125,1.0226566491228073,0.021571326328364483,1.187939298245614,0.03260919318550048,1.2741159649122809,0.05702440916725137,3,"1,2,3"
20,23.375,1.0051943684210525,0.024647993630463848,1.1907524561403509,0.03332825226925144,1.277741403508772,0.0574206025845218,3,"1,2,3"
20,23.625,0.9998116315789473,0.02783158634538199,1.1977101754385966,0.033657848259527556,1.2822582456140348,0.05775389642307075,3,"1,2,3"
20,23.875,1.0047318421052631,0.02309390143673665,1.211694210526316,0.03383393609349858,1.287527543859649,0.05802148578431324,3,"1,2,3"
20,24.125,1.012038736842105,0.013211197467609183,1.2343903508771927,0.03451857635852971,1.2933861403508773,0.058185178798601175,3,"1,2,3"
20,24.375,1.0273276315789477,0.008108420851411174,1.265260350877193,0.03524152592937372,1.2994996491228068,0.0585494132233326,3,"1,2,3"
20,24.625,1.0273551578947366,0.01576973026379324,1.295874736842105,0.03612173532743907,1.3052040350877194,0.05901021975487492,3,"1,2,3"
20,24.875,1.0292534385964915,0.00857735514256092,1.3100191228070175,0.03650145562898534,1.3095208771929825,0.059354572781936496,3,"1,2,3"
20,0.125,0.0,0.0,0.0,0.0,0.0,0.0,3,"1,2,3"
20,0.375,0.0,0.0,0.0,0.0,0.0,0.0,3,"1,2,3"
20,0.625,0.0,0.0,0.0,0.0,0.0,0.0,3,"1,2,3"
20,0.875,0.0,0.0,0.0,0.0,0.11043007017543859,0.0002994026226340296,3,"1,2,3"
20,1.125,0.0,0.0,0.0,0.0,3.0253859649122803,0.000583332884843664,3,"1,2,3"
20,1.375,0.0,0.0,0.0,0.0,4.766384736842105,0.00282354076580107,3,"1,2,3"
20,1.625,0.0,0.0,0.0,0.0,6.126204210526315,0.0030123639343152967,3,"1,2,3"
20,1.875,0.0,0.0,0.0,0.0,3.6904594736842107,0.006112184204729391,3,"1,2,3"
20,2.125,0.0,0.0,0.0,0.0,2.594366315789474,0.009521435514495358,3,"1,2,3"
20,2.375,0.0,0.0,0.0,0.0,2.641176315789474,0.012133918083278149,3,"1,2,3"
20,2.625,0.0,0.0,0.0,0.0,2.450808070175439,0.013675921945477005,3,"1,2,3"
20,2.875,0.0,0.0,0.0,0.0,2.3147838596491233,0.01600361215189502,3,"1,2,3"
20,3.125,0.0,0.0,0.0,0.0,2.3212929824561406,0.01806858353744284,3,"1,2,3"
20,3.375,0.0,0.0,0.0,0.0,2.274642105263158,0.02016240065071616,3,"1,2,3"
20,3.625,0.0,0.0,0.0,0.0,2.191368947368421,0.0206374974369882,3,"1,2,3"
20,3.875,0.0,0.0,0.0,0.0,2.0908408771929827,0.023020872179934843,3,"1,2,3"
20,4.125,0.0,0.0,0.0,0.0,1.9909957894736843,0.024200473668128403,3,"1,2,3"
20,4.375,0.0,0.0,0.0,0.0,1.9007315789473687,0.024854153081375167,3,"1,2,3"
20,4.625,0.0,0.0,0.0003362049298245614,3.139109106733407e-05,1.8273050877192984,0.025946988219460614,3,"1,2,3"
20,4.875,0.0,0.0,0.2157245263157895,0.0010006585126357628,1.7861299999999998,0.02648798158450452,3,"1,2,3"
20,5.125,0.0,0.0,3.3943963157894737,0.004879149449816896,1.9531505263157893,0.026996707097171883,3,"1,2,3"
20,5.375,0.0,0.0,8.999241754385965,0.012157840543156785,2.291219473684211,0.027825659584310897,3,"1,2,3"
20,5.625,0.0,0.0,10.138193508771929,0.02179214474828161,2.3481922807017543,0.0296829320750372,3,"1,2,3"
20,5.875,0.0,0.0,7.946733333333332,0.012542676749525809,2.1933224561403506,0.030595124595263284,3,"1,2,3"
20,6.125,0.0,0.0,5.235232807017543,0.009531490388085338,2.006815789473684,0.03158676887640948,3,"1,2,3"
20,6.375,0.0,0.0,3.1761564912280704,0.004962049072122648,1.861768947368421,0.031360432348457624,3,"1,2,3"
20,6.625,0.0,0.0,1.9685970175438596,0.004179852797165404,1.7706871929824561,0.03203541034886823,3,"1,2,3"
20,6.875,0.0,0.0,1.2939445614035088,0.00543999810462009,1.7127824561403509,0.032906951181667136,3,"1,2,3"
20,7.125,0.0,0.0,0.9326440877192983,0.005249074534854087,1.6735733333333334,0.033943498439369474,3,"1,2,3"
20,7.375,0.0,0.0,0.7609403157894737,0.005717028285997883,1.646742105263158,0.035175336497204814,3,"1,2,3"
20,7.625,0.0,0.0,0.7076453859649122,0.007251024611309655,1.629634385964912,0.03641878912278105,3,"1,2,3"
20,7.875,0.0,0.0,0.721635298245614,0.008913836958301141,1.6190642105263156,0.037640165235634,3,"1,2,3"
20,8.125,0.0,0.0,0.7730233684210526,0.013166772153556642,1.6143770175438596,0.03923806071820837,3,"1,2,3"
20,8.375,0.0,0.0,0.8378018070175438,0.015618373023608577,1.6143657894736843,0.04069662050123586,3,"1,2,3"
20,8.625,0.0,0.0,0.9011930000000001,0.018027649590454952,1.6184901754385965,0.04267633262221433,3,"1,2,3"
20,8.875,0.0,0.0,0.9528348596491228,0.019348735514780592,1.6255884210526315,0.044329732462987534,3,"1,2,3"
20,9.125,0.0,0.0,0.9948158245614035,0.019496068522415536,1.635377894736842,0.04561839834124712,3,"1,2,3"
20,9.375,0.0,0.0,1.0247565789473683,0.019547122736885456,1.6471624561403508,0.04682617023325145,3,"1,2,3"
20,9.625,0.0,0.0,1.0496666140350877,0.01971003338143302,1.6612535087719298,0.04811001764353066,3,"1,2,3"
20,9.875,0.0,0.0,1.0703037368421053,0.020617357011517037,1.676457192982456,0.048984599747620455,3,"1,2,3"
20,10.125,0.00022580607017543857,0.0001346549354295393,1.0872020877192983,0.020951686053324533,1.6910749122807018,0.049352966163433036,3,"1,2,3"
20,10.375,0.07194450877192982,0.0009008265352640886,1.1022629824561403,0.02114120476982626,1.7011878947368417,0.04961143493273432,3,"1,2,3"
20,10.625,1.6472654385964909,0.00884584205013106,1.1158201754385966,0.02122236095039889,1.6950684210526312,0.050046652696939344,3,"1,2,3"
20,10.875,6.801792807017544,0.04350603429630071,1.1257477192982455,0.021981528854302712,1.6604440350877194,0.05032994096362809,3,"1,2,3"
20,11.125,8.82702192982456,0.032642596188631696,1.131184736842105,0.02302494089529369,1.5900701754385966,0.05046195097754787,3,"1,2,3"
20,11.375,6.050472105263157,0.036679551182871535,1.1340650877192981,0.02383138483405131,1.496899298245614,0.05034743185901712,3,"1,2,3"
20,11.625,3.238176842105263,0.007542085356421323,1.1332470175438598,0.023559613197647725,1.4054615789473683,0.050147715700993786,3,"1,2,3"
20,11.875,1.7516415789473683,0.005396388262426575,1.1309301754385965,0.024126778417586627,1.3310643859649123,0.049878624132974905,3,"1,2,3"
20,12.125,1.0320697719298246,0.012566646421065615,1.1296410526315788,0.02535598358939719,1.2781463157894737,0.05021795427237096,3,"1,2,3"
20,12.375,0.7018962807017544,0.008354408900143204,1.1330599999999997,0.02605843834277612,1.245807894736842,0.0506820503574936,3,"1,2,3"
20,12.625,0.5578351228070176,0.014404364616665598,1.142654912280702,0.02788654216716796,1.2301919298245612,0.05143914317940249,3,"1,2,3"
20,12.875,0.546057,0.01990491440874788,1.1579249122807014,0.028953270601906913,1.2267671929824562,0.05243996374227846,3,"1,2,3"
20,13.125,0.5710315789473684,0.026625019422809947,1.1814670175438595,0.030721794361902362,1.2313885964912281,0.05369026459556962,3,"1,2,3"
20,13.375,0.6119797368421053,0.025611470710228727,1.210214912280702,0.032621156497214567,1.2408650877192984,0.054959783208536464,3,"1,2,3"
20,13.625,0.6685463157894737,0.02611036723938994,1.2430684210526317,0.034524393985346125,1.2524198245614035,0.0561388885944429,3,"1,2,3"
20,13.875,0.7350258070175438,0.008769891207847215,1.277826140350877,0.03621466283577709,1.2638563157894736,0.057009148514992024,3,"1,2,3"
20,14.125,0.7757033333333333,0.01659862144674326,1.31056,0.03628105129035203,1.2743770175438593,0.057506032902564445,3,"1,2,3"
20,14.375,0.7999074385964913,0.015579748191030092,1.3402324561403514,0.036949542859324856,1.2834212280701756,0.05782104745806181,3,"1,2,3"
20,14.625,0.8317738596491228,0.010658031521265016,1.3669650877192983,0.03571516752818934,1.2905512280701754,0.05801643241021544,3,"1,2,3"
20,14.875,0.8576048771929825,0.004552795471410241,1.3931077192982455,0.034584740579451906,1.296410701754386,0.05803729770978303,3,"1,2,3"
20,15.125,0.8741922807017543,0.008378419119856938,1.4177170175438596,0.03329612219950193,1.3011198245614037,0.057841270682377315,3,"1,2,3"
20,15.375,0.8869533859649122,0.014786248059325224,1.4415963157894736,0.0322415226877737,1.3046307017543857,0.05782921788066519,3,"1,2,3"
20,15.625,0.8947362280701755,0.02065681374797492,1.4645673684210525,0.031509874730632666,1.3073261403508771,0.057988448890088154,3,"1,2,3"
20,15.875,0.9069644736842107,0.005789783624239424,1.4819933333333335,0.03142252078715635,1.309127192982456,0.05803812839358265,3,"1,2,3"
20,16.125,0.9263305789473684,0.013946112150042673,1.4840396491228072,0.030464417741905753,1.3093763157894738,0.05782522918569857,3,"1,2,3"
20,16.375,0.9346184912280702,0.005564214614128646,1.4507801754385963,0.031101792326715304,1.3069356140350878,0.057960756001430094,3,"1,2,3"
20,16.625,0.9392265438596491,0.010427749626988798,1.37994701754386,0.031912258814841506,1.301621052631579,0.05811092016226604,3,"1,2,3"
20,16.875,0.9377879649122806,0.024603233675354313,1.2883747368421055,0.0313840286174711,1.2948740350877193,0.05780134321962799,3,"1,2,3"
20,17.125,0.9477683859649123,0.03797833316387697,1.203967543859649,0.03073931773656033,1.2886178947368423,0.05775518943878429,3,"1,2,3"
20,17.375,0.9632512456140351,0.02312968986958581,1.1402208771929823,0.03044333981546265,1.2837977192982457,0.05770667079757643,3,"1,2,3"
20,17.625,0.9759929824561405,0.025361012244819178,1.1004317543859647,0.029798844482152875,1.2809685964912283,0.05755266756082812,3,"1,2,3"
20,17.875,0.9936812807017544,0.02449704000278654,1.0813142105263156,0.03005136531882359,1.280158596491228,0.05753999122427177,3,"1,2,3"
20,18.125,1.0232390175438597,0.013202281205295579,1.0785033333333331,0.03127450066645296,1.2809845614035087,0.05779243864878731,3,"1,2,3"
20,18.375,1.074821701754386,0.016323452813626415,1.0854647368421053,0.03185696982609088,1.283180350877193,0.057936626034463666,3,"1,2,3"
20,18.625,1.1456615087719297,0.02522610512912832,1.0970191228070176,0.032628710916218794,1.2865521052631574,0.05797178368642612,3,"1,2,3"
20,18.875,1.2556450877192986,0.03434806294853333,1.1108945614035088,0.033404878866749234,1.2904387719298247,0.05815065580785253,3,"1,2,3"
20,19.125,1.366660877192982,0.03931487179542295,1.1249636842105264,0.033089371906227925,1.294369298245614,0.05823876757003311,3,"1,2,3"
20,19.375,1.3930043859649122,0.0356771611376105,1.1379514035087719,0.033204856405184134,1.2978547368421054,0.05810313136821666,3,"1,2,3"
20,19.625,1.3665143859649123,0.01476743545205857,1.1490119298245614,0.03339297902092078,1.3003868421052631,0.058104953585814065,3,"1,2,3"
20,19.875,1.3478935087719297,0.02480232185514024,1.1580349122807017,0.03234934514867601,1.3014319298245616,0.05774862476860755,3,"1,2,3"
20,20.125,1.3460747368421053,0.019876973565317667,1.1653540350877192,0.03164156669340472,1.3014059649122807,0.057502464351756925,3,"1,2,3"
20,20.375,1.3417033333333332,0.018749229122144325,1.171611403508772,0.03120785620463052,1.3002405263157895,0.05721876435144176,3,"1,2,3"
20,20.625,1.3778770175438595,0.00742599457613276,1.1764010526315787,0.030469108067763578,1.2980943859649123,0.057007489715984454,3,"1,2,3"
20,20.875,1.431597543859649,0.01540218195940082,1.1807524561403508,0.030465816589848753,1.2952087719298246,0.05672993658026915,3,"1,2,3"
20,21.125,1.4617096491228068,0.022004478081697153,1.1841968421052633,0.03020900088147063,1.2914184210526318,0.056510237206556395,3,"1,2,3"
20,21.375,1.4718128070175436,0.020823464255229115,1.1865466666666666,0.03073381996778542,1.2870394736842103,0.056431718615756785,3,"1,2,3"
20,21.625,1.4689654385964912,0.01867963874056429,1.1879254385964912,0.03111155765068903,1.2822850877192982,0.05639079695176913,3,"1,2,3"
20,21.875,1.4338482456140351,0.014066834023764501,1.188264736842105,0.03184616449985454,1.2777284210526314,0.056441521102285924,3,"1,2,3"
20,22.125,1.3540991228070176,0.03612928283253381,1.1878680701754385,0.03199001268526763,1.2738507017543859,0.05650537039060446,3,"1,2,3"
20,22.375,1.2323908771929826,0.0324173765640176,1.1870182456140348,0.032272834656347095,1.271182105263158,0.05657934629643126,3,"1,2,3"
20,22.625,1.132138807017544,0.025852428801612534,1.1866705263157895,0.03217321172821554,1.2702484210526315,0.05656642541645366,3,"1,2,3"
20,22.875,1.0608898596491227,0.01859819561737703,1.1867422807017542,0.032866327247324564,1.2709433333333335,0.05668921495173175,3,"1,2,3"
20,23.125,1.0119573684210525,0.023587908699702193,1.1880329824561404,0.03333187330043457,1.2734491228070175,0.05700648369327566,3,"1,2,3"
20,23.375,0.9831142631578947,0.015958944997899665,1.1924170175438595,0.03305597097147074,1.2771984210526315,0.05713828970906631,3,"1,2,3"
20,23.625,0.9884648421052632,0.02275595397067368,1.200136140350877,0.034075772406009654,1.2818405263157897,0.057381968482487715,3,"1,2,3"
20,23.875,0.9965797017543858,0.016285542777771677,1.213620701754386,0.034739949245228996,1.28729298245614,0.05774128769421446,3,"1,2,3"
20,24.125,1.0118046315789475,0.020242761786846135,1.2364901754385966,0.03498890839773195,1.2933433333333333,0.05797286019328756,3,"1,2,3"
20,24.375,1.0243530175438595,0.025448592840019497,1.2663787719298247,0.035430801130649274,1.2995380701754387,0.05823125646758582,3,"1,2,3"
20,24.625,1.0379303333333334,0.0191592311782906,1.296640701754386,0.035700400781270666,1.3054192982456139,0.058515632365091,3,"1,2,3"
20,24.875,1.0452108245614036,0.013166895470363874,1.3101049122807016,0.03592596525582776,1.309680350877193,0.058782311169541246,3,"1,2,3"
20,0.125,0.0,0.0,0.0,0.0,0.0,0.0,3,"1,2,3"
20,0.375,0.0,0.0,0.0,0.0,0.0,0.0,3,"1,2,3"
20,0.625,0.0,0.0,0.0,0.0,0.0,0.0,3,"1,2,3"
20,0.875,0.0,0.0,0.0,0.0,0.10976026315789474,0.000957571377848662,3,"1,2,3"
20,1.125,0.0,0.0,0.0,0.0,3.0248629824561406,0.0051349814780513444,3,"1,2,3"
20,1.375,0.0,0.0,0.0,0.0,4.768558245614034,0.003492369794799137,3,"1,2,3"
20,1.625,0.0,0.0,0.0,0.0,6.1355354385964915,0.006350621745370915,3,"1,2,3"
20,1.875,0.0,0.0,0.0,0.0,3.7001896491228066,0.007464171538484671,3,"1,2,3"
20,2.125,0.0,0.0,0.0,0.0,2.6047221052631584,0.009443677341794654,3,"1,2,3"
20,2.375,0.0,0.0,0.0,0.0,2.6509347368421055,0.01149026422367307,3,"1,2,3"
20,2.625,0.0,0.0,0.0,0.0,2.4621007017543857,0.013632574110753653,3,"1,2,3"
20,2.875,0.0,0.0,0.0,0.0,2.325240350877193,0.015483987465645378,3,"1,2,3"
20,3.125,0.0,0.0,0.0,0.0,2.330444385964912,0.017126506120063965,3,"1,2,3"
20,3.375,0.0,0.0,0.0,0.0,2.2813194736842104,0.019155341028949485,3,"1,2,3"
20,3.625,0.0,0.0,0.0,0.0,2.195894561403509,0.020116582238242683,3,"1,2,3"
20,3.875,0.0,0.0,0.0,0.0,2.093962280701755,0.021225330101540315,3,"1,2,3"
20,4.125,0.0,0.0,0.0,0.0,1.9915585964912281,0.022542839079909647,3,"1,2,3"
20,4.375,0.0,0.0,0.0,0.0,1.90013,0.024335556638332995,3,"1,2,3"
20,4.625,0.0,0.0,0.00031565099999999996,7.860659957045272e-06,1.8251684210526318,0.02545937408336139,3,"1,2,3"
20,4.875,0.0,0.0,0.2143025789473684,0.0007818486840352357,1.7834252631578948,0.02690932494461855,3,"1,2,3"
20,5.125,0.0,0.0,3.391074912280702,0.004591541991962538,1.9503724561403508,0.027699737645331648,3,"1,2,3"
20,5.375,0.0,0.0,9.006154561403507,0.005932290720434356,2.288793333333333,0.029289175516943242,3,"1,2,3"
20,5.625,0.0,0.0,10.157154385964914,0.011033225723588324,2.3467224561403506,0.029512068221300064,3,"1,2,3"
20,5.875,0.0,0.0,7.957291228070176,0.006906453929386287,2.192566842105263,0.029850217001427804,3,"1,2,3"
20,6.125,0.0,0.0,5.237706666666667,0.00839839642317286,2.005791228070176,0.02988861238640467,3,"1,2,3"
20,6.375,0.0,0.0,3.1755301754385967,0.004389564691162523,1.8613203508771932,0.02970974063987907,3,"1,2,3"
20,6.625,0.0,0.0,1.9682119298245615,0.002084432441372762,1.7698652631578948,0.0297334563916397,3,"1,2,3"
20,6.875,0.0,0.0,1.2949756140350879,0.0031072101042889538,1.7118857894736845,0.029855709749004686,3,"1,2,3"
20,7.125,0.0,0.0,0.9317690701754385,0.005612404471743487,1.6726403508771928,0.03055085596887447,3,"1,2,3"
20,7.375,0.0,0.0,0.7602278070175439,0.00758165134346566,1.645930701754386,0.03103779195323194,3,"1,2,3"
20,7.625,0.0,0.0,0.7064805438596492,0.010552802004690491,1.6283077192982456,0.032422325460129166,3,"1,2,3"
20,7.875,0.0,0.0,0.7214717719298246,0.011526726981477066,1.6179110526315787,0.033762883957811754,3,"1,2,3"
20,8.125,0.0,0.0,0.7732191929824562,0.014649473138704135,1.6133782456140349,0.035205906219674815,3,"1,2,3"
20,8.375,0.0,0.0,0.8375352456140351,0.016422976067307426,1.6130477192982455,0.03675022427638255,3,"1,2,3"
20,8.625,0.0,0.0,0.8999730000000001,0.018880744982768462,1.6172631578947367,0.03830780346937425,3,"1,2,3"
20,8.875,0.0,0.0,0.9519783157894737,0.019594023746773,1.6241856140350877,0.04014776143409071,3,"1,2,3"
20,9.125,0.0,0.0,0.9919380526315789,0.019868728868302144,1.6340771929824562,0.0420054644849805,3,"1,2,3"
20,9.375,0.0,0.0,1.0221378596491226,0.019984283522007037,1.6462043859649125,0.043844561975635354,3,"1,2,3"
20,9.625,0.0,0.0,1.0464323859649123,0.020590520690844497,1.659802456140351,0.04527176468422554,3,"1,2,3"
20,9.875,0.0,0.0,1.0660529824561404,0.020015875163391733,1.6742066666666666,0.04664251372592197,3,"1,2,3"
20,10.125,0.0004575540701754386,0.00016995306080887007,1.0828917543859646,0.020454351817632034,1.6888512280701755,0.047697057144699184,3,"1,2,3"
20,10.375,0.07118332105263157,0.0019023447937657116,1.0987894736842105,0.021018964795419946,1.6988573684210524,0.04864774962411199,3,"1,2,3"
20,10.625,1.673485614035088,0.010645911568197667,1.1137261403508771,0.020146433663320567,1.6928131578947365,0.049503944946656615,3,"1,2,3"
20,10.875,6.837196315789473,0.018280848482422816,1.1250287719298246,0.019243535112972398,1.6584978947368418,0.050003158149568544,3,"1,2,3"
20,11.125,8.877330175438596,0.034353471169732495,1.1323236842105262,0.018053316896612832,1.588099298245614,0.04994461791981842,3,"1,2,3"
20,11.375,5.999612807017544,0.07252964374170669,1.135588245614035,0.017633808941635198,1.4950519298245615,0.049245382053716494,3,"1,2,3"
20,11.625,3.141198947368421,0.031245884598452317,1.1340268421052633,0.017292359384271073,1.4034752631578948,0.048543339320945345,3,"1,2,3"
20,11.875,1.7130059649122806,0.05010497788937915,1.1324889473684212,0.017097274917452603,1.3292010526315787,0.0479989649145861,3,"1,2,3"
20,12.125,1.0264595964912282,0.014398047268102142,1.130453859649123,0.01729290894512981,1.2763236842105263,0.04785905139051552,3,"1,2,3"
20,12.375,0.7224144912280702,0.016171258276529647,1.132700350877193,0.018530145165107332,1.243901052631579,0.04809301746896889,3,"1,2,3"
20,12.625,0.5981950701754385,0.02111491958565431,1.1412098245614033,0.021510768315524093,1.2282877192982455,0.04891861148337476,3,"1,2,3"
20,12.875,0.5604390877192983,0.021759546107064643,1.1568343859649124,0.023223545894258683,1.2247919298245613,0.04979108897334066,3,"1,2,3"
20,13.125,0.5989260877192982,0.014657501889115623,1.1788650877192983,0.025874791249828926,1.2295054385964912,0.05072827215300586,3,"1,2,3"
20,13.375,0.6240211403508772,0.026626449468470564,1.2079219298245614,0.029253932056764197,1.2389415789473686,0.05187127828387605,3,"1,2,3"
20,13.625,0.694396649122807,0.02487916695482914,1.2411194736842106,0.03194214220092489,1.2504152631578946,0.05281631189000266,3,"1,2,3"
20,13.875,0.7340195789473684,0.02408546431993632,1.2755873684210526,0.034819405047574026,1.2618531578947367,0.05360148031506945,3,"1,2,3"
20,14.125,0.7838465614035087,0.014545396019225741,1.309812456140351,0.03766880914407881,1.2723954385964913,0.05430293076802508,3,"1,2,3"
20,14.375,0.7958892807017545,0.010954401134215187,1.3411796491228072,0.038850439543113624,1.2814833333333333,0.05473382823405313,3,"1,2,3"
20,14.625,0.8282735087719298,0.009172588329862463,1.369649649122807,0.03846709305226561,1.2888282456140348,0.05479392977873652,3,"1,2,3"
20,14.875,0.8342563157894737,0.012036514893718278,1.394932105263158,0.037802329797709616,1.294491052631579,0.054989562973450694,3,"1,2,3"
20,15.125,0.852330807017544,0.007182292879768474,1.4180522807017544,0.037214643426749634,1.2989898245614035,0.054862402655889535,3,"1,2,3"
20,15.375,0.8784425614035087,0.015792078047280583,1.440799649122807,0.0352042148759099,1.302582807017544,0.05468000675521529,3,"1,2,3"
20,15.625,0.8924881929824561,0.022375836552876997,1.4614768421052633,0.0327878711134382,1.3050833333333334,0.054364195002843264,3,"1,2,3"
20,15.875,0.9003276666666666,0.022594672814337143,1.4787468421052636,0.03162427463027472,1.3069085964912281,0.05432445445016567,3,"1,2,3"
20,16.125,0.9170259122807017,0.01907844962904674,1.4824608771929821,0.031303838245315685,1.3071754385964913,0.05428887460501211,3,"1,2,3"
20,16.375,0.9142200350877193,0.014544656337331128,1.4502929824561404,0.03186661470631732,1.304592105263158,0.05429943865650739,3,"1,2,3"
20,16.625,0.9360106666666668,0.014037958142197621,1.3787536842105264,0.03147169942987839,1.2989752631578948,0.05435309037943477,3,"1,2,3"
20,16.875,0.9460413333333334,0.019748341340560513,1.2888729824561402,0.030615677672718476,1.2921859649122804,0.0544228105527832,3,"1,2,3"
20,17.125,0.9499264385964913,0.01688236371021054,1.2045005263157895,0.029899528461433296,1.2857391228070176,0.05460366703451799,3,"1,2,3"
20,17.375,0.9693271929824562,0.02356349871246146,1.1404964912280704,0.029441904221046526,1.2808494736842106,0.054993470926156335,3,"1,2,3"
20,17.625,0.9900610175438596,0.015510266553604705,1.1011619298245614,0.029175841260632294,1.2779843859649123,0.05538909328977341,3,"1,2,3"
20,17.875,1.0045164736842105,0.02353855814869083,1.0825975438596491,0.029564400422818136,1.2769842105263158,0.05609633231147658,3,"1,2,3"
20,18.125,1.0314281754385963,0.028632802247387696,1.0793280701754384,0.030111192770642507,1.2778259649122807,0.056644668197009244,3,"1,2,3"
20,18.375,1.0750896842105262,0.03174171325603648,1.0858401754385965,0.030318802823963233,1.280029298245614,0.05715893078821485,3,"1,2,3"
20,18.625,1.1561830000000002,0.03601272839174945,1.0977943859649122,0.030762047813127212,1.2831507017543862,0.05766100076083639,3,"1,2,3"
20,18.875,1.260244561403509,0.04626494204557877,1.111992105263158,0.03093919134123406,1.2871919298245615,0.05817199082539417,3,"1,2,3"
20,19.125,1.3781503508771928,0.047586073655756254,1.1253052631578948,0.03143095565532799,1.2912449122807017,0.05842802247238761,3,"1,2,3"
20,19.375,1.4121519298245613,0.04208900121125368,1.1369396491228068,0.03186520369791727,1.2946978947368422,0.058546571453788346,3,"1,2,3"
20,19.625,1.386337192982456,0.03416156502956675,1.1481564912280702,0.03224831994831772,1.2972645614035088,0.0584968322434445,3,"1,2,3"
20,19.875,1.3446847368421053,0.01664273175357956,1.1562345614035088,0.03150885014349688,1.2984314035087718,0.05811099114014168,3,"1,2,3"
20,20.125,1.3638636842105265,0.015665513870869747,1.1630922807017543,0.03110954832101321,1.298528245614035,0.057586785959486776,3,"1,2,3"
20,20.375,1.3667424561403507,0.012352744976892384,1.1697087719298247,0.031193831931479683,1.2974143859649125,0.05702623561767604,3,"1,2,3"
20,20.625,1.3837107017543862,0.009285777648832427,1.173921403508772,0.030683049059698805,1.2951928070175438,0.056561753245947664,3,"1,2,3"
20,20.875,1.3965389473684213,0.003888312411214161,1.177886842105263,0.03022457562861425,1.292201754385965,0.05600556063497223,3,"1,2,3"
20,21.125,1.419866842105263,0.010080675377497484,1.1808343859649124,0.030454936224074206,1.2886228070175438,0.05561479271773506,3,"1,2,3"
20,21.375,1.4463485964912282,0.010238840560202014,1.1833489473684211,0.031079440526710998,1.284508596491228,0.055413579043803195,3,"1,2,3"
20,21.625,1.4546133333333333,0.02599156434050714,1.1843880701754386,0.03133044000609772,1.2799094736842105,0.055253669372558746,3,"1,2,3"
20,21.875,1.4358196491228068,0.02375869633208911,1.1853156140350878,0.032148546470026046,1.2755547368421054,0.05530965653316929,3,"1,2,3"
20,22.125,1.347002105263158,0.02087837673630595,1.1852884210526315,0.032651276307458496,1.2717471929824562,0.05556096123833083,3,"1,2,3"
20,22.375,1.2324754385964913,0.023350247233386343,1.1853089473684213,0.03279064208726232,1.269101754385965,0.05576225619487961,3,"1,2,3"
20,22.625,1.1259205263157896,0.03100033401958672,1.1853408771929825,0.0334720402893618,1.268211754385965,0.05596252157243133,3,"1,2,3"
20,22.875,1.0483226315789473,0.020790338102526392,1.1857954385964913,0.03437376955328813,1.2690605263157895,0.0562386968850763,3,"1,2,3"
20,23.125,1.0130420000000002,0.014325898233857133,1.1870568421052632,0.034921332885349245,1.2714785964912279,0.05652651373145344,3,"1,2,3"
20,23.375,0.9996377719298245,0.011978681856609092,1.1905815789473688,0.03520658079013918,1.275091403508772,0.0566738369115233,3,"1,2,3"
20,23.625,0.998760754385965,0.018077174877606204,1.1978605263157893,0.035116795099509705,1.2797308771929823,0.05688445012307715,3,"1,2,3"
20,23.875,1.0060322982456142,0.02399623399716663,1.2120391228070175,0.03538437135466698,1.2851566666666667,0.05712018806714572,3,"1,2,3"
20,24.125,1.0202245438596491,0.016087513843548333,1.2343405263157896,0.03543652926140174,1.2910575438596492,0.057281435538138616,3,"1,2,3"
20,24.375,1.0217821754385963,0.017429107139421595,1.2645766666666667,0.03532865959001582,1.2972461403508773,0.05740837259023739,3,"1,2,3"
20,24.625,1.0274741228070174,0.018906328505975664,1.295049649122807,0.03568716921009024,1.3030115789473686,0.05762389250512586,3,"1,2,3"
20,24.875,1.0402295614035086,0.018872091032176276,1.308708245614035,0.03524402835499358,1.3072694736842105,0.0576598832313827,3,"1,2,3"
20,0.125,0.0,0.0,0.0,0.0,0.0,0.0,3,"1,2,3"
20,0.375,0.0,0.0,0.0,0.0,0.0,0.0,3,"1,2,3"
20,0.625,0.0,0.0,0.0,0.0,0.0,0.0,3,"1,2,3"
20,0.875,0.0,0.0,0.0,0.0,0.10945482456140353,0.0006582830016876285,3,"1,2,3"
20,1.125,0.0,0.0,0.0,0.0,3.022281403508772,0.0018524027138010037,3,"1,2,3"
20,1.375,0.0,0.0,0.0,0.0,4.76768350877193,0.0009008825398286782,3,"1,2,3"
20,1.625,0.0,0.0,0.0,0.0,6.131441403508773,0.006005571656410631,3,"1,2,3"
20,1.875,0.0,0.0,0.0,0.0,3.697995438596491,0.008418986252321162,3,"1,2,3"
20,2.125,0.0,0.0,0.0,0.0,2.602521228070176,0.009078604827845844,3,"1,2,3"
20,2.375,0.0,0.0,0.0,0.0,2.6488914035087716,0.012419299640895078,3,"1,2,3"
20,2.625,0.0,0.0,0.0,0.0,2.458260701754386,0.01480799572099504,3,"1,2,3"
20,2.875,0.0,0.0,0.0,0.0,2.318908245614035,0.017301837691524196,3,"1,2,3"
20,3.125,0.0,0.0,0.0,0.0,2.323311754385965,0.019996708728880676,3,"1,2,3"
20,3.375,0.0,0.0,0.0,0.0,2.2727445614035084,0.02250482085353552,3,"1,2,3"
20,3.625,0.0,0.0,0.0,0.0,2.1859917543859653,0.025011072094188767,3,"1,2,3"
20,3.875,0.0,0.0,0.0,0.0,2.0838715789473685,0.02642378959752677,3,"1,2,3"
20,4.125,0.0,0.0,0.0,0.0,1.981594385964912,0.027684309933559633,3,"1,2,3"
20,4.375,0.0,0.0,0.0,0.0,1.890249298245614,0.029328731605176666,3,"1,2,3"
20,4.625,0.0,0.0,0.00030145889473684207,2.1861206107077887e-05,1.8160398245614038,0.029809291951886672,3,"1,2,3"
20,4.875,0.0,0.0,0.21469284210526318,0.00042572430269147675,1.7743401754385966,0.030971463529430254,3,"1,2,3"
20,5.125,0.0,0.0,3.39547754385965,0.003648275686086011,1.9410364912280702,0.03158084333587138,3,"1,2,3"
20,5.375,0.0,0.0,9.013311754385963,0.004798708512263179,2.2801107017543862,0.032252439123645206,3,"1,2,3"
20,5.625,0.0,0.0,10.146981754385967,0.008273869081158763,2.3378057894736846,0.033283844425231385,3,"1,2,3"
20,5.875,0.0,0.0,7.947231228070176,0.009518762318318767,2.183236140350878,0.033909398785705494,3,"1,2,3"
20,6.125,0.0,0.0,5.224939649122807,0.010038691697334508,1.9973596491228072,0.033625717945586164,3,"1,2,3"
20,6.375,0.0,0.0,3.167908245614035,0.006265755326555021,1.8536366666666666,0.03323165903755671,3,"1,2,3"
20,6.625,0.0,0.0,1.96366,0.00448990152421361,1.7637159649122804,0.033302015235019175,3,"1,2,3"
20,6.875,0.0,0.0,1.2908066666666667,0.0057630109143052225,1.7065729824561402,0.032747125468805524,3,"1,2,3"
20,7.125,0.0,0.0,0.9300905438596491,0.0059282271763138,1.6682338596491226,0.03260745620064345,3,"1,2,3"
20,7.375,0.0,0.0,0.7585445964912281,0.00772273278581696,1.6423191228070175,0.03288562000633382,3,"1,2,3"
20,7.625,0.0,0.0,0.7029552807017544,0.01105904528733296,1.6251933333333335,0.03315157230821221,3,"1,2,3"
20,7.875,0.0,0.0,0.716127701754386,0.013861078150112742,1.6145370175438594,0.033857057364675085,3,"1,2,3"
20,8.125,0.0,0.0,0.7661560701754385,0.01717642521245619,1.6103445614035088,0.03508082833649157,3,"1,2,3"
20,8.375,0.0,0.0,0.8292527192982456,0.019406374961671004,1.6102354385964912,0.036074831926037366,3,"1,2,3"
20,8.625,0.0,0.0,0.8904791578947369,0.02056021866096965,1.6136905263157895,0.037065761043528316,3,"1,2,3"
20,8.875,0.0,0.0,0.942216105263158,0.020714611979934065,1.6213049122807017,0.03850253026025663,3,"1,2,3"
20,9.125,0.0,0.0,0.9829882982456141,0.020629021590712622,1.6307657894736842,0.03970041350775805,3,"1,2,3"
20,9.375,0.0,0.0,1.0145124385964914,0.020266018005684037,1.6426084210526317,0.04132884333057722,3,"1,2,3"
20,9.625,0.0,0.0,1.0388094385964912,0.01918080775079384,1.6562201754385966,0.042148274979150475,3,"1,2,3"
20,9.875,0.0,0.0,1.0589263684210526,0.01894924730464892,1.670706140350877,0.043363671406437834,3,"1,2,3"
20,10.125,0.000353564649122807,4.845766162441064e-05,1.0771494561403507,0.019251908119522383,1.6854307017543861,0.044392798144699534,3,"1,2,3"
20,10.375,0.07075603333333333,0.001464694603587719,1.0943248771929825,0.019367461173837388,1.6954149122807014,0.04521698623115946,3,"1,2,3"
20,10.625,1.6655964912280699,0.015342313274346528,1.1102647368421052,0.0197280209105967,1.6891515789473688,0.04572278109217921,3,"1,2,3"
20,10.875,6.835552807017545,0.009991567731393054,1.1235003508771932,0.019344825426739244,1.6550870175438597,0.046537206960028284,3,"1,2,3"
20,11.125,8.852089473684211,0.03519032458260238,1.1321231578947366,0.01914135611073786,1.5851340350877192,0.04665382326628382,3,"1,2,3"
20,11.375,5.9664633333333335,0.03543777437034907,1.1371719298245615,0.017157394941236987,1.49218,0.04653893866037713,3,"1,2,3"
20,11.625,3.1460207017543858,0.050865980172754816,1.1369703508771931,0.016245548010551343,1.4010247368421052,0.04604354370080749,3,"1,2,3"
20,11.875,1.6814877192982456,0.05061184718248441,1.134877368421053,0.016276450997183396,1.3269271929824562,0.04570866920311825,3,"1,2,3"
20,12.125,1.004158,0.027644641805125613,1.1342063157894737,0.01714009273989027,1.2741643859649123,0.04576498796888235,3,"1,2,3"
20,12.375,0.7055022631578947,0.013013438315180566,1.1365501754385965,0.019016764564534393,1.241964385964912,0.04614021112046062,3,"1,2,3"
20,12.625,0.5816707719298245,0.01680847152270305,1.1453529824561404,0.020470259517536553,1.226445789473684,0.04671435628676862,3,"1,2,3"
20,12.875,0.5735441052631579,0.009936515356562895,1.1605570175438598,0.022953887776376244,1.2231822807017545,0.04758278748346741,3,"1,2,3"
20,13.125,0.5945427543859649,0.004570610192272068,1.1827087719298246,0.025321016691741985,1.2277889473684211,0.04861429078104553,3,"1,2,3"
20,13.375,0.642614350877193,0.0052369946782558525,1.2113840350877192,0.028351008425308404,1.237213859649123,0.049681348085721735,3,"1,2,3"
20,13.625,0.6954647719298245,0.0061195028045540655,1.2437015789473684,0.029777231558663173,1.2490212280701756,0.0504329064744758,3,"1,2,3"
20,13.875,0.7381078596491228,0.011712270777013143,1.2761861403508774,0.031098724537129387,1.2607017543859647,0.05125561128272235,3,"1,2,3"
20,14.125,0.7614899473684211,0.0021723548532628857,1.308464210526316,0.03155333664401073,1.2716336842105262,0.05188400591695632,3,"1,2,3"
20,14.375,0.7903395789473685,0.00950074023718557,1.3381859649122807,0.031953781495499274,1.2808094736842106,0.05217545202043267,3,"1,2,3"
20,14.625,0.8269963333333332,0.0100363268899064,1.3662998245614035,0.03198413635335839,1.2885171929824561,0.05243956183013826,3,"1,2,3"
20,14.875,0.8474511754385965,0.022301055080247108,1.3926973684210529,0.03217532565745755,1.294595438596491,0.05274671189698338,3,"1,2,3"
20,15.125,0.8689634385964912,0.01791597300884887,1.4166173684210526,0.03195718935437223,1.299449649122807,0.05281540232785549,3,"1,2,3"
20,15.375,0.8996170350877192,0.015546830567751403,1.4399892982456144,0.03262179237606384,1.3032877192982455,0.05294169515546449,3,"1,2,3"
20,15.625,0.9132499824561403,0.02411547503759169,1.462007894736842,0.03228349213244952,1.3063266666666664,0.05291854567998999,3,"1,2,3"
20,15.875,0.9236136315789474,0.00904400628332466,1.479837543859649,0.0321461187969688,1.3081315789473684,0.052996373277889586,3,"1,2,3"
20,16.125,0.9341359824561404,0.009420193812108003,1.482402456140351,0.03286393882135551,1.3085349122807015,0.052989324512983514,3,"1,2,3"
20,16.375,0.9507491403508771,0.0235136660387598,1.4489991228070174,0.03270949248576811,1.3058812280701753,0.05311543842207138,3,"1,2,3"
20,16.625,0.9471573157894738,0.015524206570263053,1.3773107017543864,0.03325171284428979,1.3004047368421052,0.05306363767936875,3,"1,2,3"
20,16.875,0.952038596491228,0.013717249827692546,1.2866731578947368,0.031774655925555464,1.293457192982456,0.053078722060831036,3,"1,2,3"
20,17.125,0.948730649122807,0.017039442812209947,1.2021342105263157,0.030887710958782903,1.2868522807017544,0.053384331496882424,3,"1,2,3"
20,17.375,0.9683101578947367,0.022851381094339682,1.1385229824561405,0.030108776746667534,1.281898947368421,0.05361134095887811,3,"1,2,3"
20,17.625,0.9835618596491228,0.017022445349087513,1.1002724561403507,0.02912803209626727,1.2790329824561404,0.053974964776195816,3,"1,2,3"
20,17.875,1.003810807017544,0.019974760219373732,1.083138947368421,0.02854941077153192,1.2781210526315787,0.05450010431936615,3,"1,2,3"
20,18.125,1.0257578596491228,0.023321452278201243,1.0805907017543859,0.028889800557270084,1.2789070175438597,0.05515783368875244,3,"1,2,3"
20,18.375,1.0735923508771932,0.02233296386145787,1.0873540350877196,0.029524516179742857,1.2811040350877192,0.055762638733718894,3,"1,2,3"
20,18.625,1.1485733157894737,0.020517818857123633,1.0998615789473687,0.030281845003930972,1.2845503508771934,0.056434726027650275,3,"1,2,3"
20,18.875,1.2659205263157896,0.034743227411533247,1.113281052631579,0.0313583325970737,1.288460350877193,0.05691138653817662,3,"1,2,3"
20,19.125,1.3613526315789475,0.04329907739256208,1.1264380701754388,0.03237655431787492,1.2924822807017546,0.057350616552031115,3,"1,2,3"
20,19.375,1.3855029824561402,0.03632399504127674,1.1387842105263157,0.03217127364326916,1.296199298245614,0.057826028879245685,3,"1,2,3"
20,19.625,1.3657587719298245,0.02576175496183156,1.1495742105263158,0.032848473955146,1.2986368421052632,0.05791969875427345,3,"1,2,3"
20,19.875,1.331844385964912,0.02485318910605134,1.1587407017543863,0.03268435386394916,1.2999273684210528,0.058002974879927525,3,"1,2,3"
20,20.125,1.3347201754385967,0.016728536923910846,1.16549,0.032208920370468776,1.3001026315789475,0.057962666158002385,3,"1,2,3"
20,20.375,1.3560650877192983,0.01326509886475235,1.1711859649122809,0.03218698888133472,1.2990163157894736,0.0578033653389317,3,"1,2,3"
20,20.625,1.375598947368421,0.02132328450859595,1.1759264912280702,0.03199919918300034,1.296909298245614,0.057617572408878825,3,"1,2,3"
20,20.875,1.418635789473684,0.03014849205247025,1.1797357894736844,0.03174327227344462,1.2940326315789472,0.057407846275880185,3,"1,2,3"
20,21.125,1.4490038596491228,0.0332458398075934,1.1830808771929826,0.030876750137374596,1.290449649122807,0.05713092976484476,3,"1,2,3"
20,21.375,1.4651840350877192,0.02611197972570139,1.1851340350877193,0.030497218247525104,1.2861329824561405,0.056814789239520706,3,"1,2,3"
20,21.625,1.4662107017543857,0.044465019515813775,1.1865421052631577,0.029829864053892027,1.2815556140350877,0.05668008775235487,3,"1,2,3"
20,21.875,1.4293938596491227,0.032332905006158444,1.1868528070175437,0.029358231183032445,1.2770987719298246,0.05663077204527441,3,"1,2,3"
20,22.125,1.3368196491228073,0.027193143697314792,1.186344736842105,0.02991733461138052,1.2732480701754385,0.056630865999120976,3,"1,2,3"
20,22.375,1.2201108771929823,0.0274073571123571,1.1855394736842106,0.030674191235318872,1.2704240350877192,0.05658734500606424,3,"1,2,3"
20,22.625,1.111993649122807,0.01944473834701331,1.1852157894736843,0.03113827140771289,1.2694675438596492,0.056721673396799614,3,"1,2,3"
20,22.875,1.0472758771929824,0.017531171603252915,1.1848070175438596,0.03215972187743898,1.270148947368421,0.05671069168046878,3,"1,2,3"
20,23.125,1.0167321754385965,0.0139393520058236,1.1861568421052633,0.03360996496253775,1.272568947368421,0.05679854566011628,3,"1,2,3"
20,23.375,1.0030122631578948,0.01276192691412239,1.1901498245614037,0.034204441111518026,1.2762250877192984,0.057000764755416745,3,"1,2,3"
20,23.625,1.003325947368421,0.022283475834336437,1.1977552631578947,0.03501168514080524,1.2807800000000003,0.057144707231229774,3,"1,2,3"
20,23.875,1.0060914385964912,0.011087929037906352,1.212268596491228,0.03560304144294002,1.286231754385965,0.05726615848745327,3,"1,2,3"
20,24.125,1.0215265438596492,0.01917250090739376,1.2352064912280702,0.0358660956740224,1.2921749122807018,0.05757173271829799,3,"1,2,3"
20,24.375,1.0245323684210526,0.017337476897111986,1.2654663157894737,0.03661911551434078,1.2983450877192986,0.05773313465416551,3,"1,2,3"
20,24.625,1.042026245614035,0.004864442522160259,1.2955129824561402,0.036315975444053114,1.303972105263158,0.057911501641257156,3,"1,2,3"
20,24.875,1.044634947368421,0.008269623512684923,1.3090122807017543,0.03553287982071444,1.3081868421052631,0.05789433839256837,3,"1,2,3"
20,0.125,0.0,0.0,0.0,0.0,0.0,0.0,3,"1,2,3"
20,0.375,0.0,0.0,0.0,0.0,0.0,0.0,3,"1,2,3"
20,0.625,0.0,0.0,0.0,0.0,0.0,0.0,3,"1,2,3"
20,0.875,0.0,0.0,0.0,0.0,0.10940584210526316,0.0005951162320420163,3,"1,2,3"
20,1.125,0.0,0.0,0.0,0.0,3.020838947368421,0.009456882449805295,3,"1,2,3"
20,1.375,0.0,0.0,0.0,0.0,4.763680526315789,0.012608243803918385,3,"1,2,3"
20,1.625,0.0,0.0,0.0,0.0,6.12856403508772,0.010091587203550259,3,"1,2,3"
20,1.875,0.0,0.0,0.0,0.0,3.6923001754385965,0.008701160039125133,3,"1,2,3"
20,2.125,0.0,0.0,0.0,0.0,2.59441298245614,0.016083185603500867,3,"1,2,3"
20,2.375,0.0,0.0,0.0,0.0,2.639071578947368,0.018804076093948394,3,"1,2,3"
20,2.625,0.0,0.0,0.0,0.0,2.4485814035087716,0.023160545567315033,3,"1,2,3"
20,2.875,0.0,0.0,0.0,0.0,2.3117714035087715,0.02582571371499511,3,"1,2,3"
20,3.125,0.0,0.0,0.0,0.0,2.3166756140350877,0.027322138333047353,3,"1,2,3"
20,3.375,0.0,0.0,0.0,0.0,2.2682005263157894,0.02891928356577205,3,"1,2,3"
20,3.625,0.0,0.0,0.0,0.0,2.183735789473684,0.03063947242300544,3,"1,2,3"
20,3.875,0.0,0.0,0.0,0.0,2.0815391228070177,0.03079510220658193,3,"1,2,3"
20,4.125,0.0,0.0,0.0,0.0,1.9793968421052632,0.03107538067684018,3,"1,2,3"
20,4.375,0.0,0.0,0.0,0.0,1.8886298245614033,0.031504058348054975,3,"1,2,3"
20,4.625,0.0,0.0,0.000312469947368421,2.4104199751576423e-05,1.8142612280701755,0.03135177755311861,3,"1,2,3"
20,4.875,0.0,0.0,0.21542961403508776,0.0004677668610080326,1.7722980701754387,0.03192273516438562,3,"1,2,3"
20,5.125,0.0,0.0,3.3977240350877196,0.003792071729603793,1.9399954385964915,0.03247408531792798,3,"1,2,3"
20,5.375,0.0,0.0,9.00528245614035,0.010687456332943875,2.2784789473684213,0.032679775530387714,3,"1,2,3"
20,5.625,0.0,0.0,10.141644385964911,0.014427018258552903,2.3357456140350874,0.03431498733680215,3,"1,2,3"
20,5.875,0.0,0.0,7.941802631578947,0.021846384374750085,2.1815156140350873,0.03527999494960558,3,"1,2,3"
20,6.125,0.0,0.0,5.226780877192982,0.020341943306739416,1.9956270175438597,0.03533731227530919,3,"1,2,3"
20,6.375,0.0,0.0,3.1664750877192986,0.014206853549637792,1.8515070175438595,0.03505271978370789,3,"1,2,3"
20,6.625,0.0,0.0,1.9624522807017544,0.01137041292112618,1.7608170175438598,0.0341665690235751,3,"1,2,3"
20,6.875,0.0,0.0,1.2925675438596491,0.009827759526460847,1.7030940350877188,0.03389728946019944,3,"1,2,3"
20,7.125,0.0,0.0,0.9310680701754387,0.0086436967797888,1.6643980701754388,0.03357438013358197,3,"1,2,3"
20,7.375,0.0,0.0,0.7600796491228069,0.008797067096700313,1.6388263157894736,0.03356647691497921,3,"1,2,3"
20,7.625,0.0,0.0,0.7047444210526317,0.009855203237538256,1.6213380701754385,0.03374316355460498,3,"1,2,3"
20,7.875,0.0,0.0,0.719168105263158,0.012255585306013794,1.6114012280701753,0.03446871422412958,3,"1,2,3"
20,8.125,0.0,0.0,0.7682555438596492,0.013702228786921799,1.6073135087719297,0.035525984248831965,3,"1,2,3"
20,8.375,0.0,0.0,0.8308621578947367,0.016360483610926034,1.6068838596491226,0.036674584954629545,3,"1,2,3"
20,8.625,0.0,0.0,0.8912770877192981,0.01824676312960492,1.6110619298245616,0.03775664896612408,3,"1,2,3"
20,8.875,0.0,0.0,0.9421213684210527,0.018954190372325538,1.6179464912280703,0.03916938370018292,3,"1,2,3"
20,9.125,0.0,0.0,0.9820995614035087,0.01980395223015185,1.6276245614035088,0.04086157864870763,3,"1,2,3"
20,9.375,0.0,0.0,1.013123947368421,0.020880333868097425,1.6398029824561402,0.04261313919883395,3,"1,2,3"
20,9.625,0.0,0.0,1.0396566842105261,0.019494112759183776,1.653821754385965,0.04370590580759435,3,"1,2,3"
20,9.875,0.0,0.0,1.0608443333333333,0.019954737667303133,1.6687208771929827,0.044948006910978,3,"1,2,3"
20,10.125,0.00030602645614035085,9.827231221101322e-05,1.0801741578947368,0.019533699879785673,1.6836508771929823,0.04603006895781291,3,"1,2,3"
20,10.375,0.07130498070175438,0.004082982225791337,1.0968357719298243,0.019258781381387844,1.6940508771929823,0.046491499335852074,3,"1,2,3"
20,10.625,1.663993684210526,0.018363319187919634,1.1116703859649124,0.02007911812492463,1.6883508771929827,0.0470989766996666,3,"1,2,3"
20,10.875,6.7908603508771925,0.06500469763596263,1.1237136842105262,0.020034254741955335,1.6542950877192981,0.04777094437586529,3,"1,2,3"
20,11.125,8.867825789473684,0.07818779999318802,1.1314870175438596,0.020867863846605456,1.5842887719298246,0.04800634801308798,3,"1,2,3"
20,11.375,5.994152105263157,0.039164295913789705,1.1354077192982455,0.021050815642441614,1.4914736842105263,0.047421886798746045,3,"1,2,3"
20,11.625,3.1737361403508775,0.02636796905916943,1.1356336842105261,0.02026147001856048,1.400372105263158,0.04677541699336366,3,"1,2,3"
20,11.875,1.7040499999999998,0.02626559510893656,1.1329463157894737,0.019274085142475837,1.3260819298245614,0.04644166973705316,3,"1,2,3"
20,12.125,1.0158075964912279,0.0026604621132805283,1.1307896491228069,0.019964907774488373,1.2734826315789471,0.046227910990770706,3,"1,2,3"
20,12.375,0.7229336140350878,0.01299366799703746,1.1334615789473685,0.02145240206133788,1.241366140350877,0.046320712837074056,3,"1,2,3"
20,12.625,0.5962973859649122,0.01989046818079492,1.1423594736842106,0.021790013231729917,1.225977894736842,0.04680214082475544,3,"1,2,3"
20,12.875,0.5772998596491229,0.013879338664446121,1.1566894736842108,0.024298167576035236,1.2226529824561405,0.04762870915331376,3,"1,2,3"
20,13.125,0.5905608245614035,0.014636304115874434,1.1792736842105265,0.025869108523641594,1.227609298245614,0.04839520669154276,3,"1,2,3"
20,13.375,0.622109052631579,0.013136463330473327,1.2082219298245613,0.028629754954585595,1.2374343859649122,0.049329360776268504,3,"1,2,3"
20,13.625,0.6706071052631578,0.012128296142433076,1.242645789473684,0.030173632441866178,1.2492559649122805,0.050226573323652726,3,"1,2,3"
20,13.875,0.7190821754385963,0.017769332042640567,1.277598947368421,0.031217505515338258,1.2612250877192983,0.05097476702077616,3,"1,2,3"
20,14.125,0.7628915263157894,0.011876024997664483,1.3105270175438597,0.032384764954675814,1.2720708771929823,0.05159572711186383,3,"1,2,3"
20,14.375,0.8067750350877193,0.017870969571522528,1.3403056140350877,0.033232019764714196,1.2812487719298247,0.052422552816787496,3,"1,2,3"
20,14.625,0.8394440877192983,0.013662757803615064,1.367641052631579,0.03348938292087587,1.2886829824561403,0.05296335439385254,3,"1,2,3"
20,14.875,0.8713214561403508,0.0043282005021659355,1.392541403508772,0.033132481016476444,1.2948073684210526,0.05319444069600033,3,"1,2,3"
20,15.125,0.884276754385965,0.014921912381823204,1.4164271929824563,0.03242222095848121,1.2995682456140354,0.05346648976732442,3,"1,2,3"
20,15.375,0.9017557192982456,0.029402064984305715,1.4400915789473683,0.032655957031449585,1.303184561403509,0.05369844480078344,3,"1,2,3"
20,15.625,0.9118228421052632,0.0320324637642925,1.4623219298245613,0.03236885910795673,1.3059619298245613,0.053781449506772785,3,"1,2,3"
20,15.875,0.9206306140350877,0.036601151836275304,1.4815026315789475,0.0321731344743113,1.308184912280702,0.054045328262364675,3,"1,2,3"
20,16.125,0.9192643157894738,0.02289054220743427,1.4847989473684209,0.03242050456075846,1.308485438596491,0.05418356257092941,3,"1,2,3"
20,16.375,0.9333986140350877,0.02065882494565993,1.4536554385964913,0.033157564209807096,1.3061999999999998,0.054396327626778096,3,"1,2,3"
20,16.625,0.9227496666666667,0.02041061091385765,1.381664210526316,0.032530805015814006,1.3007998245614034,0.054637853701671645,3,"1,2,3"
20,16.875,0.9278276140350877,0.018605805703513237,1.2906821052631583,0.031276349284425645,1.2938657894736842,0.05465789846860761,3,"1,2,3"
20,17.125,0.9557658421052632,0.007622598287696033,1.2060805263157894,0.029839935587452904,1.2874514035087719,0.05485535113354026,3,"1,2,3"
20,17.375,0.9729218421052632,0.015386017887304074,1.1424117543859649,0.029193502740809077,1.2824210526315787,0.05502790776389422,3,"1,2,3"
20,17.625,0.974922456140351,0.03132945499145422,1.1025785964912282,0.02947415621593644,1.27968,0.05554171067370367,3,"1,2,3"
20,17.875,0.9954159649122808,0.017992714328201775,1.0842422807017547,0.029316981021906698,1.2787898245614036,0.055950336938845366,3,"1,2,3"
20,18.125,1.0251772807017545,0.017722128071689023,1.081055789473684,0.02950115119903519,1.2795391228070176,0.056440104590226824,3,"1,2,3"
20,18.375,1.0818614385964913,0.0237964679642594,1.0875119298245615,0.030205804644569876,1.281820350877193,0.05693575932572555,3,"1,2,3"
20,18.625,1.1433959649122805,0.027089179232848475,1.099521754385965,0.03083512616184742,1.2851712280701753,0.05732411844229437,3,"1,2,3"
20,18.875,1.2729031578947367,0.0353351759245334,1.1127959649122805,0.03126634459904184,1.2893296491228072,0.05768527234317473,3,"1,2,3"
20,19.125,1.387609298245614,0.03737217883090855,1.125990350877193,0.03153796190108216,1.2935180701754385,0.057882538819180145,3,"1,2,3"
20,19.375,1.4078250877192982,0.04463252508996592,1.1383308771929823,0.032061325345142,1.2970594736842107,0.05786267429400662,3,"1,2,3"
20,19.625,1.3646159649122807,0.034973326584137314,1.1486870175438597,0.03282667538271344,1.2995470175438597,0.05787843949615713,3,"1,2,3"
20,19.875,1.3442231578947368,0.029265366851500652,1.1576780701754388,0.03295468472192623,1.3008347368421054,0.05769195120460919,3,"1,2,3"
20,20.125,1.3190947368421053,0.007227991410744266,1.165490701754386,0.033705822157865224,1.3008787719298247,0.05758052149830907,3,"1,2,3"
20,20.375,1.324281052631579,0.01192017131632454,1.171740350877193,0.03376393312570313,1.2998633333333334,0.05731303431319355,3,"1,2,3"
20,20.625,1.3730575438596493,0.022675404910898284,1.1770429824561404,0.03378506929903768,1.2978666666666665,0.05715311152861475,3,"1,2,3"
20,20.875,1.4086643859649122,0.021873901427983452,1.1805066666666664,0.03396140804835169,1.2948933333333335,0.05695121504882139,3,"1,2,3"
20,21.125,1.4310236842105264,0.02973865930482377,1.1836040350877193,0.03350138150245589,1.2915003508771932,0.0566865927928491,3,"1,2,3"
20,21.375,1.4735749122807018,0.02990524812220848,1.1855701754385966,0.03325117097566169,1.2872843859649121,0.05660038271119071,3,"1,2,3"
20,21.625,1.4765659649122806,0.02848345897445171,1.1866254385964912,0.03266373585133968,1.2826773684210526,0.056432716991113185,3,"1,2,3"
20,21.875,1.4371975438596492,0.015402352965868482,1.1868784210526317,0.032177064915182345,1.278186842105263,0.05619053691651147,3,"1,2,3"
20,22.125,1.3562933333333334,0.02315020566263323,1.186642456140351,0.03214059863154336,1.274193333333333,0.056063713182375206,3,"1,2,3"
20,22.375,1.2415468421052627,0.018217685830212053,1.1863596491228068,0.032649537393787266,1.271412105263158,0.05605514515243843,3,"1,2,3"
20,22.625,1.1370167894736842,0.01622519667496429,1.1859608771929826,0.03332310922702859,1.2702715789473684,0.056148116893228,3,"1,2,3"
20,22.875,1.0516807192982458,0.017057982679222015,1.1862087719298247,0.033646438944062156,1.2709512280701754,0.056230126619755474,3,"1,2,3"
20,23.125,1.0166771754385966,0.016115739676394982,1.188346842105263,0.03411689864330957,1.2732770175438597,0.05634189994035428,3,"1,2,3"
20,23.375,1.0054352280701755,0.014769796068858511,1.192637543859649,0.03468786457160506,1.2768761403508773,0.05653172377726219,3,"1,2,3"
20,23.625,1.0017354736842103,0.01900474110973898,1.2004900000000003,0.035262684665586214,1.2814305263157897,0.05661088339484036,3,"1,2,3"
20,23.875,1.0084402807017543,0.01242635289905317,1.2141457894736845,0.03554177327920054,1.2865342105263158,0.05692748609205272,3,"1,2,3"
20,24.125,1.0114286491228073,0.013740473907034837,1.2364121052631578,0.035827130313241536,1.2922229824561404,0.057121514826002515,3,"1,2,3"
20,24.375,1.0130574385964912,0.016565652095598772,1.266872807017544,0.0360796843087836,1.298172105263158,0.05733059018379128,3,"1,2,3"
20,24.625,1.033132947368421,0.009555070730014919,1.297009298245614,0.035248520676039445,1.3037684210526315,0.05753252485070633,3,"1,2,3"
20,24.875,1.0437597368421052,0.01218064068684448,1.3101554385964913,0.03401841167970987,1.3079157894736841,0.05762514622274711,3,"1,2,3"
20,0.125,0.0,0.0,0.0,0.0,0.0,0.0,3,"1,2,3"
20,0.375,0.0,0.0,0.0,0.0,0.0,0.0,3,"1,2,3"
20,0.625,0.0,0.0,0.0,0.0,0.0,0.0,3,"1,2,3"
20,0.875,0.0,0.0,0.0,0.0,0.1098919298245614,0.0002112244273160401,3,"1,2,3"
20,1.125,0.0,0.0,0.0,0.0,3.025280175438597,0.007071554769461616,3,"1,2,3"
20,1.375,0.0,0.0,0.0,0.0,4.768582456140351,0.007087898369285779,3,"1,2,3"
20,1.625,0.0,0.0,0.0,0.0,6.135223157894736,0.006481176252350608,3,"1,2,3"
20,1.875,0.0,0.0,0.0,0.0,3.70112649122807,0.009683860828290628,3,"1,2,3"
20,2.125,0.0,0.0,0.0,0.0,2.605795438596491,0.011521521724586174,3,"1,2,3"
20,2.375,0.0,0.0,0.0,0.0,2.6521963157894737,0.01479463697720119,3,"1,2,3"
20,2.625,0.0,0.0,0.0,0.0,2.4633608771929825,0.01657134877013812,3,"1,2,3"
20,2.875,0.0,0.0,0.0,0.0,2.3247726315789468,0.019994732358006733,3,"1,2,3"
20,3.125,0.0,0.0,0.0,0.0,2.32966,0.022559240649650487,3,"1,2,3"
20,3.375,0.0,0.0,0.0,0.0,2.2790514035087717,0.025830555693760297,3,"1,2,3"
20,3.625,0.0,0.0,0.0,0.0,2.1920442105263156,0.0277326311228047,3,"1,2,3"
20,3.875,0.0,0.0,0.0,0.0,2.088959649122807,0.02921981207341021,3,"1,2,3"
20,4.125,0.0,0.0,0.0,0.0,1.9859735087719297,0.02946388593502453,3,"1,2,3"
20,4.375,0.0,0.0,0.0,0.0,1.8935580701754384,0.030357340446594792,3,"1,2,3"
20,4.625,0.0,0.0,0.00032568324561403503,1.7722754828096838e-05,1.8182954385964916,0.030703038917489125,3,"1,2,3"
20,4.875,0.0,0.0,0.21469115789473683,0.00016624942602254581,1.7761657894736842,0.03067832838206217,3,"1,2,3"
20,5.125,0.0,0.0,3.3961182456140353,0.00882284860431223,1.9434491228070179,0.030327874876446538,3,"1,2,3"
20,5.375,0.0,0.0,9.007913333333335,0.011974803420476365,2.281526140350877,0.030866674320790398,3,"1,2,3"
20,5.625,0.0,0.0,10.155415964912281,0.0240273277407733,2.3393214035087717,0.03219179203592824,3,"1,2,3"
20,5.875,0.0,0.0,7.954764385964913,0.02217739115737505,2.1853710526315795,0.03298206065739024,3,"1,2,3"
20,6.125,0.0,0.0,5.236698245614035,0.013044289880704019,1.9992977192982455,0.033289805039147344,3,"1,2,3"
20,6.375,0.0,0.0,3.1761798245614035,0.01137988639140646,1.8554003508771928,0.03315124108216462,3,"1,2,3"
20,6.625,0.0,0.0,1.9691168421052632,0.011932685459336807,1.764652456140351,0.03328595260577807,3,"1,2,3"
20,6.875,0.0,0.0,1.2949838596491228,0.01084897629607609,1.7068505263157894,0.03344740922050865,3,"1,2,3"
20,7.125,0.0,0.0,0.9324076666666666,0.011923923151267274,1.6681405263157896,0.03325128292361788,3,"1,2,3"
20,7.375,0.0,0.0,0.7602171578947368,0.012136496092890374,1.641678947368421,0.03367998321335793,3,"1,2,3"
20,7.625,0.0,0.0,0.7038817368421054,0.013184655574867513,1.6239098245614034,0.03401120543538187,3,"1,2,3"
20,7.875,0.0,0.0,0.717275596491228,0.015204841900022484,1.6135805263157892,0.034470849019612934,3,"1,2,3"
20,8.125,0.0,0.0,0.7677761403508772,0.01609902676952312,1.6082566666666667,0.035079994062728284,3,"1,2,3"
20,8.375,0.0,0.0,0.8309139824561402,0.01835776020614702,1.6080663157894735,0.03628895732111026,3,"1,2,3"
20,8.625,0.0,0.0,0.8922490526315788,0.020783157507810433,1.6122198245614034,0.03766204278240292,3,"1,2,3"
20,8.875,0.0,0.0,0.9433752456140351,0.020620298922325166,1.6187761403508774,0.03910688069270029,3,"1,2,3"
20,9.125,0.0,0.0,0.9844215789473681,0.02047814926312532,1.6288266666666662,0.04052268728648713,3,"1,2,3"
20,9.375,0.0,0.0,1.0155674736842106,0.02045169123214137,1.6409049122807016,0.041762866279469874,3,"1,2,3"
20,9.625,0.0,0.0,1.0392021578947368,0.018770360854140376,1.654377192982456,0.04272350431903801,3,"1,2,3"
20,9.875,0.0,0.0,1.0599060175438595,0.01919334774289155,1.669124736842105,0.043404494554747375,3,"1,2,3"
20,10.125,0.0003981317543859649,0.00023428640648367715,1.0787470000000001,0.018332654720438168,1.683885438596491,0.04432187726933904,3,"1,2,3"
20,10.375,0.07425069824561402,0.005725880494797979,1.0955605263157893,0.01809480357294569,1.6941978947368421,0.04515421973145782,3,"1,2,3"
20,10.625,1.6518124561403509,0.014592181315881242,1.111527192982456,0.016783597400591318,1.6882375438596489,0.04577826762722483,3,"1,2,3"
20,10.875,6.871549999999999,0.09834861807464844,1.1232531578947367,0.017368136329404524,1.6541292982456142,0.04639611273861788,3,"1,2,3"
20,11.125,8.877741578947369,0.057306816475782146,1.130660701754386,0.018953316027207543,1.584060701754386,0.046611789580048635,3,"1,2,3"
20,11.375,5.961705614035087,0.04108094957713902,1.134780701754386,0.01998707666648364,1.4911938596491228,0.04582425606612212,3,"1,2,3"
20,11.625,3.1718698245614037,0.03787325947494345,1.1344138596491227,0.020142687930608135,1.4000571929824561,0.045223766548339595,3,"1,2,3"
20,11.875,1.6967952631578946,0.01438394975402485,1.132203157894737,0.020123412328190596,1.3259391228070176,0.04471574236445888,3,"1,2,3"
20,12.125,1.004487052631579,0.012443668995450323,1.1315294736842105,0.020364066396097717,1.2732740350877192,0.04464417561879778,3,"1,2,3"
20,12.375,0.7160179473684211,0.02188952435688446,1.1335880701754386,0.020296358084463617,1.2410198245614035,0.04444063554862299,3,"1,2,3"
20,12.625,0.5939603684210527,0.01785968306499036,1.1414159649122804,0.020448493077216235,1.2253594736842104,0.044857030388267126,3,"1,2,3"
20,12.875,0.5645990877192982,0.01459747497671792,1.1565342105263159,0.02185103485614361,1.2217807017543858,0.045330584479556686,3,"1,2,3"
20,13.125,0.5830055087719298,0.010665150329115327,1.1782442105263156,0.022702780338269495,1.2264480701754386,0.045691082336137466,3,"1,2,3"
20,13.375,0.6329772105263157,0.0037667386646874977,1.2070147368421054,0.025048384362817516,1.235880701754386,0.04642386672524828,3,"1,2,3"
20,13.625,0.6784139649122807,0.008313444086456529,1.240022456140351,0.02730743720576317,1.247388245614035,0.047212643443177146,3,"1,2,3"
20,13.875,0.7199539824561403,0.022682673113095738,1.2755166666666666,0.029050357145694646,1.2592745614035088,0.0478687356380456,3,"1,2,3"
20,14.125,0.7612746315789473,0.008767510204265604,1.3085970175438595,0.03158809590386285,1.2701275438596493,0.04833197643906791,3,"1,2,3"
20,14.375,0.8049664035087719,0.012008736199785389,1.3399943859649124,0.03148651658348413,1.2793247368421055,0.04869068856474068,3,"1,2,3"
20,14.625,0.8283475438596491,0.01013376579728512,1.3688407017543858,0.030966739391450594,1.286927894736842,0.04892726721943814,3,"1,2,3"
20,14.875,0.8628207368421053,0.01706232921951732,1.3945724561403512,0.030821393357853718,1.2931457894736842,0.04926956126287318,3,"1,2,3"
20,15.125,0.8774142631578946,0.012341996110915233,1.4195984210526316,0.03134124277688478,1.2979419298245614,0.04970258195569398,3,"1,2,3"
20,15.375,0.888249754385965,0.013393768156634327,1.4434845614035086,0.0308576310013036,1.301748596491228,0.05020050476570827,3,"1,2,3"
20,15.625,0.9167384912280702,0.017749979767578816,1.4645868421052632,0.03119292531421731,1.3048821052631576,0.05073608093081197,3,"1,2,3"
20,15.875,0.9154804561403509,0.028186655461379124,1.482247543859649,0.031112111088554915,1.306743157894737,0.05133170901784327,3,"1,2,3"
20,16.125,0.9199415614035087,0.03761518127505411,1.4843894736842105,0.03179994461861529,1.3071126315789474,0.05207325375825279,3,"1,2,3"
20,16.375,0.9238868771929823,0.041926927891377204,1.4515633333333333,0.031115616587646562,1.3046100000000003,0.05254135816849618,3,"1,2,3"
20,16.625,0.9347939649122806,0.028161197735421525,1.3806291228070176,0.03003939517808971,1.2993943859649122,0.0529356435176923,3,"1,2,3"
20,16.875,0.9492298596491228,0.01793568771310642,1.29054649122807,0.028395843733472672,1.292672280701754,0.053141428772234225,3,"1,2,3"
20,17.125,0.9550010877192983,0.019778107657139134,1.2063487719298245,0.027158941426631434,1.2863980701754387,0.053277731267385074,3,"1,2,3"
20,17.375,0.9628272807017543,0.02217136593401753,1.1429477192982458,0.02663787386366647,1.2816752631578947,0.0536050061246627,3,"1,2,3"
20,17.625,0.9795125263157894,0.010443196860122796,1.1034391228070175,0.027009891014575897,1.2790682456140348,0.05376584795862288,3,"1,2,3"
20,17.875,0.9998502631578948,0.012017416585623962,1.0846340350877195,0.026869255324379098,1.2784556140350878,0.054038887239964375,3,"1,2,3"
20,18.125,1.0283199824561404,0.01459124434840867,1.0810143859649122,0.027197903418917015,1.2794073684210527,0.05441861207497137,3,"1,2,3"
20,18.375,1.0753617368421053,0.02050563019021104,1.0862663157894739,0.027821087483632524,1.2817836842105261,0.054665435793971394,3,"1,2,3"
20,18.625,1.158433105263158,0.026215208637253778,1.0970559649122809,0.028365092863171484,1.2851563157894736,0.055144589522883314,3,"1,2,3"
20,18.875,1.2580033333333331,0.043225480973808066,1.110273157894737,0.028868779025111937,1.2891366666666666,0.055485915310513584,3,"1,2,3"
20,19.125,1.3857950877192984,0.03460391691686859,1.1241047368421053,0.029043750218893376,1.293359298245614,0.055665869845177164,3,"1,2,3"
20,19.375,1.4192936842105262,0.03587171983389132,1.136487894736842,0.029453581342924858,1.297074385964912,0.05571835732501307,3,"1,2,3"
20,19.625,1.3870064912280702,0.03141864333627471,1.1472426315789472,0.0306492993628112,1.299695087719298,0.05589556304991733,3,"1,2,3"
20,19.875,1.353872105263158,0.007688610816531564,1.1567828070175439,0.031117519039879905,1.301128947368421,0.05584972692667291,3,"1,2,3"
20,20.125,1.33646,0.01390875263997465,1.1653399999999998,0.03262691499210638,1.3013514035087719,0.05590199003775799,3,"1,2,3"
20,20.375,1.3435770175438595,0.015531453502221241,1.171401754385965,0.03421146037141419,1.3001550877192982,0.05595701785105807,3,"1,2,3"
20,20.625,1.3764317543859648,0.022802589687587017,1.1776,0.03466987657914193,1.2982178947368421,0.05594648203981708,3,"1,2,3"
20,20.875,1.4103531578947368,0.02582228856798472,1.18179649122807,0.03584013683013029,1.29533,0.05590076102601071,3,"1,2,3"
20,21.125,1.4467810526315787,0.03862931583791333,1.1851222807017543,0.03678419335731008,1.291654385964912,0.05584549432369006,3,"1,2,3"
20,21.375,1.4599833333333334,0.044854681379013175,1.1871831578947367,0.036266473962913465,1.287285614035088,0.05567853957348941,3,"1,2,3"
20,21.625,1.4545140350877197,0.03152625940988256,1.1889205263157894,0.03548376214802045,1.28272,0.05547806568635175,3,"1,2,3"
20,21.875,1.4293591228070177,0.018271369114877686,1.1893200000000002,0.03455711025876973,1.278284561403509,0.055341276443199104,3,"1,2,3"
20,22.125,1.3389052631578948,0.014490069009761916,1.1887784210526315,0.034258306765748654,1.2743549122807016,0.05523045530360959,3,"1,2,3"
20,22.375,1.2367477192982455,0.013401823199332693,1.1881822807017544,0.03330348372365465,1.27166350877193,0.05523423909404318,3,"1,2,3"
20,22.625,1.1356766140350878,0.010193298486177777,1.1879856140350877,0.032360036732780206,1.2704373684210528,0.05523508297893426,3,"1,2,3"
20,22.875,1.0728672280701756,0.023304913031821067,1.1882005263157893,0.032004885733327056,1.2708822807017544,0.05548185705355784,3,"1,2,3"
20,23.125,1.016429385964912,0.014349097813055493,1.189529298245614,0.03236353408361072,1.2729159649122808,0.05574786479202962,3,"1,2,3"
20,23.375,0.9916601228070174,0.015071986831827682,1.193759649122807,0.032158848839704816,1.2762850877192982,0.05602578586571852,3,"1,2,3"
20,23.625,0.9823183157894736,0.021584525015911387,1.2013170175438594,0.03274923254359586,1.2807222807017542,0.0563771981328766,3,"1,2,3"
20,23.875,0.9922399298245613,0.02274324632266281,1.215069649122807,0.03355849827302177,1.2858219298245614,0.056787889066771007,3,"1,2,3"
20,24.125,1.0047836140350876,0.01576040777253757,1.2371594736842104,0.03418583348793771,1.291600350877193,0.05713409709810571,3,"1,2,3"
20,24.375,1.0201498596491227,0.008409377929342453,1.2677480701754387,0.034489319463174614,1.297744210526316,0.057341985803761056,3,"1,2,3"
20,24.625,1.026984596491228,0.013446391171022783,1.2975501754385963,0.03463005227086958,1.3033994736842107,0.05752947058812194,3,"1,2,3"
20,24.875,1.0489124210526315,0.02172034924706768,1.3111529824561403,0.033775615790649395,1.307638596491228,0.057719366221364456,3,"1,2,3"
24,0.125,0.0,0.0,0.0,0.0,0.0,0.0,3,"1,2,3"
24,0.375,0.0,0.0,0.0,0.0,0.0,0.0,3,"1,2,3"
24,0.625,0.0,0.0,0.0,0.0,0.0,0.0,3,"1,2,3"
24,0.875,0.0,0.0,0.0,0.0,0.11937094736842106,0.0009271323683485193,3,"1,2,3"
24,1.125,0.0,0.0,0.0,0.0,3.248474561403509,0.014491515385197945,3,"1,2,3"
24,1.375,0.0,0.0,0.0,0.0,5.090977894736842,0.018567941549085847,3,"1,2,3"
24,1.625,0.0,0.0,0.0,0.0,6.563091754385965,0.01484090598821169,3,"1,2,3"
24,1.875,0.0,0.0,0.0,0.0,4.2193621052631585,0.02290905107675296,3,"1,2,3"
24,2.125,0.0,0.0,0.0,0.0,3.0797756140350874,0.029146416641095362,3,"1,2,3"
24,2.375,0.0,0.0,0.0,0.0,3.0556070175438594,0.02900247412101306,3,"1,2,3"
24,2.625,0.0,0.0,0.0,0.0,2.7659263157894736,0.0337898076908672,3,"1,2,3"
24,2.875,0.0,0.0,0.0,0.0,2.505565614035088,0.035485988558797484,3,"1,2,3"
24,3.125,0.0,0.0,0.0,0.0,2.4041522807017537,0.03620136921223919,3,"1,2,3"
24,3.375,0.0,0.0,0.0,0.0,2.2682814035087717,0.03742063025974601,3,"1,2,3"
24,3.625,0.0,0.0,0.0,0.0,2.1171987719298246,0.03828282486514378,3,"1,2,3"
24,3.875,0.0,0.0,0.0,0.0,1.9704063157894733,0.037840014394571575,3,"1,2,3"
24,4.125,0.0,0.0,0.0,0.0,1.840485087719298,0.038142376736494184,3,"1,2,3"
24,4.375,0.0,0.0,0.0,0.0,1.7362145614035087,0.038877627802527355,3,"1,2,3"
24,4.625,0.0,0.0,0.0015787433333333334,3.986754181262738e-05,1.656611052631579,0.03860800891705296,3,"1,2,3"
24,4.875,0.0,0.0,0.5700740877192984,0.0032947406065595183,1.637346842105263,0.03867712697766664,3,"1,2,3"
24,5.125,0.0,0.0,5.684430350877193,0.022699986301439514,1.9314191228070172,0.0381169504136083,3,"1,2,3"
24,5.375,0.0,0.0,10.563984210526316,0.006954051809204383,2.223378771929825,0.04010790605633854,3,"1,2,3"
24,5.625,0.0,0.0,9.402874210526315,0.03219273869308665,2.132205614035088,0.04291528303608289,3,"1,2,3"
24,5.875,0.0,0.0,6.554322982456141,0.046354297572911235,1.9350261403508773,0.04432744961477673,3,"1,2,3"
24,6.125,0.0,0.0,4.105094385964912,0.03784095154118919,1.764527192982456,0.043544909849924957,3,"1,2,3"
24,6.375,0.0,0.0,2.4350394736842103,0.025658689761861957,1.643891403508772,0.04324455601780408,3,"1,2,3"
24,6.625,0.0,0.0,1.502574736842105,0.018764786883347925,1.5692507017543857,0.04208166168863898,3,"1,2,3"
24,6.875,0.0,0.0,0.9907415263157895,0.012321308878155548,1.5207403508771928,0.04092584819947416,3,"1,2,3"
24,7.125,0.0,0.0,0.7180530877192983,0.01093417101049153,1.4870808771929827,0.04007858344130632,3,"1,2,3"
24,7.375,0.0,0.0,0.5934253859649123,0.011130817889153617,1.4640877192982458,0.039754569916423024,3,"1,2,3"
24,7.625,0.0,0.0,0.5589841228070176,0.013986741653966432,1.4484085964912279,0.039596226077045146,3,"1,2,3"
24,7.875,0.0,0.0,0.5747080175438598,0.015624953888306254,1.4382964912280702,0.03997231544341991,3,"1,2,3"
24,8.125,0.0,0.0,0.613674947368421,0.01697784771865666,1.4323233333333334,0.04049040819200955,3,"1,2,3"
24,8.375,0.0,0.0,0.6564385614035089,0.019801392495329192,1.4293098245614033,0.04058995262587169,3,"1,2,3"
24,8.625,0.0,0.0,0.6951616491228071,0.02123067914006845,1.4285173684210524,0.04107639856552159,3,"1,2,3"
24,8.875,0.0,0.0,0.7259634736842105,0.02157471766638244,1.4296671929824563,0.04184046448804017,3,"1,2,3"
24,9.125,0.0,0.0,0.7497947543859649,0.02177170462630044,1.4326417543859649,0.042080817456953905,3,"1,2,3"
24,9.375,0.0,0.0,0.7699409824561404,0.022145157384477022,1.4377724561403509,0.04252049953567465,3,"1,2,3"
24,9.625,0.0,0.0,0.7896794736842105,0.023207904874560814,1.4442617543859646,0.04265303564938521,3,"1,2,3"
24,9.875,0.0,0.0,0.8092062631578948,0.023136272040652193,1.4525105263157896,0.042845592881449165,3,"1,2,3"
24,10.125,8.616270175438596e-05,6.358489985324248e-05,0.8308680701754385,0.022849298578990714,1.4598133333333332,0.043008964154706585,3,"1,2,3"
24,10.375,0.08404417368421054,0.0035479878275120396,0.8523227368421052,0.023153089051964452,1.4547194736842106,0.04296933200208554,3,"1,2,3"
24,10.625,2.106107368421053,0.027227382026934487,0.8728175263157895,0.02303814477352127,1.4214847368421053,0.0427657821013977,3,"1,2,3"
24,10.875,7.220968771929825,0.05338494331312409,0.8907089824561402,0.023540006524730688,1.3572759649122805,0.04236241538416653,3,"1,2,3"
24,11.125,6.89805350877193,0.09701690049182332,0.904016105263158,0.02240315677350593,1.267164561403509,0.04130695128695615,3,"1,2,3"
24,11.375,3.4628043859649122,0.08592598596764606,0.9126215614035088,0.02170786536345143,1.1737401754385963,0.039615068754869684,3,"1,2,3"
24,11.625,1.522492807017544,0.04432279724217425,0.9188406666666667,0.02069512319343328,1.0968545614035088,0.038206919266540615,3,"1,2,3"
24,11.875,0.7750844385964912,0.012668473414882685,0.9237994385964913,0.019476087849778556,1.0413152631578948,0.03704172019549774,3,"1,2,3"
24,12.125,0.4844466140350878,0.01282082209990178,0.9302130877192983,0.01822640226151575,1.006493298245614,0.03617599406105288,3,"1,2,3"
24,12.375,0.36956892982456147,0.0033547963952826076,0.9403428596491229,0.017523740113374608,0.988341543859649,0.03573538051720957,3,"1,2,3"
24,12.625,0.34421589473684205,0.002230449549112383,0.9547543157894736,0.017584586418946425,0.9823635614035089,0.035486467721937615,3,"1,2,3"
24,12.875,0.3740107017543859,0.002132343222020664,0.9738642280701754,0.018366656609586474,0.9849127192982455,0.03552969933936377,3,"1,2,3"
24,13.125,0.4485278947368421,0.003835070084629024,0.9976479649122808,0.018832976884033875,0.9922994035087719,0.03577321882453442,3,"1,2,3"
24,13.375,0.5355855087719298,0.016280423643665907,1.0222757368421052,0.018732943006336978,1.0022795964912279,0.03583679509063438,3,"1,2,3"
24,13.625,0.614934,0.03780381296113847,1.047196403508772,0.01957449623060732,1.0129669473684213,0.03592064359582055,3,"1,2,3"
24,13.875,0.7055497894736842,0.03922606077119029,1.0726936842105264,0.019666379370955032,1.0232310350877194,0.03589664393494087,3,"1,2,3"
24,14.125,0.7743064561403509,0.036727192978626255,1.0958850877192985,0.019873547670570983,1.0325714736842107,0.03579471262014313,3,"1,2,3"
24,14.375,0.8262853859649123,0.03955636868456704,1.1173743859649123,0.019678680006129223,1.041261964912281,0.03576078594102376,3,"1,2,3"
24,14.625,0.8523318245614036,0.02495631060354471,1.1378736842105264,0.018884880251771027,1.0490070350877192,0.03554054917245696,3,"1,2,3"
24,14.875,0.8927730350877193,0.01039327169326365,1.158916140350877,0.019515317091187326,1.0561351403508772,0.03551845494096041,3,"1,2,3"
24,15.125,0.9083950877192982,0.009884573538943649,1.1800519298245613,0.018669866460019408,1.0627259649122804,0.035295907208433605,3,"1,2,3"
24,15.375,0.918369052631579,0.012500981589677117,1.2015180701754387,0.018080143949437404,1.068602087719298,0.035177745252811754,3,"1,2,3"
24,15.625,0.936769,0.013956428155136804,1.2222199999999999,0.017457073318980634,1.074043403508772,0.034971962597266114,3,"1,2,3"
24,15.875,0.938617403508772,0.01230959136840553,1.2349731578947367,0.01716480652411079,1.0783406666666666,0.034825463789660935,3,"1,2,3"
24,16.125,0.949948140350877,0.016818668123061167,1.2225407017543857,0.016912497334275314,1.0803008245614032,0.034641911556931346,3,"1,2,3"
24,16.375,0.9522781403508773,0.012020177362544363,1.1732564912280703,0.016720181834496858,1.0794577192982455,0.03449735467619613,3,"1,2,3"
24,16.625,0.9627983684210527,0.00775568437315686,1.1023401754385964,0.016298675655762238,1.076543596491228,0.03432175180438975,3,"1,2,3"
24,16.875,0.9716013684210525,0.01776022393552725,1.0357147368421054,0.01463556641519648,1.073759052631579,0.03407912556945903,3,"1,2,3"
24,17.125,0.973721754385965,0.020139444410923277,0.9864189298245615,0.012983489199794116,1.0720338771929825,0.03402017518655068,3,"1,2,3"
24,17.375,0.9753104912280701,0.011136301038935478,0.9583343333333333,0.012243807929242699,1.0715838070175439,0.033998842681577754,3,"1,2,3"
24,17.625,0.9881840350877193,0.01818626902519981,0.9473999298245616,0.011872293142457758,1.0723809122807018,0.033901119097317106,3,"1,2,3"
24,17.875,0.9772801403508774,0.010987502290856054,0.9478585087719299,0.012582109353177452,1.073894596491228,0.03399024341250885,3,"1,2,3"
24,18.125,0.9825525087719299,0.011789841366003051,0.9560478245614035,0.013141566261058132,1.0760441228070174,0.034016067571315575,3,"1,2,3"
24,18.375,0.9908122807017544,0.016974648037334478,0.967765894736842,0.013638602244570176,1.078788789473684,0.034148030381858,3,"1,2,3"
24,18.625,1.022924263157895,0.013904932677122478,0.9816920000000001,0.013624001901754907,1.0818291228070176,0.03428960874428667,3,"1,2,3"
24,18.875,1.083184350877193,0.020377696885855622,0.9943596315789472,0.013579451443180325,1.08505950877193,0.034380138833183645,3,"1,2,3"
24,19.125,1.1520265263157896,0.0148882964185166,1.0055568070175438,0.013169745108686086,1.0884250877192985,0.03428853927806386,3,"1,2,3"
24,19.375,1.1721939473684213,0.012228086139207684,1.014905140350877,0.013514850512578598,1.0916684210526315,0.03427161712213501,3,"1,2,3"
24,19.625,1.1456545263157896,0.010833294119227184,1.0215240350877195,0.013505480007853761,1.0943873684210528,0.03433748394260675,3,"1,2,3"
24,19.875,1.1361061754385966,0.007439031781206558,1.0270283684210526,0.013541826392080335,1.096393859649123,0.03431492471823264,3,"1,2,3"
24,20.125,1.1418394736842103,0.005752325065910126,1.0300791578947368,0.014111391107274183,1.0976249122807016,0.03426652826911922,3,"1,2,3"
24,20.375,1.1628931228070176,0.005642586213026638,1.0322911929824563,0.015138412636866888,1.0982598245614035,0.03430640377063371,3,"1,2,3"
24,20.625,1.1878881929824563,0.008411246817208838,1.0338545964912278,0.016248246762460193,1.0981657894736843,0.03432360480103151,3,"1,2,3"
24,20.875,1.196716842105263,0.006757780345536778,1.0346657719298245,0.016651754652999867,1.0974091228070175,0.03419863058317154,3,"1,2,3"
24,21.125,1.2089194736842106,0.014401914237443492,1.0356047719298245,0.01713377508015614,1.0960529824561405,0.034244043759835724,3,"1,2,3"
24,21.375,1.2197912280701753,0.012177232758752002,1.0356046315789473,0.01663435182014776,1.0942633333333334,0.03423950485844786,3,"1,2,3"
24,21.625,1.1954017543859647,0.014995489419287928,1.0351592982456141,0.016788331299876516,1.0922621052631578,0.034234933725148305,3,"1,2,3"
24,21.875,1.136570456140351,0.03848756873753617,1.0340335087719297,0.016627716053358655,1.090859298245614,0.034233698593050234,3,"1,2,3"
24,22.125,1.0581512807017546,0.02113673703852814,1.0328064035087718,0.016124238295613578,1.0902784210526315,0.034259995854847194,3,"1,2,3"
24,22.375,0.9903905438596491,0.012805814777623738,1.0306783859649122,0.01649333484028917,1.091003859649123,0.03438097515891325,3,"1,2,3"
24,22.625,0.9507400877192982,0.007669908937441741,1.0285993333333334,0.016989549940823977,1.092868947368421,0.034410066590071495,3,"1,2,3"
24,22.875,0.9251416666666666,0.00848518936088047,1.027390754385965,0.017117657089703905,1.0959719298245612,0.03454900901717646,3,"1,2,3"
24,23.125,0.9096427192982457,0.0027531887297448645,1.026714684210526,0.017326042938366704,1.0997314035087717,0.034632890404255275,3,"1,2,3"
24,23.375,0.9264241578947369,0.009513591706203943,1.027672192982456,0.017565493879756512,1.104018947368421,0.034689583666548146,3,"1,2,3"
24,23.625,0.9382285263157896,0.008537068111205763,1.031444842105263,0.017648743825776532,1.108546140350877,0.03487678521153133,3,"1,2,3"
24,23.875,0.9450414385964914,0.009265355460054803,1.0403337192982456,0.01778609971712261,1.1132138596491228,0.03491808450039847,3,"1,2,3"
24,24.125,0.9525913333333333,0.01011549836103144,1.0567634736842106,0.017516988428464393,1.1179187719298247,0.034958321358362125,3,"1,2,3"
24,24.375,0.9663158070175438,0.005247117543904142,1.0815381929824561,0.017384108577035578,1.1229101754385964,0.034972381073060575,3,"1,2,3"
24,24.625,0.9725492280701754,0.006410086485261908,1.1138247368421053,0.01743629974108969,1.127920701754386,0.03501899352816211,3,"1,2,3"
24,24.875,0.9695816315789473,0.014309535383576075,1.1371863157894737,0.016637491659397746,1.1318033333333333,0.03501783081044757,3,"1,2,3"
24,0.125,0.0,0.0,0.0,0.0,0.0,0.0,3,"1,2,3"
24,0.375,0.0,0.0,0.0,0.0,0.0,0.0,3,"1,2,3"
24,0.625,0.0,0.0,0.0,0.0,0.0,0.0,3,"1,2,3"
24,0.875,0.0,0.0,0.0,0.0,0.11973724561403509,0.0002664224262385583,3,"1,2,3"
24,1.125,0.0,0.0,0.0,0.0,3.259325789473684,0.007477102010692575,3,"1,2,3"
24,1.375,0.0,0.0,0.0,0.0,5.093045087719298,0.015973213134088213,3,"1,2,3"
24,1.625,0.0,0.0,0.0,0.0,6.562867719298246,0.017187515473453114,3,"1,2,3"
24,1.875,0.0,0.0,0.0,0.0,4.225945438596491,0.02221089643964123,3,"1,2,3"
24,2.125,0.0,0.0,0.0,0.0,3.086277017543859,0.028083796129577836,3,"1,2,3"
24,2.375,0.0,0.0,0.0,0.0,3.0629673684210528,0.0325192834503141,3,"1,2,3"
24,2.625,0.0,0.0,0.0,0.0,2.7735852631578948,0.03315836472794167,3,"1,2,3"
24,2.875,0.0,0.0,0.0,0.0,2.5137540350877194,0.03499375438888521,3,"1,2,3"
24,3.125,0.0,0.0,0.0,0.0,2.4116185964912282,0.03628677871329318,3,"1,2,3"
24,3.375,0.0,0.0,0.0,0.0,2.273772631578947,0.03613014312578807,3,"1,2,3"
24,3.625,0.0,0.0,0.0,0.0,2.1218240350877196,0.035859183144052405,3,"1,2,3"
24,3.875,0.0,0.0,0.0,0.0,1.9741643859649123,0.0359451895883146,3,"1,2,3"
24,4.125,0.0,0.0,0.0,0.0,1.843807894736842,0.03588009103123866,3,"1,2,3"
24,4.375,0.0,0.0,0.0,0.0,1.7382122807017542,0.03594547373017446,3,"1,2,3"
24,4.625,0.0,0.0,0.0015391045614035089,3.433833051065751e-05,1.658098245614035,0.03631812327190401,3,"1,2,3"
24,4.875,0.0,0.0,0.5698817017543859,0.004039343612817258,1.637961754385965,0.03707262125590293,3,"1,2,3"
24,5.125,0.0,0.0,5.683707368421053,0.018808580500976276,1.9321836842105264,0.03730968758910087,3,"1,2,3"
24,5.375,0.0,0.0,10.570940350877192,0.007645014589673272,2.22404,0.03972018116385883,3,"1,2,3"
24,5.625,0.0,0.0,9.412412807017544,0.037408500212520464,2.1325031578947367,0.04239914638115287,3,"1,2,3"
24,5.875,0.0,0.0,6.562110175438597,0.046304759207550665,1.9355491228070172,0.04394250555159578,3,"1,2,3"
24,6.125,0.0,0.0,4.113588947368421,0.03613414187508724,1.7650205263157897,0.04430581075509952,3,"1,2,3"
24,6.375,0.0,0.0,2.4371122807017547,0.023830132954447428,1.6435852631578947,0.043974982376084305,3,"1,2,3"
24,6.625,0.0,0.0,1.501710350877193,0.0157477217823977,1.5690964912280705,0.04362177731806193,3,"1,2,3"
24,6.875,0.0,0.0,0.9912430877192983,0.008947545299834152,1.5207594736842103,0.04281908737015907,3,"1,2,3"
24,7.125,0.0,0.0,0.7158754385964913,0.007164279248802116,1.4870682456140354,0.04254931750341193,3,"1,2,3"
24,7.375,0.0,0.0,0.5919690350877193,0.008643589481960407,1.4638963157894738,0.0422299129387498,3,"1,2,3"
24,7.625,0.0,0.0,0.5580241052631579,0.010792880170419634,1.4478747368421054,0.042402489284320465,3,"1,2,3"
24,7.875,0.0,0.0,0.574061,0.013060416126099804,1.4369256140350875,0.04280805866507878,3,"1,2,3"
24,8.125,0.0,0.0,0.6132606491228071,0.0150923540212499,1.4305245614035087,0.042967583833040494,3,"1,2,3"
24,8.375,0.0,0.0,0.6567179298245615,0.017420276242854114,1.426870350877193,0.04337496108568114,3,"1,2,3"
24,8.625,0.0,0.0,0.6946525263157897,0.019006749294458034,1.4258905263157893,0.04375622237033113,3,"1,2,3"
24,8.875,0.0,0.0,0.7246817719298245,0.020347436944608933,1.4267101754385962,0.04427185522816033,3,"1,2,3"
24,9.125,0.0,0.0,0.7493027719298246,0.020395629720096568,1.4303940350877193,0.044869787119881176,3,"1,2,3"
24,9.375,0.0,0.0,0.7698970877192982,0.02114942409875115,1.4358892982456137,0.045317155792376246,3,"1,2,3"
24,9.625,0.0,0.0,0.7885348771929824,0.022109292914074808,1.443231754385965,0.045423406774254244,3,"1,2,3"
24,9.875,0.0,0.0,0.8085750701754386,0.02273192716083868,1.4518033333333331,0.04544174907169593,3,"1,2,3"
24,10.125,0.00011884522807017543,0.00010529701500226196,0.8288843684210527,0.022987412941947522,1.4594512280701757,0.045038456569299265,3,"1,2,3"
24,10.375,0.08336789298245616,0.0013248126875201843,0.8513353333333334,0.023161508016372564,1.4545698245614034,0.04481006955149948,3,"1,2,3"
24,10.625,2.139968245614035,0.03314709822649901,0.8710533157894735,0.023714210337899513,1.4215422807017546,0.0443909546997656,3,"1,2,3"
24,10.875,7.276797368421053,0.09179215973556644,0.8884369122807018,0.0227380589698872,1.3566312280701753,0.04328893381913328,3,"1,2,3"
24,11.125,6.8626587719298255,0.1009578105582303,0.902724561403509,0.022165299119750827,1.2664040350877193,0.04196232292882799,3,"1,2,3"
24,11.375,3.446620526315789,0.07153116760328192,0.9111294035087719,0.02263160894980999,1.172951929824561,0.040514132161144786,3,"1,2,3"
24,11.625,1.524034561403509,0.03970442029563729,0.9175378771929825,0.02190392442187255,1.0958049122807019,0.03899428222719701,3,"1,2,3"
24,11.875,0.7478232807017543,0.005822608500128428,0.9234488771929824,0.021362458173744697,1.0403712982456141,0.038097949700841134,3,"1,2,3"
24,12.125,0.45666122807017545,0.016430201322007253,0.9296921754385964,0.02127142142849882,1.005402649122807,0.03746094855920453,3,"1,2,3"
24,12.375,0.3577146315789474,0.029107256849612708,0.9399226842105263,0.0215149352189051,0.9869817543859648,0.03731535995210527,3,"1,2,3"
24,12.625,0.3436788245614036,0.028214595490445075,0.9554385087719298,0.022671973383725116,0.9810083157894738,0.03737287220112197,3,"1,2,3"
24,12.875,0.388280649122807,0.01852428505802719,0.9726436842105263,0.02238073804643702,0.983404245614035,0.037572849870697554,3,"1,2,3"
24,13.125,0.45424619298245617,0.015892389250379096,0.9945919999999999,0.023565954034983325,0.9907163684210527,0.037845722184296764,3,"1,2,3"
24,13.375,0.5366752280701755,0.027479225157664548,1.0185170701754387,0.024099335745658295,1.0006555087719298,0.038246606178922574,3,"1,2,3"
24,13.625,0.6215709473684211,0.01837417550283688,1.0444519649122805,0.023257910690645905,1.011588701754386,0.03839404124310873,3,"1,2,3"
24,13.875,0.7025483859649122,0.025896945115237772,1.0691526842105261,0.02362847902940099,1.0221312105263158,0.03843746683568303,3,"1,2,3"
24,14.125,0.7642761228070175,0.021337734635835923,1.0931287719298244,0.022390118666768447,1.032115052631579,0.038430429477276776,3,"1,2,3"
24,14.375,0.8134924035087719,0.017767636580667268,1.1163501754385965,0.022500590747690875,1.0411783333333333,0.03831233829296119,3,"1,2,3"
24,14.625,0.8543911052631579,0.0026066055754637527,1.1384229824561405,0.021739103643167466,1.049243859649123,0.03797192816472771,3,"1,2,3"
24,14.875,0.8826122105263158,0.00769801430824438,1.1609849122807017,0.02100067350339471,1.0567746491228067,0.037686256408845764,3,"1,2,3"
24,15.125,0.905327736842105,0.016666426950501415,1.18204,0.02047667490446444,1.0632492105263156,0.03741797752506782,3,"1,2,3"
24,15.375,0.912785859649123,0.010148274827605197,1.2034498245614038,0.019845528367454523,1.0690988596491227,0.037043498266492614,3,"1,2,3"
24,15.625,0.939392754385965,0.013792315686530686,1.2237145614035088,0.01980795747618296,1.0745050175438597,0.036635427635723423,3,"1,2,3"
24,15.875,0.9627416666666667,0.005758135961516329,1.235935964912281,0.01994214303790567,1.0787389122807018,0.03630996618252434,3,"1,2,3"
24,16.125,0.9749353508771929,0.009474923050806931,1.221573859649123,0.018895142801353255,1.0806418245614038,0.03573878785663236,3,"1,2,3"
24,16.375,0.9713303508771928,0.020284976824004243,1.1715142105263159,0.018008717254085118,1.0795755614035087,0.03534964734423308,3,"1,2,3"
24,16.625,0.9749476315789473,0.010713788023459923,1.1009656140350879,0.016587644504270704,1.0769304912280704,0.03483516717483196,3,"1,2,3"
24,16.875,0.974061754385965,0.021595190201651158,1.0342290175438598,0.016237859956002684,1.0739666140350876,0.034320272853885704,3,"1,2,3"
24,17.125,0.9765375087719298,0.008900896004814219,0.9857671578947369,0.014679218819051052,1.072205385964912,0.03393771556863014,3,"1,2,3"
24,17.375,0.9750315614035087,0.02794118728395744,0.9581161403508772,0.013935924726282389,1.0718255964912282,0.033606057657022924,3,"1,2,3"
24,17.625,0.9708431052631578,0.018587344779896844,0.9476944736842104,0.014118288160065176,1.0723288771929822,0.03335044411059098,3,"1,2,3"
24,17.875,0.9808492105263159,0.023505759272386316,0.948577438596491,0.014576853448611496,1.0739334035087718,0.033240597031030765,3,"1,2,3"
24,18.125,0.979086298245614,0.0177025671646903,0.95699949122807,0.014655706730225902,1.0761408771929826,0.03299884929394569,3,"1,2,3"
24,18.375,0.9885628245614034,0.012477095198317398,0.9690363333333333,0.015414164510520979,1.0788366842105261,0.032924633682046484,3,"1,2,3"
24,18.625,1.0143823157894738,0.01130260544056783,0.9827874385964912,0.01608133255024504,1.0818472280701756,0.032855194909507265,3,"1,2,3"
24,18.875,1.064683052631579,0.015959498844930815,0.9957458245614035,0.01596286398884534,1.0852276140350876,0.032782796775215055,3,"1,2,3"
24,19.125,1.1357202280701755,0.011026534793649357,1.007721192982456,0.015700616979033497,1.0887304385964915,0.03259675013564956,3,"1,2,3"
24,19.375,1.165227543859649,0.006356902390509383,1.0174285789473683,0.015277546038015384,1.0921665964912284,0.03251612078529626,3,"1,2,3"
24,19.625,1.1604599999999998,0.015268991704231677,1.024436561403509,0.014381914042441083,1.0951996491228069,0.0323042397822659,3,"1,2,3"
24,19.875,1.1436815087719299,0.008755380549345796,1.0297882631578947,0.014042820749611702,1.0974308771929826,0.032144010096798764,3,"1,2,3"
24,20.125,1.1523387719298246,0.019056170052017266,1.0338307543859646,0.014018361352421979,1.0989294736842103,0.03214950352231444,3,"1,2,3"
24,20.375,1.1691913859649121,0.019549805629898706,1.0353869122807018,0.01382032781529191,1.099620350877193,0.03226774559504264,3,"1,2,3"
24,20.625,1.1850759649122808,0.02077413332462621,1.036649,0.013326939465533932,1.0995968421052629,0.03237054284017042,3,"1,2,3"
24,20.875,1.1929159649122807,0.01934563877657557,1.0368852105263155,0.01329763377634774,1.0987092982456141,0.03258186782345166,3,"1,2,3"
24,21.125,1.2065578947368423,0.013047441292621061,1.0370971929824562,0.013788805527024994,1.097358947368421,0.03267979767085401,3,"1,2,3"
24,21.375,1.204994561403509,0.021359233122502406,1.036421403508772,0.013868091282362728,1.0955884210526314,0.03267768605387532,3,"1,2,3"
24,21.625,1.2055270175438595,0.013192610444083083,1.0349450350877192,0.01393239371064656,1.0937508771929823,0.032772946639809925,3,"1,2,3"
24,21.875,1.1442243157894736,0.0070031552356007755,1.0329153157894737,0.013804871066593885,1.0922473684210525,0.03277770007711557,3,"1,2,3"
24,22.125,1.0553792280701755,0.009602234679151014,1.031380631578947,0.01443137679027138,1.0918177192982457,0.032743757179436755,3,"1,2,3"
24,22.375,0.9772136666666666,0.017625917165128385,1.0293029122807016,0.014535687607479272,1.092397894736842,0.03277076031291628,3,"1,2,3"
24,22.625,0.9363930877192983,0.012607460959360453,1.026717596491228,0.014996852958965351,1.0942071929824564,0.03282583226041352,3,"1,2,3"
24,22.875,0.9237015438596492,0.011109274918542552,1.0250753333333333,0.015123206204464001,1.0972168421052633,0.03286051046631986,3,"1,2,3"
24,23.125,0.9258537017543859,0.0034098175249870784,1.0248489824561402,0.01508075746977284,1.100931052631579,0.03289820601776701,3,"1,2,3"
24,23.375,0.9226928771929827,0.004513447983379882,1.0252383508771927,0.014909817781936667,1.1050578947368421,0.03295221048159392,3,"1,2,3"
24,23.625,0.9381605263157895,0.008843653537692273,1.029458842105263,0.015494602291142136,1.1095042105263158,0.03299397055077557,3,"1,2,3"
24,23.875,0.9645506666666667,0.012294628168554712,1.0388385263157895,0.01559342848595029,1.1141198245614037,0.033136397713569146,3,"1,2,3"
24,24.125,0.9698189824561404,0.014753360953255811,1.055604403508772,0.015842973845766217,1.118876842105263,0.03317590264828029,3,"1,2,3"
24,24.375,0.9746839649122808,0.009884593169950088,1.08153,0.01607600438797465,1.1238845614035087,0.03325778665364578,3,"1,2,3"
24,24.625,0.9698588771929825,0.010367932745944974,1.114120701754386,0.015986319141447637,1.1287180701754387,0.03312067369077794,3,"1,2,3"
24,24.875,0.9733480526315791,0.016517287001533987,1.1381215789473684,0.016099848642636035,1.132580350877193,0.03303342786170162,3,"1,2,3"
24,0.125,0.0,0.0,0.0,0.0,0.0,0.0,3,"1,2,3"
24,0.375,0.0,0.0,0.0,0.0,0.0,0.0,3,"1,2,3"
24,0.625,0.0,0.0,0.0,0.0,0.0,0.0,3,"1,2,3"
24,0.875,0.0,0.0,0.0,0.0,0.1198560701754386,0.0007053029634398316,3,"1,2,3"
24,1.125,0.0,0.0,0.0,0.0,3.261984210526316,0.008532225415727367,3,"1,2,3"
24,1.375,0.0,0.0,0.0,0.0,5.103344736842105,0.01568288919431232,3,"1,2,3"
24,1.625,0.0,0.0,0.0,0.0,6.572335263157895,0.014309626698525766,3,"1,2,3"
24,1.875,0.0,0.0,0.0,0.0,4.230301052631579,0.016982795808187415,3,"1,2,3"
24,2.125,0.0,0.0,0.0,0.0,3.096378421052632,0.025633188670228117,3,"1,2,3"
24,2.375,0.0,0.0,0.0,0.0,3.0707968421052634,0.028070828070263953,3,"1,2,3"
24,2.625,0.0,0.0,0.0,0.0,2.780977719298246,0.031212406932285892,3,"1,2,3"
24,2.875,0.0,0.0,0.0,0.0,2.5234647368421057,0.034530140371717,3,"1,2,3"
24,3.125,0.0,0.0,0.0,0.0,2.41917701754386,0.036997543621722404,3,"1,2,3"
24,3.375,0.0,0.0,0.0,0.0,2.2808187719298245,0.03864994630367142,3,"1,2,3"
24,3.625,0.0,0.0,0.0,0.0,2.1284977192982457,0.03938331735562841,3,"1,2,3"
24,3.875,0.0,0.0,0.0,0.0,1.9790603508771933,0.03986349233464342,3,"1,2,3"
24,4.125,0.0,0.0,0.0,0.0,1.8484221052631582,0.040499480721224695,3,"1,2,3"
24,4.375,0.0,0.0,0.0,0.0,1.7420256140350876,0.04064017250804352,3,"1,2,3"
24,4.625,0.0,0.0,0.0015657757894736838,3.7423087515921017e-06,1.6615671929824558,0.041086736731475865,3,"1,2,3"
24,4.875,0.0,0.0,0.5683444385964913,0.0018537872712781173,1.6417882456140351,0.04136253370082693,3,"1,2,3"
24,5.125,0.0,0.0,5.673278245614035,0.011722198419905957,1.9353873684210525,0.041471302391754034,3,"1,2,3"
24,5.375,0.0,0.0,10.573921052631581,0.00448584724269144,2.2290198245614032,0.042387142779468756,3,"1,2,3"
24,5.625,0.0,0.0,9.431664385964913,0.03069464620571418,2.139370701754386,0.04445268846316908,3,"1,2,3"
24,5.875,0.0,0.0,6.586602105263157,0.038950977993000874,1.943008596491228,0.04471873010520537,3,"1,2,3"
24,6.125,0.0,0.0,4.125914736842105,0.02984132653150275,1.77257,0.04422260309363014,3,"1,2,3"
24,6.375,0.0,0.0,2.4464647368421053,0.019690408298137625,1.6507492982456142,0.04265105285853452,3,"1,2,3"
24,6.625,0.0,0.0,1.5104884210526315,0.012743289212154046,1.5761896491228071,0.040998445932156236,3,"1,2,3"
24,6.875,0.0,0.0,0.9970772105263158,0.009466408759085446,1.5273631578947369,0.04025118400786603,3,"1,2,3"
24,7.125,0.0,0.0,0.722298403508772,0.009187226761367523,1.493457192982456,0.03878061119526558,3,"1,2,3"
24,7.375,0.0,0.0,0.5976460877192983,0.010809248260803461,1.4702049122807017,0.03869691229909092,3,"1,2,3"
24,7.625,0.0,0.0,0.5619193333333333,0.012686212547132134,1.4539275438596493,0.03859033718402339,3,"1,2,3"
24,7.875,0.0,0.0,0.5770403684210526,0.015753199209238372,1.4430305263157894,0.03892861681119526,3,"1,2,3"
24,8.125,0.0,0.0,0.6155567894736843,0.019109081806621485,1.4359300000000002,0.03954299101149045,3,"1,2,3"
24,8.375,0.0,0.0,0.6572978245614035,0.02093564527641888,1.4318691228070175,0.04017869539316147,3,"1,2,3"
24,8.625,0.0,0.0,0.6956518771929825,0.0233780694547652,1.430347719298246,0.04093909901014401,3,"1,2,3"
24,8.875,0.0,0.0,0.7252563333333334,0.023911826268339046,1.4310131578947367,0.041301490990997045,3,"1,2,3"
24,9.125,0.0,0.0,0.7489948421052631,0.02417303919491186,1.4337442105263156,0.041889350969592884,3,"1,2,3"
24,9.375,0.0,0.0,0.7700999999999999,0.023805951849811248,1.4387871929824563,0.042434815368643616,3,"1,2,3"
24,9.625,0.0,0.0,0.7897179122807017,0.02274617010086117,1.445730350877193,0.04280287234675558,3,"1,2,3"
24,9.875,0.0,0.0,0.8111214385964911,0.022539899834413665,1.4542040350877194,0.043340199982267416,3,"1,2,3"
24,10.125,6.536471929824562e-05,8.0165265711718e-05,0.8331666491228069,0.022262879251971603,1.4619266666666666,0.043534397574516305,3,"1,2,3"
24,10.375,0.08223599473684208,0.0021228308191039084,0.8564001578947368,0.02208237925580972,1.4575836842105263,0.043312992864464946,3,"1,2,3"
24,10.625,2.1725403508771923,0.03818197193513775,0.8785830175438597,0.022214537901308493,1.4251828070175439,0.04317658933003147,3,"1,2,3"
24,10.875,7.295422456140351,0.06118594811693535,0.896374754385965,0.02140237219238492,1.3611585964912283,0.042381943284725845,3,"1,2,3"
24,11.125,6.931629298245614,0.07390236103184948,0.9099554035087718,0.021579516383526252,1.2704787719298247,0.04131147585109973,3,"1,2,3"
24,11.375,3.443404912280702,0.051501636571963945,0.9193400877192982,0.021382172897567775,1.1764322807017544,0.040156594162410485,3,"1,2,3"
24,11.625,1.5189043859649123,0.006707718247467493,0.9249005263157893,0.020671664021824843,1.0987831578947371,0.03878756858850934,3,"1,2,3"
24,11.875,0.7700862105263159,0.0043826713677431834,0.9286768070175438,0.01967727542501886,1.042506561403509,0.03777453003646949,3,"1,2,3"
24,12.125,0.48318892982456146,0.0049068041842481045,0.9339416140350877,0.019307861652462826,1.0070675964912281,0.03726700040475155,3,"1,2,3"
24,12.375,0.37047185964912277,0.009730315496848312,0.9429864912280701,0.01997668430092876,0.9885712807017543,0.0370900364952315,3,"1,2,3"
24,12.625,0.34885957894736846,0.004351346144011612,0.956720456140351,0.020559525360422645,0.9822736315789474,0.03726861137913864,3,"1,2,3"
24,12.875,0.382803105263158,0.012439763826574104,0.9743341754385965,0.021799318753929642,0.984504456140351,0.037593482365269215,3,"1,2,3"
24,13.125,0.44442926315789477,0.0047860816226058915,0.9947936140350878,0.023651891365861592,0.9915352631578948,0.037969896065517865,3,"1,2,3"
24,13.375,0.5198901929824562,0.008078517595327196,1.0182330877192982,0.024858101045250162,1.0012334210526317,0.03829604937162171,3,"1,2,3"
24,13.625,0.6044609298245613,0.012152566260933396,1.0433903684210526,0.025771902920327966,1.0119410175438597,0.03853317513729274,3,"1,2,3"
24,13.875,0.6818155438596492,0.019160261775611136,1.0682688421052633,0.025318010726201212,1.0223408245614036,0.03873561825946979,3,"1,2,3"
24,14.125,0.7511620175438597,0.022391439977347397,1.0920845614035086,0.02410976845331111,1.032038947368421,0.03871534295128542,3,"1,2,3"
24,14.375,0.8131061228070177,0.027534211370202826,1.1155245614035088,0.02330570375236594,1.0408474385964912,0.0385381052770864,3,"1,2,3"
24,14.625,0.8714785263157895,0.036213895305638684,1.137179649122807,0.022230415383282076,1.048545561403509,0.03838560113950124,3,"1,2,3"
24,14.875,0.9116394736842105,0.03136863565577713,1.1586336842105263,0.020886447319377225,1.0557358596491226,0.0381224203136829,3,"1,2,3"
24,15.125,0.9390806315789474,0.04618230195968457,1.1814905263157895,0.019517180233947475,1.0623641754385966,0.03776144848215697,3,"1,2,3"
24,15.375,0.9433407719298245,0.034395703145940565,1.2038056140350877,0.019804663269715934,1.0683272456140351,0.03748357425908156,3,"1,2,3"
24,15.625,0.9392082105263156,0.03364335666109531,1.225177894736842,0.01834393720872474,1.0736748771929825,0.03702819388748804,3,"1,2,3"
24,15.875,0.947589350877193,0.02527626982844048,1.2385263157894737,0.017844983735100444,1.0776906140350877,0.03675019191181946,3,"1,2,3"
24,16.125,0.964293,0.018453761395291438,1.224927894736842,0.018163912844554066,1.0794040350877192,0.03616515732965023,3,"1,2,3"
24,16.375,0.9673446140350878,0.030443588662880584,1.1737680701754385,0.01744765689123185,1.0781953333333332,0.035796113517853764,3,"1,2,3"
24,16.625,0.9676176140350877,0.013504473197851618,1.1018110526315787,0.01643925596984566,1.0751126315789472,0.03552070428196738,3,"1,2,3"
24,16.875,0.9510603684210527,0.004687803601839378,1.0343309824561402,0.01644744697341711,1.0719334736842105,0.0350762690215587,3,"1,2,3"
24,17.125,0.9511022982456142,0.0014457638776456624,0.9846004385964912,0.015558437506517218,1.0696296491228068,0.0347630622475896,3,"1,2,3"
24,17.375,0.9591286140350878,0.01951907799851147,0.9564850350877192,0.01535434761860164,1.0689893684210527,0.03465681792335367,3,"1,2,3"
24,17.625,0.9585657017543859,0.022324323759463104,0.9451777719298246,0.016091764095784434,1.0695365964912282,0.034512170532668224,3,"1,2,3"
24,17.875,0.9562377719298247,0.012699321978202796,0.9457338245614036,0.015700085863539194,1.0710050000000002,0.034424591722802246,3,"1,2,3"
24,18.125,0.9607117368421053,0.01901322756308493,0.9539528245614034,0.016444316296870702,1.0732093333333332,0.03434332547839161,3,"1,2,3"
24,18.375,0.9716872982456141,0.023339895802602366,0.9661432105263158,0.01698126511839557,1.0760255789473685,0.03423774943490728,3,"1,2,3"
24,18.625,1.0200017719298247,0.028970059715112798,0.9799091929824563,0.01668873292277016,1.079162438596491,0.03412165195033243,3,"1,2,3"
24,18.875,1.0839858245614036,0.024099231031410855,0.9930250701754387,0.016579226272136673,1.0825748771929826,0.033912749024674796,3,"1,2,3"
24,19.125,1.1459217192982456,0.02515922341181753,1.0044114210526318,0.01723905625736243,1.0862851754385965,0.03358623694753693,3,"1,2,3"
24,19.375,1.1634864210526317,0.02795424176925244,1.013935298245614,0.017522145361061354,1.0898621754385964,0.03325065375693798,3,"1,2,3"
24,19.625,1.1571151929824564,0.023659182618003614,1.0207238771929823,0.017452480094063347,1.0928894912280702,0.03294466102828171,3,"1,2,3"
24,19.875,1.1416738070175438,0.00517737804570345,1.026235210526316,0.017266799550803014,1.0952987719298248,0.032734184786190994,3,"1,2,3"
24,20.125,1.145172596491228,0.01669390840654497,1.030046192982456,0.016919952107472783,1.0967078947368423,0.032321285923217494,3,"1,2,3"
24,20.375,1.1631743859649122,0.011740288144356972,1.0320377894736843,0.016208710571640094,1.0974433333333333,0.032022795451070216,3,"1,2,3"
24,20.625,1.20299,0.010326104304217,1.0335400701754387,0.01587046405075195,1.0975036842105261,0.03193660965405938,3,"1,2,3"
24,20.875,1.2087033333333335,0.006827886025536346,1.0341188771929823,0.015366923043870946,1.0967436842105267,0.03170212786214819,3,"1,2,3"
24,21.125,1.2030584210526316,0.0073375366783410825,1.033521754385965,0.014660250926840184,1.0952784210526316,0.03162187128381728,3,"1,2,3"
24,21.375,1.2103598245614033,0.028632602614354175,1.0327739298245613,0.014728932344094784,1.0933024561403508,0.03150809195433209,3,"1,2,3"
24,21.625,1.2023726315789476,0.018760849216988354,1.031894,0.014822211861314034,1.091348947368421,0.03142532047479672,3,"1,2,3"
24,21.875,1.144199964912281,0.013496015180258326,1.0298130701754387,0.015023858074875038,1.0898784210526316,0.03142687009827093,3,"1,2,3"
24,22.125,1.0605695438596492,0.0254861249716183,1.0279130701754386,0.014538333104572978,1.089300350877193,0.03134261258544229,3,"1,2,3"
24,22.375,0.9869822982456141,0.020393127975582914,1.0264491228070174,0.014835150300931098,1.0899364912280702,0.03133000987560936,3,"1,2,3"
24,22.625,0.9342498245614035,0.0037706201831677996,1.024891842105263,0.014277651741000786,1.091905789473684,0.03129769250947035,3,"1,2,3"
24,22.875,0.9137351403508771,0.005828125797288447,1.0238034210526317,0.014062633131623896,1.0948719298245615,0.031266747854409103,3,"1,2,3"
24,23.125,0.9146902807017544,0.007665723302312433,1.023988789473684,0.013475461234035304,1.0986243859649123,0.03135708564274027,3,"1,2,3"
24,23.375,0.9190666666666667,0.010639396412347856,1.0252310701754386,0.013258125325459186,1.1028257894736841,0.03141895955589972,3,"1,2,3"
24,23.625,0.9289219122807019,0.008581222223451703,1.029690842105263,0.013167380686391362,1.1073638596491229,0.03134685223772735,3,"1,2,3"
24,23.875,0.9470192105263157,0.019272832834540517,1.0391254561403507,0.013363929794137164,1.1120324561403507,0.031393675246630774,3,"1,2,3"
24,24.125,0.9627239298245612,0.01362112750008806,1.056738245614035,0.013212900061659297,1.1169163157894737,0.03135469537514783,3,"1,2,3"
24,24.375,0.9680994736842106,0.013963363816205221,1.0831350877192982,0.012897404123229017,1.1220705263157893,0.0313277044029385,3,"1,2,3"
24,24.625,0.9784908421052632,0.009557816652919406,1.1164042105263159,0.012662697874131067,1.1272912280701755,0.03131574279912007,3,"1,2,3"
24,24.875,0.9751016491228071,0.005292799761164958,1.139895438596491,0.011823189917339598,1.131381052631579,0.03114490865879558,3,"1,2,3"
24,0.125,0.0,0.0,0.0,0.0,0.0,0.0,3,"1,2,3"
24,0.375,0.0,0.0,0.0,0.0,0.0,0.0,3,"1,2,3"
24,0.625,0.0,0.0,0.0,0.0,0.0,0.0,3,"1,2,3"
24,0.875,0.0,0.0,0.0,0.0,0.11977903508771931,0.0002266157389422665,3,"1,2,3"
24,1.125,0.0,0.0,0.0,0.0,3.258604385964912,0.009589554540970593,3,"1,2,3"
24,1.375,0.0,0.0,0.0,0.0,5.0998671929824555,0.01239465921183557,3,"1,2,3"
24,1.625,0.0,0.0,0.0,0.0,6.568878947368421,0.0127659249812888,3,"1,2,3"
24,1.875,0.0,0.0,0.0,0.0,4.231321403508772,0.01800743688747432,3,"1,2,3"
24,2.125,0.0,0.0,0.0,0.0,3.091189649122807,0.023197457721746858,3,"1,2,3"
24,2.375,0.0,0.0,0.0,0.0,3.0670663157894738,0.02782826085006178,3,"1,2,3"
24,2.625,0.0,0.0,0.0,0.0,2.7790743859649116,0.032210238131761604,3,"1,2,3"
24,2.875,0.0,0.0,0.0,0.0,2.5206671929824562,0.0359456778167954,3,"1,2,3"
24,3.125,0.0,0.0,0.0,0.0,2.416555789473684,0.03689561772605099,3,"1,2,3"
24,3.375,0.0,0.0,0.0,0.0,2.27867947368421,0.03876998192217308,3,"1,2,3"
24,3.625,0.0,0.0,0.0,0.0,2.127088947368421,0.03877748886717592,3,"1,2,3"
24,3.875,0.0,0.0,0.0,0.0,1.9784012280701753,0.03931876590892458,3,"1,2,3"
24,4.125,0.0,0.0,0.0,0.0,1.8477814035087718,0.03926184405951307,3,"1,2,3"
24,4.375,0.0,0.0,0.0,0.0,1.7415308771929825,0.03907382304481668,3,"1,2,3"
24,4.625,0.0,0.0,0.001573360350877193,6.574885178643222e-06,1.6612010526315786,0.03903378828272795,3,"1,2,3"
24,4.875,0.0,0.0,0.5683000701754385,0.0024262742670014205,1.6408110526315787,0.03862106991244422,3,"1,2,3"
24,5.125,0.0,0.0,5.673749298245614,0.015422861497009487,1.9341852631578949,0.038145437189700065,3,"1,2,3"
24,5.375,0.0,0.0,10.570242105263157,0.002673459722583126,2.2276049122807016,0.039084348101811266,3,"1,2,3"
24,5.625,0.0,0.0,9.429192807017543,0.03505481256144411,2.1378875438596485,0.04210410334440607,3,"1,2,3"
24,5.875,0.0,0.0,6.5780356140350875,0.04351773144380754,1.940981052631579,0.04280615080155027,3,"1,2,3"
24,6.125,0.0,0.0,4.12389,0.03219186215651918,1.770382807017544,0.041897947184441314,3,"1,2,3"
24,6.375,0.0,0.0,2.446051929824561,0.018509950728239025,1.6488314035087717,0.040966256682548996,3,"1,2,3"
24,6.625,0.0,0.0,1.5111584210526317,0.012992309515858195,1.5741949122807017,0.04058731049126981,3,"1,2,3"
24,6.875,0.0,0.0,0.9949341228070177,0.00993731199568569,1.525424561403509,0.0396404127670988,3,"1,2,3"
24,7.125,0.0,0.0,0.720695192982456,0.00946945030189217,1.4918675438596491,0.03916912371146173,3,"1,2,3"
24,7.375,0.0,0.0,0.5968069649122807,0.010672616211000954,1.4683670175438597,0.03902751889719825,3,"1,2,3"
24,7.625,0.0,0.0,0.5614451052631578,0.014197106485072114,1.4520105263157894,0.039028849762170616,3,"1,2,3"
24,7.875,0.0,0.0,0.5773971578947368,0.016730864097409346,1.4411029824561403,0.03944213022893178,3,"1,2,3"
24,8.125,0.0,0.0,0.616052350877193,0.018596204446845406,1.434483859649123,0.04007758693555269,3,"1,2,3"
24,8.375,0.0,0.0,0.6597076842105264,0.0209074503766941,1.4306657894736843,0.04049881118827914,3,"1,2,3"
24,8.625,0.0,0.0,0.697661350877193,0.02128317235118534,1.4293787719298245,0.04110105688731794,3,"1,2,3"
24,8.875,0.0,0.0,0.7286969298245612,0.022711547293930823,1.4305143859649123,0.04164809248936202,3,"1,2,3"
24,9.125,0.0,0.0,0.751680298245614,0.022627066112375256,1.4340528070175438,0.042086854037747964,3,"1,2,3"
24,9.375,0.0,0.0,0.7714175087719299,0.022413742275218876,1.4393785964912278,0.04273719786027148,3,"1,2,3"
24,9.625,0.0,0.0,0.7900287719298246,0.021507263344665583,1.4471175438596493,0.04325636257157974,3,"1,2,3"
24,9.875,0.0,0.0,0.810650947368421,0.021240407753536042,1.456376140350877,0.04360302133239899,3,"1,2,3"
24,10.125,9.804726315789472e-05,3.335085519196004e-05,0.8330021403508772,0.021892926791676072,1.4645207017543858,0.04388271949875396,3,"1,2,3"
24,10.375,0.08054105964912282,0.0015730811263005777,0.8551851228070175,0.02199821758163268,1.4603012280701755,0.04427454098647388,3,"1,2,3"
24,10.625,2.1268933333333333,0.03142594955914722,0.8760745087719298,0.022534840548807188,1.427653333333333,0.044303929905231874,3,"1,2,3"
24,10.875,7.293399298245613,0.0922515513424277,0.8936618070175438,0.02283675457810977,1.3632022807017543,0.043853617802146,3,"1,2,3"
24,11.125,6.963740175438596,0.05407419994585688,0.906917052631579,0.02211695511461762,1.272598070175439,0.04259164291536094,3,"1,2,3"
24,11.375,3.4812084210526315,0.04276612489356314,0.9154809298245615,0.021720353494643824,1.178529649122807,0.041108755377258596,3,"1,2,3"
24,11.625,1.5021678947368422,0.02293293569948833,0.920381140350877,0.021309036665441077,1.1006131578947371,0.03964857775514195,3,"1,2,3"
24,11.875,0.7478512982456141,0.014828661021369186,0.9248888070175437,0.020623527526378,1.0446047719298246,0.03836496286993761,3,"1,2,3"
24,12.125,0.4772655614035088,0.0011637083974200557,0.9314592807017542,0.02136243675344491,1.0093939999999997,0.03756238786865371,3,"1,2,3"
24,12.375,0.3627546140350877,0.0064011583976371494,0.9413514210526315,0.022270719128622645,0.9909080701754384,0.037234026336296945,3,"1,2,3"
24,12.625,0.35081635087719293,0.005895654992144275,0.9554208245614036,0.021601790061309287,0.9848150701754385,0.03690481163053657,3,"1,2,3"
24,12.875,0.38130378947368415,0.005176176051414358,0.973525087719298,0.02149782071784254,0.986792052631579,0.037019619270173346,3,"1,2,3"
24,13.125,0.4447069298245614,0.004258745016555386,0.9951891228070173,0.02175033646091771,0.9941012807017543,0.03720261877877369,3,"1,2,3"
24,13.375,0.5217648070175439,0.01070893001331897,1.019265245614035,0.021392782624214582,1.003859052631579,0.03731882859900404,3,"1,2,3"
24,13.625,0.6101118596491228,0.007898533853025694,1.0440820877192982,0.021335710676877163,1.014043052631579,0.037407752737448965,3,"1,2,3"
24,13.875,0.6928575087719296,0.01781456875578096,1.0704005964912282,0.02254315862485714,1.0241175087719299,0.03741782188391204,3,"1,2,3"
24,14.125,0.7656668947368422,0.016452026750340167,1.0942466666666666,0.02184368842427037,1.0333263859649122,0.03737360023906968,3,"1,2,3"
24,14.375,0.8302888245614035,0.00940071274093352,1.1173282456140352,0.02151182856275262,1.0416972631578947,0.037028130365316596,3,"1,2,3"
24,14.625,0.870010192982456,0.015512046610633833,1.1395536842105265,0.020781530674483826,1.0490971403508773,0.03690108948153121,3,"1,2,3"
24,14.875,0.8903049122807017,0.018617558219934143,1.1619747368421054,0.02039583505362366,1.0559532280701756,0.03677743777381072,3,"1,2,3"
24,15.125,0.9204040701754387,0.030567866750880676,1.185642105263158,0.01998855698035693,1.062431245614035,0.03641902932526003,3,"1,2,3"
24,15.375,0.9416066842105263,0.02823999959158271,1.207539298245614,0.01943101358842516,1.0679845789473683,0.03612374800348141,3,"1,2,3"
24,15.625,0.9595070701754387,0.03101123379864751,1.2282736842105262,0.018932547044198667,1.0731730701754387,0.03581688556808749,3,"1,2,3"
24,15.875,0.9638695964912282,0.0209574430996449,1.2394284210526314,0.018833135574509784,1.0770371228070177,0.03563383979624998,3,"1,2,3"
24,16.125,0.9487335964912281,0.012687602545748466,1.2253905263157894,0.018785718957489084,1.078685912280702,0.03525679090900056,3,"1,2,3"
24,16.375,0.9623356842105263,0.0028966368753163135,1.1745217543859647,0.01760341136424901,1.0775237894736842,0.03483571429519056,3,"1,2,3"
24,16.625,0.957992649122807,0.0013371739278290804,1.1019666666666668,0.0157558870226179,1.074383614035088,0.03439582641706546,3,"1,2,3"
24,16.875,0.9588074210526316,0.011659461029151639,1.034095596491228,0.013724671862685224,1.0712901754385966,0.03390446081866121,3,"1,2,3"
24,17.125,0.9474439298245616,0.017027110231002642,0.9843748245614033,0.012388982649821146,1.0691885087719297,0.033508115502663825,3,"1,2,3"
24,17.375,0.950368543859649,0.013251466892534617,0.956208298245614,0.01186299156971253,1.0686408421052631,0.033205349865102936,3,"1,2,3"
24,17.625,0.9447030526315787,0.01612986108451407,0.9448264385964912,0.012198313065661706,1.0691518771929827,0.0328750015430686,3,"1,2,3"
24,17.875,0.955196649122807,0.006075008751606982,0.9455176666666666,0.012614982704980793,1.0705494912280702,0.0328549371119804,3,"1,2,3"
24,18.125,0.9627551228070176,0.010813197458337954,0.9533739473684211,0.013552442213154957,1.0728669122807017,0.03261857798297259,3,"1,2,3"
24,18.375,0.9835385614035088,0.01692061503645974,0.9652742982456141,0.013921734446364005,1.075562350877193,0.03260295337825889,3,"1,2,3"
24,18.625,1.0104959122807018,0.01127072798311235,0.9780640000000002,0.014018502496939386,1.078678,0.032452019142009514,3,"1,2,3"
24,18.875,1.078404052631579,0.005297521745543408,0.9900593333333334,0.013814615964953944,1.0820880877192982,0.032183169872872654,3,"1,2,3"
24,19.125,1.140681087719298,0.005446100973210483,1.0007182807017545,0.014385996873584507,1.085457245614035,0.03187953936771885,3,"1,2,3"
24,19.375,1.1583662631578946,0.019299318904109474,1.0096108421052632,0.01420673384292967,1.0888881052631578,0.03157220153644325,3,"1,2,3"
24,19.625,1.1506017894736844,0.009735796221495186,1.0165103333333334,0.014347495709642055,1.0918772105263157,0.031131704107265668,3,"1,2,3"
24,19.875,1.141033736842105,0.00038490682639383787,1.0219750526315792,0.014595162467522365,1.0940418421052633,0.030774094189372284,3,"1,2,3"
24,20.125,1.145148859649123,0.016814382977081647,1.0257105789473686,0.014501341439589458,1.095317649122807,0.030460267902820484,3,"1,2,3"
24,20.375,1.1692012280701753,0.0050322536127976525,1.0284589298245617,0.014150575935887878,1.09576449122807,0.030301482956659506,3,"1,2,3"
24,20.625,1.1896008771929825,0.01064952784281325,1.0297423859649122,0.014128547831174698,1.0954563333333336,0.030043979348728003,3,"1,2,3"
24,20.875,1.2035557894736844,0.018614004839831905,1.031178105263158,0.013435736967630153,1.0945224210526316,0.029942964176126755,3,"1,2,3"
24,21.125,1.213146140350877,0.019018585565759933,1.031345403508772,0.013427882883184866,1.0929159824561403,0.029789107913579027,3,"1,2,3"
24,21.375,1.223792456140351,0.024812158780127547,1.030603105263158,0.013030586631507465,1.0909102631578949,0.029610642152279657,3,"1,2,3"
24,21.625,1.1923755789473685,0.020225121891073353,1.0301444385964913,0.013384437680070634,1.0888569122807021,0.029575847982255682,3,"1,2,3"
24,21.875,1.1422516140350876,0.013675330025428969,1.0283596842105263,0.01300183341706033,1.0872232807017543,0.029436840972152895,3,"1,2,3"
24,22.125,1.0666846315789476,0.004037537250470707,1.0265705263157896,0.013536318528454739,1.0864814035087718,0.029336394086096403,3,"1,2,3"
24,22.375,0.9938051929824563,0.005745947360037947,1.0250933333333332,0.013451503752131106,1.0870550877192982,0.029360629276171262,3,"1,2,3"
24,22.625,0.9488042982456141,0.008262714844456568,1.0229425263157894,0.012933105297819965,1.0887656140350879,0.029425995286212113,3,"1,2,3"
24,22.875,0.9355423859649122,0.011574458340459783,1.0220196315789474,0.012865719479414795,1.091766842105263,0.02947714201834564,3,"1,2,3"
24,23.125,0.9194454035087719,0.01275565899264802,1.021370789473684,0.012303594253582576,1.0955284210526317,0.02969516398630574,3,"1,2,3"
24,23.375,0.9166522105263158,0.007690433710859538,1.0232821754385963,0.012082976719085708,1.0997554385964914,0.02982929916239308,3,"1,2,3"
24,23.625,0.9277331578947369,0.011749142754685967,1.0280219649122808,0.012281823127449349,1.1044752631578947,0.02986390521855849,3,"1,2,3"
24,23.875,0.9295969649122808,0.009809394666428732,1.0379111228070175,0.011577177866173986,1.1093928070175438,0.02992466639083289,3,"1,2,3"
24,24.125,0.9395842807017544,0.006209353703800232,1.0558715789473683,0.011615942677389418,1.114496666666667,0.029957747781485883,3,"1,2,3"
24,24.375,0.9456245789473684,0.0021221362079163167,1.081348947368421,0.011703111699602494,1.1197710526315787,0.030002250395742957,3,"1,2,3"
24,24.625,0.965021701754386,0.0038204773358261604,1.113991929824561,0.011421007432470584,1.1252098245614035,0.03001792896181643,3,"1,2,3"
24,24.875,0.9706251578947368,0.0020778291267482232,1.1379721052631577,0.01147049502595035,1.1295622807017542,0.03002798837949041,3,"1,2,3"
24,0.125,0.0,0.0,0.0,0.0,0.0,0.0,3,"1,2,3"
24,0.375,0.0,0.0,0.0,0.0,0.0,0.0,3,"1,2,3"
24,0.625,0.0,0.0,0.0,0.0,0.0,0.0,3,"1,2,3"
24,0.875,0.0,0.0,0.0,0.0,0.11976091228070175,0.0002883187689466703,3,"1,2,3"
24,1.125,0.0,0.0,0.0,0.0,3.26104,0.013168493506749618,3,"1,2,3"
24,1.375,0.0,0.0,0.0,0.0,5.099603157894737,0.01931863350638545,3,"1,2,3"
24,1.625,0.0,0.0,0.0,0.0,6.566508596491229,0.01755785550677931,3,"1,2,3"
24,1.875,0.0,0.0,0.0,0.0,4.226882807017543,0.021344328940045766,3,"1,2,3"
24,2.125,0.0,0.0,0.0,0.0,3.0880121052631577,0.029926641537001888,3,"1,2,3"
24,2.375,0.0,0.0,0.0,0.0,3.062931929824561,0.03243253285389819,3,"1,2,3"
24,2.625,0.0,0.0,0.0,0.0,2.773304912280702,0.034875616868443406,3,"1,2,3"
24,2.875,0.0,0.0,0.0,0.0,2.5132263157894736,0.03756514412571325,3,"1,2,3"
24,3.125,0.0,0.0,0.0,0.0,2.408537017543859,0.03933808355747328,3,"1,2,3"
24,3.375,0.0,0.0,0.0,0.0,2.2706345614035093,0.03977924612435768,3,"1,2,3"
24,3.625,0.0,0.0,0.0,0.0,2.117766666666667,0.04075924962935142,3,"1,2,3"
24,3.875,0.0,0.0,0.0,0.0,1.9675391228070176,0.04132173123959998,3,"1,2,3"
24,4.125,0.0,0.0,0.0,0.0,1.8371487719298247,0.041467515404911365,3,"1,2,3"
24,4.375,0.0,0.0,0.0,0.0,1.7308892982456137,0.04187621163491967,3,"1,2,3"
24,4.625,0.0,0.0,0.0015606364912280702,5.493531398548493e-06,1.6500975438596488,0.04237190613177286,3,"1,2,3"
24,4.875,0.0,0.0,0.5692070877192982,0.004021652378423275,1.6300956140350877,0.0422534590110622,3,"1,2,3"
24,5.125,0.0,0.0,5.674852105263159,0.023670455268785744,1.922907894736842,0.04214505352100161,3,"1,2,3"
24,5.375,0.0,0.0,10.564515789473683,0.011134285681451842,2.215605614035088,0.04419667678296709,3,"1,2,3"
24,5.625,0.0,0.0,9.417095087719298,0.04996408500941332,2.124703333333333,0.046671048128308606,3,"1,2,3"
24,5.875,0.0,0.0,6.571277017543859,0.0506660016649743,1.9279278947368417,0.04647384145529812,3,"1,2,3"
24,6.125,0.0,0.0,4.11990701754386,0.036354922562445616,1.7577945614035089,0.04558853580180852,3,"1,2,3"
24,6.375,0.0,0.0,2.4433285964912277,0.02214129810301728,1.6372356140350879,0.04445733761732645,3,"1,2,3"
24,6.625,0.0,0.0,1.5087910526315789,0.013241669337091541,1.56310649122807,0.04367786126408333,3,"1,2,3"
24,6.875,0.0,0.0,0.9954318421052631,0.00846013200499915,1.5148349122807019,0.04294843421736835,3,"1,2,3"
24,7.125,0.0,0.0,0.7208574736842106,0.007976678854829996,1.4821614035087718,0.04197721628285383,3,"1,2,3"
24,7.375,0.0,0.0,0.5953080526315789,0.00852493154596225,1.4597015789473684,0.041499766598148934,3,"1,2,3"
24,7.625,0.0,0.0,0.5582996666666665,0.011923823187311881,1.4443615789473683,0.041054059010271246,3,"1,2,3"
24,7.875,0.0,0.0,0.5725450175438597,0.015045829390090214,1.4344484210526316,0.04087285922287096,3,"1,2,3"
24,8.125,0.0,0.0,0.6099709999999999,0.01945492630437779,1.428420350877193,0.041169364364825496,3,"1,2,3"
24,8.375,0.0,0.0,0.6525240526315789,0.022370681360350062,1.4254140350877194,0.04141315654766752,3,"1,2,3"
24,8.625,0.0,0.0,0.6894692982456139,0.024364812793727316,1.4246338596491228,0.04184078855775191,3,"1,2,3"
24,8.875,0.0,0.0,0.7199154912280702,0.025677463910518204,1.4260503508771931,0.04210919582584565,3,"1,2,3"
24,9.125,0.0,0.0,0.7429319473684212,0.025873814623491802,1.4295759649122806,0.04267589156031583,3,"1,2,3"
24,9.375,0.0,0.0,0.7634936491228069,0.026151400636290293,1.4352001754385963,0.04324099249139085,3,"1,2,3"
24,9.625,0.0,0.0,0.7820785438596491,0.02635828945756834,1.443028245614035,0.043671554728422955,3,"1,2,3"
24,9.875,0.0,0.0,0.8024122631578948,0.026383238515837286,1.4520545614035087,0.0443885580852643,3,"1,2,3"
24,10.125,0.00016638349122807017,7.644524300551579e-05,0.8236638947368421,0.025266682747773484,1.4597752631578949,0.04476908696977331,3,"1,2,3"
24,10.375,0.08234921754385965,0.001770719105178134,0.8455039298245616,0.0243565660736477,1.4559028070175437,0.044841470733780454,3,"1,2,3"
24,10.625,2.129710701754386,0.03845456804555652,0.866703350877193,0.023717929612803067,1.4236761403508773,0.044898338940114635,3,"1,2,3"
24,10.875,7.273565087719298,0.11285253618352277,0.8857623508771929,0.02119667064295596,1.3592268421052633,0.04431462962185984,3,"1,2,3"
24,11.125,6.9196443859649115,0.09661013778994333,0.9008455614035088,0.01998812366298145,1.2690319298245614,0.04268464230714477,3,"1,2,3"
24,11.375,3.452444736842105,0.033678357059938456,0.9111297894736844,0.019267679593022047,1.1753914035087722,0.04085292915294452,3,"1,2,3"
24,11.625,1.5148812280701753,0.014118123760924601,0.9183195438596491,0.01793450851832245,1.0977203684210526,0.03922136809718137,3,"1,2,3"
24,11.875,0.7554760350877193,0.0032811844612516575,0.924570105263158,0.017357083245901943,1.0421493157894737,0.03773972672997015,3,"1,2,3"
24,12.125,0.4877428947368421,0.011226410452961195,0.9317162105263157,0.017481296023602523,1.0070128245614036,0.03692232495974167,3,"1,2,3"
24,12.375,0.3779842105263158,0.008886647851728307,0.9430131578947368,0.016718913702854898,0.9884697543859647,0.036508400692186645,3,"1,2,3"
24,12.625,0.35909854385964907,0.010683586861179867,0.9570686491228071,0.017378783992417,0.9821242280701753,0.036369722549574345,3,"1,2,3"
24,12.875,0.3775184210526316,0.011793306533283867,0.9757840175438596,0.017728104785403362,0.9841567543859648,0.036289109269326165,3,"1,2,3"
24,13.125,0.43478575438596484,0.012233131479989513,0.9969481578947369,0.01830882163549895,0.9913292456140349,0.036541866702030024,3,"1,2,3"
24,13.375,0.5176000526315789,0.017466482150685667,1.021087596491228,0.018728617510158134,1.0010989122807017,0.03676239345358855,3,"1,2,3"
24,13.625,0.5991694736842106,0.02115004616280609,1.0461269824561403,0.019538303564766896,1.011629912280702,0.036821145781389744,3,"1,2,3"
24,13.875,0.6751292631578947,0.02009451262182721,1.0709577017543859,0.020461737215156255,1.022005947368421,0.03702692267638151,3,"1,2,3"
24,14.125,0.7510032807017545,0.018975187703106224,1.0953156140350877,0.020459303158941105,1.0315359649122808,0.03672632245277924,3,"1,2,3"
24,14.375,0.8007756666666666,0.01231542741275683,1.1178129824561402,0.020745057346486576,1.04015649122807,0.03653153121230056,3,"1,2,3"
24,14.625,0.8458667368421052,0.00992096384519807,1.1399826315789474,0.021487768527852242,1.047934561403509,0.03613481365442389,3,"1,2,3"
24,14.875,0.8935934736842106,0.00994347779888113,1.1613273684210526,0.021748694033238612,1.0548816315789473,0.03576372458410086,3,"1,2,3"
24,15.125,0.9210016315789473,0.002404034167572246,1.1827080701754387,0.02225884917176126,1.0611539473684213,0.03535887884344689,3,"1,2,3"
24,15.375,0.9434480175438598,0.018835993178732007,1.2048163157894738,0.021365249574515726,1.067016350877193,0.03508261241843567,3,"1,2,3"
24,15.625,0.9557305263157896,0.009913879694939015,1.2259975438596493,0.02116789248528041,1.0720433157894738,0.034600505656748375,3,"1,2,3"
24,15.875,0.9660052105263158,0.025800792506599685,1.2386301754385964,0.02051295915114017,1.0763848245614034,0.03413086150846389,3,"1,2,3"
24,16.125,0.9703278070175437,0.020391683631303552,1.2248482456140348,0.019639152503342798,1.0781722105263156,0.033798958973953526,3,"1,2,3"
24,16.375,0.9744858947368419,0.007171812491787518,1.1734373684210526,0.016979591747705497,1.0771533333333334,0.03330143156795548,3,"1,2,3"
24,16.625,0.9740856666666667,0.0160169199197667,1.100950701754386,0.015177746900805748,1.074406701754386,0.03299239430642754,3,"1,2,3"
24,16.875,0.9716091929824561,0.01860418185027895,1.032948736842105,0.012449246086560048,1.0715820877192985,0.03257211956937429,3,"1,2,3"
24,17.125,0.9646439298245615,0.015325009397422425,0.9831567719298246,0.011366895805116867,1.069691947368421,0.03232730984426805,3,"1,2,3"
24,17.375,0.9597243333333333,0.015143193727371293,0.9543259649122806,0.010207310680145902,1.069165456140351,0.03210443900438698,3,"1,2,3"
24,17.625,0.9708725789473686,0.011469516153684522,0.9429563508771931,0.009639247543681619,1.0696793684210528,0.03189181164317361,3,"1,2,3"
24,17.875,0.9730805438596491,0.017060935943856933,0.9439457192982453,0.01015404062601583,1.0711490175438596,0.03169287118869843,3,"1,2,3"
24,18.125,0.9687673684210526,0.019382163789796947,0.952225,0.010827781947136543,1.073293105263158,0.03153583913926998,3,"1,2,3"
24,18.375,0.9788226666666667,0.02759839329213162,0.9640445789473685,0.011444674702142449,1.0760558070175437,0.03139419369069825,3,"1,2,3"
24,18.625,1.012556894736842,0.026106627922977212,0.9773731929824562,0.011703645399481861,1.0791381228070176,0.031217451874328228,3,"1,2,3"
24,18.875,1.0664597894736842,0.020689440075798184,0.9897255438596492,0.012115112754229926,1.0825183333333335,0.031082782369813475,3,"1,2,3"
24,19.125,1.1282175438596491,0.01759621992234562,0.9997106315789471,0.011920093389779056,1.0859638947368422,0.031008862424483908,3,"1,2,3"
24,19.375,1.162369543859649,0.014515945866384855,1.0088646315789473,0.011680779911017881,1.0892732105263156,0.030899251102185273,3,"1,2,3"
24,19.625,1.1439315087719297,0.01880047372172508,1.016413403508772,0.012160171791423157,1.0920161929824561,0.030669465354438822,3,"1,2,3"
24,19.875,1.120103192982456,0.021964372935534056,1.0215755614035087,0.011816612950270462,1.0941456491228072,0.030393824294992124,3,"1,2,3"
24,20.125,1.1292022105263158,0.014740748630338517,1.025965298245614,0.012230057408635775,1.095495263157895,0.030108695387713928,3,"1,2,3"
24,20.375,1.1634958245614035,0.016780600553688334,1.0283781403508772,0.013475334956604076,1.0961182456140353,0.02981410506486335,3,"1,2,3"
24,20.625,1.187958245614035,0.011016418707214176,1.0299463684210526,0.013703711783001532,1.0960136842105264,0.02944504588931423,3,"1,2,3"
24,20.875,1.190688947368421,0.0022418922969444284,1.0308765087719298,0.013602207955467108,1.095247192982456,0.029088824967875515,3,"1,2,3"
24,21.125,1.200812456140351,0.01413460894912402,1.0313190701754384,0.014691745869031644,1.0937322807017544,0.02880695684652886,3,"1,2,3"
24,21.375,1.2094638596491227,0.02018075661261683,1.0312865263157895,0.014903941232142335,1.0920198245614037,0.028448101229938,3,"1,2,3"
24,21.625,1.2082600000000001,0.02175212432075015,1.0313034035087718,0.01517083150176399,1.08999350877193,0.0282377121768252,3,"1,2,3"
24,21.875,1.1549964210526316,0.016534495968116805,1.0302946315789472,0.01540688301057574,1.0883645614035087,0.028009820769258963,3,"1,2,3"
24,22.125,1.064297192982456,0.016624331317029863,1.0285567719298248,0.01531477115758219,1.0877773684210523,0.02787090513588062,3,"1,2,3"
24,22.375,0.9882638596491229,0.009184980811445292,1.0267574035087719,0.015154589648586646,1.0883077192982455,0.027779097804892953,3,"1,2,3"
24,22.625,0.9437132631578947,0.008780499577636264,1.0248309649122807,0.014445231875657848,1.0901147368421054,0.027792225385427857,3,"1,2,3"
24,22.875,0.9266347543859648,0.008838151598359918,1.0234248070175438,0.013977604830990408,1.0930691228070177,0.02802385235968201,3,"1,2,3"
24,23.125,0.925248754385965,0.009015234168571955,1.0230823157894735,0.013325512548406802,1.0969238596491229,0.028290709901453912,3,"1,2,3"
24,23.375,0.927987596491228,0.006920238105139618,1.0242196140350877,0.013162402448725827,1.1011105263157894,0.02861642282033711,3,"1,2,3"
24,23.625,0.9363923333333334,0.0031882992734856576,1.0284078596491228,0.01313298509971828,1.1057735087719298,0.028982400576600308,3,"1,2,3"
24,23.875,0.933828859649123,0.006532759751377814,1.0372492631578947,0.012870300131022697,1.1104361403508771,0.029260014492073175,3,"1,2,3"
24,24.125,0.9464411754385965,0.004203105144491176,1.054423157894737,0.012916796147446105,1.1154101754385966,0.029552364112249246,3,"1,2,3"
24,24.375,0.9506468245614035,0.008187884807344468,1.0808278947368424,0.013071859966802268,1.1207145614035088,0.02980541863683465,3,"1,2,3"
24,24.625,0.9588042456140351,0.004963764158304458,1.113644385964912,0.012694771990388926,1.1258991228070176,0.02990391561996467,3,"1,2,3"
24,24.875,0.9613004385964912,0.000843039701216467,1.1382078947368421,0.012533485394747412,1.1302526315789476,0.029926520773621963,3,"1,2,3"
24,0.125,0.0,0.0,0.0,0.0,0.0,0.0,3,"1,2,3"
24,0.375,0.0,0.0,0.0,0.0,0.0,0.0,3,"1,2,3"
24,0.625,0.0,0.0,0.0,0.0,0.0,0.0,3,"1,2,3"
24,0.875,0.0,0.0,0.0,0.0,0.11899856140350878,0.00020526869238301574,3,"1,2,3"
24,1.125,0.0,0.0,0.0,0.0,3.253200350877193,0.008041868972524973,3,"1,2,3"
24,1.375,0.0,0.0,0.0,0.0,5.093267368421053,0.011892031667235422,3,"1,2,3"
24,1.625,0.0,0.0,0.0,0.0,6.566584736842105,0.01317434492388819,3,"1,2,3"
24,1.875,0.0,0.0,0.0,0.0,4.228120350877192,0.01699203470084887,3,"1,2,3"
24,2.125,0.0,0.0,0.0,0.0,3.087457368421053,0.022077889471341417,3,"1,2,3"
24,2.375,0.0,0.0,0.0,0.0,3.06343298245614,0.026562494203429224,3,"1,2,3"
24,2.625,0.0,0.0,0.0,0.0,2.7725589473684216,0.02987661336294315,3,"1,2,3"
24,2.875,0.0,0.0,0.0,0.0,2.512320175438597,0.032000166799927184,3,"1,2,3"
24,3.125,0.0,0.0,0.0,0.0,2.4085584210526316,0.034207548488482266,3,"1,2,3"
24,3.375,0.0,0.0,0.0,0.0,2.270376842105263,0.0355460614470185,3,"1,2,3"
24,3.625,0.0,0.0,0.0,0.0,2.118221578947368,0.03654861183863849,3,"1,2,3"
24,3.875,0.0,0.0,0.0,0.0,1.9691603508771929,0.038368977326926235,3,"1,2,3"
24,4.125,0.0,0.0,0.0,0.0,1.8381219298245615,0.039291257839734764,3,"1,2,3"
24,4.375,0.0,0.0,0.0,0.0,1.732028947368421,0.04033871303987971,3,"1,2,3"
24,4.625,0.0,0.0,0.001539838596491228,4.63109444761197e-05,1.6509891228070177,0.04056754740392793,3,"1,2,3"
24,4.875,0.0,0.0,0.5681992631578946,0.003003372350463803,1.6304008771929823,0.041608296025221855,3,"1,2,3"
24,5.125,0.0,0.0,5.679861228070176,0.015196963523630485,1.9239456140350875,0.042125808273360286,3,"1,2,3"
24,5.375,0.0,0.0,10.570019298245615,0.003192029933110021,2.215950701754386,0.04360510431279691,3,"1,2,3"
24,5.625,0.0,0.0,9.420073684210527,0.03455496444871165,2.1254621052631575,0.04569581450371434,3,"1,2,3"
24,5.875,0.0,0.0,6.565965789473684,0.039937463818463935,1.9281340350877194,0.046470501224835065,3,"1,2,3"
24,6.125,0.0,0.0,4.111824912280701,0.030342053883291677,1.757687894736842,0.04573238669070776,3,"1,2,3"
24,6.375,0.0,0.0,2.4407380701754384,0.018386462734321003,1.6369463157894737,0.044703481538695786,3,"1,2,3"
24,6.625,0.0,0.0,1.5056459649122809,0.00983278211516696,1.5622619298245615,0.04339825348774303,3,"1,2,3"
24,6.875,0.0,0.0,0.9926704210526315,0.007968232436526411,1.513831754385965,0.04232828925170141,3,"1,2,3"
24,7.125,0.0,0.0,0.7178521929824561,0.008838063825385928,1.480898947368421,0.041372523630327666,3,"1,2,3"
24,7.375,0.0,0.0,0.5931972631578949,0.009483609195260104,1.4582012280701753,0.040762604801460656,3,"1,2,3"
24,7.625,0.0,0.0,0.5580373333333334,0.012029113526034335,1.4428694736842107,0.03986711101084347,3,"1,2,3"
24,7.875,0.0,0.0,0.5725753859649122,0.015335026746126072,1.4331582456140353,0.03937538606493146,3,"1,2,3"
24,8.125,0.0,0.0,0.6101218070175438,0.01899294433300024,1.4271935087719296,0.03922390001372703,3,"1,2,3"
24,8.375,0.0,0.0,0.652598245614035,0.021645476524249495,1.4244801754385963,0.038968586655825664,3,"1,2,3"
24,8.625,0.0,0.0,0.6894561228070174,0.023732573733214517,1.42398,0.03886550136202885,3,"1,2,3"
24,8.875,0.0,0.0,0.7179295087719297,0.02428534000675016,1.42555649122807,0.03938325706551371,3,"1,2,3"
24,9.125,0.0,0.0,0.7415171754385965,0.026182664054669687,1.4292008771929823,0.039595976679724615,3,"1,2,3"
24,9.375,0.0,0.0,0.7618902807017545,0.026826248389657227,1.4346900000000005,0.040258452647896785,3,"1,2,3"
24,9.625,0.0,0.0,0.7807320350877194,0.026328442107300527,1.4417475438596492,0.041067647133221384,3,"1,2,3"
24,9.875,0.0,0.0,0.8013255087719298,0.02590748756556656,1.450355789473684,0.04163806650495987,3,"1,2,3"
24,10.125,9.804736842105264e-05,2.1833118574007393e-05,0.8233600526315789,0.025230055542612068,1.4581763157894736,0.042372930373524305,3,"1,2,3"
24,10.375,0.08140692456140351,0.001581249036965296,0.8460580175438598,0.02401605184124249,1.4539059649122805,0.04290274513627017,3,"1,2,3"
24,10.625,2.119271403508772,0.01947028065246462,0.8684220526315789,0.024095007975565602,1.421440701754386,0.04349732054097576,3,"1,2,3"
24,10.875,7.267926842105262,0.08609079317784658,0.8867092807017545,0.02290740714191648,1.3574877192982457,0.04362334506214051,3,"1,2,3"
24,11.125,6.921690877192982,0.08024738329004817,0.9006924035087719,0.02253489697684119,1.2669505263157894,0.0428589681046929,3,"1,2,3"
24,11.375,3.478659298245614,0.05022283631204895,0.9101152807017544,0.020265828612757296,1.1733121052631577,0.04117252458611316,3,"1,2,3"
24,11.625,1.508205789473684,0.028979347656248627,0.9168855438596492,0.018518243571162718,1.095622947368421,0.039401563367983006,3,"1,2,3"
24,11.875,0.75949150877193,0.018281989083474,0.9219038070175439,0.0177627573506671,1.039770350877193,0.03774980947553523,3,"1,2,3"
24,12.125,0.457284754385965,0.019201664304133396,0.9285594736842105,0.016281121016985135,1.0045026666666668,0.0366146744363768,3,"1,2,3"
24,12.375,0.3501027894736842,0.0022340287161782607,0.939969192982456,0.015923336664719952,0.9861702280701753,0.035816613445394725,3,"1,2,3"
24,12.625,0.34224180701754386,0.009352935738948695,0.9548015964912281,0.015995433857701063,0.9801843333333334,0.035554854800988224,3,"1,2,3"
24,12.875,0.372779596491228,0.011867639250738008,0.9740551403508771,0.015909055379094417,0.9826585614035087,0.03542627667486403,3,"1,2,3"
24,13.125,0.4467208596491228,0.01779736122811193,0.9961201754385965,0.01657710920493953,0.9900326140350879,0.03566497454478815,3,"1,2,3"
24,13.375,0.5176767017543861,0.021798999601870497,1.020798701754386,0.017729532594125543,0.9999739473684208,0.03588889876048129,3,"1,2,3"
24,13.625,0.6127255087719298,0.009989538847913138,1.0475884736842105,0.01863432317796963,1.0107552105263158,0.036083324343583044,3,"1,2,3"
24,13.875,0.6894842631578948,0.003333836648612364,1.0725186666666666,0.019161491685915882,1.0212508947368422,0.036101283544859336,3,"1,2,3"
24,14.125,0.7470293859649124,0.01728236902221472,1.0962796315789476,0.019606282945195178,1.0307322982456142,0.035848015545893834,3,"1,2,3"
24,14.375,0.8058448947368421,0.009342416887414315,1.118667192982456,0.01943637252620789,1.0394310350877192,0.035863123487342434,3,"1,2,3"
24,14.625,0.8517053859649121,0.011604543815899452,1.140195263157895,0.019280020320637005,1.0472159473684208,0.03550602439353834,3,"1,2,3"
24,14.875,0.8889227017543858,0.01584163830228226,1.1601640350877191,0.020141405267650396,1.0540748070175436,0.035289477425757644,3,"1,2,3"
24,15.125,0.9241853157894737,0.01453021300626349,1.1810310526315788,0.019754639839757022,1.0604396842105261,0.03491134565959364,3,"1,2,3"
24,15.375,0.9423035614035089,0.008752133605094857,1.2024801754385968,0.02011262160892977,1.0664737192982454,0.03458654434749005,3,"1,2,3"
24,15.625,0.9623763157894736,0.01571382735527638,1.223190350877193,0.021710875413815552,1.071721947368421,0.03441452563952506,3,"1,2,3"
24,15.875,0.9672124736842106,0.003300476662740266,1.2367536842105264,0.02201808916358339,1.0759024561403507,0.034210572192502016,3,"1,2,3"
24,16.125,0.967860947368421,0.00575052562228847,1.223944035087719,0.02222668999162938,1.0778495614035086,0.033985555166004364,3,"1,2,3"
24,16.375,0.9741157894736842,0.009802572948559046,1.173834912280702,0.0215668446391335,1.076731561403509,0.033731198989692714,3,"1,2,3"
24,16.625,0.9731176491228072,0.01776069654902177,1.102485263157895,0.019173982030039446,1.0737628596491229,0.03333644756540968,3,"1,2,3"
24,16.875,0.9799137719298247,0.02425610327126831,1.0339461228070175,0.016155342771004173,1.0708224385964913,0.03288598702746653,3,"1,2,3"
24,17.125,0.9727764210526316,0.011268342982677393,0.9829090175438596,0.01390327161657264,1.0687113859649122,0.03254000769648091,3,"1,2,3"
24,17.375,0.9751290877192983,0.010296767032114485,0.9546371754385964,0.012359289403155019,1.0683176842105264,0.03217964416510538,3,"1,2,3"
24,17.625,0.967561403508772,0.018638067653156648,0.9435335789473683,0.011369320096760544,1.0690260175438597,0.03201105330327475,3,"1,2,3"
24,17.875,0.9531078245614036,0.011190939633084674,0.9437993684210527,0.01053669255033457,1.0704917543859649,0.031852106367156185,3,"1,2,3"
24,18.125,0.9534481754385964,0.022949762129310602,0.951702052631579,0.010947992861070755,1.0728405087719297,0.0318048506878541,3,"1,2,3"
24,18.375,0.9818950877192982,0.03100114852956341,0.96338949122807,0.011074609969502732,1.075789456140351,0.03172358689064614,3,"1,2,3"
24,18.625,1.017192263157895,0.02919598370116786,0.9764238070175439,0.011220571846562307,1.0789551929824561,0.031566506106118455,3,"1,2,3"
24,18.875,1.0763230701754385,0.02855718219997954,0.9881921403508773,0.012096207989661382,1.0823919473684211,0.031579037240427606,3,"1,2,3"
24,19.125,1.135099,0.0220117133630338,0.9999809824561404,0.012571029634986956,1.0860743508771928,0.03151343025077593,3,"1,2,3"
24,19.375,1.1580387719298246,0.014241953606727078,1.00884350877193,0.012561422822463753,1.0893475263157892,0.03150609362440837,3,"1,2,3"
24,19.625,1.1535642631578948,0.016383375189000664,1.0160426666666666,0.012985207437983067,1.0922066315789474,0.03137494356502034,3,"1,2,3"
24,19.875,1.1289475789473686,0.009699113691695519,1.0206005614035087,0.013302518882430532,1.0944497543859653,0.03126615400450313,3,"1,2,3"
24,20.125,1.1357208596491228,0.019662537529017702,1.0247043684210526,0.013127638509798869,1.095823543859649,0.031234422795249798,3,"1,2,3"
24,20.375,1.1596418245614035,0.013617634500912126,1.0278616842105261,0.013048717402150252,1.0964531052631579,0.03115961336870469,3,"1,2,3"
24,20.625,1.1757057894736842,0.013623856384612705,1.0302100175438598,0.013348650289622248,1.096318543859649,0.031045787987669222,3,"1,2,3"
24,20.875,1.1879840350877193,0.021034409624292705,1.0315988947368424,0.013491745871499733,1.0955770175438595,0.031013052398672147,3,"1,2,3"
24,21.125,1.2026691228070174,0.018284128015112373,1.0324115263157891,0.014128495228442622,1.0942221052631578,0.030789849267464742,3,"1,2,3"
24,21.375,1.2109945614035087,0.006800037237600102,1.0321569649122806,0.014398355839137152,1.0923254385964911,0.030637871875246414,3,"1,2,3"
24,21.625,1.2018229824561404,0.021885435947621008,1.0311836842105264,0.014697661007186653,1.0903673684210526,0.030341487101324557,3,"1,2,3"
24,21.875,1.148045754385965,0.017771120569095012,1.0297174385964913,0.015050208898973417,1.0887838596491228,0.03009530358300375,3,"1,2,3"
24,22.125,1.0615674210526318,0.0077298010253203184,1.0282658070175439,0.01495248969558725,1.0880428070175439,0.02989139279027403,3,"1,2,3"
24,22.375,0.9763619649122809,0.009060108137603478,1.026114,0.01418240105133091,1.088543859649123,0.02974239187564541,3,"1,2,3"
24,22.625,0.9366850701754386,0.011611488470443,1.024594842105263,0.013546032568375558,1.0903052631578949,0.029718542020039537,3,"1,2,3"
24,22.875,0.9150012631578948,0.013340994638504198,1.0230715614035089,0.013786516190769904,1.0932163157894736,0.029671358499999,3,"1,2,3"
24,23.125,0.9039232456140351,0.015666604877405343,1.0228,0.013324285525966208,1.0968278947368422,0.029667215798916145,3,"1,2,3"
24,23.375,0.9193622982456141,0.00637144392434979,1.0247633333333335,0.012493760087328637,1.1011473684210527,0.029715425705152194,3,"1,2,3"
24,23.625,0.9239320877192982,0.007845624554060305,1.0295976842105263,0.012178676766846088,1.1057622807017544,0.029821258451780543,3,"1,2,3"
24,23.875,0.9389068245614034,0.0033026404026815204,1.0396789824561403,0.012175652282972365,1.1105771929824562,0.02993136478112577,3,"1,2,3"
24,24.125,0.9559518947368421,0.003137903969277351,1.0569633333333333,0.012666230470693311,1.1155956140350876,0.030124882915933134,3,"1,2,3"
24,24.375,0.9532611929824562,0.0017967163556513875,1.083036842105263,0.012075747517911399,1.1207336842105264,0.030284977141203453,3,"1,2,3"
24,24.625,0.9668959298245614,0.007220627796353104,1.11564649122807,0.012248062196842293,1.1259471929824563,0.030381688154722537,3,"1,2,3"
24,24.875,0.9662307894736842,0.013807662221936317,1.1389124561403507,0.012706491926898537,1.1302084210526315,0.030535830286762017,3,"1,2,3"
24,0.125,0.0,0.0,0.0,0.0,0.0,0.0,3,"1,2,3"
24,0.375,0.0,0.0,0.0,0.0,0.0,0.0,3,"1,2,3"
24,0.625,0.0,0.0,0.0,0.0,0.0,0.0,3,"1,2,3"
24,0.875,0.0,0.0,0.0,0.0,0.1197182456140351,0.000249543199780083,3,"1,2,3"
24,1.125,0.0,0.0,0.0,0.0,3.2594871929824563,0.009683859092911317,3,"1,2,3"
24,1.375,0.0,0.0,0.0,0.0,5.095124035087719,0.01856403437727733,3,"1,2,3"
24,1.625,0.0,0.0,0.0,0.0,6.564975263157894,0.015610551460390287,3,"1,2,3"
24,1.875,0.0,0.0,0.0,0.0,4.220851578947368,0.023110903583603015,3,"1,2,3"
24,2.125,0.0,0.0,0.0,0.0,3.082798421052631,0.026105765915503978,3,"1,2,3"
24,2.375,0.0,0.0,0.0,0.0,3.057063859649123,0.029343266562915783,3,"1,2,3"
24,2.625,0.0,0.0,0.0,0.0,2.7663870175438596,0.03267397328823267,3,"1,2,3"
24,2.875,0.0,0.0,0.0,0.0,2.5063477192982457,0.035215811981872666,3,"1,2,3"
24,3.125,0.0,0.0,0.0,0.0,2.40337701754386,0.03603985149416895,3,"1,2,3"
24,3.375,0.0,0.0,0.0,0.0,2.2655266666666667,0.037572402421187194,3,"1,2,3"
24,3.625,0.0,0.0,0.0,0.0,2.1136812280701758,0.038019756312374614,3,"1,2,3"
24,3.875,0.0,0.0,0.0,0.0,1.9652317543859648,0.037560774760587425,3,"1,2,3"
24,4.125,0.0,0.0,0.0,0.0,1.835045438596491,0.03764328698332787,3,"1,2,3"
24,4.375,0.0,0.0,0.0,0.0,1.7297626315789476,0.037577124069974745,3,"1,2,3"
24,4.625,0.0,0.0,0.0015836377192982457,3.796547793138306e-05,1.6493333333333329,0.03778648765345054,3,"1,2,3"
24,4.875,0.0,0.0,0.5685657368421052,0.0042270828564780595,1.6290559649122809,0.03754470580207316,3,"1,2,3"
24,5.125,0.0,0.0,5.682140526315789,0.014804916760842326,1.9228091228070177,0.038274430951966275,3,"1,2,3"
24,5.375,0.0,0.0,10.573361403508772,0.00936723561722717,2.215741052631579,0.03976368850064542,3,"1,2,3"
24,5.625,0.0,0.0,9.408685263157896,0.04458674828284344,2.1238394736842103,0.04206266079821423,3,"1,2,3"
24,5.875,0.0,0.0,6.5576454385964915,0.04711056321125699,1.9271922807017547,0.04248763923520433,3,"1,2,3"
24,6.125,0.0,0.0,4.108927017543859,0.03174389274430593,1.757242456140351,0.04121920310245398,3,"1,2,3"
24,6.375,0.0,0.0,2.4365801754385963,0.018299800201409325,1.6365531578947372,0.03983428245758219,3,"1,2,3"
24,6.625,0.0,0.0,1.5048394736842106,0.010531693371990442,1.5624105263157897,0.038941237827125816,3,"1,2,3"
24,6.875,0.0,0.0,0.9922623859649123,0.0074316413935965305,1.5142152631578947,0.038055679184455606,3,"1,2,3"
24,7.125,0.0,0.0,0.7189042105263158,0.007729474543365046,1.4813156140350874,0.037485878720899465,3,"1,2,3"
24,7.375,0.0,0.0,0.5949532807017542,0.009301538028018473,1.458652105263158,0.03735754967140545,3,"1,2,3"
24,7.625,0.0,0.0,0.558047754385965,0.01167116696242059,1.443168596491228,0.03710940662278694,3,"1,2,3"
24,7.875,0.0,0.0,0.5719485263157895,0.015046214176627298,1.432802456140351,0.03740539871545938,3,"1,2,3"
24,8.125,0.0,0.0,0.6089111929824561,0.018051432734032716,1.4266440350877192,0.03733828376606576,3,"1,2,3"
24,8.375,0.0,0.0,0.651160298245614,0.01954069242280248,1.4237340350877192,0.03759201650066187,3,"1,2,3"
24,8.625,0.0,0.0,0.6883030701754387,0.020460936893058078,1.4223735087719298,0.03777345880983902,3,"1,2,3"
24,8.875,0.0,0.0,0.7193072807017544,0.02165675478982184,1.4239450877192983,0.03790618643387906,3,"1,2,3"
24,9.125,0.0,0.0,0.743518403508772,0.02195755118675144,1.4274503508771932,0.03838741408069869,3,"1,2,3"
24,9.375,0.0,0.0,0.7634830350877193,0.022181945966385477,1.4329254385964914,0.03886534894874044,3,"1,2,3"
24,9.625,0.0,0.0,0.7827718771929825,0.021728546337727132,1.440416666666667,0.038964209342222195,3,"1,2,3"
24,9.875,0.0,0.0,0.8025452807017545,0.021715911011996547,1.4494940350877192,0.03937761900321791,3,"1,2,3"
24,10.125,7.427840350877192e-05,6.603686140241998e-05,0.8240329824561404,0.022179417296136962,1.4576452631578949,0.03958683154955661,3,"1,2,3"
24,10.375,0.07985342982456141,0.0016514547066769937,0.845926403508772,0.022207058062972823,1.4535849122807016,0.0395740713829566,3,"1,2,3"
24,10.625,2.1248677192982455,0.04763739805557917,0.867883298245614,0.021326744032967252,1.4216177192982455,0.03982865418570402,3,"1,2,3"
24,10.875,7.263435438596491,0.109095993425947,0.8869427192982456,0.020835499941987513,1.3578122807017545,0.03968240155105736,3,"1,2,3"
24,11.125,6.879669298245614,0.0734381792278231,0.9018340350877191,0.018550296195295912,1.2677175438596489,0.038564511974228166,3,"1,2,3"
24,11.375,3.4567117543859656,0.024152022495917063,0.9123233333333335,0.017483387663829893,1.1742115789473686,0.03781570372721009,3,"1,2,3"
24,11.625,1.5272215789473684,0.027807414317828915,0.9188769649122808,0.01623202971717644,1.0967922807017543,0.03669742999833378,3,"1,2,3"
24,11.875,0.7636861403508771,0.0146136799240978,0.9248943684210525,0.015798106580157213,1.0409883508771929,0.035717944132874074,3,"1,2,3"
24,12.125,0.47759091228070183,0.01847046079301849,0.9323464385964914,0.015464504764789356,1.0057434385964912,0.03516651315383123,3,"1,2,3"
24,12.375,0.36671080701754394,0.01504722626604756,0.9419414561403509,0.01540673144330366,0.9873617894736842,0.03505771562279572,3,"1,2,3"
24,12.625,0.3544205087719298,0.014808138662658064,0.9567325438596491,0.016333146931154216,0.9810465789473684,0.035272682570081676,3,"1,2,3"
24,12.875,0.38093064912280705,0.004806263036637391,0.9747006842105262,0.01746091225438436,0.9833296140350877,0.035532593671289,3,"1,2,3"
24,13.125,0.43694643859649124,0.023946796101675917,0.9956367894736843,0.01916554334165339,0.9906566140350876,0.035934185609075624,3,"1,2,3"
24,13.375,0.5168969473684211,0.028753355139984844,1.0203441228070176,0.019788628735710006,1.0006083157894736,0.03616182646385838,3,"1,2,3"
24,13.625,0.5993828070175439,0.01651067955682411,1.0458488771929828,0.020397838258370625,1.0113917894736841,0.03636254610686597,3,"1,2,3"
24,13.875,0.6830701403508773,0.012257744230643991,1.0707438771929825,0.02070163514492875,1.021980561403509,0.03639931600631113,3,"1,2,3"
24,14.125,0.752181894736842,0.0027598008884111153,1.0953715087719298,0.020560786080724397,1.0316274385964912,0.03615518868727716,3,"1,2,3"
24,14.375,0.8107903157894737,0.011493251182508279,1.118184035087719,0.01917319051202979,1.0404268596491226,0.035974451042644635,3,"1,2,3"
24,14.625,0.8578615614035087,0.0052288988197064686,1.1404266666666665,0.018214701196389384,1.0483135263157894,0.035771103369448644,3,"1,2,3"
24,14.875,0.8879811228070175,0.006869851787441193,1.161592105263158,0.017465295402319968,1.0553242105263154,0.035465450732797964,3,"1,2,3"
24,15.125,0.9202295438596492,0.0071610596931315955,1.1830949122807015,0.017770776935640054,1.0618516140350878,0.03521157632138375,3,"1,2,3"
24,15.375,0.9472171052631578,0.009779130370882268,1.2051466666666666,0.018491330584954866,1.0677765263157895,0.03511073384691221,3,"1,2,3"
24,15.625,0.9772601403508773,0.009156880950171408,1.2267022807017545,0.019575139137906396,1.0730343684210528,0.03492696566543744,3,"1,2,3"
24,15.875,0.9785627894736842,0.008437771635215943,1.2409994736842103,0.020546979940424308,1.0773264210526314,0.03466861384150792,3,"1,2,3"
24,16.125,0.9784042456140352,0.009557215632448702,1.226979649122807,0.02099152328294416,1.07914249122807,0.03439761659701948,3,"1,2,3"
24,16.375,0.9811063684210525,0.01098963057720563,1.1760191228070174,0.019896248240804243,1.0780205964912282,0.034085514675085124,3,"1,2,3"
24,16.625,0.9744413684210528,0.010076439314807902,1.1027233333333335,0.017971826732682696,1.07522149122807,0.033788532503379334,3,"1,2,3"
24,16.875,0.965380192982456,0.007507303674575556,1.0343685087719299,0.016374435183640876,1.0722984561403508,0.03350414572386172,3,"1,2,3"
24,17.125,0.9611425438596491,0.013726103169993406,0.9841980175438597,0.014787029824577157,1.0704124561403507,0.03343790118291836,3,"1,2,3"
24,17.375,0.9564285438596491,0.017216172955569143,0.955664894736842,0.014315219198393646,1.0698600701754384,0.03342186732493231,3,"1,2,3"
24,17.625,0.955778052631579,0.019933940569858734,0.9435601578947367,0.013820485990174752,1.0704119473684208,0.03344157296753434,3,"1,2,3"
24,17.875,0.9597312982456141,0.029943553138409983,0.9442180701754386,0.013158117201370835,1.0718913684210527,0.03352602486607089,3,"1,2,3"
24,18.125,0.9676511754385965,0.02980742849774012,0.9519115789473683,0.013707634911872746,1.0741263333333335,0.03362982048584456,3,"1,2,3"
24,18.375,0.9821480877192981,0.026379720973812575,0.9640181754385965,0.013682060271636669,1.076932596491228,0.033629613625176254,3,"1,2,3"
24,18.625,1.007747140350877,0.024283801491103825,0.9768523157894737,0.014492137167270299,1.080177456140351,0.03370445197086298,3,"1,2,3"
24,18.875,1.0754213508771933,0.00918501929383558,0.9891803157894735,0.014584704636415795,1.0837071228070176,0.0337425347531914,3,"1,2,3"
24,19.125,1.1432218771929825,0.016068483109179334,1.0003175263157893,0.01454605517424006,1.0873692456140351,0.03371076246562107,3,"1,2,3"
24,19.375,1.1545860350877193,0.016495279506424706,1.0102696666666666,0.014488482330227015,1.0908661578947367,0.03364328237865029,3,"1,2,3"
24,19.625,1.1549487368421054,0.011171338510011387,1.017580859649123,0.013965095219907192,1.0938195614035087,0.03359701533946021,3,"1,2,3"
24,19.875,1.151576140350877,0.008774294028769194,1.0229405438596493,0.014327649130776922,1.0960273157894738,0.03345804806057904,3,"1,2,3"
24,20.125,1.1584673859649124,0.013416521555760895,1.0269793859649121,0.014150513402804165,1.0972847543859647,0.033310708200691715,3,"1,2,3"
24,20.375,1.1693462105263157,0.010450514540827661,1.0294855263157896,0.014311508436324645,1.0978511929824561,0.03336027876533266,3,"1,2,3"
24,20.625,1.1804980701754386,0.00307988932459751,1.0315560350877193,0.01353068156163299,1.0976969649122805,0.033149388108101224,3,"1,2,3"
24,20.875,1.1955229122807018,0.012939295976239513,1.031977596491228,0.012803008133106258,1.0966075263157895,0.03293451663775412,3,"1,2,3"
24,21.125,1.220259859649123,0.013821048331885123,1.0321515614035088,0.01256657456258441,1.0951194736842105,0.03277053056199823,3,"1,2,3"
24,21.375,1.2106414035087718,0.007626318021300878,1.0320507368421052,0.0126843801496266,1.0930629824561402,0.032544565020019185,3,"1,2,3"
24,21.625,1.1852401754385966,0.006049125488459454,1.0315910175438596,0.013702575402048245,1.0909508771929826,0.03237200469203055,3,"1,2,3"
24,21.875,1.1375191228070174,0.00697334246542096,1.0304576666666667,0.014397219112209574,1.0894233333333334,0.03229597720099522,3,"1,2,3"
24,22.125,1.047551298245614,0.002704236557663425,1.0290611578947368,0.014944881739287657,1.0887394736842106,0.032270741414340165,3,"1,2,3"
24,22.375,0.9829674736842108,0.013584207135612734,1.0272377894736842,0.015014018508106712,1.08936649122807,0.03214891944791002,3,"1,2,3"
24,22.625,0.9411476315789474,0.006370883291879104,1.025486403508772,0.015156935170731885,1.0911436842105264,0.03199335073172859,3,"1,2,3"
24,22.875,0.9150042807017544,0.009157659914546569,1.024373596491228,0.014762343976896417,1.0941542105263158,0.03182960970424058,3,"1,2,3"
24,23.125,0.9253313859649124,0.009777537837374112,1.0244463157894739,0.014747790464677389,1.0980026315789473,0.03165327854518839,3,"1,2,3"
24,23.375,0.9129623157894738,0.006510783147723159,1.0264684736842105,0.014450525181790092,1.1021515789473686,0.03154883850896904,3,"1,2,3"
24,23.625,0.9170000175438596,0.0030189367308571685,1.0313768245614034,0.014334348682906105,1.1068229824561404,0.03132857174582201,3,"1,2,3"
24,23.875,0.9177095263157895,0.008456745948359129,1.041068263157895,0.013826558478893592,1.1115943859649124,0.031286104486639425,3,"1,2,3"
24,24.125,0.9347903684210527,0.008698321199610738,1.058747596491228,0.013581595108808072,1.1166512280701755,0.031202421539706236,3,"1,2,3"
24,24.375,0.9606311754385964,0.009764106089704063,1.0848912280701757,0.013636987630723301,1.1218950877192981,0.031142469825610145,3,"1,2,3"
24,24.625,0.972863192982456,0.00315734217397634,1.1178161403508773,0.013703334951629547,1.1270447368421053,0.03105757322856454,3,"1,2,3"
24,24.875,0.9783815614035086,0.003626158665995754,1.1414964912280698,0.013332185636200205,1.1312929824561404,0.030878284014815422,3,"1,2,3"
24,0.125,0.0,0.0,0.0,0.0,0.0,0.0,3,"1,2,3"
24,0.375,0.0,0.0,0.0,0.0,0.0,0.0,3,"1,2,3"
24,0.625,0.0,0.0,0.0,0.0,0.0,0.0,3,"1,2,3"
24,0.875,0.0,0.0,0.0,0.0,0.11967021052631578,0.001012574210542606,3,"1,2,3"
24,1.125,0.0,0.0,0.0,0.0,3.2582922807017543,0.00810663420089335,3,"1,2,3"
24,1.375,0.0,0.0,0.0,0.0,5.099993684210525,0.0074365621059523076,3,"1,2,3"
24,1.625,0.0,0.0,0.0,0.0,6.5669973684210525,0.004174089447374058,3,"1,2,3"
24,1.875,0.0,0.0,0.0,0.0,4.22859701754386,0.007735162084373561,3,"1,2,3"
24,2.125,0.0,0.0,0.0,0.0,3.090195263157895,0.013505664602749146,3,"1,2,3"
24,2.375,0.0,0.0,0.0,0.0,3.0641340350877186,0.013258207857493334,3,"1,2,3"
24,2.625,0.0,0.0,0.0,0.0,2.7749794736842106,0.015978091654732986,3,"1,2,3"
24,2.875,0.0,0.0,0.0,0.0,2.5165970175438592,0.019564185202264436,3,"1,2,3"
24,3.125,0.0,0.0,0.0,0.0,2.4126035087719298,0.021641799989882565,3,"1,2,3"
24,3.375,0.0,0.0,0.0,0.0,2.2754226315789476,0.024364445384452486,3,"1,2,3"
24,3.625,0.0,0.0,0.0,0.0,2.1238,0.027382799880044287,3,"1,2,3"
24,3.875,0.0,0.0,0.0,0.0,1.9751689473684209,0.029271919687289327,3,"1,2,3"
24,4.125,0.0,0.0,0.0,0.0,1.84487350877193,0.030696971690635462,3,"1,2,3"
24,4.375,0.0,0.0,0.0,0.0,1.7392042105263155,0.033586754185160245,3,"1,2,3"
24,4.625,0.0,0.0,0.0016051694736842106,1.1826009013892971e-05,1.6598629824561402,0.034547660115442635,3,"1,2,3"
24,4.875,0.0,0.0,0.5681670350877193,0.0013963262670356046,1.6392259649122807,0.03594874662106772,3,"1,2,3"
24,5.125,0.0,0.0,5.6712538596491235,0.010663350012412887,1.932098596491228,0.03651901916435308,3,"1,2,3"
24,5.375,0.0,0.0,10.564675438596492,0.008459153208629264,2.2255580701754387,0.03696237547061747,3,"1,2,3"
24,5.625,0.0,0.0,9.419686666666665,0.00677465070782131,2.1347650877192983,0.03842192091384481,3,"1,2,3"
24,5.875,0.0,0.0,6.570047543859649,0.018920658738956334,1.9376942105263157,0.03910318426388394,3,"1,2,3"
24,6.125,0.0,0.0,4.123712280701755,0.015244141573856257,1.7676952631578946,0.0387648678152179,3,"1,2,3"
24,6.375,0.0,0.0,2.4470071929824564,0.01148414075535838,1.6461336842105263,0.038573177481932,3,"1,2,3"
24,6.625,0.0,0.0,1.510318245614035,0.006804352286136869,1.5710452631578946,0.03792010498103695,3,"1,2,3"
24,6.875,0.0,0.0,0.9960931929824562,0.007051791395926323,1.5219831578947371,0.03742306722190832,3,"1,2,3"
24,7.125,0.0,0.0,0.7216870350877193,0.006111542509656374,1.4879171929824562,0.036734018411396285,3,"1,2,3"
24,7.375,0.0,0.0,0.5969330701754386,0.009108128173362876,1.4648985964912278,0.0363474756562334,3,"1,2,3"
24,7.625,0.0,0.0,0.561424192982456,0.012024672981221729,1.4486998245614038,0.03626972291637889,3,"1,2,3"
24,7.875,0.0,0.0,0.5767257368421052,0.01510441820566046,1.4378901754385964,0.036214571301850275,3,"1,2,3"
24,8.125,0.0,0.0,0.6156460175438597,0.018665734451346495,1.4310857894736841,0.03632316882310542,3,"1,2,3"
24,8.375,0.0,0.0,0.6589388245614035,0.020680291072797983,1.4271631578947368,0.03668551849464155,3,"1,2,3"
24,8.625,0.0,0.0,0.6962191403508773,0.022940998342644445,1.42571649122807,0.036888686966336175,3,"1,2,3"
24,8.875,0.0,0.0,0.7254879122807018,0.023414524929964008,1.4268043859649122,0.03686912863899766,3,"1,2,3"
24,9.125,0.0,0.0,0.7489187017543859,0.023919946250033537,1.4299378947368417,0.037041062196468535,3,"1,2,3"
24,9.375,0.0,0.0,0.7691026491228071,0.023933922458161727,1.4355687719298247,0.037155319321646264,3,"1,2,3"
24,9.625,0.0,0.0,0.7890963508771932,0.023386398334041856,1.4430533333333333,0.037461694613455304,3,"1,2,3"
24,9.875,0.0,0.0,0.809281894736842,0.022989705294082636,1.4519394736842106,0.03737835918502475,3,"1,2,3"
24,10.125,0.0002258057894736842,6.603648410021264e-05,0.8309483859649123,0.022191119290711294,1.4598192982456142,0.03762993907930677,3,"1,2,3"
24,10.375,0.08325185087719299,0.004498506410561202,0.8537708771929823,0.02237876559012226,1.4555477192982458,0.03810404606065701,3,"1,2,3"
24,10.625,2.1254801754385966,0.026723218249268318,0.8742652807017545,0.02169522023693149,1.422933684210526,0.03855820225126551,3,"1,2,3"
24,10.875,7.2444,0.019866794500632307,0.8913782807017544,0.021593334770101863,1.3587784210526317,0.03882665190620508,3,"1,2,3"
24,11.125,6.935927719298246,0.05463142281749824,0.9062143333333332,0.02094906420149692,1.2686435087719297,0.03887747516285575,3,"1,2,3"
24,11.375,3.4861329824561396,0.03565964101202935,0.9145654736842106,0.020540354831408893,1.175226315789474,0.03820705950151788,3,"1,2,3"
24,11.625,1.5329571929824561,0.03971664416695203,0.9199409824561405,0.02121913517210675,1.0976933333333334,0.03757348581947991,3,"1,2,3"
24,11.875,0.7781472280701754,0.017948405768463776,0.9242615087719298,0.019698685178237314,1.0419975087719298,0.03671763675864831,3,"1,2,3"
24,12.125,0.49214136842105266,0.011271022158799812,0.9298341228070175,0.018793199270200844,1.0067521754385966,0.03608822350698112,3,"1,2,3"
24,12.375,0.3731789122807017,0.01516292876157176,0.938992842105263,0.018148897711593684,0.9880297192982456,0.03601275559837434,3,"1,2,3"
24,12.625,0.3434667543859649,0.014672502219399086,0.9520359298245614,0.01829052171200656,0.9816808771929825,0.036141676099259286,3,"1,2,3"
24,12.875,0.3711277017543859,0.014687567479601147,0.9697891929824559,0.018491141997053165,0.9835632807017545,0.03630265883540125,3,"1,2,3"
24,13.125,0.4427424736842105,0.0135876545941626,0.9915837894736844,0.017863798739448097,0.9906851929824559,0.036726646248163415,3,"1,2,3"
24,13.375,0.5186336315789474,0.012399912560901569,1.015349105263158,0.018158978805828924,1.000192649122807,0.036940764024720414,3,"1,2,3"
24,13.625,0.6102119122807018,0.01864704619180435,1.0400358421052631,0.01792032569002497,1.0105651578947368,0.03718173716699248,3,"1,2,3"
24,13.875,0.6849308070175439,0.010136476641344492,1.0659564385964913,0.01747550271219718,1.0207591754385963,0.03729025506750645,3,"1,2,3"
24,14.125,0.7444598771929826,0.017546192536945233,1.0908442105263159,0.016145622226541145,1.0300518245614034,0.03714761479601241,3,"1,2,3"
24,14.375,0.8051079298245614,0.016663646471172536,1.1143245614035087,0.014913472323906487,1.038443350877193,0.03688036101300217,3,"1,2,3"
24,14.625,0.8662449824561403,0.019205147615597943,1.1365350877192981,0.01346553727333997,1.045794456140351,0.03649424501981972,3,"1,2,3"
24,14.875,0.8971230877192983,0.012992289802948205,1.1584461403508772,0.013166431618926607,1.0527177017543858,0.036344030678986,3,"1,2,3"
24,15.125,0.9101125438596492,0.013646715804270846,1.1809270175438595,0.013259827180877202,1.0588200877192984,0.03611525970384474,3,"1,2,3"
24,15.375,0.9479521754385966,0.006038976118376799,1.20322298245614,0.013768487420928543,1.0643633684210527,0.035830224188497094,3,"1,2,3"
24,15.625,0.9530675614035086,0.008397410622350136,1.2247717543859649,0.014480968555051784,1.069494807017544,0.035625772584137495,3,"1,2,3"
24,15.875,0.9651625614035089,0.009898227232580568,1.2370808771929827,0.01599786403871379,1.0735299649122807,0.035246649034291054,3,"1,2,3"
24,16.125,0.9689215789473685,0.016826668302284967,1.2231312280701754,0.017928005577728775,1.075230807017544,0.034983533120517246,3,"1,2,3"
24,16.375,0.9621337192982455,0.020549974023268937,1.1724342105263157,0.019282672403801198,1.0740352982456143,0.034678742781261235,3,"1,2,3"
24,16.625,0.9454728070175439,0.022670826239202475,1.1007817894736844,0.019663467057188702,1.071195368421053,0.0341524025934201,3,"1,2,3"
24,16.875,0.9534563859649121,0.02454900358545063,1.0335022631578947,0.01919707639535968,1.0682328596491228,0.03386670486161063,3,"1,2,3"
24,17.125,0.9403431052631577,0.017472868725792328,0.9834491228070176,0.017873255474231832,1.0663205087719299,0.03340836095969902,3,"1,2,3"
24,17.375,0.941617105263158,0.02242165020853441,0.9547825964912281,0.0169052341784033,1.0658125614035088,0.03299372014747032,3,"1,2,3"
24,17.625,0.9477531578947368,0.009339141626679285,0.9429465789473684,0.016079062192199307,1.0666161754385965,0.032929460113733426,3,"1,2,3"
24,17.875,0.9644907719298246,0.015554464865757319,0.9428413859649124,0.01622290806636972,1.0683367894736842,0.032779620195942126,3,"1,2,3"
24,18.125,0.9625651754385965,0.011829286188878102,0.9497041228070175,0.016593624726971568,1.070769543859649,0.032757075358030595,3,"1,2,3"
24,18.375,0.9835311403508772,0.015016169105053455,0.9613141754385964,0.016328988367243395,1.0736992807017545,0.03279673784000679,3,"1,2,3"
24,18.625,1.0160752280701755,0.015270523797122263,0.974534456140351,0.01607213612929826,1.0771430877192985,0.03291444451960047,3,"1,2,3"
24,18.875,1.063727894736842,0.007207016296016072,0.9869464736842103,0.015936357737372626,1.0808027894736842,0.033007916104369414,3,"1,2,3"
24,19.125,1.1454812105263157,0.0006148997275791042,0.9986278421052631,0.01530355803437692,1.084686596491228,0.03275730548407151,3,"1,2,3"
24,19.375,1.170532105263158,0.009353580982328765,1.008629947368421,0.014850571217705756,1.088589842105263,0.03267666363605856,3,"1,2,3"
24,19.625,1.167171052631579,0.011101148127589878,1.0157522280701754,0.015168697595049931,1.0916726140350879,0.032685452309385556,3,"1,2,3"
24,19.875,1.1460255614035089,0.009847222758712764,1.021731789473684,0.014336618331651273,1.094156807017544,0.0325578423911337,3,"1,2,3"
24,20.125,1.1500378245614036,0.008243992365952713,1.0259851754385965,0.014828782068807844,1.095780403508772,0.032636393709205506,3,"1,2,3"
24,20.375,1.1569357719298246,0.004235984524809773,1.0288645263157896,0.014139166624019511,1.0964330701754386,0.03272293980793515,3,"1,2,3"
24,20.625,1.1810294736842104,0.013429550340399879,1.030719403508772,0.013890625206537754,1.0963678771929823,0.03273094953878786,3,"1,2,3"
24,20.875,1.189249298245614,0.027146633056485507,1.031707894736842,0.013746762308714683,1.095556842105263,0.03287109261683528,3,"1,2,3"
24,21.125,1.2081959649122807,0.020474290453899636,1.0322546315789476,0.013431696629372143,1.0941377192982458,0.03287785036415182,3,"1,2,3"
24,21.375,1.2058734736842107,0.021329866193960528,1.0322219122807017,0.013264780761639275,1.0921970175438598,0.03278882645959009,3,"1,2,3"
24,21.625,1.1942642105263157,0.01905133485458322,1.0324097368421052,0.012650071008161826,1.0904031578947369,0.03277991768611967,3,"1,2,3"
24,21.875,1.1410389649122807,0.025309344982348363,1.0309952807017542,0.011936345036088626,1.0888905263157895,0.03265515380442667,3,"1,2,3"
24,22.125,1.0612293157894737,0.02160137343142172,1.0302595789473683,0.011671913920157036,1.0884498245614034,0.03247228640493936,3,"1,2,3"
24,22.375,0.9941209649122807,0.024902919724258378,1.0286762807017544,0.011779676667005483,1.0891270175438597,0.03227052891195476,3,"1,2,3"
24,22.625,0.9558743684210528,0.01552651213619525,1.0269772631578948,0.012077003526272284,1.0910191228070178,0.03220118377965813,3,"1,2,3"
24,22.875,0.9258675263157895,0.012804740825943003,1.0264183684210526,0.012235266155979758,1.0941343859649126,0.03186270106817369,3,"1,2,3"
24,23.125,0.9215708947368421,0.0032680213251060236,1.0262239298245615,0.01265367236701678,1.0979331578947369,0.031724318820375075,3,"1,2,3"
24,23.375,0.9292309824561406,0.004151542956796787,1.0277794561403508,0.013440492313231528,1.1021705263157895,0.0315888319383888,3,"1,2,3"
24,23.625,0.9267894736842105,0.008185811105968993,1.0318360175438597,0.012864058611639015,1.1068891228070175,0.03137586364177812,3,"1,2,3"
24,23.875,0.9453716666666666,0.008562745105086846,1.0417387192982457,0.013207073245240383,1.1117514035087719,0.031278373594618436,3,"1,2,3"
24,24.125,0.9540189649122807,0.005275796590867194,1.059102385964912,0.012798396216566268,1.1166675438596492,0.031126062913417026,3,"1,2,3"
24,24.375,0.9618546140350875,0.006103460848664424,1.085553157894737,0.012208183811903703,1.1219843859649123,0.030840270912258952,3,"1,2,3"
24,24.625,0.9748175614035087,0.005154348023757809,1.118929649122807,0.012274733534734005,1.1272075438596492,0.0306736670710417,3,"1,2,3"
24,24.875,0.985225456140351,0.01009934352687084,1.1425096491228073,0.012639833781745852,1.1314142105263159,0.030510438015300557,3,"1,2,3"
24,0.125,0.0,0.0,0.0,0.0,0.0,0.0,3,"1,2,3"
24,0.375,0.0,0.0,0.0,0.0,0.0,0.0,3,"1,2,3"
24,0.625,0.0,0.0,0.0,0.0,0.0,0.0,3,"1,2,3"
24,0.875,0.0,0.0,0.0,0.0,0.11968170175438596,0.0008818825665518502,3,"1,2,3"
24,1.125,0.0,0.0,0.0,0.0,3.2577124561403505,0.00849987088417854,3,"1,2,3"
24,1.375,0.0,0.0,0.0,0.0,5.0986161403508765,0.011420328195420403,3,"1,2,3"
24,1.625,0.0,0.0,0.0,0.0,6.569441403508772,0.013285331383839303,3,"1,2,3"
24,1.875,0.0,0.0,0.0,0.0,4.230391228070176,0.01734716882301565,3,"1,2,3"
24,2.125,0.0,0.0,0.0,0.0,3.092357894736842,0.02188626241614768,3,"1,2,3"
24,2.375,0.0,0.0,0.0,0.0,3.0671466666666674,0.025395918344783865,3,"1,2,3"
24,2.625,0.0,0.0,0.0,0.0,2.776201754385965,0.02891577387878344,3,"1,2,3"
24,2.875,0.0,0.0,0.0,0.0,2.5162431578947366,0.03092403562767019,3,"1,2,3"
24,3.125,0.0,0.0,0.0,0.0,2.413220175438596,0.03236617438026206,3,"1,2,3"
24,3.375,0.0,0.0,0.0,0.0,2.2740915789473686,0.03344497254521694,3,"1,2,3"
24,3.625,0.0,0.0,0.0,0.0,2.1214600000000003,0.035394859252380596,3,"1,2,3"
24,3.875,0.0,0.0,0.0,0.0,1.97201649122807,0.03547012792401719,3,"1,2,3"
24,4.125,0.0,0.0,0.0,0.0,1.8410361403508773,0.035951727331555314,3,"1,2,3"
24,4.375,0.0,0.0,0.0,0.0,1.734431052631579,0.03681402673632621,3,"1,2,3"
24,4.625,0.0,0.0,0.00159,4.905829667610556e-06,1.6539296491228068,0.037903368474386745,3,"1,2,3"
24,4.875,0.0,0.0,0.5687791403508772,0.00454026633594927,1.6336742105263156,0.03848632380277793,3,"1,2,3"
24,5.125,0.0,0.0,5.680179122807019,0.02316680056957277,1.927616140350877,0.038352246229235866,3,"1,2,3"
24,5.375,0.0,0.0,10.569689473684212,0.007661028477999585,2.220372105263158,0.0411665605383288,3,"1,2,3"
24,5.625,0.0,0.0,9.417716315789471,0.03776441613406112,2.1292778947368416,0.043383125996605064,3,"1,2,3"
24,5.875,0.0,0.0,6.562851052631579,0.04150432336055831,1.932200701754386,0.04362889607296292,3,"1,2,3"
24,6.125,0.0,0.0,4.111401403508772,0.03792303610560345,1.7616094736842107,0.04299488475877255,3,"1,2,3"
24,6.375,0.0,0.0,2.4375699999999996,0.023501973147552136,1.6406940350877193,0.04167791662862866,3,"1,2,3"
24,6.625,0.0,0.0,1.5058842105263157,0.014578845702349911,1.5660580701754387,0.040307785530739874,3,"1,2,3"
24,6.875,0.0,0.0,0.9928431403508772,0.010575562939844524,1.5174866666666667,0.039429193018769924,3,"1,2,3"
24,7.125,0.0,0.0,0.7186474736842104,0.009151608666949447,1.4843849122807018,0.03895067346416244,3,"1,2,3"
24,7.375,0.0,0.0,0.5942620701754385,0.009221043715582128,1.4609736842105263,0.03890493780005584,3,"1,2,3"
24,7.625,0.0,0.0,0.5590233684210526,0.013128199142383088,1.4449217543859652,0.03906353018664974,3,"1,2,3"
24,7.875,0.0,0.0,0.5739671578947368,0.01588213745502639,1.4345308771929826,0.039280853437567154,3,"1,2,3"
24,8.125,0.0,0.0,0.6122458771929825,0.019061857120041662,1.4279678947368424,0.039321731681808574,3,"1,2,3"
24,8.375,0.0,0.0,0.6540645964912281,0.020430201132729725,1.42391649122807,0.039380764497843265,3,"1,2,3"
24,8.625,0.0,0.0,0.691092456140351,0.021436554647231452,1.4226150877192982,0.03978782306595193,3,"1,2,3"
24,8.875,0.0,0.0,0.7208770701754386,0.02199607675525246,1.4238191228070176,0.03979182946784005,3,"1,2,3"
24,9.125,0.0,0.0,0.7443237017543861,0.02131495818185537,1.4268847368421056,0.04001703546059459,3,"1,2,3"
24,9.375,0.0,0.0,0.7646401578947368,0.02103192851100361,1.4325215789473686,0.04023213057220039,3,"1,2,3"
24,9.625,0.0,0.0,0.7842566140350877,0.02047971133841418,1.4399189473684213,0.04076910465270011,3,"1,2,3"
24,9.875,0.0,0.0,0.8057148421052632,0.02106925953974393,1.4485943859649122,0.04101403461418967,3,"1,2,3"
24,10.125,8.022054385964913e-05,5.776542439593386e-05,0.8271026140350878,0.021507317082891376,1.4564843859649121,0.040966820295923655,3,"1,2,3"
24,10.375,0.0796949649122807,0.0014283888261522237,0.8488064736842104,0.022145528853502055,1.4522194736842104,0.04121292941168512,3,"1,2,3"
24,10.625,2.1468512280701755,0.008311990708322755,0.8704141929824561,0.02230558966852143,1.4195549122807016,0.04136072260034593,3,"1,2,3"
24,10.875,7.272985614035086,0.06801969869657212,0.8882296842105263,0.021462121207034782,1.3556356140350878,0.04115143310055689,3,"1,2,3"
24,11.125,6.865036315789474,0.1174879965633629,0.9016662982456142,0.020298680694604762,1.265288947368421,0.04056914184894863,3,"1,2,3"
24,11.375,3.4371621052631576,0.08639234528755742,0.9109682982456141,0.01973871779037341,1.1717212280701756,0.03923076556741191,3,"1,2,3"
24,11.625,1.5104484210526319,0.040393540246291874,0.9165896842105264,0.018193242483939265,1.094491052631579,0.03769089616034974,3,"1,2,3"
24,11.875,0.7535105087719298,0.008604075675922206,0.9212540175438596,0.017716380654902004,1.0387712105263158,0.03622302498571076,3,"1,2,3"
24,12.125,0.47663370175438596,0.006647816855084879,0.9276138421052632,0.017589432302123648,1.0038090877192982,0.035170711861866454,3,"1,2,3"
24,12.375,0.3731211754385965,0.019088697588658863,0.9378860877192983,0.018051447580033197,0.9854146491228071,0.034584720950995546,3,"1,2,3"
24,12.625,0.3510399649122807,0.012428040780077528,0.9524104035087718,0.018632965262396675,0.9793012631578947,0.03447070311596974,3,"1,2,3"
24,12.875,0.3791153157894737,0.019860158447191575,0.9712600701754385,0.018258711550982992,0.981428596491228,0.03452004546229588,3,"1,2,3"
24,13.125,0.4524620877192982,0.01588441653060308,0.993006052631579,0.018708933920591586,0.9887900350877192,0.03466073179511784,3,"1,2,3"
24,13.375,0.5273240877192982,0.010947827703956482,1.0166060701754387,0.018458014605603496,0.9984392807017543,0.03496476626776484,3,"1,2,3"
24,13.625,0.6074061754385965,0.011318695291230373,1.0420565614035087,0.018324168906481603,1.0089146842105263,0.03509481489432911,3,"1,2,3"
24,13.875,0.689800649122807,0.009966482279304903,1.0670681228070176,0.01755425187273223,1.0193086666666666,0.03520671431546453,3,"1,2,3"
24,14.125,0.7578824385964914,0.0077520477184334574,1.0906257894736842,0.01724962198790926,1.0285558596491227,0.035077673492941885,3,"1,2,3"
24,14.375,0.8204407894736843,0.010185312608758533,1.113758245614035,0.016741353564605647,1.037094596491228,0.03485174929079592,3,"1,2,3"
24,14.625,0.8657323157894736,0.004395799002644663,1.1360292982456144,0.016141275288173395,1.04481749122807,0.034539536942975166,3,"1,2,3"
24,14.875,0.904507210526316,0.002591993345166017,1.1577626315789473,0.014737570213842607,1.051792245614035,0.03427919375975314,3,"1,2,3"
24,15.125,0.9162456666666666,0.011164746978084257,1.1799087719298245,0.014116691706407804,1.0581538596491227,0.03393344945310444,3,"1,2,3"
24,15.375,0.9341829824561404,0.012614807750217477,1.2020721052631578,0.013540086300566015,1.0640991228070176,0.03372294198057427,3,"1,2,3"
24,15.625,0.9403272456140351,0.005704470064370269,1.2226043859649123,0.01315672195007312,1.0693525789473683,0.03363689099917672,3,"1,2,3"
24,15.875,0.9494975438596492,0.008274383098727718,1.2355810526315791,0.013624061864235535,1.0736980350877194,0.03351929209969797,3,"1,2,3"
24,16.125,0.9496061403508772,0.012230683512709282,1.222999298245614,0.015336427268248043,1.0755497368421052,0.03337543985828612,3,"1,2,3"
24,16.375,0.9589245438596491,0.01008514264823011,1.171203157894737,0.015590604535077044,1.0746077192982455,0.03319823990576733,3,"1,2,3"
24,16.625,0.9720254736842106,0.018554833449380616,1.099378947368421,0.015769462916181344,1.0716854912280702,0.032890756846000645,3,"1,2,3"
24,16.875,0.965843701754386,0.012541372396985797,1.0323071052631578,0.014206701587111107,1.068759105263158,0.032372249896122925,3,"1,2,3"
24,17.125,0.9515023157894736,0.01130786949700963,0.983439894736842,0.012112232670184705,1.0668792807017546,0.032053136766402625,3,"1,2,3"
24,17.375,0.9596631403508772,0.018346107941640873,0.955310947368421,0.011162234483094611,1.06641150877193,0.03166230178554426,3,"1,2,3"
24,17.625,0.9614678596491227,0.014530777694497092,0.9442535789473684,0.010930746262367617,1.0671468947368423,0.03152992344214893,3,"1,2,3"
24,17.875,0.9699705438596492,0.013777620568605856,0.9453514385964912,0.011259448385066798,1.0688019298245612,0.031327329456615635,3,"1,2,3"
24,18.125,0.9804951929824561,0.012481052806494754,0.9535771578947368,0.011757701101532835,1.071080701754386,0.03121311105634846,3,"1,2,3"
24,18.375,0.9808346315789475,0.012220275816464631,0.9651564912280702,0.012171273823638869,1.0737146315789474,0.03105492521924726,3,"1,2,3"
24,18.625,1.0142876140350878,0.007383236880994218,0.9779618771929823,0.012415793020706571,1.0767794736842105,0.0308743394724131,3,"1,2,3"
24,18.875,1.0712557894736843,0.022917152338330447,0.9905264385964913,0.012268908342007548,1.0801341929824562,0.03072929474540568,3,"1,2,3"
24,19.125,1.1323347894736842,0.024941230464588605,1.0015466491228067,0.011867213554502432,1.0835485789473684,0.03050150718789384,3,"1,2,3"
24,19.375,1.1622058245614035,0.020444169003698057,1.0109263684210528,0.012640535707890635,1.0869981578947367,0.030322274074223495,3,"1,2,3"
24,19.625,1.163836754385965,0.012370859087991761,1.018568350877193,0.012921066222834572,1.0900593859649124,0.030207152098024565,3,"1,2,3"
24,19.875,1.1546275964912278,0.008545146281917968,1.0238696842105266,0.013610098406252814,1.0922335087719297,0.030159381214195168,3,"1,2,3"
24,20.125,1.1476085263157894,0.01946434311896069,1.0271302456140352,0.01412334247118312,1.0936061403508772,0.030129531024662065,3,"1,2,3"
24,20.375,1.1709477192982456,0.007993165239812009,1.0289908070175438,0.014104914206035494,1.094281403508772,0.03009248753685448,3,"1,2,3"
24,20.625,1.170723456140351,0.015454487700222582,1.0303377017543858,0.014399856918234324,1.0941868421052634,0.030186624455701336,3,"1,2,3"
24,20.875,1.1913506842105264,0.02137166142430416,1.0307721754385966,0.014460307868811658,1.093284912280702,0.030218564644674335,3,"1,2,3"
24,21.125,1.2159958771929824,0.017381068630480168,1.0311416666666666,0.014636615175435227,1.0919649122807018,0.030304297975322973,3,"1,2,3"
24,21.375,1.2120112631578948,0.023879800506319233,1.030845947368421,0.014356428113536284,1.090082105263158,0.03042854454277585,3,"1,2,3"
24,21.625,1.1805768771929825,0.03143007257178466,1.0305652631578948,0.013974708225604083,1.0881092982456142,0.030463932413356508,3,"1,2,3"
24,21.875,1.1386830350877195,0.02218377993614847,1.0293941228070176,0.013731905843837999,1.0867582456140352,0.030490143170088094,3,"1,2,3"
24,22.125,1.0541597192982455,0.03798117519636559,1.0285717192982458,0.014231047621422705,1.0862145614035088,0.030450437863548938,3,"1,2,3"
24,22.375,0.9906370701754387,0.02459136036833174,1.0272082982456139,0.014147947334015518,1.0869743859649124,0.03031598321189723,3,"1,2,3"
24,22.625,0.9448662982456139,0.004627073169613659,1.0256942280701755,0.014013344067972302,1.0890212280701754,0.030233113862751484,3,"1,2,3"
24,22.875,0.9307605263157894,0.015131618863898572,1.0248944210526316,0.014018287007418133,1.0920871929824563,0.03006209413302176,3,"1,2,3"
24,23.125,0.9333112982456141,0.011357773528801608,1.0245879649122809,0.014284255934221394,1.0959505263157894,0.029974154443887784,3,"1,2,3"
24,23.375,0.935066403508772,0.012945942978538514,1.025963807017544,0.01378403691572459,1.1002907017543857,0.03009281963522225,3,"1,2,3"
24,23.625,0.9395473508771931,0.016921467696327158,1.0296590701754387,0.01348880542288809,1.1048743859649124,0.030055378380427055,3,"1,2,3"
24,23.875,0.9554221052631577,0.005980459710509815,1.0388290877192983,0.013300121152075826,1.1095550877192981,0.030050568031692777,3,"1,2,3"
24,24.125,0.9550270877192982,0.008310655928495494,1.0558512280701755,0.012839788238872232,1.1145196491228073,0.03010128001601653,3,"1,2,3"
24,24.375,0.9619778070175439,0.00581487976648492,1.0818468421052632,0.012516642638355054,1.1196850877192983,0.030089397182001588,3,"1,2,3"
24,24.625,0.9599827719298245,0.008379276170522757,1.1149410526315788,0.012341646862395798,1.124910701754386,0.03007916629391346,3,"1,2,3"
24,24.875,0.9732554561403509,0.004209842559686512,1.13938350877193,0.012701352254465984,1.1292545614035088,0.02996449539645917,3,"1,2,3"
24,0.125,0.0,0.0,0.0,0.0,0.0,0.0,3,"1,2,3"
24,0.375,0.0,0.0,0.0,0.0,0.0,0.0,3,"1,2,3"
24,0.625,0.0,0.0,0.0,0.0,0.0,0.0,3,"1,2,3"
24,0.875,0.0,0.0,0.0,0.0,0.11974326315789474,0.0005843889217114111,3,"1,2,3"
24,1.125,0.0,0.0,0.0,0.0,3.2560845614035094,0.011941530874152966,3,"1,2,3"
24,1.375,0.0,0.0,0.0,0.0,5.094243684210525,0.01635323767503395,3,"1,2,3"
24,1.625,0.0,0.0,0.0,0.0,6.57192456140351,0.013692924353361315,3,"1,2,3"
24,1.875,0.0,0.0,0.0,0.0,4.230896842105262,0.0185995767582579,3,"1,2,3"
24,2.125,0.0,0.0,0.0,0.0,3.093161578947368,0.027910037018779678,3,"1,2,3"
24,2.375,0.0,0.0,0.0,0.0,3.066573157894737,0.030763216697375865,3,"1,2,3"
24,2.625,0.0,0.0,0.0,0.0,2.7787331578947363,0.036360575869509276,3,"1,2,3"
24,2.875,0.0,0.0,0.0,0.0,2.51868649122807,0.03948086467869179,3,"1,2,3"
24,3.125,0.0,0.0,0.0,0.0,2.4145663157894734,0.040803297714030067,3,"1,2,3"
24,3.375,0.0,0.0,0.0,0.0,2.2765633333333333,0.04131334554473266,3,"1,2,3"
24,3.625,0.0,0.0,0.0,0.0,2.124635964912281,0.041583909464807896,3,"1,2,3"
24,3.875,0.0,0.0,0.0,0.0,1.9752435087719296,0.041033928425828675,3,"1,2,3"
24,4.125,0.0,0.0,0.0,0.0,1.8446421052631576,0.041504748587472655,3,"1,2,3"
24,4.375,0.0,0.0,0.0,0.0,1.738382456140351,0.04071083993876272,3,"1,2,3"
24,4.625,0.0,0.0,0.0015596582456140352,5.544213745686926e-05,1.6575894736842107,0.040836119806935925,3,"1,2,3"
24,4.875,0.0,0.0,0.5698655263157894,0.0030947594046796595,1.637441754385965,0.04141462693495227,3,"1,2,3"
24,5.125,0.0,0.0,5.680065263157895,0.019583169979475568,1.9312235087719298,0.041197801735484166,3,"1,2,3"
24,5.375,0.0,0.0,10.580461403508773,0.0076905541387423905,2.2246177192982457,0.041998787636578855,3,"1,2,3"
24,5.625,0.0,0.0,9.41459456140351,0.03340778105142529,2.1329026315789474,0.044649960274777856,3,"1,2,3"
24,5.875,0.0,0.0,6.561220350877193,0.04749593044983145,1.9357412280701753,0.045396472693652705,3,"1,2,3"
24,6.125,0.0,0.0,4.1124249122807015,0.03988476564354017,1.765262105263158,0.04445773778891009,3,"1,2,3"
24,6.375,0.0,0.0,2.4371589473684208,0.025422310604158324,1.6439177192982457,0.04243370701800205,3,"1,2,3"
24,6.625,0.0,0.0,1.5032726315789473,0.018096787709215863,1.5688987719298246,0.040749573594930734,3,"1,2,3"
24,6.875,0.0,0.0,0.9904267368421052,0.013992006529055892,1.5197607017543862,0.039910741784096856,3,"1,2,3"
24,7.125,0.0,0.0,0.7175811578947369,0.011993190326157858,1.485812105263158,0.03874871464939964,3,"1,2,3"
24,7.375,0.0,0.0,0.5938492456140351,0.01285062878243836,1.462617543859649,0.0380441959695339,3,"1,2,3"
24,7.625,0.0,0.0,0.5598576140350877,0.014629020097484936,1.4461866666666667,0.037748810581772894,3,"1,2,3"
24,7.875,0.0,0.0,0.5759504736842106,0.01742406933778921,1.435305964912281,0.037363038407326944,3,"1,2,3"
24,8.125,0.0,0.0,0.6148452631578949,0.0203512766212012,1.4285007017543858,0.037459099037589094,3,"1,2,3"
24,8.375,0.0,0.0,0.6574241929824561,0.021587450058117075,1.4240585964912282,0.03751439492341136,3,"1,2,3"
24,8.625,0.0,0.0,0.6947365614035088,0.022759112107001083,1.4228024561403505,0.03790884572714417,3,"1,2,3"
24,8.875,0.0,0.0,0.7223201403508771,0.023330868564279437,1.4234005263157894,0.03826772526855905,3,"1,2,3"
24,9.125,0.0,0.0,0.7457293157894737,0.022717499948080665,1.4263510526315792,0.03851080593996815,3,"1,2,3"
24,9.375,0.0,0.0,0.7656529649122806,0.022724435303318916,1.4317438596491225,0.03879738539689158,3,"1,2,3"
24,9.625,0.0,0.0,0.7838171929824561,0.02250260280725904,1.4386564912280704,0.03892894578358703,3,"1,2,3"
24,9.875,0.0,0.0,0.8052168421052631,0.021422816566582296,1.447450701754386,0.038950114422715475,3,"1,2,3"
24,10.125,0.00016341215789473685,9.691529205393892e-05,0.8269612105263158,0.022016363155327363,1.455422105263158,0.038968722747085835,3,"1,2,3"
24,10.375,0.07942050350877194,0.00521594550423288,0.8497784912280704,0.022331625781540913,1.4509912280701753,0.03894935435034862,3,"1,2,3"
24,10.625,2.1280510526315797,0.03239555233485497,0.8711021052631579,0.022063406845764702,1.4185894736842102,0.039243039239036145,3,"1,2,3"
24,10.875,7.313945438596491,0.05461054889882548,0.8889689649122808,0.021134346080970538,1.354332456140351,0.03880160566385046,3,"1,2,3"
24,11.125,6.884342807017544,0.0834451377764384,0.9028965789473684,0.019682373390064803,1.26425649122807,0.038185018769381004,3,"1,2,3"
24,11.375,3.4218608771929824,0.07740877751906437,0.912337807017544,0.018642493781617874,1.1710673684210526,0.03678487013839778,3,"1,2,3"
24,11.625,1.502142105263158,0.024838848597120225,0.9186214035087721,0.017335897941585243,1.0940878947368422,0.035328197501271245,3,"1,2,3"
24,11.875,0.7385395964912281,0.02297372787095521,0.9217757192982455,0.01589385371558095,1.0382615263157893,0.03405613636734899,3,"1,2,3"
24,12.125,0.4663159473684211,0.01365468102703759,0.927789842105263,0.01595728107144141,1.003419649122807,0.03331465483265997,3,"1,2,3"
24,12.375,0.3725225438596491,0.006450234200810515,0.9370927543859651,0.015868441489459487,0.9851778771929826,0.032929838908024714,3,"1,2,3"
24,12.625,0.34429805263157903,0.0053927528106888474,0.9498768245614037,0.016110569820624393,0.9787935438596492,0.03273168438036,3,"1,2,3"
24,12.875,0.37857322807017546,0.012733987258810201,0.9682943157894738,0.01655164589841282,0.980914947368421,0.032531981510635244,3,"1,2,3"
24,13.125,0.4526070526315789,0.012970062420550746,0.9902316842105264,0.017692018394196048,0.9882347192982456,0.032629335074672,3,"1,2,3"
24,13.375,0.5266038421052631,0.024084951321227312,1.0140059649122806,0.016758355879902764,0.9979974736842107,0.032535408658849324,3,"1,2,3"
24,13.625,0.6205749649122807,0.022473193523971906,1.0390162807017542,0.01707977535799186,1.0084785087719297,0.032506428930506745,3,"1,2,3"
24,13.875,0.6898213157894738,0.03250243958679493,1.0637686666666666,0.016477936060533206,1.0187929649122807,0.032520614240942367,3,"1,2,3"
24,14.125,0.7555893684210525,0.03261662418390653,1.0883021052631578,0.01590534984359902,1.028385140350877,0.032401884893171674,3,"1,2,3"
24,14.375,0.804266245614035,0.028726204538119915,1.1116250877192984,0.014558421146711235,1.0368853157894737,0.03197044927425605,3,"1,2,3"
24,14.625,0.8520114210526316,0.03395933569048792,1.13389649122807,0.012700149266129198,1.044553403508772,0.0317374016591542,3,"1,2,3"
24,14.875,0.8787772105263159,0.021540531577575114,1.1564321052631579,0.0123119907996846,1.051655596491228,0.03138904476280809,3,"1,2,3"
24,15.125,0.9134307894736843,0.016139978428521277,1.1787822807017543,0.011779860290518905,1.058046754385965,0.031250010028684175,3,"1,2,3"
24,15.375,0.950394052631579,0.008758247163012827,1.2018849122807016,0.011975850864956073,1.063816350877193,0.03103406749767557,3,"1,2,3"
24,15.625,0.9549907543859649,0.009436644006720462,1.2230878947368422,0.012745053928118862,1.0690540000000002,0.030970458183382555,3,"1,2,3"
24,15.875,0.9646432807017543,0.00821432731117588,1.2365763157894738,0.013705016551261733,1.0731818245614033,0.03086826245409771,3,"1,2,3"
24,16.125,0.9755773684210527,0.007902413095810674,1.2231647368421052,0.014558937157437168,1.074848859649123,0.030639354285629476,3,"1,2,3"
24,16.375,0.9665680701754384,0.020725869216021313,1.1727063157894737,0.014865526077425821,1.0737176842105265,0.030559807471003668,3,"1,2,3"
24,16.625,0.9690688947368421,0.022987332032778987,1.1007594736842103,0.014441991080567594,1.0708069122807018,0.030333080244659638,3,"1,2,3"
24,16.875,0.9669656315789474,0.019923512319307085,1.0340896666666668,0.013194845309691729,1.0678250175438595,0.030246531985459523,3,"1,2,3"
24,17.125,0.9566442807017544,0.012304511244142068,0.984784754385965,0.012644080884118326,1.0659633859649122,0.030305482092660537,3,"1,2,3"
24,17.375,0.9477726842105264,0.017153258140448678,0.9573088245614035,0.012048232054942128,1.0654377894736842,0.03045933493671047,3,"1,2,3"
24,17.625,0.9574183333333334,0.012015485571180104,0.9463879649122807,0.010976020141831667,1.0662489649122806,0.03052533584544266,3,"1,2,3"
24,17.875,0.9484958947368421,0.00513877684876306,0.9470348245614035,0.011258947832632545,1.067913596491228,0.030884297187369788,3,"1,2,3"
24,18.125,0.968714701754386,0.007154813965541103,0.9547907368421052,0.011076885643892418,1.0700804912280704,0.031080412333265393,3,"1,2,3"
24,18.375,0.9856483684210525,0.007330286360659404,0.9663843859649122,0.01173771888482881,1.0728594210526314,0.03134418119284735,3,"1,2,3"
24,18.625,1.0066974561403508,0.013616230091836082,0.9794827719298245,0.012424426798717943,1.0759338245614034,0.03143414023480892,3,"1,2,3"
24,18.875,1.0784865789473685,0.008557000696594297,0.9918473859649124,0.012945897367745606,1.0792663684210526,0.03165236857932493,3,"1,2,3"
24,19.125,1.1602162631578947,0.022086977494657295,1.002150894736842,0.013662754102851308,1.0828620000000002,0.03175715038093996,3,"1,2,3"
24,19.375,1.1734973684210528,0.020309296862721975,1.0109460701754385,0.01342327909136926,1.0862167368421052,0.031605328240784776,3,"1,2,3"
24,19.625,1.1511986666666667,0.011469745186179596,1.0173012456140353,0.013311927484216295,1.0891022456140351,0.03137804864151186,3,"1,2,3"
24,19.875,1.1347496842105265,0.00440245151800917,1.0223338421052632,0.013279234993303943,1.091289649122807,0.031213409911857348,3,"1,2,3"
24,20.125,1.1519876842105263,0.008328245824616207,1.0257947017543863,0.013166838465655637,1.0928182456140352,0.031054539365520762,3,"1,2,3"
24,20.375,1.179595947368421,0.015998896510135186,1.0280039649122807,0.013049818803136801,1.0933764912280701,0.031014196806790396,3,"1,2,3"
24,20.625,1.186815947368421,0.026807413393800498,1.0292004912280703,0.01349538169794703,1.0930405263157896,0.031103409090704262,3,"1,2,3"
24,20.875,1.2045649122807018,0.019714022393123913,1.0296713684210523,0.013613039311498234,1.0920619298245613,0.03132983559188952,3,"1,2,3"
24,21.125,1.2163676666666665,0.01680246910011333,1.0300574561403508,0.013718017287621544,1.0904975438596491,0.03135245928031773,3,"1,2,3"
24,21.375,1.219005789473684,0.02612864832597683,1.0299590175438598,0.013761023192428624,1.088461754385965,0.03146096841452229,3,"1,2,3"
24,21.625,1.1975422807017544,0.018091354313389166,1.0299341403508775,0.014495529313041612,1.0865226315789474,0.031621531349309305,3,"1,2,3"
24,21.875,1.145480298245614,0.027810479435606404,1.0281933157894736,0.01474750209532823,1.0851054385964911,0.03160215398859687,3,"1,2,3"
24,22.125,1.0461584561403507,0.025316018767766832,1.0270197192982453,0.01492290627171308,1.0845240350877192,0.03160504022105601,3,"1,2,3"
24,22.375,0.9758255789473685,0.02138114768446062,1.0255955964912282,0.015227816893903831,1.0852463157894736,0.031570210162647876,3,"1,2,3"
24,22.625,0.935307052631579,0.01987859831933021,1.0237150000000002,0.015652056072903806,1.0872173684210524,0.03170170698061469,3,"1,2,3"
24,22.875,0.9165776491228069,0.010774281053440589,1.0226299824561402,0.015816831802786053,1.0901394736842107,0.03166191438219322,3,"1,2,3"
24,23.125,0.9186635789473684,0.008421968804109664,1.0222613508771927,0.016521402405508815,1.0937247368421052,0.03167314772186798,3,"1,2,3"
24,23.375,0.9346299999999998,0.012074368436767763,1.0239479824561404,0.016687002052389707,1.0980101754385965,0.0316739406953907,3,"1,2,3"
24,23.625,0.932181052631579,0.016299297984021622,1.0281039649122807,0.016668187667272606,1.1024952631578946,0.03165253825562809,3,"1,2,3"
24,23.875,0.9527935789473684,0.0030902102564975553,1.0375565087719298,0.016745448219354954,1.1071447368421052,0.03166669616463596,3,"1,2,3"
24,24.125,0.9623234210526315,0.001988279186565631,1.054270701754386,0.016761768607682696,1.112069649122807,0.03164341060600023,3,"1,2,3"
24,24.375,0.9616888245614037,0.010667507718573352,1.080340701754386,0.016362329189250104,1.117071052631579,0.03155676676295996,3,"1,2,3"
24,24.625,0.9567240526315791,0.0064199269509397,1.1126201754385965,0.01621203089584798,1.1221310526315789,0.031571728563795906,3,"1,2,3"
24,24.875,0.9611258596491229,0.007884777969570392,1.1364112280701752,0.015572380060377583,1.1262954385964912,0.03144541372573874,3,"1,2,3"
