# time_reduced msd_reduced
# region=central
# central=0.333333333333:0.666666666667
# outer=0:0.250000000000,0.750000000000:1
# transition=0.250000000000:0.333333333333,0.666666666667:0.750000000000
# atom_types=[2]
# n_selected=2524
# subtract_group_com_drift=True
0.000000000000000000e+00 0.000000000000000000e+00
1.000000000000000000e+00 1.343655510053692836e+01
2.000000000000000000e+00 2.472842981963529141e+01
3.000000000000000000e+00 3.858528465575126631e+01
4.000000000000000000e+00 5.250801661228801009e+01
5.000000000000000000e+00 6.884210766728789110e+01
6.000000000000000000e+00 8.221745537384946090e+01
7.000000000000000000e+00 9.851580432383535424e+01
8.000000000000000000e+00 1.144308038765181124e+02
9.000000000000000000e+00 1.277178801653277844e+02
1.000000000000000000e+01 1.404510340236476793e+02
1.100000000000000000e+01 1.518520098177782245e+02
1.200000000000000000e+01 1.646040470424076148e+02
1.300000000000000000e+01 1.805006678722158426e+02
1.400000000000000000e+01 1.983569584761537783e+02
1.500000000000000000e+01 2.110759462081968820e+02
1.600000000000000000e+01 2.236964584893940753e+02
1.700000000000000000e+01 2.321482823679832848e+02
1.800000000000000000e+01 2.444051135471740963e+02
1.900000000000000000e+01 2.562922873260338292e+02
2.000000000000000000e+01 2.716916542002947494e+02
2.100000000000000000e+01 2.814932929478748633e+02
2.200000000000000000e+01 2.949874554763982246e+02
2.300000000000000000e+01 3.074721096640454903e+02
2.400000000000000000e+01 3.189768106330215574e+02
2.500000000000000000e+01 3.403503126158310010e+02
2.600000000000000000e+01 3.514429468506008902e+02
2.700000000000000000e+01 3.645519648334676504e+02
2.800000000000000000e+01 3.814813213254311677e+02
2.900000000000000000e+01 3.883950232653542116e+02
3.000000000000000000e+01 4.007116611444027399e+02
3.100000000000000000e+01 4.137899339938786056e+02
3.200000000000000000e+01 4.244099463469158309e+02
3.300000000000000000e+01 4.414707278237949026e+02
3.400000000000000000e+01 4.562992852174809855e+02
3.500000000000000000e+01 4.693964609960449934e+02
3.600000000000000000e+01 4.825361305670701881e+02
3.700000000000000000e+01 4.986195891096415949e+02
3.800000000000000000e+01 5.143951262681838443e+02
3.900000000000000000e+01 5.194778360679714524e+02
4.000000000000000000e+01 5.372426512122391387e+02
4.100000000000000000e+01 5.491595928419745860e+02
4.200000000000000000e+01 5.632309139464767895e+02
4.300000000000000000e+01 5.807863009322227299e+02
4.400000000000000000e+01 5.865790517794669086e+02
4.500000000000000000e+01 5.980517629875012062e+02
4.600000000000000000e+01 6.094358455917148376e+02
4.700000000000000000e+01 6.203753350599403120e+02
4.800000000000000000e+01 6.297886503179158808e+02
4.900000000000000000e+01 6.453723316693880179e+02
5.000000000000000000e+01 6.591391084911606413e+02
5.100000000000000000e+01 6.705050039401706954e+02
5.200000000000000000e+01 6.817426467298233774e+02
5.300000000000000000e+01 7.050267922930407849e+02
5.400000000000000000e+01 7.217568266738982175e+02
5.500000000000000000e+01 7.389338105796290392e+02
5.600000000000000000e+01 7.468484326944695795e+02
5.700000000000000000e+01 7.565300867109077672e+02
5.800000000000000000e+01 7.756803993259713934e+02
5.900000000000000000e+01 7.997167083111665988e+02
6.000000000000000000e+01 8.227214015696073375e+02
6.100000000000000000e+01 8.350117100392312750e+02
6.200000000000000000e+01 8.477781311828017579e+02
6.300000000000000000e+01 8.616260782122990349e+02
6.400000000000000000e+01 8.736352175872879116e+02
6.500000000000000000e+01 8.922728848952197040e+02
6.600000000000000000e+01 9.107644779244183155e+02
6.700000000000000000e+01 9.249732129187384544e+02
6.800000000000000000e+01 9.383292261330614110e+02
6.900000000000000000e+01 9.547098001813537849e+02
7.000000000000000000e+01 9.649738335487153336e+02
7.100000000000000000e+01 9.827949535315824505e+02
7.200000000000000000e+01 1.004239385225310457e+03
7.300000000000000000e+01 1.019856076957586765e+03
7.400000000000000000e+01 1.037932995541407536e+03
7.500000000000000000e+01 1.064965558745826684e+03
7.600000000000000000e+01 1.086620267702943920e+03
7.700000000000000000e+01 1.090835007890809038e+03
7.800000000000000000e+01 1.098867028447623852e+03
7.900000000000000000e+01 1.122472658100626177e+03
8.000000000000000000e+01 1.139300317208248089e+03
8.100000000000000000e+01 1.158931203592192333e+03
8.200000000000000000e+01 1.168425395021841723e+03
8.300000000000000000e+01 1.187214394733717882e+03
8.400000000000000000e+01 1.202623084251711134e+03
8.500000000000000000e+01 1.217694827411664392e+03
8.600000000000000000e+01 1.236531230710990712e+03
8.700000000000000000e+01 1.253314182981100203e+03
8.800000000000000000e+01 1.273970051509966424e+03
8.900000000000000000e+01 1.298694875908622862e+03
9.000000000000000000e+01 1.321931358661437343e+03
9.100000000000000000e+01 1.336344600258157925e+03
9.200000000000000000e+01 1.352287815012030023e+03
9.300000000000000000e+01 1.377056266619693133e+03
9.400000000000000000e+01 1.387865422796124449e+03
9.500000000000000000e+01 1.399562538289120766e+03
9.600000000000000000e+01 1.423653763112149363e+03
9.700000000000000000e+01 1.437619184017118187e+03
9.800000000000000000e+01 1.455236566681304794e+03
9.900000000000000000e+01 1.471753539367118492e+03
1.000000000000000000e+02 1.478501025526555850e+03
1.010000000000000000e+02 1.486859435556424160e+03
1.020000000000000000e+02 1.503516395503256263e+03
1.030000000000000000e+02 1.515095507280100037e+03
1.040000000000000000e+02 1.520354422046680384e+03
1.050000000000000000e+02 1.534610228663992757e+03
1.060000000000000000e+02 1.546196484405783849e+03
1.070000000000000000e+02 1.554892503388718296e+03
1.080000000000000000e+02 1.570379127954790420e+03
1.090000000000000000e+02 1.579991180079531887e+03
1.100000000000000000e+02 1.586528512072231024e+03
1.110000000000000000e+02 1.612840404025540465e+03
1.120000000000000000e+02 1.628016417903841557e+03
1.130000000000000000e+02 1.642413502855857814e+03
1.140000000000000000e+02 1.657497073019817890e+03
1.150000000000000000e+02 1.666065229558912733e+03
1.160000000000000000e+02 1.673086664288640577e+03
1.170000000000000000e+02 1.697232898541614759e+03
1.180000000000000000e+02 1.721368164849550340e+03
1.190000000000000000e+02 1.729035251226880519e+03
1.200000000000000000e+02 1.755141712875056328e+03
1.210000000000000000e+02 1.771648827197596574e+03
1.220000000000000000e+02 1.784921868915070490e+03
1.230000000000000000e+02 1.804663435836713461e+03
1.240000000000000000e+02 1.819031239847939787e+03
1.250000000000000000e+02 1.820124688008090516e+03
1.260000000000000000e+02 1.849049183924775889e+03
1.270000000000000000e+02 1.855858787747460156e+03
1.280000000000000000e+02 1.867477750534447750e+03
1.290000000000000000e+02 1.886126641055180244e+03
1.300000000000000000e+02 1.895711034346302085e+03
1.310000000000000000e+02 1.900781410185547202e+03
1.320000000000000000e+02 1.927393287408681772e+03
1.330000000000000000e+02 1.949460782143761890e+03
1.340000000000000000e+02 1.968585648858901322e+03
1.350000000000000000e+02 1.982878835596224008e+03
1.360000000000000000e+02 2.003724333373202398e+03
1.370000000000000000e+02 2.014706712951569216e+03
1.380000000000000000e+02 2.021128312056838467e+03
1.390000000000000000e+02 2.034534534639672302e+03
1.400000000000000000e+02 2.039140378183986059e+03
1.410000000000000000e+02 2.066585492333359070e+03
1.420000000000000000e+02 2.070118569173416290e+03
1.430000000000000000e+02 2.098419815492919042e+03
1.440000000000000000e+02 2.125258724481609534e+03
1.450000000000000000e+02 2.126762858956850778e+03
1.460000000000000000e+02 2.143486854822367150e+03
1.470000000000000000e+02 2.165067406055273750e+03
1.480000000000000000e+02 2.185887152526847785e+03
1.490000000000000000e+02 2.202488445985586168e+03
1.500000000000000000e+02 2.212332467258800079e+03
1.510000000000000000e+02 2.225246196658590179e+03
1.520000000000000000e+02 2.237521531010965191e+03
1.530000000000000000e+02 2.249746529856435700e+03
1.540000000000000000e+02 2.273726007004983330e+03
1.550000000000000000e+02 2.284743709597599263e+03
1.560000000000000000e+02 2.312843594530698283e+03
1.570000000000000000e+02 2.326048779365817609e+03
1.580000000000000000e+02 2.341621317536533752e+03
1.590000000000000000e+02 2.360165330402664495e+03
1.600000000000000000e+02 2.370437931578201187e+03
1.610000000000000000e+02 2.390108098527729453e+03
1.620000000000000000e+02 2.413152536831163161e+03
1.630000000000000000e+02 2.448167265432894055e+03
1.640000000000000000e+02 2.458146677980084860e+03
1.650000000000000000e+02 2.459645690999464932e+03
1.660000000000000000e+02 2.481674286476490124e+03
1.670000000000000000e+02 2.499517774041526081e+03
1.680000000000000000e+02 2.525344903054746737e+03
1.690000000000000000e+02 2.541906314700868279e+03
1.700000000000000000e+02 2.567052399832997253e+03
1.710000000000000000e+02 2.581726450634566390e+03
1.720000000000000000e+02 2.580444565093487199e+03
1.730000000000000000e+02 2.595616156571891679e+03
1.740000000000000000e+02 2.598795417004806495e+03
1.750000000000000000e+02 2.628553443999011051e+03
1.760000000000000000e+02 2.647569917313567203e+03
1.770000000000000000e+02 2.665256683726794563e+03
1.780000000000000000e+02 2.683929750677576067e+03
1.790000000000000000e+02 2.695917387983186927e+03
1.800000000000000000e+02 2.698241367103311404e+03
1.810000000000000000e+02 2.704911507950951545e+03
1.820000000000000000e+02 2.727259563143264131e+03
1.830000000000000000e+02 2.727963287758144816e+03
1.840000000000000000e+02 2.741031907393484744e+03
1.850000000000000000e+02 2.754721377649905207e+03
1.860000000000000000e+02 2.769154323867423955e+03
1.870000000000000000e+02 2.791656606218889010e+03
1.880000000000000000e+02 2.822647536414172919e+03
1.890000000000000000e+02 2.853498674587468486e+03
1.900000000000000000e+02 2.859814824197775124e+03
1.910000000000000000e+02 2.854122697230352514e+03
1.920000000000000000e+02 2.870978886863105799e+03
1.930000000000000000e+02 2.890896185379360759e+03
1.940000000000000000e+02 2.908865013815480324e+03
1.950000000000000000e+02 2.921544134105976809e+03
1.960000000000000000e+02 2.927957329967350233e+03
1.970000000000000000e+02 2.940348363999487901e+03
1.980000000000000000e+02 2.971677801486646331e+03
1.990000000000000000e+02 2.970796492275258515e+03
2.000000000000000000e+02 2.983613723929379375e+03
2.010000000000000000e+02 3.005278539102841478e+03
2.020000000000000000e+02 3.015721580290780821e+03
2.030000000000000000e+02 3.020402477714976158e+03
2.040000000000000000e+02 3.028348612260212121e+03
2.050000000000000000e+02 3.056800472440329486e+03
2.060000000000000000e+02 3.057657700200652016e+03
2.070000000000000000e+02 3.085423975668192270e+03
2.080000000000000000e+02 3.100906197462595628e+03
2.090000000000000000e+02 3.122905819584445453e+03
2.100000000000000000e+02 3.149019981193265266e+03
2.110000000000000000e+02 3.171897224567590911e+03
2.120000000000000000e+02 3.183115989689129037e+03
2.130000000000000000e+02 3.195370139149337774e+03
2.140000000000000000e+02 3.210140766023915148e+03
2.150000000000000000e+02 3.227673307238389498e+03
2.160000000000000000e+02 3.261327790994521820e+03
2.170000000000000000e+02 3.276566004843202791e+03
2.180000000000000000e+02 3.299079729654727998e+03
2.190000000000000000e+02 3.293733251421769637e+03
2.200000000000000000e+02 3.305213272075357054e+03
2.210000000000000000e+02 3.332973042630996588e+03
2.220000000000000000e+02 3.348503473896146716e+03
2.230000000000000000e+02 3.354238070887140111e+03
2.240000000000000000e+02 3.381249677376517411e+03
2.250000000000000000e+02 3.389290785095712181e+03
2.260000000000000000e+02 3.392736683285057097e+03
2.270000000000000000e+02 3.385816237154556802e+03
2.280000000000000000e+02 3.423314052245559196e+03
2.290000000000000000e+02 3.466857280484808143e+03
2.300000000000000000e+02 3.467305472144244504e+03
2.310000000000000000e+02 3.503512282698598938e+03
2.320000000000000000e+02 3.517056708896789587e+03
2.330000000000000000e+02 3.554050890511207854e+03
2.340000000000000000e+02 3.569780307053303659e+03
2.350000000000000000e+02 3.575608014453013766e+03
2.360000000000000000e+02 3.607184327556355584e+03
2.370000000000000000e+02 3.609881530685509915e+03
2.380000000000000000e+02 3.629149807610984226e+03
2.390000000000000000e+02 3.651750972055347574e+03
2.400000000000000000e+02 3.647123385822146702e+03
2.410000000000000000e+02 3.672701944005283622e+03
2.420000000000000000e+02 3.713362264853810757e+03
2.430000000000000000e+02 3.727818983325054432e+03
2.440000000000000000e+02 3.736242732714359590e+03
2.450000000000000000e+02 3.769819675845730671e+03
2.460000000000000000e+02 3.804876783534390597e+03
2.470000000000000000e+02 3.822976812667192917e+03
2.480000000000000000e+02 3.837398603159957020e+03
2.490000000000000000e+02 3.864837757224073357e+03
2.500000000000000000e+02 3.877525702081195050e+03
2.510000000000000000e+02 3.900539494281119460e+03
2.520000000000000000e+02 3.906542847061399698e+03
2.530000000000000000e+02 3.937512517514406682e+03
2.540000000000000000e+02 3.944893180683267019e+03
2.550000000000000000e+02 3.963171789329984676e+03
2.560000000000000000e+02 3.954088009760658224e+03
2.570000000000000000e+02 3.993728189311934329e+03
2.580000000000000000e+02 4.018563910565402693e+03
2.590000000000000000e+02 4.011875366944149391e+03
2.600000000000000000e+02 4.016221906351352118e+03
2.610000000000000000e+02 4.041588185465983315e+03
2.620000000000000000e+02 4.077334596226442045e+03
2.630000000000000000e+02 4.074502719121048813e+03
2.640000000000000000e+02 4.066037951840913593e+03
2.650000000000000000e+02 4.079764603624629672e+03
2.660000000000000000e+02 4.094081152320346519e+03
2.670000000000000000e+02 4.101247402850886829e+03
2.680000000000000000e+02 4.097253990005723608e+03
2.690000000000000000e+02 4.119601812598137258e+03
2.700000000000000000e+02 4.136255110558086017e+03
2.710000000000000000e+02 4.170716217979852445e+03
2.720000000000000000e+02 4.192583574643990687e+03
2.730000000000000000e+02 4.223257316763907511e+03
2.740000000000000000e+02 4.256646591418425487e+03
2.750000000000000000e+02 4.279886473606210529e+03
2.760000000000000000e+02 4.318297770022812983e+03
2.770000000000000000e+02 4.314038619040433332e+03
2.780000000000000000e+02 4.336710490924789156e+03
2.790000000000000000e+02 4.348079687916520015e+03
2.800000000000000000e+02 4.383198535903949050e+03
2.810000000000000000e+02 4.399547777665213289e+03
2.820000000000000000e+02 4.390939652101686988e+03
2.830000000000000000e+02 4.404095499450144416e+03
2.840000000000000000e+02 4.435242807132557573e+03
2.850000000000000000e+02 4.461143260001168528e+03
2.860000000000000000e+02 4.486434889923685660e+03
2.870000000000000000e+02 4.531828322754604415e+03
2.880000000000000000e+02 4.537362972286703553e+03
2.890000000000000000e+02 4.547228499127519171e+03
2.900000000000000000e+02 4.568415088362778988e+03
2.910000000000000000e+02 4.595600704691155443e+03
2.920000000000000000e+02 4.602406172874710137e+03
2.930000000000000000e+02 4.620086479142947610e+03
2.940000000000000000e+02 4.628482307706864049e+03
2.950000000000000000e+02 4.641414105620607188e+03
2.960000000000000000e+02 4.640287154819043280e+03
2.970000000000000000e+02 4.632769409575676036e+03
2.980000000000000000e+02 4.632470821568842439e+03
2.990000000000000000e+02 4.638190234229726229e+03
3.000000000000000000e+02 4.658566949590553122e+03
3.010000000000000000e+02 4.680925297856406360e+03
3.020000000000000000e+02 4.679734520438179970e+03
3.030000000000000000e+02 4.711140063159265992e+03
3.040000000000000000e+02 4.733647916473210898e+03
3.050000000000000000e+02 4.764946307937790152e+03
3.060000000000000000e+02 4.770838675268254519e+03
3.070000000000000000e+02 4.778348739839505470e+03
3.080000000000000000e+02 4.802365373389222441e+03
3.090000000000000000e+02 4.823826252936919445e+03
3.100000000000000000e+02 4.837100050168256530e+03
3.110000000000000000e+02 4.839960122633132414e+03
3.120000000000000000e+02 4.848136082092373726e+03
3.130000000000000000e+02 4.870664227924214174e+03
3.140000000000000000e+02 4.908219932267609693e+03
3.150000000000000000e+02 4.923427214502600691e+03
3.160000000000000000e+02 4.931360992492378500e+03
3.170000000000000000e+02 4.947994774828221125e+03
3.180000000000000000e+02 4.964017496930833659e+03
3.190000000000000000e+02 4.984541569321476345e+03
3.200000000000000000e+02 4.996459090785330773e+03
3.210000000000000000e+02 5.030357699790516563e+03
3.220000000000000000e+02 5.022471812308306653e+03
3.230000000000000000e+02 5.018115183838714984e+03
3.240000000000000000e+02 5.059457509750377540e+03
3.250000000000000000e+02 5.069657388612585237e+03
3.260000000000000000e+02 5.090301199088739850e+03
3.270000000000000000e+02 5.132720033371513637e+03
3.280000000000000000e+02 5.152582316829323645e+03
3.290000000000000000e+02 5.142629869655440416e+03
3.300000000000000000e+02 5.156737480021854026e+03
3.310000000000000000e+02 5.175674778919762502e+03
3.320000000000000000e+02 5.190770091997177587e+03
3.330000000000000000e+02 5.201680946898613001e+03
3.340000000000000000e+02 5.217163586411300457e+03
3.350000000000000000e+02 5.230079414026038648e+03
3.360000000000000000e+02 5.261224603851759639e+03
3.370000000000000000e+02 5.291437323329162609e+03
3.380000000000000000e+02 5.336505483043648383e+03
3.390000000000000000e+02 5.359240191413397952e+03
3.400000000000000000e+02 5.378545116248076738e+03
3.410000000000000000e+02 5.409548533316674366e+03
3.420000000000000000e+02 5.431974645165134461e+03
3.430000000000000000e+02 5.463260288900752130e+03
3.440000000000000000e+02 5.462190604106418505e+03
3.450000000000000000e+02 5.464083287308502804e+03
3.460000000000000000e+02 5.467315252369166046e+03
3.470000000000000000e+02 5.508559264837707815e+03
3.480000000000000000e+02 5.521694414418558154e+03
3.490000000000000000e+02 5.524840435330649598e+03
3.500000000000000000e+02 5.519151843935550460e+03
3.510000000000000000e+02 5.548994800142698296e+03
3.520000000000000000e+02 5.534589818870427735e+03
3.530000000000000000e+02 5.554240335934714494e+03
3.540000000000000000e+02 5.571918822213450767e+03
3.550000000000000000e+02 5.590579695532194819e+03
3.560000000000000000e+02 5.597019706185345967e+03
3.570000000000000000e+02 5.623638077154689199e+03
3.580000000000000000e+02 5.650988067667275573e+03
3.590000000000000000e+02 5.674431864997665798e+03
3.600000000000000000e+02 5.688953833965194463e+03
3.610000000000000000e+02 5.682373796643606511e+03
3.620000000000000000e+02 5.712923587216066153e+03
3.630000000000000000e+02 5.740809087071603244e+03
3.640000000000000000e+02 5.754344809005522620e+03
3.650000000000000000e+02 5.771346773586522431e+03
3.660000000000000000e+02 5.785622688923986061e+03
3.670000000000000000e+02 5.773763341843735361e+03
3.680000000000000000e+02 5.818858753491461357e+03
3.690000000000000000e+02 5.853382212708584120e+03
3.700000000000000000e+02 5.875117666112048937e+03
3.710000000000000000e+02 5.891751444711308068e+03
3.720000000000000000e+02 5.890694784960829566e+03
3.730000000000000000e+02 5.907003823738407846e+03
3.740000000000000000e+02 5.905657872901565497e+03
3.750000000000000000e+02 5.918803005556652352e+03
3.760000000000000000e+02 5.911868965664821189e+03
3.770000000000000000e+02 5.957833095581303496e+03
3.780000000000000000e+02 5.965342501922320480e+03
3.790000000000000000e+02 5.975277531178365280e+03
3.800000000000000000e+02 5.969240839077870078e+03
3.810000000000000000e+02 5.980049812722337265e+03
3.820000000000000000e+02 5.982064977015572367e+03
3.830000000000000000e+02 6.019683730200466016e+03
3.840000000000000000e+02 6.054176165259537811e+03
3.850000000000000000e+02 6.063841415109689478e+03
3.860000000000000000e+02 6.080825504730419198e+03
3.870000000000000000e+02 6.069599079329062988e+03
3.880000000000000000e+02 6.059021881444050450e+03
3.890000000000000000e+02 6.072156570887101225e+03
3.900000000000000000e+02 6.085536180642451654e+03
3.910000000000000000e+02 6.100646751710834906e+03
3.920000000000000000e+02 6.129554654348706208e+03
3.930000000000000000e+02 6.154287866806331294e+03
3.940000000000000000e+02 6.204988481921364837e+03
3.950000000000000000e+02 6.225226521418299853e+03
3.960000000000000000e+02 6.274917729943699669e+03
3.970000000000000000e+02 6.314196050007160920e+03
3.980000000000000000e+02 6.327839084093226120e+03
3.990000000000000000e+02 6.324532260170377413e+03
4.000000000000000000e+02 6.337745261584611399e+03
4.010000000000000000e+02 6.352658167629485433e+03
4.020000000000000000e+02 6.361728698401760994e+03
4.030000000000000000e+02 6.361907867618998353e+03
4.040000000000000000e+02 6.374373805389956942e+03
4.050000000000000000e+02 6.384338930195507601e+03
4.060000000000000000e+02 6.381463433069094208e+03
4.070000000000000000e+02 6.398162805887728609e+03
4.080000000000000000e+02 6.398345227808862546e+03
4.090000000000000000e+02 6.443422963702010748e+03
4.100000000000000000e+02 6.506873158994220830e+03
4.110000000000000000e+02 6.518660615589400550e+03
4.120000000000000000e+02 6.538422101533611567e+03
4.130000000000000000e+02 6.528116813646091941e+03
4.140000000000000000e+02 6.575506997243325713e+03
4.150000000000000000e+02 6.575377244400542622e+03
4.160000000000000000e+02 6.614595810853065814e+03
4.170000000000000000e+02 6.623927328337405015e+03
4.180000000000000000e+02 6.608930715735460581e+03
4.190000000000000000e+02 6.613792832980994717e+03
4.200000000000000000e+02 6.625732225469731020e+03
4.210000000000000000e+02 6.665599374178112157e+03
4.220000000000000000e+02 6.692277785831360234e+03
4.230000000000000000e+02 6.683028933775686710e+03
4.240000000000000000e+02 6.708752827302329933e+03
4.250000000000000000e+02 6.734614723745939955e+03
4.260000000000000000e+02 6.740233444592550768e+03
4.270000000000000000e+02 6.759281778000041413e+03
4.280000000000000000e+02 6.777582311423839201e+03
4.290000000000000000e+02 6.804152521948602043e+03
4.300000000000000000e+02 6.819383603243998550e+03
4.310000000000000000e+02 6.840463102131710002e+03
4.320000000000000000e+02 6.831266276258913422e+03
4.330000000000000000e+02 6.839165123192790816e+03
4.340000000000000000e+02 6.849716335600244747e+03
4.350000000000000000e+02 6.885479697694355309e+03
4.360000000000000000e+02 6.906503992892373390e+03
4.370000000000000000e+02 6.892211673581078685e+03
4.380000000000000000e+02 6.924368640336859244e+03
4.390000000000000000e+02 6.940845806613679997e+03
4.400000000000000000e+02 6.953198974648691546e+03
4.410000000000000000e+02 6.967210305269490163e+03
4.420000000000000000e+02 6.990126660281873228e+03
4.430000000000000000e+02 6.998447901650197309e+03
4.440000000000000000e+02 6.981524945401345576e+03
4.450000000000000000e+02 7.001763519585520953e+03
4.460000000000000000e+02 7.034338421119899067e+03
4.470000000000000000e+02 7.083354961855166039e+03
4.480000000000000000e+02 7.091566536962353894e+03
4.490000000000000000e+02 7.099961525667868955e+03
4.500000000000000000e+02 7.139854386156424880e+03
4.510000000000000000e+02 7.145765501866995692e+03
4.520000000000000000e+02 7.157458703467264968e+03
4.530000000000000000e+02 7.172350306767486472e+03
4.540000000000000000e+02 7.194852447420500539e+03
4.550000000000000000e+02 7.188809411396777250e+03
4.560000000000000000e+02 7.180431942246665130e+03
4.570000000000000000e+02 7.196269704950904270e+03
4.580000000000000000e+02 7.222862911580862601e+03
4.590000000000000000e+02 7.229105891884499215e+03
4.600000000000000000e+02 7.222648420623838319e+03
4.610000000000000000e+02 7.264008569402918511e+03
4.620000000000000000e+02 7.319123406353158316e+03
4.630000000000000000e+02 7.341922336394457488e+03
4.640000000000000000e+02 7.354606891445293513e+03
4.650000000000000000e+02 7.360448212309833252e+03
4.660000000000000000e+02 7.361184775559056106e+03
4.670000000000000000e+02 7.348760066013122014e+03
4.680000000000000000e+02 7.344238489958884202e+03
4.690000000000000000e+02 7.369690533158397557e+03
4.700000000000000000e+02 7.396248247537313546e+03
4.710000000000000000e+02 7.404129576667576657e+03
4.720000000000000000e+02 7.409555081106693251e+03
4.730000000000000000e+02 7.403384121333111580e+03
4.740000000000000000e+02 7.436658432559628636e+03
4.750000000000000000e+02 7.434983753837337645e+03
4.760000000000000000e+02 7.439222202154862316e+03
4.770000000000000000e+02 7.463441472085489295e+03
4.780000000000000000e+02 7.533906029726303132e+03
4.790000000000000000e+02 7.554539951310417564e+03
4.800000000000000000e+02 7.532464570360231846e+03
4.810000000000000000e+02 7.512146496656613635e+03
4.820000000000000000e+02 7.506996486952277337e+03
4.830000000000000000e+02 7.502478238662152762e+03
4.840000000000000000e+02 7.497879911556596198e+03
4.850000000000000000e+02 7.498222736822857769e+03
4.860000000000000000e+02 7.494564950627828694e+03
4.870000000000000000e+02 7.490898856751346102e+03
4.880000000000000000e+02 7.495098706410673913e+03
4.890000000000000000e+02 7.520123508298670458e+03
4.900000000000000000e+02 7.533787762688558360e+03
4.910000000000000000e+02 7.554659927631945720e+03
4.920000000000000000e+02 7.547107977082762773e+03
4.930000000000000000e+02 7.560590689374572321e+03
4.940000000000000000e+02 7.598515769780720802e+03
4.950000000000000000e+02 7.649821294414806289e+03
4.960000000000000000e+02 7.638913108458081297e+03
4.970000000000000000e+02 7.667595944024710661e+03
4.980000000000000000e+02 7.680353927227398344e+03
4.990000000000000000e+02 7.710065383372721953e+03
5.000000000000000000e+02 7.737103317706658345e+03
5.010000000000000000e+02 7.759396009441463320e+03
5.020000000000000000e+02 7.765024126373399668e+03
5.030000000000000000e+02 7.804106334728658112e+03
5.040000000000000000e+02 7.804677212121287994e+03
5.050000000000000000e+02 7.809009071756871890e+03
5.060000000000000000e+02 7.830574890897270052e+03
5.070000000000000000e+02 7.851746008852369414e+03
5.080000000000000000e+02 7.869989691939915247e+03
5.090000000000000000e+02 7.880373555878085426e+03
5.100000000000000000e+02 7.918527368101455068e+03
5.110000000000000000e+02 7.926701510594975844e+03
5.120000000000000000e+02 7.928199113799344559e+03
5.130000000000000000e+02 7.906372540781643693e+03
5.140000000000000000e+02 7.928859130355363959e+03
5.150000000000000000e+02 7.961444693981331511e+03
5.160000000000000000e+02 7.973286170702937852e+03
5.170000000000000000e+02 7.991423973176147229e+03
5.180000000000000000e+02 7.997504473544896427e+03
5.190000000000000000e+02 8.004705796062071386e+03
5.200000000000000000e+02 8.010815553440811527e+03
5.210000000000000000e+02 8.038245136324382656e+03
5.220000000000000000e+02 8.063284801699076525e+03
5.230000000000000000e+02 8.093519863529005306e+03
5.240000000000000000e+02 8.134567882021715377e+03
5.250000000000000000e+02 8.137986048435287557e+03
5.260000000000000000e+02 8.151742635821162366e+03
5.270000000000000000e+02 8.182713481279843108e+03
5.280000000000000000e+02 8.181641211968415519e+03
5.290000000000000000e+02 8.194383214916975703e+03
5.300000000000000000e+02 8.191180554960351401e+03
5.310000000000000000e+02 8.210328127183487595e+03
5.320000000000000000e+02 8.258856707636412466e+03
5.330000000000000000e+02 8.306405359381013113e+03
5.340000000000000000e+02 8.351587903391478903e+03
5.350000000000000000e+02 8.393301831583843523e+03
5.360000000000000000e+02 8.386735904284998469e+03
5.370000000000000000e+02 8.403899012688372750e+03
5.380000000000000000e+02 8.407484744613444491e+03
5.390000000000000000e+02 8.451563067165812754e+03
5.400000000000000000e+02 8.473770167323395071e+03
5.410000000000000000e+02 8.524146891852484259e+03
5.420000000000000000e+02 8.549205127806331802e+03
5.430000000000000000e+02 8.556929559214495384e+03
5.440000000000000000e+02 8.540112677583978439e+03
5.450000000000000000e+02 8.557444711433181510e+03
5.460000000000000000e+02 8.557171156623757270e+03
5.470000000000000000e+02 8.566748387367475516e+03
5.480000000000000000e+02 8.608756410745781977e+03
5.490000000000000000e+02 8.628386065422404499e+03
5.500000000000000000e+02 8.591182078800729869e+03
5.510000000000000000e+02 8.580015483032135307e+03
5.520000000000000000e+02 8.569926542901426728e+03
5.530000000000000000e+02 8.629669919059957465e+03
5.540000000000000000e+02 8.652797439751990169e+03
5.550000000000000000e+02 8.653104900878590342e+03
5.560000000000000000e+02 8.699572126747907532e+03
5.570000000000000000e+02 8.712837735734121452e+03
5.580000000000000000e+02 8.727329780185102209e+03
5.590000000000000000e+02 8.722531268856235329e+03
5.600000000000000000e+02 8.732011782011633841e+03
5.610000000000000000e+02 8.718059317403705791e+03
5.620000000000000000e+02 8.685633737943697270e+03
5.630000000000000000e+02 8.691640543668570899e+03
5.640000000000000000e+02 8.687247982260203571e+03
5.650000000000000000e+02 8.701620623079305005e+03
5.660000000000000000e+02 8.697072583405884870e+03
5.670000000000000000e+02 8.676780135040506138e+03
5.680000000000000000e+02 8.693370744855938028e+03
5.690000000000000000e+02 8.723197281890868908e+03
5.700000000000000000e+02 8.722293739877715780e+03
5.710000000000000000e+02 8.715039745074440361e+03
5.720000000000000000e+02 8.699732419668111106e+03
5.730000000000000000e+02 8.711228453744864964e+03
5.740000000000000000e+02 8.712334375674363400e+03
5.750000000000000000e+02 8.723672725355219882e+03
5.760000000000000000e+02 8.714851778798720261e+03
5.770000000000000000e+02 8.738089024711396632e+03
5.780000000000000000e+02 8.778853735253567720e+03
5.790000000000000000e+02 8.800635237919104839e+03
5.800000000000000000e+02 8.825248637012595282e+03
5.810000000000000000e+02 8.876671723889317946e+03
5.820000000000000000e+02 8.883686904141832201e+03
5.830000000000000000e+02 8.887658000102921505e+03
5.840000000000000000e+02 8.908185339506089804e+03
5.850000000000000000e+02 8.908619607089574856e+03
5.860000000000000000e+02 8.884244199935887082e+03
5.870000000000000000e+02 8.902180296985376117e+03
5.880000000000000000e+02 8.899163701719702658e+03
5.890000000000000000e+02 8.918390344883906437e+03
5.900000000000000000e+02 8.959868804018360606e+03
5.910000000000000000e+02 8.962799864766138853e+03
5.920000000000000000e+02 8.974599866320406363e+03
5.930000000000000000e+02 8.981638714259439439e+03
5.940000000000000000e+02 8.977164088556812203e+03
5.950000000000000000e+02 8.973471483715840805e+03
5.960000000000000000e+02 8.988765215639326925e+03
5.970000000000000000e+02 8.981067991090832948e+03
5.980000000000000000e+02 8.991901037577155876e+03
5.990000000000000000e+02 8.982043335240407032e+03
6.000000000000000000e+02 8.980069461409364521e+03
6.010000000000000000e+02 8.991249502071257666e+03
6.020000000000000000e+02 9.001019239609151555e+03
6.030000000000000000e+02 9.041177365206980539e+03
6.040000000000000000e+02 9.016339842605706508e+03
6.050000000000000000e+02 9.023364182845980395e+03
6.060000000000000000e+02 9.024866705059532251e+03
6.070000000000000000e+02 9.000182022212906304e+03
6.080000000000000000e+02 9.015153248565093236e+03
6.090000000000000000e+02 8.976579026263018022e+03
6.100000000000000000e+02 8.966007276441521753e+03
6.110000000000000000e+02 8.980926173342961192e+03
6.120000000000000000e+02 8.982894471032630463e+03
6.130000000000000000e+02 9.017504169207430095e+03
6.140000000000000000e+02 9.036379527883342234e+03
6.150000000000000000e+02 9.036758805751835098e+03
6.160000000000000000e+02 9.031217204649548876e+03
6.170000000000000000e+02 9.064005536318038139e+03
6.180000000000000000e+02 9.072133672906194988e+03
6.190000000000000000e+02 9.043058088162884815e+03
6.200000000000000000e+02 9.042552848355642709e+03
6.210000000000000000e+02 9.064499665387806090e+03
6.220000000000000000e+02 9.083687974583635878e+03
6.230000000000000000e+02 9.100935927960723347e+03
6.240000000000000000e+02 9.148577002006733892e+03
6.250000000000000000e+02 9.171940240101934251e+03
6.260000000000000000e+02 9.183722912357756286e+03
6.270000000000000000e+02 9.206892244516684514e+03
6.280000000000000000e+02 9.216454413366567678e+03
6.290000000000000000e+02 9.196990972760442673e+03
6.300000000000000000e+02 9.212637183159678898e+03
6.310000000000000000e+02 9.216734670965615805e+03
6.320000000000000000e+02 9.238756864942948596e+03
6.330000000000000000e+02 9.271572254491873537e+03
6.340000000000000000e+02 9.278795194581374744e+03
6.350000000000000000e+02 9.269338329341633653e+03
6.360000000000000000e+02 9.251400367822772751e+03
6.370000000000000000e+02 9.311421530626072126e+03
6.380000000000000000e+02 9.341572603165212058e+03
6.390000000000000000e+02 9.341288135116066769e+03
6.400000000000000000e+02 9.330180446727972594e+03
6.410000000000000000e+02 9.310621796200312019e+03
6.420000000000000000e+02 9.327717792530014776e+03
6.430000000000000000e+02 9.351276520086697928e+03
6.440000000000000000e+02 9.365768778931136694e+03
6.450000000000000000e+02 9.387224440502304788e+03
6.460000000000000000e+02 9.370054661306627168e+03
6.470000000000000000e+02 9.340030700420700668e+03
6.480000000000000000e+02 9.359276734837420008e+03
6.490000000000000000e+02 9.378887077734238119e+03
6.500000000000000000e+02 9.390593810360451243e+03
6.510000000000000000e+02 9.403317458223949870e+03
6.520000000000000000e+02 9.402508070447118371e+03
6.530000000000000000e+02 9.421398173916970336e+03
6.540000000000000000e+02 9.436092289649235681e+03
6.550000000000000000e+02 9.486824111480646025e+03
6.560000000000000000e+02 9.502909079960938470e+03
6.570000000000000000e+02 9.494826569148402996e+03
6.580000000000000000e+02 9.495312300280660565e+03
6.590000000000000000e+02 9.539534695552989433e+03
6.600000000000000000e+02 9.534287062673973196e+03
6.610000000000000000e+02 9.558183820391264817e+03
6.620000000000000000e+02 9.615117047709814869e+03
6.630000000000000000e+02 9.637126593869783392e+03
6.640000000000000000e+02 9.690023512954436228e+03
6.650000000000000000e+02 9.706342236043996309e+03
6.660000000000000000e+02 9.754553648916029488e+03
6.670000000000000000e+02 9.782688190917910106e+03
6.680000000000000000e+02 9.785215783569065024e+03
6.690000000000000000e+02 9.796394192668316464e+03
6.700000000000000000e+02 9.797776871690091866e+03
6.710000000000000000e+02 9.797264401214059035e+03
6.720000000000000000e+02 9.809783385799662938e+03
6.730000000000000000e+02 9.825653145155894890e+03
6.740000000000000000e+02 9.813588609990189070e+03
6.750000000000000000e+02 9.835043938343884292e+03
6.760000000000000000e+02 9.839857007082599011e+03
6.770000000000000000e+02 9.854594504359985876e+03
6.780000000000000000e+02 9.906411216454858732e+03
6.790000000000000000e+02 9.888993233121269441e+03
6.800000000000000000e+02 9.862607441487616597e+03
6.810000000000000000e+02 9.851226717336185175e+03
6.820000000000000000e+02 9.834394843495738314e+03
6.830000000000000000e+02 9.823113121240556211e+03
6.840000000000000000e+02 9.791695477041163031e+03
6.850000000000000000e+02 9.778115182050851217e+03
6.860000000000000000e+02 9.787193224519229261e+03
6.870000000000000000e+02 9.797540385739148405e+03
6.880000000000000000e+02 9.785391144989367604e+03
6.890000000000000000e+02 9.818769841326060487e+03
6.900000000000000000e+02 9.803408744496340660e+03
6.910000000000000000e+02 9.830539380036907460e+03
6.920000000000000000e+02 9.823417882287511020e+03
6.930000000000000000e+02 9.845775350425648867e+03
6.940000000000000000e+02 9.822558203659695209e+03
6.950000000000000000e+02 9.865081239902858215e+03
6.960000000000000000e+02 9.898736541455180486e+03
6.970000000000000000e+02 9.925245422078169213e+03
6.980000000000000000e+02 9.909800331547881797e+03
6.990000000000000000e+02 9.901272007644760379e+03
7.000000000000000000e+02 9.932463654593944739e+03
7.010000000000000000e+02 9.949928409150084917e+03
7.020000000000000000e+02 9.955738608255784129e+03
7.030000000000000000e+02 9.957016374914346670e+03
7.040000000000000000e+02 9.998144541114790627e+03
7.050000000000000000e+02 1.000188143621018025e+04
7.060000000000000000e+02 1.001467315386654809e+04
7.070000000000000000e+02 1.002230830200876153e+04
7.080000000000000000e+02 1.001732916045365891e+04
7.090000000000000000e+02 1.006353409179160008e+04
7.100000000000000000e+02 1.009016191815300954e+04
7.110000000000000000e+02 1.008235769727262959e+04
7.120000000000000000e+02 1.004780447655013268e+04
7.130000000000000000e+02 1.002790610287695381e+04
7.140000000000000000e+02 1.002407512643659720e+04
7.150000000000000000e+02 1.004230538538530163e+04
7.160000000000000000e+02 1.007096619863366323e+04
7.170000000000000000e+02 1.007644088358793124e+04
7.180000000000000000e+02 1.009512549434873654e+04
7.190000000000000000e+02 1.010161766936132881e+04
7.200000000000000000e+02 1.011972448458304098e+04
7.210000000000000000e+02 1.013020422092024273e+04
7.220000000000000000e+02 1.013017081398172741e+04
7.230000000000000000e+02 1.015877368897744600e+04
7.240000000000000000e+02 1.015453758120517705e+04
7.250000000000000000e+02 1.017818967068717575e+04
7.260000000000000000e+02 1.019341091524247349e+04
7.270000000000000000e+02 1.018996149934522145e+04
7.280000000000000000e+02 1.021310037829739122e+04
7.290000000000000000e+02 1.020668731840584769e+04
7.300000000000000000e+02 1.021268870384394359e+04
7.310000000000000000e+02 1.021955842167418632e+04
7.320000000000000000e+02 1.024084020472664452e+04
7.330000000000000000e+02 1.023209254721694379e+04
7.340000000000000000e+02 1.027364920097414142e+04
7.350000000000000000e+02 1.031467803323946282e+04
7.360000000000000000e+02 1.032983057762245335e+04
7.370000000000000000e+02 1.034554747540486096e+04
7.380000000000000000e+02 1.036047777759293422e+04
7.390000000000000000e+02 1.037076049745812634e+04
7.400000000000000000e+02 1.040779807198955859e+04
7.410000000000000000e+02 1.041665186352318960e+04
7.420000000000000000e+02 1.045440646407641725e+04
7.430000000000000000e+02 1.046159118435374876e+04
7.440000000000000000e+02 1.046001711043628165e+04
7.450000000000000000e+02 1.046604397419069028e+04
7.460000000000000000e+02 1.051577218251258091e+04
7.470000000000000000e+02 1.053316982430630196e+04
7.480000000000000000e+02 1.059740139954026563e+04
7.490000000000000000e+02 1.062610475730632425e+04
7.500000000000000000e+02 1.063900525880944224e+04
7.510000000000000000e+02 1.061048683128864104e+04
7.520000000000000000e+02 1.060417171179497564e+04
7.530000000000000000e+02 1.063817056842581587e+04
7.540000000000000000e+02 1.063168987110235685e+04
7.550000000000000000e+02 1.061254843058852384e+04
7.560000000000000000e+02 1.065351937017945420e+04
7.570000000000000000e+02 1.065398962675522125e+04
7.580000000000000000e+02 1.069109597613800725e+04
7.590000000000000000e+02 1.074585836618719622e+04
7.600000000000000000e+02 1.073665503249595713e+04
7.610000000000000000e+02 1.076042634395988534e+04
7.620000000000000000e+02 1.075171910518620280e+04
7.630000000000000000e+02 1.073962663794197033e+04
7.640000000000000000e+02 1.075457807864705501e+04
7.650000000000000000e+02 1.075073047575293458e+04
7.660000000000000000e+02 1.076456011589981426e+04
7.670000000000000000e+02 1.076906259080738346e+04
7.680000000000000000e+02 1.077004288535110572e+04
7.690000000000000000e+02 1.079374166044765843e+04
7.700000000000000000e+02 1.079871415460714161e+04
7.710000000000000000e+02 1.081122345277170643e+04
7.720000000000000000e+02 1.082643663772808031e+04
7.730000000000000000e+02 1.082491709579935559e+04
7.740000000000000000e+02 1.079154250614668126e+04
7.750000000000000000e+02 1.079001101963829205e+04
7.760000000000000000e+02 1.078857920735054540e+04
7.770000000000000000e+02 1.079822772664693366e+04
7.780000000000000000e+02 1.081541793507515649e+04
7.790000000000000000e+02 1.079803344908182589e+04
7.800000000000000000e+02 1.083415487616378050e+04
7.810000000000000000e+02 1.084655292566990283e+04
7.820000000000000000e+02 1.081680847966080546e+04
7.830000000000000000e+02 1.085138120340927526e+04
7.840000000000000000e+02 1.088862167148663139e+04
7.850000000000000000e+02 1.086800894176296060e+04
7.860000000000000000e+02 1.088695238766988041e+04
7.870000000000000000e+02 1.090230397743133835e+04
7.880000000000000000e+02 1.089760995113989338e+04
7.890000000000000000e+02 1.091793823697702828e+04
7.900000000000000000e+02 1.093020740443698742e+04
7.910000000000000000e+02 1.096193169500981458e+04
7.920000000000000000e+02 1.099306444597048358e+04
7.930000000000000000e+02 1.099841947945593165e+04
7.940000000000000000e+02 1.103588181453065226e+04
7.950000000000000000e+02 1.106675010057781401e+04
7.960000000000000000e+02 1.101786852082760925e+04
7.970000000000000000e+02 1.101504474704592212e+04
7.980000000000000000e+02 1.101803949146361083e+04
7.990000000000000000e+02 1.107019715115696636e+04
8.000000000000000000e+02 1.102866272156212108e+04
8.010000000000000000e+02 1.103270340936738648e+04
8.020000000000000000e+02 1.103154239565751232e+04
8.030000000000000000e+02 1.102258273166920844e+04
8.040000000000000000e+02 1.101628083723612872e+04
8.050000000000000000e+02 1.100765818058389050e+04
8.060000000000000000e+02 1.104637895181909334e+04
8.070000000000000000e+02 1.106787839249397439e+04
8.080000000000000000e+02 1.107117445006358503e+04
8.090000000000000000e+02 1.104374755506820838e+04
8.100000000000000000e+02 1.101366914796792116e+04
8.110000000000000000e+02 1.099461474183100472e+04
8.120000000000000000e+02 1.102340810248464186e+04
8.130000000000000000e+02 1.106821359733650388e+04
8.140000000000000000e+02 1.109281995416329664e+04
8.150000000000000000e+02 1.113633915432861249e+04
8.160000000000000000e+02 1.114106588247402397e+04
8.170000000000000000e+02 1.118721003359238603e+04
8.180000000000000000e+02 1.119723160178886246e+04
8.190000000000000000e+02 1.123452514765478372e+04
8.200000000000000000e+02 1.125048826200314215e+04
8.210000000000000000e+02 1.129281821320131530e+04
8.220000000000000000e+02 1.127360982528563181e+04
8.230000000000000000e+02 1.128842328244804230e+04
8.240000000000000000e+02 1.131608537355242697e+04
8.250000000000000000e+02 1.133021229881580439e+04
8.260000000000000000e+02 1.136750242522824192e+04
8.270000000000000000e+02 1.138949381569845900e+04
8.280000000000000000e+02 1.137845925401894783e+04
8.290000000000000000e+02 1.138692817730960451e+04
8.300000000000000000e+02 1.136465828747138221e+04
8.310000000000000000e+02 1.138093885309414145e+04
8.320000000000000000e+02 1.138817133870167345e+04
8.330000000000000000e+02 1.141183705435689444e+04
8.340000000000000000e+02 1.141667865116369103e+04
8.350000000000000000e+02 1.143233202787406117e+04
8.360000000000000000e+02 1.147080441462380622e+04
8.370000000000000000e+02 1.152722533527899759e+04
8.380000000000000000e+02 1.151644136992420681e+04
8.390000000000000000e+02 1.154079413913701865e+04
8.400000000000000000e+02 1.154701269854813654e+04
8.410000000000000000e+02 1.152739019885640846e+04
8.420000000000000000e+02 1.152400227759268455e+04
8.430000000000000000e+02 1.152971990433023711e+04
8.440000000000000000e+02 1.153142500897357240e+04
8.450000000000000000e+02 1.151850070360118116e+04
8.460000000000000000e+02 1.154555550016698726e+04
8.470000000000000000e+02 1.156070971553410345e+04
8.480000000000000000e+02 1.154441748098301468e+04
8.490000000000000000e+02 1.154406275907849886e+04
8.500000000000000000e+02 1.154213290362819862e+04
8.510000000000000000e+02 1.154059239215231355e+04
8.520000000000000000e+02 1.158714328375224613e+04
8.530000000000000000e+02 1.164053246863617642e+04
8.540000000000000000e+02 1.168965655893397525e+04
8.550000000000000000e+02 1.167166144137697302e+04
8.560000000000000000e+02 1.167899985802606352e+04
8.570000000000000000e+02 1.171915857447595954e+04
8.580000000000000000e+02 1.174218762818875439e+04
8.590000000000000000e+02 1.176210028438330301e+04
8.600000000000000000e+02 1.176301039385549302e+04
8.610000000000000000e+02 1.179870238118129964e+04
8.620000000000000000e+02 1.183865408332345396e+04
8.630000000000000000e+02 1.184862377094637122e+04
8.640000000000000000e+02 1.183848066618978373e+04
8.650000000000000000e+02 1.187593847387289134e+04
8.660000000000000000e+02 1.190680504114755240e+04
8.670000000000000000e+02 1.195252889702156790e+04
8.680000000000000000e+02 1.195725758557077643e+04
8.690000000000000000e+02 1.197213464256094449e+04
8.700000000000000000e+02 1.196318889408607720e+04
8.710000000000000000e+02 1.196398120149225906e+04
8.720000000000000000e+02 1.199751872204436404e+04
8.730000000000000000e+02 1.200952696515396019e+04
8.740000000000000000e+02 1.201153254488103448e+04
8.750000000000000000e+02 1.208061266010853069e+04
8.760000000000000000e+02 1.208512097188472944e+04
8.770000000000000000e+02 1.206658842999857734e+04
8.780000000000000000e+02 1.208549461531967063e+04
8.790000000000000000e+02 1.206790109374215172e+04
8.800000000000000000e+02 1.209443761482014270e+04
8.810000000000000000e+02 1.212871981836199666e+04
8.820000000000000000e+02 1.215215986938769493e+04
8.830000000000000000e+02 1.216765032788840108e+04
8.840000000000000000e+02 1.214180220928029485e+04
8.850000000000000000e+02 1.214730771607120369e+04
8.860000000000000000e+02 1.217158377028406539e+04
8.870000000000000000e+02 1.220371019264791721e+04
8.880000000000000000e+02 1.225985041028599335e+04
8.890000000000000000e+02 1.231675456288590613e+04
8.900000000000000000e+02 1.229366196969243174e+04
8.910000000000000000e+02 1.233525083824276953e+04
8.920000000000000000e+02 1.236004739526787125e+04
8.930000000000000000e+02 1.233264924574721772e+04
8.940000000000000000e+02 1.236221317424552035e+04
8.950000000000000000e+02 1.238734778763207942e+04
8.960000000000000000e+02 1.243767812313520699e+04
8.970000000000000000e+02 1.248582581905700135e+04
8.980000000000000000e+02 1.248174737403384825e+04
8.990000000000000000e+02 1.249773318600952189e+04
9.000000000000000000e+02 1.253887365399237024e+04
9.010000000000000000e+02 1.255307917820976400e+04
9.020000000000000000e+02 1.260234703680881103e+04
9.030000000000000000e+02 1.259088650700419566e+04
9.040000000000000000e+02 1.257761410697344763e+04
9.050000000000000000e+02 1.259783468931965945e+04
9.060000000000000000e+02 1.257831801148882369e+04
9.070000000000000000e+02 1.260728201799078488e+04
9.080000000000000000e+02 1.266046459337123451e+04
9.090000000000000000e+02 1.264813390790630365e+04
9.100000000000000000e+02 1.263862025302754591e+04
9.110000000000000000e+02 1.266468454337746698e+04
9.120000000000000000e+02 1.267884825337569055e+04
9.130000000000000000e+02 1.267549901947844592e+04
9.140000000000000000e+02 1.269771269820635462e+04
9.150000000000000000e+02 1.269109890963492580e+04
9.160000000000000000e+02 1.270162040330354830e+04
9.170000000000000000e+02 1.270011092117010776e+04
9.180000000000000000e+02 1.272515457355688341e+04
9.190000000000000000e+02 1.276527190450436865e+04
9.200000000000000000e+02 1.275141438249606836e+04
9.210000000000000000e+02 1.274543619660082732e+04
9.220000000000000000e+02 1.276149989360555082e+04
9.230000000000000000e+02 1.273642863224610664e+04
9.240000000000000000e+02 1.272184716209162070e+04
9.250000000000000000e+02 1.272933867748917874e+04
9.260000000000000000e+02 1.274178386841417159e+04
9.270000000000000000e+02 1.276981715131709097e+04
9.280000000000000000e+02 1.279714071407211668e+04
9.290000000000000000e+02 1.281368072116045914e+04
9.300000000000000000e+02 1.284058349909934805e+04
9.310000000000000000e+02 1.281781745178266101e+04
9.320000000000000000e+02 1.284423084680961620e+04
9.330000000000000000e+02 1.287090312671395623e+04
9.340000000000000000e+02 1.290061338027074817e+04
9.350000000000000000e+02 1.284683545030961432e+04
9.360000000000000000e+02 1.285734753197938699e+04
9.370000000000000000e+02 1.290011107787962464e+04
9.380000000000000000e+02 1.298026007929042134e+04
9.390000000000000000e+02 1.299163632862654595e+04
9.400000000000000000e+02 1.298144917384711880e+04
9.410000000000000000e+02 1.298401443049913905e+04
9.420000000000000000e+02 1.303484420607455650e+04
9.430000000000000000e+02 1.301671078286339434e+04
9.440000000000000000e+02 1.300372023083586282e+04
9.450000000000000000e+02 1.300474844259660131e+04
9.460000000000000000e+02 1.301828841851952166e+04
9.470000000000000000e+02 1.302422641204637512e+04
9.480000000000000000e+02 1.303961974631779231e+04
9.490000000000000000e+02 1.298449802172811178e+04
9.500000000000000000e+02 1.299607732599662631e+04
9.510000000000000000e+02 1.297040107373865249e+04
9.520000000000000000e+02 1.294974776726988057e+04
9.530000000000000000e+02 1.300745024263840241e+04
9.540000000000000000e+02 1.303459976496116542e+04
9.550000000000000000e+02 1.304920357161492757e+04
9.560000000000000000e+02 1.307078154263934994e+04
9.570000000000000000e+02 1.307948649724125971e+04
9.580000000000000000e+02 1.313848594095709268e+04
9.590000000000000000e+02 1.317603604732734675e+04
9.600000000000000000e+02 1.315838714880090447e+04
9.610000000000000000e+02 1.315716277633484060e+04
9.620000000000000000e+02 1.323586909528101569e+04
9.630000000000000000e+02 1.326904981799503184e+04
9.640000000000000000e+02 1.333737619135504974e+04
9.650000000000000000e+02 1.332397638814789570e+04
9.660000000000000000e+02 1.332721379525232078e+04
9.670000000000000000e+02 1.331149345069831179e+04
9.680000000000000000e+02 1.332398619358911128e+04
9.690000000000000000e+02 1.334572968183825105e+04
9.700000000000000000e+02 1.341682026482372567e+04
9.710000000000000000e+02 1.342620617144968128e+04
9.720000000000000000e+02 1.343138165884917726e+04
9.730000000000000000e+02 1.342241509678082002e+04
9.740000000000000000e+02 1.344851866894689920e+04
9.750000000000000000e+02 1.347322961373939143e+04
9.760000000000000000e+02 1.346733915311183773e+04
9.770000000000000000e+02 1.349174736137564832e+04
9.780000000000000000e+02 1.354341556197048340e+04
9.790000000000000000e+02 1.355880237120470520e+04
9.800000000000000000e+02 1.356388641303930672e+04
9.810000000000000000e+02 1.355995160858879535e+04
9.820000000000000000e+02 1.350850003990563528e+04
9.830000000000000000e+02 1.349117568086888787e+04
9.840000000000000000e+02 1.352064380079906005e+04
9.850000000000000000e+02 1.352947401574665855e+04
9.860000000000000000e+02 1.353540136585842811e+04
9.870000000000000000e+02 1.355661342638188398e+04
9.880000000000000000e+02 1.354714362306215480e+04
9.890000000000000000e+02 1.359235915248991660e+04
9.900000000000000000e+02 1.358214855630214151e+04
9.910000000000000000e+02 1.361552867185838659e+04
9.920000000000000000e+02 1.365349367243414054e+04
9.930000000000000000e+02 1.374423213497318466e+04
9.940000000000000000e+02 1.376806785488648165e+04
9.950000000000000000e+02 1.382493860951707757e+04
9.960000000000000000e+02 1.382631612677673729e+04
9.970000000000000000e+02 1.386367695031699986e+04
9.980000000000000000e+02 1.388661852202997215e+04
9.990000000000000000e+02 1.387759004785431353e+04
1.000000000000000000e+03 1.392990942006870500e+04
1.001000000000000000e+03 1.389106998482631752e+04
1.002000000000000000e+03 1.392011787735781763e+04
1.003000000000000000e+03 1.393917218422161204e+04
1.004000000000000000e+03 1.398278883489435611e+04
1.005000000000000000e+03 1.396014886360246419e+04
1.006000000000000000e+03 1.398423506619212458e+04
1.007000000000000000e+03 1.407249128995451429e+04
1.008000000000000000e+03 1.410362507206680857e+04
1.009000000000000000e+03 1.408575798305610806e+04
1.010000000000000000e+03 1.407688981433560548e+04
1.011000000000000000e+03 1.406455432774608016e+04
1.012000000000000000e+03 1.407359262044821116e+04
1.013000000000000000e+03 1.409534147561592363e+04
1.014000000000000000e+03 1.415871077649953986e+04
1.015000000000000000e+03 1.417249066545338428e+04
1.016000000000000000e+03 1.419176153239359337e+04
1.017000000000000000e+03 1.426763967641680392e+04
1.018000000000000000e+03 1.429577342932873216e+04
1.019000000000000000e+03 1.431660648705136009e+04
1.020000000000000000e+03 1.432955925810328881e+04
1.021000000000000000e+03 1.433575098051654095e+04
1.022000000000000000e+03 1.435481371497465625e+04
1.023000000000000000e+03 1.440257794326423391e+04
1.024000000000000000e+03 1.441481314770722929e+04
1.025000000000000000e+03 1.446326458945250488e+04
1.026000000000000000e+03 1.447774989189018015e+04
1.027000000000000000e+03 1.451203742986164252e+04
1.028000000000000000e+03 1.451723633939908359e+04
1.029000000000000000e+03 1.448737328747796528e+04
1.030000000000000000e+03 1.449000696340796094e+04
1.031000000000000000e+03 1.452400518644169824e+04
1.032000000000000000e+03 1.455790215594358415e+04
1.033000000000000000e+03 1.452108732222002618e+04
1.034000000000000000e+03 1.456181995652353362e+04
1.035000000000000000e+03 1.456819842345519282e+04
1.036000000000000000e+03 1.460970779822367149e+04
1.037000000000000000e+03 1.460597983984619714e+04
1.038000000000000000e+03 1.459469956511347118e+04
1.039000000000000000e+03 1.460447086206611311e+04
1.040000000000000000e+03 1.464785637719883380e+04
1.041000000000000000e+03 1.467602565910881458e+04
1.042000000000000000e+03 1.469128796349023651e+04
1.043000000000000000e+03 1.470662157592951917e+04
1.044000000000000000e+03 1.466730844264361258e+04
1.045000000000000000e+03 1.463184980184655069e+04
1.046000000000000000e+03 1.467592693799682093e+04
1.047000000000000000e+03 1.472274250853187368e+04
1.048000000000000000e+03 1.471134531396425518e+04
1.049000000000000000e+03 1.470723340168113646e+04
1.050000000000000000e+03 1.474218050506667350e+04
1.051000000000000000e+03 1.474974816347996966e+04
1.052000000000000000e+03 1.475899366992496471e+04
1.053000000000000000e+03 1.481014666083214252e+04
1.054000000000000000e+03 1.481641750027425223e+04
1.055000000000000000e+03 1.485101869468955374e+04
1.056000000000000000e+03 1.488636205597863045e+04
1.057000000000000000e+03 1.492534237828579171e+04
1.058000000000000000e+03 1.494308136104633559e+04
1.059000000000000000e+03 1.497558847849716221e+04
1.060000000000000000e+03 1.504264986158466490e+04
1.061000000000000000e+03 1.507366083039810655e+04
1.062000000000000000e+03 1.504393840176736194e+04
1.063000000000000000e+03 1.507440484111427031e+04
1.064000000000000000e+03 1.512168475174936430e+04
1.065000000000000000e+03 1.510854838344270502e+04
1.066000000000000000e+03 1.510418143310750929e+04
1.067000000000000000e+03 1.509270399372424072e+04
1.068000000000000000e+03 1.507155213990331686e+04
1.069000000000000000e+03 1.508625675439670158e+04
1.070000000000000000e+03 1.511830339406681560e+04
1.071000000000000000e+03 1.519337991757690361e+04
1.072000000000000000e+03 1.523798827772294680e+04
1.073000000000000000e+03 1.527620828683752916e+04
1.074000000000000000e+03 1.526711240049013577e+04
1.075000000000000000e+03 1.525549938748040404e+04
1.076000000000000000e+03 1.525117917018755179e+04
1.077000000000000000e+03 1.526271197691206180e+04
1.078000000000000000e+03 1.527079033979706765e+04
1.079000000000000000e+03 1.525439901169042423e+04
1.080000000000000000e+03 1.520607402136400560e+04
1.081000000000000000e+03 1.521865529045194307e+04
1.082000000000000000e+03 1.520360468421242149e+04
1.083000000000000000e+03 1.523218349510067674e+04
1.084000000000000000e+03 1.518655092279747623e+04
1.085000000000000000e+03 1.520092682456431794e+04
1.086000000000000000e+03 1.521187695732963039e+04
1.087000000000000000e+03 1.524485917193384739e+04
1.088000000000000000e+03 1.527470454173921826e+04
1.089000000000000000e+03 1.525432958985264486e+04
1.090000000000000000e+03 1.524276688877959532e+04
1.091000000000000000e+03 1.523983196448051240e+04
1.092000000000000000e+03 1.524346480194724245e+04
1.093000000000000000e+03 1.526275755337624832e+04
1.094000000000000000e+03 1.530093970741861085e+04
1.095000000000000000e+03 1.530457976147197769e+04
1.096000000000000000e+03 1.537031856320775296e+04
1.097000000000000000e+03 1.541721080775791597e+04
1.098000000000000000e+03 1.543615425622695511e+04
1.099000000000000000e+03 1.548255385295316955e+04
1.100000000000000000e+03 1.552093511953805864e+04
1.101000000000000000e+03 1.552535157552072815e+04
1.102000000000000000e+03 1.551482043577310287e+04
1.103000000000000000e+03 1.550083298315028151e+04
1.104000000000000000e+03 1.550430020260343554e+04
1.105000000000000000e+03 1.552965047289790891e+04
1.106000000000000000e+03 1.554116786331251751e+04
1.107000000000000000e+03 1.555240028235389764e+04
1.108000000000000000e+03 1.555097193259967207e+04
1.109000000000000000e+03 1.554201042395264631e+04
1.110000000000000000e+03 1.558497317272510372e+04
1.111000000000000000e+03 1.557922608289634445e+04
1.112000000000000000e+03 1.562392912205373614e+04
1.113000000000000000e+03 1.565926743591182458e+04
1.114000000000000000e+03 1.567662066034785494e+04
1.115000000000000000e+03 1.571454276470996410e+04
1.116000000000000000e+03 1.577250394095028787e+04
1.117000000000000000e+03 1.582816660112910722e+04
1.118000000000000000e+03 1.583251518352322091e+04
1.119000000000000000e+03 1.588619344665609788e+04
1.120000000000000000e+03 1.587990755894229369e+04
1.121000000000000000e+03 1.587753809372497744e+04
1.122000000000000000e+03 1.589306023562864902e+04
1.123000000000000000e+03 1.591624361181635140e+04
1.124000000000000000e+03 1.591986134405361554e+04
1.125000000000000000e+03 1.592259889178074263e+04
1.126000000000000000e+03 1.591682759697304937e+04
1.127000000000000000e+03 1.597399225658301111e+04
1.128000000000000000e+03 1.599416865833362317e+04
1.129000000000000000e+03 1.598710191247758121e+04
1.130000000000000000e+03 1.603621783028991740e+04
1.131000000000000000e+03 1.610399244152390565e+04
1.132000000000000000e+03 1.609449085671667854e+04
1.133000000000000000e+03 1.615337732021291231e+04
1.134000000000000000e+03 1.617565400326745475e+04
1.135000000000000000e+03 1.621981214310725954e+04
1.136000000000000000e+03 1.624162740739762557e+04
1.137000000000000000e+03 1.621341312049908447e+04
1.138000000000000000e+03 1.625042164849721303e+04
1.139000000000000000e+03 1.624927926120559277e+04
1.140000000000000000e+03 1.627265502537171233e+04
1.141000000000000000e+03 1.629598684278579822e+04
1.142000000000000000e+03 1.639726809369419789e+04
1.143000000000000000e+03 1.639791022396246262e+04
1.144000000000000000e+03 1.641735474806572529e+04
1.145000000000000000e+03 1.640329630639206880e+04
1.146000000000000000e+03 1.640332181383977513e+04
1.147000000000000000e+03 1.645206275578518762e+04
1.148000000000000000e+03 1.644952186990949122e+04
1.149000000000000000e+03 1.645299638626197338e+04
1.150000000000000000e+03 1.643558775083384899e+04
1.151000000000000000e+03 1.645391577006123407e+04
1.152000000000000000e+03 1.642530837142844757e+04
1.153000000000000000e+03 1.641825054008389270e+04
1.154000000000000000e+03 1.640738164380381568e+04
1.155000000000000000e+03 1.647575389714816993e+04
1.156000000000000000e+03 1.649324188444903848e+04
1.157000000000000000e+03 1.652454700321913697e+04
1.158000000000000000e+03 1.651462433775524551e+04
1.159000000000000000e+03 1.656517474237843635e+04
1.160000000000000000e+03 1.656604196634308755e+04
1.161000000000000000e+03 1.662811555888477960e+04
1.162000000000000000e+03 1.666660784508510551e+04
1.163000000000000000e+03 1.664608939131028819e+04
1.164000000000000000e+03 1.667134116704758344e+04
1.165000000000000000e+03 1.666646928174463028e+04
1.166000000000000000e+03 1.666853500926176275e+04
1.167000000000000000e+03 1.663097540923213455e+04
1.168000000000000000e+03 1.665528523128158122e+04
1.169000000000000000e+03 1.665220930344148292e+04
1.170000000000000000e+03 1.665080805228499594e+04
1.171000000000000000e+03 1.669852621125529549e+04
1.172000000000000000e+03 1.675318992501460161e+04
1.173000000000000000e+03 1.676846928684235172e+04
1.174000000000000000e+03 1.680504624100742149e+04
1.175000000000000000e+03 1.678113745583781565e+04
1.176000000000000000e+03 1.673250589542866510e+04
1.177000000000000000e+03 1.674135337855408216e+04
1.178000000000000000e+03 1.674732559514971945e+04
1.179000000000000000e+03 1.679769347624938018e+04
1.180000000000000000e+03 1.681876171878629611e+04
1.181000000000000000e+03 1.679373964195353255e+04
1.182000000000000000e+03 1.684230013481312562e+04
1.183000000000000000e+03 1.685418036922717874e+04
1.184000000000000000e+03 1.688537360192422057e+04
1.185000000000000000e+03 1.690192278987796089e+04
1.186000000000000000e+03 1.693489590943686562e+04
1.187000000000000000e+03 1.697410971655097819e+04
1.188000000000000000e+03 1.696431987763757570e+04
1.189000000000000000e+03 1.697651598794784150e+04
1.190000000000000000e+03 1.697232309709475885e+04
1.191000000000000000e+03 1.698167847992128372e+04
1.192000000000000000e+03 1.702540485431036723e+04
1.193000000000000000e+03 1.705640902622097929e+04
1.194000000000000000e+03 1.706120497940213681e+04
1.195000000000000000e+03 1.711535851050908605e+04
1.196000000000000000e+03 1.718486296865278564e+04
1.197000000000000000e+03 1.721581845731473004e+04
1.198000000000000000e+03 1.722613859269799650e+04
1.199000000000000000e+03 1.729377623847825453e+04
1.200000000000000000e+03 1.730649718172877692e+04
1.201000000000000000e+03 1.721636712494119274e+04
1.202000000000000000e+03 1.725190692901735383e+04
1.203000000000000000e+03 1.721166571802136968e+04
1.204000000000000000e+03 1.718854867487864976e+04
1.205000000000000000e+03 1.718867263774612002e+04
1.206000000000000000e+03 1.719249568329806789e+04
1.207000000000000000e+03 1.720474094253376825e+04
1.208000000000000000e+03 1.722094772972156352e+04
1.209000000000000000e+03 1.721061155003458043e+04
1.210000000000000000e+03 1.727283269594223020e+04
1.211000000000000000e+03 1.730699729299425235e+04
1.212000000000000000e+03 1.731332005439732529e+04
1.213000000000000000e+03 1.734571641093712242e+04
1.214000000000000000e+03 1.741946330122585641e+04
1.215000000000000000e+03 1.739955356612828109e+04
1.216000000000000000e+03 1.741159996855842110e+04
1.217000000000000000e+03 1.741184289517635625e+04
1.218000000000000000e+03 1.744382114363557776e+04
1.219000000000000000e+03 1.745142816368115018e+04
1.220000000000000000e+03 1.743476133461200880e+04
1.221000000000000000e+03 1.740331767791615857e+04
1.222000000000000000e+03 1.747664191029329595e+04
1.223000000000000000e+03 1.748009044755721334e+04
1.224000000000000000e+03 1.747245621804421535e+04
1.225000000000000000e+03 1.747073944258296615e+04
1.226000000000000000e+03 1.750392022766051741e+04
1.227000000000000000e+03 1.754359225110674379e+04
1.228000000000000000e+03 1.757119621377173098e+04
1.229000000000000000e+03 1.760894562139987829e+04
1.230000000000000000e+03 1.758279471461038702e+04
1.231000000000000000e+03 1.757027051003826273e+04
1.232000000000000000e+03 1.759082773481640470e+04
1.233000000000000000e+03 1.761799530443335243e+04
1.234000000000000000e+03 1.765181774721262263e+04
1.235000000000000000e+03 1.764270033541339944e+04
1.236000000000000000e+03 1.765360111602993129e+04
1.237000000000000000e+03 1.763749430852608930e+04
1.238000000000000000e+03 1.764208838750151699e+04
1.239000000000000000e+03 1.766214283628073827e+04
1.240000000000000000e+03 1.763650139728847716e+04
1.241000000000000000e+03 1.768547221027310661e+04
1.242000000000000000e+03 1.773989384835155943e+04
1.243000000000000000e+03 1.775355154497732656e+04
1.244000000000000000e+03 1.771189428614015924e+04
1.245000000000000000e+03 1.772016368659353975e+04
1.246000000000000000e+03 1.770780636895792850e+04
1.247000000000000000e+03 1.770507273699845609e+04
1.248000000000000000e+03 1.774380254547803997e+04
1.249000000000000000e+03 1.778440073896743706e+04
1.250000000000000000e+03 1.785052369917598116e+04
1.251000000000000000e+03 1.784144047090837557e+04
1.252000000000000000e+03 1.788806381522351148e+04
1.253000000000000000e+03 1.792458623890619492e+04
1.254000000000000000e+03 1.792128052345262404e+04
1.255000000000000000e+03 1.786898310404230142e+04
1.256000000000000000e+03 1.788529446464208377e+04
1.257000000000000000e+03 1.794838121820058950e+04
1.258000000000000000e+03 1.794252785179702187e+04
1.259000000000000000e+03 1.794364460287333350e+04
1.260000000000000000e+03 1.793756597506966500e+04
1.261000000000000000e+03 1.792567705146019216e+04
1.262000000000000000e+03 1.790384486658296009e+04
1.263000000000000000e+03 1.793314713141229367e+04
1.264000000000000000e+03 1.795238658046798446e+04
1.265000000000000000e+03 1.793136731634468742e+04
1.266000000000000000e+03 1.795310604644014165e+04
1.267000000000000000e+03 1.794686760883862735e+04
1.268000000000000000e+03 1.797355850988747989e+04
1.269000000000000000e+03 1.798972643232109112e+04
1.270000000000000000e+03 1.800901901607691616e+04
1.271000000000000000e+03 1.802991391690921591e+04
1.272000000000000000e+03 1.806544475009657981e+04
1.273000000000000000e+03 1.812741691028133209e+04
1.274000000000000000e+03 1.815354858512967257e+04
1.275000000000000000e+03 1.816763776525289359e+04
1.276000000000000000e+03 1.817991169770418855e+04
1.277000000000000000e+03 1.819336267005218906e+04
1.278000000000000000e+03 1.821767255986048622e+04
1.279000000000000000e+03 1.823432072462150245e+04
1.280000000000000000e+03 1.824189290389354937e+04
1.281000000000000000e+03 1.831810045781653753e+04
1.282000000000000000e+03 1.840260182826085293e+04
1.283000000000000000e+03 1.841217106337041332e+04
1.284000000000000000e+03 1.845013439329879839e+04
1.285000000000000000e+03 1.846591088569055501e+04
1.286000000000000000e+03 1.848602002342482228e+04
1.287000000000000000e+03 1.849975997161040505e+04
1.288000000000000000e+03 1.854376194756533005e+04
1.289000000000000000e+03 1.856909268619695285e+04
1.290000000000000000e+03 1.860265109788608606e+04
1.291000000000000000e+03 1.863146872089027966e+04
1.292000000000000000e+03 1.866083076241601884e+04
1.293000000000000000e+03 1.866734959825633268e+04
1.294000000000000000e+03 1.867207195581171618e+04
1.295000000000000000e+03 1.868460392123718702e+04
1.296000000000000000e+03 1.871226139912642248e+04
1.297000000000000000e+03 1.873506323618638999e+04
1.298000000000000000e+03 1.874095988776092781e+04
1.299000000000000000e+03 1.877429841669336747e+04
1.300000000000000000e+03 1.879167362420470090e+04
1.301000000000000000e+03 1.875414291389950085e+04
1.302000000000000000e+03 1.879971248035835015e+04
1.303000000000000000e+03 1.880150743382384098e+04
1.304000000000000000e+03 1.883932896597837316e+04
1.305000000000000000e+03 1.886362250657752884e+04
1.306000000000000000e+03 1.890410059449196342e+04
1.307000000000000000e+03 1.893622858490562066e+04
1.308000000000000000e+03 1.892072247160819461e+04
1.309000000000000000e+03 1.889629718370950650e+04
1.310000000000000000e+03 1.893150773947556081e+04
1.311000000000000000e+03 1.897359009818221602e+04
1.312000000000000000e+03 1.904429417313862723e+04
1.313000000000000000e+03 1.911504772620470976e+04
1.314000000000000000e+03 1.918279968488181476e+04
1.315000000000000000e+03 1.918180026742149130e+04
1.316000000000000000e+03 1.921852328513057364e+04
1.317000000000000000e+03 1.920240885627283933e+04
1.318000000000000000e+03 1.918917854132075809e+04
1.319000000000000000e+03 1.925892859084742304e+04
1.320000000000000000e+03 1.934301313065151771e+04
1.321000000000000000e+03 1.932134288798859416e+04
1.322000000000000000e+03 1.933771641111114877e+04
1.323000000000000000e+03 1.930367514647311327e+04
1.324000000000000000e+03 1.931186381719136989e+04
1.325000000000000000e+03 1.936047579030266206e+04
1.326000000000000000e+03 1.931751667569137862e+04
1.327000000000000000e+03 1.932796525245214070e+04
1.328000000000000000e+03 1.939328153815317637e+04
1.329000000000000000e+03 1.949060222225816688e+04
1.330000000000000000e+03 1.948814956268331662e+04
1.331000000000000000e+03 1.949953922178228095e+04
1.332000000000000000e+03 1.950089741752427290e+04
1.333000000000000000e+03 1.947813057885809030e+04
1.334000000000000000e+03 1.949207788293374324e+04
1.335000000000000000e+03 1.951159839135225411e+04
1.336000000000000000e+03 1.949251162628225211e+04
1.337000000000000000e+03 1.951692342513243057e+04
1.338000000000000000e+03 1.954805533326567092e+04
1.339000000000000000e+03 1.963426189717249144e+04
1.340000000000000000e+03 1.972048200324241407e+04
1.341000000000000000e+03 1.975726823332679487e+04
1.342000000000000000e+03 1.973766994437619360e+04
1.343000000000000000e+03 1.978098967578247903e+04
1.344000000000000000e+03 1.984664771598839070e+04
1.345000000000000000e+03 1.988188025875178937e+04
1.346000000000000000e+03 1.995983150515848683e+04
1.347000000000000000e+03 1.998832655820209766e+04
1.348000000000000000e+03 1.998668039296633287e+04
1.349000000000000000e+03 2.004883168337769166e+04
1.350000000000000000e+03 2.006439402164706553e+04
1.351000000000000000e+03 2.012568256579122681e+04
1.352000000000000000e+03 2.013684999417402651e+04
1.353000000000000000e+03 2.017656722033810729e+04
1.354000000000000000e+03 2.020876609723555521e+04
1.355000000000000000e+03 2.024096528895897063e+04
1.356000000000000000e+03 2.029051705157167453e+04
1.357000000000000000e+03 2.034936375502448573e+04
1.358000000000000000e+03 2.036566037689434961e+04
1.359000000000000000e+03 2.035655938564749158e+04
1.360000000000000000e+03 2.031283835675891532e+04
1.361000000000000000e+03 2.029470911216049353e+04
1.362000000000000000e+03 2.036815951561307884e+04
1.363000000000000000e+03 2.036510075444376344e+04
1.364000000000000000e+03 2.040403948786614637e+04
1.365000000000000000e+03 2.041468744347745087e+04
1.366000000000000000e+03 2.041480856757078436e+04
1.367000000000000000e+03 2.041221029062027810e+04
1.368000000000000000e+03 2.043949550321454444e+04
1.369000000000000000e+03 2.043157252030296149e+04
1.370000000000000000e+03 2.040556456703710865e+04
1.371000000000000000e+03 2.041123284298687940e+04
1.372000000000000000e+03 2.044146340549468732e+04
1.373000000000000000e+03 2.047314924756491746e+04
1.374000000000000000e+03 2.049696848675681395e+04
1.375000000000000000e+03 2.053606970888822616e+04
1.376000000000000000e+03 2.055168767850915174e+04
1.377000000000000000e+03 2.055669491960852611e+04
1.378000000000000000e+03 2.051889639184943007e+04
1.379000000000000000e+03 2.050098296398002276e+04
1.380000000000000000e+03 2.053492186791216591e+04
1.381000000000000000e+03 2.056512611167437353e+04
1.382000000000000000e+03 2.060773295913018956e+04
1.383000000000000000e+03 2.063414380517421159e+04
1.384000000000000000e+03 2.066272763609446338e+04
1.385000000000000000e+03 2.063125908404646907e+04
1.386000000000000000e+03 2.064893567885153607e+04
1.387000000000000000e+03 2.065866935986829412e+04
1.388000000000000000e+03 2.068674290636974547e+04
1.389000000000000000e+03 2.072604425676812752e+04
1.390000000000000000e+03 2.071516722490550092e+04
1.391000000000000000e+03 2.076859499689944278e+04
1.392000000000000000e+03 2.078985579775057340e+04
1.393000000000000000e+03 2.077306688922802277e+04
1.394000000000000000e+03 2.078455854384202758e+04
1.395000000000000000e+03 2.076661391286267462e+04
1.396000000000000000e+03 2.079904910665665011e+04
1.397000000000000000e+03 2.084291950421918955e+04
1.398000000000000000e+03 2.084079809186566854e+04
1.399000000000000000e+03 2.087274015371939095e+04
1.400000000000000000e+03 2.094729851155926372e+04
1.401000000000000000e+03 2.095375634403009462e+04
1.402000000000000000e+03 2.092690165969171358e+04
1.403000000000000000e+03 2.093869735157985269e+04
1.404000000000000000e+03 2.093636210017595658e+04
1.405000000000000000e+03 2.095382292951390627e+04
1.406000000000000000e+03 2.094892646968214831e+04
1.407000000000000000e+03 2.094419311161560836e+04
1.408000000000000000e+03 2.096547044386211564e+04
1.409000000000000000e+03 2.098671725674776462e+04
1.410000000000000000e+03 2.103296761435378721e+04
1.411000000000000000e+03 2.105612360478850678e+04
1.412000000000000000e+03 2.102965680417122348e+04
1.413000000000000000e+03 2.102008912881659853e+04
1.414000000000000000e+03 2.105315114795091722e+04
1.415000000000000000e+03 2.106183245678507956e+04
1.416000000000000000e+03 2.111281087915936951e+04
1.417000000000000000e+03 2.113326984176790211e+04
1.418000000000000000e+03 2.113638167465366132e+04
1.419000000000000000e+03 2.114366331216198887e+04
1.420000000000000000e+03 2.115035720828754711e+04
1.421000000000000000e+03 2.114785640511988095e+04
1.422000000000000000e+03 2.117734087077959339e+04
1.423000000000000000e+03 2.118123244623806386e+04
1.424000000000000000e+03 2.117823219724703085e+04
1.425000000000000000e+03 2.118643122748978567e+04
1.426000000000000000e+03 2.125716541664786564e+04
1.427000000000000000e+03 2.132666453507831466e+04
1.428000000000000000e+03 2.132714092294029979e+04
1.429000000000000000e+03 2.132339154117223370e+04
1.430000000000000000e+03 2.141076276988126847e+04
1.431000000000000000e+03 2.145156926957682663e+04
1.432000000000000000e+03 2.145961676754833024e+04
1.433000000000000000e+03 2.147419760051884077e+04
1.434000000000000000e+03 2.146825779835640060e+04
1.435000000000000000e+03 2.148419213823882092e+04
1.436000000000000000e+03 2.145249259582242667e+04
1.437000000000000000e+03 2.148044295680888172e+04
1.438000000000000000e+03 2.149687242645433071e+04
1.439000000000000000e+03 2.144085795137707828e+04
1.440000000000000000e+03 2.144968579245105866e+04
1.441000000000000000e+03 2.148326068965598824e+04
1.442000000000000000e+03 2.146721300360108580e+04
1.443000000000000000e+03 2.148142670147062017e+04
1.444000000000000000e+03 2.146505478581882562e+04
1.445000000000000000e+03 2.151136255651033935e+04
1.446000000000000000e+03 2.149750353799646837e+04
1.447000000000000000e+03 2.150010825612776898e+04
1.448000000000000000e+03 2.153891646717450931e+04
1.449000000000000000e+03 2.150973977437852227e+04
1.450000000000000000e+03 2.156535915233239575e+04
1.451000000000000000e+03 2.156963906728672737e+04
1.452000000000000000e+03 2.157689131821620322e+04
1.453000000000000000e+03 2.156950704919112832e+04
1.454000000000000000e+03 2.159885193943428749e+04
1.455000000000000000e+03 2.163335317291190586e+04
1.456000000000000000e+03 2.162630631527284277e+04
1.457000000000000000e+03 2.166085419484526574e+04
1.458000000000000000e+03 2.166349056031338841e+04
1.459000000000000000e+03 2.165889621446605088e+04
1.460000000000000000e+03 2.163546328899576474e+04
1.461000000000000000e+03 2.165819403527675240e+04
1.462000000000000000e+03 2.168458548740495462e+04
1.463000000000000000e+03 2.167783172107038627e+04
1.464000000000000000e+03 2.170394013184976575e+04
1.465000000000000000e+03 2.173447431490551389e+04
1.466000000000000000e+03 2.167878979250823977e+04
1.467000000000000000e+03 2.172747566191221995e+04
1.468000000000000000e+03 2.176595970524551740e+04
1.469000000000000000e+03 2.182487404186730055e+04
1.470000000000000000e+03 2.180896559444186641e+04
1.471000000000000000e+03 2.182670897285860701e+04
1.472000000000000000e+03 2.186732335654391500e+04
1.473000000000000000e+03 2.193689983845228926e+04
1.474000000000000000e+03 2.192763402169821711e+04
1.475000000000000000e+03 2.193153982562274905e+04
1.476000000000000000e+03 2.197425469931786574e+04
1.477000000000000000e+03 2.201813610982271712e+04
1.478000000000000000e+03 2.204989893016686619e+04
1.479000000000000000e+03 2.206397308501716543e+04
1.480000000000000000e+03 2.204676010549216153e+04
1.481000000000000000e+03 2.203976487757663563e+04
1.482000000000000000e+03 2.205050132377367117e+04
1.483000000000000000e+03 2.207388359936833149e+04
1.484000000000000000e+03 2.217452638688850493e+04
1.485000000000000000e+03 2.221634437104056269e+04
1.486000000000000000e+03 2.226179274545800581e+04
1.487000000000000000e+03 2.230642095222511125e+04
1.488000000000000000e+03 2.233555868332005048e+04
1.489000000000000000e+03 2.235105312420926202e+04
1.490000000000000000e+03 2.233133284370468391e+04
1.491000000000000000e+03 2.234053029844573393e+04
1.492000000000000000e+03 2.238995284983397505e+04
1.493000000000000000e+03 2.240270980685438190e+04
1.494000000000000000e+03 2.242723039203275403e+04
1.495000000000000000e+03 2.240054181040857657e+04
1.496000000000000000e+03 2.242514877934349352e+04
1.497000000000000000e+03 2.244705951431610811e+04
1.498000000000000000e+03 2.247065806941200572e+04
1.499000000000000000e+03 2.246967804332306332e+04
1.500000000000000000e+03 2.248707891906693840e+04
1.501000000000000000e+03 2.253251442410717937e+04
1.502000000000000000e+03 2.258800716262907008e+04
1.503000000000000000e+03 2.257654282168487407e+04
1.504000000000000000e+03 2.262774244778739012e+04
1.505000000000000000e+03 2.262809344204992885e+04
1.506000000000000000e+03 2.263229484800652062e+04
1.507000000000000000e+03 2.268306057468533254e+04
1.508000000000000000e+03 2.269360633246983707e+04
1.509000000000000000e+03 2.267861739720996775e+04
1.510000000000000000e+03 2.268548575180124317e+04
1.511000000000000000e+03 2.272856936377961756e+04
1.512000000000000000e+03 2.272243962243338683e+04
1.513000000000000000e+03 2.277608047148249170e+04
1.514000000000000000e+03 2.276781471834607146e+04
1.515000000000000000e+03 2.275097705649218915e+04
1.516000000000000000e+03 2.276353506067131457e+04
1.517000000000000000e+03 2.279576445019400489e+04
1.518000000000000000e+03 2.281712129343976630e+04
1.519000000000000000e+03 2.283667503433687671e+04
1.520000000000000000e+03 2.282950302076105436e+04
1.521000000000000000e+03 2.289626927889875515e+04
1.522000000000000000e+03 2.287794824930419418e+04
1.523000000000000000e+03 2.286779911309739691e+04
1.524000000000000000e+03 2.284292928272971767e+04
1.525000000000000000e+03 2.284225328454559349e+04
1.526000000000000000e+03 2.285744240562924097e+04
1.527000000000000000e+03 2.288895874565455597e+04
1.528000000000000000e+03 2.292967457582222778e+04
1.529000000000000000e+03 2.290927566770393605e+04
1.530000000000000000e+03 2.299113228283894205e+04
1.531000000000000000e+03 2.301327289091739658e+04
1.532000000000000000e+03 2.301343059656878904e+04
1.533000000000000000e+03 2.306450015803124188e+04
1.534000000000000000e+03 2.316002288084286920e+04
1.535000000000000000e+03 2.323539125284933471e+04
1.536000000000000000e+03 2.329924406251205801e+04
1.537000000000000000e+03 2.333548557652632371e+04
1.538000000000000000e+03 2.336328175459222985e+04
1.539000000000000000e+03 2.336281601456958379e+04
1.540000000000000000e+03 2.336727253274193572e+04
1.541000000000000000e+03 2.339058307340849933e+04
1.542000000000000000e+03 2.342533449115772237e+04
1.543000000000000000e+03 2.348523577216530612e+04
1.544000000000000000e+03 2.349359049406822305e+04
1.545000000000000000e+03 2.354413428041452789e+04
1.546000000000000000e+03 2.356476355057417095e+04
1.547000000000000000e+03 2.364820078267127610e+04
1.548000000000000000e+03 2.367861701667789384e+04
1.549000000000000000e+03 2.369895317033835454e+04
1.550000000000000000e+03 2.373990189007405206e+04
1.551000000000000000e+03 2.369316204484332411e+04
1.552000000000000000e+03 2.368774387860721617e+04
1.553000000000000000e+03 2.369603968095039090e+04
1.554000000000000000e+03 2.369221842115469190e+04
1.555000000000000000e+03 2.364499094470056662e+04
1.556000000000000000e+03 2.365626245621664202e+04
1.557000000000000000e+03 2.363658017656841184e+04
1.558000000000000000e+03 2.366008274901700497e+04
1.559000000000000000e+03 2.368037022965575670e+04
1.560000000000000000e+03 2.370213913849253004e+04
1.561000000000000000e+03 2.365618512146928697e+04
1.562000000000000000e+03 2.373567083020242717e+04
1.563000000000000000e+03 2.375997476720048508e+04
1.564000000000000000e+03 2.372272672175079788e+04
1.565000000000000000e+03 2.368323553458664173e+04
1.566000000000000000e+03 2.366647235750454638e+04
1.567000000000000000e+03 2.370636939947013525e+04
1.568000000000000000e+03 2.371189879659393409e+04
1.569000000000000000e+03 2.375087083242459994e+04
1.570000000000000000e+03 2.372901197133780079e+04
1.571000000000000000e+03 2.370723195569644668e+04
1.572000000000000000e+03 2.370711450389303354e+04
1.573000000000000000e+03 2.374090401317905344e+04
1.574000000000000000e+03 2.375790280231707220e+04
1.575000000000000000e+03 2.380821199697723569e+04
1.576000000000000000e+03 2.385910546553369932e+04
1.577000000000000000e+03 2.391977565840293028e+04
1.578000000000000000e+03 2.394379953480941185e+04
1.579000000000000000e+03 2.400877022614963425e+04
1.580000000000000000e+03 2.407438198868678955e+04
1.581000000000000000e+03 2.407028354724995006e+04
1.582000000000000000e+03 2.408902710779468907e+04
1.583000000000000000e+03 2.416618434860222987e+04
1.584000000000000000e+03 2.419896351175053132e+04
1.585000000000000000e+03 2.422141005112693892e+04
1.586000000000000000e+03 2.426381343459705022e+04
1.587000000000000000e+03 2.424163641737550279e+04
1.588000000000000000e+03 2.433923947783140829e+04
1.589000000000000000e+03 2.438069233071395865e+04
1.590000000000000000e+03 2.437682686939787163e+04
1.591000000000000000e+03 2.441475179361280971e+04
1.592000000000000000e+03 2.436325813644026857e+04
1.593000000000000000e+03 2.436332438780758093e+04
1.594000000000000000e+03 2.442469538528145131e+04
1.595000000000000000e+03 2.446257376268279768e+04
1.596000000000000000e+03 2.445380482217955068e+04
1.597000000000000000e+03 2.448349361195739039e+04
1.598000000000000000e+03 2.450002083346123982e+04
1.599000000000000000e+03 2.452269593667306981e+04
1.600000000000000000e+03 2.451349870499068857e+04
1.601000000000000000e+03 2.454511226625350901e+04
1.602000000000000000e+03 2.458026082717192912e+04
1.603000000000000000e+03 2.454167707979399711e+04
1.604000000000000000e+03 2.457057695172254898e+04
1.605000000000000000e+03 2.454274137820975739e+04
1.606000000000000000e+03 2.454075977912715098e+04
1.607000000000000000e+03 2.456503694606186764e+04
1.608000000000000000e+03 2.458444448000314878e+04
1.609000000000000000e+03 2.464943712620914084e+04
1.610000000000000000e+03 2.471821702545060543e+04
1.611000000000000000e+03 2.472225460090859633e+04
1.612000000000000000e+03 2.475672135093669567e+04
1.613000000000000000e+03 2.469277131792703221e+04
1.614000000000000000e+03 2.470427205738945850e+04
1.615000000000000000e+03 2.474248447794148888e+04
1.616000000000000000e+03 2.475232782362380385e+04
1.617000000000000000e+03 2.484198829746394040e+04
1.618000000000000000e+03 2.485498347988855312e+04
1.619000000000000000e+03 2.492192234026779261e+04
1.620000000000000000e+03 2.496717296402229113e+04
1.621000000000000000e+03 2.500569105812213093e+04
1.622000000000000000e+03 2.504029560684652097e+04
1.623000000000000000e+03 2.508562231920389968e+04
1.624000000000000000e+03 2.506425829583230734e+04
1.625000000000000000e+03 2.505830839713101886e+04
1.626000000000000000e+03 2.510838000864546484e+04
1.627000000000000000e+03 2.509757312921033008e+04
1.628000000000000000e+03 2.513315146351562362e+04
1.629000000000000000e+03 2.510800098596859243e+04
1.630000000000000000e+03 2.513609812056925875e+04
1.631000000000000000e+03 2.512618633656070233e+04
1.632000000000000000e+03 2.518380529544673118e+04
1.633000000000000000e+03 2.517814464648393914e+04
1.634000000000000000e+03 2.513684451925761823e+04
1.635000000000000000e+03 2.514241140638619618e+04
1.636000000000000000e+03 2.517836665916174752e+04
1.637000000000000000e+03 2.515495642107549065e+04
1.638000000000000000e+03 2.523202220419128207e+04
1.639000000000000000e+03 2.522536400880454312e+04
1.640000000000000000e+03 2.523534341772194239e+04
1.641000000000000000e+03 2.524160509492643905e+04
1.642000000000000000e+03 2.523972069548378931e+04
1.643000000000000000e+03 2.528341695904155131e+04
1.644000000000000000e+03 2.532772943323724030e+04
1.645000000000000000e+03 2.532952898500657102e+04
1.646000000000000000e+03 2.534691895388219928e+04
1.647000000000000000e+03 2.530499305741745047e+04
1.648000000000000000e+03 2.537174570805857002e+04
1.649000000000000000e+03 2.538848953886626259e+04
1.650000000000000000e+03 2.550402834937792068e+04
1.651000000000000000e+03 2.551213122805624516e+04
1.652000000000000000e+03 2.553733089126281629e+04
1.653000000000000000e+03 2.559891170567676090e+04
1.654000000000000000e+03 2.559270175915942309e+04
1.655000000000000000e+03 2.556006425105560629e+04
1.656000000000000000e+03 2.560777235836724140e+04
1.657000000000000000e+03 2.556733791059519353e+04
1.658000000000000000e+03 2.558254986005187675e+04
1.659000000000000000e+03 2.557677815388353338e+04
1.660000000000000000e+03 2.555732245814089401e+04
1.661000000000000000e+03 2.552310855641146554e+04
1.662000000000000000e+03 2.556911810656157468e+04
1.663000000000000000e+03 2.565227172002522639e+04
1.664000000000000000e+03 2.572809023761722710e+04
1.665000000000000000e+03 2.577126867028356355e+04
1.666000000000000000e+03 2.578718971228005830e+04
1.667000000000000000e+03 2.578982121544391703e+04
1.668000000000000000e+03 2.574441223423484553e+04
1.669000000000000000e+03 2.570414433724197443e+04
1.670000000000000000e+03 2.572422172999598843e+04
1.671000000000000000e+03 2.572478197481760799e+04
1.672000000000000000e+03 2.572117511791738798e+04
1.673000000000000000e+03 2.568144251836979311e+04
1.674000000000000000e+03 2.570347854300276231e+04
1.675000000000000000e+03 2.571561674210687488e+04
1.676000000000000000e+03 2.574112029200417601e+04
1.677000000000000000e+03 2.578586351259153889e+04
1.678000000000000000e+03 2.578932151230527234e+04
1.679000000000000000e+03 2.581241333878933801e+04
1.680000000000000000e+03 2.583659746607004126e+04
1.681000000000000000e+03 2.581862693116625451e+04
1.682000000000000000e+03 2.577649374835328854e+04
1.683000000000000000e+03 2.582381747624670606e+04
1.684000000000000000e+03 2.588375006308702359e+04
1.685000000000000000e+03 2.590613590178346931e+04
1.686000000000000000e+03 2.593689195731222935e+04
1.687000000000000000e+03 2.599987901015916941e+04
1.688000000000000000e+03 2.600846533068880672e+04
1.689000000000000000e+03 2.605534630456967716e+04
1.690000000000000000e+03 2.605717480014161265e+04
1.691000000000000000e+03 2.610180271206856924e+04
1.692000000000000000e+03 2.607763119174239546e+04
1.693000000000000000e+03 2.602925578073084034e+04
1.694000000000000000e+03 2.604491141752332987e+04
1.695000000000000000e+03 2.600290422673600915e+04
1.696000000000000000e+03 2.609213549462849915e+04
1.697000000000000000e+03 2.608380167688957590e+04
1.698000000000000000e+03 2.611322046502442390e+04
1.699000000000000000e+03 2.608495089253156038e+04
1.700000000000000000e+03 2.612370963986026254e+04
1.701000000000000000e+03 2.618092232810911446e+04
1.702000000000000000e+03 2.618733426840911488e+04
1.703000000000000000e+03 2.622517044798623101e+04
1.704000000000000000e+03 2.623869186229860497e+04
1.705000000000000000e+03 2.630590856671040092e+04
1.706000000000000000e+03 2.634748932892289304e+04
1.707000000000000000e+03 2.632486418726476768e+04
1.708000000000000000e+03 2.631764195248578108e+04
1.709000000000000000e+03 2.633655424575654979e+04
1.710000000000000000e+03 2.638334271294866630e+04
1.711000000000000000e+03 2.636039079790443793e+04
1.712000000000000000e+03 2.634574804639502690e+04
1.713000000000000000e+03 2.632073327425634852e+04
1.714000000000000000e+03 2.632711056378688590e+04
1.715000000000000000e+03 2.634752805930294562e+04
1.716000000000000000e+03 2.637190059019381442e+04
1.717000000000000000e+03 2.636610802442209024e+04
1.718000000000000000e+03 2.640142852259519350e+04
1.719000000000000000e+03 2.644740378221436549e+04
1.720000000000000000e+03 2.652737171430363378e+04
1.721000000000000000e+03 2.660370960339659359e+04
1.722000000000000000e+03 2.663679831091533561e+04
1.723000000000000000e+03 2.666809529314600513e+04
1.724000000000000000e+03 2.665955794228197919e+04
1.725000000000000000e+03 2.670157216330659139e+04
1.726000000000000000e+03 2.669647201384009531e+04
1.727000000000000000e+03 2.672510825254327574e+04
1.728000000000000000e+03 2.672034083925619780e+04
1.729000000000000000e+03 2.672684819189574046e+04
1.730000000000000000e+03 2.671750403115545487e+04
1.731000000000000000e+03 2.680053062482172390e+04
1.732000000000000000e+03 2.681421904642989102e+04
1.733000000000000000e+03 2.680194549500364155e+04
1.734000000000000000e+03 2.673318743458769313e+04
1.735000000000000000e+03 2.675363670001177888e+04
1.736000000000000000e+03 2.679060519333226330e+04
1.737000000000000000e+03 2.678199953703124629e+04
1.738000000000000000e+03 2.680139757458568056e+04
1.739000000000000000e+03 2.685475454949876803e+04
1.740000000000000000e+03 2.693597700267123946e+04
1.741000000000000000e+03 2.698506277537631104e+04
1.742000000000000000e+03 2.692280463490349939e+04
1.743000000000000000e+03 2.695780604875197605e+04
1.744000000000000000e+03 2.699733231473149135e+04
1.745000000000000000e+03 2.702788724962243941e+04
1.746000000000000000e+03 2.700623050271309330e+04
1.747000000000000000e+03 2.699625614279289584e+04
1.748000000000000000e+03 2.700335450063946337e+04
1.749000000000000000e+03 2.700014310201511398e+04
1.750000000000000000e+03 2.697599035495688440e+04
1.751000000000000000e+03 2.699304108354725395e+04
1.752000000000000000e+03 2.707084305183656761e+04
1.753000000000000000e+03 2.711992170958683710e+04
1.754000000000000000e+03 2.709400455992691786e+04
1.755000000000000000e+03 2.706166482570312655e+04
1.756000000000000000e+03 2.713942112668413392e+04
1.757000000000000000e+03 2.713446317468295456e+04
1.758000000000000000e+03 2.719080988063436962e+04
1.759000000000000000e+03 2.720697205286345343e+04
1.760000000000000000e+03 2.720752503525910288e+04
1.761000000000000000e+03 2.717311929330247585e+04
1.762000000000000000e+03 2.717094919448356450e+04
1.763000000000000000e+03 2.719183673172197450e+04
1.764000000000000000e+03 2.722845101749775495e+04
1.765000000000000000e+03 2.718212704973574728e+04
1.766000000000000000e+03 2.720664406293955835e+04
1.767000000000000000e+03 2.725617992052877526e+04
1.768000000000000000e+03 2.725707877065720822e+04
1.769000000000000000e+03 2.725457245173112096e+04
1.770000000000000000e+03 2.718638893369069774e+04
1.771000000000000000e+03 2.717203146221361021e+04
1.772000000000000000e+03 2.715297280758908164e+04
1.773000000000000000e+03 2.718488791940186638e+04
1.774000000000000000e+03 2.716542866506650535e+04
1.775000000000000000e+03 2.719822805152936053e+04
1.776000000000000000e+03 2.721801059341559449e+04
1.777000000000000000e+03 2.725119381568448443e+04
1.778000000000000000e+03 2.724240293040895995e+04
1.779000000000000000e+03 2.732923343005331117e+04
1.780000000000000000e+03 2.732833641863518642e+04
1.781000000000000000e+03 2.730515041518693033e+04
1.782000000000000000e+03 2.732357387552933869e+04
1.783000000000000000e+03 2.732549713324748882e+04
1.784000000000000000e+03 2.734537559859995963e+04
1.785000000000000000e+03 2.738735114132290619e+04
1.786000000000000000e+03 2.740402620527928593e+04
1.787000000000000000e+03 2.737720779784446495e+04
1.788000000000000000e+03 2.733828038896857470e+04
1.789000000000000000e+03 2.731224158960767454e+04
1.790000000000000000e+03 2.732183601772223847e+04
1.791000000000000000e+03 2.734179706438146604e+04
1.792000000000000000e+03 2.733182732022419077e+04
1.793000000000000000e+03 2.739305759895538722e+04
1.794000000000000000e+03 2.743680443333841322e+04
1.795000000000000000e+03 2.744180092790838535e+04
1.796000000000000000e+03 2.748089824246304488e+04
1.797000000000000000e+03 2.755947980974426901e+04
1.798000000000000000e+03 2.756257644671813250e+04
1.799000000000000000e+03 2.756498904814392154e+04
1.800000000000000000e+03 2.755604966265753683e+04
1.801000000000000000e+03 2.755891270226322740e+04
1.802000000000000000e+03 2.758729933683952186e+04
1.803000000000000000e+03 2.754753712930213442e+04
1.804000000000000000e+03 2.759538066768377757e+04
1.805000000000000000e+03 2.761678246333837888e+04
1.806000000000000000e+03 2.761844582858492868e+04
1.807000000000000000e+03 2.765590136268484639e+04
1.808000000000000000e+03 2.765538543224386740e+04
1.809000000000000000e+03 2.767746229636921271e+04
1.810000000000000000e+03 2.775620842920180075e+04
1.811000000000000000e+03 2.777920554751995951e+04
1.812000000000000000e+03 2.783471318302440341e+04
1.813000000000000000e+03 2.781378432905329100e+04
1.814000000000000000e+03 2.788972363931756627e+04
1.815000000000000000e+03 2.795005242297144287e+04
1.816000000000000000e+03 2.801001335025361550e+04
1.817000000000000000e+03 2.808797470053317375e+04
1.818000000000000000e+03 2.805200911757397625e+04
1.819000000000000000e+03 2.806364462939008081e+04
1.820000000000000000e+03 2.815402901077639035e+04
1.821000000000000000e+03 2.818704305632042815e+04
1.822000000000000000e+03 2.822703964942076345e+04
1.823000000000000000e+03 2.824880564852539464e+04
1.824000000000000000e+03 2.824639182431918016e+04
1.825000000000000000e+03 2.826006596082108445e+04
1.826000000000000000e+03 2.826955372060163427e+04
1.827000000000000000e+03 2.829567696036971029e+04
1.828000000000000000e+03 2.831023927244489823e+04
1.829000000000000000e+03 2.833072245960005966e+04
1.830000000000000000e+03 2.841491670733379578e+04
1.831000000000000000e+03 2.845005646782754411e+04
1.832000000000000000e+03 2.848948092179178639e+04
1.833000000000000000e+03 2.846243131389995688e+04
1.834000000000000000e+03 2.843539945150801941e+04
1.835000000000000000e+03 2.837788794608579337e+04
1.836000000000000000e+03 2.842154067591131025e+04
1.837000000000000000e+03 2.848078673322619215e+04
1.838000000000000000e+03 2.853496633314073188e+04
1.839000000000000000e+03 2.851429739397483354e+04
1.840000000000000000e+03 2.851530719595935079e+04
1.841000000000000000e+03 2.858338375668387016e+04
1.842000000000000000e+03 2.859097799135365494e+04
1.843000000000000000e+03 2.857676599727905341e+04
1.844000000000000000e+03 2.861246010561763251e+04
1.845000000000000000e+03 2.866140881502105185e+04
1.846000000000000000e+03 2.870313098532596268e+04
1.847000000000000000e+03 2.867757368909120123e+04
1.848000000000000000e+03 2.875092634523213565e+04
1.849000000000000000e+03 2.873705723519781532e+04
1.850000000000000000e+03 2.876628827043342972e+04
1.851000000000000000e+03 2.870562467240354454e+04
1.852000000000000000e+03 2.870125843911418269e+04
1.853000000000000000e+03 2.864639029679862870e+04
1.854000000000000000e+03 2.868373131044135152e+04
1.855000000000000000e+03 2.870654012658591091e+04
1.856000000000000000e+03 2.868161418696145847e+04
1.857000000000000000e+03 2.873940886242008855e+04
1.858000000000000000e+03 2.879319851874832966e+04
1.859000000000000000e+03 2.879226363707344353e+04
1.860000000000000000e+03 2.881247648681892679e+04
1.861000000000000000e+03 2.887411423593865038e+04
1.862000000000000000e+03 2.891928097081928718e+04
1.863000000000000000e+03 2.895119781975288788e+04
1.864000000000000000e+03 2.890791910176840975e+04
1.865000000000000000e+03 2.886962843796794914e+04
1.866000000000000000e+03 2.894085191475537431e+04
1.867000000000000000e+03 2.893019811720662619e+04
1.868000000000000000e+03 2.896875207081840199e+04
1.869000000000000000e+03 2.901760210674076734e+04
1.870000000000000000e+03 2.905414118753268122e+04
1.871000000000000000e+03 2.908600263896972319e+04
1.872000000000000000e+03 2.908218268604831610e+04
1.873000000000000000e+03 2.908974011281305138e+04
1.874000000000000000e+03 2.907830327057638351e+04
1.875000000000000000e+03 2.908238834913482424e+04
1.876000000000000000e+03 2.909054803718608673e+04
1.877000000000000000e+03 2.908259076220261704e+04
1.878000000000000000e+03 2.914497739293249106e+04
1.879000000000000000e+03 2.912747263817048588e+04
1.880000000000000000e+03 2.917956993141720886e+04
1.881000000000000000e+03 2.919145144545860603e+04
1.882000000000000000e+03 2.918704319710698837e+04
1.883000000000000000e+03 2.920985298512107329e+04
1.884000000000000000e+03 2.921874892629140959e+04
1.885000000000000000e+03 2.926932966509555990e+04
1.886000000000000000e+03 2.926379448530311856e+04
1.887000000000000000e+03 2.926132501459164268e+04
1.888000000000000000e+03 2.918291462524694725e+04
1.889000000000000000e+03 2.918619979222135953e+04
1.890000000000000000e+03 2.925534137334168190e+04
1.891000000000000000e+03 2.921867143573339126e+04
1.892000000000000000e+03 2.928537648635896039e+04
1.893000000000000000e+03 2.930497496957060503e+04
1.894000000000000000e+03 2.934722250062870808e+04
1.895000000000000000e+03 2.939438309554704756e+04
1.896000000000000000e+03 2.937393155159301023e+04
1.897000000000000000e+03 2.933626322205981705e+04
1.898000000000000000e+03 2.933770183771246593e+04
1.899000000000000000e+03 2.935752666791951924e+04
1.900000000000000000e+03 2.936387780383749850e+04
1.901000000000000000e+03 2.937925289067627091e+04
1.902000000000000000e+03 2.932431050636594591e+04
1.903000000000000000e+03 2.933690417341047214e+04
1.904000000000000000e+03 2.937405902828618127e+04
1.905000000000000000e+03 2.937024464393722519e+04
1.906000000000000000e+03 2.932657060354870191e+04
1.907000000000000000e+03 2.935094148805599252e+04
1.908000000000000000e+03 2.938763659031706266e+04
1.909000000000000000e+03 2.937666698627861115e+04
1.910000000000000000e+03 2.942078645599891024e+04
1.911000000000000000e+03 2.944150928593889694e+04
1.912000000000000000e+03 2.950878310216887621e+04
1.913000000000000000e+03 2.955734969378164897e+04
1.914000000000000000e+03 2.957954974973581920e+04
1.915000000000000000e+03 2.955483315564636359e+04
1.916000000000000000e+03 2.956932110910549818e+04
1.917000000000000000e+03 2.961454475651167741e+04
1.918000000000000000e+03 2.965468941979803276e+04
1.919000000000000000e+03 2.966742080741931932e+04
1.920000000000000000e+03 2.968883042067784118e+04
1.921000000000000000e+03 2.970074074423099592e+04
1.922000000000000000e+03 2.974787493031923441e+04
1.923000000000000000e+03 2.977020219131535487e+04
1.924000000000000000e+03 2.981309514188423418e+04
1.925000000000000000e+03 2.986618863345774662e+04
1.926000000000000000e+03 2.984515313850593520e+04
1.927000000000000000e+03 2.990103569415421953e+04
1.928000000000000000e+03 2.992978073957112429e+04
1.929000000000000000e+03 2.998075894365515342e+04
1.930000000000000000e+03 3.007604825520949817e+04
1.931000000000000000e+03 3.007623196658649249e+04
1.932000000000000000e+03 3.015050334578958064e+04
1.933000000000000000e+03 3.017231709585888893e+04
1.934000000000000000e+03 3.020318960433382017e+04
1.935000000000000000e+03 3.020312234391547099e+04
1.936000000000000000e+03 3.023193073883334364e+04
1.937000000000000000e+03 3.023439202572421709e+04
1.938000000000000000e+03 3.026855229354344556e+04
1.939000000000000000e+03 3.029501040653053133e+04
1.940000000000000000e+03 3.032876072348319576e+04
1.941000000000000000e+03 3.033988917213097011e+04
1.942000000000000000e+03 3.036620099791116809e+04
1.943000000000000000e+03 3.042336807114005205e+04
1.944000000000000000e+03 3.042135890146750535e+04
1.945000000000000000e+03 3.039491697362822015e+04
1.946000000000000000e+03 3.041386732558604854e+04
1.947000000000000000e+03 3.046865095162270154e+04
1.948000000000000000e+03 3.046183526341359538e+04
1.949000000000000000e+03 3.045623187343812970e+04
1.950000000000000000e+03 3.048521495282410251e+04
1.951000000000000000e+03 3.053620043468653603e+04
1.952000000000000000e+03 3.055191624198532372e+04
1.953000000000000000e+03 3.058271078867062533e+04
1.954000000000000000e+03 3.056047998562303474e+04
1.955000000000000000e+03 3.064035406988314935e+04
1.956000000000000000e+03 3.068460946344446711e+04
1.957000000000000000e+03 3.064508402914547332e+04
1.958000000000000000e+03 3.064058651432321858e+04
1.959000000000000000e+03 3.067623681801182829e+04
1.960000000000000000e+03 3.064370150869935969e+04
1.961000000000000000e+03 3.063867557833433602e+04
1.962000000000000000e+03 3.059211452364626894e+04
1.963000000000000000e+03 3.062678195254649836e+04
1.964000000000000000e+03 3.062650250937004967e+04
1.965000000000000000e+03 3.066369984259283956e+04
1.966000000000000000e+03 3.062348056097933659e+04
1.967000000000000000e+03 3.061887893676171007e+04
1.968000000000000000e+03 3.069298793809176277e+04
1.969000000000000000e+03 3.079803983022305692e+04
1.970000000000000000e+03 3.084333331168831864e+04
1.971000000000000000e+03 3.085732807684428190e+04
1.972000000000000000e+03 3.083791222831546474e+04
1.973000000000000000e+03 3.086263354597362195e+04
1.974000000000000000e+03 3.089239840077326517e+04
1.975000000000000000e+03 3.092561420769916367e+04
1.976000000000000000e+03 3.090045963597296577e+04
1.977000000000000000e+03 3.093911429099586167e+04
1.978000000000000000e+03 3.097511667191227752e+04
1.979000000000000000e+03 3.101512852175990702e+04
1.980000000000000000e+03 3.109825067861739444e+04
1.981000000000000000e+03 3.115957403929274005e+04
1.982000000000000000e+03 3.117618613324104808e+04
1.983000000000000000e+03 3.115964983429676067e+04
1.984000000000000000e+03 3.123661187678319402e+04
1.985000000000000000e+03 3.126244054662901544e+04
1.986000000000000000e+03 3.129493628933806758e+04
1.987000000000000000e+03 3.133733524144581315e+04
1.988000000000000000e+03 3.136578560606250176e+04
1.989000000000000000e+03 3.139669041126306911e+04
1.990000000000000000e+03 3.146553118659511165e+04
1.991000000000000000e+03 3.147398097820797193e+04
1.992000000000000000e+03 3.143355135439604419e+04
1.993000000000000000e+03 3.145076060080239040e+04
1.994000000000000000e+03 3.143975937751290257e+04
1.995000000000000000e+03 3.140311454008672081e+04
1.996000000000000000e+03 3.146597439545605448e+04
1.997000000000000000e+03 3.147639701695895928e+04
1.998000000000000000e+03 3.144331169501644399e+04
1.999000000000000000e+03 3.140604324662570798e+04
2.000000000000000000e+03 3.146165319033470223e+04
2.001000000000000000e+03 3.148434862492108368e+04
2.002000000000000000e+03 3.146871162099327557e+04
2.003000000000000000e+03 3.148985173934575141e+04
2.004000000000000000e+03 3.151679402750194276e+04
2.005000000000000000e+03 3.150948326637659193e+04
2.006000000000000000e+03 3.151279857227404500e+04
2.007000000000000000e+03 3.146920885292682578e+04
2.008000000000000000e+03 3.141683716703177925e+04
2.009000000000000000e+03 3.135417282645635350e+04
2.010000000000000000e+03 3.136872415957456906e+04
2.011000000000000000e+03 3.136834017973024675e+04
2.012000000000000000e+03 3.145332524284806641e+04
2.013000000000000000e+03 3.144813277528669278e+04
2.014000000000000000e+03 3.143233559985196553e+04
2.015000000000000000e+03 3.144757556188887611e+04
2.016000000000000000e+03 3.143278320956820971e+04
2.017000000000000000e+03 3.145698201665353554e+04
2.018000000000000000e+03 3.142320110269351790e+04
2.019000000000000000e+03 3.152558627345631248e+04
2.020000000000000000e+03 3.153762712748613194e+04
2.021000000000000000e+03 3.154586437831531657e+04
2.022000000000000000e+03 3.158542006431093614e+04
2.023000000000000000e+03 3.162458252975948199e+04
2.024000000000000000e+03 3.163626537825267587e+04
2.025000000000000000e+03 3.162562375249066463e+04
2.026000000000000000e+03 3.162517608999901495e+04
2.027000000000000000e+03 3.161072158745349225e+04
2.028000000000000000e+03 3.165918853212803879e+04
2.029000000000000000e+03 3.173654169098296188e+04
2.030000000000000000e+03 3.177715280279218860e+04
2.031000000000000000e+03 3.185078426060016864e+04
2.032000000000000000e+03 3.189268889068486897e+04
2.033000000000000000e+03 3.187594114103285028e+04
2.034000000000000000e+03 3.188053919710432456e+04
2.035000000000000000e+03 3.190117150942414446e+04
2.036000000000000000e+03 3.196177754627427930e+04
2.037000000000000000e+03 3.190780344655874069e+04
2.038000000000000000e+03 3.194154387954407139e+04
2.039000000000000000e+03 3.195504506790998130e+04
2.040000000000000000e+03 3.197300265293560005e+04
2.041000000000000000e+03 3.199487475469805213e+04
2.042000000000000000e+03 3.205607396656211131e+04
2.043000000000000000e+03 3.207735124612160507e+04
2.044000000000000000e+03 3.211971394206185505e+04
2.045000000000000000e+03 3.215983500790943071e+04
2.046000000000000000e+03 3.220181933086504796e+04
2.047000000000000000e+03 3.219789326282883485e+04
2.048000000000000000e+03 3.224282086024198361e+04
2.049000000000000000e+03 3.220691774690918828e+04
2.050000000000000000e+03 3.219744356765657722e+04
2.051000000000000000e+03 3.232428657739197297e+04
2.052000000000000000e+03 3.236393335399708303e+04
2.053000000000000000e+03 3.234365754782795193e+04
2.054000000000000000e+03 3.228762538515391498e+04
2.055000000000000000e+03 3.228174254634532917e+04
2.056000000000000000e+03 3.233712590899182760e+04
2.057000000000000000e+03 3.233317993495089104e+04
2.058000000000000000e+03 3.235128731547890129e+04
2.059000000000000000e+03 3.237753144697879179e+04
2.060000000000000000e+03 3.241852897414791732e+04
2.061000000000000000e+03 3.242307099857818321e+04
2.062000000000000000e+03 3.244314849004973075e+04
2.063000000000000000e+03 3.240176456670368498e+04
2.064000000000000000e+03 3.241144799203907314e+04
2.065000000000000000e+03 3.242340673378056090e+04
2.066000000000000000e+03 3.244651073792083116e+04
2.067000000000000000e+03 3.246494840702726651e+04
2.068000000000000000e+03 3.249454872188734225e+04
2.069000000000000000e+03 3.245126424599574602e+04
2.070000000000000000e+03 3.250028457136293946e+04
2.071000000000000000e+03 3.249469803669169778e+04
2.072000000000000000e+03 3.251036888444182841e+04
2.073000000000000000e+03 3.253406090438909087e+04
2.074000000000000000e+03 3.263602253222695799e+04
2.075000000000000000e+03 3.272199543454021114e+04
2.076000000000000000e+03 3.272631672337640703e+04
2.077000000000000000e+03 3.271408558332118264e+04
2.078000000000000000e+03 3.278743257518533937e+04
2.079000000000000000e+03 3.283424567079918052e+04
2.080000000000000000e+03 3.290557805720868055e+04
2.081000000000000000e+03 3.295099609350808896e+04
2.082000000000000000e+03 3.294671883673749107e+04
2.083000000000000000e+03 3.295990075360198534e+04
2.084000000000000000e+03 3.295045884730342368e+04
2.085000000000000000e+03 3.304436326661025669e+04
2.086000000000000000e+03 3.311293889512908936e+04
2.087000000000000000e+03 3.314189456085723214e+04
2.088000000000000000e+03 3.316836192317427776e+04
2.089000000000000000e+03 3.320109946185898298e+04
2.090000000000000000e+03 3.325444139480598096e+04
2.091000000000000000e+03 3.326173077480758366e+04
2.092000000000000000e+03 3.326703123917497578e+04
2.093000000000000000e+03 3.331519970912278222e+04
2.094000000000000000e+03 3.335814049631681701e+04
2.095000000000000000e+03 3.341689148589396063e+04
2.096000000000000000e+03 3.349379863845516957e+04
2.097000000000000000e+03 3.351205144924172782e+04
2.098000000000000000e+03 3.352213194727033988e+04
2.099000000000000000e+03 3.351966165894520236e+04
2.100000000000000000e+03 3.354955801024498942e+04
2.101000000000000000e+03 3.358919701425907988e+04
2.102000000000000000e+03 3.358601008023710892e+04
2.103000000000000000e+03 3.360536377395332966e+04
2.104000000000000000e+03 3.362004347159548342e+04
2.105000000000000000e+03 3.361551663660338090e+04
2.106000000000000000e+03 3.359123614216042188e+04
2.107000000000000000e+03 3.366467693849341595e+04
2.108000000000000000e+03 3.369092519602406537e+04
2.109000000000000000e+03 3.366986090511823568e+04
2.110000000000000000e+03 3.369625419069585769e+04
2.111000000000000000e+03 3.363995644176720089e+04
2.112000000000000000e+03 3.368912265567969007e+04
2.113000000000000000e+03 3.371064706453304098e+04
2.114000000000000000e+03 3.378672110150819208e+04
2.115000000000000000e+03 3.382293916871392867e+04
2.116000000000000000e+03 3.387461112618132029e+04
2.117000000000000000e+03 3.390959740792156663e+04
2.118000000000000000e+03 3.399831964913522097e+04
2.119000000000000000e+03 3.408864435619978030e+04
2.120000000000000000e+03 3.415996589195197885e+04
2.121000000000000000e+03 3.410851466828542470e+04
2.122000000000000000e+03 3.417983622839108284e+04
2.123000000000000000e+03 3.418981467494259414e+04
2.124000000000000000e+03 3.423650576336646191e+04
2.125000000000000000e+03 3.428293573002947960e+04
2.126000000000000000e+03 3.431641211391951219e+04
2.127000000000000000e+03 3.430249717009805318e+04
2.128000000000000000e+03 3.422290120662836125e+04
2.129000000000000000e+03 3.422107022763745044e+04
2.130000000000000000e+03 3.428198957775978488e+04
2.131000000000000000e+03 3.431836175742453634e+04
2.132000000000000000e+03 3.435842834855930414e+04
2.133000000000000000e+03 3.437805102804939816e+04
2.134000000000000000e+03 3.438703828781934135e+04
2.135000000000000000e+03 3.440920421365648508e+04
2.136000000000000000e+03 3.443763339368631569e+04
2.137000000000000000e+03 3.448262154882761388e+04
2.138000000000000000e+03 3.452446664607714774e+04
2.139000000000000000e+03 3.454535904188705899e+04
2.140000000000000000e+03 3.456375479981401440e+04
2.141000000000000000e+03 3.459385218402582541e+04
2.142000000000000000e+03 3.458425853994966747e+04
2.143000000000000000e+03 3.465795606837113155e+04
2.144000000000000000e+03 3.466156197109106142e+04
2.145000000000000000e+03 3.469853909556256258e+04
2.146000000000000000e+03 3.467055946765021508e+04
2.147000000000000000e+03 3.471542545717603934e+04
2.148000000000000000e+03 3.470138724345363153e+04
2.149000000000000000e+03 3.470471593773529457e+04
2.150000000000000000e+03 3.468485223273045267e+04
2.151000000000000000e+03 3.467314181625250058e+04
2.152000000000000000e+03 3.469273562611762463e+04
2.153000000000000000e+03 3.471130276020793099e+04
2.154000000000000000e+03 3.479305400513449422e+04
2.155000000000000000e+03 3.477836885492877627e+04
2.156000000000000000e+03 3.483360242814722005e+04
2.157000000000000000e+03 3.482536664439400192e+04
2.158000000000000000e+03 3.482141165668521717e+04
2.159000000000000000e+03 3.480128196111167199e+04
2.160000000000000000e+03 3.479334206725452532e+04
2.161000000000000000e+03 3.482885906709465053e+04
2.162000000000000000e+03 3.476734365137752320e+04
2.163000000000000000e+03 3.473081796157956705e+04
2.164000000000000000e+03 3.481969643968705350e+04
2.165000000000000000e+03 3.485886177965823299e+04
2.166000000000000000e+03 3.487219712038584112e+04
2.167000000000000000e+03 3.490325818146659003e+04
2.168000000000000000e+03 3.494348665866005467e+04
2.169000000000000000e+03 3.503151887141886255e+04
2.170000000000000000e+03 3.498307468569777120e+04
2.171000000000000000e+03 3.500100785054831795e+04
2.172000000000000000e+03 3.507545479919327772e+04
2.173000000000000000e+03 3.514143229249440628e+04
2.174000000000000000e+03 3.518630572297277831e+04
2.175000000000000000e+03 3.515965346090427920e+04
2.176000000000000000e+03 3.516285134101407311e+04
2.177000000000000000e+03 3.510958293523673638e+04
2.178000000000000000e+03 3.516317393732942583e+04
2.179000000000000000e+03 3.514258636591835239e+04
2.180000000000000000e+03 3.515227285983378533e+04
2.181000000000000000e+03 3.510886507626946695e+04
2.182000000000000000e+03 3.516901990969492908e+04
2.183000000000000000e+03 3.523955171759544464e+04
2.184000000000000000e+03 3.523272485563062219e+04
2.185000000000000000e+03 3.536518469739789725e+04
2.186000000000000000e+03 3.539401151882487466e+04
2.187000000000000000e+03 3.537581117542859283e+04
2.188000000000000000e+03 3.538965027104291221e+04
2.189000000000000000e+03 3.536777366285163589e+04
2.190000000000000000e+03 3.532037486511975294e+04
2.191000000000000000e+03 3.536516807824977150e+04
2.192000000000000000e+03 3.543089800393071346e+04
2.193000000000000000e+03 3.545166060520405154e+04
2.194000000000000000e+03 3.553453253007970488e+04
2.195000000000000000e+03 3.555326092096689536e+04
2.196000000000000000e+03 3.561358992710088933e+04
2.197000000000000000e+03 3.566177168014144991e+04
2.198000000000000000e+03 3.575571887868941849e+04
2.199000000000000000e+03 3.571045044739823061e+04
2.200000000000000000e+03 3.573148587232402497e+04
2.201000000000000000e+03 3.576637054331799300e+04
2.202000000000000000e+03 3.583091897632143082e+04
2.203000000000000000e+03 3.582486104277923732e+04
2.204000000000000000e+03 3.581050841915736964e+04
2.205000000000000000e+03 3.585793941947428539e+04
2.206000000000000000e+03 3.592350837495802261e+04
2.207000000000000000e+03 3.590503057449118205e+04
2.208000000000000000e+03 3.589203692408715870e+04
2.209000000000000000e+03 3.585196831978157570e+04
2.210000000000000000e+03 3.580537002591253986e+04
2.211000000000000000e+03 3.575403983566589159e+04
2.212000000000000000e+03 3.576402484193017881e+04
2.213000000000000000e+03 3.577205934557728324e+04
2.214000000000000000e+03 3.582549141337314359e+04
2.215000000000000000e+03 3.588379079918292700e+04
2.216000000000000000e+03 3.591042527613548009e+04
2.217000000000000000e+03 3.595214151702119852e+04
2.218000000000000000e+03 3.595187912542546837e+04
2.219000000000000000e+03 3.589779026676932699e+04
2.220000000000000000e+03 3.593615189425020799e+04
2.221000000000000000e+03 3.595191109023542958e+04
2.222000000000000000e+03 3.600697714425910817e+04
2.223000000000000000e+03 3.599890326328277297e+04
2.224000000000000000e+03 3.605519204357700801e+04
2.225000000000000000e+03 3.609411388784290466e+04
2.226000000000000000e+03 3.613175546325904725e+04
2.227000000000000000e+03 3.612536776243989152e+04
2.228000000000000000e+03 3.616208088879893330e+04
2.229000000000000000e+03 3.617115533072945254e+04
2.230000000000000000e+03 3.616018891569704283e+04
2.231000000000000000e+03 3.621438992208303534e+04
2.232000000000000000e+03 3.619617838782865874e+04
2.233000000000000000e+03 3.623174951873262034e+04
2.234000000000000000e+03 3.624026633155385207e+04
2.235000000000000000e+03 3.630874405577655853e+04
2.236000000000000000e+03 3.638937250318929728e+04
2.237000000000000000e+03 3.640965493687251728e+04
2.238000000000000000e+03 3.644239843066599133e+04
2.239000000000000000e+03 3.646574193595218821e+04
2.240000000000000000e+03 3.651467090896410809e+04
2.241000000000000000e+03 3.653759737035540456e+04
2.242000000000000000e+03 3.656300799454113439e+04
2.243000000000000000e+03 3.655371329296195472e+04
2.244000000000000000e+03 3.654522531213213369e+04
2.245000000000000000e+03 3.653811009899331111e+04
2.246000000000000000e+03 3.653737104377673677e+04
2.247000000000000000e+03 3.650445958438555681e+04
2.248000000000000000e+03 3.657956451397007913e+04
2.249000000000000000e+03 3.663558902369832504e+04
2.250000000000000000e+03 3.663537378274970979e+04
2.251000000000000000e+03 3.662595102797693107e+04
2.252000000000000000e+03 3.664344889871373744e+04
2.253000000000000000e+03 3.660381880095366796e+04
2.254000000000000000e+03 3.663052375190590828e+04
2.255000000000000000e+03 3.662800151309262583e+04
2.256000000000000000e+03 3.662379090255180927e+04
2.257000000000000000e+03 3.663092092804130516e+04
2.258000000000000000e+03 3.669506447445388767e+04
2.259000000000000000e+03 3.669270448576354102e+04
2.260000000000000000e+03 3.672658477831937489e+04
2.261000000000000000e+03 3.672271991484364116e+04
2.262000000000000000e+03 3.666375721593011986e+04
2.263000000000000000e+03 3.669620330856554210e+04
2.264000000000000000e+03 3.675409851196457748e+04
2.265000000000000000e+03 3.680987891048168240e+04
2.266000000000000000e+03 3.682173273839092144e+04
2.267000000000000000e+03 3.683702481077685661e+04
2.268000000000000000e+03 3.683289055420098157e+04
2.269000000000000000e+03 3.679756804220413323e+04
2.270000000000000000e+03 3.678601718874889775e+04
2.271000000000000000e+03 3.682764470511784748e+04
2.272000000000000000e+03 3.689748214809589263e+04
2.273000000000000000e+03 3.688696568116237177e+04
2.274000000000000000e+03 3.700321557722597936e+04
2.275000000000000000e+03 3.698461989773349342e+04
2.276000000000000000e+03 3.698925948251374939e+04
2.277000000000000000e+03 3.698842467159684747e+04
2.278000000000000000e+03 3.702451385061332985e+04
2.279000000000000000e+03 3.707354513969281834e+04
2.280000000000000000e+03 3.710647403459858469e+04
2.281000000000000000e+03 3.708195514166667272e+04
2.282000000000000000e+03 3.707283570901143685e+04
2.283000000000000000e+03 3.709330851778648503e+04
2.284000000000000000e+03 3.710563953050828422e+04
2.285000000000000000e+03 3.715592103618870897e+04
2.286000000000000000e+03 3.726352746063607628e+04
2.287000000000000000e+03 3.731331811496052251e+04
2.288000000000000000e+03 3.725922345737103024e+04
2.289000000000000000e+03 3.724313289770545089e+04
2.290000000000000000e+03 3.727903312991012353e+04
2.291000000000000000e+03 3.728701396075202501e+04
2.292000000000000000e+03 3.727558283058123197e+04
2.293000000000000000e+03 3.732875473621476704e+04
2.294000000000000000e+03 3.732061039666217403e+04
2.295000000000000000e+03 3.733662707659588341e+04
2.296000000000000000e+03 3.743140405077069590e+04
2.297000000000000000e+03 3.740738860352976189e+04
2.298000000000000000e+03 3.741415880384610500e+04
2.299000000000000000e+03 3.738687733793907682e+04
2.300000000000000000e+03 3.737746017307240254e+04
2.301000000000000000e+03 3.742646053868898161e+04
2.302000000000000000e+03 3.750015178488558740e+04
2.303000000000000000e+03 3.757198037320372532e+04
2.304000000000000000e+03 3.764600503669132740e+04
2.305000000000000000e+03 3.767487115854817966e+04
2.306000000000000000e+03 3.769913289895155322e+04
2.307000000000000000e+03 3.768663419232505839e+04
2.308000000000000000e+03 3.774676114993042574e+04
2.309000000000000000e+03 3.767318801478769456e+04
2.310000000000000000e+03 3.766664504806404148e+04
2.311000000000000000e+03 3.778310185926008853e+04
2.312000000000000000e+03 3.781797226808487903e+04
2.313000000000000000e+03 3.774445162444681046e+04
2.314000000000000000e+03 3.781836100047182845e+04
2.315000000000000000e+03 3.783371082307591860e+04
2.316000000000000000e+03 3.784652284521278489e+04
2.317000000000000000e+03 3.789082591951183713e+04
2.318000000000000000e+03 3.797821346831507253e+04
2.319000000000000000e+03 3.807622135373621131e+04
2.320000000000000000e+03 3.815479568187506084e+04
2.321000000000000000e+03 3.820214113878291391e+04
2.322000000000000000e+03 3.822899945039497834e+04
2.323000000000000000e+03 3.824219539029381122e+04
2.324000000000000000e+03 3.834598533341283473e+04
2.325000000000000000e+03 3.834374364480013901e+04
2.326000000000000000e+03 3.832963738764137815e+04
2.327000000000000000e+03 3.836313176727542304e+04
2.328000000000000000e+03 3.842281877155954862e+04
2.329000000000000000e+03 3.849541959313517145e+04
2.330000000000000000e+03 3.852132981367244065e+04
2.331000000000000000e+03 3.852447419490225002e+04
2.332000000000000000e+03 3.857227358105220628e+04
2.333000000000000000e+03 3.858604104162612202e+04
2.334000000000000000e+03 3.852478023701559141e+04
2.335000000000000000e+03 3.854007449951678427e+04
2.336000000000000000e+03 3.858598817827701714e+04
2.337000000000000000e+03 3.853025287229840615e+04
2.338000000000000000e+03 3.852595855442832544e+04
2.339000000000000000e+03 3.847914725306756736e+04
2.340000000000000000e+03 3.853820730169383023e+04
2.341000000000000000e+03 3.858027571640653332e+04
2.342000000000000000e+03 3.861583155477524997e+04
2.343000000000000000e+03 3.861478653735429543e+04
2.344000000000000000e+03 3.861746183368161292e+04
2.345000000000000000e+03 3.862222100712410611e+04
2.346000000000000000e+03 3.861503443944999162e+04
2.347000000000000000e+03 3.859469938947459741e+04
2.348000000000000000e+03 3.868019994056503492e+04
2.349000000000000000e+03 3.873057987782821874e+04
2.350000000000000000e+03 3.875955679684387724e+04
2.351000000000000000e+03 3.884207311866080272e+04
2.352000000000000000e+03 3.876659176706251310e+04
2.353000000000000000e+03 3.869883147814914992e+04
2.354000000000000000e+03 3.868425367517369887e+04
2.355000000000000000e+03 3.872225399452925922e+04
2.356000000000000000e+03 3.873131852724577038e+04
2.357000000000000000e+03 3.875883236927738471e+04
2.358000000000000000e+03 3.879114382892280992e+04
2.359000000000000000e+03 3.878032421041975613e+04
2.360000000000000000e+03 3.879232985474787711e+04
2.361000000000000000e+03 3.875372971006708394e+04
2.362000000000000000e+03 3.866345242027608037e+04
2.363000000000000000e+03 3.869350800925582007e+04
2.364000000000000000e+03 3.872959000269624812e+04
2.365000000000000000e+03 3.875195718001211208e+04
2.366000000000000000e+03 3.878159827873410541e+04
2.367000000000000000e+03 3.871970933576942480e+04
2.368000000000000000e+03 3.877068838233568385e+04
2.369000000000000000e+03 3.882107225571233721e+04
2.370000000000000000e+03 3.881588674770118814e+04
2.371000000000000000e+03 3.883976479701163044e+04
2.372000000000000000e+03 3.887978454835697630e+04
2.373000000000000000e+03 3.893609091953124152e+04
2.374000000000000000e+03 3.898138607291902736e+04
2.375000000000000000e+03 3.899076604497921653e+04
2.376000000000000000e+03 3.902605305835609033e+04
2.377000000000000000e+03 3.898917666328556516e+04
2.378000000000000000e+03 3.899887994540759246e+04
2.379000000000000000e+03 3.897471278485346556e+04
2.380000000000000000e+03 3.897942418357957649e+04
2.381000000000000000e+03 3.898975648260188609e+04
2.382000000000000000e+03 3.899939739600385656e+04
2.383000000000000000e+03 3.903621267740389158e+04
2.384000000000000000e+03 3.901318341954579955e+04
2.385000000000000000e+03 3.901326008568514953e+04
2.386000000000000000e+03 3.906020222471354646e+04
2.387000000000000000e+03 3.902716413278838445e+04
2.388000000000000000e+03 3.895544083438831876e+04
2.389000000000000000e+03 3.896164856352393690e+04
2.390000000000000000e+03 3.903793256947422196e+04
2.391000000000000000e+03 3.901312907881862338e+04
2.392000000000000000e+03 3.906918089168601728e+04
2.393000000000000000e+03 3.910565864491004322e+04
2.394000000000000000e+03 3.903846810954615648e+04
2.395000000000000000e+03 3.903439522447503259e+04
2.396000000000000000e+03 3.908843132670109480e+04
2.397000000000000000e+03 3.904201562799073145e+04
2.398000000000000000e+03 3.900873381213770335e+04
2.399000000000000000e+03 3.907579771649382747e+04
2.400000000000000000e+03 3.909041648317230283e+04
2.401000000000000000e+03 3.911733935947476857e+04
2.402000000000000000e+03 3.917285014247425715e+04
2.403000000000000000e+03 3.926720931770584139e+04
2.404000000000000000e+03 3.935994097606591822e+04
2.405000000000000000e+03 3.933454702487858594e+04
2.406000000000000000e+03 3.939187288427267049e+04
2.407000000000000000e+03 3.938095321763191168e+04
2.408000000000000000e+03 3.933489154504622275e+04
2.409000000000000000e+03 3.932460938190876914e+04
2.410000000000000000e+03 3.933901955192283640e+04
2.411000000000000000e+03 3.939390390853497229e+04
2.412000000000000000e+03 3.938916200314045273e+04
2.413000000000000000e+03 3.935713123740235460e+04
2.414000000000000000e+03 3.936268283990124473e+04
2.415000000000000000e+03 3.938378806363877084e+04
2.416000000000000000e+03 3.936686929003273690e+04
2.417000000000000000e+03 3.943277181576162548e+04
2.418000000000000000e+03 3.948229961093860766e+04
2.419000000000000000e+03 3.943034968704474886e+04
2.420000000000000000e+03 3.940065767805846554e+04
2.421000000000000000e+03 3.934320954364174395e+04
2.422000000000000000e+03 3.936114818363774975e+04
2.423000000000000000e+03 3.928888343229989550e+04
2.424000000000000000e+03 3.924801244008105277e+04
2.425000000000000000e+03 3.927170952394576307e+04
2.426000000000000000e+03 3.927125548537196300e+04
2.427000000000000000e+03 3.919941357968411467e+04
2.428000000000000000e+03 3.920813409294583835e+04
2.429000000000000000e+03 3.923221325463574613e+04
2.430000000000000000e+03 3.926651624549533153e+04
2.431000000000000000e+03 3.923361207981430925e+04
2.432000000000000000e+03 3.923938519967565662e+04
2.433000000000000000e+03 3.927956828333126759e+04
2.434000000000000000e+03 3.936581960648671520e+04
2.435000000000000000e+03 3.944793503892923763e+04
2.436000000000000000e+03 3.941082209823491576e+04
2.437000000000000000e+03 3.946533092885053338e+04
2.438000000000000000e+03 3.948685394979659031e+04
2.439000000000000000e+03 3.947943606525807263e+04
2.440000000000000000e+03 3.944092964747525548e+04
2.441000000000000000e+03 3.945682204374053254e+04
2.442000000000000000e+03 3.949501857015466521e+04
2.443000000000000000e+03 3.950525547025208652e+04
2.444000000000000000e+03 3.949285309285493713e+04
2.445000000000000000e+03 3.957103923517728981e+04
2.446000000000000000e+03 3.952917398063650762e+04
2.447000000000000000e+03 3.960639732760476909e+04
2.448000000000000000e+03 3.954437227482697926e+04
2.449000000000000000e+03 3.958363689908398374e+04
2.450000000000000000e+03 3.967729681867644103e+04
2.451000000000000000e+03 3.967047529723412299e+04
2.452000000000000000e+03 3.967817947397226089e+04
2.453000000000000000e+03 3.966199372487125220e+04
2.454000000000000000e+03 3.961351218432502355e+04
2.455000000000000000e+03 3.965688506064954709e+04
2.456000000000000000e+03 3.964347513612266630e+04
2.457000000000000000e+03 3.965209749492060655e+04
2.458000000000000000e+03 3.977368913564139802e+04
2.459000000000000000e+03 3.973932863086489670e+04
2.460000000000000000e+03 3.969241580289450940e+04
2.461000000000000000e+03 3.970963499684279668e+04
2.462000000000000000e+03 3.979026734655012842e+04
2.463000000000000000e+03 3.976848389280304400e+04
2.464000000000000000e+03 3.978840038562893460e+04
2.465000000000000000e+03 3.975594136253889883e+04
2.466000000000000000e+03 3.973748232001487486e+04
2.467000000000000000e+03 3.975641630783493747e+04
2.468000000000000000e+03 3.991423903996546142e+04
2.469000000000000000e+03 3.998260849076479644e+04
2.470000000000000000e+03 4.003363897927715880e+04
2.471000000000000000e+03 4.004367867445392039e+04
2.472000000000000000e+03 4.004036658917049499e+04
2.473000000000000000e+03 4.006767340299441275e+04
2.474000000000000000e+03 4.013145658365781128e+04
2.475000000000000000e+03 4.017353546598990943e+04
2.476000000000000000e+03 4.014213765955610870e+04
2.477000000000000000e+03 4.012476743252648885e+04
2.478000000000000000e+03 4.012400903837509395e+04
2.479000000000000000e+03 4.012287122078688844e+04
2.480000000000000000e+03 4.010675082608823141e+04
2.481000000000000000e+03 4.004746673537809693e+04
2.482000000000000000e+03 4.008478145561657584e+04
2.483000000000000000e+03 4.007472614855931170e+04
2.484000000000000000e+03 4.005447063419879851e+04
2.485000000000000000e+03 4.007147832557073707e+04
2.486000000000000000e+03 4.008297667313866259e+04
2.487000000000000000e+03 4.010258224201196572e+04
2.488000000000000000e+03 4.007471669714363088e+04
2.489000000000000000e+03 4.007336916450587887e+04
2.490000000000000000e+03 4.009493396367657988e+04
2.491000000000000000e+03 4.009148196636447392e+04
2.492000000000000000e+03 4.019486185303102684e+04
2.493000000000000000e+03 4.025869080451419723e+04
2.494000000000000000e+03 4.023970679893308989e+04
2.495000000000000000e+03 4.026006837007227296e+04
2.496000000000000000e+03 4.040919923026803735e+04
2.497000000000000000e+03 4.045891211940756330e+04
2.498000000000000000e+03 4.047331135501553217e+04
2.499000000000000000e+03 4.052092902905686060e+04
2.500000000000000000e+03 4.056962947711284505e+04
2.501000000000000000e+03 4.058589762892525323e+04
2.502000000000000000e+03 4.055562577783680172e+04
2.503000000000000000e+03 4.054199754005296563e+04
2.504000000000000000e+03 4.057773492595504649e+04
2.505000000000000000e+03 4.064331685024138278e+04
2.506000000000000000e+03 4.067119299913790746e+04
2.507000000000000000e+03 4.065978201771829481e+04
2.508000000000000000e+03 4.064865958620367746e+04
2.509000000000000000e+03 4.061065835581335705e+04
2.510000000000000000e+03 4.057477484455008380e+04
2.511000000000000000e+03 4.064637030958459945e+04
2.512000000000000000e+03 4.068494419684707827e+04
2.513000000000000000e+03 4.065579124327148020e+04
2.514000000000000000e+03 4.067755743119834369e+04
2.515000000000000000e+03 4.069377289966050739e+04
2.516000000000000000e+03 4.071979161158372881e+04
2.517000000000000000e+03 4.068073773429534776e+04
2.518000000000000000e+03 4.069355626064891112e+04
2.519000000000000000e+03 4.063564780860305473e+04
2.520000000000000000e+03 4.063732786514116742e+04
2.521000000000000000e+03 4.061494597008120763e+04
2.522000000000000000e+03 4.065408639848919120e+04
2.523000000000000000e+03 4.064346911867387826e+04
2.524000000000000000e+03 4.063471734737508086e+04
2.525000000000000000e+03 4.064889593775968387e+04
2.526000000000000000e+03 4.062190755324787460e+04
2.527000000000000000e+03 4.062685601852025138e+04
2.528000000000000000e+03 4.062179548524748679e+04
2.529000000000000000e+03 4.061074736612479319e+04
2.530000000000000000e+03 4.065174488571335678e+04
2.531000000000000000e+03 4.068749931233414827e+04
2.532000000000000000e+03 4.080709583786807343e+04
2.533000000000000000e+03 4.084620138263938861e+04
2.534000000000000000e+03 4.083881053934224474e+04
2.535000000000000000e+03 4.078188378745302180e+04
2.536000000000000000e+03 4.074955702472125995e+04
2.537000000000000000e+03 4.078752740225783054e+04
2.538000000000000000e+03 4.084486700084184849e+04
2.539000000000000000e+03 4.088031884854147938e+04
2.540000000000000000e+03 4.095099825130376121e+04
2.541000000000000000e+03 4.095127599186909356e+04
2.542000000000000000e+03 4.086313153776965191e+04
2.543000000000000000e+03 4.083713266961221234e+04
2.544000000000000000e+03 4.088990925346313452e+04
2.545000000000000000e+03 4.085231224588480836e+04
2.546000000000000000e+03 4.089199937246547779e+04
2.547000000000000000e+03 4.090186755309710134e+04
2.548000000000000000e+03 4.084430348113628133e+04
2.549000000000000000e+03 4.092671067878424219e+04
2.550000000000000000e+03 4.098080412683524628e+04
2.551000000000000000e+03 4.103896807889635238e+04
2.552000000000000000e+03 4.109673731422616402e+04
2.553000000000000000e+03 4.113838023940843414e+04
2.554000000000000000e+03 4.115646443494671257e+04
2.555000000000000000e+03 4.119995750840556138e+04
2.556000000000000000e+03 4.122577483203800512e+04
2.557000000000000000e+03 4.125329217779270402e+04
2.558000000000000000e+03 4.127511203164596373e+04
2.559000000000000000e+03 4.126800566590970266e+04
2.560000000000000000e+03 4.123178914041662210e+04
2.561000000000000000e+03 4.118678295041903039e+04
2.562000000000000000e+03 4.126554829663322744e+04
2.563000000000000000e+03 4.131766907163755241e+04
2.564000000000000000e+03 4.135047696993720456e+04
2.565000000000000000e+03 4.135710210797055333e+04
2.566000000000000000e+03 4.137395426088939712e+04
2.567000000000000000e+03 4.143660071107588738e+04
2.568000000000000000e+03 4.136096785837028438e+04
2.569000000000000000e+03 4.140537022513100237e+04
2.570000000000000000e+03 4.147275018126706709e+04
2.571000000000000000e+03 4.150470431718455802e+04
2.572000000000000000e+03 4.150882173165743734e+04
2.573000000000000000e+03 4.153647512650292629e+04
2.574000000000000000e+03 4.149519594575036172e+04
2.575000000000000000e+03 4.150669670803032204e+04
2.576000000000000000e+03 4.150500567945634248e+04
2.577000000000000000e+03 4.154115930494629720e+04
2.578000000000000000e+03 4.159846302500300226e+04
2.579000000000000000e+03 4.162870431949184422e+04
2.580000000000000000e+03 4.165598488471385645e+04
2.581000000000000000e+03 4.161206483503319760e+04
2.582000000000000000e+03 4.165790535218924197e+04
2.583000000000000000e+03 4.176066683709716017e+04
2.584000000000000000e+03 4.175521364604982955e+04
2.585000000000000000e+03 4.173620200362670585e+04
2.586000000000000000e+03 4.176281348243391403e+04
2.587000000000000000e+03 4.178333024522461346e+04
2.588000000000000000e+03 4.181279948226330453e+04
2.589000000000000000e+03 4.182399403198389336e+04
2.590000000000000000e+03 4.184063816549941839e+04
2.591000000000000000e+03 4.181631289073164226e+04
2.592000000000000000e+03 4.184564403464144561e+04
2.593000000000000000e+03 4.183883301629995549e+04
2.594000000000000000e+03 4.186193110063297354e+04
2.595000000000000000e+03 4.187347885020496324e+04
2.596000000000000000e+03 4.187253524188418669e+04
2.597000000000000000e+03 4.184402807354356628e+04
2.598000000000000000e+03 4.185383908244190388e+04
2.599000000000000000e+03 4.189754970367802889e+04
2.600000000000000000e+03 4.201489010932094243e+04
2.601000000000000000e+03 4.206169147985331801e+04
2.602000000000000000e+03 4.208570108920187340e+04
2.603000000000000000e+03 4.208494646804931836e+04
2.604000000000000000e+03 4.212374221145152842e+04
2.605000000000000000e+03 4.216916350877516379e+04
2.606000000000000000e+03 4.211690870904854819e+04
2.607000000000000000e+03 4.205292058932626242e+04
2.608000000000000000e+03 4.216699551511854224e+04
2.609000000000000000e+03 4.212691632724920782e+04
2.610000000000000000e+03 4.214113172041854705e+04
2.611000000000000000e+03 4.214912870189487148e+04
2.612000000000000000e+03 4.216994225947764062e+04
2.613000000000000000e+03 4.218370658109731448e+04
2.614000000000000000e+03 4.216575112529617036e+04
2.615000000000000000e+03 4.221456647186396003e+04
2.616000000000000000e+03 4.222158743404305278e+04
2.617000000000000000e+03 4.228381169162957667e+04
2.618000000000000000e+03 4.226434619150324579e+04
2.619000000000000000e+03 4.230849724658476771e+04
2.620000000000000000e+03 4.237565238085438614e+04
2.621000000000000000e+03 4.237977201756893191e+04
2.622000000000000000e+03 4.239228983588740084e+04
2.623000000000000000e+03 4.240856130004420993e+04
2.624000000000000000e+03 4.238485280586748559e+04
2.625000000000000000e+03 4.248189848342771438e+04
2.626000000000000000e+03 4.243613728683844238e+04
2.627000000000000000e+03 4.250219626006647741e+04
2.628000000000000000e+03 4.252642497066166106e+04
2.629000000000000000e+03 4.250365256416700868e+04
2.630000000000000000e+03 4.245338224497665215e+04
2.631000000000000000e+03 4.239055203127684945e+04
2.632000000000000000e+03 4.243936461970215896e+04
2.633000000000000000e+03 4.249989039353261614e+04
2.634000000000000000e+03 4.254082187289737340e+04
2.635000000000000000e+03 4.248585294175898889e+04
2.636000000000000000e+03 4.246794434798905422e+04
2.637000000000000000e+03 4.251393204414413776e+04
2.638000000000000000e+03 4.257041338199263555e+04
2.639000000000000000e+03 4.249914913883737609e+04
2.640000000000000000e+03 4.254125339884802088e+04
2.641000000000000000e+03 4.258450907831579389e+04
2.642000000000000000e+03 4.261141252154437825e+04
2.643000000000000000e+03 4.264374451558177680e+04
2.644000000000000000e+03 4.269083339827297459e+04
2.645000000000000000e+03 4.271252123297586513e+04
2.646000000000000000e+03 4.269173060406219156e+04
2.647000000000000000e+03 4.266611942292343883e+04
2.648000000000000000e+03 4.268830870523143676e+04
2.649000000000000000e+03 4.263404510327091702e+04
2.650000000000000000e+03 4.263591413478242612e+04
2.651000000000000000e+03 4.269328723909610562e+04
2.652000000000000000e+03 4.270513488767720264e+04
2.653000000000000000e+03 4.273830788108302659e+04
2.654000000000000000e+03 4.268469779441951687e+04
2.655000000000000000e+03 4.275200346412335057e+04
2.656000000000000000e+03 4.282009371031402407e+04
2.657000000000000000e+03 4.286472180735112488e+04
2.658000000000000000e+03 4.288967589683311962e+04
2.659000000000000000e+03 4.286276786897207785e+04
2.660000000000000000e+03 4.289559007100202871e+04
2.661000000000000000e+03 4.289872623664780986e+04
2.662000000000000000e+03 4.293048239929422562e+04
2.663000000000000000e+03 4.298186732780525199e+04
2.664000000000000000e+03 4.296545038221981667e+04
2.665000000000000000e+03 4.299336537775283796e+04
2.666000000000000000e+03 4.303852620140032377e+04
2.667000000000000000e+03 4.311795312805941649e+04
2.668000000000000000e+03 4.315217282036226970e+04
2.669000000000000000e+03 4.317721026533200347e+04
2.670000000000000000e+03 4.319787054965335847e+04
2.671000000000000000e+03 4.323643600981467171e+04
2.672000000000000000e+03 4.325556266705137386e+04
2.673000000000000000e+03 4.329189521335365134e+04
2.674000000000000000e+03 4.331704581243162829e+04
2.675000000000000000e+03 4.331826911368803121e+04
2.676000000000000000e+03 4.333656960289044946e+04
2.677000000000000000e+03 4.332313036255133193e+04
2.678000000000000000e+03 4.341117262178645615e+04
2.679000000000000000e+03 4.348954006279962050e+04
2.680000000000000000e+03 4.345582191189367586e+04
2.681000000000000000e+03 4.352077917690800678e+04
2.682000000000000000e+03 4.360263030053739931e+04
2.683000000000000000e+03 4.361433325429133401e+04
2.684000000000000000e+03 4.359784978741761734e+04
2.685000000000000000e+03 4.361768390987899329e+04
2.686000000000000000e+03 4.360246531250487169e+04
2.687000000000000000e+03 4.361518542842267198e+04
2.688000000000000000e+03 4.367346925114979240e+04
2.689000000000000000e+03 4.369674642511759157e+04
2.690000000000000000e+03 4.367951525194256101e+04
2.691000000000000000e+03 4.371006394153325527e+04
2.692000000000000000e+03 4.377033970779290394e+04
2.693000000000000000e+03 4.380302895263682876e+04
2.694000000000000000e+03 4.375610356218412198e+04
2.695000000000000000e+03 4.372494645886004582e+04
2.696000000000000000e+03 4.370880190236445196e+04
2.697000000000000000e+03 4.371569731568415591e+04
2.698000000000000000e+03 4.364465854948689230e+04
2.699000000000000000e+03 4.361320777138997073e+04
2.700000000000000000e+03 4.357165088504844607e+04
2.701000000000000000e+03 4.361848522157499247e+04
2.702000000000000000e+03 4.368614480770997034e+04
2.703000000000000000e+03 4.368769376935153559e+04
2.704000000000000000e+03 4.368653177980025066e+04
2.705000000000000000e+03 4.366460736969846766e+04
2.706000000000000000e+03 4.366428685107265483e+04
2.707000000000000000e+03 4.368939389188824862e+04
2.708000000000000000e+03 4.371018501712568104e+04
2.709000000000000000e+03 4.372353118942183210e+04
2.710000000000000000e+03 4.369074094955086912e+04
2.711000000000000000e+03 4.377150389943751361e+04
2.712000000000000000e+03 4.375674227262836212e+04
2.713000000000000000e+03 4.379464076576540538e+04
2.714000000000000000e+03 4.377161581462041795e+04
2.715000000000000000e+03 4.380552516522395308e+04
2.716000000000000000e+03 4.382020131586099160e+04
2.717000000000000000e+03 4.387054637344199000e+04
2.718000000000000000e+03 4.387651416893874557e+04
2.719000000000000000e+03 4.386272832981873216e+04
2.720000000000000000e+03 4.388284556596870243e+04
2.721000000000000000e+03 4.386609326881340530e+04
2.722000000000000000e+03 4.386944446181727835e+04
2.723000000000000000e+03 4.390948415498735267e+04
2.724000000000000000e+03 4.390556857097949978e+04
2.725000000000000000e+03 4.388971961478138110e+04
2.726000000000000000e+03 4.390589214252275269e+04
2.727000000000000000e+03 4.390086604477065703e+04
2.728000000000000000e+03 4.388839186049666750e+04
2.729000000000000000e+03 4.391379141906305449e+04
2.730000000000000000e+03 4.395773549948364962e+04
2.731000000000000000e+03 4.396232973959991068e+04
2.732000000000000000e+03 4.406662329032799607e+04
2.733000000000000000e+03 4.402737769270007266e+04
2.734000000000000000e+03 4.407643550135810074e+04
2.735000000000000000e+03 4.410081885155013151e+04
2.736000000000000000e+03 4.412595367128782527e+04
2.737000000000000000e+03 4.408194096851663926e+04
2.738000000000000000e+03 4.406527363785330090e+04
2.739000000000000000e+03 4.413008111309987726e+04
2.740000000000000000e+03 4.416286973293706978e+04
2.741000000000000000e+03 4.421131690608639474e+04
2.742000000000000000e+03 4.424990788041288761e+04
2.743000000000000000e+03 4.420615440678051527e+04
2.744000000000000000e+03 4.415127864475542447e+04
2.745000000000000000e+03 4.423767448498450540e+04
2.746000000000000000e+03 4.425067978468884394e+04
2.747000000000000000e+03 4.426420214119584853e+04
2.748000000000000000e+03 4.431686580250177940e+04
2.749000000000000000e+03 4.438864377458939271e+04
2.750000000000000000e+03 4.441472072510899307e+04
2.751000000000000000e+03 4.442524836763712665e+04
2.752000000000000000e+03 4.447847008834553708e+04
2.753000000000000000e+03 4.450373747603864467e+04
2.754000000000000000e+03 4.454679837178501475e+04
2.755000000000000000e+03 4.459969671991536597e+04
2.756000000000000000e+03 4.471390443377561314e+04
2.757000000000000000e+03 4.477596310322270438e+04
2.758000000000000000e+03 4.473780154937832413e+04
2.759000000000000000e+03 4.474247089882468572e+04
2.760000000000000000e+03 4.485161368301731272e+04
2.761000000000000000e+03 4.478416572788324993e+04
2.762000000000000000e+03 4.479945092088405363e+04
2.763000000000000000e+03 4.485125422409865132e+04
2.764000000000000000e+03 4.489721500700998149e+04
2.765000000000000000e+03 4.494663736906718259e+04
2.766000000000000000e+03 4.493898491505960556e+04
2.767000000000000000e+03 4.501384452294524090e+04
2.768000000000000000e+03 4.496850460288965405e+04
2.769000000000000000e+03 4.494506631061505323e+04
2.770000000000000000e+03 4.499211511750522914e+04
2.771000000000000000e+03 4.491880876973836712e+04
2.772000000000000000e+03 4.492929733336527715e+04
2.773000000000000000e+03 4.494117548435166827e+04
2.774000000000000000e+03 4.496205067654165759e+04
2.775000000000000000e+03 4.501475573398447887e+04
2.776000000000000000e+03 4.501255082969635259e+04
2.777000000000000000e+03 4.499996372338625952e+04
2.778000000000000000e+03 4.499032573740161752e+04
2.779000000000000000e+03 4.499245769004822068e+04
2.780000000000000000e+03 4.494629220779011666e+04
2.781000000000000000e+03 4.502898410240282828e+04
2.782000000000000000e+03 4.506173643359469133e+04
2.783000000000000000e+03 4.509497530003830616e+04
2.784000000000000000e+03 4.506162565980121872e+04
2.785000000000000000e+03 4.509436085463419295e+04
2.786000000000000000e+03 4.518370413623248169e+04
2.787000000000000000e+03 4.528901766292473621e+04
2.788000000000000000e+03 4.531273429155065242e+04
2.789000000000000000e+03 4.535966710745210003e+04
2.790000000000000000e+03 4.537343074511832674e+04
2.791000000000000000e+03 4.533760366691817035e+04
2.792000000000000000e+03 4.532474074052938522e+04
2.793000000000000000e+03 4.537277158132132172e+04
2.794000000000000000e+03 4.536767191518331674e+04
2.795000000000000000e+03 4.534911847955224948e+04
2.796000000000000000e+03 4.547640828564586263e+04
2.797000000000000000e+03 4.550282175089282828e+04
2.798000000000000000e+03 4.550364226478372439e+04
2.799000000000000000e+03 4.546812139863738412e+04
2.800000000000000000e+03 4.549063958341231773e+04
2.801000000000000000e+03 4.546134369928714295e+04
2.802000000000000000e+03 4.547568719005036837e+04
2.803000000000000000e+03 4.548393701723128470e+04
2.804000000000000000e+03 4.544666344122089504e+04
2.805000000000000000e+03 4.541954829849300586e+04
2.806000000000000000e+03 4.540482006593888946e+04
2.807000000000000000e+03 4.543719497690973367e+04
2.808000000000000000e+03 4.542668346766985633e+04
2.809000000000000000e+03 4.544543175445756060e+04
2.810000000000000000e+03 4.544433289429295110e+04
2.811000000000000000e+03 4.541934546578385198e+04
2.812000000000000000e+03 4.541614484588173946e+04
2.813000000000000000e+03 4.538092309243929776e+04
2.814000000000000000e+03 4.542003486627126404e+04
2.815000000000000000e+03 4.546641176964490296e+04
2.816000000000000000e+03 4.546762696240621881e+04
2.817000000000000000e+03 4.549193893238956662e+04
2.818000000000000000e+03 4.551742035672974453e+04
2.819000000000000000e+03 4.555551070430861728e+04
2.820000000000000000e+03 4.555457379969227622e+04
2.821000000000000000e+03 4.554813546054245671e+04
2.822000000000000000e+03 4.555643706222727633e+04
2.823000000000000000e+03 4.553855810102809482e+04
2.824000000000000000e+03 4.547404044051386882e+04
2.825000000000000000e+03 4.552661999594083318e+04
2.826000000000000000e+03 4.557181770172455435e+04
2.827000000000000000e+03 4.554182954254272045e+04
2.828000000000000000e+03 4.556846679875030532e+04
2.829000000000000000e+03 4.556857794692056632e+04
2.830000000000000000e+03 4.546171287047259830e+04
2.831000000000000000e+03 4.553877331414989021e+04
2.832000000000000000e+03 4.555279017614819168e+04
2.833000000000000000e+03 4.556197493613681581e+04
2.834000000000000000e+03 4.564855679788194539e+04
2.835000000000000000e+03 4.563720411127673287e+04
2.836000000000000000e+03 4.567042878357978771e+04
2.837000000000000000e+03 4.560931161030626390e+04
2.838000000000000000e+03 4.560409549038796831e+04
2.839000000000000000e+03 4.566344686967192683e+04
2.840000000000000000e+03 4.567865503434980928e+04
2.841000000000000000e+03 4.570479493291475228e+04
2.842000000000000000e+03 4.576874302791278751e+04
2.843000000000000000e+03 4.580466324603616522e+04
2.844000000000000000e+03 4.577260152271629340e+04
2.845000000000000000e+03 4.576044667160051904e+04
2.846000000000000000e+03 4.572826876832657581e+04
2.847000000000000000e+03 4.576507091418226628e+04
2.848000000000000000e+03 4.581687969709344907e+04
2.849000000000000000e+03 4.583147977294905286e+04
2.850000000000000000e+03 4.572383331231887132e+04
2.851000000000000000e+03 4.582857819410486991e+04
2.852000000000000000e+03 4.591927357603256678e+04
2.853000000000000000e+03 4.596295216299468302e+04
2.854000000000000000e+03 4.604805190587107791e+04
2.855000000000000000e+03 4.613934020970041456e+04
2.856000000000000000e+03 4.614147331532857061e+04
2.857000000000000000e+03 4.614555646326878923e+04
2.858000000000000000e+03 4.613584313336011110e+04
2.859000000000000000e+03 4.619181715364380216e+04
2.860000000000000000e+03 4.614399833929928718e+04
2.861000000000000000e+03 4.610552608260920533e+04
2.862000000000000000e+03 4.609178392589031137e+04
2.863000000000000000e+03 4.616614472320472851e+04
2.864000000000000000e+03 4.617671341411596950e+04
2.865000000000000000e+03 4.623252416810012073e+04
2.866000000000000000e+03 4.628304109161048109e+04
2.867000000000000000e+03 4.630845408751538343e+04
2.868000000000000000e+03 4.646044275445328822e+04
2.869000000000000000e+03 4.645474976481757039e+04
2.870000000000000000e+03 4.645744127546731033e+04
2.871000000000000000e+03 4.642617510532695451e+04
2.872000000000000000e+03 4.642354150484953425e+04
2.873000000000000000e+03 4.649657845025927236e+04
2.874000000000000000e+03 4.652022121754701220e+04
2.875000000000000000e+03 4.661692485918809689e+04
2.876000000000000000e+03 4.667155307272197388e+04
2.877000000000000000e+03 4.662447453218090959e+04
2.878000000000000000e+03 4.666175736362743191e+04
2.879000000000000000e+03 4.671748913810560043e+04
2.880000000000000000e+03 4.678755321491288487e+04
2.881000000000000000e+03 4.680141813914483646e+04
2.882000000000000000e+03 4.680612638591816358e+04
2.883000000000000000e+03 4.682487072938589699e+04
2.884000000000000000e+03 4.683591151192695543e+04
2.885000000000000000e+03 4.681660219968242745e+04
2.886000000000000000e+03 4.677219183139112283e+04
2.887000000000000000e+03 4.674880083241698594e+04
2.888000000000000000e+03 4.686075591095793061e+04
2.889000000000000000e+03 4.685968868077811931e+04
2.890000000000000000e+03 4.689592126787321467e+04
2.891000000000000000e+03 4.687097206107308739e+04
2.892000000000000000e+03 4.687109954808084149e+04
2.893000000000000000e+03 4.693240959574325825e+04
2.894000000000000000e+03 4.692411850257737387e+04
2.895000000000000000e+03 4.690202861597051378e+04
2.896000000000000000e+03 4.685024444319317263e+04
2.897000000000000000e+03 4.684683235918112769e+04
2.898000000000000000e+03 4.685110775221730728e+04
2.899000000000000000e+03 4.689934595930050273e+04
2.900000000000000000e+03 4.687909571227974084e+04
2.901000000000000000e+03 4.685403952645305253e+04
2.902000000000000000e+03 4.681668315554539004e+04
2.903000000000000000e+03 4.685693375845460105e+04
2.904000000000000000e+03 4.692915134273959120e+04
2.905000000000000000e+03 4.692225266593753622e+04
2.906000000000000000e+03 4.689918111915370537e+04
2.907000000000000000e+03 4.687990530049371591e+04
2.908000000000000000e+03 4.686965175769890629e+04
2.909000000000000000e+03 4.692126959405317757e+04
2.910000000000000000e+03 4.693444551341859915e+04
2.911000000000000000e+03 4.692843065834888694e+04
2.912000000000000000e+03 4.699522886108328385e+04
2.913000000000000000e+03 4.695659785898493283e+04
2.914000000000000000e+03 4.697126456912426511e+04
2.915000000000000000e+03 4.707325634272251045e+04
2.916000000000000000e+03 4.716559378243285755e+04
2.917000000000000000e+03 4.724370257772799960e+04
2.918000000000000000e+03 4.718905725400752272e+04
2.919000000000000000e+03 4.720816995280301489e+04
2.920000000000000000e+03 4.723046740886758198e+04
2.921000000000000000e+03 4.729486228306248813e+04
2.922000000000000000e+03 4.723157968250942213e+04
2.923000000000000000e+03 4.718737376285541541e+04
2.924000000000000000e+03 4.722552299089522421e+04
2.925000000000000000e+03 4.721316834198927972e+04
2.926000000000000000e+03 4.716959814590134920e+04
2.927000000000000000e+03 4.721280666163067508e+04
2.928000000000000000e+03 4.717298364502371260e+04
2.929000000000000000e+03 4.722829088901072100e+04
2.930000000000000000e+03 4.722450091421079560e+04
2.931000000000000000e+03 4.728325203873655119e+04
2.932000000000000000e+03 4.721058710574263387e+04
2.933000000000000000e+03 4.717008589777407906e+04
2.934000000000000000e+03 4.721924908783103456e+04
2.935000000000000000e+03 4.723078551614330354e+04
2.936000000000000000e+03 4.724920828047367104e+04
2.937000000000000000e+03 4.721124649069409497e+04
2.938000000000000000e+03 4.721494470190590800e+04
2.939000000000000000e+03 4.719497136505098024e+04
2.940000000000000000e+03 4.720982635094826401e+04
2.941000000000000000e+03 4.718701880824378895e+04
2.942000000000000000e+03 4.728939815549647756e+04
2.943000000000000000e+03 4.722427440619904519e+04
2.944000000000000000e+03 4.719494120598275185e+04
2.945000000000000000e+03 4.724817497719168023e+04
2.946000000000000000e+03 4.724667169789577019e+04
2.947000000000000000e+03 4.723965772993119754e+04
2.948000000000000000e+03 4.732313563638165942e+04
2.949000000000000000e+03 4.727307560377494519e+04
2.950000000000000000e+03 4.728281638258531166e+04
2.951000000000000000e+03 4.731523496366690233e+04
2.952000000000000000e+03 4.739160615743869857e+04
2.953000000000000000e+03 4.738542215811541246e+04
2.954000000000000000e+03 4.742138093188863422e+04
2.955000000000000000e+03 4.745843341015425540e+04
2.956000000000000000e+03 4.745042828113399446e+04
2.957000000000000000e+03 4.748998145907908474e+04
2.958000000000000000e+03 4.748358734598328010e+04
2.959000000000000000e+03 4.759632137615224201e+04
2.960000000000000000e+03 4.760742747213253460e+04
2.961000000000000000e+03 4.759977817402157962e+04
2.962000000000000000e+03 4.763582907006138703e+04
2.963000000000000000e+03 4.764710145488695707e+04
2.964000000000000000e+03 4.763349794254356675e+04
2.965000000000000000e+03 4.761997596710970538e+04
2.966000000000000000e+03 4.767349835010502284e+04
2.967000000000000000e+03 4.769893095385831111e+04
2.968000000000000000e+03 4.773789613379024377e+04
2.969000000000000000e+03 4.779312999813734496e+04
2.970000000000000000e+03 4.781846155945823557e+04
2.971000000000000000e+03 4.785464198951974686e+04
2.972000000000000000e+03 4.794243069816288335e+04
2.973000000000000000e+03 4.785412642429289554e+04
2.974000000000000000e+03 4.788042944736667414e+04
2.975000000000000000e+03 4.789606683885768871e+04
2.976000000000000000e+03 4.790977770804677129e+04
2.977000000000000000e+03 4.792828304637342080e+04
2.978000000000000000e+03 4.793093357712924626e+04
2.979000000000000000e+03 4.791496732637193782e+04
2.980000000000000000e+03 4.792669199912351905e+04
2.981000000000000000e+03 4.796331969493775250e+04
2.982000000000000000e+03 4.794508796174354211e+04
2.983000000000000000e+03 4.798500920941261575e+04
2.984000000000000000e+03 4.800058594604172686e+04
2.985000000000000000e+03 4.802138593514404056e+04
2.986000000000000000e+03 4.803130279195088224e+04
2.987000000000000000e+03 4.794354348284527077e+04
2.988000000000000000e+03 4.797773157898474892e+04
2.989000000000000000e+03 4.797962855303921242e+04
2.990000000000000000e+03 4.793575236790392228e+04
2.991000000000000000e+03 4.800444087217165361e+04
2.992000000000000000e+03 4.800572340935991815e+04
2.993000000000000000e+03 4.803465682944656146e+04
2.994000000000000000e+03 4.808065022021459299e+04
2.995000000000000000e+03 4.812922113168269425e+04
2.996000000000000000e+03 4.813629089808287245e+04
2.997000000000000000e+03 4.813459090204651147e+04
2.998000000000000000e+03 4.824321317900866416e+04
2.999000000000000000e+03 4.827553863951130188e+04
3.000000000000000000e+03 4.836141354958020383e+04
3.001000000000000000e+03 4.835476184213595116e+04
3.002000000000000000e+03 4.831028583061070822e+04
3.003000000000000000e+03 4.837520362644826673e+04
3.004000000000000000e+03 4.840082475093839457e+04
3.005000000000000000e+03 4.837732001398871944e+04
3.006000000000000000e+03 4.834949421613403683e+04
3.007000000000000000e+03 4.838295970636160928e+04
3.008000000000000000e+03 4.840369154294043983e+04
3.009000000000000000e+03 4.850042558651848231e+04
3.010000000000000000e+03 4.848073991431188188e+04
3.011000000000000000e+03 4.847294991435758857e+04
3.012000000000000000e+03 4.850872297941974830e+04
3.013000000000000000e+03 4.848900686907408090e+04
3.014000000000000000e+03 4.856381676665500709e+04
3.015000000000000000e+03 4.853331351012593950e+04
3.016000000000000000e+03 4.853999772931093321e+04
3.017000000000000000e+03 4.858658616417618032e+04
3.018000000000000000e+03 4.858590447756909998e+04
3.019000000000000000e+03 4.860341650848843710e+04
3.020000000000000000e+03 4.869160735576212755e+04
3.021000000000000000e+03 4.867204832005416392e+04
3.022000000000000000e+03 4.869109821248122171e+04
3.023000000000000000e+03 4.860077021765300742e+04
3.024000000000000000e+03 4.865099796581577539e+04
3.025000000000000000e+03 4.865368839550105622e+04
3.026000000000000000e+03 4.863355306149421813e+04
3.027000000000000000e+03 4.865265675145461137e+04
3.028000000000000000e+03 4.860291961164324312e+04
3.029000000000000000e+03 4.864575860404391278e+04
3.030000000000000000e+03 4.865110819603313575e+04
3.031000000000000000e+03 4.871785955461200501e+04
3.032000000000000000e+03 4.879365532896258082e+04
3.033000000000000000e+03 4.872892001817612618e+04
3.034000000000000000e+03 4.872642432308786374e+04
3.035000000000000000e+03 4.870298299067294283e+04
3.036000000000000000e+03 4.873089550373207749e+04
3.037000000000000000e+03 4.876102463764797722e+04
3.038000000000000000e+03 4.884669407778867026e+04
3.039000000000000000e+03 4.886605477912310744e+04
3.040000000000000000e+03 4.885015913756160444e+04
3.041000000000000000e+03 4.895065043806647736e+04
3.042000000000000000e+03 4.898469887671179458e+04
3.043000000000000000e+03 4.900373167957187252e+04
3.044000000000000000e+03 4.906122167493421875e+04
3.045000000000000000e+03 4.905281212815410981e+04
3.046000000000000000e+03 4.905623518233122013e+04
3.047000000000000000e+03 4.907957690537367307e+04
3.048000000000000000e+03 4.918820407191255799e+04
3.049000000000000000e+03 4.918812779201687954e+04
3.050000000000000000e+03 4.915479254975750518e+04
3.051000000000000000e+03 4.913076905153306870e+04
3.052000000000000000e+03 4.912122130635038047e+04
3.053000000000000000e+03 4.908392057590336481e+04
3.054000000000000000e+03 4.909237819655380736e+04
3.055000000000000000e+03 4.911482747501815174e+04
3.056000000000000000e+03 4.917281204655524925e+04
3.057000000000000000e+03 4.916764292526352801e+04
3.058000000000000000e+03 4.919203164365499833e+04
3.059000000000000000e+03 4.917745769824078161e+04
3.060000000000000000e+03 4.913377964722093748e+04
3.061000000000000000e+03 4.910636958530505945e+04
3.062000000000000000e+03 4.915480340079147572e+04
3.063000000000000000e+03 4.914286940673239587e+04
3.064000000000000000e+03 4.920204602822820743e+04
3.065000000000000000e+03 4.925250486422450194e+04
3.066000000000000000e+03 4.918489113891229499e+04
3.067000000000000000e+03 4.915247232491266186e+04
3.068000000000000000e+03 4.921414592695367901e+04
3.069000000000000000e+03 4.922648962822178873e+04
3.070000000000000000e+03 4.916693278151376580e+04
3.071000000000000000e+03 4.910598753946409852e+04
3.072000000000000000e+03 4.918458641084456758e+04
3.073000000000000000e+03 4.924734701486411359e+04
3.074000000000000000e+03 4.928774104329284455e+04
3.075000000000000000e+03 4.929754484863948164e+04
3.076000000000000000e+03 4.930033252190264466e+04
3.077000000000000000e+03 4.927601750833603001e+04
3.078000000000000000e+03 4.917628366970423667e+04
3.079000000000000000e+03 4.921394432749145926e+04
3.080000000000000000e+03 4.921828173981911823e+04
3.081000000000000000e+03 4.923850039797875797e+04
3.082000000000000000e+03 4.925951948326610000e+04
3.083000000000000000e+03 4.925495055507587676e+04
3.084000000000000000e+03 4.935461573352754203e+04
3.085000000000000000e+03 4.940905598438056768e+04
3.086000000000000000e+03 4.943711698071459250e+04
3.087000000000000000e+03 4.947936141319684248e+04
3.088000000000000000e+03 4.952416565075222752e+04
3.089000000000000000e+03 4.952915351017473586e+04
3.090000000000000000e+03 4.957775852004571789e+04
3.091000000000000000e+03 4.959488265636352298e+04
3.092000000000000000e+03 4.968001423355648149e+04
3.093000000000000000e+03 4.968484697341381980e+04
3.094000000000000000e+03 4.969446369247500843e+04
3.095000000000000000e+03 4.977921917895906518e+04
3.096000000000000000e+03 4.981146035375125939e+04
3.097000000000000000e+03 4.974304490819903731e+04
3.098000000000000000e+03 4.971913730800901249e+04
3.099000000000000000e+03 4.964320113093313557e+04
3.100000000000000000e+03 4.962456546391146549e+04
3.101000000000000000e+03 4.967510005801878287e+04
3.102000000000000000e+03 4.963225704787732684e+04
3.103000000000000000e+03 4.970060103319236077e+04
3.104000000000000000e+03 4.971799447244858311e+04
3.105000000000000000e+03 4.965479256353317760e+04
3.106000000000000000e+03 4.960700207774052978e+04
3.107000000000000000e+03 4.966771371040998929e+04
3.108000000000000000e+03 4.970406650830519357e+04
3.109000000000000000e+03 4.974472343742055091e+04
3.110000000000000000e+03 4.970148402308044751e+04
3.111000000000000000e+03 4.970407825205019617e+04
3.112000000000000000e+03 4.969507077921734162e+04
3.113000000000000000e+03 4.963926895638757560e+04
3.114000000000000000e+03 4.961882067826002458e+04
3.115000000000000000e+03 4.965294659735594178e+04
3.116000000000000000e+03 4.962766520721395500e+04
3.117000000000000000e+03 4.954932194829802756e+04
3.118000000000000000e+03 4.965395628467547067e+04
3.119000000000000000e+03 4.970174190747063403e+04
3.120000000000000000e+03 4.974742739082274784e+04
3.121000000000000000e+03 4.979479506535523251e+04
3.122000000000000000e+03 4.979890711924396601e+04
3.123000000000000000e+03 4.975107254798062786e+04
3.124000000000000000e+03 4.980470139137693332e+04
3.125000000000000000e+03 4.988494654339965200e+04
3.126000000000000000e+03 4.987818286866179551e+04
3.127000000000000000e+03 4.990821316444411787e+04
3.128000000000000000e+03 4.995523488984612050e+04
3.129000000000000000e+03 4.994792659761413961e+04
3.130000000000000000e+03 5.001862865702306590e+04
3.131000000000000000e+03 5.002896939061216108e+04
3.132000000000000000e+03 5.002361469879466313e+04
3.133000000000000000e+03 5.004784241612349433e+04
3.134000000000000000e+03 5.004929351881088223e+04
3.135000000000000000e+03 5.000124308648041188e+04
3.136000000000000000e+03 5.001103080565654818e+04
3.137000000000000000e+03 4.996576855991913908e+04
3.138000000000000000e+03 4.996702799852511089e+04
3.139000000000000000e+03 4.989711141578466777e+04
3.140000000000000000e+03 4.979638598782748886e+04
3.141000000000000000e+03 4.985354370031168946e+04
3.142000000000000000e+03 4.989515704329962318e+04
3.143000000000000000e+03 4.992376688351028861e+04
3.144000000000000000e+03 4.994860252672569186e+04
3.145000000000000000e+03 5.001688876924885699e+04
3.146000000000000000e+03 5.001422067015055654e+04
3.147000000000000000e+03 5.003343084537395043e+04
3.148000000000000000e+03 4.997622695270999975e+04
3.149000000000000000e+03 4.996799409697222291e+04
3.150000000000000000e+03 5.010156591394604038e+04
3.151000000000000000e+03 5.003976680723600293e+04
3.152000000000000000e+03 5.003394564303113293e+04
3.153000000000000000e+03 5.017125293016213982e+04
3.154000000000000000e+03 5.022487616072682431e+04
3.155000000000000000e+03 5.023923155273818702e+04
3.156000000000000000e+03 5.031577015801898233e+04
3.157000000000000000e+03 5.030370209638160304e+04
3.158000000000000000e+03 5.029557949911888863e+04
3.159000000000000000e+03 5.045802272565360909e+04
3.160000000000000000e+03 5.052558167823449185e+04
3.161000000000000000e+03 5.049216033354854153e+04
3.162000000000000000e+03 5.055401004079533595e+04
3.163000000000000000e+03 5.057676227366959938e+04
3.164000000000000000e+03 5.067886406414077646e+04
3.165000000000000000e+03 5.066862552750703617e+04
3.166000000000000000e+03 5.067763151626763283e+04
3.167000000000000000e+03 5.070311155413131928e+04
3.168000000000000000e+03 5.087914229015154706e+04
3.169000000000000000e+03 5.093091973533622513e+04
3.170000000000000000e+03 5.095563872526284831e+04
3.171000000000000000e+03 5.094913437725088443e+04
3.172000000000000000e+03 5.097900133034185274e+04
3.173000000000000000e+03 5.098149486547102424e+04
3.174000000000000000e+03 5.102630242476420972e+04
3.175000000000000000e+03 5.098830021441165445e+04
3.176000000000000000e+03 5.104342315866074932e+04
3.177000000000000000e+03 5.105381386116400972e+04
3.178000000000000000e+03 5.107787791730865865e+04
3.179000000000000000e+03 5.107472955914410704e+04
3.180000000000000000e+03 5.107923385093312390e+04
3.181000000000000000e+03 5.108680620830049884e+04
3.182000000000000000e+03 5.108971578564991069e+04
3.183000000000000000e+03 5.117457202585703635e+04
3.184000000000000000e+03 5.120198487543773081e+04
3.185000000000000000e+03 5.122067428641897277e+04
3.186000000000000000e+03 5.120306866541688942e+04
3.187000000000000000e+03 5.124046338533559174e+04
3.188000000000000000e+03 5.125456746433908120e+04
3.189000000000000000e+03 5.133624609585963481e+04
3.190000000000000000e+03 5.136166136573119002e+04
3.191000000000000000e+03 5.140132847575725464e+04
3.192000000000000000e+03 5.142616810809337039e+04
3.193000000000000000e+03 5.148233695270417957e+04
3.194000000000000000e+03 5.152706106451903179e+04
3.195000000000000000e+03 5.159184212201206537e+04
3.196000000000000000e+03 5.161378937964968645e+04
3.197000000000000000e+03 5.172266187946464925e+04
3.198000000000000000e+03 5.170579556583813974e+04
3.199000000000000000e+03 5.164063948304646328e+04
3.200000000000000000e+03 5.167390366805039957e+04
3.201000000000000000e+03 5.168344150421991799e+04
3.202000000000000000e+03 5.162654966640967177e+04
3.203000000000000000e+03 5.165530219686555938e+04
3.204000000000000000e+03 5.167028739698377467e+04
3.205000000000000000e+03 5.166022076715537696e+04
3.206000000000000000e+03 5.158489167825698678e+04
3.207000000000000000e+03 5.144914683554459043e+04
3.208000000000000000e+03 5.133892307187921688e+04
3.209000000000000000e+03 5.134373351313602325e+04
3.210000000000000000e+03 5.141464851724950859e+04
3.211000000000000000e+03 5.143692653648403211e+04
3.212000000000000000e+03 5.144277002795635781e+04
3.213000000000000000e+03 5.150673858072645817e+04
3.214000000000000000e+03 5.163950803487322992e+04
3.215000000000000000e+03 5.156772239677993639e+04
3.216000000000000000e+03 5.157006775724152976e+04
3.217000000000000000e+03 5.154996787168657465e+04
3.218000000000000000e+03 5.153990155179605063e+04
3.219000000000000000e+03 5.156586016405359987e+04
3.220000000000000000e+03 5.156052238257363206e+04
3.221000000000000000e+03 5.159386888004084904e+04
3.222000000000000000e+03 5.161219798607011035e+04
3.223000000000000000e+03 5.163233474067332281e+04
3.224000000000000000e+03 5.168015702004642662e+04
3.225000000000000000e+03 5.173728407947425148e+04
3.226000000000000000e+03 5.187818853336229949e+04
3.227000000000000000e+03 5.189714686609899218e+04
3.228000000000000000e+03 5.192679102310996677e+04
3.229000000000000000e+03 5.195772970030685974e+04
3.230000000000000000e+03 5.195828260509281972e+04
3.231000000000000000e+03 5.197810590123151633e+04
3.232000000000000000e+03 5.193827235719159944e+04
3.233000000000000000e+03 5.200366434840358124e+04
3.234000000000000000e+03 5.201065968496328423e+04
3.235000000000000000e+03 5.210811567051829479e+04
3.236000000000000000e+03 5.214179551102453115e+04
3.237000000000000000e+03 5.217829807090575923e+04
3.238000000000000000e+03 5.219603062291454989e+04
3.239000000000000000e+03 5.223954789603938116e+04
3.240000000000000000e+03 5.223575830631022836e+04
3.241000000000000000e+03 5.223096032992262917e+04
3.242000000000000000e+03 5.224912441210147517e+04
3.243000000000000000e+03 5.224702601670597505e+04
3.244000000000000000e+03 5.218234490275511052e+04
3.245000000000000000e+03 5.226072209498349548e+04
3.246000000000000000e+03 5.229239523653058131e+04
3.247000000000000000e+03 5.231432485136041214e+04
3.248000000000000000e+03 5.226148557214985340e+04
3.249000000000000000e+03 5.228824590389157675e+04
3.250000000000000000e+03 5.226691713118207554e+04
3.251000000000000000e+03 5.226739813873502135e+04
3.252000000000000000e+03 5.224751783294133929e+04
3.253000000000000000e+03 5.233761322464173281e+04
3.254000000000000000e+03 5.237820490407029138e+04
3.255000000000000000e+03 5.238067744446854340e+04
3.256000000000000000e+03 5.238308169612207712e+04
3.257000000000000000e+03 5.238069618015002925e+04
3.258000000000000000e+03 5.242150275171285466e+04
3.259000000000000000e+03 5.248208504931614880e+04
3.260000000000000000e+03 5.247678526229320414e+04
3.261000000000000000e+03 5.240821963464838336e+04
3.262000000000000000e+03 5.241474555749402498e+04
3.263000000000000000e+03 5.235635552594317414e+04
3.264000000000000000e+03 5.242447112890577409e+04
3.265000000000000000e+03 5.238533741404498869e+04
3.266000000000000000e+03 5.245694691259307729e+04
3.267000000000000000e+03 5.246173081952289795e+04
3.268000000000000000e+03 5.245898250772836036e+04
3.269000000000000000e+03 5.248139898054998048e+04
3.270000000000000000e+03 5.250110511816901271e+04
3.271000000000000000e+03 5.250734258403210697e+04
3.272000000000000000e+03 5.244705564206138661e+04
3.273000000000000000e+03 5.243654984549069923e+04
3.274000000000000000e+03 5.239878452366839338e+04
3.275000000000000000e+03 5.236177492146557779e+04
3.276000000000000000e+03 5.240574526953419991e+04
3.277000000000000000e+03 5.244118423321488081e+04
3.278000000000000000e+03 5.235582957518627518e+04
3.279000000000000000e+03 5.237194338631648861e+04
3.280000000000000000e+03 5.246469718789245235e+04
3.281000000000000000e+03 5.250829562750145124e+04
3.282000000000000000e+03 5.245827447279829357e+04
3.283000000000000000e+03 5.244884642077332683e+04
3.284000000000000000e+03 5.237293419222343800e+04
3.285000000000000000e+03 5.237552568261311535e+04
3.286000000000000000e+03 5.246025672536889033e+04
3.287000000000000000e+03 5.255590815348957403e+04
3.288000000000000000e+03 5.255038639277731272e+04
3.289000000000000000e+03 5.252445945581539854e+04
3.290000000000000000e+03 5.249753080611652695e+04
3.291000000000000000e+03 5.246935612267455144e+04
3.292000000000000000e+03 5.254948545418131835e+04
3.293000000000000000e+03 5.263411101362232148e+04
3.294000000000000000e+03 5.263806368710559764e+04
3.295000000000000000e+03 5.264549010579246533e+04
3.296000000000000000e+03 5.266619841143312806e+04
3.297000000000000000e+03 5.265844657523513160e+04
3.298000000000000000e+03 5.261747382161614223e+04
3.299000000000000000e+03 5.269949246480084548e+04
3.300000000000000000e+03 5.268230188162708509e+04
3.301000000000000000e+03 5.275998810720836627e+04
3.302000000000000000e+03 5.281812170885605155e+04
3.303000000000000000e+03 5.276783333430185303e+04
3.304000000000000000e+03 5.282337191041953338e+04
3.305000000000000000e+03 5.287428742981437244e+04
3.306000000000000000e+03 5.292173405413432192e+04
3.307000000000000000e+03 5.296573679510844522e+04
3.308000000000000000e+03 5.298157286894750723e+04
3.309000000000000000e+03 5.296382968147254724e+04
3.310000000000000000e+03 5.298330136216928076e+04
3.311000000000000000e+03 5.305749880391862825e+04
3.312000000000000000e+03 5.311603745734985569e+04
3.313000000000000000e+03 5.321070385488456668e+04
3.314000000000000000e+03 5.328422092191278352e+04
3.315000000000000000e+03 5.329367262193469651e+04
3.316000000000000000e+03 5.328562045412568841e+04
3.317000000000000000e+03 5.326999802749704395e+04
3.318000000000000000e+03 5.340836180444723141e+04
3.319000000000000000e+03 5.348903150517040922e+04
3.320000000000000000e+03 5.355045606915980898e+04
3.321000000000000000e+03 5.349512737836895394e+04
3.322000000000000000e+03 5.353678817612626881e+04
3.323000000000000000e+03 5.368060858685184212e+04
3.324000000000000000e+03 5.367576803196594847e+04
3.325000000000000000e+03 5.364616839035699377e+04
3.326000000000000000e+03 5.369499018126195006e+04
3.327000000000000000e+03 5.374035940226338425e+04
3.328000000000000000e+03 5.373251873921859078e+04
3.329000000000000000e+03 5.373132181347072765e+04
3.330000000000000000e+03 5.381260964721932396e+04
3.331000000000000000e+03 5.381782619717284979e+04
3.332000000000000000e+03 5.390583610822535411e+04
3.333000000000000000e+03 5.391710108081337239e+04
3.334000000000000000e+03 5.391763266886006750e+04
3.335000000000000000e+03 5.389598134529852541e+04
3.336000000000000000e+03 5.382676519419074612e+04
3.337000000000000000e+03 5.375811763426215475e+04
3.338000000000000000e+03 5.385288049571039301e+04
3.339000000000000000e+03 5.391934652012038714e+04
3.340000000000000000e+03 5.397082647294762137e+04
3.341000000000000000e+03 5.396075691154390370e+04
3.342000000000000000e+03 5.395242940005465061e+04
3.343000000000000000e+03 5.399605008053931670e+04
3.344000000000000000e+03 5.401388596728265838e+04
3.345000000000000000e+03 5.409935458501658286e+04
3.346000000000000000e+03 5.414638845691803726e+04
3.347000000000000000e+03 5.421947761207300937e+04
3.348000000000000000e+03 5.426066515266728675e+04
3.349000000000000000e+03 5.422213274114052183e+04
3.350000000000000000e+03 5.424815403926251747e+04
3.351000000000000000e+03 5.425522808572515351e+04
3.352000000000000000e+03 5.419017797482862807e+04
3.353000000000000000e+03 5.426467887206239539e+04
3.354000000000000000e+03 5.430932764242847043e+04
3.355000000000000000e+03 5.439632120493932598e+04
3.356000000000000000e+03 5.441090071169040311e+04
3.357000000000000000e+03 5.436102677588164806e+04
3.358000000000000000e+03 5.442614082832044369e+04
3.359000000000000000e+03 5.443908944897842593e+04
3.360000000000000000e+03 5.451320111758866551e+04
3.361000000000000000e+03 5.459074400610025623e+04
3.362000000000000000e+03 5.464109362652844720e+04
3.363000000000000000e+03 5.467815382701260387e+04
3.364000000000000000e+03 5.472115755305854691e+04
3.365000000000000000e+03 5.469621337757162837e+04
3.366000000000000000e+03 5.466397479702238343e+04
3.367000000000000000e+03 5.466367542068960029e+04
3.368000000000000000e+03 5.465640995648250828e+04
3.369000000000000000e+03 5.473777310528238741e+04
3.370000000000000000e+03 5.476962814113336935e+04
3.371000000000000000e+03 5.473851399928665342e+04
3.372000000000000000e+03 5.489399280951103719e+04
3.373000000000000000e+03 5.496277910216603777e+04
3.374000000000000000e+03 5.509248297292740608e+04
3.375000000000000000e+03 5.507720392906203051e+04
3.376000000000000000e+03 5.511735868335454143e+04
3.377000000000000000e+03 5.515640584997283440e+04
3.378000000000000000e+03 5.513111055090781156e+04
3.379000000000000000e+03 5.509899553703249694e+04
3.380000000000000000e+03 5.509855042332991434e+04
3.381000000000000000e+03 5.509082455037881300e+04
3.382000000000000000e+03 5.509287257499717816e+04
3.383000000000000000e+03 5.516866273249867663e+04
3.384000000000000000e+03 5.520267826113469346e+04
3.385000000000000000e+03 5.514292779449431691e+04
3.386000000000000000e+03 5.512524895420211396e+04
3.387000000000000000e+03 5.506075877682130522e+04
3.388000000000000000e+03 5.513119808562404796e+04
3.389000000000000000e+03 5.520171146962450439e+04
3.390000000000000000e+03 5.522675082295703032e+04
3.391000000000000000e+03 5.523668955518293660e+04
3.392000000000000000e+03 5.532391204464978364e+04
3.393000000000000000e+03 5.530928678410828434e+04
3.394000000000000000e+03 5.523055410901297728e+04
3.395000000000000000e+03 5.524541320424274454e+04
3.396000000000000000e+03 5.528142106352754490e+04
3.397000000000000000e+03 5.525148734085995966e+04
3.398000000000000000e+03 5.526843053627292829e+04
3.399000000000000000e+03 5.530593379623204237e+04
3.400000000000000000e+03 5.530776816392070032e+04
3.401000000000000000e+03 5.533989410408823460e+04
3.402000000000000000e+03 5.531626667363759771e+04
3.403000000000000000e+03 5.538543519263600319e+04
3.404000000000000000e+03 5.548289832101896900e+04
3.405000000000000000e+03 5.542525427907183621e+04
3.406000000000000000e+03 5.546870004066293768e+04
3.407000000000000000e+03 5.545384602953313879e+04
3.408000000000000000e+03 5.552364471295077965e+04
3.409000000000000000e+03 5.545731014764443535e+04
3.410000000000000000e+03 5.557101190511254390e+04
3.411000000000000000e+03 5.555366725704527198e+04
3.412000000000000000e+03 5.551096273600248969e+04
3.413000000000000000e+03 5.552705876045958576e+04
3.414000000000000000e+03 5.555022972193598980e+04
3.415000000000000000e+03 5.552527778315311298e+04
3.416000000000000000e+03 5.548954243779823446e+04
3.417000000000000000e+03 5.546823891657651257e+04
3.418000000000000000e+03 5.547597899212201446e+04
3.419000000000000000e+03 5.555262797849031631e+04
3.420000000000000000e+03 5.551578498926170869e+04
3.421000000000000000e+03 5.559856067631685437e+04
3.422000000000000000e+03 5.566374872774660616e+04
3.423000000000000000e+03 5.563939583338591910e+04
3.424000000000000000e+03 5.568017872872394946e+04
3.425000000000000000e+03 5.566909709358005057e+04
3.426000000000000000e+03 5.571841215400041256e+04
3.427000000000000000e+03 5.584224285558008705e+04
3.428000000000000000e+03 5.585554351562698139e+04
3.429000000000000000e+03 5.579363736299398442e+04
3.430000000000000000e+03 5.577780976312548592e+04
3.431000000000000000e+03 5.573907812423512951e+04
3.432000000000000000e+03 5.571054848915778712e+04
3.433000000000000000e+03 5.579667049506494368e+04
3.434000000000000000e+03 5.576465054433168552e+04
3.435000000000000000e+03 5.585064598598642624e+04
3.436000000000000000e+03 5.584033343052424607e+04
3.437000000000000000e+03 5.575877874470328243e+04
3.438000000000000000e+03 5.575236075526202330e+04
3.439000000000000000e+03 5.579636783471777017e+04
3.440000000000000000e+03 5.584568150219590461e+04
3.441000000000000000e+03 5.581774793999752001e+04
3.442000000000000000e+03 5.585297832798891613e+04
3.443000000000000000e+03 5.575687976833894936e+04
3.444000000000000000e+03 5.578311575649640872e+04
3.445000000000000000e+03 5.583065838572871871e+04
3.446000000000000000e+03 5.586641526904012426e+04
3.447000000000000000e+03 5.590475392885348265e+04
3.448000000000000000e+03 5.597574646626207686e+04
3.449000000000000000e+03 5.600748290759904921e+04
3.450000000000000000e+03 5.606504842063742399e+04
3.451000000000000000e+03 5.604668073390056088e+04
3.452000000000000000e+03 5.610383697638862941e+04
3.453000000000000000e+03 5.607897923366954637e+04
3.454000000000000000e+03 5.607550905136411166e+04
3.455000000000000000e+03 5.612728142413534806e+04
3.456000000000000000e+03 5.616230912977176922e+04
3.457000000000000000e+03 5.622361946444190835e+04
3.458000000000000000e+03 5.628817562966173864e+04
3.459000000000000000e+03 5.634972851272839034e+04
3.460000000000000000e+03 5.629549392121542769e+04
3.461000000000000000e+03 5.630314898582688329e+04
3.462000000000000000e+03 5.634968184868528624e+04
3.463000000000000000e+03 5.633323027937324514e+04
3.464000000000000000e+03 5.631619700943835778e+04
3.465000000000000000e+03 5.630230339716219169e+04
3.466000000000000000e+03 5.628076033173956966e+04
3.467000000000000000e+03 5.636577870703304507e+04
3.468000000000000000e+03 5.641305171858135873e+04
3.469000000000000000e+03 5.645435808795487537e+04
3.470000000000000000e+03 5.645035343434906099e+04
3.471000000000000000e+03 5.646833439997589448e+04
3.472000000000000000e+03 5.649625743714551209e+04
3.473000000000000000e+03 5.646482050577874907e+04
3.474000000000000000e+03 5.653971970586347743e+04
3.475000000000000000e+03 5.657935295533959288e+04
3.476000000000000000e+03 5.660819328537485126e+04
3.477000000000000000e+03 5.661412046343587281e+04
3.478000000000000000e+03 5.663496098538029764e+04
3.479000000000000000e+03 5.664712185630144086e+04
3.480000000000000000e+03 5.660716163045170106e+04
3.481000000000000000e+03 5.659918287801224506e+04
3.482000000000000000e+03 5.656581063332223130e+04
3.483000000000000000e+03 5.656795154560350056e+04
3.484000000000000000e+03 5.656476950457654311e+04
3.485000000000000000e+03 5.656088033102216286e+04
3.486000000000000000e+03 5.653053309506666847e+04
3.487000000000000000e+03 5.657147092280174547e+04
3.488000000000000000e+03 5.659888290134369890e+04
3.489000000000000000e+03 5.662848077219723200e+04
3.490000000000000000e+03 5.665280635848283418e+04
3.491000000000000000e+03 5.668903097539002920e+04
3.492000000000000000e+03 5.663297902000793692e+04
3.493000000000000000e+03 5.663526478570763720e+04
3.494000000000000000e+03 5.668828529363984853e+04
3.495000000000000000e+03 5.670035041212601209e+04
3.496000000000000000e+03 5.664637233416419622e+04
3.497000000000000000e+03 5.666189991154369636e+04
3.498000000000000000e+03 5.663643321014800313e+04
3.499000000000000000e+03 5.660802406675076782e+04
3.500000000000000000e+03 5.665349739573171246e+04
3.501000000000000000e+03 5.666035366189337947e+04
3.502000000000000000e+03 5.663743880396663735e+04
3.503000000000000000e+03 5.666101005454549158e+04
3.504000000000000000e+03 5.665616340897482587e+04
3.505000000000000000e+03 5.663164985093034920e+04
3.506000000000000000e+03 5.666759901770168653e+04
3.507000000000000000e+03 5.666808445272693643e+04
3.508000000000000000e+03 5.666534720177630516e+04
3.509000000000000000e+03 5.675516066200485511e+04
3.510000000000000000e+03 5.672569077298477350e+04
3.511000000000000000e+03 5.676074463319401548e+04
3.512000000000000000e+03 5.674139704747480573e+04
3.513000000000000000e+03 5.676263334638813103e+04
3.514000000000000000e+03 5.680264095656056452e+04
3.515000000000000000e+03 5.678464494571484101e+04
3.516000000000000000e+03 5.679006344566698681e+04
3.517000000000000000e+03 5.682299795403092139e+04
3.518000000000000000e+03 5.679186542423249921e+04
3.519000000000000000e+03 5.680195918106548925e+04
3.520000000000000000e+03 5.678509791228424001e+04
3.521000000000000000e+03 5.679036847205214144e+04
3.522000000000000000e+03 5.681586881400307902e+04
3.523000000000000000e+03 5.688257759812100994e+04
3.524000000000000000e+03 5.692381911712593137e+04
3.525000000000000000e+03 5.685978947329987568e+04
3.526000000000000000e+03 5.686130840914847795e+04
3.527000000000000000e+03 5.692387592283792037e+04
3.528000000000000000e+03 5.692012636368864332e+04
3.529000000000000000e+03 5.694141865187672374e+04
3.530000000000000000e+03 5.693694832722143474e+04
3.531000000000000000e+03 5.696157676059442019e+04
3.532000000000000000e+03 5.703782287074176566e+04
3.533000000000000000e+03 5.701924855014125933e+04
3.534000000000000000e+03 5.702611664553972514e+04
3.535000000000000000e+03 5.711013168615395261e+04
3.536000000000000000e+03 5.707734848289305228e+04
3.537000000000000000e+03 5.708208213650462130e+04
3.538000000000000000e+03 5.712673756968245289e+04
3.539000000000000000e+03 5.716705853819924960e+04
3.540000000000000000e+03 5.720014562699630915e+04
3.541000000000000000e+03 5.725115345338138286e+04
3.542000000000000000e+03 5.726983462641859660e+04
3.543000000000000000e+03 5.736910327581452293e+04
3.544000000000000000e+03 5.737770812719478272e+04
3.545000000000000000e+03 5.735194060165472911e+04
3.546000000000000000e+03 5.725652336580892006e+04
3.547000000000000000e+03 5.729688344666111516e+04
3.548000000000000000e+03 5.735319381415539101e+04
3.549000000000000000e+03 5.742946072305701091e+04
3.550000000000000000e+03 5.747218066638283199e+04
3.551000000000000000e+03 5.758261642674796894e+04
3.552000000000000000e+03 5.761789640262565081e+04
3.553000000000000000e+03 5.753476113263601292e+04
3.554000000000000000e+03 5.749530670523082517e+04
3.555000000000000000e+03 5.754064233583403256e+04
3.556000000000000000e+03 5.755304219203275716e+04
3.557000000000000000e+03 5.762239060845562926e+04
3.558000000000000000e+03 5.769045689985826903e+04
3.559000000000000000e+03 5.770472802037493966e+04
3.560000000000000000e+03 5.773339288869564189e+04
3.561000000000000000e+03 5.765766102191458776e+04
3.562000000000000000e+03 5.766499790153343201e+04
3.563000000000000000e+03 5.770106154082800640e+04
3.564000000000000000e+03 5.775427890894416487e+04
3.565000000000000000e+03 5.771698302009741747e+04
3.566000000000000000e+03 5.766951425440052117e+04
3.567000000000000000e+03 5.770848189476101834e+04
3.568000000000000000e+03 5.768287664124571893e+04
3.569000000000000000e+03 5.765199338683133828e+04
3.570000000000000000e+03 5.768760757281557744e+04
3.571000000000000000e+03 5.763308744267155998e+04
3.572000000000000000e+03 5.758758171364752343e+04
3.573000000000000000e+03 5.754415731687413790e+04
3.574000000000000000e+03 5.766685342018886149e+04
3.575000000000000000e+03 5.765724272253350500e+04
3.576000000000000000e+03 5.764298219445931318e+04
3.577000000000000000e+03 5.772283602549647912e+04
3.578000000000000000e+03 5.772088836181988881e+04
3.579000000000000000e+03 5.779123594497233717e+04
3.580000000000000000e+03 5.774156863401735609e+04
3.581000000000000000e+03 5.773443905348341650e+04
3.582000000000000000e+03 5.783319019323129032e+04
3.583000000000000000e+03 5.782803732676404616e+04
3.584000000000000000e+03 5.775036214337065758e+04
3.585000000000000000e+03 5.777915431250139227e+04
3.586000000000000000e+03 5.774697735421755351e+04
3.587000000000000000e+03 5.775861875876729755e+04
3.588000000000000000e+03 5.771376520566145336e+04
3.589000000000000000e+03 5.770291459174152988e+04
3.590000000000000000e+03 5.767908524144385592e+04
3.591000000000000000e+03 5.768522805028704170e+04
3.592000000000000000e+03 5.775649712094848655e+04
3.593000000000000000e+03 5.780918621503021859e+04
3.594000000000000000e+03 5.787651648414567171e+04
3.595000000000000000e+03 5.787135216204061726e+04
3.596000000000000000e+03 5.783483814807869203e+04
3.597000000000000000e+03 5.791294902561800700e+04
3.598000000000000000e+03 5.788921110294757091e+04
3.599000000000000000e+03 5.796721077159011475e+04
3.600000000000000000e+03 5.799141703254422464e+04
3.601000000000000000e+03 5.806664740245233406e+04
3.602000000000000000e+03 5.816639327147125732e+04
3.603000000000000000e+03 5.831299159036196215e+04
3.604000000000000000e+03 5.831743834442167281e+04
3.605000000000000000e+03 5.833420143619124428e+04
3.606000000000000000e+03 5.829307701763137447e+04
3.607000000000000000e+03 5.824821308112758561e+04
3.608000000000000000e+03 5.833105165343052795e+04
3.609000000000000000e+03 5.839953717781369778e+04
3.610000000000000000e+03 5.844736851865678909e+04
3.611000000000000000e+03 5.840823018933639105e+04
3.612000000000000000e+03 5.840300441316507204e+04
3.613000000000000000e+03 5.834379000013457699e+04
3.614000000000000000e+03 5.834943398350189091e+04
3.615000000000000000e+03 5.840439234111879341e+04
3.616000000000000000e+03 5.847155772754557256e+04
3.617000000000000000e+03 5.838494294698491285e+04
3.618000000000000000e+03 5.839968928879748273e+04
3.619000000000000000e+03 5.841928589565339644e+04
3.620000000000000000e+03 5.844233256242519565e+04
3.621000000000000000e+03 5.844005961069739715e+04
3.622000000000000000e+03 5.846339467878344294e+04
3.623000000000000000e+03 5.845884236663593765e+04
3.624000000000000000e+03 5.852243546817502647e+04
3.625000000000000000e+03 5.861408541454400984e+04
3.626000000000000000e+03 5.860982603917567030e+04
3.627000000000000000e+03 5.864260702659407252e+04
3.628000000000000000e+03 5.865492980130854994e+04
3.629000000000000000e+03 5.872704224586989585e+04
3.630000000000000000e+03 5.867923196165650734e+04
3.631000000000000000e+03 5.863576945715997135e+04
3.632000000000000000e+03 5.857958326543270232e+04
3.633000000000000000e+03 5.859172528951722779e+04
3.634000000000000000e+03 5.855404926429948682e+04
3.635000000000000000e+03 5.851243681024848775e+04
3.636000000000000000e+03 5.848062811186183535e+04
3.637000000000000000e+03 5.844861452573358110e+04
3.638000000000000000e+03 5.841981805411205278e+04
3.639000000000000000e+03 5.847916015780781890e+04
3.640000000000000000e+03 5.842781410937908367e+04
3.641000000000000000e+03 5.845491237752702727e+04
3.642000000000000000e+03 5.852442610277920176e+04
3.643000000000000000e+03 5.845793402574356878e+04
3.644000000000000000e+03 5.848835562892942835e+04
3.645000000000000000e+03 5.853197367901741382e+04
3.646000000000000000e+03 5.853993895269188943e+04
3.647000000000000000e+03 5.854126946828118525e+04
3.648000000000000000e+03 5.860316449349316827e+04
3.649000000000000000e+03 5.866691393580905424e+04
3.650000000000000000e+03 5.867927136374811380e+04
3.651000000000000000e+03 5.870948897165466042e+04
3.652000000000000000e+03 5.873320165213633300e+04
3.653000000000000000e+03 5.878865231349167152e+04
3.654000000000000000e+03 5.877103786279779160e+04
3.655000000000000000e+03 5.875142575644640601e+04
3.656000000000000000e+03 5.877320889631473256e+04
3.657000000000000000e+03 5.877563348800325184e+04
3.658000000000000000e+03 5.882064070217633707e+04
3.659000000000000000e+03 5.878238169002688664e+04
3.660000000000000000e+03 5.882785726076451829e+04
3.661000000000000000e+03 5.887324912703740847e+04
3.662000000000000000e+03 5.896509190726477391e+04
3.663000000000000000e+03 5.899960876208018453e+04
3.664000000000000000e+03 5.901161013887055014e+04
3.665000000000000000e+03 5.899368106028786133e+04
3.666000000000000000e+03 5.903391392862971406e+04
3.667000000000000000e+03 5.900857366806868231e+04
3.668000000000000000e+03 5.899430734697775188e+04
3.669000000000000000e+03 5.903279450053306937e+04
3.670000000000000000e+03 5.900223149492695666e+04
3.671000000000000000e+03 5.897640782611414761e+04
3.672000000000000000e+03 5.898070283429804113e+04
3.673000000000000000e+03 5.906191595641073945e+04
3.674000000000000000e+03 5.902019298204271036e+04
3.675000000000000000e+03 5.903216507850554626e+04
3.676000000000000000e+03 5.903048756332428457e+04
3.677000000000000000e+03 5.909854146085908724e+04
3.678000000000000000e+03 5.909908143535540876e+04
3.679000000000000000e+03 5.906668475200787361e+04
3.680000000000000000e+03 5.905560506058765168e+04
3.681000000000000000e+03 5.908990213785034575e+04
3.682000000000000000e+03 5.921345715729863878e+04
3.683000000000000000e+03 5.923966229913281859e+04
3.684000000000000000e+03 5.929733646293506172e+04
3.685000000000000000e+03 5.927136745279790193e+04
3.686000000000000000e+03 5.919655647133864841e+04
3.687000000000000000e+03 5.921994957611613063e+04
3.688000000000000000e+03 5.926218216204341297e+04
3.689000000000000000e+03 5.924688576045952505e+04
3.690000000000000000e+03 5.925253445767149242e+04
3.691000000000000000e+03 5.932756897584966646e+04
3.692000000000000000e+03 5.937117628650193365e+04
3.693000000000000000e+03 5.936782756282921764e+04
3.694000000000000000e+03 5.933260314170502534e+04
3.695000000000000000e+03 5.937056720051920274e+04
3.696000000000000000e+03 5.945985687960166979e+04
3.697000000000000000e+03 5.950384693274735764e+04
3.698000000000000000e+03 5.948081716964807129e+04
3.699000000000000000e+03 5.956134673164435662e+04
3.700000000000000000e+03 5.955059529854897119e+04
3.701000000000000000e+03 5.960776131596475170e+04
3.702000000000000000e+03 5.968212496909768379e+04
3.703000000000000000e+03 5.971248085652688314e+04
3.704000000000000000e+03 5.975878315907786600e+04
3.705000000000000000e+03 5.973601198867047060e+04
3.706000000000000000e+03 5.972216832529435487e+04
3.707000000000000000e+03 5.968871710860761232e+04
3.708000000000000000e+03 5.969228449029049079e+04
3.709000000000000000e+03 5.966079708307657711e+04
3.710000000000000000e+03 5.965034669072561519e+04
3.711000000000000000e+03 5.970243032202160248e+04
3.712000000000000000e+03 5.970560748978405172e+04
3.713000000000000000e+03 5.972562073445520946e+04
3.714000000000000000e+03 5.977555717264956183e+04
3.715000000000000000e+03 5.982199462885351386e+04
3.716000000000000000e+03 5.982443726942739158e+04
3.717000000000000000e+03 5.979717245264825760e+04
3.718000000000000000e+03 5.979394884728086618e+04
3.719000000000000000e+03 5.976716354807073367e+04
3.720000000000000000e+03 5.987074888676054252e+04
3.721000000000000000e+03 5.995862096362703596e+04
3.722000000000000000e+03 6.005497667438483768e+04
3.723000000000000000e+03 6.005819650668057147e+04
3.724000000000000000e+03 6.006866691235276812e+04
3.725000000000000000e+03 6.008794213197837234e+04
3.726000000000000000e+03 6.009638992018166755e+04
3.727000000000000000e+03 6.007737828151792201e+04
3.728000000000000000e+03 6.001090222213862580e+04
3.729000000000000000e+03 6.001488517207231052e+04
3.730000000000000000e+03 6.001318709187882632e+04
3.731000000000000000e+03 6.006843190180465172e+04
3.732000000000000000e+03 6.009652037335731438e+04
3.733000000000000000e+03 6.010358641779981554e+04
3.734000000000000000e+03 6.009182419590503559e+04
3.735000000000000000e+03 6.014625454794458346e+04
3.736000000000000000e+03 6.020721011491080571e+04
3.737000000000000000e+03 6.018615104154935398e+04
3.738000000000000000e+03 6.012712202171664831e+04
3.739000000000000000e+03 6.004940100486276788e+04
3.740000000000000000e+03 6.020386485633487609e+04
3.741000000000000000e+03 6.025896570821038040e+04
3.742000000000000000e+03 6.027882352916086529e+04
3.743000000000000000e+03 6.028206328667241905e+04
3.744000000000000000e+03 6.030839729016388446e+04
3.745000000000000000e+03 6.034774057346434711e+04
3.746000000000000000e+03 6.021787495435732853e+04
3.747000000000000000e+03 6.024503839207802957e+04
3.748000000000000000e+03 6.027442574270418845e+04
3.749000000000000000e+03 6.038103890924058942e+04
3.750000000000000000e+03 6.044323903368830361e+04
3.751000000000000000e+03 6.037664702755576582e+04
3.752000000000000000e+03 6.045193776599493867e+04
3.753000000000000000e+03 6.045808239294628584e+04
3.754000000000000000e+03 6.045959730202852370e+04
3.755000000000000000e+03 6.043540591586786468e+04
3.756000000000000000e+03 6.042601288147236482e+04
3.757000000000000000e+03 6.035675450891008222e+04
3.758000000000000000e+03 6.037784835166002449e+04
3.759000000000000000e+03 6.029906359815158066e+04
3.760000000000000000e+03 6.039768452422410337e+04
3.761000000000000000e+03 6.047198906730169983e+04
3.762000000000000000e+03 6.058367064419451344e+04
3.763000000000000000e+03 6.066354838918208407e+04
3.764000000000000000e+03 6.058826306852021662e+04
3.765000000000000000e+03 6.064293414521203522e+04
3.766000000000000000e+03 6.062959243790130859e+04
3.767000000000000000e+03 6.061476966692545102e+04
3.768000000000000000e+03 6.058375493421456486e+04
3.769000000000000000e+03 6.059419535286573227e+04
3.770000000000000000e+03 6.061753748350148817e+04
3.771000000000000000e+03 6.067597501474878663e+04
3.772000000000000000e+03 6.072250619420939620e+04
3.773000000000000000e+03 6.075886896317833452e+04
3.774000000000000000e+03 6.075629226090040174e+04
3.775000000000000000e+03 6.065799975722248928e+04
3.776000000000000000e+03 6.065395978489059780e+04
3.777000000000000000e+03 6.070772346826785360e+04
3.778000000000000000e+03 6.066921053116538678e+04
3.779000000000000000e+03 6.064623171472841932e+04
3.780000000000000000e+03 6.066496569901981275e+04
3.781000000000000000e+03 6.065700652184279170e+04
3.782000000000000000e+03 6.076990481155351881e+04
3.783000000000000000e+03 6.080412030640348530e+04
3.784000000000000000e+03 6.079549998614115611e+04
3.785000000000000000e+03 6.072801653741288465e+04
3.786000000000000000e+03 6.076956615680238610e+04
3.787000000000000000e+03 6.090615074637909129e+04
3.788000000000000000e+03 6.092322903269727976e+04
3.789000000000000000e+03 6.091949646335554280e+04
3.790000000000000000e+03 6.092518989547362435e+04
3.791000000000000000e+03 6.099425555085913948e+04
3.792000000000000000e+03 6.091656275651820033e+04
3.793000000000000000e+03 6.100140913405104948e+04
3.794000000000000000e+03 6.107546589646406937e+04
3.795000000000000000e+03 6.112016511676270602e+04
3.796000000000000000e+03 6.109213473006887216e+04
3.797000000000000000e+03 6.100460049936808355e+04
3.798000000000000000e+03 6.103942654286153993e+04
3.799000000000000000e+03 6.097892225029952533e+04
3.800000000000000000e+03 6.095713890603095206e+04
3.801000000000000000e+03 6.106218786233624269e+04
3.802000000000000000e+03 6.109810438906636409e+04
3.803000000000000000e+03 6.102773755316594179e+04
3.804000000000000000e+03 6.102174632848810870e+04
3.805000000000000000e+03 6.098371343402491038e+04
3.806000000000000000e+03 6.099833280610335351e+04
3.807000000000000000e+03 6.105993449885940208e+04
3.808000000000000000e+03 6.111552602440144983e+04
3.809000000000000000e+03 6.117770267143996898e+04
3.810000000000000000e+03 6.127903862524294527e+04
3.811000000000000000e+03 6.131496910845201637e+04
3.812000000000000000e+03 6.133148410899122246e+04
3.813000000000000000e+03 6.120580472197937343e+04
3.814000000000000000e+03 6.128409451503173477e+04
3.815000000000000000e+03 6.134885782370157540e+04
3.816000000000000000e+03 6.136974758766792365e+04
3.817000000000000000e+03 6.136957247047970304e+04
3.818000000000000000e+03 6.140689259788422351e+04
3.819000000000000000e+03 6.140145339077297831e+04
3.820000000000000000e+03 6.146266558545854059e+04
3.821000000000000000e+03 6.138176005119812908e+04
3.822000000000000000e+03 6.143014801582491054e+04
3.823000000000000000e+03 6.142218886783184280e+04
3.824000000000000000e+03 6.137551522506764013e+04
3.825000000000000000e+03 6.136097018106059841e+04
3.826000000000000000e+03 6.139409177791086404e+04
3.827000000000000000e+03 6.136113423675810918e+04
3.828000000000000000e+03 6.141304828307237767e+04
3.829000000000000000e+03 6.144369774938697083e+04
3.830000000000000000e+03 6.144152927450139396e+04
3.831000000000000000e+03 6.142930549731033534e+04
3.832000000000000000e+03 6.156134431749043870e+04
3.833000000000000000e+03 6.162827399492375844e+04
3.834000000000000000e+03 6.164003625473821739e+04
3.835000000000000000e+03 6.161380201959650003e+04
3.836000000000000000e+03 6.166404246982681798e+04
3.837000000000000000e+03 6.164594222747202730e+04
3.838000000000000000e+03 6.174190410582158074e+04
3.839000000000000000e+03 6.174286829456093983e+04
3.840000000000000000e+03 6.179807919451122143e+04
3.841000000000000000e+03 6.185475732004276506e+04
3.842000000000000000e+03 6.181755334196088370e+04
3.843000000000000000e+03 6.191069757886807201e+04
3.844000000000000000e+03 6.193155034511644044e+04
3.845000000000000000e+03 6.191688919804277248e+04
3.846000000000000000e+03 6.187187432740916847e+04
3.847000000000000000e+03 6.196547181974747946e+04
3.848000000000000000e+03 6.199621232347055775e+04
3.849000000000000000e+03 6.208288544674419973e+04
3.850000000000000000e+03 6.210445829612389934e+04
3.851000000000000000e+03 6.207024489372989774e+04
3.852000000000000000e+03 6.211321972661338805e+04
3.853000000000000000e+03 6.212292780846863752e+04
3.854000000000000000e+03 6.214079563449590205e+04
3.855000000000000000e+03 6.216152846813735960e+04
3.856000000000000000e+03 6.221340427975741477e+04
3.857000000000000000e+03 6.226740438864452153e+04
3.858000000000000000e+03 6.235170113918076822e+04
3.859000000000000000e+03 6.238129959748007968e+04
3.860000000000000000e+03 6.234900724987590365e+04
3.861000000000000000e+03 6.239021996023115207e+04
3.862000000000000000e+03 6.246466859087841294e+04
3.863000000000000000e+03 6.247344427833664668e+04
3.864000000000000000e+03 6.244912200358604605e+04
3.865000000000000000e+03 6.247735321384656709e+04
3.866000000000000000e+03 6.243898688326107367e+04
3.867000000000000000e+03 6.242235498287888913e+04
3.868000000000000000e+03 6.242645438549919345e+04
3.869000000000000000e+03 6.244356802795162366e+04
3.870000000000000000e+03 6.247021958529619587e+04
3.871000000000000000e+03 6.246100516227690969e+04
3.872000000000000000e+03 6.257040999667917640e+04
3.873000000000000000e+03 6.252624630530668219e+04
3.874000000000000000e+03 6.255767422647156491e+04
3.875000000000000000e+03 6.262239040790822037e+04
3.876000000000000000e+03 6.256949614043722977e+04
3.877000000000000000e+03 6.259922087575483602e+04
3.878000000000000000e+03 6.263101967134188453e+04
3.879000000000000000e+03 6.266244511148639140e+04
3.880000000000000000e+03 6.266115989626320516e+04
3.881000000000000000e+03 6.267771887626125681e+04
3.882000000000000000e+03 6.270099708479316905e+04
3.883000000000000000e+03 6.274829669034198014e+04
3.884000000000000000e+03 6.279280091445913422e+04
3.885000000000000000e+03 6.271880791942519863e+04
3.886000000000000000e+03 6.283661933548878733e+04
3.887000000000000000e+03 6.281927690545769292e+04
3.888000000000000000e+03 6.281099332704919652e+04
3.889000000000000000e+03 6.277262477781352209e+04
3.890000000000000000e+03 6.280447364227771322e+04
3.891000000000000000e+03 6.291182189942301193e+04
3.892000000000000000e+03 6.292220255980481306e+04
3.893000000000000000e+03 6.291488212620762351e+04
3.894000000000000000e+03 6.297472471228810900e+04
3.895000000000000000e+03 6.297890794198016374e+04
3.896000000000000000e+03 6.303533703367905400e+04
3.897000000000000000e+03 6.311821814745922165e+04
3.898000000000000000e+03 6.318747155738210131e+04
3.899000000000000000e+03 6.324645795374081354e+04
3.900000000000000000e+03 6.335339455427562643e+04
3.901000000000000000e+03 6.338960177759593353e+04
3.902000000000000000e+03 6.339404687844892032e+04
3.903000000000000000e+03 6.346117417121773906e+04
3.904000000000000000e+03 6.347821200650963146e+04
3.905000000000000000e+03 6.350166426947603031e+04
3.906000000000000000e+03 6.351383943910650851e+04
3.907000000000000000e+03 6.359304288251532853e+04
3.908000000000000000e+03 6.356627216900556959e+04
3.909000000000000000e+03 6.347440605485181004e+04
3.910000000000000000e+03 6.343153625948300760e+04
3.911000000000000000e+03 6.345302511461888207e+04
3.912000000000000000e+03 6.345931418123516778e+04
3.913000000000000000e+03 6.353937643610257510e+04
3.914000000000000000e+03 6.348814678793914209e+04
3.915000000000000000e+03 6.352076587253319303e+04
3.916000000000000000e+03 6.346169641148638038e+04
3.917000000000000000e+03 6.353385931600061303e+04
3.918000000000000000e+03 6.358234832047540112e+04
3.919000000000000000e+03 6.362728969124092691e+04
3.920000000000000000e+03 6.364786820659162186e+04
3.921000000000000000e+03 6.366923593201671611e+04
3.922000000000000000e+03 6.369449363025862112e+04
3.923000000000000000e+03 6.375091649983474053e+04
3.924000000000000000e+03 6.369537226955467486e+04
3.925000000000000000e+03 6.376180804573182832e+04
3.926000000000000000e+03 6.377977721100717463e+04
3.927000000000000000e+03 6.378560065954059246e+04
3.928000000000000000e+03 6.382667708834660152e+04
3.929000000000000000e+03 6.390963056183765730e+04
3.930000000000000000e+03 6.386759854150554020e+04
3.931000000000000000e+03 6.383961599526472855e+04
3.932000000000000000e+03 6.386372070014876226e+04
3.933000000000000000e+03 6.398309857991884201e+04
3.934000000000000000e+03 6.396281632077635004e+04
3.935000000000000000e+03 6.402085550376914762e+04
3.936000000000000000e+03 6.403995754664033302e+04
3.937000000000000000e+03 6.405616792729106965e+04
3.938000000000000000e+03 6.411676532124947698e+04
3.939000000000000000e+03 6.414166527685020992e+04
3.940000000000000000e+03 6.420368548754291987e+04
3.941000000000000000e+03 6.418364368375783670e+04
3.942000000000000000e+03 6.428277318239562737e+04
3.943000000000000000e+03 6.424995336604685144e+04
3.944000000000000000e+03 6.421787779058641172e+04
3.945000000000000000e+03 6.419628894624798704e+04
3.946000000000000000e+03 6.423285624686802475e+04
3.947000000000000000e+03 6.427207198010623688e+04
3.948000000000000000e+03 6.426130033595071291e+04
3.949000000000000000e+03 6.426620622579567134e+04
3.950000000000000000e+03 6.427813547766532429e+04
3.951000000000000000e+03 6.431773115561165469e+04
3.952000000000000000e+03 6.437173096407703997e+04
3.953000000000000000e+03 6.429394706434335967e+04
3.954000000000000000e+03 6.428934470476852584e+04
3.955000000000000000e+03 6.440003373602070496e+04
3.956000000000000000e+03 6.441189790572829224e+04
3.957000000000000000e+03 6.440208844284558290e+04
3.958000000000000000e+03 6.449952535963744594e+04
3.959000000000000000e+03 6.446337841764243785e+04
3.960000000000000000e+03 6.442602717949770158e+04
3.961000000000000000e+03 6.441067100941350509e+04
3.962000000000000000e+03 6.447449014786680345e+04
3.963000000000000000e+03 6.459446697963004408e+04
3.964000000000000000e+03 6.463880770438977197e+04
3.965000000000000000e+03 6.468245546803159232e+04
3.966000000000000000e+03 6.469752111833720846e+04
3.967000000000000000e+03 6.465738718589774362e+04
3.968000000000000000e+03 6.469147885772089649e+04
3.969000000000000000e+03 6.463035352942419559e+04
3.970000000000000000e+03 6.453278619196104410e+04
3.971000000000000000e+03 6.451290704323566024e+04
3.972000000000000000e+03 6.457226383488836291e+04
3.973000000000000000e+03 6.462883648642434855e+04
3.974000000000000000e+03 6.466853145482848049e+04
3.975000000000000000e+03 6.461649438790732529e+04
3.976000000000000000e+03 6.464631888912079739e+04
3.977000000000000000e+03 6.464259547691617627e+04
3.978000000000000000e+03 6.463726542374321434e+04
3.979000000000000000e+03 6.465097186239099392e+04
3.980000000000000000e+03 6.459946126728528179e+04
3.981000000000000000e+03 6.458448875913688971e+04
3.982000000000000000e+03 6.456382607473772805e+04
3.983000000000000000e+03 6.467621513998516457e+04
3.984000000000000000e+03 6.474946424705330719e+04
3.985000000000000000e+03 6.481548524379593437e+04
3.986000000000000000e+03 6.478665100685971265e+04
3.987000000000000000e+03 6.481918856933309144e+04
3.988000000000000000e+03 6.486577556423353963e+04
3.989000000000000000e+03 6.487117705168187968e+04
3.990000000000000000e+03 6.488073154688948853e+04
3.991000000000000000e+03 6.487919431851137051e+04
3.992000000000000000e+03 6.480261293781565473e+04
3.993000000000000000e+03 6.480043528676344431e+04
3.994000000000000000e+03 6.464130300210196583e+04
3.995000000000000000e+03 6.459906129590226919e+04
3.996000000000000000e+03 6.465372905776898551e+04
3.997000000000000000e+03 6.474542974431764014e+04
3.998000000000000000e+03 6.473073259053276706e+04
3.999000000000000000e+03 6.478818742574613134e+04
