# time_reduced msd_reduced
# region=central
# central=0.333333333333:0.666666666667
# outer=0:0.250000000000,0.750000000000:1
# transition=0.250000000000:0.333333333333,0.666666666667:0.750000000000
# atom_types=[2]
# n_selected=2522
# subtract_group_com_drift=True
0.000000000000000000e+00 0.000000000000000000e+00
1.000000000000000000e+00 1.480861577280900043e+01
2.000000000000000000e+00 2.719906530559550717e+01
3.000000000000000000e+00 4.001593499141035437e+01
4.000000000000000000e+00 5.566456575138307983e+01
5.000000000000000000e+00 6.838449492079368497e+01
6.000000000000000000e+00 7.885934074355982659e+01
7.000000000000000000e+00 9.201178377989604940e+01
8.000000000000000000e+00 1.057529136797640916e+02
9.000000000000000000e+00 1.236646551701152390e+02
1.000000000000000000e+01 1.376769444490968795e+02
1.100000000000000000e+01 1.547341804870261797e+02
1.200000000000000000e+01 1.702174391377870677e+02
1.300000000000000000e+01 1.816787466075384714e+02
1.400000000000000000e+01 1.988768390691463424e+02
1.500000000000000000e+01 2.101452777205874440e+02
1.600000000000000000e+01 2.192744111201344879e+02
1.700000000000000000e+01 2.271101835885006892e+02
1.800000000000000000e+01 2.448180196393334995e+02
1.900000000000000000e+01 2.605029997206654002e+02
2.000000000000000000e+01 2.781176554212288465e+02
2.100000000000000000e+01 2.905999314283617991e+02
2.200000000000000000e+01 3.085596916803121985e+02
2.300000000000000000e+01 3.201008391938723889e+02
2.400000000000000000e+01 3.315516800036718905e+02
2.500000000000000000e+01 3.452622995757095055e+02
2.600000000000000000e+01 3.710076228027576803e+02
2.700000000000000000e+01 3.861950736417921917e+02
2.800000000000000000e+01 3.992132700662353955e+02
2.900000000000000000e+01 4.083671221966346820e+02
3.000000000000000000e+01 4.261707848821816356e+02
3.100000000000000000e+01 4.392613718870616708e+02
3.200000000000000000e+01 4.619457449764817625e+02
3.300000000000000000e+01 4.819760871062754859e+02
3.400000000000000000e+01 4.955518994290717956e+02
3.500000000000000000e+01 5.121712804948097073e+02
3.600000000000000000e+01 5.289657385037729682e+02
3.700000000000000000e+01 5.536384163706535446e+02
3.800000000000000000e+01 5.612438610319881036e+02
3.900000000000000000e+01 5.821904171159333146e+02
4.000000000000000000e+01 5.924560950378723874e+02
4.100000000000000000e+01 6.061697393252615029e+02
4.200000000000000000e+01 6.277421590083115461e+02
4.300000000000000000e+01 6.450313789073011321e+02
4.400000000000000000e+01 6.573502539333682080e+02
4.500000000000000000e+01 6.708457406043360152e+02
4.600000000000000000e+01 6.842482178692595198e+02
4.700000000000000000e+01 6.987636490535717257e+02
4.800000000000000000e+01 7.026124629053196031e+02
4.900000000000000000e+01 7.089882593362025318e+02
5.000000000000000000e+01 7.215093931817650628e+02
5.100000000000000000e+01 7.316390732064411395e+02
5.200000000000000000e+01 7.378162052028831113e+02
5.300000000000000000e+01 7.475076764981599808e+02
5.400000000000000000e+01 7.610046965616627404e+02
5.500000000000000000e+01 7.667470124798275037e+02
5.600000000000000000e+01 7.790295550454835620e+02
5.700000000000000000e+01 7.924112544991926370e+02
5.800000000000000000e+01 7.959622857787252315e+02
5.900000000000000000e+01 8.128306597428115765e+02
6.000000000000000000e+01 8.217159323115506595e+02
6.100000000000000000e+01 8.312753276401004996e+02
6.200000000000000000e+01 8.534223365809605184e+02
6.300000000000000000e+01 8.708107519591968639e+02
6.400000000000000000e+01 8.733832291476602450e+02
6.500000000000000000e+01 8.914707928053848036e+02
6.600000000000000000e+01 9.018270386773817791e+02
6.700000000000000000e+01 9.077193789136074429e+02
6.800000000000000000e+01 9.215758365899138198e+02
6.900000000000000000e+01 9.388544604254385604e+02
7.000000000000000000e+01 9.570888915899162157e+02
7.100000000000000000e+01 9.799998086831417368e+02
7.200000000000000000e+01 9.934569409227660799e+02
7.300000000000000000e+01 1.015070078043863191e+03
7.400000000000000000e+01 1.034741741003089828e+03
7.500000000000000000e+01 1.050206495756945969e+03
7.600000000000000000e+01 1.051253958707248785e+03
7.700000000000000000e+01 1.065145167892506379e+03
7.800000000000000000e+01 1.087837963630333206e+03
7.900000000000000000e+01 1.098327308422946089e+03
8.000000000000000000e+01 1.107059881428743211e+03
8.100000000000000000e+01 1.111623010693740071e+03
8.200000000000000000e+01 1.112934848954704194e+03
8.300000000000000000e+01 1.132619528843883927e+03
8.400000000000000000e+01 1.146272544643196170e+03
8.500000000000000000e+01 1.160896686957624070e+03
8.600000000000000000e+01 1.177510046199545286e+03
8.700000000000000000e+01 1.188896287827902825e+03
8.800000000000000000e+01 1.214169973361009397e+03
8.900000000000000000e+01 1.229122172133691720e+03
9.000000000000000000e+01 1.231407353714649844e+03
9.100000000000000000e+01 1.240332683203630722e+03
9.200000000000000000e+01 1.254032327120330820e+03
9.300000000000000000e+01 1.285236185547308878e+03
9.400000000000000000e+01 1.287111316175704360e+03
9.500000000000000000e+01 1.304877177622157660e+03
9.600000000000000000e+01 1.330288821849119358e+03
9.700000000000000000e+01 1.356389527454421113e+03
9.800000000000000000e+01 1.368502485910199312e+03
9.900000000000000000e+01 1.371454483486518484e+03
1.000000000000000000e+02 1.395659030945152153e+03
1.010000000000000000e+02 1.398069833599298136e+03
1.020000000000000000e+02 1.396374523029394368e+03
1.030000000000000000e+02 1.414015771577428040e+03
1.040000000000000000e+02 1.440327033336973273e+03
1.050000000000000000e+02 1.455471860179967734e+03
1.060000000000000000e+02 1.474636979905159933e+03
1.070000000000000000e+02 1.489786231405561011e+03
1.080000000000000000e+02 1.510415123698788420e+03
1.090000000000000000e+02 1.515401498048285248e+03
1.100000000000000000e+02 1.535256138687994508e+03
1.110000000000000000e+02 1.536137409334747190e+03
1.120000000000000000e+02 1.549033486002136215e+03
1.130000000000000000e+02 1.570486445098774766e+03
1.140000000000000000e+02 1.589993323824647177e+03
1.150000000000000000e+02 1.602318955286874143e+03
1.160000000000000000e+02 1.620809903619723400e+03
1.170000000000000000e+02 1.623518847842193736e+03
1.180000000000000000e+02 1.633158317950140372e+03
1.190000000000000000e+02 1.651121924044428397e+03
1.200000000000000000e+02 1.682101751940462918e+03
1.210000000000000000e+02 1.700578314048388393e+03
1.220000000000000000e+02 1.714196191297115092e+03
1.230000000000000000e+02 1.715818592458961120e+03
1.240000000000000000e+02 1.741392917070414114e+03
1.250000000000000000e+02 1.758387166240297574e+03
1.260000000000000000e+02 1.766536689523064751e+03
1.270000000000000000e+02 1.785541507008715143e+03
1.280000000000000000e+02 1.798590501826096897e+03
1.290000000000000000e+02 1.827787127828268012e+03
1.300000000000000000e+02 1.850561398095011555e+03
1.310000000000000000e+02 1.855621706881533783e+03
1.320000000000000000e+02 1.851955182357384047e+03
1.330000000000000000e+02 1.861403598820559864e+03
1.340000000000000000e+02 1.888896386079291460e+03
1.350000000000000000e+02 1.907811144488978016e+03
1.360000000000000000e+02 1.939516735548948191e+03
1.370000000000000000e+02 1.945268510583940952e+03
1.380000000000000000e+02 1.973440522748374178e+03
1.390000000000000000e+02 1.997431672951166320e+03
1.400000000000000000e+02 2.010268702004774468e+03
1.410000000000000000e+02 2.022872936131758024e+03
1.420000000000000000e+02 2.013541900508950675e+03
1.430000000000000000e+02 2.027300717456227176e+03
1.440000000000000000e+02 2.049868102997879760e+03
1.450000000000000000e+02 2.066485297375442769e+03
1.460000000000000000e+02 2.081686487957952522e+03
1.470000000000000000e+02 2.098566689096136543e+03
1.480000000000000000e+02 2.116880469037926559e+03
1.490000000000000000e+02 2.127374528838446167e+03
1.500000000000000000e+02 2.139305420616999072e+03
1.510000000000000000e+02 2.150422669153168954e+03
1.520000000000000000e+02 2.156963903663468045e+03
1.530000000000000000e+02 2.175415973668219976e+03
1.540000000000000000e+02 2.188290330184494451e+03
1.550000000000000000e+02 2.198469748040954983e+03
1.560000000000000000e+02 2.214637177898633581e+03
1.570000000000000000e+02 2.213027666285202486e+03
1.580000000000000000e+02 2.233126593745143055e+03
1.590000000000000000e+02 2.243350708203923659e+03
1.600000000000000000e+02 2.256141807999495541e+03
1.610000000000000000e+02 2.269413147336550082e+03
1.620000000000000000e+02 2.284402593727234489e+03
1.630000000000000000e+02 2.298083134718510337e+03
1.640000000000000000e+02 2.303880553157312988e+03
1.650000000000000000e+02 2.317274583269049344e+03
1.660000000000000000e+02 2.353294203729508354e+03
1.670000000000000000e+02 2.377148088892635769e+03
1.680000000000000000e+02 2.373132464338522368e+03
1.690000000000000000e+02 2.399106393895789097e+03
1.700000000000000000e+02 2.422110505361844844e+03
1.710000000000000000e+02 2.427604119581349096e+03
1.720000000000000000e+02 2.437947109597664166e+03
1.730000000000000000e+02 2.438166060265446959e+03
1.740000000000000000e+02 2.467488395771015803e+03
1.750000000000000000e+02 2.481293455924329919e+03
1.760000000000000000e+02 2.508265636085492588e+03
1.770000000000000000e+02 2.534035998898887101e+03
1.780000000000000000e+02 2.531540729639026722e+03
1.790000000000000000e+02 2.543648652688047150e+03
1.800000000000000000e+02 2.569340929811314254e+03
1.810000000000000000e+02 2.598760200085288943e+03
1.820000000000000000e+02 2.607824975300433834e+03
1.830000000000000000e+02 2.640362806456969338e+03
1.840000000000000000e+02 2.659230952422571590e+03
1.850000000000000000e+02 2.687191378392110892e+03
1.860000000000000000e+02 2.696688044478424672e+03
1.870000000000000000e+02 2.733900744149572347e+03
1.880000000000000000e+02 2.752240606701220713e+03
1.890000000000000000e+02 2.768893986399885307e+03
1.900000000000000000e+02 2.787353082276553778e+03
1.910000000000000000e+02 2.800054058691089267e+03
1.920000000000000000e+02 2.810082808165980168e+03
1.930000000000000000e+02 2.810304549705024328e+03
1.940000000000000000e+02 2.824895521422734873e+03
1.950000000000000000e+02 2.844043653362934492e+03
1.960000000000000000e+02 2.862921468533511415e+03
1.970000000000000000e+02 2.865613175914223575e+03
1.980000000000000000e+02 2.883788404096811973e+03
1.990000000000000000e+02 2.895243025113996737e+03
2.000000000000000000e+02 2.906326114207462524e+03
2.010000000000000000e+02 2.920317666415914118e+03
2.020000000000000000e+02 2.930158967605749694e+03
2.030000000000000000e+02 2.944386344933205692e+03
2.040000000000000000e+02 2.963471242371397238e+03
2.050000000000000000e+02 2.979612790582799789e+03
2.060000000000000000e+02 2.999577281574489916e+03
2.070000000000000000e+02 3.012678051382255035e+03
2.080000000000000000e+02 3.033450371520183126e+03
2.090000000000000000e+02 3.050867737752997982e+03
2.100000000000000000e+02 3.060598279280309271e+03
2.110000000000000000e+02 3.095963566567203088e+03
2.120000000000000000e+02 3.105872114874666295e+03
2.130000000000000000e+02 3.115331899882797188e+03
2.140000000000000000e+02 3.135220655552910557e+03
2.150000000000000000e+02 3.163478751609835854e+03
2.160000000000000000e+02 3.182720002562748959e+03
2.170000000000000000e+02 3.191637288370753140e+03
2.180000000000000000e+02 3.206294132164013263e+03
2.190000000000000000e+02 3.216239694692230842e+03
2.200000000000000000e+02 3.230822231643276155e+03
2.210000000000000000e+02 3.235693160656171131e+03
2.220000000000000000e+02 3.243044831873766725e+03
2.230000000000000000e+02 3.249865093778440496e+03
2.240000000000000000e+02 3.273069921433793752e+03
2.250000000000000000e+02 3.282498622290702315e+03
2.260000000000000000e+02 3.294296330717014825e+03
2.270000000000000000e+02 3.310228489980658196e+03
2.280000000000000000e+02 3.326536842302674813e+03
2.290000000000000000e+02 3.341954094283937138e+03
2.300000000000000000e+02 3.369085675225196610e+03
2.310000000000000000e+02 3.405907406389259904e+03
2.320000000000000000e+02 3.421625346357527178e+03
2.330000000000000000e+02 3.448718012639592416e+03
2.340000000000000000e+02 3.464463777993076746e+03
2.350000000000000000e+02 3.483531209963895890e+03
2.360000000000000000e+02 3.506340568911686205e+03
2.370000000000000000e+02 3.506473503758536935e+03
2.380000000000000000e+02 3.511540331768597753e+03
2.390000000000000000e+02 3.552236716328202874e+03
2.400000000000000000e+02 3.567266844821579980e+03
2.410000000000000000e+02 3.577573598963288077e+03
2.420000000000000000e+02 3.599992510164031955e+03
2.430000000000000000e+02 3.593382735686525848e+03
2.440000000000000000e+02 3.589932459218448003e+03
2.450000000000000000e+02 3.599605552026383066e+03
2.460000000000000000e+02 3.638842062918016381e+03
2.470000000000000000e+02 3.647055889307384859e+03
2.480000000000000000e+02 3.646834834630189562e+03
2.490000000000000000e+02 3.641087035540291708e+03
2.500000000000000000e+02 3.665888395865188613e+03
2.510000000000000000e+02 3.667640186713131698e+03
2.520000000000000000e+02 3.653180898494555549e+03
2.530000000000000000e+02 3.654594036795882857e+03
2.540000000000000000e+02 3.672301569476611348e+03
2.550000000000000000e+02 3.676212638839031115e+03
2.560000000000000000e+02 3.697074341626100704e+03
2.570000000000000000e+02 3.730369425354500436e+03
2.580000000000000000e+02 3.747633088718192084e+03
2.590000000000000000e+02 3.746107428731942036e+03
2.600000000000000000e+02 3.772006243232164252e+03
2.610000000000000000e+02 3.778330589136867275e+03
2.620000000000000000e+02 3.794110521824198713e+03
2.630000000000000000e+02 3.811202412196539171e+03
2.640000000000000000e+02 3.851474154745247233e+03
2.650000000000000000e+02 3.877527427429931777e+03
2.660000000000000000e+02 3.892598517040068600e+03
2.670000000000000000e+02 3.896663559854684991e+03
2.680000000000000000e+02 3.884450834315212433e+03
2.690000000000000000e+02 3.884081108258626500e+03
2.700000000000000000e+02 3.897552583415921617e+03
2.710000000000000000e+02 3.915550397623730532e+03
2.720000000000000000e+02 3.909507684989716381e+03
2.730000000000000000e+02 3.914971539577105887e+03
2.740000000000000000e+02 3.936280509004665419e+03
2.750000000000000000e+02 3.952301338547515570e+03
2.760000000000000000e+02 3.969487773696462682e+03
2.770000000000000000e+02 4.005361933949085142e+03
2.780000000000000000e+02 4.001654560163441147e+03
2.790000000000000000e+02 4.008801544332311096e+03
2.800000000000000000e+02 4.032640670085378133e+03
2.810000000000000000e+02 4.064451671874785916e+03
2.820000000000000000e+02 4.072637762156046847e+03
2.830000000000000000e+02 4.105878185427653989e+03
2.840000000000000000e+02 4.119585628314104724e+03
2.850000000000000000e+02 4.137312150289939382e+03
2.860000000000000000e+02 4.146674356744509168e+03
2.870000000000000000e+02 4.158077891543538499e+03
2.880000000000000000e+02 4.173654294634222424e+03
2.890000000000000000e+02 4.173282474451010785e+03
2.900000000000000000e+02 4.201617693865319779e+03
2.910000000000000000e+02 4.205862986131898651e+03
2.920000000000000000e+02 4.198627845030776371e+03
2.930000000000000000e+02 4.218984578549298021e+03
2.940000000000000000e+02 4.214296875853710844e+03
2.950000000000000000e+02 4.248997655177580782e+03
2.960000000000000000e+02 4.255772351026805154e+03
2.970000000000000000e+02 4.267770919171698552e+03
2.980000000000000000e+02 4.289149241332421298e+03
2.990000000000000000e+02 4.337140533346338998e+03
3.000000000000000000e+02 4.360383377719495002e+03
3.010000000000000000e+02 4.370017753903937773e+03
3.020000000000000000e+02 4.386321671114944365e+03
3.030000000000000000e+02 4.415507255243818690e+03
3.040000000000000000e+02 4.428361154952855941e+03
3.050000000000000000e+02 4.443998559385328008e+03
3.060000000000000000e+02 4.449294078867359531e+03
3.070000000000000000e+02 4.460720463753821605e+03
3.080000000000000000e+02 4.470099239731373018e+03
3.090000000000000000e+02 4.476835032564854373e+03
3.100000000000000000e+02 4.470729225192865670e+03
3.110000000000000000e+02 4.465568728255539099e+03
3.120000000000000000e+02 4.469186226837255163e+03
3.130000000000000000e+02 4.495773025554669402e+03
3.140000000000000000e+02 4.505753538022612702e+03
3.150000000000000000e+02 4.501415906267677201e+03
3.160000000000000000e+02 4.511469003092293860e+03
3.170000000000000000e+02 4.507178205088176583e+03
3.180000000000000000e+02 4.525830207901339236e+03
3.190000000000000000e+02 4.525666406179769183e+03
3.200000000000000000e+02 4.512077304209571594e+03
3.210000000000000000e+02 4.519169151262605737e+03
3.220000000000000000e+02 4.524625075429133176e+03
3.230000000000000000e+02 4.548451430031537711e+03
3.240000000000000000e+02 4.560245404746778149e+03
3.250000000000000000e+02 4.601360581387849379e+03
3.260000000000000000e+02 4.629272291544278232e+03
3.270000000000000000e+02 4.650127113004744388e+03
3.280000000000000000e+02 4.679490706716741443e+03
3.290000000000000000e+02 4.704518655576108358e+03
3.300000000000000000e+02 4.700344694087028074e+03
3.310000000000000000e+02 4.705114482321688229e+03
3.320000000000000000e+02 4.724337036958731005e+03
3.330000000000000000e+02 4.739551144213109183e+03
3.340000000000000000e+02 4.759770547582258587e+03
3.350000000000000000e+02 4.765299269566192379e+03
3.360000000000000000e+02 4.766656694623849035e+03
3.370000000000000000e+02 4.764353496895470016e+03
3.380000000000000000e+02 4.764390169960192907e+03
3.390000000000000000e+02 4.784681424158841764e+03
3.400000000000000000e+02 4.793999761122590826e+03
3.410000000000000000e+02 4.820289088753050237e+03
3.420000000000000000e+02 4.825588040825859025e+03
3.430000000000000000e+02 4.821925358137126750e+03
3.440000000000000000e+02 4.831427010957237144e+03
3.450000000000000000e+02 4.861060506695627737e+03
3.460000000000000000e+02 4.873366501130898541e+03
3.470000000000000000e+02 4.859942868766373977e+03
3.480000000000000000e+02 4.878363374924024356e+03
3.490000000000000000e+02 4.908953998491556376e+03
3.500000000000000000e+02 4.932015932376286401e+03
3.510000000000000000e+02 4.931336510873144107e+03
3.520000000000000000e+02 4.919648351745654509e+03
3.530000000000000000e+02 4.939890973061468685e+03
3.540000000000000000e+02 4.966424697512141393e+03
3.550000000000000000e+02 5.001447596654272274e+03
3.560000000000000000e+02 5.031167524851824965e+03
3.570000000000000000e+02 5.053980258622388646e+03
3.580000000000000000e+02 5.074646777796595416e+03
3.590000000000000000e+02 5.088715962303478591e+03
3.600000000000000000e+02 5.120621452880453035e+03
3.610000000000000000e+02 5.147091107656347958e+03
3.620000000000000000e+02 5.179247769178758972e+03
3.630000000000000000e+02 5.204360095139909390e+03
3.640000000000000000e+02 5.227224940097820763e+03
3.650000000000000000e+02 5.234410289065533107e+03
3.660000000000000000e+02 5.234504581857173434e+03
3.670000000000000000e+02 5.238095402298585213e+03
3.680000000000000000e+02 5.253141212202627685e+03
3.690000000000000000e+02 5.258581906622650422e+03
3.700000000000000000e+02 5.281408096142397881e+03
3.710000000000000000e+02 5.301550811352610253e+03
3.720000000000000000e+02 5.340759699466736492e+03
3.730000000000000000e+02 5.353241073188582050e+03
3.740000000000000000e+02 5.365353959043895884e+03
3.750000000000000000e+02 5.354432274037651950e+03
3.760000000000000000e+02 5.359814891007361439e+03
3.770000000000000000e+02 5.377437308289207067e+03
3.780000000000000000e+02 5.401176536023970584e+03
3.790000000000000000e+02 5.434355594969048070e+03
3.800000000000000000e+02 5.466046273177701551e+03
3.810000000000000000e+02 5.488977398336253827e+03
3.820000000000000000e+02 5.491446381899912922e+03
3.830000000000000000e+02 5.494183335563889159e+03
3.840000000000000000e+02 5.539082443274635807e+03
3.850000000000000000e+02 5.581248065475761905e+03
3.860000000000000000e+02 5.605941639682976529e+03
3.870000000000000000e+02 5.611299099030736215e+03
3.880000000000000000e+02 5.635616356314213590e+03
3.890000000000000000e+02 5.658934654831357875e+03
3.900000000000000000e+02 5.690930785833972550e+03
3.910000000000000000e+02 5.713039671226403698e+03
3.920000000000000000e+02 5.728492306626057143e+03
3.930000000000000000e+02 5.760716497475492361e+03
3.940000000000000000e+02 5.753124868305897508e+03
3.950000000000000000e+02 5.791366189898495577e+03
3.960000000000000000e+02 5.794295760251197862e+03
3.970000000000000000e+02 5.789113917049022348e+03
3.980000000000000000e+02 5.784520333098766059e+03
3.990000000000000000e+02 5.768847941454025204e+03
4.000000000000000000e+02 5.802877041721989372e+03
4.010000000000000000e+02 5.833089028196754953e+03
4.020000000000000000e+02 5.856009485779677561e+03
4.030000000000000000e+02 5.863368909037298181e+03
4.040000000000000000e+02 5.878538051215808082e+03
4.050000000000000000e+02 5.893992057876669605e+03
4.060000000000000000e+02 5.917931252024315654e+03
4.070000000000000000e+02 5.952809091371477734e+03
4.080000000000000000e+02 5.947489130700496389e+03
4.090000000000000000e+02 5.992028203640968968e+03
4.100000000000000000e+02 5.993551357828593609e+03
4.110000000000000000e+02 6.016944381742680889e+03
4.120000000000000000e+02 6.003989734715753002e+03
4.130000000000000000e+02 5.999428408685205795e+03
4.140000000000000000e+02 6.017755417252837105e+03
4.150000000000000000e+02 6.053517428212490813e+03
4.160000000000000000e+02 6.056143746447147350e+03
4.170000000000000000e+02 6.053767349354535327e+03
4.180000000000000000e+02 6.091766608407093372e+03
4.190000000000000000e+02 6.108493604319147380e+03
4.200000000000000000e+02 6.130308607972589925e+03
4.210000000000000000e+02 6.139984790403927946e+03
4.220000000000000000e+02 6.127625865753636390e+03
4.230000000000000000e+02 6.151077595436179763e+03
4.240000000000000000e+02 6.149765139007819926e+03
4.250000000000000000e+02 6.163228692297568159e+03
4.260000000000000000e+02 6.191745079682264077e+03
4.270000000000000000e+02 6.195247354512388483e+03
4.280000000000000000e+02 6.204933529024827294e+03
4.290000000000000000e+02 6.227622678024967172e+03
4.300000000000000000e+02 6.236600499345938260e+03
4.310000000000000000e+02 6.249372079494370155e+03
4.320000000000000000e+02 6.250049537322404831e+03
4.330000000000000000e+02 6.269001690680154752e+03
4.340000000000000000e+02 6.255090604837148021e+03
4.350000000000000000e+02 6.258796417007932178e+03
4.360000000000000000e+02 6.270363245470982292e+03
4.370000000000000000e+02 6.281901077119856382e+03
4.380000000000000000e+02 6.285720064126679972e+03
4.390000000000000000e+02 6.275006901197755724e+03
4.400000000000000000e+02 6.256270916827602377e+03
4.410000000000000000e+02 6.229761052630325139e+03
4.420000000000000000e+02 6.254347953878812405e+03
4.430000000000000000e+02 6.297934039332202701e+03
4.440000000000000000e+02 6.297831050101439359e+03
4.450000000000000000e+02 6.322987897104039803e+03
4.460000000000000000e+02 6.344631827442742178e+03
4.470000000000000000e+02 6.359863737103757558e+03
4.480000000000000000e+02 6.366785202886018851e+03
4.490000000000000000e+02 6.394077960758394511e+03
4.500000000000000000e+02 6.408250341302677953e+03
4.510000000000000000e+02 6.414644042640394218e+03
4.520000000000000000e+02 6.427756016693949277e+03
4.530000000000000000e+02 6.474303170648825471e+03
4.540000000000000000e+02 6.479022328604820359e+03
4.550000000000000000e+02 6.498490121258138061e+03
4.560000000000000000e+02 6.481128018613713721e+03
4.570000000000000000e+02 6.495567945782682727e+03
4.580000000000000000e+02 6.504625607717646744e+03
4.590000000000000000e+02 6.539656825061113523e+03
4.600000000000000000e+02 6.555154795479211316e+03
4.610000000000000000e+02 6.568354555222083036e+03
4.620000000000000000e+02 6.591434061598768494e+03
4.630000000000000000e+02 6.574055906577577844e+03
4.640000000000000000e+02 6.571472721182621171e+03
4.650000000000000000e+02 6.559845468957923913e+03
4.660000000000000000e+02 6.586413927677706852e+03
4.670000000000000000e+02 6.587887810575786716e+03
4.680000000000000000e+02 6.609294247641130823e+03
4.690000000000000000e+02 6.621544951599311389e+03
4.700000000000000000e+02 6.622534955552828251e+03
4.710000000000000000e+02 6.620275684045751404e+03
4.720000000000000000e+02 6.618842032144569203e+03
4.730000000000000000e+02 6.653140274133394087e+03
4.740000000000000000e+02 6.649803083284483364e+03
4.750000000000000000e+02 6.659254646479063013e+03
4.760000000000000000e+02 6.684972798992644130e+03
4.770000000000000000e+02 6.695392349328601995e+03
4.780000000000000000e+02 6.704102206934726382e+03
4.790000000000000000e+02 6.714463938104642693e+03
4.800000000000000000e+02 6.738625063470270106e+03
4.810000000000000000e+02 6.747149634844712637e+03
4.820000000000000000e+02 6.731702435532663003e+03
4.830000000000000000e+02 6.729246030379112199e+03
4.840000000000000000e+02 6.754867269286064584e+03
4.850000000000000000e+02 6.777831715897885260e+03
4.860000000000000000e+02 6.838707331893494484e+03
4.870000000000000000e+02 6.879962801014810793e+03
4.880000000000000000e+02 6.883124227171238090e+03
4.890000000000000000e+02 6.887120317096427243e+03
4.900000000000000000e+02 6.910865547889218760e+03
4.910000000000000000e+02 6.915130453989390844e+03
4.920000000000000000e+02 6.917737568948240551e+03
4.930000000000000000e+02 6.923088604527895768e+03
4.940000000000000000e+02 6.955880549081401114e+03
4.950000000000000000e+02 6.998495173218613672e+03
4.960000000000000000e+02 6.991949159059846352e+03
4.970000000000000000e+02 6.995906702063482953e+03
4.980000000000000000e+02 7.012145698553578768e+03
4.990000000000000000e+02 7.051509210101374265e+03
5.000000000000000000e+02 7.055003397116252927e+03
5.010000000000000000e+02 7.074127013195666223e+03
5.020000000000000000e+02 7.084008971034529168e+03
5.030000000000000000e+02 7.103143581823584100e+03
5.040000000000000000e+02 7.123105092924734890e+03
5.050000000000000000e+02 7.148052747655287931e+03
5.060000000000000000e+02 7.172005164383888768e+03
5.070000000000000000e+02 7.197560735529266822e+03
5.080000000000000000e+02 7.213251312927398430e+03
5.090000000000000000e+02 7.227297011874001328e+03
5.100000000000000000e+02 7.257743618988961316e+03
5.110000000000000000e+02 7.267003123228100776e+03
5.120000000000000000e+02 7.267799260006471741e+03
5.130000000000000000e+02 7.255224114702034967e+03
5.140000000000000000e+02 7.273558889327123325e+03
5.150000000000000000e+02 7.287747989737126773e+03
5.160000000000000000e+02 7.302891644391852424e+03
5.170000000000000000e+02 7.299652261982223536e+03
5.180000000000000000e+02 7.305748869554019620e+03
5.190000000000000000e+02 7.329765172381337834e+03
5.200000000000000000e+02 7.354432193104215912e+03
5.210000000000000000e+02 7.366692844481123757e+03
5.220000000000000000e+02 7.366582539127661221e+03
5.230000000000000000e+02 7.353234540250320606e+03
5.240000000000000000e+02 7.380632829590308575e+03
5.250000000000000000e+02 7.414332628038826442e+03
5.260000000000000000e+02 7.444228490161535774e+03
5.270000000000000000e+02 7.467388896751667744e+03
5.280000000000000000e+02 7.498946666497867227e+03
5.290000000000000000e+02 7.476162875361773331e+03
5.300000000000000000e+02 7.469940522550809874e+03
5.310000000000000000e+02 7.501634749012941029e+03
5.320000000000000000e+02 7.492698998607449539e+03
5.330000000000000000e+02 7.547104261311945265e+03
5.340000000000000000e+02 7.555856984580814242e+03
5.350000000000000000e+02 7.577727824842096197e+03
5.360000000000000000e+02 7.579091870925918556e+03
5.370000000000000000e+02 7.594867589946084081e+03
5.380000000000000000e+02 7.620468449644320572e+03
5.390000000000000000e+02 7.624609152010565595e+03
5.400000000000000000e+02 7.618602463738966435e+03
5.410000000000000000e+02 7.643769235325328737e+03
5.420000000000000000e+02 7.680949063797648705e+03
5.430000000000000000e+02 7.695032380781158281e+03
5.440000000000000000e+02 7.700603902438761907e+03
5.450000000000000000e+02 7.758576093320091786e+03
5.460000000000000000e+02 7.767472717495054894e+03
5.470000000000000000e+02 7.769808755834986187e+03
5.480000000000000000e+02 7.747868253321007614e+03
5.490000000000000000e+02 7.766025356068194014e+03
5.500000000000000000e+02 7.779480338362424845e+03
5.510000000000000000e+02 7.813613858592493671e+03
5.520000000000000000e+02 7.825920797232259247e+03
5.530000000000000000e+02 7.851295173796509516e+03
5.540000000000000000e+02 7.865978154664408976e+03
5.550000000000000000e+02 7.895442150365705857e+03
5.560000000000000000e+02 7.926954373883857443e+03
5.570000000000000000e+02 7.946089826799217008e+03
5.580000000000000000e+02 7.948028767607202099e+03
5.590000000000000000e+02 7.982975188399455874e+03
5.600000000000000000e+02 7.977259779070906916e+03
5.610000000000000000e+02 7.978405762357749154e+03
5.620000000000000000e+02 7.969758167873162165e+03
5.630000000000000000e+02 7.989269492525480018e+03
5.640000000000000000e+02 7.992802429077765737e+03
5.650000000000000000e+02 7.996904580605460978e+03
5.660000000000000000e+02 7.993104299338267083e+03
5.670000000000000000e+02 7.990969767165403937e+03
5.680000000000000000e+02 8.014218870791942209e+03
5.690000000000000000e+02 8.045566027911851052e+03
5.700000000000000000e+02 8.062015898404068139e+03
5.710000000000000000e+02 8.076353982765476758e+03
5.720000000000000000e+02 8.079389479792394013e+03
5.730000000000000000e+02 8.090504659511021600e+03
5.740000000000000000e+02 8.089745446297246417e+03
5.750000000000000000e+02 8.106997392182825934e+03
5.760000000000000000e+02 8.112636456356557574e+03
5.770000000000000000e+02 8.174890684758498537e+03
5.780000000000000000e+02 8.234438477682346274e+03
5.790000000000000000e+02 8.268097968646628942e+03
5.800000000000000000e+02 8.306246288877786355e+03
5.810000000000000000e+02 8.325875187111898413e+03
5.820000000000000000e+02 8.310068498565571645e+03
5.830000000000000000e+02 8.336859969076056586e+03
5.840000000000000000e+02 8.355963177060586531e+03
5.850000000000000000e+02 8.356377890538722568e+03
5.860000000000000000e+02 8.370766239249462160e+03
5.870000000000000000e+02 8.406812726468089750e+03
5.880000000000000000e+02 8.400742122082685455e+03
5.890000000000000000e+02 8.403979946303519682e+03
5.900000000000000000e+02 8.426112274879669712e+03
5.910000000000000000e+02 8.424183532852446660e+03
5.920000000000000000e+02 8.457139778104265133e+03
5.930000000000000000e+02 8.484992882897066011e+03
5.940000000000000000e+02 8.487643169299868532e+03
5.950000000000000000e+02 8.493082862911340271e+03
5.960000000000000000e+02 8.543108001442784371e+03
5.970000000000000000e+02 8.619382355396599451e+03
5.980000000000000000e+02 8.656806221766772069e+03
5.990000000000000000e+02 8.672992662438025945e+03
6.000000000000000000e+02 8.646548773973057905e+03
6.010000000000000000e+02 8.653443652130374176e+03
6.020000000000000000e+02 8.674258156491408954e+03
6.030000000000000000e+02 8.667196890864650413e+03
6.040000000000000000e+02 8.678311093661668565e+03
6.050000000000000000e+02 8.706887497314515713e+03
6.060000000000000000e+02 8.728066864298289147e+03
6.070000000000000000e+02 8.740480013935241004e+03
6.080000000000000000e+02 8.744620769391673093e+03
6.090000000000000000e+02 8.751055121343355495e+03
6.100000000000000000e+02 8.772306516481748986e+03
6.110000000000000000e+02 8.776211477502531125e+03
6.120000000000000000e+02 8.778981932610173317e+03
6.130000000000000000e+02 8.789350145959517249e+03
6.140000000000000000e+02 8.790041884727887009e+03
6.150000000000000000e+02 8.841410002897282538e+03
6.160000000000000000e+02 8.867319363991002319e+03
6.170000000000000000e+02 8.883960784749113373e+03
6.180000000000000000e+02 8.880740546050963530e+03
6.190000000000000000e+02 8.893888833486507792e+03
6.200000000000000000e+02 8.866596897407946017e+03
6.210000000000000000e+02 8.863805720117075907e+03
6.220000000000000000e+02 8.868008113530295304e+03
6.230000000000000000e+02 8.921837263578676357e+03
6.240000000000000000e+02 8.940343214738742972e+03
6.250000000000000000e+02 8.993380432986066808e+03
6.260000000000000000e+02 8.998603198266891923e+03
6.270000000000000000e+02 9.025618124472865020e+03
6.280000000000000000e+02 9.039460653169377110e+03
6.290000000000000000e+02 9.063719988488473973e+03
6.300000000000000000e+02 9.069609640864926405e+03
6.310000000000000000e+02 9.091530235663807616e+03
6.320000000000000000e+02 9.109412932206878395e+03
6.330000000000000000e+02 9.111809801844447065e+03
6.340000000000000000e+02 9.154870056987110729e+03
6.350000000000000000e+02 9.170949028326345797e+03
6.360000000000000000e+02 9.215358875976849959e+03
6.370000000000000000e+02 9.238646546930969635e+03
6.380000000000000000e+02 9.255085496170670012e+03
6.390000000000000000e+02 9.316247305905015310e+03
6.400000000000000000e+02 9.353609497889374325e+03
6.410000000000000000e+02 9.372351467593856796e+03
6.420000000000000000e+02 9.415318956320412326e+03
6.430000000000000000e+02 9.440076669976417179e+03
6.440000000000000000e+02 9.462004685041851189e+03
6.450000000000000000e+02 9.462021177290927881e+03
6.460000000000000000e+02 9.428642510387222501e+03
6.470000000000000000e+02 9.452300303587018789e+03
6.480000000000000000e+02 9.470203328676612728e+03
6.490000000000000000e+02 9.487520228919964211e+03
6.500000000000000000e+02 9.530642246901330509e+03
6.510000000000000000e+02 9.516677394137544979e+03
6.520000000000000000e+02 9.539518478030904589e+03
6.530000000000000000e+02 9.552678935482323141e+03
6.540000000000000000e+02 9.569007555703377875e+03
6.550000000000000000e+02 9.617000150923026013e+03
6.560000000000000000e+02 9.649711544856385444e+03
6.570000000000000000e+02 9.598351652163637482e+03
6.580000000000000000e+02 9.599871983450795597e+03
6.590000000000000000e+02 9.577863048481389342e+03
6.600000000000000000e+02 9.623821400370812626e+03
6.610000000000000000e+02 9.640724550832972454e+03
6.620000000000000000e+02 9.649638941382125267e+03
6.630000000000000000e+02 9.681491671403189684e+03
6.640000000000000000e+02 9.697879991586487449e+03
6.650000000000000000e+02 9.736997365865270694e+03
6.660000000000000000e+02 9.718949280679173171e+03
6.670000000000000000e+02 9.676067847450854970e+03
6.680000000000000000e+02 9.690277010147621695e+03
6.690000000000000000e+02 9.685801187272221796e+03
6.700000000000000000e+02 9.723929995429265546e+03
6.710000000000000000e+02 9.718027728468814530e+03
6.720000000000000000e+02 9.707379965054855347e+03
6.730000000000000000e+02 9.742951255061085249e+03
6.740000000000000000e+02 9.791295391676694635e+03
6.750000000000000000e+02 9.770207243052547710e+03
6.760000000000000000e+02 9.808822216362530526e+03
6.770000000000000000e+02 9.841803097910578799e+03
6.780000000000000000e+02 9.843154573321857242e+03
6.790000000000000000e+02 9.874016585256367762e+03
6.800000000000000000e+02 9.884799705350294971e+03
6.810000000000000000e+02 9.867182110503867079e+03
6.820000000000000000e+02 9.877474530329300251e+03
6.830000000000000000e+02 9.881063670314237243e+03
6.840000000000000000e+02 9.910525616583116062e+03
6.850000000000000000e+02 9.889160241771729488e+03
6.860000000000000000e+02 9.870824565614704625e+03
6.870000000000000000e+02 9.882517774965044737e+03
6.880000000000000000e+02 9.878783343231063554e+03
6.890000000000000000e+02 9.891927283071519923e+03
6.900000000000000000e+02 9.918062219194789577e+03
6.910000000000000000e+02 9.914675913103179482e+03
6.920000000000000000e+02 9.933136396904334106e+03
6.930000000000000000e+02 9.936181460452757165e+03
6.940000000000000000e+02 9.955403288757483097e+03
6.950000000000000000e+02 9.959278051223978764e+03
6.960000000000000000e+02 9.991086036490643892e+03
6.970000000000000000e+02 9.992920874336892666e+03
6.980000000000000000e+02 9.977888415830937447e+03
6.990000000000000000e+02 9.959356319284004712e+03
7.000000000000000000e+02 9.963510266855808368e+03
7.010000000000000000e+02 9.996281597029190380e+03
7.020000000000000000e+02 1.001015213299633433e+04
7.030000000000000000e+02 1.000421201712671063e+04
7.040000000000000000e+02 1.000812613398531175e+04
7.050000000000000000e+02 9.995971103061137910e+03
7.060000000000000000e+02 1.001604188803892976e+04
7.070000000000000000e+02 1.004160830276521847e+04
7.080000000000000000e+02 1.007217457658912645e+04
7.090000000000000000e+02 1.009263926865152098e+04
7.100000000000000000e+02 1.012398951523282449e+04
7.110000000000000000e+02 1.012135972911429781e+04
7.120000000000000000e+02 1.014090842319918374e+04
7.130000000000000000e+02 1.012712558053358589e+04
7.140000000000000000e+02 1.014079196511912596e+04
7.150000000000000000e+02 1.017990940186688931e+04
7.160000000000000000e+02 1.017730064461593247e+04
7.170000000000000000e+02 1.018524717282676102e+04
7.180000000000000000e+02 1.022543939772532212e+04
7.190000000000000000e+02 1.024117373225590018e+04
7.200000000000000000e+02 1.024636878137823987e+04
7.210000000000000000e+02 1.024932501571269859e+04
7.220000000000000000e+02 1.028076737249681719e+04
7.230000000000000000e+02 1.028634403118426962e+04
7.240000000000000000e+02 1.030527627561526424e+04
7.250000000000000000e+02 1.035724811400408362e+04
7.260000000000000000e+02 1.038854596583470993e+04
7.270000000000000000e+02 1.039258198456329410e+04
7.280000000000000000e+02 1.040743727342564671e+04
7.290000000000000000e+02 1.044902109069113067e+04
7.300000000000000000e+02 1.041882012494861920e+04
7.310000000000000000e+02 1.040759620077939690e+04
7.320000000000000000e+02 1.039446007888266104e+04
7.330000000000000000e+02 1.042891849145889864e+04
7.340000000000000000e+02 1.043521532240925080e+04
7.350000000000000000e+02 1.044360741041870278e+04
7.360000000000000000e+02 1.045604234510292008e+04
7.370000000000000000e+02 1.048906929223673615e+04
7.380000000000000000e+02 1.048310999004737459e+04
7.390000000000000000e+02 1.049101242936537346e+04
7.400000000000000000e+02 1.050870415012030935e+04
7.410000000000000000e+02 1.049835834895717016e+04
7.420000000000000000e+02 1.049974049947204549e+04
7.430000000000000000e+02 1.050057300632521583e+04
7.440000000000000000e+02 1.050214550722535387e+04
7.450000000000000000e+02 1.050899089918290701e+04
7.460000000000000000e+02 1.051480223116238085e+04
7.470000000000000000e+02 1.049442487759650248e+04
7.480000000000000000e+02 1.049277228167943940e+04
7.490000000000000000e+02 1.052427460477675959e+04
7.500000000000000000e+02 1.055435211865374367e+04
7.510000000000000000e+02 1.054897562016805205e+04
7.520000000000000000e+02 1.060644414653247622e+04
7.530000000000000000e+02 1.065170813335237472e+04
7.540000000000000000e+02 1.067402166332650086e+04
7.550000000000000000e+02 1.066390268511250360e+04
7.560000000000000000e+02 1.067068494765688592e+04
7.570000000000000000e+02 1.065929244687556456e+04
7.580000000000000000e+02 1.066669650041636669e+04
7.590000000000000000e+02 1.067128500418786462e+04
7.600000000000000000e+02 1.065398613415048567e+04
7.610000000000000000e+02 1.065140752922322645e+04
7.620000000000000000e+02 1.066608077998328008e+04
7.630000000000000000e+02 1.067499704668676895e+04
7.640000000000000000e+02 1.065988712690878492e+04
7.650000000000000000e+02 1.066976065645876588e+04
7.660000000000000000e+02 1.069724350623011924e+04
7.670000000000000000e+02 1.072048210273251425e+04
7.680000000000000000e+02 1.074981383007821569e+04
7.690000000000000000e+02 1.078677268043464210e+04
7.700000000000000000e+02 1.083585832607173506e+04
7.710000000000000000e+02 1.082364792136974756e+04
7.720000000000000000e+02 1.079973066487703909e+04
7.730000000000000000e+02 1.084879462123230769e+04
7.740000000000000000e+02 1.085478455356150153e+04
7.750000000000000000e+02 1.088042854428826831e+04
7.760000000000000000e+02 1.091757297334824761e+04
7.770000000000000000e+02 1.093032701543009534e+04
7.780000000000000000e+02 1.092446616652948433e+04
7.790000000000000000e+02 1.099463059232248816e+04
7.800000000000000000e+02 1.098280606546555464e+04
7.810000000000000000e+02 1.100954204453300008e+04
7.820000000000000000e+02 1.103077633870296813e+04
7.830000000000000000e+02 1.101186104015167257e+04
7.840000000000000000e+02 1.102368519204341828e+04
7.850000000000000000e+02 1.104059735595184793e+04
7.860000000000000000e+02 1.106763585804321519e+04
7.870000000000000000e+02 1.111715278781819688e+04
7.880000000000000000e+02 1.107652545801701672e+04
7.890000000000000000e+02 1.110328513816034501e+04
7.900000000000000000e+02 1.110500277499059666e+04
7.910000000000000000e+02 1.112098082324507050e+04
7.920000000000000000e+02 1.115493064333840994e+04
7.930000000000000000e+02 1.113732082208626889e+04
7.940000000000000000e+02 1.113751241793984809e+04
7.950000000000000000e+02 1.114046590511420800e+04
7.960000000000000000e+02 1.118849094396377768e+04
7.970000000000000000e+02 1.119484846938247028e+04
7.980000000000000000e+02 1.123510503656611581e+04
7.990000000000000000e+02 1.124025916905401027e+04
8.000000000000000000e+02 1.129297120048521356e+04
8.010000000000000000e+02 1.129060755336424518e+04
8.020000000000000000e+02 1.131155744361298457e+04
8.030000000000000000e+02 1.131648944678819316e+04
8.040000000000000000e+02 1.132480335529346667e+04
8.050000000000000000e+02 1.135815560621252916e+04
8.060000000000000000e+02 1.138602759746938318e+04
8.070000000000000000e+02 1.138826408315737353e+04
8.080000000000000000e+02 1.140219792987011533e+04
8.090000000000000000e+02 1.142406337299608458e+04
8.100000000000000000e+02 1.140257512162169951e+04
8.110000000000000000e+02 1.139890245415412210e+04
8.120000000000000000e+02 1.136356965218020559e+04
8.130000000000000000e+02 1.135515758528820879e+04
8.140000000000000000e+02 1.138077830469664514e+04
8.150000000000000000e+02 1.140676613993432875e+04
8.160000000000000000e+02 1.141477058097597910e+04
8.170000000000000000e+02 1.139536746311121351e+04
8.180000000000000000e+02 1.140667343840690774e+04
8.190000000000000000e+02 1.145508524059198862e+04
8.200000000000000000e+02 1.149062243826917984e+04
8.210000000000000000e+02 1.150808583429865394e+04
8.220000000000000000e+02 1.152833792038892898e+04
8.230000000000000000e+02 1.154426433454553262e+04
8.240000000000000000e+02 1.152984513072604750e+04
8.250000000000000000e+02 1.155414401836221441e+04
8.260000000000000000e+02 1.160147841530667756e+04
8.270000000000000000e+02 1.158413956738949128e+04
8.280000000000000000e+02 1.154978117860486236e+04
8.290000000000000000e+02 1.156420264267001585e+04
8.300000000000000000e+02 1.159131952306024323e+04
8.310000000000000000e+02 1.161468151465442315e+04
8.320000000000000000e+02 1.163817002266583768e+04
8.330000000000000000e+02 1.167388135602920738e+04
8.340000000000000000e+02 1.168366633776825620e+04
8.350000000000000000e+02 1.171765387574981287e+04
8.360000000000000000e+02 1.172773905298984937e+04
8.370000000000000000e+02 1.175322870029555452e+04
8.380000000000000000e+02 1.178225894074990356e+04
8.390000000000000000e+02 1.180480369738519221e+04
8.400000000000000000e+02 1.179874701099961931e+04
8.410000000000000000e+02 1.180716638021402832e+04
8.420000000000000000e+02 1.182326582994149248e+04
8.430000000000000000e+02 1.182560169236358524e+04
8.440000000000000000e+02 1.185655155389986430e+04
8.450000000000000000e+02 1.185564685008380002e+04
8.460000000000000000e+02 1.185252462490465950e+04
8.470000000000000000e+02 1.185309221956900547e+04
8.480000000000000000e+02 1.185128076700654492e+04
8.490000000000000000e+02 1.186549253958012559e+04
8.500000000000000000e+02 1.187396787577096984e+04
8.510000000000000000e+02 1.191002926850042968e+04
8.520000000000000000e+02 1.191760016795328556e+04
8.530000000000000000e+02 1.187892733649644288e+04
8.540000000000000000e+02 1.185842000067665140e+04
8.550000000000000000e+02 1.184933043093452579e+04
8.560000000000000000e+02 1.186601268197341597e+04
8.570000000000000000e+02 1.194375395133667735e+04
8.580000000000000000e+02 1.200192237429073612e+04
8.590000000000000000e+02 1.205235718792574698e+04
8.600000000000000000e+02 1.208796858868278650e+04
8.610000000000000000e+02 1.210976380127836273e+04
8.620000000000000000e+02 1.211017472407316382e+04
8.630000000000000000e+02 1.214603003732921024e+04
8.640000000000000000e+02 1.213672417775257236e+04
8.650000000000000000e+02 1.215243257828626702e+04
8.660000000000000000e+02 1.222739201619304367e+04
8.670000000000000000e+02 1.223905823788541420e+04
8.680000000000000000e+02 1.224231241763512298e+04
8.690000000000000000e+02 1.220464206021242171e+04
8.700000000000000000e+02 1.220904799831821765e+04
8.710000000000000000e+02 1.222867462391758090e+04
8.720000000000000000e+02 1.225794129251954837e+04
8.730000000000000000e+02 1.226663194579587071e+04
8.740000000000000000e+02 1.231278230898064430e+04
8.750000000000000000e+02 1.234902201231734944e+04
8.760000000000000000e+02 1.240217333235389924e+04
8.770000000000000000e+02 1.243551918460125671e+04
8.780000000000000000e+02 1.242858632831835348e+04
8.790000000000000000e+02 1.243305200099868125e+04
8.800000000000000000e+02 1.244517304994020014e+04
8.810000000000000000e+02 1.244218758395563600e+04
8.820000000000000000e+02 1.246892072567368268e+04
8.830000000000000000e+02 1.244814471377613700e+04
8.840000000000000000e+02 1.248986075641563366e+04
8.850000000000000000e+02 1.254697107200267601e+04
8.860000000000000000e+02 1.254820158940907640e+04
8.870000000000000000e+02 1.256750384050040520e+04
8.880000000000000000e+02 1.254925614107095316e+04
8.890000000000000000e+02 1.254454593228322847e+04
8.900000000000000000e+02 1.254196272462577326e+04
8.910000000000000000e+02 1.255185085377900214e+04
8.920000000000000000e+02 1.261613315264718403e+04
8.930000000000000000e+02 1.259091710952131689e+04
8.940000000000000000e+02 1.259085514996095662e+04
8.950000000000000000e+02 1.256612696703302936e+04
8.960000000000000000e+02 1.259152415788516009e+04
8.970000000000000000e+02 1.261649656893286192e+04
8.980000000000000000e+02 1.263515590667961442e+04
8.990000000000000000e+02 1.261719157195135813e+04
9.000000000000000000e+02 1.261795341801500763e+04
9.010000000000000000e+02 1.260012005616360693e+04
9.020000000000000000e+02 1.259024416202027351e+04
9.030000000000000000e+02 1.257158994599163452e+04
9.040000000000000000e+02 1.255676476129925504e+04
9.050000000000000000e+02 1.257349775734898685e+04
9.060000000000000000e+02 1.262159792769179694e+04
9.070000000000000000e+02 1.261411907072167014e+04
9.080000000000000000e+02 1.263997187067589584e+04
9.090000000000000000e+02 1.264161968586429794e+04
9.100000000000000000e+02 1.269688078634614794e+04
9.110000000000000000e+02 1.273257990509793672e+04
9.120000000000000000e+02 1.274436581756764463e+04
9.130000000000000000e+02 1.277145457488472493e+04
9.140000000000000000e+02 1.278506192148557784e+04
9.150000000000000000e+02 1.281010600198097200e+04
9.160000000000000000e+02 1.279956941846157315e+04
9.170000000000000000e+02 1.283151162134599508e+04
9.180000000000000000e+02 1.285423200914456538e+04
9.190000000000000000e+02 1.285854546943174319e+04
9.200000000000000000e+02 1.288454419248682825e+04
9.210000000000000000e+02 1.292615783580782045e+04
9.220000000000000000e+02 1.295575246318321842e+04
9.230000000000000000e+02 1.300375470325966126e+04
9.240000000000000000e+02 1.302183238082272692e+04
9.250000000000000000e+02 1.299923030835099962e+04
9.260000000000000000e+02 1.300272530175812062e+04
9.270000000000000000e+02 1.302572638475687927e+04
9.280000000000000000e+02 1.306546407967132836e+04
9.290000000000000000e+02 1.311455569115952130e+04
9.300000000000000000e+02 1.312009197201951247e+04
9.310000000000000000e+02 1.309470317705505840e+04
9.320000000000000000e+02 1.307879176761804592e+04
9.330000000000000000e+02 1.311701752958139696e+04
9.340000000000000000e+02 1.318358489988544534e+04
9.350000000000000000e+02 1.321415827412830549e+04
9.360000000000000000e+02 1.321467713667530916e+04
9.370000000000000000e+02 1.321548794016413012e+04
9.380000000000000000e+02 1.323813824820584159e+04
9.390000000000000000e+02 1.324653850287398200e+04
9.400000000000000000e+02 1.327756223411288738e+04
9.410000000000000000e+02 1.331161130879994198e+04
9.420000000000000000e+02 1.333705726968714225e+04
9.430000000000000000e+02 1.333920947127031468e+04
9.440000000000000000e+02 1.335403148963927197e+04
9.450000000000000000e+02 1.337918145064250712e+04
9.460000000000000000e+02 1.341849271164720994e+04
9.470000000000000000e+02 1.341616661197858775e+04
9.480000000000000000e+02 1.342330207883766889e+04
9.490000000000000000e+02 1.345576581659719341e+04
9.500000000000000000e+02 1.348122519559185639e+04
9.510000000000000000e+02 1.348022140279200175e+04
9.520000000000000000e+02 1.349757891472270421e+04
9.530000000000000000e+02 1.345468455214597816e+04
9.540000000000000000e+02 1.345182027542690412e+04
9.550000000000000000e+02 1.340013418310192901e+04
9.560000000000000000e+02 1.341464381114912794e+04
9.570000000000000000e+02 1.341496762409984149e+04
9.580000000000000000e+02 1.344216626301969700e+04
9.590000000000000000e+02 1.349800286938676618e+04
9.600000000000000000e+02 1.351118647782844346e+04
9.610000000000000000e+02 1.351789974998484831e+04
9.620000000000000000e+02 1.352354191742839248e+04
9.630000000000000000e+02 1.353691949731173190e+04
9.640000000000000000e+02 1.353113736408813566e+04
9.650000000000000000e+02 1.350389649607585670e+04
9.660000000000000000e+02 1.351917113291604255e+04
9.670000000000000000e+02 1.353816227314945900e+04
9.680000000000000000e+02 1.355261522599964883e+04
9.690000000000000000e+02 1.355535429623318851e+04
9.700000000000000000e+02 1.362469254455149348e+04
9.710000000000000000e+02 1.369054123116776464e+04
9.720000000000000000e+02 1.373019442752748182e+04
9.730000000000000000e+02 1.374592040570509744e+04
9.740000000000000000e+02 1.379402456255437937e+04
9.750000000000000000e+02 1.383936322243799987e+04
9.760000000000000000e+02 1.384788645937247747e+04
9.770000000000000000e+02 1.388388127293839534e+04
9.780000000000000000e+02 1.391272912406666183e+04
9.790000000000000000e+02 1.391452129951970164e+04
9.800000000000000000e+02 1.400132378446879193e+04
9.810000000000000000e+02 1.403157888275928417e+04
9.820000000000000000e+02 1.404655610919787796e+04
9.830000000000000000e+02 1.405772813420033708e+04
9.840000000000000000e+02 1.409673951114923875e+04
9.850000000000000000e+02 1.412152231933648363e+04
9.860000000000000000e+02 1.416581787960244219e+04
9.870000000000000000e+02 1.416290886917241733e+04
9.880000000000000000e+02 1.419628528239602201e+04
9.890000000000000000e+02 1.419587265230208322e+04
9.900000000000000000e+02 1.421352567572143380e+04
9.910000000000000000e+02 1.424789110559322580e+04
9.920000000000000000e+02 1.423236455955452402e+04
9.930000000000000000e+02 1.431455823612570384e+04
9.940000000000000000e+02 1.433354444719639287e+04
9.950000000000000000e+02 1.433201831263834902e+04
9.960000000000000000e+02 1.434318306714478604e+04
9.970000000000000000e+02 1.433537781356467349e+04
9.980000000000000000e+02 1.434722591305470269e+04
9.990000000000000000e+02 1.435755523785978585e+04
1.000000000000000000e+03 1.440533349088669820e+04
1.001000000000000000e+03 1.444818712068962122e+04
1.002000000000000000e+03 1.444512273409694717e+04
1.003000000000000000e+03 1.445678842077439185e+04
1.004000000000000000e+03 1.448748333307086796e+04
1.005000000000000000e+03 1.450383636442581337e+04
1.006000000000000000e+03 1.453268395800616963e+04
1.007000000000000000e+03 1.458029233898039274e+04
1.008000000000000000e+03 1.457544788467831859e+04
1.009000000000000000e+03 1.455025224163980602e+04
1.010000000000000000e+03 1.459256855864950558e+04
1.011000000000000000e+03 1.460915911441698154e+04
1.012000000000000000e+03 1.460441620295099892e+04
1.013000000000000000e+03 1.465767722777234667e+04
1.014000000000000000e+03 1.466021293407213307e+04
1.015000000000000000e+03 1.463276327824008513e+04
1.016000000000000000e+03 1.459163560067301478e+04
1.017000000000000000e+03 1.462934780744929594e+04
1.018000000000000000e+03 1.462437654746573753e+04
1.019000000000000000e+03 1.462238682256015090e+04
1.020000000000000000e+03 1.457102421675477672e+04
1.021000000000000000e+03 1.459055207815162248e+04
1.022000000000000000e+03 1.461690349935881750e+04
1.023000000000000000e+03 1.467844338886564401e+04
1.024000000000000000e+03 1.469618350114909117e+04
1.025000000000000000e+03 1.467872137592949184e+04
1.026000000000000000e+03 1.467113549609524307e+04
1.027000000000000000e+03 1.473123438969338713e+04
1.028000000000000000e+03 1.475820268068775840e+04
1.029000000000000000e+03 1.477127301223547693e+04
1.030000000000000000e+03 1.478057920490775723e+04
1.031000000000000000e+03 1.475602514776035605e+04
1.032000000000000000e+03 1.480074583154853826e+04
1.033000000000000000e+03 1.484043472855883738e+04
1.034000000000000000e+03 1.486926707790399632e+04
1.035000000000000000e+03 1.489456386809505420e+04
1.036000000000000000e+03 1.486963975527996627e+04
1.037000000000000000e+03 1.489948218012764846e+04
1.038000000000000000e+03 1.494695879931737363e+04
1.039000000000000000e+03 1.494940857011851767e+04
1.040000000000000000e+03 1.496504051241807429e+04
1.041000000000000000e+03 1.500759971655101072e+04
1.042000000000000000e+03 1.503058182216304522e+04
1.043000000000000000e+03 1.501857498852265780e+04
1.044000000000000000e+03 1.506942147452839708e+04
1.045000000000000000e+03 1.508259948869708387e+04
1.046000000000000000e+03 1.509148100970058658e+04
1.047000000000000000e+03 1.507452191916282936e+04
1.048000000000000000e+03 1.504689918929339547e+04
1.049000000000000000e+03 1.505578263797657019e+04
1.050000000000000000e+03 1.501741394108034001e+04
1.051000000000000000e+03 1.503625292582931070e+04
1.052000000000000000e+03 1.500022578562688614e+04
1.053000000000000000e+03 1.501414104897704419e+04
1.054000000000000000e+03 1.507912238297519616e+04
1.055000000000000000e+03 1.509816081088067585e+04
1.056000000000000000e+03 1.512627261748119054e+04
1.057000000000000000e+03 1.517922336539090247e+04
1.058000000000000000e+03 1.521492365653089655e+04
1.059000000000000000e+03 1.522528294061930865e+04
1.060000000000000000e+03 1.527447877383357991e+04
1.061000000000000000e+03 1.529289584990889489e+04
1.062000000000000000e+03 1.529939002109544163e+04
1.063000000000000000e+03 1.529082652470031644e+04
1.064000000000000000e+03 1.530770674337309902e+04
1.065000000000000000e+03 1.530710649731245940e+04
1.066000000000000000e+03 1.528991153202321766e+04
1.067000000000000000e+03 1.533132405695319176e+04
1.068000000000000000e+03 1.534237608409124005e+04
1.069000000000000000e+03 1.534110166085236051e+04
1.070000000000000000e+03 1.535887275514859175e+04
1.071000000000000000e+03 1.537497412332493877e+04
1.072000000000000000e+03 1.539811416042640667e+04
1.073000000000000000e+03 1.546098387515424292e+04
1.074000000000000000e+03 1.550123078180055745e+04
1.075000000000000000e+03 1.551424882449433062e+04
1.076000000000000000e+03 1.553434037167164752e+04
1.077000000000000000e+03 1.556809947161929449e+04
1.078000000000000000e+03 1.561525328334218466e+04
1.079000000000000000e+03 1.561434827218754799e+04
1.080000000000000000e+03 1.565347529634452258e+04
1.081000000000000000e+03 1.568644828022985166e+04
1.082000000000000000e+03 1.571102335971637513e+04
1.083000000000000000e+03 1.573898383088946139e+04
1.084000000000000000e+03 1.576648191313395910e+04
1.085000000000000000e+03 1.578253098944955673e+04
1.086000000000000000e+03 1.578529719135515552e+04
1.087000000000000000e+03 1.581862833816064449e+04
1.088000000000000000e+03 1.583026170163460483e+04
1.089000000000000000e+03 1.585506158209524983e+04
1.090000000000000000e+03 1.588551424788306031e+04
1.091000000000000000e+03 1.586325976435493976e+04
1.092000000000000000e+03 1.584922197053933996e+04
1.093000000000000000e+03 1.581571569911696679e+04
1.094000000000000000e+03 1.581216466827236582e+04
1.095000000000000000e+03 1.581273723476847226e+04
1.096000000000000000e+03 1.579305606681619247e+04
1.097000000000000000e+03 1.575424547613631694e+04
1.098000000000000000e+03 1.572803179687822376e+04
1.099000000000000000e+03 1.573605897357054346e+04
1.100000000000000000e+03 1.572330003319333264e+04
1.101000000000000000e+03 1.571769249559768832e+04
1.102000000000000000e+03 1.570302468482394397e+04
1.103000000000000000e+03 1.573981406722503743e+04
1.104000000000000000e+03 1.575834642989675376e+04
1.105000000000000000e+03 1.581017013711236177e+04
1.106000000000000000e+03 1.582396925439225924e+04
1.107000000000000000e+03 1.580712777025624200e+04
1.108000000000000000e+03 1.584955299735314475e+04
1.109000000000000000e+03 1.587467482071620361e+04
1.110000000000000000e+03 1.587397269776010398e+04
1.111000000000000000e+03 1.587080768637006440e+04
1.112000000000000000e+03 1.587822118147127549e+04
1.113000000000000000e+03 1.588038865644261932e+04
1.114000000000000000e+03 1.591040829308645334e+04
1.115000000000000000e+03 1.593040015305034467e+04
1.116000000000000000e+03 1.589250187399674905e+04
1.117000000000000000e+03 1.593259736211909876e+04
1.118000000000000000e+03 1.591528679263148115e+04
1.119000000000000000e+03 1.591819596168492717e+04
1.120000000000000000e+03 1.586952955333072350e+04
1.121000000000000000e+03 1.587553550752690171e+04
1.122000000000000000e+03 1.589868765852768956e+04
1.123000000000000000e+03 1.592034634684434241e+04
1.124000000000000000e+03 1.599706105530767127e+04
1.125000000000000000e+03 1.600810757814793214e+04
1.126000000000000000e+03 1.605381560248575443e+04
1.127000000000000000e+03 1.611183337398269941e+04
1.128000000000000000e+03 1.612704529105040638e+04
1.129000000000000000e+03 1.620967718476650043e+04
1.130000000000000000e+03 1.616300790126630272e+04
1.131000000000000000e+03 1.616890896497590984e+04
1.132000000000000000e+03 1.617515987292241698e+04
1.133000000000000000e+03 1.615543550004633471e+04
1.134000000000000000e+03 1.619737272002020109e+04
1.135000000000000000e+03 1.625488497636009379e+04
1.136000000000000000e+03 1.625404987947760128e+04
1.137000000000000000e+03 1.626684929149882737e+04
1.138000000000000000e+03 1.625787033082971720e+04
1.139000000000000000e+03 1.625179076984541825e+04
1.140000000000000000e+03 1.624770668922933692e+04
1.141000000000000000e+03 1.627260174277173792e+04
1.142000000000000000e+03 1.623931243942675064e+04
1.143000000000000000e+03 1.625557258010497208e+04
1.144000000000000000e+03 1.630277936546831188e+04
1.145000000000000000e+03 1.628516959461741681e+04
1.146000000000000000e+03 1.626667518782121624e+04
1.147000000000000000e+03 1.624105909400872224e+04
1.148000000000000000e+03 1.621364731754953391e+04
1.149000000000000000e+03 1.624923678828015545e+04
1.150000000000000000e+03 1.624974899677653411e+04
1.151000000000000000e+03 1.625487130086590696e+04
1.152000000000000000e+03 1.627198059116534387e+04
1.153000000000000000e+03 1.628840539342403645e+04
1.154000000000000000e+03 1.624629429283789614e+04
1.155000000000000000e+03 1.629331436133510215e+04
1.156000000000000000e+03 1.634321662945845310e+04
1.157000000000000000e+03 1.633365659213919207e+04
1.158000000000000000e+03 1.636545817564574645e+04
1.159000000000000000e+03 1.636513889067032142e+04
1.160000000000000000e+03 1.633614394000208085e+04
1.161000000000000000e+03 1.634457920526802263e+04
1.162000000000000000e+03 1.634302410343776319e+04
1.163000000000000000e+03 1.636443142110644658e+04
1.164000000000000000e+03 1.639302273303838228e+04
1.165000000000000000e+03 1.637577102809136159e+04
1.166000000000000000e+03 1.639851640268487245e+04
1.167000000000000000e+03 1.646900571464395034e+04
1.168000000000000000e+03 1.649869045540125808e+04
1.169000000000000000e+03 1.649341752896052640e+04
1.170000000000000000e+03 1.651251635173415707e+04
1.171000000000000000e+03 1.657686672926819301e+04
1.172000000000000000e+03 1.658910704370107851e+04
1.173000000000000000e+03 1.658996873098543801e+04
1.174000000000000000e+03 1.657159401631406217e+04
1.175000000000000000e+03 1.657737722813593427e+04
1.176000000000000000e+03 1.654620064765709321e+04
1.177000000000000000e+03 1.655222517744698052e+04
1.178000000000000000e+03 1.657933278653367961e+04
1.179000000000000000e+03 1.664129556307003440e+04
1.180000000000000000e+03 1.666987044244135177e+04
1.181000000000000000e+03 1.663166978121123611e+04
1.182000000000000000e+03 1.663800521952097915e+04
1.183000000000000000e+03 1.666576732945674303e+04
1.184000000000000000e+03 1.667363160637587862e+04
1.185000000000000000e+03 1.667238823695101019e+04
1.186000000000000000e+03 1.669956388159371636e+04
1.187000000000000000e+03 1.668953338771255585e+04
1.188000000000000000e+03 1.672859223188761825e+04
1.189000000000000000e+03 1.669756766480066290e+04
1.190000000000000000e+03 1.670438067842899545e+04
1.191000000000000000e+03 1.668344080258836766e+04
1.192000000000000000e+03 1.670218730078558656e+04
1.193000000000000000e+03 1.675607394091788592e+04
1.194000000000000000e+03 1.677514036300686712e+04
1.195000000000000000e+03 1.678282592773768920e+04
1.196000000000000000e+03 1.680377808059212111e+04
1.197000000000000000e+03 1.683213559387128771e+04
1.198000000000000000e+03 1.685093423223184072e+04
1.199000000000000000e+03 1.680593384163615701e+04
1.200000000000000000e+03 1.683420613736392988e+04
1.201000000000000000e+03 1.680474917537954752e+04
1.202000000000000000e+03 1.678952926399144781e+04
1.203000000000000000e+03 1.681773471626434912e+04
1.204000000000000000e+03 1.682165751669582460e+04
1.205000000000000000e+03 1.682454118058915992e+04
1.206000000000000000e+03 1.686854664233657968e+04
1.207000000000000000e+03 1.688704083620560050e+04
1.208000000000000000e+03 1.687034961611239123e+04
1.209000000000000000e+03 1.689399336427275193e+04
1.210000000000000000e+03 1.688152406596854416e+04
1.211000000000000000e+03 1.695126083558513710e+04
1.212000000000000000e+03 1.696428877536921209e+04
1.213000000000000000e+03 1.701575832786654064e+04
1.214000000000000000e+03 1.705589602366518739e+04
1.215000000000000000e+03 1.704609442063812457e+04
1.216000000000000000e+03 1.705814615586587752e+04
1.217000000000000000e+03 1.706828881313196325e+04
1.218000000000000000e+03 1.705321441319357473e+04
1.219000000000000000e+03 1.709346757109690225e+04
1.220000000000000000e+03 1.711260634604301231e+04
1.221000000000000000e+03 1.709917786964264087e+04
1.222000000000000000e+03 1.712127346890096305e+04
1.223000000000000000e+03 1.718513430604023597e+04
1.224000000000000000e+03 1.722863108931534953e+04
1.225000000000000000e+03 1.722699513333263167e+04
1.226000000000000000e+03 1.725625220706739128e+04
1.227000000000000000e+03 1.727779530368856285e+04
1.228000000000000000e+03 1.728928555977202632e+04
1.229000000000000000e+03 1.731511454039501768e+04
1.230000000000000000e+03 1.730318564115965273e+04
1.231000000000000000e+03 1.730919853017087371e+04
1.232000000000000000e+03 1.736148238712840612e+04
1.233000000000000000e+03 1.740583200812588257e+04
1.234000000000000000e+03 1.742722226988651892e+04
1.235000000000000000e+03 1.741095275633617712e+04
1.236000000000000000e+03 1.748063526470656507e+04
1.237000000000000000e+03 1.745549221408849553e+04
1.238000000000000000e+03 1.744880486099797781e+04
1.239000000000000000e+03 1.748231612823858450e+04
1.240000000000000000e+03 1.747562311094074175e+04
1.241000000000000000e+03 1.747295484031342858e+04
1.242000000000000000e+03 1.750583994912475100e+04
1.243000000000000000e+03 1.749134431934159875e+04
1.244000000000000000e+03 1.746097686400431849e+04
1.245000000000000000e+03 1.746617746722216543e+04
1.246000000000000000e+03 1.750644236314877344e+04
1.247000000000000000e+03 1.751178732945720549e+04
1.248000000000000000e+03 1.752031368792479043e+04
1.249000000000000000e+03 1.753963809605708957e+04
1.250000000000000000e+03 1.755843558173239580e+04
1.251000000000000000e+03 1.757048363253175194e+04
1.252000000000000000e+03 1.758487867834970166e+04
1.253000000000000000e+03 1.766191096575971096e+04
1.254000000000000000e+03 1.767016279479329023e+04
1.255000000000000000e+03 1.771481854146486876e+04
1.256000000000000000e+03 1.773080561257192312e+04
1.257000000000000000e+03 1.774087733704407219e+04
1.258000000000000000e+03 1.769642511536321035e+04
1.259000000000000000e+03 1.767255779832802000e+04
1.260000000000000000e+03 1.772018587797056898e+04
1.261000000000000000e+03 1.776043958275135446e+04
1.262000000000000000e+03 1.782558505400986542e+04
1.263000000000000000e+03 1.781771644370341528e+04
1.264000000000000000e+03 1.784733260428552603e+04
1.265000000000000000e+03 1.786117877612136363e+04
1.266000000000000000e+03 1.785718787227493522e+04
1.267000000000000000e+03 1.787675459647252501e+04
1.268000000000000000e+03 1.788344325153094542e+04
1.269000000000000000e+03 1.789113201042984292e+04
1.270000000000000000e+03 1.793286110741131415e+04
1.271000000000000000e+03 1.794763642359538426e+04
1.272000000000000000e+03 1.787808629812108120e+04
1.273000000000000000e+03 1.783128222918033134e+04
1.274000000000000000e+03 1.785937126712756435e+04
1.275000000000000000e+03 1.787100590856976123e+04
1.276000000000000000e+03 1.790820550034558255e+04
1.277000000000000000e+03 1.791329309917386126e+04
1.278000000000000000e+03 1.794334502553237326e+04
1.279000000000000000e+03 1.799604313138756697e+04
1.280000000000000000e+03 1.804720576283763876e+04
1.281000000000000000e+03 1.807447191001039391e+04
1.282000000000000000e+03 1.808103790331638811e+04
1.283000000000000000e+03 1.808065014067321681e+04
1.284000000000000000e+03 1.807218555512819148e+04
1.285000000000000000e+03 1.809170417583637027e+04
1.286000000000000000e+03 1.813607677441044871e+04
1.287000000000000000e+03 1.819403494814698206e+04
1.288000000000000000e+03 1.818956792729088920e+04
1.289000000000000000e+03 1.817888705448423570e+04
1.290000000000000000e+03 1.820065167527176527e+04
1.291000000000000000e+03 1.823548306685770513e+04
1.292000000000000000e+03 1.826428808241229126e+04
1.293000000000000000e+03 1.825710950247880101e+04
1.294000000000000000e+03 1.826415747449144328e+04
1.295000000000000000e+03 1.829365707040619600e+04
1.296000000000000000e+03 1.830656881366543166e+04
1.297000000000000000e+03 1.833755962623301821e+04
1.298000000000000000e+03 1.832274570495555963e+04
1.299000000000000000e+03 1.834694406006457575e+04
1.300000000000000000e+03 1.832190533097854495e+04
1.301000000000000000e+03 1.831984779863531367e+04
1.302000000000000000e+03 1.838266441328619840e+04
1.303000000000000000e+03 1.842593172973013498e+04
1.304000000000000000e+03 1.844467824732951703e+04
1.305000000000000000e+03 1.847452824730161228e+04
1.306000000000000000e+03 1.845105308768663235e+04
1.307000000000000000e+03 1.840503385060410437e+04
1.308000000000000000e+03 1.837963896569250574e+04
1.309000000000000000e+03 1.837429389617668494e+04
1.310000000000000000e+03 1.843997136312880320e+04
1.311000000000000000e+03 1.846315603696744074e+04
1.312000000000000000e+03 1.844071471473827114e+04
1.313000000000000000e+03 1.842876441565081404e+04
1.314000000000000000e+03 1.847010801634620657e+04
1.315000000000000000e+03 1.848392198743741028e+04
1.316000000000000000e+03 1.848831382525001391e+04
1.317000000000000000e+03 1.842829830788744584e+04
1.318000000000000000e+03 1.841998334195129792e+04
1.319000000000000000e+03 1.848006357214615491e+04
1.320000000000000000e+03 1.850143837003378212e+04
1.321000000000000000e+03 1.855931489726463406e+04
1.322000000000000000e+03 1.859408905003803011e+04
1.323000000000000000e+03 1.862389155137569469e+04
1.324000000000000000e+03 1.866619416074617766e+04
1.325000000000000000e+03 1.868152889107460942e+04
1.326000000000000000e+03 1.870605087380448094e+04
1.327000000000000000e+03 1.873179230001613905e+04
1.328000000000000000e+03 1.876927139025097131e+04
1.329000000000000000e+03 1.876770298460008053e+04
1.330000000000000000e+03 1.874646973264014377e+04
1.331000000000000000e+03 1.880246610457490169e+04
1.332000000000000000e+03 1.881789889401901019e+04
1.333000000000000000e+03 1.883828181910068815e+04
1.334000000000000000e+03 1.885565398972396360e+04
1.335000000000000000e+03 1.885992749387693402e+04
1.336000000000000000e+03 1.887175290236361616e+04
1.337000000000000000e+03 1.884660756042265348e+04
1.338000000000000000e+03 1.885980543037251118e+04
1.339000000000000000e+03 1.885064883834696229e+04
1.340000000000000000e+03 1.889031433945084427e+04
1.341000000000000000e+03 1.898502094569207839e+04
1.342000000000000000e+03 1.901717010961044798e+04
1.343000000000000000e+03 1.904395595531468280e+04
1.344000000000000000e+03 1.905468365895944589e+04
1.345000000000000000e+03 1.910679227613571857e+04
1.346000000000000000e+03 1.912927339444090103e+04
1.347000000000000000e+03 1.914459935408997990e+04
1.348000000000000000e+03 1.916410862374502540e+04
1.349000000000000000e+03 1.920898721370966450e+04
1.350000000000000000e+03 1.923543615281817620e+04
1.351000000000000000e+03 1.922275082377761646e+04
1.352000000000000000e+03 1.928761126118679022e+04
1.353000000000000000e+03 1.932006004077402395e+04
1.354000000000000000e+03 1.931599494175423752e+04
1.355000000000000000e+03 1.926597677833375565e+04
1.356000000000000000e+03 1.924052644101741316e+04
1.357000000000000000e+03 1.924452142663528502e+04
1.358000000000000000e+03 1.926625585368971224e+04
1.359000000000000000e+03 1.932182931766160982e+04
1.360000000000000000e+03 1.930668450033632325e+04
1.361000000000000000e+03 1.931363897647146587e+04
1.362000000000000000e+03 1.935732758497727264e+04
1.363000000000000000e+03 1.935778911128268373e+04
1.364000000000000000e+03 1.938225254038264029e+04
1.365000000000000000e+03 1.941413732606029953e+04
1.366000000000000000e+03 1.946813607325958947e+04
1.367000000000000000e+03 1.948894117918328266e+04
1.368000000000000000e+03 1.952461992444478165e+04
1.369000000000000000e+03 1.953406580274102816e+04
1.370000000000000000e+03 1.958159335470695805e+04
1.371000000000000000e+03 1.963638311841234463e+04
1.372000000000000000e+03 1.964610099111714226e+04
1.373000000000000000e+03 1.965761367423838965e+04
1.374000000000000000e+03 1.961612373847702838e+04
1.375000000000000000e+03 1.966399355392475263e+04
1.376000000000000000e+03 1.968972050687647788e+04
1.377000000000000000e+03 1.970335392689244691e+04
1.378000000000000000e+03 1.970013031357768341e+04
1.379000000000000000e+03 1.970374584779317593e+04
1.380000000000000000e+03 1.974972067004850760e+04
1.381000000000000000e+03 1.978916113057575421e+04
1.382000000000000000e+03 1.976386647169197022e+04
1.383000000000000000e+03 1.973881036305350062e+04
1.384000000000000000e+03 1.976731297738169451e+04
1.385000000000000000e+03 1.977614816425883328e+04
1.386000000000000000e+03 1.978309280310644317e+04
1.387000000000000000e+03 1.981241346733914179e+04
1.388000000000000000e+03 1.983799698807546156e+04
1.389000000000000000e+03 1.983933859194045726e+04
1.390000000000000000e+03 1.987816813008709869e+04
1.391000000000000000e+03 1.989817858293062091e+04
1.392000000000000000e+03 1.990676791237884754e+04
1.393000000000000000e+03 1.988299345941125648e+04
1.394000000000000000e+03 1.992694440417761143e+04
1.395000000000000000e+03 1.988360744449283447e+04
1.396000000000000000e+03 1.988142467000136458e+04
1.397000000000000000e+03 1.986898099091786207e+04
1.398000000000000000e+03 1.992550428616483623e+04
1.399000000000000000e+03 1.994872871406948252e+04
1.400000000000000000e+03 1.998137576618430830e+04
1.401000000000000000e+03 1.998449975973248002e+04
1.402000000000000000e+03 2.001545596075938374e+04
1.403000000000000000e+03 2.002568735236964130e+04
1.404000000000000000e+03 2.005638766072607177e+04
1.405000000000000000e+03 2.006226377830783167e+04
1.406000000000000000e+03 2.009492446234269300e+04
1.407000000000000000e+03 2.009212516874229550e+04
1.408000000000000000e+03 2.006410222940567837e+04
1.409000000000000000e+03 2.008603638062370010e+04
1.410000000000000000e+03 2.010209476920785528e+04
1.411000000000000000e+03 2.011338585201791648e+04
1.412000000000000000e+03 2.012466325156800303e+04
1.413000000000000000e+03 2.013478869548320654e+04
1.414000000000000000e+03 2.018068321922124596e+04
1.415000000000000000e+03 2.020705215278632022e+04
1.416000000000000000e+03 2.021662578256117558e+04
1.417000000000000000e+03 2.022471225638436590e+04
1.418000000000000000e+03 2.026713522763749279e+04
1.419000000000000000e+03 2.030335822942020241e+04
1.420000000000000000e+03 2.037920573953807980e+04
1.421000000000000000e+03 2.038280466296565646e+04
1.422000000000000000e+03 2.036485130036412011e+04
1.423000000000000000e+03 2.042719796109561867e+04
1.424000000000000000e+03 2.050816075094235930e+04
1.425000000000000000e+03 2.052324176806737159e+04
1.426000000000000000e+03 2.052014016700458887e+04
1.427000000000000000e+03 2.052071991582514238e+04
1.428000000000000000e+03 2.054926165142598620e+04
1.429000000000000000e+03 2.049616491125429093e+04
1.430000000000000000e+03 2.052211776653926063e+04
1.431000000000000000e+03 2.056536344156305495e+04
1.432000000000000000e+03 2.060171040673770403e+04
1.433000000000000000e+03 2.064954321519954101e+04
1.434000000000000000e+03 2.066643170627975996e+04
1.435000000000000000e+03 2.068214547331264839e+04
1.436000000000000000e+03 2.067498701964901556e+04
1.437000000000000000e+03 2.066135337580782652e+04
1.438000000000000000e+03 2.072634802785832289e+04
1.439000000000000000e+03 2.077074973143975149e+04
1.440000000000000000e+03 2.077122765769453326e+04
1.441000000000000000e+03 2.073619420237011582e+04
1.442000000000000000e+03 2.073903345867745156e+04
1.443000000000000000e+03 2.075743344985931981e+04
1.444000000000000000e+03 2.075537272570163623e+04
1.445000000000000000e+03 2.075166248018003535e+04
1.446000000000000000e+03 2.078694932094709293e+04
1.447000000000000000e+03 2.083804626689732686e+04
1.448000000000000000e+03 2.082174967437447776e+04
1.449000000000000000e+03 2.083004156869940925e+04
1.450000000000000000e+03 2.083641107389157696e+04
1.451000000000000000e+03 2.086768932143528946e+04
1.452000000000000000e+03 2.089618808632123910e+04
1.453000000000000000e+03 2.088445023158320328e+04
1.454000000000000000e+03 2.087988832179233577e+04
1.455000000000000000e+03 2.091134096404241427e+04
1.456000000000000000e+03 2.097002418746499825e+04
1.457000000000000000e+03 2.100117198172893040e+04
1.458000000000000000e+03 2.103219008774534814e+04
1.459000000000000000e+03 2.106419093609990523e+04
1.460000000000000000e+03 2.104116399407483186e+04
1.461000000000000000e+03 2.106118382877725526e+04
1.462000000000000000e+03 2.104624275299732471e+04
1.463000000000000000e+03 2.103967208722677969e+04
1.464000000000000000e+03 2.107582270390614212e+04
1.465000000000000000e+03 2.107057639178952377e+04
1.466000000000000000e+03 2.112476136357696305e+04
1.467000000000000000e+03 2.111060834731906652e+04
1.468000000000000000e+03 2.108032996157902380e+04
1.469000000000000000e+03 2.109810716809399673e+04
1.470000000000000000e+03 2.111246887974669880e+04
1.471000000000000000e+03 2.108558173113127486e+04
1.472000000000000000e+03 2.115431832564952128e+04
1.473000000000000000e+03 2.119965568671895380e+04
1.474000000000000000e+03 2.120496036392003225e+04
1.475000000000000000e+03 2.120019967067708058e+04
1.476000000000000000e+03 2.118383925433090553e+04
1.477000000000000000e+03 2.119562398903008216e+04
1.478000000000000000e+03 2.123009873519930261e+04
1.479000000000000000e+03 2.123463212840196866e+04
1.480000000000000000e+03 2.126669720058077655e+04
1.481000000000000000e+03 2.128831332770034714e+04
1.482000000000000000e+03 2.130999121609282884e+04
1.483000000000000000e+03 2.127790209584794138e+04
1.484000000000000000e+03 2.129996279063665497e+04
1.485000000000000000e+03 2.134018347618781991e+04
1.486000000000000000e+03 2.133893148039593507e+04
1.487000000000000000e+03 2.137891075026681574e+04
1.488000000000000000e+03 2.139541376341577779e+04
1.489000000000000000e+03 2.144363127168438223e+04
1.490000000000000000e+03 2.144039920778850865e+04
1.491000000000000000e+03 2.140134162291640314e+04
1.492000000000000000e+03 2.137936535512578484e+04
1.493000000000000000e+03 2.139428750166124883e+04
1.494000000000000000e+03 2.135304411642476771e+04
1.495000000000000000e+03 2.136791758561412644e+04
1.496000000000000000e+03 2.140980026844991153e+04
1.497000000000000000e+03 2.142402221676609042e+04
1.498000000000000000e+03 2.144929411201113908e+04
1.499000000000000000e+03 2.142440740674147673e+04
1.500000000000000000e+03 2.149110630955152010e+04
1.501000000000000000e+03 2.150100639953561767e+04
1.502000000000000000e+03 2.151793118745559332e+04
1.503000000000000000e+03 2.156888831730341917e+04
1.504000000000000000e+03 2.157567681572868605e+04
1.505000000000000000e+03 2.164666337920460137e+04
1.506000000000000000e+03 2.160623450017245705e+04
1.507000000000000000e+03 2.165944084018906869e+04
1.508000000000000000e+03 2.169855427459683415e+04
1.509000000000000000e+03 2.172173585527428804e+04
1.510000000000000000e+03 2.175730539703486284e+04
1.511000000000000000e+03 2.178290155204843541e+04
1.512000000000000000e+03 2.188355545798401363e+04
1.513000000000000000e+03 2.186269091548465076e+04
1.514000000000000000e+03 2.180394178812408791e+04
1.515000000000000000e+03 2.184451222148204033e+04
1.516000000000000000e+03 2.189103050263946716e+04
1.517000000000000000e+03 2.186722342100294554e+04
1.518000000000000000e+03 2.181718694058771871e+04
1.519000000000000000e+03 2.181442894887269358e+04
1.520000000000000000e+03 2.186136931680849011e+04
1.521000000000000000e+03 2.187374738906634229e+04
1.522000000000000000e+03 2.189592566963531499e+04
1.523000000000000000e+03 2.197391781490162975e+04
1.524000000000000000e+03 2.195214880397831439e+04
1.525000000000000000e+03 2.199777647560955302e+04
1.526000000000000000e+03 2.199945070287460112e+04
1.527000000000000000e+03 2.198742513520841021e+04
1.528000000000000000e+03 2.202814536901588508e+04
1.529000000000000000e+03 2.206978560102986739e+04
1.530000000000000000e+03 2.212130830035562394e+04
1.531000000000000000e+03 2.213461307135569587e+04
1.532000000000000000e+03 2.213825085105156177e+04
1.533000000000000000e+03 2.210304739349386000e+04
1.534000000000000000e+03 2.213248761274684512e+04
1.535000000000000000e+03 2.213516769492122330e+04
1.536000000000000000e+03 2.217218010306448559e+04
1.537000000000000000e+03 2.223261979092021647e+04
1.538000000000000000e+03 2.225088019038247148e+04
1.539000000000000000e+03 2.228836049299747901e+04
1.540000000000000000e+03 2.230711667771659995e+04
1.541000000000000000e+03 2.233754532076640680e+04
1.542000000000000000e+03 2.236387840494343982e+04
1.543000000000000000e+03 2.240471813907379328e+04
1.544000000000000000e+03 2.238882923354741069e+04
1.545000000000000000e+03 2.240685911523024333e+04
1.546000000000000000e+03 2.246289971095910732e+04
1.547000000000000000e+03 2.246345575985314281e+04
1.548000000000000000e+03 2.247577800007428959e+04
1.549000000000000000e+03 2.247478492587880464e+04
1.550000000000000000e+03 2.247336702485408750e+04
1.551000000000000000e+03 2.248697747724674628e+04
1.552000000000000000e+03 2.244523271147880951e+04
1.553000000000000000e+03 2.240817222402946936e+04
1.554000000000000000e+03 2.247625331318751341e+04
1.555000000000000000e+03 2.253157917720586920e+04
1.556000000000000000e+03 2.252020386234534817e+04
1.557000000000000000e+03 2.247125004793651533e+04
1.558000000000000000e+03 2.250258244493567690e+04
1.559000000000000000e+03 2.251778102157749163e+04
1.560000000000000000e+03 2.248552149363019271e+04
1.561000000000000000e+03 2.251866168660795665e+04
1.562000000000000000e+03 2.250765970532916981e+04
1.563000000000000000e+03 2.250491359226887653e+04
1.564000000000000000e+03 2.253896037724445705e+04
1.565000000000000000e+03 2.255101191779284272e+04
1.566000000000000000e+03 2.257639896929074530e+04
1.567000000000000000e+03 2.263716797219500586e+04
1.568000000000000000e+03 2.262244893410054647e+04
1.569000000000000000e+03 2.263163158170459428e+04
1.570000000000000000e+03 2.269532866356853629e+04
1.571000000000000000e+03 2.269189942549192710e+04
1.572000000000000000e+03 2.267642752076746910e+04
1.573000000000000000e+03 2.272059042388480884e+04
1.574000000000000000e+03 2.274231620725417451e+04
1.575000000000000000e+03 2.279572867467710967e+04
1.576000000000000000e+03 2.279312898570352263e+04
1.577000000000000000e+03 2.279614878363574462e+04
1.578000000000000000e+03 2.275614707128283044e+04
1.579000000000000000e+03 2.276190809373994853e+04
1.580000000000000000e+03 2.278192366904818482e+04
1.581000000000000000e+03 2.279678940624989264e+04
1.582000000000000000e+03 2.281754862761500408e+04
1.583000000000000000e+03 2.280253385074079415e+04
1.584000000000000000e+03 2.279840281850259998e+04
1.585000000000000000e+03 2.288569287910865023e+04
1.586000000000000000e+03 2.290475583665804879e+04
1.587000000000000000e+03 2.295024973538101767e+04
1.588000000000000000e+03 2.296906348773447826e+04
1.589000000000000000e+03 2.299988669828443381e+04
1.590000000000000000e+03 2.297272958411064610e+04
1.591000000000000000e+03 2.299099004884231545e+04
1.592000000000000000e+03 2.299218770188315830e+04
1.593000000000000000e+03 2.303569427278007788e+04
1.594000000000000000e+03 2.312996568151693282e+04
1.595000000000000000e+03 2.313083616081582659e+04
1.596000000000000000e+03 2.319310687520746797e+04
1.597000000000000000e+03 2.324998333165342410e+04
1.598000000000000000e+03 2.330613683284629224e+04
1.599000000000000000e+03 2.337022461084691167e+04
1.600000000000000000e+03 2.338996762051526821e+04
1.601000000000000000e+03 2.337666370052333150e+04
1.602000000000000000e+03 2.343220979831039949e+04
1.603000000000000000e+03 2.351149590073184299e+04
1.604000000000000000e+03 2.350181181389862104e+04
1.605000000000000000e+03 2.348588331923942314e+04
1.606000000000000000e+03 2.353300018237255426e+04
1.607000000000000000e+03 2.355589031242318015e+04
1.608000000000000000e+03 2.355259185815486126e+04
1.609000000000000000e+03 2.354954318657214753e+04
1.610000000000000000e+03 2.359035083376653347e+04
1.611000000000000000e+03 2.356869830277004439e+04
1.612000000000000000e+03 2.353483783450039846e+04
1.613000000000000000e+03 2.358618450214949553e+04
1.614000000000000000e+03 2.360994003883618643e+04
1.615000000000000000e+03 2.361690399620060271e+04
1.616000000000000000e+03 2.359493209295346605e+04
1.617000000000000000e+03 2.361399232997513900e+04
1.618000000000000000e+03 2.363765735699819197e+04
1.619000000000000000e+03 2.365438813172975279e+04
1.620000000000000000e+03 2.370196834431029856e+04
1.621000000000000000e+03 2.367921146318739557e+04
1.622000000000000000e+03 2.370090985497744623e+04
1.623000000000000000e+03 2.375479133933002231e+04
1.624000000000000000e+03 2.374478663557441178e+04
1.625000000000000000e+03 2.376201025966788438e+04
1.626000000000000000e+03 2.377436321569282518e+04
1.627000000000000000e+03 2.379709716445395316e+04
1.628000000000000000e+03 2.380555614299651643e+04
1.629000000000000000e+03 2.380470736237166057e+04
1.630000000000000000e+03 2.376156229088382315e+04
1.631000000000000000e+03 2.380291103914907217e+04
1.632000000000000000e+03 2.386144405768026627e+04
1.633000000000000000e+03 2.392079472611658275e+04
1.634000000000000000e+03 2.392767471954915527e+04
1.635000000000000000e+03 2.398080347098494167e+04
1.636000000000000000e+03 2.399943236353773318e+04
1.637000000000000000e+03 2.403413348381591277e+04
1.638000000000000000e+03 2.403392889404746165e+04
1.639000000000000000e+03 2.405225989021300120e+04
1.640000000000000000e+03 2.404928192337408473e+04
1.641000000000000000e+03 2.405988762545695499e+04
1.642000000000000000e+03 2.406142564629517801e+04
1.643000000000000000e+03 2.404625754385835171e+04
1.644000000000000000e+03 2.405703305464896039e+04
1.645000000000000000e+03 2.403864416811818955e+04
1.646000000000000000e+03 2.403818995313940832e+04
1.647000000000000000e+03 2.409667995774195151e+04
1.648000000000000000e+03 2.411888837112227702e+04
1.649000000000000000e+03 2.412182237814563632e+04
1.650000000000000000e+03 2.420992490175428611e+04
1.651000000000000000e+03 2.423470177618221715e+04
1.652000000000000000e+03 2.423629615153460327e+04
1.653000000000000000e+03 2.422064440623793053e+04
1.654000000000000000e+03 2.423898674803573522e+04
1.655000000000000000e+03 2.426657371041182705e+04
1.656000000000000000e+03 2.429773376343748168e+04
1.657000000000000000e+03 2.432922700086145051e+04
1.658000000000000000e+03 2.436024262514568181e+04
1.659000000000000000e+03 2.440307564804989670e+04
1.660000000000000000e+03 2.443406564236549457e+04
1.661000000000000000e+03 2.441355482979349836e+04
1.662000000000000000e+03 2.441986531589993683e+04
1.663000000000000000e+03 2.439241901717030123e+04
1.664000000000000000e+03 2.441438599826543577e+04
1.665000000000000000e+03 2.441077301560156047e+04
1.666000000000000000e+03 2.439957571515516611e+04
1.667000000000000000e+03 2.436711290005754563e+04
1.668000000000000000e+03 2.435852760390673575e+04
1.669000000000000000e+03 2.438865214918565471e+04
1.670000000000000000e+03 2.449241218093071438e+04
1.671000000000000000e+03 2.450719285885520367e+04
1.672000000000000000e+03 2.452427428744893405e+04
1.673000000000000000e+03 2.451820773299556095e+04
1.674000000000000000e+03 2.451156667181456578e+04
1.675000000000000000e+03 2.448004555205871293e+04
1.676000000000000000e+03 2.443467949777625472e+04
1.677000000000000000e+03 2.442364038468879153e+04
1.678000000000000000e+03 2.445437928689124237e+04
1.679000000000000000e+03 2.443135403762966234e+04
1.680000000000000000e+03 2.444558764091967896e+04
1.681000000000000000e+03 2.453072173307149205e+04
1.682000000000000000e+03 2.455720422750696525e+04
1.683000000000000000e+03 2.452990613795482932e+04
1.684000000000000000e+03 2.451056861348871462e+04
1.685000000000000000e+03 2.451872048606698809e+04
1.686000000000000000e+03 2.451903492319237557e+04
1.687000000000000000e+03 2.455134844199259533e+04
1.688000000000000000e+03 2.453799394857305015e+04
1.689000000000000000e+03 2.451693935619970944e+04
1.690000000000000000e+03 2.451774921294908563e+04
1.691000000000000000e+03 2.451340569962516383e+04
1.692000000000000000e+03 2.452531693069123867e+04
1.693000000000000000e+03 2.449583922942703430e+04
1.694000000000000000e+03 2.451655368512828863e+04
1.695000000000000000e+03 2.452827153959149655e+04
1.696000000000000000e+03 2.449720301802822360e+04
1.697000000000000000e+03 2.447745868042049551e+04
1.698000000000000000e+03 2.453341893939732836e+04
1.699000000000000000e+03 2.451010905476136759e+04
1.700000000000000000e+03 2.456841286958210549e+04
1.701000000000000000e+03 2.463037383783975019e+04
1.702000000000000000e+03 2.466025765373862305e+04
1.703000000000000000e+03 2.466232222756118790e+04
1.704000000000000000e+03 2.467647113443135459e+04
1.705000000000000000e+03 2.473049844054146524e+04
1.706000000000000000e+03 2.475044119482967290e+04
1.707000000000000000e+03 2.479013439253676188e+04
1.708000000000000000e+03 2.481038924350965317e+04
1.709000000000000000e+03 2.481590768832562753e+04
1.710000000000000000e+03 2.478932120951183970e+04
1.711000000000000000e+03 2.477980338333211694e+04
1.712000000000000000e+03 2.480395209982584129e+04
1.713000000000000000e+03 2.478974061720726240e+04
1.714000000000000000e+03 2.480414106959628771e+04
1.715000000000000000e+03 2.482886200224556524e+04
1.716000000000000000e+03 2.484752337847581293e+04
1.717000000000000000e+03 2.483283471587761960e+04
1.718000000000000000e+03 2.485281875083126943e+04
1.719000000000000000e+03 2.493159697403856990e+04
1.720000000000000000e+03 2.490285229734656969e+04
1.721000000000000000e+03 2.486177413844398689e+04
1.722000000000000000e+03 2.488422485704290375e+04
1.723000000000000000e+03 2.488099283683256726e+04
1.724000000000000000e+03 2.485816657276194746e+04
1.725000000000000000e+03 2.482735414509608017e+04
1.726000000000000000e+03 2.481455170307375010e+04
1.727000000000000000e+03 2.481766360888372583e+04
1.728000000000000000e+03 2.486524496174816522e+04
1.729000000000000000e+03 2.490286151791526936e+04
1.730000000000000000e+03 2.492585180036992460e+04
1.731000000000000000e+03 2.494737553200951152e+04
1.732000000000000000e+03 2.496395163255862644e+04
1.733000000000000000e+03 2.504150769105209110e+04
1.734000000000000000e+03 2.508143266896584464e+04
1.735000000000000000e+03 2.509852808559729601e+04
1.736000000000000000e+03 2.517918683710926416e+04
1.737000000000000000e+03 2.521204200302838581e+04
1.738000000000000000e+03 2.528390003848791457e+04
1.739000000000000000e+03 2.528098296112440948e+04
1.740000000000000000e+03 2.531893205809542269e+04
1.741000000000000000e+03 2.534444566945080442e+04
1.742000000000000000e+03 2.538126936046809351e+04
1.743000000000000000e+03 2.539544280082869955e+04
1.744000000000000000e+03 2.540656385899554516e+04
1.745000000000000000e+03 2.540948144021455300e+04
1.746000000000000000e+03 2.540863096781785862e+04
1.747000000000000000e+03 2.542543879199821458e+04
1.748000000000000000e+03 2.544674750221630529e+04
1.749000000000000000e+03 2.546790697726131111e+04
1.750000000000000000e+03 2.541907400667339971e+04
1.751000000000000000e+03 2.545561179262207224e+04
1.752000000000000000e+03 2.555155854364489278e+04
1.753000000000000000e+03 2.557436614277947956e+04
1.754000000000000000e+03 2.559061883189783111e+04
1.755000000000000000e+03 2.558532617114796449e+04
1.756000000000000000e+03 2.563958235471712396e+04
1.757000000000000000e+03 2.571708910758035927e+04
1.758000000000000000e+03 2.567474215416204243e+04
1.759000000000000000e+03 2.571313449014225989e+04
1.760000000000000000e+03 2.576715228176411256e+04
1.761000000000000000e+03 2.576610473474077662e+04
1.762000000000000000e+03 2.577839665373867683e+04
1.763000000000000000e+03 2.577503720256385714e+04
1.764000000000000000e+03 2.583274554762350454e+04
1.765000000000000000e+03 2.582858780640605983e+04
1.766000000000000000e+03 2.582763398476101793e+04
1.767000000000000000e+03 2.582574653062414654e+04
1.768000000000000000e+03 2.585252017245662500e+04
1.769000000000000000e+03 2.582402661794374944e+04
1.770000000000000000e+03 2.577801580732612274e+04
1.771000000000000000e+03 2.584468462063094557e+04
1.772000000000000000e+03 2.590544945788869518e+04
1.773000000000000000e+03 2.594611635046443553e+04
1.774000000000000000e+03 2.601887430305927410e+04
1.775000000000000000e+03 2.604147966504283249e+04
1.776000000000000000e+03 2.603753911889313895e+04
1.777000000000000000e+03 2.602806081166510194e+04
1.778000000000000000e+03 2.608292651976619527e+04
1.779000000000000000e+03 2.611486316732252089e+04
1.780000000000000000e+03 2.617974378236335178e+04
1.781000000000000000e+03 2.624838794497180061e+04
1.782000000000000000e+03 2.622624427290706444e+04
1.783000000000000000e+03 2.621870545189812401e+04
1.784000000000000000e+03 2.621601739348362389e+04
1.785000000000000000e+03 2.622974628608806233e+04
1.786000000000000000e+03 2.630429154797055526e+04
1.787000000000000000e+03 2.632092360393071431e+04
1.788000000000000000e+03 2.637594897824634609e+04
1.789000000000000000e+03 2.636053822169900377e+04
1.790000000000000000e+03 2.635385415391161951e+04
1.791000000000000000e+03 2.639662546051306708e+04
1.792000000000000000e+03 2.639394234617788970e+04
1.793000000000000000e+03 2.639135774858170771e+04
1.794000000000000000e+03 2.640070399341275333e+04
1.795000000000000000e+03 2.643596644033954726e+04
1.796000000000000000e+03 2.648824001824552033e+04
1.797000000000000000e+03 2.654148797911245856e+04
1.798000000000000000e+03 2.649441267311402407e+04
1.799000000000000000e+03 2.645856146008883661e+04
1.800000000000000000e+03 2.649725890528329182e+04
1.801000000000000000e+03 2.649369581009068861e+04
1.802000000000000000e+03 2.646606830363527115e+04
1.803000000000000000e+03 2.645795271830596903e+04
1.804000000000000000e+03 2.645297282283730965e+04
1.805000000000000000e+03 2.643350015460936993e+04
1.806000000000000000e+03 2.647109176015269622e+04
1.807000000000000000e+03 2.641119356468119440e+04
1.808000000000000000e+03 2.640919640937203076e+04
1.809000000000000000e+03 2.639360500708454856e+04
1.810000000000000000e+03 2.638594418734786086e+04
1.811000000000000000e+03 2.632825974935302293e+04
1.812000000000000000e+03 2.637262394196643072e+04
1.813000000000000000e+03 2.634207159405621496e+04
1.814000000000000000e+03 2.632817017436681272e+04
1.815000000000000000e+03 2.633561534032072450e+04
1.816000000000000000e+03 2.634690776645143342e+04
1.817000000000000000e+03 2.639769822266117626e+04
1.818000000000000000e+03 2.638478504547022385e+04
1.819000000000000000e+03 2.634638206561703191e+04
1.820000000000000000e+03 2.636422267096381984e+04
1.821000000000000000e+03 2.636057215681438902e+04
1.822000000000000000e+03 2.637734982261901314e+04
1.823000000000000000e+03 2.641661677407466414e+04
1.824000000000000000e+03 2.639786319271971661e+04
1.825000000000000000e+03 2.637398373264408292e+04
1.826000000000000000e+03 2.643145532091630957e+04
1.827000000000000000e+03 2.639614152562484014e+04
1.828000000000000000e+03 2.636559223966538411e+04
1.829000000000000000e+03 2.637879821771109346e+04
1.830000000000000000e+03 2.640844046158748461e+04
1.831000000000000000e+03 2.642025406546215527e+04
1.832000000000000000e+03 2.639843913110554058e+04
1.833000000000000000e+03 2.644819622243911726e+04
1.834000000000000000e+03 2.647943378155863320e+04
1.835000000000000000e+03 2.650256049404710575e+04
1.836000000000000000e+03 2.649553791286872729e+04
1.837000000000000000e+03 2.648356522783948094e+04
1.838000000000000000e+03 2.648960652916157778e+04
1.839000000000000000e+03 2.646001878886634586e+04
1.840000000000000000e+03 2.645221761669954140e+04
1.841000000000000000e+03 2.644847715035876899e+04
1.842000000000000000e+03 2.642252449070673538e+04
1.843000000000000000e+03 2.638421480783904190e+04
1.844000000000000000e+03 2.634766077873505128e+04
1.845000000000000000e+03 2.632786114256666042e+04
1.846000000000000000e+03 2.635308390015935220e+04
1.847000000000000000e+03 2.636788820683295125e+04
1.848000000000000000e+03 2.633037733644674154e+04
1.849000000000000000e+03 2.633910570150505009e+04
1.850000000000000000e+03 2.638675843218489899e+04
1.851000000000000000e+03 2.635798475509837226e+04
1.852000000000000000e+03 2.634292363832786577e+04
1.853000000000000000e+03 2.632465403396409238e+04
1.854000000000000000e+03 2.631627791111049373e+04
1.855000000000000000e+03 2.636040526495052472e+04
1.856000000000000000e+03 2.642878681961268012e+04
1.857000000000000000e+03 2.646844347097735590e+04
1.858000000000000000e+03 2.647497815969473959e+04
1.859000000000000000e+03 2.652386218913580888e+04
1.860000000000000000e+03 2.650199096950405146e+04
1.861000000000000000e+03 2.653460400062784538e+04
1.862000000000000000e+03 2.656723057863860595e+04
1.863000000000000000e+03 2.659325775478194919e+04
1.864000000000000000e+03 2.658832180470585809e+04
1.865000000000000000e+03 2.656385020859026554e+04
1.866000000000000000e+03 2.656516860278191962e+04
1.867000000000000000e+03 2.655054851886943652e+04
1.868000000000000000e+03 2.656450906962938097e+04
1.869000000000000000e+03 2.662010954743767797e+04
1.870000000000000000e+03 2.659687205733248993e+04
1.871000000000000000e+03 2.657528010897963395e+04
1.872000000000000000e+03 2.659190283704456306e+04
1.873000000000000000e+03 2.667438201979596852e+04
1.874000000000000000e+03 2.666927836009103703e+04
1.875000000000000000e+03 2.660389545940133394e+04
1.876000000000000000e+03 2.666254120848829552e+04
1.877000000000000000e+03 2.666595079412232008e+04
1.878000000000000000e+03 2.665396225952667373e+04
1.879000000000000000e+03 2.667556101559380113e+04
1.880000000000000000e+03 2.661122916984326366e+04
1.881000000000000000e+03 2.665181758329111472e+04
1.882000000000000000e+03 2.660968588558357078e+04
1.883000000000000000e+03 2.668875933556598466e+04
1.884000000000000000e+03 2.671615398178136820e+04
1.885000000000000000e+03 2.676264001868034029e+04
1.886000000000000000e+03 2.673200299290228577e+04
1.887000000000000000e+03 2.674002227688824860e+04
1.888000000000000000e+03 2.676670431672344057e+04
1.889000000000000000e+03 2.680867848120548661e+04
1.890000000000000000e+03 2.685572352381550445e+04
1.891000000000000000e+03 2.686462445387801927e+04
1.892000000000000000e+03 2.690512878200807609e+04
1.893000000000000000e+03 2.689302755581826932e+04
1.894000000000000000e+03 2.691113959847876322e+04
1.895000000000000000e+03 2.688167688625444862e+04
1.896000000000000000e+03 2.683827719247134519e+04
1.897000000000000000e+03 2.686394362457373063e+04
1.898000000000000000e+03 2.696339984472045035e+04
1.899000000000000000e+03 2.694184860262081565e+04
1.900000000000000000e+03 2.694741671169054825e+04
1.901000000000000000e+03 2.698818872424344590e+04
1.902000000000000000e+03 2.698785280686597980e+04
1.903000000000000000e+03 2.691497870779421646e+04
1.904000000000000000e+03 2.693149200241332801e+04
1.905000000000000000e+03 2.695793780315875483e+04
1.906000000000000000e+03 2.688690879384536311e+04
1.907000000000000000e+03 2.691502917648488437e+04
1.908000000000000000e+03 2.689792460600612321e+04
1.909000000000000000e+03 2.690311836006056910e+04
1.910000000000000000e+03 2.694164285040135655e+04
1.911000000000000000e+03 2.697450512304169388e+04
1.912000000000000000e+03 2.696753515037702164e+04
1.913000000000000000e+03 2.695661570998610478e+04
1.914000000000000000e+03 2.695114946495353433e+04
1.915000000000000000e+03 2.693973735924476205e+04
1.916000000000000000e+03 2.692742647448089338e+04
1.917000000000000000e+03 2.698492434890959339e+04
1.918000000000000000e+03 2.704289000269024837e+04
1.919000000000000000e+03 2.703036357712780591e+04
1.920000000000000000e+03 2.703763151775677397e+04
1.921000000000000000e+03 2.709450748877309888e+04
1.922000000000000000e+03 2.710286350869623129e+04
1.923000000000000000e+03 2.714575660546192375e+04
1.924000000000000000e+03 2.715038956360398879e+04
1.925000000000000000e+03 2.717956614625918883e+04
1.926000000000000000e+03 2.717500297084564590e+04
1.927000000000000000e+03 2.716854658918274072e+04
1.928000000000000000e+03 2.720698317617657813e+04
1.929000000000000000e+03 2.724174121915674914e+04
1.930000000000000000e+03 2.723543604407639214e+04
1.931000000000000000e+03 2.722368487005150746e+04
1.932000000000000000e+03 2.722610771337180995e+04
1.933000000000000000e+03 2.728102235638758430e+04
1.934000000000000000e+03 2.733831639086000723e+04
1.935000000000000000e+03 2.737764736587961306e+04
1.936000000000000000e+03 2.742987232240966478e+04
1.937000000000000000e+03 2.745099824434913535e+04
1.938000000000000000e+03 2.748385091483853103e+04
1.939000000000000000e+03 2.752863920590110138e+04
1.940000000000000000e+03 2.756772277081989887e+04
1.941000000000000000e+03 2.758641614741167359e+04
1.942000000000000000e+03 2.755479107067018413e+04
1.943000000000000000e+03 2.750996423528179002e+04
1.944000000000000000e+03 2.756049012326531374e+04
1.945000000000000000e+03 2.758004566370442262e+04
1.946000000000000000e+03 2.758846421346588249e+04
1.947000000000000000e+03 2.764421939460146677e+04
1.948000000000000000e+03 2.772643203195368915e+04
1.949000000000000000e+03 2.778594224696658421e+04
1.950000000000000000e+03 2.779140515765748205e+04
1.951000000000000000e+03 2.780453240223255489e+04
1.952000000000000000e+03 2.783593198873577785e+04
1.953000000000000000e+03 2.785747532549190873e+04
1.954000000000000000e+03 2.785503653497034975e+04
1.955000000000000000e+03 2.783316623129641812e+04
1.956000000000000000e+03 2.784225018351770996e+04
1.957000000000000000e+03 2.787183756765058570e+04
1.958000000000000000e+03 2.791422054716549974e+04
1.959000000000000000e+03 2.791349213355275060e+04
1.960000000000000000e+03 2.793584283488583969e+04
1.961000000000000000e+03 2.797612901638698895e+04
1.962000000000000000e+03 2.801595571516723794e+04
1.963000000000000000e+03 2.807042647719934030e+04
1.964000000000000000e+03 2.810972418729254787e+04
1.965000000000000000e+03 2.812312743621941627e+04
1.966000000000000000e+03 2.809898060799024461e+04
1.967000000000000000e+03 2.812645095255136039e+04
1.968000000000000000e+03 2.818784596016388605e+04
1.969000000000000000e+03 2.821129856274131089e+04
1.970000000000000000e+03 2.825326036056516386e+04
1.971000000000000000e+03 2.830747203289144818e+04
1.972000000000000000e+03 2.829413743434225398e+04
1.973000000000000000e+03 2.832655604276838130e+04
1.974000000000000000e+03 2.833541929319055271e+04
1.975000000000000000e+03 2.839627123590819247e+04
1.976000000000000000e+03 2.837035254529306258e+04
1.977000000000000000e+03 2.832110143026188962e+04
1.978000000000000000e+03 2.832060249558274154e+04
1.979000000000000000e+03 2.835588888734492866e+04
1.980000000000000000e+03 2.838260996491840706e+04
1.981000000000000000e+03 2.836421363939184084e+04
1.982000000000000000e+03 2.839336066826012393e+04
1.983000000000000000e+03 2.847945056702103102e+04
1.984000000000000000e+03 2.847644672694045948e+04
1.985000000000000000e+03 2.846275426672348112e+04
1.986000000000000000e+03 2.848083925577283662e+04
1.987000000000000000e+03 2.845840713172909818e+04
1.988000000000000000e+03 2.847284686950565083e+04
1.989000000000000000e+03 2.848644922060185127e+04
1.990000000000000000e+03 2.848790813828310638e+04
1.991000000000000000e+03 2.848510173396191749e+04
1.992000000000000000e+03 2.852225757545579108e+04
1.993000000000000000e+03 2.858962322751332249e+04
1.994000000000000000e+03 2.856725054750110576e+04
1.995000000000000000e+03 2.861062121986658531e+04
1.996000000000000000e+03 2.856534994785717572e+04
1.997000000000000000e+03 2.862163887098621854e+04
1.998000000000000000e+03 2.869760071002631230e+04
1.999000000000000000e+03 2.870872780436309404e+04
2.000000000000000000e+03 2.872798820233823790e+04
2.001000000000000000e+03 2.872169591068095178e+04
2.002000000000000000e+03 2.876126412333832195e+04
2.003000000000000000e+03 2.877822442633456740e+04
2.004000000000000000e+03 2.876872059386347610e+04
2.005000000000000000e+03 2.873963727980462136e+04
2.006000000000000000e+03 2.877375814059268669e+04
2.007000000000000000e+03 2.882221605038101552e+04
2.008000000000000000e+03 2.882441237713957889e+04
2.009000000000000000e+03 2.884634405358003278e+04
2.010000000000000000e+03 2.890819388216652442e+04
2.011000000000000000e+03 2.894089604191116450e+04
2.012000000000000000e+03 2.895422507305392355e+04
2.013000000000000000e+03 2.898725722155108451e+04
2.014000000000000000e+03 2.898061995173143441e+04
2.015000000000000000e+03 2.899112417635810925e+04
2.016000000000000000e+03 2.898222077861888101e+04
2.017000000000000000e+03 2.903845008573822997e+04
2.018000000000000000e+03 2.901945841797416870e+04
2.019000000000000000e+03 2.900702737218056427e+04
2.020000000000000000e+03 2.900982271100216894e+04
2.021000000000000000e+03 2.901285259445049451e+04
2.022000000000000000e+03 2.904522613541058672e+04
2.023000000000000000e+03 2.899139240529046219e+04
2.024000000000000000e+03 2.900482924811266639e+04
2.025000000000000000e+03 2.902981965486256740e+04
2.026000000000000000e+03 2.912317219204137655e+04
2.027000000000000000e+03 2.918576369167984376e+04
2.028000000000000000e+03 2.916218200655715191e+04
2.029000000000000000e+03 2.916614535042094212e+04
2.030000000000000000e+03 2.926816537052032072e+04
2.031000000000000000e+03 2.935139486542871236e+04
2.032000000000000000e+03 2.934989606814198851e+04
2.033000000000000000e+03 2.940510450241119906e+04
2.034000000000000000e+03 2.945479119780968176e+04
2.035000000000000000e+03 2.946806051671503155e+04
2.036000000000000000e+03 2.946101731456939160e+04
2.037000000000000000e+03 2.943259678724499099e+04
2.038000000000000000e+03 2.950040531642583665e+04
2.039000000000000000e+03 2.953493333235000318e+04
2.040000000000000000e+03 2.952262625145029961e+04
2.041000000000000000e+03 2.953963658643451708e+04
2.042000000000000000e+03 2.953739044579958500e+04
2.043000000000000000e+03 2.951604766487738380e+04
2.044000000000000000e+03 2.953029494807979063e+04
2.045000000000000000e+03 2.946750844591454734e+04
2.046000000000000000e+03 2.951921834806768311e+04
2.047000000000000000e+03 2.947866015150158273e+04
2.048000000000000000e+03 2.950628194440064544e+04
2.049000000000000000e+03 2.955301217054471272e+04
2.050000000000000000e+03 2.956179839778993482e+04
2.051000000000000000e+03 2.962350913889574440e+04
2.052000000000000000e+03 2.963640831685162993e+04
2.053000000000000000e+03 2.966882818863978173e+04
2.054000000000000000e+03 2.966002233771893589e+04
2.055000000000000000e+03 2.975371773804855547e+04
2.056000000000000000e+03 2.979391213458073980e+04
2.057000000000000000e+03 2.985667112346399517e+04
2.058000000000000000e+03 2.994433278062805039e+04
2.059000000000000000e+03 2.994997364295329680e+04
2.060000000000000000e+03 2.991146820040969033e+04
2.061000000000000000e+03 2.997755887822400473e+04
2.062000000000000000e+03 2.994528464748981423e+04
2.063000000000000000e+03 2.994501313680113890e+04
2.064000000000000000e+03 2.998196968629528419e+04
2.065000000000000000e+03 2.996559763081241908e+04
2.066000000000000000e+03 2.996213378535654192e+04
2.067000000000000000e+03 3.002064457790801680e+04
2.068000000000000000e+03 2.998419856910346061e+04
2.069000000000000000e+03 3.001132773383583844e+04
2.070000000000000000e+03 3.005273216990803849e+04
2.071000000000000000e+03 3.003448164556767006e+04
2.072000000000000000e+03 3.012622651188821328e+04
2.073000000000000000e+03 3.017491113643783683e+04
2.074000000000000000e+03 3.018126579241619402e+04
2.075000000000000000e+03 3.019765284607120338e+04
2.076000000000000000e+03 3.015772376485749191e+04
2.077000000000000000e+03 3.020717398341335502e+04
2.078000000000000000e+03 3.022967646482174314e+04
2.079000000000000000e+03 3.020717423911681180e+04
2.080000000000000000e+03 3.024661358488498809e+04
2.081000000000000000e+03 3.027014049560673084e+04
2.082000000000000000e+03 3.027590801654790266e+04
2.083000000000000000e+03 3.026673557183933008e+04
2.084000000000000000e+03 3.032301387596614222e+04
2.085000000000000000e+03 3.030789881721583151e+04
2.086000000000000000e+03 3.028406690792440349e+04
2.087000000000000000e+03 3.029841420892003953e+04
2.088000000000000000e+03 3.031408731724204699e+04
2.089000000000000000e+03 3.037013536375287731e+04
2.090000000000000000e+03 3.044202752983267055e+04
2.091000000000000000e+03 3.046372445001913366e+04
2.092000000000000000e+03 3.041238884043992584e+04
2.093000000000000000e+03 3.041355129582556037e+04
2.094000000000000000e+03 3.041984267725186874e+04
2.095000000000000000e+03 3.042621495423081433e+04
2.096000000000000000e+03 3.042279183873662259e+04
2.097000000000000000e+03 3.044107810445732684e+04
2.098000000000000000e+03 3.043047081578114739e+04
2.099000000000000000e+03 3.048010618934286322e+04
2.100000000000000000e+03 3.046160740562760111e+04
2.101000000000000000e+03 3.046310634149545876e+04
2.102000000000000000e+03 3.045573276281117433e+04
2.103000000000000000e+03 3.044401978442754626e+04
2.104000000000000000e+03 3.039595053097054551e+04
2.105000000000000000e+03 3.045162398120148646e+04
2.106000000000000000e+03 3.048049508433617666e+04
2.107000000000000000e+03 3.049142743906581381e+04
2.108000000000000000e+03 3.045228738212426470e+04
2.109000000000000000e+03 3.045460497444260182e+04
2.110000000000000000e+03 3.040428770798033656e+04
2.111000000000000000e+03 3.038062031957357613e+04
2.112000000000000000e+03 3.039206707069275581e+04
2.113000000000000000e+03 3.038410674549708347e+04
2.114000000000000000e+03 3.041828277589147183e+04
2.115000000000000000e+03 3.036764962552544603e+04
2.116000000000000000e+03 3.046989978878109105e+04
2.117000000000000000e+03 3.050175910349236801e+04
2.118000000000000000e+03 3.056525816974209374e+04
2.119000000000000000e+03 3.054886715854562499e+04
2.120000000000000000e+03 3.052312145525823144e+04
2.121000000000000000e+03 3.055920081680231306e+04
2.122000000000000000e+03 3.053953258349122552e+04
2.123000000000000000e+03 3.052296874629556623e+04
2.124000000000000000e+03 3.051719002974760588e+04
2.125000000000000000e+03 3.056131890266178743e+04
2.126000000000000000e+03 3.059359202042900870e+04
2.127000000000000000e+03 3.057212733847908021e+04
2.128000000000000000e+03 3.057046658502896025e+04
2.129000000000000000e+03 3.063068623517450760e+04
2.130000000000000000e+03 3.066509854091134184e+04
2.131000000000000000e+03 3.063531529124830195e+04
2.132000000000000000e+03 3.058015795613079536e+04
2.133000000000000000e+03 3.059448463676395841e+04
2.134000000000000000e+03 3.062400142918026540e+04
2.135000000000000000e+03 3.070743092181133397e+04
2.136000000000000000e+03 3.072950639814872193e+04
2.137000000000000000e+03 3.078809972911773002e+04
2.138000000000000000e+03 3.084685731175912952e+04
2.139000000000000000e+03 3.085448808579790784e+04
2.140000000000000000e+03 3.082468542933633580e+04
2.141000000000000000e+03 3.081763805389837944e+04
2.142000000000000000e+03 3.084764061148471228e+04
2.143000000000000000e+03 3.089636909771820501e+04
2.144000000000000000e+03 3.088596888915081945e+04
2.145000000000000000e+03 3.090475458659862124e+04
2.146000000000000000e+03 3.094459443032821218e+04
2.147000000000000000e+03 3.092760361518464924e+04
2.148000000000000000e+03 3.094741815443192900e+04
2.149000000000000000e+03 3.099305752550366378e+04
2.150000000000000000e+03 3.105374131255919929e+04
2.151000000000000000e+03 3.100159714968198386e+04
2.152000000000000000e+03 3.103435274058595314e+04
2.153000000000000000e+03 3.104816944943318231e+04
2.154000000000000000e+03 3.109426893078266949e+04
2.155000000000000000e+03 3.110133990723470197e+04
2.156000000000000000e+03 3.112911074192391970e+04
2.157000000000000000e+03 3.113649877286842457e+04
2.158000000000000000e+03 3.112320298029932746e+04
2.159000000000000000e+03 3.116013911044560882e+04
2.160000000000000000e+03 3.115772699980731340e+04
2.161000000000000000e+03 3.115651921580837006e+04
2.162000000000000000e+03 3.119786722426870256e+04
2.163000000000000000e+03 3.119291513182092240e+04
2.164000000000000000e+03 3.121631856641713239e+04
2.165000000000000000e+03 3.128716405546728856e+04
2.166000000000000000e+03 3.136049494020819111e+04
2.167000000000000000e+03 3.142478677835980852e+04
2.168000000000000000e+03 3.149285764404388101e+04
2.169000000000000000e+03 3.148880893931096944e+04
2.170000000000000000e+03 3.143450609534030082e+04
2.171000000000000000e+03 3.143186464592588891e+04
2.172000000000000000e+03 3.144809950714816659e+04
2.173000000000000000e+03 3.148500731517234453e+04
2.174000000000000000e+03 3.151262575136838859e+04
2.175000000000000000e+03 3.154034931233654061e+04
2.176000000000000000e+03 3.159060610693568378e+04
2.177000000000000000e+03 3.161749299465652803e+04
2.178000000000000000e+03 3.160703480977965592e+04
2.179000000000000000e+03 3.160500152146589971e+04
2.180000000000000000e+03 3.163514725681288473e+04
2.181000000000000000e+03 3.162930071829862209e+04
2.182000000000000000e+03 3.170061088503048813e+04
2.183000000000000000e+03 3.171186410984878967e+04
2.184000000000000000e+03 3.174892298729023969e+04
2.185000000000000000e+03 3.177876874075162414e+04
2.186000000000000000e+03 3.183362553892645519e+04
2.187000000000000000e+03 3.189644786385711996e+04
2.188000000000000000e+03 3.192315289745485279e+04
2.189000000000000000e+03 3.190576523460490353e+04
2.190000000000000000e+03 3.195415542257787456e+04
2.191000000000000000e+03 3.199779647266300526e+04
2.192000000000000000e+03 3.202057152659452549e+04
2.193000000000000000e+03 3.203353669063107736e+04
2.194000000000000000e+03 3.208480173577416281e+04
2.195000000000000000e+03 3.205219448174513309e+04
2.196000000000000000e+03 3.213293493614561521e+04
2.197000000000000000e+03 3.214628828835548848e+04
2.198000000000000000e+03 3.217763436738122255e+04
2.199000000000000000e+03 3.218432460209450801e+04
2.200000000000000000e+03 3.219985785665039293e+04
2.201000000000000000e+03 3.220765618791754241e+04
2.202000000000000000e+03 3.216817859582276651e+04
2.203000000000000000e+03 3.219666071097720487e+04
2.204000000000000000e+03 3.223295227728740429e+04
2.205000000000000000e+03 3.224738080410262774e+04
2.206000000000000000e+03 3.223847311687426918e+04
2.207000000000000000e+03 3.222816081624487560e+04
2.208000000000000000e+03 3.227366307120518104e+04
2.209000000000000000e+03 3.223489551116553412e+04
2.210000000000000000e+03 3.225553765106774881e+04
2.211000000000000000e+03 3.229477009182505572e+04
2.212000000000000000e+03 3.232648906032829109e+04
2.213000000000000000e+03 3.229274713282975426e+04
2.214000000000000000e+03 3.224154323336095695e+04
2.215000000000000000e+03 3.232220980530461020e+04
2.216000000000000000e+03 3.225543377001187764e+04
2.217000000000000000e+03 3.231076608926990230e+04
2.218000000000000000e+03 3.229079961422638735e+04
2.219000000000000000e+03 3.227815958525631140e+04
2.220000000000000000e+03 3.226659211754176067e+04
2.221000000000000000e+03 3.229804506603630580e+04
2.222000000000000000e+03 3.230252578777975214e+04
2.223000000000000000e+03 3.226756775072391974e+04
2.224000000000000000e+03 3.228166680601335975e+04
2.225000000000000000e+03 3.230905376640197210e+04
2.226000000000000000e+03 3.237123633031791542e+04
2.227000000000000000e+03 3.247101311152664857e+04
2.228000000000000000e+03 3.242941237736290714e+04
2.229000000000000000e+03 3.237569034074876618e+04
2.230000000000000000e+03 3.241575457364599788e+04
2.231000000000000000e+03 3.239797975219858199e+04
2.232000000000000000e+03 3.239149787530743924e+04
2.233000000000000000e+03 3.238651634125601049e+04
2.234000000000000000e+03 3.246112261605568710e+04
2.235000000000000000e+03 3.247252498637173994e+04
2.236000000000000000e+03 3.247614493791293353e+04
2.237000000000000000e+03 3.246656750017187005e+04
2.238000000000000000e+03 3.243006750431841283e+04
2.239000000000000000e+03 3.243354026336491006e+04
2.240000000000000000e+03 3.246838198014814407e+04
2.241000000000000000e+03 3.249164379856615415e+04
2.242000000000000000e+03 3.246066734549636021e+04
2.243000000000000000e+03 3.249336830830515100e+04
2.244000000000000000e+03 3.247110120612603350e+04
2.245000000000000000e+03 3.249644855410692617e+04
2.246000000000000000e+03 3.254011533121333196e+04
2.247000000000000000e+03 3.257072679174374207e+04
2.248000000000000000e+03 3.260163417413922798e+04
2.249000000000000000e+03 3.257659581642263947e+04
2.250000000000000000e+03 3.253326400495935741e+04
2.251000000000000000e+03 3.254532301892562464e+04
2.252000000000000000e+03 3.253083952848917033e+04
2.253000000000000000e+03 3.258901118518479052e+04
2.254000000000000000e+03 3.258370626493639793e+04
2.255000000000000000e+03 3.254173405090770757e+04
2.256000000000000000e+03 3.252259482589724576e+04
2.257000000000000000e+03 3.255834083177717184e+04
2.258000000000000000e+03 3.252269540224077718e+04
2.259000000000000000e+03 3.258465294360135522e+04
2.260000000000000000e+03 3.262737781837463262e+04
2.261000000000000000e+03 3.267946878228682908e+04
2.262000000000000000e+03 3.264421838849000778e+04
2.263000000000000000e+03 3.259713565016294888e+04
2.264000000000000000e+03 3.257914248358381883e+04
2.265000000000000000e+03 3.258888275372188946e+04
2.266000000000000000e+03 3.262166540102777071e+04
2.267000000000000000e+03 3.259141098551086543e+04
2.268000000000000000e+03 3.263311172621782316e+04
2.269000000000000000e+03 3.267657748470781007e+04
2.270000000000000000e+03 3.271424322500057315e+04
2.271000000000000000e+03 3.267959061170079440e+04
2.272000000000000000e+03 3.273545090972264734e+04
2.273000000000000000e+03 3.271658937639098440e+04
2.274000000000000000e+03 3.275700316772070437e+04
2.275000000000000000e+03 3.274251843965840453e+04
2.276000000000000000e+03 3.278478820968647778e+04
2.277000000000000000e+03 3.273154650693207077e+04
2.278000000000000000e+03 3.275928329070710242e+04
2.279000000000000000e+03 3.271626512821183496e+04
2.280000000000000000e+03 3.261957098611628680e+04
2.281000000000000000e+03 3.269651137466839282e+04
2.282000000000000000e+03 3.272300861191809236e+04
2.283000000000000000e+03 3.281511795813979552e+04
2.284000000000000000e+03 3.286698862266982906e+04
2.285000000000000000e+03 3.288388672482906259e+04
2.286000000000000000e+03 3.292094762940898363e+04
2.287000000000000000e+03 3.283218977751561033e+04
2.288000000000000000e+03 3.289820868735130352e+04
2.289000000000000000e+03 3.290266838861333963e+04
2.290000000000000000e+03 3.290807303039208637e+04
2.291000000000000000e+03 3.291833039772357006e+04
2.292000000000000000e+03 3.294391260042966314e+04
2.293000000000000000e+03 3.295895368725218577e+04
2.294000000000000000e+03 3.294219871278048231e+04
2.295000000000000000e+03 3.294043165627458075e+04
2.296000000000000000e+03 3.295319956861271203e+04
2.297000000000000000e+03 3.299419854388565727e+04
2.298000000000000000e+03 3.306120075880984950e+04
2.299000000000000000e+03 3.304132989384671237e+04
2.300000000000000000e+03 3.305139623407622275e+04
2.301000000000000000e+03 3.307372420831419004e+04
2.302000000000000000e+03 3.308953279850867693e+04
2.303000000000000000e+03 3.313306167037837440e+04
2.304000000000000000e+03 3.314014598273781303e+04
2.305000000000000000e+03 3.316880943150096573e+04
2.306000000000000000e+03 3.320956709701653745e+04
2.307000000000000000e+03 3.324626280650290573e+04
2.308000000000000000e+03 3.326659785464360903e+04
2.309000000000000000e+03 3.334157182527067926e+04
2.310000000000000000e+03 3.332843826973125397e+04
2.311000000000000000e+03 3.328255404935463594e+04
2.312000000000000000e+03 3.326568887180766615e+04
2.313000000000000000e+03 3.324574303806816897e+04
2.314000000000000000e+03 3.325162524160099565e+04
2.315000000000000000e+03 3.330046089681454032e+04
2.316000000000000000e+03 3.331412327536150406e+04
2.317000000000000000e+03 3.331742209290638129e+04
2.318000000000000000e+03 3.332457721679806855e+04
2.319000000000000000e+03 3.330987299922833336e+04
2.320000000000000000e+03 3.336974066539283376e+04
2.321000000000000000e+03 3.338657767264010181e+04
2.322000000000000000e+03 3.337829835062793427e+04
2.323000000000000000e+03 3.338511845815584820e+04
2.324000000000000000e+03 3.345434689973865170e+04
2.325000000000000000e+03 3.341690785026780941e+04
2.326000000000000000e+03 3.343612724951632845e+04
2.327000000000000000e+03 3.346367229435900663e+04
2.328000000000000000e+03 3.343385030096455012e+04
2.329000000000000000e+03 3.340311777461726160e+04
2.330000000000000000e+03 3.340985339689582179e+04
2.331000000000000000e+03 3.340414753436305909e+04
2.332000000000000000e+03 3.348855584046172589e+04
2.333000000000000000e+03 3.345827460357475502e+04
2.334000000000000000e+03 3.344889410528446751e+04
2.335000000000000000e+03 3.343223041177102277e+04
2.336000000000000000e+03 3.346816566917156888e+04
2.337000000000000000e+03 3.349864601803312689e+04
2.338000000000000000e+03 3.352351400742339320e+04
2.339000000000000000e+03 3.352535199205804383e+04
2.340000000000000000e+03 3.350170889392013487e+04
2.341000000000000000e+03 3.353707577272844355e+04
2.342000000000000000e+03 3.357943632207117480e+04
2.343000000000000000e+03 3.359976863821556617e+04
2.344000000000000000e+03 3.357484351080008491e+04
2.345000000000000000e+03 3.360638714091557631e+04
2.346000000000000000e+03 3.362511512399128696e+04
2.347000000000000000e+03 3.359919777472082933e+04
2.348000000000000000e+03 3.352852580638280051e+04
2.349000000000000000e+03 3.351110034580808860e+04
2.350000000000000000e+03 3.357094071954789979e+04
2.351000000000000000e+03 3.361061020109097444e+04
2.352000000000000000e+03 3.362530651253963151e+04
2.353000000000000000e+03 3.370205608785702498e+04
2.354000000000000000e+03 3.378693688383735571e+04
2.355000000000000000e+03 3.385266580240264739e+04
2.356000000000000000e+03 3.378658342846305459e+04
2.357000000000000000e+03 3.377939999076621461e+04
2.358000000000000000e+03 3.371690343061361637e+04
2.359000000000000000e+03 3.384049422292469535e+04
2.360000000000000000e+03 3.386237942585186829e+04
2.361000000000000000e+03 3.387185900929392665e+04
2.362000000000000000e+03 3.385423898961893428e+04
2.363000000000000000e+03 3.390069464966216037e+04
2.364000000000000000e+03 3.389819833992711210e+04
2.365000000000000000e+03 3.390751454872517206e+04
2.366000000000000000e+03 3.390116522939244169e+04
2.367000000000000000e+03 3.396749356678859476e+04
2.368000000000000000e+03 3.400956239406271925e+04
2.369000000000000000e+03 3.404999003948331665e+04
2.370000000000000000e+03 3.404001854091985297e+04
2.371000000000000000e+03 3.405412264774749929e+04
2.372000000000000000e+03 3.403914316638918535e+04
2.373000000000000000e+03 3.407752242436758388e+04
2.374000000000000000e+03 3.409247277343498718e+04
2.375000000000000000e+03 3.415697910448622861e+04
2.376000000000000000e+03 3.421121981737622991e+04
2.377000000000000000e+03 3.424531224927616131e+04
2.378000000000000000e+03 3.429400010138133075e+04
2.379000000000000000e+03 3.430806959238464333e+04
2.380000000000000000e+03 3.430927422702468175e+04
2.381000000000000000e+03 3.437021045779655105e+04
2.382000000000000000e+03 3.437581111179760046e+04
2.383000000000000000e+03 3.442295446762444044e+04
2.384000000000000000e+03 3.442684558805252891e+04
2.385000000000000000e+03 3.440526642187844118e+04
2.386000000000000000e+03 3.440233624523367325e+04
2.387000000000000000e+03 3.446781029746398417e+04
2.388000000000000000e+03 3.447598344425880350e+04
2.389000000000000000e+03 3.444188359903234959e+04
2.390000000000000000e+03 3.447600019528089615e+04
2.391000000000000000e+03 3.447666194204169005e+04
2.392000000000000000e+03 3.441116609793998214e+04
2.393000000000000000e+03 3.431534900515823392e+04
2.394000000000000000e+03 3.430511384112901578e+04
2.395000000000000000e+03 3.434302998655881674e+04
2.396000000000000000e+03 3.439856441972016182e+04
2.397000000000000000e+03 3.436969295045746549e+04
2.398000000000000000e+03 3.431700925796686352e+04
2.399000000000000000e+03 3.427245578703867068e+04
2.400000000000000000e+03 3.425229353288835409e+04
2.401000000000000000e+03 3.430690024032616930e+04
2.402000000000000000e+03 3.433120423165889952e+04
2.403000000000000000e+03 3.435661339702443365e+04
2.404000000000000000e+03 3.434888614055743528e+04
2.405000000000000000e+03 3.433822806511846284e+04
2.406000000000000000e+03 3.441808716580712644e+04
2.407000000000000000e+03 3.441118430364167580e+04
2.408000000000000000e+03 3.446110426061557519e+04
2.409000000000000000e+03 3.447706909775868553e+04
2.410000000000000000e+03 3.449896815094666090e+04
2.411000000000000000e+03 3.452318562845325505e+04
2.412000000000000000e+03 3.453936417003552924e+04
2.413000000000000000e+03 3.457822905583844113e+04
2.414000000000000000e+03 3.458159408439201798e+04
2.415000000000000000e+03 3.455129130257518409e+04
2.416000000000000000e+03 3.452439818716005539e+04
2.417000000000000000e+03 3.451319585841455410e+04
2.418000000000000000e+03 3.457177506723284750e+04
2.419000000000000000e+03 3.456674612850230915e+04
2.420000000000000000e+03 3.457816527663874149e+04
2.421000000000000000e+03 3.458139667591944453e+04
2.422000000000000000e+03 3.463922481576071732e+04
2.423000000000000000e+03 3.461695561506494414e+04
2.424000000000000000e+03 3.459192821948967321e+04
2.425000000000000000e+03 3.463027305436657480e+04
2.426000000000000000e+03 3.466754386419073126e+04
2.427000000000000000e+03 3.463232452921806544e+04
2.428000000000000000e+03 3.462738187899202603e+04
2.429000000000000000e+03 3.457756622097996296e+04
2.430000000000000000e+03 3.464330866362692905e+04
2.431000000000000000e+03 3.461626546738823527e+04
2.432000000000000000e+03 3.460077215343239368e+04
2.433000000000000000e+03 3.457264948934342829e+04
2.434000000000000000e+03 3.457393554779639089e+04
2.435000000000000000e+03 3.457176503319032054e+04
2.436000000000000000e+03 3.455013854143890057e+04
2.437000000000000000e+03 3.454506331669310748e+04
2.438000000000000000e+03 3.452357437592568749e+04
2.439000000000000000e+03 3.460686743966935319e+04
2.440000000000000000e+03 3.457800558647471917e+04
2.441000000000000000e+03 3.460841187837110192e+04
2.442000000000000000e+03 3.461941016393373138e+04
2.443000000000000000e+03 3.464938309127713728e+04
2.444000000000000000e+03 3.466575911430880660e+04
2.445000000000000000e+03 3.468307498875661258e+04
2.446000000000000000e+03 3.472293867044017679e+04
2.447000000000000000e+03 3.480763284932397073e+04
2.448000000000000000e+03 3.484833871206708864e+04
2.449000000000000000e+03 3.482951979286298592e+04
2.450000000000000000e+03 3.484539251359365880e+04
2.451000000000000000e+03 3.491354850043517945e+04
2.452000000000000000e+03 3.494546618167685665e+04
2.453000000000000000e+03 3.496826138366147643e+04
2.454000000000000000e+03 3.494126649494536832e+04
2.455000000000000000e+03 3.496691738956429617e+04
2.456000000000000000e+03 3.497602138361136167e+04
2.457000000000000000e+03 3.504537892674943578e+04
2.458000000000000000e+03 3.510517858750071173e+04
2.459000000000000000e+03 3.509007320396346040e+04
2.460000000000000000e+03 3.506477762994137447e+04
2.461000000000000000e+03 3.506017619735425978e+04
2.462000000000000000e+03 3.494569637937568768e+04
2.463000000000000000e+03 3.498351608876710088e+04
2.464000000000000000e+03 3.505340991115786164e+04
2.465000000000000000e+03 3.508986439011420589e+04
2.466000000000000000e+03 3.512531015035667224e+04
2.467000000000000000e+03 3.513692038888287061e+04
2.468000000000000000e+03 3.513756353473888885e+04
2.469000000000000000e+03 3.515854645953699219e+04
2.470000000000000000e+03 3.514411399890757457e+04
2.471000000000000000e+03 3.520166655572184391e+04
2.472000000000000000e+03 3.519229844824678003e+04
2.473000000000000000e+03 3.523103251384838222e+04
2.474000000000000000e+03 3.529790244617548160e+04
2.475000000000000000e+03 3.530593550226103252e+04
2.476000000000000000e+03 3.534644712394945236e+04
2.477000000000000000e+03 3.535448668640566757e+04
2.478000000000000000e+03 3.533825811338492349e+04
2.479000000000000000e+03 3.530337388875902980e+04
2.480000000000000000e+03 3.531432114437167183e+04
2.481000000000000000e+03 3.523657558200944914e+04
2.482000000000000000e+03 3.523714454393507185e+04
2.483000000000000000e+03 3.531972377684663661e+04
2.484000000000000000e+03 3.535289630945745012e+04
2.485000000000000000e+03 3.533525298317011766e+04
2.486000000000000000e+03 3.543543774308097636e+04
2.487000000000000000e+03 3.553586905073727394e+04
2.488000000000000000e+03 3.554969826535294123e+04
2.489000000000000000e+03 3.562587195333571435e+04
2.490000000000000000e+03 3.563699309415602329e+04
2.491000000000000000e+03 3.568575283379782923e+04
2.492000000000000000e+03 3.567136384168090444e+04
2.493000000000000000e+03 3.569452588851199107e+04
2.494000000000000000e+03 3.568494231925602071e+04
2.495000000000000000e+03 3.570777540521173796e+04
2.496000000000000000e+03 3.569133921220394404e+04
2.497000000000000000e+03 3.570332057112303301e+04
2.498000000000000000e+03 3.569000523678182071e+04
2.499000000000000000e+03 3.572492304227770364e+04
2.500000000000000000e+03 3.581957870707432448e+04
2.501000000000000000e+03 3.581806278543236840e+04
2.502000000000000000e+03 3.584717581944696576e+04
2.503000000000000000e+03 3.581079851811726257e+04
2.504000000000000000e+03 3.578959159441971860e+04
2.505000000000000000e+03 3.586957303737923939e+04
2.506000000000000000e+03 3.592702213513761671e+04
2.507000000000000000e+03 3.595954181912197237e+04
2.508000000000000000e+03 3.604766066971235705e+04
2.509000000000000000e+03 3.607093692211392045e+04
2.510000000000000000e+03 3.608665578189210646e+04
2.511000000000000000e+03 3.610802618368277035e+04
2.512000000000000000e+03 3.611493271313884179e+04
2.513000000000000000e+03 3.615664765416290174e+04
2.514000000000000000e+03 3.620746876770882955e+04
2.515000000000000000e+03 3.622370435637391347e+04
2.516000000000000000e+03 3.609542175102877081e+04
2.517000000000000000e+03 3.611050449234073312e+04
2.518000000000000000e+03 3.612076657902636362e+04
2.519000000000000000e+03 3.612015911034896999e+04
2.520000000000000000e+03 3.612763732003296172e+04
2.521000000000000000e+03 3.622690530658752687e+04
2.522000000000000000e+03 3.622176253080104652e+04
2.523000000000000000e+03 3.621746927456251433e+04
2.524000000000000000e+03 3.625646939285167900e+04
2.525000000000000000e+03 3.632195675772172399e+04
2.526000000000000000e+03 3.635105193514470739e+04
2.527000000000000000e+03 3.641265541700334870e+04
2.528000000000000000e+03 3.640420426406346814e+04
2.529000000000000000e+03 3.647119152716087410e+04
2.530000000000000000e+03 3.644063835214834398e+04
2.531000000000000000e+03 3.639863504317952902e+04
2.532000000000000000e+03 3.644217242561307648e+04
2.533000000000000000e+03 3.650247648177463998e+04
2.534000000000000000e+03 3.654002719207279006e+04
2.535000000000000000e+03 3.646682409474636370e+04
2.536000000000000000e+03 3.642593867904025683e+04
2.537000000000000000e+03 3.645721325281217287e+04
2.538000000000000000e+03 3.647905203154546325e+04
2.539000000000000000e+03 3.647663395926312660e+04
2.540000000000000000e+03 3.658682337952456874e+04
2.541000000000000000e+03 3.660481530405249941e+04
2.542000000000000000e+03 3.654770932516927132e+04
2.543000000000000000e+03 3.653975034800880530e+04
2.544000000000000000e+03 3.661126868316970649e+04
2.545000000000000000e+03 3.661636021248205361e+04
2.546000000000000000e+03 3.662559764722698310e+04
2.547000000000000000e+03 3.658617724378836283e+04
2.548000000000000000e+03 3.652561476331483573e+04
2.549000000000000000e+03 3.651213951177874696e+04
2.550000000000000000e+03 3.651804118434291013e+04
2.551000000000000000e+03 3.656175680710460438e+04
2.552000000000000000e+03 3.658853086634747160e+04
2.553000000000000000e+03 3.657269191378988035e+04
2.554000000000000000e+03 3.660907395076913963e+04
2.555000000000000000e+03 3.656703326199060393e+04
2.556000000000000000e+03 3.655202504079748178e+04
2.557000000000000000e+03 3.658192417065135669e+04
2.558000000000000000e+03 3.661409965985824238e+04
2.559000000000000000e+03 3.662607540351273929e+04
2.560000000000000000e+03 3.658675037089587568e+04
2.561000000000000000e+03 3.653390718858403852e+04
2.562000000000000000e+03 3.659407905278410180e+04
2.563000000000000000e+03 3.662759639458764286e+04
2.564000000000000000e+03 3.665967019220725342e+04
2.565000000000000000e+03 3.667292300618426088e+04
2.566000000000000000e+03 3.669255664330039872e+04
2.567000000000000000e+03 3.668709877023701119e+04
2.568000000000000000e+03 3.673185948255180119e+04
2.569000000000000000e+03 3.674161494338213379e+04
2.570000000000000000e+03 3.675720065275411616e+04
2.571000000000000000e+03 3.685909810452577221e+04
2.572000000000000000e+03 3.687511828413623152e+04
2.573000000000000000e+03 3.688247010980220512e+04
2.574000000000000000e+03 3.685792208649168606e+04
2.575000000000000000e+03 3.688525796383337729e+04
2.576000000000000000e+03 3.691330354691176035e+04
2.577000000000000000e+03 3.695486648269805301e+04
2.578000000000000000e+03 3.706063361453871039e+04
2.579000000000000000e+03 3.705662950571115653e+04
2.580000000000000000e+03 3.703857988467666291e+04
2.581000000000000000e+03 3.703054483228827303e+04
2.582000000000000000e+03 3.703358004601992434e+04
2.583000000000000000e+03 3.703643557607612456e+04
2.584000000000000000e+03 3.699014712449790386e+04
2.585000000000000000e+03 3.699619428477247129e+04
2.586000000000000000e+03 3.704915655051692011e+04
2.587000000000000000e+03 3.704725883934336889e+04
2.588000000000000000e+03 3.703468313637772371e+04
2.589000000000000000e+03 3.706228301020194340e+04
2.590000000000000000e+03 3.699050459987338400e+04
2.591000000000000000e+03 3.701081465486041998e+04
2.592000000000000000e+03 3.704603666045403224e+04
2.593000000000000000e+03 3.700757249061082985e+04
2.594000000000000000e+03 3.704142622172473057e+04
2.595000000000000000e+03 3.706349786263855640e+04
2.596000000000000000e+03 3.705813072418750380e+04
2.597000000000000000e+03 3.700947274446715892e+04
2.598000000000000000e+03 3.702436447845918883e+04
2.599000000000000000e+03 3.703683195703124511e+04
2.600000000000000000e+03 3.706836748222843744e+04
2.601000000000000000e+03 3.708829779184472136e+04
2.602000000000000000e+03 3.706879608004297916e+04
2.603000000000000000e+03 3.707889684363829292e+04
2.604000000000000000e+03 3.711517446889566781e+04
2.605000000000000000e+03 3.715224183706824260e+04
2.606000000000000000e+03 3.715633384631554509e+04
2.607000000000000000e+03 3.713601044081442524e+04
2.608000000000000000e+03 3.710687099501254124e+04
2.609000000000000000e+03 3.711552971355360933e+04
2.610000000000000000e+03 3.721901572156762268e+04
2.611000000000000000e+03 3.722974053675075265e+04
2.612000000000000000e+03 3.724153544768485153e+04
2.613000000000000000e+03 3.720508178495379980e+04
2.614000000000000000e+03 3.719639582442536630e+04
2.615000000000000000e+03 3.719882494596023753e+04
2.616000000000000000e+03 3.721528407473383413e+04
2.617000000000000000e+03 3.722228646060832398e+04
2.618000000000000000e+03 3.718954852635846328e+04
2.619000000000000000e+03 3.722381564613485534e+04
2.620000000000000000e+03 3.723605335800752800e+04
2.621000000000000000e+03 3.726973600428766804e+04
2.622000000000000000e+03 3.731021818903151143e+04
2.623000000000000000e+03 3.730501288460398791e+04
2.624000000000000000e+03 3.725350425596669811e+04
2.625000000000000000e+03 3.725170806342107244e+04
2.626000000000000000e+03 3.729820468181469914e+04
2.627000000000000000e+03 3.728509552318514761e+04
2.628000000000000000e+03 3.733058841310527350e+04
2.629000000000000000e+03 3.729848086632170453e+04
2.630000000000000000e+03 3.732080800194598123e+04
2.631000000000000000e+03 3.736592257979245915e+04
2.632000000000000000e+03 3.740330484083874762e+04
2.633000000000000000e+03 3.745907055385509011e+04
2.634000000000000000e+03 3.746594224483716971e+04
2.635000000000000000e+03 3.748860548654628656e+04
2.636000000000000000e+03 3.755292636911600130e+04
2.637000000000000000e+03 3.750291763881495717e+04
2.638000000000000000e+03 3.746713428017140541e+04
2.639000000000000000e+03 3.748367427352396771e+04
2.640000000000000000e+03 3.743183184255156084e+04
2.641000000000000000e+03 3.754942545294790034e+04
2.642000000000000000e+03 3.758317850839698804e+04
2.643000000000000000e+03 3.762524067652758094e+04
2.644000000000000000e+03 3.768466875352770148e+04
2.645000000000000000e+03 3.768803833398979623e+04
2.646000000000000000e+03 3.769441495727403526e+04
2.647000000000000000e+03 3.773216136178663146e+04
2.648000000000000000e+03 3.777691784690265922e+04
2.649000000000000000e+03 3.784205366086454160e+04
2.650000000000000000e+03 3.787640794075711165e+04
2.651000000000000000e+03 3.793461895849026041e+04
2.652000000000000000e+03 3.803601504291866149e+04
2.653000000000000000e+03 3.806198996100611112e+04
2.654000000000000000e+03 3.805506483755760564e+04
2.655000000000000000e+03 3.800978374240602716e+04
2.656000000000000000e+03 3.802436330753782386e+04
2.657000000000000000e+03 3.799768723166826385e+04
2.658000000000000000e+03 3.806282885280413757e+04
2.659000000000000000e+03 3.810138299173541600e+04
2.660000000000000000e+03 3.810369840473795921e+04
2.661000000000000000e+03 3.804136203622721951e+04
2.662000000000000000e+03 3.807173490557599871e+04
2.663000000000000000e+03 3.807633980868631625e+04
2.664000000000000000e+03 3.807312854421706288e+04
2.665000000000000000e+03 3.810023038559132692e+04
2.666000000000000000e+03 3.813421260749748035e+04
2.667000000000000000e+03 3.818539094699075213e+04
2.668000000000000000e+03 3.824041938184021274e+04
2.669000000000000000e+03 3.825831735012798890e+04
2.670000000000000000e+03 3.834777055931292853e+04
2.671000000000000000e+03 3.838819534895189281e+04
2.672000000000000000e+03 3.843676554608009610e+04
2.673000000000000000e+03 3.845072211723303917e+04
2.674000000000000000e+03 3.847186541426047916e+04
2.675000000000000000e+03 3.850736553950816597e+04
2.676000000000000000e+03 3.845953732092822611e+04
2.677000000000000000e+03 3.841878941835800651e+04
2.678000000000000000e+03 3.842156788808598503e+04
2.679000000000000000e+03 3.838819566661706631e+04
2.680000000000000000e+03 3.832519322986545012e+04
2.681000000000000000e+03 3.834663389837798604e+04
2.682000000000000000e+03 3.834685750050422939e+04
2.683000000000000000e+03 3.833324960462040326e+04
2.684000000000000000e+03 3.841033240155660314e+04
2.685000000000000000e+03 3.842287200408292119e+04
2.686000000000000000e+03 3.846066480559882621e+04
2.687000000000000000e+03 3.846397564209527627e+04
2.688000000000000000e+03 3.846827188201474928e+04
2.689000000000000000e+03 3.844816513658539770e+04
2.690000000000000000e+03 3.849640379229823884e+04
2.691000000000000000e+03 3.857745567025194759e+04
2.692000000000000000e+03 3.857076340641594288e+04
2.693000000000000000e+03 3.863852704570294009e+04
2.694000000000000000e+03 3.858567620129611169e+04
2.695000000000000000e+03 3.853569901182777539e+04
2.696000000000000000e+03 3.852678181571065215e+04
2.697000000000000000e+03 3.857376950454770849e+04
2.698000000000000000e+03 3.850039523914312304e+04
2.699000000000000000e+03 3.850989179870941007e+04
2.700000000000000000e+03 3.858000937514621910e+04
2.701000000000000000e+03 3.860834896058911545e+04
2.702000000000000000e+03 3.861629188156585587e+04
2.703000000000000000e+03 3.861408131689522997e+04
2.704000000000000000e+03 3.870546113430791593e+04
2.705000000000000000e+03 3.869101936431277863e+04
2.706000000000000000e+03 3.870109241024652147e+04
2.707000000000000000e+03 3.872007722756751173e+04
2.708000000000000000e+03 3.874275475216203631e+04
2.709000000000000000e+03 3.879861332553890679e+04
2.710000000000000000e+03 3.875614869338589779e+04
2.711000000000000000e+03 3.875876386523926340e+04
2.712000000000000000e+03 3.880687301657019998e+04
2.713000000000000000e+03 3.881295597296870983e+04
2.714000000000000000e+03 3.881853898653012584e+04
2.715000000000000000e+03 3.884306189973468281e+04
2.716000000000000000e+03 3.890618079136880260e+04
2.717000000000000000e+03 3.887591535236332857e+04
2.718000000000000000e+03 3.889282341185725818e+04
2.719000000000000000e+03 3.889371120155864628e+04
2.720000000000000000e+03 3.891297154702621629e+04
2.721000000000000000e+03 3.893710329227552575e+04
2.722000000000000000e+03 3.887891615309869667e+04
2.723000000000000000e+03 3.888035223008807225e+04
2.724000000000000000e+03 3.893110829385159013e+04
2.725000000000000000e+03 3.897689206175426807e+04
2.726000000000000000e+03 3.901631922127278085e+04
2.727000000000000000e+03 3.901976008589834237e+04
2.728000000000000000e+03 3.903696776632174442e+04
2.729000000000000000e+03 3.905531684480347758e+04
2.730000000000000000e+03 3.906425879178736795e+04
2.731000000000000000e+03 3.908346721274401352e+04
2.732000000000000000e+03 3.908939630901673081e+04
2.733000000000000000e+03 3.908693990042578662e+04
2.734000000000000000e+03 3.916301757910196466e+04
2.735000000000000000e+03 3.915358760977688507e+04
2.736000000000000000e+03 3.913412512420364510e+04
2.737000000000000000e+03 3.911316473094289540e+04
2.738000000000000000e+03 3.905560163801231829e+04
2.739000000000000000e+03 3.916286818560786196e+04
2.740000000000000000e+03 3.917914495477572927e+04
2.741000000000000000e+03 3.918244726241054741e+04
2.742000000000000000e+03 3.915724554926412384e+04
2.743000000000000000e+03 3.915251039748709445e+04
2.744000000000000000e+03 3.918590169911701378e+04
2.745000000000000000e+03 3.913731259731383761e+04
2.746000000000000000e+03 3.918934140414095600e+04
2.747000000000000000e+03 3.921971712327519344e+04
2.748000000000000000e+03 3.918627027873844054e+04
2.749000000000000000e+03 3.918814465762930922e+04
2.750000000000000000e+03 3.919377080155634030e+04
2.751000000000000000e+03 3.922073039157813764e+04
2.752000000000000000e+03 3.925335607405068004e+04
2.753000000000000000e+03 3.926960951330294483e+04
2.754000000000000000e+03 3.930571826806204626e+04
2.755000000000000000e+03 3.926755216853828460e+04
2.756000000000000000e+03 3.927390691594546661e+04
2.757000000000000000e+03 3.932008857557629381e+04
2.758000000000000000e+03 3.939517083781525434e+04
2.759000000000000000e+03 3.937952189824168454e+04
2.760000000000000000e+03 3.939274282207308715e+04
2.761000000000000000e+03 3.939265437898483651e+04
2.762000000000000000e+03 3.940052113212926633e+04
2.763000000000000000e+03 3.941151276153796061e+04
2.764000000000000000e+03 3.945534727343857958e+04
2.765000000000000000e+03 3.953331205197488453e+04
2.766000000000000000e+03 3.957960674183922674e+04
2.767000000000000000e+03 3.956950590404742252e+04
2.768000000000000000e+03 3.956817804939376219e+04
2.769000000000000000e+03 3.956689020378233545e+04
2.770000000000000000e+03 3.966032319671585719e+04
2.771000000000000000e+03 3.965018922740037669e+04
2.772000000000000000e+03 3.970314560073005850e+04
2.773000000000000000e+03 3.974730372715062549e+04
2.774000000000000000e+03 3.974721914953164378e+04
2.775000000000000000e+03 3.975143505132264545e+04
2.776000000000000000e+03 3.975194704115406057e+04
2.777000000000000000e+03 3.976724346500826505e+04
2.778000000000000000e+03 3.981258689425919874e+04
2.779000000000000000e+03 3.985803448453230521e+04
2.780000000000000000e+03 3.982893024750481709e+04
2.781000000000000000e+03 3.988676846240947634e+04
2.782000000000000000e+03 3.988724676369065128e+04
2.783000000000000000e+03 3.991470784323873522e+04
2.784000000000000000e+03 3.995395467148202442e+04
2.785000000000000000e+03 4.002834623267931602e+04
2.786000000000000000e+03 4.006512222868368553e+04
2.787000000000000000e+03 4.012306400973752170e+04
2.788000000000000000e+03 4.018746648417245160e+04
2.789000000000000000e+03 4.015726421542897879e+04
2.790000000000000000e+03 4.020640949147592619e+04
2.791000000000000000e+03 4.021519752737972158e+04
2.792000000000000000e+03 4.015912054677958804e+04
2.793000000000000000e+03 4.020762902181307436e+04
2.794000000000000000e+03 4.027720902475146431e+04
2.795000000000000000e+03 4.029691398267465411e+04
2.796000000000000000e+03 4.030440082725350658e+04
2.797000000000000000e+03 4.034615018195422454e+04
2.798000000000000000e+03 4.042088689565137611e+04
2.799000000000000000e+03 4.051242028338176897e+04
2.800000000000000000e+03 4.050024706704912387e+04
2.801000000000000000e+03 4.046289603133231140e+04
2.802000000000000000e+03 4.049772348125273129e+04
2.803000000000000000e+03 4.053614151298060460e+04
2.804000000000000000e+03 4.056393080612310587e+04
2.805000000000000000e+03 4.051921215198811115e+04
2.806000000000000000e+03 4.054657957480992627e+04
2.807000000000000000e+03 4.054213745006774843e+04
2.808000000000000000e+03 4.059034128235577373e+04
2.809000000000000000e+03 4.061125043082576303e+04
2.810000000000000000e+03 4.072418624035603716e+04
2.811000000000000000e+03 4.078878782838806364e+04
2.812000000000000000e+03 4.083016002423973987e+04
2.813000000000000000e+03 4.082173142580768035e+04
2.814000000000000000e+03 4.084272169900853623e+04
2.815000000000000000e+03 4.091007144145773054e+04
2.816000000000000000e+03 4.087088154991656484e+04
2.817000000000000000e+03 4.083945654421828658e+04
2.818000000000000000e+03 4.082530803080851183e+04
2.819000000000000000e+03 4.084531294308901852e+04
2.820000000000000000e+03 4.082715704318271310e+04
2.821000000000000000e+03 4.081091673922182963e+04
2.822000000000000000e+03 4.088146284685379214e+04
2.823000000000000000e+03 4.087071421096827544e+04
2.824000000000000000e+03 4.095489091301979352e+04
2.825000000000000000e+03 4.103305840554329188e+04
2.826000000000000000e+03 4.106237749833188718e+04
2.827000000000000000e+03 4.102032595655092882e+04
2.828000000000000000e+03 4.110894454172436235e+04
2.829000000000000000e+03 4.119924619799210632e+04
2.830000000000000000e+03 4.126913197008732823e+04
2.831000000000000000e+03 4.130481565576693538e+04
2.832000000000000000e+03 4.129055403157191904e+04
2.833000000000000000e+03 4.131670619275717763e+04
2.834000000000000000e+03 4.130812029974479810e+04
2.835000000000000000e+03 4.134764065946263145e+04
2.836000000000000000e+03 4.137361847485700855e+04
2.837000000000000000e+03 4.136847941119972529e+04
2.838000000000000000e+03 4.135665716882023116e+04
2.839000000000000000e+03 4.132435921315466840e+04
2.840000000000000000e+03 4.133544404652661615e+04
2.841000000000000000e+03 4.136945356902822095e+04
2.842000000000000000e+03 4.133579652433068986e+04
2.843000000000000000e+03 4.135815188467520056e+04
2.844000000000000000e+03 4.132260016922461364e+04
2.845000000000000000e+03 4.130793583126483281e+04
2.846000000000000000e+03 4.138591422391208471e+04
2.847000000000000000e+03 4.145018599977017584e+04
2.848000000000000000e+03 4.145787729644271894e+04
2.849000000000000000e+03 4.153382643812544120e+04
2.850000000000000000e+03 4.150547749819755700e+04
2.851000000000000000e+03 4.151556305117815646e+04
2.852000000000000000e+03 4.158126123151548381e+04
2.853000000000000000e+03 4.161849604303029628e+04
2.854000000000000000e+03 4.163727999218512559e+04
2.855000000000000000e+03 4.168687714327411959e+04
2.856000000000000000e+03 4.174909689420778159e+04
2.857000000000000000e+03 4.177641709929959325e+04
2.858000000000000000e+03 4.171835945347385132e+04
2.859000000000000000e+03 4.167171168330856744e+04
2.860000000000000000e+03 4.170979921611399186e+04
2.861000000000000000e+03 4.171314727429316554e+04
2.862000000000000000e+03 4.171392560871210299e+04
2.863000000000000000e+03 4.177154625298947212e+04
2.864000000000000000e+03 4.182705083190544974e+04
2.865000000000000000e+03 4.190288705432650022e+04
2.866000000000000000e+03 4.190332871730635816e+04
2.867000000000000000e+03 4.188875208322245453e+04
2.868000000000000000e+03 4.190380948628691112e+04
2.869000000000000000e+03 4.192332298639384680e+04
2.870000000000000000e+03 4.196582341407938657e+04
2.871000000000000000e+03 4.199851735806759098e+04
2.872000000000000000e+03 4.201205582234985195e+04
2.873000000000000000e+03 4.202774993774813629e+04
2.874000000000000000e+03 4.201626595577597618e+04
2.875000000000000000e+03 4.209020471369406732e+04
2.876000000000000000e+03 4.216294143575088674e+04
2.877000000000000000e+03 4.217915284098510165e+04
2.878000000000000000e+03 4.221877368128704256e+04
2.879000000000000000e+03 4.225485253316297894e+04
2.880000000000000000e+03 4.227822794057489227e+04
2.881000000000000000e+03 4.222685357600418502e+04
2.882000000000000000e+03 4.223215824680662627e+04
2.883000000000000000e+03 4.224875297649163258e+04
2.884000000000000000e+03 4.221621179373975610e+04
2.885000000000000000e+03 4.218549698813060968e+04
2.886000000000000000e+03 4.222555914803966880e+04
2.887000000000000000e+03 4.231161781602280826e+04
2.888000000000000000e+03 4.232678242830161616e+04
2.889000000000000000e+03 4.240821366277406923e+04
2.890000000000000000e+03 4.245276071819625940e+04
2.891000000000000000e+03 4.239590911113274342e+04
2.892000000000000000e+03 4.239174200250284775e+04
2.893000000000000000e+03 4.235254778300770704e+04
2.894000000000000000e+03 4.233835409642988816e+04
2.895000000000000000e+03 4.233004262050038233e+04
2.896000000000000000e+03 4.234327110111098591e+04
2.897000000000000000e+03 4.225849993817156064e+04
2.898000000000000000e+03 4.227580967732200952e+04
2.899000000000000000e+03 4.227690965651415172e+04
2.900000000000000000e+03 4.227507375669691100e+04
2.901000000000000000e+03 4.229513634951047425e+04
2.902000000000000000e+03 4.230961038408931927e+04
2.903000000000000000e+03 4.232614992548655573e+04
2.904000000000000000e+03 4.231670164151156496e+04
2.905000000000000000e+03 4.234223131467126223e+04
2.906000000000000000e+03 4.237344518179276929e+04
2.907000000000000000e+03 4.241739339244558505e+04
2.908000000000000000e+03 4.242592733884298650e+04
2.909000000000000000e+03 4.252482205147328932e+04
2.910000000000000000e+03 4.266658760609124147e+04
2.911000000000000000e+03 4.274619715670023288e+04
2.912000000000000000e+03 4.273099464936982258e+04
2.913000000000000000e+03 4.268126444252159126e+04
2.914000000000000000e+03 4.263405939424136159e+04
2.915000000000000000e+03 4.261626842293197842e+04
2.916000000000000000e+03 4.264689472483267309e+04
2.917000000000000000e+03 4.266419246735711931e+04
2.918000000000000000e+03 4.267148904565977864e+04
2.919000000000000000e+03 4.274366240747101983e+04
2.920000000000000000e+03 4.281796438517199567e+04
2.921000000000000000e+03 4.284663585470499675e+04
2.922000000000000000e+03 4.287214210981141514e+04
2.923000000000000000e+03 4.292816956624653540e+04
2.924000000000000000e+03 4.287894501563485392e+04
2.925000000000000000e+03 4.285138274361607910e+04
2.926000000000000000e+03 4.284263086673442740e+04
2.927000000000000000e+03 4.288360403447644057e+04
2.928000000000000000e+03 4.287182864450433408e+04
2.929000000000000000e+03 4.291576811349630589e+04
2.930000000000000000e+03 4.293065173940928798e+04
2.931000000000000000e+03 4.293246141460001672e+04
2.932000000000000000e+03 4.304033189639178454e+04
2.933000000000000000e+03 4.308526469458693464e+04
2.934000000000000000e+03 4.313020678882202628e+04
2.935000000000000000e+03 4.320658956900504563e+04
2.936000000000000000e+03 4.320106614593491395e+04
2.937000000000000000e+03 4.318312176984736288e+04
2.938000000000000000e+03 4.317697876648491365e+04
2.939000000000000000e+03 4.319565232627603837e+04
2.940000000000000000e+03 4.314552386623946950e+04
2.941000000000000000e+03 4.319663406699206098e+04
2.942000000000000000e+03 4.319790952333258610e+04
2.943000000000000000e+03 4.323005281201729667e+04
2.944000000000000000e+03 4.332800454256651574e+04
2.945000000000000000e+03 4.336950214849668555e+04
2.946000000000000000e+03 4.337990976875992783e+04
2.947000000000000000e+03 4.334601756352197845e+04
2.948000000000000000e+03 4.334538951329996053e+04
2.949000000000000000e+03 4.330334028605247295e+04
2.950000000000000000e+03 4.325406335466191376e+04
2.951000000000000000e+03 4.323321115005046886e+04
2.952000000000000000e+03 4.329699835753539810e+04
2.953000000000000000e+03 4.331109747799663455e+04
2.954000000000000000e+03 4.328884814963687677e+04
2.955000000000000000e+03 4.328490067008864571e+04
2.956000000000000000e+03 4.325518905766752869e+04
2.957000000000000000e+03 4.318177982478009653e+04
2.958000000000000000e+03 4.321347737419574696e+04
2.959000000000000000e+03 4.327399119740125752e+04
2.960000000000000000e+03 4.325111588136478531e+04
2.961000000000000000e+03 4.322068790415305557e+04
2.962000000000000000e+03 4.318095672120329982e+04
2.963000000000000000e+03 4.317700615741173533e+04
2.964000000000000000e+03 4.317286946010839165e+04
2.965000000000000000e+03 4.320910354047220608e+04
2.966000000000000000e+03 4.316301369450456696e+04
2.967000000000000000e+03 4.318802685679741990e+04
2.968000000000000000e+03 4.324513184746142360e+04
2.969000000000000000e+03 4.325132460819777043e+04
2.970000000000000000e+03 4.330114380893056659e+04
2.971000000000000000e+03 4.325829887857750873e+04
2.972000000000000000e+03 4.328236188544729521e+04
2.973000000000000000e+03 4.321151179384564603e+04
2.974000000000000000e+03 4.325368794557297952e+04
2.975000000000000000e+03 4.327123909578028542e+04
2.976000000000000000e+03 4.330190096929303400e+04
2.977000000000000000e+03 4.340623384346135572e+04
2.978000000000000000e+03 4.344850211990078969e+04
2.979000000000000000e+03 4.344299503581572935e+04
2.980000000000000000e+03 4.344691820381463185e+04
2.981000000000000000e+03 4.345968127186318452e+04
2.982000000000000000e+03 4.341000847871461883e+04
2.983000000000000000e+03 4.339873817620053887e+04
2.984000000000000000e+03 4.345006591165377904e+04
2.985000000000000000e+03 4.345929331649185042e+04
2.986000000000000000e+03 4.340968724531822954e+04
2.987000000000000000e+03 4.350745769812341314e+04
2.988000000000000000e+03 4.362280836893220840e+04
2.989000000000000000e+03 4.363067806341119285e+04
2.990000000000000000e+03 4.356452792746626073e+04
2.991000000000000000e+03 4.363699150286649092e+04
2.992000000000000000e+03 4.363467293384805816e+04
2.993000000000000000e+03 4.368106437627806008e+04
2.994000000000000000e+03 4.365977153105767502e+04
2.995000000000000000e+03 4.366784504177598865e+04
2.996000000000000000e+03 4.373865157193841151e+04
2.997000000000000000e+03 4.376277021742992656e+04
2.998000000000000000e+03 4.375965802349220758e+04
2.999000000000000000e+03 4.376253295413990418e+04
3.000000000000000000e+03 4.379747726211338886e+04
3.001000000000000000e+03 4.377850398882383161e+04
3.002000000000000000e+03 4.379821130907772022e+04
3.003000000000000000e+03 4.384565217793297779e+04
3.004000000000000000e+03 4.389708554612720764e+04
3.005000000000000000e+03 4.392202431823415100e+04
3.006000000000000000e+03 4.395969461212078750e+04
3.007000000000000000e+03 4.401808504160989105e+04
3.008000000000000000e+03 4.408555043273254705e+04
3.009000000000000000e+03 4.409772150888590841e+04
3.010000000000000000e+03 4.418666222764510167e+04
3.011000000000000000e+03 4.418751634888680564e+04
3.012000000000000000e+03 4.427832278861889790e+04
3.013000000000000000e+03 4.428157116648036026e+04
3.014000000000000000e+03 4.429120806523262581e+04
3.015000000000000000e+03 4.434584497222136270e+04
3.016000000000000000e+03 4.443766830034161103e+04
3.017000000000000000e+03 4.445746588646930468e+04
3.018000000000000000e+03 4.449362110981858859e+04
3.019000000000000000e+03 4.451754886508540949e+04
3.020000000000000000e+03 4.451520470012313308e+04
3.021000000000000000e+03 4.454170531675629900e+04
3.022000000000000000e+03 4.461554566349346715e+04
3.023000000000000000e+03 4.467190697169050691e+04
3.024000000000000000e+03 4.464666493665573216e+04
3.025000000000000000e+03 4.469032234255864751e+04
3.026000000000000000e+03 4.463784105643664225e+04
3.027000000000000000e+03 4.462416954043430451e+04
3.028000000000000000e+03 4.455724631287709053e+04
3.029000000000000000e+03 4.445318659360409220e+04
3.030000000000000000e+03 4.443896397958621674e+04
3.031000000000000000e+03 4.440697839061335981e+04
3.032000000000000000e+03 4.445505921758131444e+04
3.033000000000000000e+03 4.449695955869789759e+04
3.034000000000000000e+03 4.458764877711729059e+04
3.035000000000000000e+03 4.453632837118295720e+04
3.036000000000000000e+03 4.454623257131937135e+04
3.037000000000000000e+03 4.459914552485628519e+04
3.038000000000000000e+03 4.464354888103464327e+04
3.039000000000000000e+03 4.470416211409300740e+04
3.040000000000000000e+03 4.474016885394795827e+04
3.041000000000000000e+03 4.478762850377528957e+04
3.042000000000000000e+03 4.474321671581424016e+04
3.043000000000000000e+03 4.474052296599924011e+04
3.044000000000000000e+03 4.477992639498178323e+04
3.045000000000000000e+03 4.484786912120084162e+04
3.046000000000000000e+03 4.485280980036980327e+04
3.047000000000000000e+03 4.491245618515026581e+04
3.048000000000000000e+03 4.494984413648013287e+04
3.049000000000000000e+03 4.500576477805805916e+04
3.050000000000000000e+03 4.499249417644664936e+04
3.051000000000000000e+03 4.501063423311218503e+04
3.052000000000000000e+03 4.500935667657441081e+04
3.053000000000000000e+03 4.501157379111155024e+04
3.054000000000000000e+03 4.501710366135988443e+04
3.055000000000000000e+03 4.492782288612712000e+04
3.056000000000000000e+03 4.492949466634065175e+04
3.057000000000000000e+03 4.502133892207313329e+04
3.058000000000000000e+03 4.503797108879910957e+04
3.059000000000000000e+03 4.510882013866992202e+04
3.060000000000000000e+03 4.512535607320716372e+04
3.061000000000000000e+03 4.517866687091948552e+04
3.062000000000000000e+03 4.515721978251029941e+04
3.063000000000000000e+03 4.524163253823581181e+04
3.064000000000000000e+03 4.529764627244760777e+04
3.065000000000000000e+03 4.538684835326805478e+04
3.066000000000000000e+03 4.539778767297633749e+04
3.067000000000000000e+03 4.537819709783731378e+04
3.068000000000000000e+03 4.542155558978146291e+04
3.069000000000000000e+03 4.537509418905583880e+04
3.070000000000000000e+03 4.532035097082790890e+04
3.071000000000000000e+03 4.533554959719399631e+04
3.072000000000000000e+03 4.535128352221042587e+04
3.073000000000000000e+03 4.534844949774743145e+04
3.074000000000000000e+03 4.541029681384466676e+04
3.075000000000000000e+03 4.540973067764860753e+04
3.076000000000000000e+03 4.537086979053224786e+04
3.077000000000000000e+03 4.543723151652723755e+04
3.078000000000000000e+03 4.537273813445340056e+04
3.079000000000000000e+03 4.542834309611037315e+04
3.080000000000000000e+03 4.550859486272548384e+04
3.081000000000000000e+03 4.540864555951325019e+04
3.082000000000000000e+03 4.533980943072376249e+04
3.083000000000000000e+03 4.541559267802241084e+04
3.084000000000000000e+03 4.553487316983185156e+04
3.085000000000000000e+03 4.554808700079566188e+04
3.086000000000000000e+03 4.556670573789437913e+04
3.087000000000000000e+03 4.559274734579087817e+04
3.088000000000000000e+03 4.562027887003547949e+04
3.089000000000000000e+03 4.564595725203715119e+04
3.090000000000000000e+03 4.569036222170128167e+04
3.091000000000000000e+03 4.572945415087352012e+04
3.092000000000000000e+03 4.575939344838955003e+04
3.093000000000000000e+03 4.573240102229188051e+04
3.094000000000000000e+03 4.566425272168497759e+04
3.095000000000000000e+03 4.567310374434299592e+04
3.096000000000000000e+03 4.571572247655511455e+04
3.097000000000000000e+03 4.573733278103254997e+04
3.098000000000000000e+03 4.579374865118406160e+04
3.099000000000000000e+03 4.571899160378398665e+04
3.100000000000000000e+03 4.570346595741043711e+04
3.101000000000000000e+03 4.571540148330211377e+04
3.102000000000000000e+03 4.568981194443215645e+04
3.103000000000000000e+03 4.569917589141520875e+04
3.104000000000000000e+03 4.572135985861108202e+04
3.105000000000000000e+03 4.575268997745714296e+04
3.106000000000000000e+03 4.577774007660597272e+04
3.107000000000000000e+03 4.581545654415265017e+04
3.108000000000000000e+03 4.583422207686155889e+04
3.109000000000000000e+03 4.576841831731714774e+04
3.110000000000000000e+03 4.576129322035258519e+04
3.111000000000000000e+03 4.586127047095065063e+04
3.112000000000000000e+03 4.582270118329515390e+04
3.113000000000000000e+03 4.583710935186372080e+04
3.114000000000000000e+03 4.585959931207678164e+04
3.115000000000000000e+03 4.590807573201474588e+04
3.116000000000000000e+03 4.594588209334365820e+04
3.117000000000000000e+03 4.587377220759836928e+04
3.118000000000000000e+03 4.583696256571843696e+04
3.119000000000000000e+03 4.587202871696522197e+04
3.120000000000000000e+03 4.586074293293959636e+04
3.121000000000000000e+03 4.585577690846472251e+04
3.122000000000000000e+03 4.586150570390726352e+04
3.123000000000000000e+03 4.582956226273213542e+04
3.124000000000000000e+03 4.584488471790455515e+04
3.125000000000000000e+03 4.583602806594356662e+04
3.126000000000000000e+03 4.585223934712338087e+04
3.127000000000000000e+03 4.585048156792861118e+04
3.128000000000000000e+03 4.584813272425597097e+04
3.129000000000000000e+03 4.589706703673657466e+04
3.130000000000000000e+03 4.585830592540703947e+04
3.131000000000000000e+03 4.589281539420074841e+04
3.132000000000000000e+03 4.589247213527803979e+04
3.133000000000000000e+03 4.594656532213030732e+04
3.134000000000000000e+03 4.593290747838345123e+04
3.135000000000000000e+03 4.600896753325821919e+04
3.136000000000000000e+03 4.610781379596541228e+04
3.137000000000000000e+03 4.614508787732823839e+04
3.138000000000000000e+03 4.619244011044788203e+04
3.139000000000000000e+03 4.618608219602159079e+04
3.140000000000000000e+03 4.621858773156812094e+04
3.141000000000000000e+03 4.622843237540744303e+04
3.142000000000000000e+03 4.624726249683743663e+04
3.143000000000000000e+03 4.629335387701318541e+04
3.144000000000000000e+03 4.630609419123741827e+04
3.145000000000000000e+03 4.634621182762892568e+04
3.146000000000000000e+03 4.636813466285642789e+04
3.147000000000000000e+03 4.639153560445438779e+04
3.148000000000000000e+03 4.639971439407469006e+04
3.149000000000000000e+03 4.633869471684990276e+04
3.150000000000000000e+03 4.627841014469551737e+04
3.151000000000000000e+03 4.629327180989313638e+04
3.152000000000000000e+03 4.641515307831486280e+04
3.153000000000000000e+03 4.641788543017342454e+04
3.154000000000000000e+03 4.649690670107570622e+04
3.155000000000000000e+03 4.646451704788687493e+04
3.156000000000000000e+03 4.643095145009671978e+04
3.157000000000000000e+03 4.644128421712812997e+04
3.158000000000000000e+03 4.644239123646341613e+04
3.159000000000000000e+03 4.647708888517118612e+04
3.160000000000000000e+03 4.650812893443920620e+04
3.161000000000000000e+03 4.654058722321286041e+04
3.162000000000000000e+03 4.654387765268367366e+04
3.163000000000000000e+03 4.652708184711366630e+04
3.164000000000000000e+03 4.651548832597364526e+04
3.165000000000000000e+03 4.650736438495835318e+04
3.166000000000000000e+03 4.650908383641664841e+04
3.167000000000000000e+03 4.650475656416252605e+04
3.168000000000000000e+03 4.652140593673989497e+04
3.169000000000000000e+03 4.657463117774680723e+04
3.170000000000000000e+03 4.656107060652927612e+04
3.171000000000000000e+03 4.650031029219021730e+04
3.172000000000000000e+03 4.651617288469376945e+04
3.173000000000000000e+03 4.659994556114646548e+04
3.174000000000000000e+03 4.653905847347497911e+04
3.175000000000000000e+03 4.659335237151084584e+04
3.176000000000000000e+03 4.659787255803311564e+04
3.177000000000000000e+03 4.663706419609901059e+04
3.178000000000000000e+03 4.665040857802051323e+04
3.179000000000000000e+03 4.664273579355936090e+04
3.180000000000000000e+03 4.660041209629658988e+04
3.181000000000000000e+03 4.658279041597303149e+04
3.182000000000000000e+03 4.656542440667501796e+04
3.183000000000000000e+03 4.649664180615360237e+04
3.184000000000000000e+03 4.655904538875820435e+04
3.185000000000000000e+03 4.658837983172706299e+04
3.186000000000000000e+03 4.657780820078914985e+04
3.187000000000000000e+03 4.656262688599061948e+04
3.188000000000000000e+03 4.655359116136639204e+04
3.189000000000000000e+03 4.658687878873972659e+04
3.190000000000000000e+03 4.661653858152656176e+04
3.191000000000000000e+03 4.657824053483858006e+04
3.192000000000000000e+03 4.657263947917211044e+04
3.193000000000000000e+03 4.659767693196791515e+04
3.194000000000000000e+03 4.659462419631078956e+04
3.195000000000000000e+03 4.660318978202419385e+04
3.196000000000000000e+03 4.660944175712874130e+04
3.197000000000000000e+03 4.661393053962661361e+04
3.198000000000000000e+03 4.657671384824383858e+04
3.199000000000000000e+03 4.659648608505829907e+04
3.200000000000000000e+03 4.664349229306099733e+04
3.201000000000000000e+03 4.673023872573528206e+04
3.202000000000000000e+03 4.676083726138717611e+04
3.203000000000000000e+03 4.684729175030867191e+04
3.204000000000000000e+03 4.682559427485887136e+04
3.205000000000000000e+03 4.686312461123127287e+04
3.206000000000000000e+03 4.687909758340213011e+04
3.207000000000000000e+03 4.694354561068873591e+04
3.208000000000000000e+03 4.701766606902854983e+04
3.209000000000000000e+03 4.711880751394457184e+04
3.210000000000000000e+03 4.707743602614949486e+04
3.211000000000000000e+03 4.712754756959738734e+04
3.212000000000000000e+03 4.708106406349218014e+04
3.213000000000000000e+03 4.707414954816681711e+04
3.214000000000000000e+03 4.712732145156342449e+04
3.215000000000000000e+03 4.725232909919706435e+04
3.216000000000000000e+03 4.728816234793770855e+04
3.217000000000000000e+03 4.731716186387096241e+04
3.218000000000000000e+03 4.732966265638085315e+04
3.219000000000000000e+03 4.731396080042309768e+04
3.220000000000000000e+03 4.735273139207962959e+04
3.221000000000000000e+03 4.739868137512025714e+04
3.222000000000000000e+03 4.744068998817538522e+04
3.223000000000000000e+03 4.737420020537982782e+04
3.224000000000000000e+03 4.741210408826214552e+04
3.225000000000000000e+03 4.739152819699124666e+04
3.226000000000000000e+03 4.739528666053671623e+04
3.227000000000000000e+03 4.741156201605142269e+04
3.228000000000000000e+03 4.742160477972504304e+04
3.229000000000000000e+03 4.746853093728205567e+04
3.230000000000000000e+03 4.751501768460987660e+04
3.231000000000000000e+03 4.755941319060844398e+04
3.232000000000000000e+03 4.756333171275655332e+04
3.233000000000000000e+03 4.760807619224990049e+04
3.234000000000000000e+03 4.771891741600854584e+04
3.235000000000000000e+03 4.771238929402305803e+04
3.236000000000000000e+03 4.770154827670811937e+04
3.237000000000000000e+03 4.771868734338414652e+04
3.238000000000000000e+03 4.767348020998028369e+04
3.239000000000000000e+03 4.766020879641902866e+04
3.240000000000000000e+03 4.766557716195281682e+04
3.241000000000000000e+03 4.768653351880436094e+04
3.242000000000000000e+03 4.771516029069785145e+04
3.243000000000000000e+03 4.770696416663458513e+04
3.244000000000000000e+03 4.770261634750083613e+04
3.245000000000000000e+03 4.770096371762469789e+04
3.246000000000000000e+03 4.771958549303191830e+04
3.247000000000000000e+03 4.781028697571949306e+04
3.248000000000000000e+03 4.784173651937039540e+04
3.249000000000000000e+03 4.783070343030933873e+04
3.250000000000000000e+03 4.777811294642592838e+04
3.251000000000000000e+03 4.782023032843056717e+04
3.252000000000000000e+03 4.786011119703890290e+04
3.253000000000000000e+03 4.788148001018351351e+04
3.254000000000000000e+03 4.785434138956790412e+04
3.255000000000000000e+03 4.787852778060190758e+04
3.256000000000000000e+03 4.792982002468943392e+04
3.257000000000000000e+03 4.789545340213733289e+04
3.258000000000000000e+03 4.793295033001691627e+04
3.259000000000000000e+03 4.791197979875088640e+04
3.260000000000000000e+03 4.790902815601828479e+04
3.261000000000000000e+03 4.795268974946634989e+04
3.262000000000000000e+03 4.800660571839262411e+04
3.263000000000000000e+03 4.805493613776027632e+04
3.264000000000000000e+03 4.797698451918343198e+04
3.265000000000000000e+03 4.801738142128336040e+04
3.266000000000000000e+03 4.799638268741193315e+04
3.267000000000000000e+03 4.797148117161708797e+04
3.268000000000000000e+03 4.800938750321599218e+04
3.269000000000000000e+03 4.804204613868233719e+04
3.270000000000000000e+03 4.810987661467082216e+04
3.271000000000000000e+03 4.815498520672084123e+04
3.272000000000000000e+03 4.819340352652783622e+04
3.273000000000000000e+03 4.813535986383726413e+04
3.274000000000000000e+03 4.811020392856028047e+04
3.275000000000000000e+03 4.814040484035940608e+04
3.276000000000000000e+03 4.809591880541489081e+04
3.277000000000000000e+03 4.812413895060906361e+04
3.278000000000000000e+03 4.815759992862277431e+04
3.279000000000000000e+03 4.815157701320594060e+04
3.280000000000000000e+03 4.818902464400494500e+04
3.281000000000000000e+03 4.826105135236724163e+04
3.282000000000000000e+03 4.836799281816682924e+04
3.283000000000000000e+03 4.837879156453639735e+04
3.284000000000000000e+03 4.836861987669960945e+04
3.285000000000000000e+03 4.844536534373861650e+04
3.286000000000000000e+03 4.845351963951001380e+04
3.287000000000000000e+03 4.846637682210504863e+04
3.288000000000000000e+03 4.841215685667941580e+04
3.289000000000000000e+03 4.842947372808674118e+04
3.290000000000000000e+03 4.850830250238052395e+04
3.291000000000000000e+03 4.857755983641066268e+04
3.292000000000000000e+03 4.854487742161274218e+04
3.293000000000000000e+03 4.851676601022051909e+04
3.294000000000000000e+03 4.857670938255507644e+04
3.295000000000000000e+03 4.865252298747817986e+04
3.296000000000000000e+03 4.870233427328657854e+04
3.297000000000000000e+03 4.871158991867690202e+04
3.298000000000000000e+03 4.876809431137140928e+04
3.299000000000000000e+03 4.886191686829056562e+04
3.300000000000000000e+03 4.888847632715597865e+04
3.301000000000000000e+03 4.891012396793709195e+04
3.302000000000000000e+03 4.890739464456101996e+04
3.303000000000000000e+03 4.890980758608443284e+04
3.304000000000000000e+03 4.887963513933076320e+04
3.305000000000000000e+03 4.886893938430473645e+04
3.306000000000000000e+03 4.901118744535598671e+04
3.307000000000000000e+03 4.919255725919912220e+04
3.308000000000000000e+03 4.917395207063361886e+04
3.309000000000000000e+03 4.918780170241766609e+04
3.310000000000000000e+03 4.923518833902754704e+04
3.311000000000000000e+03 4.917058626653324609e+04
3.312000000000000000e+03 4.917867820577212115e+04
3.313000000000000000e+03 4.914220784100035962e+04
3.314000000000000000e+03 4.911254831707596168e+04
3.315000000000000000e+03 4.914092678006907954e+04
3.316000000000000000e+03 4.914223666900762328e+04
3.317000000000000000e+03 4.913965278388885054e+04
3.318000000000000000e+03 4.914889500546840281e+04
3.319000000000000000e+03 4.926858305107055639e+04
3.320000000000000000e+03 4.929831138279662991e+04
3.321000000000000000e+03 4.926538876218690712e+04
3.322000000000000000e+03 4.929633783187091467e+04
3.323000000000000000e+03 4.927330375443599769e+04
3.324000000000000000e+03 4.935306574604693014e+04
3.325000000000000000e+03 4.939458656778145814e+04
3.326000000000000000e+03 4.942579952870148554e+04
3.327000000000000000e+03 4.940683036253265163e+04
3.328000000000000000e+03 4.941651128362068266e+04
3.329000000000000000e+03 4.938854017019308230e+04
3.330000000000000000e+03 4.938599369426760677e+04
3.331000000000000000e+03 4.930976563645024726e+04
3.332000000000000000e+03 4.939116818232657533e+04
3.333000000000000000e+03 4.938772635985570378e+04
3.334000000000000000e+03 4.943921684273976280e+04
3.335000000000000000e+03 4.953061043695479748e+04
3.336000000000000000e+03 4.955450726843388111e+04
3.337000000000000000e+03 4.955572270309479791e+04
3.338000000000000000e+03 4.957475199017508567e+04
3.339000000000000000e+03 4.954645180922608415e+04
3.340000000000000000e+03 4.957867660293940571e+04
3.341000000000000000e+03 4.955581936256729387e+04
3.342000000000000000e+03 4.956019679454583820e+04
3.343000000000000000e+03 4.961771660087455530e+04
3.344000000000000000e+03 4.963845542982498591e+04
3.345000000000000000e+03 4.961664574921771418e+04
3.346000000000000000e+03 4.959557579663916113e+04
3.347000000000000000e+03 4.959718957605969626e+04
3.348000000000000000e+03 4.959460740450058074e+04
3.349000000000000000e+03 4.961778207290310820e+04
3.350000000000000000e+03 4.964326562874834781e+04
3.351000000000000000e+03 4.961218355551055720e+04
3.352000000000000000e+03 4.962659349039538210e+04
3.353000000000000000e+03 4.970083025016923057e+04
3.354000000000000000e+03 4.975297404588417703e+04
3.355000000000000000e+03 4.984389220417428442e+04
3.356000000000000000e+03 4.980816272470349213e+04
3.357000000000000000e+03 4.986312693468251382e+04
3.358000000000000000e+03 4.993288718053087359e+04
3.359000000000000000e+03 4.990869976404261979e+04
3.360000000000000000e+03 4.993490834746848122e+04
3.361000000000000000e+03 4.998376541864384490e+04
3.362000000000000000e+03 4.995434227187585930e+04
3.363000000000000000e+03 4.996097751520173188e+04
3.364000000000000000e+03 4.990367111611204018e+04
3.365000000000000000e+03 4.990296230141411797e+04
3.366000000000000000e+03 4.995977152930426382e+04
3.367000000000000000e+03 4.990215913216800254e+04
3.368000000000000000e+03 4.983978399111275212e+04
3.369000000000000000e+03 4.988792392184714117e+04
3.370000000000000000e+03 4.979480042593267717e+04
3.371000000000000000e+03 4.980109210566640832e+04
3.372000000000000000e+03 4.978231593184099620e+04
3.373000000000000000e+03 4.978836777884452022e+04
3.374000000000000000e+03 4.980286005614801252e+04
3.375000000000000000e+03 4.983461292717613105e+04
3.376000000000000000e+03 4.988330206114140310e+04
3.377000000000000000e+03 4.985031123882756947e+04
3.378000000000000000e+03 4.977430372853612789e+04
3.379000000000000000e+03 4.982216018575393537e+04
3.380000000000000000e+03 4.990000419779767981e+04
3.381000000000000000e+03 4.992475611551512702e+04
3.382000000000000000e+03 4.992002991853903950e+04
3.383000000000000000e+03 4.992439674937575910e+04
3.384000000000000000e+03 4.981475074331853102e+04
3.385000000000000000e+03 4.983484553671277536e+04
3.386000000000000000e+03 4.987754250568676798e+04
3.387000000000000000e+03 4.987044745716285979e+04
3.388000000000000000e+03 4.988480902021950897e+04
3.389000000000000000e+03 4.988651542291921942e+04
3.390000000000000000e+03 4.981791663939195860e+04
3.391000000000000000e+03 4.982273036778717506e+04
3.392000000000000000e+03 4.977845968560015172e+04
3.393000000000000000e+03 4.985151892370285350e+04
3.394000000000000000e+03 4.984642679268956272e+04
3.395000000000000000e+03 4.990639044497827126e+04
3.396000000000000000e+03 4.997830107711049641e+04
3.397000000000000000e+03 4.998855622221955127e+04
3.398000000000000000e+03 5.004659265438291914e+04
3.399000000000000000e+03 5.010137896402119077e+04
3.400000000000000000e+03 5.001000663705734769e+04
3.401000000000000000e+03 5.003455824530593964e+04
3.402000000000000000e+03 5.000867812044876337e+04
3.403000000000000000e+03 5.000912974097474944e+04
3.404000000000000000e+03 5.004367968459302938e+04
3.405000000000000000e+03 5.005777505940113770e+04
3.406000000000000000e+03 5.011454761611025606e+04
3.407000000000000000e+03 5.010337160874062101e+04
3.408000000000000000e+03 5.009054285441540560e+04
3.409000000000000000e+03 5.013243799015528202e+04
3.410000000000000000e+03 5.021313960612889059e+04
3.411000000000000000e+03 5.031376512949239259e+04
3.412000000000000000e+03 5.032509808514005272e+04
3.413000000000000000e+03 5.023726378654409200e+04
3.414000000000000000e+03 5.029497573939359427e+04
3.415000000000000000e+03 5.039432338081424678e+04
3.416000000000000000e+03 5.035779943742103205e+04
3.417000000000000000e+03 5.035858656413873541e+04
3.418000000000000000e+03 5.042080454924851801e+04
3.419000000000000000e+03 5.045812796036495274e+04
3.420000000000000000e+03 5.051174219232102769e+04
3.421000000000000000e+03 5.053979522712941980e+04
3.422000000000000000e+03 5.051907106268571806e+04
3.423000000000000000e+03 5.060520519960988895e+04
3.424000000000000000e+03 5.066545126841920865e+04
3.425000000000000000e+03 5.066944203793264023e+04
3.426000000000000000e+03 5.076602177311896958e+04
3.427000000000000000e+03 5.076432334985322086e+04
3.428000000000000000e+03 5.084629893110894773e+04
3.429000000000000000e+03 5.091218170437468507e+04
3.430000000000000000e+03 5.092328854426305770e+04
3.431000000000000000e+03 5.097222222725393658e+04
3.432000000000000000e+03 5.105574311118140758e+04
3.433000000000000000e+03 5.109453802417736006e+04
3.434000000000000000e+03 5.108875257626511302e+04
3.435000000000000000e+03 5.100322492904868704e+04
3.436000000000000000e+03 5.089186550314759370e+04
3.437000000000000000e+03 5.093581659306891379e+04
3.438000000000000000e+03 5.099100855901386240e+04
3.439000000000000000e+03 5.099783480381998379e+04
3.440000000000000000e+03 5.099552616625066003e+04
3.441000000000000000e+03 5.111288699413213908e+04
3.442000000000000000e+03 5.115471398900321219e+04
3.443000000000000000e+03 5.121496419789752690e+04
3.444000000000000000e+03 5.122980214037822589e+04
3.445000000000000000e+03 5.126384759873923758e+04
3.446000000000000000e+03 5.118602538251487567e+04
3.447000000000000000e+03 5.115610616293046769e+04
3.448000000000000000e+03 5.116783764245736529e+04
3.449000000000000000e+03 5.122698621388184984e+04
3.450000000000000000e+03 5.128744377939138212e+04
3.451000000000000000e+03 5.140638054967789503e+04
3.452000000000000000e+03 5.145196008063170302e+04
3.453000000000000000e+03 5.145087818972954119e+04
3.454000000000000000e+03 5.148675934429834888e+04
3.455000000000000000e+03 5.151376786904353503e+04
3.456000000000000000e+03 5.149546291300813027e+04
3.457000000000000000e+03 5.159619888362126949e+04
3.458000000000000000e+03 5.161696446563898644e+04
3.459000000000000000e+03 5.151847658518367825e+04
3.460000000000000000e+03 5.143096414120117697e+04
3.461000000000000000e+03 5.145883966910793970e+04
3.462000000000000000e+03 5.154884535795118427e+04
3.463000000000000000e+03 5.157731121269224968e+04
3.464000000000000000e+03 5.152275689611477719e+04
3.465000000000000000e+03 5.146184319549710199e+04
3.466000000000000000e+03 5.148068809328581847e+04
3.467000000000000000e+03 5.151907428836075997e+04
3.468000000000000000e+03 5.157733340869672975e+04
3.469000000000000000e+03 5.160600017098610260e+04
3.470000000000000000e+03 5.160113527965117100e+04
3.471000000000000000e+03 5.157899592809641035e+04
3.472000000000000000e+03 5.156706322029312287e+04
3.473000000000000000e+03 5.158012565783129685e+04
3.474000000000000000e+03 5.156629152051267738e+04
3.475000000000000000e+03 5.161309368713420554e+04
3.476000000000000000e+03 5.168149253836426215e+04
3.477000000000000000e+03 5.165038882106148230e+04
3.478000000000000000e+03 5.162711146454382106e+04
3.479000000000000000e+03 5.164312186187897896e+04
3.480000000000000000e+03 5.165634536828768614e+04
3.481000000000000000e+03 5.172768523401566927e+04
3.482000000000000000e+03 5.174875808909477200e+04
3.483000000000000000e+03 5.177843440105143964e+04
3.484000000000000000e+03 5.171349479275774502e+04
3.485000000000000000e+03 5.175242197705546278e+04
3.486000000000000000e+03 5.171135636545338639e+04
3.487000000000000000e+03 5.172333711423679051e+04
3.488000000000000000e+03 5.177216316497463413e+04
3.489000000000000000e+03 5.178531643358773727e+04
3.490000000000000000e+03 5.180054942776708049e+04
3.491000000000000000e+03 5.177604866640193359e+04
3.492000000000000000e+03 5.185019426404232945e+04
3.493000000000000000e+03 5.181730993988367845e+04
3.494000000000000000e+03 5.187706299199489877e+04
3.495000000000000000e+03 5.201502556017332245e+04
3.496000000000000000e+03 5.199611900092203723e+04
3.497000000000000000e+03 5.204187108320320112e+04
3.498000000000000000e+03 5.209538776008368586e+04
3.499000000000000000e+03 5.222465115801896900e+04
3.500000000000000000e+03 5.224132476850019157e+04
3.501000000000000000e+03 5.230689739275606553e+04
3.502000000000000000e+03 5.233510744817370869e+04
3.503000000000000000e+03 5.235097929084805219e+04
3.504000000000000000e+03 5.245297910733764729e+04
3.505000000000000000e+03 5.245378890918335674e+04
3.506000000000000000e+03 5.248558045111120737e+04
3.507000000000000000e+03 5.254791552170554496e+04
3.508000000000000000e+03 5.263003461081783462e+04
3.509000000000000000e+03 5.261425680923692562e+04
3.510000000000000000e+03 5.270820741537735012e+04
3.511000000000000000e+03 5.275333504160649318e+04
3.512000000000000000e+03 5.278765154907760734e+04
3.513000000000000000e+03 5.284122205095531535e+04
3.514000000000000000e+03 5.282044207871872641e+04
3.515000000000000000e+03 5.278208380486377428e+04
3.516000000000000000e+03 5.273604372465203051e+04
3.517000000000000000e+03 5.273316658622316754e+04
3.518000000000000000e+03 5.267676386885904503e+04
3.519000000000000000e+03 5.267250671562446951e+04
3.520000000000000000e+03 5.263034763904551801e+04
3.521000000000000000e+03 5.257266967640004441e+04
3.522000000000000000e+03 5.256291816388220468e+04
3.523000000000000000e+03 5.258177734190563933e+04
3.524000000000000000e+03 5.256650195687018277e+04
3.525000000000000000e+03 5.263091967941860639e+04
3.526000000000000000e+03 5.267058758816895715e+04
3.527000000000000000e+03 5.269079693680134369e+04
3.528000000000000000e+03 5.270982075889517000e+04
3.529000000000000000e+03 5.272461964784354495e+04
3.530000000000000000e+03 5.275918220136515447e+04
3.531000000000000000e+03 5.277779775671743846e+04
3.532000000000000000e+03 5.285194778276692523e+04
3.533000000000000000e+03 5.290186278129985294e+04
3.534000000000000000e+03 5.285724736440699053e+04
3.535000000000000000e+03 5.291799290000172186e+04
3.536000000000000000e+03 5.298534045534654433e+04
3.537000000000000000e+03 5.301019214321680192e+04
3.538000000000000000e+03 5.302156883481196564e+04
3.539000000000000000e+03 5.309634841720076656e+04
3.540000000000000000e+03 5.308822552676712075e+04
3.541000000000000000e+03 5.312006042281802365e+04
3.542000000000000000e+03 5.317403235214155575e+04
3.543000000000000000e+03 5.317238312331634370e+04
3.544000000000000000e+03 5.314420494241033157e+04
3.545000000000000000e+03 5.313399541287250031e+04
3.546000000000000000e+03 5.310383618286086858e+04
3.547000000000000000e+03 5.317944548831761495e+04
3.548000000000000000e+03 5.322351623495405511e+04
3.549000000000000000e+03 5.318032470114511671e+04
3.550000000000000000e+03 5.321997086397287057e+04
3.551000000000000000e+03 5.326403079731307662e+04
3.552000000000000000e+03 5.326074375259198860e+04
3.553000000000000000e+03 5.323666563796203991e+04
3.554000000000000000e+03 5.320425575719205517e+04
3.555000000000000000e+03 5.327304621981184755e+04
3.556000000000000000e+03 5.333084035834590759e+04
3.557000000000000000e+03 5.333229393509138026e+04
3.558000000000000000e+03 5.336702283735934907e+04
3.559000000000000000e+03 5.342521169865324919e+04
3.560000000000000000e+03 5.343275198954687949e+04
3.561000000000000000e+03 5.351270859140782704e+04
3.562000000000000000e+03 5.345348213716148166e+04
3.563000000000000000e+03 5.346864679517560580e+04
3.564000000000000000e+03 5.339297216976500931e+04
3.565000000000000000e+03 5.338999616047605377e+04
3.566000000000000000e+03 5.339164799639162084e+04
3.567000000000000000e+03 5.334451641093425133e+04
3.568000000000000000e+03 5.340105454336760158e+04
3.569000000000000000e+03 5.350085247490840266e+04
3.570000000000000000e+03 5.346113981235379470e+04
3.571000000000000000e+03 5.345572182116916520e+04
3.572000000000000000e+03 5.342194962734877481e+04
3.573000000000000000e+03 5.343866760299993621e+04
3.574000000000000000e+03 5.341311817139485356e+04
3.575000000000000000e+03 5.337924385174403142e+04
3.576000000000000000e+03 5.337826447556892526e+04
3.577000000000000000e+03 5.336753392856767459e+04
3.578000000000000000e+03 5.340174379343631153e+04
3.579000000000000000e+03 5.335924122362035996e+04
3.580000000000000000e+03 5.342077355397280189e+04
3.581000000000000000e+03 5.343420361099614820e+04
3.582000000000000000e+03 5.339517778763893148e+04
3.583000000000000000e+03 5.337120354158739065e+04
3.584000000000000000e+03 5.340931006311766396e+04
3.585000000000000000e+03 5.341524222903841292e+04
3.586000000000000000e+03 5.342346143586246035e+04
3.587000000000000000e+03 5.350397818492716033e+04
3.588000000000000000e+03 5.346501030416438152e+04
3.589000000000000000e+03 5.354454630527968402e+04
3.590000000000000000e+03 5.365286040490250889e+04
3.591000000000000000e+03 5.368382417677633930e+04
3.592000000000000000e+03 5.372121461327831639e+04
3.593000000000000000e+03 5.375624010321543756e+04
3.594000000000000000e+03 5.372644745741559746e+04
3.595000000000000000e+03 5.368217908785178588e+04
3.596000000000000000e+03 5.363955754446877836e+04
3.597000000000000000e+03 5.368342278064299171e+04
3.598000000000000000e+03 5.377345293895608484e+04
3.599000000000000000e+03 5.375649679438220483e+04
3.600000000000000000e+03 5.370639912231791095e+04
3.601000000000000000e+03 5.376130434851090831e+04
3.602000000000000000e+03 5.382908301462398231e+04
3.603000000000000000e+03 5.389448060303676175e+04
3.604000000000000000e+03 5.396160693933937000e+04
3.605000000000000000e+03 5.392745252475381130e+04
3.606000000000000000e+03 5.391510361222015490e+04
3.607000000000000000e+03 5.392001910399820918e+04
3.608000000000000000e+03 5.393425185212589713e+04
3.609000000000000000e+03 5.388262613605936349e+04
3.610000000000000000e+03 5.394833638830486598e+04
3.611000000000000000e+03 5.392508908130022610e+04
3.612000000000000000e+03 5.396234929826122971e+04
3.613000000000000000e+03 5.398461667948120157e+04
3.614000000000000000e+03 5.406313753642662778e+04
3.615000000000000000e+03 5.400105950314141955e+04
3.616000000000000000e+03 5.405891921397492843e+04
3.617000000000000000e+03 5.412125262936836225e+04
3.618000000000000000e+03 5.412245729803675204e+04
3.619000000000000000e+03 5.408619426132531953e+04
3.620000000000000000e+03 5.401780201905834838e+04
3.621000000000000000e+03 5.394878813188507047e+04
3.622000000000000000e+03 5.403182796603681345e+04
3.623000000000000000e+03 5.397133724085752328e+04
3.624000000000000000e+03 5.391456093968629284e+04
3.625000000000000000e+03 5.389631266243369464e+04
3.626000000000000000e+03 5.395164873999324482e+04
3.627000000000000000e+03 5.390623127423256665e+04
3.628000000000000000e+03 5.404634052390591387e+04
3.629000000000000000e+03 5.410330851500016433e+04
3.630000000000000000e+03 5.409716685399147536e+04
3.631000000000000000e+03 5.412667592018745927e+04
3.632000000000000000e+03 5.411161582681192522e+04
3.633000000000000000e+03 5.411845650857103465e+04
3.634000000000000000e+03 5.409122942194464122e+04
3.635000000000000000e+03 5.424737801740741270e+04
3.636000000000000000e+03 5.429266397285073617e+04
3.637000000000000000e+03 5.432460370675993909e+04
3.638000000000000000e+03 5.436364829529744020e+04
3.639000000000000000e+03 5.439313054540143639e+04
3.640000000000000000e+03 5.446482479420447635e+04
3.641000000000000000e+03 5.440348199406859203e+04
3.642000000000000000e+03 5.437957218533820560e+04
3.643000000000000000e+03 5.452700609104126488e+04
3.644000000000000000e+03 5.445888839341043058e+04
3.645000000000000000e+03 5.454779675137314916e+04
3.646000000000000000e+03 5.459880914810750983e+04
3.647000000000000000e+03 5.464940165597566374e+04
3.648000000000000000e+03 5.466088416142143979e+04
3.649000000000000000e+03 5.463453553416228533e+04
3.650000000000000000e+03 5.457666587689386506e+04
3.651000000000000000e+03 5.465620653481626505e+04
3.652000000000000000e+03 5.459308797063482780e+04
3.653000000000000000e+03 5.450927900545215380e+04
3.654000000000000000e+03 5.453604884332106303e+04
3.655000000000000000e+03 5.456418396874565224e+04
3.656000000000000000e+03 5.452091758334468614e+04
3.657000000000000000e+03 5.443154977854240133e+04
3.658000000000000000e+03 5.445187167657596001e+04
3.659000000000000000e+03 5.438682138136320282e+04
3.660000000000000000e+03 5.443233818874585268e+04
3.661000000000000000e+03 5.446934187751748686e+04
3.662000000000000000e+03 5.441108428986412036e+04
3.663000000000000000e+03 5.445272895391492057e+04
3.664000000000000000e+03 5.454148169338826119e+04
3.665000000000000000e+03 5.449397111183825473e+04
3.666000000000000000e+03 5.451065491549386206e+04
3.667000000000000000e+03 5.454666044513863744e+04
3.668000000000000000e+03 5.462735536069161026e+04
3.669000000000000000e+03 5.460692644051703246e+04
3.670000000000000000e+03 5.461986259919957956e+04
3.671000000000000000e+03 5.462051660791702307e+04
3.672000000000000000e+03 5.465175684241897397e+04
3.673000000000000000e+03 5.466959408583140612e+04
3.674000000000000000e+03 5.476492115913666203e+04
3.675000000000000000e+03 5.484801053316045000e+04
3.676000000000000000e+03 5.483178852748958161e+04
3.677000000000000000e+03 5.482052577668835875e+04
3.678000000000000000e+03 5.483036877820477093e+04
3.679000000000000000e+03 5.489808819173922529e+04
3.680000000000000000e+03 5.492638701769364707e+04
3.681000000000000000e+03 5.496595826416668569e+04
3.682000000000000000e+03 5.505147052827735024e+04
3.683000000000000000e+03 5.500173210001499683e+04
3.684000000000000000e+03 5.494800987506971433e+04
3.685000000000000000e+03 5.500630420179000066e+04
3.686000000000000000e+03 5.495869104371843423e+04
3.687000000000000000e+03 5.492391295810782321e+04
3.688000000000000000e+03 5.495433091746404534e+04
3.689000000000000000e+03 5.491309413799088361e+04
3.690000000000000000e+03 5.483497199102876766e+04
3.691000000000000000e+03 5.486989203350568278e+04
3.692000000000000000e+03 5.486648086521536607e+04
3.693000000000000000e+03 5.486068552527704742e+04
3.694000000000000000e+03 5.485737711712219607e+04
3.695000000000000000e+03 5.488331618903495837e+04
3.696000000000000000e+03 5.495562590942697716e+04
3.697000000000000000e+03 5.499233023826524004e+04
3.698000000000000000e+03 5.493219557672731753e+04
3.699000000000000000e+03 5.500040099162497063e+04
3.700000000000000000e+03 5.505285188909963472e+04
3.701000000000000000e+03 5.499698170165053307e+04
3.702000000000000000e+03 5.497941264052300539e+04
3.703000000000000000e+03 5.501400811074865487e+04
3.704000000000000000e+03 5.506324636928388645e+04
3.705000000000000000e+03 5.501539831897544354e+04
3.706000000000000000e+03 5.500192577335321403e+04
3.707000000000000000e+03 5.502587619780208479e+04
3.708000000000000000e+03 5.495210115624270838e+04
3.709000000000000000e+03 5.497114691919220786e+04
3.710000000000000000e+03 5.506449575147610449e+04
3.711000000000000000e+03 5.513196915313824866e+04
3.712000000000000000e+03 5.517636779744317028e+04
3.713000000000000000e+03 5.517411845169126173e+04
3.714000000000000000e+03 5.515334273328140989e+04
3.715000000000000000e+03 5.512484230691300763e+04
3.716000000000000000e+03 5.515871864125582943e+04
3.717000000000000000e+03 5.515294199822598603e+04
3.718000000000000000e+03 5.515410963232511858e+04
3.719000000000000000e+03 5.512858826767867868e+04
3.720000000000000000e+03 5.519251887999402970e+04
3.721000000000000000e+03 5.510517052768640133e+04
3.722000000000000000e+03 5.505184126254059811e+04
3.723000000000000000e+03 5.514440221177160856e+04
3.724000000000000000e+03 5.518734797853999771e+04
3.725000000000000000e+03 5.526055004233381624e+04
3.726000000000000000e+03 5.523789931434586470e+04
3.727000000000000000e+03 5.520005119164530333e+04
3.728000000000000000e+03 5.523557936851723935e+04
3.729000000000000000e+03 5.514982866494603513e+04
3.730000000000000000e+03 5.509927275843178359e+04
3.731000000000000000e+03 5.510959250100216013e+04
3.732000000000000000e+03 5.515088433303483907e+04
3.733000000000000000e+03 5.511185113550133974e+04
3.734000000000000000e+03 5.502345282056441647e+04
3.735000000000000000e+03 5.501746839813249971e+04
3.736000000000000000e+03 5.510942399709568417e+04
3.737000000000000000e+03 5.515944300055833446e+04
3.738000000000000000e+03 5.522909864186952473e+04
3.739000000000000000e+03 5.522862359598559124e+04
3.740000000000000000e+03 5.515935293241626641e+04
3.741000000000000000e+03 5.512726485608440271e+04
3.742000000000000000e+03 5.525874380200883752e+04
3.743000000000000000e+03 5.534555993226284045e+04
3.744000000000000000e+03 5.526304916258221056e+04
3.745000000000000000e+03 5.522757926144697558e+04
3.746000000000000000e+03 5.515428460362195619e+04
3.747000000000000000e+03 5.508291826646911795e+04
3.748000000000000000e+03 5.500295693994821340e+04
3.749000000000000000e+03 5.497967080048705247e+04
3.750000000000000000e+03 5.502083431793791533e+04
3.751000000000000000e+03 5.506894912914214365e+04
3.752000000000000000e+03 5.515604585152968502e+04
3.753000000000000000e+03 5.514198144203983247e+04
3.754000000000000000e+03 5.512620039772913879e+04
3.755000000000000000e+03 5.510598233542374510e+04
3.756000000000000000e+03 5.508842713424224348e+04
3.757000000000000000e+03 5.514517179532144655e+04
3.758000000000000000e+03 5.514871803123713471e+04
3.759000000000000000e+03 5.514933889723117318e+04
3.760000000000000000e+03 5.516344544249841420e+04
3.761000000000000000e+03 5.515600063500730175e+04
3.762000000000000000e+03 5.525006932939566468e+04
3.763000000000000000e+03 5.518072635897294822e+04
3.764000000000000000e+03 5.520862229826631665e+04
3.765000000000000000e+03 5.526762035454277793e+04
3.766000000000000000e+03 5.531359250616466306e+04
3.767000000000000000e+03 5.527472269710501132e+04
3.768000000000000000e+03 5.527661233947271830e+04
3.769000000000000000e+03 5.533964525536319707e+04
3.770000000000000000e+03 5.539361757553150528e+04
3.771000000000000000e+03 5.547751236442180380e+04
3.772000000000000000e+03 5.551978775311733625e+04
3.773000000000000000e+03 5.550872352134811808e+04
3.774000000000000000e+03 5.552677460911985690e+04
3.775000000000000000e+03 5.553098926799764740e+04
3.776000000000000000e+03 5.552631555970390036e+04
3.777000000000000000e+03 5.555455307480796910e+04
3.778000000000000000e+03 5.556527202122598828e+04
3.779000000000000000e+03 5.549964033792526607e+04
3.780000000000000000e+03 5.553480687166003918e+04
3.781000000000000000e+03 5.551952963700983673e+04
3.782000000000000000e+03 5.558775783523015707e+04
3.783000000000000000e+03 5.561774182421504520e+04
3.784000000000000000e+03 5.566377013452399842e+04
3.785000000000000000e+03 5.569906181245532935e+04
3.786000000000000000e+03 5.571983283257584844e+04
3.787000000000000000e+03 5.575038146203250653e+04
3.788000000000000000e+03 5.574902998950950132e+04
3.789000000000000000e+03 5.579761313629701908e+04
3.790000000000000000e+03 5.582858651503828150e+04
3.791000000000000000e+03 5.586775888375521026e+04
3.792000000000000000e+03 5.588458901915573369e+04
3.793000000000000000e+03 5.593481941696238209e+04
3.794000000000000000e+03 5.596297919028957403e+04
3.795000000000000000e+03 5.598042393555915623e+04
3.796000000000000000e+03 5.600962353731670737e+04
3.797000000000000000e+03 5.602864736628917308e+04
3.798000000000000000e+03 5.606348752702176716e+04
3.799000000000000000e+03 5.603861251753866236e+04
3.800000000000000000e+03 5.603565721509466675e+04
3.801000000000000000e+03 5.593816330663358531e+04
3.802000000000000000e+03 5.602297192521451507e+04
3.803000000000000000e+03 5.597549725876797311e+04
3.804000000000000000e+03 5.599143593713417795e+04
3.805000000000000000e+03 5.596591485922259744e+04
3.806000000000000000e+03 5.599844043674500426e+04
3.807000000000000000e+03 5.600783618943904730e+04
3.808000000000000000e+03 5.599733210286225949e+04
3.809000000000000000e+03 5.591849593042651395e+04
3.810000000000000000e+03 5.590971802380601002e+04
3.811000000000000000e+03 5.597461629906807502e+04
3.812000000000000000e+03 5.597688096070504980e+04
3.813000000000000000e+03 5.597355182859299384e+04
3.814000000000000000e+03 5.594974732294325077e+04
3.815000000000000000e+03 5.589826769217100809e+04
3.816000000000000000e+03 5.592529650850583130e+04
3.817000000000000000e+03 5.593936864365123620e+04
3.818000000000000000e+03 5.599919891642318544e+04
3.819000000000000000e+03 5.603011858323176421e+04
3.820000000000000000e+03 5.603574969929613871e+04
3.821000000000000000e+03 5.601306144146142469e+04
3.822000000000000000e+03 5.595212903217359417e+04
3.823000000000000000e+03 5.599518052328230988e+04
3.824000000000000000e+03 5.609240384172925405e+04
3.825000000000000000e+03 5.609579747639336711e+04
3.826000000000000000e+03 5.613507372019829199e+04
3.827000000000000000e+03 5.623480922761235706e+04
3.828000000000000000e+03 5.630708554851529334e+04
3.829000000000000000e+03 5.627621730004918936e+04
3.830000000000000000e+03 5.635871054695103521e+04
3.831000000000000000e+03 5.638292435879936966e+04
3.832000000000000000e+03 5.639731901861553342e+04
3.833000000000000000e+03 5.642733084294289438e+04
3.834000000000000000e+03 5.642884653421636176e+04
3.835000000000000000e+03 5.645093770375379972e+04
3.836000000000000000e+03 5.651918440888170880e+04
3.837000000000000000e+03 5.656670134277861507e+04
3.838000000000000000e+03 5.659662563316825253e+04
3.839000000000000000e+03 5.653692260840933159e+04
3.840000000000000000e+03 5.652385572585325281e+04
3.841000000000000000e+03 5.650840618813647598e+04
3.842000000000000000e+03 5.650041330818989081e+04
3.843000000000000000e+03 5.657597419271057151e+04
3.844000000000000000e+03 5.660183893684820941e+04
3.845000000000000000e+03 5.661199113212608790e+04
3.846000000000000000e+03 5.662803290328631556e+04
3.847000000000000000e+03 5.668496370525889506e+04
3.848000000000000000e+03 5.666283743932750804e+04
3.849000000000000000e+03 5.661366597070669377e+04
3.850000000000000000e+03 5.666692772870315093e+04
3.851000000000000000e+03 5.667443594053052948e+04
3.852000000000000000e+03 5.670529187368630664e+04
3.853000000000000000e+03 5.670332000011314085e+04
3.854000000000000000e+03 5.676562291059418931e+04
3.855000000000000000e+03 5.676232382071542816e+04
3.856000000000000000e+03 5.674292809270510043e+04
3.857000000000000000e+03 5.677523719291215093e+04
3.858000000000000000e+03 5.677644644123521721e+04
3.859000000000000000e+03 5.683171220382379397e+04
3.860000000000000000e+03 5.684812790042764391e+04
3.861000000000000000e+03 5.685966352170876053e+04
3.862000000000000000e+03 5.697154711949820921e+04
3.863000000000000000e+03 5.701648491447015112e+04
3.864000000000000000e+03 5.697123494154815126e+04
3.865000000000000000e+03 5.699615201149998029e+04
3.866000000000000000e+03 5.697850670144938340e+04
3.867000000000000000e+03 5.694116013699176983e+04
3.868000000000000000e+03 5.695473322228004690e+04
3.869000000000000000e+03 5.701870711887362268e+04
3.870000000000000000e+03 5.701092910663338262e+04
3.871000000000000000e+03 5.699378563732463954e+04
3.872000000000000000e+03 5.701819356554814294e+04
3.873000000000000000e+03 5.706237273352898774e+04
3.874000000000000000e+03 5.704672966825117328e+04
3.875000000000000000e+03 5.704274143073837331e+04
3.876000000000000000e+03 5.706601367532404402e+04
3.877000000000000000e+03 5.705543243206403713e+04
3.878000000000000000e+03 5.709953300403846515e+04
3.879000000000000000e+03 5.718521588739247090e+04
3.880000000000000000e+03 5.725541153166781442e+04
3.881000000000000000e+03 5.731500417928810202e+04
3.882000000000000000e+03 5.734927633251272346e+04
3.883000000000000000e+03 5.735559600802025670e+04
3.884000000000000000e+03 5.738778064093608555e+04
3.885000000000000000e+03 5.738424206545004563e+04
3.886000000000000000e+03 5.738559613676316076e+04
3.887000000000000000e+03 5.743452790135355463e+04
3.888000000000000000e+03 5.737448877140060358e+04
3.889000000000000000e+03 5.734767893455320882e+04
3.890000000000000000e+03 5.739830783431114105e+04
3.891000000000000000e+03 5.745807864518876158e+04
3.892000000000000000e+03 5.754372448854508548e+04
3.893000000000000000e+03 5.749638943776523956e+04
3.894000000000000000e+03 5.753460597739640798e+04
3.895000000000000000e+03 5.752008857384912699e+04
3.896000000000000000e+03 5.757867668094942928e+04
3.897000000000000000e+03 5.762927779019829904e+04
3.898000000000000000e+03 5.771477342802598287e+04
3.899000000000000000e+03 5.766479002980278165e+04
3.900000000000000000e+03 5.769965149907052546e+04
3.901000000000000000e+03 5.762762763201902271e+04
3.902000000000000000e+03 5.759697099844493641e+04
3.903000000000000000e+03 5.758693727555684018e+04
3.904000000000000000e+03 5.767033481375914562e+04
3.905000000000000000e+03 5.766036290222675598e+04
3.906000000000000000e+03 5.758891335291016730e+04
3.907000000000000000e+03 5.759553724971977499e+04
3.908000000000000000e+03 5.763869588952796039e+04
3.909000000000000000e+03 5.770774910474029457e+04
3.910000000000000000e+03 5.768406537014490459e+04
3.911000000000000000e+03 5.773606164575700677e+04
3.912000000000000000e+03 5.779946055394232826e+04
3.913000000000000000e+03 5.779622087605429988e+04
3.914000000000000000e+03 5.782375625909066002e+04
3.915000000000000000e+03 5.781665108448331739e+04
3.916000000000000000e+03 5.779596683351194224e+04
3.917000000000000000e+03 5.777534643603815493e+04
3.918000000000000000e+03 5.776617739032139070e+04
3.919000000000000000e+03 5.781347073052139604e+04
3.920000000000000000e+03 5.780811603694019868e+04
3.921000000000000000e+03 5.789127584399902116e+04
3.922000000000000000e+03 5.790195040465651255e+04
3.923000000000000000e+03 5.791029643571641645e+04
3.924000000000000000e+03 5.799670253227567446e+04
3.925000000000000000e+03 5.798649031395196653e+04
3.926000000000000000e+03 5.805938353850477870e+04
3.927000000000000000e+03 5.809435655060474528e+04
3.928000000000000000e+03 5.807542656314349733e+04
3.929000000000000000e+03 5.810095795640360302e+04
3.930000000000000000e+03 5.817558997824875405e+04
3.931000000000000000e+03 5.826788349078097963e+04
3.932000000000000000e+03 5.824293772774802346e+04
3.933000000000000000e+03 5.824079288808350248e+04
3.934000000000000000e+03 5.829263159425248159e+04
3.935000000000000000e+03 5.835117956237862381e+04
3.936000000000000000e+03 5.833985930239758454e+04
3.937000000000000000e+03 5.837365367419325048e+04
3.938000000000000000e+03 5.833751320273138845e+04
3.939000000000000000e+03 5.831226531208116648e+04
3.940000000000000000e+03 5.834979603935930936e+04
3.941000000000000000e+03 5.843964418742631096e+04
3.942000000000000000e+03 5.856121261406749545e+04
3.943000000000000000e+03 5.856925914330797968e+04
3.944000000000000000e+03 5.854956037022064993e+04
3.945000000000000000e+03 5.850671430171898828e+04
3.946000000000000000e+03 5.851876050194908748e+04
3.947000000000000000e+03 5.858403475814436388e+04
3.948000000000000000e+03 5.858502536486636382e+04
3.949000000000000000e+03 5.865170393320777657e+04
3.950000000000000000e+03 5.865843317536536779e+04
3.951000000000000000e+03 5.875112922079721466e+04
3.952000000000000000e+03 5.878344988637746428e+04
3.953000000000000000e+03 5.883934766253176349e+04
3.954000000000000000e+03 5.873288573662862473e+04
3.955000000000000000e+03 5.870952656574165303e+04
3.956000000000000000e+03 5.879316822246270021e+04
3.957000000000000000e+03 5.880282078545482364e+04
3.958000000000000000e+03 5.883274622954216466e+04
3.959000000000000000e+03 5.883400549728117767e+04
3.960000000000000000e+03 5.885494180301998131e+04
3.961000000000000000e+03 5.885113970125615015e+04
3.962000000000000000e+03 5.887740927059236128e+04
3.963000000000000000e+03 5.888958994473865459e+04
3.964000000000000000e+03 5.892433427506912994e+04
3.965000000000000000e+03 5.889662134964580036e+04
3.966000000000000000e+03 5.896231698327462800e+04
3.967000000000000000e+03 5.896744614295915380e+04
3.968000000000000000e+03 5.895546291722526075e+04
3.969000000000000000e+03 5.895398822228991048e+04
3.970000000000000000e+03 5.900181838742515538e+04
3.971000000000000000e+03 5.903668877021584194e+04
3.972000000000000000e+03 5.907230234585160360e+04
3.973000000000000000e+03 5.909232314004644286e+04
3.974000000000000000e+03 5.915351320785319695e+04
3.975000000000000000e+03 5.916628341743999044e+04
3.976000000000000000e+03 5.920140698420922126e+04
3.977000000000000000e+03 5.917338226631103316e+04
3.978000000000000000e+03 5.921738675270912063e+04
3.979000000000000000e+03 5.925522474568983307e+04
3.980000000000000000e+03 5.929792793804463872e+04
3.981000000000000000e+03 5.927131957879734546e+04
3.982000000000000000e+03 5.933358384353612200e+04
3.983000000000000000e+03 5.932181172707388760e+04
3.984000000000000000e+03 5.936166775872492872e+04
3.985000000000000000e+03 5.942367213575254573e+04
3.986000000000000000e+03 5.937686647296325100e+04
3.987000000000000000e+03 5.938198967442876165e+04
3.988000000000000000e+03 5.933926319351536949e+04
3.989000000000000000e+03 5.931854665812347957e+04
3.990000000000000000e+03 5.933616380691839004e+04
3.991000000000000000e+03 5.943658112993458053e+04
3.992000000000000000e+03 5.933882224752620095e+04
3.993000000000000000e+03 5.932513999593347398e+04
3.994000000000000000e+03 5.925258293268006673e+04
3.995000000000000000e+03 5.917683239081641659e+04
3.996000000000000000e+03 5.902946422817839630e+04
3.997000000000000000e+03 5.900857090865488135e+04
3.998000000000000000e+03 5.902098790229752922e+04
3.999000000000000000e+03 5.905246664394493564e+04
