# time_reduced msd_reduced
# region=central
# central=0.333333333333:0.666666666667
# outer=0:0.250000000000,0.750000000000:1
# transition=0.250000000000:0.333333333333,0.666666666667:0.750000000000
# atom_types=[2]
# n_selected=2525
# subtract_group_com_drift=True
0.000000000000000000e+00 0.000000000000000000e+00
1.000000000000000000e+00 1.409232560573335391e+01
2.000000000000000000e+00 2.723067200716597114e+01
3.000000000000000000e+00 3.974068222106333792e+01
4.000000000000000000e+00 5.448553027314041941e+01
5.000000000000000000e+00 6.890676984723994281e+01
6.000000000000000000e+00 8.517824242200389051e+01
7.000000000000000000e+00 9.961172169594765080e+01
8.000000000000000000e+00 1.118070619789752556e+02
9.000000000000000000e+00 1.236538033936093228e+02
1.000000000000000000e+01 1.351909083829050076e+02
1.100000000000000000e+01 1.520917118452769614e+02
1.200000000000000000e+01 1.640829413898763391e+02
1.300000000000000000e+01 1.751361614827503388e+02
1.400000000000000000e+01 1.876508344160841091e+02
1.500000000000000000e+01 2.005149191490411340e+02
1.600000000000000000e+01 2.192086853355622509e+02
1.700000000000000000e+01 2.345362183122016972e+02
1.800000000000000000e+01 2.494024925944368647e+02
1.900000000000000000e+01 2.621293388882882596e+02
2.000000000000000000e+01 2.810182314168574180e+02
2.100000000000000000e+01 3.009869774486055007e+02
2.200000000000000000e+01 3.167291987537016098e+02
2.300000000000000000e+01 3.316766334938302521e+02
2.400000000000000000e+01 3.407791967594862967e+02
2.500000000000000000e+01 3.524210960080993686e+02
2.600000000000000000e+01 3.677906676488772746e+02
2.700000000000000000e+01 3.810857483467159454e+02
2.800000000000000000e+01 3.910190579573613263e+02
2.900000000000000000e+01 4.079039157060929597e+02
3.000000000000000000e+01 4.192176702753442328e+02
3.100000000000000000e+01 4.334085935938601892e+02
3.200000000000000000e+01 4.437377710459691116e+02
3.300000000000000000e+01 4.628675014928973610e+02
3.400000000000000000e+01 4.826308516775414432e+02
3.500000000000000000e+01 5.023122361432899083e+02
3.600000000000000000e+01 5.175540867215019034e+02
3.700000000000000000e+01 5.301282911002934952e+02
3.800000000000000000e+01 5.527056961536787867e+02
3.900000000000000000e+01 5.747520798991841957e+02
4.000000000000000000e+01 5.900210013798595128e+02
4.100000000000000000e+01 6.009160281847620126e+02
4.200000000000000000e+01 6.173951043557195817e+02
4.300000000000000000e+01 6.227395071602176131e+02
4.400000000000000000e+01 6.331295204381104895e+02
4.500000000000000000e+01 6.451572634812577007e+02
4.600000000000000000e+01 6.570581062261517218e+02
4.700000000000000000e+01 6.802926137851080739e+02
4.800000000000000000e+01 6.966961990216315144e+02
4.900000000000000000e+01 7.045880565283337091e+02
5.000000000000000000e+01 7.275908787398689128e+02
5.100000000000000000e+01 7.433550041796966070e+02
5.200000000000000000e+01 7.679567716130144390e+02
5.300000000000000000e+01 7.864285391893890846e+02
5.400000000000000000e+01 7.981262498587403798e+02
5.500000000000000000e+01 8.136062189327634542e+02
5.600000000000000000e+01 8.273110178323911441e+02
5.700000000000000000e+01 8.394892975154924670e+02
5.800000000000000000e+01 8.596713929965800389e+02
5.900000000000000000e+01 8.719070197144151280e+02
6.000000000000000000e+01 8.813649103174336688e+02
6.100000000000000000e+01 9.017513670872968987e+02
6.200000000000000000e+01 9.142653988546455821e+02
6.300000000000000000e+01 9.347597620828479421e+02
6.400000000000000000e+01 9.545153447983142314e+02
6.500000000000000000e+01 9.609615944239792498e+02
6.600000000000000000e+01 9.766887865619091826e+02
6.700000000000000000e+01 9.865308128291931098e+02
6.800000000000000000e+01 1.001969204342294120e+03
6.900000000000000000e+01 1.015912293179466360e+03
7.000000000000000000e+01 1.038575100264645471e+03
7.100000000000000000e+01 1.051339741390248946e+03
7.200000000000000000e+01 1.061511009770601049e+03
7.300000000000000000e+01 1.078622095338364261e+03
7.400000000000000000e+01 1.096529378104461102e+03
7.500000000000000000e+01 1.109501261395277879e+03
7.600000000000000000e+01 1.113345510575427170e+03
7.700000000000000000e+01 1.118532844406937329e+03
7.800000000000000000e+01 1.133148780817742136e+03
7.900000000000000000e+01 1.151284739513719614e+03
8.000000000000000000e+01 1.167741790803210961e+03
8.100000000000000000e+01 1.185264094975840862e+03
8.200000000000000000e+01 1.191620731200873479e+03
8.300000000000000000e+01 1.215610353865278739e+03
8.400000000000000000e+01 1.225976898505267627e+03
8.500000000000000000e+01 1.233596921013981046e+03
8.600000000000000000e+01 1.257132495902897062e+03
8.700000000000000000e+01 1.257966112634743467e+03
8.800000000000000000e+01 1.275741905635543617e+03
8.900000000000000000e+01 1.286189763293180249e+03
9.000000000000000000e+01 1.301985904934313794e+03
9.100000000000000000e+01 1.314811958739137935e+03
9.200000000000000000e+01 1.331107753850933705e+03
9.300000000000000000e+01 1.355137351160206663e+03
9.400000000000000000e+01 1.371270184727876767e+03
9.500000000000000000e+01 1.382047272142280008e+03
9.600000000000000000e+01 1.391765113348416889e+03
9.700000000000000000e+01 1.400100573541314134e+03
9.800000000000000000e+01 1.400296612855524245e+03
9.900000000000000000e+01 1.425854400204679223e+03
1.000000000000000000e+02 1.451945816864130393e+03
1.010000000000000000e+02 1.464407602010831852e+03
1.020000000000000000e+02 1.479347551352753953e+03
1.030000000000000000e+02 1.485739768503320420e+03
1.040000000000000000e+02 1.497187139946303205e+03
1.050000000000000000e+02 1.515277132692152691e+03
1.060000000000000000e+02 1.522765501465855777e+03
1.070000000000000000e+02 1.547298002899493213e+03
1.080000000000000000e+02 1.562897096212574752e+03
1.090000000000000000e+02 1.565906420952600911e+03
1.100000000000000000e+02 1.588929657962026567e+03
1.110000000000000000e+02 1.604668786904753688e+03
1.120000000000000000e+02 1.608053822534736582e+03
1.130000000000000000e+02 1.626481843549549694e+03
1.140000000000000000e+02 1.648622417314723862e+03
1.150000000000000000e+02 1.668831326913325256e+03
1.160000000000000000e+02 1.695079594073460385e+03
1.170000000000000000e+02 1.692943376779866412e+03
1.180000000000000000e+02 1.708662167077438426e+03
1.190000000000000000e+02 1.720533627730029366e+03
1.200000000000000000e+02 1.736825149236717607e+03
1.210000000000000000e+02 1.743100057351620080e+03
1.220000000000000000e+02 1.742566919623221565e+03
1.230000000000000000e+02 1.752480975512261466e+03
1.240000000000000000e+02 1.773435578556267728e+03
1.250000000000000000e+02 1.769986350506191457e+03
1.260000000000000000e+02 1.773145505043786898e+03
1.270000000000000000e+02 1.784994625042018924e+03
1.280000000000000000e+02 1.795432832774001781e+03
1.290000000000000000e+02 1.802906457710912036e+03
1.300000000000000000e+02 1.826564646819625523e+03
1.310000000000000000e+02 1.836602853509176157e+03
1.320000000000000000e+02 1.847252163500173538e+03
1.330000000000000000e+02 1.846178813236759197e+03
1.340000000000000000e+02 1.854887441314714351e+03
1.350000000000000000e+02 1.878787866107655191e+03
1.360000000000000000e+02 1.900140333882924097e+03
1.370000000000000000e+02 1.932234647273578048e+03
1.380000000000000000e+02 1.951693174330207057e+03
1.390000000000000000e+02 1.958473984175611349e+03
1.400000000000000000e+02 1.982203299549384610e+03
1.410000000000000000e+02 1.997061970985502967e+03
1.420000000000000000e+02 2.013329112325024425e+03
1.430000000000000000e+02 2.035302256663842172e+03
1.440000000000000000e+02 2.057589848357259598e+03
1.450000000000000000e+02 2.078843579466205938e+03
1.460000000000000000e+02 2.079215397998186290e+03
1.470000000000000000e+02 2.096499353598779635e+03
1.480000000000000000e+02 2.112557121883508898e+03
1.490000000000000000e+02 2.130090449948948390e+03
1.500000000000000000e+02 2.136750800867984708e+03
1.510000000000000000e+02 2.142343255823715481e+03
1.520000000000000000e+02 2.154543170231565909e+03
1.530000000000000000e+02 2.168728120370305987e+03
1.540000000000000000e+02 2.165637231514316682e+03
1.550000000000000000e+02 2.194966203958892493e+03
1.560000000000000000e+02 2.216947123151025608e+03
1.570000000000000000e+02 2.247986546609018205e+03
1.580000000000000000e+02 2.256548875278738706e+03
1.590000000000000000e+02 2.268243967399638677e+03
1.600000000000000000e+02 2.285923150416641874e+03
1.610000000000000000e+02 2.313036663207690708e+03
1.620000000000000000e+02 2.318840937333403872e+03
1.630000000000000000e+02 2.333062750204574058e+03
1.640000000000000000e+02 2.338629115086319416e+03
1.650000000000000000e+02 2.330221412106202024e+03
1.660000000000000000e+02 2.352701241971143645e+03
1.670000000000000000e+02 2.375060083789083365e+03
1.680000000000000000e+02 2.378299331441814502e+03
1.690000000000000000e+02 2.384224056381669470e+03
1.700000000000000000e+02 2.406844761326079151e+03
1.710000000000000000e+02 2.436167446771396044e+03
1.720000000000000000e+02 2.461115805081930830e+03
1.730000000000000000e+02 2.489390548697511804e+03
1.740000000000000000e+02 2.508031850177161687e+03
1.750000000000000000e+02 2.524602119655409751e+03
1.760000000000000000e+02 2.522953754982621376e+03
1.770000000000000000e+02 2.531077427261570392e+03
1.780000000000000000e+02 2.543587387669872896e+03
1.790000000000000000e+02 2.552641406695521709e+03
1.800000000000000000e+02 2.553231713502931598e+03
1.810000000000000000e+02 2.564271958032065413e+03
1.820000000000000000e+02 2.573365288694712035e+03
1.830000000000000000e+02 2.584123228950800694e+03
1.840000000000000000e+02 2.593665940578271602e+03
1.850000000000000000e+02 2.598332265882570482e+03
1.860000000000000000e+02 2.615873372726043726e+03
1.870000000000000000e+02 2.627003362490241216e+03
1.880000000000000000e+02 2.642564685699490383e+03
1.890000000000000000e+02 2.658486623089160275e+03
1.900000000000000000e+02 2.680704833740853701e+03
1.910000000000000000e+02 2.714990337977325908e+03
1.920000000000000000e+02 2.720145842461163284e+03
1.930000000000000000e+02 2.741033702366144098e+03
1.940000000000000000e+02 2.744851810190604738e+03
1.950000000000000000e+02 2.760587080537909060e+03
1.960000000000000000e+02 2.764319557968623030e+03
1.970000000000000000e+02 2.777171076567314230e+03
1.980000000000000000e+02 2.797495816837329585e+03
1.990000000000000000e+02 2.802074952504485282e+03
2.000000000000000000e+02 2.831211366981750416e+03
2.010000000000000000e+02 2.857520802661532343e+03
2.020000000000000000e+02 2.866835780032333332e+03
2.030000000000000000e+02 2.881099491677872265e+03
2.040000000000000000e+02 2.911872127418547734e+03
2.050000000000000000e+02 2.908141742359844102e+03
2.060000000000000000e+02 2.924039484116823587e+03
2.070000000000000000e+02 2.947175039591276345e+03
2.080000000000000000e+02 2.971866103752272920e+03
2.090000000000000000e+02 2.995666191826223894e+03
2.100000000000000000e+02 3.015343427386203984e+03
2.110000000000000000e+02 3.023706219448370121e+03
2.120000000000000000e+02 3.024563148516149340e+03
2.130000000000000000e+02 3.043858753432011326e+03
2.140000000000000000e+02 3.058612939301741790e+03
2.150000000000000000e+02 3.067249372061432041e+03
2.160000000000000000e+02 3.098546456689931802e+03
2.170000000000000000e+02 3.123681272239484315e+03
2.180000000000000000e+02 3.113506991691485382e+03
2.190000000000000000e+02 3.125880106064417305e+03
2.200000000000000000e+02 3.138865489070096828e+03
2.210000000000000000e+02 3.154179709984988676e+03
2.220000000000000000e+02 3.171671143051727540e+03
2.230000000000000000e+02 3.179751950183190274e+03
2.240000000000000000e+02 3.190941731535511735e+03
2.250000000000000000e+02 3.206704320982221816e+03
2.260000000000000000e+02 3.207770409651498539e+03
2.270000000000000000e+02 3.229045836873800909e+03
2.280000000000000000e+02 3.257555188716744397e+03
2.290000000000000000e+02 3.279419541597180341e+03
2.300000000000000000e+02 3.285170289963781215e+03
2.310000000000000000e+02 3.324653187725853968e+03
2.320000000000000000e+02 3.332274578730900885e+03
2.330000000000000000e+02 3.338230953250608309e+03
2.340000000000000000e+02 3.355863132346446491e+03
2.350000000000000000e+02 3.361111662333138611e+03
2.360000000000000000e+02 3.365418365796416310e+03
2.370000000000000000e+02 3.394317789530312893e+03
2.380000000000000000e+02 3.414067890847243234e+03
2.390000000000000000e+02 3.422527203503951114e+03
2.400000000000000000e+02 3.418659237142340771e+03
2.410000000000000000e+02 3.441943273493696324e+03
2.420000000000000000e+02 3.461358086150135932e+03
2.430000000000000000e+02 3.484728434967339581e+03
2.440000000000000000e+02 3.516565095308278615e+03
2.450000000000000000e+02 3.550194637325505028e+03
2.460000000000000000e+02 3.579133047603210798e+03
2.470000000000000000e+02 3.584438188130371600e+03
2.480000000000000000e+02 3.614505215975488682e+03
2.490000000000000000e+02 3.638360302479243728e+03
2.500000000000000000e+02 3.660784313653221943e+03
2.510000000000000000e+02 3.689269470033129892e+03
2.520000000000000000e+02 3.683481008326530628e+03
2.530000000000000000e+02 3.720673343608116738e+03
2.540000000000000000e+02 3.724824213174049873e+03
2.550000000000000000e+02 3.733091310994477681e+03
2.560000000000000000e+02 3.740462528199807366e+03
2.570000000000000000e+02 3.755850662474065757e+03
2.580000000000000000e+02 3.786247586887609941e+03
2.590000000000000000e+02 3.808464721041801113e+03
2.600000000000000000e+02 3.821277455940406526e+03
2.610000000000000000e+02 3.835903506594021565e+03
2.620000000000000000e+02 3.821587097576720680e+03
2.630000000000000000e+02 3.856885982565758695e+03
2.640000000000000000e+02 3.875427275735448347e+03
2.650000000000000000e+02 3.892535026572933930e+03
2.660000000000000000e+02 3.918993606115377588e+03
2.670000000000000000e+02 3.940314493699178001e+03
2.680000000000000000e+02 3.945590859671901853e+03
2.690000000000000000e+02 3.946533603091843361e+03
2.700000000000000000e+02 3.962353534862443212e+03
2.710000000000000000e+02 3.995797141650450612e+03
2.720000000000000000e+02 4.022349023782622680e+03
2.730000000000000000e+02 4.040246976024116975e+03
2.740000000000000000e+02 4.064406105440204556e+03
2.750000000000000000e+02 4.088504991726661501e+03
2.760000000000000000e+02 4.107731378759452127e+03
2.770000000000000000e+02 4.125734586403612411e+03
2.780000000000000000e+02 4.145355342949033002e+03
2.790000000000000000e+02 4.161072195333003037e+03
2.800000000000000000e+02 4.206245898498708812e+03
2.810000000000000000e+02 4.244912367845052358e+03
2.820000000000000000e+02 4.282565038094222473e+03
2.830000000000000000e+02 4.284166057374263801e+03
2.840000000000000000e+02 4.285886747849290259e+03
2.850000000000000000e+02 4.308040972376673380e+03
2.860000000000000000e+02 4.318780840500207887e+03
2.870000000000000000e+02 4.312542848331891037e+03
2.880000000000000000e+02 4.309101263697588365e+03
2.890000000000000000e+02 4.333485940032229337e+03
2.900000000000000000e+02 4.341344394556328552e+03
2.910000000000000000e+02 4.372783300046961813e+03
2.920000000000000000e+02 4.387984080307835939e+03
2.930000000000000000e+02 4.399865245116358892e+03
2.940000000000000000e+02 4.435756101559474700e+03
2.950000000000000000e+02 4.441883921190968977e+03
2.960000000000000000e+02 4.451409104468039004e+03
2.970000000000000000e+02 4.447881679372482722e+03
2.980000000000000000e+02 4.447830758630015225e+03
2.990000000000000000e+02 4.470360899058406176e+03
3.000000000000000000e+02 4.486436207276174173e+03
3.010000000000000000e+02 4.477345940415018958e+03
3.020000000000000000e+02 4.487772683065169076e+03
3.030000000000000000e+02 4.510325958060877383e+03
3.040000000000000000e+02 4.542758483065272230e+03
3.050000000000000000e+02 4.592684483277992513e+03
3.060000000000000000e+02 4.607805319535505078e+03
3.070000000000000000e+02 4.632932651831883959e+03
3.080000000000000000e+02 4.630526862730511311e+03
3.090000000000000000e+02 4.664713690993719865e+03
3.100000000000000000e+02 4.670684901657842602e+03
3.110000000000000000e+02 4.693875843840880407e+03
3.120000000000000000e+02 4.699735887185976935e+03
3.130000000000000000e+02 4.708700520036885791e+03
3.140000000000000000e+02 4.724226509778152831e+03
3.150000000000000000e+02 4.728469600790010190e+03
3.160000000000000000e+02 4.746912341797027693e+03
3.170000000000000000e+02 4.779937190666991228e+03
3.180000000000000000e+02 4.780461082161356899e+03
3.190000000000000000e+02 4.794250611701428170e+03
3.200000000000000000e+02 4.813702681437721367e+03
3.210000000000000000e+02 4.838564706118276263e+03
3.220000000000000000e+02 4.872178804587656487e+03
3.230000000000000000e+02 4.896983573672162493e+03
3.240000000000000000e+02 4.913272271480043855e+03
3.250000000000000000e+02 4.912910820543515911e+03
3.260000000000000000e+02 4.932264309212641820e+03
3.270000000000000000e+02 4.955019132762132358e+03
3.280000000000000000e+02 4.957492848718125060e+03
3.290000000000000000e+02 4.986571721483425790e+03
3.300000000000000000e+02 5.004772418864574320e+03
3.310000000000000000e+02 5.000670567307803140e+03
3.320000000000000000e+02 5.028826253745625763e+03
3.330000000000000000e+02 5.034200774166332849e+03
3.340000000000000000e+02 5.067179904395227823e+03
3.350000000000000000e+02 5.067900611932882384e+03
3.360000000000000000e+02 5.051401088793470990e+03
3.370000000000000000e+02 5.075519352949138920e+03
3.380000000000000000e+02 5.105402472112638861e+03
3.390000000000000000e+02 5.149677067417295802e+03
3.400000000000000000e+02 5.156360728268514322e+03
3.410000000000000000e+02 5.175199166376857647e+03
3.420000000000000000e+02 5.222005046956663136e+03
3.430000000000000000e+02 5.246393201041046268e+03
3.440000000000000000e+02 5.267541373427561666e+03
3.450000000000000000e+02 5.315666781241502576e+03
3.460000000000000000e+02 5.339481693202652423e+03
3.470000000000000000e+02 5.357473028981736206e+03
3.480000000000000000e+02 5.362211372553863839e+03
3.490000000000000000e+02 5.379359033559491763e+03
3.500000000000000000e+02 5.410347293501497916e+03
3.510000000000000000e+02 5.424075758457183838e+03
3.520000000000000000e+02 5.432433153014438176e+03
3.530000000000000000e+02 5.450215887459867190e+03
3.540000000000000000e+02 5.493543570465999437e+03
3.550000000000000000e+02 5.529895261372315872e+03
3.560000000000000000e+02 5.556939930290421216e+03
3.570000000000000000e+02 5.568704560525278794e+03
3.580000000000000000e+02 5.561077471338496252e+03
3.590000000000000000e+02 5.596020606785382370e+03
3.600000000000000000e+02 5.616614078363912995e+03
3.610000000000000000e+02 5.632125596356718233e+03
3.620000000000000000e+02 5.638600540191699110e+03
3.630000000000000000e+02 5.661702641667726311e+03
3.640000000000000000e+02 5.691163597877117354e+03
3.650000000000000000e+02 5.699031323435056947e+03
3.660000000000000000e+02 5.702726025932778612e+03
3.670000000000000000e+02 5.733977604890990733e+03
3.680000000000000000e+02 5.746832425719263483e+03
3.690000000000000000e+02 5.775241915451454588e+03
3.700000000000000000e+02 5.765184149646328478e+03
3.710000000000000000e+02 5.807859192280709976e+03
3.720000000000000000e+02 5.825529478145102075e+03
3.730000000000000000e+02 5.875029349287090554e+03
3.740000000000000000e+02 5.895348902052164703e+03
3.750000000000000000e+02 5.915549534381806552e+03
3.760000000000000000e+02 5.924488255368631144e+03
3.770000000000000000e+02 5.937526863026456340e+03
3.780000000000000000e+02 5.938535344216787962e+03
3.790000000000000000e+02 5.944466128415068852e+03
3.800000000000000000e+02 5.993318358912015356e+03
3.810000000000000000e+02 6.006429804236902783e+03
3.820000000000000000e+02 6.001649832015574248e+03
3.830000000000000000e+02 6.028929199518907808e+03
3.840000000000000000e+02 6.030086780937738695e+03
3.850000000000000000e+02 6.017720531132266842e+03
3.860000000000000000e+02 6.037944533025358396e+03
3.870000000000000000e+02 6.067444243252371962e+03
3.880000000000000000e+02 6.085195736765033871e+03
3.890000000000000000e+02 6.099442886586680288e+03
3.900000000000000000e+02 6.140831842933914231e+03
3.910000000000000000e+02 6.139313636546413363e+03
3.920000000000000000e+02 6.184311516914131062e+03
3.930000000000000000e+02 6.176759658855652560e+03
3.940000000000000000e+02 6.170575456929125721e+03
3.950000000000000000e+02 6.175753578266590011e+03
3.960000000000000000e+02 6.182992017513665814e+03
3.970000000000000000e+02 6.179031774024861988e+03
3.980000000000000000e+02 6.182134145434713901e+03
3.990000000000000000e+02 6.195850057236710200e+03
4.000000000000000000e+02 6.229411541008260428e+03
4.010000000000000000e+02 6.257651339232665123e+03
4.020000000000000000e+02 6.275559219410187325e+03
4.030000000000000000e+02 6.280474602576598954e+03
4.040000000000000000e+02 6.283828572129578788e+03
4.050000000000000000e+02 6.274811448322633623e+03
4.060000000000000000e+02 6.270630408644987256e+03
4.070000000000000000e+02 6.297324539662354255e+03
4.080000000000000000e+02 6.325361360528026125e+03
4.090000000000000000e+02 6.362294891040399307e+03
4.100000000000000000e+02 6.353295173694197729e+03
4.110000000000000000e+02 6.361485527837201516e+03
4.120000000000000000e+02 6.388843753453950740e+03
4.130000000000000000e+02 6.408327016714725687e+03
4.140000000000000000e+02 6.401661326341199128e+03
4.150000000000000000e+02 6.425066431919594834e+03
4.160000000000000000e+02 6.415147242113452194e+03
4.170000000000000000e+02 6.434223396914526347e+03
4.180000000000000000e+02 6.419353707191631656e+03
4.190000000000000000e+02 6.440349878710643679e+03
4.200000000000000000e+02 6.465661907359553879e+03
4.210000000000000000e+02 6.470797027999474267e+03
4.220000000000000000e+02 6.503350894893255827e+03
4.230000000000000000e+02 6.523757246695729918e+03
4.240000000000000000e+02 6.569186773472365530e+03
4.250000000000000000e+02 6.570163096532045529e+03
4.260000000000000000e+02 6.587969489861635338e+03
4.270000000000000000e+02 6.600258519153100679e+03
4.280000000000000000e+02 6.598504109676496228e+03
4.290000000000000000e+02 6.623464720437676078e+03
4.300000000000000000e+02 6.645099629207255020e+03
4.310000000000000000e+02 6.662596255149274839e+03
4.320000000000000000e+02 6.684711839294383026e+03
4.330000000000000000e+02 6.706508782771359620e+03
4.340000000000000000e+02 6.726197422331952112e+03
4.350000000000000000e+02 6.737620310533668089e+03
4.360000000000000000e+02 6.752604328153754068e+03
4.370000000000000000e+02 6.744723810374062850e+03
4.380000000000000000e+02 6.747784952306309606e+03
4.390000000000000000e+02 6.749749502526527976e+03
4.400000000000000000e+02 6.739903709534591144e+03
4.410000000000000000e+02 6.750438820233846855e+03
4.420000000000000000e+02 6.755781664197364080e+03
4.430000000000000000e+02 6.772311314199508161e+03
4.440000000000000000e+02 6.812497892046225388e+03
4.450000000000000000e+02 6.808616541871745540e+03
4.460000000000000000e+02 6.833744445474168060e+03
4.470000000000000000e+02 6.825205773030274941e+03
4.480000000000000000e+02 6.847316116642847192e+03
4.490000000000000000e+02 6.861898278863419364e+03
4.500000000000000000e+02 6.869860905768960038e+03
4.510000000000000000e+02 6.894020905281029627e+03
4.520000000000000000e+02 6.896138369322752624e+03
4.530000000000000000e+02 6.932477478101136512e+03
4.540000000000000000e+02 6.931708604860345986e+03
4.550000000000000000e+02 6.922600787577113806e+03
4.560000000000000000e+02 6.950341460615126380e+03
4.570000000000000000e+02 6.956616855644427233e+03
4.580000000000000000e+02 6.971501076873903912e+03
4.590000000000000000e+02 6.996748506510187326e+03
4.600000000000000000e+02 7.036968811633600126e+03
4.610000000000000000e+02 7.076478794450880741e+03
4.620000000000000000e+02 7.101474330108766480e+03
4.630000000000000000e+02 7.107717805502629744e+03
4.640000000000000000e+02 7.139772407462524825e+03
4.650000000000000000e+02 7.099228016976932850e+03
4.660000000000000000e+02 7.114785372649518649e+03
4.670000000000000000e+02 7.144727345822984717e+03
4.680000000000000000e+02 7.174616198092478953e+03
4.690000000000000000e+02 7.174560745029562895e+03
4.700000000000000000e+02 7.193992737076018784e+03
4.710000000000000000e+02 7.209466859113358623e+03
4.720000000000000000e+02 7.232928344616271715e+03
4.730000000000000000e+02 7.258901754976195662e+03
4.740000000000000000e+02 7.252606364601726455e+03
4.750000000000000000e+02 7.236942431643856253e+03
4.760000000000000000e+02 7.241719666209868592e+03
4.770000000000000000e+02 7.287890752983605125e+03
4.780000000000000000e+02 7.337291355570912856e+03
4.790000000000000000e+02 7.366880239138191428e+03
4.800000000000000000e+02 7.410635756294916064e+03
4.810000000000000000e+02 7.424444564009677379e+03
4.820000000000000000e+02 7.420601960419146053e+03
4.830000000000000000e+02 7.434837102649616099e+03
4.840000000000000000e+02 7.457022080883926719e+03
4.850000000000000000e+02 7.498107099911258047e+03
4.860000000000000000e+02 7.512431438282887939e+03
4.870000000000000000e+02 7.542374432504651850e+03
4.880000000000000000e+02 7.568890561845320008e+03
4.890000000000000000e+02 7.576870777549392187e+03
4.900000000000000000e+02 7.611668300681378241e+03
4.910000000000000000e+02 7.597725438427743939e+03
4.920000000000000000e+02 7.613548085418631672e+03
4.930000000000000000e+02 7.653738870108880292e+03
4.940000000000000000e+02 7.676436274716089429e+03
4.950000000000000000e+02 7.688045501508780944e+03
4.960000000000000000e+02 7.669658098245401561e+03
4.970000000000000000e+02 7.665568192038786947e+03
4.980000000000000000e+02 7.662252063231093416e+03
4.990000000000000000e+02 7.674527913575326238e+03
5.000000000000000000e+02 7.676854127672397226e+03
5.010000000000000000e+02 7.700348246838282648e+03
5.020000000000000000e+02 7.701256443530377510e+03
5.030000000000000000e+02 7.668661324774982859e+03
5.040000000000000000e+02 7.723475039886516242e+03
5.050000000000000000e+02 7.741087493638301567e+03
5.060000000000000000e+02 7.713023768223198203e+03
5.070000000000000000e+02 7.750915429814357594e+03
5.080000000000000000e+02 7.744171664214450175e+03
5.090000000000000000e+02 7.761663015717463168e+03
5.100000000000000000e+02 7.771897976805508733e+03
5.110000000000000000e+02 7.798631777826137295e+03
5.120000000000000000e+02 7.794242893042316609e+03
5.130000000000000000e+02 7.789828189361877776e+03
5.140000000000000000e+02 7.782962053177257985e+03
5.150000000000000000e+02 7.791176690789146960e+03
5.160000000000000000e+02 7.813969697826319134e+03
5.170000000000000000e+02 7.838853821789164613e+03
5.180000000000000000e+02 7.832187196547406529e+03
5.190000000000000000e+02 7.840893439019327161e+03
5.200000000000000000e+02 7.830876340568758678e+03
5.210000000000000000e+02 7.862786881947445181e+03
5.220000000000000000e+02 7.886255227428954640e+03
5.230000000000000000e+02 7.900279272167295858e+03
5.240000000000000000e+02 7.908952549156506393e+03
5.250000000000000000e+02 7.904569563604603900e+03
5.260000000000000000e+02 7.956452574400583217e+03
5.270000000000000000e+02 7.976955744172180857e+03
5.280000000000000000e+02 8.007485096170633369e+03
5.290000000000000000e+02 8.026166276664997895e+03
5.300000000000000000e+02 8.041530763906420361e+03
5.310000000000000000e+02 8.063871570192083709e+03
5.320000000000000000e+02 8.087771918895630733e+03
5.330000000000000000e+02 8.114791747672868951e+03
5.340000000000000000e+02 8.141451498151030137e+03
5.350000000000000000e+02 8.150560891043513948e+03
5.360000000000000000e+02 8.158681974949318828e+03
5.370000000000000000e+02 8.177541970348273935e+03
5.380000000000000000e+02 8.185237020546372150e+03
5.390000000000000000e+02 8.215315081269242000e+03
5.400000000000000000e+02 8.256974817193729905e+03
5.410000000000000000e+02 8.259073366384473047e+03
5.420000000000000000e+02 8.271446408866995625e+03
5.430000000000000000e+02 8.293439767806750751e+03
5.440000000000000000e+02 8.294787815262974618e+03
5.450000000000000000e+02 8.292831533021362702e+03
5.460000000000000000e+02 8.309987236058361304e+03
5.470000000000000000e+02 8.307540524280237150e+03
5.480000000000000000e+02 8.320815750908923292e+03
5.490000000000000000e+02 8.336360138410507716e+03
5.500000000000000000e+02 8.309094721567134911e+03
5.510000000000000000e+02 8.347208932039908177e+03
5.520000000000000000e+02 8.327522067110807257e+03
5.530000000000000000e+02 8.327024590838291260e+03
5.540000000000000000e+02 8.345452561562244227e+03
5.550000000000000000e+02 8.346914881219274321e+03
5.560000000000000000e+02 8.379280547183670933e+03
5.570000000000000000e+02 8.389740342668872472e+03
5.580000000000000000e+02 8.390467973510634693e+03
5.590000000000000000e+02 8.410553478877280213e+03
5.600000000000000000e+02 8.416129503793814365e+03
5.610000000000000000e+02 8.431393104107955878e+03
5.620000000000000000e+02 8.436762434115644282e+03
5.630000000000000000e+02 8.470266485332806042e+03
5.640000000000000000e+02 8.485534443950169589e+03
5.650000000000000000e+02 8.489862458825547947e+03
5.660000000000000000e+02 8.530510253500582621e+03
5.670000000000000000e+02 8.557960033521103469e+03
5.680000000000000000e+02 8.609102399775032609e+03
5.690000000000000000e+02 8.643269458189461147e+03
5.700000000000000000e+02 8.653612982163760535e+03
5.710000000000000000e+02 8.662078656225035957e+03
5.720000000000000000e+02 8.662676876996833016e+03
5.730000000000000000e+02 8.702541738322590390e+03
5.740000000000000000e+02 8.713406901020891382e+03
5.750000000000000000e+02 8.744788034220826376e+03
5.760000000000000000e+02 8.795564439736168424e+03
5.770000000000000000e+02 8.791357285937163397e+03
5.780000000000000000e+02 8.819454557930315787e+03
5.790000000000000000e+02 8.816325191045663814e+03
5.800000000000000000e+02 8.817766851409749506e+03
5.810000000000000000e+02 8.815167392609695526e+03
5.820000000000000000e+02 8.841160614969088783e+03
5.830000000000000000e+02 8.847269397556270633e+03
5.840000000000000000e+02 8.896788255147526797e+03
5.850000000000000000e+02 8.926404523546902055e+03
5.860000000000000000e+02 8.942772706794234182e+03
5.870000000000000000e+02 8.973410088785296466e+03
5.880000000000000000e+02 8.999779240155854495e+03
5.890000000000000000e+02 9.011580568729152219e+03
5.900000000000000000e+02 9.021103925474764765e+03
5.910000000000000000e+02 9.029785053046920439e+03
5.920000000000000000e+02 9.029305070955982956e+03
5.930000000000000000e+02 9.054411456459511101e+03
5.940000000000000000e+02 9.071582661000044027e+03
5.950000000000000000e+02 9.112732565345559124e+03
5.960000000000000000e+02 9.128962732890078769e+03
5.970000000000000000e+02 9.178268452822661857e+03
5.980000000000000000e+02 9.193592362936293284e+03
5.990000000000000000e+02 9.199606627261175163e+03
6.000000000000000000e+02 9.204884460367926295e+03
6.010000000000000000e+02 9.219997857120837580e+03
6.020000000000000000e+02 9.212626838594991568e+03
6.030000000000000000e+02 9.210332218528916201e+03
6.040000000000000000e+02 9.249331814187180498e+03
6.050000000000000000e+02 9.271752878332910768e+03
6.060000000000000000e+02 9.268433454153873754e+03
6.070000000000000000e+02 9.286945561423097388e+03
6.080000000000000000e+02 9.320021224222025921e+03
6.090000000000000000e+02 9.354459043061013290e+03
6.100000000000000000e+02 9.364295290328042029e+03
6.110000000000000000e+02 9.400613495133451579e+03
6.120000000000000000e+02 9.479587817214425741e+03
6.130000000000000000e+02 9.500408186438651683e+03
6.140000000000000000e+02 9.476331432721717647e+03
6.150000000000000000e+02 9.509442042449036308e+03
6.160000000000000000e+02 9.540802451860692599e+03
6.170000000000000000e+02 9.544379937326966683e+03
6.180000000000000000e+02 9.570462208503982765e+03
6.190000000000000000e+02 9.553720899936306523e+03
6.200000000000000000e+02 9.532613369065209554e+03
6.210000000000000000e+02 9.557883683432646649e+03
6.220000000000000000e+02 9.575367275732707640e+03
6.230000000000000000e+02 9.571524851044448951e+03
6.240000000000000000e+02 9.600244058325079095e+03
6.250000000000000000e+02 9.620039586322585819e+03
6.260000000000000000e+02 9.611672422272695258e+03
6.270000000000000000e+02 9.631827124161607571e+03
6.280000000000000000e+02 9.638467271413172057e+03
6.290000000000000000e+02 9.657472916854421783e+03
6.300000000000000000e+02 9.643064039186701848e+03
6.310000000000000000e+02 9.621818074768096267e+03
6.320000000000000000e+02 9.618430517937740660e+03
6.330000000000000000e+02 9.627572836212462789e+03
6.340000000000000000e+02 9.651164214464974066e+03
6.350000000000000000e+02 9.675254206836238154e+03
6.360000000000000000e+02 9.632292759607091284e+03
6.370000000000000000e+02 9.651680115767147072e+03
6.380000000000000000e+02 9.671826978927301752e+03
6.390000000000000000e+02 9.709339156399741114e+03
6.400000000000000000e+02 9.696661899836288285e+03
6.410000000000000000e+02 9.702547270757668230e+03
6.420000000000000000e+02 9.730868415982033184e+03
6.430000000000000000e+02 9.762167394516462082e+03
6.440000000000000000e+02 9.758708690111929172e+03
6.450000000000000000e+02 9.754877620848314109e+03
6.460000000000000000e+02 9.748228013032025046e+03
6.470000000000000000e+02 9.740251198762438435e+03
6.480000000000000000e+02 9.768844303434012545e+03
6.490000000000000000e+02 9.814494177437798498e+03
6.500000000000000000e+02 9.836590149669891616e+03
6.510000000000000000e+02 9.867271702194317186e+03
6.520000000000000000e+02 9.866570212644417552e+03
6.530000000000000000e+02 9.888693885413244061e+03
6.540000000000000000e+02 9.937763921093155659e+03
6.550000000000000000e+02 9.969440398877475673e+03
6.560000000000000000e+02 1.000079099129772658e+04
6.570000000000000000e+02 1.001960924119159063e+04
6.580000000000000000e+02 1.003691053620131606e+04
6.590000000000000000e+02 1.007791666939467541e+04
6.600000000000000000e+02 1.008219817352913378e+04
6.610000000000000000e+02 1.010255701181586119e+04
6.620000000000000000e+02 1.008601821682953414e+04
6.630000000000000000e+02 1.008649218114094947e+04
6.640000000000000000e+02 1.009582451169225169e+04
6.650000000000000000e+02 1.010516855237639174e+04
6.660000000000000000e+02 1.008139955370167445e+04
6.670000000000000000e+02 1.010823439225736183e+04
6.680000000000000000e+02 1.018127056353605985e+04
6.690000000000000000e+02 1.020573510271934902e+04
6.700000000000000000e+02 1.022049260430469076e+04
6.710000000000000000e+02 1.023274002011599987e+04
6.720000000000000000e+02 1.022748826096403172e+04
6.730000000000000000e+02 1.023828311856858818e+04
6.740000000000000000e+02 1.024545579005681975e+04
6.750000000000000000e+02 1.021799444999186198e+04
6.760000000000000000e+02 1.026416009983890217e+04
6.770000000000000000e+02 1.029507459632660721e+04
6.780000000000000000e+02 1.032313979629659116e+04
6.790000000000000000e+02 1.030137469946304554e+04
6.800000000000000000e+02 1.027401411806748183e+04
6.810000000000000000e+02 1.025574366932029443e+04
6.820000000000000000e+02 1.027257731674176102e+04
6.830000000000000000e+02 1.028249614275419481e+04
6.840000000000000000e+02 1.029129298143946471e+04
6.850000000000000000e+02 1.029028210654756003e+04
6.860000000000000000e+02 1.026584355516697542e+04
6.870000000000000000e+02 1.028108873887721347e+04
6.880000000000000000e+02 1.034817041589629844e+04
6.890000000000000000e+02 1.041657109557319927e+04
6.900000000000000000e+02 1.042796618922667039e+04
6.910000000000000000e+02 1.047866360863451882e+04
6.920000000000000000e+02 1.050001462271458513e+04
6.930000000000000000e+02 1.051599853415081816e+04
6.940000000000000000e+02 1.051495599621047404e+04
6.950000000000000000e+02 1.054359312719796435e+04
6.960000000000000000e+02 1.051672375994174217e+04
6.970000000000000000e+02 1.051104247558682437e+04
6.980000000000000000e+02 1.049841977083557686e+04
6.990000000000000000e+02 1.054491314900112411e+04
7.000000000000000000e+02 1.057568081963481200e+04
7.010000000000000000e+02 1.056049423711847703e+04
7.020000000000000000e+02 1.054139998424043733e+04
7.030000000000000000e+02 1.059871900027541597e+04
7.040000000000000000e+02 1.063639211493363837e+04
7.050000000000000000e+02 1.063242695202544564e+04
7.060000000000000000e+02 1.066261303435755326e+04
7.070000000000000000e+02 1.067117233950717673e+04
7.080000000000000000e+02 1.065340158986434653e+04
7.090000000000000000e+02 1.063531403585161934e+04
7.100000000000000000e+02 1.062274649062604840e+04
7.110000000000000000e+02 1.064927289611211563e+04
7.120000000000000000e+02 1.062610541137316068e+04
7.130000000000000000e+02 1.069773123186340854e+04
7.140000000000000000e+02 1.071560028988242811e+04
7.150000000000000000e+02 1.073139938647310373e+04
7.160000000000000000e+02 1.076247259087614475e+04
7.170000000000000000e+02 1.078794593307337527e+04
7.180000000000000000e+02 1.081798005828138048e+04
7.190000000000000000e+02 1.085873397646537342e+04
7.200000000000000000e+02 1.083049366696611105e+04
7.210000000000000000e+02 1.082056640241138666e+04
7.220000000000000000e+02 1.081676722951776355e+04
7.230000000000000000e+02 1.083723590717785009e+04
7.240000000000000000e+02 1.081839289302709039e+04
7.250000000000000000e+02 1.082410154053112274e+04
7.260000000000000000e+02 1.084342873865246838e+04
7.270000000000000000e+02 1.090288927956532461e+04
7.280000000000000000e+02 1.095932068937850090e+04
7.290000000000000000e+02 1.100096983652598828e+04
7.300000000000000000e+02 1.095149110524481512e+04
7.310000000000000000e+02 1.097947694828076601e+04
7.320000000000000000e+02 1.099868793212033597e+04
7.330000000000000000e+02 1.102979092607213170e+04
7.340000000000000000e+02 1.107592205370599004e+04
7.350000000000000000e+02 1.109766686014580046e+04
7.360000000000000000e+02 1.110719853535873153e+04
7.370000000000000000e+02 1.111665630583184247e+04
7.380000000000000000e+02 1.115566534799345391e+04
7.390000000000000000e+02 1.116473136354107737e+04
7.400000000000000000e+02 1.119505448716808314e+04
7.410000000000000000e+02 1.121844513286393703e+04
7.420000000000000000e+02 1.121018918598035452e+04
7.430000000000000000e+02 1.124079205967429334e+04
7.440000000000000000e+02 1.128226301594895085e+04
7.450000000000000000e+02 1.125585798423060442e+04
7.460000000000000000e+02 1.126517075483103872e+04
7.470000000000000000e+02 1.125651259478361681e+04
7.480000000000000000e+02 1.130145501285188402e+04
7.490000000000000000e+02 1.133824481321620260e+04
7.500000000000000000e+02 1.136739138984779856e+04
7.510000000000000000e+02 1.141039638546750393e+04
7.520000000000000000e+02 1.142804399568039844e+04
7.530000000000000000e+02 1.145245657912321076e+04
7.540000000000000000e+02 1.149037684622444249e+04
7.550000000000000000e+02 1.147785724435452721e+04
7.560000000000000000e+02 1.149400138476973189e+04
7.570000000000000000e+02 1.151777038419222481e+04
7.580000000000000000e+02 1.151266874275938426e+04
7.590000000000000000e+02 1.155614451652809839e+04
7.600000000000000000e+02 1.154051387432467527e+04
7.610000000000000000e+02 1.158028039204821653e+04
7.620000000000000000e+02 1.159734969215541423e+04
7.630000000000000000e+02 1.161574441140638919e+04
7.640000000000000000e+02 1.165431376002738943e+04
7.650000000000000000e+02 1.165226170128387457e+04
7.660000000000000000e+02 1.167400207942214729e+04
7.670000000000000000e+02 1.167853355553448273e+04
7.680000000000000000e+02 1.171816583148895006e+04
7.690000000000000000e+02 1.176919441996355090e+04
7.700000000000000000e+02 1.183609405602552943e+04
7.710000000000000000e+02 1.183497629702002450e+04
7.720000000000000000e+02 1.183949643814663250e+04
7.730000000000000000e+02 1.187040745700278785e+04
7.740000000000000000e+02 1.186342785869552063e+04
7.750000000000000000e+02 1.184897092625795631e+04
7.760000000000000000e+02 1.185857811814055822e+04
7.770000000000000000e+02 1.187231380225722751e+04
7.780000000000000000e+02 1.187054021387459761e+04
7.790000000000000000e+02 1.187486191319953468e+04
7.800000000000000000e+02 1.189655051645375715e+04
7.810000000000000000e+02 1.190270383309118733e+04
7.820000000000000000e+02 1.190505276626868363e+04
7.830000000000000000e+02 1.187439059470360189e+04
7.840000000000000000e+02 1.189260889381029301e+04
7.850000000000000000e+02 1.188630697691656496e+04
7.860000000000000000e+02 1.187210209008319907e+04
7.870000000000000000e+02 1.185904115668400846e+04
7.880000000000000000e+02 1.187825138146702011e+04
7.890000000000000000e+02 1.192838248577381455e+04
7.900000000000000000e+02 1.191909293931697357e+04
7.910000000000000000e+02 1.192212664628364109e+04
7.920000000000000000e+02 1.193405554138684238e+04
7.930000000000000000e+02 1.198152978925810385e+04
7.940000000000000000e+02 1.200537210244558810e+04
7.950000000000000000e+02 1.204133774187233394e+04
7.960000000000000000e+02 1.202531630787587164e+04
7.970000000000000000e+02 1.203775331033619113e+04
7.980000000000000000e+02 1.205139273796021371e+04
7.990000000000000000e+02 1.204793609712141915e+04
8.000000000000000000e+02 1.202549100033965078e+04
8.010000000000000000e+02 1.205766680025527603e+04
8.020000000000000000e+02 1.209337084633004270e+04
8.030000000000000000e+02 1.211756119294060954e+04
8.040000000000000000e+02 1.214273504126168518e+04
8.050000000000000000e+02 1.216307306088766745e+04
8.060000000000000000e+02 1.218655201464475613e+04
8.070000000000000000e+02 1.220914811443420876e+04
8.080000000000000000e+02 1.220540360884353868e+04
8.090000000000000000e+02 1.225529463140174812e+04
8.100000000000000000e+02 1.227047641629278951e+04
8.110000000000000000e+02 1.226130686266189332e+04
8.120000000000000000e+02 1.225976216588504576e+04
8.130000000000000000e+02 1.227732316820518827e+04
8.140000000000000000e+02 1.228861607775499397e+04
8.150000000000000000e+02 1.234004558298621669e+04
8.160000000000000000e+02 1.233894306181619140e+04
8.170000000000000000e+02 1.232352551391309862e+04
8.180000000000000000e+02 1.230515950770427662e+04
8.190000000000000000e+02 1.233722067137314662e+04
8.200000000000000000e+02 1.237807777473236638e+04
8.210000000000000000e+02 1.243432121445080702e+04
8.220000000000000000e+02 1.248158149072922060e+04
8.230000000000000000e+02 1.249995097399044062e+04
8.240000000000000000e+02 1.250331224830572864e+04
8.250000000000000000e+02 1.254709867961667624e+04
8.260000000000000000e+02 1.257214192650977748e+04
8.270000000000000000e+02 1.256321290772433349e+04
8.280000000000000000e+02 1.259260548222828038e+04
8.290000000000000000e+02 1.256577815334099432e+04
8.300000000000000000e+02 1.255679280782471687e+04
8.310000000000000000e+02 1.257548604140247335e+04
8.320000000000000000e+02 1.260917047210817327e+04
8.330000000000000000e+02 1.263865671009698235e+04
8.340000000000000000e+02 1.264797102724770775e+04
8.350000000000000000e+02 1.270356856495472312e+04
8.360000000000000000e+02 1.273786749867310937e+04
8.370000000000000000e+02 1.273635713854128699e+04
8.380000000000000000e+02 1.273345999596904039e+04
8.390000000000000000e+02 1.277283440452380091e+04
8.400000000000000000e+02 1.280422128364911077e+04
8.410000000000000000e+02 1.281412181477979902e+04
8.420000000000000000e+02 1.287973963205165637e+04
8.430000000000000000e+02 1.292060746390769782e+04
8.440000000000000000e+02 1.294423255025659273e+04
8.450000000000000000e+02 1.295126246034410542e+04
8.460000000000000000e+02 1.297554630468062169e+04
8.470000000000000000e+02 1.298429156592620348e+04
8.480000000000000000e+02 1.301107988180084976e+04
8.490000000000000000e+02 1.301097171144545973e+04
8.500000000000000000e+02 1.303251251091089944e+04
8.510000000000000000e+02 1.298976196426665956e+04
8.520000000000000000e+02 1.299853746772309387e+04
8.530000000000000000e+02 1.296421052647922988e+04
8.540000000000000000e+02 1.300311253309715539e+04
8.550000000000000000e+02 1.301652436516669331e+04
8.560000000000000000e+02 1.304956640396015609e+04
8.570000000000000000e+02 1.306325902544819837e+04
8.580000000000000000e+02 1.303320100016961624e+04
8.590000000000000000e+02 1.306833878798663864e+04
8.600000000000000000e+02 1.308401298696632512e+04
8.610000000000000000e+02 1.304406231828423915e+04
8.620000000000000000e+02 1.305326706186001684e+04
8.630000000000000000e+02 1.303014086778567616e+04
8.640000000000000000e+02 1.300460351839490613e+04
8.650000000000000000e+02 1.300091341733831541e+04
8.660000000000000000e+02 1.303622528935479386e+04
8.670000000000000000e+02 1.305100352976164686e+04
8.680000000000000000e+02 1.305136365968835162e+04
8.690000000000000000e+02 1.309888349321012720e+04
8.700000000000000000e+02 1.310079077321778641e+04
8.710000000000000000e+02 1.309781575128463555e+04
8.720000000000000000e+02 1.311659735193360939e+04
8.730000000000000000e+02 1.315746253219526261e+04
8.740000000000000000e+02 1.316559133228338578e+04
8.750000000000000000e+02 1.318307713122440691e+04
8.760000000000000000e+02 1.319880310583603568e+04
8.770000000000000000e+02 1.319917488810152463e+04
8.780000000000000000e+02 1.319985544889041194e+04
8.790000000000000000e+02 1.320227601343758397e+04
8.800000000000000000e+02 1.317979351093510741e+04
8.810000000000000000e+02 1.320381986806310124e+04
8.820000000000000000e+02 1.318823282665654915e+04
8.830000000000000000e+02 1.317596721485045055e+04
8.840000000000000000e+02 1.317845791621746321e+04
8.850000000000000000e+02 1.317186910064769836e+04
8.860000000000000000e+02 1.323889558893004505e+04
8.870000000000000000e+02 1.329220247719314466e+04
8.880000000000000000e+02 1.330144992404564255e+04
8.890000000000000000e+02 1.330900518798471421e+04
8.900000000000000000e+02 1.333633785125494614e+04
8.910000000000000000e+02 1.331057165167740459e+04
8.920000000000000000e+02 1.334320701698691482e+04
8.930000000000000000e+02 1.335338898734411305e+04
8.940000000000000000e+02 1.333961771279571440e+04
8.950000000000000000e+02 1.337602552606735117e+04
8.960000000000000000e+02 1.335781966192048640e+04
8.970000000000000000e+02 1.333170243827754530e+04
8.980000000000000000e+02 1.335069383313056278e+04
8.990000000000000000e+02 1.333686851704820037e+04
9.000000000000000000e+02 1.336966478440265928e+04
9.010000000000000000e+02 1.336305332190764420e+04
9.020000000000000000e+02 1.339182735157391289e+04
9.030000000000000000e+02 1.339771208799766646e+04
9.040000000000000000e+02 1.341437528263818422e+04
9.050000000000000000e+02 1.343547956724233882e+04
9.060000000000000000e+02 1.342003870837535032e+04
9.070000000000000000e+02 1.344207582367323084e+04
9.080000000000000000e+02 1.349814626852378751e+04
9.090000000000000000e+02 1.350114310742263115e+04
9.100000000000000000e+02 1.351138256998461293e+04
9.110000000000000000e+02 1.346011378516217337e+04
9.120000000000000000e+02 1.344673480548699808e+04
9.130000000000000000e+02 1.347527161990073728e+04
9.140000000000000000e+02 1.348985876705529154e+04
9.150000000000000000e+02 1.346112004593104939e+04
9.160000000000000000e+02 1.346070214021297943e+04
9.170000000000000000e+02 1.347872556706315481e+04
9.180000000000000000e+02 1.350594130303612474e+04
9.190000000000000000e+02 1.359861307741052406e+04
9.200000000000000000e+02 1.360393692223333528e+04
9.210000000000000000e+02 1.362541960503323753e+04
9.220000000000000000e+02 1.362982647978558998e+04
9.230000000000000000e+02 1.362088430897891158e+04
9.240000000000000000e+02 1.364611665535461725e+04
9.250000000000000000e+02 1.371147192241690209e+04
9.260000000000000000e+02 1.373162753922499724e+04
9.270000000000000000e+02 1.375731696143643057e+04
9.280000000000000000e+02 1.379095959504299753e+04
9.290000000000000000e+02 1.379653132511112381e+04
9.300000000000000000e+02 1.382382345574674582e+04
9.310000000000000000e+02 1.383915202064476944e+04
9.320000000000000000e+02 1.381262980910268743e+04
9.330000000000000000e+02 1.378549450010047622e+04
9.340000000000000000e+02 1.377890118933652593e+04
9.350000000000000000e+02 1.381235885426729692e+04
9.360000000000000000e+02 1.383254711971306642e+04
9.370000000000000000e+02 1.386388066566930320e+04
9.380000000000000000e+02 1.384503340763859887e+04
9.390000000000000000e+02 1.387311011751188562e+04
9.400000000000000000e+02 1.390091598465185962e+04
9.410000000000000000e+02 1.390310707820201060e+04
9.420000000000000000e+02 1.392581188273203225e+04
9.430000000000000000e+02 1.394885245105014656e+04
9.440000000000000000e+02 1.400712564903298153e+04
9.450000000000000000e+02 1.398775895272168782e+04
9.460000000000000000e+02 1.400221159999529664e+04
9.470000000000000000e+02 1.400461978600750990e+04
9.480000000000000000e+02 1.404341553375758667e+04
9.490000000000000000e+02 1.405448814080833836e+04
9.500000000000000000e+02 1.404977635174122224e+04
9.510000000000000000e+02 1.409849335042669372e+04
9.520000000000000000e+02 1.412978518239511141e+04
9.530000000000000000e+02 1.414682277737491859e+04
9.540000000000000000e+02 1.420477185301374084e+04
9.550000000000000000e+02 1.422957850400915231e+04
9.560000000000000000e+02 1.422913883157699456e+04
9.570000000000000000e+02 1.419868778819492036e+04
9.580000000000000000e+02 1.419441783745697285e+04
9.590000000000000000e+02 1.416521422313279800e+04
9.600000000000000000e+02 1.420589084051986174e+04
9.610000000000000000e+02 1.423217029114290017e+04
9.620000000000000000e+02 1.420656228386407201e+04
9.630000000000000000e+02 1.425700145605637954e+04
9.640000000000000000e+02 1.426403980282194607e+04
9.650000000000000000e+02 1.425669734840074307e+04
9.660000000000000000e+02 1.431783263850959156e+04
9.670000000000000000e+02 1.434359127334479308e+04
9.680000000000000000e+02 1.437170029247621460e+04
9.690000000000000000e+02 1.439720206210254219e+04
9.700000000000000000e+02 1.441608573249154688e+04
9.710000000000000000e+02 1.445140946036379501e+04
9.720000000000000000e+02 1.448793355497447556e+04
9.730000000000000000e+02 1.452129117108484570e+04
9.740000000000000000e+02 1.457384011157502027e+04
9.750000000000000000e+02 1.460581397164644841e+04
9.760000000000000000e+02 1.460734663437002928e+04
9.770000000000000000e+02 1.465308875110639747e+04
9.780000000000000000e+02 1.466986931957600791e+04
9.790000000000000000e+02 1.469242671311045342e+04
9.800000000000000000e+02 1.468315781519571829e+04
9.810000000000000000e+02 1.466528069596313071e+04
9.820000000000000000e+02 1.467978994790268371e+04
9.830000000000000000e+02 1.468647628723557682e+04
9.840000000000000000e+02 1.468509820321686857e+04
9.850000000000000000e+02 1.470914553794872700e+04
9.860000000000000000e+02 1.472749216580564644e+04
9.870000000000000000e+02 1.468999190385485599e+04
9.880000000000000000e+02 1.469036028999242990e+04
9.890000000000000000e+02 1.469553160122075315e+04
9.900000000000000000e+02 1.473351624621072551e+04
9.910000000000000000e+02 1.473524087016432350e+04
9.920000000000000000e+02 1.473300131718703415e+04
9.930000000000000000e+02 1.474252449350511597e+04
9.940000000000000000e+02 1.475233425025038196e+04
9.950000000000000000e+02 1.478072789740277403e+04
9.960000000000000000e+02 1.480567928005086287e+04
9.970000000000000000e+02 1.482844957259106741e+04
9.980000000000000000e+02 1.485053653249236595e+04
9.990000000000000000e+02 1.488746680730621483e+04
1.000000000000000000e+03 1.484159398138501820e+04
1.001000000000000000e+03 1.484653612204208002e+04
1.002000000000000000e+03 1.486866745223922226e+04
1.003000000000000000e+03 1.488403063407515583e+04
1.004000000000000000e+03 1.488866303666665044e+04
1.005000000000000000e+03 1.490921553600146945e+04
1.006000000000000000e+03 1.486039809260306902e+04
1.007000000000000000e+03 1.490665600725282457e+04
1.008000000000000000e+03 1.491961337106398969e+04
1.009000000000000000e+03 1.490852045876369993e+04
1.010000000000000000e+03 1.496428854612559371e+04
1.011000000000000000e+03 1.498700005614022848e+04
1.012000000000000000e+03 1.500083307529722697e+04
1.013000000000000000e+03 1.505060396806904828e+04
1.014000000000000000e+03 1.502390667899900654e+04
1.015000000000000000e+03 1.501430447475575056e+04
1.016000000000000000e+03 1.505358880074766603e+04
1.017000000000000000e+03 1.503772283813081413e+04
1.018000000000000000e+03 1.505011175706817448e+04
1.019000000000000000e+03 1.504638161909842165e+04
1.020000000000000000e+03 1.505864233599013096e+04
1.021000000000000000e+03 1.509208953941351683e+04
1.022000000000000000e+03 1.508229227339322097e+04
1.023000000000000000e+03 1.514668776856964723e+04
1.024000000000000000e+03 1.514543317648591983e+04
1.025000000000000000e+03 1.519795983476678884e+04
1.026000000000000000e+03 1.527888789751543482e+04
1.027000000000000000e+03 1.527869684959424922e+04
1.028000000000000000e+03 1.532720304755923098e+04
1.029000000000000000e+03 1.536188667558726775e+04
1.030000000000000000e+03 1.539132039462620014e+04
1.031000000000000000e+03 1.538013571501707156e+04
1.032000000000000000e+03 1.546295466925438086e+04
1.033000000000000000e+03 1.552678271286784366e+04
1.034000000000000000e+03 1.554529932222774187e+04
1.035000000000000000e+03 1.556641777018404173e+04
1.036000000000000000e+03 1.559359356869432668e+04
1.037000000000000000e+03 1.559643839885068155e+04
1.038000000000000000e+03 1.557231463712760160e+04
1.039000000000000000e+03 1.559043311612981415e+04
1.040000000000000000e+03 1.555592666534329328e+04
1.041000000000000000e+03 1.554596866716619843e+04
1.042000000000000000e+03 1.557854528097387629e+04
1.043000000000000000e+03 1.564350088698016771e+04
1.044000000000000000e+03 1.567361330222591823e+04
1.045000000000000000e+03 1.571760525372882330e+04
1.046000000000000000e+03 1.573335321659915826e+04
1.047000000000000000e+03 1.576343704522357075e+04
1.048000000000000000e+03 1.576089865114817439e+04
1.049000000000000000e+03 1.572964373966481980e+04
1.050000000000000000e+03 1.573849542227950406e+04
1.051000000000000000e+03 1.572854470723376107e+04
1.052000000000000000e+03 1.577508819646978736e+04
1.053000000000000000e+03 1.579578380267744978e+04
1.054000000000000000e+03 1.579678941360787576e+04
1.055000000000000000e+03 1.577965335588240305e+04
1.056000000000000000e+03 1.579798358994171213e+04
1.057000000000000000e+03 1.582007805441322307e+04
1.058000000000000000e+03 1.584559105982976689e+04
1.059000000000000000e+03 1.585736781386653638e+04
1.060000000000000000e+03 1.581195733256093263e+04
1.061000000000000000e+03 1.583537343312493067e+04
1.062000000000000000e+03 1.585101152582535360e+04
1.063000000000000000e+03 1.589062712994455978e+04
1.064000000000000000e+03 1.594094544148649402e+04
1.065000000000000000e+03 1.591897101285822646e+04
1.066000000000000000e+03 1.591609896693049086e+04
1.067000000000000000e+03 1.594118971521260391e+04
1.068000000000000000e+03 1.591766553681565347e+04
1.069000000000000000e+03 1.594694420284555417e+04
1.070000000000000000e+03 1.589395451988729474e+04
1.071000000000000000e+03 1.589045475084635291e+04
1.072000000000000000e+03 1.591350373997504539e+04
1.073000000000000000e+03 1.591003781092188729e+04
1.074000000000000000e+03 1.592804349711433497e+04
1.075000000000000000e+03 1.599581197821378737e+04
1.076000000000000000e+03 1.602919298412309399e+04
1.077000000000000000e+03 1.604534360438177464e+04
1.078000000000000000e+03 1.603849808315876180e+04
1.079000000000000000e+03 1.601690554479661841e+04
1.080000000000000000e+03 1.601380650249081737e+04
1.081000000000000000e+03 1.599940239566718083e+04
1.082000000000000000e+03 1.601921274820600411e+04
1.083000000000000000e+03 1.605212764087344840e+04
1.084000000000000000e+03 1.608355314748308228e+04
1.085000000000000000e+03 1.610387691002094834e+04
1.086000000000000000e+03 1.612220990760930181e+04
1.087000000000000000e+03 1.616144445275140242e+04
1.088000000000000000e+03 1.617017929540675505e+04
1.089000000000000000e+03 1.620472232897924914e+04
1.090000000000000000e+03 1.621533005209830480e+04
1.091000000000000000e+03 1.622382344521002051e+04
1.092000000000000000e+03 1.622324591600306849e+04
1.093000000000000000e+03 1.627575854700566197e+04
1.094000000000000000e+03 1.628223104840794440e+04
1.095000000000000000e+03 1.633529826189021151e+04
1.096000000000000000e+03 1.634866637466858265e+04
1.097000000000000000e+03 1.635184350361202087e+04
1.098000000000000000e+03 1.634212040545165473e+04
1.099000000000000000e+03 1.635342904775959687e+04
1.100000000000000000e+03 1.640283440003370924e+04
1.101000000000000000e+03 1.641938341373640287e+04
1.102000000000000000e+03 1.641724367192756836e+04
1.103000000000000000e+03 1.641799529335336410e+04
1.104000000000000000e+03 1.644526790064695524e+04
1.105000000000000000e+03 1.647354213044153585e+04
1.106000000000000000e+03 1.648372462607555281e+04
1.107000000000000000e+03 1.646020024610441760e+04
1.108000000000000000e+03 1.648901165580501038e+04
1.109000000000000000e+03 1.652610066694872512e+04
1.110000000000000000e+03 1.654788627031915166e+04
1.111000000000000000e+03 1.660049454878731558e+04
1.112000000000000000e+03 1.657920120801210942e+04
1.113000000000000000e+03 1.660090203064749585e+04
1.114000000000000000e+03 1.657773992961100521e+04
1.115000000000000000e+03 1.659805761281084779e+04
1.116000000000000000e+03 1.661484147996365573e+04
1.117000000000000000e+03 1.665258428337526129e+04
1.118000000000000000e+03 1.669033149473748563e+04
1.119000000000000000e+03 1.670346645563993297e+04
1.120000000000000000e+03 1.673279484960751142e+04
1.121000000000000000e+03 1.676150214611498086e+04
1.122000000000000000e+03 1.682186876813224808e+04
1.123000000000000000e+03 1.684820909809602381e+04
1.124000000000000000e+03 1.686911448082290735e+04
1.125000000000000000e+03 1.690365982977046224e+04
1.126000000000000000e+03 1.691423877939898739e+04
1.127000000000000000e+03 1.690647090985776958e+04
1.128000000000000000e+03 1.685229941000658073e+04
1.129000000000000000e+03 1.684844354768345147e+04
1.130000000000000000e+03 1.690114058871727320e+04
1.131000000000000000e+03 1.693539025341668821e+04
1.132000000000000000e+03 1.694617555650791473e+04
1.133000000000000000e+03 1.694368003937436515e+04
1.134000000000000000e+03 1.695379297134614899e+04
1.135000000000000000e+03 1.701374753853837319e+04
1.136000000000000000e+03 1.700861759499093750e+04
1.137000000000000000e+03 1.696868723313560258e+04
1.138000000000000000e+03 1.700884851941526358e+04
1.139000000000000000e+03 1.704874332159889309e+04
1.140000000000000000e+03 1.707004407047184941e+04
1.141000000000000000e+03 1.707468224522683886e+04
1.142000000000000000e+03 1.715834994844751054e+04
1.143000000000000000e+03 1.717911820788334080e+04
1.144000000000000000e+03 1.721552330256164714e+04
1.145000000000000000e+03 1.723330858097552118e+04
1.146000000000000000e+03 1.721794881494059518e+04
1.147000000000000000e+03 1.719768091241641741e+04
1.148000000000000000e+03 1.719128024471631579e+04
1.149000000000000000e+03 1.718273798912298662e+04
1.150000000000000000e+03 1.718532667604272865e+04
1.151000000000000000e+03 1.720905189889993198e+04
1.152000000000000000e+03 1.722828187445075309e+04
1.153000000000000000e+03 1.721886076182609759e+04
1.154000000000000000e+03 1.723799063460705293e+04
1.155000000000000000e+03 1.723343946302573386e+04
1.156000000000000000e+03 1.726114865259108774e+04
1.157000000000000000e+03 1.730132101887318640e+04
1.158000000000000000e+03 1.727647295516122904e+04
1.159000000000000000e+03 1.727014628588189953e+04
1.160000000000000000e+03 1.729594485181539494e+04
1.161000000000000000e+03 1.734564042784088451e+04
1.162000000000000000e+03 1.737277307616246981e+04
1.163000000000000000e+03 1.732331350944603400e+04
1.164000000000000000e+03 1.731921368455761694e+04
1.165000000000000000e+03 1.734793307476142218e+04
1.166000000000000000e+03 1.734130829022884791e+04
1.167000000000000000e+03 1.733539387392322169e+04
1.168000000000000000e+03 1.739223564411661573e+04
1.169000000000000000e+03 1.739904559917576626e+04
1.170000000000000000e+03 1.740678749770849754e+04
1.171000000000000000e+03 1.739779389577751863e+04
1.172000000000000000e+03 1.742934172397690782e+04
1.173000000000000000e+03 1.743958078388762442e+04
1.174000000000000000e+03 1.743434745388688680e+04
1.175000000000000000e+03 1.744769250729590931e+04
1.176000000000000000e+03 1.748033951913448982e+04
1.177000000000000000e+03 1.747491524376800589e+04
1.178000000000000000e+03 1.755553708173684572e+04
1.179000000000000000e+03 1.757866456211950936e+04
1.180000000000000000e+03 1.761970443391117806e+04
1.181000000000000000e+03 1.764069439511913515e+04
1.182000000000000000e+03 1.759992436001357055e+04
1.183000000000000000e+03 1.758088144347111302e+04
1.184000000000000000e+03 1.755232573470383795e+04
1.185000000000000000e+03 1.758705473365891521e+04
1.186000000000000000e+03 1.761374869770009900e+04
1.187000000000000000e+03 1.761028918604183491e+04
1.188000000000000000e+03 1.764506734687384596e+04
1.189000000000000000e+03 1.767995624115520695e+04
1.190000000000000000e+03 1.773145597475264731e+04
1.191000000000000000e+03 1.772149896565547533e+04
1.192000000000000000e+03 1.771932485356102188e+04
1.193000000000000000e+03 1.773233997575837202e+04
1.194000000000000000e+03 1.773993119884844054e+04
1.195000000000000000e+03 1.774337157899168233e+04
1.196000000000000000e+03 1.777345451058414619e+04
1.197000000000000000e+03 1.777936917667396483e+04
1.198000000000000000e+03 1.776435917896407045e+04
1.199000000000000000e+03 1.775369161733464352e+04
1.200000000000000000e+03 1.773685442810810855e+04
1.201000000000000000e+03 1.776589140873265205e+04
1.202000000000000000e+03 1.775939256516307796e+04
1.203000000000000000e+03 1.777822288593612757e+04
1.204000000000000000e+03 1.779566222380047839e+04
1.205000000000000000e+03 1.782280634353547430e+04
1.206000000000000000e+03 1.787645880503726585e+04
1.207000000000000000e+03 1.793225160417237566e+04
1.208000000000000000e+03 1.796872801004285429e+04
1.209000000000000000e+03 1.801316467684293457e+04
1.210000000000000000e+03 1.802157756414906908e+04
1.211000000000000000e+03 1.801466496922350052e+04
1.212000000000000000e+03 1.801935181804061358e+04
1.213000000000000000e+03 1.800775934761804820e+04
1.214000000000000000e+03 1.799795013507948170e+04
1.215000000000000000e+03 1.802179347712818344e+04
1.216000000000000000e+03 1.805814472082045904e+04
1.217000000000000000e+03 1.810237562849929964e+04
1.218000000000000000e+03 1.806012964028630086e+04
1.219000000000000000e+03 1.806337426614842116e+04
1.220000000000000000e+03 1.808451983374787596e+04
1.221000000000000000e+03 1.807309048369179800e+04
1.222000000000000000e+03 1.808915877817201181e+04
1.223000000000000000e+03 1.809929731053408250e+04
1.224000000000000000e+03 1.812163489292555823e+04
1.225000000000000000e+03 1.816434984878169416e+04
1.226000000000000000e+03 1.816061985198971161e+04
1.227000000000000000e+03 1.818332732277775722e+04
1.228000000000000000e+03 1.822982140405048995e+04
1.229000000000000000e+03 1.827400614093027616e+04
1.230000000000000000e+03 1.832735509351763540e+04
1.231000000000000000e+03 1.835051742421847666e+04
1.232000000000000000e+03 1.832933779917915308e+04
1.233000000000000000e+03 1.833277898180165357e+04
1.234000000000000000e+03 1.841573220697570287e+04
1.235000000000000000e+03 1.845884477883802538e+04
1.236000000000000000e+03 1.842415731069982212e+04
1.237000000000000000e+03 1.845162256332294055e+04
1.238000000000000000e+03 1.850444579486011571e+04
1.239000000000000000e+03 1.849847240164254617e+04
1.240000000000000000e+03 1.850511991277122797e+04
1.241000000000000000e+03 1.849937029090357828e+04
1.242000000000000000e+03 1.848045667038811735e+04
1.243000000000000000e+03 1.849365632079926581e+04
1.244000000000000000e+03 1.849723929210540518e+04
1.245000000000000000e+03 1.848276449511463943e+04
1.246000000000000000e+03 1.852693557645497276e+04
1.247000000000000000e+03 1.859417311456103198e+04
1.248000000000000000e+03 1.854841896925070614e+04
1.249000000000000000e+03 1.856740947154028618e+04
1.250000000000000000e+03 1.857181448355715111e+04
1.251000000000000000e+03 1.859624759990517487e+04
1.252000000000000000e+03 1.859865349641350258e+04
1.253000000000000000e+03 1.861283838299834679e+04
1.254000000000000000e+03 1.862588372280720068e+04
1.255000000000000000e+03 1.861445992350990127e+04
1.256000000000000000e+03 1.862755030088649437e+04
1.257000000000000000e+03 1.866275134001150218e+04
1.258000000000000000e+03 1.870697504023378497e+04
1.259000000000000000e+03 1.876710225262012318e+04
1.260000000000000000e+03 1.878687025679012368e+04
1.261000000000000000e+03 1.882840755825185988e+04
1.262000000000000000e+03 1.884934257829018316e+04
1.263000000000000000e+03 1.885275607839963777e+04
1.264000000000000000e+03 1.892172358684622304e+04
1.265000000000000000e+03 1.890100661058304468e+04
1.266000000000000000e+03 1.892262062914951821e+04
1.267000000000000000e+03 1.894365495423312677e+04
1.268000000000000000e+03 1.894025441292019241e+04
1.269000000000000000e+03 1.898364713196218509e+04
1.270000000000000000e+03 1.897609241081955770e+04
1.271000000000000000e+03 1.897545573803902880e+04
1.272000000000000000e+03 1.893637527478833726e+04
1.273000000000000000e+03 1.889768380346812410e+04
1.274000000000000000e+03 1.889006817151077485e+04
1.275000000000000000e+03 1.891768755470369069e+04
1.276000000000000000e+03 1.893611775259239585e+04
1.277000000000000000e+03 1.897578681934461929e+04
1.278000000000000000e+03 1.897523940467531065e+04
1.279000000000000000e+03 1.896228416617018593e+04
1.280000000000000000e+03 1.899009633007618322e+04
1.281000000000000000e+03 1.898718531262078614e+04
1.282000000000000000e+03 1.900001785551702778e+04
1.283000000000000000e+03 1.899776106346611778e+04
1.284000000000000000e+03 1.901101422862196705e+04
1.285000000000000000e+03 1.903098442247344065e+04
1.286000000000000000e+03 1.903673134051959278e+04
1.287000000000000000e+03 1.907772475911651054e+04
1.288000000000000000e+03 1.906176074848667849e+04
1.289000000000000000e+03 1.903048207209641623e+04
1.290000000000000000e+03 1.904233236166899951e+04
1.291000000000000000e+03 1.910964602767492761e+04
1.292000000000000000e+03 1.912633328547655765e+04
1.293000000000000000e+03 1.917926176023148219e+04
1.294000000000000000e+03 1.920662484688143741e+04
1.295000000000000000e+03 1.925291938499952084e+04
1.296000000000000000e+03 1.925934042562197283e+04
1.297000000000000000e+03 1.927318660125899623e+04
1.298000000000000000e+03 1.928111503465461283e+04
1.299000000000000000e+03 1.928279803636178622e+04
1.300000000000000000e+03 1.931633614441574537e+04
1.301000000000000000e+03 1.938874916697039953e+04
1.302000000000000000e+03 1.938628296556102578e+04
1.303000000000000000e+03 1.937781053093238006e+04
1.304000000000000000e+03 1.938357528196201019e+04
1.305000000000000000e+03 1.937099008836323264e+04
1.306000000000000000e+03 1.936443948176177946e+04
1.307000000000000000e+03 1.940035877621018517e+04
1.308000000000000000e+03 1.938442832207381070e+04
1.309000000000000000e+03 1.940576615580528232e+04
1.310000000000000000e+03 1.943890912177170321e+04
1.311000000000000000e+03 1.944958019180434349e+04
1.312000000000000000e+03 1.948368069117205596e+04
1.313000000000000000e+03 1.953087265040347484e+04
1.314000000000000000e+03 1.949542560430523372e+04
1.315000000000000000e+03 1.947998680366245389e+04
1.316000000000000000e+03 1.950551203676015575e+04
1.317000000000000000e+03 1.955660083389977444e+04
1.318000000000000000e+03 1.955600508762694517e+04
1.319000000000000000e+03 1.957945108719955533e+04
1.320000000000000000e+03 1.954372396546534947e+04
1.321000000000000000e+03 1.954737126301489116e+04
1.322000000000000000e+03 1.956786610937629666e+04
1.323000000000000000e+03 1.961788535626903831e+04
1.324000000000000000e+03 1.961308095688480535e+04
1.325000000000000000e+03 1.961645426378145930e+04
1.326000000000000000e+03 1.965976949150377186e+04
1.327000000000000000e+03 1.974912448154084632e+04
1.328000000000000000e+03 1.977694592389230820e+04
1.329000000000000000e+03 1.981875769479769224e+04
1.330000000000000000e+03 1.989319046141870058e+04
1.331000000000000000e+03 1.987071402664903871e+04
1.332000000000000000e+03 1.986401296879112851e+04
1.333000000000000000e+03 1.987929270674668805e+04
1.334000000000000000e+03 1.984268817253262750e+04
1.335000000000000000e+03 1.983590416782471220e+04
1.336000000000000000e+03 1.984213902372641314e+04
1.337000000000000000e+03 1.984196609673743296e+04
1.338000000000000000e+03 1.986658688238735704e+04
1.339000000000000000e+03 1.993464430674303730e+04
1.340000000000000000e+03 1.995313985587782372e+04
1.341000000000000000e+03 1.996599875501044880e+04
1.342000000000000000e+03 1.996209560202594002e+04
1.343000000000000000e+03 2.000476322338851242e+04
1.344000000000000000e+03 1.999053769408395965e+04
1.345000000000000000e+03 2.000082152713830510e+04
1.346000000000000000e+03 2.003475849192270107e+04
1.347000000000000000e+03 2.005496005579109260e+04
1.348000000000000000e+03 2.006674731195822096e+04
1.349000000000000000e+03 2.009669833182986258e+04
1.350000000000000000e+03 2.007264691605637927e+04
1.351000000000000000e+03 2.005961337857423860e+04
1.352000000000000000e+03 2.007033952211230280e+04
1.353000000000000000e+03 2.003369024002896185e+04
1.354000000000000000e+03 2.003716494300692648e+04
1.355000000000000000e+03 2.004810907230554221e+04
1.356000000000000000e+03 2.005955476174569776e+04
1.357000000000000000e+03 2.006112792682051804e+04
1.358000000000000000e+03 2.007758527187962318e+04
1.359000000000000000e+03 2.007124287247555549e+04
1.360000000000000000e+03 2.010856222162872291e+04
1.361000000000000000e+03 2.014311798493047900e+04
1.362000000000000000e+03 2.012894526400019458e+04
1.363000000000000000e+03 2.011100341935256802e+04
1.364000000000000000e+03 2.013636760579847032e+04
1.365000000000000000e+03 2.017805794408525617e+04
1.366000000000000000e+03 2.018202521430247361e+04
1.367000000000000000e+03 2.017300673767032276e+04
1.368000000000000000e+03 2.021714358752956832e+04
1.369000000000000000e+03 2.025305730806896099e+04
1.370000000000000000e+03 2.020593571429107396e+04
1.371000000000000000e+03 2.024378052396277417e+04
1.372000000000000000e+03 2.029709853923042101e+04
1.373000000000000000e+03 2.027692045539028913e+04
1.374000000000000000e+03 2.026013679840751865e+04
1.375000000000000000e+03 2.030297071201377912e+04
1.376000000000000000e+03 2.034156551926714383e+04
1.377000000000000000e+03 2.039784862810675622e+04
1.378000000000000000e+03 2.043146755133010447e+04
1.379000000000000000e+03 2.041894524519164042e+04
1.380000000000000000e+03 2.042990766274043199e+04
1.381000000000000000e+03 2.043439209510289220e+04
1.382000000000000000e+03 2.045386139969512806e+04
1.383000000000000000e+03 2.046832480335035507e+04
1.384000000000000000e+03 2.049811778454710657e+04
1.385000000000000000e+03 2.055200457625402851e+04
1.386000000000000000e+03 2.056156323717691339e+04
1.387000000000000000e+03 2.052827429547670909e+04
1.388000000000000000e+03 2.054561120759255573e+04
1.389000000000000000e+03 2.060317777450415088e+04
1.390000000000000000e+03 2.062816347821032105e+04
1.391000000000000000e+03 2.068602281132221106e+04
1.392000000000000000e+03 2.071552552099322929e+04
1.393000000000000000e+03 2.074404801850136573e+04
1.394000000000000000e+03 2.074023921227805840e+04
1.395000000000000000e+03 2.077555907243655020e+04
1.396000000000000000e+03 2.078689184463342099e+04
1.397000000000000000e+03 2.082767869555043580e+04
1.398000000000000000e+03 2.085096419028763194e+04
1.399000000000000000e+03 2.089593908765183733e+04
1.400000000000000000e+03 2.098661854012197728e+04
1.401000000000000000e+03 2.102508808347632294e+04
1.402000000000000000e+03 2.111779341182580538e+04
1.403000000000000000e+03 2.112665829639067306e+04
1.404000000000000000e+03 2.112054945279447929e+04
1.405000000000000000e+03 2.117765262760454061e+04
1.406000000000000000e+03 2.120000295078708223e+04
1.407000000000000000e+03 2.115327557800021532e+04
1.408000000000000000e+03 2.119807095054106685e+04
1.409000000000000000e+03 2.123123984701187874e+04
1.410000000000000000e+03 2.127873705004742078e+04
1.411000000000000000e+03 2.124704710841076667e+04
1.412000000000000000e+03 2.126899387949781158e+04
1.413000000000000000e+03 2.129499143434113284e+04
1.414000000000000000e+03 2.129262289708166281e+04
1.415000000000000000e+03 2.134529916278161181e+04
1.416000000000000000e+03 2.140321549705188954e+04
1.417000000000000000e+03 2.137997258284708732e+04
1.418000000000000000e+03 2.142393643049100865e+04
1.419000000000000000e+03 2.143733723733912484e+04
1.420000000000000000e+03 2.146613848005948967e+04
1.421000000000000000e+03 2.147209112411710157e+04
1.422000000000000000e+03 2.148041462198359659e+04
1.423000000000000000e+03 2.146987225219618267e+04
1.424000000000000000e+03 2.149981889834084359e+04
1.425000000000000000e+03 2.156280757760643246e+04
1.426000000000000000e+03 2.155489053692852031e+04
1.427000000000000000e+03 2.154016111229601302e+04
1.428000000000000000e+03 2.157411336384652896e+04
1.429000000000000000e+03 2.161370373408508749e+04
1.430000000000000000e+03 2.160546737468742504e+04
1.431000000000000000e+03 2.159235411560376451e+04
1.432000000000000000e+03 2.161190904398394559e+04
1.433000000000000000e+03 2.166089666692503670e+04
1.434000000000000000e+03 2.166445519242459704e+04
1.435000000000000000e+03 2.166550495321990093e+04
1.436000000000000000e+03 2.168129757199899541e+04
1.437000000000000000e+03 2.171147913584214257e+04
1.438000000000000000e+03 2.173013866518838404e+04
1.439000000000000000e+03 2.173015979410727596e+04
1.440000000000000000e+03 2.171949100546039335e+04
1.441000000000000000e+03 2.177918938712040836e+04
1.442000000000000000e+03 2.180374120640662659e+04
1.443000000000000000e+03 2.178520005674350250e+04
1.444000000000000000e+03 2.178109878054084766e+04
1.445000000000000000e+03 2.177820196760990439e+04
1.446000000000000000e+03 2.180074284433813227e+04
1.447000000000000000e+03 2.182665985688048750e+04
1.448000000000000000e+03 2.181761493853666252e+04
1.449000000000000000e+03 2.181863081911347399e+04
1.450000000000000000e+03 2.186133042411708448e+04
1.451000000000000000e+03 2.191272707207158237e+04
1.452000000000000000e+03 2.195235251170872289e+04
1.453000000000000000e+03 2.196250848616774238e+04
1.454000000000000000e+03 2.201639583582662090e+04
1.455000000000000000e+03 2.206023693727117279e+04
1.456000000000000000e+03 2.202774949442290381e+04
1.457000000000000000e+03 2.197223170557513731e+04
1.458000000000000000e+03 2.194077294921966313e+04
1.459000000000000000e+03 2.199519167768734405e+04
1.460000000000000000e+03 2.203110028520246124e+04
1.461000000000000000e+03 2.204748829167027725e+04
1.462000000000000000e+03 2.204108097765449202e+04
1.463000000000000000e+03 2.209754306364178774e+04
1.464000000000000000e+03 2.210219111964424519e+04
1.465000000000000000e+03 2.207753175639711480e+04
1.466000000000000000e+03 2.211424521544992967e+04
1.467000000000000000e+03 2.210808681671678278e+04
1.468000000000000000e+03 2.222751444797210570e+04
1.469000000000000000e+03 2.220672354583870401e+04
1.470000000000000000e+03 2.224974930465391662e+04
1.471000000000000000e+03 2.229299154363328125e+04
1.472000000000000000e+03 2.227319869417399241e+04
1.473000000000000000e+03 2.225950654127229791e+04
1.474000000000000000e+03 2.227500987221916148e+04
1.475000000000000000e+03 2.227581392985989442e+04
1.476000000000000000e+03 2.225824128463685338e+04
1.477000000000000000e+03 2.228106996557985258e+04
1.478000000000000000e+03 2.226024823104281677e+04
1.479000000000000000e+03 2.226716891386991847e+04
1.480000000000000000e+03 2.232546742453208208e+04
1.481000000000000000e+03 2.239328655096464718e+04
1.482000000000000000e+03 2.245326463572180000e+04
1.483000000000000000e+03 2.248868695219395522e+04
1.484000000000000000e+03 2.241694044600907728e+04
1.485000000000000000e+03 2.242338436418959463e+04
1.486000000000000000e+03 2.245882304233782997e+04
1.487000000000000000e+03 2.249607464473803338e+04
1.488000000000000000e+03 2.248830980569498934e+04
1.489000000000000000e+03 2.250544552444653891e+04
1.490000000000000000e+03 2.255520048848630540e+04
1.491000000000000000e+03 2.260437790814593973e+04
1.492000000000000000e+03 2.255641385997922771e+04
1.493000000000000000e+03 2.256265841671201633e+04
1.494000000000000000e+03 2.264745193919659141e+04
1.495000000000000000e+03 2.266272031345337746e+04
1.496000000000000000e+03 2.267954321912101295e+04
1.497000000000000000e+03 2.267064668724091462e+04
1.498000000000000000e+03 2.269868109885424201e+04
1.499000000000000000e+03 2.271414781207536726e+04
1.500000000000000000e+03 2.271202271345956251e+04
1.501000000000000000e+03 2.271565753715251776e+04
1.502000000000000000e+03 2.275121782151326261e+04
1.503000000000000000e+03 2.276659906766197673e+04
1.504000000000000000e+03 2.284266137157412595e+04
1.505000000000000000e+03 2.286702451139138066e+04
1.506000000000000000e+03 2.290164190104028603e+04
1.507000000000000000e+03 2.295590758513956462e+04
1.508000000000000000e+03 2.296846364028862808e+04
1.509000000000000000e+03 2.297363207225030783e+04
1.510000000000000000e+03 2.299395348475836363e+04
1.511000000000000000e+03 2.300573407387155748e+04
1.512000000000000000e+03 2.302665630387920828e+04
1.513000000000000000e+03 2.302389867431657694e+04
1.514000000000000000e+03 2.303053872401426270e+04
1.515000000000000000e+03 2.302463959488809996e+04
1.516000000000000000e+03 2.298324892246610762e+04
1.517000000000000000e+03 2.303077994382867473e+04
1.518000000000000000e+03 2.306387626369329155e+04
1.519000000000000000e+03 2.308873324091926770e+04
1.520000000000000000e+03 2.317197681262950573e+04
1.521000000000000000e+03 2.321653789821777173e+04
1.522000000000000000e+03 2.316799896773902947e+04
1.523000000000000000e+03 2.318234277462745740e+04
1.524000000000000000e+03 2.320832148819864960e+04
1.525000000000000000e+03 2.326930664887141029e+04
1.526000000000000000e+03 2.322266546516207745e+04
1.527000000000000000e+03 2.324169712246429845e+04
1.528000000000000000e+03 2.327005815494690250e+04
1.529000000000000000e+03 2.326605123348896814e+04
1.530000000000000000e+03 2.322528563316915097e+04
1.531000000000000000e+03 2.322526137111785283e+04
1.532000000000000000e+03 2.325116519239750414e+04
1.533000000000000000e+03 2.327610251213211450e+04
1.534000000000000000e+03 2.328825332271694424e+04
1.535000000000000000e+03 2.329835714325230219e+04
1.536000000000000000e+03 2.330796693429175139e+04
1.537000000000000000e+03 2.333002854344017396e+04
1.538000000000000000e+03 2.330639273861101537e+04
1.539000000000000000e+03 2.333075583313979223e+04
1.540000000000000000e+03 2.342277533939297791e+04
1.541000000000000000e+03 2.342887435101675510e+04
1.542000000000000000e+03 2.339187465295631046e+04
1.543000000000000000e+03 2.346511410776864795e+04
1.544000000000000000e+03 2.344057872721802050e+04
1.545000000000000000e+03 2.350350667552050072e+04
1.546000000000000000e+03 2.353386306789429727e+04
1.547000000000000000e+03 2.359761015904291344e+04
1.548000000000000000e+03 2.366289163064814056e+04
1.549000000000000000e+03 2.370729743082900313e+04
1.550000000000000000e+03 2.367148485022750901e+04
1.551000000000000000e+03 2.364055871730382933e+04
1.552000000000000000e+03 2.367511494185818810e+04
1.553000000000000000e+03 2.371402815819229363e+04
1.554000000000000000e+03 2.364338496677822332e+04
1.555000000000000000e+03 2.365116771392781448e+04
1.556000000000000000e+03 2.370864834931820951e+04
1.557000000000000000e+03 2.377543215840410267e+04
1.558000000000000000e+03 2.381205469528811227e+04
1.559000000000000000e+03 2.381835769975254880e+04
1.560000000000000000e+03 2.383692095903708832e+04
1.561000000000000000e+03 2.387192159187649668e+04
1.562000000000000000e+03 2.380986995631579703e+04
1.563000000000000000e+03 2.381556139662728674e+04
1.564000000000000000e+03 2.384791427300224677e+04
1.565000000000000000e+03 2.383539638717570051e+04
1.566000000000000000e+03 2.383572850919181656e+04
1.567000000000000000e+03 2.385844900955864796e+04
1.568000000000000000e+03 2.385023395398557841e+04
1.569000000000000000e+03 2.386593768291109154e+04
1.570000000000000000e+03 2.385523729378872667e+04
1.571000000000000000e+03 2.382777594152031088e+04
1.572000000000000000e+03 2.385916181932346808e+04
1.573000000000000000e+03 2.389175576089186143e+04
1.574000000000000000e+03 2.391560576599689739e+04
1.575000000000000000e+03 2.397868618199472985e+04
1.576000000000000000e+03 2.399072162299686897e+04
1.577000000000000000e+03 2.399680415145170628e+04
1.578000000000000000e+03 2.402361401092297456e+04
1.579000000000000000e+03 2.400722717423994254e+04
1.580000000000000000e+03 2.405000036900616033e+04
1.581000000000000000e+03 2.401853047205644907e+04
1.582000000000000000e+03 2.403448345251869978e+04
1.583000000000000000e+03 2.405189945950423498e+04
1.584000000000000000e+03 2.406788097624449074e+04
1.585000000000000000e+03 2.409823080702326843e+04
1.586000000000000000e+03 2.409544281793428672e+04
1.587000000000000000e+03 2.410349108666485699e+04
1.588000000000000000e+03 2.412899686451314847e+04
1.589000000000000000e+03 2.413914009105402511e+04
1.590000000000000000e+03 2.415958674626121865e+04
1.591000000000000000e+03 2.420500789351326966e+04
1.592000000000000000e+03 2.418149057144901599e+04
1.593000000000000000e+03 2.418020622746338995e+04
1.594000000000000000e+03 2.413624240745505449e+04
1.595000000000000000e+03 2.418471150419222249e+04
1.596000000000000000e+03 2.422904987466496095e+04
1.597000000000000000e+03 2.430333241559476664e+04
1.598000000000000000e+03 2.432801979823295551e+04
1.599000000000000000e+03 2.429420277344348142e+04
1.600000000000000000e+03 2.423528114867754994e+04
1.601000000000000000e+03 2.423437206345861705e+04
1.602000000000000000e+03 2.425033619650090259e+04
1.603000000000000000e+03 2.423944052265662322e+04
1.604000000000000000e+03 2.421330950585496612e+04
1.605000000000000000e+03 2.425580222513554327e+04
1.606000000000000000e+03 2.428508033316455112e+04
1.607000000000000000e+03 2.434584786140968936e+04
1.608000000000000000e+03 2.438088016117800726e+04
1.609000000000000000e+03 2.448175064679938441e+04
1.610000000000000000e+03 2.444382116681628759e+04
1.611000000000000000e+03 2.442840724598492307e+04
1.612000000000000000e+03 2.447417617065141530e+04
1.613000000000000000e+03 2.447575938585498079e+04
1.614000000000000000e+03 2.447048929637141919e+04
1.615000000000000000e+03 2.446907830773971000e+04
1.616000000000000000e+03 2.447835995589999220e+04
1.617000000000000000e+03 2.449087090827330394e+04
1.618000000000000000e+03 2.448843384165542375e+04
1.619000000000000000e+03 2.449276464266221592e+04
1.620000000000000000e+03 2.455262978550623666e+04
1.621000000000000000e+03 2.457064070508247096e+04
1.622000000000000000e+03 2.461593214626197368e+04
1.623000000000000000e+03 2.465652497893574764e+04
1.624000000000000000e+03 2.465334743699586033e+04
1.625000000000000000e+03 2.464030594072369422e+04
1.626000000000000000e+03 2.467500742396370697e+04
1.627000000000000000e+03 2.468439448547909706e+04
1.628000000000000000e+03 2.469591137114426965e+04
1.629000000000000000e+03 2.472217067580102957e+04
1.630000000000000000e+03 2.474768089447467719e+04
1.631000000000000000e+03 2.472097962872954668e+04
1.632000000000000000e+03 2.467728802302797703e+04
1.633000000000000000e+03 2.469581606069813279e+04
1.634000000000000000e+03 2.474385450132082769e+04
1.635000000000000000e+03 2.479526181152072240e+04
1.636000000000000000e+03 2.479868645360065057e+04
1.637000000000000000e+03 2.477322621925589192e+04
1.638000000000000000e+03 2.477912294461992860e+04
1.639000000000000000e+03 2.484978846436574167e+04
1.640000000000000000e+03 2.482342500098950404e+04
1.641000000000000000e+03 2.482508795753768936e+04
1.642000000000000000e+03 2.484712699050496667e+04
1.643000000000000000e+03 2.483723173484491781e+04
1.644000000000000000e+03 2.483623779327481316e+04
1.645000000000000000e+03 2.486552683588152649e+04
1.646000000000000000e+03 2.482637720161733523e+04
1.647000000000000000e+03 2.482127530781857422e+04
1.648000000000000000e+03 2.483812087440791220e+04
1.649000000000000000e+03 2.481716109396694083e+04
1.650000000000000000e+03 2.481585231556610233e+04
1.651000000000000000e+03 2.484441098289918591e+04
1.652000000000000000e+03 2.488430748589647192e+04
1.653000000000000000e+03 2.487175637897931665e+04
1.654000000000000000e+03 2.491865076679707272e+04
1.655000000000000000e+03 2.492872432829881654e+04
1.656000000000000000e+03 2.494872404921413181e+04
1.657000000000000000e+03 2.499427879542479059e+04
1.658000000000000000e+03 2.503397354513276150e+04
1.659000000000000000e+03 2.500704310553756659e+04
1.660000000000000000e+03 2.496374902212290544e+04
1.661000000000000000e+03 2.500119197732340763e+04
1.662000000000000000e+03 2.498965634103798220e+04
1.663000000000000000e+03 2.494000052926253920e+04
1.664000000000000000e+03 2.492412923568776750e+04
1.665000000000000000e+03 2.492530858015970443e+04
1.666000000000000000e+03 2.492691835998196984e+04
1.667000000000000000e+03 2.492340534149571249e+04
1.668000000000000000e+03 2.492551559533462205e+04
1.669000000000000000e+03 2.498098216080977363e+04
1.670000000000000000e+03 2.502585562696959460e+04
1.671000000000000000e+03 2.501188681700547022e+04
1.672000000000000000e+03 2.508429823348843638e+04
1.673000000000000000e+03 2.510908919282845090e+04
1.674000000000000000e+03 2.514058473131263599e+04
1.675000000000000000e+03 2.516785649458686385e+04
1.676000000000000000e+03 2.518090780520784392e+04
1.677000000000000000e+03 2.519655898897558654e+04
1.678000000000000000e+03 2.525765613546174791e+04
1.679000000000000000e+03 2.525743380288427943e+04
1.680000000000000000e+03 2.527049883553074687e+04
1.681000000000000000e+03 2.528486588780475722e+04
1.682000000000000000e+03 2.528775070834249709e+04
1.683000000000000000e+03 2.532051430651843111e+04
1.684000000000000000e+03 2.529367053427900828e+04
1.685000000000000000e+03 2.532037964864521928e+04
1.686000000000000000e+03 2.527431731285383285e+04
1.687000000000000000e+03 2.529766268835746450e+04
1.688000000000000000e+03 2.528712766711510631e+04
1.689000000000000000e+03 2.530266681260297992e+04
1.690000000000000000e+03 2.529765810006604443e+04
1.691000000000000000e+03 2.528501679739147949e+04
1.692000000000000000e+03 2.536126120994683879e+04
1.693000000000000000e+03 2.544176443436600675e+04
1.694000000000000000e+03 2.545930721533180258e+04
1.695000000000000000e+03 2.544863144676333832e+04
1.696000000000000000e+03 2.550972119608116191e+04
1.697000000000000000e+03 2.552817636896889962e+04
1.698000000000000000e+03 2.561438604740169467e+04
1.699000000000000000e+03 2.563027758260236442e+04
1.700000000000000000e+03 2.558291316153765729e+04
1.701000000000000000e+03 2.561885377410841829e+04
1.702000000000000000e+03 2.568607404367402705e+04
1.703000000000000000e+03 2.568772428187228797e+04
1.704000000000000000e+03 2.567346511997996276e+04
1.705000000000000000e+03 2.573545375727333521e+04
1.706000000000000000e+03 2.580528584048750781e+04
1.707000000000000000e+03 2.581220547305208311e+04
1.708000000000000000e+03 2.587044296048183242e+04
1.709000000000000000e+03 2.585762661895142082e+04
1.710000000000000000e+03 2.586106728579754781e+04
1.711000000000000000e+03 2.583583624315045381e+04
1.712000000000000000e+03 2.586521435453788945e+04
1.713000000000000000e+03 2.589973601592154591e+04
1.714000000000000000e+03 2.590734370316228524e+04
1.715000000000000000e+03 2.585762890539710133e+04
1.716000000000000000e+03 2.589250731045769135e+04
1.717000000000000000e+03 2.593266458296261044e+04
1.718000000000000000e+03 2.594990838523688217e+04
1.719000000000000000e+03 2.597328920812650904e+04
1.720000000000000000e+03 2.598576966222065312e+04
1.721000000000000000e+03 2.601479796409945266e+04
1.722000000000000000e+03 2.600550939081020260e+04
1.723000000000000000e+03 2.610622050070749174e+04
1.724000000000000000e+03 2.612048196997223204e+04
1.725000000000000000e+03 2.611335659130613931e+04
1.726000000000000000e+03 2.604048965012951885e+04
1.727000000000000000e+03 2.604972904619492692e+04
1.728000000000000000e+03 2.602589651585442334e+04
1.729000000000000000e+03 2.603920579578766410e+04
1.730000000000000000e+03 2.602696590251488306e+04
1.731000000000000000e+03 2.604023408509788715e+04
1.732000000000000000e+03 2.600858102216695625e+04
1.733000000000000000e+03 2.600182332540496282e+04
1.734000000000000000e+03 2.601149549152581676e+04
1.735000000000000000e+03 2.605761180243534545e+04
1.736000000000000000e+03 2.605013290408097964e+04
1.737000000000000000e+03 2.610683993315044063e+04
1.738000000000000000e+03 2.614671358060838975e+04
1.739000000000000000e+03 2.608408626675041160e+04
1.740000000000000000e+03 2.603012904511640227e+04
1.741000000000000000e+03 2.599993946230989968e+04
1.742000000000000000e+03 2.598029803490616177e+04
1.743000000000000000e+03 2.596919429350790233e+04
1.744000000000000000e+03 2.601709542966355366e+04
1.745000000000000000e+03 2.605238831659375865e+04
1.746000000000000000e+03 2.609380340229168360e+04
1.747000000000000000e+03 2.613046062057369272e+04
1.748000000000000000e+03 2.615609792284407376e+04
1.749000000000000000e+03 2.621003966808384212e+04
1.750000000000000000e+03 2.623726990165461393e+04
1.751000000000000000e+03 2.624381872362222202e+04
1.752000000000000000e+03 2.625099677045372300e+04
1.753000000000000000e+03 2.622736397999214751e+04
1.754000000000000000e+03 2.625930970151096335e+04
1.755000000000000000e+03 2.629297508669217132e+04
1.756000000000000000e+03 2.627577608581741879e+04
1.757000000000000000e+03 2.624370724965260160e+04
1.758000000000000000e+03 2.629184488997488370e+04
1.759000000000000000e+03 2.635016132226997797e+04
1.760000000000000000e+03 2.642470864073409393e+04
1.761000000000000000e+03 2.637559899880712328e+04
1.762000000000000000e+03 2.640521555996255483e+04
1.763000000000000000e+03 2.646177878256465556e+04
1.764000000000000000e+03 2.652916826902465618e+04
1.765000000000000000e+03 2.654972570009131596e+04
1.766000000000000000e+03 2.652973485934116616e+04
1.767000000000000000e+03 2.650379293638030504e+04
1.768000000000000000e+03 2.653028632451456360e+04
1.769000000000000000e+03 2.654608820242673028e+04
1.770000000000000000e+03 2.660515184668289658e+04
1.771000000000000000e+03 2.666228408982146357e+04
1.772000000000000000e+03 2.667541839222962153e+04
1.773000000000000000e+03 2.666269900041481742e+04
1.774000000000000000e+03 2.673392307582464127e+04
1.775000000000000000e+03 2.680671657630534901e+04
1.776000000000000000e+03 2.682384601331637532e+04
1.777000000000000000e+03 2.683715117513860241e+04
1.778000000000000000e+03 2.682519661490496583e+04
1.779000000000000000e+03 2.685047653405718302e+04
1.780000000000000000e+03 2.691583695878576691e+04
1.781000000000000000e+03 2.692903210454947111e+04
1.782000000000000000e+03 2.701125784994504284e+04
1.783000000000000000e+03 2.705654639377513740e+04
1.784000000000000000e+03 2.707761571572215325e+04
1.785000000000000000e+03 2.706726150352382319e+04
1.786000000000000000e+03 2.704322220131158974e+04
1.787000000000000000e+03 2.707990167655643381e+04
1.788000000000000000e+03 2.710977754637709950e+04
1.789000000000000000e+03 2.715524087824783783e+04
1.790000000000000000e+03 2.716225726341851259e+04
1.791000000000000000e+03 2.714906569583432065e+04
1.792000000000000000e+03 2.718288704344214057e+04
1.793000000000000000e+03 2.721710286234435989e+04
1.794000000000000000e+03 2.719903171725057837e+04
1.795000000000000000e+03 2.721251596934800182e+04
1.796000000000000000e+03 2.719798043729762139e+04
1.797000000000000000e+03 2.717682878091476960e+04
1.798000000000000000e+03 2.721236642512637627e+04
1.799000000000000000e+03 2.725819231302549815e+04
1.800000000000000000e+03 2.724026560944605444e+04
1.801000000000000000e+03 2.724644129398367295e+04
1.802000000000000000e+03 2.725179511925159022e+04
1.803000000000000000e+03 2.724790809023859038e+04
1.804000000000000000e+03 2.727663231764170268e+04
1.805000000000000000e+03 2.728274517706824918e+04
1.806000000000000000e+03 2.730799989839799309e+04
1.807000000000000000e+03 2.730484526446815653e+04
1.808000000000000000e+03 2.729084565362583453e+04
1.809000000000000000e+03 2.731857270374482323e+04
1.810000000000000000e+03 2.730701306063561788e+04
1.811000000000000000e+03 2.733316920490047778e+04
1.812000000000000000e+03 2.737715745170813534e+04
1.813000000000000000e+03 2.737543350269401344e+04
1.814000000000000000e+03 2.741301998402415484e+04
1.815000000000000000e+03 2.740969357365484757e+04
1.816000000000000000e+03 2.749381515722040058e+04
1.817000000000000000e+03 2.756362174113652509e+04
1.818000000000000000e+03 2.754301802494190633e+04
1.819000000000000000e+03 2.751263373269977455e+04
1.820000000000000000e+03 2.753043413696804782e+04
1.821000000000000000e+03 2.750264821569181731e+04
1.822000000000000000e+03 2.753966476878281901e+04
1.823000000000000000e+03 2.750740856409332628e+04
1.824000000000000000e+03 2.755029442444462620e+04
1.825000000000000000e+03 2.755996013280352781e+04
1.826000000000000000e+03 2.760308440065851391e+04
1.827000000000000000e+03 2.755145725395459885e+04
1.828000000000000000e+03 2.755254949878873958e+04
1.829000000000000000e+03 2.760451266726321410e+04
1.830000000000000000e+03 2.759856725331921552e+04
1.831000000000000000e+03 2.758935283303793767e+04
1.832000000000000000e+03 2.759400588580212207e+04
1.833000000000000000e+03 2.762528448051608575e+04
1.834000000000000000e+03 2.765743077143322080e+04
1.835000000000000000e+03 2.771700146422035687e+04
1.836000000000000000e+03 2.771430630020273384e+04
1.837000000000000000e+03 2.767973002224304946e+04
1.838000000000000000e+03 2.772617763396590817e+04
1.839000000000000000e+03 2.772995684268570039e+04
1.840000000000000000e+03 2.774850727044847372e+04
1.841000000000000000e+03 2.772522126153033605e+04
1.842000000000000000e+03 2.779641329456669337e+04
1.843000000000000000e+03 2.777943021056896396e+04
1.844000000000000000e+03 2.773889097901631249e+04
1.845000000000000000e+03 2.777830828129594374e+04
1.846000000000000000e+03 2.777445228613644576e+04
1.847000000000000000e+03 2.775201885391214091e+04
1.848000000000000000e+03 2.774834539333710563e+04
1.849000000000000000e+03 2.779434763275852310e+04
1.850000000000000000e+03 2.785131934054719750e+04
1.851000000000000000e+03 2.781713805748021332e+04
1.852000000000000000e+03 2.783152005965137141e+04
1.853000000000000000e+03 2.783201223472926722e+04
1.854000000000000000e+03 2.780092168983287775e+04
1.855000000000000000e+03 2.780473656582128751e+04
1.856000000000000000e+03 2.778751612418997320e+04
1.857000000000000000e+03 2.775541924558868050e+04
1.858000000000000000e+03 2.777438218740142838e+04
1.859000000000000000e+03 2.778948163484095858e+04
1.860000000000000000e+03 2.781791257596700598e+04
1.861000000000000000e+03 2.782711648098635123e+04
1.862000000000000000e+03 2.784429135861197938e+04
1.863000000000000000e+03 2.791292158161997941e+04
1.864000000000000000e+03 2.796396323299472715e+04
1.865000000000000000e+03 2.798998116867844510e+04
1.866000000000000000e+03 2.803623279452312272e+04
1.867000000000000000e+03 2.800216501333397173e+04
1.868000000000000000e+03 2.799651571402340778e+04
1.869000000000000000e+03 2.807653149291398586e+04
1.870000000000000000e+03 2.809612565347408236e+04
1.871000000000000000e+03 2.816768966087209628e+04
1.872000000000000000e+03 2.817588697339026112e+04
1.873000000000000000e+03 2.811701630699527232e+04
1.874000000000000000e+03 2.811125112396380791e+04
1.875000000000000000e+03 2.814581756506315651e+04
1.876000000000000000e+03 2.814413837858122133e+04
1.877000000000000000e+03 2.817441216215208624e+04
1.878000000000000000e+03 2.817085377665532724e+04
1.879000000000000000e+03 2.815147824083664091e+04
1.880000000000000000e+03 2.820137658201964950e+04
1.881000000000000000e+03 2.821874686129399925e+04
1.882000000000000000e+03 2.823573403218720341e+04
1.883000000000000000e+03 2.827133965008418090e+04
1.884000000000000000e+03 2.829184309848072371e+04
1.885000000000000000e+03 2.834379200568640590e+04
1.886000000000000000e+03 2.834745576397317927e+04
1.887000000000000000e+03 2.841102781507487452e+04
1.888000000000000000e+03 2.844406249681794361e+04
1.889000000000000000e+03 2.843305416105949189e+04
1.890000000000000000e+03 2.846150300529724336e+04
1.891000000000000000e+03 2.846503601833001812e+04
1.892000000000000000e+03 2.844482155634205992e+04
1.893000000000000000e+03 2.844284900598205422e+04
1.894000000000000000e+03 2.845391277674715093e+04
1.895000000000000000e+03 2.852662799188139252e+04
1.896000000000000000e+03 2.855729034229198442e+04
1.897000000000000000e+03 2.858161033543452868e+04
1.898000000000000000e+03 2.858726899212477656e+04
1.899000000000000000e+03 2.862693542118180630e+04
1.900000000000000000e+03 2.863549105941413654e+04
1.901000000000000000e+03 2.863003284944799816e+04
1.902000000000000000e+03 2.870718818657955489e+04
1.903000000000000000e+03 2.873294631460655000e+04
1.904000000000000000e+03 2.869210947683014456e+04
1.905000000000000000e+03 2.873586660449942065e+04
1.906000000000000000e+03 2.874290592317090341e+04
1.907000000000000000e+03 2.873915834760343569e+04
1.908000000000000000e+03 2.869628599392850811e+04
1.909000000000000000e+03 2.870338331137017303e+04
1.910000000000000000e+03 2.870610092171861470e+04
1.911000000000000000e+03 2.874691122879596151e+04
1.912000000000000000e+03 2.883197866281440292e+04
1.913000000000000000e+03 2.886976107892674918e+04
1.914000000000000000e+03 2.889151829433400417e+04
1.915000000000000000e+03 2.896885369258795617e+04
1.916000000000000000e+03 2.900706249971357829e+04
1.917000000000000000e+03 2.903586343306364870e+04
1.918000000000000000e+03 2.903600756370104136e+04
1.919000000000000000e+03 2.906971081081922603e+04
1.920000000000000000e+03 2.910757952842418672e+04
1.921000000000000000e+03 2.913806612305540330e+04
1.922000000000000000e+03 2.908296112086385619e+04
1.923000000000000000e+03 2.915155656407818969e+04
1.924000000000000000e+03 2.919830738746980569e+04
1.925000000000000000e+03 2.924920265204948373e+04
1.926000000000000000e+03 2.921800225112500630e+04
1.927000000000000000e+03 2.922967275783797231e+04
1.928000000000000000e+03 2.927257057565115610e+04
1.929000000000000000e+03 2.930751842505191962e+04
1.930000000000000000e+03 2.931194085575313875e+04
1.931000000000000000e+03 2.932153059339458923e+04
1.932000000000000000e+03 2.924682238758795211e+04
1.933000000000000000e+03 2.917719380164213726e+04
1.934000000000000000e+03 2.919155027998914375e+04
1.935000000000000000e+03 2.924109018484951230e+04
1.936000000000000000e+03 2.928106051831148216e+04
1.937000000000000000e+03 2.930060429836192998e+04
1.938000000000000000e+03 2.928698234763288929e+04
1.939000000000000000e+03 2.924856261127108519e+04
1.940000000000000000e+03 2.928571248252320947e+04
1.941000000000000000e+03 2.932764045171451289e+04
1.942000000000000000e+03 2.934530131807176076e+04
1.943000000000000000e+03 2.934726307106434615e+04
1.944000000000000000e+03 2.933760726792344212e+04
1.945000000000000000e+03 2.936120123989109925e+04
1.946000000000000000e+03 2.938702145432279940e+04
1.947000000000000000e+03 2.937731931116587293e+04
1.948000000000000000e+03 2.937149801143382865e+04
1.949000000000000000e+03 2.939284075525092703e+04
1.950000000000000000e+03 2.945591385274141066e+04
1.951000000000000000e+03 2.952577263353557282e+04
1.952000000000000000e+03 2.956215385111800424e+04
1.953000000000000000e+03 2.965420750820537069e+04
1.954000000000000000e+03 2.965124428031419666e+04
1.955000000000000000e+03 2.963631240654793146e+04
1.956000000000000000e+03 2.963396616608987824e+04
1.957000000000000000e+03 2.961021245596715744e+04
1.958000000000000000e+03 2.960546549005971247e+04
1.959000000000000000e+03 2.963311683683436058e+04
1.960000000000000000e+03 2.960686153985554120e+04
1.961000000000000000e+03 2.955309994978307441e+04
1.962000000000000000e+03 2.959318592805754452e+04
1.963000000000000000e+03 2.955521240710806160e+04
1.964000000000000000e+03 2.953857917046703369e+04
1.965000000000000000e+03 2.958439617214961982e+04
1.966000000000000000e+03 2.959200964740114796e+04
1.967000000000000000e+03 2.962544960662462836e+04
1.968000000000000000e+03 2.963545592441870394e+04
1.969000000000000000e+03 2.970192395848006345e+04
1.970000000000000000e+03 2.972246472316273503e+04
1.971000000000000000e+03 2.967934818945447842e+04
1.972000000000000000e+03 2.971781458706178455e+04
1.973000000000000000e+03 2.969807114269658996e+04
1.974000000000000000e+03 2.972012833926072199e+04
1.975000000000000000e+03 2.978991910143094356e+04
1.976000000000000000e+03 2.978110749467507412e+04
1.977000000000000000e+03 2.982432156232312627e+04
1.978000000000000000e+03 2.979260182205409728e+04
1.979000000000000000e+03 2.982312767958081167e+04
1.980000000000000000e+03 2.982032314160298483e+04
1.981000000000000000e+03 2.987084557735712951e+04
1.982000000000000000e+03 2.990182882828223956e+04
1.983000000000000000e+03 2.993754432395227559e+04
1.984000000000000000e+03 2.995966607945253418e+04
1.985000000000000000e+03 2.994380212709444095e+04
1.986000000000000000e+03 2.990938055558799533e+04
1.987000000000000000e+03 2.992671799214117709e+04
1.988000000000000000e+03 2.995341127818725363e+04
1.989000000000000000e+03 3.000873114143148632e+04
1.990000000000000000e+03 2.997777495305945558e+04
1.991000000000000000e+03 3.002295111053332221e+04
1.992000000000000000e+03 3.000402693341683698e+04
1.993000000000000000e+03 3.004356956063146572e+04
1.994000000000000000e+03 3.009555460867172587e+04
1.995000000000000000e+03 3.008308258015439060e+04
1.996000000000000000e+03 3.006964117271303621e+04
1.997000000000000000e+03 3.006909007742152244e+04
1.998000000000000000e+03 3.007629650428926470e+04
1.999000000000000000e+03 3.010170975001625629e+04
2.000000000000000000e+03 3.011337960299870610e+04
2.001000000000000000e+03 3.009384241565908451e+04
2.002000000000000000e+03 3.013517234081792412e+04
2.003000000000000000e+03 3.017289771689725967e+04
2.004000000000000000e+03 3.021132987585100636e+04
2.005000000000000000e+03 3.019894984417593150e+04
2.006000000000000000e+03 3.012053553630210445e+04
2.007000000000000000e+03 3.010225990443949559e+04
2.008000000000000000e+03 3.014343103865200828e+04
2.009000000000000000e+03 3.017236210518514781e+04
2.010000000000000000e+03 3.024192405928500739e+04
2.011000000000000000e+03 3.027523083630207111e+04
2.012000000000000000e+03 3.026481243644093411e+04
2.013000000000000000e+03 3.028012509176535241e+04
2.014000000000000000e+03 3.027970806273158087e+04
2.015000000000000000e+03 3.024395718741275778e+04
2.016000000000000000e+03 3.028698665710277055e+04
2.017000000000000000e+03 3.030754167950414194e+04
2.018000000000000000e+03 3.033433328319711291e+04
2.019000000000000000e+03 3.031143355851935848e+04
2.020000000000000000e+03 3.038422732321907461e+04
2.021000000000000000e+03 3.045845754420422600e+04
2.022000000000000000e+03 3.040832191350833091e+04
2.023000000000000000e+03 3.045206714032995660e+04
2.024000000000000000e+03 3.049440043294465067e+04
2.025000000000000000e+03 3.056279082982534237e+04
2.026000000000000000e+03 3.055958217793878430e+04
2.027000000000000000e+03 3.051857951133843744e+04
2.028000000000000000e+03 3.055290267610397495e+04
2.029000000000000000e+03 3.059078512354773920e+04
2.030000000000000000e+03 3.057307482385184994e+04
2.031000000000000000e+03 3.057547030833237295e+04
2.032000000000000000e+03 3.063242576562362592e+04
2.033000000000000000e+03 3.067119193884604101e+04
2.034000000000000000e+03 3.066757028010501017e+04
2.035000000000000000e+03 3.063339473797416940e+04
2.036000000000000000e+03 3.066238058168503267e+04
2.037000000000000000e+03 3.068008167320761277e+04
2.038000000000000000e+03 3.062986887026330078e+04
2.039000000000000000e+03 3.064408649212877935e+04
2.040000000000000000e+03 3.070220397937316739e+04
2.041000000000000000e+03 3.072269383048314921e+04
2.042000000000000000e+03 3.075461239434387244e+04
2.043000000000000000e+03 3.079902574364537213e+04
2.044000000000000000e+03 3.088872215457338461e+04
2.045000000000000000e+03 3.087452914354522727e+04
2.046000000000000000e+03 3.097743305732526278e+04
2.047000000000000000e+03 3.098789175415864520e+04
2.048000000000000000e+03 3.099837283991006188e+04
2.049000000000000000e+03 3.100518464301161293e+04
2.050000000000000000e+03 3.102202840678675784e+04
2.051000000000000000e+03 3.101449022829556270e+04
2.052000000000000000e+03 3.101829076521535171e+04
2.053000000000000000e+03 3.106719874052373416e+04
2.054000000000000000e+03 3.109340523058722465e+04
2.055000000000000000e+03 3.108929127518344467e+04
2.056000000000000000e+03 3.108905517574050464e+04
2.057000000000000000e+03 3.111036938115831799e+04
2.058000000000000000e+03 3.105992709727990587e+04
2.059000000000000000e+03 3.114707828405445252e+04
2.060000000000000000e+03 3.121552525903523565e+04
2.061000000000000000e+03 3.128295479050639915e+04
2.062000000000000000e+03 3.130877791353287103e+04
2.063000000000000000e+03 3.133382886257321661e+04
2.064000000000000000e+03 3.133603103937202104e+04
2.065000000000000000e+03 3.138609576578075212e+04
2.066000000000000000e+03 3.134818323812986273e+04
2.067000000000000000e+03 3.138584244679785115e+04
2.068000000000000000e+03 3.134372743084713511e+04
2.069000000000000000e+03 3.135458635212978334e+04
2.070000000000000000e+03 3.133495641901962153e+04
2.071000000000000000e+03 3.129154600957306320e+04
2.072000000000000000e+03 3.134645616729923859e+04
2.073000000000000000e+03 3.143840171763801482e+04
2.074000000000000000e+03 3.150988808225022149e+04
2.075000000000000000e+03 3.151219309682366293e+04
2.076000000000000000e+03 3.151490718258500056e+04
2.077000000000000000e+03 3.149604742863452702e+04
2.078000000000000000e+03 3.150552663758237031e+04
2.079000000000000000e+03 3.150688643779333142e+04
2.080000000000000000e+03 3.151401812669179708e+04
2.081000000000000000e+03 3.149561996004751563e+04
2.082000000000000000e+03 3.152076634017044853e+04
2.083000000000000000e+03 3.153023325124078474e+04
2.084000000000000000e+03 3.157909662307380495e+04
2.085000000000000000e+03 3.155768716299000516e+04
2.086000000000000000e+03 3.155253236626985017e+04
2.087000000000000000e+03 3.153269608415086623e+04
2.088000000000000000e+03 3.152689612922813467e+04
2.089000000000000000e+03 3.148436939327314394e+04
2.090000000000000000e+03 3.146546607199581558e+04
2.091000000000000000e+03 3.144401714410602290e+04
2.092000000000000000e+03 3.148468341274611885e+04
2.093000000000000000e+03 3.155758486688935955e+04
2.094000000000000000e+03 3.155974975719365102e+04
2.095000000000000000e+03 3.155912455544007389e+04
2.096000000000000000e+03 3.165743310498054780e+04
2.097000000000000000e+03 3.174804945535362276e+04
2.098000000000000000e+03 3.174828697386035856e+04
2.099000000000000000e+03 3.177170443907083973e+04
2.100000000000000000e+03 3.179103690889929203e+04
2.101000000000000000e+03 3.179523101090428827e+04
2.102000000000000000e+03 3.181853503160155014e+04
2.103000000000000000e+03 3.184227984492092946e+04
2.104000000000000000e+03 3.191738072111568908e+04
2.105000000000000000e+03 3.191282238014229370e+04
2.106000000000000000e+03 3.189803620018039146e+04
2.107000000000000000e+03 3.188532339340645558e+04
2.108000000000000000e+03 3.187732903763327704e+04
2.109000000000000000e+03 3.188005059426214939e+04
2.110000000000000000e+03 3.189413583715784625e+04
2.111000000000000000e+03 3.194445911080460064e+04
2.112000000000000000e+03 3.197897741734345982e+04
2.113000000000000000e+03 3.198360030502543668e+04
2.114000000000000000e+03 3.202348816743701900e+04
2.115000000000000000e+03 3.197371324644338893e+04
2.116000000000000000e+03 3.199152633109231829e+04
2.117000000000000000e+03 3.199265333832887700e+04
2.118000000000000000e+03 3.199790978969830030e+04
2.119000000000000000e+03 3.201390862182299679e+04
2.120000000000000000e+03 3.203925477651640904e+04
2.121000000000000000e+03 3.205896664373515159e+04
2.122000000000000000e+03 3.211786342827117187e+04
2.123000000000000000e+03 3.208849947493066793e+04
2.124000000000000000e+03 3.211551687135190514e+04
2.125000000000000000e+03 3.210796038198155293e+04
2.126000000000000000e+03 3.210619445658690893e+04
2.127000000000000000e+03 3.213163813522348210e+04
2.128000000000000000e+03 3.215390182229038692e+04
2.129000000000000000e+03 3.219097897944733631e+04
2.130000000000000000e+03 3.215905380319343385e+04
2.131000000000000000e+03 3.215032897586630133e+04
2.132000000000000000e+03 3.221429249689067365e+04
2.133000000000000000e+03 3.219677798325013282e+04
2.134000000000000000e+03 3.220571006713567476e+04
2.135000000000000000e+03 3.222570566607890214e+04
2.136000000000000000e+03 3.226933736735147977e+04
2.137000000000000000e+03 3.225166147934501714e+04
2.138000000000000000e+03 3.231247601833109729e+04
2.139000000000000000e+03 3.233180651768053940e+04
2.140000000000000000e+03 3.237793829308072600e+04
2.141000000000000000e+03 3.240829097914478552e+04
2.142000000000000000e+03 3.243338755618676078e+04
2.143000000000000000e+03 3.240933831470006771e+04
2.144000000000000000e+03 3.247915356058979887e+04
2.145000000000000000e+03 3.250344060128640558e+04
2.146000000000000000e+03 3.254700411093721414e+04
2.147000000000000000e+03 3.256038632598521144e+04
2.148000000000000000e+03 3.257850209161816383e+04
2.149000000000000000e+03 3.261492040562972397e+04
2.150000000000000000e+03 3.258519350181305708e+04
2.151000000000000000e+03 3.260804389167871705e+04
2.152000000000000000e+03 3.258387445897419093e+04
2.153000000000000000e+03 3.261000520032877830e+04
2.154000000000000000e+03 3.267472002682317179e+04
2.155000000000000000e+03 3.270629637256549177e+04
2.156000000000000000e+03 3.269686524375025692e+04
2.157000000000000000e+03 3.267882417827930840e+04
2.158000000000000000e+03 3.268419777364272159e+04
2.159000000000000000e+03 3.274203267292330929e+04
2.160000000000000000e+03 3.277260336143275345e+04
2.161000000000000000e+03 3.277297043203037902e+04
2.162000000000000000e+03 3.280963012055211584e+04
2.163000000000000000e+03 3.284088757074812020e+04
2.164000000000000000e+03 3.284187570620110637e+04
2.165000000000000000e+03 3.284487913816783839e+04
2.166000000000000000e+03 3.288667719028245483e+04
2.167000000000000000e+03 3.290722306546730397e+04
2.168000000000000000e+03 3.289770223047304171e+04
2.169000000000000000e+03 3.293497653288985020e+04
2.170000000000000000e+03 3.291647917175332259e+04
2.171000000000000000e+03 3.291951551974730683e+04
2.172000000000000000e+03 3.300623055690200272e+04
2.173000000000000000e+03 3.302541331525582063e+04
2.174000000000000000e+03 3.298154937154550134e+04
2.175000000000000000e+03 3.298898966071994801e+04
2.176000000000000000e+03 3.305798921009156766e+04
2.177000000000000000e+03 3.311498354280593048e+04
2.178000000000000000e+03 3.320826303639964317e+04
2.179000000000000000e+03 3.322734192052894650e+04
2.180000000000000000e+03 3.324510583102370583e+04
2.181000000000000000e+03 3.322741962237979897e+04
2.182000000000000000e+03 3.326179244505344832e+04
2.183000000000000000e+03 3.329093059630555945e+04
2.184000000000000000e+03 3.330961289412578481e+04
2.185000000000000000e+03 3.328758180737290968e+04
2.186000000000000000e+03 3.326265415977791417e+04
2.187000000000000000e+03 3.328596389406731760e+04
2.188000000000000000e+03 3.333982091782584030e+04
2.189000000000000000e+03 3.330786861476525519e+04
2.190000000000000000e+03 3.330097584113480116e+04
2.191000000000000000e+03 3.328720496930987429e+04
2.192000000000000000e+03 3.334997893724089226e+04
2.193000000000000000e+03 3.334427366392567637e+04
2.194000000000000000e+03 3.329392632015701383e+04
2.195000000000000000e+03 3.335348479674657574e+04
2.196000000000000000e+03 3.335719438057092339e+04
2.197000000000000000e+03 3.339727361636424757e+04
2.198000000000000000e+03 3.340689455072474811e+04
2.199000000000000000e+03 3.340268063225067453e+04
2.200000000000000000e+03 3.343470672223616566e+04
2.201000000000000000e+03 3.345098842100855109e+04
2.202000000000000000e+03 3.349538868672357785e+04
2.203000000000000000e+03 3.349933779917482025e+04
2.204000000000000000e+03 3.352871934825158678e+04
2.205000000000000000e+03 3.350382911218626396e+04
2.206000000000000000e+03 3.355240702557989425e+04
2.207000000000000000e+03 3.355570856219749840e+04
2.208000000000000000e+03 3.349842744867092551e+04
2.209000000000000000e+03 3.349384129514722736e+04
2.210000000000000000e+03 3.358557032654749491e+04
2.211000000000000000e+03 3.360997765476919449e+04
2.212000000000000000e+03 3.366315125902305590e+04
2.213000000000000000e+03 3.370727771607651812e+04
2.214000000000000000e+03 3.372884105205987726e+04
2.215000000000000000e+03 3.372067276149369718e+04
2.216000000000000000e+03 3.367983541167173826e+04
2.217000000000000000e+03 3.375586930133218993e+04
2.218000000000000000e+03 3.375675087862741930e+04
2.219000000000000000e+03 3.373444057856794097e+04
2.220000000000000000e+03 3.376096546722997300e+04
2.221000000000000000e+03 3.381083368199761026e+04
2.222000000000000000e+03 3.389585591658169869e+04
2.223000000000000000e+03 3.398150044483777310e+04
2.224000000000000000e+03 3.404907954706515739e+04
2.225000000000000000e+03 3.409205717094817373e+04
2.226000000000000000e+03 3.405686033475289878e+04
2.227000000000000000e+03 3.401063035358645720e+04
2.228000000000000000e+03 3.409302648252609652e+04
2.229000000000000000e+03 3.412278083667070314e+04
2.230000000000000000e+03 3.412657958997373498e+04
2.231000000000000000e+03 3.408805256513859786e+04
2.232000000000000000e+03 3.404109325746641116e+04
2.233000000000000000e+03 3.412235203612323676e+04
2.234000000000000000e+03 3.412861748053002520e+04
2.235000000000000000e+03 3.416402312781183718e+04
2.236000000000000000e+03 3.419408301529251185e+04
2.237000000000000000e+03 3.421692348120811948e+04
2.238000000000000000e+03 3.427774646359885082e+04
2.239000000000000000e+03 3.430998028971310850e+04
2.240000000000000000e+03 3.435152545189942612e+04
2.241000000000000000e+03 3.430342622921578004e+04
2.242000000000000000e+03 3.428793820973380934e+04
2.243000000000000000e+03 3.427939863578404766e+04
2.244000000000000000e+03 3.428361036614657496e+04
2.245000000000000000e+03 3.431711241266799334e+04
2.246000000000000000e+03 3.431570582791918423e+04
2.247000000000000000e+03 3.438614131043314410e+04
2.248000000000000000e+03 3.441013363806823327e+04
2.249000000000000000e+03 3.437297152094768535e+04
2.250000000000000000e+03 3.441775521284294518e+04
2.251000000000000000e+03 3.439921943728774204e+04
2.252000000000000000e+03 3.442963484832062386e+04
2.253000000000000000e+03 3.441984987231083505e+04
2.254000000000000000e+03 3.442598181619607931e+04
2.255000000000000000e+03 3.446148818846735958e+04
2.256000000000000000e+03 3.447929127846819028e+04
2.257000000000000000e+03 3.447642049635641888e+04
2.258000000000000000e+03 3.454878295469875593e+04
2.259000000000000000e+03 3.458408119588517002e+04
2.260000000000000000e+03 3.462374960926195490e+04
2.261000000000000000e+03 3.469221327835351985e+04
2.262000000000000000e+03 3.464591699913531193e+04
2.263000000000000000e+03 3.467838912739171792e+04
2.264000000000000000e+03 3.473523037996729545e+04
2.265000000000000000e+03 3.474333791566640866e+04
2.266000000000000000e+03 3.473850774540099519e+04
2.267000000000000000e+03 3.473316960171124811e+04
2.268000000000000000e+03 3.476601133705822576e+04
2.269000000000000000e+03 3.476054331678833842e+04
2.270000000000000000e+03 3.475642947148979147e+04
2.271000000000000000e+03 3.481045040795527893e+04
2.272000000000000000e+03 3.479962552497474098e+04
2.273000000000000000e+03 3.476169021249613434e+04
2.274000000000000000e+03 3.475568362421233905e+04
2.275000000000000000e+03 3.472503612726830761e+04
2.276000000000000000e+03 3.472765853703142056e+04
2.277000000000000000e+03 3.473359382892776921e+04
2.278000000000000000e+03 3.474707866865023971e+04
2.279000000000000000e+03 3.476103560189033306e+04
2.280000000000000000e+03 3.477575717736768274e+04
2.281000000000000000e+03 3.474838520971198159e+04
2.282000000000000000e+03 3.483922780077403877e+04
2.283000000000000000e+03 3.483435258862221235e+04
2.284000000000000000e+03 3.481457180663982581e+04
2.285000000000000000e+03 3.482460953473377594e+04
2.286000000000000000e+03 3.484922875028047565e+04
2.287000000000000000e+03 3.493257212715527567e+04
2.288000000000000000e+03 3.497659932518032292e+04
2.289000000000000000e+03 3.506772532445667457e+04
2.290000000000000000e+03 3.508999888817270403e+04
2.291000000000000000e+03 3.509055578800204967e+04
2.292000000000000000e+03 3.504541595289831457e+04
2.293000000000000000e+03 3.508478397461529676e+04
2.294000000000000000e+03 3.508387707951549237e+04
2.295000000000000000e+03 3.506837458792989491e+04
2.296000000000000000e+03 3.510986453407591762e+04
2.297000000000000000e+03 3.516764718928688671e+04
2.298000000000000000e+03 3.515385622877274727e+04
2.299000000000000000e+03 3.517310053523879469e+04
2.300000000000000000e+03 3.520697912185574387e+04
2.301000000000000000e+03 3.523816563951389981e+04
2.302000000000000000e+03 3.523654549488936027e+04
2.303000000000000000e+03 3.524311400477981806e+04
2.304000000000000000e+03 3.525383392633748736e+04
2.305000000000000000e+03 3.529153468394296215e+04
2.306000000000000000e+03 3.530039941288224509e+04
2.307000000000000000e+03 3.529709108027876937e+04
2.308000000000000000e+03 3.532000820466233563e+04
2.309000000000000000e+03 3.533660506823269679e+04
2.310000000000000000e+03 3.534874316433996137e+04
2.311000000000000000e+03 3.542691492522402405e+04
2.312000000000000000e+03 3.541675063535047957e+04
2.313000000000000000e+03 3.539407173362853064e+04
2.314000000000000000e+03 3.544318639493492083e+04
2.315000000000000000e+03 3.547300797312224313e+04
2.316000000000000000e+03 3.545726266313016095e+04
2.317000000000000000e+03 3.545633408613653592e+04
2.318000000000000000e+03 3.546031233809248079e+04
2.319000000000000000e+03 3.546596459632785263e+04
2.320000000000000000e+03 3.551600387289714854e+04
2.321000000000000000e+03 3.557683431048485363e+04
2.322000000000000000e+03 3.562437474107665912e+04
2.323000000000000000e+03 3.571328242593161849e+04
2.324000000000000000e+03 3.573583646608884737e+04
2.325000000000000000e+03 3.579812128420946101e+04
2.326000000000000000e+03 3.576077889123156638e+04
2.327000000000000000e+03 3.581936748456153873e+04
2.328000000000000000e+03 3.577997976924115937e+04
2.329000000000000000e+03 3.575721274842741695e+04
2.330000000000000000e+03 3.573420163857663283e+04
2.331000000000000000e+03 3.573087319630172715e+04
2.332000000000000000e+03 3.572953323440162058e+04
2.333000000000000000e+03 3.570481471849754598e+04
2.334000000000000000e+03 3.570437253125091229e+04
2.335000000000000000e+03 3.579825147099160677e+04
2.336000000000000000e+03 3.579847489989521273e+04
2.337000000000000000e+03 3.578649791383500269e+04
2.338000000000000000e+03 3.581056615264352877e+04
2.339000000000000000e+03 3.580064314817090053e+04
2.340000000000000000e+03 3.573932513226359879e+04
2.341000000000000000e+03 3.570906970877337153e+04
2.342000000000000000e+03 3.571829518849059241e+04
2.343000000000000000e+03 3.567504000580600405e+04
2.344000000000000000e+03 3.565622297031705239e+04
2.345000000000000000e+03 3.566581466841314978e+04
2.346000000000000000e+03 3.572602918287729699e+04
2.347000000000000000e+03 3.579311916513531469e+04
2.348000000000000000e+03 3.580372077060944139e+04
2.349000000000000000e+03 3.582768944443091459e+04
2.350000000000000000e+03 3.587297090532893344e+04
2.351000000000000000e+03 3.589722325834548974e+04
2.352000000000000000e+03 3.583967342620321142e+04
2.353000000000000000e+03 3.588870461336486187e+04
2.354000000000000000e+03 3.595292909695209528e+04
2.355000000000000000e+03 3.599284111080828006e+04
2.356000000000000000e+03 3.603195357941897964e+04
2.357000000000000000e+03 3.606262060066415870e+04
2.358000000000000000e+03 3.610595059012456477e+04
2.359000000000000000e+03 3.607029769079851394e+04
2.360000000000000000e+03 3.611666457599534624e+04
2.361000000000000000e+03 3.613794697943812207e+04
2.362000000000000000e+03 3.612834303670764348e+04
2.363000000000000000e+03 3.608829724015272222e+04
2.364000000000000000e+03 3.610938176436767390e+04
2.365000000000000000e+03 3.610620507066648861e+04
2.366000000000000000e+03 3.613638631918236933e+04
2.367000000000000000e+03 3.612459160830067412e+04
2.368000000000000000e+03 3.614989509807267314e+04
2.369000000000000000e+03 3.615804430480689189e+04
2.370000000000000000e+03 3.614855460382285673e+04
2.371000000000000000e+03 3.613177764523529913e+04
2.372000000000000000e+03 3.616645562753265403e+04
2.373000000000000000e+03 3.618734206315003394e+04
2.374000000000000000e+03 3.624140018799774407e+04
2.375000000000000000e+03 3.624852671052754158e+04
2.376000000000000000e+03 3.625036442786080443e+04
2.377000000000000000e+03 3.635028467723266658e+04
2.378000000000000000e+03 3.629389991054002894e+04
2.379000000000000000e+03 3.626786735355360724e+04
2.380000000000000000e+03 3.632943618770335161e+04
2.381000000000000000e+03 3.641078455236097216e+04
2.382000000000000000e+03 3.649002393556373863e+04
2.383000000000000000e+03 3.655840621828720032e+04
2.384000000000000000e+03 3.657797226868435973e+04
2.385000000000000000e+03 3.657702501291793305e+04
2.386000000000000000e+03 3.662076663510847720e+04
2.387000000000000000e+03 3.662741880331026186e+04
2.388000000000000000e+03 3.666340373106885818e+04
2.389000000000000000e+03 3.670013833119689662e+04
2.390000000000000000e+03 3.674133569517434080e+04
2.391000000000000000e+03 3.683654859175151796e+04
2.392000000000000000e+03 3.689248942644159979e+04
2.393000000000000000e+03 3.691817167150163732e+04
2.394000000000000000e+03 3.690303157036245102e+04
2.395000000000000000e+03 3.690184649546092987e+04
2.396000000000000000e+03 3.688193672139472619e+04
2.397000000000000000e+03 3.687245408725233574e+04
2.398000000000000000e+03 3.690097484767554124e+04
2.399000000000000000e+03 3.689390122723465174e+04
2.400000000000000000e+03 3.694819276234574500e+04
2.401000000000000000e+03 3.701825563242029602e+04
2.402000000000000000e+03 3.703152522283088183e+04
2.403000000000000000e+03 3.707360830504448677e+04
2.404000000000000000e+03 3.703828860655312747e+04
2.405000000000000000e+03 3.707003019057856727e+04
2.406000000000000000e+03 3.707164410821779165e+04
2.407000000000000000e+03 3.712680845749863511e+04
2.408000000000000000e+03 3.720282354471136932e+04
2.409000000000000000e+03 3.722496384956561087e+04
2.410000000000000000e+03 3.718748896711367706e+04
2.411000000000000000e+03 3.714944770620658528e+04
2.412000000000000000e+03 3.715210985048681323e+04
2.413000000000000000e+03 3.721406125427414372e+04
2.414000000000000000e+03 3.723042609570473724e+04
2.415000000000000000e+03 3.726024513269254385e+04
2.416000000000000000e+03 3.728579556752672215e+04
2.417000000000000000e+03 3.731806574589541560e+04
2.418000000000000000e+03 3.737070232530781504e+04
2.419000000000000000e+03 3.738978101069747936e+04
2.420000000000000000e+03 3.745633772034437425e+04
2.421000000000000000e+03 3.748271391858477728e+04
2.422000000000000000e+03 3.742271423864506505e+04
2.423000000000000000e+03 3.747001888714134111e+04
2.424000000000000000e+03 3.750992892675604526e+04
2.425000000000000000e+03 3.748675596484330163e+04
2.426000000000000000e+03 3.748885569123142341e+04
2.427000000000000000e+03 3.750282029610963218e+04
2.428000000000000000e+03 3.753337346556725970e+04
2.429000000000000000e+03 3.754009789733627258e+04
2.430000000000000000e+03 3.760459299846913200e+04
2.431000000000000000e+03 3.752735491838260350e+04
2.432000000000000000e+03 3.751586197107975750e+04
2.433000000000000000e+03 3.743955407019925042e+04
2.434000000000000000e+03 3.742945849287753663e+04
2.435000000000000000e+03 3.744932007380785217e+04
2.436000000000000000e+03 3.748199187245515350e+04
2.437000000000000000e+03 3.748739849460795085e+04
2.438000000000000000e+03 3.743898314207276417e+04
2.439000000000000000e+03 3.748561518842491932e+04
2.440000000000000000e+03 3.753258057221755735e+04
2.441000000000000000e+03 3.756084326691355818e+04
2.442000000000000000e+03 3.762477920958460891e+04
2.443000000000000000e+03 3.763213011085439211e+04
2.444000000000000000e+03 3.764358402126428700e+04
2.445000000000000000e+03 3.772452079899956152e+04
2.446000000000000000e+03 3.772339891875803733e+04
2.447000000000000000e+03 3.777514480929121783e+04
2.448000000000000000e+03 3.786548856376556796e+04
2.449000000000000000e+03 3.788181918955433503e+04
2.450000000000000000e+03 3.796011316610701033e+04
2.451000000000000000e+03 3.798623430250820820e+04
2.452000000000000000e+03 3.801121541687269200e+04
2.453000000000000000e+03 3.802890258547364647e+04
2.454000000000000000e+03 3.805453102652286179e+04
2.455000000000000000e+03 3.804364986353890708e+04
2.456000000000000000e+03 3.800974343854770996e+04
2.457000000000000000e+03 3.804860708149310085e+04
2.458000000000000000e+03 3.806226980254067894e+04
2.459000000000000000e+03 3.804893496478096495e+04
2.460000000000000000e+03 3.801028261767632648e+04
2.461000000000000000e+03 3.796100745785852632e+04
2.462000000000000000e+03 3.798729002268142358e+04
2.463000000000000000e+03 3.807532906619550340e+04
2.464000000000000000e+03 3.814792277139840735e+04
2.465000000000000000e+03 3.822073859754030855e+04
2.466000000000000000e+03 3.829792915185284073e+04
2.467000000000000000e+03 3.832464583886443143e+04
2.468000000000000000e+03 3.836216843797190086e+04
2.469000000000000000e+03 3.838285164333872672e+04
2.470000000000000000e+03 3.836118590757447964e+04
2.471000000000000000e+03 3.839409944323990931e+04
2.472000000000000000e+03 3.846407717112551472e+04
2.473000000000000000e+03 3.841030260307129356e+04
2.474000000000000000e+03 3.841480804111449106e+04
2.475000000000000000e+03 3.846099929124405753e+04
2.476000000000000000e+03 3.855410793354272027e+04
2.477000000000000000e+03 3.859288336476826225e+04
2.478000000000000000e+03 3.864277159925990418e+04
2.479000000000000000e+03 3.857983182161313744e+04
2.480000000000000000e+03 3.853315115429858997e+04
2.481000000000000000e+03 3.853846373604074324e+04
2.482000000000000000e+03 3.856121411056615034e+04
2.483000000000000000e+03 3.863423638356893207e+04
2.484000000000000000e+03 3.861477356555158622e+04
2.485000000000000000e+03 3.861242940862130490e+04
2.486000000000000000e+03 3.862988524650702311e+04
2.487000000000000000e+03 3.862118691692909488e+04
2.488000000000000000e+03 3.863114457726020919e+04
2.489000000000000000e+03 3.861081190421659994e+04
2.490000000000000000e+03 3.864219824379523925e+04
2.491000000000000000e+03 3.869573457656631945e+04
2.492000000000000000e+03 3.871381379418534198e+04
2.493000000000000000e+03 3.878162620942362264e+04
2.494000000000000000e+03 3.878056572879477608e+04
2.495000000000000000e+03 3.884309126826842839e+04
2.496000000000000000e+03 3.888424664309072978e+04
2.497000000000000000e+03 3.891520770035624446e+04
2.498000000000000000e+03 3.891575396328447823e+04
2.499000000000000000e+03 3.895821089586614835e+04
2.500000000000000000e+03 3.901957161346262728e+04
2.501000000000000000e+03 3.910123910983649694e+04
2.502000000000000000e+03 3.913260501510208269e+04
2.503000000000000000e+03 3.913619718939533050e+04
2.504000000000000000e+03 3.911654355706740171e+04
2.505000000000000000e+03 3.912908321018471906e+04
2.506000000000000000e+03 3.908777874658657674e+04
2.507000000000000000e+03 3.902481572525799129e+04
2.508000000000000000e+03 3.905750782369972876e+04
2.509000000000000000e+03 3.896728624519696314e+04
2.510000000000000000e+03 3.899851521060834784e+04
2.511000000000000000e+03 3.900589893871860841e+04
2.512000000000000000e+03 3.903965225186287716e+04
2.513000000000000000e+03 3.913129460492596991e+04
2.514000000000000000e+03 3.911424735564090224e+04
2.515000000000000000e+03 3.908915719775448088e+04
2.516000000000000000e+03 3.914020467838492186e+04
2.517000000000000000e+03 3.915088468320466200e+04
2.518000000000000000e+03 3.922869357018230221e+04
2.519000000000000000e+03 3.919550456011843198e+04
2.520000000000000000e+03 3.921019208021728991e+04
2.521000000000000000e+03 3.925355993896083237e+04
2.522000000000000000e+03 3.929351191755514446e+04
2.523000000000000000e+03 3.934230333965712634e+04
2.524000000000000000e+03 3.940524899686236313e+04
2.525000000000000000e+03 3.941584535267996398e+04
2.526000000000000000e+03 3.949507691660031560e+04
2.527000000000000000e+03 3.949005135465089552e+04
2.528000000000000000e+03 3.955659673733590171e+04
2.529000000000000000e+03 3.956048596156569693e+04
2.530000000000000000e+03 3.962235320106375002e+04
2.531000000000000000e+03 3.956935241479408432e+04
2.532000000000000000e+03 3.961754342162123794e+04
2.533000000000000000e+03 3.966032584353583661e+04
2.534000000000000000e+03 3.969744796326276992e+04
2.535000000000000000e+03 3.968210133555535867e+04
2.536000000000000000e+03 3.959691627811257058e+04
2.537000000000000000e+03 3.953009406096921884e+04
2.538000000000000000e+03 3.957462111496893340e+04
2.539000000000000000e+03 3.955469180450192653e+04
2.540000000000000000e+03 3.963192673335172731e+04
2.541000000000000000e+03 3.964178464906907175e+04
2.542000000000000000e+03 3.966551306464520167e+04
2.543000000000000000e+03 3.974439885607447650e+04
2.544000000000000000e+03 3.978491429224149761e+04
2.545000000000000000e+03 3.978471985415062954e+04
2.546000000000000000e+03 3.978854725464987132e+04
2.547000000000000000e+03 3.974797586325163866e+04
2.548000000000000000e+03 3.977998566828941694e+04
2.549000000000000000e+03 3.983422718506716046e+04
2.550000000000000000e+03 3.983760906751227594e+04
2.551000000000000000e+03 3.991516259274677577e+04
2.552000000000000000e+03 3.986070358338511869e+04
2.553000000000000000e+03 3.979857413815657492e+04
2.554000000000000000e+03 3.977936388570628333e+04
2.555000000000000000e+03 3.976093021631028387e+04
2.556000000000000000e+03 3.976507289260835387e+04
2.557000000000000000e+03 3.980672698647143261e+04
2.558000000000000000e+03 3.985922582496613177e+04
2.559000000000000000e+03 3.984638193535378377e+04
2.560000000000000000e+03 3.983117208665251383e+04
2.561000000000000000e+03 3.985594242018190562e+04
2.562000000000000000e+03 3.986374281254546804e+04
2.563000000000000000e+03 3.985635046068422525e+04
2.564000000000000000e+03 3.987810280960696400e+04
2.565000000000000000e+03 3.990782332995278557e+04
2.566000000000000000e+03 3.987760108850833058e+04
2.567000000000000000e+03 3.991888886893245217e+04
2.568000000000000000e+03 3.991557627221008443e+04
2.569000000000000000e+03 3.992309004699098296e+04
2.570000000000000000e+03 3.989105250793151936e+04
2.571000000000000000e+03 3.985139394245562289e+04
2.572000000000000000e+03 3.986515767521302041e+04
2.573000000000000000e+03 3.989880233545264491e+04
2.574000000000000000e+03 3.994010923522897792e+04
2.575000000000000000e+03 3.996368049298688857e+04
2.576000000000000000e+03 4.000525244662920159e+04
2.577000000000000000e+03 4.000160769833208178e+04
2.578000000000000000e+03 4.008646190742231556e+04
2.579000000000000000e+03 4.012989565316761582e+04
2.580000000000000000e+03 4.011748980641657545e+04
2.581000000000000000e+03 4.007914075737609528e+04
2.582000000000000000e+03 4.013356189843686298e+04
2.583000000000000000e+03 4.013679968517388625e+04
2.584000000000000000e+03 4.011825478055996791e+04
2.585000000000000000e+03 4.007929691689827450e+04
2.586000000000000000e+03 4.005184281842545897e+04
2.587000000000000000e+03 3.998933645249141409e+04
2.588000000000000000e+03 4.003158748999024829e+04
2.589000000000000000e+03 4.005638745974109042e+04
2.590000000000000000e+03 4.010780952228147362e+04
2.591000000000000000e+03 4.011605838510445756e+04
2.592000000000000000e+03 4.015794438148255722e+04
2.593000000000000000e+03 4.023273760029938421e+04
2.594000000000000000e+03 4.027932377483853634e+04
2.595000000000000000e+03 4.031801918925000064e+04
2.596000000000000000e+03 4.033154805221939750e+04
2.597000000000000000e+03 4.034224181602084718e+04
2.598000000000000000e+03 4.026979422220720153e+04
2.599000000000000000e+03 4.029288200911149761e+04
2.600000000000000000e+03 4.034647243690373580e+04
2.601000000000000000e+03 4.036798527101521177e+04
2.602000000000000000e+03 4.033934487682492181e+04
2.603000000000000000e+03 4.028896796294415253e+04
2.604000000000000000e+03 4.040504354670090106e+04
2.605000000000000000e+03 4.042967523705176427e+04
2.606000000000000000e+03 4.040822729666157829e+04
2.607000000000000000e+03 4.039399272047675186e+04
2.608000000000000000e+03 4.048354049270490214e+04
2.609000000000000000e+03 4.046182269980618730e+04
2.610000000000000000e+03 4.052915766713186895e+04
2.611000000000000000e+03 4.045288941080334189e+04
2.612000000000000000e+03 4.050741453952739539e+04
2.613000000000000000e+03 4.051844654933895072e+04
2.614000000000000000e+03 4.046860487597969768e+04
2.615000000000000000e+03 4.044053447880638851e+04
2.616000000000000000e+03 4.044890410085993062e+04
2.617000000000000000e+03 4.042335145182369888e+04
2.618000000000000000e+03 4.043671251635396766e+04
2.619000000000000000e+03 4.047182660796614800e+04
2.620000000000000000e+03 4.057510157315027755e+04
2.621000000000000000e+03 4.058950031002487231e+04
2.622000000000000000e+03 4.062145887580197450e+04
2.623000000000000000e+03 4.061528371496943873e+04
2.624000000000000000e+03 4.063828059491328895e+04
2.625000000000000000e+03 4.058397311430025002e+04
2.626000000000000000e+03 4.056898088691246812e+04
2.627000000000000000e+03 4.066474688842869364e+04
2.628000000000000000e+03 4.073498944064237003e+04
2.629000000000000000e+03 4.078915442274721863e+04
2.630000000000000000e+03 4.073863268928219622e+04
2.631000000000000000e+03 4.075682329648417362e+04
2.632000000000000000e+03 4.080396994140549214e+04
2.633000000000000000e+03 4.083350912215022981e+04
2.634000000000000000e+03 4.086484385165714048e+04
2.635000000000000000e+03 4.095705938388086361e+04
2.636000000000000000e+03 4.102284474614389183e+04
2.637000000000000000e+03 4.107441588745177432e+04
2.638000000000000000e+03 4.107474316298899066e+04
2.639000000000000000e+03 4.106753721549471084e+04
2.640000000000000000e+03 4.105790047682229488e+04
2.641000000000000000e+03 4.104238892759499868e+04
2.642000000000000000e+03 4.106189645192768512e+04
2.643000000000000000e+03 4.107056262004760356e+04
2.644000000000000000e+03 4.112097258847936610e+04
2.645000000000000000e+03 4.117274448552462127e+04
2.646000000000000000e+03 4.117134704301460442e+04
2.647000000000000000e+03 4.116257138180459151e+04
2.648000000000000000e+03 4.119565536934410920e+04
2.649000000000000000e+03 4.122977431392315339e+04
2.650000000000000000e+03 4.123911181625217432e+04
2.651000000000000000e+03 4.121715318011683848e+04
2.652000000000000000e+03 4.126668149985696800e+04
2.653000000000000000e+03 4.139035209385989583e+04
2.654000000000000000e+03 4.134509595035693928e+04
2.655000000000000000e+03 4.142446836344787152e+04
2.656000000000000000e+03 4.139751052374258143e+04
2.657000000000000000e+03 4.135235816930508736e+04
2.658000000000000000e+03 4.135978708401579934e+04
2.659000000000000000e+03 4.139815792565993615e+04
2.660000000000000000e+03 4.147794428946697735e+04
2.661000000000000000e+03 4.147402210452348663e+04
2.662000000000000000e+03 4.154382209663278627e+04
2.663000000000000000e+03 4.158400671890685044e+04
2.664000000000000000e+03 4.154441293385701283e+04
2.665000000000000000e+03 4.162762927224454324e+04
2.666000000000000000e+03 4.169566022417288332e+04
2.667000000000000000e+03 4.169168125980398327e+04
2.668000000000000000e+03 4.161334931936285284e+04
2.669000000000000000e+03 4.166533036348104361e+04
2.670000000000000000e+03 4.174213714439360047e+04
2.671000000000000000e+03 4.186545401294900512e+04
2.672000000000000000e+03 4.184445888859519619e+04
2.673000000000000000e+03 4.182139247836879804e+04
2.674000000000000000e+03 4.186361950691108359e+04
2.675000000000000000e+03 4.186667745911436941e+04
2.676000000000000000e+03 4.192905390449630067e+04
2.677000000000000000e+03 4.192784952505940601e+04
2.678000000000000000e+03 4.187900363504848792e+04
2.679000000000000000e+03 4.186901522641881456e+04
2.680000000000000000e+03 4.184125882650160202e+04
2.681000000000000000e+03 4.181975247612957901e+04
2.682000000000000000e+03 4.183139122799319739e+04
2.683000000000000000e+03 4.182597708190917911e+04
2.684000000000000000e+03 4.182068585123661614e+04
2.685000000000000000e+03 4.182276836629622994e+04
2.686000000000000000e+03 4.179309559952095151e+04
2.687000000000000000e+03 4.191600333111373766e+04
2.688000000000000000e+03 4.187594816461029404e+04
2.689000000000000000e+03 4.187933092450975528e+04
2.690000000000000000e+03 4.192758666839869693e+04
2.691000000000000000e+03 4.195684704180421249e+04
2.692000000000000000e+03 4.193347071408434567e+04
2.693000000000000000e+03 4.198868008432126953e+04
2.694000000000000000e+03 4.198196060559542821e+04
2.695000000000000000e+03 4.200244249250213761e+04
2.696000000000000000e+03 4.201659716058651247e+04
2.697000000000000000e+03 4.205394424066587089e+04
2.698000000000000000e+03 4.202686331924499973e+04
2.699000000000000000e+03 4.199296847355290811e+04
2.700000000000000000e+03 4.202466162986761628e+04
2.701000000000000000e+03 4.203812488128821860e+04
2.702000000000000000e+03 4.208102430633454060e+04
2.703000000000000000e+03 4.210709153707630321e+04
2.704000000000000000e+03 4.211075841723051417e+04
2.705000000000000000e+03 4.211513673729271250e+04
2.706000000000000000e+03 4.208527446521169622e+04
2.707000000000000000e+03 4.209395334001033916e+04
2.708000000000000000e+03 4.208795060511263000e+04
2.709000000000000000e+03 4.211401169859636138e+04
2.710000000000000000e+03 4.215831448543384613e+04
2.711000000000000000e+03 4.219803377671110502e+04
2.712000000000000000e+03 4.222207690139528859e+04
2.713000000000000000e+03 4.229435399451222474e+04
2.714000000000000000e+03 4.231415265615645330e+04
2.715000000000000000e+03 4.233649399586892832e+04
2.716000000000000000e+03 4.240955409978853277e+04
2.717000000000000000e+03 4.243742721494965372e+04
2.718000000000000000e+03 4.248896050206098880e+04
2.719000000000000000e+03 4.244113496785758616e+04
2.720000000000000000e+03 4.242774967861283949e+04
2.721000000000000000e+03 4.242744835099902411e+04
2.722000000000000000e+03 4.242227076726300584e+04
2.723000000000000000e+03 4.241124003860971425e+04
2.724000000000000000e+03 4.249494422456438042e+04
2.725000000000000000e+03 4.246499896111203998e+04
2.726000000000000000e+03 4.246149481617175479e+04
2.727000000000000000e+03 4.248405855100452754e+04
2.728000000000000000e+03 4.248486739685325301e+04
2.729000000000000000e+03 4.249900141420662112e+04
2.730000000000000000e+03 4.254776060245772533e+04
2.731000000000000000e+03 4.250287121701195429e+04
2.732000000000000000e+03 4.253950760430185619e+04
2.733000000000000000e+03 4.259808756739665114e+04
2.734000000000000000e+03 4.258968020468899340e+04
2.735000000000000000e+03 4.259531355593818444e+04
2.736000000000000000e+03 4.255650136306575587e+04
2.737000000000000000e+03 4.257792976718598948e+04
2.738000000000000000e+03 4.259446407547725539e+04
2.739000000000000000e+03 4.267745246853552089e+04
2.740000000000000000e+03 4.272547768166723108e+04
2.741000000000000000e+03 4.271719570345650573e+04
2.742000000000000000e+03 4.273534130912277033e+04
2.743000000000000000e+03 4.275674114791258035e+04
2.744000000000000000e+03 4.282757618984450528e+04
2.745000000000000000e+03 4.285125819183314161e+04
2.746000000000000000e+03 4.289349644409174653e+04
2.747000000000000000e+03 4.281980303637047473e+04
2.748000000000000000e+03 4.282000041122263065e+04
2.749000000000000000e+03 4.290715269938584242e+04
2.750000000000000000e+03 4.289922841090817383e+04
2.751000000000000000e+03 4.290243342270652647e+04
2.752000000000000000e+03 4.291095962585155212e+04
2.753000000000000000e+03 4.296760465060247225e+04
2.754000000000000000e+03 4.296391474545076198e+04
2.755000000000000000e+03 4.295609130475536949e+04
2.756000000000000000e+03 4.298511839767419588e+04
2.757000000000000000e+03 4.299236865035662777e+04
2.758000000000000000e+03 4.303521016295266600e+04
2.759000000000000000e+03 4.303012644224515680e+04
2.760000000000000000e+03 4.301701138036065095e+04
2.761000000000000000e+03 4.305274087252231402e+04
2.762000000000000000e+03 4.301477538350609393e+04
2.763000000000000000e+03 4.295826312797020364e+04
2.764000000000000000e+03 4.300401915066705988e+04
2.765000000000000000e+03 4.307498717418730666e+04
2.766000000000000000e+03 4.318073939451241313e+04
2.767000000000000000e+03 4.320983756038906722e+04
2.768000000000000000e+03 4.326614909744046599e+04
2.769000000000000000e+03 4.328173375936572847e+04
2.770000000000000000e+03 4.332541703351121396e+04
2.771000000000000000e+03 4.337704335860154970e+04
2.772000000000000000e+03 4.342035892017246806e+04
2.773000000000000000e+03 4.351311069141927146e+04
2.774000000000000000e+03 4.356861915875385603e+04
2.775000000000000000e+03 4.366556894622435357e+04
2.776000000000000000e+03 4.362585095186012768e+04
2.777000000000000000e+03 4.353966974788411608e+04
2.778000000000000000e+03 4.358454860103928513e+04
2.779000000000000000e+03 4.363346751890330052e+04
2.780000000000000000e+03 4.373303715595727408e+04
2.781000000000000000e+03 4.377637754200051131e+04
2.782000000000000000e+03 4.386608443197617453e+04
2.783000000000000000e+03 4.395442838848282554e+04
2.784000000000000000e+03 4.403239459972670738e+04
2.785000000000000000e+03 4.411049261604163621e+04
2.786000000000000000e+03 4.409712173417164740e+04
2.787000000000000000e+03 4.407662753719739703e+04
2.788000000000000000e+03 4.405740288068130758e+04
2.789000000000000000e+03 4.410453892075018666e+04
2.790000000000000000e+03 4.409341708190003556e+04
2.791000000000000000e+03 4.410342647914183181e+04
2.792000000000000000e+03 4.417975773276377731e+04
2.793000000000000000e+03 4.427411338579129369e+04
2.794000000000000000e+03 4.424969378149254044e+04
2.795000000000000000e+03 4.421912757362904085e+04
2.796000000000000000e+03 4.417615113847882458e+04
2.797000000000000000e+03 4.409467385350142285e+04
2.798000000000000000e+03 4.407806755380411778e+04
2.799000000000000000e+03 4.405980667381241074e+04
2.800000000000000000e+03 4.409821005436953419e+04
2.801000000000000000e+03 4.414658538330854208e+04
2.802000000000000000e+03 4.412014582738784520e+04
2.803000000000000000e+03 4.412915599763813225e+04
2.804000000000000000e+03 4.414751747501091450e+04
2.805000000000000000e+03 4.416888181724497554e+04
2.806000000000000000e+03 4.419658350883166713e+04
2.807000000000000000e+03 4.424759595517181879e+04
2.808000000000000000e+03 4.423244301395672665e+04
2.809000000000000000e+03 4.424930002689766116e+04
2.810000000000000000e+03 4.428397326397641154e+04
2.811000000000000000e+03 4.430414665638709994e+04
2.812000000000000000e+03 4.430627079177181440e+04
2.813000000000000000e+03 4.430259431014992151e+04
2.814000000000000000e+03 4.437177409998411895e+04
2.815000000000000000e+03 4.433771240273624426e+04
2.816000000000000000e+03 4.425442759204216418e+04
2.817000000000000000e+03 4.425818990499538631e+04
2.818000000000000000e+03 4.417970220923749730e+04
2.819000000000000000e+03 4.413461916528208531e+04
2.820000000000000000e+03 4.415437741066780291e+04
2.821000000000000000e+03 4.413766314314513875e+04
2.822000000000000000e+03 4.422610448809630907e+04
2.823000000000000000e+03 4.419165638651562040e+04
2.824000000000000000e+03 4.419254662116504915e+04
2.825000000000000000e+03 4.420820178628364374e+04
2.826000000000000000e+03 4.429659724104165798e+04
2.827000000000000000e+03 4.428395121427163394e+04
2.828000000000000000e+03 4.428175434503120778e+04
2.829000000000000000e+03 4.427920071751763317e+04
2.830000000000000000e+03 4.418097082185407635e+04
2.831000000000000000e+03 4.422760089703714766e+04
2.832000000000000000e+03 4.424805205545351782e+04
2.833000000000000000e+03 4.423963210744180105e+04
2.834000000000000000e+03 4.428295250855553604e+04
2.835000000000000000e+03 4.426352878343991324e+04
2.836000000000000000e+03 4.425697967889441497e+04
2.837000000000000000e+03 4.424711120697256410e+04
2.838000000000000000e+03 4.429148107927956153e+04
2.839000000000000000e+03 4.439495516404332739e+04
2.840000000000000000e+03 4.439997475367044535e+04
2.841000000000000000e+03 4.436209590488942194e+04
2.842000000000000000e+03 4.436074761256977217e+04
2.843000000000000000e+03 4.438088946000639407e+04
2.844000000000000000e+03 4.438036012800002209e+04
2.845000000000000000e+03 4.447841472413256270e+04
2.846000000000000000e+03 4.446728435641198303e+04
2.847000000000000000e+03 4.447849202380555653e+04
2.848000000000000000e+03 4.446184390020956926e+04
2.849000000000000000e+03 4.449271200122300070e+04
2.850000000000000000e+03 4.456674462670948560e+04
2.851000000000000000e+03 4.456891540998090932e+04
2.852000000000000000e+03 4.465817059636051272e+04
2.853000000000000000e+03 4.461531868043247960e+04
2.854000000000000000e+03 4.463841275558355119e+04
2.855000000000000000e+03 4.456091239701003360e+04
2.856000000000000000e+03 4.455119589893384546e+04
2.857000000000000000e+03 4.452448965141810186e+04
2.858000000000000000e+03 4.458298250411087793e+04
2.859000000000000000e+03 4.459753167087971815e+04
2.860000000000000000e+03 4.462294095965885936e+04
2.861000000000000000e+03 4.469130515139390627e+04
2.862000000000000000e+03 4.468227684951811534e+04
2.863000000000000000e+03 4.467417640099970595e+04
2.864000000000000000e+03 4.464969361078796646e+04
2.865000000000000000e+03 4.463826931039644842e+04
2.866000000000000000e+03 4.463762101886691380e+04
2.867000000000000000e+03 4.459977948525185639e+04
2.868000000000000000e+03 4.460818791412159771e+04
2.869000000000000000e+03 4.469722404629451194e+04
2.870000000000000000e+03 4.470446749696661573e+04
2.871000000000000000e+03 4.473098883474538889e+04
2.872000000000000000e+03 4.472585997084509290e+04
2.873000000000000000e+03 4.473583185745077935e+04
2.874000000000000000e+03 4.472981064369615342e+04
2.875000000000000000e+03 4.480960882172480342e+04
2.876000000000000000e+03 4.482459030791079567e+04
2.877000000000000000e+03 4.479707612711477850e+04
2.878000000000000000e+03 4.484892604944721097e+04
2.879000000000000000e+03 4.487836038468771585e+04
2.880000000000000000e+03 4.491004535792243405e+04
2.881000000000000000e+03 4.488362415616810176e+04
2.882000000000000000e+03 4.489254448715348553e+04
2.883000000000000000e+03 4.489787951452287962e+04
2.884000000000000000e+03 4.498431237269363919e+04
2.885000000000000000e+03 4.499295833851969655e+04
2.886000000000000000e+03 4.502797449366043293e+04
2.887000000000000000e+03 4.505613299588741938e+04
2.888000000000000000e+03 4.512339576541174756e+04
2.889000000000000000e+03 4.513465877769349754e+04
2.890000000000000000e+03 4.500777107942846487e+04
2.891000000000000000e+03 4.502761277345851704e+04
2.892000000000000000e+03 4.506027342579899414e+04
2.893000000000000000e+03 4.509700972203516721e+04
2.894000000000000000e+03 4.514587841949438007e+04
2.895000000000000000e+03 4.521312033839665673e+04
2.896000000000000000e+03 4.518928622256359813e+04
2.897000000000000000e+03 4.514749106669046159e+04
2.898000000000000000e+03 4.517511148737821350e+04
2.899000000000000000e+03 4.515606854377078707e+04
2.900000000000000000e+03 4.513818980095424195e+04
2.901000000000000000e+03 4.516713044012634782e+04
2.902000000000000000e+03 4.521446406381425186e+04
2.903000000000000000e+03 4.524952924700472795e+04
2.904000000000000000e+03 4.526548703253970598e+04
2.905000000000000000e+03 4.530808842575862946e+04
2.906000000000000000e+03 4.537298650594464561e+04
2.907000000000000000e+03 4.538080137525172904e+04
2.908000000000000000e+03 4.535639226610379410e+04
2.909000000000000000e+03 4.532166062229892123e+04
2.910000000000000000e+03 4.537881565773743932e+04
2.911000000000000000e+03 4.537181947709609813e+04
2.912000000000000000e+03 4.538062964669938810e+04
2.913000000000000000e+03 4.529530838521774422e+04
2.914000000000000000e+03 4.534753308484230365e+04
2.915000000000000000e+03 4.533887174734211294e+04
2.916000000000000000e+03 4.531151199611129414e+04
2.917000000000000000e+03 4.533530968062057946e+04
2.918000000000000000e+03 4.532841189281726110e+04
2.919000000000000000e+03 4.532646918391487270e+04
2.920000000000000000e+03 4.532045584715145378e+04
2.921000000000000000e+03 4.535063813985742308e+04
2.922000000000000000e+03 4.535994949978355726e+04
2.923000000000000000e+03 4.538185403221411252e+04
2.924000000000000000e+03 4.538789316064961895e+04
2.925000000000000000e+03 4.533229286473440879e+04
2.926000000000000000e+03 4.535708298902210663e+04
2.927000000000000000e+03 4.547081980111943267e+04
2.928000000000000000e+03 4.543593473900437675e+04
2.929000000000000000e+03 4.544311844919846044e+04
2.930000000000000000e+03 4.535919579580434220e+04
2.931000000000000000e+03 4.535149741283493495e+04
2.932000000000000000e+03 4.532358474308368022e+04
2.933000000000000000e+03 4.533810693049993279e+04
2.934000000000000000e+03 4.540945831680217816e+04
2.935000000000000000e+03 4.542469051509816200e+04
2.936000000000000000e+03 4.550956351223132515e+04
2.937000000000000000e+03 4.555487685255146062e+04
2.938000000000000000e+03 4.557985691979651165e+04
2.939000000000000000e+03 4.557537612248562073e+04
2.940000000000000000e+03 4.557220412101527472e+04
2.941000000000000000e+03 4.563606258028555021e+04
2.942000000000000000e+03 4.560767822889931267e+04
2.943000000000000000e+03 4.561032834907552024e+04
2.944000000000000000e+03 4.562565980993106496e+04
2.945000000000000000e+03 4.560582641099148168e+04
2.946000000000000000e+03 4.561332277436002914e+04
2.947000000000000000e+03 4.558728961271105072e+04
2.948000000000000000e+03 4.561147635106990492e+04
2.949000000000000000e+03 4.561995733951583679e+04
2.950000000000000000e+03 4.560724497769330628e+04
2.951000000000000000e+03 4.556705136112589389e+04
2.952000000000000000e+03 4.564012709312939114e+04
2.953000000000000000e+03 4.574499963574248250e+04
2.954000000000000000e+03 4.577678886843591317e+04
2.955000000000000000e+03 4.584551265052879171e+04
2.956000000000000000e+03 4.589561252293655707e+04
2.957000000000000000e+03 4.587995367687595717e+04
2.958000000000000000e+03 4.595520375500276714e+04
2.959000000000000000e+03 4.587827520033928158e+04
2.960000000000000000e+03 4.587683549994109489e+04
2.961000000000000000e+03 4.596223115993021929e+04
2.962000000000000000e+03 4.598246145888263709e+04
2.963000000000000000e+03 4.604849542827375990e+04
2.964000000000000000e+03 4.613275310463980713e+04
2.965000000000000000e+03 4.614242353633994935e+04
2.966000000000000000e+03 4.619057092219826882e+04
2.967000000000000000e+03 4.621805014874046174e+04
2.968000000000000000e+03 4.622521875709612505e+04
2.969000000000000000e+03 4.622349212753875327e+04
2.970000000000000000e+03 4.626531358567341522e+04
2.971000000000000000e+03 4.627326139018215326e+04
2.972000000000000000e+03 4.628010629359815357e+04
2.973000000000000000e+03 4.626070849594991887e+04
2.974000000000000000e+03 4.633140192129304342e+04
2.975000000000000000e+03 4.647264242237245344e+04
2.976000000000000000e+03 4.647407312663869379e+04
2.977000000000000000e+03 4.651287686426907749e+04
2.978000000000000000e+03 4.646000110253602179e+04
2.979000000000000000e+03 4.650155211638210312e+04
2.980000000000000000e+03 4.643894492790113873e+04
2.981000000000000000e+03 4.644715409462314710e+04
2.982000000000000000e+03 4.651403527707176545e+04
2.983000000000000000e+03 4.648546458203924703e+04
2.984000000000000000e+03 4.649879810884613107e+04
2.985000000000000000e+03 4.645025924311463314e+04
2.986000000000000000e+03 4.640541840149639756e+04
2.987000000000000000e+03 4.638059018307632505e+04
2.988000000000000000e+03 4.646112350864293694e+04
2.989000000000000000e+03 4.649006539829248504e+04
2.990000000000000000e+03 4.644620670190676901e+04
2.991000000000000000e+03 4.640902743526027916e+04
2.992000000000000000e+03 4.639618814158213354e+04
2.993000000000000000e+03 4.645731204416963010e+04
2.994000000000000000e+03 4.646833312897932774e+04
2.995000000000000000e+03 4.647509366705598222e+04
2.996000000000000000e+03 4.649390099355246639e+04
2.997000000000000000e+03 4.658758827471549739e+04
2.998000000000000000e+03 4.661253358126860985e+04
2.999000000000000000e+03 4.666441704187849973e+04
3.000000000000000000e+03 4.663037716043931141e+04
3.001000000000000000e+03 4.663758521672216739e+04
3.002000000000000000e+03 4.661705523131050722e+04
3.003000000000000000e+03 4.661605866771625006e+04
3.004000000000000000e+03 4.667997161869962292e+04
3.005000000000000000e+03 4.668032301596795151e+04
3.006000000000000000e+03 4.668527879822840623e+04
3.007000000000000000e+03 4.671534824308811949e+04
3.008000000000000000e+03 4.679056234011539345e+04
3.009000000000000000e+03 4.686048115148923534e+04
3.010000000000000000e+03 4.687017709048057441e+04
3.011000000000000000e+03 4.687955387229698681e+04
3.012000000000000000e+03 4.686501760864404059e+04
3.013000000000000000e+03 4.690930986758499057e+04
3.014000000000000000e+03 4.691151475283734908e+04
3.015000000000000000e+03 4.700869750002022192e+04
3.016000000000000000e+03 4.718962144258500484e+04
3.017000000000000000e+03 4.724586146647250280e+04
3.018000000000000000e+03 4.725234203138848534e+04
3.019000000000000000e+03 4.719012541136134678e+04
3.020000000000000000e+03 4.712846647230963572e+04
3.021000000000000000e+03 4.717204492975662288e+04
3.022000000000000000e+03 4.718514470435033581e+04
3.023000000000000000e+03 4.724289713163477427e+04
3.024000000000000000e+03 4.726667176740223658e+04
3.025000000000000000e+03 4.728721090332629683e+04
3.026000000000000000e+03 4.730785206519739586e+04
3.027000000000000000e+03 4.729866830926892726e+04
3.028000000000000000e+03 4.731901007226928778e+04
3.029000000000000000e+03 4.728651884129083919e+04
3.030000000000000000e+03 4.720716471778411506e+04
3.031000000000000000e+03 4.723256599603827635e+04
3.032000000000000000e+03 4.723967324982756691e+04
3.033000000000000000e+03 4.722067305158914678e+04
3.034000000000000000e+03 4.726485686014228122e+04
3.035000000000000000e+03 4.718296270995125087e+04
3.036000000000000000e+03 4.717028172465279204e+04
3.037000000000000000e+03 4.718777584394890437e+04
3.038000000000000000e+03 4.720827737136708311e+04
3.039000000000000000e+03 4.723803299373808113e+04
3.040000000000000000e+03 4.733341310402537056e+04
3.041000000000000000e+03 4.735425061192183057e+04
3.042000000000000000e+03 4.740007919088026392e+04
3.043000000000000000e+03 4.735361380478643696e+04
3.044000000000000000e+03 4.726677260639885935e+04
3.045000000000000000e+03 4.725645813798069867e+04
3.046000000000000000e+03 4.727693548824747268e+04
3.047000000000000000e+03 4.729596989271792700e+04
3.048000000000000000e+03 4.728997403982969263e+04
3.049000000000000000e+03 4.728886355923223891e+04
3.050000000000000000e+03 4.726499973214260535e+04
3.051000000000000000e+03 4.725359874995020073e+04
3.052000000000000000e+03 4.728383038919112732e+04
3.053000000000000000e+03 4.724649727528750373e+04
3.054000000000000000e+03 4.733268754922890366e+04
3.055000000000000000e+03 4.737015313912219426e+04
3.056000000000000000e+03 4.743964901123841992e+04
3.057000000000000000e+03 4.749454747187926114e+04
3.058000000000000000e+03 4.750637694845419901e+04
3.059000000000000000e+03 4.756888980523824284e+04
3.060000000000000000e+03 4.758085979222750757e+04
3.061000000000000000e+03 4.757512084627633885e+04
3.062000000000000000e+03 4.756520816737375571e+04
3.063000000000000000e+03 4.760735423692681798e+04
3.064000000000000000e+03 4.764113054070498765e+04
3.065000000000000000e+03 4.772264950537255936e+04
3.066000000000000000e+03 4.779895696328237682e+04
3.067000000000000000e+03 4.782986086873092427e+04
3.068000000000000000e+03 4.777214502649197675e+04
3.069000000000000000e+03 4.787705300001646538e+04
3.070000000000000000e+03 4.784590911108391447e+04
3.071000000000000000e+03 4.786858794367610972e+04
3.072000000000000000e+03 4.781406321782381565e+04
3.073000000000000000e+03 4.787861096819868544e+04
3.074000000000000000e+03 4.795655136566511646e+04
3.075000000000000000e+03 4.801252844942348747e+04
3.076000000000000000e+03 4.801811301667148655e+04
3.077000000000000000e+03 4.805922423092254030e+04
3.078000000000000000e+03 4.803546870073209720e+04
3.079000000000000000e+03 4.803656964308862371e+04
3.080000000000000000e+03 4.807254985523348296e+04
3.081000000000000000e+03 4.807837664644725010e+04
3.082000000000000000e+03 4.808200053264832968e+04
3.083000000000000000e+03 4.813333891707924340e+04
3.084000000000000000e+03 4.813486042449022352e+04
3.085000000000000000e+03 4.810283911860224907e+04
3.086000000000000000e+03 4.810042349019954418e+04
3.087000000000000000e+03 4.812477504176906950e+04
3.088000000000000000e+03 4.809337559696097742e+04
3.089000000000000000e+03 4.809741126071468898e+04
3.090000000000000000e+03 4.812106636517283914e+04
3.091000000000000000e+03 4.812917848839898943e+04
3.092000000000000000e+03 4.814633337769225909e+04
3.093000000000000000e+03 4.815052328400693659e+04
3.094000000000000000e+03 4.817649071935033135e+04
3.095000000000000000e+03 4.821154461350548081e+04
3.096000000000000000e+03 4.822960498687829386e+04
3.097000000000000000e+03 4.824794401018699864e+04
3.098000000000000000e+03 4.835594965887906437e+04
3.099000000000000000e+03 4.841342821404464485e+04
3.100000000000000000e+03 4.837257828532862186e+04
3.101000000000000000e+03 4.843196664071959822e+04
3.102000000000000000e+03 4.839591333148794365e+04
3.103000000000000000e+03 4.846436621020760504e+04
3.104000000000000000e+03 4.845004246703069657e+04
3.105000000000000000e+03 4.851657448969302641e+04
3.106000000000000000e+03 4.855887318052545015e+04
3.107000000000000000e+03 4.855943954956022935e+04
3.108000000000000000e+03 4.859869888991955668e+04
3.109000000000000000e+03 4.863800968455048132e+04
3.110000000000000000e+03 4.866990932371446252e+04
3.111000000000000000e+03 4.868983003183308028e+04
3.112000000000000000e+03 4.875286029413867800e+04
3.113000000000000000e+03 4.885336624723565183e+04
3.114000000000000000e+03 4.888201443975169241e+04
3.115000000000000000e+03 4.893068215798686288e+04
3.116000000000000000e+03 4.899053324596482707e+04
3.117000000000000000e+03 4.906786008444882464e+04
3.118000000000000000e+03 4.911086361234224751e+04
3.119000000000000000e+03 4.915753756611316931e+04
3.120000000000000000e+03 4.916122060765237984e+04
3.121000000000000000e+03 4.912382554436968348e+04
3.122000000000000000e+03 4.907218848125872319e+04
3.123000000000000000e+03 4.907156191795364430e+04
3.124000000000000000e+03 4.910162507158605877e+04
3.125000000000000000e+03 4.910262347156972100e+04
3.126000000000000000e+03 4.909747271610199823e+04
3.127000000000000000e+03 4.910859782179215108e+04
3.128000000000000000e+03 4.914294383240109892e+04
3.129000000000000000e+03 4.915419996210647514e+04
3.130000000000000000e+03 4.916714935147285723e+04
3.131000000000000000e+03 4.915007538689546345e+04
3.132000000000000000e+03 4.914728895429911790e+04
3.133000000000000000e+03 4.924449340336513706e+04
3.134000000000000000e+03 4.922844178761439980e+04
3.135000000000000000e+03 4.916507823682891467e+04
3.136000000000000000e+03 4.917577868770126952e+04
3.137000000000000000e+03 4.912820618928977638e+04
3.138000000000000000e+03 4.917924011171515303e+04
3.139000000000000000e+03 4.922854916610540386e+04
3.140000000000000000e+03 4.926510666602603305e+04
3.141000000000000000e+03 4.921583382327568688e+04
3.142000000000000000e+03 4.926124205484484264e+04
3.143000000000000000e+03 4.932283902959107945e+04
3.144000000000000000e+03 4.940835855388957862e+04
3.145000000000000000e+03 4.938259457486285828e+04
3.146000000000000000e+03 4.933538505731130863e+04
3.147000000000000000e+03 4.932565575632354739e+04
3.148000000000000000e+03 4.933554226063128590e+04
3.149000000000000000e+03 4.939650468245753291e+04
3.150000000000000000e+03 4.944070775740313547e+04
3.151000000000000000e+03 4.947099755089816608e+04
3.152000000000000000e+03 4.963416002028921503e+04
3.153000000000000000e+03 4.964153444133956509e+04
3.154000000000000000e+03 4.960436117780772474e+04
3.155000000000000000e+03 4.965759886906321481e+04
3.156000000000000000e+03 4.970343826549490768e+04
3.157000000000000000e+03 4.968206682159005868e+04
3.158000000000000000e+03 4.962716925083639217e+04
3.159000000000000000e+03 4.959493299785563431e+04
3.160000000000000000e+03 4.963185936121339182e+04
3.161000000000000000e+03 4.967820867009594804e+04
3.162000000000000000e+03 4.964118149578088196e+04
3.163000000000000000e+03 4.963187907558691222e+04
3.164000000000000000e+03 4.962325590781597566e+04
3.165000000000000000e+03 4.962354312679979193e+04
3.166000000000000000e+03 4.968988369052529015e+04
3.167000000000000000e+03 4.978607373588903283e+04
3.168000000000000000e+03 4.986997783908141719e+04
3.169000000000000000e+03 4.982616391936140280e+04
3.170000000000000000e+03 4.983667342320507305e+04
3.171000000000000000e+03 4.984454532779901638e+04
3.172000000000000000e+03 4.987052357873475557e+04
3.173000000000000000e+03 4.991555203050678392e+04
3.174000000000000000e+03 4.996726877322018117e+04
3.175000000000000000e+03 4.992805222947338189e+04
3.176000000000000000e+03 4.994331841006336617e+04
3.177000000000000000e+03 4.990688846045672108e+04
3.178000000000000000e+03 4.986843936814411427e+04
3.179000000000000000e+03 4.986863426809001248e+04
3.180000000000000000e+03 4.996040639580783318e+04
3.181000000000000000e+03 4.993677759824387613e+04
3.182000000000000000e+03 4.997370096986840508e+04
3.183000000000000000e+03 4.996227737335323036e+04
3.184000000000000000e+03 4.986038361581161735e+04
3.185000000000000000e+03 4.986020235977577977e+04
3.186000000000000000e+03 4.985965539978351444e+04
3.187000000000000000e+03 4.982526209408680734e+04
3.188000000000000000e+03 4.974848398603447276e+04
3.189000000000000000e+03 4.976041454930655163e+04
3.190000000000000000e+03 4.978613660712553246e+04
3.191000000000000000e+03 4.984769726649562654e+04
3.192000000000000000e+03 4.981017250483526004e+04
3.193000000000000000e+03 4.988755997580618714e+04
3.194000000000000000e+03 4.994197437381945929e+04
3.195000000000000000e+03 4.994171157370151923e+04
3.196000000000000000e+03 5.000049810764582799e+04
3.197000000000000000e+03 4.992214239402297972e+04
3.198000000000000000e+03 4.988495759615013230e+04
3.199000000000000000e+03 4.991083167886278534e+04
3.200000000000000000e+03 4.991730422635793366e+04
3.201000000000000000e+03 4.995316161149262916e+04
3.202000000000000000e+03 4.997240191155865614e+04
3.203000000000000000e+03 4.998915736875841685e+04
3.204000000000000000e+03 5.005158182572251826e+04
3.205000000000000000e+03 5.009268699204054428e+04
3.206000000000000000e+03 5.013972606579439162e+04
3.207000000000000000e+03 5.022800961652964907e+04
3.208000000000000000e+03 5.022611432477104972e+04
3.209000000000000000e+03 5.021819416320556775e+04
3.210000000000000000e+03 5.021551097185499384e+04
3.211000000000000000e+03 5.023664276815795893e+04
3.212000000000000000e+03 5.023758412267344102e+04
3.213000000000000000e+03 5.024075569331382576e+04
3.214000000000000000e+03 5.017995899015404575e+04
3.215000000000000000e+03 5.016927558362304262e+04
3.216000000000000000e+03 5.019499985172009474e+04
3.217000000000000000e+03 5.016166601390111464e+04
3.218000000000000000e+03 5.026838165565048257e+04
3.219000000000000000e+03 5.026034475553678203e+04
3.220000000000000000e+03 5.027763448197591060e+04
3.221000000000000000e+03 5.031505908338758309e+04
3.222000000000000000e+03 5.028011244179081405e+04
3.223000000000000000e+03 5.030627058240555198e+04
3.224000000000000000e+03 5.035027001362829469e+04
3.225000000000000000e+03 5.038188854851808719e+04
3.226000000000000000e+03 5.040247960055166186e+04
3.227000000000000000e+03 5.035709336582767719e+04
3.228000000000000000e+03 5.032746062352799345e+04
3.229000000000000000e+03 5.038059778022015234e+04
3.230000000000000000e+03 5.044278091567957017e+04
3.231000000000000000e+03 5.048114276169300138e+04
3.232000000000000000e+03 5.045021001267213433e+04
3.233000000000000000e+03 5.048384249120630557e+04
3.234000000000000000e+03 5.054886213420709100e+04
3.235000000000000000e+03 5.055129601935503160e+04
3.236000000000000000e+03 5.057825767660227575e+04
3.237000000000000000e+03 5.057442190133992699e+04
3.238000000000000000e+03 5.067476901969066239e+04
3.239000000000000000e+03 5.069374573407759453e+04
3.240000000000000000e+03 5.071847931859220262e+04
3.241000000000000000e+03 5.071844690684863599e+04
3.242000000000000000e+03 5.085525763657536299e+04
3.243000000000000000e+03 5.092037067589558865e+04
3.244000000000000000e+03 5.088886654234686284e+04
3.245000000000000000e+03 5.095618978172257630e+04
3.246000000000000000e+03 5.092952052387985896e+04
3.247000000000000000e+03 5.093555073893530789e+04
3.248000000000000000e+03 5.091987552999611216e+04
3.249000000000000000e+03 5.097912914140139765e+04
3.250000000000000000e+03 5.098703827850490779e+04
3.251000000000000000e+03 5.102627152883511008e+04
3.252000000000000000e+03 5.106828580870982114e+04
3.253000000000000000e+03 5.115407998773630970e+04
3.254000000000000000e+03 5.117422753363518859e+04
3.255000000000000000e+03 5.125445386824796878e+04
3.256000000000000000e+03 5.130196035180235049e+04
3.257000000000000000e+03 5.129008550393910991e+04
3.258000000000000000e+03 5.134488283651073289e+04
3.259000000000000000e+03 5.135124926959657751e+04
3.260000000000000000e+03 5.142950292630738841e+04
3.261000000000000000e+03 5.146579080118779530e+04
3.262000000000000000e+03 5.149180742360818840e+04
3.263000000000000000e+03 5.160274992892838054e+04
3.264000000000000000e+03 5.159490726700633240e+04
3.265000000000000000e+03 5.158566054517857992e+04
3.266000000000000000e+03 5.162609583476513217e+04
3.267000000000000000e+03 5.158459715065276396e+04
3.268000000000000000e+03 5.150857374756319768e+04
3.269000000000000000e+03 5.151224970192714682e+04
3.270000000000000000e+03 5.154017486700817972e+04
3.271000000000000000e+03 5.155031958699753886e+04
3.272000000000000000e+03 5.158028131333253259e+04
3.273000000000000000e+03 5.150875435804449808e+04
3.274000000000000000e+03 5.146871362903391855e+04
3.275000000000000000e+03 5.147732043263724336e+04
3.276000000000000000e+03 5.151885136426341342e+04
3.277000000000000000e+03 5.144520820037194062e+04
3.278000000000000000e+03 5.146316533422822977e+04
3.279000000000000000e+03 5.148763283015811612e+04
3.280000000000000000e+03 5.139524546926200128e+04
3.281000000000000000e+03 5.145069096460521541e+04
3.282000000000000000e+03 5.147931289318964991e+04
3.283000000000000000e+03 5.149626021642508567e+04
3.284000000000000000e+03 5.157164426489669859e+04
3.285000000000000000e+03 5.166548842730167235e+04
3.286000000000000000e+03 5.169453640081008052e+04
3.287000000000000000e+03 5.173083644315759739e+04
3.288000000000000000e+03 5.168845130729032826e+04
3.289000000000000000e+03 5.169251893458696577e+04
3.290000000000000000e+03 5.162477984793498035e+04
3.291000000000000000e+03 5.177210165189373947e+04
3.292000000000000000e+03 5.177848502265325806e+04
3.293000000000000000e+03 5.180229409338799451e+04
3.294000000000000000e+03 5.182441868334335595e+04
3.295000000000000000e+03 5.191349102883673913e+04
3.296000000000000000e+03 5.199066250315103389e+04
3.297000000000000000e+03 5.187937383123617474e+04
3.298000000000000000e+03 5.196867151480444591e+04
3.299000000000000000e+03 5.211947092479230196e+04
3.300000000000000000e+03 5.210113776939697709e+04
3.301000000000000000e+03 5.205948823449602787e+04
3.302000000000000000e+03 5.199417951555976470e+04
3.303000000000000000e+03 5.198660359635986970e+04
3.304000000000000000e+03 5.202364590986667463e+04
3.305000000000000000e+03 5.204107719224371249e+04
3.306000000000000000e+03 5.203864187940316333e+04
3.307000000000000000e+03 5.205612568656869553e+04
3.308000000000000000e+03 5.207709355447871349e+04
3.309000000000000000e+03 5.209986630542101921e+04
3.310000000000000000e+03 5.214414806240580947e+04
3.311000000000000000e+03 5.209145819372765254e+04
3.312000000000000000e+03 5.210333962347995839e+04
3.313000000000000000e+03 5.220850395078644215e+04
3.314000000000000000e+03 5.213383760803017503e+04
3.315000000000000000e+03 5.207604818788648845e+04
3.316000000000000000e+03 5.211096736334229354e+04
3.317000000000000000e+03 5.211793859725636867e+04
3.318000000000000000e+03 5.209985721176815423e+04
3.319000000000000000e+03 5.206952558096782013e+04
3.320000000000000000e+03 5.199847630079311057e+04
3.321000000000000000e+03 5.193748945202064351e+04
3.322000000000000000e+03 5.199892728673362581e+04
3.323000000000000000e+03 5.202785914603840502e+04
3.324000000000000000e+03 5.201409953594335093e+04
3.325000000000000000e+03 5.202171865774527396e+04
3.326000000000000000e+03 5.205736088367092452e+04
3.327000000000000000e+03 5.205069609238028352e+04
3.328000000000000000e+03 5.203938896845498675e+04
3.329000000000000000e+03 5.211851649276347598e+04
3.330000000000000000e+03 5.215653742255192628e+04
3.331000000000000000e+03 5.217569432365380635e+04
3.332000000000000000e+03 5.223039657990865089e+04
3.333000000000000000e+03 5.216806880367407575e+04
3.334000000000000000e+03 5.220903744449099759e+04
3.335000000000000000e+03 5.233566337380046025e+04
3.336000000000000000e+03 5.239684180665662279e+04
3.337000000000000000e+03 5.243278312450534577e+04
3.338000000000000000e+03 5.238351754888544383e+04
3.339000000000000000e+03 5.245515901615226176e+04
3.340000000000000000e+03 5.246422709564366960e+04
3.341000000000000000e+03 5.250885885940302978e+04
3.342000000000000000e+03 5.249888626143996953e+04
3.343000000000000000e+03 5.244175161188747734e+04
3.344000000000000000e+03 5.244814160057684785e+04
3.345000000000000000e+03 5.246100547468932200e+04
3.346000000000000000e+03 5.249010194978059008e+04
3.347000000000000000e+03 5.254223308389185695e+04
3.348000000000000000e+03 5.265208002660036436e+04
3.349000000000000000e+03 5.262593580552646745e+04
3.350000000000000000e+03 5.264166341301962530e+04
3.351000000000000000e+03 5.268120038739925803e+04
3.352000000000000000e+03 5.278158253664313816e+04
3.353000000000000000e+03 5.273492970101024548e+04
3.354000000000000000e+03 5.274833339263949892e+04
3.355000000000000000e+03 5.283625266506260232e+04
3.356000000000000000e+03 5.280698620660861343e+04
3.357000000000000000e+03 5.288115187222860550e+04
3.358000000000000000e+03 5.289050031957194005e+04
3.359000000000000000e+03 5.289567578544469143e+04
3.360000000000000000e+03 5.283344081032508257e+04
3.361000000000000000e+03 5.278379552016813250e+04
3.362000000000000000e+03 5.281818218366318615e+04
3.363000000000000000e+03 5.289281308789973264e+04
3.364000000000000000e+03 5.295993471324974962e+04
3.365000000000000000e+03 5.313444264465731248e+04
3.366000000000000000e+03 5.308612859684439900e+04
3.367000000000000000e+03 5.308325008784608508e+04
3.368000000000000000e+03 5.311909609763042681e+04
3.369000000000000000e+03 5.310008949429373024e+04
3.370000000000000000e+03 5.317606991543589538e+04
3.371000000000000000e+03 5.326228269518407615e+04
3.372000000000000000e+03 5.329329383490290638e+04
3.373000000000000000e+03 5.328254728269751649e+04
3.374000000000000000e+03 5.343449806171490491e+04
3.375000000000000000e+03 5.344842483859319327e+04
3.376000000000000000e+03 5.349092786618680111e+04
3.377000000000000000e+03 5.353602639809752145e+04
3.378000000000000000e+03 5.353680399830647366e+04
3.379000000000000000e+03 5.361346828279682813e+04
3.380000000000000000e+03 5.355717663391698443e+04
3.381000000000000000e+03 5.361381082249800966e+04
3.382000000000000000e+03 5.371627494231058517e+04
3.383000000000000000e+03 5.371588048393178906e+04
3.384000000000000000e+03 5.368590190325579897e+04
3.385000000000000000e+03 5.371369332000489521e+04
3.386000000000000000e+03 5.376227118004702061e+04
3.387000000000000000e+03 5.378726574930099014e+04
3.388000000000000000e+03 5.379390246910601854e+04
3.389000000000000000e+03 5.385816349997919315e+04
3.390000000000000000e+03 5.397100507657612616e+04
3.391000000000000000e+03 5.396505843436787836e+04
3.392000000000000000e+03 5.401635078543925920e+04
3.393000000000000000e+03 5.407293912959411682e+04
3.394000000000000000e+03 5.407732777692473610e+04
3.395000000000000000e+03 5.404570805606005160e+04
3.396000000000000000e+03 5.399415471373902983e+04
3.397000000000000000e+03 5.409030066925194842e+04
3.398000000000000000e+03 5.407992021668843518e+04
3.399000000000000000e+03 5.394973361273706541e+04
3.400000000000000000e+03 5.387903460560781241e+04
3.401000000000000000e+03 5.385027559442870552e+04
3.402000000000000000e+03 5.384610934915150574e+04
3.403000000000000000e+03 5.397563015205472766e+04
3.404000000000000000e+03 5.403263059031149169e+04
3.405000000000000000e+03 5.395122178114164126e+04
3.406000000000000000e+03 5.392100592656210210e+04
3.407000000000000000e+03 5.394337593414844741e+04
3.408000000000000000e+03 5.403483327622307115e+04
3.409000000000000000e+03 5.409467428469462902e+04
3.410000000000000000e+03 5.404982597558664565e+04
3.411000000000000000e+03 5.404101170547388756e+04
3.412000000000000000e+03 5.409495273031286342e+04
3.413000000000000000e+03 5.413051454663872573e+04
3.414000000000000000e+03 5.412278516240883619e+04
3.415000000000000000e+03 5.411685513393426663e+04
3.416000000000000000e+03 5.411077783887035912e+04
3.417000000000000000e+03 5.410590694469490700e+04
3.418000000000000000e+03 5.420487356386855390e+04
3.419000000000000000e+03 5.419909050458125421e+04
3.420000000000000000e+03 5.410891089915605698e+04
3.421000000000000000e+03 5.410754724018978595e+04
3.422000000000000000e+03 5.407372233469785715e+04
3.423000000000000000e+03 5.407855972288051271e+04
3.424000000000000000e+03 5.402769708709957922e+04
3.425000000000000000e+03 5.406282904223052901e+04
3.426000000000000000e+03 5.408861716142723162e+04
3.427000000000000000e+03 5.420822049070988578e+04
3.428000000000000000e+03 5.420888106926228647e+04
3.429000000000000000e+03 5.418120671684638364e+04
3.430000000000000000e+03 5.419292756754579023e+04
3.431000000000000000e+03 5.422562150706520333e+04
3.432000000000000000e+03 5.426311880539849517e+04
3.433000000000000000e+03 5.431582852431173524e+04
3.434000000000000000e+03 5.434091693062309059e+04
3.435000000000000000e+03 5.444987131118620891e+04
3.436000000000000000e+03 5.445819457584933116e+04
3.437000000000000000e+03 5.453031688095325080e+04
3.438000000000000000e+03 5.449672303245063085e+04
3.439000000000000000e+03 5.454462498558955849e+04
3.440000000000000000e+03 5.450955235327712580e+04
3.441000000000000000e+03 5.451156418055210816e+04
3.442000000000000000e+03 5.446933194131277560e+04
3.443000000000000000e+03 5.447612320500411442e+04
3.444000000000000000e+03 5.453823188654682599e+04
3.445000000000000000e+03 5.456225003875418770e+04
3.446000000000000000e+03 5.454885741855878587e+04
3.447000000000000000e+03 5.463473473033413757e+04
3.448000000000000000e+03 5.475218670334052149e+04
3.449000000000000000e+03 5.468651942075061379e+04
3.450000000000000000e+03 5.482852089190712286e+04
3.451000000000000000e+03 5.481216817334814550e+04
3.452000000000000000e+03 5.484806000081687671e+04
3.453000000000000000e+03 5.485373831594516378e+04
3.454000000000000000e+03 5.486185363918063376e+04
3.455000000000000000e+03 5.486457342680101283e+04
3.456000000000000000e+03 5.486200142725844489e+04
3.457000000000000000e+03 5.490900804049964063e+04
3.458000000000000000e+03 5.491241576826156961e+04
3.459000000000000000e+03 5.487288919204346166e+04
3.460000000000000000e+03 5.482976406018818670e+04
3.461000000000000000e+03 5.484186515849408897e+04
3.462000000000000000e+03 5.489260594709235738e+04
3.463000000000000000e+03 5.489995946516677941e+04
3.464000000000000000e+03 5.487116590404640010e+04
3.465000000000000000e+03 5.487524997690071177e+04
3.466000000000000000e+03 5.491546091291248013e+04
3.467000000000000000e+03 5.493647876490707131e+04
3.468000000000000000e+03 5.494617707016565691e+04
3.469000000000000000e+03 5.488861216837951361e+04
3.470000000000000000e+03 5.498272130320064753e+04
3.471000000000000000e+03 5.496325593161393772e+04
3.472000000000000000e+03 5.494563654922336718e+04
3.473000000000000000e+03 5.494780045964840974e+04
3.474000000000000000e+03 5.502238062314083072e+04
3.475000000000000000e+03 5.508309603997261001e+04
3.476000000000000000e+03 5.505813601289586222e+04
3.477000000000000000e+03 5.512056468803901225e+04
3.478000000000000000e+03 5.511266907621192513e+04
3.479000000000000000e+03 5.514218150304399751e+04
3.480000000000000000e+03 5.513535512921813643e+04
3.481000000000000000e+03 5.509416997757819627e+04
3.482000000000000000e+03 5.507702773750477354e+04
3.483000000000000000e+03 5.505764219057234004e+04
3.484000000000000000e+03 5.508050169558279595e+04
3.485000000000000000e+03 5.511868116047049261e+04
3.486000000000000000e+03 5.510373964788611920e+04
3.487000000000000000e+03 5.506297669464934006e+04
3.488000000000000000e+03 5.507861159760994633e+04
3.489000000000000000e+03 5.510134984099504072e+04
3.490000000000000000e+03 5.516150486883500707e+04
3.491000000000000000e+03 5.518411684675733704e+04
3.492000000000000000e+03 5.517291542060376378e+04
3.493000000000000000e+03 5.514631150878226617e+04
3.494000000000000000e+03 5.521328764356284955e+04
3.495000000000000000e+03 5.527007290442267549e+04
3.496000000000000000e+03 5.532843032048241730e+04
3.497000000000000000e+03 5.525140007279747806e+04
3.498000000000000000e+03 5.519568484107409313e+04
3.499000000000000000e+03 5.521464566589225433e+04
3.500000000000000000e+03 5.522756426576434751e+04
3.501000000000000000e+03 5.522818869278792408e+04
3.502000000000000000e+03 5.533984049122501165e+04
3.503000000000000000e+03 5.531775310038300813e+04
3.504000000000000000e+03 5.530476038601305481e+04
3.505000000000000000e+03 5.528006410389036319e+04
3.506000000000000000e+03 5.526521588597280061e+04
3.507000000000000000e+03 5.527556977174369240e+04
3.508000000000000000e+03 5.524264206132655090e+04
3.509000000000000000e+03 5.531440805658904719e+04
3.510000000000000000e+03 5.537058440777780925e+04
3.511000000000000000e+03 5.538780162411202036e+04
3.512000000000000000e+03 5.542639538210294995e+04
3.513000000000000000e+03 5.534429476116823935e+04
3.514000000000000000e+03 5.535978434726182604e+04
3.515000000000000000e+03 5.535156343910439318e+04
3.516000000000000000e+03 5.538202502523043222e+04
3.517000000000000000e+03 5.536853949149065738e+04
3.518000000000000000e+03 5.534684389739183098e+04
3.519000000000000000e+03 5.540857590201153653e+04
3.520000000000000000e+03 5.536138428483356256e+04
3.521000000000000000e+03 5.537584330924374080e+04
3.522000000000000000e+03 5.530921556481281004e+04
3.523000000000000000e+03 5.529702050390614022e+04
3.524000000000000000e+03 5.530135362891230034e+04
3.525000000000000000e+03 5.524489966187472601e+04
3.526000000000000000e+03 5.529272913624662033e+04
3.527000000000000000e+03 5.528339545248747163e+04
3.528000000000000000e+03 5.536612816018280137e+04
3.529000000000000000e+03 5.539389857030299754e+04
3.530000000000000000e+03 5.537332302286253253e+04
3.531000000000000000e+03 5.543035772862791055e+04
3.532000000000000000e+03 5.546633843399932812e+04
3.533000000000000000e+03 5.554914669021127338e+04
3.534000000000000000e+03 5.564172546333610080e+04
3.535000000000000000e+03 5.566054439781276596e+04
3.536000000000000000e+03 5.560149757268410758e+04
3.537000000000000000e+03 5.569150197463370569e+04
3.538000000000000000e+03 5.574791459251823835e+04
3.539000000000000000e+03 5.588015837928698602e+04
3.540000000000000000e+03 5.592674224864563439e+04
3.541000000000000000e+03 5.590469904727673566e+04
3.542000000000000000e+03 5.589212426837356907e+04
3.543000000000000000e+03 5.590185306954869884e+04
3.544000000000000000e+03 5.592968950031424174e+04
3.545000000000000000e+03 5.606887328939596046e+04
3.546000000000000000e+03 5.612289064547805174e+04
3.547000000000000000e+03 5.620373536690334004e+04
3.548000000000000000e+03 5.618688898181201512e+04
3.549000000000000000e+03 5.607077031471231021e+04
3.550000000000000000e+03 5.600425359002922778e+04
3.551000000000000000e+03 5.600674192110136937e+04
3.552000000000000000e+03 5.604130488095930195e+04
3.553000000000000000e+03 5.604165547654639522e+04
3.554000000000000000e+03 5.606347510503166995e+04
3.555000000000000000e+03 5.609188108017986087e+04
3.556000000000000000e+03 5.610946258376854530e+04
3.557000000000000000e+03 5.615196549815876642e+04
3.558000000000000000e+03 5.623823019374263095e+04
3.559000000000000000e+03 5.629871206583450112e+04
3.560000000000000000e+03 5.632490207808926789e+04
3.561000000000000000e+03 5.628463696684635215e+04
3.562000000000000000e+03 5.627634513820147549e+04
3.563000000000000000e+03 5.627903905490648322e+04
3.564000000000000000e+03 5.629788478119648062e+04
3.565000000000000000e+03 5.633914488177010207e+04
3.566000000000000000e+03 5.640634528190089623e+04
3.567000000000000000e+03 5.641829997710624593e+04
3.568000000000000000e+03 5.631158123235210223e+04
3.569000000000000000e+03 5.624731776894975337e+04
3.570000000000000000e+03 5.623261684068293835e+04
3.571000000000000000e+03 5.625033426419424359e+04
3.572000000000000000e+03 5.625794364721149759e+04
3.573000000000000000e+03 5.623564964752067317e+04
3.574000000000000000e+03 5.621206484393550636e+04
3.575000000000000000e+03 5.621781935024563427e+04
3.576000000000000000e+03 5.630177454231752199e+04
3.577000000000000000e+03 5.636048394334283512e+04
3.578000000000000000e+03 5.639236712810658355e+04
3.579000000000000000e+03 5.636606897148042481e+04
3.580000000000000000e+03 5.634036216728571890e+04
3.581000000000000000e+03 5.635429441982915887e+04
3.582000000000000000e+03 5.646699477284809109e+04
3.583000000000000000e+03 5.649056262318172230e+04
3.584000000000000000e+03 5.649320183090464707e+04
3.585000000000000000e+03 5.646109789492503478e+04
3.586000000000000000e+03 5.643458900437457487e+04
3.587000000000000000e+03 5.639575485599920648e+04
3.588000000000000000e+03 5.633758967185977963e+04
3.589000000000000000e+03 5.634371650812054577e+04
3.590000000000000000e+03 5.638156751147595787e+04
3.591000000000000000e+03 5.639130494961087243e+04
3.592000000000000000e+03 5.644628660143744492e+04
3.593000000000000000e+03 5.647657964198476111e+04
3.594000000000000000e+03 5.651188644803043280e+04
3.595000000000000000e+03 5.653849399354321213e+04
3.596000000000000000e+03 5.653056533338953886e+04
3.597000000000000000e+03 5.656484623558511521e+04
3.598000000000000000e+03 5.661811205403669010e+04
3.599000000000000000e+03 5.670642696160082414e+04
3.600000000000000000e+03 5.669950117341919395e+04
3.601000000000000000e+03 5.672889400781435688e+04
3.602000000000000000e+03 5.667863801903088461e+04
3.603000000000000000e+03 5.663583971263618878e+04
3.604000000000000000e+03 5.671667947670612921e+04
3.605000000000000000e+03 5.680689927528869885e+04
3.606000000000000000e+03 5.682235507194806996e+04
3.607000000000000000e+03 5.688613513223943301e+04
3.608000000000000000e+03 5.693155887101064582e+04
3.609000000000000000e+03 5.695580252250031481e+04
3.610000000000000000e+03 5.695611266721576976e+04
3.611000000000000000e+03 5.704359700541343045e+04
3.612000000000000000e+03 5.703938261077039351e+04
3.613000000000000000e+03 5.700599678294325713e+04
3.614000000000000000e+03 5.699628460120935051e+04
3.615000000000000000e+03 5.699959197988014057e+04
3.616000000000000000e+03 5.692340937415338703e+04
3.617000000000000000e+03 5.690312452394402499e+04
3.618000000000000000e+03 5.686065574037797342e+04
3.619000000000000000e+03 5.700741032003126747e+04
3.620000000000000000e+03 5.703077777550324390e+04
3.621000000000000000e+03 5.701533697673396091e+04
3.622000000000000000e+03 5.697497121872172283e+04
3.623000000000000000e+03 5.709085521478865121e+04
3.624000000000000000e+03 5.712650997326532524e+04
3.625000000000000000e+03 5.714295624583018798e+04
3.626000000000000000e+03 5.720542034836105449e+04
3.627000000000000000e+03 5.724420789029858133e+04
3.628000000000000000e+03 5.733894009371488210e+04
3.629000000000000000e+03 5.736244895140659355e+04
3.630000000000000000e+03 5.729986890303054679e+04
3.631000000000000000e+03 5.734594728741516155e+04
3.632000000000000000e+03 5.731558723089022533e+04
3.633000000000000000e+03 5.727756775709516660e+04
3.634000000000000000e+03 5.730047204164446157e+04
3.635000000000000000e+03 5.729693116762505815e+04
3.636000000000000000e+03 5.730799571892996755e+04
3.637000000000000000e+03 5.725340722080889100e+04
3.638000000000000000e+03 5.721620548703650275e+04
3.639000000000000000e+03 5.721622170254804223e+04
3.640000000000000000e+03 5.720878615193591395e+04
3.641000000000000000e+03 5.727125948677714769e+04
3.642000000000000000e+03 5.729483865135008818e+04
3.643000000000000000e+03 5.730987492652957735e+04
3.644000000000000000e+03 5.735344195955553005e+04
3.645000000000000000e+03 5.731893698434158432e+04
3.646000000000000000e+03 5.729790463131302386e+04
3.647000000000000000e+03 5.725148099022853421e+04
3.648000000000000000e+03 5.728086638625010528e+04
3.649000000000000000e+03 5.728733286729078827e+04
3.650000000000000000e+03 5.727231943380652956e+04
3.651000000000000000e+03 5.723778510792229645e+04
3.652000000000000000e+03 5.722531319079683453e+04
3.653000000000000000e+03 5.722504119789927063e+04
3.654000000000000000e+03 5.727765471696070745e+04
3.655000000000000000e+03 5.728441829773593781e+04
3.656000000000000000e+03 5.730021921606358956e+04
3.657000000000000000e+03 5.728544092534990341e+04
3.658000000000000000e+03 5.733270398085823399e+04
3.659000000000000000e+03 5.732895976630720543e+04
3.660000000000000000e+03 5.740676796216151706e+04
3.661000000000000000e+03 5.747856306707656040e+04
3.662000000000000000e+03 5.748703301573230419e+04
3.663000000000000000e+03 5.754317944154429279e+04
3.664000000000000000e+03 5.760816842805168562e+04
3.665000000000000000e+03 5.757702273898548447e+04
3.666000000000000000e+03 5.752476391414911632e+04
3.667000000000000000e+03 5.753395232332456362e+04
3.668000000000000000e+03 5.754373551981305354e+04
3.669000000000000000e+03 5.744611905009400652e+04
3.670000000000000000e+03 5.749475169207128056e+04
3.671000000000000000e+03 5.756043490929438121e+04
3.672000000000000000e+03 5.767046882034112787e+04
3.673000000000000000e+03 5.767231752345625864e+04
3.674000000000000000e+03 5.768323292742556805e+04
3.675000000000000000e+03 5.759248142239493609e+04
3.676000000000000000e+03 5.750516569730418996e+04
3.677000000000000000e+03 5.752519761194200692e+04
3.678000000000000000e+03 5.757249505150025652e+04
3.679000000000000000e+03 5.752290099223543803e+04
3.680000000000000000e+03 5.748997198253367242e+04
3.681000000000000000e+03 5.751408030042955215e+04
3.682000000000000000e+03 5.755909442003829463e+04
3.683000000000000000e+03 5.759317770458412997e+04
3.684000000000000000e+03 5.761630162462208682e+04
3.685000000000000000e+03 5.756834919047919539e+04
3.686000000000000000e+03 5.753044126764292741e+04
3.687000000000000000e+03 5.759709092558245902e+04
3.688000000000000000e+03 5.765658097753976472e+04
3.689000000000000000e+03 5.767151857870587264e+04
3.690000000000000000e+03 5.772313774950008519e+04
3.691000000000000000e+03 5.773604138751211576e+04
3.692000000000000000e+03 5.771228594794777018e+04
3.693000000000000000e+03 5.780930239928851370e+04
3.694000000000000000e+03 5.785029065821551194e+04
3.695000000000000000e+03 5.782534777611826576e+04
3.696000000000000000e+03 5.792509057920679334e+04
3.697000000000000000e+03 5.793722519937043398e+04
3.698000000000000000e+03 5.797125372354802676e+04
3.699000000000000000e+03 5.798065046252184402e+04
3.700000000000000000e+03 5.790385287325103855e+04
3.701000000000000000e+03 5.788025590895194910e+04
3.702000000000000000e+03 5.787987885297127650e+04
3.703000000000000000e+03 5.785147469895372342e+04
3.704000000000000000e+03 5.784648434314824408e+04
3.705000000000000000e+03 5.782742339696909039e+04
3.706000000000000000e+03 5.786119744770077523e+04
3.707000000000000000e+03 5.786960490139687317e+04
3.708000000000000000e+03 5.788011739447173750e+04
3.709000000000000000e+03 5.797485442888260150e+04
3.710000000000000000e+03 5.807321056885576400e+04
3.711000000000000000e+03 5.804659124862946192e+04
3.712000000000000000e+03 5.812212015668486856e+04
3.713000000000000000e+03 5.809874929039875860e+04
3.714000000000000000e+03 5.814150992173131090e+04
3.715000000000000000e+03 5.807742518167204253e+04
3.716000000000000000e+03 5.806907924193915824e+04
3.717000000000000000e+03 5.809241781604858988e+04
3.718000000000000000e+03 5.811485605580857373e+04
3.719000000000000000e+03 5.815641808376217523e+04
3.720000000000000000e+03 5.815826595717942109e+04
3.721000000000000000e+03 5.818167532319745078e+04
3.722000000000000000e+03 5.823497584870235733e+04
3.723000000000000000e+03 5.821909193728068203e+04
3.724000000000000000e+03 5.824896664990829595e+04
3.725000000000000000e+03 5.824874431374359847e+04
3.726000000000000000e+03 5.822190918424927077e+04
3.727000000000000000e+03 5.817164979283637513e+04
3.728000000000000000e+03 5.816242433976074244e+04
3.729000000000000000e+03 5.818433502429485088e+04
3.730000000000000000e+03 5.823908940498797165e+04
3.731000000000000000e+03 5.835980266453667718e+04
3.732000000000000000e+03 5.840476105501741404e+04
3.733000000000000000e+03 5.843544118617902859e+04
3.734000000000000000e+03 5.844673245986625989e+04
3.735000000000000000e+03 5.843705959171341237e+04
3.736000000000000000e+03 5.849502579814503406e+04
3.737000000000000000e+03 5.847950279202324600e+04
3.738000000000000000e+03 5.843322277149753063e+04
3.739000000000000000e+03 5.851175122739931248e+04
3.740000000000000000e+03 5.863911051835968829e+04
3.741000000000000000e+03 5.861267537837179407e+04
3.742000000000000000e+03 5.862595727441448980e+04
3.743000000000000000e+03 5.869141279961595137e+04
3.744000000000000000e+03 5.877765226350705052e+04
3.745000000000000000e+03 5.884134903965339618e+04
3.746000000000000000e+03 5.887279368080884160e+04
3.747000000000000000e+03 5.892566365320996556e+04
3.748000000000000000e+03 5.897707104947540938e+04
3.749000000000000000e+03 5.899017878254654352e+04
3.750000000000000000e+03 5.900514231332889904e+04
3.751000000000000000e+03 5.901500134829549643e+04
3.752000000000000000e+03 5.911568162384878087e+04
3.753000000000000000e+03 5.913906969347115955e+04
3.754000000000000000e+03 5.918558626119182736e+04
3.755000000000000000e+03 5.918577121430515399e+04
3.756000000000000000e+03 5.927148176598108694e+04
3.757000000000000000e+03 5.928254507383408782e+04
3.758000000000000000e+03 5.923259569821241894e+04
3.759000000000000000e+03 5.926048316601597617e+04
3.760000000000000000e+03 5.929901831110991770e+04
3.761000000000000000e+03 5.937481709357325599e+04
3.762000000000000000e+03 5.939760603615197761e+04
3.763000000000000000e+03 5.940988695524050127e+04
3.764000000000000000e+03 5.944796374003717210e+04
3.765000000000000000e+03 5.948495854364694969e+04
3.766000000000000000e+03 5.947304774691590137e+04
3.767000000000000000e+03 5.943901142916776007e+04
3.768000000000000000e+03 5.934849896125176019e+04
3.769000000000000000e+03 5.938927759859302023e+04
3.770000000000000000e+03 5.927713401121895731e+04
3.771000000000000000e+03 5.933399896926628571e+04
3.772000000000000000e+03 5.935537076252023689e+04
3.773000000000000000e+03 5.933652999480294966e+04
3.774000000000000000e+03 5.942522805660336599e+04
3.775000000000000000e+03 5.943390245905442134e+04
3.776000000000000000e+03 5.937845786152420624e+04
3.777000000000000000e+03 5.939368060221826454e+04
3.778000000000000000e+03 5.941062244649004424e+04
3.779000000000000000e+03 5.942373959090645803e+04
3.780000000000000000e+03 5.940783446892578650e+04
3.781000000000000000e+03 5.934400381334836129e+04
3.782000000000000000e+03 5.933412851727475936e+04
3.783000000000000000e+03 5.933917025215103786e+04
3.784000000000000000e+03 5.940322558762327390e+04
3.785000000000000000e+03 5.942593876332279615e+04
3.786000000000000000e+03 5.941600717916119174e+04
3.787000000000000000e+03 5.940485840124347305e+04
3.788000000000000000e+03 5.934729633425830252e+04
3.789000000000000000e+03 5.939126898368819093e+04
3.790000000000000000e+03 5.940805878692571423e+04
3.791000000000000000e+03 5.941776325445409020e+04
3.792000000000000000e+03 5.947672374390618643e+04
3.793000000000000000e+03 5.946516516339661030e+04
3.794000000000000000e+03 5.960173371215093357e+04
3.795000000000000000e+03 5.964115169947734830e+04
3.796000000000000000e+03 5.958638501989983342e+04
3.797000000000000000e+03 5.959222572518301604e+04
3.798000000000000000e+03 5.963329863822055631e+04
3.799000000000000000e+03 5.968762172382097197e+04
3.800000000000000000e+03 5.974281013026341680e+04
3.801000000000000000e+03 5.976228710478735593e+04
3.802000000000000000e+03 5.978043974649033044e+04
3.803000000000000000e+03 5.981968206602695864e+04
3.804000000000000000e+03 5.982534495471511764e+04
3.805000000000000000e+03 5.982620425797711505e+04
3.806000000000000000e+03 5.981816588017244067e+04
3.807000000000000000e+03 5.975862175495199335e+04
3.808000000000000000e+03 5.976785156833082146e+04
3.809000000000000000e+03 5.978249802415193699e+04
3.810000000000000000e+03 5.973818346474973077e+04
3.811000000000000000e+03 5.982992059543495998e+04
3.812000000000000000e+03 5.981136330350356729e+04
3.813000000000000000e+03 5.987337982882861979e+04
3.814000000000000000e+03 5.989284416362630145e+04
3.815000000000000000e+03 5.994592941373516078e+04
3.816000000000000000e+03 5.991765759309828718e+04
3.817000000000000000e+03 5.991894379653805663e+04
3.818000000000000000e+03 5.994510221782514418e+04
3.819000000000000000e+03 5.997813863117234723e+04
3.820000000000000000e+03 5.996696998710261687e+04
3.821000000000000000e+03 6.005957200600130454e+04
3.822000000000000000e+03 6.010668617924784485e+04
3.823000000000000000e+03 6.020494889041743590e+04
3.824000000000000000e+03 6.030077403962972312e+04
3.825000000000000000e+03 6.031768380740049906e+04
3.826000000000000000e+03 6.022341152373760269e+04
3.827000000000000000e+03 6.022336552377226326e+04
3.828000000000000000e+03 6.026440726627205731e+04
3.829000000000000000e+03 6.027293069802629179e+04
3.830000000000000000e+03 6.030835511021394632e+04
3.831000000000000000e+03 6.031896400950051611e+04
3.832000000000000000e+03 6.036900371287861344e+04
3.833000000000000000e+03 6.044473558540159866e+04
3.834000000000000000e+03 6.046913176506391756e+04
3.835000000000000000e+03 6.045315242149343248e+04
3.836000000000000000e+03 6.049206466999657277e+04
3.837000000000000000e+03 6.044892704707095982e+04
3.838000000000000000e+03 6.048901309362221218e+04
3.839000000000000000e+03 6.054821826383477310e+04
3.840000000000000000e+03 6.048133473452493490e+04
3.841000000000000000e+03 6.047264106886860100e+04
3.842000000000000000e+03 6.056466853430525953e+04
3.843000000000000000e+03 6.064630844000844809e+04
3.844000000000000000e+03 6.065969298837186216e+04
3.845000000000000000e+03 6.062801519088579516e+04
3.846000000000000000e+03 6.068937830786669656e+04
3.847000000000000000e+03 6.067006742722109630e+04
3.848000000000000000e+03 6.062998442585564771e+04
3.849000000000000000e+03 6.069740698039120616e+04
3.850000000000000000e+03 6.068744127678335644e+04
3.851000000000000000e+03 6.065190932168718427e+04
3.852000000000000000e+03 6.064840392124394566e+04
3.853000000000000000e+03 6.075661755393586645e+04
3.854000000000000000e+03 6.069487342876318871e+04
3.855000000000000000e+03 6.068820813762271428e+04
3.856000000000000000e+03 6.073368995749584428e+04
3.857000000000000000e+03 6.068317589529019460e+04
3.858000000000000000e+03 6.067423624122525507e+04
3.859000000000000000e+03 6.069563783531991794e+04
3.860000000000000000e+03 6.079169902357355022e+04
3.861000000000000000e+03 6.080202370808105479e+04
3.862000000000000000e+03 6.079736306494493329e+04
3.863000000000000000e+03 6.075269619495361258e+04
3.864000000000000000e+03 6.072743032304834924e+04
3.865000000000000000e+03 6.073684414521614235e+04
3.866000000000000000e+03 6.077236092287010251e+04
3.867000000000000000e+03 6.086999823781284795e+04
3.868000000000000000e+03 6.081922075162951660e+04
3.869000000000000000e+03 6.082195985927045695e+04
3.870000000000000000e+03 6.088748645400883106e+04
3.871000000000000000e+03 6.088773388071529916e+04
3.872000000000000000e+03 6.096957422210374352e+04
3.873000000000000000e+03 6.094427215225500549e+04
3.874000000000000000e+03 6.091474612768064981e+04
3.875000000000000000e+03 6.088066245813623391e+04
3.876000000000000000e+03 6.077681889878636866e+04
3.877000000000000000e+03 6.072141983726857870e+04
3.878000000000000000e+03 6.078573022917530034e+04
3.879000000000000000e+03 6.079249620179043268e+04
3.880000000000000000e+03 6.081823286412052403e+04
3.881000000000000000e+03 6.076424752114808507e+04
3.882000000000000000e+03 6.073972937282779458e+04
3.883000000000000000e+03 6.071665662226701534e+04
3.884000000000000000e+03 6.078444358860461944e+04
3.885000000000000000e+03 6.069654155046174856e+04
3.886000000000000000e+03 6.074403289488424343e+04
3.887000000000000000e+03 6.082397899784541369e+04
3.888000000000000000e+03 6.087037762394143647e+04
3.889000000000000000e+03 6.090421355749764916e+04
3.890000000000000000e+03 6.093805273634287732e+04
3.891000000000000000e+03 6.091963350540896499e+04
3.892000000000000000e+03 6.096789609503503743e+04
3.893000000000000000e+03 6.093212039103401912e+04
3.894000000000000000e+03 6.094795848265182576e+04
3.895000000000000000e+03 6.102354293902720383e+04
3.896000000000000000e+03 6.110719897508469876e+04
3.897000000000000000e+03 6.118862360614464706e+04
3.898000000000000000e+03 6.118653287860924320e+04
3.899000000000000000e+03 6.121889498291270866e+04
3.900000000000000000e+03 6.123104157674784801e+04
3.901000000000000000e+03 6.119494213075153675e+04
3.902000000000000000e+03 6.117568810050668981e+04
3.903000000000000000e+03 6.117646647593777016e+04
3.904000000000000000e+03 6.116207959405375004e+04
3.905000000000000000e+03 6.110250091498019901e+04
3.906000000000000000e+03 6.111895329361630138e+04
3.907000000000000000e+03 6.115870073473599041e+04
3.908000000000000000e+03 6.115348807848175056e+04
3.909000000000000000e+03 6.107319306959438836e+04
3.910000000000000000e+03 6.103678080126435088e+04
3.911000000000000000e+03 6.104748176891696494e+04
3.912000000000000000e+03 6.108979975302134699e+04
3.913000000000000000e+03 6.119960709411000425e+04
3.914000000000000000e+03 6.117540524193175952e+04
3.915000000000000000e+03 6.114501953856949694e+04
3.916000000000000000e+03 6.108101161447607592e+04
3.917000000000000000e+03 6.105668685921254655e+04
3.918000000000000000e+03 6.112927960981264914e+04
3.919000000000000000e+03 6.115231546500465629e+04
3.920000000000000000e+03 6.119037546443394240e+04
3.921000000000000000e+03 6.119379344552900875e+04
3.922000000000000000e+03 6.119844058946247242e+04
3.923000000000000000e+03 6.114869646134373033e+04
3.924000000000000000e+03 6.127793794688846538e+04
3.925000000000000000e+03 6.129284177493834432e+04
3.926000000000000000e+03 6.127990071118548076e+04
3.927000000000000000e+03 6.124450297474519175e+04
3.928000000000000000e+03 6.123805100097407558e+04
3.929000000000000000e+03 6.122954791315855255e+04
3.930000000000000000e+03 6.114954497745563276e+04
3.931000000000000000e+03 6.121757750515556836e+04
3.932000000000000000e+03 6.116946473849211907e+04
3.933000000000000000e+03 6.121023179695499857e+04
3.934000000000000000e+03 6.123329652491490560e+04
3.935000000000000000e+03 6.129120577521325322e+04
3.936000000000000000e+03 6.138988835144198674e+04
3.937000000000000000e+03 6.135846649079601048e+04
3.938000000000000000e+03 6.132026643272109504e+04
3.939000000000000000e+03 6.136744695504457923e+04
3.940000000000000000e+03 6.143607917541750794e+04
3.941000000000000000e+03 6.143465904844349279e+04
3.942000000000000000e+03 6.147914366842439631e+04
3.943000000000000000e+03 6.145795243822420889e+04
3.944000000000000000e+03 6.157386154603572504e+04
3.945000000000000000e+03 6.162088219698509056e+04
3.946000000000000000e+03 6.160899728250640328e+04
3.947000000000000000e+03 6.153274744548255694e+04
3.948000000000000000e+03 6.152538265219995083e+04
3.949000000000000000e+03 6.153982323147211719e+04
3.950000000000000000e+03 6.149781329959831783e+04
3.951000000000000000e+03 6.161812080666967086e+04
3.952000000000000000e+03 6.165897296051438752e+04
3.953000000000000000e+03 6.160215198083163705e+04
3.954000000000000000e+03 6.163856853746392881e+04
3.955000000000000000e+03 6.169343626080726972e+04
3.956000000000000000e+03 6.171142479319820268e+04
3.957000000000000000e+03 6.163068800578972878e+04
3.958000000000000000e+03 6.165142565304136224e+04
3.959000000000000000e+03 6.166026861755125719e+04
3.960000000000000000e+03 6.171350626619485411e+04
3.961000000000000000e+03 6.167597556623449782e+04
3.962000000000000000e+03 6.166046816143095202e+04
3.963000000000000000e+03 6.165599828036997496e+04
3.964000000000000000e+03 6.163834808540124504e+04
3.965000000000000000e+03 6.162805854962552985e+04
3.966000000000000000e+03 6.166452403350099485e+04
3.967000000000000000e+03 6.161221975455345819e+04
3.968000000000000000e+03 6.166763702569796442e+04
3.969000000000000000e+03 6.169434906935386971e+04
3.970000000000000000e+03 6.174622437022669328e+04
3.971000000000000000e+03 6.168770171676167229e+04
3.972000000000000000e+03 6.182146474779162236e+04
3.973000000000000000e+03 6.175136218583513255e+04
3.974000000000000000e+03 6.175823055351931544e+04
3.975000000000000000e+03 6.174085266124687769e+04
3.976000000000000000e+03 6.188042493190241657e+04
3.977000000000000000e+03 6.205016404999567749e+04
3.978000000000000000e+03 6.201783764247254294e+04
3.979000000000000000e+03 6.200675378034103051e+04
3.980000000000000000e+03 6.197767946730920812e+04
3.981000000000000000e+03 6.201499696199358004e+04
3.982000000000000000e+03 6.215211817841333686e+04
3.983000000000000000e+03 6.210631261200406880e+04
3.984000000000000000e+03 6.223290025861727190e+04
3.985000000000000000e+03 6.232205992979873554e+04
3.986000000000000000e+03 6.228795797006571956e+04
3.987000000000000000e+03 6.229449104914045893e+04
3.988000000000000000e+03 6.231644028273213917e+04
3.989000000000000000e+03 6.243260545893893141e+04
3.990000000000000000e+03 6.253299763812367019e+04
3.991000000000000000e+03 6.260760830804487341e+04
3.992000000000000000e+03 6.261040589026665839e+04
3.993000000000000000e+03 6.260068912901560543e+04
3.994000000000000000e+03 6.265201520033212000e+04
3.995000000000000000e+03 6.272735170676861890e+04
3.996000000000000000e+03 6.284358791652082436e+04
3.997000000000000000e+03 6.284211212057047669e+04
3.998000000000000000e+03 6.290693537717621075e+04
3.999000000000000000e+03 6.289945881508944876e+04
