# time_reduced msd_reduced
# region=central
# central=0.333333333333:0.666666666667
# outer=0:0.250000000000,0.750000000000:1
# transition=0.250000000000:0.333333333333,0.666666666667:0.750000000000
# atom_types=[2]
# n_selected=2542
# subtract_group_com_drift=True
0.000000000000000000e+00 0.000000000000000000e+00
1.000000000000000000e+00 1.278987737912085443e+01
2.000000000000000000e+00 2.338844546242362910e+01
3.000000000000000000e+00 3.196584345193085852e+01
4.000000000000000000e+00 3.966979201321898074e+01
5.000000000000000000e+00 4.850787826195643504e+01
6.000000000000000000e+00 5.684529946997052008e+01
7.000000000000000000e+00 6.679130385870830366e+01
8.000000000000000000e+00 7.713591213242938238e+01
9.000000000000000000e+00 8.490849873388081903e+01
1.000000000000000000e+01 9.609287642625471904e+01
1.100000000000000000e+01 1.075600728601440181e+02
1.200000000000000000e+01 1.146133170325567221e+02
1.300000000000000000e+01 1.218934093547478170e+02
1.400000000000000000e+01 1.296587099209977509e+02
1.500000000000000000e+01 1.401786916263497176e+02
1.600000000000000000e+01 1.508568272475980621e+02
1.700000000000000000e+01 1.630093197251472930e+02
1.800000000000000000e+01 1.718493595764954307e+02
1.900000000000000000e+01 1.827562099697000804e+02
2.000000000000000000e+01 1.899739020080309899e+02
2.100000000000000000e+01 1.978553507920301797e+02
2.200000000000000000e+01 2.081511686986606264e+02
2.300000000000000000e+01 2.172328711637566983e+02
2.400000000000000000e+01 2.264693440434679133e+02
2.500000000000000000e+01 2.337492894593967208e+02
2.600000000000000000e+01 2.429000071582809426e+02
2.700000000000000000e+01 2.516689557141830846e+02
2.800000000000000000e+01 2.651096667470984585e+02
2.900000000000000000e+01 2.745711091397635641e+02
3.000000000000000000e+01 2.808667648994457409e+02
3.100000000000000000e+01 2.937143614193856820e+02
3.200000000000000000e+01 2.990859554654117574e+02
3.300000000000000000e+01 3.056682764695825654e+02
3.400000000000000000e+01 3.129903425038404521e+02
3.500000000000000000e+01 3.201210798104866058e+02
3.600000000000000000e+01 3.294768322638419704e+02
3.700000000000000000e+01 3.379138012449145094e+02
3.800000000000000000e+01 3.462885393614364489e+02
3.900000000000000000e+01 3.561590704675371057e+02
4.000000000000000000e+01 3.654493943895101324e+02
4.100000000000000000e+01 3.784945735616032607e+02
4.200000000000000000e+01 3.829700705013837592e+02
4.300000000000000000e+01 3.892446199687178137e+02
4.400000000000000000e+01 4.016629116148536127e+02
4.500000000000000000e+01 4.087609203161467804e+02
4.600000000000000000e+01 4.158403087273404140e+02
4.700000000000000000e+01 4.271802332366486326e+02
4.800000000000000000e+01 4.356759485651111845e+02
4.900000000000000000e+01 4.422981822670703309e+02
5.000000000000000000e+01 4.620759970202736326e+02
5.100000000000000000e+01 4.728788648607233540e+02
5.200000000000000000e+01 4.791861659549800265e+02
5.300000000000000000e+01 4.916650022004838547e+02
5.400000000000000000e+01 4.978269924270432512e+02
5.500000000000000000e+01 5.083002072408135064e+02
5.600000000000000000e+01 5.182598492913355130e+02
5.700000000000000000e+01 5.322851931342959233e+02
5.800000000000000000e+01 5.377075771608548393e+02
5.900000000000000000e+01 5.482600074204702878e+02
6.000000000000000000e+01 5.603275783488775232e+02
6.100000000000000000e+01 5.652869144378942110e+02
6.200000000000000000e+01 5.751016258924205431e+02
6.300000000000000000e+01 5.877730042003686322e+02
6.400000000000000000e+01 5.964500946762930198e+02
6.500000000000000000e+01 6.169377888784641755e+02
6.600000000000000000e+01 6.283975645614262930e+02
6.700000000000000000e+01 6.385277374277518447e+02
6.800000000000000000e+01 6.503663563774729255e+02
6.900000000000000000e+01 6.579798901479421147e+02
7.000000000000000000e+01 6.677553398259642563e+02
7.100000000000000000e+01 6.735168597093736480e+02
7.200000000000000000e+01 6.838578439384364174e+02
7.300000000000000000e+01 6.908964920677304917e+02
7.400000000000000000e+01 6.985954136272453070e+02
7.500000000000000000e+01 7.136688291323495150e+02
7.600000000000000000e+01 7.243843504488465896e+02
7.700000000000000000e+01 7.339484899290632711e+02
7.800000000000000000e+01 7.483830353970099623e+02
7.900000000000000000e+01 7.548839476391366361e+02
8.000000000000000000e+01 7.562954719193807023e+02
8.100000000000000000e+01 7.575800348637654906e+02
8.200000000000000000e+01 7.551920730794415704e+02
8.300000000000000000e+01 7.627255349000747628e+02
8.400000000000000000e+01 7.673622594097557794e+02
8.500000000000000000e+01 7.732717515977226412e+02
8.600000000000000000e+01 7.882165513544531450e+02
8.700000000000000000e+01 8.021495923758649269e+02
8.800000000000000000e+01 8.042316120885096780e+02
8.900000000000000000e+01 8.163048839272684063e+02
9.000000000000000000e+01 8.242077536146008470e+02
9.100000000000000000e+01 8.306462921382714057e+02
9.200000000000000000e+01 8.351198327303537781e+02
9.300000000000000000e+01 8.397536213121418314e+02
9.400000000000000000e+01 8.516441552298382476e+02
9.500000000000000000e+01 8.597407393722544384e+02
9.600000000000000000e+01 8.614412835560884787e+02
9.700000000000000000e+01 8.810813282324646707e+02
9.800000000000000000e+01 8.897690044503765421e+02
9.900000000000000000e+01 8.913512690401593090e+02
1.000000000000000000e+02 8.974223667231134414e+02
1.010000000000000000e+02 9.097476896325838425e+02
1.020000000000000000e+02 9.147371788980981364e+02
1.030000000000000000e+02 9.221588283841617795e+02
1.040000000000000000e+02 9.304326462829183129e+02
1.050000000000000000e+02 9.395699794890236944e+02
1.060000000000000000e+02 9.477849730285222449e+02
1.070000000000000000e+02 9.612189806241121914e+02
1.080000000000000000e+02 9.722392830309164538e+02
1.090000000000000000e+02 9.861244115516399233e+02
1.100000000000000000e+02 9.936188172671037364e+02
1.110000000000000000e+02 1.000599343279003620e+03
1.120000000000000000e+02 1.013073654484271287e+03
1.130000000000000000e+02 1.019663551921498652e+03
1.140000000000000000e+02 1.033289262312502387e+03
1.150000000000000000e+02 1.039629010071285620e+03
1.160000000000000000e+02 1.045619551026655017e+03
1.170000000000000000e+02 1.054063059785299174e+03
1.180000000000000000e+02 1.060628571510821075e+03
1.190000000000000000e+02 1.064810119984093717e+03
1.200000000000000000e+02 1.075728226807042347e+03
1.210000000000000000e+02 1.085128420751683052e+03
1.220000000000000000e+02 1.084069250957009444e+03
1.230000000000000000e+02 1.094733176390230938e+03
1.240000000000000000e+02 1.100032040173903852e+03
1.250000000000000000e+02 1.104725027977872514e+03
1.260000000000000000e+02 1.105815858393206327e+03
1.270000000000000000e+02 1.107944379259043899e+03
1.280000000000000000e+02 1.109002058305992023e+03
1.290000000000000000e+02 1.116513803734841758e+03
1.300000000000000000e+02 1.122590286905462108e+03
1.310000000000000000e+02 1.127375644576148034e+03
1.320000000000000000e+02 1.131127939596600072e+03
1.330000000000000000e+02 1.137907023656999627e+03
1.340000000000000000e+02 1.154741113299071912e+03
1.350000000000000000e+02 1.164406803161953576e+03
1.360000000000000000e+02 1.168286453022180012e+03
1.370000000000000000e+02 1.175595140565292240e+03
1.380000000000000000e+02 1.187177208788566077e+03
1.390000000000000000e+02 1.201883597164137200e+03
1.400000000000000000e+02 1.215471767257169404e+03
1.410000000000000000e+02 1.231283985596169259e+03
1.420000000000000000e+02 1.243297205009687787e+03
1.430000000000000000e+02 1.255050265825027054e+03
1.440000000000000000e+02 1.256243218716280580e+03
1.450000000000000000e+02 1.273488500279180244e+03
1.460000000000000000e+02 1.285751034426759134e+03
1.470000000000000000e+02 1.302542652350740127e+03
1.480000000000000000e+02 1.304389289530552560e+03
1.490000000000000000e+02 1.308684511418936609e+03
1.500000000000000000e+02 1.320773136490278603e+03
1.510000000000000000e+02 1.331737470300663063e+03
1.520000000000000000e+02 1.335546816613039255e+03
1.530000000000000000e+02 1.342593965749759036e+03
1.540000000000000000e+02 1.357513503074891787e+03
1.550000000000000000e+02 1.356264645161605358e+03
1.560000000000000000e+02 1.367597817918083138e+03
1.570000000000000000e+02 1.370752761908389175e+03
1.580000000000000000e+02 1.385858594791906398e+03
1.590000000000000000e+02 1.408654245766565055e+03
1.600000000000000000e+02 1.411926410354182281e+03
1.610000000000000000e+02 1.420940761370489781e+03
1.620000000000000000e+02 1.416879470552432849e+03
1.630000000000000000e+02 1.425827874939065850e+03
1.640000000000000000e+02 1.426830548647445994e+03
1.650000000000000000e+02 1.435305586663041822e+03
1.660000000000000000e+02 1.439196806488494076e+03
1.670000000000000000e+02 1.443276623822885767e+03
1.680000000000000000e+02 1.452402851030908778e+03
1.690000000000000000e+02 1.466709813443814483e+03
1.700000000000000000e+02 1.476279033805759809e+03
1.710000000000000000e+02 1.488541971843246301e+03
1.720000000000000000e+02 1.485368342739656782e+03
1.730000000000000000e+02 1.493616223047766653e+03
1.740000000000000000e+02 1.499115449985661144e+03
1.750000000000000000e+02 1.509390196378546534e+03
1.760000000000000000e+02 1.516416774032326884e+03
1.770000000000000000e+02 1.519767970964968299e+03
1.780000000000000000e+02 1.517079658382823482e+03
1.790000000000000000e+02 1.534689299319866677e+03
1.800000000000000000e+02 1.541525148754441261e+03
1.810000000000000000e+02 1.551259048571915173e+03
1.820000000000000000e+02 1.560915269361154515e+03
1.830000000000000000e+02 1.575869298097638193e+03
1.840000000000000000e+02 1.591111334516331681e+03
1.850000000000000000e+02 1.602639947130292512e+03
1.860000000000000000e+02 1.610729220529691702e+03
1.870000000000000000e+02 1.611632186145227251e+03
1.880000000000000000e+02 1.624931304425550024e+03
1.890000000000000000e+02 1.635495961079698191e+03
1.900000000000000000e+02 1.661860911311795007e+03
1.910000000000000000e+02 1.674377527823569835e+03
1.920000000000000000e+02 1.681115060224781701e+03
1.930000000000000000e+02 1.686590406761105442e+03
1.940000000000000000e+02 1.685623142457482572e+03
1.950000000000000000e+02 1.694086736947439476e+03
1.960000000000000000e+02 1.719745328911311617e+03
1.970000000000000000e+02 1.735301675705514981e+03
1.980000000000000000e+02 1.745184569925344249e+03
1.990000000000000000e+02 1.753362240616990448e+03
2.000000000000000000e+02 1.766894005736891586e+03
2.010000000000000000e+02 1.775882338000133132e+03
2.020000000000000000e+02 1.788369243951472527e+03
2.030000000000000000e+02 1.800282549037388208e+03
2.040000000000000000e+02 1.797463307807784759e+03
2.050000000000000000e+02 1.791876254420698160e+03
2.060000000000000000e+02 1.786061204675646195e+03
2.070000000000000000e+02 1.809699234901555656e+03
2.080000000000000000e+02 1.822854561969688120e+03
2.090000000000000000e+02 1.840753928476035298e+03
2.100000000000000000e+02 1.842693908531911120e+03
2.110000000000000000e+02 1.851223237299645461e+03
2.120000000000000000e+02 1.867185459807410325e+03
2.130000000000000000e+02 1.875017953185735450e+03
2.140000000000000000e+02 1.888185045608144264e+03
2.150000000000000000e+02 1.893594367780928678e+03
2.160000000000000000e+02 1.922201516572559058e+03
2.170000000000000000e+02 1.925488418510809879e+03
2.180000000000000000e+02 1.929102328550709899e+03
2.190000000000000000e+02 1.926565138690044705e+03
2.200000000000000000e+02 1.938852435375444429e+03
2.210000000000000000e+02 1.943492587920690085e+03
2.220000000000000000e+02 1.958610729208868179e+03
2.230000000000000000e+02 1.966858889359595423e+03
2.240000000000000000e+02 1.968021103144760446e+03
2.250000000000000000e+02 1.977706229072075530e+03
2.260000000000000000e+02 1.993783677676238312e+03
2.270000000000000000e+02 2.005780638564959418e+03
2.280000000000000000e+02 2.012836332397846036e+03
2.290000000000000000e+02 2.032109115228570545e+03
2.300000000000000000e+02 2.039547493101488271e+03
2.310000000000000000e+02 2.050498947810451227e+03
2.320000000000000000e+02 2.054275336459850678e+03
2.330000000000000000e+02 2.052843099120331772e+03
2.340000000000000000e+02 2.064361122285205511e+03
2.350000000000000000e+02 2.073129812990400296e+03
2.360000000000000000e+02 2.073455211840243010e+03
2.370000000000000000e+02 2.086813871283407934e+03
2.380000000000000000e+02 2.086968177879339237e+03
2.390000000000000000e+02 2.091877778037156986e+03
2.400000000000000000e+02 2.090360599592876042e+03
2.410000000000000000e+02 2.103506197902481290e+03
2.420000000000000000e+02 2.106493438008980775e+03
2.430000000000000000e+02 2.115197553165889531e+03
2.440000000000000000e+02 2.123024790620077965e+03
2.450000000000000000e+02 2.132432629258329143e+03
2.460000000000000000e+02 2.130118544700955681e+03
2.470000000000000000e+02 2.131533072074761094e+03
2.480000000000000000e+02 2.135840591767546812e+03
2.490000000000000000e+02 2.142388843377372723e+03
2.500000000000000000e+02 2.144095761162705003e+03
2.510000000000000000e+02 2.158047275893162350e+03
2.520000000000000000e+02 2.173639331058415792e+03
2.530000000000000000e+02 2.194632140827030071e+03
2.540000000000000000e+02 2.207644715258302767e+03
2.550000000000000000e+02 2.197950442809039032e+03
2.560000000000000000e+02 2.206109074159255670e+03
2.570000000000000000e+02 2.207835233770957075e+03
2.580000000000000000e+02 2.217461187749131568e+03
2.590000000000000000e+02 2.228473656080782803e+03
2.600000000000000000e+02 2.228831244863376924e+03
2.610000000000000000e+02 2.242492598869417634e+03
2.620000000000000000e+02 2.251231646363483378e+03
2.630000000000000000e+02 2.259314245869881688e+03
2.640000000000000000e+02 2.275115379697938351e+03
2.650000000000000000e+02 2.287211501916563520e+03
2.660000000000000000e+02 2.294075494596255339e+03
2.670000000000000000e+02 2.307697548754295894e+03
2.680000000000000000e+02 2.313149135533590197e+03
2.690000000000000000e+02 2.330817737671191480e+03
2.700000000000000000e+02 2.341891286373413095e+03
2.710000000000000000e+02 2.351601534122634348e+03
2.720000000000000000e+02 2.368226997409451997e+03
2.730000000000000000e+02 2.374996104159617062e+03
2.740000000000000000e+02 2.377169320682756734e+03
2.750000000000000000e+02 2.384559920696668087e+03
2.760000000000000000e+02 2.392625307862427235e+03
2.770000000000000000e+02 2.388732526382657852e+03
2.780000000000000000e+02 2.414138835259305779e+03
2.790000000000000000e+02 2.414194604716816684e+03
2.800000000000000000e+02 2.426782733242416725e+03
2.810000000000000000e+02 2.440073611377467842e+03
2.820000000000000000e+02 2.458063018605794696e+03
2.830000000000000000e+02 2.469520534834663522e+03
2.840000000000000000e+02 2.483577351763186471e+03
2.850000000000000000e+02 2.486514992187568168e+03
2.860000000000000000e+02 2.488825167393106312e+03
2.870000000000000000e+02 2.501411163968687106e+03
2.880000000000000000e+02 2.494872648867571115e+03
2.890000000000000000e+02 2.508742286173086541e+03
2.900000000000000000e+02 2.520311681857292569e+03
2.910000000000000000e+02 2.537230000305327849e+03
2.920000000000000000e+02 2.553372057933928772e+03
2.930000000000000000e+02 2.560457806490614075e+03
2.940000000000000000e+02 2.557925696360381608e+03
2.950000000000000000e+02 2.548833607992980433e+03
2.960000000000000000e+02 2.566246789134843766e+03
2.970000000000000000e+02 2.584302164020914461e+03
2.980000000000000000e+02 2.601389818136549366e+03
2.990000000000000000e+02 2.610482491876078257e+03
3.000000000000000000e+02 2.626439526769249824e+03
3.010000000000000000e+02 2.629919214550328888e+03
3.020000000000000000e+02 2.641322058722278598e+03
3.030000000000000000e+02 2.648355346541261042e+03
3.040000000000000000e+02 2.649645654087338698e+03
3.050000000000000000e+02 2.653738199102690032e+03
3.060000000000000000e+02 2.663806029058005606e+03
3.070000000000000000e+02 2.658844821772851901e+03
3.080000000000000000e+02 2.673655285780543181e+03
3.090000000000000000e+02 2.678105005852983595e+03
3.100000000000000000e+02 2.673753100095272202e+03
3.110000000000000000e+02 2.671656130933184613e+03
3.120000000000000000e+02 2.672141763602769515e+03
3.130000000000000000e+02 2.680381293627669947e+03
3.140000000000000000e+02 2.679001150479812168e+03
3.150000000000000000e+02 2.680401045124288430e+03
3.160000000000000000e+02 2.691309029986134192e+03
3.170000000000000000e+02 2.702231554695358682e+03
3.180000000000000000e+02 2.707486136435958997e+03
3.190000000000000000e+02 2.731254870618797668e+03
3.200000000000000000e+02 2.741430698310354728e+03
3.210000000000000000e+02 2.752202723291522943e+03
3.220000000000000000e+02 2.756468338796156331e+03
3.230000000000000000e+02 2.770389521178266932e+03
3.240000000000000000e+02 2.767816900340574193e+03
3.250000000000000000e+02 2.785182904532841803e+03
3.260000000000000000e+02 2.804912902751380443e+03
3.270000000000000000e+02 2.813407187117278227e+03
3.280000000000000000e+02 2.808597210201966845e+03
3.290000000000000000e+02 2.812354190874148571e+03
3.300000000000000000e+02 2.841290620464765652e+03
3.310000000000000000e+02 2.848327155666331237e+03
3.320000000000000000e+02 2.854813964885499900e+03
3.330000000000000000e+02 2.848687836604938184e+03
3.340000000000000000e+02 2.850860427159242590e+03
3.350000000000000000e+02 2.859283003749164891e+03
3.360000000000000000e+02 2.876621285825259292e+03
3.370000000000000000e+02 2.883903284321781484e+03
3.380000000000000000e+02 2.882947342693053088e+03
3.390000000000000000e+02 2.891428576198543396e+03
3.400000000000000000e+02 2.899757278106814738e+03
3.410000000000000000e+02 2.904444694079727014e+03
3.420000000000000000e+02 2.912069316367943884e+03
3.430000000000000000e+02 2.919830836191897106e+03
3.440000000000000000e+02 2.921090565629944194e+03
3.450000000000000000e+02 2.918540118042855738e+03
3.460000000000000000e+02 2.937878438213483150e+03
3.470000000000000000e+02 2.951747474225103360e+03
3.480000000000000000e+02 2.945699610274250063e+03
3.490000000000000000e+02 2.945305871098243642e+03
3.500000000000000000e+02 2.957079582736468637e+03
3.510000000000000000e+02 2.959236398164952789e+03
3.520000000000000000e+02 2.959880425136307167e+03
3.530000000000000000e+02 2.964617792381022809e+03
3.540000000000000000e+02 2.981011543563352916e+03
3.550000000000000000e+02 2.991692235835138945e+03
3.560000000000000000e+02 2.996644198276237148e+03
3.570000000000000000e+02 3.004639544289601417e+03
3.580000000000000000e+02 3.008066553353165091e+03
3.590000000000000000e+02 3.022791068917548273e+03
3.600000000000000000e+02 3.020204293599413631e+03
3.610000000000000000e+02 3.019788075932688116e+03
3.620000000000000000e+02 3.025922623341227336e+03
3.630000000000000000e+02 3.038632527085247148e+03
3.640000000000000000e+02 3.035358607391429814e+03
3.650000000000000000e+02 3.059584072796601959e+03
3.660000000000000000e+02 3.058644350048814886e+03
3.670000000000000000e+02 3.053755151770792054e+03
3.680000000000000000e+02 3.060864792865603704e+03
3.690000000000000000e+02 3.086926290788028382e+03
3.700000000000000000e+02 3.093183239462904112e+03
3.710000000000000000e+02 3.112583088089290413e+03
3.720000000000000000e+02 3.105147663283021302e+03
3.730000000000000000e+02 3.105692280858467257e+03
3.740000000000000000e+02 3.123324848902257145e+03
3.750000000000000000e+02 3.117079972846106102e+03
3.760000000000000000e+02 3.130570228688687166e+03
3.770000000000000000e+02 3.133722842326045793e+03
3.780000000000000000e+02 3.155348314292084979e+03
3.790000000000000000e+02 3.161897156108219860e+03
3.800000000000000000e+02 3.168713377218039113e+03
3.810000000000000000e+02 3.171618385252704684e+03
3.820000000000000000e+02 3.186208072238163368e+03
3.830000000000000000e+02 3.200282136077560153e+03
3.840000000000000000e+02 3.203154783780675643e+03
3.850000000000000000e+02 3.211936239775713148e+03
3.860000000000000000e+02 3.225938361964229443e+03
3.870000000000000000e+02 3.228431868421606396e+03
3.880000000000000000e+02 3.207676093351827603e+03
3.890000000000000000e+02 3.229280584368870223e+03
3.900000000000000000e+02 3.238330105154567718e+03
3.910000000000000000e+02 3.232064908716776245e+03
3.920000000000000000e+02 3.227808308940409916e+03
3.930000000000000000e+02 3.248638679697198313e+03
3.940000000000000000e+02 3.254289468149479490e+03
3.950000000000000000e+02 3.265837869110544489e+03
3.960000000000000000e+02 3.272537055133084777e+03
3.970000000000000000e+02 3.274321807776137575e+03
3.980000000000000000e+02 3.302454232012987177e+03
3.990000000000000000e+02 3.300164306686469445e+03
4.000000000000000000e+02 3.315713951110208200e+03
4.010000000000000000e+02 3.322012788566897598e+03
4.020000000000000000e+02 3.331354971369231862e+03
4.030000000000000000e+02 3.344246892156018475e+03
4.040000000000000000e+02 3.344700912815168522e+03
4.050000000000000000e+02 3.349239307369007292e+03
4.060000000000000000e+02 3.357742313767669657e+03
4.070000000000000000e+02 3.353773411355793996e+03
4.080000000000000000e+02 3.367002404935841696e+03
4.090000000000000000e+02 3.371614718021678527e+03
4.100000000000000000e+02 3.392207298420747065e+03
4.110000000000000000e+02 3.403588492205818056e+03
4.120000000000000000e+02 3.427400295792018369e+03
4.130000000000000000e+02 3.423883851349535689e+03
4.140000000000000000e+02 3.430406161303554200e+03
4.150000000000000000e+02 3.422111901494406084e+03
4.160000000000000000e+02 3.417576365848745354e+03
4.170000000000000000e+02 3.425190004739693450e+03
4.180000000000000000e+02 3.447192680038555864e+03
4.190000000000000000e+02 3.451267599011019684e+03
4.200000000000000000e+02 3.466417156533056186e+03
4.210000000000000000e+02 3.478143814368074345e+03
4.220000000000000000e+02 3.481512841607795508e+03
4.230000000000000000e+02 3.491445158256579816e+03
4.240000000000000000e+02 3.501083889602262843e+03
4.250000000000000000e+02 3.491244247212438040e+03
4.260000000000000000e+02 3.501630862186632839e+03
4.270000000000000000e+02 3.504450884638805746e+03
4.280000000000000000e+02 3.494960443933991883e+03
4.290000000000000000e+02 3.489927030809279131e+03
4.300000000000000000e+02 3.495220219128053486e+03
4.310000000000000000e+02 3.500193924533637983e+03
4.320000000000000000e+02 3.510960329954863482e+03
4.330000000000000000e+02 3.535312113605454215e+03
4.340000000000000000e+02 3.552450100898161054e+03
4.350000000000000000e+02 3.557644592129706780e+03
4.360000000000000000e+02 3.548397035130995846e+03
4.370000000000000000e+02 3.560539564914728999e+03
4.380000000000000000e+02 3.578367566607365006e+03
4.390000000000000000e+02 3.598376226313363077e+03
4.400000000000000000e+02 3.612333217475852052e+03
4.410000000000000000e+02 3.614612381817285495e+03
4.420000000000000000e+02 3.642972878566803047e+03
4.430000000000000000e+02 3.659686741226287722e+03
4.440000000000000000e+02 3.672915496549283489e+03
4.450000000000000000e+02 3.690580832023826588e+03
4.460000000000000000e+02 3.690554740214530739e+03
4.470000000000000000e+02 3.692614257037440439e+03
4.480000000000000000e+02 3.698657048919904355e+03
4.490000000000000000e+02 3.703616072170210828e+03
4.500000000000000000e+02 3.710864168865935881e+03
4.510000000000000000e+02 3.719968795559444516e+03
4.520000000000000000e+02 3.729277084204181392e+03
4.530000000000000000e+02 3.748767640933768234e+03
4.540000000000000000e+02 3.749051082933724501e+03
4.550000000000000000e+02 3.745560815058064691e+03
4.560000000000000000e+02 3.756292363294763163e+03
4.570000000000000000e+02 3.776098298242869078e+03
4.580000000000000000e+02 3.776163332032466315e+03
4.590000000000000000e+02 3.788535259281517938e+03
4.600000000000000000e+02 3.786360797448858193e+03
4.610000000000000000e+02 3.805463407379228556e+03
4.620000000000000000e+02 3.819434015528768668e+03
4.630000000000000000e+02 3.818751027452029120e+03
4.640000000000000000e+02 3.825036256356706872e+03
4.650000000000000000e+02 3.836896256854498915e+03
4.660000000000000000e+02 3.843247889091423986e+03
4.670000000000000000e+02 3.871086707551974541e+03
4.680000000000000000e+02 3.886061751124536386e+03
4.690000000000000000e+02 3.889403760372965735e+03
4.700000000000000000e+02 3.910490856353799700e+03
4.710000000000000000e+02 3.929802844853050829e+03
4.720000000000000000e+02 3.949687547009318223e+03
4.730000000000000000e+02 3.950791323642855332e+03
4.740000000000000000e+02 3.966810684952377869e+03
4.750000000000000000e+02 3.960431032818677068e+03
4.760000000000000000e+02 3.983472370969454005e+03
4.770000000000000000e+02 3.990744789057364869e+03
4.780000000000000000e+02 3.991576912885347156e+03
4.790000000000000000e+02 4.004500315634391427e+03
4.800000000000000000e+02 4.016916341899511735e+03
4.810000000000000000e+02 4.043722835678137471e+03
4.820000000000000000e+02 4.045633614997603672e+03
4.830000000000000000e+02 4.032953650330277469e+03
4.840000000000000000e+02 4.048398636089569209e+03
4.850000000000000000e+02 4.054520186978200854e+03
4.860000000000000000e+02 4.062440881162840924e+03
4.870000000000000000e+02 4.067729616987820009e+03
4.880000000000000000e+02 4.060511979736133981e+03
4.890000000000000000e+02 4.064746848210123972e+03
4.900000000000000000e+02 4.078486681033492459e+03
4.910000000000000000e+02 4.079742474958944058e+03
4.920000000000000000e+02 4.080811224614960793e+03
4.930000000000000000e+02 4.113263100733797728e+03
4.940000000000000000e+02 4.109019229689874010e+03
4.950000000000000000e+02 4.097074857760026134e+03
4.960000000000000000e+02 4.106881206217771251e+03
4.970000000000000000e+02 4.097729374751191244e+03
4.980000000000000000e+02 4.119083467277375348e+03
4.990000000000000000e+02 4.120637217191619129e+03
5.000000000000000000e+02 4.134004153679038609e+03
5.010000000000000000e+02 4.142308303893543780e+03
5.020000000000000000e+02 4.160132595339687214e+03
5.030000000000000000e+02 4.175369352067205000e+03
5.040000000000000000e+02 4.170659490964168072e+03
5.050000000000000000e+02 4.179879445075331205e+03
5.060000000000000000e+02 4.200382421350849654e+03
5.070000000000000000e+02 4.196897952067099141e+03
5.080000000000000000e+02 4.204644088758325779e+03
5.090000000000000000e+02 4.212287811175707247e+03
5.100000000000000000e+02 4.193294991407386078e+03
5.110000000000000000e+02 4.211492218398909245e+03
5.120000000000000000e+02 4.222922784696558665e+03
5.130000000000000000e+02 4.245904157829108044e+03
5.140000000000000000e+02 4.235336158992991841e+03
5.150000000000000000e+02 4.249346222674301316e+03
5.160000000000000000e+02 4.257679877485193174e+03
5.170000000000000000e+02 4.277379616101091415e+03
5.180000000000000000e+02 4.270230316317030884e+03
5.190000000000000000e+02 4.290145689563047199e+03
5.200000000000000000e+02 4.298382164221097810e+03
5.210000000000000000e+02 4.306912339605429224e+03
5.220000000000000000e+02 4.302476528035980664e+03
5.230000000000000000e+02 4.330051704337719457e+03
5.240000000000000000e+02 4.367089056442007859e+03
5.250000000000000000e+02 4.373743580224776451e+03
5.260000000000000000e+02 4.364852634684188160e+03
5.270000000000000000e+02 4.372923651612120921e+03
5.280000000000000000e+02 4.368772151763413603e+03
5.290000000000000000e+02 4.383105551253356680e+03
5.300000000000000000e+02 4.386925831124754950e+03
5.310000000000000000e+02 4.409702277898469220e+03
5.320000000000000000e+02 4.426381127758407274e+03
5.330000000000000000e+02 4.416783290551503342e+03
5.340000000000000000e+02 4.424725533960235225e+03
5.350000000000000000e+02 4.442765105329973267e+03
5.360000000000000000e+02 4.448295268369120095e+03
5.370000000000000000e+02 4.459889915673278665e+03
5.380000000000000000e+02 4.464613564162652438e+03
5.390000000000000000e+02 4.459403790447254323e+03
5.400000000000000000e+02 4.478594661202498173e+03
5.410000000000000000e+02 4.493277375800652408e+03
5.420000000000000000e+02 4.522558400678324688e+03
5.430000000000000000e+02 4.518363439096514412e+03
5.440000000000000000e+02 4.517055775312517653e+03
5.450000000000000000e+02 4.512913614636755483e+03
5.460000000000000000e+02 4.529365704335489681e+03
5.470000000000000000e+02 4.547811624825444596e+03
5.480000000000000000e+02 4.555822875446075159e+03
5.490000000000000000e+02 4.572345728055690415e+03
5.500000000000000000e+02 4.581867500310168907e+03
5.510000000000000000e+02 4.601569853812879956e+03
5.520000000000000000e+02 4.624841357042885647e+03
5.530000000000000000e+02 4.634191022078488459e+03
5.540000000000000000e+02 4.646132719191566139e+03
5.550000000000000000e+02 4.655958952287304783e+03
5.560000000000000000e+02 4.663636209497414711e+03
5.570000000000000000e+02 4.690580258307290023e+03
5.580000000000000000e+02 4.709953188101069827e+03
5.590000000000000000e+02 4.715807111031038403e+03
5.600000000000000000e+02 4.708274133588975019e+03
5.610000000000000000e+02 4.710853844181187924e+03
5.620000000000000000e+02 4.720515607367330631e+03
5.630000000000000000e+02 4.741380711305959267e+03
5.640000000000000000e+02 4.747375175729983312e+03
5.650000000000000000e+02 4.761399679135257429e+03
5.660000000000000000e+02 4.768481109562098027e+03
5.670000000000000000e+02 4.783609900582870068e+03
5.680000000000000000e+02 4.786567189786611380e+03
5.690000000000000000e+02 4.792743822878157516e+03
5.700000000000000000e+02 4.786966149528948336e+03
5.710000000000000000e+02 4.788735472131968891e+03
5.720000000000000000e+02 4.788655441750245700e+03
5.730000000000000000e+02 4.786612413530635422e+03
5.740000000000000000e+02 4.793016462502505419e+03
5.750000000000000000e+02 4.795809838854875125e+03
5.760000000000000000e+02 4.781323342112736100e+03
5.770000000000000000e+02 4.803752527213181565e+03
5.780000000000000000e+02 4.809588041112191604e+03
5.790000000000000000e+02 4.814962434296012361e+03
5.800000000000000000e+02 4.818107266779106794e+03
5.810000000000000000e+02 4.819293912938120229e+03
5.820000000000000000e+02 4.807792686840400165e+03
5.830000000000000000e+02 4.824590169098798469e+03
5.840000000000000000e+02 4.841009489142576967e+03
5.850000000000000000e+02 4.847398518799781414e+03
5.860000000000000000e+02 4.836156524802759122e+03
5.870000000000000000e+02 4.843269892013992830e+03
5.880000000000000000e+02 4.845294121679350610e+03
5.890000000000000000e+02 4.850439102044566425e+03
5.900000000000000000e+02 4.848370697106666739e+03
5.910000000000000000e+02 4.859926167460263969e+03
5.920000000000000000e+02 4.874357434979448954e+03
5.930000000000000000e+02 4.872637757232301738e+03
5.940000000000000000e+02 4.881407207409831244e+03
5.950000000000000000e+02 4.901307070694680988e+03
5.960000000000000000e+02 4.909058780869263501e+03
5.970000000000000000e+02 4.910024971420087240e+03
5.980000000000000000e+02 4.927687790895609396e+03
5.990000000000000000e+02 4.918347135096811144e+03
6.000000000000000000e+02 4.913762389706984322e+03
6.010000000000000000e+02 4.923968835926911197e+03
6.020000000000000000e+02 4.944747973263050881e+03
6.030000000000000000e+02 4.935874567918097455e+03
6.040000000000000000e+02 4.956016099292116451e+03
6.050000000000000000e+02 4.955817034998281088e+03
6.060000000000000000e+02 4.977023999111952435e+03
6.070000000000000000e+02 5.000584173686686881e+03
6.080000000000000000e+02 4.985556028136134046e+03
6.090000000000000000e+02 4.994303318118340030e+03
6.100000000000000000e+02 4.994396597885142910e+03
6.110000000000000000e+02 5.013076331543277774e+03
6.120000000000000000e+02 5.007295637011256986e+03
6.130000000000000000e+02 5.026645870652511803e+03
6.140000000000000000e+02 5.014976977261451793e+03
6.150000000000000000e+02 5.015150901771217832e+03
6.160000000000000000e+02 5.039105518248651606e+03
6.170000000000000000e+02 5.038309735952765550e+03
6.180000000000000000e+02 5.032998692529066830e+03
6.190000000000000000e+02 5.049083568518049105e+03
6.200000000000000000e+02 5.064419294737767814e+03
6.210000000000000000e+02 5.092114090060365015e+03
6.220000000000000000e+02 5.112090695965463965e+03
6.230000000000000000e+02 5.117115182113688206e+03
6.240000000000000000e+02 5.128884499745920039e+03
6.250000000000000000e+02 5.154679529900917260e+03
6.260000000000000000e+02 5.162907321479318853e+03
6.270000000000000000e+02 5.153638343491257729e+03
6.280000000000000000e+02 5.138046297505505208e+03
6.290000000000000000e+02 5.131146063507321742e+03
6.300000000000000000e+02 5.137783831919698059e+03
6.310000000000000000e+02 5.157060316924864310e+03
6.320000000000000000e+02 5.136628184585500094e+03
6.330000000000000000e+02 5.155697512583356001e+03
6.340000000000000000e+02 5.157966504393778450e+03
6.350000000000000000e+02 5.164873019659628881e+03
6.360000000000000000e+02 5.166996741011514132e+03
6.370000000000000000e+02 5.179529048358930595e+03
6.380000000000000000e+02 5.198230291150592166e+03
6.390000000000000000e+02 5.224104384511409080e+03
6.400000000000000000e+02 5.220802216860894077e+03
6.410000000000000000e+02 5.233356806220767794e+03
6.420000000000000000e+02 5.240451431314835645e+03
6.430000000000000000e+02 5.246522958948440646e+03
6.440000000000000000e+02 5.247639513376406285e+03
6.450000000000000000e+02 5.237787603682652843e+03
6.460000000000000000e+02 5.253332908999787833e+03
6.470000000000000000e+02 5.245973842986910313e+03
6.480000000000000000e+02 5.262990668445985648e+03
6.490000000000000000e+02 5.288512948806496752e+03
6.500000000000000000e+02 5.305832195197213878e+03
6.510000000000000000e+02 5.310250344406952536e+03
6.520000000000000000e+02 5.304843798720305131e+03
6.530000000000000000e+02 5.317196662709010525e+03
6.540000000000000000e+02 5.345286023460061188e+03
6.550000000000000000e+02 5.362898932738818985e+03
6.560000000000000000e+02 5.388312924203765760e+03
6.570000000000000000e+02 5.408964565031771599e+03
6.580000000000000000e+02 5.425743456031564165e+03
6.590000000000000000e+02 5.441838593914661942e+03
6.600000000000000000e+02 5.454651423817698742e+03
6.610000000000000000e+02 5.442661440353117541e+03
6.620000000000000000e+02 5.451779015560555308e+03
6.630000000000000000e+02 5.467493132442756178e+03
6.640000000000000000e+02 5.463267419498746676e+03
6.650000000000000000e+02 5.467392896249602018e+03
6.660000000000000000e+02 5.473203818486163982e+03
6.670000000000000000e+02 5.482380795580426820e+03
6.680000000000000000e+02 5.498866977106801642e+03
6.690000000000000000e+02 5.523013837982447512e+03
6.700000000000000000e+02 5.524555132373637207e+03
6.710000000000000000e+02 5.523885074716445160e+03
6.720000000000000000e+02 5.540804564482632486e+03
6.730000000000000000e+02 5.535905180978971657e+03
6.740000000000000000e+02 5.542239681517884492e+03
6.750000000000000000e+02 5.552323830051706864e+03
6.760000000000000000e+02 5.553006303222558017e+03
6.770000000000000000e+02 5.555747738706084419e+03
6.780000000000000000e+02 5.561739230426316681e+03
6.790000000000000000e+02 5.593787658764128537e+03
6.800000000000000000e+02 5.606658518142094181e+03
6.810000000000000000e+02 5.611968767257661966e+03
6.820000000000000000e+02 5.612660432347634014e+03
6.830000000000000000e+02 5.621310843290742014e+03
6.840000000000000000e+02 5.636953302266196260e+03
6.850000000000000000e+02 5.657001839595941419e+03
6.860000000000000000e+02 5.671405303316000754e+03
6.870000000000000000e+02 5.682757322019909225e+03
6.880000000000000000e+02 5.698429842755696882e+03
6.890000000000000000e+02 5.699222585480413727e+03
6.900000000000000000e+02 5.723406235601290064e+03
6.910000000000000000e+02 5.700087966971646892e+03
6.920000000000000000e+02 5.685847479959748853e+03
6.930000000000000000e+02 5.684081064544882793e+03
6.940000000000000000e+02 5.692983586316478068e+03
6.950000000000000000e+02 5.723952104279859668e+03
6.960000000000000000e+02 5.712938144513826956e+03
6.970000000000000000e+02 5.725086157621471102e+03
6.980000000000000000e+02 5.733188212499473593e+03
6.990000000000000000e+02 5.743894052643353461e+03
7.000000000000000000e+02 5.733376525214584035e+03
7.010000000000000000e+02 5.723903448638729060e+03
7.020000000000000000e+02 5.727664543479531858e+03
7.030000000000000000e+02 5.722904186297520937e+03
7.040000000000000000e+02 5.734359472585499134e+03
7.050000000000000000e+02 5.753467830539085298e+03
7.060000000000000000e+02 5.740833230587418257e+03
7.070000000000000000e+02 5.740291028236948478e+03
7.080000000000000000e+02 5.746213159388868007e+03
7.090000000000000000e+02 5.754352984393482075e+03
7.100000000000000000e+02 5.745502556391158578e+03
7.110000000000000000e+02 5.757559910861195021e+03
7.120000000000000000e+02 5.755380778435453976e+03
7.130000000000000000e+02 5.768627154810919819e+03
7.140000000000000000e+02 5.770087295939709293e+03
7.150000000000000000e+02 5.773618079893677532e+03
7.160000000000000000e+02 5.753525441115743888e+03
7.170000000000000000e+02 5.750725508438448742e+03
7.180000000000000000e+02 5.764332335724228869e+03
7.190000000000000000e+02 5.781804113521710860e+03
7.200000000000000000e+02 5.748483584526858067e+03
7.210000000000000000e+02 5.741067301304979082e+03
7.220000000000000000e+02 5.770508335134704794e+03
7.230000000000000000e+02 5.775932744437734073e+03
7.240000000000000000e+02 5.791066594576175703e+03
7.250000000000000000e+02 5.782084473638375130e+03
7.260000000000000000e+02 5.802976178869969772e+03
7.270000000000000000e+02 5.825957695860719468e+03
7.280000000000000000e+02 5.815888563641176006e+03
7.290000000000000000e+02 5.846562207563671109e+03
7.300000000000000000e+02 5.853825864890101002e+03
7.310000000000000000e+02 5.867919740401030140e+03
7.320000000000000000e+02 5.871684512643149901e+03
7.330000000000000000e+02 5.885705936026951349e+03
7.340000000000000000e+02 5.923294590014423193e+03
7.350000000000000000e+02 5.921528537463475914e+03
7.360000000000000000e+02 5.946014138030567665e+03
7.370000000000000000e+02 5.957803832310023608e+03
7.380000000000000000e+02 5.951552891574795467e+03
7.390000000000000000e+02 5.953459616359907159e+03
7.400000000000000000e+02 5.949856897688257959e+03
7.410000000000000000e+02 5.954867074439773205e+03
7.420000000000000000e+02 5.942117787122623668e+03
7.430000000000000000e+02 5.920283060690160710e+03
7.440000000000000000e+02 5.942618175010658888e+03
7.450000000000000000e+02 5.946806459048571014e+03
7.460000000000000000e+02 5.962597278523158820e+03
7.470000000000000000e+02 6.001938235179252842e+03
7.480000000000000000e+02 5.987045337329019276e+03
7.490000000000000000e+02 6.018856235339607338e+03
7.500000000000000000e+02 5.984751786021608496e+03
7.510000000000000000e+02 5.992172115637575189e+03
7.520000000000000000e+02 6.020076158770083566e+03
7.530000000000000000e+02 6.036991990156304382e+03
7.540000000000000000e+02 6.024544276841616011e+03
7.550000000000000000e+02 6.006045772135647894e+03
7.560000000000000000e+02 6.009172055875272235e+03
7.570000000000000000e+02 6.035216680727844505e+03
7.580000000000000000e+02 6.030127108563525326e+03
7.590000000000000000e+02 6.028396057982740786e+03
7.600000000000000000e+02 6.041963565607856253e+03
7.610000000000000000e+02 6.059658832619066743e+03
7.620000000000000000e+02 6.073168817596871122e+03
7.630000000000000000e+02 6.086957119007595793e+03
7.640000000000000000e+02 6.059439913277384221e+03
7.650000000000000000e+02 6.055228898972362003e+03
7.660000000000000000e+02 6.060619239150274552e+03
7.670000000000000000e+02 6.058570046072616606e+03
7.680000000000000000e+02 6.078106630610099273e+03
7.690000000000000000e+02 6.096772739006360098e+03
7.700000000000000000e+02 6.106859108111389105e+03
7.710000000000000000e+02 6.120720361870850866e+03
7.720000000000000000e+02 6.129943861192532495e+03
7.730000000000000000e+02 6.131333531036148997e+03
7.740000000000000000e+02 6.140573528564968001e+03
7.750000000000000000e+02 6.117409670992610700e+03
7.760000000000000000e+02 6.130463141892614658e+03
7.770000000000000000e+02 6.138931829224140529e+03
7.780000000000000000e+02 6.171991611454242957e+03
7.790000000000000000e+02 6.175608393525291831e+03
7.800000000000000000e+02 6.151578330794881367e+03
7.810000000000000000e+02 6.178717766088107055e+03
7.820000000000000000e+02 6.177368362893721496e+03
7.830000000000000000e+02 6.194509987628994168e+03
7.840000000000000000e+02 6.201729354480859911e+03
7.850000000000000000e+02 6.200320480146954651e+03
7.860000000000000000e+02 6.200149627481139760e+03
7.870000000000000000e+02 6.215277938098463892e+03
7.880000000000000000e+02 6.247322368284005279e+03
7.890000000000000000e+02 6.234855598826475216e+03
7.900000000000000000e+02 6.247470201458113479e+03
7.910000000000000000e+02 6.271466902317883978e+03
7.920000000000000000e+02 6.274685450207451140e+03
7.930000000000000000e+02 6.263372462527452626e+03
7.940000000000000000e+02 6.270318958680433752e+03
7.950000000000000000e+02 6.289963025630904667e+03
7.960000000000000000e+02 6.308703115757734849e+03
7.970000000000000000e+02 6.339852255347465871e+03
7.980000000000000000e+02 6.329079440425967732e+03
7.990000000000000000e+02 6.333532199271481659e+03
8.000000000000000000e+02 6.313088651747203585e+03
8.010000000000000000e+02 6.312261468200058516e+03
8.020000000000000000e+02 6.299103536741915377e+03
8.030000000000000000e+02 6.303597535542746300e+03
8.040000000000000000e+02 6.310805432269212361e+03
8.050000000000000000e+02 6.315538384967364436e+03
8.060000000000000000e+02 6.339324815923022470e+03
8.070000000000000000e+02 6.329158221502833840e+03
8.080000000000000000e+02 6.351458921589038255e+03
8.090000000000000000e+02 6.390239048676795392e+03
8.100000000000000000e+02 6.381890501337840760e+03
8.110000000000000000e+02 6.368586879057759688e+03
8.120000000000000000e+02 6.374962900400333638e+03
8.130000000000000000e+02 6.376760734676665379e+03
8.140000000000000000e+02 6.398737756807010555e+03
8.150000000000000000e+02 6.389439989610954399e+03
8.160000000000000000e+02 6.384893705071639488e+03
8.170000000000000000e+02 6.401585596084430108e+03
8.180000000000000000e+02 6.434137426009740921e+03
8.190000000000000000e+02 6.453384818995810747e+03
8.200000000000000000e+02 6.465174047876978875e+03
8.210000000000000000e+02 6.475384633643422603e+03
8.220000000000000000e+02 6.458349733955443298e+03
8.230000000000000000e+02 6.460213748264735841e+03
8.240000000000000000e+02 6.484479153994463559e+03
8.250000000000000000e+02 6.505762843384371990e+03
8.260000000000000000e+02 6.513022973018514676e+03
8.270000000000000000e+02 6.499411404214853974e+03
8.280000000000000000e+02 6.515565357797272554e+03
8.290000000000000000e+02 6.519952650588437791e+03
8.300000000000000000e+02 6.503126966076974895e+03
8.310000000000000000e+02 6.506111878960430658e+03
8.320000000000000000e+02 6.533807582478847507e+03
8.330000000000000000e+02 6.550217367976654714e+03
8.340000000000000000e+02 6.544749224708125439e+03
8.350000000000000000e+02 6.555154673344571165e+03
8.360000000000000000e+02 6.548168986803364533e+03
8.370000000000000000e+02 6.554152057140656325e+03
8.380000000000000000e+02 6.582070470766505423e+03
8.390000000000000000e+02 6.582880803731474771e+03
8.400000000000000000e+02 6.580447775494602865e+03
8.410000000000000000e+02 6.595582605139580664e+03
8.420000000000000000e+02 6.604478256293315098e+03
8.430000000000000000e+02 6.629078508377983781e+03
8.440000000000000000e+02 6.649618932540596688e+03
8.450000000000000000e+02 6.674110913890981465e+03
8.460000000000000000e+02 6.671874940585203149e+03
8.470000000000000000e+02 6.690872656438345984e+03
8.480000000000000000e+02 6.698828236001369987e+03
8.490000000000000000e+02 6.704428813077031919e+03
8.500000000000000000e+02 6.724938274455062128e+03
8.510000000000000000e+02 6.725388243822150798e+03
8.520000000000000000e+02 6.715985629789721315e+03
8.530000000000000000e+02 6.735640073302579367e+03
8.540000000000000000e+02 6.740153744931953042e+03
8.550000000000000000e+02 6.750022621626175351e+03
8.560000000000000000e+02 6.758428742163582683e+03
8.570000000000000000e+02 6.754305013781113303e+03
8.580000000000000000e+02 6.771654008005954893e+03
8.590000000000000000e+02 6.786728200962195842e+03
8.600000000000000000e+02 6.772985776990728482e+03
8.610000000000000000e+02 6.765676622273724206e+03
8.620000000000000000e+02 6.788291871280513988e+03
8.630000000000000000e+02 6.795580780883982698e+03
8.640000000000000000e+02 6.805880160600644558e+03
8.650000000000000000e+02 6.822609792046990151e+03
8.660000000000000000e+02 6.829517249630683182e+03
8.670000000000000000e+02 6.840983095572137245e+03
8.680000000000000000e+02 6.839302961886361118e+03
8.690000000000000000e+02 6.847907427667913907e+03
8.700000000000000000e+02 6.866285616091768134e+03
8.710000000000000000e+02 6.873811264557053619e+03
8.720000000000000000e+02 6.890427303565409602e+03
8.730000000000000000e+02 6.919423182301038651e+03
8.740000000000000000e+02 6.940245084032094383e+03
8.750000000000000000e+02 6.937897509123470627e+03
8.760000000000000000e+02 6.961135182797124799e+03
8.770000000000000000e+02 6.956182215635462853e+03
8.780000000000000000e+02 6.957364562370638851e+03
8.790000000000000000e+02 6.962216101949684344e+03
8.800000000000000000e+02 6.970545707302961091e+03
8.810000000000000000e+02 6.961231805752941909e+03
8.820000000000000000e+02 7.000917628849858374e+03
8.830000000000000000e+02 6.993203970522556119e+03
8.840000000000000000e+02 6.975573704382620235e+03
8.850000000000000000e+02 6.972827872652567748e+03
8.860000000000000000e+02 6.975599306474110563e+03
8.870000000000000000e+02 6.964597112430552443e+03
8.880000000000000000e+02 6.972687921789557549e+03
8.890000000000000000e+02 6.978223997803361272e+03
8.900000000000000000e+02 6.980699686719551210e+03
8.910000000000000000e+02 6.990365713740043248e+03
8.920000000000000000e+02 6.998317444939202687e+03
8.930000000000000000e+02 7.003968426621191611e+03
8.940000000000000000e+02 7.009178581813046549e+03
8.950000000000000000e+02 6.975088830696828154e+03
8.960000000000000000e+02 7.017407439484723000e+03
8.970000000000000000e+02 7.000184154213887268e+03
8.980000000000000000e+02 7.011739734891601074e+03
8.990000000000000000e+02 7.030481685061914504e+03
9.000000000000000000e+02 7.023554343774346307e+03
9.010000000000000000e+02 7.025836819255072442e+03
9.020000000000000000e+02 7.025657200492770244e+03
9.030000000000000000e+02 7.014865489419385995e+03
9.040000000000000000e+02 7.011194173467331893e+03
9.050000000000000000e+02 7.011366785358515699e+03
9.060000000000000000e+02 7.031914436731062779e+03
9.070000000000000000e+02 7.030800472623802307e+03
9.080000000000000000e+02 7.034388840384342984e+03
9.090000000000000000e+02 7.039397106997980700e+03
9.100000000000000000e+02 7.033709385103806198e+03
9.110000000000000000e+02 7.050016870235181159e+03
9.120000000000000000e+02 7.078308441976329959e+03
9.130000000000000000e+02 7.073926646077898113e+03
9.140000000000000000e+02 7.093776511083773585e+03
9.150000000000000000e+02 7.102541064730299695e+03
9.160000000000000000e+02 7.103258772964559284e+03
9.170000000000000000e+02 7.107667015924947009e+03
9.180000000000000000e+02 7.103872908255241782e+03
9.190000000000000000e+02 7.126462440516638708e+03
9.200000000000000000e+02 7.113069396953248543e+03
9.210000000000000000e+02 7.154421269786924313e+03
9.220000000000000000e+02 7.164912138096196941e+03
9.230000000000000000e+02 7.130727889719494669e+03
9.240000000000000000e+02 7.156184681324846679e+03
9.250000000000000000e+02 7.150257130334946851e+03
9.260000000000000000e+02 7.165353601573077867e+03
9.270000000000000000e+02 7.165469620964582646e+03
9.280000000000000000e+02 7.146745268622562435e+03
9.290000000000000000e+02 7.152452881961105049e+03
9.300000000000000000e+02 7.157667934857977343e+03
9.310000000000000000e+02 7.160444417258420799e+03
9.320000000000000000e+02 7.135424843604470880e+03
9.330000000000000000e+02 7.140856876607662343e+03
9.340000000000000000e+02 7.159455683255687291e+03
9.350000000000000000e+02 7.141575043112229650e+03
9.360000000000000000e+02 7.154584732890477426e+03
9.370000000000000000e+02 7.193101533417986502e+03
9.380000000000000000e+02 7.196926339241847018e+03
9.390000000000000000e+02 7.202621955986699504e+03
9.400000000000000000e+02 7.194915043858560239e+03
9.410000000000000000e+02 7.200242578326952753e+03
9.420000000000000000e+02 7.226172723757522363e+03
9.430000000000000000e+02 7.225131311505083431e+03
9.440000000000000000e+02 7.226360809064573914e+03
9.450000000000000000e+02 7.228724095271982151e+03
9.460000000000000000e+02 7.203485261769313183e+03
9.470000000000000000e+02 7.196923597843229800e+03
9.480000000000000000e+02 7.197268879102590290e+03
9.490000000000000000e+02 7.211037836421937754e+03
9.500000000000000000e+02 7.197538006903956557e+03
9.510000000000000000e+02 7.226099485348215239e+03
9.520000000000000000e+02 7.257631712119302392e+03
9.530000000000000000e+02 7.247217073161322332e+03
9.540000000000000000e+02 7.241292118196640331e+03
9.550000000000000000e+02 7.249143710309193011e+03
9.560000000000000000e+02 7.258752578996857665e+03
9.570000000000000000e+02 7.302191675050109552e+03
9.580000000000000000e+02 7.295971450038753574e+03
9.590000000000000000e+02 7.307869194875201174e+03
9.600000000000000000e+02 7.334866695535801227e+03
9.610000000000000000e+02 7.335212095256885732e+03
9.620000000000000000e+02 7.325308530604321277e+03
9.630000000000000000e+02 7.336977676513404731e+03
9.640000000000000000e+02 7.368889884488678035e+03
9.650000000000000000e+02 7.399166117321809907e+03
9.660000000000000000e+02 7.410584502951609466e+03
9.670000000000000000e+02 7.426137797444129319e+03
9.680000000000000000e+02 7.453036884285386805e+03
9.690000000000000000e+02 7.458047099288305617e+03
9.700000000000000000e+02 7.474667801021230844e+03
9.710000000000000000e+02 7.482616454532348143e+03
9.720000000000000000e+02 7.482973468398194200e+03
9.730000000000000000e+02 7.490238661222126211e+03
9.740000000000000000e+02 7.492637523957884696e+03
9.750000000000000000e+02 7.501862948300798053e+03
9.760000000000000000e+02 7.526494655097090799e+03
9.770000000000000000e+02 7.536263231319685474e+03
9.780000000000000000e+02 7.572800919609760967e+03
9.790000000000000000e+02 7.550509266928228499e+03
9.800000000000000000e+02 7.587749742557173704e+03
9.810000000000000000e+02 7.570512639545972888e+03
9.820000000000000000e+02 7.605800095720770514e+03
9.830000000000000000e+02 7.596381603595785236e+03
9.840000000000000000e+02 7.596478045892114096e+03
9.850000000000000000e+02 7.606730928908028545e+03
9.860000000000000000e+02 7.637619635759478115e+03
9.870000000000000000e+02 7.652403628583716454e+03
9.880000000000000000e+02 7.624969102853978256e+03
9.890000000000000000e+02 7.623152362622977307e+03
9.900000000000000000e+02 7.607187895495397242e+03
9.910000000000000000e+02 7.607873246041045604e+03
9.920000000000000000e+02 7.626698593039931438e+03
9.930000000000000000e+02 7.625257322336106881e+03
9.940000000000000000e+02 7.625239374248845706e+03
9.950000000000000000e+02 7.642370132505106994e+03
9.960000000000000000e+02 7.619616316603211999e+03
9.970000000000000000e+02 7.599473272821762293e+03
9.980000000000000000e+02 7.613035199878048843e+03
9.990000000000000000e+02 7.623484860992413815e+03
1.000000000000000000e+03 7.646599186692513285e+03
1.001000000000000000e+03 7.650694674133836997e+03
1.002000000000000000e+03 7.680114582208094362e+03
1.003000000000000000e+03 7.699039835430039602e+03
1.004000000000000000e+03 7.721602125722600249e+03
1.005000000000000000e+03 7.744900392554804057e+03
1.006000000000000000e+03 7.756411564651987646e+03
1.007000000000000000e+03 7.756634134769470620e+03
1.008000000000000000e+03 7.755116347072058488e+03
1.009000000000000000e+03 7.794266131551715262e+03
1.010000000000000000e+03 7.814144729695091883e+03
1.011000000000000000e+03 7.808008391784539526e+03
1.012000000000000000e+03 7.761950879302091380e+03
1.013000000000000000e+03 7.783045886251104093e+03
1.014000000000000000e+03 7.820151710102457400e+03
1.015000000000000000e+03 7.821823828890157529e+03
1.016000000000000000e+03 7.784807279308212856e+03
1.017000000000000000e+03 7.764690765528647717e+03
1.018000000000000000e+03 7.751150819772619798e+03
1.019000000000000000e+03 7.785875900919679225e+03
1.020000000000000000e+03 7.792441454703606723e+03
1.021000000000000000e+03 7.803554508569898644e+03
1.022000000000000000e+03 7.820194529582376163e+03
1.023000000000000000e+03 7.864757129700235964e+03
1.024000000000000000e+03 7.893601163590578835e+03
1.025000000000000000e+03 7.912049268028911683e+03
1.026000000000000000e+03 7.905189521728134423e+03
1.027000000000000000e+03 7.894644991419151665e+03
1.028000000000000000e+03 7.904909988467875337e+03
1.029000000000000000e+03 7.901773839671246606e+03
1.030000000000000000e+03 7.888972703512224143e+03
1.031000000000000000e+03 7.880386494295889861e+03
1.032000000000000000e+03 7.889011475862324005e+03
1.033000000000000000e+03 7.888630199298224397e+03
1.034000000000000000e+03 7.891043306583442245e+03
1.035000000000000000e+03 7.931780839944241961e+03
1.036000000000000000e+03 7.954700878257212025e+03
1.037000000000000000e+03 7.950951422069674663e+03
1.038000000000000000e+03 7.959035424335786047e+03
1.039000000000000000e+03 7.968693411968792134e+03
1.040000000000000000e+03 8.012894507306634296e+03
1.041000000000000000e+03 8.007940663617557220e+03
1.042000000000000000e+03 8.007502428374756164e+03
1.043000000000000000e+03 8.024961143892531254e+03
1.044000000000000000e+03 8.038034970964838976e+03
1.045000000000000000e+03 8.049034307564983465e+03
1.046000000000000000e+03 8.070365734522387356e+03
1.047000000000000000e+03 8.107054086779839963e+03
1.048000000000000000e+03 8.119186664640507843e+03
1.049000000000000000e+03 8.120371758207110361e+03
1.050000000000000000e+03 8.134017285189734139e+03
1.051000000000000000e+03 8.125061483361740102e+03
1.052000000000000000e+03 8.132926394197996160e+03
1.053000000000000000e+03 8.139673765336669931e+03
1.054000000000000000e+03 8.150707317316777335e+03
1.055000000000000000e+03 8.153273555271377518e+03
1.056000000000000000e+03 8.167499664349054910e+03
1.057000000000000000e+03 8.159166878310598804e+03
1.058000000000000000e+03 8.159712574464282625e+03
1.059000000000000000e+03 8.190125628011905974e+03
1.060000000000000000e+03 8.188873759263608008e+03
1.061000000000000000e+03 8.191866451092665557e+03
1.062000000000000000e+03 8.202993682392752817e+03
1.063000000000000000e+03 8.233861923921884227e+03
1.064000000000000000e+03 8.212997286837558931e+03
1.065000000000000000e+03 8.232845283671187644e+03
1.066000000000000000e+03 8.272206582644475930e+03
1.067000000000000000e+03 8.250283326646378555e+03
1.068000000000000000e+03 8.254544350258549457e+03
1.069000000000000000e+03 8.272357509536015641e+03
1.070000000000000000e+03 8.287199859758757157e+03
1.071000000000000000e+03 8.302728089738964627e+03
1.072000000000000000e+03 8.300118891482716208e+03
1.073000000000000000e+03 8.323340354220790687e+03
1.074000000000000000e+03 8.323673027718530648e+03
1.075000000000000000e+03 8.336376058377627487e+03
1.076000000000000000e+03 8.349218423272121072e+03
1.077000000000000000e+03 8.354597294430730472e+03
1.078000000000000000e+03 8.347081823607239130e+03
1.079000000000000000e+03 8.374531302093633713e+03
1.080000000000000000e+03 8.371031909804954921e+03
1.081000000000000000e+03 8.389761030153669708e+03
1.082000000000000000e+03 8.403268010819105257e+03
1.083000000000000000e+03 8.395909587474408909e+03
1.084000000000000000e+03 8.411850374183781241e+03
1.085000000000000000e+03 8.387613646643270840e+03
1.086000000000000000e+03 8.375389266447891714e+03
1.087000000000000000e+03 8.387081214437763265e+03
1.088000000000000000e+03 8.414668486235143064e+03
1.089000000000000000e+03 8.437750329477958076e+03
1.090000000000000000e+03 8.439322099731825801e+03
1.091000000000000000e+03 8.422403593282251677e+03
1.092000000000000000e+03 8.435529342288047701e+03
1.093000000000000000e+03 8.428020143155277765e+03
1.094000000000000000e+03 8.425048518424338909e+03
1.095000000000000000e+03 8.430492107995693004e+03
1.096000000000000000e+03 8.425558170856214929e+03
1.097000000000000000e+03 8.448629434825083081e+03
1.098000000000000000e+03 8.434549707885429598e+03
1.099000000000000000e+03 8.424110116079307772e+03
1.100000000000000000e+03 8.422832792372119002e+03
1.101000000000000000e+03 8.392860872713054050e+03
1.102000000000000000e+03 8.389001354610651106e+03
1.103000000000000000e+03 8.388821440776249801e+03
1.104000000000000000e+03 8.397662679618362745e+03
1.105000000000000000e+03 8.413350980788478410e+03
1.106000000000000000e+03 8.420687081230511467e+03
1.107000000000000000e+03 8.439833937760724439e+03
1.108000000000000000e+03 8.453512728850600979e+03
1.109000000000000000e+03 8.485162634250260453e+03
1.110000000000000000e+03 8.500154777066822135e+03
1.111000000000000000e+03 8.520170798630040736e+03
1.112000000000000000e+03 8.512742353520845427e+03
1.113000000000000000e+03 8.518390289150087483e+03
1.114000000000000000e+03 8.544214973111342260e+03
1.115000000000000000e+03 8.557304563920737564e+03
1.116000000000000000e+03 8.572444123674213188e+03
1.117000000000000000e+03 8.598208856631626986e+03
1.118000000000000000e+03 8.587013761456342763e+03
1.119000000000000000e+03 8.623074819689616561e+03
1.120000000000000000e+03 8.642706795340933240e+03
1.121000000000000000e+03 8.628403952091843166e+03
1.122000000000000000e+03 8.623289794578631700e+03
1.123000000000000000e+03 8.628057412857440795e+03
1.124000000000000000e+03 8.650233294707706591e+03
1.125000000000000000e+03 8.677600935451475380e+03
1.126000000000000000e+03 8.704239957777423115e+03
1.127000000000000000e+03 8.707767113878277087e+03
1.128000000000000000e+03 8.734648883944766567e+03
1.129000000000000000e+03 8.733491425873353364e+03
1.130000000000000000e+03 8.728626775729297151e+03
1.131000000000000000e+03 8.750932600402666139e+03
1.132000000000000000e+03 8.779602653292664399e+03
1.133000000000000000e+03 8.793832076450989916e+03
1.134000000000000000e+03 8.800671424372299953e+03
1.135000000000000000e+03 8.793466080286745637e+03
1.136000000000000000e+03 8.804251043522272084e+03
1.137000000000000000e+03 8.843788987924828689e+03
1.138000000000000000e+03 8.828723321362176648e+03
1.139000000000000000e+03 8.816248098672631386e+03
1.140000000000000000e+03 8.842889255437043175e+03
1.141000000000000000e+03 8.848883451742372927e+03
1.142000000000000000e+03 8.855498522625270198e+03
1.143000000000000000e+03 8.852587488709621539e+03
1.144000000000000000e+03 8.843238025124017440e+03
1.145000000000000000e+03 8.867747001728774194e+03
1.146000000000000000e+03 8.844347958182583170e+03
1.147000000000000000e+03 8.853577192201797516e+03
1.148000000000000000e+03 8.856521416741437861e+03
1.149000000000000000e+03 8.865815478391883516e+03
1.150000000000000000e+03 8.886850397799740676e+03
1.151000000000000000e+03 8.893968766770289221e+03
1.152000000000000000e+03 8.899126385020597809e+03
1.153000000000000000e+03 8.924033553710773049e+03
1.154000000000000000e+03 8.906073124541791913e+03
1.155000000000000000e+03 8.901703077221740386e+03
1.156000000000000000e+03 8.906666209080216504e+03
1.157000000000000000e+03 8.917969488861512218e+03
1.158000000000000000e+03 8.929191079402242394e+03
1.159000000000000000e+03 8.946034679928092373e+03
1.160000000000000000e+03 8.942340388902810446e+03
1.161000000000000000e+03 8.964548020405480202e+03
1.162000000000000000e+03 8.973817663265084775e+03
1.163000000000000000e+03 8.973675534832154881e+03
1.164000000000000000e+03 9.018576441516310297e+03
1.165000000000000000e+03 9.053253152951721859e+03
1.166000000000000000e+03 9.029773890756285255e+03
1.167000000000000000e+03 9.014605004124261541e+03
1.168000000000000000e+03 9.034486614939718493e+03
1.169000000000000000e+03 9.054955275993070245e+03
1.170000000000000000e+03 9.065457841446741440e+03
1.171000000000000000e+03 9.080464000487279918e+03
1.172000000000000000e+03 9.064367170502258887e+03
1.173000000000000000e+03 9.085480933503587949e+03
1.174000000000000000e+03 9.102370721329882144e+03
1.175000000000000000e+03 9.095602366921400971e+03
1.176000000000000000e+03 9.114858371325486587e+03
1.177000000000000000e+03 9.110847982254945236e+03
1.178000000000000000e+03 9.090845881991896022e+03
1.179000000000000000e+03 9.097245571945744814e+03
1.180000000000000000e+03 9.101898674974661844e+03
1.181000000000000000e+03 9.136710272522424930e+03
1.182000000000000000e+03 9.129627645036487593e+03
1.183000000000000000e+03 9.112886193988817467e+03
1.184000000000000000e+03 9.104186871726642494e+03
1.185000000000000000e+03 9.106137072140318196e+03
1.186000000000000000e+03 9.118514770493020478e+03
1.187000000000000000e+03 9.112365538504174765e+03
1.188000000000000000e+03 9.124611530432057407e+03
1.189000000000000000e+03 9.150407565693243669e+03
1.190000000000000000e+03 9.148993512507091509e+03
1.191000000000000000e+03 9.148543116986587847e+03
1.192000000000000000e+03 9.170712478153020129e+03
1.193000000000000000e+03 9.186858266918845402e+03
1.194000000000000000e+03 9.202040885818963943e+03
1.195000000000000000e+03 9.227334836247879139e+03
1.196000000000000000e+03 9.243596875177830952e+03
1.197000000000000000e+03 9.262427695545437018e+03
1.198000000000000000e+03 9.259572732813172479e+03
1.199000000000000000e+03 9.277658503752665638e+03
1.200000000000000000e+03 9.282704216800713766e+03
1.201000000000000000e+03 9.303260458123302669e+03
1.202000000000000000e+03 9.280618318720369643e+03
1.203000000000000000e+03 9.301591949469730025e+03
1.204000000000000000e+03 9.292010798704821354e+03
1.205000000000000000e+03 9.320096633779730837e+03
1.206000000000000000e+03 9.339238145966259253e+03
1.207000000000000000e+03 9.334437711256916373e+03
1.208000000000000000e+03 9.360168645822441249e+03
1.209000000000000000e+03 9.386586861797541133e+03
1.210000000000000000e+03 9.399976567756537406e+03
1.211000000000000000e+03 9.407825060780236527e+03
1.212000000000000000e+03 9.413901231038043989e+03
1.213000000000000000e+03 9.433419436510701416e+03
1.214000000000000000e+03 9.454433330006000688e+03
1.215000000000000000e+03 9.445477577748122712e+03
1.216000000000000000e+03 9.456263956122962554e+03
1.217000000000000000e+03 9.469447773826177581e+03
1.218000000000000000e+03 9.497582445028207076e+03
1.219000000000000000e+03 9.502669845416685348e+03
1.220000000000000000e+03 9.494477009647476734e+03
1.221000000000000000e+03 9.459985229447622260e+03
1.222000000000000000e+03 9.479152463727388749e+03
1.223000000000000000e+03 9.463355009397364483e+03
1.224000000000000000e+03 9.490085440783717786e+03
1.225000000000000000e+03 9.518806574431064291e+03
1.226000000000000000e+03 9.549379505467042691e+03
1.227000000000000000e+03 9.568510995683469446e+03
1.228000000000000000e+03 9.563947216395887153e+03
1.229000000000000000e+03 9.553372436883846603e+03
1.230000000000000000e+03 9.559151166324689257e+03
1.231000000000000000e+03 9.549389741503329788e+03
1.232000000000000000e+03 9.591810191421302079e+03
1.233000000000000000e+03 9.609766283633545754e+03
1.234000000000000000e+03 9.589005709462857340e+03
1.235000000000000000e+03 9.585076814368481791e+03
1.236000000000000000e+03 9.571254278161821276e+03
1.237000000000000000e+03 9.583983043161590103e+03
1.238000000000000000e+03 9.608471015300610816e+03
1.239000000000000000e+03 9.637536767249599507e+03
1.240000000000000000e+03 9.639709956932003479e+03
1.241000000000000000e+03 9.647845465944012176e+03
1.242000000000000000e+03 9.657253146365379507e+03
1.243000000000000000e+03 9.675407238824356682e+03
1.244000000000000000e+03 9.673516903511710552e+03
1.245000000000000000e+03 9.681055635022034039e+03
1.246000000000000000e+03 9.702683693991632026e+03
1.247000000000000000e+03 9.720938117805757429e+03
1.248000000000000000e+03 9.738977119407898499e+03
1.249000000000000000e+03 9.718794202934754139e+03
1.250000000000000000e+03 9.718601617570515373e+03
1.251000000000000000e+03 9.744466872849441643e+03
1.252000000000000000e+03 9.766026941218846332e+03
1.253000000000000000e+03 9.772799578491243665e+03
1.254000000000000000e+03 9.772700502725800106e+03
1.255000000000000000e+03 9.781618816455755223e+03
1.256000000000000000e+03 9.766818118367773423e+03
1.257000000000000000e+03 9.805849340986766038e+03
1.258000000000000000e+03 9.822889780143566895e+03
1.259000000000000000e+03 9.832281405706986334e+03
1.260000000000000000e+03 9.865438372317763424e+03
1.261000000000000000e+03 9.863371353746453678e+03
1.262000000000000000e+03 9.861872913125853302e+03
1.263000000000000000e+03 9.867278955442119695e+03
1.264000000000000000e+03 9.878640638571194359e+03
1.265000000000000000e+03 9.859836190846355748e+03
1.266000000000000000e+03 9.880678603074942657e+03
1.267000000000000000e+03 9.888177769826304939e+03
1.268000000000000000e+03 9.890953490003157640e+03
1.269000000000000000e+03 9.914998315638256827e+03
1.270000000000000000e+03 9.931630067209187473e+03
1.271000000000000000e+03 9.928452955387339898e+03
1.272000000000000000e+03 1.000025728705425172e+04
1.273000000000000000e+03 9.996426424070714347e+03
1.274000000000000000e+03 1.001576106738374983e+04
1.275000000000000000e+03 1.001231735343301079e+04
1.276000000000000000e+03 9.984421601952264609e+03
1.277000000000000000e+03 9.988507822730394764e+03
1.278000000000000000e+03 9.993350421015096799e+03
1.279000000000000000e+03 1.000939350389898391e+04
1.280000000000000000e+03 1.002383777908203047e+04
1.281000000000000000e+03 1.003202643006762628e+04
1.282000000000000000e+03 1.004241127389618669e+04
1.283000000000000000e+03 1.006260033443889552e+04
1.284000000000000000e+03 1.005283637084394832e+04
1.285000000000000000e+03 1.007218596764213180e+04
1.286000000000000000e+03 1.007164207010555947e+04
1.287000000000000000e+03 1.007728887624060008e+04
1.288000000000000000e+03 1.010646096167090218e+04
1.289000000000000000e+03 1.013239308481404441e+04
1.290000000000000000e+03 1.015882855088510769e+04
1.291000000000000000e+03 1.014727213118923464e+04
1.292000000000000000e+03 1.018433902765680978e+04
1.293000000000000000e+03 1.018173599778312928e+04
1.294000000000000000e+03 1.016187727478147099e+04
1.295000000000000000e+03 1.017398327879850331e+04
1.296000000000000000e+03 1.018499682157072857e+04
1.297000000000000000e+03 1.019231425447348192e+04
1.298000000000000000e+03 1.019461273211139996e+04
1.299000000000000000e+03 1.019232223655759299e+04
1.300000000000000000e+03 1.019222292433387520e+04
1.301000000000000000e+03 1.018580944959726912e+04
1.302000000000000000e+03 1.019720409354683943e+04
1.303000000000000000e+03 1.022555791574007344e+04
1.304000000000000000e+03 1.025465101179170961e+04
1.305000000000000000e+03 1.030123368843351818e+04
1.306000000000000000e+03 1.030874897790697287e+04
1.307000000000000000e+03 1.030025537450836055e+04
1.308000000000000000e+03 1.032646199833893843e+04
1.309000000000000000e+03 1.029965001330435371e+04
1.310000000000000000e+03 1.030463731752824242e+04
1.311000000000000000e+03 1.028570882541104584e+04
1.312000000000000000e+03 1.028677873558168903e+04
1.313000000000000000e+03 1.030549186325320261e+04
1.314000000000000000e+03 1.029710715790738504e+04
1.315000000000000000e+03 1.028244538767078484e+04
1.316000000000000000e+03 1.027581349571283317e+04
1.317000000000000000e+03 1.025131081108172475e+04
1.318000000000000000e+03 1.028000297215032697e+04
1.319000000000000000e+03 1.027794825571081128e+04
1.320000000000000000e+03 1.031638285218965575e+04
1.321000000000000000e+03 1.029190590885321581e+04
1.322000000000000000e+03 1.032837939997155445e+04
1.323000000000000000e+03 1.033580826052620432e+04
1.324000000000000000e+03 1.035448829770116936e+04
1.325000000000000000e+03 1.041026308964566124e+04
1.326000000000000000e+03 1.040485597906190378e+04
1.327000000000000000e+03 1.038924193832350284e+04
1.328000000000000000e+03 1.039516664267897067e+04
1.329000000000000000e+03 1.040641334023802665e+04
1.330000000000000000e+03 1.042392068483583535e+04
1.331000000000000000e+03 1.043657017253268714e+04
1.332000000000000000e+03 1.043737329978933667e+04
1.333000000000000000e+03 1.046013076242019815e+04
1.334000000000000000e+03 1.044645463702002962e+04
1.335000000000000000e+03 1.045136241284597963e+04
1.336000000000000000e+03 1.046415492027731489e+04
1.337000000000000000e+03 1.046281641263393794e+04
1.338000000000000000e+03 1.043195345232671571e+04
1.339000000000000000e+03 1.043926574064362103e+04
1.340000000000000000e+03 1.046768207337706554e+04
1.341000000000000000e+03 1.046956277481666621e+04
1.342000000000000000e+03 1.046569215845992221e+04
1.343000000000000000e+03 1.046005106528354918e+04
1.344000000000000000e+03 1.044968445878974308e+04
1.345000000000000000e+03 1.042613931307618077e+04
1.346000000000000000e+03 1.042794735164234044e+04
1.347000000000000000e+03 1.042535468146478161e+04
1.348000000000000000e+03 1.046106169378846607e+04
1.349000000000000000e+03 1.049394633639561289e+04
1.350000000000000000e+03 1.047368102248401738e+04
1.351000000000000000e+03 1.045970515548892945e+04
1.352000000000000000e+03 1.046352708776153668e+04
1.353000000000000000e+03 1.045885185082327007e+04
1.354000000000000000e+03 1.044558468785794685e+04
1.355000000000000000e+03 1.043407095018329892e+04
1.356000000000000000e+03 1.044961351549449864e+04
1.357000000000000000e+03 1.046093271598815409e+04
1.358000000000000000e+03 1.048606824622597014e+04
1.359000000000000000e+03 1.048302330772989262e+04
1.360000000000000000e+03 1.048017164562093058e+04
1.361000000000000000e+03 1.048821681978912238e+04
1.362000000000000000e+03 1.048462275334676269e+04
1.363000000000000000e+03 1.049491935746448326e+04
1.364000000000000000e+03 1.050472475458477675e+04
1.365000000000000000e+03 1.051426595811382322e+04
1.366000000000000000e+03 1.051834051823493792e+04
1.367000000000000000e+03 1.051295173067891483e+04
1.368000000000000000e+03 1.050667411573109712e+04
1.369000000000000000e+03 1.053152671036026550e+04
1.370000000000000000e+03 1.054377912505159838e+04
1.371000000000000000e+03 1.052630840852335132e+04
1.372000000000000000e+03 1.050317086193494833e+04
1.373000000000000000e+03 1.051876410288234365e+04
1.374000000000000000e+03 1.052124149292524635e+04
1.375000000000000000e+03 1.052243150861897630e+04
1.376000000000000000e+03 1.056259502015039288e+04
1.377000000000000000e+03 1.056275620749657355e+04
1.378000000000000000e+03 1.055352086047452940e+04
1.379000000000000000e+03 1.053736115393566070e+04
1.380000000000000000e+03 1.056149416750831551e+04
1.381000000000000000e+03 1.058523386296293211e+04
1.382000000000000000e+03 1.061669324147989391e+04
1.383000000000000000e+03 1.063229202009500295e+04
1.384000000000000000e+03 1.065971394662441890e+04
1.385000000000000000e+03 1.067002325627029677e+04
1.386000000000000000e+03 1.065972420499268082e+04
1.387000000000000000e+03 1.067090990324979975e+04
1.388000000000000000e+03 1.069310415478780851e+04
1.389000000000000000e+03 1.070686374726795293e+04
1.390000000000000000e+03 1.071083847290161066e+04
1.391000000000000000e+03 1.071003860318124134e+04
1.392000000000000000e+03 1.074034113515243371e+04
1.393000000000000000e+03 1.073149849127100788e+04
1.394000000000000000e+03 1.072000805502641015e+04
1.395000000000000000e+03 1.073405259213593854e+04
1.396000000000000000e+03 1.076415490892158596e+04
1.397000000000000000e+03 1.077967891565814352e+04
1.398000000000000000e+03 1.079555629248925470e+04
1.399000000000000000e+03 1.078610801287718459e+04
1.400000000000000000e+03 1.076864618853645516e+04
1.401000000000000000e+03 1.077788253508747948e+04
1.402000000000000000e+03 1.077968774649116313e+04
1.403000000000000000e+03 1.078303588284737089e+04
1.404000000000000000e+03 1.080610792898705040e+04
1.405000000000000000e+03 1.082223843604846843e+04
1.406000000000000000e+03 1.085372258496839822e+04
1.407000000000000000e+03 1.083414521558076376e+04
1.408000000000000000e+03 1.086869892292858458e+04
1.409000000000000000e+03 1.084837649118069021e+04
1.410000000000000000e+03 1.084742895370149381e+04
1.411000000000000000e+03 1.088333367177638138e+04
1.412000000000000000e+03 1.090351781763883628e+04
1.413000000000000000e+03 1.089118933866638508e+04
1.414000000000000000e+03 1.087761771225539087e+04
1.415000000000000000e+03 1.088337541441095709e+04
1.416000000000000000e+03 1.089263675709353447e+04
1.417000000000000000e+03 1.089834903839615799e+04
1.418000000000000000e+03 1.090861931163303780e+04
1.419000000000000000e+03 1.092881922766307798e+04
1.420000000000000000e+03 1.094593797118272232e+04
1.421000000000000000e+03 1.094449402613397615e+04
1.422000000000000000e+03 1.094672349217926603e+04
1.423000000000000000e+03 1.093915451512846266e+04
1.424000000000000000e+03 1.094190852488557357e+04
1.425000000000000000e+03 1.096603734380710739e+04
1.426000000000000000e+03 1.097108590783168256e+04
1.427000000000000000e+03 1.097719752578806401e+04
1.428000000000000000e+03 1.098139656204889434e+04
1.429000000000000000e+03 1.100039064209173011e+04
1.430000000000000000e+03 1.101833033925504969e+04
1.431000000000000000e+03 1.103485590668750956e+04
1.432000000000000000e+03 1.106588256508271479e+04
1.433000000000000000e+03 1.104509890264354726e+04
1.434000000000000000e+03 1.105235116881751674e+04
1.435000000000000000e+03 1.108863800571592765e+04
1.436000000000000000e+03 1.107744736581107463e+04
1.437000000000000000e+03 1.105952134449086589e+04
1.438000000000000000e+03 1.105134664986588359e+04
1.439000000000000000e+03 1.105495384015274431e+04
1.440000000000000000e+03 1.102709066368722051e+04
1.441000000000000000e+03 1.104129065715019715e+04
1.442000000000000000e+03 1.111202344146114046e+04
1.443000000000000000e+03 1.109191045974215012e+04
1.444000000000000000e+03 1.110229397937967769e+04
1.445000000000000000e+03 1.107853853236928626e+04
1.446000000000000000e+03 1.109885673105872775e+04
1.447000000000000000e+03 1.110992370398068306e+04
1.448000000000000000e+03 1.110993246301345607e+04
1.449000000000000000e+03 1.110249448227866014e+04
1.450000000000000000e+03 1.110595671119711551e+04
1.451000000000000000e+03 1.110799269606513371e+04
1.452000000000000000e+03 1.113118527838011323e+04
1.453000000000000000e+03 1.117249379197897360e+04
1.454000000000000000e+03 1.117522413107588363e+04
1.455000000000000000e+03 1.114233336729955772e+04
1.456000000000000000e+03 1.114359846887127424e+04
1.457000000000000000e+03 1.114372850634029783e+04
1.458000000000000000e+03 1.114764299323962769e+04
1.459000000000000000e+03 1.114974756602706293e+04
1.460000000000000000e+03 1.116223392119479286e+04
1.461000000000000000e+03 1.115871427344485164e+04
1.462000000000000000e+03 1.116662930601236803e+04
1.463000000000000000e+03 1.118571620095356775e+04
1.464000000000000000e+03 1.121221120151816103e+04
1.465000000000000000e+03 1.121178525896364590e+04
1.466000000000000000e+03 1.121281657253453704e+04
1.467000000000000000e+03 1.123343046799703370e+04
1.468000000000000000e+03 1.123470673809716027e+04
1.469000000000000000e+03 1.124281542730558067e+04
1.470000000000000000e+03 1.124610165489405699e+04
1.471000000000000000e+03 1.126121921529537394e+04
1.472000000000000000e+03 1.128423434365424146e+04
1.473000000000000000e+03 1.130277650282543982e+04
1.474000000000000000e+03 1.129567238158531654e+04
1.475000000000000000e+03 1.130035852203895047e+04
1.476000000000000000e+03 1.129758082391301468e+04
1.477000000000000000e+03 1.128968895290520595e+04
1.478000000000000000e+03 1.131413147818394827e+04
1.479000000000000000e+03 1.132196328224269928e+04
1.480000000000000000e+03 1.132907798177991026e+04
1.481000000000000000e+03 1.134621864424071828e+04
1.482000000000000000e+03 1.134682851710883369e+04
1.483000000000000000e+03 1.138553435205427195e+04
1.484000000000000000e+03 1.142633663199280636e+04
1.485000000000000000e+03 1.144950343064750450e+04
1.486000000000000000e+03 1.144872031936977692e+04
1.487000000000000000e+03 1.146202405478062610e+04
1.488000000000000000e+03 1.146043537780259976e+04
1.489000000000000000e+03 1.150775254002681504e+04
1.490000000000000000e+03 1.151398733205767894e+04
1.491000000000000000e+03 1.150540678379152632e+04
1.492000000000000000e+03 1.152031914619188137e+04
1.493000000000000000e+03 1.150679997734710014e+04
1.494000000000000000e+03 1.148561530904477331e+04
1.495000000000000000e+03 1.152706841315118982e+04
1.496000000000000000e+03 1.154167602834634818e+04
1.497000000000000000e+03 1.157990102335934716e+04
1.498000000000000000e+03 1.156461331658346899e+04
1.499000000000000000e+03 1.156059210218971930e+04
1.500000000000000000e+03 1.156925974033008606e+04
1.501000000000000000e+03 1.156836415726462656e+04
1.502000000000000000e+03 1.158218007129701800e+04
1.503000000000000000e+03 1.159721190786842089e+04
1.504000000000000000e+03 1.163434723577119803e+04
1.505000000000000000e+03 1.164843907023347310e+04
1.506000000000000000e+03 1.165319330411454030e+04
1.507000000000000000e+03 1.165832448995469349e+04
1.508000000000000000e+03 1.163109138785376854e+04
1.509000000000000000e+03 1.162874994123172655e+04
1.510000000000000000e+03 1.162514414800578015e+04
1.511000000000000000e+03 1.165690669939970212e+04
1.512000000000000000e+03 1.167408692610992330e+04
1.513000000000000000e+03 1.167586313005190095e+04
1.514000000000000000e+03 1.166429304000269622e+04
1.515000000000000000e+03 1.166281206923488389e+04
1.516000000000000000e+03 1.165492494749554135e+04
1.517000000000000000e+03 1.166769445264703245e+04
1.518000000000000000e+03 1.166890812340595585e+04
1.519000000000000000e+03 1.169277454317193587e+04
1.520000000000000000e+03 1.167106472803160977e+04
1.521000000000000000e+03 1.168362358213426705e+04
1.522000000000000000e+03 1.169031641093547660e+04
1.523000000000000000e+03 1.168717101086474759e+04
1.524000000000000000e+03 1.172528664113609557e+04
1.525000000000000000e+03 1.172114387308777441e+04
1.526000000000000000e+03 1.171279374195607124e+04
1.527000000000000000e+03 1.171446655314229429e+04
1.528000000000000000e+03 1.175482997228177010e+04
1.529000000000000000e+03 1.174831357240346551e+04
1.530000000000000000e+03 1.176675876829767913e+04
1.531000000000000000e+03 1.180178340150872828e+04
1.532000000000000000e+03 1.181704964915497476e+04
1.533000000000000000e+03 1.179570564316106174e+04
1.534000000000000000e+03 1.180826981735083245e+04
1.535000000000000000e+03 1.183126095132271439e+04
1.536000000000000000e+03 1.184222550264226265e+04
1.537000000000000000e+03 1.184233730653305065e+04
1.538000000000000000e+03 1.185328039584049839e+04
1.539000000000000000e+03 1.187062388614127849e+04
1.540000000000000000e+03 1.187241409705453589e+04
1.541000000000000000e+03 1.190488818087957588e+04
1.542000000000000000e+03 1.190492543094225402e+04
1.543000000000000000e+03 1.189292653201851135e+04
1.544000000000000000e+03 1.187534998222599279e+04
1.545000000000000000e+03 1.188509120827398328e+04
1.546000000000000000e+03 1.191613775778308081e+04
1.547000000000000000e+03 1.188131834722642816e+04
1.548000000000000000e+03 1.188761265432841356e+04
1.549000000000000000e+03 1.191838333377866911e+04
1.550000000000000000e+03 1.193286767220850197e+04
1.551000000000000000e+03 1.193357710911605318e+04
1.552000000000000000e+03 1.192689844839609577e+04
1.553000000000000000e+03 1.195878839206123484e+04
1.554000000000000000e+03 1.192055594358262897e+04
1.555000000000000000e+03 1.191453034730340369e+04
1.556000000000000000e+03 1.194494659471886371e+04
1.557000000000000000e+03 1.195985078468720349e+04
1.558000000000000000e+03 1.196867011056608317e+04
1.559000000000000000e+03 1.201046751724754176e+04
1.560000000000000000e+03 1.199792754093951589e+04
1.561000000000000000e+03 1.199449982107804135e+04
1.562000000000000000e+03 1.197620030161811155e+04
1.563000000000000000e+03 1.199731841325178902e+04
1.564000000000000000e+03 1.199988407413058485e+04
1.565000000000000000e+03 1.200096107191375813e+04
1.566000000000000000e+03 1.201647641709203344e+04
1.567000000000000000e+03 1.201121622129445677e+04
1.568000000000000000e+03 1.203142425612149054e+04
1.569000000000000000e+03 1.207082970732168542e+04
1.570000000000000000e+03 1.206154902849407881e+04
1.571000000000000000e+03 1.205954477598672383e+04
1.572000000000000000e+03 1.206297852885644534e+04
1.573000000000000000e+03 1.207854071403630041e+04
1.574000000000000000e+03 1.208478885914399507e+04
1.575000000000000000e+03 1.210818532196574779e+04
1.576000000000000000e+03 1.212193540595645754e+04
1.577000000000000000e+03 1.214217509505941962e+04
1.578000000000000000e+03 1.214784453439258868e+04
1.579000000000000000e+03 1.214082542213889428e+04
1.580000000000000000e+03 1.212761768271651636e+04
1.581000000000000000e+03 1.213728530890503680e+04
1.582000000000000000e+03 1.214181452896184783e+04
1.583000000000000000e+03 1.213384695377647949e+04
1.584000000000000000e+03 1.214029996731194115e+04
1.585000000000000000e+03 1.216776530100320088e+04
1.586000000000000000e+03 1.219923235346555884e+04
1.587000000000000000e+03 1.218780668869491274e+04
1.588000000000000000e+03 1.220492204292069982e+04
1.589000000000000000e+03 1.219672353572883731e+04
1.590000000000000000e+03 1.221066763398270996e+04
1.591000000000000000e+03 1.222269726948707284e+04
1.592000000000000000e+03 1.223598431942844581e+04
1.593000000000000000e+03 1.225615713356473498e+04
1.594000000000000000e+03 1.230082697732083579e+04
1.595000000000000000e+03 1.231494990967728154e+04
1.596000000000000000e+03 1.229411919847668105e+04
1.597000000000000000e+03 1.228739808762229222e+04
1.598000000000000000e+03 1.227759211251283523e+04
1.599000000000000000e+03 1.225772508784313504e+04
1.600000000000000000e+03 1.228827074556411026e+04
1.601000000000000000e+03 1.228878587851366137e+04
1.602000000000000000e+03 1.229076722636021987e+04
1.603000000000000000e+03 1.226335900252043029e+04
1.604000000000000000e+03 1.226248533981516448e+04
1.605000000000000000e+03 1.227609477349879853e+04
1.606000000000000000e+03 1.230178490150089056e+04
1.607000000000000000e+03 1.231140122370789868e+04
1.608000000000000000e+03 1.235097009060679920e+04
1.609000000000000000e+03 1.233570099190163637e+04
1.610000000000000000e+03 1.232183174560233419e+04
1.611000000000000000e+03 1.230067030910432186e+04
1.612000000000000000e+03 1.232117673924738119e+04
1.613000000000000000e+03 1.230521360952347095e+04
1.614000000000000000e+03 1.237094216656048047e+04
1.615000000000000000e+03 1.238806868338232380e+04
1.616000000000000000e+03 1.239525807055198857e+04
1.617000000000000000e+03 1.241279839455035835e+04
1.618000000000000000e+03 1.240026612420636047e+04
1.619000000000000000e+03 1.240780857894686233e+04
1.620000000000000000e+03 1.242481645204149027e+04
1.621000000000000000e+03 1.243381146374653144e+04
1.622000000000000000e+03 1.244544109333541564e+04
1.623000000000000000e+03 1.244127524149694909e+04
1.624000000000000000e+03 1.245369563209377702e+04
1.625000000000000000e+03 1.247387772597961339e+04
1.626000000000000000e+03 1.248971938330151897e+04
1.627000000000000000e+03 1.248479451890500241e+04
1.628000000000000000e+03 1.249082543646549493e+04
1.629000000000000000e+03 1.248466602375940784e+04
1.630000000000000000e+03 1.249343413362231695e+04
1.631000000000000000e+03 1.247358029686328882e+04
1.632000000000000000e+03 1.248418130592174384e+04
1.633000000000000000e+03 1.251326282849129348e+04
1.634000000000000000e+03 1.253061245058837812e+04
1.635000000000000000e+03 1.253091957962124070e+04
1.636000000000000000e+03 1.252307788048980183e+04
1.637000000000000000e+03 1.252634364871843900e+04
1.638000000000000000e+03 1.253612359694283987e+04
1.639000000000000000e+03 1.251869389288040293e+04
1.640000000000000000e+03 1.253060661055572018e+04
1.641000000000000000e+03 1.257118483672432194e+04
1.642000000000000000e+03 1.258436693678656411e+04
1.643000000000000000e+03 1.257734664646983583e+04
1.644000000000000000e+03 1.259994005782128443e+04
1.645000000000000000e+03 1.262219036674343079e+04
1.646000000000000000e+03 1.263619758320134133e+04
1.647000000000000000e+03 1.263567622180504077e+04
1.648000000000000000e+03 1.266598155438851063e+04
1.649000000000000000e+03 1.268909763807283525e+04
1.650000000000000000e+03 1.268547518927435704e+04
1.651000000000000000e+03 1.269992520885115664e+04
1.652000000000000000e+03 1.270653324190206877e+04
1.653000000000000000e+03 1.269314511038656565e+04
1.654000000000000000e+03 1.269320968579377768e+04
1.655000000000000000e+03 1.270820097583161260e+04
1.656000000000000000e+03 1.272875412402282382e+04
1.657000000000000000e+03 1.272484095972133400e+04
1.658000000000000000e+03 1.274645419918744665e+04
1.659000000000000000e+03 1.273963613897367031e+04
1.660000000000000000e+03 1.273611011829173913e+04
1.661000000000000000e+03 1.276208548302611234e+04
1.662000000000000000e+03 1.273484822370795519e+04
1.663000000000000000e+03 1.274896699359204285e+04
1.664000000000000000e+03 1.275502172914052790e+04
1.665000000000000000e+03 1.277152657771352278e+04
1.666000000000000000e+03 1.275941655102955883e+04
1.667000000000000000e+03 1.273474299571847769e+04
1.668000000000000000e+03 1.273738499630770821e+04
1.669000000000000000e+03 1.274050108703178375e+04
1.670000000000000000e+03 1.275091404665892878e+04
1.671000000000000000e+03 1.276570415710124144e+04
1.672000000000000000e+03 1.278669197393282047e+04
1.673000000000000000e+03 1.278235344220042498e+04
1.674000000000000000e+03 1.280012616455493844e+04
1.675000000000000000e+03 1.282142303842244110e+04
1.676000000000000000e+03 1.283086291837873432e+04
1.677000000000000000e+03 1.286453717265561500e+04
1.678000000000000000e+03 1.285002093953866097e+04
1.679000000000000000e+03 1.288371747066341413e+04
1.680000000000000000e+03 1.289655796658413055e+04
1.681000000000000000e+03 1.288051273136582677e+04
1.682000000000000000e+03 1.285739167756735333e+04
1.683000000000000000e+03 1.286791313128969341e+04
1.684000000000000000e+03 1.287646230938456210e+04
1.685000000000000000e+03 1.290344033178958489e+04
1.686000000000000000e+03 1.290426006922078705e+04
1.687000000000000000e+03 1.290953145537041746e+04
1.688000000000000000e+03 1.288910120496364652e+04
1.689000000000000000e+03 1.288305994636146352e+04
1.690000000000000000e+03 1.291153275192448928e+04
1.691000000000000000e+03 1.293945260204135593e+04
1.692000000000000000e+03 1.292765911274891732e+04
1.693000000000000000e+03 1.293007837240775370e+04
1.694000000000000000e+03 1.295109659267747156e+04
1.695000000000000000e+03 1.295304759623991049e+04
1.696000000000000000e+03 1.293424349397919286e+04
1.697000000000000000e+03 1.296736079055722621e+04
1.698000000000000000e+03 1.296242522135244144e+04
1.699000000000000000e+03 1.299175089031523385e+04
1.700000000000000000e+03 1.303640623006538590e+04
1.701000000000000000e+03 1.304243931329984844e+04
1.702000000000000000e+03 1.306857057916840131e+04
1.703000000000000000e+03 1.307604322798700559e+04
1.704000000000000000e+03 1.302564527939551954e+04
1.705000000000000000e+03 1.302794146715580064e+04
1.706000000000000000e+03 1.305569488527743852e+04
1.707000000000000000e+03 1.307159533727319285e+04
1.708000000000000000e+03 1.305487905162214702e+04
1.709000000000000000e+03 1.305801407724292767e+04
1.710000000000000000e+03 1.305505058341127551e+04
1.711000000000000000e+03 1.306489863400001013e+04
1.712000000000000000e+03 1.305729397297168543e+04
1.713000000000000000e+03 1.303940146146282132e+04
1.714000000000000000e+03 1.304159578778142713e+04
1.715000000000000000e+03 1.304914626089510239e+04
1.716000000000000000e+03 1.308263490361848199e+04
1.717000000000000000e+03 1.306366844182030945e+04
1.718000000000000000e+03 1.307240326192040266e+04
1.719000000000000000e+03 1.308838363613914225e+04
1.720000000000000000e+03 1.310553909829973418e+04
1.721000000000000000e+03 1.310626753897705203e+04
1.722000000000000000e+03 1.307005772910549604e+04
1.723000000000000000e+03 1.307083416848443267e+04
1.724000000000000000e+03 1.310076223665224461e+04
1.725000000000000000e+03 1.312176822315532809e+04
1.726000000000000000e+03 1.311537277405225177e+04
1.727000000000000000e+03 1.313682634688492362e+04
1.728000000000000000e+03 1.314688224815831745e+04
1.729000000000000000e+03 1.317990067612067651e+04
1.730000000000000000e+03 1.316990647178610743e+04
1.731000000000000000e+03 1.317571661246286931e+04
1.732000000000000000e+03 1.319040523848699559e+04
1.733000000000000000e+03 1.319335569715173733e+04
1.734000000000000000e+03 1.318834633032882630e+04
1.735000000000000000e+03 1.318800544673731929e+04
1.736000000000000000e+03 1.317741994895676180e+04
1.737000000000000000e+03 1.320996595447971231e+04
1.738000000000000000e+03 1.322123152703783671e+04
1.739000000000000000e+03 1.320139900768687221e+04
1.740000000000000000e+03 1.323817345449441927e+04
1.741000000000000000e+03 1.323872793185692717e+04
1.742000000000000000e+03 1.324304949866366587e+04
1.743000000000000000e+03 1.325743970362522668e+04
1.744000000000000000e+03 1.328224769526498494e+04
1.745000000000000000e+03 1.329651415049573734e+04
1.746000000000000000e+03 1.330397988204734611e+04
1.747000000000000000e+03 1.333293205790706998e+04
1.748000000000000000e+03 1.334566916624224541e+04
1.749000000000000000e+03 1.336436155787790995e+04
1.750000000000000000e+03 1.338670269814865787e+04
1.751000000000000000e+03 1.340405622558534924e+04
1.752000000000000000e+03 1.340093942226562103e+04
1.753000000000000000e+03 1.338641795122073563e+04
1.754000000000000000e+03 1.341863491707203684e+04
1.755000000000000000e+03 1.344324070415316055e+04
1.756000000000000000e+03 1.344920168762821049e+04
1.757000000000000000e+03 1.344214983250714249e+04
1.758000000000000000e+03 1.342055574759425872e+04
1.759000000000000000e+03 1.340158913615400161e+04
1.760000000000000000e+03 1.340085096718479690e+04
1.761000000000000000e+03 1.342846415812882697e+04
1.762000000000000000e+03 1.341096994530510347e+04
1.763000000000000000e+03 1.340743526364494210e+04
1.764000000000000000e+03 1.341115238557027624e+04
1.765000000000000000e+03 1.342450809614006357e+04
1.766000000000000000e+03 1.340540942545685903e+04
1.767000000000000000e+03 1.342681615215842976e+04
1.768000000000000000e+03 1.343255781903732895e+04
1.769000000000000000e+03 1.347105396257345819e+04
1.770000000000000000e+03 1.347272732485439701e+04
1.771000000000000000e+03 1.350330865187625204e+04
1.772000000000000000e+03 1.353140835535420774e+04
1.773000000000000000e+03 1.354179478276637383e+04
1.774000000000000000e+03 1.355819785577735820e+04
1.775000000000000000e+03 1.354293729847432405e+04
1.776000000000000000e+03 1.355059787413302001e+04
1.777000000000000000e+03 1.355811452247504894e+04
1.778000000000000000e+03 1.358687013275155732e+04
1.779000000000000000e+03 1.355457256404580403e+04
1.780000000000000000e+03 1.355628557668459325e+04
1.781000000000000000e+03 1.356373512350940473e+04
1.782000000000000000e+03 1.356176978322857940e+04
1.783000000000000000e+03 1.358863259973013010e+04
1.784000000000000000e+03 1.356956723178115317e+04
1.785000000000000000e+03 1.354626949974998934e+04
1.786000000000000000e+03 1.351450954513855504e+04
1.787000000000000000e+03 1.352341860576289400e+04
1.788000000000000000e+03 1.350336315375062441e+04
1.789000000000000000e+03 1.351312131375553872e+04
1.790000000000000000e+03 1.351001451610123695e+04
1.791000000000000000e+03 1.349459317149322123e+04
1.792000000000000000e+03 1.346807396873762082e+04
1.793000000000000000e+03 1.349326297094935035e+04
1.794000000000000000e+03 1.351878975732266008e+04
1.795000000000000000e+03 1.352760231545125316e+04
1.796000000000000000e+03 1.351531681331947948e+04
1.797000000000000000e+03 1.351302788942444386e+04
1.798000000000000000e+03 1.350637855759068952e+04
1.799000000000000000e+03 1.351125211596059853e+04
1.800000000000000000e+03 1.351558680594059115e+04
1.801000000000000000e+03 1.350414897672547158e+04
1.802000000000000000e+03 1.350881794582047405e+04
1.803000000000000000e+03 1.351422482866546488e+04
1.804000000000000000e+03 1.349949781620632530e+04
1.805000000000000000e+03 1.353766331231251388e+04
1.806000000000000000e+03 1.355693548263557568e+04
1.807000000000000000e+03 1.354180714341075509e+04
1.808000000000000000e+03 1.354843628554717361e+04
1.809000000000000000e+03 1.355144659492086612e+04
1.810000000000000000e+03 1.358745278163923467e+04
1.811000000000000000e+03 1.361400375222033108e+04
1.812000000000000000e+03 1.363414400855801250e+04
1.813000000000000000e+03 1.363839699047387330e+04
1.814000000000000000e+03 1.363076147483830391e+04
1.815000000000000000e+03 1.369830295889503941e+04
1.816000000000000000e+03 1.368975733408650740e+04
1.817000000000000000e+03 1.373768769319192143e+04
1.818000000000000000e+03 1.373955916229972536e+04
1.819000000000000000e+03 1.372948178363208899e+04
1.820000000000000000e+03 1.374644496101617005e+04
1.821000000000000000e+03 1.374290114838728368e+04
1.822000000000000000e+03 1.372657783472933625e+04
1.823000000000000000e+03 1.372749831715355140e+04
1.824000000000000000e+03 1.376524170154126114e+04
1.825000000000000000e+03 1.377188959472364331e+04
1.826000000000000000e+03 1.376552086695199796e+04
1.827000000000000000e+03 1.376798842768235409e+04
1.828000000000000000e+03 1.376165055628836672e+04
1.829000000000000000e+03 1.376641267886905189e+04
1.830000000000000000e+03 1.376251311623584115e+04
1.831000000000000000e+03 1.376737806474615354e+04
1.832000000000000000e+03 1.376780844619648633e+04
1.833000000000000000e+03 1.376676136584389133e+04
1.834000000000000000e+03 1.377712180177661321e+04
1.835000000000000000e+03 1.376885186054019141e+04
1.836000000000000000e+03 1.380270389555924885e+04
1.837000000000000000e+03 1.378223977880997700e+04
1.838000000000000000e+03 1.375953879374927419e+04
1.839000000000000000e+03 1.374767083943094804e+04
1.840000000000000000e+03 1.375098181964431751e+04
1.841000000000000000e+03 1.376358338601934702e+04
1.842000000000000000e+03 1.375127701774647539e+04
1.843000000000000000e+03 1.377940591995707109e+04
1.844000000000000000e+03 1.380383242448574310e+04
1.845000000000000000e+03 1.383011248210316990e+04
1.846000000000000000e+03 1.384087469074216278e+04
1.847000000000000000e+03 1.384900766845689577e+04
1.848000000000000000e+03 1.381966264173370837e+04
1.849000000000000000e+03 1.382484674125045422e+04
1.850000000000000000e+03 1.379560280088983563e+04
1.851000000000000000e+03 1.379786078418823490e+04
1.852000000000000000e+03 1.381574205177063050e+04
1.853000000000000000e+03 1.384314156807087784e+04
1.854000000000000000e+03 1.381000592168084586e+04
1.855000000000000000e+03 1.380681032151745239e+04
1.856000000000000000e+03 1.381719234700707966e+04
1.857000000000000000e+03 1.385062362085563836e+04
1.858000000000000000e+03 1.383200048229824097e+04
1.859000000000000000e+03 1.381506070636255572e+04
1.860000000000000000e+03 1.381680749948689117e+04
1.861000000000000000e+03 1.382256221972730054e+04
1.862000000000000000e+03 1.385139763941881392e+04
1.863000000000000000e+03 1.385259884422083087e+04
1.864000000000000000e+03 1.385033118362779351e+04
1.865000000000000000e+03 1.386459533094206745e+04
1.866000000000000000e+03 1.386836825712733844e+04
1.867000000000000000e+03 1.388043372604089382e+04
1.868000000000000000e+03 1.389485560150573838e+04
1.869000000000000000e+03 1.393687017814114006e+04
1.870000000000000000e+03 1.395802876993850259e+04
1.871000000000000000e+03 1.397600342678692323e+04
1.872000000000000000e+03 1.398085858485475546e+04
1.873000000000000000e+03 1.398131792569648132e+04
1.874000000000000000e+03 1.399884227736896355e+04
1.875000000000000000e+03 1.404390280506918134e+04
1.876000000000000000e+03 1.409038564621568003e+04
1.877000000000000000e+03 1.406702982500914732e+04
1.878000000000000000e+03 1.406537577493749995e+04
1.879000000000000000e+03 1.407720746642213999e+04
1.880000000000000000e+03 1.411878596039069998e+04
1.881000000000000000e+03 1.415367227254790305e+04
1.882000000000000000e+03 1.415880459054555649e+04
1.883000000000000000e+03 1.415570700055685484e+04
1.884000000000000000e+03 1.415987395033464782e+04
1.885000000000000000e+03 1.415688653751904894e+04
1.886000000000000000e+03 1.414841521313641169e+04
1.887000000000000000e+03 1.416579688428453665e+04
1.888000000000000000e+03 1.417521497474982971e+04
1.889000000000000000e+03 1.417075203892789432e+04
1.890000000000000000e+03 1.415984498936460841e+04
1.891000000000000000e+03 1.417943553024065841e+04
1.892000000000000000e+03 1.417257858431803470e+04
1.893000000000000000e+03 1.416112669539178933e+04
1.894000000000000000e+03 1.418471630862474012e+04
1.895000000000000000e+03 1.418251532497560584e+04
1.896000000000000000e+03 1.418029206106197489e+04
1.897000000000000000e+03 1.417717686071441494e+04
1.898000000000000000e+03 1.420650977463705385e+04
1.899000000000000000e+03 1.420779505884630635e+04
1.900000000000000000e+03 1.420949510930071119e+04
1.901000000000000000e+03 1.422490915270049481e+04
1.902000000000000000e+03 1.422158245844542216e+04
1.903000000000000000e+03 1.426274573909925675e+04
1.904000000000000000e+03 1.430817695428398292e+04
1.905000000000000000e+03 1.429418444299802286e+04
1.906000000000000000e+03 1.428431934424173232e+04
1.907000000000000000e+03 1.428626490669523628e+04
1.908000000000000000e+03 1.428038047047705913e+04
1.909000000000000000e+03 1.428690239427994311e+04
1.910000000000000000e+03 1.431321288046246082e+04
1.911000000000000000e+03 1.433519070212474981e+04
1.912000000000000000e+03 1.434657233360596183e+04
1.913000000000000000e+03 1.435198193133120913e+04
1.914000000000000000e+03 1.433149096768325944e+04
1.915000000000000000e+03 1.438108892418544929e+04
1.916000000000000000e+03 1.438234139264043188e+04
1.917000000000000000e+03 1.435532997991809316e+04
1.918000000000000000e+03 1.434736234481462998e+04
1.919000000000000000e+03 1.436164472224732708e+04
1.920000000000000000e+03 1.437581444565085985e+04
1.921000000000000000e+03 1.436489165799921102e+04
1.922000000000000000e+03 1.437144906229198386e+04
1.923000000000000000e+03 1.438730551510408259e+04
1.924000000000000000e+03 1.442097813192584181e+04
1.925000000000000000e+03 1.442422397653779626e+04
1.926000000000000000e+03 1.444253221032879810e+04
1.927000000000000000e+03 1.442635396163645055e+04
1.928000000000000000e+03 1.442874363794332749e+04
1.929000000000000000e+03 1.443838341116567608e+04
1.930000000000000000e+03 1.440929764248355059e+04
1.931000000000000000e+03 1.439851520236314173e+04
1.932000000000000000e+03 1.443336647395501859e+04
1.933000000000000000e+03 1.446348584040179594e+04
1.934000000000000000e+03 1.445247012317302324e+04
1.935000000000000000e+03 1.442474668565146931e+04
1.936000000000000000e+03 1.445127062024271436e+04
1.937000000000000000e+03 1.447586185658031900e+04
1.938000000000000000e+03 1.448384205964638568e+04
1.939000000000000000e+03 1.444379315900487563e+04
1.940000000000000000e+03 1.446326850577536788e+04
1.941000000000000000e+03 1.447218958240936809e+04
1.942000000000000000e+03 1.446146375165389145e+04
1.943000000000000000e+03 1.448808592582918936e+04
1.944000000000000000e+03 1.449247173417971862e+04
1.945000000000000000e+03 1.450890439441602030e+04
1.946000000000000000e+03 1.450634700771493954e+04
1.947000000000000000e+03 1.449441729546127863e+04
1.948000000000000000e+03 1.447799233256861407e+04
1.949000000000000000e+03 1.448357978239324802e+04
1.950000000000000000e+03 1.452105933660434130e+04
1.951000000000000000e+03 1.452401322978743701e+04
1.952000000000000000e+03 1.453554712367794127e+04
1.953000000000000000e+03 1.458315909194140841e+04
1.954000000000000000e+03 1.460321848443564340e+04
1.955000000000000000e+03 1.464475067607929486e+04
1.956000000000000000e+03 1.467948031705739595e+04
1.957000000000000000e+03 1.471001076991152149e+04
1.958000000000000000e+03 1.471777100239718129e+04
1.959000000000000000e+03 1.472451141182634274e+04
1.960000000000000000e+03 1.472518576969881360e+04
1.961000000000000000e+03 1.477635842835477888e+04
1.962000000000000000e+03 1.482996275967946531e+04
1.963000000000000000e+03 1.484528808528250920e+04
1.964000000000000000e+03 1.484716809372325224e+04
1.965000000000000000e+03 1.483465866844371340e+04
1.966000000000000000e+03 1.484550531325739576e+04
1.967000000000000000e+03 1.487441479918764526e+04
1.968000000000000000e+03 1.489424236203968758e+04
1.969000000000000000e+03 1.488858075011168330e+04
1.970000000000000000e+03 1.489660413030464588e+04
1.971000000000000000e+03 1.491440196794984513e+04
1.972000000000000000e+03 1.490143868640391702e+04
1.973000000000000000e+03 1.491438338044062948e+04
1.974000000000000000e+03 1.492911135181870850e+04
1.975000000000000000e+03 1.494546537260545301e+04
1.976000000000000000e+03 1.492130808205935318e+04
1.977000000000000000e+03 1.494029972551875653e+04
1.978000000000000000e+03 1.495051583723857766e+04
1.979000000000000000e+03 1.497419440203334671e+04
1.980000000000000000e+03 1.498642935092667540e+04
1.981000000000000000e+03 1.499744047269385374e+04
1.982000000000000000e+03 1.498561205332075588e+04
1.983000000000000000e+03 1.497954516669246186e+04
1.984000000000000000e+03 1.498138056688290271e+04
1.985000000000000000e+03 1.498635464004470850e+04
1.986000000000000000e+03 1.499449248130220622e+04
1.987000000000000000e+03 1.504026843485729114e+04
1.988000000000000000e+03 1.503817628051227439e+04
1.989000000000000000e+03 1.504041589055104487e+04
1.990000000000000000e+03 1.501853464962672479e+04
1.991000000000000000e+03 1.503148439590319867e+04
1.992000000000000000e+03 1.501143378873256188e+04
1.993000000000000000e+03 1.503661916185887276e+04
1.994000000000000000e+03 1.506086751523286875e+04
1.995000000000000000e+03 1.505311610309547541e+04
1.996000000000000000e+03 1.503120441896058037e+04
1.997000000000000000e+03 1.503599288380113830e+04
1.998000000000000000e+03 1.502947146675607110e+04
1.999000000000000000e+03 1.504576010449952628e+04
2.000000000000000000e+03 1.504063352767882498e+04
2.001000000000000000e+03 1.505407569130817319e+04
2.002000000000000000e+03 1.508004925367087162e+04
2.003000000000000000e+03 1.503181825797097372e+04
2.004000000000000000e+03 1.507274364131518450e+04
2.005000000000000000e+03 1.509110516581964293e+04
2.006000000000000000e+03 1.510731921003774733e+04
2.007000000000000000e+03 1.509869023371940420e+04
2.008000000000000000e+03 1.514376749372648192e+04
2.009000000000000000e+03 1.513795578151366863e+04
2.010000000000000000e+03 1.512037250695779221e+04
2.011000000000000000e+03 1.515405070457841975e+04
2.012000000000000000e+03 1.519509435330217093e+04
2.013000000000000000e+03 1.523073124331675535e+04
2.014000000000000000e+03 1.525701104528623910e+04
2.015000000000000000e+03 1.526333427091285193e+04
2.016000000000000000e+03 1.526190790321711393e+04
2.017000000000000000e+03 1.530773429259958539e+04
2.018000000000000000e+03 1.527477854827415104e+04
2.019000000000000000e+03 1.524843933898852993e+04
2.020000000000000000e+03 1.528736692385949755e+04
2.021000000000000000e+03 1.530940433841494450e+04
2.022000000000000000e+03 1.531628730147170791e+04
2.023000000000000000e+03 1.534805712510887133e+04
2.024000000000000000e+03 1.539926492564140972e+04
2.025000000000000000e+03 1.542264422066458792e+04
2.026000000000000000e+03 1.543480330835260611e+04
2.027000000000000000e+03 1.543803284643259758e+04
2.028000000000000000e+03 1.544985773266268006e+04
2.029000000000000000e+03 1.545745076000024528e+04
2.030000000000000000e+03 1.547958166648377119e+04
2.031000000000000000e+03 1.548066096133993233e+04
2.032000000000000000e+03 1.547906187822371976e+04
2.033000000000000000e+03 1.548592793725976117e+04
2.034000000000000000e+03 1.549147566035525597e+04
2.035000000000000000e+03 1.553196525184858729e+04
2.036000000000000000e+03 1.552964754466941122e+04
2.037000000000000000e+03 1.550469758269753220e+04
2.038000000000000000e+03 1.549144862827669567e+04
2.039000000000000000e+03 1.547660751810932561e+04
2.040000000000000000e+03 1.546996964689354354e+04
2.041000000000000000e+03 1.551435005529282353e+04
2.042000000000000000e+03 1.553152171051811092e+04
2.043000000000000000e+03 1.555303849996401914e+04
2.044000000000000000e+03 1.557022482543920523e+04
2.045000000000000000e+03 1.560086957655956758e+04
2.046000000000000000e+03 1.559586478945560157e+04
2.047000000000000000e+03 1.561264393301783639e+04
2.048000000000000000e+03 1.564299204287231260e+04
2.049000000000000000e+03 1.565603517962244769e+04
2.050000000000000000e+03 1.565726133169084824e+04
2.051000000000000000e+03 1.566568678563765025e+04
2.052000000000000000e+03 1.569690742454628889e+04
2.053000000000000000e+03 1.568395333322600163e+04
2.054000000000000000e+03 1.567212438867304445e+04
2.055000000000000000e+03 1.566951264069218269e+04
2.056000000000000000e+03 1.563872153244555375e+04
2.057000000000000000e+03 1.568302133659310311e+04
2.058000000000000000e+03 1.568410250890123643e+04
2.059000000000000000e+03 1.568223590356402201e+04
2.060000000000000000e+03 1.566042280507355099e+04
2.061000000000000000e+03 1.565170678278379455e+04
2.062000000000000000e+03 1.560930709671401200e+04
2.063000000000000000e+03 1.563618647246727232e+04
2.064000000000000000e+03 1.568997071662991948e+04
2.065000000000000000e+03 1.567449031688496871e+04
2.066000000000000000e+03 1.565498375074480100e+04
2.067000000000000000e+03 1.565162833269877774e+04
2.068000000000000000e+03 1.568463956211654113e+04
2.069000000000000000e+03 1.569146216403323160e+04
2.070000000000000000e+03 1.573841357359958965e+04
2.071000000000000000e+03 1.575239856377308388e+04
2.072000000000000000e+03 1.575736822852314071e+04
2.073000000000000000e+03 1.575076626156118073e+04
2.074000000000000000e+03 1.578020545962695542e+04
2.075000000000000000e+03 1.575730238620327873e+04
2.076000000000000000e+03 1.576154689792062891e+04
2.077000000000000000e+03 1.578996929333098706e+04
2.078000000000000000e+03 1.583038110125325693e+04
2.079000000000000000e+03 1.587255967830470945e+04
2.080000000000000000e+03 1.589270155409841936e+04
2.081000000000000000e+03 1.589095619123327560e+04
2.082000000000000000e+03 1.587760453761077588e+04
2.083000000000000000e+03 1.586917999742363645e+04
2.084000000000000000e+03 1.586162203162277547e+04
2.085000000000000000e+03 1.589024266106465984e+04
2.086000000000000000e+03 1.589151988269876165e+04
2.087000000000000000e+03 1.590600728631569473e+04
2.088000000000000000e+03 1.592223183173737198e+04
2.089000000000000000e+03 1.588857133914891892e+04
2.090000000000000000e+03 1.590240173835061796e+04
2.091000000000000000e+03 1.590694532175927998e+04
2.092000000000000000e+03 1.590228783674794977e+04
2.093000000000000000e+03 1.590134249816265401e+04
2.094000000000000000e+03 1.591064762032374711e+04
2.095000000000000000e+03 1.590027673453331226e+04
2.096000000000000000e+03 1.590439833597738107e+04
2.097000000000000000e+03 1.594558121375225528e+04
2.098000000000000000e+03 1.595471160233734736e+04
2.099000000000000000e+03 1.596995562609416993e+04
2.100000000000000000e+03 1.598379661352657604e+04
2.101000000000000000e+03 1.598540057764797893e+04
2.102000000000000000e+03 1.594956977576865938e+04
2.103000000000000000e+03 1.592196487912274279e+04
2.104000000000000000e+03 1.592603192613983811e+04
2.105000000000000000e+03 1.598558772016954390e+04
2.106000000000000000e+03 1.605671249939320114e+04
2.107000000000000000e+03 1.607827296577517700e+04
2.108000000000000000e+03 1.608504504045933754e+04
2.109000000000000000e+03 1.612519660575149828e+04
2.110000000000000000e+03 1.616021728696226819e+04
2.111000000000000000e+03 1.614388211415561454e+04
2.112000000000000000e+03 1.616970785680756671e+04
2.113000000000000000e+03 1.620536193900823855e+04
2.114000000000000000e+03 1.618701907616710741e+04
2.115000000000000000e+03 1.616798508100440267e+04
2.116000000000000000e+03 1.615149937092609071e+04
2.117000000000000000e+03 1.615051472959988132e+04
2.118000000000000000e+03 1.617874142233168277e+04
2.119000000000000000e+03 1.618576346959242801e+04
2.120000000000000000e+03 1.619440581748953809e+04
2.121000000000000000e+03 1.621874201257541790e+04
2.122000000000000000e+03 1.619171443551789343e+04
2.123000000000000000e+03 1.622655013949289241e+04
2.124000000000000000e+03 1.622506609208099871e+04
2.125000000000000000e+03 1.620501510680234969e+04
2.126000000000000000e+03 1.619242694202954954e+04
2.127000000000000000e+03 1.622652101601877803e+04
2.128000000000000000e+03 1.623459966526123571e+04
2.129000000000000000e+03 1.622040675407794697e+04
2.130000000000000000e+03 1.623952524655635898e+04
2.131000000000000000e+03 1.625397904454539457e+04
2.132000000000000000e+03 1.625261046400989835e+04
2.133000000000000000e+03 1.622276353249301974e+04
2.134000000000000000e+03 1.622693056153655016e+04
2.135000000000000000e+03 1.624238839315836412e+04
2.136000000000000000e+03 1.626213148826299221e+04
2.137000000000000000e+03 1.627026634830603325e+04
2.138000000000000000e+03 1.628334358658773453e+04
2.139000000000000000e+03 1.625515161920008904e+04
2.140000000000000000e+03 1.624144150157186959e+04
2.141000000000000000e+03 1.624534430834459818e+04
2.142000000000000000e+03 1.623262710151844294e+04
2.143000000000000000e+03 1.620763953060968015e+04
2.144000000000000000e+03 1.622828851326019867e+04
2.145000000000000000e+03 1.625534491465221436e+04
2.146000000000000000e+03 1.623283290288067110e+04
2.147000000000000000e+03 1.625928025503183926e+04
2.148000000000000000e+03 1.629635051364837454e+04
2.149000000000000000e+03 1.633444428259738743e+04
2.150000000000000000e+03 1.634015455995467346e+04
2.151000000000000000e+03 1.635501664088463986e+04
2.152000000000000000e+03 1.637600944342100775e+04
2.153000000000000000e+03 1.637478763835692189e+04
2.154000000000000000e+03 1.634053930353188116e+04
2.155000000000000000e+03 1.636706144417208816e+04
2.156000000000000000e+03 1.640208085213910090e+04
2.157000000000000000e+03 1.642511547623202932e+04
2.158000000000000000e+03 1.646050320998324241e+04
2.159000000000000000e+03 1.647339030327339424e+04
2.160000000000000000e+03 1.643436643482687214e+04
2.161000000000000000e+03 1.639214826930125128e+04
2.162000000000000000e+03 1.643787874200554870e+04
2.163000000000000000e+03 1.642408662478745100e+04
2.164000000000000000e+03 1.643400373764262258e+04
2.165000000000000000e+03 1.648850355519940786e+04
2.166000000000000000e+03 1.646585306809730173e+04
2.167000000000000000e+03 1.644570378752003671e+04
2.168000000000000000e+03 1.643630545259083738e+04
2.169000000000000000e+03 1.645252679303046898e+04
2.170000000000000000e+03 1.642393690695459736e+04
2.171000000000000000e+03 1.644040801671403096e+04
2.172000000000000000e+03 1.646023324830295678e+04
2.173000000000000000e+03 1.643623333759370871e+04
2.174000000000000000e+03 1.645315988167949035e+04
2.175000000000000000e+03 1.644406937952886801e+04
2.176000000000000000e+03 1.644250514891302373e+04
2.177000000000000000e+03 1.647173305003545465e+04
2.178000000000000000e+03 1.647646237319703869e+04
2.179000000000000000e+03 1.651672329691603591e+04
2.180000000000000000e+03 1.656022012575568078e+04
2.181000000000000000e+03 1.655287952463089823e+04
2.182000000000000000e+03 1.656397585395358692e+04
2.183000000000000000e+03 1.657467549113544010e+04
2.184000000000000000e+03 1.662412199490657804e+04
2.185000000000000000e+03 1.663252229884480403e+04
2.186000000000000000e+03 1.664823857263980972e+04
2.187000000000000000e+03 1.667272024698291716e+04
2.188000000000000000e+03 1.668076967106518714e+04
2.189000000000000000e+03 1.665700729775108630e+04
2.190000000000000000e+03 1.665944784960392280e+04
2.191000000000000000e+03 1.670294434921358697e+04
2.192000000000000000e+03 1.668103810516866361e+04
2.193000000000000000e+03 1.670658702325309059e+04
2.194000000000000000e+03 1.671141253539300669e+04
2.195000000000000000e+03 1.673506487005903182e+04
2.196000000000000000e+03 1.675054524701462287e+04
2.197000000000000000e+03 1.678935868692396252e+04
2.198000000000000000e+03 1.681476480052687475e+04
2.199000000000000000e+03 1.680547880908004663e+04
2.200000000000000000e+03 1.677515508707304980e+04
2.201000000000000000e+03 1.677658048043771851e+04
2.202000000000000000e+03 1.679177124261544668e+04
2.203000000000000000e+03 1.677282486730822347e+04
2.204000000000000000e+03 1.683194132736588290e+04
2.205000000000000000e+03 1.680558049193319312e+04
2.206000000000000000e+03 1.679515576509945822e+04
2.207000000000000000e+03 1.678774181031035187e+04
2.208000000000000000e+03 1.679347243212731337e+04
2.209000000000000000e+03 1.679604636890169786e+04
2.210000000000000000e+03 1.678152965458317340e+04
2.211000000000000000e+03 1.683042724748853288e+04
2.212000000000000000e+03 1.684486832179623525e+04
2.213000000000000000e+03 1.681777782682874022e+04
2.214000000000000000e+03 1.685307649310194029e+04
2.215000000000000000e+03 1.689299010428151450e+04
2.216000000000000000e+03 1.687831674465209289e+04
2.217000000000000000e+03 1.686158553724221201e+04
2.218000000000000000e+03 1.684347562628843298e+04
2.219000000000000000e+03 1.683865663899076026e+04
2.220000000000000000e+03 1.681494486980990769e+04
2.221000000000000000e+03 1.682252457109429452e+04
2.222000000000000000e+03 1.685496236823131767e+04
2.223000000000000000e+03 1.682694991031191967e+04
2.224000000000000000e+03 1.682057373596106845e+04
2.225000000000000000e+03 1.686669552716496037e+04
2.226000000000000000e+03 1.688040388516307576e+04
2.227000000000000000e+03 1.683530490203935187e+04
2.228000000000000000e+03 1.683045751215174460e+04
2.229000000000000000e+03 1.681191131606326599e+04
2.230000000000000000e+03 1.684402229014892873e+04
2.231000000000000000e+03 1.686850997751239993e+04
2.232000000000000000e+03 1.686379363957883470e+04
2.233000000000000000e+03 1.682406981171822190e+04
2.234000000000000000e+03 1.680990868915864121e+04
2.235000000000000000e+03 1.683532642059988575e+04
2.236000000000000000e+03 1.683202575221528241e+04
2.237000000000000000e+03 1.682184422755166452e+04
2.238000000000000000e+03 1.682688138147589780e+04
2.239000000000000000e+03 1.681476281964001464e+04
2.240000000000000000e+03 1.684545340039935036e+04
2.241000000000000000e+03 1.688228883223921366e+04
2.242000000000000000e+03 1.689416837531990677e+04
2.243000000000000000e+03 1.691096800925086791e+04
2.244000000000000000e+03 1.689595205585735675e+04
2.245000000000000000e+03 1.692982503228425412e+04
2.246000000000000000e+03 1.695687029085378163e+04
2.247000000000000000e+03 1.693934476209077184e+04
2.248000000000000000e+03 1.690321468734512746e+04
2.249000000000000000e+03 1.692223249206658511e+04
2.250000000000000000e+03 1.697409509959291245e+04
2.251000000000000000e+03 1.702444447787458921e+04
2.252000000000000000e+03 1.698458758325828967e+04
2.253000000000000000e+03 1.700347834099437750e+04
2.254000000000000000e+03 1.702962488812667652e+04
2.255000000000000000e+03 1.705036592162631132e+04
2.256000000000000000e+03 1.705700288430765431e+04
2.257000000000000000e+03 1.705696679115191728e+04
2.258000000000000000e+03 1.706100988909794614e+04
2.259000000000000000e+03 1.710075504803021977e+04
2.260000000000000000e+03 1.711322267482656025e+04
2.261000000000000000e+03 1.712198818632991606e+04
2.262000000000000000e+03 1.711950068124768586e+04
2.263000000000000000e+03 1.714756054054726337e+04
2.264000000000000000e+03 1.717184739615120998e+04
2.265000000000000000e+03 1.714713466589645395e+04
2.266000000000000000e+03 1.711543905253756020e+04
2.267000000000000000e+03 1.712523814339128512e+04
2.268000000000000000e+03 1.716937642588046219e+04
2.269000000000000000e+03 1.718778677086684547e+04
2.270000000000000000e+03 1.719372581949967207e+04
2.271000000000000000e+03 1.720337341975622257e+04
2.272000000000000000e+03 1.719190164088438542e+04
2.273000000000000000e+03 1.718141694025924153e+04
2.274000000000000000e+03 1.723825408773288291e+04
2.275000000000000000e+03 1.725966672776343330e+04
2.276000000000000000e+03 1.724687685022968435e+04
2.277000000000000000e+03 1.724141985071180898e+04
2.278000000000000000e+03 1.723818612355426012e+04
2.279000000000000000e+03 1.725152555057652717e+04
2.280000000000000000e+03 1.722848400025538649e+04
2.281000000000000000e+03 1.723121310019111479e+04
2.282000000000000000e+03 1.724430751772940494e+04
2.283000000000000000e+03 1.723315928513418839e+04
2.284000000000000000e+03 1.722363727991332780e+04
2.285000000000000000e+03 1.725079740602602396e+04
2.286000000000000000e+03 1.727140974950127566e+04
2.287000000000000000e+03 1.728253570849429161e+04
2.288000000000000000e+03 1.729341265038603888e+04
2.289000000000000000e+03 1.730050484348858299e+04
2.290000000000000000e+03 1.728701416209410309e+04
2.291000000000000000e+03 1.727210472987115645e+04
2.292000000000000000e+03 1.730533060835016295e+04
2.293000000000000000e+03 1.728670547663660909e+04
2.294000000000000000e+03 1.731757090569550928e+04
2.295000000000000000e+03 1.737335832271503750e+04
2.296000000000000000e+03 1.739836427470915805e+04
2.297000000000000000e+03 1.743606792427273831e+04
2.298000000000000000e+03 1.744289285305435988e+04
2.299000000000000000e+03 1.746032344486234433e+04
2.300000000000000000e+03 1.750368313155463693e+04
2.301000000000000000e+03 1.752214997561580458e+04
2.302000000000000000e+03 1.754034560841137500e+04
2.303000000000000000e+03 1.755541115769903990e+04
2.304000000000000000e+03 1.754731296494773051e+04
2.305000000000000000e+03 1.755940391734136938e+04
2.306000000000000000e+03 1.756573761960584307e+04
2.307000000000000000e+03 1.756341586931290658e+04
2.308000000000000000e+03 1.757673777278788839e+04
2.309000000000000000e+03 1.755827076891740580e+04
2.310000000000000000e+03 1.759400172897546872e+04
2.311000000000000000e+03 1.759137606750259147e+04
2.312000000000000000e+03 1.761064558968929123e+04
2.313000000000000000e+03 1.763291446774333963e+04
2.314000000000000000e+03 1.764969431827221342e+04
2.315000000000000000e+03 1.763903819630491125e+04
2.316000000000000000e+03 1.762186843132632930e+04
2.317000000000000000e+03 1.764114570449563325e+04
2.318000000000000000e+03 1.766459292548244775e+04
2.319000000000000000e+03 1.764478994605854314e+04
2.320000000000000000e+03 1.768414622570468055e+04
2.321000000000000000e+03 1.769499946986621217e+04
2.322000000000000000e+03 1.765410967104986048e+04
2.323000000000000000e+03 1.764186017991070912e+04
2.324000000000000000e+03 1.766482290872397425e+04
2.325000000000000000e+03 1.766326364396974168e+04
2.326000000000000000e+03 1.766753074362174812e+04
2.327000000000000000e+03 1.766973151691065505e+04
2.328000000000000000e+03 1.765203978720486703e+04
2.329000000000000000e+03 1.763789152933540390e+04
2.330000000000000000e+03 1.768817888961139761e+04
2.331000000000000000e+03 1.768303381508640450e+04
2.332000000000000000e+03 1.766866498036053599e+04
2.333000000000000000e+03 1.770529923322860122e+04
2.334000000000000000e+03 1.772027510273870575e+04
2.335000000000000000e+03 1.772195481191976432e+04
2.336000000000000000e+03 1.774270969432777201e+04
2.337000000000000000e+03 1.777457246501545160e+04
2.338000000000000000e+03 1.778003994180195150e+04
2.339000000000000000e+03 1.782206608563021655e+04
2.340000000000000000e+03 1.788701512621172515e+04
2.341000000000000000e+03 1.785812361238582162e+04
2.342000000000000000e+03 1.787017508507269667e+04
2.343000000000000000e+03 1.788869958562450847e+04
2.344000000000000000e+03 1.785487383926166876e+04
2.345000000000000000e+03 1.787962475428106700e+04
2.346000000000000000e+03 1.787814562615943942e+04
2.347000000000000000e+03 1.790199654059334716e+04
2.348000000000000000e+03 1.791666492345850202e+04
2.349000000000000000e+03 1.792896007134915999e+04
2.350000000000000000e+03 1.793773459421384905e+04
2.351000000000000000e+03 1.792475284224497227e+04
2.352000000000000000e+03 1.787775314837331462e+04
2.353000000000000000e+03 1.789683157822090652e+04
2.354000000000000000e+03 1.791146319136116290e+04
2.355000000000000000e+03 1.790368416702880859e+04
2.356000000000000000e+03 1.792833333762221446e+04
2.357000000000000000e+03 1.793050507322173507e+04
2.358000000000000000e+03 1.794019336797887445e+04
2.359000000000000000e+03 1.792442804255293595e+04
2.360000000000000000e+03 1.791953338209509093e+04
2.361000000000000000e+03 1.790439151892307927e+04
2.362000000000000000e+03 1.791704309626629038e+04
2.363000000000000000e+03 1.786741344179282532e+04
2.364000000000000000e+03 1.786288244694573950e+04
2.365000000000000000e+03 1.789461242209657212e+04
2.366000000000000000e+03 1.790289602932492562e+04
2.367000000000000000e+03 1.791533531917752771e+04
2.368000000000000000e+03 1.790077872277486313e+04
2.369000000000000000e+03 1.796049834948555508e+04
2.370000000000000000e+03 1.795395015902552404e+04
2.371000000000000000e+03 1.793766544413711745e+04
2.372000000000000000e+03 1.792604179354479129e+04
2.373000000000000000e+03 1.794059184580483270e+04
2.374000000000000000e+03 1.793633931063835553e+04
2.375000000000000000e+03 1.795738307080255981e+04
2.376000000000000000e+03 1.797493743909046680e+04
2.377000000000000000e+03 1.798477172072814574e+04
2.378000000000000000e+03 1.795136149215578189e+04
2.379000000000000000e+03 1.792713942411342941e+04
2.380000000000000000e+03 1.791207558250557850e+04
2.381000000000000000e+03 1.792339967231397168e+04
2.382000000000000000e+03 1.789222223528783070e+04
2.383000000000000000e+03 1.790331466494689812e+04
2.384000000000000000e+03 1.792526334170798873e+04
2.385000000000000000e+03 1.788604502505405617e+04
2.386000000000000000e+03 1.790241165957606427e+04
2.387000000000000000e+03 1.789997754639567574e+04
2.388000000000000000e+03 1.792932667783769284e+04
2.389000000000000000e+03 1.794642529191260110e+04
2.390000000000000000e+03 1.796311125507568067e+04
2.391000000000000000e+03 1.794587049306035260e+04
2.392000000000000000e+03 1.797813930652527415e+04
2.393000000000000000e+03 1.794858472662608983e+04
2.394000000000000000e+03 1.794866854067237728e+04
2.395000000000000000e+03 1.796543305971569498e+04
2.396000000000000000e+03 1.797248452037837342e+04
2.397000000000000000e+03 1.795297489249027058e+04
2.398000000000000000e+03 1.794500540611585166e+04
2.399000000000000000e+03 1.792205677049054793e+04
2.400000000000000000e+03 1.792194525219365823e+04
2.401000000000000000e+03 1.793072567438046462e+04
2.402000000000000000e+03 1.792799985747156461e+04
2.403000000000000000e+03 1.794178262653073034e+04
2.404000000000000000e+03 1.793338264529689695e+04
2.405000000000000000e+03 1.794503664640248826e+04
2.406000000000000000e+03 1.793336848461794216e+04
2.407000000000000000e+03 1.795555025895528888e+04
2.408000000000000000e+03 1.801148225680383985e+04
2.409000000000000000e+03 1.801008492798806037e+04
2.410000000000000000e+03 1.804490907260172389e+04
2.411000000000000000e+03 1.807324539013955655e+04
2.412000000000000000e+03 1.810237049659016702e+04
2.413000000000000000e+03 1.806316228192676499e+04
2.414000000000000000e+03 1.808376494787101910e+04
2.415000000000000000e+03 1.810640825205600049e+04
2.416000000000000000e+03 1.813239227919817495e+04
2.417000000000000000e+03 1.812198154970850374e+04
2.418000000000000000e+03 1.812835022524760279e+04
2.419000000000000000e+03 1.809334319681499983e+04
2.420000000000000000e+03 1.808509639914965737e+04
2.421000000000000000e+03 1.810201187438531997e+04
2.422000000000000000e+03 1.812800385992605516e+04
2.423000000000000000e+03 1.814444432504203724e+04
2.424000000000000000e+03 1.813277497355476953e+04
2.425000000000000000e+03 1.812712939449453188e+04
2.426000000000000000e+03 1.814088117007171240e+04
2.427000000000000000e+03 1.811907383966414272e+04
2.428000000000000000e+03 1.811385873969626846e+04
2.429000000000000000e+03 1.806417994930983332e+04
2.430000000000000000e+03 1.807762010759264012e+04
2.431000000000000000e+03 1.813285489172847520e+04
2.432000000000000000e+03 1.814946183622966782e+04
2.433000000000000000e+03 1.818882873382418256e+04
2.434000000000000000e+03 1.818691323315321642e+04
2.435000000000000000e+03 1.822061646995277988e+04
2.436000000000000000e+03 1.820525332197004900e+04
2.437000000000000000e+03 1.821237047305827946e+04
2.438000000000000000e+03 1.825948635904855837e+04
2.439000000000000000e+03 1.829983300648740988e+04
2.440000000000000000e+03 1.827372342282832324e+04
2.441000000000000000e+03 1.827952856490615159e+04
2.442000000000000000e+03 1.826045249170050738e+04
2.443000000000000000e+03 1.826191392619586622e+04
2.444000000000000000e+03 1.824047941730088860e+04
2.445000000000000000e+03 1.824215213691284953e+04
2.446000000000000000e+03 1.827949314135416353e+04
2.447000000000000000e+03 1.825901407768620629e+04
2.448000000000000000e+03 1.826781483432993991e+04
2.449000000000000000e+03 1.829645958390424130e+04
2.450000000000000000e+03 1.829970894974436305e+04
2.451000000000000000e+03 1.832164751368420912e+04
2.452000000000000000e+03 1.832581305763355340e+04
2.453000000000000000e+03 1.832527515207695978e+04
2.454000000000000000e+03 1.834246707162507300e+04
2.455000000000000000e+03 1.831579124434752521e+04
2.456000000000000000e+03 1.831810453287422933e+04
2.457000000000000000e+03 1.829028530961156139e+04
2.458000000000000000e+03 1.826821854780008653e+04
2.459000000000000000e+03 1.826398562969045088e+04
2.460000000000000000e+03 1.828925116725095722e+04
2.461000000000000000e+03 1.824952726412789343e+04
2.462000000000000000e+03 1.822226595330707642e+04
2.463000000000000000e+03 1.821178828350936965e+04
2.464000000000000000e+03 1.825954938124763430e+04
2.465000000000000000e+03 1.828575891370012687e+04
2.466000000000000000e+03 1.825019117307715715e+04
2.467000000000000000e+03 1.828331503642536700e+04
2.468000000000000000e+03 1.830032352904644358e+04
2.469000000000000000e+03 1.832288299460259077e+04
2.470000000000000000e+03 1.826727875614455115e+04
2.471000000000000000e+03 1.826776901290809474e+04
2.472000000000000000e+03 1.829549312523028129e+04
2.473000000000000000e+03 1.831005871677805044e+04
2.474000000000000000e+03 1.830579798697177466e+04
2.475000000000000000e+03 1.830660012234666647e+04
2.476000000000000000e+03 1.831462358744224548e+04
2.477000000000000000e+03 1.834944277374201192e+04
2.478000000000000000e+03 1.830833911978242759e+04
2.479000000000000000e+03 1.828412233356802608e+04
2.480000000000000000e+03 1.832707903566295136e+04
2.481000000000000000e+03 1.831722924932791648e+04
2.482000000000000000e+03 1.838022766441353815e+04
2.483000000000000000e+03 1.843352542235767032e+04
2.484000000000000000e+03 1.841391615300302874e+04
2.485000000000000000e+03 1.841778956501968423e+04
2.486000000000000000e+03 1.841796234105804251e+04
2.487000000000000000e+03 1.839995425662536945e+04
2.488000000000000000e+03 1.844705326955574856e+04
2.489000000000000000e+03 1.845257890666204185e+04
2.490000000000000000e+03 1.846706001442206252e+04
2.491000000000000000e+03 1.852417510866512748e+04
2.492000000000000000e+03 1.856355355403446447e+04
2.493000000000000000e+03 1.862022693312001138e+04
2.494000000000000000e+03 1.858891672187479708e+04
2.495000000000000000e+03 1.858864585740338589e+04
2.496000000000000000e+03 1.862804697115051022e+04
2.497000000000000000e+03 1.859572558683291572e+04
2.498000000000000000e+03 1.860263983480367824e+04
2.499000000000000000e+03 1.861067963956090171e+04
2.500000000000000000e+03 1.860776740984165008e+04
2.501000000000000000e+03 1.861877659542649417e+04
2.502000000000000000e+03 1.861476697089789377e+04
2.503000000000000000e+03 1.861786107786237335e+04
2.504000000000000000e+03 1.863769822315401325e+04
2.505000000000000000e+03 1.861238448432335281e+04
2.506000000000000000e+03 1.860781098008082336e+04
2.507000000000000000e+03 1.860414084032774190e+04
2.508000000000000000e+03 1.857713265450959079e+04
2.509000000000000000e+03 1.855640276470041863e+04
2.510000000000000000e+03 1.856037122469587848e+04
2.511000000000000000e+03 1.856672994967587510e+04
2.512000000000000000e+03 1.858125141900314338e+04
2.513000000000000000e+03 1.860178605819509903e+04
2.514000000000000000e+03 1.861058752041706612e+04
2.515000000000000000e+03 1.864223627952945390e+04
2.516000000000000000e+03 1.862814799206706812e+04
2.517000000000000000e+03 1.860513753839143828e+04
2.518000000000000000e+03 1.864347498373553753e+04
2.519000000000000000e+03 1.867807263386720297e+04
2.520000000000000000e+03 1.867900220631865523e+04
2.521000000000000000e+03 1.874544860920143037e+04
2.522000000000000000e+03 1.872785786868553259e+04
2.523000000000000000e+03 1.867094615383082783e+04
2.524000000000000000e+03 1.864925825166277718e+04
2.525000000000000000e+03 1.865801081604883075e+04
2.526000000000000000e+03 1.867052281354825391e+04
2.527000000000000000e+03 1.868172050506125379e+04
2.528000000000000000e+03 1.867697344016483112e+04
2.529000000000000000e+03 1.866589222519463146e+04
2.530000000000000000e+03 1.869809502877320119e+04
2.531000000000000000e+03 1.872197472190870758e+04
2.532000000000000000e+03 1.871834101937707237e+04
2.533000000000000000e+03 1.873037254542216760e+04
2.534000000000000000e+03 1.873265847426195614e+04
2.535000000000000000e+03 1.873594949067196285e+04
2.536000000000000000e+03 1.874263415908876050e+04
2.537000000000000000e+03 1.874358656482043807e+04
2.538000000000000000e+03 1.870930253625498153e+04
2.539000000000000000e+03 1.873224584229156972e+04
2.540000000000000000e+03 1.869007714703159218e+04
2.541000000000000000e+03 1.871607953226023528e+04
2.542000000000000000e+03 1.870023190101973887e+04
2.543000000000000000e+03 1.870412352750796344e+04
2.544000000000000000e+03 1.871658052969084383e+04
2.545000000000000000e+03 1.876247447370441296e+04
2.546000000000000000e+03 1.874258277633752732e+04
2.547000000000000000e+03 1.875391174999722352e+04
2.548000000000000000e+03 1.873691940529070780e+04
2.549000000000000000e+03 1.875034394784696269e+04
2.550000000000000000e+03 1.875974016601766198e+04
2.551000000000000000e+03 1.872672989976806639e+04
2.552000000000000000e+03 1.874218046945472815e+04
2.553000000000000000e+03 1.875796588676314423e+04
2.554000000000000000e+03 1.875724983609236369e+04
2.555000000000000000e+03 1.878642311535299086e+04
2.556000000000000000e+03 1.881514993269092156e+04
2.557000000000000000e+03 1.879881362638155406e+04
2.558000000000000000e+03 1.878380559248638383e+04
2.559000000000000000e+03 1.879472556235474622e+04
2.560000000000000000e+03 1.878021199936328048e+04
2.561000000000000000e+03 1.877271066534423881e+04
2.562000000000000000e+03 1.878185941581003135e+04
2.563000000000000000e+03 1.880557013311351693e+04
2.564000000000000000e+03 1.883709304948268255e+04
2.565000000000000000e+03 1.879639642345348329e+04
2.566000000000000000e+03 1.872694445179484319e+04
2.567000000000000000e+03 1.877947088264970444e+04
2.568000000000000000e+03 1.879435623547562864e+04
2.569000000000000000e+03 1.878563278020323560e+04
2.570000000000000000e+03 1.877686585880489292e+04
2.571000000000000000e+03 1.879666055038935883e+04
2.572000000000000000e+03 1.882483011002736021e+04
2.573000000000000000e+03 1.885053613562700775e+04
2.574000000000000000e+03 1.886960357357489556e+04
2.575000000000000000e+03 1.883488386394052577e+04
2.576000000000000000e+03 1.878503443088178392e+04
2.577000000000000000e+03 1.876524220435102688e+04
2.578000000000000000e+03 1.880917069000367337e+04
2.579000000000000000e+03 1.880169491646688402e+04
2.580000000000000000e+03 1.881230276445143318e+04
2.581000000000000000e+03 1.886737858567713556e+04
2.582000000000000000e+03 1.887800092835806936e+04
2.583000000000000000e+03 1.887647281202517843e+04
2.584000000000000000e+03 1.894273549551650649e+04
2.585000000000000000e+03 1.890694568320071266e+04
2.586000000000000000e+03 1.890811310355398746e+04
2.587000000000000000e+03 1.894594905096785078e+04
2.588000000000000000e+03 1.894461038590222597e+04
2.589000000000000000e+03 1.893377409395299037e+04
2.590000000000000000e+03 1.894630131862844064e+04
2.591000000000000000e+03 1.897157012786759151e+04
2.592000000000000000e+03 1.895600481965039216e+04
2.593000000000000000e+03 1.893891498378957112e+04
2.594000000000000000e+03 1.895216170425005475e+04
2.595000000000000000e+03 1.895509421233836474e+04
2.596000000000000000e+03 1.897375391553129157e+04
2.597000000000000000e+03 1.903213134492019890e+04
2.598000000000000000e+03 1.904744429489811228e+04
2.599000000000000000e+03 1.904542344368746490e+04
2.600000000000000000e+03 1.904291572877771614e+04
2.601000000000000000e+03 1.908947995851997621e+04
2.602000000000000000e+03 1.907337761653506459e+04
2.603000000000000000e+03 1.904875356336998811e+04
2.604000000000000000e+03 1.903918777819882234e+04
2.605000000000000000e+03 1.907349101177617194e+04
2.606000000000000000e+03 1.908087063088207651e+04
2.607000000000000000e+03 1.910426793527214613e+04
2.608000000000000000e+03 1.915680728645835552e+04
2.609000000000000000e+03 1.919276329998300207e+04
2.610000000000000000e+03 1.920891826369323098e+04
2.611000000000000000e+03 1.917350376903629513e+04
2.612000000000000000e+03 1.919986970641997686e+04
2.613000000000000000e+03 1.919661145686303280e+04
2.614000000000000000e+03 1.918148352582968801e+04
2.615000000000000000e+03 1.920053822059516824e+04
2.616000000000000000e+03 1.920688570635568976e+04
2.617000000000000000e+03 1.923089944096399631e+04
2.618000000000000000e+03 1.923355189970590436e+04
2.619000000000000000e+03 1.921881245279267023e+04
2.620000000000000000e+03 1.918344297733774511e+04
2.621000000000000000e+03 1.922336496310255097e+04
2.622000000000000000e+03 1.918302335863669578e+04
2.623000000000000000e+03 1.919752180269780365e+04
2.624000000000000000e+03 1.917157357966419659e+04
2.625000000000000000e+03 1.921355952529554997e+04
2.626000000000000000e+03 1.920735968166518069e+04
2.627000000000000000e+03 1.924769589986801657e+04
2.628000000000000000e+03 1.927382492888821434e+04
2.629000000000000000e+03 1.929387417932263634e+04
2.630000000000000000e+03 1.925459048962534507e+04
2.631000000000000000e+03 1.929664923030216960e+04
2.632000000000000000e+03 1.931162868629612785e+04
2.633000000000000000e+03 1.929636661217005530e+04
2.634000000000000000e+03 1.930945406701129104e+04
2.635000000000000000e+03 1.932785501146291790e+04
2.636000000000000000e+03 1.932326068241354369e+04
2.637000000000000000e+03 1.930052816468101446e+04
2.638000000000000000e+03 1.929052650123679268e+04
2.639000000000000000e+03 1.935623944582635522e+04
2.640000000000000000e+03 1.936013959031186459e+04
2.641000000000000000e+03 1.937275775254834298e+04
2.642000000000000000e+03 1.938516799351947702e+04
2.643000000000000000e+03 1.941249389737441743e+04
2.644000000000000000e+03 1.937503648866380536e+04
2.645000000000000000e+03 1.934227489281915041e+04
2.646000000000000000e+03 1.939088773086290166e+04
2.647000000000000000e+03 1.942214913651159441e+04
2.648000000000000000e+03 1.944534620415710742e+04
2.649000000000000000e+03 1.944963616574954722e+04
2.650000000000000000e+03 1.940337241323879789e+04
2.651000000000000000e+03 1.940129249880177667e+04
2.652000000000000000e+03 1.939089546616726511e+04
2.653000000000000000e+03 1.935035501853583628e+04
2.654000000000000000e+03 1.939132442586299658e+04
2.655000000000000000e+03 1.941264019834161445e+04
2.656000000000000000e+03 1.940719783776038457e+04
2.657000000000000000e+03 1.936491332969278301e+04
2.658000000000000000e+03 1.938123273271907237e+04
2.659000000000000000e+03 1.939709649708629513e+04
2.660000000000000000e+03 1.941689062648050822e+04
2.661000000000000000e+03 1.941506545248543625e+04
2.662000000000000000e+03 1.942243625522001457e+04
2.663000000000000000e+03 1.944284391161237727e+04
2.664000000000000000e+03 1.946132522045441510e+04
2.665000000000000000e+03 1.950848025582724222e+04
2.666000000000000000e+03 1.952283324391882707e+04
2.667000000000000000e+03 1.949355369925674677e+04
2.668000000000000000e+03 1.947771868223292404e+04
2.669000000000000000e+03 1.948139133747475717e+04
2.670000000000000000e+03 1.950403946937894216e+04
2.671000000000000000e+03 1.953257529992455602e+04
2.672000000000000000e+03 1.952832349855862049e+04
2.673000000000000000e+03 1.952321084521470402e+04
2.674000000000000000e+03 1.951259520284502287e+04
2.675000000000000000e+03 1.948303493535409507e+04
2.676000000000000000e+03 1.945806163380492580e+04
2.677000000000000000e+03 1.951144951890736775e+04
2.678000000000000000e+03 1.952933849794768321e+04
2.679000000000000000e+03 1.953579681481660009e+04
2.680000000000000000e+03 1.953176274101315357e+04
2.681000000000000000e+03 1.956113548171095681e+04
2.682000000000000000e+03 1.955578738584642997e+04
2.683000000000000000e+03 1.955611545698729242e+04
2.684000000000000000e+03 1.956980895169116411e+04
2.685000000000000000e+03 1.961968721794681551e+04
2.686000000000000000e+03 1.962728696725896589e+04
2.687000000000000000e+03 1.964404061699780141e+04
2.688000000000000000e+03 1.967510879169946929e+04
2.689000000000000000e+03 1.971400581109106861e+04
2.690000000000000000e+03 1.971295908062845047e+04
2.691000000000000000e+03 1.970748541422171184e+04
2.692000000000000000e+03 1.969548402816470480e+04
2.693000000000000000e+03 1.968679324322519824e+04
2.694000000000000000e+03 1.966399410469882059e+04
2.695000000000000000e+03 1.969921292549175996e+04
2.696000000000000000e+03 1.972350227411524611e+04
2.697000000000000000e+03 1.976152737240512215e+04
2.698000000000000000e+03 1.974960915919394029e+04
2.699000000000000000e+03 1.970664851645370436e+04
2.700000000000000000e+03 1.969741847070882795e+04
2.701000000000000000e+03 1.973660427351058024e+04
2.702000000000000000e+03 1.973815114992168310e+04
2.703000000000000000e+03 1.974452497285393474e+04
2.704000000000000000e+03 1.974408983434174661e+04
2.705000000000000000e+03 1.978236178656134143e+04
2.706000000000000000e+03 1.980616771666715067e+04
2.707000000000000000e+03 1.982459865262848689e+04
2.708000000000000000e+03 1.985127659197813409e+04
2.709000000000000000e+03 1.986521535116917585e+04
2.710000000000000000e+03 1.982138900898769134e+04
2.711000000000000000e+03 1.985558890323667583e+04
2.712000000000000000e+03 1.989946501534575145e+04
2.713000000000000000e+03 1.987770107463559179e+04
2.714000000000000000e+03 1.990704585894887350e+04
2.715000000000000000e+03 1.992363285503133011e+04
2.716000000000000000e+03 1.991693629372816940e+04
2.717000000000000000e+03 1.991447252724159262e+04
2.718000000000000000e+03 1.995531792149268222e+04
2.719000000000000000e+03 1.996450984663165582e+04
2.720000000000000000e+03 1.992868860732983376e+04
2.721000000000000000e+03 1.994359852486487944e+04
2.722000000000000000e+03 1.995416698348162754e+04
2.723000000000000000e+03 1.996011789425470488e+04
2.724000000000000000e+03 1.995049349958994935e+04
2.725000000000000000e+03 1.995289559710831963e+04
2.726000000000000000e+03 1.997336512551720443e+04
2.727000000000000000e+03 1.995818304016995171e+04
2.728000000000000000e+03 1.999444399897434050e+04
2.729000000000000000e+03 1.996803516277347808e+04
2.730000000000000000e+03 1.999236494178492649e+04
2.731000000000000000e+03 1.996789279423841799e+04
2.732000000000000000e+03 2.000388131380043342e+04
2.733000000000000000e+03 2.000776594646378726e+04
2.734000000000000000e+03 1.997275064307221328e+04
2.735000000000000000e+03 2.002999162110447287e+04
2.736000000000000000e+03 2.001965078879473003e+04
2.737000000000000000e+03 2.002675726832781947e+04
2.738000000000000000e+03 2.005307622814769275e+04
2.739000000000000000e+03 2.001207932523590353e+04
2.740000000000000000e+03 2.005595109585423052e+04
2.741000000000000000e+03 2.008198199552714868e+04
2.742000000000000000e+03 2.010858723174434635e+04
2.743000000000000000e+03 2.009903431776646175e+04
2.744000000000000000e+03 2.012119000552469515e+04
2.745000000000000000e+03 2.013638811929976146e+04
2.746000000000000000e+03 2.015880723249997391e+04
2.747000000000000000e+03 2.018340430565060888e+04
2.748000000000000000e+03 2.017391513369841778e+04
2.749000000000000000e+03 2.018891536484054814e+04
2.750000000000000000e+03 2.020077426103181278e+04
2.751000000000000000e+03 2.023081501627312900e+04
2.752000000000000000e+03 2.026338938502851670e+04
2.753000000000000000e+03 2.028765697596453538e+04
2.754000000000000000e+03 2.027492026531706870e+04
2.755000000000000000e+03 2.028663870817348288e+04
2.756000000000000000e+03 2.030420597353211997e+04
2.757000000000000000e+03 2.032140643557742442e+04
2.758000000000000000e+03 2.029055910366673925e+04
2.759000000000000000e+03 2.025441731671174057e+04
2.760000000000000000e+03 2.028494217033655514e+04
2.761000000000000000e+03 2.025967084474365038e+04
2.762000000000000000e+03 2.027095419022272108e+04
2.763000000000000000e+03 2.026587137764531144e+04
2.764000000000000000e+03 2.027941066345819127e+04
2.765000000000000000e+03 2.033379400861811882e+04
2.766000000000000000e+03 2.030232754640506027e+04
2.767000000000000000e+03 2.031517736953328495e+04
2.768000000000000000e+03 2.037567567317666544e+04
2.769000000000000000e+03 2.039344819511759488e+04
2.770000000000000000e+03 2.039422916778770377e+04
2.771000000000000000e+03 2.040327058924607263e+04
2.772000000000000000e+03 2.040302229308637834e+04
2.773000000000000000e+03 2.038635545043977254e+04
2.774000000000000000e+03 2.037892472906049079e+04
2.775000000000000000e+03 2.035757473440295507e+04
2.776000000000000000e+03 2.036241332565101766e+04
2.777000000000000000e+03 2.039876392555945495e+04
2.778000000000000000e+03 2.038478653008070251e+04
2.779000000000000000e+03 2.041327080215388196e+04
2.780000000000000000e+03 2.039517321605624602e+04
2.781000000000000000e+03 2.044077777494664770e+04
2.782000000000000000e+03 2.044341641510114277e+04
2.783000000000000000e+03 2.045521467498235143e+04
2.784000000000000000e+03 2.044489115621918609e+04
2.785000000000000000e+03 2.045520447352341580e+04
2.786000000000000000e+03 2.044961993767030799e+04
2.787000000000000000e+03 2.047698142493131672e+04
2.788000000000000000e+03 2.049027341035477002e+04
2.789000000000000000e+03 2.047377516009390456e+04
2.790000000000000000e+03 2.049388264792113841e+04
2.791000000000000000e+03 2.047295552258027601e+04
2.792000000000000000e+03 2.046382808758518877e+04
2.793000000000000000e+03 2.047188749361116788e+04
2.794000000000000000e+03 2.049571501561683908e+04
2.795000000000000000e+03 2.054162886481633541e+04
2.796000000000000000e+03 2.057405189067548054e+04
2.797000000000000000e+03 2.053223489102778331e+04
2.798000000000000000e+03 2.051894146559077490e+04
2.799000000000000000e+03 2.048967790654807686e+04
2.800000000000000000e+03 2.045050597547085999e+04
2.801000000000000000e+03 2.048561407356600103e+04
2.802000000000000000e+03 2.049483936954940509e+04
2.803000000000000000e+03 2.051578038452188048e+04
2.804000000000000000e+03 2.051569533158817649e+04
2.805000000000000000e+03 2.050239766510631307e+04
2.806000000000000000e+03 2.050011899607668965e+04
2.807000000000000000e+03 2.052659099970315947e+04
2.808000000000000000e+03 2.052827821817602671e+04
2.809000000000000000e+03 2.052372857451015443e+04
2.810000000000000000e+03 2.051146313336810999e+04
2.811000000000000000e+03 2.047926005604400780e+04
2.812000000000000000e+03 2.047567466749501182e+04
2.813000000000000000e+03 2.044114457477464020e+04
2.814000000000000000e+03 2.043184150385608518e+04
2.815000000000000000e+03 2.043749102968290026e+04
2.816000000000000000e+03 2.051227331127305661e+04
2.817000000000000000e+03 2.054752460973806956e+04
2.818000000000000000e+03 2.058878749499724290e+04
2.819000000000000000e+03 2.059344778888321525e+04
2.820000000000000000e+03 2.056922231794161053e+04
2.821000000000000000e+03 2.055404756974562042e+04
2.822000000000000000e+03 2.055827831583886291e+04
2.823000000000000000e+03 2.059162060190900957e+04
2.824000000000000000e+03 2.059367734194186778e+04
2.825000000000000000e+03 2.062073612516302455e+04
2.826000000000000000e+03 2.058985245089763703e+04
2.827000000000000000e+03 2.057579690118098006e+04
2.828000000000000000e+03 2.058578268553295129e+04
2.829000000000000000e+03 2.063234892561272500e+04
2.830000000000000000e+03 2.063897700176733997e+04
2.831000000000000000e+03 2.065622809960965242e+04
2.832000000000000000e+03 2.069119666965538636e+04
2.833000000000000000e+03 2.070201858296127102e+04
2.834000000000000000e+03 2.072602945188348895e+04
2.835000000000000000e+03 2.076081150924267786e+04
2.836000000000000000e+03 2.078598523422608559e+04
2.837000000000000000e+03 2.079980848830965260e+04
2.838000000000000000e+03 2.077064624971325975e+04
2.839000000000000000e+03 2.081859495070334378e+04
2.840000000000000000e+03 2.079856480733729768e+04
2.841000000000000000e+03 2.081788831708815997e+04
2.842000000000000000e+03 2.085837577885748033e+04
2.843000000000000000e+03 2.087324626768188682e+04
2.844000000000000000e+03 2.091411059521172137e+04
2.845000000000000000e+03 2.088992980414348858e+04
2.846000000000000000e+03 2.093447537211739836e+04
2.847000000000000000e+03 2.091433985274705992e+04
2.848000000000000000e+03 2.090818755132896695e+04
2.849000000000000000e+03 2.090954435484937130e+04
2.850000000000000000e+03 2.090360529755087555e+04
2.851000000000000000e+03 2.092917352940984347e+04
2.852000000000000000e+03 2.094853143322025062e+04
2.853000000000000000e+03 2.096602598637554547e+04
2.854000000000000000e+03 2.095928627261766087e+04
2.855000000000000000e+03 2.095794668571445072e+04
2.856000000000000000e+03 2.097621275869420060e+04
2.857000000000000000e+03 2.098712199225075528e+04
2.858000000000000000e+03 2.097541045426626442e+04
2.859000000000000000e+03 2.100120913351368290e+04
2.860000000000000000e+03 2.100792265851276170e+04
2.861000000000000000e+03 2.095655528660633354e+04
2.862000000000000000e+03 2.095865471427606826e+04
2.863000000000000000e+03 2.095619771393877454e+04
2.864000000000000000e+03 2.096159438317488093e+04
2.865000000000000000e+03 2.102551351935015919e+04
2.866000000000000000e+03 2.106447876149238800e+04
2.867000000000000000e+03 2.108205923519261705e+04
2.868000000000000000e+03 2.108541302092328988e+04
2.869000000000000000e+03 2.113435884217469356e+04
2.870000000000000000e+03 2.115283303874250487e+04
2.871000000000000000e+03 2.114568795762552327e+04
2.872000000000000000e+03 2.113941566438156224e+04
2.873000000000000000e+03 2.113917079118661059e+04
2.874000000000000000e+03 2.115609648426810963e+04
2.875000000000000000e+03 2.119017797631437861e+04
2.876000000000000000e+03 2.116929687664201629e+04
2.877000000000000000e+03 2.118148921278605485e+04
2.878000000000000000e+03 2.119016593272611499e+04
2.879000000000000000e+03 2.120652968118192803e+04
2.880000000000000000e+03 2.123336633065126443e+04
2.881000000000000000e+03 2.124039452838120997e+04
2.882000000000000000e+03 2.127722437807682945e+04
2.883000000000000000e+03 2.128184233825058618e+04
2.884000000000000000e+03 2.132369360007413707e+04
2.885000000000000000e+03 2.133219710038822086e+04
2.886000000000000000e+03 2.132120448738591585e+04
2.887000000000000000e+03 2.131424532461106719e+04
2.888000000000000000e+03 2.130527674800896784e+04
2.889000000000000000e+03 2.132606558044377380e+04
2.890000000000000000e+03 2.128771803582979192e+04
2.891000000000000000e+03 2.129574155632115071e+04
2.892000000000000000e+03 2.130404041941272953e+04
2.893000000000000000e+03 2.129121801653505099e+04
2.894000000000000000e+03 2.135151177771488437e+04
2.895000000000000000e+03 2.138131365988438847e+04
2.896000000000000000e+03 2.138584143623881391e+04
2.897000000000000000e+03 2.140367166513917618e+04
2.898000000000000000e+03 2.136285490785311413e+04
2.899000000000000000e+03 2.131770220343590336e+04
2.900000000000000000e+03 2.132339678827355601e+04
2.901000000000000000e+03 2.137114077125115000e+04
2.902000000000000000e+03 2.142314188218072741e+04
2.903000000000000000e+03 2.144416752024736707e+04
2.904000000000000000e+03 2.144962111680260205e+04
2.905000000000000000e+03 2.144141777827239639e+04
2.906000000000000000e+03 2.144920603653031139e+04
2.907000000000000000e+03 2.143226078146031796e+04
2.908000000000000000e+03 2.141537330928918891e+04
2.909000000000000000e+03 2.145174014504688967e+04
2.910000000000000000e+03 2.141743731137677605e+04
2.911000000000000000e+03 2.146924966264047180e+04
2.912000000000000000e+03 2.142055597224965823e+04
2.913000000000000000e+03 2.142895856190480117e+04
2.914000000000000000e+03 2.140968254086921297e+04
2.915000000000000000e+03 2.141909477660725679e+04
2.916000000000000000e+03 2.139399803950953719e+04
2.917000000000000000e+03 2.141136784150994936e+04
2.918000000000000000e+03 2.138544633296293978e+04
2.919000000000000000e+03 2.141231412442334477e+04
2.920000000000000000e+03 2.145142621704623161e+04
2.921000000000000000e+03 2.143530585461043665e+04
2.922000000000000000e+03 2.142331431126440293e+04
2.923000000000000000e+03 2.140657032177720976e+04
2.924000000000000000e+03 2.137036975822914246e+04
2.925000000000000000e+03 2.139026498476598499e+04
2.926000000000000000e+03 2.139885741160140969e+04
2.927000000000000000e+03 2.141134926793141130e+04
2.928000000000000000e+03 2.141706726682390217e+04
2.929000000000000000e+03 2.147489981923174855e+04
2.930000000000000000e+03 2.147830523676057783e+04
2.931000000000000000e+03 2.149938024890684756e+04
2.932000000000000000e+03 2.149151135704591798e+04
2.933000000000000000e+03 2.149136526206291092e+04
2.934000000000000000e+03 2.146287079694665226e+04
2.935000000000000000e+03 2.146104561119984646e+04
2.936000000000000000e+03 2.148075785144191468e+04
2.937000000000000000e+03 2.150932751348461534e+04
2.938000000000000000e+03 2.154639158532429792e+04
2.939000000000000000e+03 2.154123747900869785e+04
2.940000000000000000e+03 2.154483486812557749e+04
2.941000000000000000e+03 2.155811248391078334e+04
2.942000000000000000e+03 2.159984689775556399e+04
2.943000000000000000e+03 2.158723756531306572e+04
2.944000000000000000e+03 2.166146566532868383e+04
2.945000000000000000e+03 2.170878671456722805e+04
2.946000000000000000e+03 2.169957465520299593e+04
2.947000000000000000e+03 2.171678421572014122e+04
2.948000000000000000e+03 2.169119861463147026e+04
2.949000000000000000e+03 2.169811918674070694e+04
2.950000000000000000e+03 2.172370805560286317e+04
2.951000000000000000e+03 2.167666826645314359e+04
2.952000000000000000e+03 2.172847499992493977e+04
2.953000000000000000e+03 2.165450345879460292e+04
2.954000000000000000e+03 2.161824256094924567e+04
2.955000000000000000e+03 2.165424411121456433e+04
2.956000000000000000e+03 2.168663025552604813e+04
2.957000000000000000e+03 2.170977399369381237e+04
2.958000000000000000e+03 2.173087110418691736e+04
2.959000000000000000e+03 2.176276683283186139e+04
2.960000000000000000e+03 2.169777552917760841e+04
2.961000000000000000e+03 2.170283528979439870e+04
2.962000000000000000e+03 2.176047986659230446e+04
2.963000000000000000e+03 2.176085071122718364e+04
2.964000000000000000e+03 2.175598773271345271e+04
2.965000000000000000e+03 2.174995541145939569e+04
2.966000000000000000e+03 2.177171883747358515e+04
2.967000000000000000e+03 2.180590029341115587e+04
2.968000000000000000e+03 2.181569375990505796e+04
2.969000000000000000e+03 2.179002196710660064e+04
2.970000000000000000e+03 2.178881116081933214e+04
2.971000000000000000e+03 2.175891248361651014e+04
2.972000000000000000e+03 2.174162933857178359e+04
2.973000000000000000e+03 2.173797497527323503e+04
2.974000000000000000e+03 2.176854145065305056e+04
2.975000000000000000e+03 2.177002508075288642e+04
2.976000000000000000e+03 2.176073694747180343e+04
2.977000000000000000e+03 2.175566890121374672e+04
2.978000000000000000e+03 2.174460197350777526e+04
2.979000000000000000e+03 2.174255774575148826e+04
2.980000000000000000e+03 2.174564909557902138e+04
2.981000000000000000e+03 2.175336555469140512e+04
2.982000000000000000e+03 2.177813301910234077e+04
2.983000000000000000e+03 2.177964490919647869e+04
2.984000000000000000e+03 2.179177410656993015e+04
2.985000000000000000e+03 2.180208679291306908e+04
2.986000000000000000e+03 2.183860577574820127e+04
2.987000000000000000e+03 2.184500170746383446e+04
2.988000000000000000e+03 2.185020544411573428e+04
2.989000000000000000e+03 2.185359044786718005e+04
2.990000000000000000e+03 2.188840421363956557e+04
2.991000000000000000e+03 2.195733255971244944e+04
2.992000000000000000e+03 2.195120547868514404e+04
2.993000000000000000e+03 2.196510286037098194e+04
2.994000000000000000e+03 2.195006715178548984e+04
2.995000000000000000e+03 2.196834867662582838e+04
2.996000000000000000e+03 2.195265947697890078e+04
2.997000000000000000e+03 2.198094886039757694e+04
2.998000000000000000e+03 2.197646739394609176e+04
2.999000000000000000e+03 2.199770510462421953e+04
3.000000000000000000e+03 2.198702086945079282e+04
3.001000000000000000e+03 2.197377366517192422e+04
3.002000000000000000e+03 2.195308348548031427e+04
3.003000000000000000e+03 2.201816918872065435e+04
3.004000000000000000e+03 2.205918539691955448e+04
3.005000000000000000e+03 2.211065259493288613e+04
3.006000000000000000e+03 2.208739785267067418e+04
3.007000000000000000e+03 2.213153048658928310e+04
3.008000000000000000e+03 2.216982367069776228e+04
3.009000000000000000e+03 2.221488885918174492e+04
3.010000000000000000e+03 2.224759254145988598e+04
3.011000000000000000e+03 2.221162427837224095e+04
3.012000000000000000e+03 2.219895037054432396e+04
3.013000000000000000e+03 2.218835285409127755e+04
3.014000000000000000e+03 2.216011063414221644e+04
3.015000000000000000e+03 2.217620584789044369e+04
3.016000000000000000e+03 2.218943952638421979e+04
3.017000000000000000e+03 2.213854702451639969e+04
3.018000000000000000e+03 2.216149205879638976e+04
3.019000000000000000e+03 2.217024958569501177e+04
3.020000000000000000e+03 2.219068368681000720e+04
3.021000000000000000e+03 2.220509660997476021e+04
3.022000000000000000e+03 2.220320052668911376e+04
3.023000000000000000e+03 2.219882891239356104e+04
3.024000000000000000e+03 2.219081811340049535e+04
3.025000000000000000e+03 2.221820689838439648e+04
3.026000000000000000e+03 2.220449244866882873e+04
3.027000000000000000e+03 2.223555562160533009e+04
3.028000000000000000e+03 2.222056390076683238e+04
3.029000000000000000e+03 2.221219898689912952e+04
3.030000000000000000e+03 2.225195508187467567e+04
3.031000000000000000e+03 2.226980820908576061e+04
3.032000000000000000e+03 2.226193266891263556e+04
3.033000000000000000e+03 2.229945626925393299e+04
3.034000000000000000e+03 2.227132655073918431e+04
3.035000000000000000e+03 2.229052667523726632e+04
3.036000000000000000e+03 2.229622079588821725e+04
3.037000000000000000e+03 2.230458092179358573e+04
3.038000000000000000e+03 2.233667434353425415e+04
3.039000000000000000e+03 2.231556758162305414e+04
3.040000000000000000e+03 2.235668467009090455e+04
3.041000000000000000e+03 2.234098964407072344e+04
3.042000000000000000e+03 2.233941332703775697e+04
3.043000000000000000e+03 2.233805944921300397e+04
3.044000000000000000e+03 2.238573506315932536e+04
3.045000000000000000e+03 2.236240116350006792e+04
3.046000000000000000e+03 2.235456897828168439e+04
3.047000000000000000e+03 2.233234702961463336e+04
3.048000000000000000e+03 2.233966246307067559e+04
3.049000000000000000e+03 2.232328847971545110e+04
3.050000000000000000e+03 2.235137414043576791e+04
3.051000000000000000e+03 2.234806787035831803e+04
3.052000000000000000e+03 2.237149857480867286e+04
3.053000000000000000e+03 2.234929220122669358e+04
3.054000000000000000e+03 2.234740366155896118e+04
3.055000000000000000e+03 2.235856538375403034e+04
3.056000000000000000e+03 2.236105992224306829e+04
3.057000000000000000e+03 2.237785913136606541e+04
3.058000000000000000e+03 2.241081648011380094e+04
3.059000000000000000e+03 2.244383905003598557e+04
3.060000000000000000e+03 2.244188789290628119e+04
3.061000000000000000e+03 2.247072930165537036e+04
3.062000000000000000e+03 2.244038464560524517e+04
3.063000000000000000e+03 2.242317059688660447e+04
3.064000000000000000e+03 2.246179028221078624e+04
3.065000000000000000e+03 2.245250245303205884e+04
3.066000000000000000e+03 2.242695067191362978e+04
3.067000000000000000e+03 2.240485026545820438e+04
3.068000000000000000e+03 2.236286057454665934e+04
3.069000000000000000e+03 2.239915064789555981e+04
3.070000000000000000e+03 2.244702120709019437e+04
3.071000000000000000e+03 2.241009675679718930e+04
3.072000000000000000e+03 2.240337280566593472e+04
3.073000000000000000e+03 2.244092153277395118e+04
3.074000000000000000e+03 2.245822690996191159e+04
3.075000000000000000e+03 2.243938970862002316e+04
3.076000000000000000e+03 2.243568274367888080e+04
3.077000000000000000e+03 2.250318848264286135e+04
3.078000000000000000e+03 2.251705792290790487e+04
3.079000000000000000e+03 2.251492196320960284e+04
3.080000000000000000e+03 2.255147606456056383e+04
3.081000000000000000e+03 2.257926954130580998e+04
3.082000000000000000e+03 2.253902088877959613e+04
3.083000000000000000e+03 2.256476478183754080e+04
3.084000000000000000e+03 2.257260513085979619e+04
3.085000000000000000e+03 2.264234265057141238e+04
3.086000000000000000e+03 2.264612938050919547e+04
3.087000000000000000e+03 2.262372314202219422e+04
3.088000000000000000e+03 2.261315433198394021e+04
3.089000000000000000e+03 2.259622141672309226e+04
3.090000000000000000e+03 2.261912119482787602e+04
3.091000000000000000e+03 2.259434496713883345e+04
3.092000000000000000e+03 2.258568785106387077e+04
3.093000000000000000e+03 2.261776544667980488e+04
3.094000000000000000e+03 2.259784875727878170e+04
3.095000000000000000e+03 2.261050189847371803e+04
3.096000000000000000e+03 2.260674134097237766e+04
3.097000000000000000e+03 2.262162423330131787e+04
3.098000000000000000e+03 2.262241570959021919e+04
3.099000000000000000e+03 2.262430708113334913e+04
3.100000000000000000e+03 2.261837122781677317e+04
3.101000000000000000e+03 2.264524521905763686e+04
3.102000000000000000e+03 2.261782639779161036e+04
3.103000000000000000e+03 2.261206984741015185e+04
3.104000000000000000e+03 2.259629846098283087e+04
3.105000000000000000e+03 2.265197823505739507e+04
3.106000000000000000e+03 2.259378718323424619e+04
3.107000000000000000e+03 2.261801703940587686e+04
3.108000000000000000e+03 2.261731906417953724e+04
3.109000000000000000e+03 2.260551094227808062e+04
3.110000000000000000e+03 2.258324432080145925e+04
3.111000000000000000e+03 2.255913101209641536e+04
3.112000000000000000e+03 2.254629782593658092e+04
3.113000000000000000e+03 2.255834857758118960e+04
3.114000000000000000e+03 2.259723075895485090e+04
3.115000000000000000e+03 2.258920579217020349e+04
3.116000000000000000e+03 2.257580515028596710e+04
3.117000000000000000e+03 2.260532418231615520e+04
3.118000000000000000e+03 2.257567075106508491e+04
3.119000000000000000e+03 2.258756210688785723e+04
3.120000000000000000e+03 2.260858710164342847e+04
3.121000000000000000e+03 2.263239550658084772e+04
3.122000000000000000e+03 2.267775707530179716e+04
3.123000000000000000e+03 2.269532636160269249e+04
3.124000000000000000e+03 2.270267344916311777e+04
3.125000000000000000e+03 2.275091940325327232e+04
3.126000000000000000e+03 2.278145848962698074e+04
3.127000000000000000e+03 2.280650923146261994e+04
3.128000000000000000e+03 2.285982306659306778e+04
3.129000000000000000e+03 2.285117103729391238e+04
3.130000000000000000e+03 2.287124554123042617e+04
3.131000000000000000e+03 2.287609043058841416e+04
3.132000000000000000e+03 2.290190937005062733e+04
3.133000000000000000e+03 2.294267029100894069e+04
3.134000000000000000e+03 2.296234815159396021e+04
3.135000000000000000e+03 2.295170526866624641e+04
3.136000000000000000e+03 2.293270595931969001e+04
3.137000000000000000e+03 2.293219206005975502e+04
3.138000000000000000e+03 2.295119118033046470e+04
3.139000000000000000e+03 2.299021391281354954e+04
3.140000000000000000e+03 2.298871185557680656e+04
3.141000000000000000e+03 2.296988105193964657e+04
3.142000000000000000e+03 2.300304130632394663e+04
3.143000000000000000e+03 2.298435432990324261e+04
3.144000000000000000e+03 2.295368561305676121e+04
3.145000000000000000e+03 2.300602841303632886e+04
3.146000000000000000e+03 2.299916157542569636e+04
3.147000000000000000e+03 2.294424277627049742e+04
3.148000000000000000e+03 2.293793305693566435e+04
3.149000000000000000e+03 2.293991845951363211e+04
3.150000000000000000e+03 2.295105497675576771e+04
3.151000000000000000e+03 2.298660938010544123e+04
3.152000000000000000e+03 2.298346698648626625e+04
3.153000000000000000e+03 2.294389038804583106e+04
3.154000000000000000e+03 2.294922877843229435e+04
3.155000000000000000e+03 2.298067367524555812e+04
3.156000000000000000e+03 2.300202195313039920e+04
3.157000000000000000e+03 2.299242223110705163e+04
3.158000000000000000e+03 2.300200256021659152e+04
3.159000000000000000e+03 2.303557275620245491e+04
3.160000000000000000e+03 2.302100531415280057e+04
3.161000000000000000e+03 2.306956834066515148e+04
3.162000000000000000e+03 2.309080549764482203e+04
3.163000000000000000e+03 2.314022038798407448e+04
3.164000000000000000e+03 2.315090579746778894e+04
3.165000000000000000e+03 2.312519890998680057e+04
3.166000000000000000e+03 2.310737172261177329e+04
3.167000000000000000e+03 2.310178012733420110e+04
3.168000000000000000e+03 2.312559674712417109e+04
3.169000000000000000e+03 2.312557402200066645e+04
3.170000000000000000e+03 2.314438848259897350e+04
3.171000000000000000e+03 2.316219231833037338e+04
3.172000000000000000e+03 2.313347726000086914e+04
3.173000000000000000e+03 2.318862272634803958e+04
3.174000000000000000e+03 2.316388530151116720e+04
3.175000000000000000e+03 2.318979575211673000e+04
3.176000000000000000e+03 2.321328828574712679e+04
3.177000000000000000e+03 2.320545072758903552e+04
3.178000000000000000e+03 2.319475463452531039e+04
3.179000000000000000e+03 2.319373548499711615e+04
3.180000000000000000e+03 2.324274829095238965e+04
3.181000000000000000e+03 2.328464355867113773e+04
3.182000000000000000e+03 2.328489421318998575e+04
3.183000000000000000e+03 2.327149208524157439e+04
3.184000000000000000e+03 2.324701367381072851e+04
3.185000000000000000e+03 2.325726974734972464e+04
3.186000000000000000e+03 2.329029171006706383e+04
3.187000000000000000e+03 2.331261455868753183e+04
3.188000000000000000e+03 2.330568181937267582e+04
3.189000000000000000e+03 2.329242572340463448e+04
3.190000000000000000e+03 2.330314570877155347e+04
3.191000000000000000e+03 2.337342121652004425e+04
3.192000000000000000e+03 2.339845483023692213e+04
3.193000000000000000e+03 2.340707739822594885e+04
3.194000000000000000e+03 2.343899705723839725e+04
3.195000000000000000e+03 2.343184939496461084e+04
3.196000000000000000e+03 2.344895336667125230e+04
3.197000000000000000e+03 2.346276532017490172e+04
3.198000000000000000e+03 2.350743855088115743e+04
3.199000000000000000e+03 2.354028331139892543e+04
3.200000000000000000e+03 2.355784368272973370e+04
3.201000000000000000e+03 2.354612143966416261e+04
3.202000000000000000e+03 2.352111721488378680e+04
3.203000000000000000e+03 2.352314646396697935e+04
3.204000000000000000e+03 2.355755897080728028e+04
3.205000000000000000e+03 2.356762692482927014e+04
3.206000000000000000e+03 2.357874667355341808e+04
3.207000000000000000e+03 2.361134087236051346e+04
3.208000000000000000e+03 2.361816203452273476e+04
3.209000000000000000e+03 2.365370051319931008e+04
3.210000000000000000e+03 2.363494258947103663e+04
3.211000000000000000e+03 2.361327830632960831e+04
3.212000000000000000e+03 2.364934496752541963e+04
3.213000000000000000e+03 2.369899232286698316e+04
3.214000000000000000e+03 2.375405541511454430e+04
3.215000000000000000e+03 2.377112256602727211e+04
3.216000000000000000e+03 2.379312892978928721e+04
3.217000000000000000e+03 2.383333174685038466e+04
3.218000000000000000e+03 2.382130418626800383e+04
3.219000000000000000e+03 2.377852597003921983e+04
3.220000000000000000e+03 2.376934151163596471e+04
3.221000000000000000e+03 2.379236742540803971e+04
3.222000000000000000e+03 2.387479297767728349e+04
3.223000000000000000e+03 2.386850497588285361e+04
3.224000000000000000e+03 2.385084541950390849e+04
3.225000000000000000e+03 2.386222902718259502e+04
3.226000000000000000e+03 2.386048256042536377e+04
3.227000000000000000e+03 2.385491770305153477e+04
3.228000000000000000e+03 2.387504887942372443e+04
3.229000000000000000e+03 2.386048728501467122e+04
3.230000000000000000e+03 2.387017197755592133e+04
3.231000000000000000e+03 2.388991192566815880e+04
3.232000000000000000e+03 2.388407435566329514e+04
3.233000000000000000e+03 2.391038277945285154e+04
3.234000000000000000e+03 2.393646567480252270e+04
3.235000000000000000e+03 2.390571981187237907e+04
3.236000000000000000e+03 2.391819236221963001e+04
3.237000000000000000e+03 2.393216087047128894e+04
3.238000000000000000e+03 2.395155591502730022e+04
3.239000000000000000e+03 2.393436060256901692e+04
3.240000000000000000e+03 2.392070810924427497e+04
3.241000000000000000e+03 2.395042226411532101e+04
3.242000000000000000e+03 2.390976644113509246e+04
3.243000000000000000e+03 2.391546017146867598e+04
3.244000000000000000e+03 2.391178001536615193e+04
3.245000000000000000e+03 2.389352504069467250e+04
3.246000000000000000e+03 2.394299861163581954e+04
3.247000000000000000e+03 2.398431926409064909e+04
3.248000000000000000e+03 2.397589517880275162e+04
3.249000000000000000e+03 2.398102045919232478e+04
3.250000000000000000e+03 2.389011041168852898e+04
3.251000000000000000e+03 2.389421129736178773e+04
3.252000000000000000e+03 2.391252519160207885e+04
3.253000000000000000e+03 2.389337905525832321e+04
3.254000000000000000e+03 2.387493255239915743e+04
3.255000000000000000e+03 2.388591049549067247e+04
3.256000000000000000e+03 2.390153161169244049e+04
3.257000000000000000e+03 2.388540028104219891e+04
3.258000000000000000e+03 2.388556447321991800e+04
3.259000000000000000e+03 2.393404269979764285e+04
3.260000000000000000e+03 2.397240312402966811e+04
3.261000000000000000e+03 2.397312900545718730e+04
3.262000000000000000e+03 2.399646683396423759e+04
3.263000000000000000e+03 2.401713783411587428e+04
3.264000000000000000e+03 2.405506591988275613e+04
3.265000000000000000e+03 2.408905821200043283e+04
3.266000000000000000e+03 2.410224001511956158e+04
3.267000000000000000e+03 2.411386272613020628e+04
3.268000000000000000e+03 2.411459046526572274e+04
3.269000000000000000e+03 2.408912776863928229e+04
3.270000000000000000e+03 2.409685876547188673e+04
3.271000000000000000e+03 2.409597524273299859e+04
3.272000000000000000e+03 2.407591189333276998e+04
3.273000000000000000e+03 2.411018478840993703e+04
3.274000000000000000e+03 2.410635841688541404e+04
3.275000000000000000e+03 2.413926830374297788e+04
3.276000000000000000e+03 2.415152918499564839e+04
3.277000000000000000e+03 2.409571828850326347e+04
3.278000000000000000e+03 2.409541675723795925e+04
3.279000000000000000e+03 2.405700777122270665e+04
3.280000000000000000e+03 2.407890199492419197e+04
3.281000000000000000e+03 2.406364430238579735e+04
3.282000000000000000e+03 2.401673022562145343e+04
3.283000000000000000e+03 2.402011335672588393e+04
3.284000000000000000e+03 2.401507822984470840e+04
3.285000000000000000e+03 2.402945635415037032e+04
3.286000000000000000e+03 2.401319070093276969e+04
3.287000000000000000e+03 2.398569330640761473e+04
3.288000000000000000e+03 2.398637140777380409e+04
3.289000000000000000e+03 2.401250667531455474e+04
3.290000000000000000e+03 2.403284701572559061e+04
3.291000000000000000e+03 2.404881187411496649e+04
3.292000000000000000e+03 2.406906016510605332e+04
3.293000000000000000e+03 2.414993323905699799e+04
3.294000000000000000e+03 2.418224437444924115e+04
3.295000000000000000e+03 2.417034030080596131e+04
3.296000000000000000e+03 2.416317339456505579e+04
3.297000000000000000e+03 2.414726629637988299e+04
3.298000000000000000e+03 2.417264127990694396e+04
3.299000000000000000e+03 2.417820148343493929e+04
3.300000000000000000e+03 2.424743479862217646e+04
3.301000000000000000e+03 2.426331702716365180e+04
3.302000000000000000e+03 2.428045733214119173e+04
3.303000000000000000e+03 2.429065392182127107e+04
3.304000000000000000e+03 2.433745357154375233e+04
3.305000000000000000e+03 2.437178733352622658e+04
3.306000000000000000e+03 2.437507605189712194e+04
3.307000000000000000e+03 2.438164983653712625e+04
3.308000000000000000e+03 2.433818463172205884e+04
3.309000000000000000e+03 2.437592582012362254e+04
3.310000000000000000e+03 2.433498181125641349e+04
3.311000000000000000e+03 2.432614518806908018e+04
3.312000000000000000e+03 2.431219181847579966e+04
3.313000000000000000e+03 2.430790251507532230e+04
3.314000000000000000e+03 2.432239356638474055e+04
3.315000000000000000e+03 2.439226099178539516e+04
3.316000000000000000e+03 2.438739438865420016e+04
3.317000000000000000e+03 2.444795422508742195e+04
3.318000000000000000e+03 2.445388726518994008e+04
3.319000000000000000e+03 2.441897105664316405e+04
3.320000000000000000e+03 2.444411286684398874e+04
3.321000000000000000e+03 2.445284539467832656e+04
3.322000000000000000e+03 2.446952891191958406e+04
3.323000000000000000e+03 2.443135007879945624e+04
3.324000000000000000e+03 2.447816115072715547e+04
3.325000000000000000e+03 2.450075888766759817e+04
3.326000000000000000e+03 2.449934364519162045e+04
3.327000000000000000e+03 2.452346925931298028e+04
3.328000000000000000e+03 2.448087803080438971e+04
3.329000000000000000e+03 2.448368368893757361e+04
3.330000000000000000e+03 2.448657733707798980e+04
3.331000000000000000e+03 2.447894812523447035e+04
3.332000000000000000e+03 2.448753299059343044e+04
3.333000000000000000e+03 2.453867693251494347e+04
3.334000000000000000e+03 2.450758022598267416e+04
3.335000000000000000e+03 2.451111349406815862e+04
3.336000000000000000e+03 2.449320191215430168e+04
3.337000000000000000e+03 2.448916227329890535e+04
3.338000000000000000e+03 2.453455786903166154e+04
3.339000000000000000e+03 2.451809331639640732e+04
3.340000000000000000e+03 2.446364328574573301e+04
3.341000000000000000e+03 2.442543717414631465e+04
3.342000000000000000e+03 2.443769797021236445e+04
3.343000000000000000e+03 2.446503856044228087e+04
3.344000000000000000e+03 2.452241795230237767e+04
3.345000000000000000e+03 2.453240746899827354e+04
3.346000000000000000e+03 2.449859536527785531e+04
3.347000000000000000e+03 2.451628745501040976e+04
3.348000000000000000e+03 2.450503665944246313e+04
3.349000000000000000e+03 2.450625970699491882e+04
3.350000000000000000e+03 2.448213478344422401e+04
3.351000000000000000e+03 2.444734222073567071e+04
3.352000000000000000e+03 2.448110469461027969e+04
3.353000000000000000e+03 2.447110455660654407e+04
3.354000000000000000e+03 2.446890434880449902e+04
3.355000000000000000e+03 2.448081938697281294e+04
3.356000000000000000e+03 2.450191323338765142e+04
3.357000000000000000e+03 2.447337473323987069e+04
3.358000000000000000e+03 2.444355742962854856e+04
3.359000000000000000e+03 2.446215255994253675e+04
3.360000000000000000e+03 2.446100472280695976e+04
3.361000000000000000e+03 2.449101058029415799e+04
3.362000000000000000e+03 2.449599204564534011e+04
3.363000000000000000e+03 2.450641551456563320e+04
3.364000000000000000e+03 2.452739624528715285e+04
3.365000000000000000e+03 2.455319027200156052e+04
3.366000000000000000e+03 2.454630570301697662e+04
3.367000000000000000e+03 2.454946062591922964e+04
3.368000000000000000e+03 2.452666656861339288e+04
3.369000000000000000e+03 2.447661964572745637e+04
3.370000000000000000e+03 2.448867122024670971e+04
3.371000000000000000e+03 2.452098267887620750e+04
3.372000000000000000e+03 2.455889093985141517e+04
3.373000000000000000e+03 2.456021545548744689e+04
3.374000000000000000e+03 2.457736678709680200e+04
3.375000000000000000e+03 2.461201873588462695e+04
3.376000000000000000e+03 2.461705744747845529e+04
3.377000000000000000e+03 2.461640660519293306e+04
3.378000000000000000e+03 2.458952131017634747e+04
3.379000000000000000e+03 2.465261601179208446e+04
3.380000000000000000e+03 2.465578570470684645e+04
3.381000000000000000e+03 2.467504134393731510e+04
3.382000000000000000e+03 2.468327067100157365e+04
3.383000000000000000e+03 2.469079414321389413e+04
3.384000000000000000e+03 2.469688411091876696e+04
3.385000000000000000e+03 2.472274006609049320e+04
3.386000000000000000e+03 2.475527269391930167e+04
3.387000000000000000e+03 2.474980513687028360e+04
3.388000000000000000e+03 2.473292995341407004e+04
3.389000000000000000e+03 2.468878363502105640e+04
3.390000000000000000e+03 2.471884264398162122e+04
3.391000000000000000e+03 2.470331294371584954e+04
3.392000000000000000e+03 2.475716848113502056e+04
3.393000000000000000e+03 2.474174640217059277e+04
3.394000000000000000e+03 2.471670481437307535e+04
3.395000000000000000e+03 2.469730594687291887e+04
3.396000000000000000e+03 2.471473695242690883e+04
3.397000000000000000e+03 2.471158384533000208e+04
3.398000000000000000e+03 2.473950303991592227e+04
3.399000000000000000e+03 2.475920804973495979e+04
3.400000000000000000e+03 2.476009555389486195e+04
3.401000000000000000e+03 2.474643043136365304e+04
3.402000000000000000e+03 2.478619719855358926e+04
3.403000000000000000e+03 2.479151981584084569e+04
3.404000000000000000e+03 2.481608744075722643e+04
3.405000000000000000e+03 2.484338494168964462e+04
3.406000000000000000e+03 2.485238053765154473e+04
3.407000000000000000e+03 2.490067601585443845e+04
3.408000000000000000e+03 2.492102513879154503e+04
3.409000000000000000e+03 2.494398926269372168e+04
3.410000000000000000e+03 2.493353613272194343e+04
3.411000000000000000e+03 2.495934692824244848e+04
3.412000000000000000e+03 2.493609103840199532e+04
3.413000000000000000e+03 2.495628709145462562e+04
3.414000000000000000e+03 2.495359661315182166e+04
3.415000000000000000e+03 2.496150693704724108e+04
3.416000000000000000e+03 2.495688840328649530e+04
3.417000000000000000e+03 2.494237021271346384e+04
3.418000000000000000e+03 2.494243550781176600e+04
3.419000000000000000e+03 2.494011892754105429e+04
3.420000000000000000e+03 2.495291246171377861e+04
3.421000000000000000e+03 2.496313242497048850e+04
3.422000000000000000e+03 2.495972681682298207e+04
3.423000000000000000e+03 2.495191497184828768e+04
3.424000000000000000e+03 2.499111764086584299e+04
3.425000000000000000e+03 2.499323827959468326e+04
3.426000000000000000e+03 2.505594028449954203e+04
3.427000000000000000e+03 2.504091881507885046e+04
3.428000000000000000e+03 2.503014384520462409e+04
3.429000000000000000e+03 2.504759888670409418e+04
3.430000000000000000e+03 2.504630329565977445e+04
3.431000000000000000e+03 2.508244589476582041e+04
3.432000000000000000e+03 2.508932183922363038e+04
3.433000000000000000e+03 2.508085676799650537e+04
3.434000000000000000e+03 2.509598029746986140e+04
3.435000000000000000e+03 2.510785290695179356e+04
3.436000000000000000e+03 2.512946175357309403e+04
3.437000000000000000e+03 2.516799115432429971e+04
3.438000000000000000e+03 2.519963664702115784e+04
3.439000000000000000e+03 2.520372281306758669e+04
3.440000000000000000e+03 2.525466258762589132e+04
3.441000000000000000e+03 2.526119357484923239e+04
3.442000000000000000e+03 2.527132779575466338e+04
3.443000000000000000e+03 2.525484300107628951e+04
3.444000000000000000e+03 2.527571852601800856e+04
3.445000000000000000e+03 2.525913034569772935e+04
3.446000000000000000e+03 2.525795599980709449e+04
3.447000000000000000e+03 2.521797880684234406e+04
3.448000000000000000e+03 2.528005902821437849e+04
3.449000000000000000e+03 2.529786095391502386e+04
3.450000000000000000e+03 2.533269422579567254e+04
3.451000000000000000e+03 2.535488174485566196e+04
3.452000000000000000e+03 2.537789316195050560e+04
3.453000000000000000e+03 2.539685927415583137e+04
3.454000000000000000e+03 2.539453412655531793e+04
3.455000000000000000e+03 2.538406515263376059e+04
3.456000000000000000e+03 2.537254002405460051e+04
3.457000000000000000e+03 2.540251835572963319e+04
3.458000000000000000e+03 2.541832419378853228e+04
3.459000000000000000e+03 2.543105904655573977e+04
3.460000000000000000e+03 2.541636107134867780e+04
3.461000000000000000e+03 2.544954232339865848e+04
3.462000000000000000e+03 2.542130610298338433e+04
3.463000000000000000e+03 2.544410627725528684e+04
3.464000000000000000e+03 2.547403992828783157e+04
3.465000000000000000e+03 2.550322941647017797e+04
3.466000000000000000e+03 2.547442468154248854e+04
3.467000000000000000e+03 2.544806551377316282e+04
3.468000000000000000e+03 2.544511397198518898e+04
3.469000000000000000e+03 2.539733376054387918e+04
3.470000000000000000e+03 2.540962907966023340e+04
3.471000000000000000e+03 2.541225513304102788e+04
3.472000000000000000e+03 2.542013320923338324e+04
3.473000000000000000e+03 2.537274797541357839e+04
3.474000000000000000e+03 2.543295225760888934e+04
3.475000000000000000e+03 2.548791402556153480e+04
3.476000000000000000e+03 2.549383237613817982e+04
3.477000000000000000e+03 2.547480581430851089e+04
3.478000000000000000e+03 2.550322151366092658e+04
3.479000000000000000e+03 2.550236247158978949e+04
3.480000000000000000e+03 2.555487203837230118e+04
3.481000000000000000e+03 2.558295512979242267e+04
3.482000000000000000e+03 2.560699275353971825e+04
3.483000000000000000e+03 2.560983237269481469e+04
3.484000000000000000e+03 2.558459484583459925e+04
3.485000000000000000e+03 2.562171247554725778e+04
3.486000000000000000e+03 2.564615828524213794e+04
3.487000000000000000e+03 2.564137388806906529e+04
3.488000000000000000e+03 2.563351352745380791e+04
3.489000000000000000e+03 2.560904811637407329e+04
3.490000000000000000e+03 2.557968211625438926e+04
3.491000000000000000e+03 2.557857414035655165e+04
3.492000000000000000e+03 2.557765467490537776e+04
3.493000000000000000e+03 2.557855584704472130e+04
3.494000000000000000e+03 2.561557142223666233e+04
3.495000000000000000e+03 2.564304485117759396e+04
3.496000000000000000e+03 2.566012664607211627e+04
3.497000000000000000e+03 2.563967976021207141e+04
3.498000000000000000e+03 2.572423370319111564e+04
3.499000000000000000e+03 2.570957950529146183e+04
3.500000000000000000e+03 2.568389095547292163e+04
3.501000000000000000e+03 2.567363052813949980e+04
3.502000000000000000e+03 2.570341231412500929e+04
3.503000000000000000e+03 2.568636842718702246e+04
3.504000000000000000e+03 2.572499295804693611e+04
3.505000000000000000e+03 2.573284648719541656e+04
3.506000000000000000e+03 2.571366142972248781e+04
3.507000000000000000e+03 2.570105444952391917e+04
3.508000000000000000e+03 2.571429448936734116e+04
3.509000000000000000e+03 2.571825219047415521e+04
3.510000000000000000e+03 2.569495058517409052e+04
3.511000000000000000e+03 2.563828697535608444e+04
3.512000000000000000e+03 2.565282642089197179e+04
3.513000000000000000e+03 2.565908276468094118e+04
3.514000000000000000e+03 2.567212375445800353e+04
3.515000000000000000e+03 2.568657248652333874e+04
3.516000000000000000e+03 2.572081036900648542e+04
3.517000000000000000e+03 2.569977008595317602e+04
3.518000000000000000e+03 2.571045467318492592e+04
3.519000000000000000e+03 2.576192567898015477e+04
3.520000000000000000e+03 2.576975762703088549e+04
3.521000000000000000e+03 2.582767620539051859e+04
3.522000000000000000e+03 2.580813233982206293e+04
3.523000000000000000e+03 2.583181272410608290e+04
3.524000000000000000e+03 2.585171497822236779e+04
3.525000000000000000e+03 2.583415153365094375e+04
3.526000000000000000e+03 2.584844348578909921e+04
3.527000000000000000e+03 2.585143540948385635e+04
3.528000000000000000e+03 2.586405851185799474e+04
3.529000000000000000e+03 2.588486815287909121e+04
3.530000000000000000e+03 2.589772054354474676e+04
3.531000000000000000e+03 2.596635265052973409e+04
3.532000000000000000e+03 2.600614387239114512e+04
3.533000000000000000e+03 2.599869517563088084e+04
3.534000000000000000e+03 2.597749993443503990e+04
3.535000000000000000e+03 2.593031538685192572e+04
3.536000000000000000e+03 2.595282670900086305e+04
3.537000000000000000e+03 2.598878704773078789e+04
3.538000000000000000e+03 2.601310129461921679e+04
3.539000000000000000e+03 2.605244195405040227e+04
3.540000000000000000e+03 2.610957071158167309e+04
3.541000000000000000e+03 2.607780520312221779e+04
3.542000000000000000e+03 2.613157678674450290e+04
3.543000000000000000e+03 2.604665433448897602e+04
3.544000000000000000e+03 2.603307443430728381e+04
3.545000000000000000e+03 2.605202358971678041e+04
3.546000000000000000e+03 2.607509597152666902e+04
3.547000000000000000e+03 2.613438470521371710e+04
3.548000000000000000e+03 2.611429957646064213e+04
3.549000000000000000e+03 2.614732767287863680e+04
3.550000000000000000e+03 2.614379209611345505e+04
3.551000000000000000e+03 2.615520886005656939e+04
3.552000000000000000e+03 2.616867191170997467e+04
3.553000000000000000e+03 2.618292513261890417e+04
3.554000000000000000e+03 2.618857587572568445e+04
3.555000000000000000e+03 2.618110011364691309e+04
3.556000000000000000e+03 2.616763369301693456e+04
3.557000000000000000e+03 2.614414262536192837e+04
3.558000000000000000e+03 2.608300502582691479e+04
3.559000000000000000e+03 2.607358890706422608e+04
3.560000000000000000e+03 2.613512887001165291e+04
3.561000000000000000e+03 2.616349294338057007e+04
3.562000000000000000e+03 2.619954675967775620e+04
3.563000000000000000e+03 2.618002613025382743e+04
3.564000000000000000e+03 2.620328809659406761e+04
3.565000000000000000e+03 2.625892525706203378e+04
3.566000000000000000e+03 2.621373839895774654e+04
3.567000000000000000e+03 2.624805597090201263e+04
3.568000000000000000e+03 2.629043303512129933e+04
3.569000000000000000e+03 2.636241722548713733e+04
3.570000000000000000e+03 2.633407712704196092e+04
3.571000000000000000e+03 2.636698567163848202e+04
3.572000000000000000e+03 2.634451930055530465e+04
3.573000000000000000e+03 2.629830505120670932e+04
3.574000000000000000e+03 2.631132775342822788e+04
3.575000000000000000e+03 2.633126769102595426e+04
3.576000000000000000e+03 2.630098503580420220e+04
3.577000000000000000e+03 2.631028618525895581e+04
3.578000000000000000e+03 2.632700535350713835e+04
3.579000000000000000e+03 2.630908380576966738e+04
3.580000000000000000e+03 2.627818004125604421e+04
3.581000000000000000e+03 2.630473146668774643e+04
3.582000000000000000e+03 2.631725770464753441e+04
3.583000000000000000e+03 2.632620548338663502e+04
3.584000000000000000e+03 2.633730796054429447e+04
3.585000000000000000e+03 2.631930318692040601e+04
3.586000000000000000e+03 2.629582972562498253e+04
3.587000000000000000e+03 2.630035236998583423e+04
3.588000000000000000e+03 2.633852802576395334e+04
3.589000000000000000e+03 2.637442395098387715e+04
3.590000000000000000e+03 2.638321231866597736e+04
3.591000000000000000e+03 2.637173295236040576e+04
3.592000000000000000e+03 2.632833991799374780e+04
3.593000000000000000e+03 2.629650919516823706e+04
3.594000000000000000e+03 2.630511065377271007e+04
3.595000000000000000e+03 2.629620723498043299e+04
3.596000000000000000e+03 2.628811794230279338e+04
3.597000000000000000e+03 2.624904899296861549e+04
3.598000000000000000e+03 2.619311071808379347e+04
3.599000000000000000e+03 2.617911284724433790e+04
3.600000000000000000e+03 2.619056404454314543e+04
3.601000000000000000e+03 2.616788719054888497e+04
3.602000000000000000e+03 2.614623265872579941e+04
3.603000000000000000e+03 2.616591889267736769e+04
3.604000000000000000e+03 2.617412266558737974e+04
3.605000000000000000e+03 2.620121649221554981e+04
3.606000000000000000e+03 2.622496843589787386e+04
3.607000000000000000e+03 2.625944700206964990e+04
3.608000000000000000e+03 2.630263255009895147e+04
3.609000000000000000e+03 2.636438596809582305e+04
3.610000000000000000e+03 2.630492760364568312e+04
3.611000000000000000e+03 2.632028851907456919e+04
3.612000000000000000e+03 2.633828193030576585e+04
3.613000000000000000e+03 2.633938130496207668e+04
3.614000000000000000e+03 2.634891156556196074e+04
3.615000000000000000e+03 2.638955400368666233e+04
3.616000000000000000e+03 2.643946068183470925e+04
3.617000000000000000e+03 2.648316711864421814e+04
3.618000000000000000e+03 2.644139168290955058e+04
3.619000000000000000e+03 2.644997545287535831e+04
3.620000000000000000e+03 2.646377912503562402e+04
3.621000000000000000e+03 2.646806550150104886e+04
3.622000000000000000e+03 2.650174600028511122e+04
3.623000000000000000e+03 2.650047292957883474e+04
3.624000000000000000e+03 2.651008609389609410e+04
3.625000000000000000e+03 2.650067901513853940e+04
3.626000000000000000e+03 2.654358522523042848e+04
3.627000000000000000e+03 2.659223793383913289e+04
3.628000000000000000e+03 2.664205784282689638e+04
3.629000000000000000e+03 2.667622201549487363e+04
3.630000000000000000e+03 2.671229623304846609e+04
3.631000000000000000e+03 2.669734992164776122e+04
3.632000000000000000e+03 2.670108822381674690e+04
3.633000000000000000e+03 2.673050048828596482e+04
3.634000000000000000e+03 2.675300710790037920e+04
3.635000000000000000e+03 2.674805239529917162e+04
3.636000000000000000e+03 2.675297253236628967e+04
3.637000000000000000e+03 2.680867454480449669e+04
3.638000000000000000e+03 2.684982018327603873e+04
3.639000000000000000e+03 2.687322977015778088e+04
3.640000000000000000e+03 2.690719434839463065e+04
3.641000000000000000e+03 2.688138264618959874e+04
3.642000000000000000e+03 2.689913145326140511e+04
3.643000000000000000e+03 2.693674816279730658e+04
3.644000000000000000e+03 2.696040597505515689e+04
3.645000000000000000e+03 2.693932842321357384e+04
3.646000000000000000e+03 2.692245965311769396e+04
3.647000000000000000e+03 2.693747747233894552e+04
3.648000000000000000e+03 2.696545158142008950e+04
3.649000000000000000e+03 2.692508668570630834e+04
3.650000000000000000e+03 2.692434808519918806e+04
3.651000000000000000e+03 2.692657998823709204e+04
3.652000000000000000e+03 2.692032691735685876e+04
3.653000000000000000e+03 2.696716183952973006e+04
3.654000000000000000e+03 2.701767049277138358e+04
3.655000000000000000e+03 2.700275508098841237e+04
3.656000000000000000e+03 2.695699727205792806e+04
3.657000000000000000e+03 2.697315577418532484e+04
3.658000000000000000e+03 2.693645058725320632e+04
3.659000000000000000e+03 2.693645755460276996e+04
3.660000000000000000e+03 2.690377508143718296e+04
3.661000000000000000e+03 2.698323417550394151e+04
3.662000000000000000e+03 2.696809192911411810e+04
3.663000000000000000e+03 2.702604446483632637e+04
3.664000000000000000e+03 2.704140384572070252e+04
3.665000000000000000e+03 2.705811117466548967e+04
3.666000000000000000e+03 2.704479156967723975e+04
3.667000000000000000e+03 2.700384012272755717e+04
3.668000000000000000e+03 2.703308939302241924e+04
3.669000000000000000e+03 2.704574947327303744e+04
3.670000000000000000e+03 2.708594047397474787e+04
3.671000000000000000e+03 2.710237039018133510e+04
3.672000000000000000e+03 2.708927611875917864e+04
3.673000000000000000e+03 2.710562727267279115e+04
3.674000000000000000e+03 2.712835326757737494e+04
3.675000000000000000e+03 2.713307760595595391e+04
3.676000000000000000e+03 2.714376497205693158e+04
3.677000000000000000e+03 2.713010939581651110e+04
3.678000000000000000e+03 2.714287911868327501e+04
3.679000000000000000e+03 2.714883060007079985e+04
3.680000000000000000e+03 2.716304743338686239e+04
3.681000000000000000e+03 2.718812305214887238e+04
3.682000000000000000e+03 2.715940191855880767e+04
3.683000000000000000e+03 2.714355110208590486e+04
3.684000000000000000e+03 2.712834696637602246e+04
3.685000000000000000e+03 2.716719438303818242e+04
3.686000000000000000e+03 2.723890512898662928e+04
3.687000000000000000e+03 2.720484785809919413e+04
3.688000000000000000e+03 2.714499533768058609e+04
3.689000000000000000e+03 2.715020853708580762e+04
3.690000000000000000e+03 2.712204172440589537e+04
3.691000000000000000e+03 2.717808898758319629e+04
3.692000000000000000e+03 2.718872123723726691e+04
3.693000000000000000e+03 2.719436417238638751e+04
3.694000000000000000e+03 2.722630824070683593e+04
3.695000000000000000e+03 2.726356353493216739e+04
3.696000000000000000e+03 2.730268892986744322e+04
3.697000000000000000e+03 2.729832909728456070e+04
3.698000000000000000e+03 2.727287082057884254e+04
3.699000000000000000e+03 2.724233554870332227e+04
3.700000000000000000e+03 2.722097046356056671e+04
3.701000000000000000e+03 2.726196388574655066e+04
3.702000000000000000e+03 2.726419377886136863e+04
3.703000000000000000e+03 2.730340709859653725e+04
3.704000000000000000e+03 2.732099831713788808e+04
3.705000000000000000e+03 2.727937246816944753e+04
3.706000000000000000e+03 2.723308769140825098e+04
3.707000000000000000e+03 2.716095260766926003e+04
3.708000000000000000e+03 2.722990783664638730e+04
3.709000000000000000e+03 2.720933373780524562e+04
3.710000000000000000e+03 2.726063555333278418e+04
3.711000000000000000e+03 2.726909698086190474e+04
3.712000000000000000e+03 2.726247420634701120e+04
3.713000000000000000e+03 2.726562446597715098e+04
3.714000000000000000e+03 2.725964666960931208e+04
3.715000000000000000e+03 2.726840550727461232e+04
3.716000000000000000e+03 2.727110837239722241e+04
3.717000000000000000e+03 2.730712629452445617e+04
3.718000000000000000e+03 2.731150713328383063e+04
3.719000000000000000e+03 2.732002652591566584e+04
3.720000000000000000e+03 2.735400147754358477e+04
3.721000000000000000e+03 2.740558702309843648e+04
3.722000000000000000e+03 2.748821578853344181e+04
3.723000000000000000e+03 2.753972880549473848e+04
3.724000000000000000e+03 2.756675767803462804e+04
3.725000000000000000e+03 2.759017827590081288e+04
3.726000000000000000e+03 2.763359243410605268e+04
3.727000000000000000e+03 2.765080749803773142e+04
3.728000000000000000e+03 2.770760593353387594e+04
3.729000000000000000e+03 2.774724869175039566e+04
3.730000000000000000e+03 2.776285177806419597e+04
3.731000000000000000e+03 2.777665330729312336e+04
3.732000000000000000e+03 2.772203908452793621e+04
3.733000000000000000e+03 2.774706463767869354e+04
3.734000000000000000e+03 2.773291356708668172e+04
3.735000000000000000e+03 2.767154565984410510e+04
3.736000000000000000e+03 2.769984022097452544e+04
3.737000000000000000e+03 2.771463542272742416e+04
3.738000000000000000e+03 2.774358183845994427e+04
3.739000000000000000e+03 2.775400818337499004e+04
3.740000000000000000e+03 2.772139843746499901e+04
3.741000000000000000e+03 2.768329016001773925e+04
3.742000000000000000e+03 2.772094609883450903e+04
3.743000000000000000e+03 2.767758450296479714e+04
3.744000000000000000e+03 2.766987005850689820e+04
3.745000000000000000e+03 2.765312710665708073e+04
3.746000000000000000e+03 2.766920769300535176e+04
3.747000000000000000e+03 2.767045728376696934e+04
3.748000000000000000e+03 2.766426607298131057e+04
3.749000000000000000e+03 2.767771534487542885e+04
3.750000000000000000e+03 2.770146176369734530e+04
3.751000000000000000e+03 2.769568962867453592e+04
3.752000000000000000e+03 2.774100412347532983e+04
3.753000000000000000e+03 2.777127869014328826e+04
3.754000000000000000e+03 2.774720156708620561e+04
3.755000000000000000e+03 2.774765464505185810e+04
3.756000000000000000e+03 2.773776519262647707e+04
3.757000000000000000e+03 2.775415424030218492e+04
3.758000000000000000e+03 2.774678897311499895e+04
3.759000000000000000e+03 2.773647749912692598e+04
3.760000000000000000e+03 2.778222430152051675e+04
3.761000000000000000e+03 2.777138469394013737e+04
3.762000000000000000e+03 2.773931648137118100e+04
3.763000000000000000e+03 2.779734913031084579e+04
3.764000000000000000e+03 2.780956556786944930e+04
3.765000000000000000e+03 2.780686764683841102e+04
3.766000000000000000e+03 2.779229090289285159e+04
3.767000000000000000e+03 2.776683857078035362e+04
3.768000000000000000e+03 2.779663399793111603e+04
3.769000000000000000e+03 2.780673926086186839e+04
3.770000000000000000e+03 2.775722020089333091e+04
3.771000000000000000e+03 2.774780022789867508e+04
3.772000000000000000e+03 2.775172085895311466e+04
3.773000000000000000e+03 2.770623410115400475e+04
3.774000000000000000e+03 2.770108071021001888e+04
3.775000000000000000e+03 2.778164847424193067e+04
3.776000000000000000e+03 2.780485980188781105e+04
3.777000000000000000e+03 2.779523702637083261e+04
3.778000000000000000e+03 2.781706219595106813e+04
3.779000000000000000e+03 2.781616350067885287e+04
3.780000000000000000e+03 2.783592171511391643e+04
3.781000000000000000e+03 2.790345571385536095e+04
3.782000000000000000e+03 2.793100196084492563e+04
3.783000000000000000e+03 2.794628564693768203e+04
3.784000000000000000e+03 2.793429071796299831e+04
3.785000000000000000e+03 2.797308705342963731e+04
3.786000000000000000e+03 2.796917069179219470e+04
3.787000000000000000e+03 2.794245552774149837e+04
3.788000000000000000e+03 2.796338140617605313e+04
3.789000000000000000e+03 2.798767743658654945e+04
3.790000000000000000e+03 2.801451365953393179e+04
3.791000000000000000e+03 2.803735299523554568e+04
3.792000000000000000e+03 2.799596503785715686e+04
3.793000000000000000e+03 2.801994807852711892e+04
3.794000000000000000e+03 2.801378630833154239e+04
3.795000000000000000e+03 2.803776256061185268e+04
3.796000000000000000e+03 2.801896525943585220e+04
3.797000000000000000e+03 2.801703607799406018e+04
3.798000000000000000e+03 2.802784296307911427e+04
3.799000000000000000e+03 2.806938304360341135e+04
3.800000000000000000e+03 2.808633922360941142e+04
3.801000000000000000e+03 2.810146003382035269e+04
3.802000000000000000e+03 2.811093520600566262e+04
3.803000000000000000e+03 2.807526971244449669e+04
3.804000000000000000e+03 2.810380223996457789e+04
3.805000000000000000e+03 2.811784273104218300e+04
3.806000000000000000e+03 2.812876412245367464e+04
3.807000000000000000e+03 2.811872146383722065e+04
3.808000000000000000e+03 2.819381568435733789e+04
3.809000000000000000e+03 2.821211116744822357e+04
3.810000000000000000e+03 2.822674637183656159e+04
3.811000000000000000e+03 2.818482820049390284e+04
3.812000000000000000e+03 2.818650290956657773e+04
3.813000000000000000e+03 2.818141791083634962e+04
3.814000000000000000e+03 2.817938955529854866e+04
3.815000000000000000e+03 2.817826754689917652e+04
3.816000000000000000e+03 2.821531729364487910e+04
3.817000000000000000e+03 2.825744880638533505e+04
3.818000000000000000e+03 2.826931497171036244e+04
3.819000000000000000e+03 2.834136830373389603e+04
3.820000000000000000e+03 2.840463219098484842e+04
3.821000000000000000e+03 2.840082554860905657e+04
3.822000000000000000e+03 2.841644182362023639e+04
3.823000000000000000e+03 2.839846367767415722e+04
3.824000000000000000e+03 2.843036749199748010e+04
3.825000000000000000e+03 2.842128921887484466e+04
3.826000000000000000e+03 2.838067451026021445e+04
3.827000000000000000e+03 2.838664656328560523e+04
3.828000000000000000e+03 2.841976843184113750e+04
3.829000000000000000e+03 2.844657880537214805e+04
3.830000000000000000e+03 2.840723364394435339e+04
3.831000000000000000e+03 2.837890555471206608e+04
3.832000000000000000e+03 2.842680386391782667e+04
3.833000000000000000e+03 2.840678909884277891e+04
3.834000000000000000e+03 2.842333176333077427e+04
3.835000000000000000e+03 2.839005789185749018e+04
3.836000000000000000e+03 2.839059571080988462e+04
3.837000000000000000e+03 2.845069738456320920e+04
3.838000000000000000e+03 2.844859522334976282e+04
3.839000000000000000e+03 2.843342627722635734e+04
3.840000000000000000e+03 2.842896125225603100e+04
3.841000000000000000e+03 2.840562400438801706e+04
3.842000000000000000e+03 2.840354483896471720e+04
3.843000000000000000e+03 2.840699649243626482e+04
3.844000000000000000e+03 2.837557673884850738e+04
3.845000000000000000e+03 2.837376875576986640e+04
3.846000000000000000e+03 2.839176716949196270e+04
3.847000000000000000e+03 2.832898714157757058e+04
3.848000000000000000e+03 2.830078228676715298e+04
3.849000000000000000e+03 2.834898599379495136e+04
3.850000000000000000e+03 2.831937192488443543e+04
3.851000000000000000e+03 2.832468493691409822e+04
3.852000000000000000e+03 2.831511767556841369e+04
3.853000000000000000e+03 2.834094720545617383e+04
3.854000000000000000e+03 2.833819220111245522e+04
3.855000000000000000e+03 2.836580246316974444e+04
3.856000000000000000e+03 2.836468562738701803e+04
3.857000000000000000e+03 2.836278771245426833e+04
3.858000000000000000e+03 2.836998981182739590e+04
3.859000000000000000e+03 2.840857060539062513e+04
3.860000000000000000e+03 2.846565971291998358e+04
3.861000000000000000e+03 2.848823617953867506e+04
3.862000000000000000e+03 2.845960849259482347e+04
3.863000000000000000e+03 2.845059770103879418e+04
3.864000000000000000e+03 2.850775612031659693e+04
3.865000000000000000e+03 2.847426849765210500e+04
3.866000000000000000e+03 2.849267843545857977e+04
3.867000000000000000e+03 2.846759657346849417e+04
3.868000000000000000e+03 2.847496682918440638e+04
3.869000000000000000e+03 2.850143162895802379e+04
3.870000000000000000e+03 2.851045588121761830e+04
3.871000000000000000e+03 2.850770007066107428e+04
3.872000000000000000e+03 2.852464105511459638e+04
3.873000000000000000e+03 2.851347339579688196e+04
3.874000000000000000e+03 2.849396531175762721e+04
3.875000000000000000e+03 2.845977540193646928e+04
3.876000000000000000e+03 2.847102611239443286e+04
3.877000000000000000e+03 2.849465187698594309e+04
3.878000000000000000e+03 2.851614431919409617e+04
3.879000000000000000e+03 2.854745322766018580e+04
3.880000000000000000e+03 2.853675827734064660e+04
3.881000000000000000e+03 2.856104531221203069e+04
3.882000000000000000e+03 2.853531021482848519e+04
3.883000000000000000e+03 2.851763647723090253e+04
3.884000000000000000e+03 2.853349516250204761e+04
3.885000000000000000e+03 2.849560511778225919e+04
3.886000000000000000e+03 2.850950556538150340e+04
3.887000000000000000e+03 2.853206610285538409e+04
3.888000000000000000e+03 2.854343247748242356e+04
3.889000000000000000e+03 2.855899819276499329e+04
3.890000000000000000e+03 2.854158456157857654e+04
3.891000000000000000e+03 2.856157651707933837e+04
3.892000000000000000e+03 2.857091620299877832e+04
3.893000000000000000e+03 2.860519386900393511e+04
3.894000000000000000e+03 2.865912204155454674e+04
3.895000000000000000e+03 2.870472787449364841e+04
3.896000000000000000e+03 2.866874034280856358e+04
3.897000000000000000e+03 2.873895030654816583e+04
3.898000000000000000e+03 2.878924752435056507e+04
3.899000000000000000e+03 2.880168209671481600e+04
3.900000000000000000e+03 2.881650274791495394e+04
3.901000000000000000e+03 2.881858547153796462e+04
3.902000000000000000e+03 2.883912045726951692e+04
3.903000000000000000e+03 2.880822263169667349e+04
3.904000000000000000e+03 2.881785891383291892e+04
3.905000000000000000e+03 2.883490078671376250e+04
3.906000000000000000e+03 2.881501881429861533e+04
3.907000000000000000e+03 2.884178155177312874e+04
3.908000000000000000e+03 2.886064964167456128e+04
3.909000000000000000e+03 2.884713703278842513e+04
3.910000000000000000e+03 2.882103500559352688e+04
3.911000000000000000e+03 2.886043156792961963e+04
3.912000000000000000e+03 2.885511566490133191e+04
3.913000000000000000e+03 2.888842122567680053e+04
3.914000000000000000e+03 2.895033745821523917e+04
3.915000000000000000e+03 2.893229428549102522e+04
3.916000000000000000e+03 2.892691313975136654e+04
3.917000000000000000e+03 2.895051846446374839e+04
3.918000000000000000e+03 2.895484526876199379e+04
3.919000000000000000e+03 2.891679235414933282e+04
3.920000000000000000e+03 2.887682375243715796e+04
3.921000000000000000e+03 2.892988386512262150e+04
3.922000000000000000e+03 2.891634829501245622e+04
3.923000000000000000e+03 2.894511915334810692e+04
3.924000000000000000e+03 2.898341244136002933e+04
3.925000000000000000e+03 2.895731297600804101e+04
3.926000000000000000e+03 2.899198218587364318e+04
3.927000000000000000e+03 2.901669387302400719e+04
3.928000000000000000e+03 2.899802919193423440e+04
3.929000000000000000e+03 2.900056624627392375e+04
3.930000000000000000e+03 2.902597338306335223e+04
3.931000000000000000e+03 2.905579706982601783e+04
3.932000000000000000e+03 2.901874707712166128e+04
3.933000000000000000e+03 2.899840844894272595e+04
3.934000000000000000e+03 2.903389703777107570e+04
3.935000000000000000e+03 2.903712997513539813e+04
3.936000000000000000e+03 2.903718449556053747e+04
3.937000000000000000e+03 2.904265790395021395e+04
3.938000000000000000e+03 2.904020288155731396e+04
3.939000000000000000e+03 2.903574952951955856e+04
3.940000000000000000e+03 2.908347872070388985e+04
3.941000000000000000e+03 2.911032488934686990e+04
3.942000000000000000e+03 2.910047705150331603e+04
3.943000000000000000e+03 2.907104642881521067e+04
3.944000000000000000e+03 2.906891426956376745e+04
3.945000000000000000e+03 2.905567926125483427e+04
3.946000000000000000e+03 2.910016467658408510e+04
3.947000000000000000e+03 2.910046249586278282e+04
3.948000000000000000e+03 2.911564538774998800e+04
3.949000000000000000e+03 2.913981833886241293e+04
3.950000000000000000e+03 2.918331829160371490e+04
3.951000000000000000e+03 2.920108579488309624e+04
3.952000000000000000e+03 2.917743176183614560e+04
3.953000000000000000e+03 2.918652805164033271e+04
3.954000000000000000e+03 2.919978565714425713e+04
3.955000000000000000e+03 2.918804442448305417e+04
3.956000000000000000e+03 2.920916019899231105e+04
3.957000000000000000e+03 2.918288419943591362e+04
3.958000000000000000e+03 2.924764799480162037e+04
3.959000000000000000e+03 2.922869249405401206e+04
3.960000000000000000e+03 2.923950192537244220e+04
3.961000000000000000e+03 2.925955915911007833e+04
3.962000000000000000e+03 2.930033579380758238e+04
3.963000000000000000e+03 2.934475900687965623e+04
3.964000000000000000e+03 2.935294516307905724e+04
3.965000000000000000e+03 2.932756510967796930e+04
3.966000000000000000e+03 2.929144715643778909e+04
3.967000000000000000e+03 2.929435462926120090e+04
3.968000000000000000e+03 2.928031447936074983e+04
3.969000000000000000e+03 2.927132406693939629e+04
3.970000000000000000e+03 2.930146669117334750e+04
3.971000000000000000e+03 2.930835720775227674e+04
3.972000000000000000e+03 2.930004922104310390e+04
3.973000000000000000e+03 2.928587724736118253e+04
3.974000000000000000e+03 2.927800969488624105e+04
3.975000000000000000e+03 2.923767677436113809e+04
3.976000000000000000e+03 2.924995742506342867e+04
3.977000000000000000e+03 2.924269500792175313e+04
3.978000000000000000e+03 2.925673051831152043e+04
3.979000000000000000e+03 2.924699697131167704e+04
3.980000000000000000e+03 2.923663349654218473e+04
3.981000000000000000e+03 2.922715756797778158e+04
3.982000000000000000e+03 2.919307366748165805e+04
3.983000000000000000e+03 2.916429982743633082e+04
3.984000000000000000e+03 2.923752014599962786e+04
3.985000000000000000e+03 2.927671095723562757e+04
3.986000000000000000e+03 2.923825854963860183e+04
3.987000000000000000e+03 2.923621036066581655e+04
3.988000000000000000e+03 2.926845728521965793e+04
3.989000000000000000e+03 2.926503458852392941e+04
3.990000000000000000e+03 2.923181284492513441e+04
3.991000000000000000e+03 2.922569601787384090e+04
3.992000000000000000e+03 2.927693397270700007e+04
3.993000000000000000e+03 2.926584513338906618e+04
3.994000000000000000e+03 2.928051643466815949e+04
3.995000000000000000e+03 2.926662363014474977e+04
3.996000000000000000e+03 2.930593704033752510e+04
3.997000000000000000e+03 2.929384096864549792e+04
3.998000000000000000e+03 2.929756950552947819e+04
3.999000000000000000e+03 2.928428173149661961e+04
