# time_reduced msd_reduced
# region=central
# central=0.333333333333:0.666666666667
# outer=0:0.250000000000,0.750000000000:1
# transition=0.250000000000:0.333333333333,0.666666666667:0.750000000000
# atom_types=[2]
# n_selected=2515
# subtract_group_com_drift=True
0.000000000000000000e+00 0.000000000000000000e+00
1.000000000000000000e+00 1.355756930376985814e+01
2.000000000000000000e+00 2.504075587582019224e+01
3.000000000000000000e+00 3.440116229578480755e+01
4.000000000000000000e+00 4.521239005627094087e+01
5.000000000000000000e+00 5.346336821127517425e+01
6.000000000000000000e+00 6.109128599918459201e+01
7.000000000000000000e+00 7.130464674968260397e+01
8.000000000000000000e+00 8.091811543892902137e+01
9.000000000000000000e+00 9.219299153070004138e+01
1.000000000000000000e+01 1.016086942945758267e+02
1.100000000000000000e+01 1.087859570835983476e+02
1.200000000000000000e+01 1.182612860123431773e+02
1.300000000000000000e+01 1.256541519840388190e+02
1.400000000000000000e+01 1.333260856325587440e+02
1.500000000000000000e+01 1.408334679382587353e+02
1.600000000000000000e+01 1.497408257503838342e+02
1.700000000000000000e+01 1.592568255050804567e+02
1.800000000000000000e+01 1.657775528333236537e+02
1.900000000000000000e+01 1.742487361706101581e+02
2.000000000000000000e+01 1.833730595587610139e+02
2.100000000000000000e+01 1.931889074953967054e+02
2.200000000000000000e+01 2.014748055562514253e+02
2.300000000000000000e+01 2.113501259271200468e+02
2.400000000000000000e+01 2.271562846742370425e+02
2.500000000000000000e+01 2.331013879381704328e+02
2.600000000000000000e+01 2.395955735073114852e+02
2.700000000000000000e+01 2.497312005509415087e+02
2.800000000000000000e+01 2.605835576828159219e+02
2.900000000000000000e+01 2.706421532055989019e+02
3.000000000000000000e+01 2.815907923549155498e+02
3.100000000000000000e+01 2.873882016374113277e+02
3.200000000000000000e+01 2.986500003497115472e+02
3.300000000000000000e+01 3.087276958817272430e+02
3.400000000000000000e+01 3.164265612363438436e+02
3.500000000000000000e+01 3.246430500128876702e+02
3.600000000000000000e+01 3.363974804523068656e+02
3.700000000000000000e+01 3.471914346447365460e+02
3.800000000000000000e+01 3.549576060677795226e+02
3.900000000000000000e+01 3.617514899359559308e+02
4.000000000000000000e+01 3.713868214323375128e+02
4.100000000000000000e+01 3.812749608465580877e+02
4.200000000000000000e+01 3.886110619654832021e+02
4.300000000000000000e+01 4.060393756070281484e+02
4.400000000000000000e+01 4.133698640046580408e+02
4.500000000000000000e+01 4.178803867639829264e+02
4.600000000000000000e+01 4.322171963649764734e+02
4.700000000000000000e+01 4.440758652674591644e+02
4.800000000000000000e+01 4.497786178967510864e+02
4.900000000000000000e+01 4.607556584281182381e+02
5.000000000000000000e+01 4.749023965623700292e+02
5.100000000000000000e+01 4.871522100269573912e+02
5.200000000000000000e+01 4.917935721368993427e+02
5.300000000000000000e+01 5.044918933064674889e+02
5.400000000000000000e+01 5.149559108027710863e+02
5.500000000000000000e+01 5.223305760967957667e+02
5.600000000000000000e+01 5.280757290093187066e+02
5.700000000000000000e+01 5.385825386560590005e+02
5.800000000000000000e+01 5.522080436396967116e+02
5.900000000000000000e+01 5.607046487249187976e+02
6.000000000000000000e+01 5.715632855436765567e+02
6.100000000000000000e+01 5.775664628376308656e+02
6.200000000000000000e+01 5.839653025841131466e+02
6.300000000000000000e+01 5.845483499593225361e+02
6.400000000000000000e+01 5.886487393303646058e+02
6.500000000000000000e+01 6.019304290640237696e+02
6.600000000000000000e+01 6.096310329828301064e+02
6.700000000000000000e+01 6.207887203979556716e+02
6.800000000000000000e+01 6.280138641160313000e+02
6.900000000000000000e+01 6.474026303465950605e+02
7.000000000000000000e+01 6.569082786381951564e+02
7.100000000000000000e+01 6.647156747640519825e+02
7.200000000000000000e+01 6.811407464122115698e+02
7.300000000000000000e+01 7.011188809560342179e+02
7.400000000000000000e+01 7.123669592674696105e+02
7.500000000000000000e+01 7.137898119154017422e+02
7.600000000000000000e+01 7.302011183590102519e+02
7.700000000000000000e+01 7.453386125066190289e+02
7.800000000000000000e+01 7.541071774390588871e+02
7.900000000000000000e+01 7.681969804052022255e+02
8.000000000000000000e+01 7.821173591833734235e+02
8.100000000000000000e+01 7.902980220359048644e+02
8.200000000000000000e+01 8.023767899222816595e+02
8.300000000000000000e+01 8.085635587023932658e+02
8.400000000000000000e+01 8.177873561181314699e+02
8.500000000000000000e+01 8.218262980485666276e+02
8.600000000000000000e+01 8.268926441745815055e+02
8.700000000000000000e+01 8.330250030715156981e+02
8.800000000000000000e+01 8.447939223122236854e+02
8.900000000000000000e+01 8.601534882578943098e+02
9.000000000000000000e+01 8.707701787349996039e+02
9.100000000000000000e+01 8.833240050995681258e+02
9.200000000000000000e+01 8.866638802497071765e+02
9.300000000000000000e+01 8.998516623557809453e+02
9.400000000000000000e+01 9.057524126181596102e+02
9.500000000000000000e+01 9.097679776355563490e+02
9.600000000000000000e+01 9.229993757155949652e+02
9.700000000000000000e+01 9.274463217413571101e+02
9.800000000000000000e+01 9.422811107232566883e+02
9.900000000000000000e+01 9.520066608363491696e+02
1.000000000000000000e+02 9.593223133757984442e+02
1.010000000000000000e+02 9.601532889435193283e+02
1.020000000000000000e+02 9.691072663974489387e+02
1.030000000000000000e+02 9.780193521915588235e+02
1.040000000000000000e+02 9.881977433564734383e+02
1.050000000000000000e+02 1.004046576615066783e+03
1.060000000000000000e+02 1.005503561030026049e+03
1.070000000000000000e+02 1.014284377165063916e+03
1.080000000000000000e+02 1.021401599154954511e+03
1.090000000000000000e+02 1.034799096952565378e+03
1.100000000000000000e+02 1.052560102484666686e+03
1.110000000000000000e+02 1.063785369029162439e+03
1.120000000000000000e+02 1.075226325829348298e+03
1.130000000000000000e+02 1.085203598718815783e+03
1.140000000000000000e+02 1.094467310690631621e+03
1.150000000000000000e+02 1.097227051690676035e+03
1.160000000000000000e+02 1.107958158513486296e+03
1.170000000000000000e+02 1.104463232208347108e+03
1.180000000000000000e+02 1.115287583664287467e+03
1.190000000000000000e+02 1.125399648465201608e+03
1.200000000000000000e+02 1.140482925755245560e+03
1.210000000000000000e+02 1.148621589651036629e+03
1.220000000000000000e+02 1.155167902618920834e+03
1.230000000000000000e+02 1.160569244580104169e+03
1.240000000000000000e+02 1.166776406345293708e+03
1.250000000000000000e+02 1.174044989078364324e+03
1.260000000000000000e+02 1.181177825781220008e+03
1.270000000000000000e+02 1.186435385301127099e+03
1.280000000000000000e+02 1.197141084017375306e+03
1.290000000000000000e+02 1.202245936377699081e+03
1.300000000000000000e+02 1.218120032620500979e+03
1.310000000000000000e+02 1.225775312098404811e+03
1.320000000000000000e+02 1.236248406661865829e+03
1.330000000000000000e+02 1.239008903709779361e+03
1.340000000000000000e+02 1.244617435561149932e+03
1.350000000000000000e+02 1.253165379562781482e+03
1.360000000000000000e+02 1.270159001329189778e+03
1.370000000000000000e+02 1.281836472148540906e+03
1.380000000000000000e+02 1.296069658024862747e+03
1.390000000000000000e+02 1.312468398506177437e+03
1.400000000000000000e+02 1.326595171545466201e+03
1.410000000000000000e+02 1.324568541839338877e+03
1.420000000000000000e+02 1.343169412152967197e+03
1.430000000000000000e+02 1.344425703043169278e+03
1.440000000000000000e+02 1.350459344536841627e+03
1.450000000000000000e+02 1.355303752322872924e+03
1.460000000000000000e+02 1.363235559117729281e+03
1.470000000000000000e+02 1.375558097173820897e+03
1.480000000000000000e+02 1.388941203505127760e+03
1.490000000000000000e+02 1.397215840570299179e+03
1.500000000000000000e+02 1.414741884707819963e+03
1.510000000000000000e+02 1.417602685301940028e+03
1.520000000000000000e+02 1.429693269343691554e+03
1.530000000000000000e+02 1.438485856667341068e+03
1.540000000000000000e+02 1.446791533391372695e+03
1.550000000000000000e+02 1.454084450090539576e+03
1.560000000000000000e+02 1.464320432424420460e+03
1.570000000000000000e+02 1.465994619441025634e+03
1.580000000000000000e+02 1.474498986543092769e+03
1.590000000000000000e+02 1.481249944348211784e+03
1.600000000000000000e+02 1.488328558763052115e+03
1.610000000000000000e+02 1.491134730815220792e+03
1.620000000000000000e+02 1.504356186129386742e+03
1.630000000000000000e+02 1.511319880008285736e+03
1.640000000000000000e+02 1.528998850028533525e+03
1.650000000000000000e+02 1.541288501948880594e+03
1.660000000000000000e+02 1.540103194388129623e+03
1.670000000000000000e+02 1.549465696298563898e+03
1.680000000000000000e+02 1.549782394607535252e+03
1.690000000000000000e+02 1.556068569632395338e+03
1.700000000000000000e+02 1.568584821113121507e+03
1.710000000000000000e+02 1.568892858474890090e+03
1.720000000000000000e+02 1.579785482141533066e+03
1.730000000000000000e+02 1.600238410098525264e+03
1.740000000000000000e+02 1.621137743729871318e+03
1.750000000000000000e+02 1.645761108672018509e+03
1.760000000000000000e+02 1.648690662906924899e+03
1.770000000000000000e+02 1.654723100864523985e+03
1.780000000000000000e+02 1.669483888150963367e+03
1.790000000000000000e+02 1.681056801543780239e+03
1.800000000000000000e+02 1.688986432570555280e+03
1.810000000000000000e+02 1.708074434506062289e+03
1.820000000000000000e+02 1.723323190960229567e+03
1.830000000000000000e+02 1.726740099080597247e+03
1.840000000000000000e+02 1.731569476268446351e+03
1.850000000000000000e+02 1.733436450577415144e+03
1.860000000000000000e+02 1.744650374589175271e+03
1.870000000000000000e+02 1.759379828612429264e+03
1.880000000000000000e+02 1.768374930226150354e+03
1.890000000000000000e+02 1.778319597489991565e+03
1.900000000000000000e+02 1.786785634628496609e+03
1.910000000000000000e+02 1.799075697633754316e+03
1.920000000000000000e+02 1.806976941995823381e+03
1.930000000000000000e+02 1.810651595737172556e+03
1.940000000000000000e+02 1.825869919743779292e+03
1.950000000000000000e+02 1.830900385179514387e+03
1.960000000000000000e+02 1.839860391621569079e+03
1.970000000000000000e+02 1.845104053349453807e+03
1.980000000000000000e+02 1.837102674950254595e+03
1.990000000000000000e+02 1.837064515018800421e+03
2.000000000000000000e+02 1.860202612878588070e+03
2.010000000000000000e+02 1.864905864272720919e+03
2.020000000000000000e+02 1.859309957661275575e+03
2.030000000000000000e+02 1.864729062501292901e+03
2.040000000000000000e+02 1.870652563312614575e+03
2.050000000000000000e+02 1.880099185774474563e+03
2.060000000000000000e+02 1.884672805975270194e+03
2.070000000000000000e+02 1.898897992191102958e+03
2.080000000000000000e+02 1.905664986064086634e+03
2.090000000000000000e+02 1.921705995477938131e+03
2.100000000000000000e+02 1.921777925802870186e+03
2.110000000000000000e+02 1.936261259876509257e+03
2.120000000000000000e+02 1.946341231302940059e+03
2.130000000000000000e+02 1.955818500988078085e+03
2.140000000000000000e+02 1.956738194364168521e+03
2.150000000000000000e+02 1.973587975896061835e+03
2.160000000000000000e+02 1.983502514993230534e+03
2.170000000000000000e+02 1.990472703395068038e+03
2.180000000000000000e+02 1.989901730148121715e+03
2.190000000000000000e+02 1.990156264865194771e+03
2.200000000000000000e+02 1.997213193754267422e+03
2.210000000000000000e+02 2.010164160315536265e+03
2.220000000000000000e+02 2.028996719341842891e+03
2.230000000000000000e+02 2.038527592410910074e+03
2.240000000000000000e+02 2.038039791891204686e+03
2.250000000000000000e+02 2.053375930258807784e+03
2.260000000000000000e+02 2.071009956660597709e+03
2.270000000000000000e+02 2.057694350919513909e+03
2.280000000000000000e+02 2.055300192005204281e+03
2.290000000000000000e+02 2.059004356284673122e+03
2.300000000000000000e+02 2.066170198791786788e+03
2.310000000000000000e+02 2.087020001974985462e+03
2.320000000000000000e+02 2.084041684341979362e+03
2.330000000000000000e+02 2.091164193456441353e+03
2.340000000000000000e+02 2.098726475887918241e+03
2.350000000000000000e+02 2.110824665271818958e+03
2.360000000000000000e+02 2.121219813016660737e+03
2.370000000000000000e+02 2.130538574668254114e+03
2.380000000000000000e+02 2.133192623725108206e+03
2.390000000000000000e+02 2.143189921651982331e+03
2.400000000000000000e+02 2.167566758034682152e+03
2.410000000000000000e+02 2.170132833702723929e+03
2.420000000000000000e+02 2.173244439738251913e+03
2.430000000000000000e+02 2.188509083880764592e+03
2.440000000000000000e+02 2.195362150624036076e+03
2.450000000000000000e+02 2.210352040954613130e+03
2.460000000000000000e+02 2.228945778034335035e+03
2.470000000000000000e+02 2.235226714548181462e+03
2.480000000000000000e+02 2.250944558666214107e+03
2.490000000000000000e+02 2.251938461873658071e+03
2.500000000000000000e+02 2.258377640170045652e+03
2.510000000000000000e+02 2.273109269598769515e+03
2.520000000000000000e+02 2.279018435634469824e+03
2.530000000000000000e+02 2.287645488261323862e+03
2.540000000000000000e+02 2.290033732369885001e+03
2.550000000000000000e+02 2.296366718487780872e+03
2.560000000000000000e+02 2.310433327663249202e+03
2.570000000000000000e+02 2.317438751131289337e+03
2.580000000000000000e+02 2.338776248133296576e+03
2.590000000000000000e+02 2.347288189737292669e+03
2.600000000000000000e+02 2.354491389647881533e+03
2.610000000000000000e+02 2.373370548500140103e+03
2.620000000000000000e+02 2.382306383657673450e+03
2.630000000000000000e+02 2.386468896162322380e+03
2.640000000000000000e+02 2.397225856667899279e+03
2.650000000000000000e+02 2.400802186427798006e+03
2.660000000000000000e+02 2.389897572156958176e+03
2.670000000000000000e+02 2.408871752887228467e+03
2.680000000000000000e+02 2.407142551927341628e+03
2.690000000000000000e+02 2.425316852227976597e+03
2.700000000000000000e+02 2.429561967809716862e+03
2.710000000000000000e+02 2.408723362829503458e+03
2.720000000000000000e+02 2.404393439334124196e+03
2.730000000000000000e+02 2.434635822215397639e+03
2.740000000000000000e+02 2.420545750874384794e+03
2.750000000000000000e+02 2.418597904456106789e+03
2.760000000000000000e+02 2.429609038819738544e+03
2.770000000000000000e+02 2.443548381538580088e+03
2.780000000000000000e+02 2.431758975525148344e+03
2.790000000000000000e+02 2.441731210605557408e+03
2.800000000000000000e+02 2.457988850523556266e+03
2.810000000000000000e+02 2.453366679304229365e+03
2.820000000000000000e+02 2.461685840835952604e+03
2.830000000000000000e+02 2.474324136182399343e+03
2.840000000000000000e+02 2.473712653996851714e+03
2.850000000000000000e+02 2.501500858591950873e+03
2.860000000000000000e+02 2.503552771463731005e+03
2.870000000000000000e+02 2.490807676208559769e+03
2.880000000000000000e+02 2.498191860147373518e+03
2.890000000000000000e+02 2.511070467568917593e+03
2.900000000000000000e+02 2.533394760064184993e+03
2.910000000000000000e+02 2.539022214076466753e+03
2.920000000000000000e+02 2.530210046729370788e+03
2.930000000000000000e+02 2.553432252198741935e+03
2.940000000000000000e+02 2.550517919253879427e+03
2.950000000000000000e+02 2.556082589731575808e+03
2.960000000000000000e+02 2.555733980739307754e+03
2.970000000000000000e+02 2.568069447041256808e+03
2.980000000000000000e+02 2.574623779696843030e+03
2.990000000000000000e+02 2.585521773454278900e+03
3.000000000000000000e+02 2.602892694783064144e+03
3.010000000000000000e+02 2.620433177983478799e+03
3.020000000000000000e+02 2.630645560735623349e+03
3.030000000000000000e+02 2.625201004355853456e+03
3.040000000000000000e+02 2.621851806410818426e+03
3.050000000000000000e+02 2.639521026267415891e+03
3.060000000000000000e+02 2.654164720558067074e+03
3.070000000000000000e+02 2.674043586283728928e+03
3.080000000000000000e+02 2.694037922979672658e+03
3.090000000000000000e+02 2.710688547115478741e+03
3.100000000000000000e+02 2.701749951698557652e+03
3.110000000000000000e+02 2.718697192470177015e+03
3.120000000000000000e+02 2.736054629595616916e+03
3.130000000000000000e+02 2.730242976314840689e+03
3.140000000000000000e+02 2.742509891428209812e+03
3.150000000000000000e+02 2.749066098843687996e+03
3.160000000000000000e+02 2.780528883285772736e+03
3.170000000000000000e+02 2.787417470623832742e+03
3.180000000000000000e+02 2.812346580427121353e+03
3.190000000000000000e+02 2.822609070774255088e+03
3.200000000000000000e+02 2.825758757192561916e+03
3.210000000000000000e+02 2.851447285443832243e+03
3.220000000000000000e+02 2.869232684828045421e+03
3.230000000000000000e+02 2.879322501785152781e+03
3.240000000000000000e+02 2.885645703189786673e+03
3.250000000000000000e+02 2.899934040693793577e+03
3.260000000000000000e+02 2.902418617811335480e+03
3.270000000000000000e+02 2.924607373800924506e+03
3.280000000000000000e+02 2.938294867413117117e+03
3.290000000000000000e+02 2.938083270537261342e+03
3.300000000000000000e+02 2.938021801499629873e+03
3.310000000000000000e+02 2.938215271706921612e+03
3.320000000000000000e+02 2.942848376008083960e+03
3.330000000000000000e+02 2.949291796836925187e+03
3.340000000000000000e+02 2.969726114513253378e+03
3.350000000000000000e+02 2.976438585648691060e+03
3.360000000000000000e+02 2.990582155341069210e+03
3.370000000000000000e+02 2.986989186343696019e+03
3.380000000000000000e+02 2.984875137171086863e+03
3.390000000000000000e+02 2.992208535635940734e+03
3.400000000000000000e+02 2.999448375765133733e+03
3.410000000000000000e+02 3.015229314320117282e+03
3.420000000000000000e+02 3.008618439428576949e+03
3.430000000000000000e+02 3.007944363923676519e+03
3.440000000000000000e+02 3.009025935121248494e+03
3.450000000000000000e+02 3.016023771502795171e+03
3.460000000000000000e+02 3.018427976608639256e+03
3.470000000000000000e+02 2.998874071665250995e+03
3.480000000000000000e+02 3.001768370255207174e+03
3.490000000000000000e+02 3.015835916078815899e+03
3.500000000000000000e+02 3.022753788018721480e+03
3.510000000000000000e+02 3.033287816525639300e+03
3.520000000000000000e+02 3.028484502663140574e+03
3.530000000000000000e+02 3.040975642491005601e+03
3.540000000000000000e+02 3.049687842545248714e+03
3.550000000000000000e+02 3.054895888478343750e+03
3.560000000000000000e+02 3.064396322977863747e+03
3.570000000000000000e+02 3.072298470644238023e+03
3.580000000000000000e+02 3.083650933172235909e+03
3.590000000000000000e+02 3.098249747110081898e+03
3.600000000000000000e+02 3.101974989749450287e+03
3.610000000000000000e+02 3.106907279615165862e+03
3.620000000000000000e+02 3.116212882370550687e+03
3.630000000000000000e+02 3.125200039334692065e+03
3.640000000000000000e+02 3.136791494823509311e+03
3.650000000000000000e+02 3.138468218882465862e+03
3.660000000000000000e+02 3.148907580368480922e+03
3.670000000000000000e+02 3.154727515444747041e+03
3.680000000000000000e+02 3.154320665900715539e+03
3.690000000000000000e+02 3.157673731555666564e+03
3.700000000000000000e+02 3.183995530638736909e+03
3.710000000000000000e+02 3.196267944914519376e+03
3.720000000000000000e+02 3.212061079749896180e+03
3.730000000000000000e+02 3.215833230578734401e+03
3.740000000000000000e+02 3.231102592692257531e+03
3.750000000000000000e+02 3.231092757186463132e+03
3.760000000000000000e+02 3.254031872085230134e+03
3.770000000000000000e+02 3.262638867804408619e+03
3.780000000000000000e+02 3.256608029805148362e+03
3.790000000000000000e+02 3.241827773738581982e+03
3.800000000000000000e+02 3.259760039255492757e+03
3.810000000000000000e+02 3.290017704835992845e+03
3.820000000000000000e+02 3.283480056810589303e+03
3.830000000000000000e+02 3.271990842213447195e+03
3.840000000000000000e+02 3.274977890662058144e+03
3.850000000000000000e+02 3.283988625429043168e+03
3.860000000000000000e+02 3.277759863082662378e+03
3.870000000000000000e+02 3.301574845518999155e+03
3.880000000000000000e+02 3.315033983979642471e+03
3.890000000000000000e+02 3.329212294369301162e+03
3.900000000000000000e+02 3.346992714666634583e+03
3.910000000000000000e+02 3.357643249028504215e+03
3.920000000000000000e+02 3.361680714613406508e+03
3.930000000000000000e+02 3.371127024809649356e+03
3.940000000000000000e+02 3.380370105651200447e+03
3.950000000000000000e+02 3.388850388653620030e+03
3.960000000000000000e+02 3.390193261049135344e+03
3.970000000000000000e+02 3.400961249822843456e+03
3.980000000000000000e+02 3.415381022286289408e+03
3.990000000000000000e+02 3.428675301927453802e+03
4.000000000000000000e+02 3.418564912550386907e+03
4.010000000000000000e+02 3.418577907975882226e+03
4.020000000000000000e+02 3.414425416464117006e+03
4.030000000000000000e+02 3.408418907729893363e+03
4.040000000000000000e+02 3.428408971727648350e+03
4.050000000000000000e+02 3.442136460647223885e+03
4.060000000000000000e+02 3.469987260125568355e+03
4.070000000000000000e+02 3.471950991088107457e+03
4.080000000000000000e+02 3.490472857282170935e+03
4.090000000000000000e+02 3.482002497505712654e+03
4.100000000000000000e+02 3.500777446991528905e+03
4.110000000000000000e+02 3.498517678686065665e+03
4.120000000000000000e+02 3.496459935213546942e+03
4.130000000000000000e+02 3.496740132182860179e+03
4.140000000000000000e+02 3.506589236140562207e+03
4.150000000000000000e+02 3.506509770123197086e+03
4.160000000000000000e+02 3.513974706303423773e+03
4.170000000000000000e+02 3.528822774184112859e+03
4.180000000000000000e+02 3.523599807352199605e+03
4.190000000000000000e+02 3.537910398715765496e+03
4.200000000000000000e+02 3.548549764898335525e+03
4.210000000000000000e+02 3.580203447638190028e+03
4.220000000000000000e+02 3.589712231720164709e+03
4.230000000000000000e+02 3.629502368015131651e+03
4.240000000000000000e+02 3.639352952635977090e+03
4.250000000000000000e+02 3.647940899631349112e+03
4.260000000000000000e+02 3.647425651219631618e+03
4.270000000000000000e+02 3.668128706100368163e+03
4.280000000000000000e+02 3.674794244566404359e+03
4.290000000000000000e+02 3.681830740799586692e+03
4.300000000000000000e+02 3.705407708752889903e+03
4.310000000000000000e+02 3.727395674055640484e+03
4.320000000000000000e+02 3.727407897339893680e+03
4.330000000000000000e+02 3.738909459036160570e+03
4.340000000000000000e+02 3.743024859240992555e+03
4.350000000000000000e+02 3.752952324428425527e+03
4.360000000000000000e+02 3.770470535432171800e+03
4.370000000000000000e+02 3.767968037822879523e+03
4.380000000000000000e+02 3.771314321088210818e+03
4.390000000000000000e+02 3.768615945452005690e+03
4.400000000000000000e+02 3.792407091840666908e+03
4.410000000000000000e+02 3.800760808889499913e+03
4.420000000000000000e+02 3.798390372226045201e+03
4.430000000000000000e+02 3.820860491010525948e+03
4.440000000000000000e+02 3.836977765146571983e+03
4.450000000000000000e+02 3.850815269710464236e+03
4.460000000000000000e+02 3.858381455324498347e+03
4.470000000000000000e+02 3.853459987807838843e+03
4.480000000000000000e+02 3.879022126300678337e+03
4.490000000000000000e+02 3.861794098565875629e+03
4.500000000000000000e+02 3.855751281743740947e+03
4.510000000000000000e+02 3.870577216604422574e+03
4.520000000000000000e+02 3.898505735778761391e+03
4.530000000000000000e+02 3.900902556278839711e+03
4.540000000000000000e+02 3.899059431234980366e+03
4.550000000000000000e+02 3.911034145359903960e+03
4.560000000000000000e+02 3.914677009995461049e+03
4.570000000000000000e+02 3.909413734669498808e+03
4.580000000000000000e+02 3.921319766893892393e+03
4.590000000000000000e+02 3.904884789209211704e+03
4.600000000000000000e+02 3.917094353347575179e+03
4.610000000000000000e+02 3.921136540238564976e+03
4.620000000000000000e+02 3.928999403763521514e+03
4.630000000000000000e+02 3.947069340375307092e+03
4.640000000000000000e+02 3.962079720095801349e+03
4.650000000000000000e+02 3.964978199338119794e+03
4.660000000000000000e+02 3.978249489097052901e+03
4.670000000000000000e+02 3.985630732752876611e+03
4.680000000000000000e+02 3.975220716677658856e+03
4.690000000000000000e+02 3.983618970346754395e+03
4.700000000000000000e+02 4.016975228845773927e+03
4.710000000000000000e+02 4.026213230079802088e+03
4.720000000000000000e+02 4.040355357101657319e+03
4.730000000000000000e+02 4.045633949308651154e+03
4.740000000000000000e+02 4.062923772941404422e+03
4.750000000000000000e+02 4.069459917001977374e+03
4.760000000000000000e+02 4.073928731698202228e+03
4.770000000000000000e+02 4.097793268196980534e+03
4.780000000000000000e+02 4.103481857201682033e+03
4.790000000000000000e+02 4.097240594357276677e+03
4.800000000000000000e+02 4.100554419265248725e+03
4.810000000000000000e+02 4.117955922888274472e+03
4.820000000000000000e+02 4.115486490848627909e+03
4.830000000000000000e+02 4.122079265468051744e+03
4.840000000000000000e+02 4.152493852422492637e+03
4.850000000000000000e+02 4.162637648396288569e+03
4.860000000000000000e+02 4.158195137980337677e+03
4.870000000000000000e+02 4.145909283554180547e+03
4.880000000000000000e+02 4.157991998704321304e+03
4.890000000000000000e+02 4.157472708215688726e+03
4.900000000000000000e+02 4.170476373640510246e+03
4.910000000000000000e+02 4.165236065321954811e+03
4.920000000000000000e+02 4.177901859841852456e+03
4.930000000000000000e+02 4.154711688963655433e+03
4.940000000000000000e+02 4.156936140551323660e+03
4.950000000000000000e+02 4.167001527308257209e+03
4.960000000000000000e+02 4.194091292918442377e+03
4.970000000000000000e+02 4.180238750719419841e+03
4.980000000000000000e+02 4.185233680540200112e+03
4.990000000000000000e+02 4.178944539385093776e+03
5.000000000000000000e+02 4.178903794130923416e+03
5.010000000000000000e+02 4.175530022884537175e+03
5.020000000000000000e+02 4.180424537226122993e+03
5.030000000000000000e+02 4.204713620755876036e+03
5.040000000000000000e+02 4.230573103807475491e+03
5.050000000000000000e+02 4.222774791699991511e+03
5.060000000000000000e+02 4.226577973213074984e+03
5.070000000000000000e+02 4.239612229111002307e+03
5.080000000000000000e+02 4.228399989779389216e+03
5.090000000000000000e+02 4.217423468220330506e+03
5.100000000000000000e+02 4.211893427457584949e+03
5.110000000000000000e+02 4.225173982731001161e+03
5.120000000000000000e+02 4.236150495960984699e+03
5.130000000000000000e+02 4.246231236452878875e+03
5.140000000000000000e+02 4.253230908075386651e+03
5.150000000000000000e+02 4.264316824771472966e+03
5.160000000000000000e+02 4.262977764692925120e+03
5.170000000000000000e+02 4.262909991740534679e+03
5.180000000000000000e+02 4.267063876847084430e+03
5.190000000000000000e+02 4.267671578155080169e+03
5.200000000000000000e+02 4.279463041340104610e+03
5.210000000000000000e+02 4.286094545178941189e+03
5.220000000000000000e+02 4.285354844249232883e+03
5.230000000000000000e+02 4.284023675999336774e+03
5.240000000000000000e+02 4.282941240118282622e+03
5.250000000000000000e+02 4.306624550324962911e+03
5.260000000000000000e+02 4.292240783576629838e+03
5.270000000000000000e+02 4.308865059022951755e+03
5.280000000000000000e+02 4.305977436317752108e+03
5.290000000000000000e+02 4.319738577003318824e+03
5.300000000000000000e+02 4.328617913486275938e+03
5.310000000000000000e+02 4.329645591117679942e+03
5.320000000000000000e+02 4.337133961554527559e+03
5.330000000000000000e+02 4.333711528752804952e+03
5.340000000000000000e+02 4.350959782971476670e+03
5.350000000000000000e+02 4.364704363484059286e+03
5.360000000000000000e+02 4.394698474911478115e+03
5.370000000000000000e+02 4.399077020079708745e+03
5.380000000000000000e+02 4.384886022125798263e+03
5.390000000000000000e+02 4.391024940740478996e+03
5.400000000000000000e+02 4.405647155293761898e+03
5.410000000000000000e+02 4.428563106081300248e+03
5.420000000000000000e+02 4.443666254631415541e+03
5.430000000000000000e+02 4.453915573274378403e+03
5.440000000000000000e+02 4.449038871699259289e+03
5.450000000000000000e+02 4.452275519707834974e+03
5.460000000000000000e+02 4.469012250310744093e+03
5.470000000000000000e+02 4.473975337885372028e+03
5.480000000000000000e+02 4.494134045680376403e+03
5.490000000000000000e+02 4.510342053658293480e+03
5.500000000000000000e+02 4.528678636029319932e+03
5.510000000000000000e+02 4.546732198520918246e+03
5.520000000000000000e+02 4.571376479999331423e+03
5.530000000000000000e+02 4.566040724926238909e+03
5.540000000000000000e+02 4.550971460922603001e+03
5.550000000000000000e+02 4.541451199109390473e+03
5.560000000000000000e+02 4.554502737561482718e+03
5.570000000000000000e+02 4.540486329965941877e+03
5.580000000000000000e+02 4.538841276467357602e+03
5.590000000000000000e+02 4.533643025189765467e+03
5.600000000000000000e+02 4.548767219696491338e+03
5.610000000000000000e+02 4.571224848225734604e+03
5.620000000000000000e+02 4.579204946600616495e+03
5.630000000000000000e+02 4.586117630073635155e+03
5.640000000000000000e+02 4.569821113523682470e+03
5.650000000000000000e+02 4.569052376955406544e+03
5.660000000000000000e+02 4.575380165857495740e+03
5.670000000000000000e+02 4.584995311362921711e+03
5.680000000000000000e+02 4.591155714460870513e+03
5.690000000000000000e+02 4.594174432992896072e+03
5.700000000000000000e+02 4.621024706817060178e+03
5.710000000000000000e+02 4.625355792279649904e+03
5.720000000000000000e+02 4.639075357798579716e+03
5.730000000000000000e+02 4.648114767157208007e+03
5.740000000000000000e+02 4.658540986994198647e+03
5.750000000000000000e+02 4.669998843701522674e+03
5.760000000000000000e+02 4.669926696148540941e+03
5.770000000000000000e+02 4.662762433802913620e+03
5.780000000000000000e+02 4.678617984879994765e+03
5.790000000000000000e+02 4.675859277017638306e+03
5.800000000000000000e+02 4.687263672128110557e+03
5.810000000000000000e+02 4.683985719778421299e+03
5.820000000000000000e+02 4.675131998502971328e+03
5.830000000000000000e+02 4.686658514297361762e+03
5.840000000000000000e+02 4.685685373774040272e+03
5.850000000000000000e+02 4.687651018191779258e+03
5.860000000000000000e+02 4.684526508536663641e+03
5.870000000000000000e+02 4.703871930224699099e+03
5.880000000000000000e+02 4.734022196474720658e+03
5.890000000000000000e+02 4.754243026036145238e+03
5.900000000000000000e+02 4.782574952473450139e+03
5.910000000000000000e+02 4.783603919895775107e+03
5.920000000000000000e+02 4.780284585012194839e+03
5.930000000000000000e+02 4.780818008777954674e+03
5.940000000000000000e+02 4.789947698762834989e+03
5.950000000000000000e+02 4.785624339192266234e+03
5.960000000000000000e+02 4.791808679667988145e+03
5.970000000000000000e+02 4.808026454579377059e+03
5.980000000000000000e+02 4.812641617211390439e+03
5.990000000000000000e+02 4.832812563309148572e+03
6.000000000000000000e+02 4.844433208791007928e+03
6.010000000000000000e+02 4.849126388002136082e+03
6.020000000000000000e+02 4.859879644259576708e+03
6.030000000000000000e+02 4.888996582676679282e+03
6.040000000000000000e+02 4.870479968984531297e+03
6.050000000000000000e+02 4.895952177281225886e+03
6.060000000000000000e+02 4.902132440245592989e+03
6.070000000000000000e+02 4.925251256098236809e+03
6.080000000000000000e+02 4.918357717693980703e+03
6.090000000000000000e+02 4.929826062322228609e+03
6.100000000000000000e+02 4.919911347255774672e+03
6.110000000000000000e+02 4.944143265326631081e+03
6.120000000000000000e+02 4.955688836558420007e+03
6.130000000000000000e+02 4.966609905387825165e+03
6.140000000000000000e+02 4.990271519061331674e+03
6.150000000000000000e+02 5.010304068876173005e+03
6.160000000000000000e+02 5.016068630646070233e+03
6.170000000000000000e+02 5.028641937792123827e+03
6.180000000000000000e+02 5.045500103979259620e+03
6.190000000000000000e+02 5.052749940209376291e+03
6.200000000000000000e+02 5.046726635758857810e+03
6.210000000000000000e+02 5.049297173142214888e+03
6.220000000000000000e+02 5.063364030062681195e+03
6.230000000000000000e+02 5.076608135958505954e+03
6.240000000000000000e+02 5.076803887593583568e+03
6.250000000000000000e+02 5.079764478783946288e+03
6.260000000000000000e+02 5.075788579617365940e+03
6.270000000000000000e+02 5.094082703981143823e+03
6.280000000000000000e+02 5.109036657193486462e+03
6.290000000000000000e+02 5.128563396508794540e+03
6.300000000000000000e+02 5.138746084320670889e+03
6.310000000000000000e+02 5.152653224272102307e+03
6.320000000000000000e+02 5.156379099666497495e+03
6.330000000000000000e+02 5.169237840534602583e+03
6.340000000000000000e+02 5.159124948144779410e+03
6.350000000000000000e+02 5.151937449198208924e+03
6.360000000000000000e+02 5.171356652957900224e+03
6.370000000000000000e+02 5.178944731374890580e+03
6.380000000000000000e+02 5.193389633571990998e+03
6.390000000000000000e+02 5.210615271808282159e+03
6.400000000000000000e+02 5.202422319741513093e+03
6.410000000000000000e+02 5.198271695264221307e+03
6.420000000000000000e+02 5.212693873251244440e+03
6.430000000000000000e+02 5.223037317494709896e+03
6.440000000000000000e+02 5.237024783187283901e+03
6.450000000000000000e+02 5.241116146667295652e+03
6.460000000000000000e+02 5.243937413620305051e+03
6.470000000000000000e+02 5.242281830707136578e+03
6.480000000000000000e+02 5.264920424117916809e+03
6.490000000000000000e+02 5.288895437985088392e+03
6.500000000000000000e+02 5.303321578225326448e+03
6.510000000000000000e+02 5.298357022150667035e+03
6.520000000000000000e+02 5.288976127545755844e+03
6.530000000000000000e+02 5.296400440810371947e+03
6.540000000000000000e+02 5.290816069788495042e+03
6.550000000000000000e+02 5.278673388432055617e+03
6.560000000000000000e+02 5.288467947340346655e+03
6.570000000000000000e+02 5.297316064291562725e+03
6.580000000000000000e+02 5.304016115466307383e+03
6.590000000000000000e+02 5.338985347393180746e+03
6.600000000000000000e+02 5.331671317167981215e+03
6.610000000000000000e+02 5.332693009970598723e+03
6.620000000000000000e+02 5.364242717260297468e+03
6.630000000000000000e+02 5.367503765155487599e+03
6.640000000000000000e+02 5.365582385180113306e+03
6.650000000000000000e+02 5.395934395482579021e+03
6.660000000000000000e+02 5.401858981680708894e+03
6.670000000000000000e+02 5.410440306846052408e+03
6.680000000000000000e+02 5.421265960334022566e+03
6.690000000000000000e+02 5.422539154571896688e+03
6.700000000000000000e+02 5.417694184578921522e+03
6.710000000000000000e+02 5.429283387973947356e+03
6.720000000000000000e+02 5.437430271149307373e+03
6.730000000000000000e+02 5.473003702796562720e+03
6.740000000000000000e+02 5.470585655703906923e+03
6.750000000000000000e+02 5.488386839154402878e+03
6.760000000000000000e+02 5.488398237093386342e+03
6.770000000000000000e+02 5.478533057481613469e+03
6.780000000000000000e+02 5.476950707795033850e+03
6.790000000000000000e+02 5.458764005359396833e+03
6.800000000000000000e+02 5.477320254206661957e+03
6.810000000000000000e+02 5.484860355189472102e+03
6.820000000000000000e+02 5.491380943397141891e+03
6.830000000000000000e+02 5.504747963168031674e+03
6.840000000000000000e+02 5.506204253799713115e+03
6.850000000000000000e+02 5.501617397844513107e+03
6.860000000000000000e+02 5.502370697164475132e+03
6.870000000000000000e+02 5.501623219670867911e+03
6.880000000000000000e+02 5.493354081951987610e+03
6.890000000000000000e+02 5.499036867114799861e+03
6.900000000000000000e+02 5.501781453325159418e+03
6.910000000000000000e+02 5.521540461182496983e+03
6.920000000000000000e+02 5.555433818479898036e+03
6.930000000000000000e+02 5.563255309067835697e+03
6.940000000000000000e+02 5.555767346268256006e+03
6.950000000000000000e+02 5.567149075111848106e+03
6.960000000000000000e+02 5.564542706404309683e+03
6.970000000000000000e+02 5.580517258794730878e+03
6.980000000000000000e+02 5.611196862820775095e+03
6.990000000000000000e+02 5.624022524574894305e+03
7.000000000000000000e+02 5.627825352840356572e+03
7.010000000000000000e+02 5.640361048552073953e+03
7.020000000000000000e+02 5.638113243727828376e+03
7.030000000000000000e+02 5.636615386007244524e+03
7.040000000000000000e+02 5.660610793888733497e+03
7.050000000000000000e+02 5.659031820549756958e+03
7.060000000000000000e+02 5.680183346910431283e+03
7.070000000000000000e+02 5.709969259482386406e+03
7.080000000000000000e+02 5.720717848737878739e+03
7.090000000000000000e+02 5.724886236956787798e+03
7.100000000000000000e+02 5.736201063458667704e+03
7.110000000000000000e+02 5.742596683963143732e+03
7.120000000000000000e+02 5.754600062741731563e+03
7.130000000000000000e+02 5.756753479938120108e+03
7.140000000000000000e+02 5.761532468375538883e+03
7.150000000000000000e+02 5.751515424674813403e+03
7.160000000000000000e+02 5.766505210427803831e+03
7.170000000000000000e+02 5.791432475460227579e+03
7.180000000000000000e+02 5.800790844307664884e+03
7.190000000000000000e+02 5.801268522358778682e+03
7.200000000000000000e+02 5.800528830598367676e+03
7.210000000000000000e+02 5.819172667056562204e+03
7.220000000000000000e+02 5.842746480408301977e+03
7.230000000000000000e+02 5.857442821865643964e+03
7.240000000000000000e+02 5.893267374534504597e+03
7.250000000000000000e+02 5.906968876467998598e+03
7.260000000000000000e+02 5.903251762890723512e+03
7.270000000000000000e+02 5.910750302568363622e+03
7.280000000000000000e+02 5.896770239873703758e+03
7.290000000000000000e+02 5.881833291032891793e+03
7.300000000000000000e+02 5.884870914005525265e+03
7.310000000000000000e+02 5.886985802548079846e+03
7.320000000000000000e+02 5.892616601808528685e+03
7.330000000000000000e+02 5.914537752906366222e+03
7.340000000000000000e+02 5.924416438545174060e+03
7.350000000000000000e+02 5.932604425200296646e+03
7.360000000000000000e+02 5.950755804764801724e+03
7.370000000000000000e+02 5.953766038184440731e+03
7.380000000000000000e+02 5.949480051926752822e+03
7.390000000000000000e+02 5.925955890444064607e+03
7.400000000000000000e+02 5.919935083920453508e+03
7.410000000000000000e+02 5.935076868218066920e+03
7.420000000000000000e+02 5.950138368804739912e+03
7.430000000000000000e+02 5.951067145141683795e+03
7.440000000000000000e+02 5.945647243473489652e+03
7.450000000000000000e+02 5.938289183426768432e+03
7.460000000000000000e+02 5.945440475761230118e+03
7.470000000000000000e+02 5.940388523794177672e+03
7.480000000000000000e+02 5.964120738159228495e+03
7.490000000000000000e+02 5.986171925256368922e+03
7.500000000000000000e+02 5.996158351515208778e+03
7.510000000000000000e+02 6.000655543040474186e+03
7.520000000000000000e+02 6.010322355111927209e+03
7.530000000000000000e+02 5.996641473589018460e+03
7.540000000000000000e+02 6.003239075852994574e+03
7.550000000000000000e+02 6.012428900284466181e+03
7.560000000000000000e+02 6.004327094772384953e+03
7.570000000000000000e+02 5.987832798637831729e+03
7.580000000000000000e+02 5.978425101478791476e+03
7.590000000000000000e+02 5.968942362589303229e+03
7.600000000000000000e+02 5.982697030425843877e+03
7.610000000000000000e+02 5.984789306883843892e+03
7.620000000000000000e+02 5.990942122563075827e+03
7.630000000000000000e+02 5.997429963605757621e+03
7.640000000000000000e+02 6.008283419309919736e+03
7.650000000000000000e+02 6.034202448920923416e+03
7.660000000000000000e+02 6.025594896351784882e+03
7.670000000000000000e+02 6.015393634458444467e+03
7.680000000000000000e+02 6.026287839479650756e+03
7.690000000000000000e+02 6.025911984337631111e+03
7.700000000000000000e+02 6.061489380644764424e+03
7.710000000000000000e+02 6.058958115104390345e+03
7.720000000000000000e+02 6.079593067759514270e+03
7.730000000000000000e+02 6.082961824395836629e+03
7.740000000000000000e+02 6.077408251406300224e+03
7.750000000000000000e+02 6.079512856526638643e+03
7.760000000000000000e+02 6.103041512543311001e+03
7.770000000000000000e+02 6.115286942301858289e+03
7.780000000000000000e+02 6.121606938675702622e+03
7.790000000000000000e+02 6.116648415479367031e+03
7.800000000000000000e+02 6.116256492041821730e+03
7.810000000000000000e+02 6.130657441953716443e+03
7.820000000000000000e+02 6.138654660676174899e+03
7.830000000000000000e+02 6.148461261889200614e+03
7.840000000000000000e+02 6.153158957972764256e+03
7.850000000000000000e+02 6.174854991396539845e+03
7.860000000000000000e+02 6.201468040008302523e+03
7.870000000000000000e+02 6.212902137575101733e+03
7.880000000000000000e+02 6.216123133281043920e+03
7.890000000000000000e+02 6.214692282609089489e+03
7.900000000000000000e+02 6.228396543540859057e+03
7.910000000000000000e+02 6.248857270497315767e+03
7.920000000000000000e+02 6.243699361412023791e+03
7.930000000000000000e+02 6.268725163824843548e+03
7.940000000000000000e+02 6.289195152061050067e+03
7.950000000000000000e+02 6.309011701612213074e+03
7.960000000000000000e+02 6.318898541042395664e+03
7.970000000000000000e+02 6.316819762428696777e+03
7.980000000000000000e+02 6.317338253008892934e+03
7.990000000000000000e+02 6.332586307800988834e+03
8.000000000000000000e+02 6.362058140068492321e+03
8.010000000000000000e+02 6.393403118595235355e+03
8.020000000000000000e+02 6.388280953659910665e+03
8.030000000000000000e+02 6.379652408983338319e+03
8.040000000000000000e+02 6.388199732501241670e+03
8.050000000000000000e+02 6.407670206117755697e+03
8.060000000000000000e+02 6.416352167677056968e+03
8.070000000000000000e+02 6.408962057426510000e+03
8.080000000000000000e+02 6.416932631337152088e+03
8.090000000000000000e+02 6.427907178891648982e+03
8.100000000000000000e+02 6.444521485291528734e+03
8.110000000000000000e+02 6.449180459325851189e+03
8.120000000000000000e+02 6.456685308957793495e+03
8.130000000000000000e+02 6.450246479494573578e+03
8.140000000000000000e+02 6.455476038792541658e+03
8.150000000000000000e+02 6.496487775574947591e+03
8.160000000000000000e+02 6.522934138476327462e+03
8.170000000000000000e+02 6.526103330418276528e+03
8.180000000000000000e+02 6.513705051946792992e+03
8.190000000000000000e+02 6.505814719567117208e+03
8.200000000000000000e+02 6.508722325034804271e+03
8.210000000000000000e+02 6.504752543229912590e+03
8.220000000000000000e+02 6.514019862464812832e+03
8.230000000000000000e+02 6.528941382829455506e+03
8.240000000000000000e+02 6.553657525035085200e+03
8.250000000000000000e+02 6.555228664385351294e+03
8.260000000000000000e+02 6.558584454507241389e+03
8.270000000000000000e+02 6.566653686039641798e+03
8.280000000000000000e+02 6.584388268107754811e+03
8.290000000000000000e+02 6.584897526081731485e+03
8.300000000000000000e+02 6.574045612794217050e+03
8.310000000000000000e+02 6.587829492806653434e+03
8.320000000000000000e+02 6.613606732364785785e+03
8.330000000000000000e+02 6.642706610833633931e+03
8.340000000000000000e+02 6.657534061322769048e+03
8.350000000000000000e+02 6.625690691758776666e+03
8.360000000000000000e+02 6.601524476188737935e+03
8.370000000000000000e+02 6.614918687438896995e+03
8.380000000000000000e+02 6.638282256970678645e+03
8.390000000000000000e+02 6.644530024597876945e+03
8.400000000000000000e+02 6.661638985483665238e+03
8.410000000000000000e+02 6.631679633218927847e+03
8.420000000000000000e+02 6.639517647864558057e+03
8.430000000000000000e+02 6.649467172783771275e+03
8.440000000000000000e+02 6.630475741218054281e+03
8.450000000000000000e+02 6.629044005301384459e+03
8.460000000000000000e+02 6.623643581806213660e+03
8.470000000000000000e+02 6.636315006726763386e+03
8.480000000000000000e+02 6.653228252148309366e+03
8.490000000000000000e+02 6.676226549754118423e+03
8.500000000000000000e+02 6.688647664399240966e+03
8.510000000000000000e+02 6.693313324818191177e+03
8.520000000000000000e+02 6.727487920127090547e+03
8.530000000000000000e+02 6.713505670057318639e+03
8.540000000000000000e+02 6.725745460898911006e+03
8.550000000000000000e+02 6.735772910398437489e+03
8.560000000000000000e+02 6.729197138777529290e+03
8.570000000000000000e+02 6.749935506548676130e+03
8.580000000000000000e+02 6.751104479851506767e+03
8.590000000000000000e+02 6.753868378719308566e+03
8.600000000000000000e+02 6.732231971865417108e+03
8.610000000000000000e+02 6.719057430014532656e+03
8.620000000000000000e+02 6.739870000665237967e+03
8.630000000000000000e+02 6.731613304655526008e+03
8.640000000000000000e+02 6.692607114596078645e+03
8.650000000000000000e+02 6.699717198159958571e+03
8.660000000000000000e+02 6.708038643741248961e+03
8.670000000000000000e+02 6.712829632223943008e+03
8.680000000000000000e+02 6.718243655578214202e+03
8.690000000000000000e+02 6.722360520540213656e+03
8.700000000000000000e+02 6.746974387958553962e+03
8.710000000000000000e+02 6.756030922130131330e+03
8.720000000000000000e+02 6.738098784076336415e+03
8.730000000000000000e+02 6.754544239529674087e+03
8.740000000000000000e+02 6.749153980401457375e+03
8.750000000000000000e+02 6.741398213113414386e+03
8.760000000000000000e+02 6.752104520384415991e+03
8.770000000000000000e+02 6.755970765628775553e+03
8.780000000000000000e+02 6.765751080616156287e+03
8.790000000000000000e+02 6.773594147821237129e+03
8.800000000000000000e+02 6.767432339959065757e+03
8.810000000000000000e+02 6.763721495742888692e+03
8.820000000000000000e+02 6.764663923149811126e+03
8.830000000000000000e+02 6.763709556812921619e+03
8.840000000000000000e+02 6.767752258106251247e+03
8.850000000000000000e+02 6.788028210677508469e+03
8.860000000000000000e+02 6.767411394211325387e+03
8.870000000000000000e+02 6.774163728500564503e+03
8.880000000000000000e+02 6.771960582010178769e+03
8.890000000000000000e+02 6.769267097782685596e+03
8.900000000000000000e+02 6.774233125517968801e+03
8.910000000000000000e+02 6.795623747811232533e+03
8.920000000000000000e+02 6.792142782236011954e+03
8.930000000000000000e+02 6.753442791523469168e+03
8.940000000000000000e+02 6.741147695993110574e+03
8.950000000000000000e+02 6.732540750089360699e+03
8.960000000000000000e+02 6.761763620142075524e+03
8.970000000000000000e+02 6.788134865107739643e+03
8.980000000000000000e+02 6.787583700528980444e+03
8.990000000000000000e+02 6.805883193489677979e+03
9.000000000000000000e+02 6.821586005749469223e+03
9.010000000000000000e+02 6.839880789804909000e+03
9.020000000000000000e+02 6.841335852014003649e+03
9.030000000000000000e+02 6.853301420235533442e+03
9.040000000000000000e+02 6.843664850551432210e+03
9.050000000000000000e+02 6.829717914049484534e+03
9.060000000000000000e+02 6.879191637775361414e+03
9.070000000000000000e+02 6.900070025044602517e+03
9.080000000000000000e+02 6.905857211588373502e+03
9.090000000000000000e+02 6.907514900716022566e+03
9.100000000000000000e+02 6.913396388891921561e+03
9.110000000000000000e+02 6.903156702433943792e+03
9.120000000000000000e+02 6.883898371039162157e+03
9.130000000000000000e+02 6.890730346281121456e+03
9.140000000000000000e+02 6.887576737769952160e+03
9.150000000000000000e+02 6.895540820005680871e+03
9.160000000000000000e+02 6.890457498547125397e+03
9.170000000000000000e+02 6.910641508276418790e+03
9.180000000000000000e+02 6.929939476705684683e+03
9.190000000000000000e+02 6.912487995108515861e+03
9.200000000000000000e+02 6.929931025401916486e+03
9.210000000000000000e+02 6.934503800363135269e+03
9.220000000000000000e+02 6.941930498810891550e+03
9.230000000000000000e+02 6.945678152541832787e+03
9.240000000000000000e+02 6.971382632797709448e+03
9.250000000000000000e+02 6.984579165351799929e+03
9.260000000000000000e+02 6.970012838974473198e+03
9.270000000000000000e+02 6.951008979535313301e+03
9.280000000000000000e+02 6.960397759113687243e+03
9.290000000000000000e+02 6.952943422048440880e+03
9.300000000000000000e+02 6.969378766395397179e+03
9.310000000000000000e+02 6.980858819151795615e+03
9.320000000000000000e+02 6.920247526533376913e+03
9.330000000000000000e+02 6.942592840306517246e+03
9.340000000000000000e+02 6.941766492026327796e+03
9.350000000000000000e+02 6.922670831558789359e+03
9.360000000000000000e+02 6.935681028462022368e+03
9.370000000000000000e+02 6.932045804814887560e+03
9.380000000000000000e+02 6.934929248618597740e+03
9.390000000000000000e+02 6.947075914774469311e+03
9.400000000000000000e+02 6.955438043861323422e+03
9.410000000000000000e+02 6.956230773686076645e+03
9.420000000000000000e+02 6.964256227809323718e+03
9.430000000000000000e+02 6.984038626066049801e+03
9.440000000000000000e+02 6.988198086420480649e+03
9.450000000000000000e+02 7.029119772161086985e+03
9.460000000000000000e+02 7.047806387427348454e+03
9.470000000000000000e+02 7.063004736270438116e+03
9.480000000000000000e+02 7.065916627501221228e+03
9.490000000000000000e+02 7.087664059854438165e+03
9.500000000000000000e+02 7.074884252010710952e+03
9.510000000000000000e+02 7.067568247275676185e+03
9.520000000000000000e+02 7.087049903200782865e+03
9.530000000000000000e+02 7.105764679519974379e+03
9.540000000000000000e+02 7.103618637268675229e+03
9.550000000000000000e+02 7.106964454752593156e+03
9.560000000000000000e+02 7.128254967655225300e+03
9.570000000000000000e+02 7.120664429031152395e+03
9.580000000000000000e+02 7.122506416009871828e+03
9.590000000000000000e+02 7.143604460461156123e+03
9.600000000000000000e+02 7.131637629531385755e+03
9.610000000000000000e+02 7.123907534579539970e+03
9.620000000000000000e+02 7.106280138423016979e+03
9.630000000000000000e+02 7.091803575542286126e+03
9.640000000000000000e+02 7.111904199805766439e+03
9.650000000000000000e+02 7.132408336330430757e+03
9.660000000000000000e+02 7.159739271693301816e+03
9.670000000000000000e+02 7.172120312590090180e+03
9.680000000000000000e+02 7.170472765598453407e+03
9.690000000000000000e+02 7.186977003155020611e+03
9.700000000000000000e+02 7.184549510335131345e+03
9.710000000000000000e+02 7.191182141917675835e+03
9.720000000000000000e+02 7.212830766135809426e+03
9.730000000000000000e+02 7.221396274043630001e+03
9.740000000000000000e+02 7.243463427831306944e+03
9.750000000000000000e+02 7.270569996267000533e+03
9.760000000000000000e+02 7.289104860563893453e+03
9.770000000000000000e+02 7.287367687218023093e+03
9.780000000000000000e+02 7.277214550998608502e+03
9.790000000000000000e+02 7.293029730114881204e+03
9.800000000000000000e+02 7.310520712281132546e+03
9.810000000000000000e+02 7.338144516697991094e+03
9.820000000000000000e+02 7.334618109198313505e+03
9.830000000000000000e+02 7.351267175632270664e+03
9.840000000000000000e+02 7.372626081019909179e+03
9.850000000000000000e+02 7.375253336315978231e+03
9.860000000000000000e+02 7.388738611270852743e+03
9.870000000000000000e+02 7.410053806223739230e+03
9.880000000000000000e+02 7.401012680228650424e+03
9.890000000000000000e+02 7.435920271741631041e+03
9.900000000000000000e+02 7.430826583945858147e+03
9.910000000000000000e+02 7.416826074453590081e+03
9.920000000000000000e+02 7.400464146601815628e+03
9.930000000000000000e+02 7.405247202175335588e+03
9.940000000000000000e+02 7.436191741639639076e+03
9.950000000000000000e+02 7.450511714270160155e+03
9.960000000000000000e+02 7.414592587343408013e+03
9.970000000000000000e+02 7.405519614325656221e+03
9.980000000000000000e+02 7.446720212282569264e+03
9.990000000000000000e+02 7.457457320247332973e+03
1.000000000000000000e+03 7.451732259467137737e+03
1.001000000000000000e+03 7.418418661929633345e+03
1.002000000000000000e+03 7.436887710862181848e+03
1.003000000000000000e+03 7.452766526887884538e+03
1.004000000000000000e+03 7.459429270428568998e+03
1.005000000000000000e+03 7.441721996363389735e+03
1.006000000000000000e+03 7.452204440759335739e+03
1.007000000000000000e+03 7.512108328718590201e+03
1.008000000000000000e+03 7.511083505960637012e+03
1.009000000000000000e+03 7.526613372020249699e+03
1.010000000000000000e+03 7.521557338105343661e+03
1.011000000000000000e+03 7.531819352931407593e+03
1.012000000000000000e+03 7.559639208661283192e+03
1.013000000000000000e+03 7.574981823225286462e+03
1.014000000000000000e+03 7.590847279043386152e+03
1.015000000000000000e+03 7.585133773838564593e+03
1.016000000000000000e+03 7.599237328530724881e+03
1.017000000000000000e+03 7.599837065094593527e+03
1.018000000000000000e+03 7.599110592701379574e+03
1.019000000000000000e+03 7.631940684630352735e+03
1.020000000000000000e+03 7.653568090809383648e+03
1.021000000000000000e+03 7.683734964533135098e+03
1.022000000000000000e+03 7.702944702194580714e+03
1.023000000000000000e+03 7.726010676542878173e+03
1.024000000000000000e+03 7.737215376157063474e+03
1.025000000000000000e+03 7.743400486324107987e+03
1.026000000000000000e+03 7.751604612093586184e+03
1.027000000000000000e+03 7.765037229659030345e+03
1.028000000000000000e+03 7.794774799589675240e+03
1.029000000000000000e+03 7.793421887009737475e+03
1.030000000000000000e+03 7.809555681474951598e+03
1.031000000000000000e+03 7.809426672268385119e+03
1.032000000000000000e+03 7.834098366858906047e+03
1.033000000000000000e+03 7.847536597812574655e+03
1.034000000000000000e+03 7.873953393051505373e+03
1.035000000000000000e+03 7.863775515360171994e+03
1.036000000000000000e+03 7.855412787117727930e+03
1.037000000000000000e+03 7.841224951546609191e+03
1.038000000000000000e+03 7.831332577908988242e+03
1.039000000000000000e+03 7.849093117768992670e+03
1.040000000000000000e+03 7.880919848267764792e+03
1.041000000000000000e+03 7.888531233406906722e+03
1.042000000000000000e+03 7.910728035075411753e+03
1.043000000000000000e+03 7.938705317406408540e+03
1.044000000000000000e+03 7.943468697719207739e+03
1.045000000000000000e+03 7.952251508681623818e+03
1.046000000000000000e+03 7.984213451555128813e+03
1.047000000000000000e+03 7.974461229992692097e+03
1.048000000000000000e+03 7.983202987574019971e+03
1.049000000000000000e+03 7.992287207098111139e+03
1.050000000000000000e+03 7.991061825766824768e+03
1.051000000000000000e+03 7.992035826086457746e+03
1.052000000000000000e+03 8.003100948016914117e+03
1.053000000000000000e+03 8.023486657178760652e+03
1.054000000000000000e+03 8.056165478068689481e+03
1.055000000000000000e+03 8.063495092533478783e+03
1.056000000000000000e+03 8.063227984897149327e+03
1.057000000000000000e+03 8.074553256707851688e+03
1.058000000000000000e+03 8.073505243189692010e+03
1.059000000000000000e+03 8.078718176733219480e+03
1.060000000000000000e+03 8.123576323623411554e+03
1.061000000000000000e+03 8.129140387340731650e+03
1.062000000000000000e+03 8.128372383361591346e+03
1.063000000000000000e+03 8.095579489448446111e+03
1.064000000000000000e+03 8.109567954163192553e+03
1.065000000000000000e+03 8.107034389161784020e+03
1.066000000000000000e+03 8.101774113610691529e+03
1.067000000000000000e+03 8.121284655071793168e+03
1.068000000000000000e+03 8.149405582471754315e+03
1.069000000000000000e+03 8.170108094345006066e+03
1.070000000000000000e+03 8.172308329625193437e+03
1.071000000000000000e+03 8.178178952239434693e+03
1.072000000000000000e+03 8.194967962400472970e+03
1.073000000000000000e+03 8.205982172392587017e+03
1.074000000000000000e+03 8.194321497820274089e+03
1.075000000000000000e+03 8.186517224055143743e+03
1.076000000000000000e+03 8.201788541433579667e+03
1.077000000000000000e+03 8.200604700045891150e+03
1.078000000000000000e+03 8.223820753047391918e+03
1.079000000000000000e+03 8.266053167033631325e+03
1.080000000000000000e+03 8.287376496947779742e+03
1.081000000000000000e+03 8.268024474402758642e+03
1.082000000000000000e+03 8.267534420963727825e+03
1.083000000000000000e+03 8.276903433924508136e+03
1.084000000000000000e+03 8.263966197666895823e+03
1.085000000000000000e+03 8.259371581726649310e+03
1.086000000000000000e+03 8.274535917347195209e+03
1.087000000000000000e+03 8.300306808480478139e+03
1.088000000000000000e+03 8.312534336932822043e+03
1.089000000000000000e+03 8.331089180855553423e+03
1.090000000000000000e+03 8.322516303604621498e+03
1.091000000000000000e+03 8.339561707535940513e+03
1.092000000000000000e+03 8.322334060464188951e+03
1.093000000000000000e+03 8.343458215422049761e+03
1.094000000000000000e+03 8.339987575014800314e+03
1.095000000000000000e+03 8.342324535581683449e+03
1.096000000000000000e+03 8.343060995725425528e+03
1.097000000000000000e+03 8.349773284637225515e+03
1.098000000000000000e+03 8.352025840925767625e+03
1.099000000000000000e+03 8.353243820957683056e+03
1.100000000000000000e+03 8.365498778205046619e+03
1.101000000000000000e+03 8.353638095649179377e+03
1.102000000000000000e+03 8.375432388461827941e+03
1.103000000000000000e+03 8.403859383208555300e+03
1.104000000000000000e+03 8.425820578284310614e+03
1.105000000000000000e+03 8.431895986028501284e+03
1.106000000000000000e+03 8.450746609067342433e+03
1.107000000000000000e+03 8.451901711642902228e+03
1.108000000000000000e+03 8.480060207678587176e+03
1.109000000000000000e+03 8.478335095087350055e+03
1.110000000000000000e+03 8.500517855321319075e+03
1.111000000000000000e+03 8.512997282335980344e+03
1.112000000000000000e+03 8.524332596543536056e+03
1.113000000000000000e+03 8.529415215567834821e+03
1.114000000000000000e+03 8.553370658991636446e+03
1.115000000000000000e+03 8.561440897362639589e+03
1.116000000000000000e+03 8.569806737116065051e+03
1.117000000000000000e+03 8.588923022091395978e+03
1.118000000000000000e+03 8.609963828226791520e+03
1.119000000000000000e+03 8.630728272418629786e+03
1.120000000000000000e+03 8.692094200237166660e+03
1.121000000000000000e+03 8.682623540885686452e+03
1.122000000000000000e+03 8.699059806178545841e+03
1.123000000000000000e+03 8.720628038256083528e+03
1.124000000000000000e+03 8.711912185830082308e+03
1.125000000000000000e+03 8.723048944952701277e+03
1.126000000000000000e+03 8.747324322078422483e+03
1.127000000000000000e+03 8.741291278387867351e+03
1.128000000000000000e+03 8.765113229224598399e+03
1.129000000000000000e+03 8.773246895717309599e+03
1.130000000000000000e+03 8.787954027599940673e+03
1.131000000000000000e+03 8.789240941545353053e+03
1.132000000000000000e+03 8.779934903619743636e+03
1.133000000000000000e+03 8.784407051793032224e+03
1.134000000000000000e+03 8.790607085326526430e+03
1.135000000000000000e+03 8.785108484074287844e+03
1.136000000000000000e+03 8.790648349392055025e+03
1.137000000000000000e+03 8.812851653447465651e+03
1.138000000000000000e+03 8.819004968602015651e+03
1.139000000000000000e+03 8.830339191870711147e+03
1.140000000000000000e+03 8.839063974109953051e+03
1.141000000000000000e+03 8.836856232924890719e+03
1.142000000000000000e+03 8.855024776153892162e+03
1.143000000000000000e+03 8.861444038986575833e+03
1.144000000000000000e+03 8.870213980106123927e+03
1.145000000000000000e+03 8.845888980240868477e+03
1.146000000000000000e+03 8.838683556887881423e+03
1.147000000000000000e+03 8.822911540078623148e+03
1.148000000000000000e+03 8.862187131507636877e+03
1.149000000000000000e+03 8.830903477218191256e+03
1.150000000000000000e+03 8.823450347107158450e+03
1.151000000000000000e+03 8.839958921248533443e+03
1.152000000000000000e+03 8.873095056364309130e+03
1.153000000000000000e+03 8.870511312807466311e+03
1.154000000000000000e+03 8.926501889395516628e+03
1.155000000000000000e+03 8.936953703057179155e+03
1.156000000000000000e+03 8.934488304176071324e+03
1.157000000000000000e+03 8.935758155438654285e+03
1.158000000000000000e+03 8.946947619819609827e+03
1.159000000000000000e+03 8.939719667777013456e+03
1.160000000000000000e+03 8.931470876730789314e+03
1.161000000000000000e+03 8.935700434831438542e+03
1.162000000000000000e+03 8.956044518925522425e+03
1.163000000000000000e+03 8.953429581794051046e+03
1.164000000000000000e+03 8.953486666992428582e+03
1.165000000000000000e+03 8.971901424086805491e+03
1.166000000000000000e+03 8.980714164202525353e+03
1.167000000000000000e+03 8.973789234659237991e+03
1.168000000000000000e+03 8.954080343149809778e+03
1.169000000000000000e+03 8.971887594441272086e+03
1.170000000000000000e+03 9.001940118686265123e+03
1.171000000000000000e+03 9.007622580558490881e+03
1.172000000000000000e+03 9.020662705568292949e+03
1.173000000000000000e+03 9.044335473417339017e+03
1.174000000000000000e+03 9.030451291897265037e+03
1.175000000000000000e+03 9.052297653924684710e+03
1.176000000000000000e+03 9.060043522028181542e+03
1.177000000000000000e+03 9.048669691710094412e+03
1.178000000000000000e+03 9.055889896713677444e+03
1.179000000000000000e+03 9.063092331349056622e+03
1.180000000000000000e+03 9.083939833434169486e+03
1.181000000000000000e+03 9.102604766558892152e+03
1.182000000000000000e+03 9.113460510927663563e+03
1.183000000000000000e+03 9.143038691987967468e+03
1.184000000000000000e+03 9.159810587409503569e+03
1.185000000000000000e+03 9.160736434816719338e+03
1.186000000000000000e+03 9.147273517927387729e+03
1.187000000000000000e+03 9.167694859531296970e+03
1.188000000000000000e+03 9.153259786675216674e+03
1.189000000000000000e+03 9.184231261226788774e+03
1.190000000000000000e+03 9.214151920002243060e+03
1.191000000000000000e+03 9.222114935121089729e+03
1.192000000000000000e+03 9.231263666369288330e+03
1.193000000000000000e+03 9.268356282721682874e+03
1.194000000000000000e+03 9.293366812718180881e+03
1.195000000000000000e+03 9.282465553412916051e+03
1.196000000000000000e+03 9.321670986161836481e+03
1.197000000000000000e+03 9.337398770237250574e+03
1.198000000000000000e+03 9.291422051391844434e+03
1.199000000000000000e+03 9.288591231956221236e+03
1.200000000000000000e+03 9.311889716997164214e+03
1.201000000000000000e+03 9.314460812143515795e+03
1.202000000000000000e+03 9.335557212373041693e+03
1.203000000000000000e+03 9.346328166874007366e+03
1.204000000000000000e+03 9.352559408059090856e+03
1.205000000000000000e+03 9.316709390382773563e+03
1.206000000000000000e+03 9.319247639413835714e+03
1.207000000000000000e+03 9.348447874902953117e+03
1.208000000000000000e+03 9.323957171067679155e+03
1.209000000000000000e+03 9.335598616543424214e+03
1.210000000000000000e+03 9.356823115394523484e+03
1.211000000000000000e+03 9.350173016937671491e+03
1.212000000000000000e+03 9.372076698240824044e+03
1.213000000000000000e+03 9.366427223755690648e+03
1.214000000000000000e+03 9.385016639931980535e+03
1.215000000000000000e+03 9.363797639071630329e+03
1.216000000000000000e+03 9.334505130830182679e+03
1.217000000000000000e+03 9.349572542278998299e+03
1.218000000000000000e+03 9.358953540634587625e+03
1.219000000000000000e+03 9.348942240763901282e+03
1.220000000000000000e+03 9.355242347478120791e+03
1.221000000000000000e+03 9.346145537853542919e+03
1.222000000000000000e+03 9.366713157738537120e+03
1.223000000000000000e+03 9.344951029119063605e+03
1.224000000000000000e+03 9.343247128758242980e+03
1.225000000000000000e+03 9.371356392919884456e+03
1.226000000000000000e+03 9.385035150950625393e+03
1.227000000000000000e+03 9.414535674609645866e+03
1.228000000000000000e+03 9.427774137192507624e+03
1.229000000000000000e+03 9.394726093104312895e+03
1.230000000000000000e+03 9.374631043672730812e+03
1.231000000000000000e+03 9.381252610568515593e+03
1.232000000000000000e+03 9.400205918292573188e+03
1.233000000000000000e+03 9.420776018340384326e+03
1.234000000000000000e+03 9.413482006828575322e+03
1.235000000000000000e+03 9.460915748217141299e+03
1.236000000000000000e+03 9.500835499434291705e+03
1.237000000000000000e+03 9.508160405352617090e+03
1.238000000000000000e+03 9.529541771175838221e+03
1.239000000000000000e+03 9.562211325589978514e+03
1.240000000000000000e+03 9.552818580699286031e+03
1.241000000000000000e+03 9.551210990053783462e+03
1.242000000000000000e+03 9.548482404509353728e+03
1.243000000000000000e+03 9.548610800766849934e+03
1.244000000000000000e+03 9.571478298081941830e+03
1.245000000000000000e+03 9.564599063832883985e+03
1.246000000000000000e+03 9.536303004511120889e+03
1.247000000000000000e+03 9.555535635554291730e+03
1.248000000000000000e+03 9.561477953468143824e+03
1.249000000000000000e+03 9.593226868677111270e+03
1.250000000000000000e+03 9.622151848481249544e+03
1.251000000000000000e+03 9.619613511382345678e+03
1.252000000000000000e+03 9.626894479522488837e+03
1.253000000000000000e+03 9.641816019224264892e+03
1.254000000000000000e+03 9.632235820583862733e+03
1.255000000000000000e+03 9.647784240045673869e+03
1.256000000000000000e+03 9.615128906788853783e+03
1.257000000000000000e+03 9.633826199037261176e+03
1.258000000000000000e+03 9.632019845301370879e+03
1.259000000000000000e+03 9.664153709515525406e+03
1.260000000000000000e+03 9.686054690125856723e+03
1.261000000000000000e+03 9.674554138402376338e+03
1.262000000000000000e+03 9.690501765225702911e+03
1.263000000000000000e+03 9.711893370002961092e+03
1.264000000000000000e+03 9.701836800822999066e+03
1.265000000000000000e+03 9.702843441018179874e+03
1.266000000000000000e+03 9.726544903792100740e+03
1.267000000000000000e+03 9.736167663336875194e+03
1.268000000000000000e+03 9.751272554769451745e+03
1.269000000000000000e+03 9.773283757836308723e+03
1.270000000000000000e+03 9.785759071150714590e+03
1.271000000000000000e+03 9.782685294923059701e+03
1.272000000000000000e+03 9.806294897634606968e+03
1.273000000000000000e+03 9.793958001920560491e+03
1.274000000000000000e+03 9.805539139860202340e+03
1.275000000000000000e+03 9.825824753985294592e+03
1.276000000000000000e+03 9.851260112065807334e+03
1.277000000000000000e+03 9.837179967451233097e+03
1.278000000000000000e+03 9.870398841472297136e+03
1.279000000000000000e+03 9.823779146523018426e+03
1.280000000000000000e+03 9.835006988258704951e+03
1.281000000000000000e+03 9.808525621556716942e+03
1.282000000000000000e+03 9.820341750418194351e+03
1.283000000000000000e+03 9.836122788094078714e+03
1.284000000000000000e+03 9.870216976996538506e+03
1.285000000000000000e+03 9.877936610589536940e+03
1.286000000000000000e+03 9.908139952761393943e+03
1.287000000000000000e+03 9.908796058416743108e+03
1.288000000000000000e+03 9.931526496404718273e+03
1.289000000000000000e+03 9.919749449452092449e+03
1.290000000000000000e+03 9.919212942900812777e+03
1.291000000000000000e+03 9.936984530217661813e+03
1.292000000000000000e+03 9.942179627734860333e+03
1.293000000000000000e+03 9.942984631777428149e+03
1.294000000000000000e+03 9.917128170245894580e+03
1.295000000000000000e+03 9.921586096218125022e+03
1.296000000000000000e+03 9.891092275318367683e+03
1.297000000000000000e+03 9.878685474229265310e+03
1.298000000000000000e+03 9.892653633676171012e+03
1.299000000000000000e+03 9.890156955594102328e+03
1.300000000000000000e+03 9.924254110521200346e+03
1.301000000000000000e+03 9.933092409913117081e+03
1.302000000000000000e+03 9.920204490208376228e+03
1.303000000000000000e+03 9.900553286781187126e+03
1.304000000000000000e+03 9.889604992660442804e+03
1.305000000000000000e+03 9.918998451634013691e+03
1.306000000000000000e+03 9.933732333269368610e+03
1.307000000000000000e+03 9.957788555504901524e+03
1.308000000000000000e+03 9.953468657765271928e+03
1.309000000000000000e+03 9.980554948383634837e+03
1.310000000000000000e+03 9.979241941732612759e+03
1.311000000000000000e+03 9.990117171906007570e+03
1.312000000000000000e+03 9.977154099741321261e+03
1.313000000000000000e+03 9.975381294895252722e+03
1.314000000000000000e+03 9.976743243770722984e+03
1.315000000000000000e+03 9.993474638166659133e+03
1.316000000000000000e+03 1.000429593866072901e+04
1.317000000000000000e+03 1.002599373255743376e+04
1.318000000000000000e+03 1.002053709429056653e+04
1.319000000000000000e+03 1.004078375050730210e+04
1.320000000000000000e+03 1.005081982189112387e+04
1.321000000000000000e+03 1.004374153814447527e+04
1.322000000000000000e+03 1.003374902570555241e+04
1.323000000000000000e+03 1.005275279230912383e+04
1.324000000000000000e+03 1.007162328641418753e+04
1.325000000000000000e+03 1.007702494418763854e+04
1.326000000000000000e+03 1.007400679528305773e+04
1.327000000000000000e+03 1.008284240835187848e+04
1.328000000000000000e+03 1.007539719344219884e+04
1.329000000000000000e+03 1.009313399010100147e+04
1.330000000000000000e+03 1.010470015659137971e+04
1.331000000000000000e+03 1.010497893148519688e+04
1.332000000000000000e+03 1.011567198056134475e+04
1.333000000000000000e+03 1.010696458543379595e+04
1.334000000000000000e+03 1.013770352708259816e+04
1.335000000000000000e+03 1.015758741694811397e+04
1.336000000000000000e+03 1.016032710280496394e+04
1.337000000000000000e+03 1.015574235623872664e+04
1.338000000000000000e+03 1.018952489605269875e+04
1.339000000000000000e+03 1.019664867452574981e+04
1.340000000000000000e+03 1.019731482715002312e+04
1.341000000000000000e+03 1.020307339218158995e+04
1.342000000000000000e+03 1.019470586611815088e+04
1.343000000000000000e+03 1.021866030641490215e+04
1.344000000000000000e+03 1.024001363145672622e+04
1.345000000000000000e+03 1.026156581385202662e+04
1.346000000000000000e+03 1.027639716001869601e+04
1.347000000000000000e+03 1.028693398371896183e+04
1.348000000000000000e+03 1.030656101244602360e+04
1.349000000000000000e+03 1.029959060151317863e+04
1.350000000000000000e+03 1.028942198597633796e+04
1.351000000000000000e+03 1.026977396737756317e+04
1.352000000000000000e+03 1.030079688152010021e+04
1.353000000000000000e+03 1.028546501137235282e+04
1.354000000000000000e+03 1.029745660798179597e+04
1.355000000000000000e+03 1.033274837090858637e+04
1.356000000000000000e+03 1.033323501943106567e+04
1.357000000000000000e+03 1.033731946652245824e+04
1.358000000000000000e+03 1.031749462266478986e+04
1.359000000000000000e+03 1.033374224260862320e+04
1.360000000000000000e+03 1.031981241820941068e+04
1.361000000000000000e+03 1.032625184741108569e+04
1.362000000000000000e+03 1.032261781673581027e+04
1.363000000000000000e+03 1.032328717551675800e+04
1.364000000000000000e+03 1.033087622240303972e+04
1.365000000000000000e+03 1.033766141821410929e+04
1.366000000000000000e+03 1.031822005810847259e+04
1.367000000000000000e+03 1.035742368109654672e+04
1.368000000000000000e+03 1.036097346186969662e+04
1.369000000000000000e+03 1.038312100601186648e+04
1.370000000000000000e+03 1.039883914757794264e+04
1.371000000000000000e+03 1.040146285879386596e+04
1.372000000000000000e+03 1.040843479896902682e+04
1.373000000000000000e+03 1.038905801887914458e+04
1.374000000000000000e+03 1.039082953525478842e+04
1.375000000000000000e+03 1.038092959657920801e+04
1.376000000000000000e+03 1.041842127320136569e+04
1.377000000000000000e+03 1.045918553772213818e+04
1.378000000000000000e+03 1.046407405162437135e+04
1.379000000000000000e+03 1.048004047777783489e+04
1.380000000000000000e+03 1.048651528683683318e+04
1.381000000000000000e+03 1.047423605282066092e+04
1.382000000000000000e+03 1.047381362379230632e+04
1.383000000000000000e+03 1.048891245785730462e+04
1.384000000000000000e+03 1.047631324147246232e+04
1.385000000000000000e+03 1.047043261739249465e+04
1.386000000000000000e+03 1.046903828089425224e+04
1.387000000000000000e+03 1.046380518113401376e+04
1.388000000000000000e+03 1.050457809219840055e+04
1.389000000000000000e+03 1.050725177535176408e+04
1.390000000000000000e+03 1.051981927769522736e+04
1.391000000000000000e+03 1.053161619271084965e+04
1.392000000000000000e+03 1.052671302794440453e+04
1.393000000000000000e+03 1.051209128206844434e+04
1.394000000000000000e+03 1.054510428389078515e+04
1.395000000000000000e+03 1.052195985408196611e+04
1.396000000000000000e+03 1.051200070365518513e+04
1.397000000000000000e+03 1.051461864412333671e+04
1.398000000000000000e+03 1.052940971619492666e+04
1.399000000000000000e+03 1.053391136515115613e+04
1.400000000000000000e+03 1.056755405503653310e+04
1.401000000000000000e+03 1.056914319746167166e+04
1.402000000000000000e+03 1.060839403134959684e+04
1.403000000000000000e+03 1.060936282585936351e+04
1.404000000000000000e+03 1.062500240339687480e+04
1.405000000000000000e+03 1.065024898571124140e+04
1.406000000000000000e+03 1.070255306644213670e+04
1.407000000000000000e+03 1.070137142699567812e+04
1.408000000000000000e+03 1.072180267047277266e+04
1.409000000000000000e+03 1.071978644829923360e+04
1.410000000000000000e+03 1.075853197771327177e+04
1.411000000000000000e+03 1.076687118130187264e+04
1.412000000000000000e+03 1.082082918395000343e+04
1.413000000000000000e+03 1.086535617673660636e+04
1.414000000000000000e+03 1.082826552170676041e+04
1.415000000000000000e+03 1.081902210913681847e+04
1.416000000000000000e+03 1.083645082789118169e+04
1.417000000000000000e+03 1.084674296423902706e+04
1.418000000000000000e+03 1.089633053843417838e+04
1.419000000000000000e+03 1.091864331284117361e+04
1.420000000000000000e+03 1.092976473393346714e+04
1.421000000000000000e+03 1.096316788973159782e+04
1.422000000000000000e+03 1.096495263668437656e+04
1.423000000000000000e+03 1.095321202631903907e+04
1.424000000000000000e+03 1.097913547768414173e+04
1.425000000000000000e+03 1.097058688234944930e+04
1.426000000000000000e+03 1.099171888636125732e+04
1.427000000000000000e+03 1.095407943845248701e+04
1.428000000000000000e+03 1.094339539415352556e+04
1.429000000000000000e+03 1.092097151184184804e+04
1.430000000000000000e+03 1.087228382465881987e+04
1.431000000000000000e+03 1.087885011115820453e+04
1.432000000000000000e+03 1.088878181857989512e+04
1.433000000000000000e+03 1.091680383372213328e+04
1.434000000000000000e+03 1.091803046085197093e+04
1.435000000000000000e+03 1.091336199321461754e+04
1.436000000000000000e+03 1.093868514411544129e+04
1.437000000000000000e+03 1.094880359210612369e+04
1.438000000000000000e+03 1.094983558267846456e+04
1.439000000000000000e+03 1.094063506093584147e+04
1.440000000000000000e+03 1.099068250080385042e+04
1.441000000000000000e+03 1.098224075903351513e+04
1.442000000000000000e+03 1.099421057390607530e+04
1.443000000000000000e+03 1.096507429837703967e+04
1.444000000000000000e+03 1.101068281424516135e+04
1.445000000000000000e+03 1.102144771884384136e+04
1.446000000000000000e+03 1.101773707371109049e+04
1.447000000000000000e+03 1.105319621635753538e+04
1.448000000000000000e+03 1.106016202744047041e+04
1.449000000000000000e+03 1.104158605395550876e+04
1.450000000000000000e+03 1.107503876476350706e+04
1.451000000000000000e+03 1.108806267376374126e+04
1.452000000000000000e+03 1.108200807002738838e+04
1.453000000000000000e+03 1.112848341930520110e+04
1.454000000000000000e+03 1.120716371665945735e+04
1.455000000000000000e+03 1.119593282251319579e+04
1.456000000000000000e+03 1.119658768203441832e+04
1.457000000000000000e+03 1.120525253390788021e+04
1.458000000000000000e+03 1.119803827493877543e+04
1.459000000000000000e+03 1.124091890599625367e+04
1.460000000000000000e+03 1.120185348383974451e+04
1.461000000000000000e+03 1.121332688263293130e+04
1.462000000000000000e+03 1.124594188512206347e+04
1.463000000000000000e+03 1.127365093755552516e+04
1.464000000000000000e+03 1.128527701738717587e+04
1.465000000000000000e+03 1.127433765133422276e+04
1.466000000000000000e+03 1.129194225444023141e+04
1.467000000000000000e+03 1.132061332086492803e+04
1.468000000000000000e+03 1.130620078304543313e+04
1.469000000000000000e+03 1.129213714515099855e+04
1.470000000000000000e+03 1.129424738404108939e+04
1.471000000000000000e+03 1.129454777656710394e+04
1.472000000000000000e+03 1.132216456649818247e+04
1.473000000000000000e+03 1.131716952746014249e+04
1.474000000000000000e+03 1.131392055735078793e+04
1.475000000000000000e+03 1.134142117969827268e+04
1.476000000000000000e+03 1.135336898668020149e+04
1.477000000000000000e+03 1.135635479148729610e+04
1.478000000000000000e+03 1.136459498077969329e+04
1.479000000000000000e+03 1.135921788642003048e+04
1.480000000000000000e+03 1.136590568999127208e+04
1.481000000000000000e+03 1.139522658524948565e+04
1.482000000000000000e+03 1.142619535826176252e+04
1.483000000000000000e+03 1.142096484936821980e+04
1.484000000000000000e+03 1.141060788259608671e+04
1.485000000000000000e+03 1.142556898943776832e+04
1.486000000000000000e+03 1.140621076288225231e+04
1.487000000000000000e+03 1.138972379463725520e+04
1.488000000000000000e+03 1.140028124166849557e+04
1.489000000000000000e+03 1.141904264685555972e+04
1.490000000000000000e+03 1.144208167871206388e+04
1.491000000000000000e+03 1.144857935212762277e+04
1.492000000000000000e+03 1.145185341184265235e+04
1.493000000000000000e+03 1.147923076353970282e+04
1.494000000000000000e+03 1.148752478352914841e+04
1.495000000000000000e+03 1.150984225143053118e+04
1.496000000000000000e+03 1.150349063111053147e+04
1.497000000000000000e+03 1.147315433072250926e+04
1.498000000000000000e+03 1.146527330928979427e+04
1.499000000000000000e+03 1.149759719853622119e+04
1.500000000000000000e+03 1.151837942046843273e+04
1.501000000000000000e+03 1.152577555006535113e+04
1.502000000000000000e+03 1.151920622685288618e+04
1.503000000000000000e+03 1.149927350117482820e+04
1.504000000000000000e+03 1.153493751121041350e+04
1.505000000000000000e+03 1.156189270933221815e+04
1.506000000000000000e+03 1.160233871482981522e+04
1.507000000000000000e+03 1.161563256605872812e+04
1.508000000000000000e+03 1.161060261285953675e+04
1.509000000000000000e+03 1.160317786834871913e+04
1.510000000000000000e+03 1.162032981092029149e+04
1.511000000000000000e+03 1.162717253718122265e+04
1.512000000000000000e+03 1.164311333028965419e+04
1.513000000000000000e+03 1.161632805329342045e+04
1.514000000000000000e+03 1.163782231453545683e+04
1.515000000000000000e+03 1.164137458325563966e+04
1.516000000000000000e+03 1.164047734519080586e+04
1.517000000000000000e+03 1.165279686336819759e+04
1.518000000000000000e+03 1.165194912987716452e+04
1.519000000000000000e+03 1.165067384487786148e+04
1.520000000000000000e+03 1.163522981129145955e+04
1.521000000000000000e+03 1.164459370407512688e+04
1.522000000000000000e+03 1.165769268393004859e+04
1.523000000000000000e+03 1.165963378712163103e+04
1.524000000000000000e+03 1.169650605218615601e+04
1.525000000000000000e+03 1.171668264923455172e+04
1.526000000000000000e+03 1.172762481171759464e+04
1.527000000000000000e+03 1.175471564674888214e+04
1.528000000000000000e+03 1.177250950864156766e+04
1.529000000000000000e+03 1.179827442532831446e+04
1.530000000000000000e+03 1.180645137256143789e+04
1.531000000000000000e+03 1.181554481510279220e+04
1.532000000000000000e+03 1.180391900340202847e+04
1.533000000000000000e+03 1.185025996430629675e+04
1.534000000000000000e+03 1.184877103678832100e+04
1.535000000000000000e+03 1.185480386087797342e+04
1.536000000000000000e+03 1.187972238038437354e+04
1.537000000000000000e+03 1.189743251635734487e+04
1.538000000000000000e+03 1.192580504682936589e+04
1.539000000000000000e+03 1.191229190931542689e+04
1.540000000000000000e+03 1.195529883562949726e+04
1.541000000000000000e+03 1.194634990938351257e+04
1.542000000000000000e+03 1.196740526647366096e+04
1.543000000000000000e+03 1.200256884433880987e+04
1.544000000000000000e+03 1.200357881915287544e+04
1.545000000000000000e+03 1.201200442188858688e+04
1.546000000000000000e+03 1.200474732224024410e+04
1.547000000000000000e+03 1.200190790222275973e+04
1.548000000000000000e+03 1.200396053314626261e+04
1.549000000000000000e+03 1.201087676153059692e+04
1.550000000000000000e+03 1.201774812225188725e+04
1.551000000000000000e+03 1.199608509936024893e+04
1.552000000000000000e+03 1.199876142502522816e+04
1.553000000000000000e+03 1.196882997154203622e+04
1.554000000000000000e+03 1.195143934875399100e+04
1.555000000000000000e+03 1.198285345536678869e+04
1.556000000000000000e+03 1.199950185964196498e+04
1.557000000000000000e+03 1.202593636459009576e+04
1.558000000000000000e+03 1.203973974828302744e+04
1.559000000000000000e+03 1.205631391043489384e+04
1.560000000000000000e+03 1.206881788852093814e+04
1.561000000000000000e+03 1.209997172408004917e+04
1.562000000000000000e+03 1.207919460999904368e+04
1.563000000000000000e+03 1.208009620073843325e+04
1.564000000000000000e+03 1.209993594607981868e+04
1.565000000000000000e+03 1.213830372379784785e+04
1.566000000000000000e+03 1.211336990096876798e+04
1.567000000000000000e+03 1.210796604778880646e+04
1.568000000000000000e+03 1.213288956368806248e+04
1.569000000000000000e+03 1.215936150126624489e+04
1.570000000000000000e+03 1.216741386643025544e+04
1.571000000000000000e+03 1.216855576207363993e+04
1.572000000000000000e+03 1.216610646136866308e+04
1.573000000000000000e+03 1.216911053318631639e+04
1.574000000000000000e+03 1.217006392132962537e+04
1.575000000000000000e+03 1.219400522306960738e+04
1.576000000000000000e+03 1.217595921275918408e+04
1.577000000000000000e+03 1.216254748378238401e+04
1.578000000000000000e+03 1.217499569682688707e+04
1.579000000000000000e+03 1.220349246501424386e+04
1.580000000000000000e+03 1.225497440179705336e+04
1.581000000000000000e+03 1.225543632655023248e+04
1.582000000000000000e+03 1.227294605321816198e+04
1.583000000000000000e+03 1.228079097072983132e+04
1.584000000000000000e+03 1.230554550328097685e+04
1.585000000000000000e+03 1.229660275642881425e+04
1.586000000000000000e+03 1.225890734809661080e+04
1.587000000000000000e+03 1.226482531988364281e+04
1.588000000000000000e+03 1.225533994842297943e+04
1.589000000000000000e+03 1.221763171771457564e+04
1.590000000000000000e+03 1.221654769993744048e+04
1.591000000000000000e+03 1.221615383921672037e+04
1.592000000000000000e+03 1.222172046069548924e+04
1.593000000000000000e+03 1.221809323764844885e+04
1.594000000000000000e+03 1.224289908230843139e+04
1.595000000000000000e+03 1.224008826411700284e+04
1.596000000000000000e+03 1.223908610201395277e+04
1.597000000000000000e+03 1.223165496357421944e+04
1.598000000000000000e+03 1.224824767307229558e+04
1.599000000000000000e+03 1.228031828982931802e+04
1.600000000000000000e+03 1.229262229913151896e+04
1.601000000000000000e+03 1.232470152684117238e+04
1.602000000000000000e+03 1.231757192145423141e+04
1.603000000000000000e+03 1.232510592458130304e+04
1.604000000000000000e+03 1.230663004114325486e+04
1.605000000000000000e+03 1.232992271101219740e+04
1.606000000000000000e+03 1.231668005501842163e+04
1.607000000000000000e+03 1.230138516735534176e+04
1.608000000000000000e+03 1.230083111189633928e+04
1.609000000000000000e+03 1.231728874847817497e+04
1.610000000000000000e+03 1.232074604453113352e+04
1.611000000000000000e+03 1.231063049402191064e+04
1.612000000000000000e+03 1.234195696845822022e+04
1.613000000000000000e+03 1.233844589192837338e+04
1.614000000000000000e+03 1.233283996799701345e+04
1.615000000000000000e+03 1.235717009304058593e+04
1.616000000000000000e+03 1.236303458242908164e+04
1.617000000000000000e+03 1.238761504688970308e+04
1.618000000000000000e+03 1.240123202231642426e+04
1.619000000000000000e+03 1.240518667141689912e+04
1.620000000000000000e+03 1.243113109587388863e+04
1.621000000000000000e+03 1.240474188172879803e+04
1.622000000000000000e+03 1.243779678741515818e+04
1.623000000000000000e+03 1.244290598635157403e+04
1.624000000000000000e+03 1.241114964043369218e+04
1.625000000000000000e+03 1.239749673882890056e+04
1.626000000000000000e+03 1.241441604566812202e+04
1.627000000000000000e+03 1.245286749419894113e+04
1.628000000000000000e+03 1.247467073148229611e+04
1.629000000000000000e+03 1.249007529066155803e+04
1.630000000000000000e+03 1.253785154862272611e+04
1.631000000000000000e+03 1.250918758598900240e+04
1.632000000000000000e+03 1.252649634294468524e+04
1.633000000000000000e+03 1.252357091225154363e+04
1.634000000000000000e+03 1.250064649162421665e+04
1.635000000000000000e+03 1.249221345885513256e+04
1.636000000000000000e+03 1.249318262417743244e+04
1.637000000000000000e+03 1.250604828333557089e+04
1.638000000000000000e+03 1.248410263029280031e+04
1.639000000000000000e+03 1.245973365783553345e+04
1.640000000000000000e+03 1.245453890104182756e+04
1.641000000000000000e+03 1.246681871214075181e+04
1.642000000000000000e+03 1.245331184296786341e+04
1.643000000000000000e+03 1.249992661834380124e+04
1.644000000000000000e+03 1.249554658886449215e+04
1.645000000000000000e+03 1.247705860270276207e+04
1.646000000000000000e+03 1.248829604450379156e+04
1.647000000000000000e+03 1.247993169859424779e+04
1.648000000000000000e+03 1.249374821161770342e+04
1.649000000000000000e+03 1.246997240126268298e+04
1.650000000000000000e+03 1.248203639386967188e+04
1.651000000000000000e+03 1.247044556418257889e+04
1.652000000000000000e+03 1.248675731900107166e+04
1.653000000000000000e+03 1.249846897329402236e+04
1.654000000000000000e+03 1.251992419690091265e+04
1.655000000000000000e+03 1.251604748859818028e+04
1.656000000000000000e+03 1.252948591658311489e+04
1.657000000000000000e+03 1.253525350545830042e+04
1.658000000000000000e+03 1.255345959830026004e+04
1.659000000000000000e+03 1.258474154935840670e+04
1.660000000000000000e+03 1.260760347691559036e+04
1.661000000000000000e+03 1.260605396630341784e+04
1.662000000000000000e+03 1.259885304979910143e+04
1.663000000000000000e+03 1.261717564118985865e+04
1.664000000000000000e+03 1.261363144415429633e+04
1.665000000000000000e+03 1.264636196576587099e+04
1.666000000000000000e+03 1.268015514296306173e+04
1.667000000000000000e+03 1.265345007125350821e+04
1.668000000000000000e+03 1.264942319600753035e+04
1.669000000000000000e+03 1.262800625602518267e+04
1.670000000000000000e+03 1.264609071356676031e+04
1.671000000000000000e+03 1.264350465816371434e+04
1.672000000000000000e+03 1.265866650796511385e+04
1.673000000000000000e+03 1.267510517387222899e+04
1.674000000000000000e+03 1.268351547642816149e+04
1.675000000000000000e+03 1.268071727942677717e+04
1.676000000000000000e+03 1.268357981946179279e+04
1.677000000000000000e+03 1.270533969760172113e+04
1.678000000000000000e+03 1.273852060102646465e+04
1.679000000000000000e+03 1.277302696146767994e+04
1.680000000000000000e+03 1.275324763471435472e+04
1.681000000000000000e+03 1.276079088970051998e+04
1.682000000000000000e+03 1.273718651181495261e+04
1.683000000000000000e+03 1.276670552568913081e+04
1.684000000000000000e+03 1.280652267762089105e+04
1.685000000000000000e+03 1.281320250267001393e+04
1.686000000000000000e+03 1.281386101316401982e+04
1.687000000000000000e+03 1.279508503238216508e+04
1.688000000000000000e+03 1.282323284360549223e+04
1.689000000000000000e+03 1.283632096563569939e+04
1.690000000000000000e+03 1.284845665066827132e+04
1.691000000000000000e+03 1.281781618828397586e+04
1.692000000000000000e+03 1.282072527786067621e+04
1.693000000000000000e+03 1.283508092232097079e+04
1.694000000000000000e+03 1.282397092025592792e+04
1.695000000000000000e+03 1.282639612810521066e+04
1.696000000000000000e+03 1.280203817001551579e+04
1.697000000000000000e+03 1.280275358324135595e+04
1.698000000000000000e+03 1.285570739877922279e+04
1.699000000000000000e+03 1.287594879692824543e+04
1.700000000000000000e+03 1.287558272321643381e+04
1.701000000000000000e+03 1.287447305519295332e+04
1.702000000000000000e+03 1.288853728978742765e+04
1.703000000000000000e+03 1.290491602405659978e+04
1.704000000000000000e+03 1.292593334569281069e+04
1.705000000000000000e+03 1.292631061985747692e+04
1.706000000000000000e+03 1.294087760006134886e+04
1.707000000000000000e+03 1.295316413018270941e+04
1.708000000000000000e+03 1.300405686704089021e+04
1.709000000000000000e+03 1.301768342824533465e+04
1.710000000000000000e+03 1.299608164184719135e+04
1.711000000000000000e+03 1.298726989203366247e+04
1.712000000000000000e+03 1.302769081948743042e+04
1.713000000000000000e+03 1.305949530697054979e+04
1.714000000000000000e+03 1.311459503053525987e+04
1.715000000000000000e+03 1.313950240759449662e+04
1.716000000000000000e+03 1.317173335830533142e+04
1.717000000000000000e+03 1.316281112368457980e+04
1.718000000000000000e+03 1.320576248405404658e+04
1.719000000000000000e+03 1.322600431015174217e+04
1.720000000000000000e+03 1.321576866632028396e+04
1.721000000000000000e+03 1.323646754884650363e+04
1.722000000000000000e+03 1.325823701647597045e+04
1.723000000000000000e+03 1.331050275188650267e+04
1.724000000000000000e+03 1.332322741665572539e+04
1.725000000000000000e+03 1.330175597003219264e+04
1.726000000000000000e+03 1.330196580376105521e+04
1.727000000000000000e+03 1.333183375074361356e+04
1.728000000000000000e+03 1.336533482804926462e+04
1.729000000000000000e+03 1.332772132947924547e+04
1.730000000000000000e+03 1.334864101694834790e+04
1.731000000000000000e+03 1.336818722617094136e+04
1.732000000000000000e+03 1.334724312456530970e+04
1.733000000000000000e+03 1.334528582422136424e+04
1.734000000000000000e+03 1.337036507819255530e+04
1.735000000000000000e+03 1.339486410906540368e+04
1.736000000000000000e+03 1.341316188297887675e+04
1.737000000000000000e+03 1.341098538576814826e+04
1.738000000000000000e+03 1.341319459421618922e+04
1.739000000000000000e+03 1.340946226792309972e+04
1.740000000000000000e+03 1.337039017279523068e+04
1.741000000000000000e+03 1.337592766099244000e+04
1.742000000000000000e+03 1.337896837228450750e+04
1.743000000000000000e+03 1.339455404613808969e+04
1.744000000000000000e+03 1.339242132075472728e+04
1.745000000000000000e+03 1.341180879630913842e+04
1.746000000000000000e+03 1.342629766762722102e+04
1.747000000000000000e+03 1.346712728786129810e+04
1.748000000000000000e+03 1.345417242216637896e+04
1.749000000000000000e+03 1.347120788408629232e+04
1.750000000000000000e+03 1.345055468834902786e+04
1.751000000000000000e+03 1.342921667194616566e+04
1.752000000000000000e+03 1.340429121777523142e+04
1.753000000000000000e+03 1.343348116690000461e+04
1.754000000000000000e+03 1.347124301279372412e+04
1.755000000000000000e+03 1.343271609326008547e+04
1.756000000000000000e+03 1.344736590089876699e+04
1.757000000000000000e+03 1.350534922191259466e+04
1.758000000000000000e+03 1.350101281374796054e+04
1.759000000000000000e+03 1.351479479190557686e+04
1.760000000000000000e+03 1.352408518737972190e+04
1.761000000000000000e+03 1.351000400591049402e+04
1.762000000000000000e+03 1.348413781080935041e+04
1.763000000000000000e+03 1.350406364621082503e+04
1.764000000000000000e+03 1.351131212522155511e+04
1.765000000000000000e+03 1.351886573678768764e+04
1.766000000000000000e+03 1.354456197167456412e+04
1.767000000000000000e+03 1.356449916894047783e+04
1.768000000000000000e+03 1.358829004264494870e+04
1.769000000000000000e+03 1.359447988894646733e+04
1.770000000000000000e+03 1.358931442079526823e+04
1.771000000000000000e+03 1.362124131427707653e+04
1.772000000000000000e+03 1.361137746633608731e+04
1.773000000000000000e+03 1.358546560693252286e+04
1.774000000000000000e+03 1.358965063215166447e+04
1.775000000000000000e+03 1.358075282783102375e+04
1.776000000000000000e+03 1.360120130321551187e+04
1.777000000000000000e+03 1.361415442805136263e+04
1.778000000000000000e+03 1.365016643803868647e+04
1.779000000000000000e+03 1.363803522824563333e+04
1.780000000000000000e+03 1.361483704893298636e+04
1.781000000000000000e+03 1.360698534833028680e+04
1.782000000000000000e+03 1.362616779503104590e+04
1.783000000000000000e+03 1.362473063926679242e+04
1.784000000000000000e+03 1.365547235638742131e+04
1.785000000000000000e+03 1.366102070428599654e+04
1.786000000000000000e+03 1.370109778658167670e+04
1.787000000000000000e+03 1.373698153762659786e+04
1.788000000000000000e+03 1.373258274073906432e+04
1.789000000000000000e+03 1.372349245039007110e+04
1.790000000000000000e+03 1.372077966056506739e+04
1.791000000000000000e+03 1.375780133148005189e+04
1.792000000000000000e+03 1.376103761334884439e+04
1.793000000000000000e+03 1.376040996048872330e+04
1.794000000000000000e+03 1.378580850451443985e+04
1.795000000000000000e+03 1.380263815909759433e+04
1.796000000000000000e+03 1.381640769711654684e+04
1.797000000000000000e+03 1.381332369781693524e+04
1.798000000000000000e+03 1.380719818435913294e+04
1.799000000000000000e+03 1.382087657992559616e+04
1.800000000000000000e+03 1.380069935731060650e+04
1.801000000000000000e+03 1.378286555051938922e+04
1.802000000000000000e+03 1.377327185360537806e+04
1.803000000000000000e+03 1.380651843519860813e+04
1.804000000000000000e+03 1.379772789277589618e+04
1.805000000000000000e+03 1.378740089943916973e+04
1.806000000000000000e+03 1.377775788170324631e+04
1.807000000000000000e+03 1.377502561439404963e+04
1.808000000000000000e+03 1.373337570032042458e+04
1.809000000000000000e+03 1.373763742289260517e+04
1.810000000000000000e+03 1.373581182176703624e+04
1.811000000000000000e+03 1.374467566849949071e+04
1.812000000000000000e+03 1.374052405266498681e+04
1.813000000000000000e+03 1.372646928046095672e+04
1.814000000000000000e+03 1.373682100370525768e+04
1.815000000000000000e+03 1.371639344923330646e+04
1.816000000000000000e+03 1.376010159336351353e+04
1.817000000000000000e+03 1.378979100737993031e+04
1.818000000000000000e+03 1.380455632159492416e+04
1.819000000000000000e+03 1.382802524484593232e+04
1.820000000000000000e+03 1.380562926839668216e+04
1.821000000000000000e+03 1.380941296832512853e+04
1.822000000000000000e+03 1.384444499738958257e+04
1.823000000000000000e+03 1.383197009994872315e+04
1.824000000000000000e+03 1.386510010946218608e+04
1.825000000000000000e+03 1.385761918028014406e+04
1.826000000000000000e+03 1.388344592243633269e+04
1.827000000000000000e+03 1.387627943620114456e+04
1.828000000000000000e+03 1.391053967566564279e+04
1.829000000000000000e+03 1.391409733796406545e+04
1.830000000000000000e+03 1.392944706115931876e+04
1.831000000000000000e+03 1.394514415243249641e+04
1.832000000000000000e+03 1.393567466221689574e+04
1.833000000000000000e+03 1.396104993919618209e+04
1.834000000000000000e+03 1.395022740369663370e+04
1.835000000000000000e+03 1.392073805557675951e+04
1.836000000000000000e+03 1.396350558821496088e+04
1.837000000000000000e+03 1.400885095012214697e+04
1.838000000000000000e+03 1.404007742733397026e+04
1.839000000000000000e+03 1.401387371232458099e+04
1.840000000000000000e+03 1.399036940648583368e+04
1.841000000000000000e+03 1.395191145624801356e+04
1.842000000000000000e+03 1.393542175255058828e+04
1.843000000000000000e+03 1.393714490526606460e+04
1.844000000000000000e+03 1.393755985977334240e+04
1.845000000000000000e+03 1.399115651894903567e+04
1.846000000000000000e+03 1.400508319512689195e+04
1.847000000000000000e+03 1.402983134913980211e+04
1.848000000000000000e+03 1.401024541483052781e+04
1.849000000000000000e+03 1.403664303081196158e+04
1.850000000000000000e+03 1.405287910677877153e+04
1.851000000000000000e+03 1.405036189835175173e+04
1.852000000000000000e+03 1.402409400583275237e+04
1.853000000000000000e+03 1.403072089737267743e+04
1.854000000000000000e+03 1.406910025059550026e+04
1.855000000000000000e+03 1.407966398479551572e+04
1.856000000000000000e+03 1.410568596418965899e+04
1.857000000000000000e+03 1.410970500154734327e+04
1.858000000000000000e+03 1.412273838787756722e+04
1.859000000000000000e+03 1.409999999054017462e+04
1.860000000000000000e+03 1.408018446148261864e+04
1.861000000000000000e+03 1.406793176231955476e+04
1.862000000000000000e+03 1.407469186626766896e+04
1.863000000000000000e+03 1.410886613455178303e+04
1.864000000000000000e+03 1.412040429142867833e+04
1.865000000000000000e+03 1.411782171898097113e+04
1.866000000000000000e+03 1.410664126331826992e+04
1.867000000000000000e+03 1.410926456083233461e+04
1.868000000000000000e+03 1.412107873892664065e+04
1.869000000000000000e+03 1.414102073023345292e+04
1.870000000000000000e+03 1.411687751483648572e+04
1.871000000000000000e+03 1.413131564182718466e+04
1.872000000000000000e+03 1.414294198511314244e+04
1.873000000000000000e+03 1.414877715211918257e+04
1.874000000000000000e+03 1.417246290757970382e+04
1.875000000000000000e+03 1.417132649260022299e+04
1.876000000000000000e+03 1.422157045904767620e+04
1.877000000000000000e+03 1.422399109089434751e+04
1.878000000000000000e+03 1.421200843174945112e+04
1.879000000000000000e+03 1.426624559895252605e+04
1.880000000000000000e+03 1.428428578370729883e+04
1.881000000000000000e+03 1.428812482151470977e+04
1.882000000000000000e+03 1.428210681454629412e+04
1.883000000000000000e+03 1.433150292518265633e+04
1.884000000000000000e+03 1.434541745698010527e+04
1.885000000000000000e+03 1.430803743848182421e+04
1.886000000000000000e+03 1.429770500110656758e+04
1.887000000000000000e+03 1.428354931840009704e+04
1.888000000000000000e+03 1.423322825932191699e+04
1.889000000000000000e+03 1.422023244913612871e+04
1.890000000000000000e+03 1.420763618013711312e+04
1.891000000000000000e+03 1.421188522661778552e+04
1.892000000000000000e+03 1.423493628113105115e+04
1.893000000000000000e+03 1.426134663528495730e+04
1.894000000000000000e+03 1.426535696122494664e+04
1.895000000000000000e+03 1.428120601168362009e+04
1.896000000000000000e+03 1.427308501474543664e+04
1.897000000000000000e+03 1.431519464330656956e+04
1.898000000000000000e+03 1.429981277634445723e+04
1.899000000000000000e+03 1.431237586681064931e+04
1.900000000000000000e+03 1.433196192687394978e+04
1.901000000000000000e+03 1.433819235236659551e+04
1.902000000000000000e+03 1.432185152985102832e+04
1.903000000000000000e+03 1.432479304521087033e+04
1.904000000000000000e+03 1.432035134292301154e+04
1.905000000000000000e+03 1.434305465145338530e+04
1.906000000000000000e+03 1.435484194897655834e+04
1.907000000000000000e+03 1.439707998795901040e+04
1.908000000000000000e+03 1.440655683602433237e+04
1.909000000000000000e+03 1.444401782198018554e+04
1.910000000000000000e+03 1.445175557857976673e+04
1.911000000000000000e+03 1.446513464610661867e+04
1.912000000000000000e+03 1.447667184915097278e+04
1.913000000000000000e+03 1.448263163931984127e+04
1.914000000000000000e+03 1.450304712643374478e+04
1.915000000000000000e+03 1.451372407136154470e+04
1.916000000000000000e+03 1.453996935678794580e+04
1.917000000000000000e+03 1.457017065636433836e+04
1.918000000000000000e+03 1.457150254834155021e+04
1.919000000000000000e+03 1.456951815099396845e+04
1.920000000000000000e+03 1.455021352131114872e+04
1.921000000000000000e+03 1.456315522955507367e+04
1.922000000000000000e+03 1.454216764209597204e+04
1.923000000000000000e+03 1.454418640970568777e+04
1.924000000000000000e+03 1.454746676043642401e+04
1.925000000000000000e+03 1.453557812033854862e+04
1.926000000000000000e+03 1.452883623908689515e+04
1.927000000000000000e+03 1.454267031235744616e+04
1.928000000000000000e+03 1.457395506916573504e+04
1.929000000000000000e+03 1.457804229817245323e+04
1.930000000000000000e+03 1.458804084802786019e+04
1.931000000000000000e+03 1.453288677460605140e+04
1.932000000000000000e+03 1.454851343684274070e+04
1.933000000000000000e+03 1.453343511007412781e+04
1.934000000000000000e+03 1.456344037631175343e+04
1.935000000000000000e+03 1.454857619606471781e+04
1.936000000000000000e+03 1.456190157032039679e+04
1.937000000000000000e+03 1.457774304000133088e+04
1.938000000000000000e+03 1.462720305722916419e+04
1.939000000000000000e+03 1.460778712414553229e+04
1.940000000000000000e+03 1.462705393317164089e+04
1.941000000000000000e+03 1.460181106293811354e+04
1.942000000000000000e+03 1.459539812062161036e+04
1.943000000000000000e+03 1.462486645852122274e+04
1.944000000000000000e+03 1.462022128290723595e+04
1.945000000000000000e+03 1.463537181656860776e+04
1.946000000000000000e+03 1.462529434556577689e+04
1.947000000000000000e+03 1.462687087334403986e+04
1.948000000000000000e+03 1.460734081599548517e+04
1.949000000000000000e+03 1.461335099399309001e+04
1.950000000000000000e+03 1.463226945570877979e+04
1.951000000000000000e+03 1.463851534911209819e+04
1.952000000000000000e+03 1.461774691699704090e+04
1.953000000000000000e+03 1.460304495506962303e+04
1.954000000000000000e+03 1.460906506011526290e+04
1.955000000000000000e+03 1.461425780985729034e+04
1.956000000000000000e+03 1.465890367845961555e+04
1.957000000000000000e+03 1.467857059687172296e+04
1.958000000000000000e+03 1.465686031766083579e+04
1.959000000000000000e+03 1.468503514299232120e+04
1.960000000000000000e+03 1.468929986275743795e+04
1.961000000000000000e+03 1.471949681393577339e+04
1.962000000000000000e+03 1.472804388785818446e+04
1.963000000000000000e+03 1.476953691367423380e+04
1.964000000000000000e+03 1.478018684901748566e+04
1.965000000000000000e+03 1.479704310875649935e+04
1.966000000000000000e+03 1.482564771546460724e+04
1.967000000000000000e+03 1.484368595109964917e+04
1.968000000000000000e+03 1.483853507040818477e+04
1.969000000000000000e+03 1.483772247191368115e+04
1.970000000000000000e+03 1.482180901416791676e+04
1.971000000000000000e+03 1.483189027846748286e+04
1.972000000000000000e+03 1.484472072824399766e+04
1.973000000000000000e+03 1.486315854242021669e+04
1.974000000000000000e+03 1.489610423494513998e+04
1.975000000000000000e+03 1.488917254262439565e+04
1.976000000000000000e+03 1.489377261975548026e+04
1.977000000000000000e+03 1.489390142085519983e+04
1.978000000000000000e+03 1.491280867087346269e+04
1.979000000000000000e+03 1.495445509701780065e+04
1.980000000000000000e+03 1.494071643795269119e+04
1.981000000000000000e+03 1.495363203407898618e+04
1.982000000000000000e+03 1.494979869614254676e+04
1.983000000000000000e+03 1.492394047032294293e+04
1.984000000000000000e+03 1.495066885846947480e+04
1.985000000000000000e+03 1.495926637952383498e+04
1.986000000000000000e+03 1.498425967401955131e+04
1.987000000000000000e+03 1.498396646499563940e+04
1.988000000000000000e+03 1.497996191357321186e+04
1.989000000000000000e+03 1.501776948143996196e+04
1.990000000000000000e+03 1.500696654860251329e+04
1.991000000000000000e+03 1.502165599669291805e+04
1.992000000000000000e+03 1.501083646287983902e+04
1.993000000000000000e+03 1.499008301766705517e+04
1.994000000000000000e+03 1.502865872881128053e+04
1.995000000000000000e+03 1.503104839344520587e+04
1.996000000000000000e+03 1.501011827270307367e+04
1.997000000000000000e+03 1.502562754014638085e+04
1.998000000000000000e+03 1.504756598026072970e+04
1.999000000000000000e+03 1.502843415206710961e+04
2.000000000000000000e+03 1.504544705797460847e+04
2.001000000000000000e+03 1.506203598156677435e+04
2.002000000000000000e+03 1.506596003873634982e+04
2.003000000000000000e+03 1.505539354427013131e+04
2.004000000000000000e+03 1.503813126101230773e+04
2.005000000000000000e+03 1.505708016985000177e+04
2.006000000000000000e+03 1.507290696104868402e+04
2.007000000000000000e+03 1.506446953876734915e+04
2.008000000000000000e+03 1.510127117228035240e+04
2.009000000000000000e+03 1.509065956273624397e+04
2.010000000000000000e+03 1.507246759450559512e+04
2.011000000000000000e+03 1.508005831437218694e+04
2.012000000000000000e+03 1.508318510959279047e+04
2.013000000000000000e+03 1.506532563828652019e+04
2.014000000000000000e+03 1.505667840091880316e+04
2.015000000000000000e+03 1.505160753411149926e+04
2.016000000000000000e+03 1.503828051159674578e+04
2.017000000000000000e+03 1.506917405204479110e+04
2.018000000000000000e+03 1.512806569252410009e+04
2.019000000000000000e+03 1.514926073834445560e+04
2.020000000000000000e+03 1.518146626174330595e+04
2.021000000000000000e+03 1.519735347937936604e+04
2.022000000000000000e+03 1.520624077938738446e+04
2.023000000000000000e+03 1.528185517330494986e+04
2.024000000000000000e+03 1.526263937421588889e+04
2.025000000000000000e+03 1.529039265693944253e+04
2.026000000000000000e+03 1.531534436782505145e+04
2.027000000000000000e+03 1.535050765030200637e+04
2.028000000000000000e+03 1.532267841221744311e+04
2.029000000000000000e+03 1.531224439927881031e+04
2.030000000000000000e+03 1.531461656331730956e+04
2.031000000000000000e+03 1.530962100112434018e+04
2.032000000000000000e+03 1.530393108468242281e+04
2.033000000000000000e+03 1.531171618099875923e+04
2.034000000000000000e+03 1.529059434616735234e+04
2.035000000000000000e+03 1.528978562312362556e+04
2.036000000000000000e+03 1.529315974093586192e+04
2.037000000000000000e+03 1.530337875659197925e+04
2.038000000000000000e+03 1.529590038320311760e+04
2.039000000000000000e+03 1.532946509744551076e+04
2.040000000000000000e+03 1.535941874833125985e+04
2.041000000000000000e+03 1.537607758606898642e+04
2.042000000000000000e+03 1.539015356254444305e+04
2.043000000000000000e+03 1.540085334546494596e+04
2.044000000000000000e+03 1.541510771035229118e+04
2.045000000000000000e+03 1.546184341849162774e+04
2.046000000000000000e+03 1.546514118529270854e+04
2.047000000000000000e+03 1.544001572487081467e+04
2.048000000000000000e+03 1.544723132637236085e+04
2.049000000000000000e+03 1.548853033631662220e+04
2.050000000000000000e+03 1.551215653928013489e+04
2.051000000000000000e+03 1.552108051774424166e+04
2.052000000000000000e+03 1.552423909768656267e+04
2.053000000000000000e+03 1.548066289431087716e+04
2.054000000000000000e+03 1.550061845956853904e+04
2.055000000000000000e+03 1.548527745802216486e+04
2.056000000000000000e+03 1.547980599358846666e+04
2.057000000000000000e+03 1.551180544470692075e+04
2.058000000000000000e+03 1.550369149125016884e+04
2.059000000000000000e+03 1.551456765237363470e+04
2.060000000000000000e+03 1.552648908667545766e+04
2.061000000000000000e+03 1.553961387322175688e+04
2.062000000000000000e+03 1.552882085669961998e+04
2.063000000000000000e+03 1.553752268805029053e+04
2.064000000000000000e+03 1.555167865876157339e+04
2.065000000000000000e+03 1.558173854242642665e+04
2.066000000000000000e+03 1.560478825214518838e+04
2.067000000000000000e+03 1.558502266124956441e+04
2.068000000000000000e+03 1.557364976073636717e+04
2.069000000000000000e+03 1.558623186221485412e+04
2.070000000000000000e+03 1.559848193035349686e+04
2.071000000000000000e+03 1.562209033995706159e+04
2.072000000000000000e+03 1.564917701716598458e+04
2.073000000000000000e+03 1.567335706325189676e+04
2.074000000000000000e+03 1.563223132262908257e+04
2.075000000000000000e+03 1.564507992742062743e+04
2.076000000000000000e+03 1.567537562227148737e+04
2.077000000000000000e+03 1.566806319911855644e+04
2.078000000000000000e+03 1.568347646650492425e+04
2.079000000000000000e+03 1.569224764871504340e+04
2.080000000000000000e+03 1.569533220221958436e+04
2.081000000000000000e+03 1.567935292167800071e+04
2.082000000000000000e+03 1.568633293739523833e+04
2.083000000000000000e+03 1.566258184080917272e+04
2.084000000000000000e+03 1.563696515581242238e+04
2.085000000000000000e+03 1.566228292361409876e+04
2.086000000000000000e+03 1.567000869330224668e+04
2.087000000000000000e+03 1.565816500516784254e+04
2.088000000000000000e+03 1.563550596138183755e+04
2.089000000000000000e+03 1.561864991928684685e+04
2.090000000000000000e+03 1.560982987988305103e+04
2.091000000000000000e+03 1.558752155405333542e+04
2.092000000000000000e+03 1.559784675198478544e+04
2.093000000000000000e+03 1.559676996867520211e+04
2.094000000000000000e+03 1.556786903363017700e+04
2.095000000000000000e+03 1.558215418996972949e+04
2.096000000000000000e+03 1.558713793656427333e+04
2.097000000000000000e+03 1.561227774466805567e+04
2.098000000000000000e+03 1.561850661679425139e+04
2.099000000000000000e+03 1.561595538049374591e+04
2.100000000000000000e+03 1.558382829967352700e+04
2.101000000000000000e+03 1.564658396368507783e+04
2.102000000000000000e+03 1.569181503354331653e+04
2.103000000000000000e+03 1.569334019712219742e+04
2.104000000000000000e+03 1.568505186494889494e+04
2.105000000000000000e+03 1.566810843538544395e+04
2.106000000000000000e+03 1.568394625977788746e+04
2.107000000000000000e+03 1.568761170865321037e+04
2.108000000000000000e+03 1.569848682873308280e+04
2.109000000000000000e+03 1.573047663285111958e+04
2.110000000000000000e+03 1.574841023384181244e+04
2.111000000000000000e+03 1.575647889407221373e+04
2.112000000000000000e+03 1.574054445700811266e+04
2.113000000000000000e+03 1.577729449051457959e+04
2.114000000000000000e+03 1.584562031368466887e+04
2.115000000000000000e+03 1.583593448929319857e+04
2.116000000000000000e+03 1.582719722583965813e+04
2.117000000000000000e+03 1.586122010670661803e+04
2.118000000000000000e+03 1.584413123118061594e+04
2.119000000000000000e+03 1.583353831501215063e+04
2.120000000000000000e+03 1.582305911633775213e+04
2.121000000000000000e+03 1.582717532446340010e+04
2.122000000000000000e+03 1.582389152503449441e+04
2.123000000000000000e+03 1.582929663176934628e+04
2.124000000000000000e+03 1.582733526754331069e+04
2.125000000000000000e+03 1.583155620462755178e+04
2.126000000000000000e+03 1.586689960185986092e+04
2.127000000000000000e+03 1.585661332265611964e+04
2.128000000000000000e+03 1.589193682004917719e+04
2.129000000000000000e+03 1.591961172197433916e+04
2.130000000000000000e+03 1.594909427734605379e+04
2.131000000000000000e+03 1.595247097188037696e+04
2.132000000000000000e+03 1.595426010749020134e+04
2.133000000000000000e+03 1.598832049480948081e+04
2.134000000000000000e+03 1.596737465435948434e+04
2.135000000000000000e+03 1.596929332604591036e+04
2.136000000000000000e+03 1.599435023282515067e+04
2.137000000000000000e+03 1.599412143260137236e+04
2.138000000000000000e+03 1.596649869971008775e+04
2.139000000000000000e+03 1.599409516498349331e+04
2.140000000000000000e+03 1.601081375884042791e+04
2.141000000000000000e+03 1.601510682441722929e+04
2.142000000000000000e+03 1.603373158922216680e+04
2.143000000000000000e+03 1.604757704970173654e+04
2.144000000000000000e+03 1.605744677258291995e+04
2.145000000000000000e+03 1.607371220157956304e+04
2.146000000000000000e+03 1.607424689467247663e+04
2.147000000000000000e+03 1.609732017153187189e+04
2.148000000000000000e+03 1.610774134485332979e+04
2.149000000000000000e+03 1.609908049536376166e+04
2.150000000000000000e+03 1.611393865187650044e+04
2.151000000000000000e+03 1.608779752321945307e+04
2.152000000000000000e+03 1.611308321785672706e+04
2.153000000000000000e+03 1.611554478117622239e+04
2.154000000000000000e+03 1.610273458305374152e+04
2.155000000000000000e+03 1.610500461866043406e+04
2.156000000000000000e+03 1.609988997781557555e+04
2.157000000000000000e+03 1.609384599250474457e+04
2.158000000000000000e+03 1.611013013679016694e+04
2.159000000000000000e+03 1.613190065321341353e+04
2.160000000000000000e+03 1.618115903430565049e+04
2.161000000000000000e+03 1.616766025346482274e+04
2.162000000000000000e+03 1.618020826946151828e+04
2.163000000000000000e+03 1.620074883962207241e+04
2.164000000000000000e+03 1.621480895778088234e+04
2.165000000000000000e+03 1.621505958444302451e+04
2.166000000000000000e+03 1.626809101755881238e+04
2.167000000000000000e+03 1.627286573208424124e+04
2.168000000000000000e+03 1.627007836274701731e+04
2.169000000000000000e+03 1.630240117185549570e+04
2.170000000000000000e+03 1.632036457020087619e+04
2.171000000000000000e+03 1.631513318272930701e+04
2.172000000000000000e+03 1.632819251724791502e+04
2.173000000000000000e+03 1.637404317886902754e+04
2.174000000000000000e+03 1.636291447386031905e+04
2.175000000000000000e+03 1.636980137536708753e+04
2.176000000000000000e+03 1.635936063355325314e+04
2.177000000000000000e+03 1.636015727946722109e+04
2.178000000000000000e+03 1.638561130402775962e+04
2.179000000000000000e+03 1.639678655055616764e+04
2.180000000000000000e+03 1.640277356640417929e+04
2.181000000000000000e+03 1.637738063929503187e+04
2.182000000000000000e+03 1.637641372903961383e+04
2.183000000000000000e+03 1.637734080631355573e+04
2.184000000000000000e+03 1.640213845497361399e+04
2.185000000000000000e+03 1.641454691426085265e+04
2.186000000000000000e+03 1.644759880800414976e+04
2.187000000000000000e+03 1.650405549147456259e+04
2.188000000000000000e+03 1.652395569877044909e+04
2.189000000000000000e+03 1.652357408771849077e+04
2.190000000000000000e+03 1.652658150744748127e+04
2.191000000000000000e+03 1.652961483149860214e+04
2.192000000000000000e+03 1.653661108834321203e+04
2.193000000000000000e+03 1.654607034237915650e+04
2.194000000000000000e+03 1.654655488308205531e+04
2.195000000000000000e+03 1.658300418562015329e+04
2.196000000000000000e+03 1.659237150078785271e+04
2.197000000000000000e+03 1.662877855021289361e+04
2.198000000000000000e+03 1.659203951404251347e+04
2.199000000000000000e+03 1.662349271483335542e+04
2.200000000000000000e+03 1.663277468211770974e+04
2.201000000000000000e+03 1.660386347886961812e+04
2.202000000000000000e+03 1.662454814541454834e+04
2.203000000000000000e+03 1.662262765955005307e+04
2.204000000000000000e+03 1.663399049786146861e+04
2.205000000000000000e+03 1.663108208051266047e+04
2.206000000000000000e+03 1.663056947994054644e+04
2.207000000000000000e+03 1.665528292491120374e+04
2.208000000000000000e+03 1.664477052883265787e+04
2.209000000000000000e+03 1.660869320451074964e+04
2.210000000000000000e+03 1.660768147557244811e+04
2.211000000000000000e+03 1.664437906692618708e+04
2.212000000000000000e+03 1.664803358608959752e+04
2.213000000000000000e+03 1.664880318204866853e+04
2.214000000000000000e+03 1.663955235399990124e+04
2.215000000000000000e+03 1.665450257851325659e+04
2.216000000000000000e+03 1.665386413212989282e+04
2.217000000000000000e+03 1.664879697585193571e+04
2.218000000000000000e+03 1.667246022220270606e+04
2.219000000000000000e+03 1.672578727941158286e+04
2.220000000000000000e+03 1.675139566739301881e+04
2.221000000000000000e+03 1.675269132964676101e+04
2.222000000000000000e+03 1.672061784063907180e+04
2.223000000000000000e+03 1.668985003900644006e+04
2.224000000000000000e+03 1.667063082995966397e+04
2.225000000000000000e+03 1.668945076518756832e+04
2.226000000000000000e+03 1.668318275570685364e+04
2.227000000000000000e+03 1.674037735370862356e+04
2.228000000000000000e+03 1.673714566455134991e+04
2.229000000000000000e+03 1.677062440450370559e+04
2.230000000000000000e+03 1.678177493792500172e+04
2.231000000000000000e+03 1.678017068623279920e+04
2.232000000000000000e+03 1.679306989782269738e+04
2.233000000000000000e+03 1.683202774654889799e+04
2.234000000000000000e+03 1.683809963941659589e+04
2.235000000000000000e+03 1.681440088985792681e+04
2.236000000000000000e+03 1.685176465853824266e+04
2.237000000000000000e+03 1.682954437486981988e+04
2.238000000000000000e+03 1.685863469848806562e+04
2.239000000000000000e+03 1.684682273821958006e+04
2.240000000000000000e+03 1.682504490227782298e+04
2.241000000000000000e+03 1.687859030519916632e+04
2.242000000000000000e+03 1.690465555206198042e+04
2.243000000000000000e+03 1.693739711054292638e+04
2.244000000000000000e+03 1.694548459518330856e+04
2.245000000000000000e+03 1.693099981441124328e+04
2.246000000000000000e+03 1.691493705365226560e+04
2.247000000000000000e+03 1.691115161089041430e+04
2.248000000000000000e+03 1.690801273371426214e+04
2.249000000000000000e+03 1.691892610183601937e+04
2.250000000000000000e+03 1.698542211387856514e+04
2.251000000000000000e+03 1.697224352289384842e+04
2.252000000000000000e+03 1.692797446925100303e+04
2.253000000000000000e+03 1.695503026742947259e+04
2.254000000000000000e+03 1.700758546181628117e+04
2.255000000000000000e+03 1.699085907176217734e+04
2.256000000000000000e+03 1.698109337867819340e+04
2.257000000000000000e+03 1.694300690385117559e+04
2.258000000000000000e+03 1.692221031713526827e+04
2.259000000000000000e+03 1.695147386363436090e+04
2.260000000000000000e+03 1.693193008148215449e+04
2.261000000000000000e+03 1.692836477613762690e+04
2.262000000000000000e+03 1.694054385368118892e+04
2.263000000000000000e+03 1.695702349088553819e+04
2.264000000000000000e+03 1.700583900489804000e+04
2.265000000000000000e+03 1.695641386693027744e+04
2.266000000000000000e+03 1.692829751375042906e+04
2.267000000000000000e+03 1.696456928445819722e+04
2.268000000000000000e+03 1.692530890510584504e+04
2.269000000000000000e+03 1.693607721865992426e+04
2.270000000000000000e+03 1.694807804761364969e+04
2.271000000000000000e+03 1.699214902833442466e+04
2.272000000000000000e+03 1.700539663637992271e+04
2.273000000000000000e+03 1.701139246979521704e+04
2.274000000000000000e+03 1.697494364632079669e+04
2.275000000000000000e+03 1.696392178577526647e+04
2.276000000000000000e+03 1.693489471240350031e+04
2.277000000000000000e+03 1.695203274371593943e+04
2.278000000000000000e+03 1.694661128965815442e+04
2.279000000000000000e+03 1.695661309506315956e+04
2.280000000000000000e+03 1.696034029034223204e+04
2.281000000000000000e+03 1.697033162277558222e+04
2.282000000000000000e+03 1.702555854419717798e+04
2.283000000000000000e+03 1.705674035020257725e+04
2.284000000000000000e+03 1.705088259509401905e+04
2.285000000000000000e+03 1.706597597693110583e+04
2.286000000000000000e+03 1.709773779218715936e+04
2.287000000000000000e+03 1.715009917831960774e+04
2.288000000000000000e+03 1.719672894435959461e+04
2.289000000000000000e+03 1.715981715544528561e+04
2.290000000000000000e+03 1.712978801484548603e+04
2.291000000000000000e+03 1.711368073438381543e+04
2.292000000000000000e+03 1.715554227179486043e+04
2.293000000000000000e+03 1.716384919437373901e+04
2.294000000000000000e+03 1.720685465269581255e+04
2.295000000000000000e+03 1.721724352115088186e+04
2.296000000000000000e+03 1.724505293410300874e+04
2.297000000000000000e+03 1.724369895843516133e+04
2.298000000000000000e+03 1.721077407670369939e+04
2.299000000000000000e+03 1.721141341120365905e+04
2.300000000000000000e+03 1.721013704540627441e+04
2.301000000000000000e+03 1.718923897447780837e+04
2.302000000000000000e+03 1.719409962736843227e+04
2.303000000000000000e+03 1.721490953047954099e+04
2.304000000000000000e+03 1.722899641848255487e+04
2.305000000000000000e+03 1.723612856618744263e+04
2.306000000000000000e+03 1.723664823378499204e+04
2.307000000000000000e+03 1.720806543115211389e+04
2.308000000000000000e+03 1.722135262336615779e+04
2.309000000000000000e+03 1.725248600356180032e+04
2.310000000000000000e+03 1.724264027449439527e+04
2.311000000000000000e+03 1.723999335572159544e+04
2.312000000000000000e+03 1.720153550608714795e+04
2.313000000000000000e+03 1.717947649638125949e+04
2.314000000000000000e+03 1.718069864862407485e+04
2.315000000000000000e+03 1.716514907403288453e+04
2.316000000000000000e+03 1.715333066314194002e+04
2.317000000000000000e+03 1.714167012520654316e+04
2.318000000000000000e+03 1.719348994117214534e+04
2.319000000000000000e+03 1.715909840385168718e+04
2.320000000000000000e+03 1.714339424642615631e+04
2.321000000000000000e+03 1.716855994377930256e+04
2.322000000000000000e+03 1.721663055621102831e+04
2.323000000000000000e+03 1.719432178027636837e+04
2.324000000000000000e+03 1.720489514147015507e+04
2.325000000000000000e+03 1.722401664315952439e+04
2.326000000000000000e+03 1.721162100740120877e+04
2.327000000000000000e+03 1.721642962497011467e+04
2.328000000000000000e+03 1.722824918431128754e+04
2.329000000000000000e+03 1.726768371093706810e+04
2.330000000000000000e+03 1.728302414834242882e+04
2.331000000000000000e+03 1.726314549936552066e+04
2.332000000000000000e+03 1.725541409366056178e+04
2.333000000000000000e+03 1.727426938918597807e+04
2.334000000000000000e+03 1.727719660465965717e+04
2.335000000000000000e+03 1.727443607868314211e+04
2.336000000000000000e+03 1.728899702577479911e+04
2.337000000000000000e+03 1.731196375102220190e+04
2.338000000000000000e+03 1.731200553228409626e+04
2.339000000000000000e+03 1.734450161223761461e+04
2.340000000000000000e+03 1.735342226421460146e+04
2.341000000000000000e+03 1.737704985043677880e+04
2.342000000000000000e+03 1.741956999140578409e+04
2.343000000000000000e+03 1.742396319384713570e+04
2.344000000000000000e+03 1.742692172461283189e+04
2.345000000000000000e+03 1.738515496569545576e+04
2.346000000000000000e+03 1.736665995438147365e+04
2.347000000000000000e+03 1.738183187435740183e+04
2.348000000000000000e+03 1.738473369759433626e+04
2.349000000000000000e+03 1.739617828955438745e+04
2.350000000000000000e+03 1.739800345222975011e+04
2.351000000000000000e+03 1.741579694094078877e+04
2.352000000000000000e+03 1.738607867012999850e+04
2.353000000000000000e+03 1.741254647426537122e+04
2.354000000000000000e+03 1.742354028135549379e+04
2.355000000000000000e+03 1.739792445142942961e+04
2.356000000000000000e+03 1.739244021067479844e+04
2.357000000000000000e+03 1.735197918264128748e+04
2.358000000000000000e+03 1.734615019273851431e+04
2.359000000000000000e+03 1.731029284266580726e+04
2.360000000000000000e+03 1.729698255809579859e+04
2.361000000000000000e+03 1.729427264782873317e+04
2.362000000000000000e+03 1.729840228526371720e+04
2.363000000000000000e+03 1.731308856187522179e+04
2.364000000000000000e+03 1.731301065431419556e+04
2.365000000000000000e+03 1.733165516516203570e+04
2.366000000000000000e+03 1.735786875372962095e+04
2.367000000000000000e+03 1.731055704032629001e+04
2.368000000000000000e+03 1.728156237949631759e+04
2.369000000000000000e+03 1.730319646065020061e+04
2.370000000000000000e+03 1.732508811789901665e+04
2.371000000000000000e+03 1.730576522835254218e+04
2.372000000000000000e+03 1.730054396061180523e+04
2.373000000000000000e+03 1.733869825186461821e+04
2.374000000000000000e+03 1.736566451558090193e+04
2.375000000000000000e+03 1.734489690060807334e+04
2.376000000000000000e+03 1.734376175588330443e+04
2.377000000000000000e+03 1.735836305412260117e+04
2.378000000000000000e+03 1.736895044024455638e+04
2.379000000000000000e+03 1.733709900679766724e+04
2.380000000000000000e+03 1.736144505311678586e+04
2.381000000000000000e+03 1.735019865687320271e+04
2.382000000000000000e+03 1.734176578672881806e+04
2.383000000000000000e+03 1.736878666445902491e+04
2.384000000000000000e+03 1.739171083267827635e+04
2.385000000000000000e+03 1.743424715569307227e+04
2.386000000000000000e+03 1.744371426303479529e+04
2.387000000000000000e+03 1.744171413357230631e+04
2.388000000000000000e+03 1.742274076554455678e+04
2.389000000000000000e+03 1.744735718159293538e+04
2.390000000000000000e+03 1.744026759205099370e+04
2.391000000000000000e+03 1.743550295787708092e+04
2.392000000000000000e+03 1.747526320288266652e+04
2.393000000000000000e+03 1.743630592211935073e+04
2.394000000000000000e+03 1.745000072252107202e+04
2.395000000000000000e+03 1.747145781558124145e+04
2.396000000000000000e+03 1.749496771108007306e+04
2.397000000000000000e+03 1.750387066792845872e+04
2.398000000000000000e+03 1.750896335219859975e+04
2.399000000000000000e+03 1.753952434398470359e+04
2.400000000000000000e+03 1.752202200114548396e+04
2.401000000000000000e+03 1.752920112755951413e+04
2.402000000000000000e+03 1.754627216663782383e+04
2.403000000000000000e+03 1.757317363927568658e+04
2.404000000000000000e+03 1.756078783442972781e+04
2.405000000000000000e+03 1.758609891159563631e+04
2.406000000000000000e+03 1.754773522076861627e+04
2.407000000000000000e+03 1.755889583561116888e+04
2.408000000000000000e+03 1.757015153350752007e+04
2.409000000000000000e+03 1.761964311554022424e+04
2.410000000000000000e+03 1.766447288745737023e+04
2.411000000000000000e+03 1.767622357946349439e+04
2.412000000000000000e+03 1.769141191184326817e+04
2.413000000000000000e+03 1.772135387492474547e+04
2.414000000000000000e+03 1.773181663772864704e+04
2.415000000000000000e+03 1.774815749629483980e+04
2.416000000000000000e+03 1.772156625869330310e+04
2.417000000000000000e+03 1.770093884468442775e+04
2.418000000000000000e+03 1.770262691755048218e+04
2.419000000000000000e+03 1.770087354805129507e+04
2.420000000000000000e+03 1.771044770328344021e+04
2.421000000000000000e+03 1.772086323227554021e+04
2.422000000000000000e+03 1.775005335371092588e+04
2.423000000000000000e+03 1.774854262796056355e+04
2.424000000000000000e+03 1.774154128696530825e+04
2.425000000000000000e+03 1.776186916979529269e+04
2.426000000000000000e+03 1.773679953621207460e+04
2.427000000000000000e+03 1.773755653818804785e+04
2.428000000000000000e+03 1.775603869690006832e+04
2.429000000000000000e+03 1.774804953115322132e+04
2.430000000000000000e+03 1.773463612567131713e+04
2.431000000000000000e+03 1.779641489317300511e+04
2.432000000000000000e+03 1.777768278473139435e+04
2.433000000000000000e+03 1.783457410282042474e+04
2.434000000000000000e+03 1.785628035177808124e+04
2.435000000000000000e+03 1.783663511274436678e+04
2.436000000000000000e+03 1.783928495151862080e+04
2.437000000000000000e+03 1.789155573553211070e+04
2.438000000000000000e+03 1.784015839556091305e+04
2.439000000000000000e+03 1.784868856553145815e+04
2.440000000000000000e+03 1.784479014187735811e+04
2.441000000000000000e+03 1.786247552591632120e+04
2.442000000000000000e+03 1.787635492042776605e+04
2.443000000000000000e+03 1.784769443819605658e+04
2.444000000000000000e+03 1.784816160393830432e+04
2.445000000000000000e+03 1.785215994824048539e+04
2.446000000000000000e+03 1.784476325991403064e+04
2.447000000000000000e+03 1.783465786044854030e+04
2.448000000000000000e+03 1.787247634900810590e+04
2.449000000000000000e+03 1.789662676805283991e+04
2.450000000000000000e+03 1.788900637629472476e+04
2.451000000000000000e+03 1.788311425017333386e+04
2.452000000000000000e+03 1.794114597382899228e+04
2.453000000000000000e+03 1.791381131482078126e+04
2.454000000000000000e+03 1.791977946134242302e+04
2.455000000000000000e+03 1.792679027621605564e+04
2.456000000000000000e+03 1.791851757534973513e+04
2.457000000000000000e+03 1.792677073525161177e+04
2.458000000000000000e+03 1.792122545501892819e+04
2.459000000000000000e+03 1.791410697553123100e+04
2.460000000000000000e+03 1.794237815818003219e+04
2.461000000000000000e+03 1.793165571256417024e+04
2.462000000000000000e+03 1.792385365577874109e+04
2.463000000000000000e+03 1.789306259717821740e+04
2.464000000000000000e+03 1.789839714121471843e+04
2.465000000000000000e+03 1.790881512168670815e+04
2.466000000000000000e+03 1.790502711559072850e+04
2.467000000000000000e+03 1.792142319317969304e+04
2.468000000000000000e+03 1.793152893747220514e+04
2.469000000000000000e+03 1.797608536243985145e+04
2.470000000000000000e+03 1.795412126539927704e+04
2.471000000000000000e+03 1.793782537163412417e+04
2.472000000000000000e+03 1.793965264294001099e+04
2.473000000000000000e+03 1.794939079414988737e+04
2.474000000000000000e+03 1.794783480006004174e+04
2.475000000000000000e+03 1.798668697994279137e+04
2.476000000000000000e+03 1.795149368288675760e+04
2.477000000000000000e+03 1.795031043926010534e+04
2.478000000000000000e+03 1.793544635850028135e+04
2.479000000000000000e+03 1.794485841731485561e+04
2.480000000000000000e+03 1.792898893204584238e+04
2.481000000000000000e+03 1.795637861712513768e+04
2.482000000000000000e+03 1.793400538373973905e+04
2.483000000000000000e+03 1.794875139310866871e+04
2.484000000000000000e+03 1.797464620995103905e+04
2.485000000000000000e+03 1.798411518195777899e+04
2.486000000000000000e+03 1.801856423357999302e+04
2.487000000000000000e+03 1.799079660142936336e+04
2.488000000000000000e+03 1.802179029909771634e+04
2.489000000000000000e+03 1.806331511616777425e+04
2.490000000000000000e+03 1.806836812543077394e+04
2.491000000000000000e+03 1.805455305761029376e+04
2.492000000000000000e+03 1.805061590571104171e+04
2.493000000000000000e+03 1.802848467961965071e+04
2.494000000000000000e+03 1.805237968742956218e+04
2.495000000000000000e+03 1.803757913672700670e+04
2.496000000000000000e+03 1.803886792787765808e+04
2.497000000000000000e+03 1.798634327882093567e+04
2.498000000000000000e+03 1.799621881649024363e+04
2.499000000000000000e+03 1.796900881045905771e+04
2.500000000000000000e+03 1.800933473729776233e+04
2.501000000000000000e+03 1.802506924678715950e+04
2.502000000000000000e+03 1.799321754361314743e+04
2.503000000000000000e+03 1.799800141779536352e+04
2.504000000000000000e+03 1.802487997085803363e+04
2.505000000000000000e+03 1.802282277401669853e+04
2.506000000000000000e+03 1.803912503775347068e+04
2.507000000000000000e+03 1.806867929504786298e+04
2.508000000000000000e+03 1.806187417010841091e+04
2.509000000000000000e+03 1.807658736597566894e+04
2.510000000000000000e+03 1.807321396937068857e+04
2.511000000000000000e+03 1.810431772170041586e+04
2.512000000000000000e+03 1.811856430843719500e+04
2.513000000000000000e+03 1.812818384035366034e+04
2.514000000000000000e+03 1.814941761294539174e+04
2.515000000000000000e+03 1.814417198915936387e+04
2.516000000000000000e+03 1.815587071525006468e+04
2.517000000000000000e+03 1.820940640312651158e+04
2.518000000000000000e+03 1.823751908104486574e+04
2.519000000000000000e+03 1.822343356152386696e+04
2.520000000000000000e+03 1.825079107199541613e+04
2.521000000000000000e+03 1.821475465079488276e+04
2.522000000000000000e+03 1.818670921378097046e+04
2.523000000000000000e+03 1.815942778756836924e+04
2.524000000000000000e+03 1.815312660636012515e+04
2.525000000000000000e+03 1.817171330177196069e+04
2.526000000000000000e+03 1.820896397485402849e+04
2.527000000000000000e+03 1.820820874991461824e+04
2.528000000000000000e+03 1.822362303722524666e+04
2.529000000000000000e+03 1.825139884895723662e+04
2.530000000000000000e+03 1.828564210996362453e+04
2.531000000000000000e+03 1.830160923822157929e+04
2.532000000000000000e+03 1.824627010928338859e+04
2.533000000000000000e+03 1.817249306443167006e+04
2.534000000000000000e+03 1.818556894518041008e+04
2.535000000000000000e+03 1.814973392285929731e+04
2.536000000000000000e+03 1.818312594862059632e+04
2.537000000000000000e+03 1.819427255691559549e+04
2.538000000000000000e+03 1.823789414829992165e+04
2.539000000000000000e+03 1.822587701663114785e+04
2.540000000000000000e+03 1.824654721513107870e+04
2.541000000000000000e+03 1.826548150757985422e+04
2.542000000000000000e+03 1.829032984571177076e+04
2.543000000000000000e+03 1.828336987460525052e+04
2.544000000000000000e+03 1.824786592115183885e+04
2.545000000000000000e+03 1.823383028738945359e+04
2.546000000000000000e+03 1.819671387607435463e+04
2.547000000000000000e+03 1.822210105896936875e+04
2.548000000000000000e+03 1.824635060189202704e+04
2.549000000000000000e+03 1.829483962423040794e+04
2.550000000000000000e+03 1.828512507446528252e+04
2.551000000000000000e+03 1.832693930163984260e+04
2.552000000000000000e+03 1.831044038355193334e+04
2.553000000000000000e+03 1.833318893561446021e+04
2.554000000000000000e+03 1.831051076457096497e+04
2.555000000000000000e+03 1.835102266050627077e+04
2.556000000000000000e+03 1.838011311651973665e+04
2.557000000000000000e+03 1.836503057120303129e+04
2.558000000000000000e+03 1.839649708583185929e+04
2.559000000000000000e+03 1.840221702272587208e+04
2.560000000000000000e+03 1.841868761236746286e+04
2.561000000000000000e+03 1.841430355247899206e+04
2.562000000000000000e+03 1.843731591902022774e+04
2.563000000000000000e+03 1.842118782297556027e+04
2.564000000000000000e+03 1.844750214155418143e+04
2.565000000000000000e+03 1.845494021237613924e+04
2.566000000000000000e+03 1.842368689985570745e+04
2.567000000000000000e+03 1.839199535043468859e+04
2.568000000000000000e+03 1.840107212978940879e+04
2.569000000000000000e+03 1.842995882531809184e+04
2.570000000000000000e+03 1.842799998386315565e+04
2.571000000000000000e+03 1.845206431589241402e+04
2.572000000000000000e+03 1.844698091448140258e+04
2.573000000000000000e+03 1.846782304423118330e+04
2.574000000000000000e+03 1.848556328516788562e+04
2.575000000000000000e+03 1.849296643998407308e+04
2.576000000000000000e+03 1.851353173810410954e+04
2.577000000000000000e+03 1.848950612908533003e+04
2.578000000000000000e+03 1.851109419884475938e+04
2.579000000000000000e+03 1.850745519070462615e+04
2.580000000000000000e+03 1.854185569367862627e+04
2.581000000000000000e+03 1.856007683260824342e+04
2.582000000000000000e+03 1.860484420562250671e+04
2.583000000000000000e+03 1.865510123352322626e+04
2.584000000000000000e+03 1.866610242057271898e+04
2.585000000000000000e+03 1.868876167188282488e+04
2.586000000000000000e+03 1.870160606336412093e+04
2.587000000000000000e+03 1.868209245870411178e+04
2.588000000000000000e+03 1.865425719326661783e+04
2.589000000000000000e+03 1.865564162602657962e+04
2.590000000000000000e+03 1.864054682357733691e+04
2.591000000000000000e+03 1.867279853859331706e+04
2.592000000000000000e+03 1.867595336694685830e+04
2.593000000000000000e+03 1.867467937678919043e+04
2.594000000000000000e+03 1.870460009572046329e+04
2.595000000000000000e+03 1.868708173586598059e+04
2.596000000000000000e+03 1.869245602986391168e+04
2.597000000000000000e+03 1.867072513985913611e+04
2.598000000000000000e+03 1.868977655847569622e+04
2.599000000000000000e+03 1.867071924993534412e+04
2.600000000000000000e+03 1.867714229326948043e+04
2.601000000000000000e+03 1.871319973077959003e+04
2.602000000000000000e+03 1.870953115606923166e+04
2.603000000000000000e+03 1.869303451511626918e+04
2.604000000000000000e+03 1.873434369411504667e+04
2.605000000000000000e+03 1.872185721379810639e+04
2.606000000000000000e+03 1.876185760042806578e+04
2.607000000000000000e+03 1.877980846054952781e+04
2.608000000000000000e+03 1.882023306552997747e+04
2.609000000000000000e+03 1.881134657109384352e+04
2.610000000000000000e+03 1.882281178422180892e+04
2.611000000000000000e+03 1.884176436115167962e+04
2.612000000000000000e+03 1.885471831368766289e+04
2.613000000000000000e+03 1.889163089416113144e+04
2.614000000000000000e+03 1.887277573354204651e+04
2.615000000000000000e+03 1.889122623866735012e+04
2.616000000000000000e+03 1.890837920179482171e+04
2.617000000000000000e+03 1.888874619066157175e+04
2.618000000000000000e+03 1.886780861635625115e+04
2.619000000000000000e+03 1.886686751570620982e+04
2.620000000000000000e+03 1.890003226918954897e+04
2.621000000000000000e+03 1.893101386476666448e+04
2.622000000000000000e+03 1.895654173744394939e+04
2.623000000000000000e+03 1.900409793517953221e+04
2.624000000000000000e+03 1.902348702351090833e+04
2.625000000000000000e+03 1.901922982678750486e+04
2.626000000000000000e+03 1.904578779666447372e+04
2.627000000000000000e+03 1.904231340222360814e+04
2.628000000000000000e+03 1.906484627262513095e+04
2.629000000000000000e+03 1.904553380461718552e+04
2.630000000000000000e+03 1.906496200808313006e+04
2.631000000000000000e+03 1.909896672068678527e+04
2.632000000000000000e+03 1.910564934368522881e+04
2.633000000000000000e+03 1.913258580465921841e+04
2.634000000000000000e+03 1.911621154978228515e+04
2.635000000000000000e+03 1.918237424813506732e+04
2.636000000000000000e+03 1.918150544420804727e+04
2.637000000000000000e+03 1.916255783735868681e+04
2.638000000000000000e+03 1.913925602465485281e+04
2.639000000000000000e+03 1.916443895317001079e+04
2.640000000000000000e+03 1.920907586100628032e+04
2.641000000000000000e+03 1.920262821200959297e+04
2.642000000000000000e+03 1.920243444242252735e+04
2.643000000000000000e+03 1.922314917336379585e+04
2.644000000000000000e+03 1.925729654271675099e+04
2.645000000000000000e+03 1.928935575387544304e+04
2.646000000000000000e+03 1.926421332021879425e+04
2.647000000000000000e+03 1.922013947494851891e+04
2.648000000000000000e+03 1.921034663920260937e+04
2.649000000000000000e+03 1.920696744300987484e+04
2.650000000000000000e+03 1.925194604547198105e+04
2.651000000000000000e+03 1.921734362785155099e+04
2.652000000000000000e+03 1.921237362356382800e+04
2.653000000000000000e+03 1.921669179033233013e+04
2.654000000000000000e+03 1.922353496843557878e+04
2.655000000000000000e+03 1.926250364711970542e+04
2.656000000000000000e+03 1.929548725609433313e+04
2.657000000000000000e+03 1.929984641930621001e+04
2.658000000000000000e+03 1.929001370906216107e+04
2.659000000000000000e+03 1.928532185276974269e+04
2.660000000000000000e+03 1.932053511438911664e+04
2.661000000000000000e+03 1.933644687983314361e+04
2.662000000000000000e+03 1.936044626507883368e+04
2.663000000000000000e+03 1.937090464171390340e+04
2.664000000000000000e+03 1.935717427501079874e+04
2.665000000000000000e+03 1.939661818405966187e+04
2.666000000000000000e+03 1.939408551574551166e+04
2.667000000000000000e+03 1.936560663612198186e+04
2.668000000000000000e+03 1.936664603774968054e+04
2.669000000000000000e+03 1.936703732589406718e+04
2.670000000000000000e+03 1.933708733372489223e+04
2.671000000000000000e+03 1.935359266353979910e+04
2.672000000000000000e+03 1.937232607799086327e+04
2.673000000000000000e+03 1.936874002579221269e+04
2.674000000000000000e+03 1.933292025888608259e+04
2.675000000000000000e+03 1.934214920084592814e+04
2.676000000000000000e+03 1.937432927666665637e+04
2.677000000000000000e+03 1.941750368769282431e+04
2.678000000000000000e+03 1.943536964291750701e+04
2.679000000000000000e+03 1.941839886929791464e+04
2.680000000000000000e+03 1.945855156770779286e+04
2.681000000000000000e+03 1.944709263771697078e+04
2.682000000000000000e+03 1.939803686500687763e+04
2.683000000000000000e+03 1.939604072620958686e+04
2.684000000000000000e+03 1.937554819702777968e+04
2.685000000000000000e+03 1.938765287590184016e+04
2.686000000000000000e+03 1.939337136270693736e+04
2.687000000000000000e+03 1.940182287864159662e+04
2.688000000000000000e+03 1.936589729490784885e+04
2.689000000000000000e+03 1.936030408502380669e+04
2.690000000000000000e+03 1.937431200453508791e+04
2.691000000000000000e+03 1.940754879687618086e+04
2.692000000000000000e+03 1.941441478209054912e+04
2.693000000000000000e+03 1.942018815987404741e+04
2.694000000000000000e+03 1.942717591036190788e+04
2.695000000000000000e+03 1.941687332237301234e+04
2.696000000000000000e+03 1.941203614032350742e+04
2.697000000000000000e+03 1.939600557735773327e+04
2.698000000000000000e+03 1.940810933304605351e+04
2.699000000000000000e+03 1.943687133215583890e+04
2.700000000000000000e+03 1.942822718155097027e+04
2.701000000000000000e+03 1.941665655074910683e+04
2.702000000000000000e+03 1.941579821676339270e+04
2.703000000000000000e+03 1.938423914371945284e+04
2.704000000000000000e+03 1.939132632975261731e+04
2.705000000000000000e+03 1.939899055862819660e+04
2.706000000000000000e+03 1.937842291441795533e+04
2.707000000000000000e+03 1.940961745203440296e+04
2.708000000000000000e+03 1.943247246189782891e+04
2.709000000000000000e+03 1.942233742988355516e+04
2.710000000000000000e+03 1.941415366385077141e+04
2.711000000000000000e+03 1.941584484708053424e+04
2.712000000000000000e+03 1.939615398428908884e+04
2.713000000000000000e+03 1.942815034156229740e+04
2.714000000000000000e+03 1.943700307276614694e+04
2.715000000000000000e+03 1.946566967415978070e+04
2.716000000000000000e+03 1.944610709484609833e+04
2.717000000000000000e+03 1.946183199976803007e+04
2.718000000000000000e+03 1.947169193888985683e+04
2.719000000000000000e+03 1.948060233848840653e+04
2.720000000000000000e+03 1.950303628612523971e+04
2.721000000000000000e+03 1.960768799044895059e+04
2.722000000000000000e+03 1.958655106449099912e+04
2.723000000000000000e+03 1.958654838586239202e+04
2.724000000000000000e+03 1.961603374640486072e+04
2.725000000000000000e+03 1.960508021528136669e+04
2.726000000000000000e+03 1.960765559871544610e+04
2.727000000000000000e+03 1.957292266618580834e+04
2.728000000000000000e+03 1.953933941280377985e+04
2.729000000000000000e+03 1.954807531943926006e+04
2.730000000000000000e+03 1.955541357118999804e+04
2.731000000000000000e+03 1.955138922360757351e+04
2.732000000000000000e+03 1.958064582042362963e+04
2.733000000000000000e+03 1.961582782317703459e+04
2.734000000000000000e+03 1.960193256333819591e+04
2.735000000000000000e+03 1.958494312904609978e+04
2.736000000000000000e+03 1.957476880818500649e+04
2.737000000000000000e+03 1.959149758761193152e+04
2.738000000000000000e+03 1.958507015234190476e+04
2.739000000000000000e+03 1.958624984105280964e+04
2.740000000000000000e+03 1.964621305059428050e+04
2.741000000000000000e+03 1.966031142426603765e+04
2.742000000000000000e+03 1.964382426542606117e+04
2.743000000000000000e+03 1.965261930768634556e+04
2.744000000000000000e+03 1.964700861214929682e+04
2.745000000000000000e+03 1.968555113666851685e+04
2.746000000000000000e+03 1.968519016712516532e+04
2.747000000000000000e+03 1.969617012414774217e+04
2.748000000000000000e+03 1.969093391766475543e+04
2.749000000000000000e+03 1.972293087082505372e+04
2.750000000000000000e+03 1.971308132479944470e+04
2.751000000000000000e+03 1.970833070319705075e+04
2.752000000000000000e+03 1.968506192097139501e+04
2.753000000000000000e+03 1.971403425769241585e+04
2.754000000000000000e+03 1.968207476106520335e+04
2.755000000000000000e+03 1.971988786008315947e+04
2.756000000000000000e+03 1.971147978775220326e+04
2.757000000000000000e+03 1.968159236726045856e+04
2.758000000000000000e+03 1.970794936023761329e+04
2.759000000000000000e+03 1.969129664587441221e+04
2.760000000000000000e+03 1.969461955058955209e+04
2.761000000000000000e+03 1.971502455706191904e+04
2.762000000000000000e+03 1.975797611656498702e+04
2.763000000000000000e+03 1.977695949853820275e+04
2.764000000000000000e+03 1.977352171102599823e+04
2.765000000000000000e+03 1.978693431123925984e+04
2.766000000000000000e+03 1.975709759964548357e+04
2.767000000000000000e+03 1.974897960029955357e+04
2.768000000000000000e+03 1.978815175739789993e+04
2.769000000000000000e+03 1.981193946766034060e+04
2.770000000000000000e+03 1.978245243462603321e+04
2.771000000000000000e+03 1.976275110510090599e+04
2.772000000000000000e+03 1.972854963898222923e+04
2.773000000000000000e+03 1.973539481067827728e+04
2.774000000000000000e+03 1.978274029157389668e+04
2.775000000000000000e+03 1.979856986516399047e+04
2.776000000000000000e+03 1.978635163746133549e+04
2.777000000000000000e+03 1.977761041192680932e+04
2.778000000000000000e+03 1.980749168852705043e+04
2.779000000000000000e+03 1.982636188019879773e+04
2.780000000000000000e+03 1.983191531545749604e+04
2.781000000000000000e+03 1.983691288515002088e+04
2.782000000000000000e+03 1.981768459505245119e+04
2.783000000000000000e+03 1.981176291897109695e+04
2.784000000000000000e+03 1.978039914326704093e+04
2.785000000000000000e+03 1.980144170066703737e+04
2.786000000000000000e+03 1.984427916220379120e+04
2.787000000000000000e+03 1.984097137225712868e+04
2.788000000000000000e+03 1.988227069165255671e+04
2.789000000000000000e+03 1.987342877536128799e+04
2.790000000000000000e+03 1.987326177548666237e+04
2.791000000000000000e+03 1.986795791446678413e+04
2.792000000000000000e+03 1.988165047021081045e+04
2.793000000000000000e+03 1.993262090845858256e+04
2.794000000000000000e+03 1.991551849908773511e+04
2.795000000000000000e+03 1.996219621412972629e+04
2.796000000000000000e+03 1.998984960272909666e+04
2.797000000000000000e+03 1.996218370965800568e+04
2.798000000000000000e+03 1.997984792747686151e+04
2.799000000000000000e+03 2.000337464559530417e+04
2.800000000000000000e+03 2.002778331422999327e+04
2.801000000000000000e+03 2.000073688696279351e+04
2.802000000000000000e+03 1.999789122249592765e+04
2.803000000000000000e+03 1.997729956207801661e+04
2.804000000000000000e+03 1.997114283340084512e+04
2.805000000000000000e+03 1.995695331912732581e+04
2.806000000000000000e+03 1.997873905429236765e+04
2.807000000000000000e+03 1.995589671726704182e+04
2.808000000000000000e+03 1.998197821696292522e+04
2.809000000000000000e+03 1.996994685973973174e+04
2.810000000000000000e+03 1.996221236947404395e+04
2.811000000000000000e+03 1.995887282158813468e+04
2.812000000000000000e+03 1.998448149283160819e+04
2.813000000000000000e+03 1.993109881566568583e+04
2.814000000000000000e+03 1.995770958699034600e+04
2.815000000000000000e+03 1.995215496538691878e+04
2.816000000000000000e+03 1.994709372890352097e+04
2.817000000000000000e+03 1.993910514195771611e+04
2.818000000000000000e+03 1.998535247370904108e+04
2.819000000000000000e+03 1.999993162569834385e+04
2.820000000000000000e+03 1.997737424799036307e+04
2.821000000000000000e+03 2.002973630284903265e+04
2.822000000000000000e+03 2.002412403280567742e+04
2.823000000000000000e+03 2.002086296834007589e+04
2.824000000000000000e+03 2.003053754242101058e+04
2.825000000000000000e+03 2.002942780093817782e+04
2.826000000000000000e+03 2.003840580523167228e+04
2.827000000000000000e+03 2.005424360312898716e+04
2.828000000000000000e+03 2.005827008179861514e+04
2.829000000000000000e+03 2.003242519180460658e+04
2.830000000000000000e+03 2.008145571573347479e+04
2.831000000000000000e+03 2.011485510703896580e+04
2.832000000000000000e+03 2.011376212450465391e+04
2.833000000000000000e+03 2.010327823408053519e+04
2.834000000000000000e+03 2.008198865902323814e+04
2.835000000000000000e+03 2.007346803951710899e+04
2.836000000000000000e+03 2.010083307376285302e+04
2.837000000000000000e+03 2.007672439069051325e+04
2.838000000000000000e+03 2.006095293304085862e+04
2.839000000000000000e+03 2.004507280117991468e+04
2.840000000000000000e+03 2.004737714173828135e+04
2.841000000000000000e+03 2.004861481219399138e+04
2.842000000000000000e+03 2.004415828190430329e+04
2.843000000000000000e+03 2.006678693153476706e+04
2.844000000000000000e+03 2.009837395050022315e+04
2.845000000000000000e+03 2.008213105890650695e+04
2.846000000000000000e+03 2.013393409607045760e+04
2.847000000000000000e+03 2.018861273653738681e+04
2.848000000000000000e+03 2.017139632059691212e+04
2.849000000000000000e+03 2.015697862421538957e+04
2.850000000000000000e+03 2.015987056353890148e+04
2.851000000000000000e+03 2.018787672207797368e+04
2.852000000000000000e+03 2.024342431491909156e+04
2.853000000000000000e+03 2.020672281104732974e+04
2.854000000000000000e+03 2.024173642156757705e+04
2.855000000000000000e+03 2.023659735594073572e+04
2.856000000000000000e+03 2.021016723343331250e+04
2.857000000000000000e+03 2.024646496143768672e+04
2.858000000000000000e+03 2.025953371201414848e+04
2.859000000000000000e+03 2.028240314361486162e+04
2.860000000000000000e+03 2.031861605143746783e+04
2.861000000000000000e+03 2.035584351935175800e+04
2.862000000000000000e+03 2.036856548336249762e+04
2.863000000000000000e+03 2.040963888949755710e+04
2.864000000000000000e+03 2.044357061382957545e+04
2.865000000000000000e+03 2.042440115629622960e+04
2.866000000000000000e+03 2.039548825538681558e+04
2.867000000000000000e+03 2.032827241301809772e+04
2.868000000000000000e+03 2.039390933351853892e+04
2.869000000000000000e+03 2.044963419101762338e+04
2.870000000000000000e+03 2.046978045894770185e+04
2.871000000000000000e+03 2.048857660178108927e+04
2.872000000000000000e+03 2.050032366421224287e+04
2.873000000000000000e+03 2.048101127181974516e+04
2.874000000000000000e+03 2.048957325154884893e+04
2.875000000000000000e+03 2.053470823188880968e+04
2.876000000000000000e+03 2.047331918591862632e+04
2.877000000000000000e+03 2.045411787735373218e+04
2.878000000000000000e+03 2.041924019813056657e+04
2.879000000000000000e+03 2.047372919877594541e+04
2.880000000000000000e+03 2.045097445330095798e+04
2.881000000000000000e+03 2.044949404222335579e+04
2.882000000000000000e+03 2.040677202309874338e+04
2.883000000000000000e+03 2.038657368147886882e+04
2.884000000000000000e+03 2.035344295020684876e+04
2.885000000000000000e+03 2.037396802417059007e+04
2.886000000000000000e+03 2.042427432701478392e+04
2.887000000000000000e+03 2.048164655958443836e+04
2.888000000000000000e+03 2.050362906492837283e+04
2.889000000000000000e+03 2.053338054071543957e+04
2.890000000000000000e+03 2.054275190852276864e+04
2.891000000000000000e+03 2.053131376592606830e+04
2.892000000000000000e+03 2.053454369964657235e+04
2.893000000000000000e+03 2.055706461864746234e+04
2.894000000000000000e+03 2.054312378395414999e+04
2.895000000000000000e+03 2.055105326837967004e+04
2.896000000000000000e+03 2.058220050586642537e+04
2.897000000000000000e+03 2.062457070084794759e+04
2.898000000000000000e+03 2.059946829705507116e+04
2.899000000000000000e+03 2.061570269755405752e+04
2.900000000000000000e+03 2.061556839856870283e+04
2.901000000000000000e+03 2.062789075789955314e+04
2.902000000000000000e+03 2.064469638050928188e+04
2.903000000000000000e+03 2.063413382564562198e+04
2.904000000000000000e+03 2.065020740467870928e+04
2.905000000000000000e+03 2.064704352238891079e+04
2.906000000000000000e+03 2.066898190237579547e+04
2.907000000000000000e+03 2.066777052039197588e+04
2.908000000000000000e+03 2.071120641330319268e+04
2.909000000000000000e+03 2.072539255099137154e+04
2.910000000000000000e+03 2.071967654563795440e+04
2.911000000000000000e+03 2.075417452038192278e+04
2.912000000000000000e+03 2.076078635784467042e+04
2.913000000000000000e+03 2.078085414958066031e+04
2.914000000000000000e+03 2.079682861593599591e+04
2.915000000000000000e+03 2.083393085659082499e+04
2.916000000000000000e+03 2.083627136341515870e+04
2.917000000000000000e+03 2.087029553841334564e+04
2.918000000000000000e+03 2.083435472386833499e+04
2.919000000000000000e+03 2.084619147575879833e+04
2.920000000000000000e+03 2.086840226017114765e+04
2.921000000000000000e+03 2.088922204210833297e+04
2.922000000000000000e+03 2.085847589683243132e+04
2.923000000000000000e+03 2.087514109760439169e+04
2.924000000000000000e+03 2.089715345502250057e+04
2.925000000000000000e+03 2.091458158041617207e+04
2.926000000000000000e+03 2.089949794132986426e+04
2.927000000000000000e+03 2.084765139786214058e+04
2.928000000000000000e+03 2.086024787022420423e+04
2.929000000000000000e+03 2.091844008006389413e+04
2.930000000000000000e+03 2.092151842502612271e+04
2.931000000000000000e+03 2.095198212109411543e+04
2.932000000000000000e+03 2.097295247112964717e+04
2.933000000000000000e+03 2.096501232198720754e+04
2.934000000000000000e+03 2.092967842652557010e+04
2.935000000000000000e+03 2.094853216407517539e+04
2.936000000000000000e+03 2.096626419424937922e+04
2.937000000000000000e+03 2.100293713845841557e+04
2.938000000000000000e+03 2.102208609192516451e+04
2.939000000000000000e+03 2.100963813954375291e+04
2.940000000000000000e+03 2.104940903248088944e+04
2.941000000000000000e+03 2.104021391799938647e+04
2.942000000000000000e+03 2.102238862065133071e+04
2.943000000000000000e+03 2.105695435477186402e+04
2.944000000000000000e+03 2.104933939933110742e+04
2.945000000000000000e+03 2.104358755941826894e+04
2.946000000000000000e+03 2.106132140231112498e+04
2.947000000000000000e+03 2.110387855120776294e+04
2.948000000000000000e+03 2.108026342004776234e+04
2.949000000000000000e+03 2.106319851860424751e+04
2.950000000000000000e+03 2.104442793793304008e+04
2.951000000000000000e+03 2.106766640614976131e+04
2.952000000000000000e+03 2.111495278335272451e+04
2.953000000000000000e+03 2.107290250865736743e+04
2.954000000000000000e+03 2.107370226278866176e+04
2.955000000000000000e+03 2.103986599589031539e+04
2.956000000000000000e+03 2.103449464414768954e+04
2.957000000000000000e+03 2.105050850447666380e+04
2.958000000000000000e+03 2.105832497248028085e+04
2.959000000000000000e+03 2.107131608191324631e+04
2.960000000000000000e+03 2.110365718529010701e+04
2.961000000000000000e+03 2.109504339617545338e+04
2.962000000000000000e+03 2.109873338352994688e+04
2.963000000000000000e+03 2.105719076256974222e+04
2.964000000000000000e+03 2.109876217609515879e+04
2.965000000000000000e+03 2.110341356247850854e+04
2.966000000000000000e+03 2.110092482517861208e+04
2.967000000000000000e+03 2.113596058540568993e+04
2.968000000000000000e+03 2.108356937650979307e+04
2.969000000000000000e+03 2.105021302943007322e+04
2.970000000000000000e+03 2.102922258332183628e+04
2.971000000000000000e+03 2.100961012643960930e+04
2.972000000000000000e+03 2.103661195574150770e+04
2.973000000000000000e+03 2.105707657885333538e+04
2.974000000000000000e+03 2.105908062475414772e+04
2.975000000000000000e+03 2.104106236466414703e+04
2.976000000000000000e+03 2.106212356958872624e+04
2.977000000000000000e+03 2.108455263161953553e+04
2.978000000000000000e+03 2.106840215393090330e+04
2.979000000000000000e+03 2.110525095416035401e+04
2.980000000000000000e+03 2.108954896318904139e+04
2.981000000000000000e+03 2.111249427976670995e+04
2.982000000000000000e+03 2.111132848037196163e+04
2.983000000000000000e+03 2.109806201288092052e+04
2.984000000000000000e+03 2.110278572215707391e+04
2.985000000000000000e+03 2.112758901923456870e+04
2.986000000000000000e+03 2.112817961468416979e+04
2.987000000000000000e+03 2.111374800867537851e+04
2.988000000000000000e+03 2.112839204011790571e+04
2.989000000000000000e+03 2.115909453949007730e+04
2.990000000000000000e+03 2.118898510318316767e+04
2.991000000000000000e+03 2.120361527130304967e+04
2.992000000000000000e+03 2.115085490139980539e+04
2.993000000000000000e+03 2.119459770059042421e+04
2.994000000000000000e+03 2.120743244276239784e+04
2.995000000000000000e+03 2.119461918288047309e+04
2.996000000000000000e+03 2.123080037912207263e+04
2.997000000000000000e+03 2.123075298170991300e+04
2.998000000000000000e+03 2.122314605490556642e+04
2.999000000000000000e+03 2.124978022174904618e+04
3.000000000000000000e+03 2.125217151325073428e+04
3.001000000000000000e+03 2.127560968855868487e+04
3.002000000000000000e+03 2.127605793641674245e+04
3.003000000000000000e+03 2.127593786165596248e+04
3.004000000000000000e+03 2.127810977287573405e+04
3.005000000000000000e+03 2.129095102750217120e+04
3.006000000000000000e+03 2.130263614865484851e+04
3.007000000000000000e+03 2.131730675921449074e+04
3.008000000000000000e+03 2.133505159283531611e+04
3.009000000000000000e+03 2.135542578152716305e+04
3.010000000000000000e+03 2.136785149946531965e+04
3.011000000000000000e+03 2.133106623944049352e+04
3.012000000000000000e+03 2.133321747808370492e+04
3.013000000000000000e+03 2.137998976294631575e+04
3.014000000000000000e+03 2.140580613968299076e+04
3.015000000000000000e+03 2.138821243741976286e+04
3.016000000000000000e+03 2.134508810339284173e+04
3.017000000000000000e+03 2.134525357104025534e+04
3.018000000000000000e+03 2.134258161912335345e+04
3.019000000000000000e+03 2.135586438230083513e+04
3.020000000000000000e+03 2.134794421255830093e+04
3.021000000000000000e+03 2.132971954880241537e+04
3.022000000000000000e+03 2.129647068830713761e+04
3.023000000000000000e+03 2.128179699415254800e+04
3.024000000000000000e+03 2.132625854819672531e+04
3.025000000000000000e+03 2.133054219352334621e+04
3.026000000000000000e+03 2.130630879972601178e+04
3.027000000000000000e+03 2.131089182064236229e+04
3.028000000000000000e+03 2.130005436580737296e+04
3.029000000000000000e+03 2.131734065833665227e+04
3.030000000000000000e+03 2.131852055855482831e+04
3.031000000000000000e+03 2.129330737804852106e+04
3.032000000000000000e+03 2.137022729005463771e+04
3.033000000000000000e+03 2.134555169016808577e+04
3.034000000000000000e+03 2.137528691872050331e+04
3.035000000000000000e+03 2.138424555626754227e+04
3.036000000000000000e+03 2.146210836353914783e+04
3.037000000000000000e+03 2.146552181689153804e+04
3.038000000000000000e+03 2.148895198239299498e+04
3.039000000000000000e+03 2.145399571782722705e+04
3.040000000000000000e+03 2.145486822025237780e+04
3.041000000000000000e+03 2.145366101168267414e+04
3.042000000000000000e+03 2.146762446062273011e+04
3.043000000000000000e+03 2.149213505157058535e+04
3.044000000000000000e+03 2.150013876311341301e+04
3.045000000000000000e+03 2.152073134677047346e+04
3.046000000000000000e+03 2.150474289766979928e+04
3.047000000000000000e+03 2.154614352303714986e+04
3.048000000000000000e+03 2.153360468268637487e+04
3.049000000000000000e+03 2.154484187338315314e+04
3.050000000000000000e+03 2.156949666187878029e+04
3.051000000000000000e+03 2.150917896361898238e+04
3.052000000000000000e+03 2.153925691966489831e+04
3.053000000000000000e+03 2.152148290612777782e+04
3.054000000000000000e+03 2.151468331943263547e+04
3.055000000000000000e+03 2.151718539358787893e+04
3.056000000000000000e+03 2.152748269629918286e+04
3.057000000000000000e+03 2.156206165353358665e+04
3.058000000000000000e+03 2.156757620279408002e+04
3.059000000000000000e+03 2.157771475776282750e+04
3.060000000000000000e+03 2.159152899638255622e+04
3.061000000000000000e+03 2.159383748225758609e+04
3.062000000000000000e+03 2.161004801132341163e+04
3.063000000000000000e+03 2.164707694276947586e+04
3.064000000000000000e+03 2.157901495676510604e+04
3.065000000000000000e+03 2.157439885703007531e+04
3.066000000000000000e+03 2.162242344416483320e+04
3.067000000000000000e+03 2.165866682297753141e+04
3.068000000000000000e+03 2.161793558142403344e+04
3.069000000000000000e+03 2.166150267001732936e+04
3.070000000000000000e+03 2.169484463323674208e+04
3.071000000000000000e+03 2.174362849437853947e+04
3.072000000000000000e+03 2.171081951349619339e+04
3.073000000000000000e+03 2.173748240021875608e+04
3.074000000000000000e+03 2.175372017963110557e+04
3.075000000000000000e+03 2.173969822053658208e+04
3.076000000000000000e+03 2.176131021108309869e+04
3.077000000000000000e+03 2.180421681630547391e+04
3.078000000000000000e+03 2.180126059064889341e+04
3.079000000000000000e+03 2.175827132171876656e+04
3.080000000000000000e+03 2.175085989253791558e+04
3.081000000000000000e+03 2.178200818842936860e+04
3.082000000000000000e+03 2.178889872330277285e+04
3.083000000000000000e+03 2.173750089024034605e+04
3.084000000000000000e+03 2.176048508130124901e+04
3.085000000000000000e+03 2.174039690820848409e+04
3.086000000000000000e+03 2.171689857662348732e+04
3.087000000000000000e+03 2.172935820844186310e+04
3.088000000000000000e+03 2.170189514088984288e+04
3.089000000000000000e+03 2.169762983194941989e+04
3.090000000000000000e+03 2.170961482189814342e+04
3.091000000000000000e+03 2.171943178492885636e+04
3.092000000000000000e+03 2.175034720842001843e+04
3.093000000000000000e+03 2.172426917766181941e+04
3.094000000000000000e+03 2.170565789488210794e+04
3.095000000000000000e+03 2.169180581453936247e+04
3.096000000000000000e+03 2.173950356721273783e+04
3.097000000000000000e+03 2.169934615808443777e+04
3.098000000000000000e+03 2.168950835346414897e+04
3.099000000000000000e+03 2.171191366184632716e+04
3.100000000000000000e+03 2.174014868981184190e+04
3.101000000000000000e+03 2.174052550345197233e+04
3.102000000000000000e+03 2.175919798719494429e+04
3.103000000000000000e+03 2.177557633819714101e+04
3.104000000000000000e+03 2.177684023904963760e+04
3.105000000000000000e+03 2.178383196241271798e+04
3.106000000000000000e+03 2.176189216653397671e+04
3.107000000000000000e+03 2.181708964317942446e+04
3.108000000000000000e+03 2.184611405494181599e+04
3.109000000000000000e+03 2.187446553524956107e+04
3.110000000000000000e+03 2.188615172909402827e+04
3.111000000000000000e+03 2.187303770462714238e+04
3.112000000000000000e+03 2.183970407273639285e+04
3.113000000000000000e+03 2.187398207779904260e+04
3.114000000000000000e+03 2.184982533341720409e+04
3.115000000000000000e+03 2.184461066678998395e+04
3.116000000000000000e+03 2.184195547956767768e+04
3.117000000000000000e+03 2.186556535509779860e+04
3.118000000000000000e+03 2.189506911418643722e+04
3.119000000000000000e+03 2.193167140169478444e+04
3.120000000000000000e+03 2.190517467913401924e+04
3.121000000000000000e+03 2.193663778908097447e+04
3.122000000000000000e+03 2.195639028454110303e+04
3.123000000000000000e+03 2.191114028516356120e+04
3.124000000000000000e+03 2.193281316433781831e+04
3.125000000000000000e+03 2.194964461232779286e+04
3.126000000000000000e+03 2.193598481023262502e+04
3.127000000000000000e+03 2.194490250380333600e+04
3.128000000000000000e+03 2.194001901497791187e+04
3.129000000000000000e+03 2.202121735245812306e+04
3.130000000000000000e+03 2.205052148705185755e+04
3.131000000000000000e+03 2.201294347974255288e+04
3.132000000000000000e+03 2.195329880884884187e+04
3.133000000000000000e+03 2.191569888116665970e+04
3.134000000000000000e+03 2.192295793909774875e+04
3.135000000000000000e+03 2.196679642213114857e+04
3.136000000000000000e+03 2.199441663505641918e+04
3.137000000000000000e+03 2.202198091099464727e+04
3.138000000000000000e+03 2.202923851447023844e+04
3.139000000000000000e+03 2.203329934844963645e+04
3.140000000000000000e+03 2.198693796550239495e+04
3.141000000000000000e+03 2.197489690590933969e+04
3.142000000000000000e+03 2.197004576423062827e+04
3.143000000000000000e+03 2.196973423082694353e+04
3.144000000000000000e+03 2.198162799404467296e+04
3.145000000000000000e+03 2.196540071640678070e+04
3.146000000000000000e+03 2.201459780605442575e+04
3.147000000000000000e+03 2.205874016005273734e+04
3.148000000000000000e+03 2.211424489031953271e+04
3.149000000000000000e+03 2.207841545451909769e+04
3.150000000000000000e+03 2.207310119908988781e+04
3.151000000000000000e+03 2.203100809404909523e+04
3.152000000000000000e+03 2.202157107154910045e+04
3.153000000000000000e+03 2.201315015168991158e+04
3.154000000000000000e+03 2.199754046994561941e+04
3.155000000000000000e+03 2.196406311591105987e+04
3.156000000000000000e+03 2.194369268704301430e+04
3.157000000000000000e+03 2.196516229771523285e+04
3.158000000000000000e+03 2.196201356681975085e+04
3.159000000000000000e+03 2.200897789208031827e+04
3.160000000000000000e+03 2.200821551914387965e+04
3.161000000000000000e+03 2.193615368771112117e+04
3.162000000000000000e+03 2.192272220200044103e+04
3.163000000000000000e+03 2.189273939089970372e+04
3.164000000000000000e+03 2.191823584168224261e+04
3.165000000000000000e+03 2.193795324865100702e+04
3.166000000000000000e+03 2.196567855292402965e+04
3.167000000000000000e+03 2.196032322042030864e+04
3.168000000000000000e+03 2.193929306773798453e+04
3.169000000000000000e+03 2.198264079681858129e+04
3.170000000000000000e+03 2.201661736830518566e+04
3.171000000000000000e+03 2.200596676880359882e+04
3.172000000000000000e+03 2.200083914313345667e+04
3.173000000000000000e+03 2.200063884591627357e+04
3.174000000000000000e+03 2.198215001679118359e+04
3.175000000000000000e+03 2.199737436571022772e+04
3.176000000000000000e+03 2.201389377695229632e+04
3.177000000000000000e+03 2.203987611584371189e+04
3.178000000000000000e+03 2.205645894368376685e+04
3.179000000000000000e+03 2.207565726021461887e+04
3.180000000000000000e+03 2.208068765035318575e+04
3.181000000000000000e+03 2.208240704879251280e+04
3.182000000000000000e+03 2.205819877319914667e+04
3.183000000000000000e+03 2.207564043563768792e+04
3.184000000000000000e+03 2.205340444874231252e+04
3.185000000000000000e+03 2.205508090765033194e+04
3.186000000000000000e+03 2.204537152638613770e+04
3.187000000000000000e+03 2.205124583655265087e+04
3.188000000000000000e+03 2.206710663334247147e+04
3.189000000000000000e+03 2.206077573327014397e+04
3.190000000000000000e+03 2.210498493924977083e+04
3.191000000000000000e+03 2.212865879097523430e+04
3.192000000000000000e+03 2.213718855770102164e+04
3.193000000000000000e+03 2.212702990565097571e+04
3.194000000000000000e+03 2.215906114593672100e+04
3.195000000000000000e+03 2.218410029684889741e+04
3.196000000000000000e+03 2.218502979225110903e+04
3.197000000000000000e+03 2.212443158957796913e+04
3.198000000000000000e+03 2.215609203902579611e+04
3.199000000000000000e+03 2.214358144751938380e+04
3.200000000000000000e+03 2.217435550041025272e+04
3.201000000000000000e+03 2.221915890834654419e+04
3.202000000000000000e+03 2.224057944830030829e+04
3.203000000000000000e+03 2.221179086055991502e+04
3.204000000000000000e+03 2.221331587109172688e+04
3.205000000000000000e+03 2.224128726315519452e+04
3.206000000000000000e+03 2.226385005747404648e+04
3.207000000000000000e+03 2.227342832948335126e+04
3.208000000000000000e+03 2.227395141287878141e+04
3.209000000000000000e+03 2.231854854823284404e+04
3.210000000000000000e+03 2.231474317870128289e+04
3.211000000000000000e+03 2.228238449694509109e+04
3.212000000000000000e+03 2.225007165014100974e+04
3.213000000000000000e+03 2.230742067561099975e+04
3.214000000000000000e+03 2.231655172627478169e+04
3.215000000000000000e+03 2.238050284597630161e+04
3.216000000000000000e+03 2.235412812775455313e+04
3.217000000000000000e+03 2.236881012265999016e+04
3.218000000000000000e+03 2.236722912874223766e+04
3.219000000000000000e+03 2.233451076785311307e+04
3.220000000000000000e+03 2.235011725212090460e+04
3.221000000000000000e+03 2.236298915289091747e+04
3.222000000000000000e+03 2.238632921626457755e+04
3.223000000000000000e+03 2.239020056926770485e+04
3.224000000000000000e+03 2.238540027570771781e+04
3.225000000000000000e+03 2.238223280142240037e+04
3.226000000000000000e+03 2.238474281057681219e+04
3.227000000000000000e+03 2.238971956259098806e+04
3.228000000000000000e+03 2.244131197168411018e+04
3.229000000000000000e+03 2.244580684374927660e+04
3.230000000000000000e+03 2.247932264063756520e+04
3.231000000000000000e+03 2.249557757325622879e+04
3.232000000000000000e+03 2.247902023921602449e+04
3.233000000000000000e+03 2.249610019551438018e+04
3.234000000000000000e+03 2.250472849543911434e+04
3.235000000000000000e+03 2.250718615327850057e+04
3.236000000000000000e+03 2.250052039609643907e+04
3.237000000000000000e+03 2.249931954932668305e+04
3.238000000000000000e+03 2.251245071535441821e+04
3.239000000000000000e+03 2.258359152774874747e+04
3.240000000000000000e+03 2.261182367317685203e+04
3.241000000000000000e+03 2.260211485856309810e+04
3.242000000000000000e+03 2.264495103980122440e+04
3.243000000000000000e+03 2.267560350534477038e+04
3.244000000000000000e+03 2.270997116814046967e+04
3.245000000000000000e+03 2.271861090991200763e+04
3.246000000000000000e+03 2.272485967894607529e+04
3.247000000000000000e+03 2.276452691647273605e+04
3.248000000000000000e+03 2.272699578812917753e+04
3.249000000000000000e+03 2.271013227272957738e+04
3.250000000000000000e+03 2.271404812974377637e+04
3.251000000000000000e+03 2.272363243600100395e+04
3.252000000000000000e+03 2.277027591483385186e+04
3.253000000000000000e+03 2.280767651028544788e+04
3.254000000000000000e+03 2.281248486366629731e+04
3.255000000000000000e+03 2.275634057966718319e+04
3.256000000000000000e+03 2.279984303857537088e+04
3.257000000000000000e+03 2.283727958343295177e+04
3.258000000000000000e+03 2.279586468148585482e+04
3.259000000000000000e+03 2.278380231535301937e+04
3.260000000000000000e+03 2.278351788240907990e+04
3.261000000000000000e+03 2.280547482601977026e+04
3.262000000000000000e+03 2.280335140819961089e+04
3.263000000000000000e+03 2.280976215100220725e+04
3.264000000000000000e+03 2.281652821122725436e+04
3.265000000000000000e+03 2.280961414716440777e+04
3.266000000000000000e+03 2.281127731384653816e+04
3.267000000000000000e+03 2.284003739066025810e+04
3.268000000000000000e+03 2.284768313728018620e+04
3.269000000000000000e+03 2.284601942519763543e+04
3.270000000000000000e+03 2.284325306772170370e+04
3.271000000000000000e+03 2.284401289642866686e+04
3.272000000000000000e+03 2.288054275023752780e+04
3.273000000000000000e+03 2.286892980229311434e+04
3.274000000000000000e+03 2.290237165497398018e+04
3.275000000000000000e+03 2.288690678401028345e+04
3.276000000000000000e+03 2.290882153560613006e+04
3.277000000000000000e+03 2.290182832879682246e+04
3.278000000000000000e+03 2.288263792420177924e+04
3.279000000000000000e+03 2.291593982192479598e+04
3.280000000000000000e+03 2.294024847535357549e+04
3.281000000000000000e+03 2.288805637156140801e+04
3.282000000000000000e+03 2.293291467613946588e+04
3.283000000000000000e+03 2.293778295698325746e+04
3.284000000000000000e+03 2.296181733717803218e+04
3.285000000000000000e+03 2.295787884684870005e+04
3.286000000000000000e+03 2.295195516032085652e+04
3.287000000000000000e+03 2.294582761756705440e+04
3.288000000000000000e+03 2.297211760744567437e+04
3.289000000000000000e+03 2.298830210150641869e+04
3.290000000000000000e+03 2.303982211712845310e+04
3.291000000000000000e+03 2.305570184530947517e+04
3.292000000000000000e+03 2.306083128845919782e+04
3.293000000000000000e+03 2.308489929798882804e+04
3.294000000000000000e+03 2.309840861216689518e+04
3.295000000000000000e+03 2.311537816498263055e+04
3.296000000000000000e+03 2.314056960656093725e+04
3.297000000000000000e+03 2.314108263817211628e+04
3.298000000000000000e+03 2.312365037851114539e+04
3.299000000000000000e+03 2.313819487265954012e+04
3.300000000000000000e+03 2.313679042398148158e+04
3.301000000000000000e+03 2.311496590127646414e+04
3.302000000000000000e+03 2.307553530853216944e+04
3.303000000000000000e+03 2.309272741386998314e+04
3.304000000000000000e+03 2.310441815677900377e+04
3.305000000000000000e+03 2.312823078942136635e+04
3.306000000000000000e+03 2.316267169142554849e+04
3.307000000000000000e+03 2.317802944021701842e+04
3.308000000000000000e+03 2.316736728473105904e+04
3.309000000000000000e+03 2.314652540027504438e+04
3.310000000000000000e+03 2.315712102793617305e+04
3.311000000000000000e+03 2.316888610636758676e+04
3.312000000000000000e+03 2.319504342239509788e+04
3.313000000000000000e+03 2.320311445393416216e+04
3.314000000000000000e+03 2.316721584874895780e+04
3.315000000000000000e+03 2.314954439609302426e+04
3.316000000000000000e+03 2.311149914018388881e+04
3.317000000000000000e+03 2.310374058143146249e+04
3.318000000000000000e+03 2.312330154016830056e+04
3.319000000000000000e+03 2.316658929958879889e+04
3.320000000000000000e+03 2.314676728868545615e+04
3.321000000000000000e+03 2.319247216318514620e+04
3.322000000000000000e+03 2.321555565176488381e+04
3.323000000000000000e+03 2.323320409611324430e+04
3.324000000000000000e+03 2.323872459569262355e+04
3.325000000000000000e+03 2.325456104491675796e+04
3.326000000000000000e+03 2.327303455938692787e+04
3.327000000000000000e+03 2.326042592112204511e+04
3.328000000000000000e+03 2.327665326485567857e+04
3.329000000000000000e+03 2.329172407755600943e+04
3.330000000000000000e+03 2.332918545234864723e+04
3.331000000000000000e+03 2.331708838772102899e+04
3.332000000000000000e+03 2.333289380789217103e+04
3.333000000000000000e+03 2.337040002595030819e+04
3.334000000000000000e+03 2.336762635149338166e+04
3.335000000000000000e+03 2.342151080786493549e+04
3.336000000000000000e+03 2.346714135822315438e+04
3.337000000000000000e+03 2.346926240351669185e+04
3.338000000000000000e+03 2.347129963656743348e+04
3.339000000000000000e+03 2.351080044064055255e+04
3.340000000000000000e+03 2.353955663391911730e+04
3.341000000000000000e+03 2.357434506747454361e+04
3.342000000000000000e+03 2.356186957947408519e+04
3.343000000000000000e+03 2.357020219319709213e+04
3.344000000000000000e+03 2.360640735727663196e+04
3.345000000000000000e+03 2.358108597792907676e+04
3.346000000000000000e+03 2.364617599500078359e+04
3.347000000000000000e+03 2.368140185001809368e+04
3.348000000000000000e+03 2.366188579324464445e+04
3.349000000000000000e+03 2.365711734654461907e+04
3.350000000000000000e+03 2.362427423714204269e+04
3.351000000000000000e+03 2.360784801045077620e+04
3.352000000000000000e+03 2.357831188865462900e+04
3.353000000000000000e+03 2.359070776299688441e+04
3.354000000000000000e+03 2.357054990126263510e+04
3.355000000000000000e+03 2.355001119736735927e+04
3.356000000000000000e+03 2.357260020113569044e+04
3.357000000000000000e+03 2.358492507843534986e+04
3.358000000000000000e+03 2.361885073091297818e+04
3.359000000000000000e+03 2.365823406823413825e+04
3.360000000000000000e+03 2.367390032670647270e+04
3.361000000000000000e+03 2.372750029440489016e+04
3.362000000000000000e+03 2.371351481472720843e+04
3.363000000000000000e+03 2.371678717147612042e+04
3.364000000000000000e+03 2.376072865832801472e+04
3.365000000000000000e+03 2.374905496377895179e+04
3.366000000000000000e+03 2.375144401930811000e+04
3.367000000000000000e+03 2.375113532775836575e+04
3.368000000000000000e+03 2.381370162340737807e+04
3.369000000000000000e+03 2.381437570054850585e+04
3.370000000000000000e+03 2.381350537111667290e+04
3.371000000000000000e+03 2.385377521967207213e+04
3.372000000000000000e+03 2.383511858807679528e+04
3.373000000000000000e+03 2.379107338806633925e+04
3.374000000000000000e+03 2.380787180235868072e+04
3.375000000000000000e+03 2.380509441936028452e+04
3.376000000000000000e+03 2.381798848294737400e+04
3.377000000000000000e+03 2.376944693444016229e+04
3.378000000000000000e+03 2.378871954118693247e+04
3.379000000000000000e+03 2.378273298510108361e+04
3.380000000000000000e+03 2.377735608660633807e+04
3.381000000000000000e+03 2.375921956207852418e+04
3.382000000000000000e+03 2.376540999203576212e+04
3.383000000000000000e+03 2.378266275088033217e+04
3.384000000000000000e+03 2.379915779314696556e+04
3.385000000000000000e+03 2.382030219626435064e+04
3.386000000000000000e+03 2.378315150397674370e+04
3.387000000000000000e+03 2.377951410702620706e+04
3.388000000000000000e+03 2.381120702398091089e+04
3.389000000000000000e+03 2.383594443658884120e+04
3.390000000000000000e+03 2.385675146550958743e+04
3.391000000000000000e+03 2.390401227700245363e+04
3.392000000000000000e+03 2.393026661552273072e+04
3.393000000000000000e+03 2.391375898054390927e+04
3.394000000000000000e+03 2.391193940878817375e+04
3.395000000000000000e+03 2.392231343077228667e+04
3.396000000000000000e+03 2.395296822042669737e+04
3.397000000000000000e+03 2.400550402719573685e+04
3.398000000000000000e+03 2.397066849009865837e+04
3.399000000000000000e+03 2.402393310171989651e+04
3.400000000000000000e+03 2.403908193026927984e+04
3.401000000000000000e+03 2.403850464927729263e+04
3.402000000000000000e+03 2.400074464878386061e+04
3.403000000000000000e+03 2.398579468320668457e+04
3.404000000000000000e+03 2.398331184606586248e+04
3.405000000000000000e+03 2.405845891248766929e+04
3.406000000000000000e+03 2.407463303980635828e+04
3.407000000000000000e+03 2.407438512238865951e+04
3.408000000000000000e+03 2.409326881431986476e+04
3.409000000000000000e+03 2.412068174177101901e+04
3.410000000000000000e+03 2.411105077278586032e+04
3.411000000000000000e+03 2.408491908767354835e+04
3.412000000000000000e+03 2.408843689835464465e+04
3.413000000000000000e+03 2.406074080840734678e+04
3.414000000000000000e+03 2.407036317396856248e+04
3.415000000000000000e+03 2.407851079906948507e+04
3.416000000000000000e+03 2.413425547289823589e+04
3.417000000000000000e+03 2.415467999271503504e+04
3.418000000000000000e+03 2.416176828461262267e+04
3.419000000000000000e+03 2.418698399586524829e+04
3.420000000000000000e+03 2.417423141602266332e+04
3.421000000000000000e+03 2.416041684382425228e+04
3.422000000000000000e+03 2.417850442363783804e+04
3.423000000000000000e+03 2.421072220548242331e+04
3.424000000000000000e+03 2.422801048438639555e+04
3.425000000000000000e+03 2.421333719574234783e+04
3.426000000000000000e+03 2.425185727612416667e+04
3.427000000000000000e+03 2.427766088202586980e+04
3.428000000000000000e+03 2.432618950288865017e+04
3.429000000000000000e+03 2.432186374482566316e+04
3.430000000000000000e+03 2.430326294650186173e+04
3.431000000000000000e+03 2.428823239020993424e+04
3.432000000000000000e+03 2.428216354966966901e+04
3.433000000000000000e+03 2.433727263948863038e+04
3.434000000000000000e+03 2.434717806906993428e+04
3.435000000000000000e+03 2.436151301849402807e+04
3.436000000000000000e+03 2.438126956915494156e+04
3.437000000000000000e+03 2.433365706281002349e+04
3.438000000000000000e+03 2.432364031561211596e+04
3.439000000000000000e+03 2.436488778824776455e+04
3.440000000000000000e+03 2.434036435462144073e+04
3.441000000000000000e+03 2.436507721955220040e+04
3.442000000000000000e+03 2.437055348071137269e+04
3.443000000000000000e+03 2.438160677773289353e+04
3.444000000000000000e+03 2.439170142754137851e+04
3.445000000000000000e+03 2.435568960354481897e+04
3.446000000000000000e+03 2.434407651785134658e+04
3.447000000000000000e+03 2.438123064727285600e+04
3.448000000000000000e+03 2.439137450889433239e+04
3.449000000000000000e+03 2.437259817295680114e+04
3.450000000000000000e+03 2.438844612648036491e+04
3.451000000000000000e+03 2.438137341080651095e+04
3.452000000000000000e+03 2.443009634357193136e+04
3.453000000000000000e+03 2.442723104571545628e+04
3.454000000000000000e+03 2.442505102644723593e+04
3.455000000000000000e+03 2.448382301910411115e+04
3.456000000000000000e+03 2.442011976275133929e+04
3.457000000000000000e+03 2.443180632655675799e+04
3.458000000000000000e+03 2.445741962104031336e+04
3.459000000000000000e+03 2.446145780463370829e+04
3.460000000000000000e+03 2.447828997134596648e+04
3.461000000000000000e+03 2.444673871881648665e+04
3.462000000000000000e+03 2.443426474079265245e+04
3.463000000000000000e+03 2.442640081802812347e+04
3.464000000000000000e+03 2.440886336293488785e+04
3.465000000000000000e+03 2.445731834969850024e+04
3.466000000000000000e+03 2.444701722629621872e+04
3.467000000000000000e+03 2.445502268466274109e+04
3.468000000000000000e+03 2.444670417788805571e+04
3.469000000000000000e+03 2.448635531638505199e+04
3.470000000000000000e+03 2.446563068125470090e+04
3.471000000000000000e+03 2.447905621568921924e+04
3.472000000000000000e+03 2.447833108452207307e+04
3.473000000000000000e+03 2.449648287434666054e+04
3.474000000000000000e+03 2.452266503582324731e+04
3.475000000000000000e+03 2.455093177498757359e+04
3.476000000000000000e+03 2.457091346803890701e+04
3.477000000000000000e+03 2.457619302344287280e+04
3.478000000000000000e+03 2.458016401991739986e+04
3.479000000000000000e+03 2.457839039752688768e+04
3.480000000000000000e+03 2.464165109683304399e+04
3.481000000000000000e+03 2.459847701882522233e+04
3.482000000000000000e+03 2.461051865323583843e+04
3.483000000000000000e+03 2.464358261535156271e+04
3.484000000000000000e+03 2.464511504121784310e+04
3.485000000000000000e+03 2.470258780037368342e+04
3.486000000000000000e+03 2.471659041486902788e+04
3.487000000000000000e+03 2.475579274026122221e+04
3.488000000000000000e+03 2.475501551507702243e+04
3.489000000000000000e+03 2.478436083007726484e+04
3.490000000000000000e+03 2.478489632298321885e+04
3.491000000000000000e+03 2.477640750569530428e+04
3.492000000000000000e+03 2.473225737513229979e+04
3.493000000000000000e+03 2.473118261940012235e+04
3.494000000000000000e+03 2.479129685699016045e+04
3.495000000000000000e+03 2.478580599770969638e+04
3.496000000000000000e+03 2.478353224957322527e+04
3.497000000000000000e+03 2.484169596485727016e+04
3.498000000000000000e+03 2.483484111427500466e+04
3.499000000000000000e+03 2.483629810234793331e+04
3.500000000000000000e+03 2.484395696884111021e+04
3.501000000000000000e+03 2.484917863295417555e+04
3.502000000000000000e+03 2.478798284561567561e+04
3.503000000000000000e+03 2.479065683993911080e+04
3.504000000000000000e+03 2.481831442720204359e+04
3.505000000000000000e+03 2.479103659052150397e+04
3.506000000000000000e+03 2.484953120222355938e+04
3.507000000000000000e+03 2.486935223283552114e+04
3.508000000000000000e+03 2.493517511030928654e+04
3.509000000000000000e+03 2.494597230231191497e+04
3.510000000000000000e+03 2.493701157060157857e+04
3.511000000000000000e+03 2.494692912648891797e+04
3.512000000000000000e+03 2.492163795405455676e+04
3.513000000000000000e+03 2.490048331194268030e+04
3.514000000000000000e+03 2.492801414609788480e+04
3.515000000000000000e+03 2.493938854681072553e+04
3.516000000000000000e+03 2.497313880568687819e+04
3.517000000000000000e+03 2.500880191674270100e+04
3.518000000000000000e+03 2.498463085748774392e+04
3.519000000000000000e+03 2.497212800533523114e+04
3.520000000000000000e+03 2.500078902511401247e+04
3.521000000000000000e+03 2.495446817957170424e+04
3.522000000000000000e+03 2.493295062148983561e+04
3.523000000000000000e+03 2.490813620952806741e+04
3.524000000000000000e+03 2.493486757433665844e+04
3.525000000000000000e+03 2.495600968042563181e+04
3.526000000000000000e+03 2.494789913982243161e+04
3.527000000000000000e+03 2.493016928810114041e+04
3.528000000000000000e+03 2.494288696721337692e+04
3.529000000000000000e+03 2.489294754927972099e+04
3.530000000000000000e+03 2.487179156865136974e+04
3.531000000000000000e+03 2.489652577757630206e+04
3.532000000000000000e+03 2.488040932227312805e+04
3.533000000000000000e+03 2.492661740114212080e+04
3.534000000000000000e+03 2.493670768761806175e+04
3.535000000000000000e+03 2.490758509304813197e+04
3.536000000000000000e+03 2.493134985921205225e+04
3.537000000000000000e+03 2.489613689366020481e+04
3.538000000000000000e+03 2.494882516560957447e+04
3.539000000000000000e+03 2.499950507294935596e+04
3.540000000000000000e+03 2.501175043337460011e+04
3.541000000000000000e+03 2.506908913163279067e+04
3.542000000000000000e+03 2.504756341947657347e+04
3.543000000000000000e+03 2.501217901748149961e+04
3.544000000000000000e+03 2.502420854335727927e+04
3.545000000000000000e+03 2.505852747283645294e+04
3.546000000000000000e+03 2.509724071971238664e+04
3.547000000000000000e+03 2.512324652238863928e+04
3.548000000000000000e+03 2.512598084923104034e+04
3.549000000000000000e+03 2.514566291391514096e+04
3.550000000000000000e+03 2.514131009101914606e+04
3.551000000000000000e+03 2.516396274917744086e+04
3.552000000000000000e+03 2.519395749539665121e+04
3.553000000000000000e+03 2.520589058201242005e+04
3.554000000000000000e+03 2.524906738282231890e+04
3.555000000000000000e+03 2.529378312608129636e+04
3.556000000000000000e+03 2.527968133933265563e+04
3.557000000000000000e+03 2.525872193731817970e+04
3.558000000000000000e+03 2.530200244390020816e+04
3.559000000000000000e+03 2.532033244134358756e+04
3.560000000000000000e+03 2.533062588678520115e+04
3.561000000000000000e+03 2.536935532039908503e+04
3.562000000000000000e+03 2.535390663326007416e+04
3.563000000000000000e+03 2.537168847097091930e+04
3.564000000000000000e+03 2.536394924679867108e+04
3.565000000000000000e+03 2.536435452832014198e+04
3.566000000000000000e+03 2.534545542494387701e+04
3.567000000000000000e+03 2.535453266570246342e+04
3.568000000000000000e+03 2.538761150718050339e+04
3.569000000000000000e+03 2.544036025767280807e+04
3.570000000000000000e+03 2.545185917547350982e+04
3.571000000000000000e+03 2.548679217353989225e+04
3.572000000000000000e+03 2.547860430410514527e+04
3.573000000000000000e+03 2.547437960064034269e+04
3.574000000000000000e+03 2.552622257444830029e+04
3.575000000000000000e+03 2.557378288142896781e+04
3.576000000000000000e+03 2.559026837853149118e+04
3.577000000000000000e+03 2.561836642939196827e+04
3.578000000000000000e+03 2.559728492377887596e+04
3.579000000000000000e+03 2.563929527166823027e+04
3.580000000000000000e+03 2.567774924084050508e+04
3.581000000000000000e+03 2.571696020270149529e+04
3.582000000000000000e+03 2.572460666401813432e+04
3.583000000000000000e+03 2.568350375203817748e+04
3.584000000000000000e+03 2.570365431680491383e+04
3.585000000000000000e+03 2.566081901972683772e+04
3.586000000000000000e+03 2.573423563230284344e+04
3.587000000000000000e+03 2.574474182061207102e+04
3.588000000000000000e+03 2.572242551740063936e+04
3.589000000000000000e+03 2.572479177777357836e+04
3.590000000000000000e+03 2.570289597971693001e+04
3.591000000000000000e+03 2.570933505343326033e+04
3.592000000000000000e+03 2.574263061731812923e+04
3.593000000000000000e+03 2.572139559341456334e+04
3.594000000000000000e+03 2.570310141217667842e+04
3.595000000000000000e+03 2.571384643468980721e+04
3.596000000000000000e+03 2.572312280662248668e+04
3.597000000000000000e+03 2.568520808671438135e+04
3.598000000000000000e+03 2.571945811331096775e+04
3.599000000000000000e+03 2.574828934075110737e+04
3.600000000000000000e+03 2.573806221659172297e+04
3.601000000000000000e+03 2.573283124388196302e+04
3.602000000000000000e+03 2.573376133700360879e+04
3.603000000000000000e+03 2.569654925308236488e+04
3.604000000000000000e+03 2.569539215203302956e+04
3.605000000000000000e+03 2.570807684156717369e+04
3.606000000000000000e+03 2.569887561071302844e+04
3.607000000000000000e+03 2.570196708500359819e+04
3.608000000000000000e+03 2.570707789771922398e+04
3.609000000000000000e+03 2.574089755811273426e+04
3.610000000000000000e+03 2.579090282734559878e+04
3.611000000000000000e+03 2.578104817325705881e+04
3.612000000000000000e+03 2.577327475696291367e+04
3.613000000000000000e+03 2.581500098281771352e+04
3.614000000000000000e+03 2.580573434436714160e+04
3.615000000000000000e+03 2.586299000833927857e+04
3.616000000000000000e+03 2.587567655531121272e+04
3.617000000000000000e+03 2.585503359892678782e+04
3.618000000000000000e+03 2.578910537269176348e+04
3.619000000000000000e+03 2.584930088636907021e+04
3.620000000000000000e+03 2.588218431564058847e+04
3.621000000000000000e+03 2.595010710307240151e+04
3.622000000000000000e+03 2.592880554110677622e+04
3.623000000000000000e+03 2.597063500896903497e+04
3.624000000000000000e+03 2.595899280541112603e+04
3.625000000000000000e+03 2.599746786773517670e+04
3.626000000000000000e+03 2.604896426871507720e+04
3.627000000000000000e+03 2.606612195794293802e+04
3.628000000000000000e+03 2.607156168715409149e+04
3.629000000000000000e+03 2.606368072110354115e+04
3.630000000000000000e+03 2.611789190638851505e+04
3.631000000000000000e+03 2.611968477112859182e+04
3.632000000000000000e+03 2.610218513003030603e+04
3.633000000000000000e+03 2.609193268543087834e+04
3.634000000000000000e+03 2.607676923910131882e+04
3.635000000000000000e+03 2.608139636447517114e+04
3.636000000000000000e+03 2.612235080790654320e+04
3.637000000000000000e+03 2.613778826839989779e+04
3.638000000000000000e+03 2.616029757818835060e+04
3.639000000000000000e+03 2.614998344654918765e+04
3.640000000000000000e+03 2.614386058438689361e+04
3.641000000000000000e+03 2.616978458557423801e+04
3.642000000000000000e+03 2.621432286232081970e+04
3.643000000000000000e+03 2.616153538980465964e+04
3.644000000000000000e+03 2.618232153397660659e+04
3.645000000000000000e+03 2.618942559113304742e+04
3.646000000000000000e+03 2.619204456804669462e+04
3.647000000000000000e+03 2.616679245858104332e+04
3.648000000000000000e+03 2.621040602114862850e+04
3.649000000000000000e+03 2.621715379256251617e+04
3.650000000000000000e+03 2.622244987249487531e+04
3.651000000000000000e+03 2.623472644762121490e+04
3.652000000000000000e+03 2.627019365499854030e+04
3.653000000000000000e+03 2.628446776631462126e+04
3.654000000000000000e+03 2.630318566051654489e+04
3.655000000000000000e+03 2.631336953838254340e+04
3.656000000000000000e+03 2.630778737401508988e+04
3.657000000000000000e+03 2.631558149140907335e+04
3.658000000000000000e+03 2.632875406187272529e+04
3.659000000000000000e+03 2.631580120662794798e+04
3.660000000000000000e+03 2.632740535315377201e+04
3.661000000000000000e+03 2.631961161277008432e+04
3.662000000000000000e+03 2.635184719203312125e+04
3.663000000000000000e+03 2.635584808900438657e+04
3.664000000000000000e+03 2.632028904356687781e+04
3.665000000000000000e+03 2.633668009928968604e+04
3.666000000000000000e+03 2.635360407190262777e+04
3.667000000000000000e+03 2.637091436360010630e+04
3.668000000000000000e+03 2.640316653165215394e+04
3.669000000000000000e+03 2.643597950855885938e+04
3.670000000000000000e+03 2.645980282311020710e+04
3.671000000000000000e+03 2.644190017172966691e+04
3.672000000000000000e+03 2.643099788825813084e+04
3.673000000000000000e+03 2.635395856765834105e+04
3.674000000000000000e+03 2.633829971526693407e+04
3.675000000000000000e+03 2.636293093637167112e+04
3.676000000000000000e+03 2.636304160543029138e+04
3.677000000000000000e+03 2.643560882158019012e+04
3.678000000000000000e+03 2.639871109744302885e+04
3.679000000000000000e+03 2.635770370253500005e+04
3.680000000000000000e+03 2.636924523308913922e+04
3.681000000000000000e+03 2.635218102374698356e+04
3.682000000000000000e+03 2.637581338036611851e+04
3.683000000000000000e+03 2.636458180107986118e+04
3.684000000000000000e+03 2.637660619965738078e+04
3.685000000000000000e+03 2.634262550458933038e+04
3.686000000000000000e+03 2.633224513786329044e+04
3.687000000000000000e+03 2.631101571109688302e+04
3.688000000000000000e+03 2.634266645325415811e+04
3.689000000000000000e+03 2.638516180220970273e+04
3.690000000000000000e+03 2.634249439042033191e+04
3.691000000000000000e+03 2.635748580461665915e+04
3.692000000000000000e+03 2.634675562103153788e+04
3.693000000000000000e+03 2.637573912400021436e+04
3.694000000000000000e+03 2.634483062431950384e+04
3.695000000000000000e+03 2.636041776174692495e+04
3.696000000000000000e+03 2.632450918264948996e+04
3.697000000000000000e+03 2.627076596519769737e+04
3.698000000000000000e+03 2.630774203293367100e+04
3.699000000000000000e+03 2.634756389029395723e+04
3.700000000000000000e+03 2.633002052699053093e+04
3.701000000000000000e+03 2.634317652734583680e+04
3.702000000000000000e+03 2.633325794014678468e+04
3.703000000000000000e+03 2.629719839542903719e+04
3.704000000000000000e+03 2.630501178567163879e+04
3.705000000000000000e+03 2.635575541220785817e+04
3.706000000000000000e+03 2.633111183050234104e+04
3.707000000000000000e+03 2.636707186104062203e+04
3.708000000000000000e+03 2.636863365541302119e+04
3.709000000000000000e+03 2.640441529071989135e+04
3.710000000000000000e+03 2.643210789224201653e+04
3.711000000000000000e+03 2.638832561183196594e+04
3.712000000000000000e+03 2.640640328487146689e+04
3.713000000000000000e+03 2.636807737712983362e+04
3.714000000000000000e+03 2.636998587446552119e+04
3.715000000000000000e+03 2.646153317136353508e+04
3.716000000000000000e+03 2.641680426004962646e+04
3.717000000000000000e+03 2.645560948245385589e+04
3.718000000000000000e+03 2.649031988144749266e+04
3.719000000000000000e+03 2.649659644652558200e+04
3.720000000000000000e+03 2.646162225816876526e+04
3.721000000000000000e+03 2.646150203761388912e+04
3.722000000000000000e+03 2.642792791525900611e+04
3.723000000000000000e+03 2.645071713749100309e+04
3.724000000000000000e+03 2.642769881580100628e+04
3.725000000000000000e+03 2.645740634472924285e+04
3.726000000000000000e+03 2.646683794640926499e+04
3.727000000000000000e+03 2.653891099380170635e+04
3.728000000000000000e+03 2.659195017659367295e+04
3.729000000000000000e+03 2.663776385494914939e+04
3.730000000000000000e+03 2.663231518011901426e+04
3.731000000000000000e+03 2.663241232050448161e+04
3.732000000000000000e+03 2.661830256513511267e+04
3.733000000000000000e+03 2.661777363302339654e+04
3.734000000000000000e+03 2.660259139640823560e+04
3.735000000000000000e+03 2.659632274607344152e+04
3.736000000000000000e+03 2.663205084435902972e+04
3.737000000000000000e+03 2.662289015339627440e+04
3.738000000000000000e+03 2.660329466039812178e+04
3.739000000000000000e+03 2.668603693185178417e+04
3.740000000000000000e+03 2.673068183080199742e+04
3.741000000000000000e+03 2.677402971022672500e+04
3.742000000000000000e+03 2.680359057149765795e+04
3.743000000000000000e+03 2.684663001249133231e+04
3.744000000000000000e+03 2.687738235223859738e+04
3.745000000000000000e+03 2.691588501218705642e+04
3.746000000000000000e+03 2.689558793477814106e+04
3.747000000000000000e+03 2.688105894671247370e+04
3.748000000000000000e+03 2.686742555349215763e+04
3.749000000000000000e+03 2.685641893729335789e+04
3.750000000000000000e+03 2.688765741083929606e+04
3.751000000000000000e+03 2.690814392017855425e+04
3.752000000000000000e+03 2.686870075648708007e+04
3.753000000000000000e+03 2.687696512853531021e+04
3.754000000000000000e+03 2.685852953461275320e+04
3.755000000000000000e+03 2.686042025798989198e+04
3.756000000000000000e+03 2.692032682026267867e+04
3.757000000000000000e+03 2.692923341838557462e+04
3.758000000000000000e+03 2.696938396838580957e+04
3.759000000000000000e+03 2.692700476470041758e+04
3.760000000000000000e+03 2.692022823101641188e+04
3.761000000000000000e+03 2.694619307830215985e+04
3.762000000000000000e+03 2.695699950395747874e+04
3.763000000000000000e+03 2.696748432798148133e+04
3.764000000000000000e+03 2.701184648183946047e+04
3.765000000000000000e+03 2.702993274434000341e+04
3.766000000000000000e+03 2.704964952378146336e+04
3.767000000000000000e+03 2.707790580340638189e+04
3.768000000000000000e+03 2.710119451453562579e+04
3.769000000000000000e+03 2.716320139804572682e+04
3.770000000000000000e+03 2.712622097971728363e+04
3.771000000000000000e+03 2.714736784216048181e+04
3.772000000000000000e+03 2.718024913093338182e+04
3.773000000000000000e+03 2.715521865846595756e+04
3.774000000000000000e+03 2.715428779301421309e+04
3.775000000000000000e+03 2.719724954426426484e+04
3.776000000000000000e+03 2.721084197107177897e+04
3.777000000000000000e+03 2.724012235709539164e+04
3.778000000000000000e+03 2.722835401583605562e+04
3.779000000000000000e+03 2.718239917227701517e+04
3.780000000000000000e+03 2.715927775675176963e+04
3.781000000000000000e+03 2.713933558297660420e+04
3.782000000000000000e+03 2.716795728940495610e+04
3.783000000000000000e+03 2.709914408478594851e+04
3.784000000000000000e+03 2.711094558344737015e+04
3.785000000000000000e+03 2.706023232425442984e+04
3.786000000000000000e+03 2.708526992473554856e+04
3.787000000000000000e+03 2.708322632321586934e+04
3.788000000000000000e+03 2.705924998889662675e+04
3.789000000000000000e+03 2.705774182616056351e+04
3.790000000000000000e+03 2.708126935276821678e+04
3.791000000000000000e+03 2.705741637968412761e+04
3.792000000000000000e+03 2.707808452629531530e+04
3.793000000000000000e+03 2.708060542021340370e+04
3.794000000000000000e+03 2.709463701138823308e+04
3.795000000000000000e+03 2.713789649551444018e+04
3.796000000000000000e+03 2.716086909639825171e+04
3.797000000000000000e+03 2.719164068876522651e+04
3.798000000000000000e+03 2.714236393093493461e+04
3.799000000000000000e+03 2.716922635449872541e+04
3.800000000000000000e+03 2.725571145634953791e+04
3.801000000000000000e+03 2.724832464931844879e+04
3.802000000000000000e+03 2.722811601098448955e+04
3.803000000000000000e+03 2.724662504338906365e+04
3.804000000000000000e+03 2.731462084793979375e+04
3.805000000000000000e+03 2.732182036354528827e+04
3.806000000000000000e+03 2.735752680590126693e+04
3.807000000000000000e+03 2.737644106076727621e+04
3.808000000000000000e+03 2.737293674868905146e+04
3.809000000000000000e+03 2.740023581203371577e+04
3.810000000000000000e+03 2.738937590951550010e+04
3.811000000000000000e+03 2.737854497200602418e+04
3.812000000000000000e+03 2.737461302553248970e+04
3.813000000000000000e+03 2.733706573780148392e+04
3.814000000000000000e+03 2.735050070593924829e+04
3.815000000000000000e+03 2.732953973333053364e+04
3.816000000000000000e+03 2.736636391798989644e+04
3.817000000000000000e+03 2.738810336954076411e+04
3.818000000000000000e+03 2.743775362844641495e+04
3.819000000000000000e+03 2.740947328205075610e+04
3.820000000000000000e+03 2.739303260135884193e+04
3.821000000000000000e+03 2.736442448819328274e+04
3.822000000000000000e+03 2.736408205192625246e+04
3.823000000000000000e+03 2.735714482262077581e+04
3.824000000000000000e+03 2.740486508396322461e+04
3.825000000000000000e+03 2.745084584438919410e+04
3.826000000000000000e+03 2.741052857889151346e+04
3.827000000000000000e+03 2.736510716207872247e+04
3.828000000000000000e+03 2.739009044824401280e+04
3.829000000000000000e+03 2.739843399271915405e+04
3.830000000000000000e+03 2.738754629805393779e+04
3.831000000000000000e+03 2.736172637805514023e+04
3.832000000000000000e+03 2.740075631697606150e+04
3.833000000000000000e+03 2.738570431150023796e+04
3.834000000000000000e+03 2.741566745393691963e+04
3.835000000000000000e+03 2.741650388036669028e+04
3.836000000000000000e+03 2.742068984519567312e+04
3.837000000000000000e+03 2.741439872428017770e+04
3.838000000000000000e+03 2.738819012021835806e+04
3.839000000000000000e+03 2.740494792176545525e+04
3.840000000000000000e+03 2.736806977334133990e+04
3.841000000000000000e+03 2.740187100358252792e+04
3.842000000000000000e+03 2.741079587674729919e+04
3.843000000000000000e+03 2.742222440415030724e+04
3.844000000000000000e+03 2.743339565475518611e+04
3.845000000000000000e+03 2.745715722124882450e+04
3.846000000000000000e+03 2.747005092267262444e+04
3.847000000000000000e+03 2.742083847151530063e+04
3.848000000000000000e+03 2.745638377617090373e+04
3.849000000000000000e+03 2.748413975800902699e+04
3.850000000000000000e+03 2.746932193016311430e+04
3.851000000000000000e+03 2.747343282298930353e+04
3.852000000000000000e+03 2.747599117785315320e+04
3.853000000000000000e+03 2.745782878208146940e+04
3.854000000000000000e+03 2.747736926945207233e+04
3.855000000000000000e+03 2.749812386682872602e+04
3.856000000000000000e+03 2.747717499652398692e+04
3.857000000000000000e+03 2.751174492352367452e+04
3.858000000000000000e+03 2.758182853346698175e+04
3.859000000000000000e+03 2.758306492372431239e+04
3.860000000000000000e+03 2.763750560739051070e+04
3.861000000000000000e+03 2.761538466009226249e+04
3.862000000000000000e+03 2.761287180702722617e+04
3.863000000000000000e+03 2.764130818857346094e+04
3.864000000000000000e+03 2.760980621710805281e+04
3.865000000000000000e+03 2.762064444589677805e+04
3.866000000000000000e+03 2.764721571210827824e+04
3.867000000000000000e+03 2.763568440069886856e+04
3.868000000000000000e+03 2.759049921860922404e+04
3.869000000000000000e+03 2.759424798582466246e+04
3.870000000000000000e+03 2.755645698376587097e+04
3.871000000000000000e+03 2.754106378759168365e+04
3.872000000000000000e+03 2.747658038187947750e+04
3.873000000000000000e+03 2.745744399194432845e+04
3.874000000000000000e+03 2.750437692642919501e+04
3.875000000000000000e+03 2.753060535746087771e+04
3.876000000000000000e+03 2.756877806961038732e+04
3.877000000000000000e+03 2.760094518934463849e+04
3.878000000000000000e+03 2.763409617557949969e+04
3.879000000000000000e+03 2.770705339195805209e+04
3.880000000000000000e+03 2.772082931755096433e+04
3.881000000000000000e+03 2.767555531984641857e+04
3.882000000000000000e+03 2.762654938585848868e+04
3.883000000000000000e+03 2.760553287873499357e+04
3.884000000000000000e+03 2.763758560509788367e+04
3.885000000000000000e+03 2.770790275265586388e+04
3.886000000000000000e+03 2.773446412405811861e+04
3.887000000000000000e+03 2.773383166580277248e+04
3.888000000000000000e+03 2.773080829057666779e+04
3.889000000000000000e+03 2.771368053996675008e+04
3.890000000000000000e+03 2.773090790922161978e+04
3.891000000000000000e+03 2.774386083656033952e+04
3.892000000000000000e+03 2.774303159719813993e+04
3.893000000000000000e+03 2.777415251005868413e+04
3.894000000000000000e+03 2.778393140603847860e+04
3.895000000000000000e+03 2.776539585017024001e+04
3.896000000000000000e+03 2.781142156648620585e+04
3.897000000000000000e+03 2.778717868256993825e+04
3.898000000000000000e+03 2.783118057524630058e+04
3.899000000000000000e+03 2.781587583680744137e+04
3.900000000000000000e+03 2.782872650722442995e+04
3.901000000000000000e+03 2.777401419442598853e+04
3.902000000000000000e+03 2.776594719359160808e+04
3.903000000000000000e+03 2.780123548427888818e+04
3.904000000000000000e+03 2.779278697020524123e+04
3.905000000000000000e+03 2.776730194838723764e+04
3.906000000000000000e+03 2.773644580639139895e+04
3.907000000000000000e+03 2.774027303121487057e+04
3.908000000000000000e+03 2.777124169094669196e+04
3.909000000000000000e+03 2.775059580682024171e+04
3.910000000000000000e+03 2.773025026113451531e+04
3.911000000000000000e+03 2.774187928399106386e+04
3.912000000000000000e+03 2.775939825351241961e+04
3.913000000000000000e+03 2.777072616993574411e+04
3.914000000000000000e+03 2.778348307830539488e+04
3.915000000000000000e+03 2.776989113855441246e+04
3.916000000000000000e+03 2.776287106502521783e+04
3.917000000000000000e+03 2.780155737934586432e+04
3.918000000000000000e+03 2.782887418384193006e+04
3.919000000000000000e+03 2.781028946126368101e+04
3.920000000000000000e+03 2.781200200243260406e+04
3.921000000000000000e+03 2.784422254058565159e+04
3.922000000000000000e+03 2.787073016949167868e+04
3.923000000000000000e+03 2.785516711368993128e+04
3.924000000000000000e+03 2.784219751428516975e+04
3.925000000000000000e+03 2.781405408959572378e+04
3.926000000000000000e+03 2.779107369918550830e+04
3.927000000000000000e+03 2.773941656716207581e+04
3.928000000000000000e+03 2.775699381372585049e+04
3.929000000000000000e+03 2.782231601116452293e+04
3.930000000000000000e+03 2.777192393078276655e+04
3.931000000000000000e+03 2.775717613556151628e+04
3.932000000000000000e+03 2.780007211507761531e+04
3.933000000000000000e+03 2.776288329053867346e+04
3.934000000000000000e+03 2.778176597895548912e+04
3.935000000000000000e+03 2.775363977352956499e+04
3.936000000000000000e+03 2.778403184884221264e+04
3.937000000000000000e+03 2.781758591853061444e+04
3.938000000000000000e+03 2.781598421590648286e+04
3.939000000000000000e+03 2.781196098132996121e+04
3.940000000000000000e+03 2.784425166971256840e+04
3.941000000000000000e+03 2.788045798873950116e+04
3.942000000000000000e+03 2.793667639310356390e+04
3.943000000000000000e+03 2.790340503891817934e+04
3.944000000000000000e+03 2.790408271297399915e+04
3.945000000000000000e+03 2.791511349877690373e+04
3.946000000000000000e+03 2.794214621756970155e+04
3.947000000000000000e+03 2.792111295416425128e+04
3.948000000000000000e+03 2.789093241825521909e+04
3.949000000000000000e+03 2.795535099186383013e+04
3.950000000000000000e+03 2.797282209407664777e+04
3.951000000000000000e+03 2.797688093270747049e+04
3.952000000000000000e+03 2.800598127496858797e+04
3.953000000000000000e+03 2.803145101756819713e+04
3.954000000000000000e+03 2.803191790545700132e+04
3.955000000000000000e+03 2.802982292160805810e+04
3.956000000000000000e+03 2.800449865122880510e+04
3.957000000000000000e+03 2.801701073842689584e+04
3.958000000000000000e+03 2.803172568492337814e+04
3.959000000000000000e+03 2.802441174443604541e+04
3.960000000000000000e+03 2.800476384250394767e+04
3.961000000000000000e+03 2.798969705795970367e+04
3.962000000000000000e+03 2.802589400568847850e+04
3.963000000000000000e+03 2.801198911065673747e+04
3.964000000000000000e+03 2.800978108299080850e+04
3.965000000000000000e+03 2.808456139372718826e+04
3.966000000000000000e+03 2.805670449462680699e+04
3.967000000000000000e+03 2.804640241292152859e+04
3.968000000000000000e+03 2.808332912900323572e+04
3.969000000000000000e+03 2.812784586829863474e+04
3.970000000000000000e+03 2.817143291317006515e+04
3.971000000000000000e+03 2.813497017120072996e+04
3.972000000000000000e+03 2.817025268275017879e+04
3.973000000000000000e+03 2.817003621208286131e+04
3.974000000000000000e+03 2.817211181266296990e+04
3.975000000000000000e+03 2.819946454830023868e+04
3.976000000000000000e+03 2.823347891872208857e+04
3.977000000000000000e+03 2.822453286880649466e+04
3.978000000000000000e+03 2.821435937031974390e+04
3.979000000000000000e+03 2.823900829553096992e+04
3.980000000000000000e+03 2.821096638589161739e+04
3.981000000000000000e+03 2.825938673920803922e+04
3.982000000000000000e+03 2.823773568780788264e+04
3.983000000000000000e+03 2.826220615875621297e+04
3.984000000000000000e+03 2.826213005747620991e+04
3.985000000000000000e+03 2.827289500868838149e+04
3.986000000000000000e+03 2.817733888418252536e+04
3.987000000000000000e+03 2.820300894560079178e+04
3.988000000000000000e+03 2.820117765596710888e+04
3.989000000000000000e+03 2.823003989296720101e+04
3.990000000000000000e+03 2.821813018795405878e+04
3.991000000000000000e+03 2.815692166151295532e+04
3.992000000000000000e+03 2.816090433189125906e+04
3.993000000000000000e+03 2.814486198125196461e+04
3.994000000000000000e+03 2.810945470469139036e+04
3.995000000000000000e+03 2.813567701077190941e+04
3.996000000000000000e+03 2.816138490690040271e+04
3.997000000000000000e+03 2.814190830129323513e+04
3.998000000000000000e+03 2.815272988842197083e+04
3.999000000000000000e+03 2.818626103194096504e+04
