# time_reduced msd_reduced
# region=central
# central=0.333333333333:0.666666666667
# outer=0:0.250000000000,0.750000000000:1
# transition=0.250000000000:0.333333333333,0.666666666667:0.750000000000
# atom_types=[2]
# n_selected=2536
# subtract_group_com_drift=True
0.000000000000000000e+00 0.000000000000000000e+00
1.000000000000000000e+00 1.307590406278145778e+01
2.000000000000000000e+00 2.286785402499556952e+01
3.000000000000000000e+00 3.064119815227633836e+01
4.000000000000000000e+00 4.106082909699161831e+01
5.000000000000000000e+00 4.977010504391021328e+01
6.000000000000000000e+00 5.930222911149530773e+01
7.000000000000000000e+00 6.694431908811462506e+01
8.000000000000000000e+00 7.577413865233330625e+01
9.000000000000000000e+00 8.411203669746643641e+01
1.000000000000000000e+01 9.436851750236749581e+01
1.100000000000000000e+01 1.056527010883101383e+02
1.200000000000000000e+01 1.149492426007145696e+02
1.300000000000000000e+01 1.213076196945023781e+02
1.400000000000000000e+01 1.290464542095149625e+02
1.500000000000000000e+01 1.397920267879559333e+02
1.600000000000000000e+01 1.490758456429324497e+02
1.700000000000000000e+01 1.608303460313330504e+02
1.800000000000000000e+01 1.656891090770807864e+02
1.900000000000000000e+01 1.748471703618521076e+02
2.000000000000000000e+01 1.867277807134564966e+02
2.100000000000000000e+01 1.960329491747410202e+02
2.200000000000000000e+01 2.048133098077088903e+02
2.300000000000000000e+01 2.152471048923216870e+02
2.400000000000000000e+01 2.220354158239986759e+02
2.500000000000000000e+01 2.325858285075384231e+02
2.600000000000000000e+01 2.426114709916563186e+02
2.700000000000000000e+01 2.517335356271224214e+02
2.800000000000000000e+01 2.629249812810353433e+02
2.900000000000000000e+01 2.733363977993377603e+02
3.000000000000000000e+01 2.767697750475218754e+02
3.100000000000000000e+01 2.851493755643451209e+02
3.200000000000000000e+01 2.949538719221280871e+02
3.300000000000000000e+01 3.034792063574679446e+02
3.400000000000000000e+01 3.159374767039228118e+02
3.500000000000000000e+01 3.268892519305645123e+02
3.600000000000000000e+01 3.383381971793298248e+02
3.700000000000000000e+01 3.473463696712011597e+02
3.800000000000000000e+01 3.567351235650004924e+02
3.900000000000000000e+01 3.655586859435520637e+02
4.000000000000000000e+01 3.792529391686728104e+02
4.100000000000000000e+01 3.880710195233345985e+02
4.200000000000000000e+01 3.979513739837339585e+02
4.300000000000000000e+01 4.067361901612345036e+02
4.400000000000000000e+01 4.151371952005445678e+02
4.500000000000000000e+01 4.248620491770868171e+02
4.600000000000000000e+01 4.283062494876871824e+02
4.700000000000000000e+01 4.387460997414511326e+02
4.800000000000000000e+01 4.461169164868790631e+02
4.900000000000000000e+01 4.556010527723142332e+02
5.000000000000000000e+01 4.664356109394024656e+02
5.100000000000000000e+01 4.747002102317017034e+02
5.200000000000000000e+01 4.823163641651289595e+02
5.300000000000000000e+01 4.954153751304613706e+02
5.400000000000000000e+01 5.057848126905250865e+02
5.500000000000000000e+01 5.108515849570246701e+02
5.600000000000000000e+01 5.215653158727167238e+02
5.700000000000000000e+01 5.372518929995493409e+02
5.800000000000000000e+01 5.468906361066575528e+02
5.900000000000000000e+01 5.528960523028677017e+02
6.000000000000000000e+01 5.567236515444384395e+02
6.100000000000000000e+01 5.613281715334455839e+02
6.200000000000000000e+01 5.731142880183516581e+02
6.300000000000000000e+01 5.763842201365487199e+02
6.400000000000000000e+01 5.905541893768273667e+02
6.500000000000000000e+01 6.019703384731296865e+02
6.600000000000000000e+01 6.087526577568255561e+02
6.700000000000000000e+01 6.219538375294198431e+02
6.800000000000000000e+01 6.284134942606769982e+02
6.900000000000000000e+01 6.377440528324607385e+02
7.000000000000000000e+01 6.520534026181056788e+02
7.100000000000000000e+01 6.593871786344730026e+02
7.200000000000000000e+01 6.721946820169415560e+02
7.300000000000000000e+01 6.794627531769079951e+02
7.400000000000000000e+01 6.867170460149873179e+02
7.500000000000000000e+01 6.903083141472891384e+02
7.600000000000000000e+01 6.983737579846664403e+02
7.700000000000000000e+01 7.014340223961610263e+02
7.800000000000000000e+01 7.091664628487880009e+02
7.900000000000000000e+01 7.208241945237565460e+02
8.000000000000000000e+01 7.343758327815040730e+02
8.100000000000000000e+01 7.349819476562486216e+02
8.200000000000000000e+01 7.491222145757643602e+02
8.300000000000000000e+01 7.645545932117477150e+02
8.400000000000000000e+01 7.737355396235309399e+02
8.500000000000000000e+01 7.822441107492152241e+02
8.600000000000000000e+01 7.894781171363440535e+02
8.700000000000000000e+01 8.092337797126660917e+02
8.800000000000000000e+01 8.198201139024711210e+02
8.900000000000000000e+01 8.293743796846447367e+02
9.000000000000000000e+01 8.389357661577421368e+02
9.100000000000000000e+01 8.467259658428727107e+02
9.200000000000000000e+01 8.526135067965986991e+02
9.300000000000000000e+01 8.656853263094793647e+02
9.400000000000000000e+01 8.833808812979812046e+02
9.500000000000000000e+01 8.954332583522761979e+02
9.600000000000000000e+01 8.981073900286614844e+02
9.700000000000000000e+01 9.018595939252925291e+02
9.800000000000000000e+01 9.098938253098804125e+02
9.900000000000000000e+01 9.218784644386840910e+02
1.000000000000000000e+02 9.311550715618999448e+02
1.010000000000000000e+02 9.361811287811243574e+02
1.020000000000000000e+02 9.473046557581843672e+02
1.030000000000000000e+02 9.459961402052932726e+02
1.040000000000000000e+02 9.532662650779394653e+02
1.050000000000000000e+02 9.622937689399722103e+02
1.060000000000000000e+02 9.744500710675665687e+02
1.070000000000000000e+02 9.863889975187001937e+02
1.080000000000000000e+02 9.906707099201704523e+02
1.090000000000000000e+02 9.995191453777518973e+02
1.100000000000000000e+02 1.011157610554734674e+03
1.110000000000000000e+02 1.019123616399548609e+03
1.120000000000000000e+02 1.028622308576981595e+03
1.130000000000000000e+02 1.030793278444918087e+03
1.140000000000000000e+02 1.034739703917188081e+03
1.150000000000000000e+02 1.051422446596391637e+03
1.160000000000000000e+02 1.058590791721935830e+03
1.170000000000000000e+02 1.064871471721192393e+03
1.180000000000000000e+02 1.074710645668691086e+03
1.190000000000000000e+02 1.091956990965771411e+03
1.200000000000000000e+02 1.094927587613350397e+03
1.210000000000000000e+02 1.107196282837365061e+03
1.220000000000000000e+02 1.109594633940274207e+03
1.230000000000000000e+02 1.115902237727066904e+03
1.240000000000000000e+02 1.118961175493967403e+03
1.250000000000000000e+02 1.121025471206061411e+03
1.260000000000000000e+02 1.129089684270383259e+03
1.270000000000000000e+02 1.144193520935899187e+03
1.280000000000000000e+02 1.141912683498458136e+03
1.290000000000000000e+02 1.159130708113739729e+03
1.300000000000000000e+02 1.164684625601068092e+03
1.310000000000000000e+02 1.165605677699635407e+03
1.320000000000000000e+02 1.171357824328337074e+03
1.330000000000000000e+02 1.182776663533876899e+03
1.340000000000000000e+02 1.190580612970260290e+03
1.350000000000000000e+02 1.198211365563476875e+03
1.360000000000000000e+02 1.220578410831477640e+03
1.370000000000000000e+02 1.227837706693166410e+03
1.380000000000000000e+02 1.244021012018546799e+03
1.390000000000000000e+02 1.248133406157822492e+03
1.400000000000000000e+02 1.268605562151297590e+03
1.410000000000000000e+02 1.276440131739361732e+03
1.420000000000000000e+02 1.293188033629440270e+03
1.430000000000000000e+02 1.304513946403826367e+03
1.440000000000000000e+02 1.311205358870406371e+03
1.450000000000000000e+02 1.314169879585099352e+03
1.460000000000000000e+02 1.324112585115138927e+03
1.470000000000000000e+02 1.337759509637862266e+03
1.480000000000000000e+02 1.346922864250941757e+03
1.490000000000000000e+02 1.359360840575414386e+03
1.500000000000000000e+02 1.369478709217866708e+03
1.510000000000000000e+02 1.367258080539500725e+03
1.520000000000000000e+02 1.381114747640613132e+03
1.530000000000000000e+02 1.390774367992330554e+03
1.540000000000000000e+02 1.393058294583349834e+03
1.550000000000000000e+02 1.412909607092984743e+03
1.560000000000000000e+02 1.417210687048688214e+03
1.570000000000000000e+02 1.426053774804978502e+03
1.580000000000000000e+02 1.419619352898559328e+03
1.590000000000000000e+02 1.436994019897026647e+03
1.600000000000000000e+02 1.444010193980132271e+03
1.610000000000000000e+02 1.446191301052266454e+03
1.620000000000000000e+02 1.460629315200056908e+03
1.630000000000000000e+02 1.478516714629211265e+03
1.640000000000000000e+02 1.483075291511586101e+03
1.650000000000000000e+02 1.494495061187263445e+03
1.660000000000000000e+02 1.501482938330417028e+03
1.670000000000000000e+02 1.513215711086039391e+03
1.680000000000000000e+02 1.531763819008889641e+03
1.690000000000000000e+02 1.546942998379248365e+03
1.700000000000000000e+02 1.560532348756016745e+03
1.710000000000000000e+02 1.567251341999390661e+03
1.720000000000000000e+02 1.575400922495660552e+03
1.730000000000000000e+02 1.579174386789026585e+03
1.740000000000000000e+02 1.599453779050811818e+03
1.750000000000000000e+02 1.609299927214805848e+03
1.760000000000000000e+02 1.615114678925859607e+03
1.770000000000000000e+02 1.612262947337260812e+03
1.780000000000000000e+02 1.623001603852091421e+03
1.790000000000000000e+02 1.646844953652574986e+03
1.800000000000000000e+02 1.659201254980379417e+03
1.810000000000000000e+02 1.667834708821690583e+03
1.820000000000000000e+02 1.673905390213917826e+03
1.830000000000000000e+02 1.682104382486181748e+03
1.840000000000000000e+02 1.695362379717318845e+03
1.850000000000000000e+02 1.697561457124692652e+03
1.860000000000000000e+02 1.722595662974186098e+03
1.870000000000000000e+02 1.728792113997379374e+03
1.880000000000000000e+02 1.753288114733703196e+03
1.890000000000000000e+02 1.764983911258630542e+03
1.900000000000000000e+02 1.774860232123030528e+03
1.910000000000000000e+02 1.785727654611217304e+03
1.920000000000000000e+02 1.791824810115292621e+03
1.930000000000000000e+02 1.792269888189128778e+03
1.940000000000000000e+02 1.808978147163085168e+03
1.950000000000000000e+02 1.822476220716672287e+03
1.960000000000000000e+02 1.826883263323616120e+03
1.970000000000000000e+02 1.828709435478213436e+03
1.980000000000000000e+02 1.841162328275295067e+03
1.990000000000000000e+02 1.857478199750913291e+03
2.000000000000000000e+02 1.867597518336175426e+03
2.010000000000000000e+02 1.871417316596714045e+03
2.020000000000000000e+02 1.887965008079506106e+03
2.030000000000000000e+02 1.897014086997796767e+03
2.040000000000000000e+02 1.902082926689246051e+03
2.050000000000000000e+02 1.913067371705010146e+03
2.060000000000000000e+02 1.920120274264776072e+03
2.070000000000000000e+02 1.920959846819680024e+03
2.080000000000000000e+02 1.948382229950771034e+03
2.090000000000000000e+02 1.960668633186577608e+03
2.100000000000000000e+02 1.963400230048501953e+03
2.110000000000000000e+02 1.973048287879389136e+03
2.120000000000000000e+02 1.977942733414020950e+03
2.130000000000000000e+02 1.979173270184426883e+03
2.140000000000000000e+02 1.985250527055162820e+03
2.150000000000000000e+02 1.996114665251746374e+03
2.160000000000000000e+02 2.010780065093975281e+03
2.170000000000000000e+02 2.032808863908937155e+03
2.180000000000000000e+02 2.038872705302238728e+03
2.190000000000000000e+02 2.046930273982851304e+03
2.200000000000000000e+02 2.055796887664053884e+03
2.210000000000000000e+02 2.057323578443793849e+03
2.220000000000000000e+02 2.065997293059844651e+03
2.230000000000000000e+02 2.077775436665623147e+03
2.240000000000000000e+02 2.085084024710488848e+03
2.250000000000000000e+02 2.095004921924785322e+03
2.260000000000000000e+02 2.092550898164177397e+03
2.270000000000000000e+02 2.098248461572952692e+03
2.280000000000000000e+02 2.114228824243494273e+03
2.290000000000000000e+02 2.126021568405690232e+03
2.300000000000000000e+02 2.125770329789520019e+03
2.310000000000000000e+02 2.138875728362315840e+03
2.320000000000000000e+02 2.153134440713439744e+03
2.330000000000000000e+02 2.139991372390793458e+03
2.340000000000000000e+02 2.148042050954773458e+03
2.350000000000000000e+02 2.147521405303786196e+03
2.360000000000000000e+02 2.165186848791458488e+03
2.370000000000000000e+02 2.172668921199198849e+03
2.380000000000000000e+02 2.188178544559682905e+03
2.390000000000000000e+02 2.198078354394120197e+03
2.400000000000000000e+02 2.208382927236169962e+03
2.410000000000000000e+02 2.228278471471696776e+03
2.420000000000000000e+02 2.245138296505844664e+03
2.430000000000000000e+02 2.253349568042881401e+03
2.440000000000000000e+02 2.261475105468109177e+03
2.450000000000000000e+02 2.262891701860044122e+03
2.460000000000000000e+02 2.267196276509404925e+03
2.470000000000000000e+02 2.274121020887208488e+03
2.480000000000000000e+02 2.269361306332768436e+03
2.490000000000000000e+02 2.266262804011097160e+03
2.500000000000000000e+02 2.280469063116935558e+03
2.510000000000000000e+02 2.286011244156936300e+03
2.520000000000000000e+02 2.294748713275786940e+03
2.530000000000000000e+02 2.288684188823955992e+03
2.540000000000000000e+02 2.298349289431753277e+03
2.550000000000000000e+02 2.320463900233995901e+03
2.560000000000000000e+02 2.325541860786674988e+03
2.570000000000000000e+02 2.329763788669445148e+03
2.580000000000000000e+02 2.327712529882789113e+03
2.590000000000000000e+02 2.347500533869210358e+03
2.600000000000000000e+02 2.354015551615363165e+03
2.610000000000000000e+02 2.361078826899049091e+03
2.620000000000000000e+02 2.366118759910951212e+03
2.630000000000000000e+02 2.385715034555796137e+03
2.640000000000000000e+02 2.389356093021102424e+03
2.650000000000000000e+02 2.399946919650432847e+03
2.660000000000000000e+02 2.407935905713975899e+03
2.670000000000000000e+02 2.412525102358385539e+03
2.680000000000000000e+02 2.427936487868735185e+03
2.690000000000000000e+02 2.431042613770853677e+03
2.700000000000000000e+02 2.439609244321870392e+03
2.710000000000000000e+02 2.436777464216844237e+03
2.720000000000000000e+02 2.445609625987371601e+03
2.730000000000000000e+02 2.459915898432453560e+03
2.740000000000000000e+02 2.476794759572316252e+03
2.750000000000000000e+02 2.484702906639361117e+03
2.760000000000000000e+02 2.495210509295330212e+03
2.770000000000000000e+02 2.505170457592965704e+03
2.780000000000000000e+02 2.518241795779008044e+03
2.790000000000000000e+02 2.509353891430689600e+03
2.800000000000000000e+02 2.515673704072748478e+03
2.810000000000000000e+02 2.527939981935508058e+03
2.820000000000000000e+02 2.531809689711920782e+03
2.830000000000000000e+02 2.530617102870966391e+03
2.840000000000000000e+02 2.545707266947790686e+03
2.850000000000000000e+02 2.561044772101009585e+03
2.860000000000000000e+02 2.575862820497267876e+03
2.870000000000000000e+02 2.595917419089238138e+03
2.880000000000000000e+02 2.598746683563247643e+03
2.890000000000000000e+02 2.593038179486208264e+03
2.900000000000000000e+02 2.606264987450575063e+03
2.910000000000000000e+02 2.602005938812503700e+03
2.920000000000000000e+02 2.607489501192752414e+03
2.930000000000000000e+02 2.611115421740287729e+03
2.940000000000000000e+02 2.626812672268831193e+03
2.950000000000000000e+02 2.627998146368923699e+03
2.960000000000000000e+02 2.641773029839330320e+03
2.970000000000000000e+02 2.653845182117083823e+03
2.980000000000000000e+02 2.673724079156331300e+03
2.990000000000000000e+02 2.679504070757824593e+03
3.000000000000000000e+02 2.686159103053868421e+03
3.010000000000000000e+02 2.692568965792374456e+03
3.020000000000000000e+02 2.714597292773151366e+03
3.030000000000000000e+02 2.730071326015341583e+03
3.040000000000000000e+02 2.752776870616395627e+03
3.050000000000000000e+02 2.771270199256984142e+03
3.060000000000000000e+02 2.781625100279887192e+03
3.070000000000000000e+02 2.795076342582156030e+03
3.080000000000000000e+02 2.808517318198201338e+03
3.090000000000000000e+02 2.819692395005090020e+03
3.100000000000000000e+02 2.826669104961710673e+03
3.110000000000000000e+02 2.832832993412114320e+03
3.120000000000000000e+02 2.828556894066595305e+03
3.130000000000000000e+02 2.839910398746176270e+03
3.140000000000000000e+02 2.862755070885348232e+03
3.150000000000000000e+02 2.872585616558392758e+03
3.160000000000000000e+02 2.872509075096393190e+03
3.170000000000000000e+02 2.899315921963304390e+03
3.180000000000000000e+02 2.900846606135079583e+03
3.190000000000000000e+02 2.913390222375405756e+03
3.200000000000000000e+02 2.933330701492681783e+03
3.210000000000000000e+02 2.938990964378439003e+03
3.220000000000000000e+02 2.947293531550585612e+03
3.230000000000000000e+02 2.969625865364832862e+03
3.240000000000000000e+02 2.970123766320485629e+03
3.250000000000000000e+02 2.985224251821309736e+03
3.260000000000000000e+02 2.998809154766828215e+03
3.270000000000000000e+02 2.990266518719841770e+03
3.280000000000000000e+02 3.009608936746961717e+03
3.290000000000000000e+02 3.031643804312141583e+03
3.300000000000000000e+02 3.032662570190611405e+03
3.310000000000000000e+02 3.046762947578460626e+03
3.320000000000000000e+02 3.043713791568548004e+03
3.330000000000000000e+02 3.048129913001388104e+03
3.340000000000000000e+02 3.054793150275452263e+03
3.350000000000000000e+02 3.059742699466562044e+03
3.360000000000000000e+02 3.075824309560289748e+03
3.370000000000000000e+02 3.080230396875950191e+03
3.380000000000000000e+02 3.083871956697959376e+03
3.390000000000000000e+02 3.069486932094182976e+03
3.400000000000000000e+02 3.084937205376350903e+03
3.410000000000000000e+02 3.091243747618678753e+03
3.420000000000000000e+02 3.101173325867532640e+03
3.430000000000000000e+02 3.114028232503601430e+03
3.440000000000000000e+02 3.121310357079998539e+03
3.450000000000000000e+02 3.139462095400495855e+03
3.460000000000000000e+02 3.148822945428888033e+03
3.470000000000000000e+02 3.163541737539494079e+03
3.480000000000000000e+02 3.167405380883801627e+03
3.490000000000000000e+02 3.171652133894281178e+03
3.500000000000000000e+02 3.170820594981483737e+03
3.510000000000000000e+02 3.157237715042873333e+03
3.520000000000000000e+02 3.164554049256077633e+03
3.530000000000000000e+02 3.183628493180862733e+03
3.540000000000000000e+02 3.202326336567442468e+03
3.550000000000000000e+02 3.213750993000464405e+03
3.560000000000000000e+02 3.218039763121599663e+03
3.570000000000000000e+02 3.216237497346087366e+03
3.580000000000000000e+02 3.220979574950744791e+03
3.590000000000000000e+02 3.232270816567192924e+03
3.600000000000000000e+02 3.247867391619039608e+03
3.610000000000000000e+02 3.257342096409749956e+03
3.620000000000000000e+02 3.262955482370360642e+03
3.630000000000000000e+02 3.257632083897433859e+03
3.640000000000000000e+02 3.269228411586816037e+03
3.650000000000000000e+02 3.282260279620212714e+03
3.660000000000000000e+02 3.296840954053149289e+03
3.670000000000000000e+02 3.299601798599026552e+03
3.680000000000000000e+02 3.324157310794964815e+03
3.690000000000000000e+02 3.330091108409012122e+03
3.700000000000000000e+02 3.348872277167783068e+03
3.710000000000000000e+02 3.371382841076968361e+03
3.720000000000000000e+02 3.388833617139615853e+03
3.730000000000000000e+02 3.403402489952088672e+03
3.740000000000000000e+02 3.417569221598593231e+03
3.750000000000000000e+02 3.429843678604965135e+03
3.760000000000000000e+02 3.444585143528780463e+03
3.770000000000000000e+02 3.448376701795443296e+03
3.780000000000000000e+02 3.461037444473543928e+03
3.790000000000000000e+02 3.467891921746840580e+03
3.800000000000000000e+02 3.473955273903270154e+03
3.810000000000000000e+02 3.476612799929213907e+03
3.820000000000000000e+02 3.476005815336567593e+03
3.830000000000000000e+02 3.483762010078224193e+03
3.840000000000000000e+02 3.496351732567686668e+03
3.850000000000000000e+02 3.512898540966049495e+03
3.860000000000000000e+02 3.528319946112383150e+03
3.870000000000000000e+02 3.521922324198377282e+03
3.880000000000000000e+02 3.533301732964845087e+03
3.890000000000000000e+02 3.529257506136028042e+03
3.900000000000000000e+02 3.545129255803003616e+03
3.910000000000000000e+02 3.559079839862861263e+03
3.920000000000000000e+02 3.577955138360826822e+03
3.930000000000000000e+02 3.586687521960747290e+03
3.940000000000000000e+02 3.594496198667252884e+03
3.950000000000000000e+02 3.605790083779587803e+03
3.960000000000000000e+02 3.598846134076711678e+03
3.970000000000000000e+02 3.619370059025384307e+03
3.980000000000000000e+02 3.616308164104741991e+03
3.990000000000000000e+02 3.632275945410684926e+03
4.000000000000000000e+02 3.650234391411291199e+03
4.010000000000000000e+02 3.668807480244332510e+03
4.020000000000000000e+02 3.676098023273191757e+03
4.030000000000000000e+02 3.680818206052314054e+03
4.040000000000000000e+02 3.683822304507965782e+03
4.050000000000000000e+02 3.700342218947559559e+03
4.060000000000000000e+02 3.698712449413389095e+03
4.070000000000000000e+02 3.717506556841936799e+03
4.080000000000000000e+02 3.720755558422029935e+03
4.090000000000000000e+02 3.746248226592656010e+03
4.100000000000000000e+02 3.758712411303857607e+03
4.110000000000000000e+02 3.781513188523340887e+03
4.120000000000000000e+02 3.779150352747091347e+03
4.130000000000000000e+02 3.781463642318817620e+03
4.140000000000000000e+02 3.788953823699286659e+03
4.150000000000000000e+02 3.804058000989900393e+03
4.160000000000000000e+02 3.825666787849917455e+03
4.170000000000000000e+02 3.838500845786683385e+03
4.180000000000000000e+02 3.843524438382084554e+03
4.190000000000000000e+02 3.865976215571973626e+03
4.200000000000000000e+02 3.857688346243522119e+03
4.210000000000000000e+02 3.866296139096459228e+03
4.220000000000000000e+02 3.877925786712960416e+03
4.230000000000000000e+02 3.884240955997273886e+03
4.240000000000000000e+02 3.881959178047905425e+03
4.250000000000000000e+02 3.894981861816133005e+03
4.260000000000000000e+02 3.912709885818079329e+03
4.270000000000000000e+02 3.939355344947737649e+03
4.280000000000000000e+02 3.950520252746237475e+03
4.290000000000000000e+02 3.939640789053503340e+03
4.300000000000000000e+02 3.932808419085929017e+03
4.310000000000000000e+02 3.957032691669603537e+03
4.320000000000000000e+02 3.979335677330937415e+03
4.330000000000000000e+02 3.973993312705988501e+03
4.340000000000000000e+02 3.973556059137506963e+03
4.350000000000000000e+02 3.971171217745688409e+03
4.360000000000000000e+02 3.966945241585582608e+03
4.370000000000000000e+02 3.981286301349269252e+03
4.380000000000000000e+02 4.009085685533155356e+03
4.390000000000000000e+02 4.016495837327486697e+03
4.400000000000000000e+02 4.021444671584534262e+03
4.410000000000000000e+02 4.047954661830583063e+03
4.420000000000000000e+02 4.057736878060854906e+03
4.430000000000000000e+02 4.069136742715944365e+03
4.440000000000000000e+02 4.072057091706827578e+03
4.450000000000000000e+02 4.087650650728147411e+03
4.460000000000000000e+02 4.092385034622770490e+03
4.470000000000000000e+02 4.103468436346479393e+03
4.480000000000000000e+02 4.124794759414900909e+03
4.490000000000000000e+02 4.142362490098538728e+03
4.500000000000000000e+02 4.147279924957377261e+03
4.510000000000000000e+02 4.145880462568988150e+03
4.520000000000000000e+02 4.154988566754973363e+03
4.530000000000000000e+02 4.167213663402455495e+03
4.540000000000000000e+02 4.174994193453630032e+03
4.550000000000000000e+02 4.167783887152016177e+03
4.560000000000000000e+02 4.174831497630411832e+03
4.570000000000000000e+02 4.194399252454740235e+03
4.580000000000000000e+02 4.184199352891354465e+03
4.590000000000000000e+02 4.192056619526747454e+03
4.600000000000000000e+02 4.209399659986373081e+03
4.610000000000000000e+02 4.222617609454132435e+03
4.620000000000000000e+02 4.233471134282053754e+03
4.630000000000000000e+02 4.243165411885484900e+03
4.640000000000000000e+02 4.253674414381591305e+03
4.650000000000000000e+02 4.255955421999305145e+03
4.660000000000000000e+02 4.258660632372052532e+03
4.670000000000000000e+02 4.289690193668820939e+03
4.680000000000000000e+02 4.291512050130037096e+03
4.690000000000000000e+02 4.287654752371649010e+03
4.700000000000000000e+02 4.291692915140276455e+03
4.710000000000000000e+02 4.324270606904540728e+03
4.720000000000000000e+02 4.329585352719204820e+03
4.730000000000000000e+02 4.323186464665818676e+03
4.740000000000000000e+02 4.321781331715520537e+03
4.750000000000000000e+02 4.335181272610131600e+03
4.760000000000000000e+02 4.345210183475895064e+03
4.770000000000000000e+02 4.369791777499077398e+03
4.780000000000000000e+02 4.389284143963418501e+03
4.790000000000000000e+02 4.395194467631343286e+03
4.800000000000000000e+02 4.395176363863480219e+03
4.810000000000000000e+02 4.404423895204373366e+03
4.820000000000000000e+02 4.414786862695099444e+03
4.830000000000000000e+02 4.411930919226722835e+03
4.840000000000000000e+02 4.413309904952423494e+03
4.850000000000000000e+02 4.433024004794025132e+03
4.860000000000000000e+02 4.450340884532154632e+03
4.870000000000000000e+02 4.455829755247172216e+03
4.880000000000000000e+02 4.461091403329472087e+03
4.890000000000000000e+02 4.459411969802802560e+03
4.900000000000000000e+02 4.465762199565695482e+03
4.910000000000000000e+02 4.471573370400410568e+03
4.920000000000000000e+02 4.473925088884134311e+03
4.930000000000000000e+02 4.469136495213150738e+03
4.940000000000000000e+02 4.463072382869692774e+03
4.950000000000000000e+02 4.457177143442122542e+03
4.960000000000000000e+02 4.442580600423851138e+03
4.970000000000000000e+02 4.441302566598793419e+03
4.980000000000000000e+02 4.452197150709556809e+03
4.990000000000000000e+02 4.467987503467501483e+03
5.000000000000000000e+02 4.472572333687761784e+03
5.010000000000000000e+02 4.487874020255032519e+03
5.020000000000000000e+02 4.490493905290220027e+03
5.030000000000000000e+02 4.491495795821108914e+03
5.040000000000000000e+02 4.501063726895842592e+03
5.050000000000000000e+02 4.488307285577424409e+03
5.060000000000000000e+02 4.492100279023285111e+03
5.070000000000000000e+02 4.483880910474410484e+03
5.080000000000000000e+02 4.496117523702245308e+03
5.090000000000000000e+02 4.512898318818732150e+03
5.100000000000000000e+02 4.505244562707403929e+03
5.110000000000000000e+02 4.525203794685185130e+03
5.120000000000000000e+02 4.537686633232854547e+03
5.130000000000000000e+02 4.543278635322611080e+03
5.140000000000000000e+02 4.578317488639421754e+03
5.150000000000000000e+02 4.579971358230976875e+03
5.160000000000000000e+02 4.581729779496755327e+03
5.170000000000000000e+02 4.587825353201021244e+03
5.180000000000000000e+02 4.576125891279270945e+03
5.190000000000000000e+02 4.578026101651952558e+03
5.200000000000000000e+02 4.590618807707548513e+03
5.210000000000000000e+02 4.596977033572264190e+03
5.220000000000000000e+02 4.610174147959707625e+03
5.230000000000000000e+02 4.636111837114904120e+03
5.240000000000000000e+02 4.652110746422934426e+03
5.250000000000000000e+02 4.663787731745684141e+03
5.260000000000000000e+02 4.669814201660869912e+03
5.270000000000000000e+02 4.661421689699183844e+03
5.280000000000000000e+02 4.653820199211859290e+03
5.290000000000000000e+02 4.658634496391392531e+03
5.300000000000000000e+02 4.667717165755464521e+03
5.310000000000000000e+02 4.685760930893414297e+03
5.320000000000000000e+02 4.705649328223757038e+03
5.330000000000000000e+02 4.712315029654507271e+03
5.340000000000000000e+02 4.713172231347496563e+03
5.350000000000000000e+02 4.725328291390642335e+03
5.360000000000000000e+02 4.749419722436330630e+03
5.370000000000000000e+02 4.735717702643316443e+03
5.380000000000000000e+02 4.726482405241921697e+03
5.390000000000000000e+02 4.729849046356125655e+03
5.400000000000000000e+02 4.728250194060176000e+03
5.410000000000000000e+02 4.743527751309189625e+03
5.420000000000000000e+02 4.754573401260722676e+03
5.430000000000000000e+02 4.756384832226031904e+03
5.440000000000000000e+02 4.789581535787732719e+03
5.450000000000000000e+02 4.796356237960749240e+03
5.460000000000000000e+02 4.791241760967817754e+03
5.470000000000000000e+02 4.803112038594855221e+03
5.480000000000000000e+02 4.808308731542229907e+03
5.490000000000000000e+02 4.816294739196167029e+03
5.500000000000000000e+02 4.832041542604270035e+03
5.510000000000000000e+02 4.841716215291825392e+03
5.520000000000000000e+02 4.861934250766714285e+03
5.530000000000000000e+02 4.868733660398937900e+03
5.540000000000000000e+02 4.858930557769800544e+03
5.550000000000000000e+02 4.866398256407128429e+03
5.560000000000000000e+02 4.863528015152427542e+03
5.570000000000000000e+02 4.885703153098279472e+03
5.580000000000000000e+02 4.899150906977145496e+03
5.590000000000000000e+02 4.883920801863206179e+03
5.600000000000000000e+02 4.890922989755326853e+03
5.610000000000000000e+02 4.900756754370449926e+03
5.620000000000000000e+02 4.913062326347359885e+03
5.630000000000000000e+02 4.916795296555360437e+03
5.640000000000000000e+02 4.909812714495589717e+03
5.650000000000000000e+02 4.914516737310422286e+03
5.660000000000000000e+02 4.948189665712031456e+03
5.670000000000000000e+02 4.966509518047901111e+03
5.680000000000000000e+02 4.973246407843627821e+03
5.690000000000000000e+02 4.944545603916868458e+03
5.700000000000000000e+02 4.936856959499252298e+03
5.710000000000000000e+02 4.941211986094222993e+03
5.720000000000000000e+02 4.929990597186007108e+03
5.730000000000000000e+02 4.941935757438484870e+03
5.740000000000000000e+02 4.957270586391392499e+03
5.750000000000000000e+02 4.987020688555375273e+03
5.760000000000000000e+02 5.011606080899332483e+03
5.770000000000000000e+02 5.035666825113311461e+03
5.780000000000000000e+02 5.016292675716491431e+03
5.790000000000000000e+02 5.025711301408183317e+03
5.800000000000000000e+02 5.021787915449947832e+03
5.810000000000000000e+02 5.034932604410720160e+03
5.820000000000000000e+02 5.039724594529200658e+03
5.830000000000000000e+02 5.046959214234570027e+03
5.840000000000000000e+02 5.043833570761203191e+03
5.850000000000000000e+02 5.051000531467948349e+03
5.860000000000000000e+02 5.065144349662109562e+03
5.870000000000000000e+02 5.085320320380799785e+03
5.880000000000000000e+02 5.094997388129429964e+03
5.890000000000000000e+02 5.095042467889016734e+03
5.900000000000000000e+02 5.095731988515237390e+03
5.910000000000000000e+02 5.107467682720518496e+03
5.920000000000000000e+02 5.116576688582552379e+03
5.930000000000000000e+02 5.116263118277935973e+03
5.940000000000000000e+02 5.135684525552628656e+03
5.950000000000000000e+02 5.140229131891936049e+03
5.960000000000000000e+02 5.141274976184044135e+03
5.970000000000000000e+02 5.140041054005504520e+03
5.980000000000000000e+02 5.136715675473477859e+03
5.990000000000000000e+02 5.152681951252535328e+03
6.000000000000000000e+02 5.161611798145552712e+03
6.010000000000000000e+02 5.180634506597434665e+03
6.020000000000000000e+02 5.172507274774420694e+03
6.030000000000000000e+02 5.181759620262981116e+03
6.040000000000000000e+02 5.157825589207746816e+03
6.050000000000000000e+02 5.163169567618949259e+03
6.060000000000000000e+02 5.165278423265324818e+03
6.070000000000000000e+02 5.204450547052979346e+03
6.080000000000000000e+02 5.214326718608216652e+03
6.090000000000000000e+02 5.225387002405199382e+03
6.100000000000000000e+02 5.233298921900169262e+03
6.110000000000000000e+02 5.246654314211930796e+03
6.120000000000000000e+02 5.252038764869228544e+03
6.130000000000000000e+02 5.263387281602074836e+03
6.140000000000000000e+02 5.253273732456215839e+03
6.150000000000000000e+02 5.260684929848560387e+03
6.160000000000000000e+02 5.282244138590785042e+03
6.170000000000000000e+02 5.272542241040648150e+03
6.180000000000000000e+02 5.279701134213399200e+03
6.190000000000000000e+02 5.294469490110072002e+03
6.200000000000000000e+02 5.327285599753253337e+03
6.210000000000000000e+02 5.316337839453691231e+03
6.220000000000000000e+02 5.314370710021573359e+03
6.230000000000000000e+02 5.319055132280984253e+03
6.240000000000000000e+02 5.310761452803588327e+03
6.250000000000000000e+02 5.331129495773872804e+03
6.260000000000000000e+02 5.355778989537229791e+03
6.270000000000000000e+02 5.354656403069004227e+03
6.280000000000000000e+02 5.355770684085668108e+03
6.290000000000000000e+02 5.368477522288850196e+03
6.300000000000000000e+02 5.370355595562668896e+03
6.310000000000000000e+02 5.393756436476960516e+03
6.320000000000000000e+02 5.410500933572351641e+03
6.330000000000000000e+02 5.415413084331485152e+03
6.340000000000000000e+02 5.418752192461002778e+03
6.350000000000000000e+02 5.432625396075904973e+03
6.360000000000000000e+02 5.431887036528723002e+03
6.370000000000000000e+02 5.441887274963340133e+03
6.380000000000000000e+02 5.447901369677980256e+03
6.390000000000000000e+02 5.469031937410863975e+03
6.400000000000000000e+02 5.471759530740562695e+03
6.410000000000000000e+02 5.490726324046525406e+03
6.420000000000000000e+02 5.487264576985688109e+03
6.430000000000000000e+02 5.487293990777840918e+03
6.440000000000000000e+02 5.497021092075618071e+03
6.450000000000000000e+02 5.505574801413978093e+03
6.460000000000000000e+02 5.521712252135169365e+03
6.470000000000000000e+02 5.542456741310837060e+03
6.480000000000000000e+02 5.534115317204438725e+03
6.490000000000000000e+02 5.545552437220693719e+03
6.500000000000000000e+02 5.556472097330516590e+03
6.510000000000000000e+02 5.550558117911699810e+03
6.520000000000000000e+02 5.548070953588024167e+03
6.530000000000000000e+02 5.575617310044315673e+03
6.540000000000000000e+02 5.588642165992278933e+03
6.550000000000000000e+02 5.595815280341284051e+03
6.560000000000000000e+02 5.633772373083766070e+03
6.570000000000000000e+02 5.627906377475500449e+03
6.580000000000000000e+02 5.629235258702491592e+03
6.590000000000000000e+02 5.624457077267071327e+03
6.600000000000000000e+02 5.615316609320799216e+03
6.610000000000000000e+02 5.615118546941578643e+03
6.620000000000000000e+02 5.618082923312360435e+03
6.630000000000000000e+02 5.652612537081324263e+03
6.640000000000000000e+02 5.663096158279958217e+03
6.650000000000000000e+02 5.657089707391386582e+03
6.660000000000000000e+02 5.660353856087125678e+03
6.670000000000000000e+02 5.674138768387369055e+03
6.680000000000000000e+02 5.672409615256197867e+03
6.690000000000000000e+02 5.659479328732400063e+03
6.700000000000000000e+02 5.692607377621923661e+03
6.710000000000000000e+02 5.726569674797941843e+03
6.720000000000000000e+02 5.737316899301739795e+03
6.730000000000000000e+02 5.767168761177918896e+03
6.740000000000000000e+02 5.768655781285526245e+03
6.750000000000000000e+02 5.780179368816752685e+03
6.760000000000000000e+02 5.786715049895202355e+03
6.770000000000000000e+02 5.789067411595319754e+03
6.780000000000000000e+02 5.786679584910561061e+03
6.790000000000000000e+02 5.788368987702346203e+03
6.800000000000000000e+02 5.786475400860459558e+03
6.810000000000000000e+02 5.771465875683804370e+03
6.820000000000000000e+02 5.817948568368242377e+03
6.830000000000000000e+02 5.824301405042244369e+03
6.840000000000000000e+02 5.825235844655735491e+03
6.850000000000000000e+02 5.840076777838819908e+03
6.860000000000000000e+02 5.839221788333688892e+03
6.870000000000000000e+02 5.841543091143954371e+03
6.880000000000000000e+02 5.854243063151436218e+03
6.890000000000000000e+02 5.876587017606994777e+03
6.900000000000000000e+02 5.886132517428416577e+03
6.910000000000000000e+02 5.880196502500542920e+03
6.920000000000000000e+02 5.879388378108140387e+03
6.930000000000000000e+02 5.893573374507874178e+03
6.940000000000000000e+02 5.901342902737324039e+03
6.950000000000000000e+02 5.913175094737346626e+03
6.960000000000000000e+02 5.924561347302789727e+03
6.970000000000000000e+02 5.941071593841668800e+03
6.980000000000000000e+02 5.938506290550844824e+03
6.990000000000000000e+02 5.958488879564562012e+03
7.000000000000000000e+02 5.977212039273974369e+03
7.010000000000000000e+02 6.002249294037146683e+03
7.020000000000000000e+02 6.019768933572345304e+03
7.030000000000000000e+02 6.045103195308945942e+03
7.040000000000000000e+02 6.073844368111156655e+03
7.050000000000000000e+02 6.080386862233736792e+03
7.060000000000000000e+02 6.079664096400924791e+03
7.070000000000000000e+02 6.112001994680862481e+03
7.080000000000000000e+02 6.114779963618796501e+03
7.090000000000000000e+02 6.136779034076302196e+03
7.100000000000000000e+02 6.153356546113239347e+03
7.110000000000000000e+02 6.146273380687620374e+03
7.120000000000000000e+02 6.174065259184659226e+03
7.130000000000000000e+02 6.164870897920881362e+03
7.140000000000000000e+02 6.153274994608523230e+03
7.150000000000000000e+02 6.173933968442587684e+03
7.160000000000000000e+02 6.200341851119802413e+03
7.170000000000000000e+02 6.217334026341408389e+03
7.180000000000000000e+02 6.228882693842630033e+03
7.190000000000000000e+02 6.245580194800016216e+03
7.200000000000000000e+02 6.254978934595244027e+03
7.210000000000000000e+02 6.250487213191331648e+03
7.220000000000000000e+02 6.256458687969511629e+03
7.230000000000000000e+02 6.263795886831810094e+03
7.240000000000000000e+02 6.278118253269959496e+03
7.250000000000000000e+02 6.269963948674500898e+03
7.260000000000000000e+02 6.274643465657102752e+03
7.270000000000000000e+02 6.261789922351508721e+03
7.280000000000000000e+02 6.254826157639893609e+03
7.290000000000000000e+02 6.251087103609661426e+03
7.300000000000000000e+02 6.256343638302550062e+03
7.310000000000000000e+02 6.265223135575678498e+03
7.320000000000000000e+02 6.290279291066939550e+03
7.330000000000000000e+02 6.323731621833310783e+03
7.340000000000000000e+02 6.323978591978376244e+03
7.350000000000000000e+02 6.331443282109363281e+03
7.360000000000000000e+02 6.328390467920649826e+03
7.370000000000000000e+02 6.336973343167242092e+03
7.380000000000000000e+02 6.346099451725476683e+03
7.390000000000000000e+02 6.361861301655420903e+03
7.400000000000000000e+02 6.359411774924271413e+03
7.410000000000000000e+02 6.355791915784257981e+03
7.420000000000000000e+02 6.357646974278393827e+03
7.430000000000000000e+02 6.364986060325018116e+03
7.440000000000000000e+02 6.355709041831629293e+03
7.450000000000000000e+02 6.369289886870186820e+03
7.460000000000000000e+02 6.367434020288806096e+03
7.470000000000000000e+02 6.372502395298667579e+03
7.480000000000000000e+02 6.386867369665019396e+03
7.490000000000000000e+02 6.396796753276874369e+03
7.500000000000000000e+02 6.402447879978197307e+03
7.510000000000000000e+02 6.421724726079188258e+03
7.520000000000000000e+02 6.404226726298437825e+03
7.530000000000000000e+02 6.404438162336593450e+03
7.540000000000000000e+02 6.419897207851768144e+03
7.550000000000000000e+02 6.410401512485721469e+03
7.560000000000000000e+02 6.409519339610358657e+03
7.570000000000000000e+02 6.423167307904544032e+03
7.580000000000000000e+02 6.436513573031800661e+03
7.590000000000000000e+02 6.439442127997880561e+03
7.600000000000000000e+02 6.419321411932674891e+03
7.610000000000000000e+02 6.433389454785331509e+03
7.620000000000000000e+02 6.454999080189669257e+03
7.630000000000000000e+02 6.457461421854798573e+03
7.640000000000000000e+02 6.453722801059255289e+03
7.650000000000000000e+02 6.490061909416914204e+03
7.660000000000000000e+02 6.511890060073391396e+03
7.670000000000000000e+02 6.510022404381711567e+03
7.680000000000000000e+02 6.545321289306375547e+03
7.690000000000000000e+02 6.535522786061654188e+03
7.700000000000000000e+02 6.549218398813924978e+03
7.710000000000000000e+02 6.530139034532846381e+03
7.720000000000000000e+02 6.519927516664979521e+03
7.730000000000000000e+02 6.538794452429001467e+03
7.740000000000000000e+02 6.527711870389458454e+03
7.750000000000000000e+02 6.551352427925330630e+03
7.760000000000000000e+02 6.563964204059319854e+03
7.770000000000000000e+02 6.559557062948613748e+03
7.780000000000000000e+02 6.577007113681455849e+03
7.790000000000000000e+02 6.579768493747047614e+03
7.800000000000000000e+02 6.568118719990797217e+03
7.810000000000000000e+02 6.568327937501429005e+03
7.820000000000000000e+02 6.572775336214695926e+03
7.830000000000000000e+02 6.581848916872953851e+03
7.840000000000000000e+02 6.600066730178090438e+03
7.850000000000000000e+02 6.603032860692955182e+03
7.860000000000000000e+02 6.603029387622351351e+03
7.870000000000000000e+02 6.626285150494928530e+03
7.880000000000000000e+02 6.635400125656657110e+03
7.890000000000000000e+02 6.643448417420826445e+03
7.900000000000000000e+02 6.662523262651837285e+03
7.910000000000000000e+02 6.660039696687153992e+03
7.920000000000000000e+02 6.666150376638992384e+03
7.930000000000000000e+02 6.653751990633496462e+03
7.940000000000000000e+02 6.676570809386350447e+03
7.950000000000000000e+02 6.682933186656842736e+03
7.960000000000000000e+02 6.706411759737896318e+03
7.970000000000000000e+02 6.692849394011634104e+03
7.980000000000000000e+02 6.698371781149188791e+03
7.990000000000000000e+02 6.723943508778507749e+03
8.000000000000000000e+02 6.730373813600403082e+03
8.010000000000000000e+02 6.725775308167937510e+03
8.020000000000000000e+02 6.738623583303102350e+03
8.030000000000000000e+02 6.741630363627110455e+03
8.040000000000000000e+02 6.752953515964823055e+03
8.050000000000000000e+02 6.747867588305023673e+03
8.060000000000000000e+02 6.750449113390169259e+03
8.070000000000000000e+02 6.740613862980192607e+03
8.080000000000000000e+02 6.735779687874978663e+03
8.090000000000000000e+02 6.740403537184623929e+03
8.100000000000000000e+02 6.744333110754574591e+03
8.110000000000000000e+02 6.756649787736451799e+03
8.120000000000000000e+02 6.744644279135391116e+03
8.130000000000000000e+02 6.753934114094558026e+03
8.140000000000000000e+02 6.764296540951714633e+03
8.150000000000000000e+02 6.766043783352632090e+03
8.160000000000000000e+02 6.761893212968913758e+03
8.170000000000000000e+02 6.781920742168605102e+03
8.180000000000000000e+02 6.784018614278867972e+03
8.190000000000000000e+02 6.786834621621959741e+03
8.200000000000000000e+02 6.795579103910185040e+03
8.210000000000000000e+02 6.817886844759561427e+03
8.220000000000000000e+02 6.838751095289440855e+03
8.230000000000000000e+02 6.857389581169471967e+03
8.240000000000000000e+02 6.865056538691992500e+03
8.250000000000000000e+02 6.887747149899725628e+03
8.260000000000000000e+02 6.882594989614482074e+03
8.270000000000000000e+02 6.901010477841032298e+03
8.280000000000000000e+02 6.929870589686101994e+03
8.290000000000000000e+02 6.944341961168605849e+03
8.300000000000000000e+02 6.941185372734088560e+03
8.310000000000000000e+02 6.933059892254389524e+03
8.320000000000000000e+02 6.936570150999800717e+03
8.330000000000000000e+02 6.939575865748100114e+03
8.340000000000000000e+02 6.969589114330303346e+03
8.350000000000000000e+02 6.978420085752523846e+03
8.360000000000000000e+02 7.002213052102126312e+03
8.370000000000000000e+02 7.010725543073510380e+03
8.380000000000000000e+02 7.014996269454351022e+03
8.390000000000000000e+02 7.018730384944503385e+03
8.400000000000000000e+02 7.038043524537374651e+03
8.410000000000000000e+02 7.025816820410703258e+03
8.420000000000000000e+02 7.041871017872903394e+03
8.430000000000000000e+02 7.048466316351669775e+03
8.440000000000000000e+02 7.062543238429696430e+03
8.450000000000000000e+02 7.088391637359079141e+03
8.460000000000000000e+02 7.096506511358257740e+03
8.470000000000000000e+02 7.097213925252833178e+03
8.480000000000000000e+02 7.095900075032564018e+03
8.490000000000000000e+02 7.099594744461612208e+03
8.500000000000000000e+02 7.122848265661387813e+03
8.510000000000000000e+02 7.114359261448413235e+03
8.520000000000000000e+02 7.115632149534875680e+03
8.530000000000000000e+02 7.111518664907138373e+03
8.540000000000000000e+02 7.121523817122420041e+03
8.550000000000000000e+02 7.135768985948647241e+03
8.560000000000000000e+02 7.152971663962287494e+03
8.570000000000000000e+02 7.168272364314059814e+03
8.580000000000000000e+02 7.164956788171680273e+03
8.590000000000000000e+02 7.155589670946647857e+03
8.600000000000000000e+02 7.176913951728091888e+03
8.610000000000000000e+02 7.191090455517426562e+03
8.620000000000000000e+02 7.215573944713688434e+03
8.630000000000000000e+02 7.238779130238798643e+03
8.640000000000000000e+02 7.248638773285487332e+03
8.650000000000000000e+02 7.252597372622284638e+03
8.660000000000000000e+02 7.262710367606568070e+03
8.670000000000000000e+02 7.270765838388012526e+03
8.680000000000000000e+02 7.287113714137405623e+03
8.690000000000000000e+02 7.299462710141700882e+03
8.700000000000000000e+02 7.309179590420090790e+03
8.710000000000000000e+02 7.297597575934245469e+03
8.720000000000000000e+02 7.290134805084753680e+03
8.730000000000000000e+02 7.309147147816209326e+03
8.740000000000000000e+02 7.307849982207241737e+03
8.750000000000000000e+02 7.297916886981425705e+03
8.760000000000000000e+02 7.314749282958514414e+03
8.770000000000000000e+02 7.341977208122937554e+03
8.780000000000000000e+02 7.347191983980535042e+03
8.790000000000000000e+02 7.356226035813489943e+03
8.800000000000000000e+02 7.334052067523064579e+03
8.810000000000000000e+02 7.350718815304470809e+03
8.820000000000000000e+02 7.367407985046045724e+03
8.830000000000000000e+02 7.360318405936317504e+03
8.840000000000000000e+02 7.357334735387131332e+03
8.850000000000000000e+02 7.387994718758236559e+03
8.860000000000000000e+02 7.402891909988511543e+03
8.870000000000000000e+02 7.418482744663246194e+03
8.880000000000000000e+02 7.406935271932846263e+03
8.890000000000000000e+02 7.400760516750097850e+03
8.900000000000000000e+02 7.414850527587433135e+03
8.910000000000000000e+02 7.432364371023310923e+03
8.920000000000000000e+02 7.428823831460443216e+03
8.930000000000000000e+02 7.439634852543452325e+03
8.940000000000000000e+02 7.429957268896926507e+03
8.950000000000000000e+02 7.459766751173874582e+03
8.960000000000000000e+02 7.474418339712313355e+03
8.970000000000000000e+02 7.481718503959192276e+03
8.980000000000000000e+02 7.475020960434029803e+03
8.990000000000000000e+02 7.484713929371213453e+03
9.000000000000000000e+02 7.511899632277883939e+03
9.010000000000000000e+02 7.516186720539178168e+03
9.020000000000000000e+02 7.523187958886505839e+03
9.030000000000000000e+02 7.561080208214032609e+03
9.040000000000000000e+02 7.560531225710288709e+03
9.050000000000000000e+02 7.567325947532685859e+03
9.060000000000000000e+02 7.571217786457124930e+03
9.070000000000000000e+02 7.556368096278421035e+03
9.080000000000000000e+02 7.562879102578076527e+03
9.090000000000000000e+02 7.590061533979493106e+03
9.100000000000000000e+02 7.604907264979126012e+03
9.110000000000000000e+02 7.611731801698180789e+03
9.120000000000000000e+02 7.604747837338804857e+03
9.130000000000000000e+02 7.617882197377942248e+03
9.140000000000000000e+02 7.639415555262293310e+03
9.150000000000000000e+02 7.647921841054449942e+03
9.160000000000000000e+02 7.652290081710511004e+03
9.170000000000000000e+02 7.641943896526595381e+03
9.180000000000000000e+02 7.629512592386819051e+03
9.190000000000000000e+02 7.638462580539058763e+03
9.200000000000000000e+02 7.651369814599410347e+03
9.210000000000000000e+02 7.655480449060723913e+03
9.220000000000000000e+02 7.643724382361714561e+03
9.230000000000000000e+02 7.612939305122786209e+03
9.240000000000000000e+02 7.637382915800681076e+03
9.250000000000000000e+02 7.638201708008720743e+03
9.260000000000000000e+02 7.645469650548417121e+03
9.270000000000000000e+02 7.654156180585690890e+03
9.280000000000000000e+02 7.651409187421326351e+03
9.290000000000000000e+02 7.641350297281996063e+03
9.300000000000000000e+02 7.645528779513904738e+03
9.310000000000000000e+02 7.649695766545209153e+03
9.320000000000000000e+02 7.653390550541259472e+03
9.330000000000000000e+02 7.665681967657322275e+03
9.340000000000000000e+02 7.690801339953613024e+03
9.350000000000000000e+02 7.699535940965898590e+03
9.360000000000000000e+02 7.692758076875988991e+03
9.370000000000000000e+02 7.694001730699391373e+03
9.380000000000000000e+02 7.708888272048262479e+03
9.390000000000000000e+02 7.712327151616327683e+03
9.400000000000000000e+02 7.739885707848048696e+03
9.410000000000000000e+02 7.730986180920899642e+03
9.420000000000000000e+02 7.736026808504097062e+03
9.430000000000000000e+02 7.740018109190463292e+03
9.440000000000000000e+02 7.758048093333032739e+03
9.450000000000000000e+02 7.776225453425089654e+03
9.460000000000000000e+02 7.776238684194209782e+03
9.470000000000000000e+02 7.785058749134738719e+03
9.480000000000000000e+02 7.781656403977917762e+03
9.490000000000000000e+02 7.811110994299168851e+03
9.500000000000000000e+02 7.832867931247165870e+03
9.510000000000000000e+02 7.854628888009650836e+03
9.520000000000000000e+02 7.876319750560393004e+03
9.530000000000000000e+02 7.887397616067693889e+03
9.540000000000000000e+02 7.900014820670988229e+03
9.550000000000000000e+02 7.927101881697612043e+03
9.560000000000000000e+02 7.967100235899913059e+03
9.570000000000000000e+02 8.001515605406360010e+03
9.580000000000000000e+02 8.008123857187082649e+03
9.590000000000000000e+02 8.033107185416885841e+03
9.600000000000000000e+02 8.014915787486168483e+03
9.610000000000000000e+02 7.990013109290064676e+03
9.620000000000000000e+02 7.992378720311899997e+03
9.630000000000000000e+02 7.984159550388403659e+03
9.640000000000000000e+02 8.007835221041848854e+03
9.650000000000000000e+02 8.029636525716045071e+03
9.660000000000000000e+02 8.056505560011779380e+03
9.670000000000000000e+02 8.050349095296642190e+03
9.680000000000000000e+02 8.095981807678641417e+03
9.690000000000000000e+02 8.099956432510267405e+03
9.700000000000000000e+02 8.134681089915070515e+03
9.710000000000000000e+02 8.130888842755520272e+03
9.720000000000000000e+02 8.131711009385140642e+03
9.730000000000000000e+02 8.116063187576231030e+03
9.740000000000000000e+02 8.128667412487608090e+03
9.750000000000000000e+02 8.166958421105186972e+03
9.760000000000000000e+02 8.164484466843121481e+03
9.770000000000000000e+02 8.161355380564240477e+03
9.780000000000000000e+02 8.165957824806448116e+03
9.790000000000000000e+02 8.170915317504396626e+03
9.800000000000000000e+02 8.164939155662317717e+03
9.810000000000000000e+02 8.193412374534160335e+03
9.820000000000000000e+02 8.183358164434468563e+03
9.830000000000000000e+02 8.182519969654134002e+03
9.840000000000000000e+02 8.199232980782504455e+03
9.850000000000000000e+02 8.219205758751684698e+03
9.860000000000000000e+02 8.213627406534757029e+03
9.870000000000000000e+02 8.209675581639527081e+03
9.880000000000000000e+02 8.227136791902865298e+03
9.890000000000000000e+02 8.212696278847965004e+03
9.900000000000000000e+02 8.214880795369665066e+03
9.910000000000000000e+02 8.212197689427837759e+03
9.920000000000000000e+02 8.211403112524805692e+03
9.930000000000000000e+02 8.242492839924991131e+03
9.940000000000000000e+02 8.255862433476268052e+03
9.950000000000000000e+02 8.259753235701791709e+03
9.960000000000000000e+02 8.266117844957761918e+03
9.970000000000000000e+02 8.257134904968752380e+03
9.980000000000000000e+02 8.256421633505935461e+03
9.990000000000000000e+02 8.236064524224610068e+03
1.000000000000000000e+03 8.244249098447153301e+03
1.001000000000000000e+03 8.242920312863134313e+03
1.002000000000000000e+03 8.246290140247372619e+03
1.003000000000000000e+03 8.262207267747089645e+03
1.004000000000000000e+03 8.269781821857814066e+03
1.005000000000000000e+03 8.301744926470371865e+03
1.006000000000000000e+03 8.328834493103569912e+03
1.007000000000000000e+03 8.331059664380420145e+03
1.008000000000000000e+03 8.338841813005808945e+03
1.009000000000000000e+03 8.342013968163370009e+03
1.010000000000000000e+03 8.352673508590727579e+03
1.011000000000000000e+03 8.346435282747572273e+03
1.012000000000000000e+03 8.354413035968131226e+03
1.013000000000000000e+03 8.368147034274637917e+03
1.014000000000000000e+03 8.370672498206160526e+03
1.015000000000000000e+03 8.369469727714478722e+03
1.016000000000000000e+03 8.371566150637143437e+03
1.017000000000000000e+03 8.369185360282144757e+03
1.018000000000000000e+03 8.384048535081981754e+03
1.019000000000000000e+03 8.384821664615625195e+03
1.020000000000000000e+03 8.402481450459723419e+03
1.021000000000000000e+03 8.422355100634167684e+03
1.022000000000000000e+03 8.450200388505279989e+03
1.023000000000000000e+03 8.441974052731420670e+03
1.024000000000000000e+03 8.433882170738410423e+03
1.025000000000000000e+03 8.451431383706876659e+03
1.026000000000000000e+03 8.454120284125150647e+03
1.027000000000000000e+03 8.464636356574914316e+03
1.028000000000000000e+03 8.507094042000617264e+03
1.029000000000000000e+03 8.492827595490536623e+03
1.030000000000000000e+03 8.481314671753423681e+03
1.031000000000000000e+03 8.485277508609444340e+03
1.032000000000000000e+03 8.471193097263812888e+03
1.033000000000000000e+03 8.484136160742762513e+03
1.034000000000000000e+03 8.490884639319558119e+03
1.035000000000000000e+03 8.492023174359710538e+03
1.036000000000000000e+03 8.478420691421415540e+03
1.037000000000000000e+03 8.483676747305571553e+03
1.038000000000000000e+03 8.481295014822559097e+03
1.039000000000000000e+03 8.509434181918519243e+03
1.040000000000000000e+03 8.530636955521325945e+03
1.041000000000000000e+03 8.532234954817364269e+03
1.042000000000000000e+03 8.528154775345985399e+03
1.043000000000000000e+03 8.511389007313811817e+03
1.044000000000000000e+03 8.494444417479066033e+03
1.045000000000000000e+03 8.495824402794443813e+03
1.046000000000000000e+03 8.475963840006139435e+03
1.047000000000000000e+03 8.510342174704457648e+03
1.048000000000000000e+03 8.522228791624429505e+03
1.049000000000000000e+03 8.532700350295459430e+03
1.050000000000000000e+03 8.578276317626372474e+03
1.051000000000000000e+03 8.587448893023276469e+03
1.052000000000000000e+03 8.589169148514929475e+03
1.053000000000000000e+03 8.588117182031544871e+03
1.054000000000000000e+03 8.587161451330082855e+03
1.055000000000000000e+03 8.585460976221011151e+03
1.056000000000000000e+03 8.647693499839882861e+03
1.057000000000000000e+03 8.670399502105650754e+03
1.058000000000000000e+03 8.653298270641409545e+03
1.059000000000000000e+03 8.664278095409412344e+03
1.060000000000000000e+03 8.671650359507502799e+03
1.061000000000000000e+03 8.685423595797907183e+03
1.062000000000000000e+03 8.675274607345927507e+03
1.063000000000000000e+03 8.690581779555775938e+03
1.064000000000000000e+03 8.669548800952388774e+03
1.065000000000000000e+03 8.700600907831192671e+03
1.066000000000000000e+03 8.680443913424320272e+03
1.067000000000000000e+03 8.698619596457157968e+03
1.068000000000000000e+03 8.692445997601927957e+03
1.069000000000000000e+03 8.713706674235692844e+03
1.070000000000000000e+03 8.704300703649885691e+03
1.071000000000000000e+03 8.712438420475695239e+03
1.072000000000000000e+03 8.701001242423079020e+03
1.073000000000000000e+03 8.736721811585188334e+03
1.074000000000000000e+03 8.725741079314326271e+03
1.075000000000000000e+03 8.728781289134070903e+03
1.076000000000000000e+03 8.728756121491573140e+03
1.077000000000000000e+03 8.726742153694065564e+03
1.078000000000000000e+03 8.749264749480324099e+03
1.079000000000000000e+03 8.771472540830081925e+03
1.080000000000000000e+03 8.767794082136915677e+03
1.081000000000000000e+03 8.753085008759346238e+03
1.082000000000000000e+03 8.745850359867245061e+03
1.083000000000000000e+03 8.765839057835291896e+03
1.084000000000000000e+03 8.792107502133323578e+03
1.085000000000000000e+03 8.800267370926010699e+03
1.086000000000000000e+03 8.797221046916571140e+03
1.087000000000000000e+03 8.802111525690770577e+03
1.088000000000000000e+03 8.815909857159616877e+03
1.089000000000000000e+03 8.824075616598296619e+03
1.090000000000000000e+03 8.844436243901001944e+03
1.091000000000000000e+03 8.831630869427646758e+03
1.092000000000000000e+03 8.818074129550259386e+03
1.093000000000000000e+03 8.851812712301780266e+03
1.094000000000000000e+03 8.852939250288138282e+03
1.095000000000000000e+03 8.863866074844287141e+03
1.096000000000000000e+03 8.857414586751005118e+03
1.097000000000000000e+03 8.836547414241347724e+03
1.098000000000000000e+03 8.854440685252227922e+03
1.099000000000000000e+03 8.871983486056145921e+03
1.100000000000000000e+03 8.907654564165977717e+03
1.101000000000000000e+03 8.938977985961999366e+03
1.102000000000000000e+03 8.935124593072452626e+03
1.103000000000000000e+03 8.958783827340510470e+03
1.104000000000000000e+03 8.983618022216754980e+03
1.105000000000000000e+03 9.033598043568121284e+03
1.106000000000000000e+03 9.059304088346201752e+03
1.107000000000000000e+03 9.084908576855295905e+03
1.108000000000000000e+03 9.089778598002794752e+03
1.109000000000000000e+03 9.095678095156426934e+03
1.110000000000000000e+03 9.062710041080317751e+03
1.111000000000000000e+03 9.059675293449585297e+03
1.112000000000000000e+03 9.072431989082373548e+03
1.113000000000000000e+03 9.080049576967790927e+03
1.114000000000000000e+03 9.089787359082083640e+03
1.115000000000000000e+03 9.129761234676547247e+03
1.116000000000000000e+03 9.078379030219521155e+03
1.117000000000000000e+03 9.095007210068692075e+03
1.118000000000000000e+03 9.096923175365840507e+03
1.119000000000000000e+03 9.102657876748549825e+03
1.120000000000000000e+03 9.127893308107079065e+03
1.121000000000000000e+03 9.141357011062553283e+03
1.122000000000000000e+03 9.150581972262956697e+03
1.123000000000000000e+03 9.138884145876229013e+03
1.124000000000000000e+03 9.151189589315756166e+03
1.125000000000000000e+03 9.166021568283998931e+03
1.126000000000000000e+03 9.204849097721980797e+03
1.127000000000000000e+03 9.230674246265647525e+03
1.128000000000000000e+03 9.219602512823448706e+03
1.129000000000000000e+03 9.228818212496251363e+03
1.130000000000000000e+03 9.205936602195613887e+03
1.131000000000000000e+03 9.221791186286929587e+03
1.132000000000000000e+03 9.218948763141075688e+03
1.133000000000000000e+03 9.246514616445820138e+03
1.134000000000000000e+03 9.238472634158251822e+03
1.135000000000000000e+03 9.259278985722399739e+03
1.136000000000000000e+03 9.274079521650783136e+03
1.137000000000000000e+03 9.270383444525903542e+03
1.138000000000000000e+03 9.284092648224053846e+03
1.139000000000000000e+03 9.276741351686978305e+03
1.140000000000000000e+03 9.300498378266367581e+03
1.141000000000000000e+03 9.302356691277278514e+03
1.142000000000000000e+03 9.316671164554329152e+03
1.143000000000000000e+03 9.307443614764291851e+03
1.144000000000000000e+03 9.299013403839901002e+03
1.145000000000000000e+03 9.315620861802788568e+03
1.146000000000000000e+03 9.323887304108937315e+03
1.147000000000000000e+03 9.344633930349746151e+03
1.148000000000000000e+03 9.334517782355887903e+03
1.149000000000000000e+03 9.341908321836319374e+03
1.150000000000000000e+03 9.348907893961080845e+03
1.151000000000000000e+03 9.343335237431660062e+03
1.152000000000000000e+03 9.349347670304348867e+03
1.153000000000000000e+03 9.361092656430953866e+03
1.154000000000000000e+03 9.380695447889242132e+03
1.155000000000000000e+03 9.381452572632813826e+03
1.156000000000000000e+03 9.370303834849357372e+03
1.157000000000000000e+03 9.357646322058863007e+03
1.158000000000000000e+03 9.357809027938654253e+03
1.159000000000000000e+03 9.347655079699885391e+03
1.160000000000000000e+03 9.373207125626959169e+03
1.161000000000000000e+03 9.367919603667749470e+03
1.162000000000000000e+03 9.382586920820464002e+03
1.163000000000000000e+03 9.398572971515652171e+03
1.164000000000000000e+03 9.428629312716329878e+03
1.165000000000000000e+03 9.423380519578180611e+03
1.166000000000000000e+03 9.445060867554504512e+03
1.167000000000000000e+03 9.490198193682443161e+03
1.168000000000000000e+03 9.524999697794079111e+03
1.169000000000000000e+03 9.531695339606932976e+03
1.170000000000000000e+03 9.528809147364478122e+03
1.171000000000000000e+03 9.533172668768200310e+03
1.172000000000000000e+03 9.520347805390349095e+03
1.173000000000000000e+03 9.519162275126062013e+03
1.174000000000000000e+03 9.515148234290438268e+03
1.175000000000000000e+03 9.492065586080427238e+03
1.176000000000000000e+03 9.513639261164607888e+03
1.177000000000000000e+03 9.548757489063666071e+03
1.178000000000000000e+03 9.564797919159957019e+03
1.179000000000000000e+03 9.556382723249522314e+03
1.180000000000000000e+03 9.550998052745551831e+03
1.181000000000000000e+03 9.531059460713911903e+03
1.182000000000000000e+03 9.550377145361839212e+03
1.183000000000000000e+03 9.536991985767916049e+03
1.184000000000000000e+03 9.541765863909908148e+03
1.185000000000000000e+03 9.561811444248625776e+03
1.186000000000000000e+03 9.569113519749374973e+03
1.187000000000000000e+03 9.580526836334074687e+03
1.188000000000000000e+03 9.587398018119223707e+03
1.189000000000000000e+03 9.564011892633230673e+03
1.190000000000000000e+03 9.570128168246064888e+03
1.191000000000000000e+03 9.574708699492286541e+03
1.192000000000000000e+03 9.589749742100802905e+03
1.193000000000000000e+03 9.584146978770659189e+03
1.194000000000000000e+03 9.597097202099734204e+03
1.195000000000000000e+03 9.578577758565894328e+03
1.196000000000000000e+03 9.599634684519758594e+03
1.197000000000000000e+03 9.604074893742306813e+03
1.198000000000000000e+03 9.617830217667429679e+03
1.199000000000000000e+03 9.631619093245815748e+03
1.200000000000000000e+03 9.600572050483890052e+03
1.201000000000000000e+03 9.585857149385105004e+03
1.202000000000000000e+03 9.617543240923614576e+03
1.203000000000000000e+03 9.634336502455718801e+03
1.204000000000000000e+03 9.658363591507584715e+03
1.205000000000000000e+03 9.659449821470390816e+03
1.206000000000000000e+03 9.653256466717424701e+03
1.207000000000000000e+03 9.660188225645966668e+03
1.208000000000000000e+03 9.656317222592993858e+03
1.209000000000000000e+03 9.674307055934123127e+03
1.210000000000000000e+03 9.665279075741364068e+03
1.211000000000000000e+03 9.643793255739432425e+03
1.212000000000000000e+03 9.660910988414998428e+03
1.213000000000000000e+03 9.680415714664643019e+03
1.214000000000000000e+03 9.698351596814540244e+03
1.215000000000000000e+03 9.726766530432254513e+03
1.216000000000000000e+03 9.750214318121632459e+03
1.217000000000000000e+03 9.762705497723267399e+03
1.218000000000000000e+03 9.784549422168578531e+03
1.219000000000000000e+03 9.805075945821248752e+03
1.220000000000000000e+03 9.801247532406481696e+03
1.221000000000000000e+03 9.785516669082478984e+03
1.222000000000000000e+03 9.790250315162014886e+03
1.223000000000000000e+03 9.815170811848634912e+03
1.224000000000000000e+03 9.825456714529471355e+03
1.225000000000000000e+03 9.845096748844487593e+03
1.226000000000000000e+03 9.828694047732969921e+03
1.227000000000000000e+03 9.819993969910610758e+03
1.228000000000000000e+03 9.829586781516269184e+03
1.229000000000000000e+03 9.831056880418602304e+03
1.230000000000000000e+03 9.839537984170521668e+03
1.231000000000000000e+03 9.890498768576615475e+03
1.232000000000000000e+03 9.905689089387349668e+03
1.233000000000000000e+03 9.944280832793179798e+03
1.234000000000000000e+03 9.948875219961384573e+03
1.235000000000000000e+03 9.968247521620382031e+03
1.236000000000000000e+03 9.955324905387289618e+03
1.237000000000000000e+03 9.937824102987000515e+03
1.238000000000000000e+03 9.943662848368108826e+03
1.239000000000000000e+03 9.958915815342106725e+03
1.240000000000000000e+03 9.975101243167571738e+03
1.241000000000000000e+03 9.956628871790999256e+03
1.242000000000000000e+03 9.929920593242157338e+03
1.243000000000000000e+03 9.923156185764197289e+03
1.244000000000000000e+03 9.932977038684986837e+03
1.245000000000000000e+03 9.937555130155295046e+03
1.246000000000000000e+03 9.926242495995431455e+03
1.247000000000000000e+03 9.912287803864364832e+03
1.248000000000000000e+03 9.912020259463090042e+03
1.249000000000000000e+03 9.943449293720183050e+03
1.250000000000000000e+03 9.931962414189980336e+03
1.251000000000000000e+03 9.922250434894674981e+03
1.252000000000000000e+03 9.941748765734044355e+03
1.253000000000000000e+03 9.953308865469991360e+03
1.254000000000000000e+03 9.958145476521514865e+03
1.255000000000000000e+03 9.960357467881465709e+03
1.256000000000000000e+03 9.971143342382834817e+03
1.257000000000000000e+03 9.969005983757830109e+03
1.258000000000000000e+03 9.966984982329839113e+03
1.259000000000000000e+03 9.968387823138022213e+03
1.260000000000000000e+03 9.968937503121120244e+03
1.261000000000000000e+03 9.970766280134044791e+03
1.262000000000000000e+03 9.965639705151268572e+03
1.263000000000000000e+03 9.959717266231220492e+03
1.264000000000000000e+03 9.966951993184982712e+03
1.265000000000000000e+03 9.989268502960454498e+03
1.266000000000000000e+03 9.998161476493694863e+03
1.267000000000000000e+03 1.002020339224183954e+04
1.268000000000000000e+03 1.004692619420573101e+04
1.269000000000000000e+03 1.008137185578442950e+04
1.270000000000000000e+03 1.009044062523391040e+04
1.271000000000000000e+03 1.010869511846519708e+04
1.272000000000000000e+03 1.009253490216906903e+04
1.273000000000000000e+03 1.009689568925828098e+04
1.274000000000000000e+03 1.011520308716615909e+04
1.275000000000000000e+03 1.012272573243170336e+04
1.276000000000000000e+03 1.015232926144609519e+04
1.277000000000000000e+03 1.013632341978481963e+04
1.278000000000000000e+03 1.013587391335228131e+04
1.279000000000000000e+03 1.018687578469417349e+04
1.280000000000000000e+03 1.020473597871753918e+04
1.281000000000000000e+03 1.022089171599017391e+04
1.282000000000000000e+03 1.022514055234445368e+04
1.283000000000000000e+03 1.024468478583605793e+04
1.284000000000000000e+03 1.026023053078904013e+04
1.285000000000000000e+03 1.027208986120828195e+04
1.286000000000000000e+03 1.026221259169775294e+04
1.287000000000000000e+03 1.023789799436015710e+04
1.288000000000000000e+03 1.025342826452798181e+04
1.289000000000000000e+03 1.025089992991327017e+04
1.290000000000000000e+03 1.025719481226492826e+04
1.291000000000000000e+03 1.026542357318958784e+04
1.292000000000000000e+03 1.023829314769089979e+04
1.293000000000000000e+03 1.028288920293109913e+04
1.294000000000000000e+03 1.029384412203161810e+04
1.295000000000000000e+03 1.031294834566299141e+04
1.296000000000000000e+03 1.031618557189195781e+04
1.297000000000000000e+03 1.030819249347649020e+04
1.298000000000000000e+03 1.031620363691819330e+04
1.299000000000000000e+03 1.033460120980408647e+04
1.300000000000000000e+03 1.035952648984259213e+04
1.301000000000000000e+03 1.037876625956788484e+04
1.302000000000000000e+03 1.039532213659878289e+04
1.303000000000000000e+03 1.037820360217759480e+04
1.304000000000000000e+03 1.040393608098560253e+04
1.305000000000000000e+03 1.042198086007784332e+04
1.306000000000000000e+03 1.042215905237354855e+04
1.307000000000000000e+03 1.045939577572107009e+04
1.308000000000000000e+03 1.046035308341705604e+04
1.309000000000000000e+03 1.048675788114426359e+04
1.310000000000000000e+03 1.050204181133340535e+04
1.311000000000000000e+03 1.053224192397632214e+04
1.312000000000000000e+03 1.055360087714429756e+04
1.313000000000000000e+03 1.055766062996786422e+04
1.314000000000000000e+03 1.054601687273563766e+04
1.315000000000000000e+03 1.056863508389330127e+04
1.316000000000000000e+03 1.054985654476737182e+04
1.317000000000000000e+03 1.055392088474981938e+04
1.318000000000000000e+03 1.055803038753172223e+04
1.319000000000000000e+03 1.057080117652754234e+04
1.320000000000000000e+03 1.057538250604192399e+04
1.321000000000000000e+03 1.056593567877464011e+04
1.322000000000000000e+03 1.057291145369790866e+04
1.323000000000000000e+03 1.060833891229541587e+04
1.324000000000000000e+03 1.059960806898249211e+04
1.325000000000000000e+03 1.061176408410557633e+04
1.326000000000000000e+03 1.063943906203080587e+04
1.327000000000000000e+03 1.063501084411059674e+04
1.328000000000000000e+03 1.065680581120563875e+04
1.329000000000000000e+03 1.066074955458718978e+04
1.330000000000000000e+03 1.064996960005223264e+04
1.331000000000000000e+03 1.066911414003850768e+04
1.332000000000000000e+03 1.068882108053468619e+04
1.333000000000000000e+03 1.067600119708743296e+04
1.334000000000000000e+03 1.072129942902403127e+04
1.335000000000000000e+03 1.074313768772916956e+04
1.336000000000000000e+03 1.074082294300258036e+04
1.337000000000000000e+03 1.077574772148150623e+04
1.338000000000000000e+03 1.079325900320254732e+04
1.339000000000000000e+03 1.079331527029083736e+04
1.340000000000000000e+03 1.078767743759177756e+04
1.341000000000000000e+03 1.078595492053489215e+04
1.342000000000000000e+03 1.080723020796857054e+04
1.343000000000000000e+03 1.080538106694214366e+04
1.344000000000000000e+03 1.078982229992884459e+04
1.345000000000000000e+03 1.082006147664235141e+04
1.346000000000000000e+03 1.082237856203980118e+04
1.347000000000000000e+03 1.085946980811759022e+04
1.348000000000000000e+03 1.085639273159092227e+04
1.349000000000000000e+03 1.084982104450578299e+04
1.350000000000000000e+03 1.084036109400474197e+04
1.351000000000000000e+03 1.082497426304617511e+04
1.352000000000000000e+03 1.081126434320410226e+04
1.353000000000000000e+03 1.079431566391823617e+04
1.354000000000000000e+03 1.078676513018808328e+04
1.355000000000000000e+03 1.079724119421625437e+04
1.356000000000000000e+03 1.082439552616093533e+04
1.357000000000000000e+03 1.081304289692078601e+04
1.358000000000000000e+03 1.082176405716174122e+04
1.359000000000000000e+03 1.084508966708837215e+04
1.360000000000000000e+03 1.083649020814018149e+04
1.361000000000000000e+03 1.081688761040550162e+04
1.362000000000000000e+03 1.082253523145136933e+04
1.363000000000000000e+03 1.081406594531086739e+04
1.364000000000000000e+03 1.081492073077673012e+04
1.365000000000000000e+03 1.083083336142962435e+04
1.366000000000000000e+03 1.083795117624882732e+04
1.367000000000000000e+03 1.084300047669627565e+04
1.368000000000000000e+03 1.087575805325814872e+04
1.369000000000000000e+03 1.087191355990564989e+04
1.370000000000000000e+03 1.086970127976527510e+04
1.371000000000000000e+03 1.085405055591073142e+04
1.372000000000000000e+03 1.085693002665658969e+04
1.373000000000000000e+03 1.090638413127308377e+04
1.374000000000000000e+03 1.092945563312445120e+04
1.375000000000000000e+03 1.089803142602135267e+04
1.376000000000000000e+03 1.089044533755899465e+04
1.377000000000000000e+03 1.090856710424189441e+04
1.378000000000000000e+03 1.088288077419695401e+04
1.379000000000000000e+03 1.091536927073738843e+04
1.380000000000000000e+03 1.090588734315737747e+04
1.381000000000000000e+03 1.091871502867732306e+04
1.382000000000000000e+03 1.090845034529070472e+04
1.383000000000000000e+03 1.093145470824181939e+04
1.384000000000000000e+03 1.093836811861447677e+04
1.385000000000000000e+03 1.095948681536783988e+04
1.386000000000000000e+03 1.097405902562190749e+04
1.387000000000000000e+03 1.098919262269955470e+04
1.388000000000000000e+03 1.098188950286619001e+04
1.389000000000000000e+03 1.100938072059587284e+04
1.390000000000000000e+03 1.102436223461307600e+04
1.391000000000000000e+03 1.104352189692113279e+04
1.392000000000000000e+03 1.105501345910039709e+04
1.393000000000000000e+03 1.106722632571032773e+04
1.394000000000000000e+03 1.107258352047852532e+04
1.395000000000000000e+03 1.109865145086161647e+04
1.396000000000000000e+03 1.110449770102352522e+04
1.397000000000000000e+03 1.109334149513587545e+04
1.398000000000000000e+03 1.110892435245205706e+04
1.399000000000000000e+03 1.112739236491319207e+04
1.400000000000000000e+03 1.111979397716632229e+04
1.401000000000000000e+03 1.111807635271071740e+04
1.402000000000000000e+03 1.112837174252539080e+04
1.403000000000000000e+03 1.112992812213160869e+04
1.404000000000000000e+03 1.114611480755343291e+04
1.405000000000000000e+03 1.113176534272947174e+04
1.406000000000000000e+03 1.117129252040212668e+04
1.407000000000000000e+03 1.120616321798042918e+04
1.408000000000000000e+03 1.122615836127892726e+04
1.409000000000000000e+03 1.122245038281599773e+04
1.410000000000000000e+03 1.122325173096685648e+04
1.411000000000000000e+03 1.126768231337123143e+04
1.412000000000000000e+03 1.127012664451333512e+04
1.413000000000000000e+03 1.128601788448525258e+04
1.414000000000000000e+03 1.128341159209408579e+04
1.415000000000000000e+03 1.132376738604008460e+04
1.416000000000000000e+03 1.135715045314696181e+04
1.417000000000000000e+03 1.134312950368382735e+04
1.418000000000000000e+03 1.133131435175761726e+04
1.419000000000000000e+03 1.133948744814870224e+04
1.420000000000000000e+03 1.133141133745733168e+04
1.421000000000000000e+03 1.133995267292872086e+04
1.422000000000000000e+03 1.134462888874928831e+04
1.423000000000000000e+03 1.135077813002660696e+04
1.424000000000000000e+03 1.137023896564978349e+04
1.425000000000000000e+03 1.137921595623186295e+04
1.426000000000000000e+03 1.137795504813141633e+04
1.427000000000000000e+03 1.134807729707890940e+04
1.428000000000000000e+03 1.136056741304860043e+04
1.429000000000000000e+03 1.137092055035789963e+04
1.430000000000000000e+03 1.139037923457055513e+04
1.431000000000000000e+03 1.137753693570548421e+04
1.432000000000000000e+03 1.136271071707434567e+04
1.433000000000000000e+03 1.136398066150372142e+04
1.434000000000000000e+03 1.139205364248250771e+04
1.435000000000000000e+03 1.140791828750984314e+04
1.436000000000000000e+03 1.142326203061339038e+04
1.437000000000000000e+03 1.141192666893318710e+04
1.438000000000000000e+03 1.142476742859144542e+04
1.439000000000000000e+03 1.142809625535584564e+04
1.440000000000000000e+03 1.144727746886325804e+04
1.441000000000000000e+03 1.148581014924719784e+04
1.442000000000000000e+03 1.151636601387192968e+04
1.443000000000000000e+03 1.154510212971475630e+04
1.444000000000000000e+03 1.157515442576283567e+04
1.445000000000000000e+03 1.155974576986514148e+04
1.446000000000000000e+03 1.156184790501952375e+04
1.447000000000000000e+03 1.154001891195743883e+04
1.448000000000000000e+03 1.151070410615323817e+04
1.449000000000000000e+03 1.153093724040006600e+04
1.450000000000000000e+03 1.157490447159511859e+04
1.451000000000000000e+03 1.158315511963562312e+04
1.452000000000000000e+03 1.157226858825601448e+04
1.453000000000000000e+03 1.159567203967534078e+04
1.454000000000000000e+03 1.163752691654588125e+04
1.455000000000000000e+03 1.161337571764666791e+04
1.456000000000000000e+03 1.164060147301769030e+04
1.457000000000000000e+03 1.166379452939638031e+04
1.458000000000000000e+03 1.164042578051573219e+04
1.459000000000000000e+03 1.164060584512911191e+04
1.460000000000000000e+03 1.169153509836015110e+04
1.461000000000000000e+03 1.170608137481261656e+04
1.462000000000000000e+03 1.171042163080631508e+04
1.463000000000000000e+03 1.174178470091805502e+04
1.464000000000000000e+03 1.172109044144478503e+04
1.465000000000000000e+03 1.168709782772792096e+04
1.466000000000000000e+03 1.167018178902850559e+04
1.467000000000000000e+03 1.167839769958423312e+04
1.468000000000000000e+03 1.165257557866439674e+04
1.469000000000000000e+03 1.168348101840647178e+04
1.470000000000000000e+03 1.170793875349336849e+04
1.471000000000000000e+03 1.169975723340822151e+04
1.472000000000000000e+03 1.169816629158191427e+04
1.473000000000000000e+03 1.169327840646217192e+04
1.474000000000000000e+03 1.169342352510522687e+04
1.475000000000000000e+03 1.170471002469839914e+04
1.476000000000000000e+03 1.169352893066667093e+04
1.477000000000000000e+03 1.170577548590127662e+04
1.478000000000000000e+03 1.167822796348538213e+04
1.479000000000000000e+03 1.168032069177673293e+04
1.480000000000000000e+03 1.167363185132183753e+04
1.481000000000000000e+03 1.167470509938517534e+04
1.482000000000000000e+03 1.168615619425780096e+04
1.483000000000000000e+03 1.171063915593484307e+04
1.484000000000000000e+03 1.173194282332637704e+04
1.485000000000000000e+03 1.173738405003894331e+04
1.486000000000000000e+03 1.175596021985379957e+04
1.487000000000000000e+03 1.177687229696154282e+04
1.488000000000000000e+03 1.176114829749214914e+04
1.489000000000000000e+03 1.177821594482546425e+04
1.490000000000000000e+03 1.181914046634166334e+04
1.491000000000000000e+03 1.181950819660527486e+04
1.492000000000000000e+03 1.182353879111420065e+04
1.493000000000000000e+03 1.180449569731932206e+04
1.494000000000000000e+03 1.180906730026317746e+04
1.495000000000000000e+03 1.180166271438258082e+04
1.496000000000000000e+03 1.178785637701254745e+04
1.497000000000000000e+03 1.179286845355816695e+04
1.498000000000000000e+03 1.182086221566520362e+04
1.499000000000000000e+03 1.183871275395712655e+04
1.500000000000000000e+03 1.187476089503408002e+04
1.501000000000000000e+03 1.191569202966632474e+04
1.502000000000000000e+03 1.190436451485557518e+04
1.503000000000000000e+03 1.190351320616292105e+04
1.504000000000000000e+03 1.190386783975803519e+04
1.505000000000000000e+03 1.192082642602187298e+04
1.506000000000000000e+03 1.194801569491743612e+04
1.507000000000000000e+03 1.195411255732413156e+04
1.508000000000000000e+03 1.197475433629353392e+04
1.509000000000000000e+03 1.197799527781138750e+04
1.510000000000000000e+03 1.200347882656383445e+04
1.511000000000000000e+03 1.201580749276248025e+04
1.512000000000000000e+03 1.199241277370126954e+04
1.513000000000000000e+03 1.202740094848217632e+04
1.514000000000000000e+03 1.200513557948495327e+04
1.515000000000000000e+03 1.203880675546333441e+04
1.516000000000000000e+03 1.207667898419284393e+04
1.517000000000000000e+03 1.208945437801332992e+04
1.518000000000000000e+03 1.210157877314798498e+04
1.519000000000000000e+03 1.209714257289325178e+04
1.520000000000000000e+03 1.210622378128981654e+04
1.521000000000000000e+03 1.213219342824111845e+04
1.522000000000000000e+03 1.213167295824008033e+04
1.523000000000000000e+03 1.210077451982654748e+04
1.524000000000000000e+03 1.209717297577309000e+04
1.525000000000000000e+03 1.213067458308850291e+04
1.526000000000000000e+03 1.214181396962119834e+04
1.527000000000000000e+03 1.210601075561293510e+04
1.528000000000000000e+03 1.209674843567324569e+04
1.529000000000000000e+03 1.214068148340751395e+04
1.530000000000000000e+03 1.216794365578048200e+04
1.531000000000000000e+03 1.214659929655253836e+04
1.532000000000000000e+03 1.215180804101262038e+04
1.533000000000000000e+03 1.217236168396186986e+04
1.534000000000000000e+03 1.220195037252958355e+04
1.535000000000000000e+03 1.222804518764990826e+04
1.536000000000000000e+03 1.221529485023206689e+04
1.537000000000000000e+03 1.225553421265841462e+04
1.538000000000000000e+03 1.229423966266248317e+04
1.539000000000000000e+03 1.231513521560366644e+04
1.540000000000000000e+03 1.233547459557598086e+04
1.541000000000000000e+03 1.234505225880878606e+04
1.542000000000000000e+03 1.232520467212342555e+04
1.543000000000000000e+03 1.232689737108141708e+04
1.544000000000000000e+03 1.233231668931594504e+04
1.545000000000000000e+03 1.232162851786504507e+04
1.546000000000000000e+03 1.233117307662347775e+04
1.547000000000000000e+03 1.231622955206559709e+04
1.548000000000000000e+03 1.233653614512950844e+04
1.549000000000000000e+03 1.231528907844758396e+04
1.550000000000000000e+03 1.232952156726044268e+04
1.551000000000000000e+03 1.236477872015093271e+04
1.552000000000000000e+03 1.240132721054766807e+04
1.553000000000000000e+03 1.244350178052004776e+04
1.554000000000000000e+03 1.244071415514100408e+04
1.555000000000000000e+03 1.245181137503150239e+04
1.556000000000000000e+03 1.246874576017103027e+04
1.557000000000000000e+03 1.247431814609772300e+04
1.558000000000000000e+03 1.249001140385981853e+04
1.559000000000000000e+03 1.251522599263136908e+04
1.560000000000000000e+03 1.248846285430931493e+04
1.561000000000000000e+03 1.249248091488287537e+04
1.562000000000000000e+03 1.252621339905753302e+04
1.563000000000000000e+03 1.255240957563491429e+04
1.564000000000000000e+03 1.253738552294833062e+04
1.565000000000000000e+03 1.252905516121756409e+04
1.566000000000000000e+03 1.252992548864894525e+04
1.567000000000000000e+03 1.253133251210209710e+04
1.568000000000000000e+03 1.251840415541607399e+04
1.569000000000000000e+03 1.250680688158788689e+04
1.570000000000000000e+03 1.252820067769979323e+04
1.571000000000000000e+03 1.251286829847759691e+04
1.572000000000000000e+03 1.251767947197200192e+04
1.573000000000000000e+03 1.252633673985827227e+04
1.574000000000000000e+03 1.254916733053764437e+04
1.575000000000000000e+03 1.254967525605647097e+04
1.576000000000000000e+03 1.254786322215967084e+04
1.577000000000000000e+03 1.257224850917335971e+04
1.578000000000000000e+03 1.256010520833065675e+04
1.579000000000000000e+03 1.257394048783813196e+04
1.580000000000000000e+03 1.256137999215293530e+04
1.581000000000000000e+03 1.259275708318544275e+04
1.582000000000000000e+03 1.260065683963118681e+04
1.583000000000000000e+03 1.260047618268167753e+04
1.584000000000000000e+03 1.259555617882175648e+04
1.585000000000000000e+03 1.256989734935943488e+04
1.586000000000000000e+03 1.257105572345659311e+04
1.587000000000000000e+03 1.260455249534913492e+04
1.588000000000000000e+03 1.260513695596675825e+04
1.589000000000000000e+03 1.258251885836554538e+04
1.590000000000000000e+03 1.258804479386609091e+04
1.591000000000000000e+03 1.259598037089630816e+04
1.592000000000000000e+03 1.260369808663554795e+04
1.593000000000000000e+03 1.263357653028996901e+04
1.594000000000000000e+03 1.259123185883817314e+04
1.595000000000000000e+03 1.263839184680499056e+04
1.596000000000000000e+03 1.265602910687692201e+04
1.597000000000000000e+03 1.266494744542998160e+04
1.598000000000000000e+03 1.269030185008716035e+04
1.599000000000000000e+03 1.269304664786846843e+04
1.600000000000000000e+03 1.267750735574447208e+04
1.601000000000000000e+03 1.272263622018829483e+04
1.602000000000000000e+03 1.276091026242452608e+04
1.603000000000000000e+03 1.278444051999668227e+04
1.604000000000000000e+03 1.277318040697651486e+04
1.605000000000000000e+03 1.276584734954504893e+04
1.606000000000000000e+03 1.276504022958642963e+04
1.607000000000000000e+03 1.277105427925091499e+04
1.608000000000000000e+03 1.277354438761477468e+04
1.609000000000000000e+03 1.279754693846192458e+04
1.610000000000000000e+03 1.280139995265868129e+04
1.611000000000000000e+03 1.279811966776573354e+04
1.612000000000000000e+03 1.278661360663978849e+04
1.613000000000000000e+03 1.284172377251231774e+04
1.614000000000000000e+03 1.284201674208677468e+04
1.615000000000000000e+03 1.283241311028330892e+04
1.616000000000000000e+03 1.282307648697935474e+04
1.617000000000000000e+03 1.281794255052668450e+04
1.618000000000000000e+03 1.285511017753479609e+04
1.619000000000000000e+03 1.283768503289641922e+04
1.620000000000000000e+03 1.290822461490249043e+04
1.621000000000000000e+03 1.289883859042299082e+04
1.622000000000000000e+03 1.291613332984973385e+04
1.623000000000000000e+03 1.290340620501284320e+04
1.624000000000000000e+03 1.292903536996581715e+04
1.625000000000000000e+03 1.295728693570274845e+04
1.626000000000000000e+03 1.294105331992435458e+04
1.627000000000000000e+03 1.292252683496677309e+04
1.628000000000000000e+03 1.293500214935495933e+04
1.629000000000000000e+03 1.296035030694616762e+04
1.630000000000000000e+03 1.299632626584208447e+04
1.631000000000000000e+03 1.296305955373204597e+04
1.632000000000000000e+03 1.292947918198647312e+04
1.633000000000000000e+03 1.294897617417841138e+04
1.634000000000000000e+03 1.295422271662482126e+04
1.635000000000000000e+03 1.296216591845327639e+04
1.636000000000000000e+03 1.298360088224653009e+04
1.637000000000000000e+03 1.297222313789844156e+04
1.638000000000000000e+03 1.299575343094579512e+04
1.639000000000000000e+03 1.302837598352740861e+04
1.640000000000000000e+03 1.301609547265500623e+04
1.641000000000000000e+03 1.302740947065444016e+04
1.642000000000000000e+03 1.303163021435902010e+04
1.643000000000000000e+03 1.304233308051535641e+04
1.644000000000000000e+03 1.304530886665903745e+04
1.645000000000000000e+03 1.306618848696693021e+04
1.646000000000000000e+03 1.307516445400939847e+04
1.647000000000000000e+03 1.307544926023404878e+04
1.648000000000000000e+03 1.309803942360244582e+04
1.649000000000000000e+03 1.306726104733769716e+04
1.650000000000000000e+03 1.308648759264290857e+04
1.651000000000000000e+03 1.310198287012818582e+04
1.652000000000000000e+03 1.309605121933459486e+04
1.653000000000000000e+03 1.307929087755738874e+04
1.654000000000000000e+03 1.310414734341945041e+04
1.655000000000000000e+03 1.310942879791539235e+04
1.656000000000000000e+03 1.313351631236843059e+04
1.657000000000000000e+03 1.310837250684025821e+04
1.658000000000000000e+03 1.310222698710430086e+04
1.659000000000000000e+03 1.315769351011124127e+04
1.660000000000000000e+03 1.315408119356881434e+04
1.661000000000000000e+03 1.315155309860951274e+04
1.662000000000000000e+03 1.315617930598148996e+04
1.663000000000000000e+03 1.315190687612869988e+04
1.664000000000000000e+03 1.314546926363643070e+04
1.665000000000000000e+03 1.314060195966700303e+04
1.666000000000000000e+03 1.312434316274558478e+04
1.667000000000000000e+03 1.314643606569902295e+04
1.668000000000000000e+03 1.314184472018834094e+04
1.669000000000000000e+03 1.315716289622268232e+04
1.670000000000000000e+03 1.315998814425542150e+04
1.671000000000000000e+03 1.316031350886525615e+04
1.672000000000000000e+03 1.314567992704941207e+04
1.673000000000000000e+03 1.315349638571084506e+04
1.674000000000000000e+03 1.316611566527690957e+04
1.675000000000000000e+03 1.316828571369630481e+04
1.676000000000000000e+03 1.319305882319399097e+04
1.677000000000000000e+03 1.319011169995403907e+04
1.678000000000000000e+03 1.322087079778779662e+04
1.679000000000000000e+03 1.322399554464117682e+04
1.680000000000000000e+03 1.322875840280714692e+04
1.681000000000000000e+03 1.323622251550375768e+04
1.682000000000000000e+03 1.323702737889282071e+04
1.683000000000000000e+03 1.323989028364287697e+04
1.684000000000000000e+03 1.324417373137544200e+04
1.685000000000000000e+03 1.324952581185392410e+04
1.686000000000000000e+03 1.322508161821060094e+04
1.687000000000000000e+03 1.323885977707315033e+04
1.688000000000000000e+03 1.323163655088316045e+04
1.689000000000000000e+03 1.321076367295017189e+04
1.690000000000000000e+03 1.320321123000698753e+04
1.691000000000000000e+03 1.320052165350760515e+04
1.692000000000000000e+03 1.323268392464904355e+04
1.693000000000000000e+03 1.324979129516865396e+04
1.694000000000000000e+03 1.327457365963612210e+04
1.695000000000000000e+03 1.328809181757527404e+04
1.696000000000000000e+03 1.334962824397182703e+04
1.697000000000000000e+03 1.337085335438310176e+04
1.698000000000000000e+03 1.335096560010076610e+04
1.699000000000000000e+03 1.332025793390288709e+04
1.700000000000000000e+03 1.336459214235693617e+04
1.701000000000000000e+03 1.337851691875854158e+04
1.702000000000000000e+03 1.336730351887328470e+04
1.703000000000000000e+03 1.336933199175208028e+04
1.704000000000000000e+03 1.337213934798067385e+04
1.705000000000000000e+03 1.339238883181076744e+04
1.706000000000000000e+03 1.338022408681663183e+04
1.707000000000000000e+03 1.338251630451243545e+04
1.708000000000000000e+03 1.338125193048485926e+04
1.709000000000000000e+03 1.337625688688031914e+04
1.710000000000000000e+03 1.336326673431757445e+04
1.711000000000000000e+03 1.335532845411422386e+04
1.712000000000000000e+03 1.339908170127312769e+04
1.713000000000000000e+03 1.341649990012838316e+04
1.714000000000000000e+03 1.343731319938697925e+04
1.715000000000000000e+03 1.346505806864617443e+04
1.716000000000000000e+03 1.343031697716583949e+04
1.717000000000000000e+03 1.342126553576610240e+04
1.718000000000000000e+03 1.341827801370810812e+04
1.719000000000000000e+03 1.342850778369787622e+04
1.720000000000000000e+03 1.344400723629049935e+04
1.721000000000000000e+03 1.345348434274124884e+04
1.722000000000000000e+03 1.347679730656364700e+04
1.723000000000000000e+03 1.347336739664883498e+04
1.724000000000000000e+03 1.347687994380501186e+04
1.725000000000000000e+03 1.347770095759944343e+04
1.726000000000000000e+03 1.349110936359642255e+04
1.727000000000000000e+03 1.349705857414453749e+04
1.728000000000000000e+03 1.347384911024368375e+04
1.729000000000000000e+03 1.351648842410896032e+04
1.730000000000000000e+03 1.355498154834687375e+04
1.731000000000000000e+03 1.355918345533647152e+04
1.732000000000000000e+03 1.356135554859045624e+04
1.733000000000000000e+03 1.356868932992798182e+04
1.734000000000000000e+03 1.359568150067321221e+04
1.735000000000000000e+03 1.361163388398025199e+04
1.736000000000000000e+03 1.361080467496357051e+04
1.737000000000000000e+03 1.361800494577608151e+04
1.738000000000000000e+03 1.362633346831729250e+04
1.739000000000000000e+03 1.367321282499311201e+04
1.740000000000000000e+03 1.367627199051540993e+04
1.741000000000000000e+03 1.368449865529408271e+04
1.742000000000000000e+03 1.369247886945060782e+04
1.743000000000000000e+03 1.375356300333085346e+04
1.744000000000000000e+03 1.374938752718360229e+04
1.745000000000000000e+03 1.375989074976473239e+04
1.746000000000000000e+03 1.376053630929337669e+04
1.747000000000000000e+03 1.377080424047573433e+04
1.748000000000000000e+03 1.381969465579816097e+04
1.749000000000000000e+03 1.383688577666639503e+04
1.750000000000000000e+03 1.380609470824945492e+04
1.751000000000000000e+03 1.381872449805214455e+04
1.752000000000000000e+03 1.380908146410854351e+04
1.753000000000000000e+03 1.383636887152014060e+04
1.754000000000000000e+03 1.385069981813546838e+04
1.755000000000000000e+03 1.385320605654132487e+04
1.756000000000000000e+03 1.387889306606247737e+04
1.757000000000000000e+03 1.388936661356220429e+04
1.758000000000000000e+03 1.393384456792546735e+04
1.759000000000000000e+03 1.393511471181486559e+04
1.760000000000000000e+03 1.391496642912732750e+04
1.761000000000000000e+03 1.389576012187744891e+04
1.762000000000000000e+03 1.386129073958899789e+04
1.763000000000000000e+03 1.388525418295548479e+04
1.764000000000000000e+03 1.392751258732401402e+04
1.765000000000000000e+03 1.390972043441417009e+04
1.766000000000000000e+03 1.389102982297413291e+04
1.767000000000000000e+03 1.388714203616291525e+04
1.768000000000000000e+03 1.390800592416084874e+04
1.769000000000000000e+03 1.393064960328111374e+04
1.770000000000000000e+03 1.393611053843460832e+04
1.771000000000000000e+03 1.393689919588807606e+04
1.772000000000000000e+03 1.396005828475664566e+04
1.773000000000000000e+03 1.395849595775147282e+04
1.774000000000000000e+03 1.397906653622227350e+04
1.775000000000000000e+03 1.398473563857520458e+04
1.776000000000000000e+03 1.395661765035214194e+04
1.777000000000000000e+03 1.396942754326110298e+04
1.778000000000000000e+03 1.395935570132255270e+04
1.779000000000000000e+03 1.399960281099650456e+04
1.780000000000000000e+03 1.402186510693728087e+04
1.781000000000000000e+03 1.403160503635757414e+04
1.782000000000000000e+03 1.400284820521309666e+04
1.783000000000000000e+03 1.403148504609340125e+04
1.784000000000000000e+03 1.403298374774842341e+04
1.785000000000000000e+03 1.403198051972255962e+04
1.786000000000000000e+03 1.407253843247846453e+04
1.787000000000000000e+03 1.406892254918882463e+04
1.788000000000000000e+03 1.410285388602040257e+04
1.789000000000000000e+03 1.411458567005550685e+04
1.790000000000000000e+03 1.409118968646120993e+04
1.791000000000000000e+03 1.410515341644015280e+04
1.792000000000000000e+03 1.412230068265207774e+04
1.793000000000000000e+03 1.413171607088997735e+04
1.794000000000000000e+03 1.414554710546775459e+04
1.795000000000000000e+03 1.416058542744991246e+04
1.796000000000000000e+03 1.420292569773865216e+04
1.797000000000000000e+03 1.424763672811392644e+04
1.798000000000000000e+03 1.421839999829004046e+04
1.799000000000000000e+03 1.423837660323876116e+04
1.800000000000000000e+03 1.426996192556763526e+04
1.801000000000000000e+03 1.427192628534827963e+04
1.802000000000000000e+03 1.424993205723926258e+04
1.803000000000000000e+03 1.425017662847878273e+04
1.804000000000000000e+03 1.429060635534077483e+04
1.805000000000000000e+03 1.431518812961507319e+04
1.806000000000000000e+03 1.431196600159339323e+04
1.807000000000000000e+03 1.429653939836497557e+04
1.808000000000000000e+03 1.429729733700734141e+04
1.809000000000000000e+03 1.431252369369285043e+04
1.810000000000000000e+03 1.428638117597605560e+04
1.811000000000000000e+03 1.428900485453513829e+04
1.812000000000000000e+03 1.428656732092398852e+04
1.813000000000000000e+03 1.431448529316504391e+04
1.814000000000000000e+03 1.429347775940436622e+04
1.815000000000000000e+03 1.432447435659777329e+04
1.816000000000000000e+03 1.427589201918860090e+04
1.817000000000000000e+03 1.429877088537460259e+04
1.818000000000000000e+03 1.429827266996002436e+04
1.819000000000000000e+03 1.430274538521205432e+04
1.820000000000000000e+03 1.434087875533545775e+04
1.821000000000000000e+03 1.434976413341956504e+04
1.822000000000000000e+03 1.436532171867656871e+04
1.823000000000000000e+03 1.438121273902823668e+04
1.824000000000000000e+03 1.438090834539253774e+04
1.825000000000000000e+03 1.436800658540934819e+04
1.826000000000000000e+03 1.438922812301565682e+04
1.827000000000000000e+03 1.441818023546593031e+04
1.828000000000000000e+03 1.446054808655522174e+04
1.829000000000000000e+03 1.447325449882067187e+04
1.830000000000000000e+03 1.448302484364847624e+04
1.831000000000000000e+03 1.454080796010458289e+04
1.832000000000000000e+03 1.455054573837807038e+04
1.833000000000000000e+03 1.457589957154980766e+04
1.834000000000000000e+03 1.456665871654326293e+04
1.835000000000000000e+03 1.454022365865161373e+04
1.836000000000000000e+03 1.451542606036255165e+04
1.837000000000000000e+03 1.454305323113883242e+04
1.838000000000000000e+03 1.453558781261568402e+04
1.839000000000000000e+03 1.452227626717956628e+04
1.840000000000000000e+03 1.453629905029662223e+04
1.841000000000000000e+03 1.456639570147568884e+04
1.842000000000000000e+03 1.455521441670882086e+04
1.843000000000000000e+03 1.456129472980231731e+04
1.844000000000000000e+03 1.453622623078684228e+04
1.845000000000000000e+03 1.456347000629144532e+04
1.846000000000000000e+03 1.458323089339339458e+04
1.847000000000000000e+03 1.461096730120413667e+04
1.848000000000000000e+03 1.462671004927762624e+04
1.849000000000000000e+03 1.465817018387827375e+04
1.850000000000000000e+03 1.469725486371652369e+04
1.851000000000000000e+03 1.467885323428362062e+04
1.852000000000000000e+03 1.468846558103115240e+04
1.853000000000000000e+03 1.469194316782096030e+04
1.854000000000000000e+03 1.470052747080077825e+04
1.855000000000000000e+03 1.469156304048520542e+04
1.856000000000000000e+03 1.472663602924751467e+04
1.857000000000000000e+03 1.476994748042783067e+04
1.858000000000000000e+03 1.477643064385848265e+04
1.859000000000000000e+03 1.477983059164784208e+04
1.860000000000000000e+03 1.476633062252025411e+04
1.861000000000000000e+03 1.479049413873835874e+04
1.862000000000000000e+03 1.478636384423621530e+04
1.863000000000000000e+03 1.479647051561308945e+04
1.864000000000000000e+03 1.482312303982725098e+04
1.865000000000000000e+03 1.484732060069655745e+04
1.866000000000000000e+03 1.484662377820879010e+04
1.867000000000000000e+03 1.487214567340292342e+04
1.868000000000000000e+03 1.484971632103720913e+04
1.869000000000000000e+03 1.488139261832179545e+04
1.870000000000000000e+03 1.487005917896521896e+04
1.871000000000000000e+03 1.489907791303686463e+04
1.872000000000000000e+03 1.487731811359738094e+04
1.873000000000000000e+03 1.487439499906467245e+04
1.874000000000000000e+03 1.487772538056767553e+04
1.875000000000000000e+03 1.488824652126269211e+04
1.876000000000000000e+03 1.492893020900560441e+04
1.877000000000000000e+03 1.490782715094335981e+04
1.878000000000000000e+03 1.494307123222797600e+04
1.879000000000000000e+03 1.494383513332352231e+04
1.880000000000000000e+03 1.497722261438569330e+04
1.881000000000000000e+03 1.500355531736528610e+04
1.882000000000000000e+03 1.499191045293505704e+04
1.883000000000000000e+03 1.498791571128136275e+04
1.884000000000000000e+03 1.501512987554536267e+04
1.885000000000000000e+03 1.502869131659645791e+04
1.886000000000000000e+03 1.502028932583698770e+04
1.887000000000000000e+03 1.503259374096367901e+04
1.888000000000000000e+03 1.504892236462444635e+04
1.889000000000000000e+03 1.507483673105863090e+04
1.890000000000000000e+03 1.512230029332870799e+04
1.891000000000000000e+03 1.511387259879548401e+04
1.892000000000000000e+03 1.509687528244657551e+04
1.893000000000000000e+03 1.512222535758316371e+04
1.894000000000000000e+03 1.511201305445029902e+04
1.895000000000000000e+03 1.513123836774758638e+04
1.896000000000000000e+03 1.518096109135191546e+04
1.897000000000000000e+03 1.516414767935437885e+04
1.898000000000000000e+03 1.516511381040467131e+04
1.899000000000000000e+03 1.520330481955005962e+04
1.900000000000000000e+03 1.520960066087299856e+04
1.901000000000000000e+03 1.522608760629791504e+04
1.902000000000000000e+03 1.523242406870110608e+04
1.903000000000000000e+03 1.522231518351492377e+04
1.904000000000000000e+03 1.520858160961808244e+04
1.905000000000000000e+03 1.518880850602843202e+04
1.906000000000000000e+03 1.522226129011238118e+04
1.907000000000000000e+03 1.524439544511760141e+04
1.908000000000000000e+03 1.525004622291165470e+04
1.909000000000000000e+03 1.529068807829045727e+04
1.910000000000000000e+03 1.531639724044855575e+04
1.911000000000000000e+03 1.531562455186616899e+04
1.912000000000000000e+03 1.533218843243084848e+04
1.913000000000000000e+03 1.532281174964216007e+04
1.914000000000000000e+03 1.529754543298008139e+04
1.915000000000000000e+03 1.527467681448292569e+04
1.916000000000000000e+03 1.527249709689798692e+04
1.917000000000000000e+03 1.527228411264745773e+04
1.918000000000000000e+03 1.526596104200786613e+04
1.919000000000000000e+03 1.529725399500992171e+04
1.920000000000000000e+03 1.531106788206737474e+04
1.921000000000000000e+03 1.530526996923882325e+04
1.922000000000000000e+03 1.529955397443979564e+04
1.923000000000000000e+03 1.528375937051625078e+04
1.924000000000000000e+03 1.529991417335529695e+04
1.925000000000000000e+03 1.531174982055852524e+04
1.926000000000000000e+03 1.533185975075206443e+04
1.927000000000000000e+03 1.531696040903214816e+04
1.928000000000000000e+03 1.526968171700302810e+04
1.929000000000000000e+03 1.524495289196222075e+04
1.930000000000000000e+03 1.522957263973216868e+04
1.931000000000000000e+03 1.528121901766481642e+04
1.932000000000000000e+03 1.526162035910103623e+04
1.933000000000000000e+03 1.524923586131184675e+04
1.934000000000000000e+03 1.523129813390858544e+04
1.935000000000000000e+03 1.522064051824589478e+04
1.936000000000000000e+03 1.526637454907108986e+04
1.937000000000000000e+03 1.527336661429918604e+04
1.938000000000000000e+03 1.525695362904604372e+04
1.939000000000000000e+03 1.525518386985638972e+04
1.940000000000000000e+03 1.528811431564224586e+04
1.941000000000000000e+03 1.531007378736596365e+04
1.942000000000000000e+03 1.530183938821628544e+04
1.943000000000000000e+03 1.528378210042001956e+04
1.944000000000000000e+03 1.528565355022322183e+04
1.945000000000000000e+03 1.529182575033405919e+04
1.946000000000000000e+03 1.529216186423426007e+04
1.947000000000000000e+03 1.530682200085646400e+04
1.948000000000000000e+03 1.530497475316268901e+04
1.949000000000000000e+03 1.530736982442486442e+04
1.950000000000000000e+03 1.535244497659322951e+04
1.951000000000000000e+03 1.536265412613006265e+04
1.952000000000000000e+03 1.535451298244138343e+04
1.953000000000000000e+03 1.540742748693482463e+04
1.954000000000000000e+03 1.538526251784881060e+04
1.955000000000000000e+03 1.534818029835187735e+04
1.956000000000000000e+03 1.533825844787288042e+04
1.957000000000000000e+03 1.532241085317957732e+04
1.958000000000000000e+03 1.535357367262262414e+04
1.959000000000000000e+03 1.535605681092067607e+04
1.960000000000000000e+03 1.537554800431256081e+04
1.961000000000000000e+03 1.535221252823792929e+04
1.962000000000000000e+03 1.535666264705801223e+04
1.963000000000000000e+03 1.537180467388101169e+04
1.964000000000000000e+03 1.538175812771177152e+04
1.965000000000000000e+03 1.536050224782970145e+04
1.966000000000000000e+03 1.536143240732548657e+04
1.967000000000000000e+03 1.534454572747590100e+04
1.968000000000000000e+03 1.534906594359364317e+04
1.969000000000000000e+03 1.539483451340338434e+04
1.970000000000000000e+03 1.544723553648573034e+04
1.971000000000000000e+03 1.543370981481952185e+04
1.972000000000000000e+03 1.545264175127077033e+04
1.973000000000000000e+03 1.551798581996648863e+04
1.974000000000000000e+03 1.552498562080441297e+04
1.975000000000000000e+03 1.553107829409111218e+04
1.976000000000000000e+03 1.553336394241673224e+04
1.977000000000000000e+03 1.550272969470980388e+04
1.978000000000000000e+03 1.553886495406065660e+04
1.979000000000000000e+03 1.553330286403391619e+04
1.980000000000000000e+03 1.553516858588397008e+04
1.981000000000000000e+03 1.557148566716925052e+04
1.982000000000000000e+03 1.553830752204276359e+04
1.983000000000000000e+03 1.557446298025215947e+04
1.984000000000000000e+03 1.559752281203936582e+04
1.985000000000000000e+03 1.561889584078153166e+04
1.986000000000000000e+03 1.561850936970238035e+04
1.987000000000000000e+03 1.560209317085431212e+04
1.988000000000000000e+03 1.562959516842872472e+04
1.989000000000000000e+03 1.559602957451286602e+04
1.990000000000000000e+03 1.561726098351756627e+04
1.991000000000000000e+03 1.560327613222997388e+04
1.992000000000000000e+03 1.558380547044742889e+04
1.993000000000000000e+03 1.559662087712969333e+04
1.994000000000000000e+03 1.562044794123747852e+04
1.995000000000000000e+03 1.562192833331031034e+04
1.996000000000000000e+03 1.563007344437489883e+04
1.997000000000000000e+03 1.569242611420426329e+04
1.998000000000000000e+03 1.568437891198764555e+04
1.999000000000000000e+03 1.572438250200270886e+04
2.000000000000000000e+03 1.572231469177816143e+04
2.001000000000000000e+03 1.570007737717010423e+04
2.002000000000000000e+03 1.567030027006371529e+04
2.003000000000000000e+03 1.571568354109421489e+04
2.004000000000000000e+03 1.576787226398976054e+04
2.005000000000000000e+03 1.575148971182570858e+04
2.006000000000000000e+03 1.575996204177323489e+04
2.007000000000000000e+03 1.576869486655796754e+04
2.008000000000000000e+03 1.572964305080567465e+04
2.009000000000000000e+03 1.575466299606460416e+04
2.010000000000000000e+03 1.576979691019290476e+04
2.011000000000000000e+03 1.576072407316407043e+04
2.012000000000000000e+03 1.578080436948763781e+04
2.013000000000000000e+03 1.573727330034960687e+04
2.014000000000000000e+03 1.575206282522659785e+04
2.015000000000000000e+03 1.573827738894580398e+04
2.016000000000000000e+03 1.570184114744705221e+04
2.017000000000000000e+03 1.569807289330249478e+04
2.018000000000000000e+03 1.572019882328660242e+04
2.019000000000000000e+03 1.570651248105692866e+04
2.020000000000000000e+03 1.571331541265233864e+04
2.021000000000000000e+03 1.572350494271476236e+04
2.022000000000000000e+03 1.573657581238835883e+04
2.023000000000000000e+03 1.573959995945492483e+04
2.024000000000000000e+03 1.575210904693753400e+04
2.025000000000000000e+03 1.574098265763415111e+04
2.026000000000000000e+03 1.577007482771689683e+04
2.027000000000000000e+03 1.580033696308888830e+04
2.028000000000000000e+03 1.579470381215526686e+04
2.029000000000000000e+03 1.581779116906430136e+04
2.030000000000000000e+03 1.586716511735858330e+04
2.031000000000000000e+03 1.584461594633678396e+04
2.032000000000000000e+03 1.584082584501166639e+04
2.033000000000000000e+03 1.584472844636937043e+04
2.034000000000000000e+03 1.589159793578762765e+04
2.035000000000000000e+03 1.591629232588420382e+04
2.036000000000000000e+03 1.588681518763105123e+04
2.037000000000000000e+03 1.592456297170584185e+04
2.038000000000000000e+03 1.598112191106135106e+04
2.039000000000000000e+03 1.599962899577937969e+04
2.040000000000000000e+03 1.597211017335890210e+04
2.041000000000000000e+03 1.595659144404252220e+04
2.042000000000000000e+03 1.596049531098941952e+04
2.043000000000000000e+03 1.594859569440647829e+04
2.044000000000000000e+03 1.596992965599269701e+04
2.045000000000000000e+03 1.598703322944981664e+04
2.046000000000000000e+03 1.602408173366784104e+04
2.047000000000000000e+03 1.604966037350720580e+04
2.048000000000000000e+03 1.605352319798537428e+04
2.049000000000000000e+03 1.600578210484015472e+04
2.050000000000000000e+03 1.601779466821460483e+04
2.051000000000000000e+03 1.600908332279973729e+04
2.052000000000000000e+03 1.603515227068914828e+04
2.053000000000000000e+03 1.602484418721266047e+04
2.054000000000000000e+03 1.606544116780486729e+04
2.055000000000000000e+03 1.607090202745680108e+04
2.056000000000000000e+03 1.606546496418326569e+04
2.057000000000000000e+03 1.610077707431877207e+04
2.058000000000000000e+03 1.613274322494316766e+04
2.059000000000000000e+03 1.614311795461950533e+04
2.060000000000000000e+03 1.613979998220221933e+04
2.061000000000000000e+03 1.615395999735899932e+04
2.062000000000000000e+03 1.615574712096273652e+04
2.063000000000000000e+03 1.615018213371631646e+04
2.064000000000000000e+03 1.612408235729899934e+04
2.065000000000000000e+03 1.613964863600527497e+04
2.066000000000000000e+03 1.616078003187991089e+04
2.067000000000000000e+03 1.618238560633862471e+04
2.068000000000000000e+03 1.621777689931278110e+04
2.069000000000000000e+03 1.624130922258321880e+04
2.070000000000000000e+03 1.627685778514583399e+04
2.071000000000000000e+03 1.624551906003026852e+04
2.072000000000000000e+03 1.626407978766157066e+04
2.073000000000000000e+03 1.628890937193605714e+04
2.074000000000000000e+03 1.631092925797460703e+04
2.075000000000000000e+03 1.630071408549161242e+04
2.076000000000000000e+03 1.629036115006154068e+04
2.077000000000000000e+03 1.636831805062843341e+04
2.078000000000000000e+03 1.637151074367952606e+04
2.079000000000000000e+03 1.635924373222066060e+04
2.080000000000000000e+03 1.634594491649387419e+04
2.081000000000000000e+03 1.638829724896865082e+04
2.082000000000000000e+03 1.640480278346902560e+04
2.083000000000000000e+03 1.638786526888670778e+04
2.084000000000000000e+03 1.636805375425352395e+04
2.085000000000000000e+03 1.632142715925755692e+04
2.086000000000000000e+03 1.634806724106324145e+04
2.087000000000000000e+03 1.641125621710541600e+04
2.088000000000000000e+03 1.642742609215711127e+04
2.089000000000000000e+03 1.645300490902296951e+04
2.090000000000000000e+03 1.645995472266474098e+04
2.091000000000000000e+03 1.647467936818770613e+04
2.092000000000000000e+03 1.643616972476759838e+04
2.093000000000000000e+03 1.647919806975176107e+04
2.094000000000000000e+03 1.650041196828235115e+04
2.095000000000000000e+03 1.648958471691486193e+04
2.096000000000000000e+03 1.648164256595844563e+04
2.097000000000000000e+03 1.650937583164230455e+04
2.098000000000000000e+03 1.652408674456806693e+04
2.099000000000000000e+03 1.651246344309909909e+04
2.100000000000000000e+03 1.651243768914849352e+04
2.101000000000000000e+03 1.655433027458218203e+04
2.102000000000000000e+03 1.656593382057769850e+04
2.103000000000000000e+03 1.657510693473635547e+04
2.104000000000000000e+03 1.656875031113800287e+04
2.105000000000000000e+03 1.658301869461508977e+04
2.106000000000000000e+03 1.658284548469945003e+04
2.107000000000000000e+03 1.660399213660662645e+04
2.108000000000000000e+03 1.658695278046890235e+04
2.109000000000000000e+03 1.661207403774251725e+04
2.110000000000000000e+03 1.663469986454119498e+04
2.111000000000000000e+03 1.665771762275460424e+04
2.112000000000000000e+03 1.664945291470033044e+04
2.113000000000000000e+03 1.664382967966032811e+04
2.114000000000000000e+03 1.662658929998012172e+04
2.115000000000000000e+03 1.666156512565406229e+04
2.116000000000000000e+03 1.666956636873978277e+04
2.117000000000000000e+03 1.668183431860170822e+04
2.118000000000000000e+03 1.669852013439672737e+04
2.119000000000000000e+03 1.670751125478070389e+04
2.120000000000000000e+03 1.675878282814163322e+04
2.121000000000000000e+03 1.675279368412775511e+04
2.122000000000000000e+03 1.674252920623309910e+04
2.123000000000000000e+03 1.675211949859470769e+04
2.124000000000000000e+03 1.674558287824752551e+04
2.125000000000000000e+03 1.677833454181199704e+04
2.126000000000000000e+03 1.679128872130421223e+04
2.127000000000000000e+03 1.679020863989170175e+04
2.128000000000000000e+03 1.677117657352699098e+04
2.129000000000000000e+03 1.678136851479122561e+04
2.130000000000000000e+03 1.680721171340029468e+04
2.131000000000000000e+03 1.683521860093085343e+04
2.132000000000000000e+03 1.682418239084980087e+04
2.133000000000000000e+03 1.686308887381881868e+04
2.134000000000000000e+03 1.687818603958099266e+04
2.135000000000000000e+03 1.685323461322383810e+04
2.136000000000000000e+03 1.684681658536175746e+04
2.137000000000000000e+03 1.682674851864759694e+04
2.138000000000000000e+03 1.685757597568943675e+04
2.139000000000000000e+03 1.687872002816167151e+04
2.140000000000000000e+03 1.688311244726387304e+04
2.141000000000000000e+03 1.692109673513108282e+04
2.142000000000000000e+03 1.692779641924407770e+04
2.143000000000000000e+03 1.690952825555186791e+04
2.144000000000000000e+03 1.692256836873540306e+04
2.145000000000000000e+03 1.694852721467275842e+04
2.146000000000000000e+03 1.699427007849550864e+04
2.147000000000000000e+03 1.699021171442130435e+04
2.148000000000000000e+03 1.697983426900303311e+04
2.149000000000000000e+03 1.698927015163875330e+04
2.150000000000000000e+03 1.699653088313786066e+04
2.151000000000000000e+03 1.700986489264035845e+04
2.152000000000000000e+03 1.700923232320378520e+04
2.153000000000000000e+03 1.701680588952509788e+04
2.154000000000000000e+03 1.707921737381527782e+04
2.155000000000000000e+03 1.706764045752973834e+04
2.156000000000000000e+03 1.708087883439950747e+04
2.157000000000000000e+03 1.713099630098184207e+04
2.158000000000000000e+03 1.715749847699169550e+04
2.159000000000000000e+03 1.717114583479486828e+04
2.160000000000000000e+03 1.717759391440390755e+04
2.161000000000000000e+03 1.718065543587187494e+04
2.162000000000000000e+03 1.720964580826988822e+04
2.163000000000000000e+03 1.718638470193371904e+04
2.164000000000000000e+03 1.718895094705354859e+04
2.165000000000000000e+03 1.719619114122645624e+04
2.166000000000000000e+03 1.723742978504198982e+04
2.167000000000000000e+03 1.726565369211352299e+04
2.168000000000000000e+03 1.730876137986197500e+04
2.169000000000000000e+03 1.730706122113705351e+04
2.170000000000000000e+03 1.734284804853557944e+04
2.171000000000000000e+03 1.737636300933819803e+04
2.172000000000000000e+03 1.737175962071045433e+04
2.173000000000000000e+03 1.740163953932524964e+04
2.174000000000000000e+03 1.736663202513089345e+04
2.175000000000000000e+03 1.739605056632829292e+04
2.176000000000000000e+03 1.738283803432879722e+04
2.177000000000000000e+03 1.740433579225288122e+04
2.178000000000000000e+03 1.738198257729500619e+04
2.179000000000000000e+03 1.736666682389713969e+04
2.180000000000000000e+03 1.738584235877560423e+04
2.181000000000000000e+03 1.739332790299991029e+04
2.182000000000000000e+03 1.741516054654173786e+04
2.183000000000000000e+03 1.744088841146480991e+04
2.184000000000000000e+03 1.745309022806260327e+04
2.185000000000000000e+03 1.744011876998786101e+04
2.186000000000000000e+03 1.744141045782049332e+04
2.187000000000000000e+03 1.745286098182402930e+04
2.188000000000000000e+03 1.742607120917365683e+04
2.189000000000000000e+03 1.741765486940819028e+04
2.190000000000000000e+03 1.742968370369129116e+04
2.191000000000000000e+03 1.741772674669460321e+04
2.192000000000000000e+03 1.741173433113568899e+04
2.193000000000000000e+03 1.737587970683641834e+04
2.194000000000000000e+03 1.738061863987682591e+04
2.195000000000000000e+03 1.736663059139397956e+04
2.196000000000000000e+03 1.737039173654397382e+04
2.197000000000000000e+03 1.735142496336869226e+04
2.198000000000000000e+03 1.733747746088955682e+04
2.199000000000000000e+03 1.732324303767268793e+04
2.200000000000000000e+03 1.733626671410346535e+04
2.201000000000000000e+03 1.736056716227825382e+04
2.202000000000000000e+03 1.738452333080968310e+04
2.203000000000000000e+03 1.739285821543561178e+04
2.204000000000000000e+03 1.741746480503062776e+04
2.205000000000000000e+03 1.746236543868559238e+04
2.206000000000000000e+03 1.749246480155770405e+04
2.207000000000000000e+03 1.751253657348423440e+04
2.208000000000000000e+03 1.753415114984242246e+04
2.209000000000000000e+03 1.754269250025251677e+04
2.210000000000000000e+03 1.754653042836133682e+04
2.211000000000000000e+03 1.753854233832258251e+04
2.212000000000000000e+03 1.756266645642136064e+04
2.213000000000000000e+03 1.756283403532725788e+04
2.214000000000000000e+03 1.757312928295452366e+04
2.215000000000000000e+03 1.756309893201722298e+04
2.216000000000000000e+03 1.756290200162079782e+04
2.217000000000000000e+03 1.753605068542953450e+04
2.218000000000000000e+03 1.752839827148600307e+04
2.219000000000000000e+03 1.749380508499650750e+04
2.220000000000000000e+03 1.751332089964481565e+04
2.221000000000000000e+03 1.750611414102534400e+04
2.222000000000000000e+03 1.744397697249175690e+04
2.223000000000000000e+03 1.747558294442072656e+04
2.224000000000000000e+03 1.750398560011989321e+04
2.225000000000000000e+03 1.751693823840097684e+04
2.226000000000000000e+03 1.753411631862015201e+04
2.227000000000000000e+03 1.753452847389513772e+04
2.228000000000000000e+03 1.752438115391656174e+04
2.229000000000000000e+03 1.748328851516782379e+04
2.230000000000000000e+03 1.751375082650345576e+04
2.231000000000000000e+03 1.752903189133971318e+04
2.232000000000000000e+03 1.755248637660955137e+04
2.233000000000000000e+03 1.757638220298029046e+04
2.234000000000000000e+03 1.754404164056738591e+04
2.235000000000000000e+03 1.753378512135558049e+04
2.236000000000000000e+03 1.754900769978046083e+04
2.237000000000000000e+03 1.761007939859983526e+04
2.238000000000000000e+03 1.761799996849822855e+04
2.239000000000000000e+03 1.760112524123644471e+04
2.240000000000000000e+03 1.759746854246788644e+04
2.241000000000000000e+03 1.759489761126361554e+04
2.242000000000000000e+03 1.758657967886998449e+04
2.243000000000000000e+03 1.765046026472333688e+04
2.244000000000000000e+03 1.762487128068689344e+04
2.245000000000000000e+03 1.764176646055894162e+04
2.246000000000000000e+03 1.762762675411919190e+04
2.247000000000000000e+03 1.763341663068782509e+04
2.248000000000000000e+03 1.760638600379876880e+04
2.249000000000000000e+03 1.761604032804361850e+04
2.250000000000000000e+03 1.764232339598125691e+04
2.251000000000000000e+03 1.765947815131146490e+04
2.252000000000000000e+03 1.763199513374168237e+04
2.253000000000000000e+03 1.763851021770745137e+04
2.254000000000000000e+03 1.765352622906866236e+04
2.255000000000000000e+03 1.766782154868061480e+04
2.256000000000000000e+03 1.767118810285661311e+04
2.257000000000000000e+03 1.769006691546336151e+04
2.258000000000000000e+03 1.767558434157144438e+04
2.259000000000000000e+03 1.769411858550483157e+04
2.260000000000000000e+03 1.770894050523695114e+04
2.261000000000000000e+03 1.768566349589077436e+04
2.262000000000000000e+03 1.770725355732345633e+04
2.263000000000000000e+03 1.771658928344936066e+04
2.264000000000000000e+03 1.775072640014663193e+04
2.265000000000000000e+03 1.775890366125842047e+04
2.266000000000000000e+03 1.776689964611912364e+04
2.267000000000000000e+03 1.778089127562500653e+04
2.268000000000000000e+03 1.779129623507086581e+04
2.269000000000000000e+03 1.778109976852947148e+04
2.270000000000000000e+03 1.777685230980842243e+04
2.271000000000000000e+03 1.781107941394649606e+04
2.272000000000000000e+03 1.778395577310181397e+04
2.273000000000000000e+03 1.779179643323954951e+04
2.274000000000000000e+03 1.780003400781720120e+04
2.275000000000000000e+03 1.779104751031542764e+04
2.276000000000000000e+03 1.779806247983541471e+04
2.277000000000000000e+03 1.782386061496418188e+04
2.278000000000000000e+03 1.785583117498166030e+04
2.279000000000000000e+03 1.788162154069197277e+04
2.280000000000000000e+03 1.789618435628823863e+04
2.281000000000000000e+03 1.794712610425168896e+04
2.282000000000000000e+03 1.795062721465981303e+04
2.283000000000000000e+03 1.793511324972166403e+04
2.284000000000000000e+03 1.792967799964549704e+04
2.285000000000000000e+03 1.799917366106025656e+04
2.286000000000000000e+03 1.799092637414945057e+04
2.287000000000000000e+03 1.804142797458425412e+04
2.288000000000000000e+03 1.805051601722478517e+04
2.289000000000000000e+03 1.807922719548207897e+04
2.290000000000000000e+03 1.811146974424220389e+04
2.291000000000000000e+03 1.810511141629980193e+04
2.292000000000000000e+03 1.811325975744817697e+04
2.293000000000000000e+03 1.813799577478351057e+04
2.294000000000000000e+03 1.814205653618392898e+04
2.295000000000000000e+03 1.814217980153804092e+04
2.296000000000000000e+03 1.815729925298836679e+04
2.297000000000000000e+03 1.816186344199938321e+04
2.298000000000000000e+03 1.816866982877021655e+04
2.299000000000000000e+03 1.817247685929618820e+04
2.300000000000000000e+03 1.818191976773388160e+04
2.301000000000000000e+03 1.819737159261788474e+04
2.302000000000000000e+03 1.822123852162224648e+04
2.303000000000000000e+03 1.822295962209612117e+04
2.304000000000000000e+03 1.823355018207315879e+04
2.305000000000000000e+03 1.826713334603221665e+04
2.306000000000000000e+03 1.825919517097297285e+04
2.307000000000000000e+03 1.831212493096016988e+04
2.308000000000000000e+03 1.835673163242255032e+04
2.309000000000000000e+03 1.834584337227852666e+04
2.310000000000000000e+03 1.837384863047385079e+04
2.311000000000000000e+03 1.835741154666931834e+04
2.312000000000000000e+03 1.833103838416818326e+04
2.313000000000000000e+03 1.832812087834536942e+04
2.314000000000000000e+03 1.834905421597206077e+04
2.315000000000000000e+03 1.833269587500001944e+04
2.316000000000000000e+03 1.835720548237512412e+04
2.317000000000000000e+03 1.836686833878997277e+04
2.318000000000000000e+03 1.836878118710420677e+04
2.319000000000000000e+03 1.840594734254051582e+04
2.320000000000000000e+03 1.843779600906923952e+04
2.321000000000000000e+03 1.848057866606475727e+04
2.322000000000000000e+03 1.850125257006974789e+04
2.323000000000000000e+03 1.853068915536365239e+04
2.324000000000000000e+03 1.853253558552038521e+04
2.325000000000000000e+03 1.851679306466384514e+04
2.326000000000000000e+03 1.856329157762951218e+04
2.327000000000000000e+03 1.858256456160436210e+04
2.328000000000000000e+03 1.862534505878016353e+04
2.329000000000000000e+03 1.858662078954822937e+04
2.330000000000000000e+03 1.853560927750204428e+04
2.331000000000000000e+03 1.851870136440938586e+04
2.332000000000000000e+03 1.853367192482729297e+04
2.333000000000000000e+03 1.857258552534143018e+04
2.334000000000000000e+03 1.857626141478245700e+04
2.335000000000000000e+03 1.857349574993824717e+04
2.336000000000000000e+03 1.853548324333462733e+04
2.337000000000000000e+03 1.854477065334902727e+04
2.338000000000000000e+03 1.855743980374492094e+04
2.339000000000000000e+03 1.855207392834827988e+04
2.340000000000000000e+03 1.855887891772910734e+04
2.341000000000000000e+03 1.856240695458505434e+04
2.342000000000000000e+03 1.858503329115939050e+04
2.343000000000000000e+03 1.862935322291543343e+04
2.344000000000000000e+03 1.865565160271731656e+04
2.345000000000000000e+03 1.867569855733109580e+04
2.346000000000000000e+03 1.872139813983354907e+04
2.347000000000000000e+03 1.874518649126925811e+04
2.348000000000000000e+03 1.877282157444852419e+04
2.349000000000000000e+03 1.874495713559173964e+04
2.350000000000000000e+03 1.872512989421312159e+04
2.351000000000000000e+03 1.871097474340484405e+04
2.352000000000000000e+03 1.872085413737354611e+04
2.353000000000000000e+03 1.870999659325013272e+04
2.354000000000000000e+03 1.873153416934275447e+04
2.355000000000000000e+03 1.876688986279562960e+04
2.356000000000000000e+03 1.877852702938695802e+04
2.357000000000000000e+03 1.879790404871883584e+04
2.358000000000000000e+03 1.879952416455680941e+04
2.359000000000000000e+03 1.880230272218691971e+04
2.360000000000000000e+03 1.881321530730702580e+04
2.361000000000000000e+03 1.883335252050100462e+04
2.362000000000000000e+03 1.885338728497094417e+04
2.363000000000000000e+03 1.884468424234556369e+04
2.364000000000000000e+03 1.887806880087643367e+04
2.365000000000000000e+03 1.885615812813184675e+04
2.366000000000000000e+03 1.882581141854282760e+04
2.367000000000000000e+03 1.880493430973651266e+04
2.368000000000000000e+03 1.884529971655940608e+04
2.369000000000000000e+03 1.885155861077658483e+04
2.370000000000000000e+03 1.887613478182256222e+04
2.371000000000000000e+03 1.885501892365636377e+04
2.372000000000000000e+03 1.888156516093354003e+04
2.373000000000000000e+03 1.888796146596487961e+04
2.374000000000000000e+03 1.890486968423521466e+04
2.375000000000000000e+03 1.889891384426323566e+04
2.376000000000000000e+03 1.887920883731331924e+04
2.377000000000000000e+03 1.892758472370527670e+04
2.378000000000000000e+03 1.891403295869470821e+04
2.379000000000000000e+03 1.892219662892324413e+04
2.380000000000000000e+03 1.893573764972257050e+04
2.381000000000000000e+03 1.890825712507566641e+04
2.382000000000000000e+03 1.891618391559005613e+04
2.383000000000000000e+03 1.890993608444536585e+04
2.384000000000000000e+03 1.893463299427137463e+04
2.385000000000000000e+03 1.898632584318299996e+04
2.386000000000000000e+03 1.899974470918550287e+04
2.387000000000000000e+03 1.901733831213240046e+04
2.388000000000000000e+03 1.897997299055334224e+04
2.389000000000000000e+03 1.904286425776048782e+04
2.390000000000000000e+03 1.909364300188138077e+04
2.391000000000000000e+03 1.905632473456324442e+04
2.392000000000000000e+03 1.906181621967408137e+04
2.393000000000000000e+03 1.910620535001241660e+04
2.394000000000000000e+03 1.910049929640667688e+04
2.395000000000000000e+03 1.911898036312121985e+04
2.396000000000000000e+03 1.913084204226816291e+04
2.397000000000000000e+03 1.916423306781990686e+04
2.398000000000000000e+03 1.920966853308808641e+04
2.399000000000000000e+03 1.920109149491698190e+04
2.400000000000000000e+03 1.921582784245320363e+04
2.401000000000000000e+03 1.921438588450726093e+04
2.402000000000000000e+03 1.919991212657538927e+04
2.403000000000000000e+03 1.919212587635456657e+04
2.404000000000000000e+03 1.926293324144733560e+04
2.405000000000000000e+03 1.925563954753025610e+04
2.406000000000000000e+03 1.923912663918594990e+04
2.407000000000000000e+03 1.922238313298285357e+04
2.408000000000000000e+03 1.924266502146816492e+04
2.409000000000000000e+03 1.927531699286366711e+04
2.410000000000000000e+03 1.928663691981942611e+04
2.411000000000000000e+03 1.924932915120149846e+04
2.412000000000000000e+03 1.926905016603122931e+04
2.413000000000000000e+03 1.929001967486600188e+04
2.414000000000000000e+03 1.924235388897205485e+04
2.415000000000000000e+03 1.922227995525383812e+04
2.416000000000000000e+03 1.918595903895112497e+04
2.417000000000000000e+03 1.919836810742029411e+04
2.418000000000000000e+03 1.922156483542001297e+04
2.419000000000000000e+03 1.926203772770762225e+04
2.420000000000000000e+03 1.926662419816641705e+04
2.421000000000000000e+03 1.925541239955564379e+04
2.422000000000000000e+03 1.923056439182508257e+04
2.423000000000000000e+03 1.924328687333305788e+04
2.424000000000000000e+03 1.923572226374501042e+04
2.425000000000000000e+03 1.925880209663469941e+04
2.426000000000000000e+03 1.931431547675271941e+04
2.427000000000000000e+03 1.927529590513317453e+04
2.428000000000000000e+03 1.923755731630296577e+04
2.429000000000000000e+03 1.925673435816731217e+04
2.430000000000000000e+03 1.926796984514192809e+04
2.431000000000000000e+03 1.930790344548640132e+04
2.432000000000000000e+03 1.929949743191283778e+04
2.433000000000000000e+03 1.928678584022497671e+04
2.434000000000000000e+03 1.925383676810745237e+04
2.435000000000000000e+03 1.926653155350202360e+04
2.436000000000000000e+03 1.923391958796805557e+04
2.437000000000000000e+03 1.924907949489832026e+04
2.438000000000000000e+03 1.923245692315394990e+04
2.439000000000000000e+03 1.921490462243865841e+04
2.440000000000000000e+03 1.921619624837151787e+04
2.441000000000000000e+03 1.923529350997411893e+04
2.442000000000000000e+03 1.923850768504721782e+04
2.443000000000000000e+03 1.923577916724423267e+04
2.444000000000000000e+03 1.926264352047647117e+04
2.445000000000000000e+03 1.929075202962324329e+04
2.446000000000000000e+03 1.932938591666851062e+04
2.447000000000000000e+03 1.932622439973264045e+04
2.448000000000000000e+03 1.936383370589211700e+04
2.449000000000000000e+03 1.935028267918498750e+04
2.450000000000000000e+03 1.937458900648018607e+04
2.451000000000000000e+03 1.940892330057476647e+04
2.452000000000000000e+03 1.942482534788604244e+04
2.453000000000000000e+03 1.945568735490350809e+04
2.454000000000000000e+03 1.945686859359386654e+04
2.455000000000000000e+03 1.946089009291103503e+04
2.456000000000000000e+03 1.947636661779162023e+04
2.457000000000000000e+03 1.950786278585499895e+04
2.458000000000000000e+03 1.951446475849461785e+04
2.459000000000000000e+03 1.949762547110886226e+04
2.460000000000000000e+03 1.951267403594115240e+04
2.461000000000000000e+03 1.949604265009909068e+04
2.462000000000000000e+03 1.947496365126730234e+04
2.463000000000000000e+03 1.947534514198749093e+04
2.464000000000000000e+03 1.949846456850142204e+04
2.465000000000000000e+03 1.955033691830214593e+04
2.466000000000000000e+03 1.957548752476852678e+04
2.467000000000000000e+03 1.958319813807049650e+04
2.468000000000000000e+03 1.956185207043338960e+04
2.469000000000000000e+03 1.958360943618887904e+04
2.470000000000000000e+03 1.957026445633389085e+04
2.471000000000000000e+03 1.957074813987311063e+04
2.472000000000000000e+03 1.954779144018325314e+04
2.473000000000000000e+03 1.953184054939018097e+04
2.474000000000000000e+03 1.947391348780530461e+04
2.475000000000000000e+03 1.950717944580274707e+04
2.476000000000000000e+03 1.947202661999998963e+04
2.477000000000000000e+03 1.948833382659769268e+04
2.478000000000000000e+03 1.948085581676338916e+04
2.479000000000000000e+03 1.949614435964533186e+04
2.480000000000000000e+03 1.954013778354400347e+04
2.481000000000000000e+03 1.955965759713348234e+04
2.482000000000000000e+03 1.960154790539445094e+04
2.483000000000000000e+03 1.959013383354769030e+04
2.484000000000000000e+03 1.956087184626965245e+04
2.485000000000000000e+03 1.956572795531222437e+04
2.486000000000000000e+03 1.953580809724232313e+04
2.487000000000000000e+03 1.954710427038282432e+04
2.488000000000000000e+03 1.958804064454583204e+04
2.489000000000000000e+03 1.962383712067281158e+04
2.490000000000000000e+03 1.964191465949264602e+04
2.491000000000000000e+03 1.963772196148237344e+04
2.492000000000000000e+03 1.961670826404704349e+04
2.493000000000000000e+03 1.958687253833459181e+04
2.494000000000000000e+03 1.963123114285666088e+04
2.495000000000000000e+03 1.963832466925839981e+04
2.496000000000000000e+03 1.963586792207324106e+04
2.497000000000000000e+03 1.965855937604092105e+04
2.498000000000000000e+03 1.966478835932329821e+04
2.499000000000000000e+03 1.967588761326319218e+04
2.500000000000000000e+03 1.965712071535355062e+04
2.501000000000000000e+03 1.969734841066607260e+04
2.502000000000000000e+03 1.973855998434742651e+04
2.503000000000000000e+03 1.974217534017461367e+04
2.504000000000000000e+03 1.977000199527915538e+04
2.505000000000000000e+03 1.980317823104612398e+04
2.506000000000000000e+03 1.981845920749553989e+04
2.507000000000000000e+03 1.987621807377787263e+04
2.508000000000000000e+03 1.990736868359011714e+04
2.509000000000000000e+03 1.992601970989720940e+04
2.510000000000000000e+03 1.989074804048347141e+04
2.511000000000000000e+03 1.987873818843436675e+04
2.512000000000000000e+03 1.991297756037090221e+04
2.513000000000000000e+03 1.994363232962605252e+04
2.514000000000000000e+03 1.992760723736128784e+04
2.515000000000000000e+03 1.987399143630184335e+04
2.516000000000000000e+03 1.985612887643659997e+04
2.517000000000000000e+03 1.982996972893746715e+04
2.518000000000000000e+03 1.989680801886456538e+04
2.519000000000000000e+03 1.986579102124748533e+04
2.520000000000000000e+03 1.986250908013634762e+04
2.521000000000000000e+03 1.988858575375002692e+04
2.522000000000000000e+03 1.987577401078586627e+04
2.523000000000000000e+03 1.982214747230076682e+04
2.524000000000000000e+03 1.978385189656752118e+04
2.525000000000000000e+03 1.978508267889029594e+04
2.526000000000000000e+03 1.980875064660548014e+04
2.527000000000000000e+03 1.983818194666902491e+04
2.528000000000000000e+03 1.989649487340092310e+04
2.529000000000000000e+03 1.989867354428565886e+04
2.530000000000000000e+03 1.991093359433339720e+04
2.531000000000000000e+03 1.989938479497974549e+04
2.532000000000000000e+03 1.992296064148004007e+04
2.533000000000000000e+03 1.991530897467288014e+04
2.534000000000000000e+03 1.995920505900949865e+04
2.535000000000000000e+03 2.003062808818694612e+04
2.536000000000000000e+03 1.999307897730702098e+04
2.537000000000000000e+03 1.996219252035952013e+04
2.538000000000000000e+03 1.994253440700528881e+04
2.539000000000000000e+03 1.996414774661679985e+04
2.540000000000000000e+03 1.996991659699403681e+04
2.541000000000000000e+03 1.995256910847106701e+04
2.542000000000000000e+03 1.994187974479954210e+04
2.543000000000000000e+03 1.996693185044356142e+04
2.544000000000000000e+03 1.996292112175636066e+04
2.545000000000000000e+03 1.997582182036454833e+04
2.546000000000000000e+03 1.996879824714684219e+04
2.547000000000000000e+03 1.994092995058169981e+04
2.548000000000000000e+03 1.995783269750643740e+04
2.549000000000000000e+03 1.998826283153271288e+04
2.550000000000000000e+03 2.001080098856095719e+04
2.551000000000000000e+03 1.998372327125288939e+04
2.552000000000000000e+03 1.997607968316542247e+04
2.553000000000000000e+03 1.998790658860931944e+04
2.554000000000000000e+03 1.998666376274629874e+04
2.555000000000000000e+03 1.996745740370916246e+04
2.556000000000000000e+03 1.999480857168337752e+04
2.557000000000000000e+03 2.001278061573117520e+04
2.558000000000000000e+03 2.003136816516409453e+04
2.559000000000000000e+03 2.007310445584419722e+04
2.560000000000000000e+03 2.009091012275826506e+04
2.561000000000000000e+03 2.010835574490705039e+04
2.562000000000000000e+03 2.010614617585600718e+04
2.563000000000000000e+03 2.012662438784643018e+04
2.564000000000000000e+03 2.011045188828344544e+04
2.565000000000000000e+03 2.011709686468129803e+04
2.566000000000000000e+03 2.012770926233021237e+04
2.567000000000000000e+03 2.019831176538722502e+04
2.568000000000000000e+03 2.021058153318191034e+04
2.569000000000000000e+03 2.022429441833102828e+04
2.570000000000000000e+03 2.024486689101484080e+04
2.571000000000000000e+03 2.024310733706629981e+04
2.572000000000000000e+03 2.023571348429037971e+04
2.573000000000000000e+03 2.025558287878203555e+04
2.574000000000000000e+03 2.027165699315588063e+04
2.575000000000000000e+03 2.029760952587551583e+04
2.576000000000000000e+03 2.030893609775670484e+04
2.577000000000000000e+03 2.029986659592418800e+04
2.578000000000000000e+03 2.032563552884289311e+04
2.579000000000000000e+03 2.033934544706122688e+04
2.580000000000000000e+03 2.031397721023695340e+04
2.581000000000000000e+03 2.031187501208024696e+04
2.582000000000000000e+03 2.028169876337507230e+04
2.583000000000000000e+03 2.029661094755325757e+04
2.584000000000000000e+03 2.030174469557046541e+04
2.585000000000000000e+03 2.031769990209091338e+04
2.586000000000000000e+03 2.030398018518688696e+04
2.587000000000000000e+03 2.031800407792560145e+04
2.588000000000000000e+03 2.035338944422016357e+04
2.589000000000000000e+03 2.036886778895910538e+04
2.590000000000000000e+03 2.034262155435796012e+04
2.591000000000000000e+03 2.034365301902915962e+04
2.592000000000000000e+03 2.033358590875840673e+04
2.593000000000000000e+03 2.036474709574265216e+04
2.594000000000000000e+03 2.040703090698451342e+04
2.595000000000000000e+03 2.040745851146111454e+04
2.596000000000000000e+03 2.040930781868374470e+04
2.597000000000000000e+03 2.044171467548363216e+04
2.598000000000000000e+03 2.047778409572574310e+04
2.599000000000000000e+03 2.046288062037975760e+04
2.600000000000000000e+03 2.049003631019625391e+04
2.601000000000000000e+03 2.050507258419554637e+04
2.602000000000000000e+03 2.048305580062294393e+04
2.603000000000000000e+03 2.046297979419535477e+04
2.604000000000000000e+03 2.049001780871292067e+04
2.605000000000000000e+03 2.046651348980315743e+04
2.606000000000000000e+03 2.045256719558610712e+04
2.607000000000000000e+03 2.040399604311684016e+04
2.608000000000000000e+03 2.041750631378441904e+04
2.609000000000000000e+03 2.040167123604162771e+04
2.610000000000000000e+03 2.038753152224688165e+04
2.611000000000000000e+03 2.039569246494941763e+04
2.612000000000000000e+03 2.043357849314046325e+04
2.613000000000000000e+03 2.041601708664304533e+04
2.614000000000000000e+03 2.041954962717182207e+04
2.615000000000000000e+03 2.045879673746378103e+04
2.616000000000000000e+03 2.047449399976115092e+04
2.617000000000000000e+03 2.047398690036236439e+04
2.618000000000000000e+03 2.052652181441279754e+04
2.619000000000000000e+03 2.052418157639633864e+04
2.620000000000000000e+03 2.045704573319457631e+04
2.621000000000000000e+03 2.046377376122886562e+04
2.622000000000000000e+03 2.050319623224822135e+04
2.623000000000000000e+03 2.046560026804624067e+04
2.624000000000000000e+03 2.050137638040090314e+04
2.625000000000000000e+03 2.051665711731717238e+04
2.626000000000000000e+03 2.048851808741972854e+04
2.627000000000000000e+03 2.051647999838282340e+04
2.628000000000000000e+03 2.053610236041506505e+04
2.629000000000000000e+03 2.057195715883332377e+04
2.630000000000000000e+03 2.057709914164108341e+04
2.631000000000000000e+03 2.054835600130630337e+04
2.632000000000000000e+03 2.055457776932206252e+04
2.633000000000000000e+03 2.058660120435009958e+04
2.634000000000000000e+03 2.060884684747513893e+04
2.635000000000000000e+03 2.062309960559941464e+04
2.636000000000000000e+03 2.064636460257486397e+04
2.637000000000000000e+03 2.065360266945784315e+04
2.638000000000000000e+03 2.065973521680768681e+04
2.639000000000000000e+03 2.068095506945734087e+04
2.640000000000000000e+03 2.071363582699016843e+04
2.641000000000000000e+03 2.070525160791673625e+04
2.642000000000000000e+03 2.066093152859763359e+04
2.643000000000000000e+03 2.068945361814549324e+04
2.644000000000000000e+03 2.069348926082811522e+04
2.645000000000000000e+03 2.070776024491841963e+04
2.646000000000000000e+03 2.069463191755668231e+04
2.647000000000000000e+03 2.068714940947167270e+04
2.648000000000000000e+03 2.065804588530561159e+04
2.649000000000000000e+03 2.067685590503564890e+04
2.650000000000000000e+03 2.073824920574912176e+04
2.651000000000000000e+03 2.077549936506901577e+04
2.652000000000000000e+03 2.076295799241833447e+04
2.653000000000000000e+03 2.074979751792269963e+04
2.654000000000000000e+03 2.076434401164944211e+04
2.655000000000000000e+03 2.078983142367530672e+04
2.656000000000000000e+03 2.074961120582092190e+04
2.657000000000000000e+03 2.078519838051922125e+04
2.658000000000000000e+03 2.079443366793584573e+04
2.659000000000000000e+03 2.079433950645196455e+04
2.660000000000000000e+03 2.076764753938846479e+04
2.661000000000000000e+03 2.081406320047939516e+04
2.662000000000000000e+03 2.083919769005806302e+04
2.663000000000000000e+03 2.084931447224174553e+04
2.664000000000000000e+03 2.086410151352561661e+04
2.665000000000000000e+03 2.089162957158549762e+04
2.666000000000000000e+03 2.094793512034713422e+04
2.667000000000000000e+03 2.097450238596386043e+04
2.668000000000000000e+03 2.097883209667036499e+04
2.669000000000000000e+03 2.096201976696068232e+04
2.670000000000000000e+03 2.095572370458976729e+04
2.671000000000000000e+03 2.097353261307207504e+04
2.672000000000000000e+03 2.097925392067801295e+04
2.673000000000000000e+03 2.098742840099435125e+04
2.674000000000000000e+03 2.098946512096318111e+04
2.675000000000000000e+03 2.098500388521596687e+04
2.676000000000000000e+03 2.099834271074084245e+04
2.677000000000000000e+03 2.102072479419299634e+04
2.678000000000000000e+03 2.099510164439408618e+04
2.679000000000000000e+03 2.102289424234270336e+04
2.680000000000000000e+03 2.105024050130389514e+04
2.681000000000000000e+03 2.109624816431984436e+04
2.682000000000000000e+03 2.110916776277293684e+04
2.683000000000000000e+03 2.107880084282917232e+04
2.684000000000000000e+03 2.109841068674312555e+04
2.685000000000000000e+03 2.107835995369091688e+04
2.686000000000000000e+03 2.108688454688533602e+04
2.687000000000000000e+03 2.106385406638966742e+04
2.688000000000000000e+03 2.102933509197313469e+04
2.689000000000000000e+03 2.098854982254263450e+04
2.690000000000000000e+03 2.098778617292406852e+04
2.691000000000000000e+03 2.099762889846207690e+04
2.692000000000000000e+03 2.098436172209412689e+04
2.693000000000000000e+03 2.101131142153166365e+04
2.694000000000000000e+03 2.103091317859486662e+04
2.695000000000000000e+03 2.102173614542761425e+04
2.696000000000000000e+03 2.101906537575990296e+04
2.697000000000000000e+03 2.102341666271151553e+04
2.698000000000000000e+03 2.103922437483935209e+04
2.699000000000000000e+03 2.104659053212013532e+04
2.700000000000000000e+03 2.106771587756360896e+04
2.701000000000000000e+03 2.107571360873962840e+04
2.702000000000000000e+03 2.107982901667189071e+04
2.703000000000000000e+03 2.106306688449301510e+04
2.704000000000000000e+03 2.107988766086098622e+04
2.705000000000000000e+03 2.105964654771612186e+04
2.706000000000000000e+03 2.105559323566425883e+04
2.707000000000000000e+03 2.106711818423149452e+04
2.708000000000000000e+03 2.106083220053318655e+04
2.709000000000000000e+03 2.105510995362867834e+04
2.710000000000000000e+03 2.107537855105000563e+04
2.711000000000000000e+03 2.107521722679444065e+04
2.712000000000000000e+03 2.111972631427589295e+04
2.713000000000000000e+03 2.113013450395198379e+04
2.714000000000000000e+03 2.111843486914069945e+04
2.715000000000000000e+03 2.109265546678231840e+04
2.716000000000000000e+03 2.111116745336598979e+04
2.717000000000000000e+03 2.110392825363872180e+04
2.718000000000000000e+03 2.114289760201336321e+04
2.719000000000000000e+03 2.113584461779999401e+04
2.720000000000000000e+03 2.109729820444196594e+04
2.721000000000000000e+03 2.111148356965546918e+04
2.722000000000000000e+03 2.114935827807469468e+04
2.723000000000000000e+03 2.115437833605768901e+04
2.724000000000000000e+03 2.112163179634127664e+04
2.725000000000000000e+03 2.109657182110073336e+04
2.726000000000000000e+03 2.105681136450492704e+04
2.727000000000000000e+03 2.111436685414128442e+04
2.728000000000000000e+03 2.114635536579083055e+04
2.729000000000000000e+03 2.115831185275964890e+04
2.730000000000000000e+03 2.114755066003236061e+04
2.731000000000000000e+03 2.112309167591370351e+04
2.732000000000000000e+03 2.113670626807186636e+04
2.733000000000000000e+03 2.112129809791158550e+04
2.734000000000000000e+03 2.114432997521400830e+04
2.735000000000000000e+03 2.112241782837886058e+04
2.736000000000000000e+03 2.110211609437796142e+04
2.737000000000000000e+03 2.110105053879228581e+04
2.738000000000000000e+03 2.110796898332984347e+04
2.739000000000000000e+03 2.112359433386664386e+04
2.740000000000000000e+03 2.113245627660865648e+04
2.741000000000000000e+03 2.110175599584836891e+04
2.742000000000000000e+03 2.109366175148183538e+04
2.743000000000000000e+03 2.110550609235000593e+04
2.744000000000000000e+03 2.111735126951367783e+04
2.745000000000000000e+03 2.111125318372172478e+04
2.746000000000000000e+03 2.118248566981966360e+04
2.747000000000000000e+03 2.118407277360031730e+04
2.748000000000000000e+03 2.122778787207648566e+04
2.749000000000000000e+03 2.127531490240199128e+04
2.750000000000000000e+03 2.130531496838305247e+04
2.751000000000000000e+03 2.131862888414186818e+04
2.752000000000000000e+03 2.131946630460403321e+04
2.753000000000000000e+03 2.131860630767804832e+04
2.754000000000000000e+03 2.134555943512863814e+04
2.755000000000000000e+03 2.133865388774749590e+04
2.756000000000000000e+03 2.136481285646576725e+04
2.757000000000000000e+03 2.137929383011037862e+04
2.758000000000000000e+03 2.133466707196148127e+04
2.759000000000000000e+03 2.127085601840594609e+04
2.760000000000000000e+03 2.131323279089148127e+04
2.761000000000000000e+03 2.133226548033616200e+04
2.762000000000000000e+03 2.139112678315017911e+04
2.763000000000000000e+03 2.139542720491900400e+04
2.764000000000000000e+03 2.141643758028061347e+04
2.765000000000000000e+03 2.136616442939962144e+04
2.766000000000000000e+03 2.134382432209679610e+04
2.767000000000000000e+03 2.136284573125490715e+04
2.768000000000000000e+03 2.142231047469663827e+04
2.769000000000000000e+03 2.141848459475984419e+04
2.770000000000000000e+03 2.142420656637638240e+04
2.771000000000000000e+03 2.146693411222848226e+04
2.772000000000000000e+03 2.149357113162985115e+04
2.773000000000000000e+03 2.151365714161017240e+04
2.774000000000000000e+03 2.151937512912690363e+04
2.775000000000000000e+03 2.154150468392541734e+04
2.776000000000000000e+03 2.155670928157348317e+04
2.777000000000000000e+03 2.156044537749600204e+04
2.778000000000000000e+03 2.161202343282767470e+04
2.779000000000000000e+03 2.163457472655716992e+04
2.780000000000000000e+03 2.166999645965331729e+04
2.781000000000000000e+03 2.168845797304090956e+04
2.782000000000000000e+03 2.169431449754217101e+04
2.783000000000000000e+03 2.167244710373015187e+04
2.784000000000000000e+03 2.168315328299922112e+04
2.785000000000000000e+03 2.167717274742727386e+04
2.786000000000000000e+03 2.170691506659283186e+04
2.787000000000000000e+03 2.173324210693123314e+04
2.788000000000000000e+03 2.172416582576683504e+04
2.789000000000000000e+03 2.175562310043826801e+04
2.790000000000000000e+03 2.173794184388754002e+04
2.791000000000000000e+03 2.171522170524571266e+04
2.792000000000000000e+03 2.168960655986656275e+04
2.793000000000000000e+03 2.170150535407201096e+04
2.794000000000000000e+03 2.170738849489294080e+04
2.795000000000000000e+03 2.174884670971046216e+04
2.796000000000000000e+03 2.175271924546072478e+04
2.797000000000000000e+03 2.173272133631319593e+04
2.798000000000000000e+03 2.170992307220813746e+04
2.799000000000000000e+03 2.171156988943316901e+04
2.800000000000000000e+03 2.169633654447420486e+04
2.801000000000000000e+03 2.170448446081995644e+04
2.802000000000000000e+03 2.172546390862821499e+04
2.803000000000000000e+03 2.175131541845079846e+04
2.804000000000000000e+03 2.175926665447539563e+04
2.805000000000000000e+03 2.175788237485751597e+04
2.806000000000000000e+03 2.177153513412061875e+04
2.807000000000000000e+03 2.181134489040174958e+04
2.808000000000000000e+03 2.186148226624361632e+04
2.809000000000000000e+03 2.181825572073397052e+04
2.810000000000000000e+03 2.180579073926021010e+04
2.811000000000000000e+03 2.179409543345891507e+04
2.812000000000000000e+03 2.182388489218426548e+04
2.813000000000000000e+03 2.186232198232653172e+04
2.814000000000000000e+03 2.187445750010416668e+04
2.815000000000000000e+03 2.184813776353430512e+04
2.816000000000000000e+03 2.185667891473553027e+04
2.817000000000000000e+03 2.187309891445466565e+04
2.818000000000000000e+03 2.191148093671854076e+04
2.819000000000000000e+03 2.191715606855523947e+04
2.820000000000000000e+03 2.196636430001439294e+04
2.821000000000000000e+03 2.199353707930797464e+04
2.822000000000000000e+03 2.201280439594378186e+04
2.823000000000000000e+03 2.203409502212309962e+04
2.824000000000000000e+03 2.202594710374250280e+04
2.825000000000000000e+03 2.208121959867515397e+04
2.826000000000000000e+03 2.207987103116149592e+04
2.827000000000000000e+03 2.207357207621065027e+04
2.828000000000000000e+03 2.208526197103340019e+04
2.829000000000000000e+03 2.207946998672520203e+04
2.830000000000000000e+03 2.207420351390242286e+04
2.831000000000000000e+03 2.210855457751761423e+04
2.832000000000000000e+03 2.213020945116295479e+04
2.833000000000000000e+03 2.216901929260993347e+04
2.834000000000000000e+03 2.212295263553818586e+04
2.835000000000000000e+03 2.210431128800087390e+04
2.836000000000000000e+03 2.211202485658569640e+04
2.837000000000000000e+03 2.211453138509443306e+04
2.838000000000000000e+03 2.212059285195737175e+04
2.839000000000000000e+03 2.217331548752546223e+04
2.840000000000000000e+03 2.223743186714893091e+04
2.841000000000000000e+03 2.222751847334554986e+04
2.842000000000000000e+03 2.223854016250715358e+04
2.843000000000000000e+03 2.223978201103753599e+04
2.844000000000000000e+03 2.220548627805569777e+04
2.845000000000000000e+03 2.225393384199381399e+04
2.846000000000000000e+03 2.228844811783061596e+04
2.847000000000000000e+03 2.227112019087572480e+04
2.848000000000000000e+03 2.228970233170359643e+04
2.849000000000000000e+03 2.224302044969374765e+04
2.850000000000000000e+03 2.224177272854003968e+04
2.851000000000000000e+03 2.224957553285020549e+04
2.852000000000000000e+03 2.221294120073561498e+04
2.853000000000000000e+03 2.221190915788556958e+04
2.854000000000000000e+03 2.217868271255945001e+04
2.855000000000000000e+03 2.215176025390702125e+04
2.856000000000000000e+03 2.219094669278937727e+04
2.857000000000000000e+03 2.225880486248689340e+04
2.858000000000000000e+03 2.225639838783262167e+04
2.859000000000000000e+03 2.229533624422842695e+04
2.860000000000000000e+03 2.230433374911146166e+04
2.861000000000000000e+03 2.231839882419795322e+04
2.862000000000000000e+03 2.229788586830614440e+04
2.863000000000000000e+03 2.236061138028925780e+04
2.864000000000000000e+03 2.234781577725812167e+04
2.865000000000000000e+03 2.233456931242786959e+04
2.866000000000000000e+03 2.232467003024528094e+04
2.867000000000000000e+03 2.236234251181264699e+04
2.868000000000000000e+03 2.241627432302930174e+04
2.869000000000000000e+03 2.243642560726603551e+04
2.870000000000000000e+03 2.241945819138742809e+04
2.871000000000000000e+03 2.248053443542474270e+04
2.872000000000000000e+03 2.251418912319555602e+04
2.873000000000000000e+03 2.251616265289481453e+04
2.874000000000000000e+03 2.250353343433605914e+04
2.875000000000000000e+03 2.255438958067421845e+04
2.876000000000000000e+03 2.261327224463856328e+04
2.877000000000000000e+03 2.259888405747776051e+04
2.878000000000000000e+03 2.256976885120019870e+04
2.879000000000000000e+03 2.259606427448524846e+04
2.880000000000000000e+03 2.260289527741024722e+04
2.881000000000000000e+03 2.262239237326734656e+04
2.882000000000000000e+03 2.257388113543069267e+04
2.883000000000000000e+03 2.258757439928756139e+04
2.884000000000000000e+03 2.263917662871200810e+04
2.885000000000000000e+03 2.270268936752076479e+04
2.886000000000000000e+03 2.273501214869729301e+04
2.887000000000000000e+03 2.274419224640574976e+04
2.888000000000000000e+03 2.277243519689323512e+04
2.889000000000000000e+03 2.277419761784721049e+04
2.890000000000000000e+03 2.273861695467335812e+04
2.891000000000000000e+03 2.274609332075018392e+04
2.892000000000000000e+03 2.274648406403071203e+04
2.893000000000000000e+03 2.278432716146430539e+04
2.894000000000000000e+03 2.276544134545435372e+04
2.895000000000000000e+03 2.277780163768037892e+04
2.896000000000000000e+03 2.282806823389637793e+04
2.897000000000000000e+03 2.284990126699918255e+04
2.898000000000000000e+03 2.284084059632738717e+04
2.899000000000000000e+03 2.281488160020599389e+04
2.900000000000000000e+03 2.279983960703996127e+04
2.901000000000000000e+03 2.280557226208303109e+04
2.902000000000000000e+03 2.284388224873622312e+04
2.903000000000000000e+03 2.284442243531945496e+04
2.904000000000000000e+03 2.286404967212890188e+04
2.905000000000000000e+03 2.281413232143878486e+04
2.906000000000000000e+03 2.280652516836611176e+04
2.907000000000000000e+03 2.278700580037988402e+04
2.908000000000000000e+03 2.279436835775322106e+04
2.909000000000000000e+03 2.280246622842723082e+04
2.910000000000000000e+03 2.277943822180386996e+04
2.911000000000000000e+03 2.277333117767661679e+04
2.912000000000000000e+03 2.284415878220584273e+04
2.913000000000000000e+03 2.283942557086956003e+04
2.914000000000000000e+03 2.283002394918116624e+04
2.915000000000000000e+03 2.281799482443675515e+04
2.916000000000000000e+03 2.282569975569281814e+04
2.917000000000000000e+03 2.288772423523980251e+04
2.918000000000000000e+03 2.286206314824022047e+04
2.919000000000000000e+03 2.283520512789495115e+04
2.920000000000000000e+03 2.287042093707910317e+04
2.921000000000000000e+03 2.293600580167707449e+04
2.922000000000000000e+03 2.296730163848619850e+04
2.923000000000000000e+03 2.296419226210327543e+04
2.924000000000000000e+03 2.298420370000722323e+04
2.925000000000000000e+03 2.294855244910563488e+04
2.926000000000000000e+03 2.298926873086130217e+04
2.927000000000000000e+03 2.299656792531681276e+04
2.928000000000000000e+03 2.298390092375523818e+04
2.929000000000000000e+03 2.300718996834785503e+04
2.930000000000000000e+03 2.299219183680600690e+04
2.931000000000000000e+03 2.298451164319863892e+04
2.932000000000000000e+03 2.300282867743322277e+04
2.933000000000000000e+03 2.297416780989465406e+04
2.934000000000000000e+03 2.301660676756138491e+04
2.935000000000000000e+03 2.304874221471896453e+04
2.936000000000000000e+03 2.306153684155147494e+04
2.937000000000000000e+03 2.301947611414356288e+04
2.938000000000000000e+03 2.306423525966875604e+04
2.939000000000000000e+03 2.305615398844032097e+04
2.940000000000000000e+03 2.307717457255289628e+04
2.941000000000000000e+03 2.306497575588485415e+04
2.942000000000000000e+03 2.308476009630488625e+04
2.943000000000000000e+03 2.310169366934759091e+04
2.944000000000000000e+03 2.306491698820274905e+04
2.945000000000000000e+03 2.309957101448108006e+04
2.946000000000000000e+03 2.311072752927712645e+04
2.947000000000000000e+03 2.312981321441693581e+04
2.948000000000000000e+03 2.315295669697977064e+04
2.949000000000000000e+03 2.314415721621850389e+04
2.950000000000000000e+03 2.317838665241371564e+04
2.951000000000000000e+03 2.320052559906979513e+04
2.952000000000000000e+03 2.319046817379959975e+04
2.953000000000000000e+03 2.320626369724104734e+04
2.954000000000000000e+03 2.322278713498752404e+04
2.955000000000000000e+03 2.324103831343601996e+04
2.956000000000000000e+03 2.322334847670934323e+04
2.957000000000000000e+03 2.320784561116441546e+04
2.958000000000000000e+03 2.324123510037114465e+04
2.959000000000000000e+03 2.324597854102177371e+04
2.960000000000000000e+03 2.327305750977319985e+04
2.961000000000000000e+03 2.322320211012565051e+04
2.962000000000000000e+03 2.325199440019469694e+04
2.963000000000000000e+03 2.321320524322952406e+04
2.964000000000000000e+03 2.318728989793836809e+04
2.965000000000000000e+03 2.324344025282081202e+04
2.966000000000000000e+03 2.323276324158756688e+04
2.967000000000000000e+03 2.328323109157642102e+04
2.968000000000000000e+03 2.329150355051782026e+04
2.969000000000000000e+03 2.326608550550230575e+04
2.970000000000000000e+03 2.331799388517285843e+04
2.971000000000000000e+03 2.331820143857135190e+04
2.972000000000000000e+03 2.331831986074666565e+04
2.973000000000000000e+03 2.330923928538841938e+04
2.974000000000000000e+03 2.327693433094205102e+04
2.975000000000000000e+03 2.328760464543532362e+04
2.976000000000000000e+03 2.327838513603981846e+04
2.977000000000000000e+03 2.328127443410965498e+04
2.978000000000000000e+03 2.325595081312160255e+04
2.979000000000000000e+03 2.330732055605825735e+04
2.980000000000000000e+03 2.331856370252655688e+04
2.981000000000000000e+03 2.337569708444636854e+04
2.982000000000000000e+03 2.339180468269597623e+04
2.983000000000000000e+03 2.340363909057334968e+04
2.984000000000000000e+03 2.342259357903738055e+04
2.985000000000000000e+03 2.343316661745824968e+04
2.986000000000000000e+03 2.342504938746236803e+04
2.987000000000000000e+03 2.342508127935673838e+04
2.988000000000000000e+03 2.342477137305576252e+04
2.989000000000000000e+03 2.343847727625121115e+04
2.990000000000000000e+03 2.346810947259920795e+04
2.991000000000000000e+03 2.349349923598795795e+04
2.992000000000000000e+03 2.343700330278482943e+04
2.993000000000000000e+03 2.343763789562266902e+04
2.994000000000000000e+03 2.346550137189229281e+04
2.995000000000000000e+03 2.349279219818234924e+04
2.996000000000000000e+03 2.345756596095608984e+04
2.997000000000000000e+03 2.345989838010113817e+04
2.998000000000000000e+03 2.345787648186244405e+04
2.999000000000000000e+03 2.344152111819097263e+04
3.000000000000000000e+03 2.344844535713301593e+04
3.001000000000000000e+03 2.341678186168011962e+04
3.002000000000000000e+03 2.345400839519034344e+04
3.003000000000000000e+03 2.346473801165155237e+04
3.004000000000000000e+03 2.343601067352826794e+04
3.005000000000000000e+03 2.345892551381393787e+04
3.006000000000000000e+03 2.343920356801165690e+04
3.007000000000000000e+03 2.343672769309777505e+04
3.008000000000000000e+03 2.346576674433907829e+04
3.009000000000000000e+03 2.348963951139537676e+04
3.010000000000000000e+03 2.345890375494432374e+04
3.011000000000000000e+03 2.349595027846772064e+04
3.012000000000000000e+03 2.352852279528318468e+04
3.013000000000000000e+03 2.350768924139331284e+04
3.014000000000000000e+03 2.348232026770674929e+04
3.015000000000000000e+03 2.345105677615631430e+04
3.016000000000000000e+03 2.343225795212823505e+04
3.017000000000000000e+03 2.343807251378292858e+04
3.018000000000000000e+03 2.346414491141299732e+04
3.019000000000000000e+03 2.349482534962911450e+04
3.020000000000000000e+03 2.348707418673507709e+04
3.021000000000000000e+03 2.351090061836295354e+04
3.022000000000000000e+03 2.347638397325094775e+04
3.023000000000000000e+03 2.346585631628804913e+04
3.024000000000000000e+03 2.348546498770137623e+04
3.025000000000000000e+03 2.350379654507422310e+04
3.026000000000000000e+03 2.349159442216128446e+04
3.027000000000000000e+03 2.348632353101495755e+04
3.028000000000000000e+03 2.346787458688543484e+04
3.029000000000000000e+03 2.344392664536304801e+04
3.030000000000000000e+03 2.343364920876817268e+04
3.031000000000000000e+03 2.345032970134333664e+04
3.032000000000000000e+03 2.345509337788200355e+04
3.033000000000000000e+03 2.348583752166707563e+04
3.034000000000000000e+03 2.350865086787181644e+04
3.035000000000000000e+03 2.346833476565604360e+04
3.036000000000000000e+03 2.348537920959618350e+04
3.037000000000000000e+03 2.349769299723434597e+04
3.038000000000000000e+03 2.354251986568201391e+04
3.039000000000000000e+03 2.354052886594036318e+04
3.040000000000000000e+03 2.354225876541790785e+04
3.041000000000000000e+03 2.353359904533865119e+04
3.042000000000000000e+03 2.353760373028505273e+04
3.043000000000000000e+03 2.352657488635445043e+04
3.044000000000000000e+03 2.353292759289469177e+04
3.045000000000000000e+03 2.350892517619233331e+04
3.046000000000000000e+03 2.352585578209566302e+04
3.047000000000000000e+03 2.355033791318974545e+04
3.048000000000000000e+03 2.359300970581443471e+04
3.049000000000000000e+03 2.361281496107685598e+04
3.050000000000000000e+03 2.359042868060995897e+04
3.051000000000000000e+03 2.356364494191075210e+04
3.052000000000000000e+03 2.356021768018170405e+04
3.053000000000000000e+03 2.354959227148693390e+04
3.054000000000000000e+03 2.359389850410877261e+04
3.055000000000000000e+03 2.360407974216986986e+04
3.056000000000000000e+03 2.361083492060940625e+04
3.057000000000000000e+03 2.361711606214206040e+04
3.058000000000000000e+03 2.363486265905652544e+04
3.059000000000000000e+03 2.362857509554440185e+04
3.060000000000000000e+03 2.367926091411102971e+04
3.061000000000000000e+03 2.369605097902012130e+04
3.062000000000000000e+03 2.368404364029835051e+04
3.063000000000000000e+03 2.368734613736129540e+04
3.064000000000000000e+03 2.371417680594082412e+04
3.065000000000000000e+03 2.372582613616888193e+04
3.066000000000000000e+03 2.376885309084285836e+04
3.067000000000000000e+03 2.378458315700544335e+04
3.068000000000000000e+03 2.376253012772936563e+04
3.069000000000000000e+03 2.373483533830756642e+04
3.070000000000000000e+03 2.368906204601153513e+04
3.071000000000000000e+03 2.373647642322277898e+04
3.072000000000000000e+03 2.376835515635052798e+04
3.073000000000000000e+03 2.378127441332190938e+04
3.074000000000000000e+03 2.376434511696303525e+04
3.075000000000000000e+03 2.378332475195771622e+04
3.076000000000000000e+03 2.376105899519616287e+04
3.077000000000000000e+03 2.374695290514838052e+04
3.078000000000000000e+03 2.375915299822721499e+04
3.079000000000000000e+03 2.377601383566621007e+04
3.080000000000000000e+03 2.376312292749779226e+04
3.081000000000000000e+03 2.377270679349020793e+04
3.082000000000000000e+03 2.380419142014605677e+04
3.083000000000000000e+03 2.380560897040636701e+04
3.084000000000000000e+03 2.381819827689142767e+04
3.085000000000000000e+03 2.383172084474740404e+04
3.086000000000000000e+03 2.382594417671997508e+04
3.087000000000000000e+03 2.386319423908310637e+04
3.088000000000000000e+03 2.390487298638461289e+04
3.089000000000000000e+03 2.389066034176001995e+04
3.090000000000000000e+03 2.385775596001712984e+04
3.091000000000000000e+03 2.384051770961314833e+04
3.092000000000000000e+03 2.385021945260759458e+04
3.093000000000000000e+03 2.388647966141002689e+04
3.094000000000000000e+03 2.394017212652584931e+04
3.095000000000000000e+03 2.394989155813886100e+04
3.096000000000000000e+03 2.393809215170382231e+04
3.097000000000000000e+03 2.395426608265894538e+04
3.098000000000000000e+03 2.394579150934046629e+04
3.099000000000000000e+03 2.391040655345768027e+04
3.100000000000000000e+03 2.392201866225483536e+04
3.101000000000000000e+03 2.388875667330548458e+04
3.102000000000000000e+03 2.384287614361380838e+04
3.103000000000000000e+03 2.382122783174230062e+04
3.104000000000000000e+03 2.376962737112033574e+04
3.105000000000000000e+03 2.378386074051800824e+04
3.106000000000000000e+03 2.377014572883750952e+04
3.107000000000000000e+03 2.375376571500812133e+04
3.108000000000000000e+03 2.378895145025716192e+04
3.109000000000000000e+03 2.380932281173345473e+04
3.110000000000000000e+03 2.385190577779945306e+04
3.111000000000000000e+03 2.381802868213717738e+04
3.112000000000000000e+03 2.382734663936505603e+04
3.113000000000000000e+03 2.379280977070118752e+04
3.114000000000000000e+03 2.375775528117049544e+04
3.115000000000000000e+03 2.377042303235998043e+04
3.116000000000000000e+03 2.377386101993343254e+04
3.117000000000000000e+03 2.378100511750229271e+04
3.118000000000000000e+03 2.375633993867878598e+04
3.119000000000000000e+03 2.376133650596488951e+04
3.120000000000000000e+03 2.372322708651774155e+04
3.121000000000000000e+03 2.372321191155850101e+04
3.122000000000000000e+03 2.370574481967230895e+04
3.123000000000000000e+03 2.371468731127501815e+04
3.124000000000000000e+03 2.372776869954716676e+04
3.125000000000000000e+03 2.376220694830272259e+04
3.126000000000000000e+03 2.378705733467765458e+04
3.127000000000000000e+03 2.380910595792056483e+04
3.128000000000000000e+03 2.379532572960626931e+04
3.129000000000000000e+03 2.378353690267167258e+04
3.130000000000000000e+03 2.380036836249393309e+04
3.131000000000000000e+03 2.380003019406815656e+04
3.132000000000000000e+03 2.385119886878591933e+04
3.133000000000000000e+03 2.386292333068211155e+04
3.134000000000000000e+03 2.388656500157791015e+04
3.135000000000000000e+03 2.387458453755000664e+04
3.136000000000000000e+03 2.387255021668383415e+04
3.137000000000000000e+03 2.386023672567702670e+04
3.138000000000000000e+03 2.386817365802147469e+04
3.139000000000000000e+03 2.387411340689511053e+04
3.140000000000000000e+03 2.381633044186540792e+04
3.141000000000000000e+03 2.381151745731423944e+04
3.142000000000000000e+03 2.383001129050157397e+04
3.143000000000000000e+03 2.379394275487929553e+04
3.144000000000000000e+03 2.377659450453592581e+04
3.145000000000000000e+03 2.375509677180655854e+04
3.146000000000000000e+03 2.376699243650372227e+04
3.147000000000000000e+03 2.381288637413470133e+04
3.148000000000000000e+03 2.379196914138697321e+04
3.149000000000000000e+03 2.380529635574713393e+04
3.150000000000000000e+03 2.380847648115063566e+04
3.151000000000000000e+03 2.382409957106291040e+04
3.152000000000000000e+03 2.380831208401982803e+04
3.153000000000000000e+03 2.383794210757341716e+04
3.154000000000000000e+03 2.383545303705170591e+04
3.155000000000000000e+03 2.381981408157217083e+04
3.156000000000000000e+03 2.383514566511394150e+04
3.157000000000000000e+03 2.386051614555151536e+04
3.158000000000000000e+03 2.389493053660859005e+04
3.159000000000000000e+03 2.388656793243908760e+04
3.160000000000000000e+03 2.388545818206007971e+04
3.161000000000000000e+03 2.391248790104631553e+04
3.162000000000000000e+03 2.388158893417885338e+04
3.163000000000000000e+03 2.390388903035158364e+04
3.164000000000000000e+03 2.389132936691118448e+04
3.165000000000000000e+03 2.391835933473807381e+04
3.166000000000000000e+03 2.392770712403763537e+04
3.167000000000000000e+03 2.391779815971522839e+04
3.168000000000000000e+03 2.391250836748627626e+04
3.169000000000000000e+03 2.393308092514584132e+04
3.170000000000000000e+03 2.392460732636427201e+04
3.171000000000000000e+03 2.398580959373180667e+04
3.172000000000000000e+03 2.400633481770542130e+04
3.173000000000000000e+03 2.400552098968840073e+04
3.174000000000000000e+03 2.400459667565239579e+04
3.175000000000000000e+03 2.395318427245940256e+04
3.176000000000000000e+03 2.396671370091987774e+04
3.177000000000000000e+03 2.395865707210081746e+04
3.178000000000000000e+03 2.400406936656237303e+04
3.179000000000000000e+03 2.400915472485858118e+04
3.180000000000000000e+03 2.399610905603414722e+04
3.181000000000000000e+03 2.401393345943501481e+04
3.182000000000000000e+03 2.401643755454796701e+04
3.183000000000000000e+03 2.401903294661000109e+04
3.184000000000000000e+03 2.397563652701884712e+04
3.185000000000000000e+03 2.403713577224227993e+04
3.186000000000000000e+03 2.403139664379640089e+04
3.187000000000000000e+03 2.404488891699434316e+04
3.188000000000000000e+03 2.408400135390490323e+04
3.189000000000000000e+03 2.406390908676757681e+04
3.190000000000000000e+03 2.413213354782169699e+04
3.191000000000000000e+03 2.417164150195687034e+04
3.192000000000000000e+03 2.418755048630538658e+04
3.193000000000000000e+03 2.416180831214049977e+04
3.194000000000000000e+03 2.416342258078773739e+04
3.195000000000000000e+03 2.420893342852269416e+04
3.196000000000000000e+03 2.422737731087214706e+04
3.197000000000000000e+03 2.426514928192856678e+04
3.198000000000000000e+03 2.424175487965117281e+04
3.199000000000000000e+03 2.422207485757864561e+04
3.200000000000000000e+03 2.426242965591350730e+04
3.201000000000000000e+03 2.426101576062114327e+04
3.202000000000000000e+03 2.427975184614012323e+04
3.203000000000000000e+03 2.429058875662398714e+04
3.204000000000000000e+03 2.431312819029300226e+04
3.205000000000000000e+03 2.429481717420679706e+04
3.206000000000000000e+03 2.433374732818982375e+04
3.207000000000000000e+03 2.432888231272668054e+04
3.208000000000000000e+03 2.433489830147549947e+04
3.209000000000000000e+03 2.437290182308678050e+04
3.210000000000000000e+03 2.437039228452452517e+04
3.211000000000000000e+03 2.438232829820398911e+04
3.212000000000000000e+03 2.436249515792534294e+04
3.213000000000000000e+03 2.437154933493778299e+04
3.214000000000000000e+03 2.439155367342981481e+04
3.215000000000000000e+03 2.443117003175674836e+04
3.216000000000000000e+03 2.445027829185170049e+04
3.217000000000000000e+03 2.448686052583718265e+04
3.218000000000000000e+03 2.447009600777162996e+04
3.219000000000000000e+03 2.444064547086212042e+04
3.220000000000000000e+03 2.450540563201887562e+04
3.221000000000000000e+03 2.454761208791761601e+04
3.222000000000000000e+03 2.455390254586782248e+04
3.223000000000000000e+03 2.455605486562721489e+04
3.224000000000000000e+03 2.458998227190799662e+04
3.225000000000000000e+03 2.463209340607890044e+04
3.226000000000000000e+03 2.459195701469406413e+04
3.227000000000000000e+03 2.460802762037845969e+04
3.228000000000000000e+03 2.465993440616194857e+04
3.229000000000000000e+03 2.465168065943727561e+04
3.230000000000000000e+03 2.467161586712655844e+04
3.231000000000000000e+03 2.468837991853180574e+04
3.232000000000000000e+03 2.471804625017722356e+04
3.233000000000000000e+03 2.471670073526309352e+04
3.234000000000000000e+03 2.474567383548069120e+04
3.235000000000000000e+03 2.476360422670851040e+04
3.236000000000000000e+03 2.475489701900966247e+04
3.237000000000000000e+03 2.477242958464700132e+04
3.238000000000000000e+03 2.474310000122390193e+04
3.239000000000000000e+03 2.476856978218835138e+04
3.240000000000000000e+03 2.475865618471432390e+04
3.241000000000000000e+03 2.481472480515006828e+04
3.242000000000000000e+03 2.487547005517239450e+04
3.243000000000000000e+03 2.486343697861847613e+04
3.244000000000000000e+03 2.481791268361600669e+04
3.245000000000000000e+03 2.482801132188794872e+04
3.246000000000000000e+03 2.480010834428192538e+04
3.247000000000000000e+03 2.482385989473430527e+04
3.248000000000000000e+03 2.479615982182576772e+04
3.249000000000000000e+03 2.479396542287709235e+04
3.250000000000000000e+03 2.480054560280812802e+04
3.251000000000000000e+03 2.480933615067150095e+04
3.252000000000000000e+03 2.484070987881557085e+04
3.253000000000000000e+03 2.484360862671170253e+04
3.254000000000000000e+03 2.481983391198595928e+04
3.255000000000000000e+03 2.482535268940492460e+04
3.256000000000000000e+03 2.488078011196509033e+04
3.257000000000000000e+03 2.492344311691012263e+04
3.258000000000000000e+03 2.497852836204070991e+04
3.259000000000000000e+03 2.504544296268966718e+04
3.260000000000000000e+03 2.503368883926734998e+04
3.261000000000000000e+03 2.500863801475085347e+04
3.262000000000000000e+03 2.501447705421401770e+04
3.263000000000000000e+03 2.502347594722815847e+04
3.264000000000000000e+03 2.501525289024345693e+04
3.265000000000000000e+03 2.503150432725872815e+04
3.266000000000000000e+03 2.500238256235557856e+04
3.267000000000000000e+03 2.501396703711143709e+04
3.268000000000000000e+03 2.500295482718378844e+04
3.269000000000000000e+03 2.500548570510125137e+04
3.270000000000000000e+03 2.506505541041521792e+04
3.271000000000000000e+03 2.509513176014570854e+04
3.272000000000000000e+03 2.510973976205749568e+04
3.273000000000000000e+03 2.511330676243597190e+04
3.274000000000000000e+03 2.509198631446306899e+04
3.275000000000000000e+03 2.505096539542956452e+04
3.276000000000000000e+03 2.502370498688148655e+04
3.277000000000000000e+03 2.500220776073374145e+04
3.278000000000000000e+03 2.503172564141926341e+04
3.279000000000000000e+03 2.502450952720023270e+04
3.280000000000000000e+03 2.498596707138867350e+04
3.281000000000000000e+03 2.494396849851822117e+04
3.282000000000000000e+03 2.497150977384527869e+04
3.283000000000000000e+03 2.498533241786561121e+04
3.284000000000000000e+03 2.496872105474457931e+04
3.285000000000000000e+03 2.492962035133913378e+04
3.286000000000000000e+03 2.492599612654944940e+04
3.287000000000000000e+03 2.497830620732001626e+04
3.288000000000000000e+03 2.500230240497134218e+04
3.289000000000000000e+03 2.497312594449874450e+04
3.290000000000000000e+03 2.503097628907775288e+04
3.291000000000000000e+03 2.498035695158944145e+04
3.292000000000000000e+03 2.496195499017533803e+04
3.293000000000000000e+03 2.495611663137738651e+04
3.294000000000000000e+03 2.488272691208996548e+04
3.295000000000000000e+03 2.487947335869663948e+04
3.296000000000000000e+03 2.491264529697442049e+04
3.297000000000000000e+03 2.493461037242952443e+04
3.298000000000000000e+03 2.494264980879677023e+04
3.299000000000000000e+03 2.496588035475315337e+04
3.300000000000000000e+03 2.497995795250758601e+04
3.301000000000000000e+03 2.496405869722475472e+04
3.302000000000000000e+03 2.493945667862567643e+04
3.303000000000000000e+03 2.497809595409407484e+04
3.304000000000000000e+03 2.496985058505868437e+04
3.305000000000000000e+03 2.499642906035956912e+04
3.306000000000000000e+03 2.501516350457017688e+04
3.307000000000000000e+03 2.503997445326593879e+04
3.308000000000000000e+03 2.502462610853168735e+04
3.309000000000000000e+03 2.500687189240492080e+04
3.310000000000000000e+03 2.501677585720910429e+04
3.311000000000000000e+03 2.500026519566357456e+04
3.312000000000000000e+03 2.502135303297311475e+04
3.313000000000000000e+03 2.499834071941838920e+04
3.314000000000000000e+03 2.499767679729323936e+04
3.315000000000000000e+03 2.500989751109006102e+04
3.316000000000000000e+03 2.508029510442437822e+04
3.317000000000000000e+03 2.511531111556544784e+04
3.318000000000000000e+03 2.512283223421712319e+04
3.319000000000000000e+03 2.512330647096983739e+04
3.320000000000000000e+03 2.508405061681208463e+04
3.321000000000000000e+03 2.505181104131678148e+04
3.322000000000000000e+03 2.505100358147804582e+04
3.323000000000000000e+03 2.509164853599599155e+04
3.324000000000000000e+03 2.505539067078218432e+04
3.325000000000000000e+03 2.504793144244728683e+04
3.326000000000000000e+03 2.507092875126313811e+04
3.327000000000000000e+03 2.507846807540556983e+04
3.328000000000000000e+03 2.506844347909956196e+04
3.329000000000000000e+03 2.506108396935689598e+04
3.330000000000000000e+03 2.505793122549863983e+04
3.331000000000000000e+03 2.502009125765487261e+04
3.332000000000000000e+03 2.501403332537368260e+04
3.333000000000000000e+03 2.502437511578050180e+04
3.334000000000000000e+03 2.503635978334984247e+04
3.335000000000000000e+03 2.503326661850091477e+04
3.336000000000000000e+03 2.502083417143294719e+04
3.337000000000000000e+03 2.505114052525529769e+04
3.338000000000000000e+03 2.506803343884100468e+04
3.339000000000000000e+03 2.500679721455163963e+04
3.340000000000000000e+03 2.501325628689032965e+04
3.341000000000000000e+03 2.500834080398347214e+04
3.342000000000000000e+03 2.499250233941897386e+04
3.343000000000000000e+03 2.502061440966932787e+04
3.344000000000000000e+03 2.502461031514657952e+04
3.345000000000000000e+03 2.503277605807224609e+04
3.346000000000000000e+03 2.506837971265099986e+04
3.347000000000000000e+03 2.503823294806533158e+04
3.348000000000000000e+03 2.510464438374941892e+04
3.349000000000000000e+03 2.508463342477124024e+04
3.350000000000000000e+03 2.504765276101883865e+04
3.351000000000000000e+03 2.507017797800916742e+04
3.352000000000000000e+03 2.509280770398231471e+04
3.353000000000000000e+03 2.503596825078284746e+04
3.354000000000000000e+03 2.505209000268710224e+04
3.355000000000000000e+03 2.508922581689250728e+04
3.356000000000000000e+03 2.511687489921810266e+04
3.357000000000000000e+03 2.517695215141493100e+04
3.358000000000000000e+03 2.520572985028490803e+04
3.359000000000000000e+03 2.521321527042429807e+04
3.360000000000000000e+03 2.519222253215137243e+04
3.361000000000000000e+03 2.523542381952884534e+04
3.362000000000000000e+03 2.524184116183899096e+04
3.363000000000000000e+03 2.522037937095236703e+04
3.364000000000000000e+03 2.521754894054290344e+04
3.365000000000000000e+03 2.523194343092356939e+04
3.366000000000000000e+03 2.525871826129668261e+04
3.367000000000000000e+03 2.525949183610074033e+04
3.368000000000000000e+03 2.525903123579570820e+04
3.369000000000000000e+03 2.525707986180889202e+04
3.370000000000000000e+03 2.528947495635479208e+04
3.371000000000000000e+03 2.528971065338434346e+04
3.372000000000000000e+03 2.531172936493324960e+04
3.373000000000000000e+03 2.534088389068262404e+04
3.374000000000000000e+03 2.535619749756083911e+04
3.375000000000000000e+03 2.539815123604613473e+04
3.376000000000000000e+03 2.541126448389217694e+04
3.377000000000000000e+03 2.539243860504938857e+04
3.378000000000000000e+03 2.535324726789763372e+04
3.379000000000000000e+03 2.536458104272029595e+04
3.380000000000000000e+03 2.537797583462901093e+04
3.381000000000000000e+03 2.532217236287731794e+04
3.382000000000000000e+03 2.534266291960141825e+04
3.383000000000000000e+03 2.538339745256917740e+04
3.384000000000000000e+03 2.543712343149521257e+04
3.385000000000000000e+03 2.546006659668796419e+04
3.386000000000000000e+03 2.546294848432960862e+04
3.387000000000000000e+03 2.544631919653913064e+04
3.388000000000000000e+03 2.548440258957868355e+04
3.389000000000000000e+03 2.546785604878187951e+04
3.390000000000000000e+03 2.547853722857152025e+04
3.391000000000000000e+03 2.549028782082702674e+04
3.392000000000000000e+03 2.546830323207117908e+04
3.393000000000000000e+03 2.544653744533568533e+04
3.394000000000000000e+03 2.550399544665661597e+04
3.395000000000000000e+03 2.552250236185394169e+04
3.396000000000000000e+03 2.550991565033262304e+04
3.397000000000000000e+03 2.549410905506112977e+04
3.398000000000000000e+03 2.552110872844771075e+04
3.399000000000000000e+03 2.548301751771711861e+04
3.400000000000000000e+03 2.550869139977622763e+04
3.401000000000000000e+03 2.550403395790129434e+04
3.402000000000000000e+03 2.553284067360357221e+04
3.403000000000000000e+03 2.549771800681041714e+04
3.404000000000000000e+03 2.551554343701502876e+04
3.405000000000000000e+03 2.555531448012765395e+04
3.406000000000000000e+03 2.557232489373346471e+04
3.407000000000000000e+03 2.556941021935336175e+04
3.408000000000000000e+03 2.555330326843170042e+04
3.409000000000000000e+03 2.558084572578997540e+04
3.410000000000000000e+03 2.560424121750780614e+04
3.411000000000000000e+03 2.558376144706814011e+04
3.412000000000000000e+03 2.557651852243785470e+04
3.413000000000000000e+03 2.557392486377674868e+04
3.414000000000000000e+03 2.555334557541067988e+04
3.415000000000000000e+03 2.555729986260273290e+04
3.416000000000000000e+03 2.559281231095980183e+04
3.417000000000000000e+03 2.560770347915434104e+04
3.418000000000000000e+03 2.559032366268976693e+04
3.419000000000000000e+03 2.559867127441395860e+04
3.420000000000000000e+03 2.561838371819528766e+04
3.421000000000000000e+03 2.561467269599345309e+04
3.422000000000000000e+03 2.564784297537134989e+04
3.423000000000000000e+03 2.562124233936339806e+04
3.424000000000000000e+03 2.558646378802758045e+04
3.425000000000000000e+03 2.561157581363271674e+04
3.426000000000000000e+03 2.561935915946933892e+04
3.427000000000000000e+03 2.567039858848307267e+04
3.428000000000000000e+03 2.569116374808432374e+04
3.429000000000000000e+03 2.569264427357013483e+04
3.430000000000000000e+03 2.569498844783176901e+04
3.431000000000000000e+03 2.571610735410322741e+04
3.432000000000000000e+03 2.572612115890594941e+04
3.433000000000000000e+03 2.571368205863340700e+04
3.434000000000000000e+03 2.570266536698711207e+04
3.435000000000000000e+03 2.576561906303329306e+04
3.436000000000000000e+03 2.576763572519830632e+04
3.437000000000000000e+03 2.582383265921967541e+04
3.438000000000000000e+03 2.584955714702407568e+04
3.439000000000000000e+03 2.588011624605219549e+04
3.440000000000000000e+03 2.592615669762413017e+04
3.441000000000000000e+03 2.586083953622762056e+04
3.442000000000000000e+03 2.588277008654854217e+04
3.443000000000000000e+03 2.593670218380853112e+04
3.444000000000000000e+03 2.588302470106871624e+04
3.445000000000000000e+03 2.587233197368711990e+04
3.446000000000000000e+03 2.586401897074497901e+04
3.447000000000000000e+03 2.587256323244095984e+04
3.448000000000000000e+03 2.586227630067816426e+04
3.449000000000000000e+03 2.588761687958629045e+04
3.450000000000000000e+03 2.594416641417979554e+04
3.451000000000000000e+03 2.594720735100658931e+04
3.452000000000000000e+03 2.594118841013998463e+04
3.453000000000000000e+03 2.592138734623470737e+04
3.454000000000000000e+03 2.592271780678731011e+04
3.455000000000000000e+03 2.599169003680385504e+04
3.456000000000000000e+03 2.599987820074027331e+04
3.457000000000000000e+03 2.595672388772364866e+04
3.458000000000000000e+03 2.596990323921633899e+04
3.459000000000000000e+03 2.602896536442688011e+04
3.460000000000000000e+03 2.595672007041427423e+04
3.461000000000000000e+03 2.595039434363089458e+04
3.462000000000000000e+03 2.591642974929198317e+04
3.463000000000000000e+03 2.591545440243473422e+04
3.464000000000000000e+03 2.591172700443029316e+04
3.465000000000000000e+03 2.591019992879747588e+04
3.466000000000000000e+03 2.585561141780004255e+04
3.467000000000000000e+03 2.586639730203032377e+04
3.468000000000000000e+03 2.585823722058109706e+04
3.469000000000000000e+03 2.587479658784779531e+04
3.470000000000000000e+03 2.592497940916048174e+04
3.471000000000000000e+03 2.594879503712995574e+04
3.472000000000000000e+03 2.595676498774199354e+04
3.473000000000000000e+03 2.596526462799952787e+04
3.474000000000000000e+03 2.594086082223934864e+04
3.475000000000000000e+03 2.592468103927625270e+04
3.476000000000000000e+03 2.594539136269750452e+04
3.477000000000000000e+03 2.601024413993781491e+04
3.478000000000000000e+03 2.599148093907740258e+04
3.479000000000000000e+03 2.598385874793737094e+04
3.480000000000000000e+03 2.602110091205840217e+04
3.481000000000000000e+03 2.607183829343426260e+04
3.482000000000000000e+03 2.603713844722125577e+04
3.483000000000000000e+03 2.607537590184264991e+04
3.484000000000000000e+03 2.611306198731718177e+04
3.485000000000000000e+03 2.610841779651522666e+04
3.486000000000000000e+03 2.614455655393876441e+04
3.487000000000000000e+03 2.614107079546635214e+04
3.488000000000000000e+03 2.612581504928863433e+04
3.489000000000000000e+03 2.613722120913319668e+04
3.490000000000000000e+03 2.613475533803648068e+04
3.491000000000000000e+03 2.619281921579562913e+04
3.492000000000000000e+03 2.621955871236769235e+04
3.493000000000000000e+03 2.622022012450994953e+04
3.494000000000000000e+03 2.622264521820106893e+04
3.495000000000000000e+03 2.622473211445954075e+04
3.496000000000000000e+03 2.619170061443676605e+04
3.497000000000000000e+03 2.619861174291194402e+04
3.498000000000000000e+03 2.620755833675784015e+04
3.499000000000000000e+03 2.623123688090729047e+04
3.500000000000000000e+03 2.621748597895104831e+04
3.501000000000000000e+03 2.622950493700695370e+04
3.502000000000000000e+03 2.622797519441888653e+04
3.503000000000000000e+03 2.616852828412181771e+04
3.504000000000000000e+03 2.613802800334185667e+04
3.505000000000000000e+03 2.614972260024420393e+04
3.506000000000000000e+03 2.616210054543248407e+04
3.507000000000000000e+03 2.616881111948187026e+04
3.508000000000000000e+03 2.620710552702955101e+04
3.509000000000000000e+03 2.616902511243686604e+04
3.510000000000000000e+03 2.615919074415873911e+04
3.511000000000000000e+03 2.610472549294294731e+04
3.512000000000000000e+03 2.607110962150304113e+04
3.513000000000000000e+03 2.604691126826485561e+04
3.514000000000000000e+03 2.610844131086951893e+04
3.515000000000000000e+03 2.613208323862067482e+04
3.516000000000000000e+03 2.614751746179910697e+04
3.517000000000000000e+03 2.620440576572935242e+04
3.518000000000000000e+03 2.619292640674240101e+04
3.519000000000000000e+03 2.618134023893854828e+04
3.520000000000000000e+03 2.620659791119073998e+04
3.521000000000000000e+03 2.615894967005329090e+04
3.522000000000000000e+03 2.610747514676424908e+04
3.523000000000000000e+03 2.611648384833496311e+04
3.524000000000000000e+03 2.611747883772900605e+04
3.525000000000000000e+03 2.611963487241218536e+04
3.526000000000000000e+03 2.608404252493370223e+04
3.527000000000000000e+03 2.609568067277470982e+04
3.528000000000000000e+03 2.612433871712599648e+04
3.529000000000000000e+03 2.611754180543620532e+04
3.530000000000000000e+03 2.616317501970093508e+04
3.531000000000000000e+03 2.617469954979924296e+04
3.532000000000000000e+03 2.620684982742338980e+04
3.533000000000000000e+03 2.618903293697512345e+04
3.534000000000000000e+03 2.620836787271779758e+04
3.535000000000000000e+03 2.621969458280615800e+04
3.536000000000000000e+03 2.614257402198813361e+04
3.537000000000000000e+03 2.615659862626920949e+04
3.538000000000000000e+03 2.617344185897726857e+04
3.539000000000000000e+03 2.615587550543389807e+04
3.540000000000000000e+03 2.618431622806067753e+04
3.541000000000000000e+03 2.622609272269642679e+04
3.542000000000000000e+03 2.629078292964526918e+04
3.543000000000000000e+03 2.628901347672213524e+04
3.544000000000000000e+03 2.628791545099567156e+04
3.545000000000000000e+03 2.624387667517036971e+04
3.546000000000000000e+03 2.624263461237673982e+04
3.547000000000000000e+03 2.623791809705800188e+04
3.548000000000000000e+03 2.622395136575588549e+04
3.549000000000000000e+03 2.624316749947141943e+04
3.550000000000000000e+03 2.626677665699589124e+04
3.551000000000000000e+03 2.625128879514442451e+04
3.552000000000000000e+03 2.627468063245065423e+04
3.553000000000000000e+03 2.626782849179548430e+04
3.554000000000000000e+03 2.629029074870357726e+04
3.555000000000000000e+03 2.626632144313551908e+04
3.556000000000000000e+03 2.628648349855441120e+04
3.557000000000000000e+03 2.630198513180977170e+04
3.558000000000000000e+03 2.632293246530033502e+04
3.559000000000000000e+03 2.631872332774733150e+04
3.560000000000000000e+03 2.627643299995649431e+04
3.561000000000000000e+03 2.631155289995218118e+04
3.562000000000000000e+03 2.636484641406085939e+04
3.563000000000000000e+03 2.633033814784686183e+04
3.564000000000000000e+03 2.638340070672265210e+04
3.565000000000000000e+03 2.642376265532069738e+04
3.566000000000000000e+03 2.650790588259735159e+04
3.567000000000000000e+03 2.651370828232968415e+04
3.568000000000000000e+03 2.652182061869025711e+04
3.569000000000000000e+03 2.653929749855278715e+04
3.570000000000000000e+03 2.659317871216674757e+04
3.571000000000000000e+03 2.662485785006125298e+04
3.572000000000000000e+03 2.665711348480629022e+04
3.573000000000000000e+03 2.667345492701778858e+04
3.574000000000000000e+03 2.662486850990229868e+04
3.575000000000000000e+03 2.669625262693439072e+04
3.576000000000000000e+03 2.670227809448465632e+04
3.577000000000000000e+03 2.667414869437695597e+04
3.578000000000000000e+03 2.666015602544794456e+04
3.579000000000000000e+03 2.659595469192072778e+04
3.580000000000000000e+03 2.660485539323770718e+04
3.581000000000000000e+03 2.662304513271602991e+04
3.582000000000000000e+03 2.667931826135670053e+04
3.583000000000000000e+03 2.667262744425901838e+04
3.584000000000000000e+03 2.667467078051349381e+04
3.585000000000000000e+03 2.667538374100236615e+04
3.586000000000000000e+03 2.673743537079121597e+04
3.587000000000000000e+03 2.670719664384000498e+04
3.588000000000000000e+03 2.670046815606606833e+04
3.589000000000000000e+03 2.662913927481599239e+04
3.590000000000000000e+03 2.666462620742359286e+04
3.591000000000000000e+03 2.669736795732368410e+04
3.592000000000000000e+03 2.674003468488571525e+04
3.593000000000000000e+03 2.674326714160964184e+04
3.594000000000000000e+03 2.679177496231521218e+04
3.595000000000000000e+03 2.683504113799462721e+04
3.596000000000000000e+03 2.682628787845900297e+04
3.597000000000000000e+03 2.678711006191275374e+04
3.598000000000000000e+03 2.683335879053055032e+04
3.599000000000000000e+03 2.686177644668683570e+04
3.600000000000000000e+03 2.683592159808435463e+04
3.601000000000000000e+03 2.688231449561593035e+04
3.602000000000000000e+03 2.689365560609848399e+04
3.603000000000000000e+03 2.689003307869558557e+04
3.604000000000000000e+03 2.684865831225338479e+04
3.605000000000000000e+03 2.685835138925670253e+04
3.606000000000000000e+03 2.688160707336565611e+04
3.607000000000000000e+03 2.688260632002088096e+04
3.608000000000000000e+03 2.689150125064171880e+04
3.609000000000000000e+03 2.692117878500734150e+04
3.610000000000000000e+03 2.695952877446484854e+04
3.611000000000000000e+03 2.699660631110480244e+04
3.612000000000000000e+03 2.700545272493585799e+04
3.613000000000000000e+03 2.697028610798473164e+04
3.614000000000000000e+03 2.702030711877578869e+04
3.615000000000000000e+03 2.703378386026392400e+04
3.616000000000000000e+03 2.703183995676501218e+04
3.617000000000000000e+03 2.707832439028641966e+04
3.618000000000000000e+03 2.707785784806521406e+04
3.619000000000000000e+03 2.705952863833324591e+04
3.620000000000000000e+03 2.705465857228328969e+04
3.621000000000000000e+03 2.702590023444998224e+04
3.622000000000000000e+03 2.709172292112067953e+04
3.623000000000000000e+03 2.708745043982756397e+04
3.624000000000000000e+03 2.710255005108086698e+04
3.625000000000000000e+03 2.706125371509309844e+04
3.626000000000000000e+03 2.708318548208017819e+04
3.627000000000000000e+03 2.706194046978784536e+04
3.628000000000000000e+03 2.708623159140303324e+04
3.629000000000000000e+03 2.707473709107079412e+04
3.630000000000000000e+03 2.709382385943633926e+04
3.631000000000000000e+03 2.709469828876341853e+04
3.632000000000000000e+03 2.706821490491872464e+04
3.633000000000000000e+03 2.711242731499526781e+04
3.634000000000000000e+03 2.715336202971760576e+04
3.635000000000000000e+03 2.717389903501684603e+04
3.636000000000000000e+03 2.720673904236112139e+04
3.637000000000000000e+03 2.720457017491976876e+04
3.638000000000000000e+03 2.717888286051915566e+04
3.639000000000000000e+03 2.719831367493065409e+04
3.640000000000000000e+03 2.724997479895273136e+04
3.641000000000000000e+03 2.722826875705189741e+04
3.642000000000000000e+03 2.726096793801479726e+04
3.643000000000000000e+03 2.724729635840956325e+04
3.644000000000000000e+03 2.726895773101913437e+04
3.645000000000000000e+03 2.732129274045944112e+04
3.646000000000000000e+03 2.731491015197238085e+04
3.647000000000000000e+03 2.734357681521435006e+04
3.648000000000000000e+03 2.736404130990413250e+04
3.649000000000000000e+03 2.739395041700517686e+04
3.650000000000000000e+03 2.739643212633873190e+04
3.651000000000000000e+03 2.736350410595904759e+04
3.652000000000000000e+03 2.736865163711619607e+04
3.653000000000000000e+03 2.737148166345992286e+04
3.654000000000000000e+03 2.738125453992977054e+04
3.655000000000000000e+03 2.739047342027235936e+04
3.656000000000000000e+03 2.740485176833724836e+04
3.657000000000000000e+03 2.744558571064323041e+04
3.658000000000000000e+03 2.749236481938671568e+04
3.659000000000000000e+03 2.749844024289062145e+04
3.660000000000000000e+03 2.753169012108747120e+04
3.661000000000000000e+03 2.753667903665426275e+04
3.662000000000000000e+03 2.755212160304830832e+04
3.663000000000000000e+03 2.757445787981551985e+04
3.664000000000000000e+03 2.761555572802493407e+04
3.665000000000000000e+03 2.757144300899247901e+04
3.666000000000000000e+03 2.756958496337943507e+04
3.667000000000000000e+03 2.757266059931107884e+04
3.668000000000000000e+03 2.761068663691671100e+04
3.669000000000000000e+03 2.758662966128367043e+04
3.670000000000000000e+03 2.759755076498922426e+04
3.671000000000000000e+03 2.769196816831398246e+04
3.672000000000000000e+03 2.768400344141026289e+04
3.673000000000000000e+03 2.771407146389246554e+04
3.674000000000000000e+03 2.767457463167326932e+04
3.675000000000000000e+03 2.767329690769969238e+04
3.676000000000000000e+03 2.763345916039763324e+04
3.677000000000000000e+03 2.765120719291655769e+04
3.678000000000000000e+03 2.769042550666489842e+04
3.679000000000000000e+03 2.766898727229842189e+04
3.680000000000000000e+03 2.768552687012867318e+04
3.681000000000000000e+03 2.767025319576024776e+04
3.682000000000000000e+03 2.764411469139275141e+04
3.683000000000000000e+03 2.767124572313596946e+04
3.684000000000000000e+03 2.769909197916284393e+04
3.685000000000000000e+03 2.771719131296774503e+04
3.686000000000000000e+03 2.774396961895115601e+04
3.687000000000000000e+03 2.775299116034460894e+04
3.688000000000000000e+03 2.781688415639406958e+04
3.689000000000000000e+03 2.782932364209827574e+04
3.690000000000000000e+03 2.783062533894965236e+04
3.691000000000000000e+03 2.788508195997284565e+04
3.692000000000000000e+03 2.784736583954473099e+04
3.693000000000000000e+03 2.786820569517297918e+04
3.694000000000000000e+03 2.788220961294379595e+04
3.695000000000000000e+03 2.793569447444738398e+04
3.696000000000000000e+03 2.789014583560503524e+04
3.697000000000000000e+03 2.785197316369797409e+04
3.698000000000000000e+03 2.787694195060088896e+04
3.699000000000000000e+03 2.785568903185923045e+04
3.700000000000000000e+03 2.786240954460270586e+04
3.701000000000000000e+03 2.784386891732344884e+04
3.702000000000000000e+03 2.790178374535246257e+04
3.703000000000000000e+03 2.785106020243421153e+04
3.704000000000000000e+03 2.783855651595024392e+04
3.705000000000000000e+03 2.786619269189605257e+04
3.706000000000000000e+03 2.792843142959099350e+04
3.707000000000000000e+03 2.796115852187642668e+04
3.708000000000000000e+03 2.798820325327439059e+04
3.709000000000000000e+03 2.800742103675366161e+04
3.710000000000000000e+03 2.803338561829741229e+04
3.711000000000000000e+03 2.800634903547305294e+04
3.712000000000000000e+03 2.798833775150922884e+04
3.713000000000000000e+03 2.797128574413416209e+04
3.714000000000000000e+03 2.797697782412126617e+04
3.715000000000000000e+03 2.795615951684290121e+04
3.716000000000000000e+03 2.797757771798587419e+04
3.717000000000000000e+03 2.796096641888029990e+04
3.718000000000000000e+03 2.799346015058450939e+04
3.719000000000000000e+03 2.798443993744433828e+04
3.720000000000000000e+03 2.798567701172229499e+04
3.721000000000000000e+03 2.797934651511443371e+04
3.722000000000000000e+03 2.795250427105539711e+04
3.723000000000000000e+03 2.799150884906625652e+04
3.724000000000000000e+03 2.800869212409334068e+04
3.725000000000000000e+03 2.803402277069726188e+04
3.726000000000000000e+03 2.800325357060927490e+04
3.727000000000000000e+03 2.803101442574733665e+04
3.728000000000000000e+03 2.806212039799928243e+04
3.729000000000000000e+03 2.807381727259022227e+04
3.730000000000000000e+03 2.803311244906125648e+04
3.731000000000000000e+03 2.807739838490999318e+04
3.732000000000000000e+03 2.809888502586823233e+04
3.733000000000000000e+03 2.810159508496085618e+04
3.734000000000000000e+03 2.816542494290414834e+04
3.735000000000000000e+03 2.813943653066556726e+04
3.736000000000000000e+03 2.814563981919634534e+04
3.737000000000000000e+03 2.817721682808748665e+04
3.738000000000000000e+03 2.822862665672522780e+04
3.739000000000000000e+03 2.823667173387931689e+04
3.740000000000000000e+03 2.821603048213318107e+04
3.741000000000000000e+03 2.820210624878816452e+04
3.742000000000000000e+03 2.818795886186917051e+04
3.743000000000000000e+03 2.820300834840892276e+04
3.744000000000000000e+03 2.820674588536271403e+04
3.745000000000000000e+03 2.816879641030933271e+04
3.746000000000000000e+03 2.813279345149516303e+04
3.747000000000000000e+03 2.811429848209373813e+04
3.748000000000000000e+03 2.815328503203186483e+04
3.749000000000000000e+03 2.816786550471493319e+04
3.750000000000000000e+03 2.818498522980406051e+04
3.751000000000000000e+03 2.820506320693051384e+04
3.752000000000000000e+03 2.818282166765373404e+04
3.753000000000000000e+03 2.816087788442793681e+04
3.754000000000000000e+03 2.813043884671341948e+04
3.755000000000000000e+03 2.812182158145329231e+04
3.756000000000000000e+03 2.815116497448680093e+04
3.757000000000000000e+03 2.813545699341192085e+04
3.758000000000000000e+03 2.815622581945050479e+04
3.759000000000000000e+03 2.815924648886520663e+04
3.760000000000000000e+03 2.814040378629762927e+04
3.761000000000000000e+03 2.817201509436891502e+04
3.762000000000000000e+03 2.820634479741272662e+04
3.763000000000000000e+03 2.821325093073462995e+04
3.764000000000000000e+03 2.821630309438279437e+04
3.765000000000000000e+03 2.817277771865354953e+04
3.766000000000000000e+03 2.820026156096999330e+04
3.767000000000000000e+03 2.828303044175114701e+04
3.768000000000000000e+03 2.829654928107415253e+04
3.769000000000000000e+03 2.832989467808312111e+04
3.770000000000000000e+03 2.833569018223375315e+04
3.771000000000000000e+03 2.831270261485179071e+04
3.772000000000000000e+03 2.832962208455626023e+04
3.773000000000000000e+03 2.829160028804924877e+04
3.774000000000000000e+03 2.829146650882337781e+04
3.775000000000000000e+03 2.827026109300032476e+04
3.776000000000000000e+03 2.826779505780779800e+04
3.777000000000000000e+03 2.829440059333807585e+04
3.778000000000000000e+03 2.829831501141675835e+04
3.779000000000000000e+03 2.830316749698306739e+04
3.780000000000000000e+03 2.827779931955425127e+04
3.781000000000000000e+03 2.826827623693445275e+04
3.782000000000000000e+03 2.828585048139715946e+04
3.783000000000000000e+03 2.830987433801495717e+04
3.784000000000000000e+03 2.827970869982240401e+04
3.785000000000000000e+03 2.824031780544807043e+04
3.786000000000000000e+03 2.825979276852677503e+04
3.787000000000000000e+03 2.830773729353617819e+04
3.788000000000000000e+03 2.830525897043020814e+04
3.789000000000000000e+03 2.831134190620202207e+04
3.790000000000000000e+03 2.833840855854286565e+04
3.791000000000000000e+03 2.830218625590239390e+04
3.792000000000000000e+03 2.834011410194397831e+04
3.793000000000000000e+03 2.839797448139931657e+04
3.794000000000000000e+03 2.841118895795393837e+04
3.795000000000000000e+03 2.840115640631208225e+04
3.796000000000000000e+03 2.844193860591884732e+04
3.797000000000000000e+03 2.846798269125056686e+04
3.798000000000000000e+03 2.851493281986467991e+04
3.799000000000000000e+03 2.853055610958886245e+04
3.800000000000000000e+03 2.849698827365498073e+04
3.801000000000000000e+03 2.850899931509054659e+04
3.802000000000000000e+03 2.852514299476373344e+04
3.803000000000000000e+03 2.855187406746272245e+04
3.804000000000000000e+03 2.855861222926536720e+04
3.805000000000000000e+03 2.853095757854461772e+04
3.806000000000000000e+03 2.850563086702970759e+04
3.807000000000000000e+03 2.853906128983478266e+04
3.808000000000000000e+03 2.857593816791769859e+04
3.809000000000000000e+03 2.857436782744442826e+04
3.810000000000000000e+03 2.857939179200652507e+04
3.811000000000000000e+03 2.860933002142996702e+04
3.812000000000000000e+03 2.855487194238274242e+04
3.813000000000000000e+03 2.855050428947613545e+04
3.814000000000000000e+03 2.857181665462135061e+04
3.815000000000000000e+03 2.859212077103868796e+04
3.816000000000000000e+03 2.856319179345831799e+04
3.817000000000000000e+03 2.860663827057320304e+04
3.818000000000000000e+03 2.858629936430415910e+04
3.819000000000000000e+03 2.852051835455930632e+04
3.820000000000000000e+03 2.854590903888868343e+04
3.821000000000000000e+03 2.855004748957113043e+04
3.822000000000000000e+03 2.857593641299824958e+04
3.823000000000000000e+03 2.856134414878349344e+04
3.824000000000000000e+03 2.853601050488222972e+04
3.825000000000000000e+03 2.850141115777433151e+04
3.826000000000000000e+03 2.852242283425298592e+04
3.827000000000000000e+03 2.857657351285012192e+04
3.828000000000000000e+03 2.865175461414521124e+04
3.829000000000000000e+03 2.867806220845039570e+04
3.830000000000000000e+03 2.867439239670534880e+04
3.831000000000000000e+03 2.868853395126500254e+04
3.832000000000000000e+03 2.874459109725454255e+04
3.833000000000000000e+03 2.875635352117599905e+04
3.834000000000000000e+03 2.879570056899579504e+04
3.835000000000000000e+03 2.883236387308641861e+04
3.836000000000000000e+03 2.882668665387253350e+04
3.837000000000000000e+03 2.888543747338571484e+04
3.838000000000000000e+03 2.887558381537366949e+04
3.839000000000000000e+03 2.886721427504198800e+04
3.840000000000000000e+03 2.887407915143255741e+04
3.841000000000000000e+03 2.890333568665759958e+04
3.842000000000000000e+03 2.890781871015055731e+04
3.843000000000000000e+03 2.890198639110027943e+04
3.844000000000000000e+03 2.890709787927602156e+04
3.845000000000000000e+03 2.895286747146557536e+04
3.846000000000000000e+03 2.897356901051671230e+04
3.847000000000000000e+03 2.899449958961400625e+04
3.848000000000000000e+03 2.896842765987324674e+04
3.849000000000000000e+03 2.897984435624018806e+04
3.850000000000000000e+03 2.897613273453645525e+04
3.851000000000000000e+03 2.901073579935672024e+04
3.852000000000000000e+03 2.904829027432072689e+04
3.853000000000000000e+03 2.910778977135843888e+04
3.854000000000000000e+03 2.917018976944783208e+04
3.855000000000000000e+03 2.915246853314871259e+04
3.856000000000000000e+03 2.917105265922948820e+04
3.857000000000000000e+03 2.920063247262067307e+04
3.858000000000000000e+03 2.923688228810636792e+04
3.859000000000000000e+03 2.923778363147240452e+04
3.860000000000000000e+03 2.923313853581210424e+04
3.861000000000000000e+03 2.926931560405816344e+04
3.862000000000000000e+03 2.932349709492005059e+04
3.863000000000000000e+03 2.930258305657850724e+04
3.864000000000000000e+03 2.932652356272274847e+04
3.865000000000000000e+03 2.932913903766788280e+04
3.866000000000000000e+03 2.934188994981227006e+04
3.867000000000000000e+03 2.937566031997169557e+04
3.868000000000000000e+03 2.940203108251397862e+04
3.869000000000000000e+03 2.941060313311476057e+04
3.870000000000000000e+03 2.936456129596932442e+04
3.871000000000000000e+03 2.937146272415840576e+04
3.872000000000000000e+03 2.941873417601149777e+04
3.873000000000000000e+03 2.939922200094348955e+04
3.874000000000000000e+03 2.942276626358055000e+04
3.875000000000000000e+03 2.940497243563131633e+04
3.876000000000000000e+03 2.938901464901569125e+04
3.877000000000000000e+03 2.938016779520843193e+04
3.878000000000000000e+03 2.936676388976105954e+04
3.879000000000000000e+03 2.937276824411198686e+04
3.880000000000000000e+03 2.938675047799063395e+04
3.881000000000000000e+03 2.935926842404820127e+04
3.882000000000000000e+03 2.934144091105034022e+04
3.883000000000000000e+03 2.938349027129032402e+04
3.884000000000000000e+03 2.940975412066700301e+04
3.885000000000000000e+03 2.943137164211900745e+04
3.886000000000000000e+03 2.940293917563210925e+04
3.887000000000000000e+03 2.941596111670454411e+04
3.888000000000000000e+03 2.944898229699156946e+04
3.889000000000000000e+03 2.946811001172847318e+04
3.890000000000000000e+03 2.943560370218776006e+04
3.891000000000000000e+03 2.941527510314550454e+04
3.892000000000000000e+03 2.942937611973797902e+04
3.893000000000000000e+03 2.940443384827324553e+04
3.894000000000000000e+03 2.940175088030661573e+04
3.895000000000000000e+03 2.938773766809475637e+04
3.896000000000000000e+03 2.938013993677317558e+04
3.897000000000000000e+03 2.936493997398834472e+04
3.898000000000000000e+03 2.938344639094306694e+04
3.899000000000000000e+03 2.939266749499021898e+04
3.900000000000000000e+03 2.941063921201531775e+04
3.901000000000000000e+03 2.938490391760746206e+04
3.902000000000000000e+03 2.937642634974229804e+04
3.903000000000000000e+03 2.943203261415563975e+04
3.904000000000000000e+03 2.942206595005404233e+04
3.905000000000000000e+03 2.945710639549743792e+04
3.906000000000000000e+03 2.948933427939454850e+04
3.907000000000000000e+03 2.946486354180525814e+04
3.908000000000000000e+03 2.948129808941948431e+04
3.909000000000000000e+03 2.950393107798936035e+04
3.910000000000000000e+03 2.943538018704467322e+04
3.911000000000000000e+03 2.943671119507571348e+04
3.912000000000000000e+03 2.946228673902061564e+04
3.913000000000000000e+03 2.949901194739479251e+04
3.914000000000000000e+03 2.947158871510231256e+04
3.915000000000000000e+03 2.954562129965131317e+04
3.916000000000000000e+03 2.957445860028621973e+04
3.917000000000000000e+03 2.955519729883939362e+04
3.918000000000000000e+03 2.954785922322314218e+04
3.919000000000000000e+03 2.959806357433964149e+04
3.920000000000000000e+03 2.958140585671462759e+04
3.921000000000000000e+03 2.955932921655707105e+04
3.922000000000000000e+03 2.959344062403346834e+04
3.923000000000000000e+03 2.960443051630474292e+04
3.924000000000000000e+03 2.962880488041620993e+04
3.925000000000000000e+03 2.966728304453998135e+04
3.926000000000000000e+03 2.967548073909872255e+04
3.927000000000000000e+03 2.965968305661804334e+04
3.928000000000000000e+03 2.964426052181397972e+04
3.929000000000000000e+03 2.966078713206102475e+04
3.930000000000000000e+03 2.962551542351163516e+04
3.931000000000000000e+03 2.968662427637997462e+04
3.932000000000000000e+03 2.971278210880318147e+04
3.933000000000000000e+03 2.971873858277681938e+04
3.934000000000000000e+03 2.978126760852215739e+04
3.935000000000000000e+03 2.981478835765893018e+04
3.936000000000000000e+03 2.982380276681368923e+04
3.937000000000000000e+03 2.980098538370829920e+04
3.938000000000000000e+03 2.976457646193046094e+04
3.939000000000000000e+03 2.976381879026201932e+04
3.940000000000000000e+03 2.978470496767697114e+04
3.941000000000000000e+03 2.976747922514855964e+04
3.942000000000000000e+03 2.975367823363033676e+04
3.943000000000000000e+03 2.975145742296853496e+04
3.944000000000000000e+03 2.967114814454842417e+04
3.945000000000000000e+03 2.965505765994043031e+04
3.946000000000000000e+03 2.971233632960306932e+04
3.947000000000000000e+03 2.970824745709098715e+04
3.948000000000000000e+03 2.975481117829267896e+04
3.949000000000000000e+03 2.972721275881652764e+04
3.950000000000000000e+03 2.974038731980530792e+04
3.951000000000000000e+03 2.974625794098525512e+04
3.952000000000000000e+03 2.975017515682354860e+04
3.953000000000000000e+03 2.970428320214485939e+04
3.954000000000000000e+03 2.971554905039387450e+04
3.955000000000000000e+03 2.975570492725669101e+04
3.956000000000000000e+03 2.975002194954239894e+04
3.957000000000000000e+03 2.975050390852608325e+04
3.958000000000000000e+03 2.977418267363664927e+04
3.959000000000000000e+03 2.982503695445798076e+04
3.960000000000000000e+03 2.978257266368470664e+04
3.961000000000000000e+03 2.976865487651988224e+04
3.962000000000000000e+03 2.978948823049447674e+04
3.963000000000000000e+03 2.980928874755023935e+04
3.964000000000000000e+03 2.976927291212517230e+04
3.965000000000000000e+03 2.972794523102886888e+04
3.966000000000000000e+03 2.971092718002776382e+04
3.967000000000000000e+03 2.970329300803415026e+04
3.968000000000000000e+03 2.975170301490627753e+04
3.969000000000000000e+03 2.983057836426592257e+04
3.970000000000000000e+03 2.982848080892055805e+04
3.971000000000000000e+03 2.981998113647495848e+04
3.972000000000000000e+03 2.984611817737031379e+04
3.973000000000000000e+03 2.982822328913747697e+04
3.974000000000000000e+03 2.982398905266925794e+04
3.975000000000000000e+03 2.986802741904064897e+04
3.976000000000000000e+03 2.985934042998798759e+04
3.977000000000000000e+03 2.986602606158265917e+04
3.978000000000000000e+03 2.982340807580288674e+04
3.979000000000000000e+03 2.981341422959775446e+04
3.980000000000000000e+03 2.985423836670253149e+04
3.981000000000000000e+03 2.987288025087509595e+04
3.982000000000000000e+03 2.989432876127169220e+04
3.983000000000000000e+03 2.991856066648081105e+04
3.984000000000000000e+03 2.994438943499203378e+04
3.985000000000000000e+03 3.000300307703365979e+04
3.986000000000000000e+03 2.999915558578892524e+04
3.987000000000000000e+03 3.003946566006683497e+04
3.988000000000000000e+03 3.005902519114923780e+04
3.989000000000000000e+03 3.000541444383049748e+04
3.990000000000000000e+03 2.998694582789238484e+04
3.991000000000000000e+03 2.990833412999225038e+04
3.992000000000000000e+03 2.988684802023531665e+04
3.993000000000000000e+03 2.988243967430413977e+04
3.994000000000000000e+03 2.987596254787487851e+04
3.995000000000000000e+03 2.992414256136809126e+04
3.996000000000000000e+03 2.999189284867920287e+04
3.997000000000000000e+03 2.999861402897770677e+04
3.998000000000000000e+03 2.999563230629079771e+04
3.999000000000000000e+03 3.004663078074140867e+04
