# time_reduced msd_reduced
# region=central
# central=0.333333333333:0.666666666667
# outer=0:0.250000000000,0.750000000000:1
# transition=0.250000000000:0.333333333333,0.666666666667:0.750000000000
# atom_types=[2]
# n_selected=2553
# subtract_group_com_drift=True
0.000000000000000000e+00 0.000000000000000000e+00
1.000000000000000000e+00 8.310102634016095280e+00
2.000000000000000000e+00 1.635303689818262995e+01
3.000000000000000000e+00 2.200407327425979176e+01
4.000000000000000000e+00 2.853283792631199844e+01
5.000000000000000000e+00 3.622990584114412371e+01
6.000000000000000000e+00 4.312262882356568383e+01
7.000000000000000000e+00 4.923108392288533253e+01
8.000000000000000000e+00 5.433868519538238218e+01
9.000000000000000000e+00 5.996564241471745760e+01
1.000000000000000000e+01 6.838283289124933617e+01
1.100000000000000000e+01 7.541108676634290475e+01
1.200000000000000000e+01 7.992925418919611502e+01
1.300000000000000000e+01 8.748511462152173124e+01
1.400000000000000000e+01 9.488605063255991467e+01
1.500000000000000000e+01 1.034275072109047784e+02
1.600000000000000000e+01 1.105858460127799816e+02
1.700000000000000000e+01 1.174441924989645969e+02
1.800000000000000000e+01 1.237686326576768607e+02
1.900000000000000000e+01 1.313730188856263794e+02
2.000000000000000000e+01 1.360990636525582431e+02
2.100000000000000000e+01 1.436972252035278927e+02
2.200000000000000000e+01 1.482813342091980928e+02
2.300000000000000000e+01 1.543957255150233436e+02
2.400000000000000000e+01 1.591921287722574618e+02
2.500000000000000000e+01 1.653162839984337324e+02
2.600000000000000000e+01 1.730716385024801696e+02
2.700000000000000000e+01 1.821291499278218851e+02
2.800000000000000000e+01 1.886487434716665632e+02
2.900000000000000000e+01 1.914118948521351911e+02
3.000000000000000000e+01 2.026144608124501758e+02
3.100000000000000000e+01 2.071756962865467528e+02
3.200000000000000000e+01 2.190543756477938757e+02
3.300000000000000000e+01 2.223728134939191818e+02
3.400000000000000000e+01 2.268494774417181361e+02
3.500000000000000000e+01 2.314121775032704420e+02
3.600000000000000000e+01 2.379697397181752763e+02
3.700000000000000000e+01 2.474873220284205502e+02
3.800000000000000000e+01 2.536056097965891638e+02
3.900000000000000000e+01 2.638993321361456310e+02
4.000000000000000000e+01 2.700636636484789506e+02
4.100000000000000000e+01 2.737618335252054749e+02
4.200000000000000000e+01 2.857128869045754982e+02
4.300000000000000000e+01 2.919873682771808490e+02
4.400000000000000000e+01 2.963296689915509319e+02
4.500000000000000000e+01 3.027207188924549541e+02
4.600000000000000000e+01 3.061724102755945864e+02
4.700000000000000000e+01 3.116338795810785314e+02
4.800000000000000000e+01 3.195620498574148201e+02
4.900000000000000000e+01 3.344637113936513515e+02
5.000000000000000000e+01 3.442024770737559720e+02
5.100000000000000000e+01 3.541534702162525718e+02
5.200000000000000000e+01 3.567784155036284233e+02
5.300000000000000000e+01 3.650213539666684142e+02
5.400000000000000000e+01 3.734942278934155979e+02
5.500000000000000000e+01 3.857890379248812565e+02
5.600000000000000000e+01 3.906315798932712937e+02
5.700000000000000000e+01 3.928909543947743828e+02
5.800000000000000000e+01 4.003040824216541296e+02
5.900000000000000000e+01 4.075109518508808719e+02
6.000000000000000000e+01 4.173759839901721875e+02
6.100000000000000000e+01 4.241646697039022342e+02
6.200000000000000000e+01 4.273573007416348446e+02
6.300000000000000000e+01 4.314844247458821656e+02
6.400000000000000000e+01 4.354069716100098049e+02
6.500000000000000000e+01 4.394511358503873453e+02
6.600000000000000000e+01 4.460528288268191659e+02
6.700000000000000000e+01 4.572216360203057661e+02
6.800000000000000000e+01 4.621313276302469149e+02
6.900000000000000000e+01 4.652900578989532505e+02
7.000000000000000000e+01 4.757905074594851840e+02
7.100000000000000000e+01 4.828027882865154652e+02
7.200000000000000000e+01 4.945633353218830166e+02
7.300000000000000000e+01 5.014110275255183069e+02
7.400000000000000000e+01 5.060107911768084250e+02
7.500000000000000000e+01 5.131885815863836342e+02
7.600000000000000000e+01 5.156784764326617960e+02
7.700000000000000000e+01 5.226248583914658639e+02
7.800000000000000000e+01 5.260327125321798576e+02
7.900000000000000000e+01 5.254685641481817129e+02
8.000000000000000000e+01 5.387784742866946317e+02
8.100000000000000000e+01 5.444251719312005662e+02
8.200000000000000000e+01 5.476982975066028985e+02
8.300000000000000000e+01 5.554892285868712634e+02
8.400000000000000000e+01 5.701159652508061981e+02
8.500000000000000000e+01 5.789162168676097053e+02
8.600000000000000000e+01 5.817322137232453088e+02
8.700000000000000000e+01 5.885469834923900407e+02
8.800000000000000000e+01 5.928609737151290346e+02
8.900000000000000000e+01 5.987752794476557483e+02
9.000000000000000000e+01 5.995488535771843317e+02
9.100000000000000000e+01 6.040945122956777595e+02
9.200000000000000000e+01 6.102354903391182006e+02
9.300000000000000000e+01 6.175267680948412590e+02
9.400000000000000000e+01 6.376610926641299102e+02
9.500000000000000000e+01 6.413761945639060968e+02
9.600000000000000000e+01 6.433965620587043759e+02
9.700000000000000000e+01 6.505186214574026735e+02
9.800000000000000000e+01 6.520520060363216999e+02
9.900000000000000000e+01 6.645922451505573463e+02
1.000000000000000000e+02 6.723708889646929947e+02
1.010000000000000000e+02 6.792647724298147978e+02
1.020000000000000000e+02 6.857512044010326235e+02
1.030000000000000000e+02 6.916847647802823076e+02
1.040000000000000000e+02 7.020099076560520643e+02
1.050000000000000000e+02 7.161205191810589668e+02
1.060000000000000000e+02 7.277156813729983469e+02
1.070000000000000000e+02 7.339628142498795569e+02
1.080000000000000000e+02 7.381783353176444962e+02
1.090000000000000000e+02 7.482896410571562456e+02
1.100000000000000000e+02 7.545474708061399269e+02
1.110000000000000000e+02 7.556910731856255552e+02
1.120000000000000000e+02 7.688092412053373437e+02
1.130000000000000000e+02 7.692246301236906447e+02
1.140000000000000000e+02 7.773110142989266933e+02
1.150000000000000000e+02 7.729438030675233904e+02
1.160000000000000000e+02 7.725793258757913691e+02
1.170000000000000000e+02 7.757863585403341631e+02
1.180000000000000000e+02 7.850904744466091643e+02
1.190000000000000000e+02 7.960140933031390205e+02
1.200000000000000000e+02 8.074176844810292550e+02
1.210000000000000000e+02 8.137070437901277273e+02
1.220000000000000000e+02 8.171152418636096399e+02
1.230000000000000000e+02 8.266309633545358793e+02
1.240000000000000000e+02 8.332720586255204580e+02
1.250000000000000000e+02 8.307384386803666985e+02
1.260000000000000000e+02 8.369706769607601018e+02
1.270000000000000000e+02 8.443522179693264889e+02
1.280000000000000000e+02 8.517728025691935727e+02
1.290000000000000000e+02 8.546129304441416252e+02
1.300000000000000000e+02 8.585008278203961254e+02
1.310000000000000000e+02 8.616646070118017633e+02
1.320000000000000000e+02 8.648569408499316751e+02
1.330000000000000000e+02 8.748850330265693174e+02
1.340000000000000000e+02 8.809076598195623546e+02
1.350000000000000000e+02 8.864229228711213864e+02
1.360000000000000000e+02 8.956098053081198032e+02
1.370000000000000000e+02 9.001686982675413446e+02
1.380000000000000000e+02 9.033364729366271604e+02
1.390000000000000000e+02 9.084073224448052315e+02
1.400000000000000000e+02 9.232255555711428769e+02
1.410000000000000000e+02 9.252151013006546236e+02
1.420000000000000000e+02 9.368332708113146055e+02
1.430000000000000000e+02 9.416488790962783924e+02
1.440000000000000000e+02 9.467641037467402612e+02
1.450000000000000000e+02 9.569795491626946387e+02
1.460000000000000000e+02 9.637191234659641168e+02
1.470000000000000000e+02 9.713901638954123428e+02
1.480000000000000000e+02 9.743590434703635310e+02
1.490000000000000000e+02 9.813132683242524763e+02
1.500000000000000000e+02 9.969559296907157204e+02
1.510000000000000000e+02 1.005865383580885918e+03
1.520000000000000000e+02 1.011881026726234495e+03
1.530000000000000000e+02 1.013701969827830681e+03
1.540000000000000000e+02 1.027070566252360777e+03
1.550000000000000000e+02 1.041367415037883575e+03
1.560000000000000000e+02 1.044938170121236681e+03
1.570000000000000000e+02 1.051825345105721453e+03
1.580000000000000000e+02 1.063512862933944007e+03
1.590000000000000000e+02 1.065062942175796934e+03
1.600000000000000000e+02 1.062977251442193392e+03
1.610000000000000000e+02 1.068844665648068712e+03
1.620000000000000000e+02 1.080506614878824848e+03
1.630000000000000000e+02 1.095189911496486729e+03
1.640000000000000000e+02 1.108135636805850481e+03
1.650000000000000000e+02 1.105889812299570622e+03
1.660000000000000000e+02 1.117510601887932808e+03
1.670000000000000000e+02 1.119458543727369488e+03
1.680000000000000000e+02 1.115924448548847067e+03
1.690000000000000000e+02 1.132326112883483120e+03
1.700000000000000000e+02 1.139970790708980303e+03
1.710000000000000000e+02 1.151919858501185217e+03
1.720000000000000000e+02 1.154984485192359443e+03
1.730000000000000000e+02 1.169068668407477617e+03
1.740000000000000000e+02 1.176437132089721899e+03
1.750000000000000000e+02 1.182242779325574702e+03
1.760000000000000000e+02 1.197962706554984607e+03
1.770000000000000000e+02 1.202196440910091951e+03
1.780000000000000000e+02 1.205968934543828482e+03
1.790000000000000000e+02 1.209100660153751505e+03
1.800000000000000000e+02 1.215338151756294792e+03
1.810000000000000000e+02 1.218976417647023254e+03
1.820000000000000000e+02 1.217491108808394301e+03
1.830000000000000000e+02 1.223957249426912540e+03
1.840000000000000000e+02 1.232090137373477774e+03
1.850000000000000000e+02 1.234302964654061952e+03
1.860000000000000000e+02 1.233942149595477986e+03
1.870000000000000000e+02 1.253230752006944385e+03
1.880000000000000000e+02 1.264256909711357821e+03
1.890000000000000000e+02 1.269512295101294740e+03
1.900000000000000000e+02 1.281436950494562325e+03
1.910000000000000000e+02 1.287899248696558743e+03
1.920000000000000000e+02 1.293842972203609179e+03
1.930000000000000000e+02 1.295754089977428976e+03
1.940000000000000000e+02 1.305799057178694738e+03
1.950000000000000000e+02 1.312809182098189922e+03
1.960000000000000000e+02 1.312470855979670432e+03
1.970000000000000000e+02 1.317571204437933147e+03
1.980000000000000000e+02 1.322919645411500369e+03
1.990000000000000000e+02 1.338582977439057913e+03
2.000000000000000000e+02 1.341998963568070621e+03
2.010000000000000000e+02 1.347221684039679076e+03
2.020000000000000000e+02 1.349548283622133113e+03
2.030000000000000000e+02 1.356560938217877720e+03
2.040000000000000000e+02 1.357580810362242573e+03
2.050000000000000000e+02 1.357833421946254703e+03
2.060000000000000000e+02 1.365898377292510531e+03
2.070000000000000000e+02 1.380267439287349134e+03
2.080000000000000000e+02 1.385928039031725575e+03
2.090000000000000000e+02 1.391118109050187059e+03
2.100000000000000000e+02 1.398075037052648440e+03
2.110000000000000000e+02 1.407866341984041810e+03
2.120000000000000000e+02 1.410837640566541268e+03
2.130000000000000000e+02 1.420706016989804084e+03
2.140000000000000000e+02 1.429839094271173281e+03
2.150000000000000000e+02 1.431367343437276531e+03
2.160000000000000000e+02 1.433547373278233181e+03
2.170000000000000000e+02 1.446597732276192119e+03
2.180000000000000000e+02 1.450017976659524948e+03
2.190000000000000000e+02 1.448287732874579433e+03
2.200000000000000000e+02 1.458412434481632999e+03
2.210000000000000000e+02 1.459835182307488367e+03
2.220000000000000000e+02 1.464454215349906917e+03
2.230000000000000000e+02 1.473075203279295465e+03
2.240000000000000000e+02 1.486357758327631245e+03
2.250000000000000000e+02 1.499918444593128470e+03
2.260000000000000000e+02 1.504719858305993966e+03
2.270000000000000000e+02 1.499971979867193113e+03
2.280000000000000000e+02 1.505868144041924552e+03
2.290000000000000000e+02 1.516211725452567634e+03
2.300000000000000000e+02 1.520677760144567856e+03
2.310000000000000000e+02 1.525161822920784061e+03
2.320000000000000000e+02 1.538912073362844467e+03
2.330000000000000000e+02 1.543462261261298863e+03
2.340000000000000000e+02 1.550887867990610857e+03
2.350000000000000000e+02 1.564642018032347323e+03
2.360000000000000000e+02 1.566104011136544841e+03
2.370000000000000000e+02 1.570010297460224820e+03
2.380000000000000000e+02 1.573860867408990771e+03
2.390000000000000000e+02 1.583952592612808530e+03
2.400000000000000000e+02 1.585654372600670285e+03
2.410000000000000000e+02 1.588963144012609291e+03
2.420000000000000000e+02 1.601970385626281768e+03
2.430000000000000000e+02 1.610586418358657511e+03
2.440000000000000000e+02 1.612914588702102719e+03
2.450000000000000000e+02 1.624581880956907071e+03
2.460000000000000000e+02 1.625992964838561875e+03
2.470000000000000000e+02 1.634697336715695883e+03
2.480000000000000000e+02 1.646019190696407350e+03
2.490000000000000000e+02 1.650268564969974705e+03
2.500000000000000000e+02 1.664098332650148222e+03
2.510000000000000000e+02 1.674406358380271286e+03
2.520000000000000000e+02 1.674763197379767917e+03
2.530000000000000000e+02 1.682348923583100259e+03
2.540000000000000000e+02 1.693416841098742452e+03
2.550000000000000000e+02 1.696953448979564882e+03
2.560000000000000000e+02 1.713333430029618967e+03
2.570000000000000000e+02 1.717391722596738873e+03
2.580000000000000000e+02 1.720353522127366432e+03
2.590000000000000000e+02 1.722043695086847492e+03
2.600000000000000000e+02 1.727256106791782940e+03
2.610000000000000000e+02 1.734373412840037645e+03
2.620000000000000000e+02 1.742019973498166792e+03
2.630000000000000000e+02 1.754006266676098221e+03
2.640000000000000000e+02 1.758720273526882011e+03
2.650000000000000000e+02 1.773247360631255106e+03
2.660000000000000000e+02 1.781792019120055329e+03
2.670000000000000000e+02 1.791992550020663657e+03
2.680000000000000000e+02 1.798134785159825469e+03
2.690000000000000000e+02 1.818904343751282113e+03
2.700000000000000000e+02 1.829206857777707228e+03
2.710000000000000000e+02 1.827278828224066501e+03
2.720000000000000000e+02 1.829440967424344080e+03
2.730000000000000000e+02 1.843303328489526393e+03
2.740000000000000000e+02 1.851641905120935462e+03
2.750000000000000000e+02 1.857297045041484807e+03
2.760000000000000000e+02 1.876710295508683203e+03
2.770000000000000000e+02 1.888687098245326752e+03
2.780000000000000000e+02 1.895829360958722418e+03
2.790000000000000000e+02 1.908287229659717241e+03
2.800000000000000000e+02 1.903038846926746601e+03
2.810000000000000000e+02 1.912957248527147385e+03
2.820000000000000000e+02 1.914737247210706528e+03
2.830000000000000000e+02 1.919447275536344250e+03
2.840000000000000000e+02 1.919694150520447693e+03
2.850000000000000000e+02 1.924577815438153721e+03
2.860000000000000000e+02 1.937660779553390057e+03
2.870000000000000000e+02 1.937907339603642640e+03
2.880000000000000000e+02 1.948310342956761815e+03
2.890000000000000000e+02 1.950221619723110507e+03
2.900000000000000000e+02 1.958027215350605275e+03
2.910000000000000000e+02 1.958540101302869289e+03
2.920000000000000000e+02 1.970362413506191842e+03
2.930000000000000000e+02 1.994014395124666407e+03
2.940000000000000000e+02 2.008496670913583330e+03
2.950000000000000000e+02 2.023624999605528274e+03
2.960000000000000000e+02 2.025773894957665107e+03
2.970000000000000000e+02 2.035585588784732181e+03
2.980000000000000000e+02 2.039099702267071734e+03
2.990000000000000000e+02 2.050322553351460101e+03
3.000000000000000000e+02 2.047990930491656400e+03
3.010000000000000000e+02 2.066888737591033532e+03
3.020000000000000000e+02 2.078433391178979491e+03
3.030000000000000000e+02 2.089569103743646338e+03
3.040000000000000000e+02 2.087282930893940375e+03
3.050000000000000000e+02 2.091010802631387378e+03
3.060000000000000000e+02 2.106419259540351050e+03
3.070000000000000000e+02 2.106804238561744569e+03
3.080000000000000000e+02 2.111889706998370457e+03
3.090000000000000000e+02 2.120067257129318477e+03
3.100000000000000000e+02 2.125737411763441742e+03
3.110000000000000000e+02 2.122862408900087758e+03
3.120000000000000000e+02 2.114329076118366629e+03
3.130000000000000000e+02 2.108479312594062321e+03
3.140000000000000000e+02 2.120130158582345757e+03
3.150000000000000000e+02 2.141034571084031995e+03
3.160000000000000000e+02 2.145436871119990883e+03
3.170000000000000000e+02 2.147837260171971138e+03
3.180000000000000000e+02 2.153636484099054542e+03
3.190000000000000000e+02 2.156122150654357029e+03
3.200000000000000000e+02 2.164574285877091825e+03
3.210000000000000000e+02 2.178280173259363892e+03
3.220000000000000000e+02 2.180098378153977592e+03
3.230000000000000000e+02 2.181379073807420355e+03
3.240000000000000000e+02 2.183460410819279332e+03
3.250000000000000000e+02 2.192137259173265193e+03
3.260000000000000000e+02 2.203635961825822051e+03
3.270000000000000000e+02 2.201922687263726857e+03
3.280000000000000000e+02 2.218725606132672965e+03
3.290000000000000000e+02 2.216843369040204379e+03
3.300000000000000000e+02 2.223173007798974140e+03
3.310000000000000000e+02 2.244155868616857788e+03
3.320000000000000000e+02 2.267023040688481615e+03
3.330000000000000000e+02 2.264132982695959072e+03
3.340000000000000000e+02 2.279049133847764097e+03
3.350000000000000000e+02 2.285476895734102982e+03
3.360000000000000000e+02 2.289730639544471614e+03
3.370000000000000000e+02 2.303712216068375710e+03
3.380000000000000000e+02 2.301474072241675913e+03
3.390000000000000000e+02 2.299311945232267590e+03
3.400000000000000000e+02 2.317088217415218423e+03
3.410000000000000000e+02 2.316179167636919829e+03
3.420000000000000000e+02 2.333026633421111455e+03
3.430000000000000000e+02 2.337229655497522344e+03
3.440000000000000000e+02 2.338984160967324897e+03
3.450000000000000000e+02 2.349126155262094471e+03
3.460000000000000000e+02 2.365861384498261941e+03
3.470000000000000000e+02 2.367536614780279706e+03
3.480000000000000000e+02 2.369944514461526524e+03
3.490000000000000000e+02 2.373638467438091538e+03
3.500000000000000000e+02 2.378966756254328629e+03
3.510000000000000000e+02 2.375113214504535335e+03
3.520000000000000000e+02 2.377720663561470701e+03
3.530000000000000000e+02 2.390607195580686039e+03
3.540000000000000000e+02 2.394596343622071345e+03
3.550000000000000000e+02 2.409509290716975102e+03
3.560000000000000000e+02 2.409377037655339791e+03
3.570000000000000000e+02 2.408263314750131485e+03
3.580000000000000000e+02 2.409409420887225679e+03
3.590000000000000000e+02 2.418191696441028853e+03
3.600000000000000000e+02 2.430238026609186818e+03
3.610000000000000000e+02 2.433089423360524961e+03
3.620000000000000000e+02 2.422748414962153674e+03
3.630000000000000000e+02 2.426406905145646306e+03
3.640000000000000000e+02 2.437011555545660030e+03
3.650000000000000000e+02 2.424740903250089559e+03
3.660000000000000000e+02 2.426365299741652052e+03
3.670000000000000000e+02 2.415528927042000305e+03
3.680000000000000000e+02 2.440933339300306216e+03
3.690000000000000000e+02 2.450898856492070081e+03
3.700000000000000000e+02 2.447582643202697454e+03
3.710000000000000000e+02 2.459634862592698028e+03
3.720000000000000000e+02 2.463307487748367748e+03
3.730000000000000000e+02 2.463246103075002793e+03
3.740000000000000000e+02 2.466851946810744721e+03
3.750000000000000000e+02 2.473050576257583089e+03
3.760000000000000000e+02 2.473407432275264000e+03
3.770000000000000000e+02 2.483773528607312073e+03
3.780000000000000000e+02 2.495916221174323709e+03
3.790000000000000000e+02 2.495370017547178122e+03
3.800000000000000000e+02 2.495885476210174147e+03
3.810000000000000000e+02 2.497118885482724636e+03
3.820000000000000000e+02 2.517850009092312575e+03
3.830000000000000000e+02 2.533023506230940711e+03
3.840000000000000000e+02 2.539070232996415598e+03
3.850000000000000000e+02 2.552411284249348682e+03
3.860000000000000000e+02 2.549263737836207383e+03
3.870000000000000000e+02 2.555182109806224616e+03
3.880000000000000000e+02 2.561356995739025933e+03
3.890000000000000000e+02 2.579527102971478598e+03
3.900000000000000000e+02 2.587155712249393218e+03
3.910000000000000000e+02 2.585362528608458888e+03
3.920000000000000000e+02 2.599669191694162691e+03
3.930000000000000000e+02 2.603047166458719403e+03
3.940000000000000000e+02 2.625265725472105260e+03
3.950000000000000000e+02 2.626211441401113007e+03
3.960000000000000000e+02 2.632932301903664666e+03
3.970000000000000000e+02 2.639311898947299596e+03
3.980000000000000000e+02 2.643025574267239790e+03
3.990000000000000000e+02 2.647888571413482623e+03
4.000000000000000000e+02 2.656888321209793958e+03
4.010000000000000000e+02 2.665429044725090534e+03
4.020000000000000000e+02 2.680217940252132394e+03
4.030000000000000000e+02 2.695479377150940309e+03
4.040000000000000000e+02 2.702293635434341468e+03
4.050000000000000000e+02 2.718074982607963193e+03
4.060000000000000000e+02 2.721704245019399877e+03
4.070000000000000000e+02 2.732488630094760538e+03
4.080000000000000000e+02 2.746502947010397293e+03
4.090000000000000000e+02 2.743925716032892069e+03
4.100000000000000000e+02 2.747222369690383857e+03
4.110000000000000000e+02 2.735471806408299926e+03
4.120000000000000000e+02 2.758674134893023165e+03
4.130000000000000000e+02 2.761751253989240922e+03
4.140000000000000000e+02 2.763369944057386874e+03
4.150000000000000000e+02 2.766246901930664990e+03
4.160000000000000000e+02 2.789524152188760127e+03
4.170000000000000000e+02 2.807820788773982713e+03
4.180000000000000000e+02 2.817796870969227257e+03
4.190000000000000000e+02 2.820183526450947738e+03
4.200000000000000000e+02 2.814321012941125900e+03
4.210000000000000000e+02 2.815645547360448745e+03
4.220000000000000000e+02 2.811005049103235706e+03
4.230000000000000000e+02 2.831011799060806425e+03
4.240000000000000000e+02 2.838261233630588322e+03
4.250000000000000000e+02 2.836743973875566553e+03
4.260000000000000000e+02 2.835044481741750587e+03
4.270000000000000000e+02 2.836338984348195027e+03
4.280000000000000000e+02 2.857883565362228637e+03
4.290000000000000000e+02 2.865840425385379604e+03
4.300000000000000000e+02 2.869184540564110193e+03
4.310000000000000000e+02 2.879422676157550086e+03
4.320000000000000000e+02 2.882047590585315902e+03
4.330000000000000000e+02 2.883370629070581799e+03
4.340000000000000000e+02 2.868757053390296278e+03
4.350000000000000000e+02 2.866033990563492807e+03
4.360000000000000000e+02 2.871825547589302914e+03
4.370000000000000000e+02 2.881301503351096471e+03
4.380000000000000000e+02 2.893572917412299375e+03
4.390000000000000000e+02 2.905263315220657660e+03
4.400000000000000000e+02 2.920950310179128337e+03
4.410000000000000000e+02 2.912192165402118917e+03
4.420000000000000000e+02 2.908403687606305539e+03
4.430000000000000000e+02 2.920258128331475291e+03
4.440000000000000000e+02 2.906766522270807400e+03
4.450000000000000000e+02 2.908287300935787698e+03
4.460000000000000000e+02 2.902228470149731038e+03
4.470000000000000000e+02 2.908807151199413511e+03
4.480000000000000000e+02 2.898373314436090823e+03
4.490000000000000000e+02 2.912185475495475657e+03
4.500000000000000000e+02 2.912864470371500829e+03
4.510000000000000000e+02 2.920466415820392285e+03
4.520000000000000000e+02 2.926278353908153804e+03
4.530000000000000000e+02 2.917022527503696438e+03
4.540000000000000000e+02 2.925478126600179621e+03
4.550000000000000000e+02 2.943280230868343097e+03
4.560000000000000000e+02 2.941837112039658223e+03
4.570000000000000000e+02 2.957016289371826133e+03
4.580000000000000000e+02 2.963085984607091632e+03
4.590000000000000000e+02 2.982257983942421106e+03
4.600000000000000000e+02 2.981271969800249735e+03
4.610000000000000000e+02 2.974208163562784193e+03
4.620000000000000000e+02 2.978100877504052278e+03
4.630000000000000000e+02 2.982722175532047459e+03
4.640000000000000000e+02 2.986430235497107333e+03
4.650000000000000000e+02 2.996176802771756229e+03
4.660000000000000000e+02 3.020596380944326938e+03
4.670000000000000000e+02 3.042064948642999752e+03
4.680000000000000000e+02 3.020472473032697508e+03
4.690000000000000000e+02 3.024854971367703001e+03
4.700000000000000000e+02 3.032865353170011076e+03
4.710000000000000000e+02 3.040929613905399947e+03
4.720000000000000000e+02 3.044262645501229599e+03
4.730000000000000000e+02 3.059564129070483432e+03
4.740000000000000000e+02 3.063164092037317459e+03
4.750000000000000000e+02 3.072563822679408077e+03
4.760000000000000000e+02 3.062621050167832436e+03
4.770000000000000000e+02 3.083129248783164712e+03
4.780000000000000000e+02 3.084505505263127816e+03
4.790000000000000000e+02 3.100771466442391556e+03
4.800000000000000000e+02 3.111044171632840516e+03
4.810000000000000000e+02 3.128307437580667738e+03
4.820000000000000000e+02 3.119912192511962530e+03
4.830000000000000000e+02 3.129134643583200614e+03
4.840000000000000000e+02 3.131052615331475863e+03
4.850000000000000000e+02 3.134056758267641726e+03
4.860000000000000000e+02 3.165302969758480685e+03
4.870000000000000000e+02 3.172476537103457304e+03
4.880000000000000000e+02 3.181149923781119924e+03
4.890000000000000000e+02 3.185012508368677572e+03
4.900000000000000000e+02 3.184449657949002813e+03
4.910000000000000000e+02 3.188424198129724118e+03
4.920000000000000000e+02 3.218937064626159099e+03
4.930000000000000000e+02 3.220166807791096289e+03
4.940000000000000000e+02 3.245022965058489262e+03
4.950000000000000000e+02 3.239970902478456537e+03
4.960000000000000000e+02 3.243925383948850595e+03
4.970000000000000000e+02 3.253026458777583684e+03
4.980000000000000000e+02 3.270585545853804433e+03
4.990000000000000000e+02 3.281835683880156921e+03
5.000000000000000000e+02 3.292348256957461672e+03
5.010000000000000000e+02 3.283187538786101413e+03
5.020000000000000000e+02 3.295946647353045591e+03
5.030000000000000000e+02 3.287049749853757930e+03
5.040000000000000000e+02 3.296535484445558723e+03
5.050000000000000000e+02 3.307733889092663048e+03
5.060000000000000000e+02 3.316432147763657667e+03
5.070000000000000000e+02 3.322568336176400408e+03
5.080000000000000000e+02 3.328335588343043128e+03
5.090000000000000000e+02 3.329914950422046786e+03
5.100000000000000000e+02 3.333045335111031363e+03
5.110000000000000000e+02 3.336664058240229224e+03
5.120000000000000000e+02 3.353028127325148034e+03
5.130000000000000000e+02 3.365271712315488003e+03
5.140000000000000000e+02 3.383027485062998039e+03
5.150000000000000000e+02 3.389769424664269536e+03
5.160000000000000000e+02 3.406038389894680222e+03
5.170000000000000000e+02 3.415250221683986183e+03
5.180000000000000000e+02 3.422775643541011959e+03
5.190000000000000000e+02 3.435497857963860952e+03
5.200000000000000000e+02 3.426595514001770425e+03
5.210000000000000000e+02 3.437368554473956920e+03
5.220000000000000000e+02 3.436804944265490121e+03
5.230000000000000000e+02 3.445154265104206843e+03
5.240000000000000000e+02 3.457551350546567392e+03
5.250000000000000000e+02 3.463891321507972407e+03
5.260000000000000000e+02 3.474002167909065065e+03
5.270000000000000000e+02 3.495035435902661902e+03
5.280000000000000000e+02 3.489156179244659597e+03
5.290000000000000000e+02 3.493915502156668481e+03
5.300000000000000000e+02 3.489916593213479700e+03
5.310000000000000000e+02 3.490215495569356335e+03
5.320000000000000000e+02 3.511505240754677288e+03
5.330000000000000000e+02 3.514382442125468970e+03
5.340000000000000000e+02 3.531330842627700349e+03
5.350000000000000000e+02 3.543590250049735005e+03
5.360000000000000000e+02 3.557472078178680476e+03
5.370000000000000000e+02 3.561642476851111041e+03
5.380000000000000000e+02 3.571753494141075407e+03
5.390000000000000000e+02 3.577907471136137701e+03
5.400000000000000000e+02 3.564278144836304818e+03
5.410000000000000000e+02 3.577550710426311525e+03
5.420000000000000000e+02 3.570654104994733189e+03
5.430000000000000000e+02 3.600436231151437823e+03
5.440000000000000000e+02 3.607757440473375027e+03
5.450000000000000000e+02 3.622360768065774209e+03
5.460000000000000000e+02 3.631449287635512519e+03
5.470000000000000000e+02 3.626777565241804041e+03
5.480000000000000000e+02 3.644316484939913153e+03
5.490000000000000000e+02 3.651311895776141682e+03
5.500000000000000000e+02 3.644629476020215407e+03
5.510000000000000000e+02 3.646005938484463513e+03
5.520000000000000000e+02 3.650778227025395609e+03
5.530000000000000000e+02 3.648284424804172431e+03
5.540000000000000000e+02 3.653392891156783207e+03
5.550000000000000000e+02 3.666311798700076451e+03
5.560000000000000000e+02 3.682516752401119447e+03
5.570000000000000000e+02 3.692429275691075873e+03
5.580000000000000000e+02 3.713510437540342082e+03
5.590000000000000000e+02 3.708713481956241594e+03
5.600000000000000000e+02 3.720678516667531767e+03
5.610000000000000000e+02 3.727809981104472627e+03
5.620000000000000000e+02 3.732138050148683305e+03
5.630000000000000000e+02 3.747790529033121857e+03
5.640000000000000000e+02 3.752134865128849015e+03
5.650000000000000000e+02 3.784590915173844678e+03
5.660000000000000000e+02 3.790156940424894401e+03
5.670000000000000000e+02 3.786995328240868275e+03
5.680000000000000000e+02 3.792361611053368051e+03
5.690000000000000000e+02 3.797983826237402809e+03
5.700000000000000000e+02 3.819076486394802942e+03
5.710000000000000000e+02 3.815486360751756365e+03
5.720000000000000000e+02 3.818819894037040740e+03
5.730000000000000000e+02 3.815475108336830999e+03
5.740000000000000000e+02 3.828832754687047327e+03
5.750000000000000000e+02 3.831568156406645357e+03
5.760000000000000000e+02 3.854696873217418215e+03
5.770000000000000000e+02 3.886166472330762190e+03
5.780000000000000000e+02 3.893777464710361528e+03
5.790000000000000000e+02 3.915076740897602576e+03
5.800000000000000000e+02 3.913063197350858445e+03
5.810000000000000000e+02 3.917620278702894666e+03
5.820000000000000000e+02 3.923678151437696215e+03
5.830000000000000000e+02 3.940190624051296709e+03
5.840000000000000000e+02 3.920467058265212017e+03
5.850000000000000000e+02 3.921459608625602868e+03
5.860000000000000000e+02 3.918541477587526970e+03
5.870000000000000000e+02 3.925926666250925791e+03
5.880000000000000000e+02 3.932856027804223231e+03
5.890000000000000000e+02 3.931418739127818753e+03
5.900000000000000000e+02 3.942554251052933978e+03
5.910000000000000000e+02 3.957406527354614354e+03
5.920000000000000000e+02 3.949467407660504705e+03
5.930000000000000000e+02 3.959903193118860599e+03
5.940000000000000000e+02 3.983657096982052735e+03
5.950000000000000000e+02 3.997664228198361798e+03
5.960000000000000000e+02 4.018099230585677560e+03
5.970000000000000000e+02 4.026786186483569963e+03
5.980000000000000000e+02 4.046207149817432764e+03
5.990000000000000000e+02 4.060693788174409747e+03
6.000000000000000000e+02 4.066860108789303922e+03
6.010000000000000000e+02 4.062865228649307483e+03
6.020000000000000000e+02 4.071397323844330003e+03
6.030000000000000000e+02 4.084420818392653018e+03
6.040000000000000000e+02 4.073215561722070561e+03
6.050000000000000000e+02 4.075140968654294738e+03
6.060000000000000000e+02 4.087046953979478531e+03
6.070000000000000000e+02 4.105388144588120667e+03
6.080000000000000000e+02 4.117845656812888592e+03
6.090000000000000000e+02 4.144002145958324036e+03
6.100000000000000000e+02 4.151617867905624735e+03
6.110000000000000000e+02 4.166295001470146417e+03
6.120000000000000000e+02 4.172463202455254759e+03
6.130000000000000000e+02 4.174014307428832581e+03
6.140000000000000000e+02 4.167721372511378831e+03
6.150000000000000000e+02 4.168158338410217766e+03
6.160000000000000000e+02 4.174677325265733998e+03
6.170000000000000000e+02 4.188198569424751440e+03
6.180000000000000000e+02 4.189997989786804283e+03
6.190000000000000000e+02 4.186992646444803540e+03
6.200000000000000000e+02 4.201888246069729576e+03
6.210000000000000000e+02 4.212408716559742970e+03
6.220000000000000000e+02 4.249852364490418040e+03
6.230000000000000000e+02 4.262640104841815628e+03
6.240000000000000000e+02 4.268027867130608684e+03
6.250000000000000000e+02 4.266828145154977392e+03
6.260000000000000000e+02 4.264880997475263030e+03
6.270000000000000000e+02 4.272159930554303173e+03
6.280000000000000000e+02 4.291275945417107323e+03
6.290000000000000000e+02 4.289174983420794888e+03
6.300000000000000000e+02 4.286469890407570347e+03
6.310000000000000000e+02 4.306770961581939446e+03
6.320000000000000000e+02 4.295993527214190181e+03
6.330000000000000000e+02 4.317362168262515297e+03
6.340000000000000000e+02 4.331510119505792318e+03
6.350000000000000000e+02 4.328865322935424956e+03
6.360000000000000000e+02 4.344267535356525514e+03
6.370000000000000000e+02 4.352947024174497528e+03
6.380000000000000000e+02 4.353813911663150066e+03
6.390000000000000000e+02 4.373611468860458444e+03
6.400000000000000000e+02 4.389851805125295868e+03
6.410000000000000000e+02 4.371379300761714148e+03
6.420000000000000000e+02 4.367617700787585818e+03
6.430000000000000000e+02 4.376131130898750598e+03
6.440000000000000000e+02 4.379125643729680633e+03
6.450000000000000000e+02 4.357838709446550638e+03
6.460000000000000000e+02 4.349271503084458345e+03
6.470000000000000000e+02 4.364930484095610154e+03
6.480000000000000000e+02 4.360458207664781185e+03
6.490000000000000000e+02 4.362673116737497367e+03
6.500000000000000000e+02 4.362544118214448645e+03
6.510000000000000000e+02 4.365044357660583955e+03
6.520000000000000000e+02 4.363980006855361353e+03
6.530000000000000000e+02 4.381343917413200870e+03
6.540000000000000000e+02 4.376413934948585847e+03
6.550000000000000000e+02 4.389889608070935537e+03
6.560000000000000000e+02 4.409790621853577250e+03
6.570000000000000000e+02 4.410802359461804372e+03
6.580000000000000000e+02 4.418005587681015641e+03
6.590000000000000000e+02 4.422866705178200391e+03
6.600000000000000000e+02 4.429141287603112687e+03
6.610000000000000000e+02 4.439920211475982796e+03
6.620000000000000000e+02 4.437677188937495885e+03
6.630000000000000000e+02 4.447090752440349206e+03
6.640000000000000000e+02 4.447521606035721561e+03
6.650000000000000000e+02 4.463206882747582313e+03
6.660000000000000000e+02 4.476426556825999796e+03
6.670000000000000000e+02 4.461965844498214210e+03
6.680000000000000000e+02 4.479250867138524882e+03
6.690000000000000000e+02 4.486759466462797718e+03
6.700000000000000000e+02 4.477316755065493453e+03
6.710000000000000000e+02 4.477356725384457604e+03
6.720000000000000000e+02 4.508721280420247240e+03
6.730000000000000000e+02 4.484524611593723421e+03
6.740000000000000000e+02 4.484955944503039063e+03
6.750000000000000000e+02 4.505927340839336466e+03
6.760000000000000000e+02 4.528156907435958601e+03
6.770000000000000000e+02 4.545681459672669916e+03
6.780000000000000000e+02 4.569263937179704044e+03
6.790000000000000000e+02 4.565398334598104157e+03
6.800000000000000000e+02 4.577120366239697432e+03
6.810000000000000000e+02 4.596630751545442763e+03
6.820000000000000000e+02 4.589597003850632973e+03
6.830000000000000000e+02 4.584314736373099549e+03
6.840000000000000000e+02 4.580476529323457726e+03
6.850000000000000000e+02 4.569114112450795801e+03
6.860000000000000000e+02 4.565420398624028167e+03
6.870000000000000000e+02 4.553547234003660378e+03
6.880000000000000000e+02 4.587586539015308517e+03
6.890000000000000000e+02 4.598384960900143597e+03
6.900000000000000000e+02 4.601373364140499689e+03
6.910000000000000000e+02 4.597970871608365087e+03
6.920000000000000000e+02 4.588815441111723885e+03
6.930000000000000000e+02 4.608406116679663683e+03
6.940000000000000000e+02 4.614074568844960595e+03
6.950000000000000000e+02 4.638345209318954403e+03
6.960000000000000000e+02 4.646323698789714399e+03
6.970000000000000000e+02 4.653162565191235444e+03
6.980000000000000000e+02 4.659011259430658356e+03
6.990000000000000000e+02 4.656606593178742514e+03
7.000000000000000000e+02 4.655198569521391619e+03
7.010000000000000000e+02 4.674149758732512055e+03
7.020000000000000000e+02 4.686831714230179387e+03
7.030000000000000000e+02 4.676418791584333121e+03
7.040000000000000000e+02 4.683301216777447735e+03
7.050000000000000000e+02 4.689063740857513949e+03
7.060000000000000000e+02 4.692134017307062095e+03
7.070000000000000000e+02 4.701517822387336309e+03
7.080000000000000000e+02 4.712549027243760975e+03
7.090000000000000000e+02 4.711262966791377039e+03
7.100000000000000000e+02 4.683888661259935361e+03
7.110000000000000000e+02 4.691939361075616034e+03
7.120000000000000000e+02 4.715701225363324738e+03
7.130000000000000000e+02 4.722321030043915925e+03
7.140000000000000000e+02 4.709883752166229897e+03
7.150000000000000000e+02 4.731370075952937441e+03
7.160000000000000000e+02 4.738303616461410456e+03
7.170000000000000000e+02 4.736655166035538059e+03
7.180000000000000000e+02 4.770606208397753107e+03
7.190000000000000000e+02 4.767906603062898284e+03
7.200000000000000000e+02 4.773600780719877548e+03
7.210000000000000000e+02 4.775608082523445773e+03
7.220000000000000000e+02 4.790038932817968089e+03
7.230000000000000000e+02 4.810066106453667999e+03
7.240000000000000000e+02 4.833019594975991822e+03
7.250000000000000000e+02 4.855070211676015788e+03
7.260000000000000000e+02 4.859348454678726739e+03
7.270000000000000000e+02 4.860191841200065937e+03
7.280000000000000000e+02 4.853891259229603747e+03
7.290000000000000000e+02 4.860280117640609205e+03
7.300000000000000000e+02 4.852549739088375645e+03
7.310000000000000000e+02 4.859331299085154569e+03
7.320000000000000000e+02 4.869571864962046675e+03
7.330000000000000000e+02 4.883838613368814549e+03
7.340000000000000000e+02 4.888585020228312715e+03
7.350000000000000000e+02 4.883917382368239487e+03
7.360000000000000000e+02 4.896308598717478162e+03
7.370000000000000000e+02 4.899131609719499465e+03
7.380000000000000000e+02 4.918418030902489591e+03
7.390000000000000000e+02 4.944524774701006208e+03
7.400000000000000000e+02 4.949629066698977113e+03
7.410000000000000000e+02 4.983797434423390769e+03
7.420000000000000000e+02 5.010468777372006116e+03
7.430000000000000000e+02 5.023946819918938672e+03
7.440000000000000000e+02 5.014455287386753298e+03
7.450000000000000000e+02 5.016460140995085567e+03
7.460000000000000000e+02 5.019294630896507442e+03
7.470000000000000000e+02 5.021126852536243860e+03
7.480000000000000000e+02 5.025630923306221121e+03
7.490000000000000000e+02 5.001961102429816492e+03
7.500000000000000000e+02 4.993267642645961132e+03
7.510000000000000000e+02 5.013065644571658595e+03
7.520000000000000000e+02 5.038777216630775001e+03
7.530000000000000000e+02 5.040659999907930796e+03
7.540000000000000000e+02 5.046372967963510746e+03
7.550000000000000000e+02 5.054714745531229710e+03
7.560000000000000000e+02 5.056292991780425837e+03
7.570000000000000000e+02 5.039141929220229940e+03
7.580000000000000000e+02 5.042675689491795310e+03
7.590000000000000000e+02 5.039892961588788239e+03
7.600000000000000000e+02 5.066786657683944213e+03
7.610000000000000000e+02 5.054888114167135427e+03
7.620000000000000000e+02 5.046520042002472110e+03
7.630000000000000000e+02 5.009032686035124243e+03
7.640000000000000000e+02 4.992882679562652811e+03
7.650000000000000000e+02 5.007121112770617401e+03
7.660000000000000000e+02 5.032442637367233147e+03
7.670000000000000000e+02 5.059834576873197875e+03
7.680000000000000000e+02 5.062798473301975719e+03
7.690000000000000000e+02 5.063530256369037488e+03
7.700000000000000000e+02 5.087027031433021875e+03
7.710000000000000000e+02 5.056563443390263274e+03
7.720000000000000000e+02 5.058849334121831816e+03
7.730000000000000000e+02 5.080610453304710973e+03
7.740000000000000000e+02 5.089734365508966221e+03
7.750000000000000000e+02 5.086498608294652513e+03
7.760000000000000000e+02 5.108195691506832190e+03
7.770000000000000000e+02 5.115107843250812948e+03
7.780000000000000000e+02 5.107647883984021064e+03
7.790000000000000000e+02 5.123194742675260386e+03
7.800000000000000000e+02 5.119970933394321037e+03
7.810000000000000000e+02 5.123539736770605487e+03
7.820000000000000000e+02 5.124701243259701187e+03
7.830000000000000000e+02 5.129828805151187225e+03
7.840000000000000000e+02 5.141028467990818172e+03
7.850000000000000000e+02 5.173056057562892420e+03
7.860000000000000000e+02 5.176234529224441758e+03
7.870000000000000000e+02 5.195288037097261622e+03
7.880000000000000000e+02 5.227887518975968305e+03
7.890000000000000000e+02 5.249037525158163589e+03
7.900000000000000000e+02 5.246781190133177915e+03
7.910000000000000000e+02 5.237579042054393540e+03
7.920000000000000000e+02 5.214216990589097804e+03
7.930000000000000000e+02 5.235396965423044094e+03
7.940000000000000000e+02 5.238681165472281464e+03
7.950000000000000000e+02 5.219793210925491621e+03
7.960000000000000000e+02 5.237883904100503059e+03
7.970000000000000000e+02 5.243647952538618483e+03
7.980000000000000000e+02 5.258489928652104027e+03
7.990000000000000000e+02 5.255781131882700720e+03
8.000000000000000000e+02 5.258874551481813796e+03
8.010000000000000000e+02 5.275818018543750441e+03
8.020000000000000000e+02 5.280689928224186588e+03
8.030000000000000000e+02 5.261331007437868720e+03
8.040000000000000000e+02 5.260018649493546945e+03
8.050000000000000000e+02 5.267127652050539837e+03
8.060000000000000000e+02 5.276463761067984706e+03
8.070000000000000000e+02 5.279343814405815465e+03
8.080000000000000000e+02 5.297070883134272663e+03
8.090000000000000000e+02 5.295956078899001113e+03
8.100000000000000000e+02 5.296794103947384428e+03
8.110000000000000000e+02 5.310006296866587036e+03
8.120000000000000000e+02 5.320319003485784378e+03
8.130000000000000000e+02 5.335131045369887033e+03
8.140000000000000000e+02 5.329642001676048494e+03
8.150000000000000000e+02 5.335190864474484442e+03
8.160000000000000000e+02 5.334650285073463237e+03
8.170000000000000000e+02 5.344632918413159132e+03
8.180000000000000000e+02 5.359224757049029904e+03
8.190000000000000000e+02 5.355043869335378986e+03
8.200000000000000000e+02 5.352257077785265210e+03
8.210000000000000000e+02 5.340568968417821452e+03
8.220000000000000000e+02 5.353689803350745933e+03
8.230000000000000000e+02 5.360452077373864086e+03
8.240000000000000000e+02 5.367153356833628095e+03
8.250000000000000000e+02 5.364955726415227218e+03
8.260000000000000000e+02 5.346766791550833659e+03
8.270000000000000000e+02 5.368200624751189935e+03
8.280000000000000000e+02 5.379494381335674916e+03
8.290000000000000000e+02 5.387284419346174218e+03
8.300000000000000000e+02 5.390915976337507345e+03
8.310000000000000000e+02 5.412646158796314012e+03
8.320000000000000000e+02 5.428082051345988475e+03
8.330000000000000000e+02 5.408558178059445709e+03
8.340000000000000000e+02 5.406226936187630599e+03
8.350000000000000000e+02 5.444839539755149417e+03
8.360000000000000000e+02 5.412978895544571969e+03
8.370000000000000000e+02 5.407756729773392181e+03
8.380000000000000000e+02 5.418482510255857960e+03
8.390000000000000000e+02 5.433459194447187656e+03
8.400000000000000000e+02 5.438941325118717941e+03
8.410000000000000000e+02 5.449796602897252342e+03
8.420000000000000000e+02 5.463643047409686005e+03
8.430000000000000000e+02 5.478156222635530867e+03
8.440000000000000000e+02 5.487106960154555054e+03
8.450000000000000000e+02 5.514015529402870925e+03
8.460000000000000000e+02 5.520978935991495746e+03
8.470000000000000000e+02 5.521599695247491582e+03
8.480000000000000000e+02 5.522599169052245998e+03
8.490000000000000000e+02 5.529701780948357737e+03
8.500000000000000000e+02 5.523319614687965441e+03
8.510000000000000000e+02 5.534990672297688434e+03
8.520000000000000000e+02 5.562229471185643888e+03
8.530000000000000000e+02 5.560885306452752047e+03
8.540000000000000000e+02 5.571069768470552845e+03
8.550000000000000000e+02 5.571617650961099571e+03
8.560000000000000000e+02 5.594485711070112302e+03
8.570000000000000000e+02 5.605670640902299056e+03
8.580000000000000000e+02 5.588381075455073187e+03
8.590000000000000000e+02 5.591262656695561418e+03
8.600000000000000000e+02 5.600211236082255709e+03
8.610000000000000000e+02 5.637019409296690355e+03
8.620000000000000000e+02 5.628311784967294443e+03
8.630000000000000000e+02 5.630703310327749932e+03
8.640000000000000000e+02 5.647287419909133860e+03
8.650000000000000000e+02 5.642759396378569363e+03
8.660000000000000000e+02 5.632527929111522099e+03
8.670000000000000000e+02 5.658506596629260457e+03
8.680000000000000000e+02 5.674700450039270436e+03
8.690000000000000000e+02 5.666623012439466947e+03
8.700000000000000000e+02 5.658376126788503825e+03
8.710000000000000000e+02 5.663120460734946391e+03
8.720000000000000000e+02 5.663482318302256317e+03
8.730000000000000000e+02 5.646211741255194283e+03
8.740000000000000000e+02 5.668834638411038213e+03
8.750000000000000000e+02 5.688652864359037267e+03
8.760000000000000000e+02 5.707698858726982508e+03
8.770000000000000000e+02 5.701512684444586739e+03
8.780000000000000000e+02 5.704722175984437854e+03
8.790000000000000000e+02 5.714066979846118556e+03
8.800000000000000000e+02 5.698169862651468065e+03
8.810000000000000000e+02 5.703355531886674726e+03
8.820000000000000000e+02 5.700523394794104206e+03
8.830000000000000000e+02 5.699136175401233231e+03
8.840000000000000000e+02 5.710415883404577471e+03
8.850000000000000000e+02 5.701560833360568722e+03
8.860000000000000000e+02 5.693602027054524115e+03
8.870000000000000000e+02 5.720920864132791394e+03
8.880000000000000000e+02 5.737954696048020196e+03
8.890000000000000000e+02 5.744772909656740921e+03
8.900000000000000000e+02 5.754902865714011568e+03
8.910000000000000000e+02 5.762369872642266273e+03
8.920000000000000000e+02 5.767547235872912097e+03
8.930000000000000000e+02 5.775439641905896679e+03
8.940000000000000000e+02 5.771092430477852758e+03
8.950000000000000000e+02 5.775310964745730416e+03
8.960000000000000000e+02 5.762708137766527216e+03
8.970000000000000000e+02 5.770345670340248944e+03
8.980000000000000000e+02 5.787382036775579763e+03
8.990000000000000000e+02 5.798519994302308078e+03
9.000000000000000000e+02 5.806568368637947060e+03
9.010000000000000000e+02 5.823543523172696950e+03
9.020000000000000000e+02 5.813451318794792314e+03
9.030000000000000000e+02 5.834964576714820396e+03
9.040000000000000000e+02 5.822806824719660653e+03
9.050000000000000000e+02 5.839848125320803774e+03
9.060000000000000000e+02 5.841545297734528503e+03
9.070000000000000000e+02 5.840617997690564152e+03
9.080000000000000000e+02 5.840758002505324839e+03
9.090000000000000000e+02 5.853856681450462020e+03
9.100000000000000000e+02 5.834019021778172828e+03
9.110000000000000000e+02 5.854947222575755404e+03
9.120000000000000000e+02 5.847923499782912586e+03
9.130000000000000000e+02 5.844793339328935872e+03
9.140000000000000000e+02 5.864713686880072601e+03
9.150000000000000000e+02 5.886325986251776158e+03
9.160000000000000000e+02 5.884542886063747574e+03
9.170000000000000000e+02 5.896433870671377917e+03
9.180000000000000000e+02 5.885985834186506509e+03
9.190000000000000000e+02 5.912754954215564794e+03
9.200000000000000000e+02 5.917949283014304456e+03
9.210000000000000000e+02 5.914265419229673171e+03
9.220000000000000000e+02 5.927772813922984824e+03
9.230000000000000000e+02 5.954000794565340584e+03
9.240000000000000000e+02 5.971529035659109468e+03
9.250000000000000000e+02 5.978772495712696582e+03
9.260000000000000000e+02 5.993911379411621965e+03
9.270000000000000000e+02 5.985033946419418498e+03
9.280000000000000000e+02 5.973531775409293914e+03
9.290000000000000000e+02 5.961806194333315034e+03
9.300000000000000000e+02 5.978642250943848921e+03
9.310000000000000000e+02 5.985080280885689717e+03
9.320000000000000000e+02 5.987221088164876164e+03
9.330000000000000000e+02 5.996136987782962024e+03
9.340000000000000000e+02 6.031212466794606371e+03
9.350000000000000000e+02 6.029867355054736436e+03
9.360000000000000000e+02 6.038328944479653728e+03
9.370000000000000000e+02 6.014439542786853053e+03
9.380000000000000000e+02 6.032148627601588487e+03
9.390000000000000000e+02 6.022277722884620744e+03
9.400000000000000000e+02 6.041596450829346395e+03
9.410000000000000000e+02 6.046087093502117568e+03
9.420000000000000000e+02 6.051598575353676097e+03
9.430000000000000000e+02 6.057828501398863409e+03
9.440000000000000000e+02 6.067224899384354103e+03
9.450000000000000000e+02 6.050561444187854249e+03
9.460000000000000000e+02 6.074576904869560167e+03
9.470000000000000000e+02 6.076084520265396350e+03
9.480000000000000000e+02 6.074731769729748521e+03
9.490000000000000000e+02 6.092597071472874632e+03
9.500000000000000000e+02 6.076105102800818713e+03
9.510000000000000000e+02 6.112129263173047548e+03
9.520000000000000000e+02 6.110322740802704175e+03
9.530000000000000000e+02 6.126487803315884776e+03
9.540000000000000000e+02 6.115160898761556382e+03
9.550000000000000000e+02 6.128862824863898823e+03
9.560000000000000000e+02 6.109334191092165383e+03
9.570000000000000000e+02 6.119356822387632747e+03
9.580000000000000000e+02 6.110131675625170828e+03
9.590000000000000000e+02 6.124598252418698394e+03
9.600000000000000000e+02 6.125005643810980473e+03
9.610000000000000000e+02 6.116645752044176334e+03
9.620000000000000000e+02 6.102713157137820417e+03
9.630000000000000000e+02 6.094470280155559522e+03
9.640000000000000000e+02 6.116037459153372765e+03
9.650000000000000000e+02 6.100154969932133099e+03
9.660000000000000000e+02 6.108279700955039516e+03
9.670000000000000000e+02 6.113267234414954146e+03
9.680000000000000000e+02 6.133530347538026945e+03
9.690000000000000000e+02 6.141848978559243733e+03
9.700000000000000000e+02 6.161625960860006671e+03
9.710000000000000000e+02 6.165440600787729636e+03
9.720000000000000000e+02 6.182825056738890453e+03
9.730000000000000000e+02 6.150429799192559585e+03
9.740000000000000000e+02 6.133774629750815620e+03
9.750000000000000000e+02 6.144207552261889759e+03
9.760000000000000000e+02 6.145580207504886857e+03
9.770000000000000000e+02 6.165419897520362611e+03
9.780000000000000000e+02 6.177641035236526477e+03
9.790000000000000000e+02 6.177397822394114883e+03
9.800000000000000000e+02 6.158200815552681888e+03
9.810000000000000000e+02 6.152488017437339295e+03
9.820000000000000000e+02 6.168215001696152285e+03
9.830000000000000000e+02 6.179350293890278408e+03
9.840000000000000000e+02 6.207047770853675502e+03
9.850000000000000000e+02 6.211014214926318346e+03
9.860000000000000000e+02 6.214268540945594395e+03
9.870000000000000000e+02 6.217605479583856322e+03
9.880000000000000000e+02 6.231358890287105169e+03
9.890000000000000000e+02 6.209324412960303562e+03
9.900000000000000000e+02 6.208695567704074165e+03
9.910000000000000000e+02 6.257262536775793706e+03
9.920000000000000000e+02 6.257643698871116612e+03
9.930000000000000000e+02 6.259005354088311833e+03
9.940000000000000000e+02 6.255220674915257405e+03
9.950000000000000000e+02 6.268841115406315112e+03
9.960000000000000000e+02 6.284713111011019464e+03
9.970000000000000000e+02 6.279259942220153789e+03
9.980000000000000000e+02 6.271641537459749088e+03
9.990000000000000000e+02 6.291528928954318872e+03
1.000000000000000000e+03 6.287889817134298937e+03
1.001000000000000000e+03 6.283392283092520302e+03
1.002000000000000000e+03 6.283801924609949310e+03
1.003000000000000000e+03 6.300860584511005072e+03
1.004000000000000000e+03 6.301880802735157886e+03
1.005000000000000000e+03 6.294722311746656487e+03
1.006000000000000000e+03 6.289882452023380210e+03
1.007000000000000000e+03 6.310381766868478735e+03
1.008000000000000000e+03 6.316143068040771141e+03
1.009000000000000000e+03 6.328198723582097045e+03
1.010000000000000000e+03 6.322284674597498451e+03
1.011000000000000000e+03 6.343163225089402658e+03
1.012000000000000000e+03 6.354170642708977539e+03
1.013000000000000000e+03 6.353691877170654152e+03
1.014000000000000000e+03 6.354175133019170971e+03
1.015000000000000000e+03 6.366277353664315342e+03
1.016000000000000000e+03 6.362875892179516086e+03
1.017000000000000000e+03 6.342632537566451902e+03
1.018000000000000000e+03 6.346291531848612976e+03
1.019000000000000000e+03 6.353278540705065097e+03
1.020000000000000000e+03 6.369723966272952566e+03
1.021000000000000000e+03 6.391426862096924197e+03
1.022000000000000000e+03 6.389985815042469767e+03
1.023000000000000000e+03 6.407861976923762086e+03
1.024000000000000000e+03 6.436781902561286188e+03
1.025000000000000000e+03 6.462776190244045210e+03
1.026000000000000000e+03 6.469201295042409583e+03
1.027000000000000000e+03 6.475862396407040251e+03
1.028000000000000000e+03 6.485536711553462737e+03
1.029000000000000000e+03 6.500470443600109320e+03
1.030000000000000000e+03 6.489576427187487752e+03
1.031000000000000000e+03 6.511879509201609835e+03
1.032000000000000000e+03 6.517956300483266205e+03
1.033000000000000000e+03 6.505077991754070354e+03
1.034000000000000000e+03 6.509538827734454571e+03
1.035000000000000000e+03 6.532967638307666675e+03
1.036000000000000000e+03 6.534085537291833134e+03
1.037000000000000000e+03 6.535006043213268640e+03
1.038000000000000000e+03 6.540992428532088525e+03
1.039000000000000000e+03 6.539771704502290049e+03
1.040000000000000000e+03 6.535384476332451413e+03
1.041000000000000000e+03 6.531747448193982564e+03
1.042000000000000000e+03 6.538409818489239115e+03
1.043000000000000000e+03 6.556773970310365257e+03
1.044000000000000000e+03 6.581252193929645728e+03
1.045000000000000000e+03 6.586297591082650797e+03
1.046000000000000000e+03 6.567260647972317201e+03
1.047000000000000000e+03 6.564846627060189348e+03
1.048000000000000000e+03 6.585515118766780688e+03
1.049000000000000000e+03 6.590821167372681884e+03
1.050000000000000000e+03 6.570342942170675997e+03
1.051000000000000000e+03 6.585698745546762439e+03
1.052000000000000000e+03 6.595449313278597401e+03
1.053000000000000000e+03 6.596242662141839901e+03
1.054000000000000000e+03 6.592776989390526069e+03
1.055000000000000000e+03 6.576893486415814550e+03
1.056000000000000000e+03 6.579897065425340770e+03
1.057000000000000000e+03 6.586180309917678642e+03
1.058000000000000000e+03 6.623968722614575199e+03
1.059000000000000000e+03 6.651321093389437010e+03
1.060000000000000000e+03 6.635887816874039345e+03
1.061000000000000000e+03 6.637485890206342447e+03
1.062000000000000000e+03 6.636880860816965651e+03
1.063000000000000000e+03 6.635576026297615499e+03
1.064000000000000000e+03 6.629713404433025062e+03
1.065000000000000000e+03 6.650570535167733397e+03
1.066000000000000000e+03 6.667424680254308441e+03
1.067000000000000000e+03 6.683746727471245322e+03
1.068000000000000000e+03 6.689224507393136264e+03
1.069000000000000000e+03 6.686738048248666928e+03
1.070000000000000000e+03 6.667647753346344871e+03
1.071000000000000000e+03 6.658036093142793106e+03
1.072000000000000000e+03 6.652914071309048268e+03
1.073000000000000000e+03 6.678282274916958158e+03
1.074000000000000000e+03 6.670327303426442995e+03
1.075000000000000000e+03 6.666561589538613589e+03
1.076000000000000000e+03 6.659512991912797588e+03
1.077000000000000000e+03 6.650463317972038567e+03
1.078000000000000000e+03 6.660113240008208777e+03
1.079000000000000000e+03 6.683604925632354025e+03
1.080000000000000000e+03 6.687956650585528223e+03
1.081000000000000000e+03 6.685746535048338046e+03
1.082000000000000000e+03 6.691711785632212013e+03
1.083000000000000000e+03 6.694413368449238078e+03
1.084000000000000000e+03 6.688589000642717110e+03
1.085000000000000000e+03 6.680838460894273339e+03
1.086000000000000000e+03 6.677775486229645139e+03
1.087000000000000000e+03 6.699492308835152471e+03
1.088000000000000000e+03 6.715885278597321303e+03
1.089000000000000000e+03 6.716018052154870929e+03
1.090000000000000000e+03 6.730465549090746208e+03
1.091000000000000000e+03 6.727070829447120559e+03
1.092000000000000000e+03 6.716595900948441340e+03
1.093000000000000000e+03 6.702925851412931479e+03
1.094000000000000000e+03 6.742891832536442962e+03
1.095000000000000000e+03 6.752646557693872637e+03
1.096000000000000000e+03 6.771051557250147198e+03
1.097000000000000000e+03 6.775073050296150541e+03
1.098000000000000000e+03 6.759684494873947187e+03
1.099000000000000000e+03 6.780520325456323917e+03
1.100000000000000000e+03 6.782070684696426724e+03
1.101000000000000000e+03 6.784584227192071921e+03
1.102000000000000000e+03 6.800626711274405352e+03
1.103000000000000000e+03 6.802114744452799641e+03
1.104000000000000000e+03 6.803298090910813698e+03
1.105000000000000000e+03 6.793059925282715994e+03
1.106000000000000000e+03 6.801733025290887781e+03
1.107000000000000000e+03 6.823299433611777204e+03
1.108000000000000000e+03 6.838645718314634905e+03
1.109000000000000000e+03 6.819179687123190888e+03
1.110000000000000000e+03 6.825869189158502195e+03
1.111000000000000000e+03 6.840524177825875995e+03
1.112000000000000000e+03 6.846925427830431545e+03
1.113000000000000000e+03 6.856964468422825121e+03
1.114000000000000000e+03 6.875522932075929930e+03
1.115000000000000000e+03 6.891730338310747356e+03
1.116000000000000000e+03 6.879518233791682178e+03
1.117000000000000000e+03 6.884279785623393764e+03
1.118000000000000000e+03 6.899154023027102085e+03
1.119000000000000000e+03 6.897328837640648999e+03
1.120000000000000000e+03 6.905146597695310447e+03
1.121000000000000000e+03 6.921149023182681049e+03
1.122000000000000000e+03 6.942574438534875299e+03
1.123000000000000000e+03 6.951594038850797915e+03
1.124000000000000000e+03 6.952012620154921024e+03
1.125000000000000000e+03 6.967026818114532944e+03
1.126000000000000000e+03 6.973642944311040992e+03
1.127000000000000000e+03 6.962852907327716821e+03
1.128000000000000000e+03 7.004360658247859647e+03
1.129000000000000000e+03 7.017348364033970938e+03
1.130000000000000000e+03 7.029362089655547607e+03
1.131000000000000000e+03 7.029832137552517452e+03
1.132000000000000000e+03 7.027595771767381848e+03
1.133000000000000000e+03 7.018429043472349804e+03
1.134000000000000000e+03 7.012259924820222295e+03
1.135000000000000000e+03 7.015450577199963845e+03
1.136000000000000000e+03 7.030367758279655391e+03
1.137000000000000000e+03 7.057132026217069324e+03
1.138000000000000000e+03 7.061195413136829302e+03
1.139000000000000000e+03 7.057358780909259622e+03
1.140000000000000000e+03 7.073798394368513982e+03
1.141000000000000000e+03 7.073779335586404159e+03
1.142000000000000000e+03 7.060362451299827626e+03
1.143000000000000000e+03 7.056376873972366411e+03
1.144000000000000000e+03 7.053296727600480153e+03
1.145000000000000000e+03 7.087656003959805275e+03
1.146000000000000000e+03 7.082699859863340862e+03
1.147000000000000000e+03 7.107315783748124886e+03
1.148000000000000000e+03 7.094090400858563953e+03
1.149000000000000000e+03 7.093067516765680011e+03
1.150000000000000000e+03 7.129418138026008819e+03
1.151000000000000000e+03 7.153325887814316957e+03
1.152000000000000000e+03 7.135334438247364233e+03
1.153000000000000000e+03 7.126606508832858708e+03
1.154000000000000000e+03 7.120385813825455443e+03
1.155000000000000000e+03 7.113994221368769104e+03
1.156000000000000000e+03 7.099379286681876692e+03
1.157000000000000000e+03 7.135920784441948854e+03
1.158000000000000000e+03 7.126813093240135458e+03
1.159000000000000000e+03 7.115347338770327951e+03
1.160000000000000000e+03 7.105734004179779731e+03
1.161000000000000000e+03 7.130301573894903413e+03
1.162000000000000000e+03 7.157595535503474821e+03
1.163000000000000000e+03 7.195636036213702027e+03
1.164000000000000000e+03 7.187874881048473071e+03
1.165000000000000000e+03 7.185646990488768097e+03
1.166000000000000000e+03 7.195065955289034719e+03
1.167000000000000000e+03 7.197857506999933321e+03
1.168000000000000000e+03 7.197755958471901067e+03
1.169000000000000000e+03 7.197538323994202074e+03
1.170000000000000000e+03 7.209807394793616368e+03
1.171000000000000000e+03 7.203939443164198565e+03
1.172000000000000000e+03 7.205423985616055688e+03
1.173000000000000000e+03 7.177808998813972721e+03
1.174000000000000000e+03 7.208600255763772111e+03
1.175000000000000000e+03 7.183563512157871628e+03
1.176000000000000000e+03 7.187154384446382210e+03
1.177000000000000000e+03 7.220732659643770603e+03
1.178000000000000000e+03 7.200186456580310733e+03
1.179000000000000000e+03 7.189912716899895713e+03
1.180000000000000000e+03 7.189318523966198882e+03
1.181000000000000000e+03 7.221852178831054516e+03
1.182000000000000000e+03 7.230371768687193253e+03
1.183000000000000000e+03 7.264925483835007071e+03
1.184000000000000000e+03 7.265367498582886583e+03
1.185000000000000000e+03 7.269061039606837767e+03
1.186000000000000000e+03 7.266872200415641601e+03
1.187000000000000000e+03 7.293194375937747282e+03
1.188000000000000000e+03 7.311137751065540215e+03
1.189000000000000000e+03 7.336782385321934271e+03
1.190000000000000000e+03 7.345940814519405649e+03
1.191000000000000000e+03 7.336846220297155924e+03
1.192000000000000000e+03 7.330416431339359406e+03
1.193000000000000000e+03 7.342700582274284898e+03
1.194000000000000000e+03 7.368217718455015529e+03
1.195000000000000000e+03 7.373017582423625754e+03
1.196000000000000000e+03 7.342939338708611103e+03
1.197000000000000000e+03 7.336595343190022504e+03
1.198000000000000000e+03 7.346528823135953644e+03
1.199000000000000000e+03 7.356908941479085115e+03
1.200000000000000000e+03 7.351955998253691178e+03
1.201000000000000000e+03 7.364377916645350524e+03
1.202000000000000000e+03 7.380511704101682881e+03
1.203000000000000000e+03 7.402703508346698072e+03
1.204000000000000000e+03 7.424515382443934868e+03
1.205000000000000000e+03 7.434156671871202889e+03
1.206000000000000000e+03 7.423012543992515930e+03
1.207000000000000000e+03 7.440276372565339443e+03
1.208000000000000000e+03 7.433218487831584753e+03
1.209000000000000000e+03 7.452004436770781467e+03
1.210000000000000000e+03 7.457954046297784771e+03
1.211000000000000000e+03 7.461709511716274392e+03
1.212000000000000000e+03 7.458939103991985576e+03
1.213000000000000000e+03 7.452404611275154821e+03
1.214000000000000000e+03 7.455894698527487890e+03
1.215000000000000000e+03 7.418656999688786527e+03
1.216000000000000000e+03 7.435787778198897286e+03
1.217000000000000000e+03 7.448247896689576010e+03
1.218000000000000000e+03 7.453051158746134206e+03
1.219000000000000000e+03 7.444290798899095535e+03
1.220000000000000000e+03 7.424569201158732540e+03
1.221000000000000000e+03 7.438062379531917941e+03
1.222000000000000000e+03 7.462624088515172843e+03
1.223000000000000000e+03 7.472114693172182342e+03
1.224000000000000000e+03 7.467310116902810478e+03
1.225000000000000000e+03 7.466392795376622416e+03
1.226000000000000000e+03 7.473110642516488952e+03
1.227000000000000000e+03 7.486431057481589050e+03
1.228000000000000000e+03 7.502929755641737756e+03
1.229000000000000000e+03 7.528192239223141769e+03
1.230000000000000000e+03 7.530156231417377967e+03
1.231000000000000000e+03 7.525343660123363406e+03
1.232000000000000000e+03 7.547685159455395478e+03
1.233000000000000000e+03 7.568092820510151796e+03
1.234000000000000000e+03 7.568832178220789501e+03
1.235000000000000000e+03 7.552193062196308347e+03
1.236000000000000000e+03 7.564837850067105137e+03
1.237000000000000000e+03 7.546562197319412917e+03
1.238000000000000000e+03 7.534840437537385696e+03
1.239000000000000000e+03 7.557024583136120782e+03
1.240000000000000000e+03 7.583186290810444007e+03
1.241000000000000000e+03 7.591853521247224307e+03
1.242000000000000000e+03 7.607738811428669578e+03
1.243000000000000000e+03 7.603970614142771410e+03
1.244000000000000000e+03 7.593138847415987584e+03
1.245000000000000000e+03 7.600773216051848976e+03
1.246000000000000000e+03 7.609812210448855694e+03
1.247000000000000000e+03 7.627439898916446509e+03
1.248000000000000000e+03 7.646670692956672610e+03
1.249000000000000000e+03 7.650601206048298991e+03
1.250000000000000000e+03 7.661980169559396018e+03
1.251000000000000000e+03 7.680764641415079495e+03
1.252000000000000000e+03 7.667699310267197689e+03
1.253000000000000000e+03 7.655836683742349123e+03
1.254000000000000000e+03 7.640885856018916456e+03
1.255000000000000000e+03 7.640807871777361470e+03
1.256000000000000000e+03 7.620082300107832452e+03
1.257000000000000000e+03 7.642631789650585233e+03
1.258000000000000000e+03 7.662674539588544576e+03
1.259000000000000000e+03 7.669392125913490418e+03
1.260000000000000000e+03 7.660408126487169284e+03
1.261000000000000000e+03 7.656498821695079641e+03
1.262000000000000000e+03 7.644464620493793518e+03
1.263000000000000000e+03 7.630504098495603102e+03
1.264000000000000000e+03 7.647275180376998833e+03
1.265000000000000000e+03 7.665391161312248187e+03
1.266000000000000000e+03 7.655695206924063314e+03
1.267000000000000000e+03 7.678723982044100012e+03
1.268000000000000000e+03 7.678920736633899651e+03
1.269000000000000000e+03 7.680553430420084624e+03
1.270000000000000000e+03 7.684543238441357971e+03
1.271000000000000000e+03 7.685618718653565338e+03
1.272000000000000000e+03 7.682307543906826140e+03
1.273000000000000000e+03 7.701585860164184851e+03
1.274000000000000000e+03 7.735016938663062319e+03
1.275000000000000000e+03 7.741256582818525203e+03
1.276000000000000000e+03 7.724781254476579306e+03
1.277000000000000000e+03 7.728696276008891800e+03
1.278000000000000000e+03 7.726087358277263775e+03
1.279000000000000000e+03 7.728777361700187612e+03
1.280000000000000000e+03 7.741749006303632086e+03
1.281000000000000000e+03 7.744204483501089271e+03
1.282000000000000000e+03 7.744519635292292151e+03
1.283000000000000000e+03 7.728866752626286143e+03
1.284000000000000000e+03 7.737912166158004766e+03
1.285000000000000000e+03 7.771431406677638734e+03
1.286000000000000000e+03 7.766265604255488142e+03
1.287000000000000000e+03 7.752832815445486631e+03
1.288000000000000000e+03 7.738295562515623715e+03
1.289000000000000000e+03 7.729116331005106076e+03
1.290000000000000000e+03 7.746215594271174268e+03
1.291000000000000000e+03 7.736016103294567984e+03
1.292000000000000000e+03 7.771687234456297119e+03
1.293000000000000000e+03 7.779069666529747337e+03
1.294000000000000000e+03 7.805067412380590213e+03
1.295000000000000000e+03 7.817730195781298789e+03
1.296000000000000000e+03 7.826893745552038126e+03
1.297000000000000000e+03 7.813286810623424572e+03
1.298000000000000000e+03 7.806504177994367637e+03
1.299000000000000000e+03 7.826560191045394276e+03
1.300000000000000000e+03 7.838754594296187861e+03
1.301000000000000000e+03 7.851502776293154966e+03
1.302000000000000000e+03 7.850026471562408005e+03
1.303000000000000000e+03 7.877314468622376808e+03
1.304000000000000000e+03 7.870364621316222838e+03
1.305000000000000000e+03 7.849491897960629103e+03
1.306000000000000000e+03 7.839186358852653939e+03
1.307000000000000000e+03 7.829732514477353106e+03
1.308000000000000000e+03 7.839660858420378645e+03
1.309000000000000000e+03 7.845367984021455413e+03
1.310000000000000000e+03 7.830256625986432482e+03
1.311000000000000000e+03 7.823725370051432037e+03
1.312000000000000000e+03 7.847415114331338373e+03
1.313000000000000000e+03 7.835066865101027361e+03
1.314000000000000000e+03 7.888431188575423221e+03
1.315000000000000000e+03 7.899329294508488601e+03
1.316000000000000000e+03 7.917497952192732555e+03
1.317000000000000000e+03 7.906795846800942854e+03
1.318000000000000000e+03 7.933879110768501960e+03
1.319000000000000000e+03 7.960981450228250651e+03
1.320000000000000000e+03 7.985984417932630095e+03
1.321000000000000000e+03 7.994646188777037423e+03
1.322000000000000000e+03 7.994741956243169625e+03
1.323000000000000000e+03 7.999189069631594066e+03
1.324000000000000000e+03 8.007192260414169141e+03
1.325000000000000000e+03 7.998127133981324732e+03
1.326000000000000000e+03 8.021036842653558779e+03
1.327000000000000000e+03 8.009920239994935400e+03
1.328000000000000000e+03 8.013485536711701570e+03
1.329000000000000000e+03 8.002586559352789664e+03
1.330000000000000000e+03 8.007672027171320224e+03
1.331000000000000000e+03 8.024866251353452753e+03
1.332000000000000000e+03 8.068577750723559802e+03
1.333000000000000000e+03 8.090684525437479351e+03
1.334000000000000000e+03 8.086553882859521764e+03
1.335000000000000000e+03 8.075696959155538025e+03
1.336000000000000000e+03 8.093334824403451421e+03
1.337000000000000000e+03 8.108068691894614858e+03
1.338000000000000000e+03 8.130256275670298237e+03
1.339000000000000000e+03 8.144811215673434162e+03
1.340000000000000000e+03 8.133985119351174035e+03
1.341000000000000000e+03 8.123881533371123624e+03
1.342000000000000000e+03 8.136892213945603544e+03
1.343000000000000000e+03 8.156210981233000894e+03
1.344000000000000000e+03 8.159083339107061875e+03
1.345000000000000000e+03 8.167784748554988255e+03
1.346000000000000000e+03 8.146884909684272316e+03
1.347000000000000000e+03 8.152799830084749374e+03
1.348000000000000000e+03 8.150910666359819515e+03
1.349000000000000000e+03 8.160154324474973691e+03
1.350000000000000000e+03 8.179290118007014826e+03
1.351000000000000000e+03 8.183223896372314812e+03
1.352000000000000000e+03 8.169457547924654136e+03
1.353000000000000000e+03 8.173557629410508525e+03
1.354000000000000000e+03 8.169785740264530432e+03
1.355000000000000000e+03 8.164566462816420426e+03
1.356000000000000000e+03 8.175532206200972723e+03
1.357000000000000000e+03 8.154842228872434134e+03
1.358000000000000000e+03 8.146913339070321854e+03
1.359000000000000000e+03 8.180813010932267389e+03
1.360000000000000000e+03 8.194044771378163205e+03
1.361000000000000000e+03 8.206788142545527080e+03
1.362000000000000000e+03 8.195966046762623591e+03
1.363000000000000000e+03 8.197875674403152516e+03
1.364000000000000000e+03 8.210286207388249750e+03
1.365000000000000000e+03 8.195179790113514173e+03
1.366000000000000000e+03 8.199500590271769397e+03
1.367000000000000000e+03 8.210749363353243098e+03
1.368000000000000000e+03 8.212525524058079100e+03
1.369000000000000000e+03 8.222367792481036304e+03
1.370000000000000000e+03 8.234091361986280390e+03
1.371000000000000000e+03 8.218323318376149473e+03
1.372000000000000000e+03 8.206819831043814702e+03
1.373000000000000000e+03 8.244536253960955946e+03
1.374000000000000000e+03 8.263280773438837059e+03
1.375000000000000000e+03 8.259685000146433595e+03
1.376000000000000000e+03 8.270011722425566404e+03
1.377000000000000000e+03 8.268124940710506053e+03
1.378000000000000000e+03 8.300371155846525653e+03
1.379000000000000000e+03 8.334578350580954066e+03
1.380000000000000000e+03 8.343791197037317033e+03
1.381000000000000000e+03 8.345762809356756406e+03
1.382000000000000000e+03 8.360529076794693538e+03
1.383000000000000000e+03 8.393148167215644207e+03
1.384000000000000000e+03 8.406124460210554389e+03
1.385000000000000000e+03 8.424500028795317121e+03
1.386000000000000000e+03 8.403034632810429684e+03
1.387000000000000000e+03 8.406399737536521570e+03
1.388000000000000000e+03 8.413255447326671856e+03
1.389000000000000000e+03 8.415280227518067477e+03
1.390000000000000000e+03 8.427878212837931642e+03
1.391000000000000000e+03 8.418834691085206941e+03
1.392000000000000000e+03 8.433793675119848558e+03
1.393000000000000000e+03 8.439633069058249021e+03
1.394000000000000000e+03 8.420794016772586474e+03
1.395000000000000000e+03 8.389757325606191444e+03
1.396000000000000000e+03 8.414926062451624603e+03
1.397000000000000000e+03 8.409266938009552177e+03
1.398000000000000000e+03 8.421020159092840913e+03
1.399000000000000000e+03 8.442287641052884283e+03
1.400000000000000000e+03 8.461050574487424456e+03
1.401000000000000000e+03 8.443501328724685663e+03
1.402000000000000000e+03 8.454917573766446367e+03
1.403000000000000000e+03 8.449685604740414419e+03
1.404000000000000000e+03 8.459999855743015360e+03
1.405000000000000000e+03 8.473714875518866393e+03
1.406000000000000000e+03 8.460189701286157288e+03
1.407000000000000000e+03 8.476895099591489270e+03
1.408000000000000000e+03 8.474615928605966474e+03
1.409000000000000000e+03 8.460885682642403481e+03
1.410000000000000000e+03 8.465461524153361097e+03
1.411000000000000000e+03 8.475570235599810985e+03
1.412000000000000000e+03 8.447953479149953637e+03
1.413000000000000000e+03 8.482763442082061374e+03
1.414000000000000000e+03 8.491761625888915660e+03
1.415000000000000000e+03 8.497891359042387194e+03
1.416000000000000000e+03 8.483662612701587932e+03
1.417000000000000000e+03 8.473156111177717321e+03
1.418000000000000000e+03 8.474597561119440797e+03
1.419000000000000000e+03 8.485655223794103222e+03
1.420000000000000000e+03 8.474295320916156925e+03
1.421000000000000000e+03 8.502126078671413779e+03
1.422000000000000000e+03 8.513110806805616448e+03
1.423000000000000000e+03 8.514418565671530814e+03
1.424000000000000000e+03 8.534107807175088965e+03
1.425000000000000000e+03 8.550808161358152574e+03
1.426000000000000000e+03 8.562928205145028187e+03
1.427000000000000000e+03 8.568785987410841699e+03
1.428000000000000000e+03 8.577177795632969719e+03
1.429000000000000000e+03 8.615239043385765399e+03
1.430000000000000000e+03 8.622266161863744856e+03
1.431000000000000000e+03 8.621773998806234886e+03
1.432000000000000000e+03 8.638710415478009963e+03
1.433000000000000000e+03 8.637391604974915026e+03
1.434000000000000000e+03 8.629587326407872752e+03
1.435000000000000000e+03 8.663691155204580355e+03
1.436000000000000000e+03 8.682221804740474909e+03
1.437000000000000000e+03 8.670221459833292101e+03
1.438000000000000000e+03 8.669084536055119315e+03
1.439000000000000000e+03 8.695130873980460819e+03
1.440000000000000000e+03 8.707183843260152571e+03
1.441000000000000000e+03 8.687961867632944632e+03
1.442000000000000000e+03 8.690607328880714704e+03
1.443000000000000000e+03 8.695913073222511230e+03
1.444000000000000000e+03 8.688160072729497188e+03
1.445000000000000000e+03 8.692077806263920138e+03
1.446000000000000000e+03 8.693681948341265525e+03
1.447000000000000000e+03 8.705838353694331090e+03
1.448000000000000000e+03 8.719521022532586358e+03
1.449000000000000000e+03 8.711544664192879281e+03
1.450000000000000000e+03 8.702793093738157040e+03
1.451000000000000000e+03 8.685860145984077462e+03
1.452000000000000000e+03 8.672949560855846357e+03
1.453000000000000000e+03 8.702527979198523099e+03
1.454000000000000000e+03 8.709490772317763913e+03
1.455000000000000000e+03 8.724748837141090917e+03
1.456000000000000000e+03 8.746934851756377611e+03
1.457000000000000000e+03 8.762665371502762355e+03
1.458000000000000000e+03 8.785977536966736807e+03
1.459000000000000000e+03 8.786856097684772976e+03
1.460000000000000000e+03 8.790594751212760457e+03
1.461000000000000000e+03 8.765947446447094990e+03
1.462000000000000000e+03 8.776727113810904484e+03
1.463000000000000000e+03 8.775099167218284492e+03
1.464000000000000000e+03 8.784236463616869514e+03
1.465000000000000000e+03 8.800054399346390710e+03
1.466000000000000000e+03 8.781285979260102977e+03
1.467000000000000000e+03 8.770178323629954320e+03
1.468000000000000000e+03 8.771172632565845561e+03
1.469000000000000000e+03 8.792825014058318629e+03
1.470000000000000000e+03 8.799331487779241797e+03
1.471000000000000000e+03 8.786003983649174188e+03
1.472000000000000000e+03 8.782978101863920529e+03
1.473000000000000000e+03 8.799416294765840576e+03
1.474000000000000000e+03 8.791917398796262205e+03
1.475000000000000000e+03 8.786750075348450991e+03
1.476000000000000000e+03 8.761662370683823610e+03
1.477000000000000000e+03 8.778038116186757179e+03
1.478000000000000000e+03 8.793367067045111980e+03
1.479000000000000000e+03 8.791978749021851399e+03
1.480000000000000000e+03 8.775560898719671968e+03
1.481000000000000000e+03 8.765834912234511648e+03
1.482000000000000000e+03 8.780347033865913545e+03
1.483000000000000000e+03 8.758306619581162522e+03
1.484000000000000000e+03 8.760679821695066494e+03
1.485000000000000000e+03 8.783127035792116658e+03
1.486000000000000000e+03 8.768936029670921926e+03
1.487000000000000000e+03 8.805336975306281602e+03
1.488000000000000000e+03 8.813597168384529141e+03
1.489000000000000000e+03 8.833090290862330221e+03
1.490000000000000000e+03 8.837589572656872406e+03
1.491000000000000000e+03 8.872502041250214461e+03
1.492000000000000000e+03 8.849574672461660157e+03
1.493000000000000000e+03 8.856539375772510539e+03
1.494000000000000000e+03 8.886950375977950898e+03
1.495000000000000000e+03 8.880082375017998856e+03
1.496000000000000000e+03 8.902178052865414429e+03
1.497000000000000000e+03 8.921107456785155591e+03
1.498000000000000000e+03 8.913638303290168551e+03
1.499000000000000000e+03 8.896685117585826447e+03
1.500000000000000000e+03 8.911651290589759810e+03
1.501000000000000000e+03 8.928327260741738428e+03
1.502000000000000000e+03 8.922683446360590096e+03
1.503000000000000000e+03 8.963680126147392002e+03
1.504000000000000000e+03 8.962901723941266027e+03
1.505000000000000000e+03 8.983365427040331269e+03
1.506000000000000000e+03 8.978069410644495292e+03
1.507000000000000000e+03 8.965624649331673936e+03
1.508000000000000000e+03 8.959820945398114418e+03
1.509000000000000000e+03 8.938295903166372227e+03
1.510000000000000000e+03 8.945561463434754842e+03
1.511000000000000000e+03 8.954788680167845087e+03
1.512000000000000000e+03 8.955645222510564054e+03
1.513000000000000000e+03 8.972911228536182534e+03
1.514000000000000000e+03 8.962525870784545987e+03
1.515000000000000000e+03 8.971239970537078989e+03
1.516000000000000000e+03 8.986469610647111040e+03
1.517000000000000000e+03 8.992474165970281319e+03
1.518000000000000000e+03 9.013835776410638573e+03
1.519000000000000000e+03 9.025977849137496378e+03
1.520000000000000000e+03 9.036573576141361627e+03
1.521000000000000000e+03 9.045474577417415276e+03
1.522000000000000000e+03 9.050432494397442497e+03
1.523000000000000000e+03 9.059688996481952927e+03
1.524000000000000000e+03 9.075501403018450219e+03
1.525000000000000000e+03 9.081143144904875953e+03
1.526000000000000000e+03 9.095404243837956528e+03
1.527000000000000000e+03 9.107499298059965440e+03
1.528000000000000000e+03 9.118329674538850668e+03
1.529000000000000000e+03 9.127948294692409036e+03
1.530000000000000000e+03 9.117480390217117019e+03
1.531000000000000000e+03 9.158154104541814377e+03
1.532000000000000000e+03 9.155311131623986512e+03
1.533000000000000000e+03 9.156029752281530818e+03
1.534000000000000000e+03 9.169295027205844235e+03
1.535000000000000000e+03 9.162054527285927179e+03
1.536000000000000000e+03 9.151530188951861419e+03
1.537000000000000000e+03 9.166495845185563667e+03
1.538000000000000000e+03 9.174382817952791811e+03
1.539000000000000000e+03 9.179120077476658480e+03
1.540000000000000000e+03 9.191333857051549785e+03
1.541000000000000000e+03 9.180165930806833785e+03
1.542000000000000000e+03 9.189883714745341422e+03
1.543000000000000000e+03 9.208122016347668250e+03
1.544000000000000000e+03 9.216493716461282020e+03
1.545000000000000000e+03 9.222747068612852672e+03
1.546000000000000000e+03 9.224862854569457340e+03
1.547000000000000000e+03 9.236376651757349464e+03
1.548000000000000000e+03 9.234533124786625194e+03
1.549000000000000000e+03 9.231904235105679618e+03
1.550000000000000000e+03 9.251708672393235247e+03
1.551000000000000000e+03 9.242793506165253348e+03
1.552000000000000000e+03 9.244311403464629620e+03
1.553000000000000000e+03 9.242805144726962681e+03
1.554000000000000000e+03 9.258317334547553401e+03
1.555000000000000000e+03 9.273732536712352157e+03
1.556000000000000000e+03 9.280974589033759912e+03
1.557000000000000000e+03 9.262971073232331037e+03
1.558000000000000000e+03 9.264825259886929416e+03
1.559000000000000000e+03 9.278984468425684099e+03
1.560000000000000000e+03 9.287735785945287716e+03
1.561000000000000000e+03 9.322868108247603232e+03
1.562000000000000000e+03 9.340441672996594207e+03
1.563000000000000000e+03 9.326010227573406155e+03
1.564000000000000000e+03 9.311071692465877277e+03
1.565000000000000000e+03 9.290480927019525552e+03
1.566000000000000000e+03 9.330418593360789600e+03
1.567000000000000000e+03 9.334830005099451228e+03
1.568000000000000000e+03 9.333382441230025506e+03
1.569000000000000000e+03 9.336503590533480747e+03
1.570000000000000000e+03 9.341190290070249830e+03
1.571000000000000000e+03 9.365174340654022672e+03
1.572000000000000000e+03 9.365752685658750124e+03
1.573000000000000000e+03 9.359177043837682504e+03
1.574000000000000000e+03 9.370507983464212884e+03
1.575000000000000000e+03 9.361310424656276155e+03
1.576000000000000000e+03 9.366868437480186913e+03
1.577000000000000000e+03 9.375110646724402613e+03
1.578000000000000000e+03 9.362963460374494389e+03
1.579000000000000000e+03 9.367134602740845366e+03
1.580000000000000000e+03 9.366874482034283574e+03
1.581000000000000000e+03 9.398844110451669621e+03
1.582000000000000000e+03 9.431896026368020102e+03
1.583000000000000000e+03 9.434015963812234986e+03
1.584000000000000000e+03 9.446534540926866612e+03
1.585000000000000000e+03 9.465270805440079130e+03
1.586000000000000000e+03 9.478170508702012739e+03
1.587000000000000000e+03 9.462380377598145060e+03
1.588000000000000000e+03 9.441079056303919060e+03
1.589000000000000000e+03 9.430899987367964059e+03
1.590000000000000000e+03 9.431973008351244061e+03
1.591000000000000000e+03 9.449048215486576737e+03
1.592000000000000000e+03 9.459548812831162650e+03
1.593000000000000000e+03 9.467814857646995733e+03
1.594000000000000000e+03 9.479776496100439545e+03
1.595000000000000000e+03 9.475248693231564175e+03
1.596000000000000000e+03 9.457913013491979655e+03
1.597000000000000000e+03 9.483835410530969966e+03
1.598000000000000000e+03 9.495809407994031062e+03
1.599000000000000000e+03 9.491576512714107594e+03
1.600000000000000000e+03 9.530558224426336892e+03
1.601000000000000000e+03 9.522612384964648300e+03
1.602000000000000000e+03 9.504550230977658430e+03
1.603000000000000000e+03 9.531895131607750955e+03
1.604000000000000000e+03 9.549739746001507228e+03
1.605000000000000000e+03 9.559315379967560148e+03
1.606000000000000000e+03 9.550137636967039725e+03
1.607000000000000000e+03 9.553712544147399967e+03
1.608000000000000000e+03 9.585419901147432029e+03
1.609000000000000000e+03 9.579061951102494277e+03
1.610000000000000000e+03 9.599367938230527216e+03
1.611000000000000000e+03 9.636338448774869903e+03
1.612000000000000000e+03 9.630838894050923045e+03
1.613000000000000000e+03 9.634052768793040741e+03
1.614000000000000000e+03 9.643359272832058195e+03
1.615000000000000000e+03 9.641083245111618453e+03
1.616000000000000000e+03 9.618006933419945199e+03
1.617000000000000000e+03 9.608983198783071202e+03
1.618000000000000000e+03 9.628413088410587079e+03
1.619000000000000000e+03 9.632898997640915695e+03
1.620000000000000000e+03 9.630517173338012071e+03
1.621000000000000000e+03 9.633589902437530327e+03
1.622000000000000000e+03 9.601905626027168182e+03
1.623000000000000000e+03 9.636836416512596770e+03
1.624000000000000000e+03 9.653753462653825409e+03
1.625000000000000000e+03 9.675310432278700318e+03
1.626000000000000000e+03 9.675142730513347487e+03
1.627000000000000000e+03 9.679373735546529133e+03
1.628000000000000000e+03 9.690642509604036604e+03
1.629000000000000000e+03 9.711509424228475837e+03
1.630000000000000000e+03 9.718316147540504971e+03
1.631000000000000000e+03 9.737937616971286843e+03
1.632000000000000000e+03 9.772266656526098814e+03
1.633000000000000000e+03 9.784173644622544089e+03
1.634000000000000000e+03 9.783957109203562140e+03
1.635000000000000000e+03 9.798191368545325531e+03
1.636000000000000000e+03 9.804218492059977507e+03
1.637000000000000000e+03 9.796401923113113298e+03
1.638000000000000000e+03 9.827609999681430054e+03
1.639000000000000000e+03 9.822981254871123383e+03
1.640000000000000000e+03 9.838011290378970443e+03
1.641000000000000000e+03 9.828427487986797132e+03
1.642000000000000000e+03 9.807153541355133711e+03
1.643000000000000000e+03 9.822729564036217198e+03
1.644000000000000000e+03 9.836419707351742545e+03
1.645000000000000000e+03 9.830813714807993165e+03
1.646000000000000000e+03 9.836275011019477461e+03
1.647000000000000000e+03 9.848767611364602999e+03
1.648000000000000000e+03 9.832039859088534286e+03
1.649000000000000000e+03 9.818889603882633310e+03
1.650000000000000000e+03 9.837890688006178607e+03
1.651000000000000000e+03 9.822002135154645657e+03
1.652000000000000000e+03 9.800480968777968883e+03
1.653000000000000000e+03 9.794204793068909567e+03
1.654000000000000000e+03 9.804699435361921132e+03
1.655000000000000000e+03 9.808154645248676388e+03
1.656000000000000000e+03 9.825475358244206291e+03
1.657000000000000000e+03 9.842628804452873737e+03
1.658000000000000000e+03 9.862797758400291059e+03
1.659000000000000000e+03 9.842131432938647777e+03
1.660000000000000000e+03 9.868015933265400236e+03
1.661000000000000000e+03 9.873002394262201051e+03
1.662000000000000000e+03 9.880510509565321627e+03
1.663000000000000000e+03 9.882232850411357504e+03
1.664000000000000000e+03 9.902008405730568484e+03
1.665000000000000000e+03 9.903889940834338631e+03
1.666000000000000000e+03 9.892198883798087991e+03
1.667000000000000000e+03 9.938166300775237687e+03
1.668000000000000000e+03 9.949283893096779138e+03
1.669000000000000000e+03 9.936224188427782792e+03
1.670000000000000000e+03 9.960102409367620567e+03
1.671000000000000000e+03 9.943563985686145315e+03
1.672000000000000000e+03 9.968802045685009944e+03
1.673000000000000000e+03 9.971292649807084672e+03
1.674000000000000000e+03 9.981606365265957720e+03
1.675000000000000000e+03 9.996155588439301937e+03
1.676000000000000000e+03 9.987517716327305607e+03
1.677000000000000000e+03 9.983377419799719064e+03
1.678000000000000000e+03 9.987106264415151600e+03
1.679000000000000000e+03 1.000343939710025006e+04
1.680000000000000000e+03 1.000581707810438274e+04
1.681000000000000000e+03 1.001575025647114853e+04
1.682000000000000000e+03 1.001161942034757340e+04
1.683000000000000000e+03 1.003102377349080598e+04
1.684000000000000000e+03 1.004367891712780511e+04
1.685000000000000000e+03 1.002822084479727710e+04
1.686000000000000000e+03 1.002021369349182896e+04
1.687000000000000000e+03 9.988742387247813895e+03
1.688000000000000000e+03 9.993475200929176935e+03
1.689000000000000000e+03 1.002705392556090555e+04
1.690000000000000000e+03 1.003467010857892092e+04
1.691000000000000000e+03 1.004120981709727312e+04
1.692000000000000000e+03 1.006014612054803183e+04
1.693000000000000000e+03 1.009527218973636082e+04
1.694000000000000000e+03 1.011748733880989857e+04
1.695000000000000000e+03 1.010468406900731497e+04
1.696000000000000000e+03 1.008734938061430876e+04
1.697000000000000000e+03 1.008204396929791437e+04
1.698000000000000000e+03 1.009190041547839792e+04
1.699000000000000000e+03 1.008062226866146921e+04
1.700000000000000000e+03 1.009212208402133183e+04
1.701000000000000000e+03 1.010220603956275954e+04
1.702000000000000000e+03 1.010552000386550753e+04
1.703000000000000000e+03 1.012881633845958277e+04
1.704000000000000000e+03 1.012324434039081098e+04
1.705000000000000000e+03 1.011832086188122230e+04
1.706000000000000000e+03 1.012873015539636981e+04
1.707000000000000000e+03 1.012944832227900224e+04
1.708000000000000000e+03 1.014352814405595018e+04
1.709000000000000000e+03 1.014389642286042363e+04
1.710000000000000000e+03 1.015021171736767428e+04
1.711000000000000000e+03 1.016379207535547721e+04
1.712000000000000000e+03 1.014276100335391493e+04
1.713000000000000000e+03 1.014720961246341176e+04
1.714000000000000000e+03 1.015993553464832621e+04
1.715000000000000000e+03 1.015637202281073951e+04
1.716000000000000000e+03 1.016518754586521027e+04
1.717000000000000000e+03 1.014922581895146141e+04
1.718000000000000000e+03 1.016988009136349319e+04
1.719000000000000000e+03 1.017308854986941151e+04
1.720000000000000000e+03 1.020775649757062456e+04
1.721000000000000000e+03 1.023537516525969113e+04
1.722000000000000000e+03 1.026426482994309845e+04
1.723000000000000000e+03 1.026498175924913994e+04
1.724000000000000000e+03 1.026784503053416120e+04
1.725000000000000000e+03 1.028895004856464038e+04
1.726000000000000000e+03 1.033728018497474659e+04
1.727000000000000000e+03 1.035505084895972323e+04
1.728000000000000000e+03 1.034585396196584770e+04
1.729000000000000000e+03 1.033894037303258847e+04
1.730000000000000000e+03 1.033798852051866561e+04
1.731000000000000000e+03 1.033087840350989791e+04
1.732000000000000000e+03 1.031553242277162281e+04
1.733000000000000000e+03 1.032372732865021862e+04
1.734000000000000000e+03 1.032824566767157921e+04
1.735000000000000000e+03 1.033863881295021929e+04
1.736000000000000000e+03 1.032277393653758008e+04
1.737000000000000000e+03 1.031080302651185957e+04
1.738000000000000000e+03 1.035222146964699641e+04
1.739000000000000000e+03 1.033935729921471102e+04
1.740000000000000000e+03 1.030846375233217441e+04
1.741000000000000000e+03 1.033327434977806479e+04
1.742000000000000000e+03 1.035863542260590111e+04
1.743000000000000000e+03 1.037012917939700856e+04
1.744000000000000000e+03 1.038952354328205547e+04
1.745000000000000000e+03 1.036772598084208767e+04
1.746000000000000000e+03 1.036690403846361733e+04
1.747000000000000000e+03 1.038492635520393014e+04
1.748000000000000000e+03 1.040586441962726713e+04
1.749000000000000000e+03 1.039617466518475703e+04
1.750000000000000000e+03 1.039079794244245568e+04
1.751000000000000000e+03 1.039190628510547867e+04
1.752000000000000000e+03 1.042325342641694442e+04
1.753000000000000000e+03 1.043347297058748518e+04
1.754000000000000000e+03 1.041981669754996619e+04
1.755000000000000000e+03 1.042821645487402202e+04
1.756000000000000000e+03 1.044171129382412073e+04
1.757000000000000000e+03 1.043903302881587115e+04
1.758000000000000000e+03 1.043180048325460484e+04
1.759000000000000000e+03 1.041504290350562769e+04
1.760000000000000000e+03 1.043540040424733706e+04
1.761000000000000000e+03 1.042200382514923876e+04
1.762000000000000000e+03 1.042387120423350098e+04
1.763000000000000000e+03 1.042974553249545352e+04
1.764000000000000000e+03 1.044902551711677916e+04
1.765000000000000000e+03 1.046747176229552133e+04
1.766000000000000000e+03 1.046934811818997150e+04
1.767000000000000000e+03 1.047130086626385310e+04
1.768000000000000000e+03 1.047165251068023281e+04
1.769000000000000000e+03 1.048595677317618902e+04
1.770000000000000000e+03 1.052949881637551880e+04
1.771000000000000000e+03 1.052518873829765835e+04
1.772000000000000000e+03 1.050450316111080610e+04
1.773000000000000000e+03 1.052700041145669638e+04
1.774000000000000000e+03 1.051823003719743065e+04
1.775000000000000000e+03 1.051541403493558755e+04
1.776000000000000000e+03 1.054451750869640455e+04
1.777000000000000000e+03 1.056459218836183209e+04
1.778000000000000000e+03 1.057368480835160699e+04
1.779000000000000000e+03 1.054966906331358223e+04
1.780000000000000000e+03 1.056170775998845420e+04
1.781000000000000000e+03 1.053685275708141307e+04
1.782000000000000000e+03 1.057011670257070728e+04
1.783000000000000000e+03 1.058707506613345868e+04
1.784000000000000000e+03 1.058421214535070430e+04
1.785000000000000000e+03 1.056438717047939645e+04
1.786000000000000000e+03 1.056171101428895236e+04
1.787000000000000000e+03 1.058917591364437794e+04
1.788000000000000000e+03 1.058797442219150798e+04
1.789000000000000000e+03 1.059004163295619219e+04
1.790000000000000000e+03 1.060126862979011639e+04
1.791000000000000000e+03 1.061746137064967661e+04
1.792000000000000000e+03 1.063961055788883095e+04
1.793000000000000000e+03 1.066287488804335590e+04
1.794000000000000000e+03 1.066550981019473875e+04
1.795000000000000000e+03 1.065602221951667707e+04
1.796000000000000000e+03 1.067413462119771066e+04
1.797000000000000000e+03 1.070838602817639548e+04
1.798000000000000000e+03 1.069403981801020927e+04
1.799000000000000000e+03 1.068918518573499750e+04
1.800000000000000000e+03 1.072185291045503982e+04
1.801000000000000000e+03 1.075529090330992040e+04
1.802000000000000000e+03 1.073775833481812515e+04
1.803000000000000000e+03 1.073539482849074739e+04
1.804000000000000000e+03 1.076040011645372397e+04
1.805000000000000000e+03 1.079283706515494487e+04
1.806000000000000000e+03 1.076204066005606182e+04
1.807000000000000000e+03 1.078067842624713376e+04
1.808000000000000000e+03 1.080970430827297241e+04
1.809000000000000000e+03 1.083574261382428995e+04
1.810000000000000000e+03 1.084464475429674349e+04
1.811000000000000000e+03 1.083549514966411152e+04
1.812000000000000000e+03 1.083986207247550556e+04
1.813000000000000000e+03 1.082318884249995608e+04
1.814000000000000000e+03 1.082075153372831119e+04
1.815000000000000000e+03 1.083270004136252828e+04
1.816000000000000000e+03 1.082316737919591105e+04
1.817000000000000000e+03 1.081645411631932802e+04
1.818000000000000000e+03 1.081559461422522509e+04
1.819000000000000000e+03 1.082900240552966534e+04
1.820000000000000000e+03 1.083506567955771425e+04
1.821000000000000000e+03 1.085036265164443830e+04
1.822000000000000000e+03 1.087794616542367476e+04
1.823000000000000000e+03 1.085314135703421744e+04
1.824000000000000000e+03 1.082875452994425723e+04
1.825000000000000000e+03 1.085047392361847233e+04
1.826000000000000000e+03 1.087938618082733592e+04
1.827000000000000000e+03 1.086791161217682929e+04
1.828000000000000000e+03 1.086674562734615938e+04
1.829000000000000000e+03 1.085335818122598175e+04
1.830000000000000000e+03 1.084665640917971905e+04
1.831000000000000000e+03 1.085612992574564669e+04
1.832000000000000000e+03 1.089228968884621645e+04
1.833000000000000000e+03 1.089730609613187153e+04
1.834000000000000000e+03 1.089321103127082642e+04
1.835000000000000000e+03 1.088495259325243569e+04
1.836000000000000000e+03 1.089243697957827135e+04
1.837000000000000000e+03 1.089247451395391181e+04
1.838000000000000000e+03 1.089257705818284012e+04
1.839000000000000000e+03 1.092567490624226411e+04
1.840000000000000000e+03 1.093224210919806865e+04
1.841000000000000000e+03 1.094698156614345680e+04
1.842000000000000000e+03 1.096172663300304703e+04
1.843000000000000000e+03 1.095695241989787428e+04
1.844000000000000000e+03 1.097906193418222210e+04
1.845000000000000000e+03 1.100872424176385175e+04
1.846000000000000000e+03 1.100871355780732119e+04
1.847000000000000000e+03 1.100253704836547331e+04
1.848000000000000000e+03 1.099499729999271767e+04
1.849000000000000000e+03 1.100716528310767535e+04
1.850000000000000000e+03 1.103325227722314594e+04
1.851000000000000000e+03 1.102759204816361489e+04
1.852000000000000000e+03 1.101337870605035096e+04
1.853000000000000000e+03 1.101906726250568681e+04
1.854000000000000000e+03 1.101631635928382821e+04
1.855000000000000000e+03 1.100514177800781181e+04
1.856000000000000000e+03 1.100679152195813549e+04
1.857000000000000000e+03 1.101134598839985119e+04
1.858000000000000000e+03 1.103413911472046129e+04
1.859000000000000000e+03 1.104803547440275179e+04
1.860000000000000000e+03 1.104912825376369074e+04
1.861000000000000000e+03 1.103500290800539187e+04
1.862000000000000000e+03 1.103092795221727465e+04
1.863000000000000000e+03 1.103967402689660594e+04
1.864000000000000000e+03 1.101572847967040070e+04
1.865000000000000000e+03 1.104720954766085379e+04
1.866000000000000000e+03 1.106303870088344411e+04
1.867000000000000000e+03 1.104298830514723159e+04
1.868000000000000000e+03 1.104615343497770664e+04
1.869000000000000000e+03 1.110351308663083546e+04
1.870000000000000000e+03 1.110277490325005419e+04
1.871000000000000000e+03 1.109882368980256615e+04
1.872000000000000000e+03 1.109777825885250968e+04
1.873000000000000000e+03 1.110111244491334946e+04
1.874000000000000000e+03 1.109292290715257150e+04
1.875000000000000000e+03 1.112662257302800026e+04
1.876000000000000000e+03 1.113264554533673800e+04
1.877000000000000000e+03 1.113336792655249155e+04
1.878000000000000000e+03 1.114450599310634425e+04
1.879000000000000000e+03 1.114481392150520151e+04
1.880000000000000000e+03 1.117662608302495573e+04
1.881000000000000000e+03 1.117198211487764092e+04
1.882000000000000000e+03 1.118822822002429166e+04
1.883000000000000000e+03 1.120135604776000764e+04
1.884000000000000000e+03 1.120007313049547520e+04
1.885000000000000000e+03 1.119154320612881020e+04
1.886000000000000000e+03 1.117865255779522340e+04
1.887000000000000000e+03 1.119311884829508745e+04
1.888000000000000000e+03 1.116471652537525370e+04
1.889000000000000000e+03 1.114814759308778048e+04
1.890000000000000000e+03 1.113132660084958843e+04
1.891000000000000000e+03 1.113225249587642247e+04
1.892000000000000000e+03 1.110550624218099802e+04
1.893000000000000000e+03 1.110156175520302895e+04
1.894000000000000000e+03 1.109084417690170449e+04
1.895000000000000000e+03 1.108925106819066787e+04
1.896000000000000000e+03 1.112601805193285327e+04
1.897000000000000000e+03 1.112360284233745551e+04
1.898000000000000000e+03 1.116581008857400229e+04
1.899000000000000000e+03 1.118058098959067502e+04
1.900000000000000000e+03 1.116663588053757849e+04
1.901000000000000000e+03 1.117556536724963189e+04
1.902000000000000000e+03 1.112386171473174727e+04
1.903000000000000000e+03 1.113033121630287133e+04
1.904000000000000000e+03 1.116265282966726227e+04
1.905000000000000000e+03 1.115661112639544626e+04
1.906000000000000000e+03 1.116742193679419142e+04
1.907000000000000000e+03 1.117430747998021616e+04
1.908000000000000000e+03 1.118484289956455359e+04
1.909000000000000000e+03 1.119389554480735205e+04
1.910000000000000000e+03 1.120268926858339546e+04
1.911000000000000000e+03 1.120607493223238089e+04
1.912000000000000000e+03 1.120289058920229218e+04
1.913000000000000000e+03 1.122013706992750122e+04
1.914000000000000000e+03 1.120094579196510131e+04
1.915000000000000000e+03 1.117870256545469601e+04
1.916000000000000000e+03 1.116886036514037005e+04
1.917000000000000000e+03 1.118583660085677730e+04
1.918000000000000000e+03 1.117808760212935704e+04
1.919000000000000000e+03 1.117401712814257007e+04
1.920000000000000000e+03 1.117804505714582592e+04
1.921000000000000000e+03 1.122336690954473488e+04
1.922000000000000000e+03 1.124431537968380326e+04
1.923000000000000000e+03 1.125204464301239932e+04
1.924000000000000000e+03 1.121756175979481668e+04
1.925000000000000000e+03 1.123503825254693402e+04
1.926000000000000000e+03 1.122364751706309835e+04
1.927000000000000000e+03 1.121466436710190828e+04
1.928000000000000000e+03 1.120740394082572311e+04
1.929000000000000000e+03 1.125099509822801338e+04
1.930000000000000000e+03 1.125177391025460747e+04
1.931000000000000000e+03 1.126523532064348910e+04
1.932000000000000000e+03 1.130439050611027960e+04
1.933000000000000000e+03 1.129049947704784972e+04
1.934000000000000000e+03 1.127017869546821748e+04
1.935000000000000000e+03 1.125701532407802370e+04
1.936000000000000000e+03 1.126317405139439870e+04
1.937000000000000000e+03 1.128427344372300831e+04
1.938000000000000000e+03 1.126469910228437402e+04
1.939000000000000000e+03 1.130443784441495700e+04
1.940000000000000000e+03 1.127808297512404897e+04
1.941000000000000000e+03 1.131391544359849649e+04
1.942000000000000000e+03 1.132988086200440193e+04
1.943000000000000000e+03 1.136292076815090695e+04
1.944000000000000000e+03 1.134686315948771517e+04
1.945000000000000000e+03 1.133932344289417779e+04
1.946000000000000000e+03 1.134269840675880369e+04
1.947000000000000000e+03 1.136546197265138289e+04
1.948000000000000000e+03 1.137544692094248239e+04
1.949000000000000000e+03 1.134266230966221883e+04
1.950000000000000000e+03 1.136889714237839507e+04
1.951000000000000000e+03 1.138350135236855749e+04
1.952000000000000000e+03 1.139999548463196152e+04
1.953000000000000000e+03 1.139466198999815060e+04
1.954000000000000000e+03 1.139778504341050757e+04
1.955000000000000000e+03 1.140283511618404918e+04
1.956000000000000000e+03 1.142028240235394333e+04
1.957000000000000000e+03 1.144075297872271767e+04
1.958000000000000000e+03 1.142531086279554620e+04
1.959000000000000000e+03 1.143175595555200380e+04
1.960000000000000000e+03 1.142967114401012259e+04
1.961000000000000000e+03 1.144429993122195083e+04
1.962000000000000000e+03 1.144528953525950783e+04
1.963000000000000000e+03 1.141774549065844258e+04
1.964000000000000000e+03 1.141307063018374174e+04
1.965000000000000000e+03 1.141430946540165678e+04
1.966000000000000000e+03 1.144386429273303293e+04
1.967000000000000000e+03 1.143628894549668803e+04
1.968000000000000000e+03 1.143912022207040718e+04
1.969000000000000000e+03 1.141149524245842804e+04
1.970000000000000000e+03 1.142426064144836528e+04
1.971000000000000000e+03 1.142487245399461426e+04
1.972000000000000000e+03 1.145478446596022695e+04
1.973000000000000000e+03 1.145900875667329638e+04
1.974000000000000000e+03 1.142920400430643167e+04
1.975000000000000000e+03 1.141705385346896037e+04
1.976000000000000000e+03 1.141843072059316000e+04
1.977000000000000000e+03 1.139854944116260776e+04
1.978000000000000000e+03 1.136829478067065429e+04
1.979000000000000000e+03 1.134682861751009295e+04
1.980000000000000000e+03 1.137502659568855233e+04
1.981000000000000000e+03 1.141774532266577262e+04
1.982000000000000000e+03 1.142277571389163131e+04
1.983000000000000000e+03 1.143203896609111507e+04
1.984000000000000000e+03 1.144350461695075501e+04
1.985000000000000000e+03 1.145111913763475422e+04
1.986000000000000000e+03 1.145466579809864015e+04
1.987000000000000000e+03 1.146956363050669097e+04
1.988000000000000000e+03 1.148648654510457527e+04
1.989000000000000000e+03 1.151116736702061462e+04
1.990000000000000000e+03 1.150545057869997254e+04
1.991000000000000000e+03 1.151256083180843598e+04
1.992000000000000000e+03 1.149936313512500783e+04
1.993000000000000000e+03 1.149438922097139584e+04
1.994000000000000000e+03 1.148289772371556683e+04
1.995000000000000000e+03 1.145853630152818732e+04
1.996000000000000000e+03 1.146567402293594932e+04
1.997000000000000000e+03 1.148365761077902425e+04
1.998000000000000000e+03 1.152543778581378865e+04
1.999000000000000000e+03 1.150725751717188177e+04
2.000000000000000000e+03 1.152552891055087639e+04
2.001000000000000000e+03 1.153213414419770561e+04
2.002000000000000000e+03 1.154898249467054666e+04
2.003000000000000000e+03 1.157492779853698994e+04
2.004000000000000000e+03 1.158168982034868895e+04
2.005000000000000000e+03 1.159445543798455765e+04
2.006000000000000000e+03 1.161601460690818567e+04
2.007000000000000000e+03 1.162341240080908392e+04
2.008000000000000000e+03 1.163960332190667395e+04
2.009000000000000000e+03 1.161307496691237793e+04
2.010000000000000000e+03 1.163239680401526857e+04
2.011000000000000000e+03 1.163919874927416822e+04
2.012000000000000000e+03 1.165816028374058806e+04
2.013000000000000000e+03 1.167814783719775187e+04
2.014000000000000000e+03 1.167494270428074014e+04
2.015000000000000000e+03 1.168233803547886419e+04
2.016000000000000000e+03 1.169473953743572019e+04
2.017000000000000000e+03 1.166649496438325150e+04
2.018000000000000000e+03 1.168338232202233849e+04
2.019000000000000000e+03 1.169164204743635310e+04
2.020000000000000000e+03 1.168290046133205396e+04
2.021000000000000000e+03 1.169397301500947469e+04
2.022000000000000000e+03 1.165710744066504776e+04
2.023000000000000000e+03 1.166933310717735185e+04
2.024000000000000000e+03 1.166336645917302303e+04
2.025000000000000000e+03 1.166476547591488816e+04
2.026000000000000000e+03 1.167590013282171822e+04
2.027000000000000000e+03 1.167036913319018822e+04
2.028000000000000000e+03 1.168581442800423611e+04
2.029000000000000000e+03 1.169296736285400038e+04
2.030000000000000000e+03 1.169225839453323897e+04
2.031000000000000000e+03 1.171703666984089614e+04
2.032000000000000000e+03 1.172672642813602397e+04
2.033000000000000000e+03 1.170130165462728837e+04
2.034000000000000000e+03 1.171238067241234603e+04
2.035000000000000000e+03 1.170592193553163634e+04
2.036000000000000000e+03 1.166723103087795971e+04
2.037000000000000000e+03 1.167920657500086963e+04
2.038000000000000000e+03 1.166060184858619687e+04
2.039000000000000000e+03 1.163318848593824259e+04
2.040000000000000000e+03 1.165335160235815238e+04
2.041000000000000000e+03 1.166086052926400771e+04
2.042000000000000000e+03 1.167484648691166876e+04
2.043000000000000000e+03 1.169456295325603787e+04
2.044000000000000000e+03 1.169188054255736643e+04
2.045000000000000000e+03 1.168533846121712122e+04
2.046000000000000000e+03 1.167599538063663931e+04
2.047000000000000000e+03 1.168228716141120094e+04
2.048000000000000000e+03 1.167883422005857574e+04
2.049000000000000000e+03 1.169389150141424398e+04
2.050000000000000000e+03 1.166473609043639044e+04
2.051000000000000000e+03 1.165864766068538665e+04
2.052000000000000000e+03 1.167043022584876780e+04
2.053000000000000000e+03 1.169787150608623597e+04
2.054000000000000000e+03 1.171728721501756081e+04
2.055000000000000000e+03 1.172728961296163652e+04
2.056000000000000000e+03 1.175711379135313291e+04
2.057000000000000000e+03 1.174630800615786029e+04
2.058000000000000000e+03 1.175256543585730833e+04
2.059000000000000000e+03 1.178264870623678871e+04
2.060000000000000000e+03 1.178464877110961243e+04
2.061000000000000000e+03 1.179827248593538025e+04
2.062000000000000000e+03 1.179873279117610218e+04
2.063000000000000000e+03 1.180183386373126632e+04
2.064000000000000000e+03 1.180248920098869166e+04
2.065000000000000000e+03 1.179647978022776260e+04
2.066000000000000000e+03 1.176796200038082861e+04
2.067000000000000000e+03 1.178465595920557280e+04
2.068000000000000000e+03 1.177096570698636242e+04
2.069000000000000000e+03 1.180075372261221673e+04
2.070000000000000000e+03 1.177954026890603927e+04
2.071000000000000000e+03 1.179161657472654406e+04
2.072000000000000000e+03 1.180697269190914631e+04
2.073000000000000000e+03 1.180661558961089577e+04
2.074000000000000000e+03 1.180133509065846738e+04
2.075000000000000000e+03 1.181795566085829341e+04
2.076000000000000000e+03 1.181144276979742972e+04
2.077000000000000000e+03 1.183076465255898438e+04
2.078000000000000000e+03 1.184161795689877908e+04
2.079000000000000000e+03 1.186793092528286252e+04
2.080000000000000000e+03 1.185881003681154107e+04
2.081000000000000000e+03 1.184918639173761767e+04
2.082000000000000000e+03 1.185406641416498314e+04
2.083000000000000000e+03 1.185043500119970304e+04
2.084000000000000000e+03 1.184567420385348123e+04
2.085000000000000000e+03 1.184304629208824008e+04
2.086000000000000000e+03 1.182966839853269448e+04
2.087000000000000000e+03 1.183151718598719526e+04
2.088000000000000000e+03 1.182517117047571628e+04
2.089000000000000000e+03 1.181452557803151649e+04
2.090000000000000000e+03 1.181132579818942213e+04
2.091000000000000000e+03 1.180062235423003585e+04
2.092000000000000000e+03 1.179236035184260800e+04
2.093000000000000000e+03 1.180343103507651358e+04
2.094000000000000000e+03 1.181760584196558739e+04
2.095000000000000000e+03 1.181649261321508857e+04
2.096000000000000000e+03 1.181138604299370672e+04
2.097000000000000000e+03 1.183804029993336371e+04
2.098000000000000000e+03 1.182167957693933022e+04
2.099000000000000000e+03 1.184057088959617795e+04
2.100000000000000000e+03 1.186305823758960469e+04
2.101000000000000000e+03 1.187714109042578457e+04
2.102000000000000000e+03 1.186710032989684260e+04
2.103000000000000000e+03 1.187595456168350938e+04
2.104000000000000000e+03 1.185273649536111952e+04
2.105000000000000000e+03 1.187935826893777448e+04
2.106000000000000000e+03 1.187133370235401162e+04
2.107000000000000000e+03 1.186898476305539589e+04
2.108000000000000000e+03 1.187603850211092868e+04
2.109000000000000000e+03 1.189964152132224444e+04
2.110000000000000000e+03 1.192079298993308294e+04
2.111000000000000000e+03 1.191164072720360855e+04
2.112000000000000000e+03 1.192577239187487794e+04
2.113000000000000000e+03 1.192099438100891530e+04
2.114000000000000000e+03 1.190604481143057455e+04
2.115000000000000000e+03 1.190396610023109679e+04
2.116000000000000000e+03 1.191534233571408913e+04
2.117000000000000000e+03 1.195589335664956161e+04
2.118000000000000000e+03 1.198010800434119847e+04
2.119000000000000000e+03 1.198746815542220065e+04
2.120000000000000000e+03 1.197798797755075611e+04
2.121000000000000000e+03 1.198424869351600682e+04
2.122000000000000000e+03 1.199669589441707649e+04
2.123000000000000000e+03 1.197213238275668846e+04
2.124000000000000000e+03 1.200789823477951177e+04
2.125000000000000000e+03 1.203581135588381585e+04
2.126000000000000000e+03 1.200582621988779647e+04
2.127000000000000000e+03 1.201123309560922280e+04
2.128000000000000000e+03 1.197352514128356779e+04
2.129000000000000000e+03 1.199465821241219419e+04
2.130000000000000000e+03 1.199152188573192507e+04
2.131000000000000000e+03 1.196595013055692652e+04
2.132000000000000000e+03 1.199873226063996844e+04
2.133000000000000000e+03 1.200653628931382809e+04
2.134000000000000000e+03 1.204012913112518254e+04
2.135000000000000000e+03 1.204010368920449037e+04
2.136000000000000000e+03 1.205179465441851426e+04
2.137000000000000000e+03 1.202049993108731906e+04
2.138000000000000000e+03 1.205853018707103547e+04
2.139000000000000000e+03 1.208118826990191701e+04
2.140000000000000000e+03 1.209160718934644683e+04
2.141000000000000000e+03 1.207004084271684223e+04
2.142000000000000000e+03 1.206452240681604235e+04
2.143000000000000000e+03 1.210860877286898722e+04
2.144000000000000000e+03 1.208860362646927206e+04
2.145000000000000000e+03 1.209617107451428637e+04
2.146000000000000000e+03 1.213736157918375102e+04
2.147000000000000000e+03 1.214536976381482964e+04
2.148000000000000000e+03 1.214814121302676540e+04
2.149000000000000000e+03 1.215277594352193046e+04
2.150000000000000000e+03 1.216138297363886522e+04
2.151000000000000000e+03 1.221018612047497299e+04
2.152000000000000000e+03 1.222676308436250838e+04
2.153000000000000000e+03 1.222248209459607824e+04
2.154000000000000000e+03 1.223682263518270338e+04
2.155000000000000000e+03 1.226126900729523550e+04
2.156000000000000000e+03 1.229028892676786563e+04
2.157000000000000000e+03 1.229735008859833761e+04
2.158000000000000000e+03 1.230951031438947757e+04
2.159000000000000000e+03 1.232048542873099905e+04
2.160000000000000000e+03 1.230821381832701627e+04
2.161000000000000000e+03 1.230975592388768018e+04
2.162000000000000000e+03 1.229919857118030995e+04
2.163000000000000000e+03 1.231768239601580899e+04
2.164000000000000000e+03 1.232885982764464279e+04
2.165000000000000000e+03 1.232869896083605454e+04
2.166000000000000000e+03 1.231381167580978763e+04
2.167000000000000000e+03 1.235130304271690875e+04
2.168000000000000000e+03 1.235544173285606485e+04
2.169000000000000000e+03 1.234287323028024548e+04
2.170000000000000000e+03 1.235021207211723231e+04
2.171000000000000000e+03 1.233482448374703199e+04
2.172000000000000000e+03 1.236616736898282397e+04
2.173000000000000000e+03 1.236207886998683352e+04
2.174000000000000000e+03 1.232995597534057561e+04
2.175000000000000000e+03 1.231467242171920589e+04
2.176000000000000000e+03 1.233329878980878675e+04
2.177000000000000000e+03 1.230743827530630551e+04
2.178000000000000000e+03 1.230605526112120424e+04
2.179000000000000000e+03 1.228173391454003831e+04
2.180000000000000000e+03 1.226898771303728790e+04
2.181000000000000000e+03 1.227709188436468503e+04
2.182000000000000000e+03 1.228151990743455463e+04
2.183000000000000000e+03 1.229309033248915875e+04
2.184000000000000000e+03 1.228359203677681035e+04
2.185000000000000000e+03 1.230568618291151870e+04
2.186000000000000000e+03 1.233865867491855352e+04
2.187000000000000000e+03 1.233695179107352487e+04
2.188000000000000000e+03 1.235917302040294271e+04
2.189000000000000000e+03 1.236866198919084127e+04
2.190000000000000000e+03 1.237882082461623759e+04
2.191000000000000000e+03 1.240323510643220288e+04
2.192000000000000000e+03 1.239729337282676897e+04
2.193000000000000000e+03 1.240729487889692973e+04
2.194000000000000000e+03 1.241949380985145399e+04
2.195000000000000000e+03 1.240261744706815443e+04
2.196000000000000000e+03 1.240160140414586203e+04
2.197000000000000000e+03 1.240103217193277669e+04
2.198000000000000000e+03 1.240800917414882861e+04
2.199000000000000000e+03 1.240963364051101235e+04
2.200000000000000000e+03 1.246373639712320983e+04
2.201000000000000000e+03 1.247689298110739583e+04
2.202000000000000000e+03 1.246144774591508030e+04
2.203000000000000000e+03 1.248204486748193813e+04
2.204000000000000000e+03 1.249052273109346788e+04
2.205000000000000000e+03 1.251272033560617456e+04
2.206000000000000000e+03 1.250048380203724628e+04
2.207000000000000000e+03 1.249858280370449029e+04
2.208000000000000000e+03 1.250109079389290673e+04
2.209000000000000000e+03 1.251716280375824681e+04
2.210000000000000000e+03 1.250610851308611018e+04
2.211000000000000000e+03 1.251088804571898800e+04
2.212000000000000000e+03 1.253691708917044343e+04
2.213000000000000000e+03 1.257329674918756064e+04
2.214000000000000000e+03 1.256864697252410588e+04
2.215000000000000000e+03 1.256340441193741026e+04
2.216000000000000000e+03 1.255950032581557571e+04
2.217000000000000000e+03 1.256793396600141205e+04
2.218000000000000000e+03 1.257228068503340910e+04
2.219000000000000000e+03 1.259934792144765379e+04
2.220000000000000000e+03 1.261660233876659549e+04
2.221000000000000000e+03 1.265507644372836512e+04
2.222000000000000000e+03 1.261892241886429110e+04
2.223000000000000000e+03 1.264473402375722071e+04
2.224000000000000000e+03 1.266859484469967720e+04
2.225000000000000000e+03 1.268316295152410930e+04
2.226000000000000000e+03 1.266980732846199862e+04
2.227000000000000000e+03 1.267197609543555882e+04
2.228000000000000000e+03 1.269950373126758495e+04
2.229000000000000000e+03 1.271886622844403246e+04
2.230000000000000000e+03 1.273146132336075971e+04
2.231000000000000000e+03 1.272766897096839966e+04
2.232000000000000000e+03 1.273662527360314016e+04
2.233000000000000000e+03 1.273308813162935257e+04
2.234000000000000000e+03 1.276284174524352784e+04
2.235000000000000000e+03 1.278816956428991944e+04
2.236000000000000000e+03 1.278175554457089493e+04
2.237000000000000000e+03 1.276640132913574234e+04
2.238000000000000000e+03 1.278009287676345411e+04
2.239000000000000000e+03 1.277198207273325897e+04
2.240000000000000000e+03 1.276457370126461137e+04
2.241000000000000000e+03 1.276842699806860401e+04
2.242000000000000000e+03 1.279791192046074320e+04
2.243000000000000000e+03 1.280658994967205581e+04
2.244000000000000000e+03 1.283814370340941423e+04
2.245000000000000000e+03 1.286383346384373544e+04
2.246000000000000000e+03 1.284381103075869214e+04
2.247000000000000000e+03 1.285730353321147959e+04
2.248000000000000000e+03 1.286775820566886614e+04
2.249000000000000000e+03 1.288476338966433832e+04
2.250000000000000000e+03 1.286474637770655318e+04
2.251000000000000000e+03 1.285758729920488076e+04
2.252000000000000000e+03 1.282977394173286120e+04
2.253000000000000000e+03 1.282589759224666886e+04
2.254000000000000000e+03 1.282236995588714490e+04
2.255000000000000000e+03 1.282489788280258290e+04
2.256000000000000000e+03 1.279362507571498645e+04
2.257000000000000000e+03 1.280328050727747177e+04
2.258000000000000000e+03 1.280991556679631867e+04
2.259000000000000000e+03 1.283296941284505192e+04
2.260000000000000000e+03 1.284624584184011292e+04
2.261000000000000000e+03 1.284668593816805151e+04
2.262000000000000000e+03 1.286282150907517280e+04
2.263000000000000000e+03 1.285780914919081260e+04
2.264000000000000000e+03 1.285397060285948464e+04
2.265000000000000000e+03 1.285409293336863448e+04
2.266000000000000000e+03 1.285416246140264593e+04
2.267000000000000000e+03 1.287394919789020787e+04
2.268000000000000000e+03 1.288927270531103386e+04
2.269000000000000000e+03 1.288586124834425209e+04
2.270000000000000000e+03 1.286718143395311927e+04
2.271000000000000000e+03 1.289286164644577730e+04
2.272000000000000000e+03 1.289132951658283673e+04
2.273000000000000000e+03 1.292267680119554461e+04
2.274000000000000000e+03 1.295021306505149005e+04
2.275000000000000000e+03 1.296303577651005799e+04
2.276000000000000000e+03 1.293957734609826912e+04
2.277000000000000000e+03 1.293323487763879348e+04
2.278000000000000000e+03 1.294549941977483650e+04
2.279000000000000000e+03 1.296289148721457968e+04
2.280000000000000000e+03 1.295587391941582609e+04
2.281000000000000000e+03 1.291164775049060336e+04
2.282000000000000000e+03 1.292745930066622532e+04
2.283000000000000000e+03 1.292907169311110374e+04
2.284000000000000000e+03 1.296819963304163684e+04
2.285000000000000000e+03 1.294284382026366256e+04
2.286000000000000000e+03 1.292459726920619869e+04
2.287000000000000000e+03 1.290797967443969719e+04
2.288000000000000000e+03 1.291855635465811247e+04
2.289000000000000000e+03 1.291153528115996050e+04
2.290000000000000000e+03 1.293453973652663990e+04
2.291000000000000000e+03 1.290637192774244795e+04
2.292000000000000000e+03 1.289523661997838462e+04
2.293000000000000000e+03 1.287922401376520429e+04
2.294000000000000000e+03 1.289467151562315303e+04
2.295000000000000000e+03 1.290544121090209228e+04
2.296000000000000000e+03 1.289506625966216961e+04
2.297000000000000000e+03 1.288254862816484638e+04
2.298000000000000000e+03 1.291850879318153784e+04
2.299000000000000000e+03 1.291048434909259959e+04
2.300000000000000000e+03 1.291233384513028432e+04
2.301000000000000000e+03 1.289130520069879094e+04
2.302000000000000000e+03 1.290956442083142065e+04
2.303000000000000000e+03 1.292739783864828678e+04
2.304000000000000000e+03 1.293150871459189693e+04
2.305000000000000000e+03 1.295984084962864290e+04
2.306000000000000000e+03 1.296321302899326838e+04
2.307000000000000000e+03 1.297155522034721253e+04
2.308000000000000000e+03 1.297848212308769689e+04
2.309000000000000000e+03 1.299767696515045645e+04
2.310000000000000000e+03 1.298433571080409274e+04
2.311000000000000000e+03 1.296730644612027208e+04
2.312000000000000000e+03 1.296141765035444587e+04
2.313000000000000000e+03 1.297980350932403235e+04
2.314000000000000000e+03 1.296147884041656107e+04
2.315000000000000000e+03 1.300011590092420374e+04
2.316000000000000000e+03 1.302529503984309486e+04
2.317000000000000000e+03 1.303551514249078537e+04
2.318000000000000000e+03 1.303846868913940853e+04
2.319000000000000000e+03 1.303418231531288620e+04
2.320000000000000000e+03 1.303297664073719352e+04
2.321000000000000000e+03 1.303276429404633200e+04
2.322000000000000000e+03 1.303372423368219643e+04
2.323000000000000000e+03 1.303763692874082153e+04
2.324000000000000000e+03 1.303548189790315701e+04
2.325000000000000000e+03 1.299818243065101342e+04
2.326000000000000000e+03 1.302220085947538246e+04
2.327000000000000000e+03 1.303150961383674621e+04
2.328000000000000000e+03 1.303155816887390574e+04
2.329000000000000000e+03 1.302607499197707330e+04
2.330000000000000000e+03 1.302244149730201025e+04
2.331000000000000000e+03 1.305881664457252191e+04
2.332000000000000000e+03 1.305819479833282094e+04
2.333000000000000000e+03 1.309941829759711072e+04
2.334000000000000000e+03 1.311945119138654809e+04
2.335000000000000000e+03 1.316799832651084398e+04
2.336000000000000000e+03 1.318967182957849036e+04
2.337000000000000000e+03 1.313425297381064411e+04
2.338000000000000000e+03 1.312815532124841775e+04
2.339000000000000000e+03 1.310521826042453540e+04
2.340000000000000000e+03 1.310101580718264631e+04
2.341000000000000000e+03 1.310397095834664287e+04
2.342000000000000000e+03 1.313000639546882303e+04
2.343000000000000000e+03 1.312660054841683632e+04
2.344000000000000000e+03 1.313619727179543588e+04
2.345000000000000000e+03 1.314563422533871562e+04
2.346000000000000000e+03 1.316455895906608021e+04
2.347000000000000000e+03 1.318650879125293795e+04
2.348000000000000000e+03 1.318795540201408585e+04
2.349000000000000000e+03 1.318735326522452124e+04
2.350000000000000000e+03 1.322945868679072737e+04
2.351000000000000000e+03 1.323191487860871712e+04
2.352000000000000000e+03 1.325555014193258467e+04
2.353000000000000000e+03 1.322750736468547075e+04
2.354000000000000000e+03 1.324354149157263601e+04
2.355000000000000000e+03 1.322375086734730212e+04
2.356000000000000000e+03 1.325019879405799838e+04
2.357000000000000000e+03 1.326029194782794002e+04
2.358000000000000000e+03 1.324200660772561423e+04
2.359000000000000000e+03 1.323770012778225282e+04
2.360000000000000000e+03 1.323251045554119810e+04
2.361000000000000000e+03 1.324989105523447324e+04
2.362000000000000000e+03 1.326211353301990312e+04
2.363000000000000000e+03 1.327203299996235182e+04
2.364000000000000000e+03 1.326944769859499502e+04
2.365000000000000000e+03 1.326305264064792755e+04
2.366000000000000000e+03 1.325619548845644931e+04
2.367000000000000000e+03 1.327006231498223678e+04
2.368000000000000000e+03 1.329159851152196279e+04
2.369000000000000000e+03 1.328732304785911583e+04
2.370000000000000000e+03 1.326938758210951710e+04
2.371000000000000000e+03 1.328240752796858760e+04
2.372000000000000000e+03 1.330234428083473722e+04
2.373000000000000000e+03 1.329980171652074023e+04
2.374000000000000000e+03 1.329469903559035447e+04
2.375000000000000000e+03 1.328534708695922382e+04
2.376000000000000000e+03 1.329115458286039393e+04
2.377000000000000000e+03 1.328205080823475146e+04
2.378000000000000000e+03 1.326697469498904138e+04
2.379000000000000000e+03 1.326970594125379648e+04
2.380000000000000000e+03 1.325464343105597436e+04
2.381000000000000000e+03 1.325824320880084088e+04
2.382000000000000000e+03 1.329224084415682773e+04
2.383000000000000000e+03 1.332841722506088809e+04
2.384000000000000000e+03 1.333433566499577319e+04
2.385000000000000000e+03 1.333006595323940746e+04
2.386000000000000000e+03 1.332837284619321508e+04
2.387000000000000000e+03 1.336380359312926339e+04
2.388000000000000000e+03 1.337269484047071091e+04
2.389000000000000000e+03 1.338703450500102372e+04
2.390000000000000000e+03 1.339562182114092320e+04
2.391000000000000000e+03 1.338589538534878557e+04
2.392000000000000000e+03 1.338800644063581785e+04
2.393000000000000000e+03 1.343042097022697635e+04
2.394000000000000000e+03 1.341841754088221387e+04
2.395000000000000000e+03 1.342020770362456096e+04
2.396000000000000000e+03 1.340808312400392788e+04
2.397000000000000000e+03 1.340454494096896815e+04
2.398000000000000000e+03 1.339363458225407157e+04
2.399000000000000000e+03 1.342070109197330748e+04
2.400000000000000000e+03 1.339054716501412622e+04
2.401000000000000000e+03 1.339370237198637187e+04
2.402000000000000000e+03 1.341977282072805610e+04
2.403000000000000000e+03 1.343202768293103691e+04
2.404000000000000000e+03 1.346164291378987582e+04
2.405000000000000000e+03 1.346735112715581454e+04
2.406000000000000000e+03 1.346887883014680483e+04
2.407000000000000000e+03 1.350274737772566186e+04
2.408000000000000000e+03 1.348994701319588057e+04
2.409000000000000000e+03 1.350851655343719176e+04
2.410000000000000000e+03 1.351528204770581215e+04
2.411000000000000000e+03 1.353367013864316687e+04
2.412000000000000000e+03 1.354416381601017747e+04
2.413000000000000000e+03 1.354805274276362798e+04
2.414000000000000000e+03 1.352357521911806543e+04
2.415000000000000000e+03 1.351023280912765040e+04
2.416000000000000000e+03 1.350473959007710982e+04
2.417000000000000000e+03 1.354900658227393069e+04
2.418000000000000000e+03 1.355860529897084416e+04
2.419000000000000000e+03 1.353975771650826573e+04
2.420000000000000000e+03 1.356284892196292640e+04
2.421000000000000000e+03 1.356042881637701976e+04
2.422000000000000000e+03 1.356582785473793410e+04
2.423000000000000000e+03 1.355758214680339188e+04
2.424000000000000000e+03 1.356434936161509358e+04
2.425000000000000000e+03 1.358077788912878168e+04
2.426000000000000000e+03 1.358017654499373384e+04
2.427000000000000000e+03 1.360880291185436727e+04
2.428000000000000000e+03 1.364128046164623629e+04
2.429000000000000000e+03 1.364196255969788763e+04
2.430000000000000000e+03 1.363334338715109334e+04
2.431000000000000000e+03 1.361369921504547710e+04
2.432000000000000000e+03 1.358971010673293677e+04
2.433000000000000000e+03 1.360954277488834668e+04
2.434000000000000000e+03 1.362491282545236209e+04
2.435000000000000000e+03 1.363063509707105004e+04
2.436000000000000000e+03 1.365955916241250634e+04
2.437000000000000000e+03 1.367512491111955751e+04
2.438000000000000000e+03 1.366480669861929164e+04
2.439000000000000000e+03 1.366921641171251758e+04
2.440000000000000000e+03 1.362984528944960039e+04
2.441000000000000000e+03 1.364226658348664387e+04
2.442000000000000000e+03 1.367042376778745529e+04
2.443000000000000000e+03 1.368124913783629199e+04
2.444000000000000000e+03 1.370658727966252991e+04
2.445000000000000000e+03 1.371552541407439276e+04
2.446000000000000000e+03 1.372678900622489164e+04
2.447000000000000000e+03 1.372293061068482166e+04
2.448000000000000000e+03 1.370131891029165308e+04
2.449000000000000000e+03 1.369050254361487896e+04
2.450000000000000000e+03 1.369355047563293556e+04
2.451000000000000000e+03 1.369727127666456545e+04
2.452000000000000000e+03 1.370637822976184907e+04
2.453000000000000000e+03 1.369375414439536507e+04
2.454000000000000000e+03 1.370160399221697480e+04
2.455000000000000000e+03 1.371946261500539731e+04
2.456000000000000000e+03 1.371362694545832710e+04
2.457000000000000000e+03 1.371021747980375949e+04
2.458000000000000000e+03 1.370492211987492374e+04
2.459000000000000000e+03 1.374602729471597013e+04
2.460000000000000000e+03 1.373654447320084910e+04
2.461000000000000000e+03 1.378195082469160843e+04
2.462000000000000000e+03 1.375415684919078012e+04
2.463000000000000000e+03 1.374524786135917566e+04
2.464000000000000000e+03 1.378228493768931730e+04
2.465000000000000000e+03 1.379446402645523085e+04
2.466000000000000000e+03 1.376919736669621125e+04
2.467000000000000000e+03 1.374131667308733449e+04
2.468000000000000000e+03 1.376566960289169401e+04
2.469000000000000000e+03 1.379454212376423129e+04
2.470000000000000000e+03 1.376887036071848524e+04
2.471000000000000000e+03 1.375944386925045183e+04
2.472000000000000000e+03 1.375994223031553884e+04
2.473000000000000000e+03 1.375134089044363827e+04
2.474000000000000000e+03 1.377565166306187530e+04
2.475000000000000000e+03 1.379581288005140232e+04
2.476000000000000000e+03 1.380399978409841242e+04
2.477000000000000000e+03 1.382964702721990216e+04
2.478000000000000000e+03 1.382301331232329358e+04
2.479000000000000000e+03 1.381007957263046956e+04
2.480000000000000000e+03 1.382793821262308848e+04
2.481000000000000000e+03 1.382016479801466267e+04
2.482000000000000000e+03 1.381071548358753171e+04
2.483000000000000000e+03 1.382961738680880262e+04
2.484000000000000000e+03 1.383074142038855825e+04
2.485000000000000000e+03 1.382874119477201020e+04
2.486000000000000000e+03 1.387738457396698504e+04
2.487000000000000000e+03 1.389610904803078665e+04
2.488000000000000000e+03 1.391198321834758826e+04
2.489000000000000000e+03 1.390467075916329122e+04
2.490000000000000000e+03 1.395391672379613738e+04
2.491000000000000000e+03 1.397413798039100402e+04
2.492000000000000000e+03 1.397847503692898135e+04
2.493000000000000000e+03 1.399752337301736407e+04
2.494000000000000000e+03 1.400040697657701821e+04
2.495000000000000000e+03 1.403916091120370402e+04
2.496000000000000000e+03 1.401395935644216661e+04
2.497000000000000000e+03 1.402379026559585327e+04
2.498000000000000000e+03 1.403310041120049027e+04
2.499000000000000000e+03 1.403076469226833797e+04
2.500000000000000000e+03 1.402408666033866211e+04
2.501000000000000000e+03 1.401541817919687310e+04
2.502000000000000000e+03 1.403483183848768203e+04
2.503000000000000000e+03 1.403355366875972868e+04
2.504000000000000000e+03 1.404284806863926860e+04
2.505000000000000000e+03 1.406513476626150077e+04
2.506000000000000000e+03 1.406274395096265289e+04
2.507000000000000000e+03 1.404446377258440225e+04
2.508000000000000000e+03 1.403974002054789162e+04
2.509000000000000000e+03 1.405574304050012688e+04
2.510000000000000000e+03 1.401900040142609032e+04
2.511000000000000000e+03 1.404193385048704113e+04
2.512000000000000000e+03 1.402018747128546238e+04
2.513000000000000000e+03 1.399375234830982481e+04
2.514000000000000000e+03 1.400231652814539666e+04
2.515000000000000000e+03 1.403195498387560474e+04
2.516000000000000000e+03 1.404429353378439737e+04
2.517000000000000000e+03 1.403793921857414534e+04
2.518000000000000000e+03 1.404108173330176578e+04
2.519000000000000000e+03 1.403652240137460285e+04
2.520000000000000000e+03 1.399924483856468942e+04
2.521000000000000000e+03 1.401108871013954013e+04
2.522000000000000000e+03 1.400159041283893384e+04
2.523000000000000000e+03 1.401741725557584141e+04
2.524000000000000000e+03 1.403845468983180763e+04
2.525000000000000000e+03 1.404117748796713386e+04
2.526000000000000000e+03 1.406781439757884618e+04
2.527000000000000000e+03 1.405662848050519096e+04
2.528000000000000000e+03 1.406928239988385576e+04
2.529000000000000000e+03 1.408375929722044202e+04
2.530000000000000000e+03 1.408283750627521113e+04
2.531000000000000000e+03 1.407915672703118798e+04
2.532000000000000000e+03 1.407872474012524981e+04
2.533000000000000000e+03 1.409941618621144517e+04
2.534000000000000000e+03 1.412489621095490656e+04
2.535000000000000000e+03 1.412592698732842109e+04
2.536000000000000000e+03 1.414699654113387805e+04
2.537000000000000000e+03 1.418594642750331695e+04
2.538000000000000000e+03 1.420217183007636049e+04
2.539000000000000000e+03 1.418028014484442429e+04
2.540000000000000000e+03 1.414827748597143909e+04
2.541000000000000000e+03 1.415329962701455770e+04
2.542000000000000000e+03 1.416127644918943952e+04
2.543000000000000000e+03 1.416366289793880060e+04
2.544000000000000000e+03 1.417992072336992715e+04
2.545000000000000000e+03 1.418612523862335547e+04
2.546000000000000000e+03 1.419306507836886340e+04
2.547000000000000000e+03 1.419397810021112491e+04
2.548000000000000000e+03 1.422101394841898764e+04
2.549000000000000000e+03 1.423675525931305128e+04
2.550000000000000000e+03 1.424730658606422548e+04
2.551000000000000000e+03 1.425038647343983757e+04
2.552000000000000000e+03 1.425490873070755151e+04
2.553000000000000000e+03 1.421857369981749252e+04
2.554000000000000000e+03 1.422128065794573922e+04
2.555000000000000000e+03 1.425977841336629717e+04
2.556000000000000000e+03 1.425200509488968964e+04
2.557000000000000000e+03 1.422321479150714731e+04
2.558000000000000000e+03 1.420618792292783655e+04
2.559000000000000000e+03 1.424250579678134454e+04
2.560000000000000000e+03 1.423571582651393146e+04
2.561000000000000000e+03 1.424945254472233137e+04
2.562000000000000000e+03 1.428265600108022954e+04
2.563000000000000000e+03 1.429870512531174245e+04
2.564000000000000000e+03 1.428797894611870652e+04
2.565000000000000000e+03 1.429017382511499090e+04
2.566000000000000000e+03 1.431433954117546273e+04
2.567000000000000000e+03 1.429949910251600704e+04
2.568000000000000000e+03 1.431615208393096691e+04
2.569000000000000000e+03 1.434448645445434158e+04
2.570000000000000000e+03 1.435523761901004582e+04
2.571000000000000000e+03 1.438535830365604852e+04
2.572000000000000000e+03 1.440700734912797634e+04
2.573000000000000000e+03 1.437122175573289496e+04
2.574000000000000000e+03 1.437234871976851173e+04
2.575000000000000000e+03 1.438723521371523202e+04
2.576000000000000000e+03 1.441197485148213673e+04
2.577000000000000000e+03 1.442966505099500682e+04
2.578000000000000000e+03 1.444896295979697243e+04
2.579000000000000000e+03 1.442467261344299732e+04
2.580000000000000000e+03 1.444167591130758592e+04
2.581000000000000000e+03 1.448964446511104143e+04
2.582000000000000000e+03 1.449822668826506742e+04
2.583000000000000000e+03 1.449180506860133573e+04
2.584000000000000000e+03 1.448630844070987769e+04
2.585000000000000000e+03 1.450838868072183323e+04
2.586000000000000000e+03 1.450326137215947347e+04
2.587000000000000000e+03 1.449921701820212184e+04
2.588000000000000000e+03 1.451933979189236925e+04
2.589000000000000000e+03 1.455886905599575402e+04
2.590000000000000000e+03 1.455715187308228451e+04
2.591000000000000000e+03 1.452585814268604918e+04
2.592000000000000000e+03 1.454147820256487103e+04
2.593000000000000000e+03 1.455449239361085711e+04
2.594000000000000000e+03 1.453148400629380376e+04
2.595000000000000000e+03 1.456171315251602391e+04
2.596000000000000000e+03 1.457697460311324357e+04
2.597000000000000000e+03 1.452392624560432159e+04
2.598000000000000000e+03 1.453279767817823813e+04
2.599000000000000000e+03 1.456372588078636727e+04
2.600000000000000000e+03 1.454115363110102226e+04
2.601000000000000000e+03 1.453189872567306884e+04
2.602000000000000000e+03 1.452376628961154711e+04
2.603000000000000000e+03 1.452735469437853135e+04
2.604000000000000000e+03 1.454506804044381897e+04
2.605000000000000000e+03 1.456888792450982874e+04
2.606000000000000000e+03 1.456446148632903896e+04
2.607000000000000000e+03 1.456238309386356195e+04
2.608000000000000000e+03 1.456567652836259367e+04
2.609000000000000000e+03 1.458511697690365691e+04
2.610000000000000000e+03 1.458301475619219127e+04
2.611000000000000000e+03 1.459369020311888744e+04
2.612000000000000000e+03 1.463642157141048847e+04
2.613000000000000000e+03 1.464986252126201362e+04
2.614000000000000000e+03 1.469592760168958921e+04
2.615000000000000000e+03 1.471726296042923241e+04
2.616000000000000000e+03 1.471881345865399453e+04
2.617000000000000000e+03 1.471805804204078777e+04
2.618000000000000000e+03 1.473520605318689013e+04
2.619000000000000000e+03 1.470781153658357835e+04
2.620000000000000000e+03 1.466224866235234367e+04
2.621000000000000000e+03 1.472111601321326270e+04
2.622000000000000000e+03 1.472803840765885798e+04
2.623000000000000000e+03 1.469800447918509417e+04
2.624000000000000000e+03 1.466722261465873999e+04
2.625000000000000000e+03 1.465155160003656783e+04
2.626000000000000000e+03 1.465250036238685789e+04
2.627000000000000000e+03 1.472228188711623443e+04
2.628000000000000000e+03 1.469700807305512717e+04
2.629000000000000000e+03 1.466355849802906960e+04
2.630000000000000000e+03 1.466704588341178351e+04
2.631000000000000000e+03 1.467860138045943677e+04
2.632000000000000000e+03 1.468832562571767994e+04
2.633000000000000000e+03 1.471947297164166775e+04
2.634000000000000000e+03 1.472222578436261756e+04
2.635000000000000000e+03 1.472602222730151152e+04
2.636000000000000000e+03 1.471847053180426883e+04
2.637000000000000000e+03 1.473536415021895664e+04
2.638000000000000000e+03 1.477367870431927804e+04
2.639000000000000000e+03 1.476985853956130268e+04
2.640000000000000000e+03 1.474837595164588129e+04
2.641000000000000000e+03 1.478422838235432209e+04
2.642000000000000000e+03 1.478114622992118166e+04
2.643000000000000000e+03 1.476303047431591040e+04
2.644000000000000000e+03 1.476512346669185172e+04
2.645000000000000000e+03 1.477265767161187432e+04
2.646000000000000000e+03 1.476559991406195877e+04
2.647000000000000000e+03 1.479364997725021567e+04
2.648000000000000000e+03 1.480415893474486802e+04
2.649000000000000000e+03 1.480445989454397022e+04
2.650000000000000000e+03 1.481065675182069936e+04
2.651000000000000000e+03 1.482898474015336069e+04
2.652000000000000000e+03 1.482779634253523727e+04
2.653000000000000000e+03 1.484058033874226385e+04
2.654000000000000000e+03 1.485933215571242545e+04
2.655000000000000000e+03 1.486048855377567088e+04
2.656000000000000000e+03 1.485365292116117053e+04
2.657000000000000000e+03 1.486297241301273607e+04
2.658000000000000000e+03 1.487130570818962951e+04
2.659000000000000000e+03 1.486676133859808033e+04
2.660000000000000000e+03 1.489292664489191520e+04
2.661000000000000000e+03 1.494103608837365937e+04
2.662000000000000000e+03 1.493555532799364119e+04
2.663000000000000000e+03 1.493280183054428016e+04
2.664000000000000000e+03 1.493615828141796555e+04
2.665000000000000000e+03 1.494923231732276872e+04
2.666000000000000000e+03 1.495904443101157995e+04
2.667000000000000000e+03 1.497655307308243937e+04
2.668000000000000000e+03 1.502752918314812632e+04
2.669000000000000000e+03 1.505134858123510094e+04
2.670000000000000000e+03 1.504994357326934914e+04
2.671000000000000000e+03 1.503442339771807929e+04
2.672000000000000000e+03 1.505559922848524002e+04
2.673000000000000000e+03 1.505443243849101600e+04
2.674000000000000000e+03 1.507791836253163456e+04
2.675000000000000000e+03 1.511535628574364637e+04
2.676000000000000000e+03 1.512434100740328540e+04
2.677000000000000000e+03 1.512004116548902493e+04
2.678000000000000000e+03 1.514156367476473315e+04
2.679000000000000000e+03 1.514979179081123766e+04
2.680000000000000000e+03 1.515077561963061453e+04
2.681000000000000000e+03 1.513464627236691740e+04
2.682000000000000000e+03 1.515683020576186755e+04
2.683000000000000000e+03 1.515963719432393918e+04
2.684000000000000000e+03 1.515133666920688847e+04
2.685000000000000000e+03 1.516609102194469597e+04
2.686000000000000000e+03 1.513604371472082494e+04
2.687000000000000000e+03 1.516875714140475066e+04
2.688000000000000000e+03 1.515038582634575687e+04
2.689000000000000000e+03 1.512361357801259692e+04
2.690000000000000000e+03 1.515379186938236126e+04
2.691000000000000000e+03 1.518025393432319288e+04
2.692000000000000000e+03 1.520795117894222676e+04
2.693000000000000000e+03 1.520744214750893116e+04
2.694000000000000000e+03 1.515872076487017875e+04
2.695000000000000000e+03 1.522317272894792404e+04
2.696000000000000000e+03 1.524272522403896255e+04
2.697000000000000000e+03 1.527532464134008842e+04
2.698000000000000000e+03 1.526135448968879791e+04
2.699000000000000000e+03 1.529489386595243923e+04
2.700000000000000000e+03 1.534264440838703740e+04
2.701000000000000000e+03 1.534462169425624961e+04
2.702000000000000000e+03 1.534008334069952980e+04
2.703000000000000000e+03 1.534095218673744239e+04
2.704000000000000000e+03 1.537383748508897042e+04
2.705000000000000000e+03 1.536846941113765024e+04
2.706000000000000000e+03 1.536122176389544438e+04
2.707000000000000000e+03 1.535490996734637520e+04
2.708000000000000000e+03 1.536680435740165012e+04
2.709000000000000000e+03 1.535226225249615709e+04
2.710000000000000000e+03 1.537033417270692371e+04
2.711000000000000000e+03 1.542133848651761218e+04
2.712000000000000000e+03 1.543309295792155172e+04
2.713000000000000000e+03 1.542716882157877990e+04
2.714000000000000000e+03 1.540744339042247702e+04
2.715000000000000000e+03 1.539760138999166156e+04
2.716000000000000000e+03 1.539281907273075376e+04
2.717000000000000000e+03 1.543987664349880288e+04
2.718000000000000000e+03 1.546993648325524373e+04
2.719000000000000000e+03 1.546597767980683057e+04
2.720000000000000000e+03 1.546630707459093355e+04
2.721000000000000000e+03 1.546800852923747152e+04
2.722000000000000000e+03 1.547537234447847368e+04
2.723000000000000000e+03 1.548714781967661656e+04
2.724000000000000000e+03 1.549300412929727827e+04
2.725000000000000000e+03 1.551479286316819889e+04
2.726000000000000000e+03 1.552424335576842896e+04
2.727000000000000000e+03 1.552816486187776718e+04
2.728000000000000000e+03 1.550930247221104037e+04
2.729000000000000000e+03 1.549827036270608914e+04
2.730000000000000000e+03 1.548708795739904781e+04
2.731000000000000000e+03 1.550226459147239802e+04
2.732000000000000000e+03 1.553487532539603853e+04
2.733000000000000000e+03 1.555323404427978130e+04
2.734000000000000000e+03 1.555309928557700550e+04
2.735000000000000000e+03 1.551519540331923235e+04
2.736000000000000000e+03 1.549980049594814773e+04
2.737000000000000000e+03 1.551695230753435499e+04
2.738000000000000000e+03 1.554597739456470299e+04
2.739000000000000000e+03 1.553271616356404957e+04
2.740000000000000000e+03 1.552173958772207334e+04
2.741000000000000000e+03 1.555398715868466206e+04
2.742000000000000000e+03 1.554364951757690142e+04
2.743000000000000000e+03 1.553423880980918511e+04
2.744000000000000000e+03 1.553746750032475938e+04
2.745000000000000000e+03 1.555341430016621416e+04
2.746000000000000000e+03 1.558570758289875812e+04
2.747000000000000000e+03 1.562191057716037176e+04
2.748000000000000000e+03 1.561513619200816356e+04
2.749000000000000000e+03 1.561986951998803124e+04
2.750000000000000000e+03 1.563364398884594630e+04
2.751000000000000000e+03 1.562761660081941955e+04
2.752000000000000000e+03 1.561482916443614340e+04
2.753000000000000000e+03 1.562848265797097883e+04
2.754000000000000000e+03 1.562209226276897425e+04
2.755000000000000000e+03 1.563334298833746288e+04
2.756000000000000000e+03 1.564694623078952827e+04
2.757000000000000000e+03 1.565554191308634108e+04
2.758000000000000000e+03 1.568114598916697469e+04
2.759000000000000000e+03 1.565813252984036444e+04
2.760000000000000000e+03 1.567707529194285962e+04
2.761000000000000000e+03 1.565371725469707962e+04
2.762000000000000000e+03 1.566759714396111485e+04
2.763000000000000000e+03 1.570809205586766802e+04
2.764000000000000000e+03 1.575369240025943145e+04
2.765000000000000000e+03 1.577468285074803862e+04
2.766000000000000000e+03 1.575890624273930553e+04
2.767000000000000000e+03 1.575111576110112946e+04
2.768000000000000000e+03 1.574809064812828728e+04
2.769000000000000000e+03 1.574412035676460437e+04
2.770000000000000000e+03 1.574877792975408738e+04
2.771000000000000000e+03 1.576975504637272934e+04
2.772000000000000000e+03 1.577994840942850351e+04
2.773000000000000000e+03 1.573182688711471565e+04
2.774000000000000000e+03 1.572371431730372933e+04
2.775000000000000000e+03 1.573206496989537845e+04
2.776000000000000000e+03 1.574138677569249921e+04
2.777000000000000000e+03 1.576517190881711940e+04
2.778000000000000000e+03 1.574147462176164117e+04
2.779000000000000000e+03 1.570795985368039510e+04
2.780000000000000000e+03 1.570496629091874274e+04
2.781000000000000000e+03 1.567411235360692081e+04
2.782000000000000000e+03 1.571711039170129698e+04
2.783000000000000000e+03 1.571928361892366956e+04
2.784000000000000000e+03 1.571212955500309181e+04
2.785000000000000000e+03 1.575661925343598341e+04
2.786000000000000000e+03 1.573988737466315069e+04
2.787000000000000000e+03 1.573733772730727469e+04
2.788000000000000000e+03 1.573641100477914370e+04
2.789000000000000000e+03 1.571185258295672793e+04
2.790000000000000000e+03 1.575929822906505069e+04
2.791000000000000000e+03 1.576127549781753623e+04
2.792000000000000000e+03 1.575244491213002766e+04
2.793000000000000000e+03 1.573934314142607946e+04
2.794000000000000000e+03 1.571185557959395373e+04
2.795000000000000000e+03 1.570166467807256595e+04
2.796000000000000000e+03 1.572429605678685220e+04
2.797000000000000000e+03 1.572230804744308261e+04
2.798000000000000000e+03 1.574480341666792083e+04
2.799000000000000000e+03 1.577266416372043932e+04
2.800000000000000000e+03 1.578523815736127835e+04
2.801000000000000000e+03 1.578281804735154583e+04
2.802000000000000000e+03 1.578904217158667780e+04
2.803000000000000000e+03 1.580223349114098528e+04
2.804000000000000000e+03 1.581794799296651036e+04
2.805000000000000000e+03 1.583848033991329430e+04
2.806000000000000000e+03 1.577899932642115891e+04
2.807000000000000000e+03 1.577944293648364146e+04
2.808000000000000000e+03 1.578959471221640524e+04
2.809000000000000000e+03 1.578410071380653244e+04
2.810000000000000000e+03 1.578364672243301902e+04
2.811000000000000000e+03 1.577075136653433947e+04
2.812000000000000000e+03 1.580416776595552074e+04
2.813000000000000000e+03 1.577392834404190580e+04
2.814000000000000000e+03 1.575654056834214680e+04
2.815000000000000000e+03 1.575220151665113372e+04
2.816000000000000000e+03 1.578012170609092209e+04
2.817000000000000000e+03 1.579386006801547956e+04
2.818000000000000000e+03 1.584394999398304026e+04
2.819000000000000000e+03 1.583367984396429165e+04
2.820000000000000000e+03 1.583871389147102309e+04
2.821000000000000000e+03 1.584019746055662108e+04
2.822000000000000000e+03 1.585975918725077463e+04
2.823000000000000000e+03 1.586282152117575242e+04
2.824000000000000000e+03 1.584912039429956712e+04
2.825000000000000000e+03 1.588453381369748240e+04
2.826000000000000000e+03 1.588930408945244017e+04
2.827000000000000000e+03 1.591341306100063775e+04
2.828000000000000000e+03 1.590689169164366649e+04
2.829000000000000000e+03 1.588784694228560875e+04
2.830000000000000000e+03 1.588892160097124906e+04
2.831000000000000000e+03 1.590093872508484856e+04
2.832000000000000000e+03 1.591166315790760382e+04
2.833000000000000000e+03 1.592749457562242242e+04
2.834000000000000000e+03 1.592082004518914982e+04
2.835000000000000000e+03 1.596131785112707621e+04
2.836000000000000000e+03 1.595253116165487882e+04
2.837000000000000000e+03 1.597259743358782544e+04
2.838000000000000000e+03 1.597064444390894823e+04
2.839000000000000000e+03 1.596077800434370147e+04
2.840000000000000000e+03 1.598946100630019646e+04
2.841000000000000000e+03 1.601865850681819393e+04
2.842000000000000000e+03 1.601502817220237011e+04
2.843000000000000000e+03 1.603725959157281250e+04
2.844000000000000000e+03 1.603378852196368643e+04
2.845000000000000000e+03 1.605416641289288782e+04
2.846000000000000000e+03 1.607730592725988390e+04
2.847000000000000000e+03 1.603400615881494923e+04
2.848000000000000000e+03 1.604978646263549672e+04
2.849000000000000000e+03 1.607382362058962462e+04
2.850000000000000000e+03 1.609705673133692108e+04
2.851000000000000000e+03 1.611111692320307156e+04
2.852000000000000000e+03 1.616014332405769892e+04
2.853000000000000000e+03 1.615718710750382888e+04
2.854000000000000000e+03 1.616051982384531402e+04
2.855000000000000000e+03 1.616985427680303474e+04
2.856000000000000000e+03 1.620319756672286167e+04
2.857000000000000000e+03 1.620467340356160639e+04
2.858000000000000000e+03 1.623248190030156729e+04
2.859000000000000000e+03 1.626042155825914961e+04
2.860000000000000000e+03 1.627032991062001929e+04
2.861000000000000000e+03 1.627778396455733491e+04
2.862000000000000000e+03 1.628949186569020640e+04
2.863000000000000000e+03 1.628449999112432670e+04
2.864000000000000000e+03 1.628630067474168027e+04
2.865000000000000000e+03 1.630662988560270605e+04
2.866000000000000000e+03 1.632167158393175123e+04
2.867000000000000000e+03 1.633050732367019191e+04
2.868000000000000000e+03 1.630865927718791318e+04
2.869000000000000000e+03 1.629901065027654840e+04
2.870000000000000000e+03 1.630485169609339937e+04
2.871000000000000000e+03 1.632326817054722414e+04
2.872000000000000000e+03 1.633448126135310667e+04
2.873000000000000000e+03 1.634037394515709821e+04
2.874000000000000000e+03 1.635762583081252887e+04
2.875000000000000000e+03 1.632146200796457561e+04
2.876000000000000000e+03 1.636154883770634115e+04
2.877000000000000000e+03 1.631779041412250990e+04
2.878000000000000000e+03 1.633930151214001125e+04
2.879000000000000000e+03 1.636214926343316620e+04
2.880000000000000000e+03 1.637975652839394024e+04
2.881000000000000000e+03 1.634187364708527093e+04
2.882000000000000000e+03 1.632969488701166847e+04
2.883000000000000000e+03 1.632318100452013095e+04
2.884000000000000000e+03 1.631172458824671230e+04
2.885000000000000000e+03 1.627483309044458110e+04
2.886000000000000000e+03 1.628094759833626449e+04
2.887000000000000000e+03 1.630994823546366752e+04
2.888000000000000000e+03 1.633021151436350556e+04
2.889000000000000000e+03 1.637158572456175352e+04
2.890000000000000000e+03 1.637593673378536187e+04
2.891000000000000000e+03 1.637642516629043348e+04
2.892000000000000000e+03 1.638685127263009417e+04
2.893000000000000000e+03 1.641853837017681872e+04
2.894000000000000000e+03 1.643007517190953877e+04
2.895000000000000000e+03 1.644077556112766251e+04
2.896000000000000000e+03 1.644491902468056651e+04
2.897000000000000000e+03 1.646732136612619797e+04
2.898000000000000000e+03 1.642564202239219958e+04
2.899000000000000000e+03 1.644530872861152238e+04
2.900000000000000000e+03 1.644336230948058073e+04
2.901000000000000000e+03 1.645118375073328571e+04
2.902000000000000000e+03 1.646629446810830632e+04
2.903000000000000000e+03 1.646839175844213969e+04
2.904000000000000000e+03 1.646513273559141817e+04
2.905000000000000000e+03 1.642617890709434869e+04
2.906000000000000000e+03 1.646297156926025491e+04
2.907000000000000000e+03 1.644760874566881103e+04
2.908000000000000000e+03 1.648852767257600863e+04
2.909000000000000000e+03 1.650567762015020708e+04
2.910000000000000000e+03 1.650133773848115015e+04
2.911000000000000000e+03 1.652920942897933128e+04
2.912000000000000000e+03 1.655169832920156841e+04
2.913000000000000000e+03 1.655613759971171748e+04
2.914000000000000000e+03 1.655118456649660584e+04
2.915000000000000000e+03 1.655896823332849453e+04
2.916000000000000000e+03 1.658687415454191432e+04
2.917000000000000000e+03 1.656742627734826965e+04
2.918000000000000000e+03 1.657670727931674992e+04
2.919000000000000000e+03 1.657236956817679311e+04
2.920000000000000000e+03 1.662276038888578842e+04
2.921000000000000000e+03 1.665749511804353460e+04
2.922000000000000000e+03 1.664846828370350340e+04
2.923000000000000000e+03 1.666919063906029987e+04
2.924000000000000000e+03 1.669941768889926243e+04
2.925000000000000000e+03 1.669857696660549846e+04
2.926000000000000000e+03 1.666790370100967266e+04
2.927000000000000000e+03 1.665807157110721528e+04
2.928000000000000000e+03 1.666935518018806761e+04
2.929000000000000000e+03 1.669123699517943533e+04
2.930000000000000000e+03 1.669445822201640476e+04
2.931000000000000000e+03 1.665170480074008447e+04
2.932000000000000000e+03 1.665865432511094332e+04
2.933000000000000000e+03 1.665591676002304303e+04
2.934000000000000000e+03 1.667591150324875343e+04
2.935000000000000000e+03 1.665960029111413678e+04
2.936000000000000000e+03 1.665518936320574358e+04
2.937000000000000000e+03 1.667379794993762698e+04
2.938000000000000000e+03 1.664173881377411453e+04
2.939000000000000000e+03 1.664348728014177323e+04
2.940000000000000000e+03 1.664594786133340313e+04
2.941000000000000000e+03 1.666571588414521830e+04
2.942000000000000000e+03 1.667235813411601339e+04
2.943000000000000000e+03 1.672119072209216756e+04
2.944000000000000000e+03 1.674208391034578744e+04
2.945000000000000000e+03 1.674786338888710452e+04
2.946000000000000000e+03 1.673923701983039427e+04
2.947000000000000000e+03 1.677413235291499586e+04
2.948000000000000000e+03 1.675866262142163032e+04
2.949000000000000000e+03 1.675967007604522587e+04
2.950000000000000000e+03 1.675446758532489548e+04
2.951000000000000000e+03 1.678759680305042639e+04
2.952000000000000000e+03 1.682173156025697608e+04
2.953000000000000000e+03 1.683999523465642415e+04
2.954000000000000000e+03 1.684493931761102795e+04
2.955000000000000000e+03 1.691141789455355320e+04
2.956000000000000000e+03 1.690129211670769655e+04
2.957000000000000000e+03 1.687845820472359264e+04
2.958000000000000000e+03 1.688763627016417740e+04
2.959000000000000000e+03 1.684935454808512804e+04
2.960000000000000000e+03 1.685532776255435965e+04
2.961000000000000000e+03 1.687350595337144478e+04
2.962000000000000000e+03 1.688512768577949464e+04
2.963000000000000000e+03 1.689538403108404600e+04
2.964000000000000000e+03 1.689273403312697337e+04
2.965000000000000000e+03 1.687968486509408831e+04
2.966000000000000000e+03 1.688728821165340196e+04
2.967000000000000000e+03 1.686622929862084857e+04
2.968000000000000000e+03 1.689246608804153948e+04
2.969000000000000000e+03 1.689339840926913166e+04
2.970000000000000000e+03 1.689626990511368058e+04
2.971000000000000000e+03 1.688417612024221307e+04
2.972000000000000000e+03 1.693988066018790778e+04
2.973000000000000000e+03 1.694274785049925049e+04
2.974000000000000000e+03 1.695240556776152880e+04
2.975000000000000000e+03 1.695336435003728548e+04
2.976000000000000000e+03 1.696634985884265916e+04
2.977000000000000000e+03 1.695539639291431740e+04
2.978000000000000000e+03 1.696371198819860365e+04
2.979000000000000000e+03 1.694894023811755324e+04
2.980000000000000000e+03 1.698291575380899667e+04
2.981000000000000000e+03 1.697369391742000880e+04
2.982000000000000000e+03 1.694593854735063360e+04
2.983000000000000000e+03 1.695524423871704857e+04
2.984000000000000000e+03 1.695665479153219349e+04
2.985000000000000000e+03 1.696764687680792485e+04
2.986000000000000000e+03 1.697163888314021824e+04
2.987000000000000000e+03 1.699507391771253606e+04
2.988000000000000000e+03 1.697274177707686249e+04
2.989000000000000000e+03 1.697993792504591693e+04
2.990000000000000000e+03 1.699584576947413370e+04
2.991000000000000000e+03 1.698690784673333837e+04
2.992000000000000000e+03 1.697647811654448378e+04
2.993000000000000000e+03 1.699892005295097624e+04
2.994000000000000000e+03 1.700939994494183702e+04
2.995000000000000000e+03 1.697696564846226829e+04
2.996000000000000000e+03 1.698930063981732383e+04
2.997000000000000000e+03 1.703461352562870161e+04
2.998000000000000000e+03 1.703944817383711052e+04
2.999000000000000000e+03 1.704451636438503556e+04
3.000000000000000000e+03 1.705039019594752608e+04
3.001000000000000000e+03 1.701763243218338903e+04
3.002000000000000000e+03 1.705626733854864506e+04
3.003000000000000000e+03 1.705606837983980950e+04
3.004000000000000000e+03 1.705627694336321656e+04
3.005000000000000000e+03 1.707895362857746295e+04
3.006000000000000000e+03 1.708405224775962051e+04
3.007000000000000000e+03 1.708106674573845521e+04
3.008000000000000000e+03 1.709699956906649095e+04
3.009000000000000000e+03 1.709732063624561124e+04
3.010000000000000000e+03 1.708055625543480710e+04
3.011000000000000000e+03 1.708115990821722153e+04
3.012000000000000000e+03 1.707841666488677583e+04
3.013000000000000000e+03 1.707153154790285407e+04
3.014000000000000000e+03 1.710422316882800078e+04
3.015000000000000000e+03 1.711696229113684967e+04
3.016000000000000000e+03 1.706160089571156641e+04
3.017000000000000000e+03 1.707479277004341930e+04
3.018000000000000000e+03 1.706686885337793137e+04
3.019000000000000000e+03 1.705972243318549954e+04
3.020000000000000000e+03 1.705167914328950792e+04
3.021000000000000000e+03 1.710379869816984137e+04
3.022000000000000000e+03 1.706131791753657672e+04
3.023000000000000000e+03 1.707940145836685406e+04
3.024000000000000000e+03 1.710093287657996188e+04
3.025000000000000000e+03 1.706257439351582798e+04
3.026000000000000000e+03 1.710779052272391345e+04
3.027000000000000000e+03 1.712835722574803367e+04
3.028000000000000000e+03 1.715277992944042126e+04
3.029000000000000000e+03 1.720290205847927427e+04
3.030000000000000000e+03 1.720045861378001428e+04
3.031000000000000000e+03 1.724349998112496905e+04
3.032000000000000000e+03 1.723391272579940050e+04
3.033000000000000000e+03 1.724510445938099656e+04
3.034000000000000000e+03 1.722469917138389792e+04
3.035000000000000000e+03 1.721642875300908781e+04
3.036000000000000000e+03 1.724455023289582095e+04
3.037000000000000000e+03 1.728004027888136261e+04
3.038000000000000000e+03 1.727998983141221470e+04
3.039000000000000000e+03 1.727698362359071325e+04
3.040000000000000000e+03 1.728333195470930877e+04
3.041000000000000000e+03 1.731874828771098328e+04
3.042000000000000000e+03 1.736190529556102410e+04
3.043000000000000000e+03 1.738319277901055466e+04
3.044000000000000000e+03 1.739300283154421049e+04
3.045000000000000000e+03 1.739668762409377814e+04
3.046000000000000000e+03 1.739730301650506954e+04
3.047000000000000000e+03 1.740639011741914510e+04
3.048000000000000000e+03 1.737301027816021087e+04
3.049000000000000000e+03 1.734942771146398445e+04
3.050000000000000000e+03 1.737767387506168961e+04
3.051000000000000000e+03 1.739705863393976688e+04
3.052000000000000000e+03 1.742374550147330592e+04
3.053000000000000000e+03 1.743062602304098618e+04
3.054000000000000000e+03 1.746149474166111759e+04
3.055000000000000000e+03 1.746862307356393285e+04
3.056000000000000000e+03 1.746421511219353124e+04
3.057000000000000000e+03 1.748812664123660943e+04
3.058000000000000000e+03 1.750190226887819153e+04
3.059000000000000000e+03 1.744931720254928950e+04
3.060000000000000000e+03 1.746521223889267640e+04
3.061000000000000000e+03 1.747545474551376537e+04
3.062000000000000000e+03 1.744767112460100543e+04
3.063000000000000000e+03 1.746320063350211058e+04
3.064000000000000000e+03 1.748155384587581284e+04
3.065000000000000000e+03 1.747481170813082645e+04
3.066000000000000000e+03 1.746491488699186448e+04
3.067000000000000000e+03 1.745271826199052521e+04
3.068000000000000000e+03 1.746858589078530349e+04
3.069000000000000000e+03 1.747889121800533030e+04
3.070000000000000000e+03 1.750086466831081634e+04
3.071000000000000000e+03 1.749299178739041963e+04
3.072000000000000000e+03 1.748574009438205758e+04
3.073000000000000000e+03 1.748226161324837085e+04
3.074000000000000000e+03 1.750809454113222091e+04
3.075000000000000000e+03 1.752017989236110589e+04
3.076000000000000000e+03 1.749813853995182217e+04
3.077000000000000000e+03 1.752969365631758774e+04
3.078000000000000000e+03 1.755714946831683847e+04
3.079000000000000000e+03 1.758468046935340317e+04
3.080000000000000000e+03 1.758334788824993302e+04
3.081000000000000000e+03 1.762579352787814787e+04
3.082000000000000000e+03 1.762209542002755188e+04
3.083000000000000000e+03 1.761404149805986890e+04
3.084000000000000000e+03 1.761041155206227995e+04
3.085000000000000000e+03 1.760594297237138744e+04
3.086000000000000000e+03 1.762817978317004599e+04
3.087000000000000000e+03 1.760535614330705357e+04
3.088000000000000000e+03 1.760595908471658913e+04
3.089000000000000000e+03 1.765188674996477857e+04
3.090000000000000000e+03 1.766351569851666864e+04
3.091000000000000000e+03 1.766845178232196849e+04
3.092000000000000000e+03 1.766658849705198372e+04
3.093000000000000000e+03 1.769601986598606163e+04
3.094000000000000000e+03 1.770211120052338447e+04
3.095000000000000000e+03 1.770392186593477163e+04
3.096000000000000000e+03 1.771692173140044179e+04
3.097000000000000000e+03 1.768967432783047479e+04
3.098000000000000000e+03 1.769309916963192154e+04
3.099000000000000000e+03 1.767722643518750192e+04
3.100000000000000000e+03 1.770124325274086732e+04
3.101000000000000000e+03 1.773293532236603278e+04
3.102000000000000000e+03 1.774153271793027307e+04
3.103000000000000000e+03 1.772286925533005706e+04
3.104000000000000000e+03 1.769694092011375687e+04
3.105000000000000000e+03 1.769117171415701887e+04
3.106000000000000000e+03 1.771526496933159433e+04
3.107000000000000000e+03 1.772461394769666003e+04
3.108000000000000000e+03 1.774173132444317162e+04
3.109000000000000000e+03 1.772964995186434680e+04
3.110000000000000000e+03 1.773408670178238390e+04
3.111000000000000000e+03 1.773149678484663673e+04
3.112000000000000000e+03 1.775921049731894163e+04
3.113000000000000000e+03 1.778742603201528618e+04
3.114000000000000000e+03 1.778831685910869055e+04
3.115000000000000000e+03 1.782382223333733054e+04
3.116000000000000000e+03 1.780396267203850948e+04
3.117000000000000000e+03 1.783960844783110952e+04
3.118000000000000000e+03 1.778188664517817233e+04
3.119000000000000000e+03 1.779903714602448235e+04
3.120000000000000000e+03 1.779569571436179831e+04
3.121000000000000000e+03 1.777620341447086321e+04
3.122000000000000000e+03 1.776868296877310058e+04
3.123000000000000000e+03 1.780292161494613902e+04
3.124000000000000000e+03 1.781756523706700682e+04
3.125000000000000000e+03 1.776011295701336712e+04
3.126000000000000000e+03 1.781009404881640148e+04
3.127000000000000000e+03 1.779400982906319405e+04
3.128000000000000000e+03 1.781256534701147029e+04
3.129000000000000000e+03 1.783069842703799077e+04
3.130000000000000000e+03 1.783014863387938385e+04
3.131000000000000000e+03 1.787138379891266231e+04
3.132000000000000000e+03 1.788100065548701241e+04
3.133000000000000000e+03 1.788371765998468982e+04
3.134000000000000000e+03 1.788881839973510796e+04
3.135000000000000000e+03 1.792901019356255711e+04
3.136000000000000000e+03 1.791168280283670538e+04
3.137000000000000000e+03 1.791511854214378400e+04
3.138000000000000000e+03 1.795168988404065021e+04
3.139000000000000000e+03 1.798350685483483903e+04
3.140000000000000000e+03 1.801613539959937043e+04
3.141000000000000000e+03 1.802076633815557216e+04
3.142000000000000000e+03 1.803565293447397926e+04
3.143000000000000000e+03 1.798896379548555342e+04
3.144000000000000000e+03 1.797951452188190888e+04
3.145000000000000000e+03 1.802445849869435551e+04
3.146000000000000000e+03 1.805288892161882177e+04
3.147000000000000000e+03 1.802679903204538277e+04
3.148000000000000000e+03 1.806451045865702690e+04
3.149000000000000000e+03 1.804129110808781843e+04
3.150000000000000000e+03 1.800189387936746061e+04
3.151000000000000000e+03 1.803122849451115690e+04
3.152000000000000000e+03 1.799644454667523678e+04
3.153000000000000000e+03 1.799431856576574137e+04
3.154000000000000000e+03 1.802705756583750190e+04
3.155000000000000000e+03 1.803432829729351215e+04
3.156000000000000000e+03 1.801852580587100601e+04
3.157000000000000000e+03 1.802793748289844007e+04
3.158000000000000000e+03 1.802636633571525454e+04
3.159000000000000000e+03 1.806029952399047761e+04
3.160000000000000000e+03 1.807084055321114647e+04
3.161000000000000000e+03 1.806599970029534234e+04
3.162000000000000000e+03 1.809182920984675366e+04
3.163000000000000000e+03 1.809803515229786353e+04
3.164000000000000000e+03 1.810585467044822508e+04
3.165000000000000000e+03 1.813497427391973906e+04
3.166000000000000000e+03 1.814621679153676087e+04
3.167000000000000000e+03 1.810476002561359564e+04
3.168000000000000000e+03 1.811959982603534445e+04
3.169000000000000000e+03 1.816002940833892353e+04
3.170000000000000000e+03 1.816942127223610078e+04
3.171000000000000000e+03 1.820335118791275818e+04
3.172000000000000000e+03 1.822992714176033769e+04
3.173000000000000000e+03 1.825848992074081980e+04
3.174000000000000000e+03 1.824704585517994201e+04
3.175000000000000000e+03 1.823361831284605432e+04
3.176000000000000000e+03 1.827368794905745381e+04
3.177000000000000000e+03 1.828547298688877709e+04
3.178000000000000000e+03 1.831488166457726402e+04
3.179000000000000000e+03 1.829531380381550116e+04
3.180000000000000000e+03 1.831349467668385478e+04
3.181000000000000000e+03 1.832064287031898493e+04
3.182000000000000000e+03 1.833936365872862734e+04
3.183000000000000000e+03 1.830749216813740713e+04
3.184000000000000000e+03 1.828654779596111257e+04
3.185000000000000000e+03 1.829042600434870110e+04
3.186000000000000000e+03 1.828864953846111166e+04
3.187000000000000000e+03 1.829435184872629543e+04
3.188000000000000000e+03 1.832810110625194648e+04
3.189000000000000000e+03 1.828399177171208066e+04
3.190000000000000000e+03 1.827614444629284117e+04
3.191000000000000000e+03 1.826139671210178494e+04
3.192000000000000000e+03 1.828580709515874332e+04
3.193000000000000000e+03 1.821991385608866403e+04
3.194000000000000000e+03 1.822258678342090934e+04
3.195000000000000000e+03 1.825969243525367710e+04
3.196000000000000000e+03 1.826467810527769689e+04
3.197000000000000000e+03 1.829184087890097726e+04
3.198000000000000000e+03 1.828626984846652340e+04
3.199000000000000000e+03 1.827199726554997687e+04
3.200000000000000000e+03 1.826252357413392019e+04
3.201000000000000000e+03 1.822376621741654526e+04
3.202000000000000000e+03 1.825852523941931577e+04
3.203000000000000000e+03 1.827736224681311796e+04
3.204000000000000000e+03 1.832610007127376593e+04
3.205000000000000000e+03 1.834869340701805049e+04
3.206000000000000000e+03 1.836216500819548310e+04
3.207000000000000000e+03 1.836247651141359165e+04
3.208000000000000000e+03 1.839454647372211184e+04
3.209000000000000000e+03 1.840715557748850915e+04
3.210000000000000000e+03 1.840498771502229283e+04
3.211000000000000000e+03 1.839206753641811156e+04
3.212000000000000000e+03 1.839656428235142812e+04
3.213000000000000000e+03 1.837134358294416234e+04
3.214000000000000000e+03 1.835236584568371472e+04
3.215000000000000000e+03 1.836329771970534421e+04
3.216000000000000000e+03 1.837997364090821793e+04
3.217000000000000000e+03 1.836361460169400743e+04
3.218000000000000000e+03 1.835615531051358630e+04
3.219000000000000000e+03 1.837117167184864229e+04
3.220000000000000000e+03 1.835485837755246757e+04
3.221000000000000000e+03 1.836233734238375109e+04
3.222000000000000000e+03 1.836527632594439638e+04
3.223000000000000000e+03 1.834473090601729564e+04
3.224000000000000000e+03 1.836864704321568206e+04
3.225000000000000000e+03 1.841263521264329029e+04
3.226000000000000000e+03 1.840789240459716530e+04
3.227000000000000000e+03 1.843319287728816198e+04
3.228000000000000000e+03 1.847443610887134128e+04
3.229000000000000000e+03 1.845426048817224728e+04
3.230000000000000000e+03 1.847185665102054554e+04
3.231000000000000000e+03 1.854969032331839117e+04
3.232000000000000000e+03 1.856951106198494381e+04
3.233000000000000000e+03 1.858735506568383062e+04
3.234000000000000000e+03 1.860756389591149855e+04
3.235000000000000000e+03 1.863185968037309431e+04
3.236000000000000000e+03 1.863326429104643466e+04
3.237000000000000000e+03 1.863807840709859374e+04
3.238000000000000000e+03 1.864215474460052428e+04
3.239000000000000000e+03 1.864898238135077190e+04
3.240000000000000000e+03 1.867640178060590188e+04
3.241000000000000000e+03 1.866511031732376432e+04
3.242000000000000000e+03 1.866519890162264710e+04
3.243000000000000000e+03 1.866198287164892827e+04
3.244000000000000000e+03 1.869687009646166916e+04
3.245000000000000000e+03 1.870385573093910716e+04
3.246000000000000000e+03 1.873192253269862340e+04
3.247000000000000000e+03 1.873686232188856593e+04
3.248000000000000000e+03 1.873268758089249241e+04
3.249000000000000000e+03 1.874715104316502766e+04
3.250000000000000000e+03 1.872627529500990931e+04
3.251000000000000000e+03 1.872463310138064480e+04
3.252000000000000000e+03 1.875831627360548009e+04
3.253000000000000000e+03 1.875762922917896503e+04
3.254000000000000000e+03 1.874207898825148004e+04
3.255000000000000000e+03 1.878532578133286006e+04
3.256000000000000000e+03 1.881220443283917484e+04
3.257000000000000000e+03 1.878192056365247481e+04
3.258000000000000000e+03 1.881278449951199582e+04
3.259000000000000000e+03 1.884720958935799354e+04
3.260000000000000000e+03 1.887157205519821946e+04
3.261000000000000000e+03 1.881430679123489244e+04
3.262000000000000000e+03 1.876394440810154629e+04
3.263000000000000000e+03 1.877640209059976405e+04
3.264000000000000000e+03 1.880552174858651415e+04
3.265000000000000000e+03 1.882625256200583681e+04
3.266000000000000000e+03 1.883643066227398594e+04
3.267000000000000000e+03 1.884603834003999509e+04
3.268000000000000000e+03 1.885722990636709801e+04
3.269000000000000000e+03 1.882303009986103643e+04
3.270000000000000000e+03 1.887533573588788931e+04
3.271000000000000000e+03 1.886660213715301870e+04
3.272000000000000000e+03 1.880371669074507372e+04
3.273000000000000000e+03 1.880812983671877737e+04
3.274000000000000000e+03 1.880916114035487044e+04
3.275000000000000000e+03 1.881111544912185127e+04
3.276000000000000000e+03 1.886088286000343214e+04
3.277000000000000000e+03 1.890970644546489712e+04
3.278000000000000000e+03 1.892622682921788874e+04
3.279000000000000000e+03 1.892195688553225773e+04
3.280000000000000000e+03 1.891693920840052306e+04
3.281000000000000000e+03 1.892456375029756600e+04
3.282000000000000000e+03 1.890932571603550969e+04
3.283000000000000000e+03 1.890772150370799500e+04
3.284000000000000000e+03 1.887662589567036775e+04
3.285000000000000000e+03 1.889536043004929161e+04
3.286000000000000000e+03 1.890795489924036519e+04
3.287000000000000000e+03 1.891452894039708553e+04
3.288000000000000000e+03 1.890588835905308952e+04
3.289000000000000000e+03 1.894300569068874756e+04
3.290000000000000000e+03 1.893953478034873478e+04
3.291000000000000000e+03 1.894653011461085407e+04
3.292000000000000000e+03 1.894488203653197706e+04
3.293000000000000000e+03 1.893620325342556680e+04
3.294000000000000000e+03 1.898065367500846332e+04
3.295000000000000000e+03 1.897487069433605211e+04
3.296000000000000000e+03 1.902365595027934978e+04
3.297000000000000000e+03 1.901774959863733602e+04
3.298000000000000000e+03 1.901156565532057357e+04
3.299000000000000000e+03 1.901885900327335548e+04
3.300000000000000000e+03 1.905079290948588823e+04
3.301000000000000000e+03 1.903371977095661350e+04
3.302000000000000000e+03 1.904880283886448888e+04
3.303000000000000000e+03 1.901348699324488916e+04
3.304000000000000000e+03 1.902729463012918495e+04
3.305000000000000000e+03 1.901106896153373236e+04
3.306000000000000000e+03 1.908078907393874397e+04
3.307000000000000000e+03 1.912376271530789745e+04
3.308000000000000000e+03 1.913802454286876673e+04
3.309000000000000000e+03 1.912289192552632085e+04
3.310000000000000000e+03 1.912854347107260764e+04
3.311000000000000000e+03 1.911404436320542663e+04
3.312000000000000000e+03 1.910962520613392189e+04
3.313000000000000000e+03 1.907460934054620884e+04
3.314000000000000000e+03 1.909378132247136091e+04
3.315000000000000000e+03 1.909538748228862460e+04
3.316000000000000000e+03 1.910178130279855031e+04
3.317000000000000000e+03 1.911244515280075939e+04
3.318000000000000000e+03 1.911811275250781182e+04
3.319000000000000000e+03 1.912590124042404568e+04
3.320000000000000000e+03 1.916529255730919976e+04
3.321000000000000000e+03 1.921361999222660233e+04
3.322000000000000000e+03 1.920592036736499358e+04
3.323000000000000000e+03 1.921067241776606897e+04
3.324000000000000000e+03 1.920846424603432024e+04
3.325000000000000000e+03 1.920938924824089554e+04
3.326000000000000000e+03 1.920900669225496313e+04
3.327000000000000000e+03 1.921458261218446569e+04
3.328000000000000000e+03 1.921054289645597964e+04
3.329000000000000000e+03 1.921304215792477407e+04
3.330000000000000000e+03 1.922339306907543141e+04
3.331000000000000000e+03 1.924930521983812650e+04
3.332000000000000000e+03 1.927264722509880085e+04
3.333000000000000000e+03 1.922776355004082870e+04
3.334000000000000000e+03 1.920911499420451219e+04
3.335000000000000000e+03 1.920211293493026824e+04
3.336000000000000000e+03 1.920717682516887726e+04
3.337000000000000000e+03 1.919038940450466180e+04
3.338000000000000000e+03 1.921026596705401607e+04
3.339000000000000000e+03 1.921847310844161257e+04
3.340000000000000000e+03 1.914486466063853732e+04
3.341000000000000000e+03 1.915401630057950752e+04
3.342000000000000000e+03 1.919680604758809204e+04
3.343000000000000000e+03 1.922219664391638435e+04
3.344000000000000000e+03 1.923349336159315499e+04
3.345000000000000000e+03 1.926184545244858964e+04
3.346000000000000000e+03 1.929014122406878596e+04
3.347000000000000000e+03 1.927763789754254321e+04
3.348000000000000000e+03 1.926531626542167214e+04
3.349000000000000000e+03 1.929587246082780257e+04
3.350000000000000000e+03 1.927263538837918895e+04
3.351000000000000000e+03 1.926246605313948385e+04
3.352000000000000000e+03 1.927701889231648602e+04
3.353000000000000000e+03 1.922990329821380510e+04
3.354000000000000000e+03 1.919087377139251112e+04
3.355000000000000000e+03 1.918447924663838057e+04
3.356000000000000000e+03 1.922673249735916397e+04
3.357000000000000000e+03 1.922453241478102063e+04
3.358000000000000000e+03 1.923613581298931967e+04
3.359000000000000000e+03 1.926728304972889237e+04
3.360000000000000000e+03 1.927484500210844271e+04
3.361000000000000000e+03 1.924974336152043179e+04
3.362000000000000000e+03 1.926672824220914845e+04
3.363000000000000000e+03 1.927596462888109818e+04
3.364000000000000000e+03 1.925189091975705378e+04
3.365000000000000000e+03 1.923448090948216850e+04
3.366000000000000000e+03 1.926957813811517190e+04
3.367000000000000000e+03 1.929319773608148898e+04
3.368000000000000000e+03 1.928759985728195534e+04
3.369000000000000000e+03 1.928991694202894359e+04
3.370000000000000000e+03 1.928022925843443591e+04
3.371000000000000000e+03 1.927115796947482522e+04
3.372000000000000000e+03 1.932336682916926293e+04
3.373000000000000000e+03 1.931169945154285597e+04
3.374000000000000000e+03 1.928486561668328068e+04
3.375000000000000000e+03 1.928361815490295703e+04
3.376000000000000000e+03 1.928379142179248811e+04
3.377000000000000000e+03 1.929890255783670000e+04
3.378000000000000000e+03 1.929565167422914237e+04
3.379000000000000000e+03 1.936466216049845752e+04
3.380000000000000000e+03 1.937116415552721810e+04
3.381000000000000000e+03 1.938181917916282691e+04
3.382000000000000000e+03 1.939523132489691488e+04
3.383000000000000000e+03 1.939339203900307984e+04
3.384000000000000000e+03 1.938582545367475177e+04
3.385000000000000000e+03 1.939272459742954015e+04
3.386000000000000000e+03 1.939672345642964501e+04
3.387000000000000000e+03 1.940193384463785696e+04
3.388000000000000000e+03 1.945373818483891955e+04
3.389000000000000000e+03 1.946670869160483926e+04
3.390000000000000000e+03 1.943758309020811066e+04
3.391000000000000000e+03 1.946389349556349407e+04
3.392000000000000000e+03 1.947849918440207330e+04
3.393000000000000000e+03 1.950484019377861478e+04
3.394000000000000000e+03 1.948854887864249395e+04
3.395000000000000000e+03 1.949837911599274958e+04
3.396000000000000000e+03 1.951159631947661182e+04
3.397000000000000000e+03 1.950971546058824242e+04
3.398000000000000000e+03 1.951082057331542455e+04
3.399000000000000000e+03 1.952385966703165104e+04
3.400000000000000000e+03 1.955503758142760125e+04
3.401000000000000000e+03 1.956803314543659508e+04
3.402000000000000000e+03 1.957244372661584930e+04
3.403000000000000000e+03 1.957643426623900086e+04
3.404000000000000000e+03 1.955431579322081961e+04
3.405000000000000000e+03 1.955698943035478078e+04
3.406000000000000000e+03 1.958623622406660797e+04
3.407000000000000000e+03 1.961913568536321327e+04
3.408000000000000000e+03 1.961563380739540662e+04
3.409000000000000000e+03 1.960483758007610595e+04
3.410000000000000000e+03 1.965726773728636908e+04
3.411000000000000000e+03 1.968503392980720309e+04
3.412000000000000000e+03 1.969799015106783190e+04
3.413000000000000000e+03 1.970125946811820540e+04
3.414000000000000000e+03 1.968675967920484982e+04
3.415000000000000000e+03 1.967146316229243530e+04
3.416000000000000000e+03 1.967457216527335913e+04
3.417000000000000000e+03 1.970060343971944167e+04
3.418000000000000000e+03 1.969141035899935378e+04
3.419000000000000000e+03 1.968279723505889342e+04
3.420000000000000000e+03 1.971157341289290707e+04
3.421000000000000000e+03 1.969193562161064619e+04
3.422000000000000000e+03 1.968393446017286260e+04
3.423000000000000000e+03 1.972485280316960780e+04
3.424000000000000000e+03 1.969593558498187485e+04
3.425000000000000000e+03 1.970138764307915699e+04
3.426000000000000000e+03 1.972998681994051367e+04
3.427000000000000000e+03 1.975056300292717060e+04
3.428000000000000000e+03 1.974788005891062858e+04
3.429000000000000000e+03 1.974313158664596995e+04
3.430000000000000000e+03 1.976655474135376789e+04
3.431000000000000000e+03 1.974289582263582997e+04
3.432000000000000000e+03 1.973423630672432773e+04
3.433000000000000000e+03 1.973331275129857386e+04
3.434000000000000000e+03 1.973889408989610092e+04
3.435000000000000000e+03 1.972861583395575508e+04
3.436000000000000000e+03 1.976942259651348286e+04
3.437000000000000000e+03 1.973866842955902393e+04
3.438000000000000000e+03 1.970732352886777153e+04
3.439000000000000000e+03 1.970859883204232756e+04
3.440000000000000000e+03 1.973553332677727667e+04
3.441000000000000000e+03 1.972905433302828533e+04
3.442000000000000000e+03 1.970652522754172605e+04
3.443000000000000000e+03 1.972801564251574018e+04
3.444000000000000000e+03 1.972889174667084808e+04
3.445000000000000000e+03 1.976787629377546909e+04
3.446000000000000000e+03 1.976438267052016090e+04
3.447000000000000000e+03 1.976071831704300712e+04
3.448000000000000000e+03 1.974556678700889461e+04
3.449000000000000000e+03 1.973916615205682683e+04
3.450000000000000000e+03 1.971867509694087494e+04
3.451000000000000000e+03 1.975234406390890581e+04
3.452000000000000000e+03 1.974050189853194388e+04
3.453000000000000000e+03 1.974036839647671877e+04
3.454000000000000000e+03 1.978341274781379980e+04
3.455000000000000000e+03 1.977631805038708626e+04
3.456000000000000000e+03 1.976388464199858572e+04
3.457000000000000000e+03 1.978572455638047904e+04
3.458000000000000000e+03 1.978031312188316588e+04
3.459000000000000000e+03 1.978640681494382443e+04
3.460000000000000000e+03 1.980325527187668195e+04
3.461000000000000000e+03 1.979562547449327394e+04
3.462000000000000000e+03 1.978269059103959080e+04
3.463000000000000000e+03 1.978922401442602859e+04
3.464000000000000000e+03 1.976445242508484807e+04
3.465000000000000000e+03 1.980246430173200133e+04
3.466000000000000000e+03 1.978257300856431175e+04
3.467000000000000000e+03 1.976234239317790343e+04
3.468000000000000000e+03 1.974684374780827420e+04
3.469000000000000000e+03 1.975073986374823653e+04
3.470000000000000000e+03 1.979434778679976444e+04
3.471000000000000000e+03 1.979554111629699764e+04
3.472000000000000000e+03 1.980799919797467737e+04
3.473000000000000000e+03 1.981966123201118535e+04
3.474000000000000000e+03 1.985540980431824937e+04
3.475000000000000000e+03 1.987158628703840441e+04
3.476000000000000000e+03 1.988293025197525276e+04
3.477000000000000000e+03 1.988016081226270398e+04
3.478000000000000000e+03 1.992238603585631063e+04
3.479000000000000000e+03 1.988479455172720191e+04
3.480000000000000000e+03 1.988540316267813978e+04
3.481000000000000000e+03 1.985142915950315000e+04
3.482000000000000000e+03 1.984363970816077199e+04
3.483000000000000000e+03 1.984331978763594816e+04
3.484000000000000000e+03 1.987744663406266409e+04
3.485000000000000000e+03 1.988945446832406742e+04
3.486000000000000000e+03 1.989533934289547324e+04
3.487000000000000000e+03 1.991467489816447414e+04
3.488000000000000000e+03 1.996348673726875859e+04
3.489000000000000000e+03 1.994011482149464064e+04
3.490000000000000000e+03 1.999350598844543856e+04
3.491000000000000000e+03 2.002509883697589976e+04
3.492000000000000000e+03 1.999762523941251857e+04
3.493000000000000000e+03 2.002170653961970675e+04
3.494000000000000000e+03 2.001559700517180681e+04
3.495000000000000000e+03 2.003740920116589768e+04
3.496000000000000000e+03 2.005901099983566746e+04
3.497000000000000000e+03 2.001022330752264315e+04
3.498000000000000000e+03 2.001189633442342529e+04
3.499000000000000000e+03 2.002728878387594159e+04
3.500000000000000000e+03 2.003074131364989444e+04
3.501000000000000000e+03 2.001415052654562533e+04
3.502000000000000000e+03 2.000755993934732760e+04
3.503000000000000000e+03 1.998372545271236959e+04
3.504000000000000000e+03 1.996298754186337101e+04
3.505000000000000000e+03 1.991930991357811581e+04
3.506000000000000000e+03 1.995034762946435148e+04
3.507000000000000000e+03 1.995323796483744809e+04
3.508000000000000000e+03 1.995355551365351130e+04
3.509000000000000000e+03 1.996124102566860165e+04
3.510000000000000000e+03 1.995554913330112686e+04
3.511000000000000000e+03 1.996143154807137762e+04
3.512000000000000000e+03 1.998448848857092526e+04
3.513000000000000000e+03 1.999092137439626822e+04
3.514000000000000000e+03 1.996908243615637548e+04
3.515000000000000000e+03 2.000037865030565808e+04
3.516000000000000000e+03 2.004046560451588812e+04
3.517000000000000000e+03 2.008560481370053822e+04
3.518000000000000000e+03 2.006407872051419326e+04
3.519000000000000000e+03 2.007880825901776552e+04
3.520000000000000000e+03 2.008507958930178211e+04
3.521000000000000000e+03 2.003777052820417885e+04
3.522000000000000000e+03 2.006757668894298695e+04
3.523000000000000000e+03 2.010748239389113223e+04
3.524000000000000000e+03 2.013972199264559822e+04
3.525000000000000000e+03 2.016047004573010418e+04
3.526000000000000000e+03 2.015171212323025247e+04
3.527000000000000000e+03 2.017726920194915147e+04
3.528000000000000000e+03 2.017551438715655604e+04
3.529000000000000000e+03 2.016933084052853519e+04
3.530000000000000000e+03 2.021798766160255036e+04
3.531000000000000000e+03 2.022914414683656651e+04
3.532000000000000000e+03 2.021404366552933061e+04
3.533000000000000000e+03 2.023821222917770501e+04
3.534000000000000000e+03 2.022998724513962952e+04
3.535000000000000000e+03 2.023078737103658204e+04
3.536000000000000000e+03 2.025976584243771504e+04
3.537000000000000000e+03 2.021959937536150392e+04
3.538000000000000000e+03 2.024374029589246129e+04
3.539000000000000000e+03 2.023983674430315295e+04
3.540000000000000000e+03 2.026297774287456923e+04
3.541000000000000000e+03 2.027569006757052921e+04
3.542000000000000000e+03 2.029255663259066569e+04
3.543000000000000000e+03 2.031405842592234330e+04
3.544000000000000000e+03 2.030203137904838513e+04
3.545000000000000000e+03 2.028862033586134930e+04
3.546000000000000000e+03 2.034336706690985375e+04
3.547000000000000000e+03 2.032904993486058447e+04
3.548000000000000000e+03 2.036241559056797632e+04
3.549000000000000000e+03 2.035127593048753988e+04
3.550000000000000000e+03 2.033563611007373402e+04
3.551000000000000000e+03 2.037269095281430782e+04
3.552000000000000000e+03 2.038403597318005995e+04
3.553000000000000000e+03 2.039795626346293648e+04
3.554000000000000000e+03 2.040575365886321379e+04
3.555000000000000000e+03 2.043423134060682423e+04
3.556000000000000000e+03 2.046311744072638248e+04
3.557000000000000000e+03 2.040857939450328922e+04
3.558000000000000000e+03 2.036527081565795743e+04
3.559000000000000000e+03 2.033582161514645486e+04
3.560000000000000000e+03 2.033630096597183365e+04
3.561000000000000000e+03 2.035182207415677840e+04
3.562000000000000000e+03 2.033449749845922634e+04
3.563000000000000000e+03 2.036187734870886197e+04
3.564000000000000000e+03 2.035864267284286689e+04
3.565000000000000000e+03 2.034920583854210781e+04
3.566000000000000000e+03 2.035264234642537849e+04
3.567000000000000000e+03 2.032987994261600033e+04
3.568000000000000000e+03 2.031510926787143399e+04
3.569000000000000000e+03 2.030723954757437969e+04
3.570000000000000000e+03 2.031701478096320352e+04
3.571000000000000000e+03 2.029737666053960493e+04
3.572000000000000000e+03 2.033684935958041387e+04
3.573000000000000000e+03 2.037402397855645904e+04
3.574000000000000000e+03 2.040121938338233304e+04
3.575000000000000000e+03 2.040610545399807233e+04
3.576000000000000000e+03 2.043994230388226788e+04
3.577000000000000000e+03 2.043435560338407959e+04
3.578000000000000000e+03 2.046612036687018553e+04
3.579000000000000000e+03 2.045812380066162223e+04
3.580000000000000000e+03 2.047226411802605071e+04
3.581000000000000000e+03 2.044907962600913015e+04
3.582000000000000000e+03 2.044319637805887032e+04
3.583000000000000000e+03 2.048421558632588858e+04
3.584000000000000000e+03 2.048352166132427374e+04
3.585000000000000000e+03 2.049593911872031822e+04
3.586000000000000000e+03 2.052830609697174077e+04
3.587000000000000000e+03 2.052337258523051787e+04
3.588000000000000000e+03 2.054683549303127802e+04
3.589000000000000000e+03 2.056190054336050162e+04
3.590000000000000000e+03 2.057389281192511771e+04
3.591000000000000000e+03 2.058399274984288422e+04
3.592000000000000000e+03 2.057170141518991295e+04
3.593000000000000000e+03 2.058828518710006028e+04
3.594000000000000000e+03 2.056733102576187957e+04
3.595000000000000000e+03 2.058103978498204015e+04
3.596000000000000000e+03 2.058527795955126567e+04
3.597000000000000000e+03 2.057107799609041103e+04
3.598000000000000000e+03 2.054898123394743743e+04
3.599000000000000000e+03 2.055056852768480167e+04
3.600000000000000000e+03 2.056241635726927416e+04
3.601000000000000000e+03 2.060277387658595035e+04
3.602000000000000000e+03 2.061553634596473785e+04
3.603000000000000000e+03 2.062350314334352879e+04
3.604000000000000000e+03 2.063543814327535438e+04
3.605000000000000000e+03 2.065706484621437994e+04
3.606000000000000000e+03 2.065632495284814286e+04
3.607000000000000000e+03 2.070956989105899993e+04
3.608000000000000000e+03 2.067048585412655666e+04
3.609000000000000000e+03 2.066305535259459430e+04
3.610000000000000000e+03 2.066841921141565035e+04
3.611000000000000000e+03 2.070788287626878810e+04
3.612000000000000000e+03 2.072163789442963025e+04
3.613000000000000000e+03 2.073978873530025157e+04
3.614000000000000000e+03 2.076778231111545392e+04
3.615000000000000000e+03 2.077395640988815649e+04
3.616000000000000000e+03 2.079262378073977743e+04
3.617000000000000000e+03 2.087019039370489190e+04
3.618000000000000000e+03 2.088554857084956893e+04
3.619000000000000000e+03 2.094223455515177193e+04
3.620000000000000000e+03 2.095674625480249961e+04
3.621000000000000000e+03 2.093446029772404654e+04
3.622000000000000000e+03 2.091809030880938735e+04
3.623000000000000000e+03 2.093138851135082950e+04
3.624000000000000000e+03 2.092572884167202574e+04
3.625000000000000000e+03 2.091865091527926779e+04
3.626000000000000000e+03 2.093046634839533363e+04
3.627000000000000000e+03 2.098000853113730409e+04
3.628000000000000000e+03 2.101865308163169539e+04
3.629000000000000000e+03 2.101126634136608118e+04
3.630000000000000000e+03 2.099416117965494414e+04
3.631000000000000000e+03 2.097392846396944879e+04
3.632000000000000000e+03 2.096750365709240577e+04
3.633000000000000000e+03 2.093440148945507462e+04
3.634000000000000000e+03 2.092928931663951880e+04
3.635000000000000000e+03 2.094651187740052774e+04
3.636000000000000000e+03 2.092685781225737446e+04
3.637000000000000000e+03 2.091981918054750349e+04
3.638000000000000000e+03 2.091573546632727448e+04
3.639000000000000000e+03 2.089266467390247635e+04
3.640000000000000000e+03 2.093085090247229527e+04
3.641000000000000000e+03 2.095144208063463157e+04
3.642000000000000000e+03 2.095151016840825469e+04
3.643000000000000000e+03 2.097721407133674802e+04
3.644000000000000000e+03 2.099099759034305680e+04
3.645000000000000000e+03 2.094721913426842366e+04
3.646000000000000000e+03 2.091382009911725618e+04
3.647000000000000000e+03 2.093595580039491688e+04
3.648000000000000000e+03 2.094192869051881644e+04
3.649000000000000000e+03 2.093289420518302722e+04
3.650000000000000000e+03 2.094713224238689145e+04
3.651000000000000000e+03 2.096410099910143981e+04
3.652000000000000000e+03 2.099593317795637995e+04
3.653000000000000000e+03 2.101151990385233876e+04
3.654000000000000000e+03 2.104085212293548102e+04
3.655000000000000000e+03 2.104212142262561974e+04
3.656000000000000000e+03 2.101982348145077412e+04
3.657000000000000000e+03 2.101766878685784104e+04
3.658000000000000000e+03 2.103257589494388958e+04
3.659000000000000000e+03 2.102625357801362043e+04
3.660000000000000000e+03 2.103729113321630939e+04
3.661000000000000000e+03 2.105007106133472553e+04
3.662000000000000000e+03 2.104177197691717083e+04
3.663000000000000000e+03 2.106025925523192200e+04
3.664000000000000000e+03 2.103088235683666426e+04
3.665000000000000000e+03 2.100702792945175679e+04
3.666000000000000000e+03 2.101496299951454785e+04
3.667000000000000000e+03 2.100582348902833473e+04
3.668000000000000000e+03 2.103798362704713509e+04
3.669000000000000000e+03 2.106071554984967588e+04
3.670000000000000000e+03 2.106498844914444271e+04
3.671000000000000000e+03 2.108105360617614861e+04
3.672000000000000000e+03 2.110686729956843919e+04
3.673000000000000000e+03 2.107566225603606290e+04
3.674000000000000000e+03 2.105115691463569965e+04
3.675000000000000000e+03 2.106243108335535362e+04
3.676000000000000000e+03 2.106595218095835298e+04
3.677000000000000000e+03 2.104639672226409675e+04
3.678000000000000000e+03 2.103591617071844666e+04
3.679000000000000000e+03 2.101997545778436324e+04
3.680000000000000000e+03 2.103113707305741264e+04
3.681000000000000000e+03 2.103352142721709242e+04
3.682000000000000000e+03 2.107710066834805548e+04
3.683000000000000000e+03 2.109414129783667522e+04
3.684000000000000000e+03 2.107708198750984957e+04
3.685000000000000000e+03 2.111371770349817234e+04
3.686000000000000000e+03 2.113566300349801895e+04
3.687000000000000000e+03 2.112671333470610261e+04
3.688000000000000000e+03 2.116029555537349370e+04
3.689000000000000000e+03 2.120174109434509955e+04
3.690000000000000000e+03 2.121789757835438286e+04
3.691000000000000000e+03 2.119828354864422363e+04
3.692000000000000000e+03 2.124251961457055222e+04
3.693000000000000000e+03 2.124399366594490857e+04
3.694000000000000000e+03 2.126882267117598167e+04
3.695000000000000000e+03 2.124935200648117461e+04
3.696000000000000000e+03 2.119496931734912141e+04
3.697000000000000000e+03 2.123785906100072680e+04
3.698000000000000000e+03 2.130014097842369665e+04
3.699000000000000000e+03 2.129302394099822413e+04
3.700000000000000000e+03 2.129910656280387047e+04
3.701000000000000000e+03 2.128258051670292480e+04
3.702000000000000000e+03 2.127680819606090154e+04
3.703000000000000000e+03 2.122796238409946818e+04
3.704000000000000000e+03 2.127932901325061903e+04
3.705000000000000000e+03 2.127735724097165075e+04
3.706000000000000000e+03 2.125989259599434081e+04
3.707000000000000000e+03 2.123881953878439163e+04
3.708000000000000000e+03 2.126954709039721638e+04
3.709000000000000000e+03 2.128649868058561333e+04
3.710000000000000000e+03 2.130555353705525340e+04
3.711000000000000000e+03 2.129057978143113723e+04
3.712000000000000000e+03 2.125455463528680411e+04
3.713000000000000000e+03 2.127642264798573888e+04
3.714000000000000000e+03 2.124798824197601425e+04
3.715000000000000000e+03 2.124843972942844266e+04
3.716000000000000000e+03 2.125343290631566197e+04
3.717000000000000000e+03 2.125309887249134772e+04
3.718000000000000000e+03 2.127768454902801386e+04
3.719000000000000000e+03 2.129177345171065463e+04
3.720000000000000000e+03 2.125325606367914588e+04
3.721000000000000000e+03 2.131251717507627109e+04
3.722000000000000000e+03 2.136602136625042476e+04
3.723000000000000000e+03 2.132564866419065584e+04
3.724000000000000000e+03 2.129067534687642910e+04
3.725000000000000000e+03 2.129599858193611362e+04
3.726000000000000000e+03 2.123572872482744060e+04
3.727000000000000000e+03 2.125613432920553532e+04
3.728000000000000000e+03 2.127576771582973015e+04
3.729000000000000000e+03 2.124818900639007552e+04
3.730000000000000000e+03 2.125318356037622652e+04
3.731000000000000000e+03 2.130748886784814385e+04
3.732000000000000000e+03 2.131441146030090385e+04
3.733000000000000000e+03 2.130322566252110119e+04
3.734000000000000000e+03 2.132107356267239447e+04
3.735000000000000000e+03 2.134869630094214517e+04
3.736000000000000000e+03 2.133567794263652468e+04
3.737000000000000000e+03 2.137049202226916532e+04
3.738000000000000000e+03 2.137376664860773235e+04
3.739000000000000000e+03 2.140052458367214786e+04
3.740000000000000000e+03 2.141153191811999568e+04
3.741000000000000000e+03 2.140086746254254467e+04
3.742000000000000000e+03 2.140259490211986122e+04
3.743000000000000000e+03 2.144631143815521864e+04
3.744000000000000000e+03 2.141412849716472556e+04
3.745000000000000000e+03 2.145260046105073343e+04
3.746000000000000000e+03 2.140818203784766956e+04
3.747000000000000000e+03 2.138262454560343031e+04
3.748000000000000000e+03 2.140372899441713525e+04
3.749000000000000000e+03 2.144377031402266584e+04
3.750000000000000000e+03 2.145687133056170205e+04
3.751000000000000000e+03 2.144417464209724130e+04
3.752000000000000000e+03 2.145014994850125368e+04
3.753000000000000000e+03 2.148500044844507647e+04
3.754000000000000000e+03 2.149992687031845344e+04
3.755000000000000000e+03 2.153396757529660681e+04
3.756000000000000000e+03 2.157704418513138080e+04
3.757000000000000000e+03 2.153168413547030286e+04
3.758000000000000000e+03 2.153771891599542141e+04
3.759000000000000000e+03 2.155118326151588553e+04
3.760000000000000000e+03 2.156131629295775929e+04
3.761000000000000000e+03 2.159217156424011773e+04
3.762000000000000000e+03 2.159971836947857082e+04
3.763000000000000000e+03 2.156028501281058197e+04
3.764000000000000000e+03 2.160435712715984482e+04
3.765000000000000000e+03 2.160416584395036625e+04
3.766000000000000000e+03 2.159306007182175381e+04
3.767000000000000000e+03 2.161548593848965902e+04
3.768000000000000000e+03 2.162733551692892433e+04
3.769000000000000000e+03 2.159941929532214635e+04
3.770000000000000000e+03 2.163089409945652369e+04
3.771000000000000000e+03 2.163245365534968369e+04
3.772000000000000000e+03 2.167538848230191797e+04
3.773000000000000000e+03 2.166584584388776057e+04
3.774000000000000000e+03 2.164490631968664457e+04
3.775000000000000000e+03 2.161669719961551891e+04
3.776000000000000000e+03 2.165241882034224182e+04
3.777000000000000000e+03 2.167935441314634954e+04
3.778000000000000000e+03 2.170619913628180439e+04
3.779000000000000000e+03 2.168474906641147390e+04
3.780000000000000000e+03 2.170122264704150439e+04
3.781000000000000000e+03 2.167812489456906769e+04
3.782000000000000000e+03 2.168362947727589926e+04
3.783000000000000000e+03 2.172737845884919443e+04
3.784000000000000000e+03 2.174022418808415750e+04
3.785000000000000000e+03 2.171912092897541515e+04
3.786000000000000000e+03 2.175389287722386143e+04
3.787000000000000000e+03 2.174787755814540287e+04
3.788000000000000000e+03 2.175084127383084706e+04
3.789000000000000000e+03 2.178244096503395849e+04
3.790000000000000000e+03 2.181444399622663332e+04
3.791000000000000000e+03 2.181899746752795545e+04
3.792000000000000000e+03 2.179156519487006881e+04
3.793000000000000000e+03 2.176720980125313872e+04
3.794000000000000000e+03 2.180786367079272168e+04
3.795000000000000000e+03 2.182758227291484218e+04
3.796000000000000000e+03 2.184525323293260226e+04
3.797000000000000000e+03 2.185418256830263999e+04
3.798000000000000000e+03 2.186970836129596501e+04
3.799000000000000000e+03 2.192784109857965814e+04
3.800000000000000000e+03 2.193360651285178392e+04
3.801000000000000000e+03 2.189612844082941956e+04
3.802000000000000000e+03 2.193254377130011198e+04
3.803000000000000000e+03 2.194386012129893788e+04
3.804000000000000000e+03 2.194118368781036770e+04
3.805000000000000000e+03 2.196515826842162642e+04
3.806000000000000000e+03 2.195327188294331427e+04
3.807000000000000000e+03 2.195790944922677227e+04
3.808000000000000000e+03 2.196618051146927610e+04
3.809000000000000000e+03 2.199397764984771857e+04
3.810000000000000000e+03 2.200665388036490549e+04
3.811000000000000000e+03 2.197668109375660424e+04
3.812000000000000000e+03 2.194274119535878344e+04
3.813000000000000000e+03 2.197943357046800520e+04
3.814000000000000000e+03 2.198895032260135486e+04
3.815000000000000000e+03 2.200090174450285849e+04
3.816000000000000000e+03 2.199154774898844335e+04
3.817000000000000000e+03 2.197947894935622026e+04
3.818000000000000000e+03 2.192764932276569380e+04
3.819000000000000000e+03 2.193807944749001399e+04
3.820000000000000000e+03 2.190523696010923959e+04
3.821000000000000000e+03 2.190274150995369200e+04
3.822000000000000000e+03 2.188451259592462520e+04
3.823000000000000000e+03 2.193929615875039599e+04
3.824000000000000000e+03 2.197021318893655189e+04
3.825000000000000000e+03 2.197502919382458276e+04
3.826000000000000000e+03 2.197088362473175584e+04
3.827000000000000000e+03 2.196834584421657200e+04
3.828000000000000000e+03 2.200005816682554723e+04
3.829000000000000000e+03 2.198349324069042996e+04
3.830000000000000000e+03 2.204226205710083377e+04
3.831000000000000000e+03 2.206665569257555399e+04
3.832000000000000000e+03 2.207108768681386937e+04
3.833000000000000000e+03 2.204933595574655556e+04
3.834000000000000000e+03 2.202406997363502887e+04
3.835000000000000000e+03 2.199717564083300022e+04
3.836000000000000000e+03 2.198550987971515133e+04
3.837000000000000000e+03 2.200877020693420127e+04
3.838000000000000000e+03 2.200529748052265131e+04
3.839000000000000000e+03 2.203914589073929164e+04
3.840000000000000000e+03 2.208575647719668268e+04
3.841000000000000000e+03 2.210196080016995256e+04
3.842000000000000000e+03 2.211440414658129157e+04
3.843000000000000000e+03 2.210464680371690702e+04
3.844000000000000000e+03 2.211098213617621877e+04
3.845000000000000000e+03 2.213668857984682836e+04
3.846000000000000000e+03 2.213690064121171963e+04
3.847000000000000000e+03 2.211519981082082450e+04
3.848000000000000000e+03 2.213373459375191669e+04
3.849000000000000000e+03 2.213438496082781421e+04
3.850000000000000000e+03 2.210046616640221691e+04
3.851000000000000000e+03 2.210788460265832691e+04
3.852000000000000000e+03 2.210416496405291400e+04
3.853000000000000000e+03 2.208114496460587179e+04
3.854000000000000000e+03 2.210029668894350107e+04
3.855000000000000000e+03 2.211057774235150646e+04
3.856000000000000000e+03 2.212111817588406484e+04
3.857000000000000000e+03 2.211348070093265778e+04
3.858000000000000000e+03 2.215396328954299315e+04
3.859000000000000000e+03 2.214643844567036649e+04
3.860000000000000000e+03 2.217301498830314813e+04
3.861000000000000000e+03 2.218298359874856760e+04
3.862000000000000000e+03 2.220181381034504739e+04
3.863000000000000000e+03 2.220604262055461732e+04
3.864000000000000000e+03 2.221564464127538668e+04
3.865000000000000000e+03 2.219655041662929580e+04
3.866000000000000000e+03 2.218661041186583680e+04
3.867000000000000000e+03 2.222034286331109615e+04
3.868000000000000000e+03 2.224058729482606941e+04
3.869000000000000000e+03 2.225989410930037775e+04
3.870000000000000000e+03 2.224831640286728361e+04
3.871000000000000000e+03 2.225488949005701579e+04
3.872000000000000000e+03 2.224536112082502950e+04
3.873000000000000000e+03 2.225407168503816138e+04
3.874000000000000000e+03 2.224486723110990351e+04
3.875000000000000000e+03 2.221756013288600298e+04
3.876000000000000000e+03 2.222382690254763656e+04
3.877000000000000000e+03 2.222753817233276277e+04
3.878000000000000000e+03 2.222893338468022193e+04
3.879000000000000000e+03 2.223554253820182203e+04
3.880000000000000000e+03 2.224829644215260487e+04
3.881000000000000000e+03 2.228073845000695655e+04
3.882000000000000000e+03 2.229572319658668494e+04
3.883000000000000000e+03 2.230132655880260063e+04
3.884000000000000000e+03 2.228797246087604435e+04
3.885000000000000000e+03 2.233298099548277605e+04
3.886000000000000000e+03 2.234747250310485470e+04
3.887000000000000000e+03 2.230928377032419303e+04
3.888000000000000000e+03 2.232514205604165909e+04
3.889000000000000000e+03 2.234509304918760972e+04
3.890000000000000000e+03 2.230202907525733826e+04
3.891000000000000000e+03 2.229985985409496789e+04
3.892000000000000000e+03 2.234425150545260112e+04
3.893000000000000000e+03 2.232443026635007482e+04
3.894000000000000000e+03 2.231878518494803575e+04
3.895000000000000000e+03 2.235730365081483251e+04
3.896000000000000000e+03 2.235702724879911693e+04
3.897000000000000000e+03 2.237891844915757247e+04
3.898000000000000000e+03 2.234483511479245863e+04
3.899000000000000000e+03 2.230870672228520925e+04
3.900000000000000000e+03 2.232448297406831625e+04
3.901000000000000000e+03 2.229971191373785405e+04
3.902000000000000000e+03 2.225831063148156682e+04
3.903000000000000000e+03 2.231491799479636757e+04
3.904000000000000000e+03 2.234706928018540202e+04
3.905000000000000000e+03 2.233139379003855720e+04
3.906000000000000000e+03 2.234129712723819830e+04
3.907000000000000000e+03 2.236082238651776061e+04
3.908000000000000000e+03 2.230797231287667091e+04
3.909000000000000000e+03 2.232094728964935712e+04
3.910000000000000000e+03 2.229764427249563232e+04
3.911000000000000000e+03 2.229328049191591344e+04
3.912000000000000000e+03 2.232892374558433949e+04
3.913000000000000000e+03 2.231738744246089846e+04
3.914000000000000000e+03 2.228786786659177960e+04
3.915000000000000000e+03 2.233598651236931619e+04
3.916000000000000000e+03 2.233192680221672708e+04
3.917000000000000000e+03 2.230251307026693030e+04
3.918000000000000000e+03 2.229813604472405859e+04
3.919000000000000000e+03 2.230880864957193990e+04
3.920000000000000000e+03 2.233021947605727473e+04
3.921000000000000000e+03 2.236670634991248517e+04
3.922000000000000000e+03 2.237247165999152276e+04
3.923000000000000000e+03 2.236622290629089548e+04
3.924000000000000000e+03 2.241791730017884402e+04
3.925000000000000000e+03 2.243588866582516857e+04
3.926000000000000000e+03 2.248328598965194760e+04
3.927000000000000000e+03 2.252109677397046107e+04
3.928000000000000000e+03 2.246730628889261425e+04
3.929000000000000000e+03 2.251725512274717403e+04
3.930000000000000000e+03 2.252427393606941769e+04
3.931000000000000000e+03 2.252694818452023901e+04
3.932000000000000000e+03 2.250687909600778221e+04
3.933000000000000000e+03 2.251930668207690906e+04
3.934000000000000000e+03 2.255139311207670471e+04
3.935000000000000000e+03 2.257085481342159255e+04
3.936000000000000000e+03 2.255617138622188577e+04
3.937000000000000000e+03 2.253409405306714325e+04
3.938000000000000000e+03 2.253573154619621710e+04
3.939000000000000000e+03 2.253772861053072484e+04
3.940000000000000000e+03 2.253668556796394114e+04
3.941000000000000000e+03 2.257084976428554000e+04
3.942000000000000000e+03 2.258786081918612763e+04
3.943000000000000000e+03 2.258826813111819865e+04
3.944000000000000000e+03 2.257063973873867144e+04
3.945000000000000000e+03 2.256743624347716832e+04
3.946000000000000000e+03 2.258218621940065714e+04
3.947000000000000000e+03 2.256549901208543452e+04
3.948000000000000000e+03 2.257545322155743997e+04
3.949000000000000000e+03 2.255304565186435502e+04
3.950000000000000000e+03 2.254978476963164576e+04
3.951000000000000000e+03 2.260639682946200992e+04
3.952000000000000000e+03 2.260821342361522693e+04
3.953000000000000000e+03 2.262022925058026522e+04
3.954000000000000000e+03 2.269626005722585978e+04
3.955000000000000000e+03 2.266881994492635204e+04
3.956000000000000000e+03 2.266769505368966202e+04
3.957000000000000000e+03 2.266028618105541682e+04
3.958000000000000000e+03 2.267585173361912894e+04
3.959000000000000000e+03 2.267146154957159888e+04
3.960000000000000000e+03 2.269410806557923570e+04
3.961000000000000000e+03 2.271221661928692265e+04
3.962000000000000000e+03 2.270331471271511327e+04
3.963000000000000000e+03 2.269527480019426002e+04
3.964000000000000000e+03 2.268516354660601792e+04
3.965000000000000000e+03 2.267844868909044453e+04
3.966000000000000000e+03 2.270468341533558851e+04
3.967000000000000000e+03 2.273452923947342424e+04
3.968000000000000000e+03 2.273900582594218577e+04
3.969000000000000000e+03 2.272580440807651030e+04
3.970000000000000000e+03 2.271480465259744597e+04
3.971000000000000000e+03 2.272214693803264527e+04
3.972000000000000000e+03 2.270837016230481458e+04
3.973000000000000000e+03 2.271539193550305572e+04
3.974000000000000000e+03 2.271371682713566770e+04
3.975000000000000000e+03 2.270739592802394327e+04
3.976000000000000000e+03 2.270730049089260501e+04
3.977000000000000000e+03 2.274067072673581788e+04
3.978000000000000000e+03 2.271626121470369617e+04
3.979000000000000000e+03 2.273692942450606643e+04
3.980000000000000000e+03 2.276701213573506902e+04
3.981000000000000000e+03 2.274849719010619083e+04
3.982000000000000000e+03 2.272917460431409927e+04
3.983000000000000000e+03 2.276182265662855571e+04
3.984000000000000000e+03 2.278467282107202846e+04
3.985000000000000000e+03 2.273831975880656319e+04
3.986000000000000000e+03 2.273711327576295298e+04
3.987000000000000000e+03 2.273840439618259552e+04
3.988000000000000000e+03 2.271888906866613615e+04
3.989000000000000000e+03 2.277830633069956093e+04
3.990000000000000000e+03 2.277745579186078976e+04
3.991000000000000000e+03 2.275453723456961961e+04
3.992000000000000000e+03 2.277782669730129055e+04
3.993000000000000000e+03 2.278724563266721452e+04
3.994000000000000000e+03 2.278496205563024341e+04
3.995000000000000000e+03 2.278728860658124540e+04
3.996000000000000000e+03 2.278179546512674278e+04
3.997000000000000000e+03 2.279601231652988281e+04
3.998000000000000000e+03 2.281721080186005565e+04
3.999000000000000000e+03 2.283294403374870672e+04
