# time_reduced msd_reduced
# region=central
# central=0.333333333333:0.666666666667
# outer=0:0.250000000000,0.750000000000:1
# transition=0.250000000000:0.333333333333,0.666666666667:0.750000000000
# atom_types=[2]
# n_selected=2553
# subtract_group_com_drift=True
0.000000000000000000e+00 0.000000000000000000e+00
1.000000000000000000e+00 8.475690928497055410e+00
2.000000000000000000e+00 1.537182120185403988e+01
3.000000000000000000e+00 2.250252798150497924e+01
4.000000000000000000e+00 2.933197670619912145e+01
5.000000000000000000e+00 3.727068966485321511e+01
6.000000000000000000e+00 4.526319348226726191e+01
7.000000000000000000e+00 5.453995930650108903e+01
8.000000000000000000e+00 6.300825545944044848e+01
9.000000000000000000e+00 7.110164939910778514e+01
1.000000000000000000e+01 8.078537219515780521e+01
1.100000000000000000e+01 8.302514039970390058e+01
1.200000000000000000e+01 9.038358478156548870e+01
1.300000000000000000e+01 9.788447475547019394e+01
1.400000000000000000e+01 1.045243146460128258e+02
1.500000000000000000e+01 1.095137692980524946e+02
1.600000000000000000e+01 1.191009901891436300e+02
1.700000000000000000e+01 1.227822212461249336e+02
1.800000000000000000e+01 1.306549407249063393e+02
1.900000000000000000e+01 1.342461499101688673e+02
2.000000000000000000e+01 1.387593198457825849e+02
2.100000000000000000e+01 1.462190856031602948e+02
2.200000000000000000e+01 1.535415281596339412e+02
2.300000000000000000e+01 1.597840465802546532e+02
2.400000000000000000e+01 1.643568675430621226e+02
2.500000000000000000e+01 1.723244042210234284e+02
2.600000000000000000e+01 1.819153218554813236e+02
2.700000000000000000e+01 1.903868941025989159e+02
2.800000000000000000e+01 2.016380193145032536e+02
2.900000000000000000e+01 2.064119882208773049e+02
3.000000000000000000e+01 2.141255581974743336e+02
3.100000000000000000e+01 2.201098944514091329e+02
3.200000000000000000e+01 2.321584399070609663e+02
3.300000000000000000e+01 2.387761157253283102e+02
3.400000000000000000e+01 2.472302690383947663e+02
3.500000000000000000e+01 2.478050631761387308e+02
3.600000000000000000e+01 2.559100590011472036e+02
3.700000000000000000e+01 2.630998218557894575e+02
3.800000000000000000e+01 2.721747847302485752e+02
3.900000000000000000e+01 2.757626235699622157e+02
4.000000000000000000e+01 2.826773917517408563e+02
4.100000000000000000e+01 2.853785020250738853e+02
4.200000000000000000e+01 2.939565476972283591e+02
4.300000000000000000e+01 2.998667318474610965e+02
4.400000000000000000e+01 3.052386362826184154e+02
4.500000000000000000e+01 3.172252446205840215e+02
4.600000000000000000e+01 3.214211647614038156e+02
4.700000000000000000e+01 3.278803059329623579e+02
4.800000000000000000e+01 3.340139581676206149e+02
4.900000000000000000e+01 3.421341217090855480e+02
5.000000000000000000e+01 3.522197606589683687e+02
5.100000000000000000e+01 3.541081467765526440e+02
5.200000000000000000e+01 3.599819011142636214e+02
5.300000000000000000e+01 3.643276167591274088e+02
5.400000000000000000e+01 3.681580240911217743e+02
5.500000000000000000e+01 3.712055883598482637e+02
5.600000000000000000e+01 3.741010568228688271e+02
5.700000000000000000e+01 3.856046653954183512e+02
5.800000000000000000e+01 3.897036768738076375e+02
5.900000000000000000e+01 4.002790882231467435e+02
6.000000000000000000e+01 4.044766578262467647e+02
6.100000000000000000e+01 4.118604811720048247e+02
6.200000000000000000e+01 4.215451723687901335e+02
6.300000000000000000e+01 4.267797383664345716e+02
6.400000000000000000e+01 4.351289270348555647e+02
6.500000000000000000e+01 4.437553022193764036e+02
6.600000000000000000e+01 4.491244885657445138e+02
6.700000000000000000e+01 4.561966851063932040e+02
6.800000000000000000e+01 4.668562029766351316e+02
6.900000000000000000e+01 4.701553237755636019e+02
7.000000000000000000e+01 4.765262306318044807e+02
7.100000000000000000e+01 4.822093628854532881e+02
7.200000000000000000e+01 4.865249744088247326e+02
7.300000000000000000e+01 4.965778907309337455e+02
7.400000000000000000e+01 5.032341891725120036e+02
7.500000000000000000e+01 5.156201505433892862e+02
7.600000000000000000e+01 5.269692799167768271e+02
7.700000000000000000e+01 5.272770759504179523e+02
7.800000000000000000e+01 5.337652354059766822e+02
7.900000000000000000e+01 5.432486788093650603e+02
8.000000000000000000e+01 5.545965231203000485e+02
8.100000000000000000e+01 5.580885227245624947e+02
8.200000000000000000e+01 5.672450564184808854e+02
8.300000000000000000e+01 5.726790766275299802e+02
8.400000000000000000e+01 5.745160901306486494e+02
8.500000000000000000e+01 5.830172495458194817e+02
8.600000000000000000e+01 5.935276661753629242e+02
8.700000000000000000e+01 5.981119038707632853e+02
8.800000000000000000e+01 6.014099447773080556e+02
8.900000000000000000e+01 6.038153938029374785e+02
9.000000000000000000e+01 6.153886279280405915e+02
9.100000000000000000e+01 6.190500341732683864e+02
9.200000000000000000e+01 6.273533065033881257e+02
9.300000000000000000e+01 6.321422213527348504e+02
9.400000000000000000e+01 6.387063798018889429e+02
9.500000000000000000e+01 6.423863955598829989e+02
9.600000000000000000e+01 6.503440498395893883e+02
9.700000000000000000e+01 6.535765637537324437e+02
9.800000000000000000e+01 6.615782411518172239e+02
9.900000000000000000e+01 6.672915227123443174e+02
1.000000000000000000e+02 6.674926202847132117e+02
1.010000000000000000e+02 6.765742811457498647e+02
1.020000000000000000e+02 6.794657153659686628e+02
1.030000000000000000e+02 6.804877519685744574e+02
1.040000000000000000e+02 6.928827203799000927e+02
1.050000000000000000e+02 7.014551702663782180e+02
1.060000000000000000e+02 6.998977987616885912e+02
1.070000000000000000e+02 7.131651737762367702e+02
1.080000000000000000e+02 7.194516146381846511e+02
1.090000000000000000e+02 7.260824617506766572e+02
1.100000000000000000e+02 7.315455296954374944e+02
1.110000000000000000e+02 7.404905654837182283e+02
1.120000000000000000e+02 7.512994028116175969e+02
1.130000000000000000e+02 7.567307319463182012e+02
1.140000000000000000e+02 7.667107317154820976e+02
1.150000000000000000e+02 7.775762222114676661e+02
1.160000000000000000e+02 7.814322593398385379e+02
1.170000000000000000e+02 7.876684089646446409e+02
1.180000000000000000e+02 7.872694066873355041e+02
1.190000000000000000e+02 7.920976653235801450e+02
1.200000000000000000e+02 7.937785739240343901e+02
1.210000000000000000e+02 8.047163080727947317e+02
1.220000000000000000e+02 8.080256473434341160e+02
1.230000000000000000e+02 8.138059461267976076e+02
1.240000000000000000e+02 8.197429656122045571e+02
1.250000000000000000e+02 8.283119395544675854e+02
1.260000000000000000e+02 8.372664832557353520e+02
1.270000000000000000e+02 8.441575290390042028e+02
1.280000000000000000e+02 8.548658647365211891e+02
1.290000000000000000e+02 8.541094541905438291e+02
1.300000000000000000e+02 8.585959152465831039e+02
1.310000000000000000e+02 8.717218672073261132e+02
1.320000000000000000e+02 8.759530504557179711e+02
1.330000000000000000e+02 8.788765501021335922e+02
1.340000000000000000e+02 8.871360393467155063e+02
1.350000000000000000e+02 8.983123169170128222e+02
1.360000000000000000e+02 9.039063036659555337e+02
1.370000000000000000e+02 9.081768114393083806e+02
1.380000000000000000e+02 9.082631325224278953e+02
1.390000000000000000e+02 9.206671854750854891e+02
1.400000000000000000e+02 9.246929760155942404e+02
1.410000000000000000e+02 9.248529356607517684e+02
1.420000000000000000e+02 9.296346599011442322e+02
1.430000000000000000e+02 9.485569534382290158e+02
1.440000000000000000e+02 9.594263979971015033e+02
1.450000000000000000e+02 9.612944077282468243e+02
1.460000000000000000e+02 9.678620431966610340e+02
1.470000000000000000e+02 9.785983812740379335e+02
1.480000000000000000e+02 1.002743733428593032e+03
1.490000000000000000e+02 1.005513772505763995e+03
1.500000000000000000e+02 1.010293863558611747e+03
1.510000000000000000e+02 1.013728073932551865e+03
1.520000000000000000e+02 1.022731636477827124e+03
1.530000000000000000e+02 1.027173207171984586e+03
1.540000000000000000e+02 1.028044387371659923e+03
1.550000000000000000e+02 1.031834228523627417e+03
1.560000000000000000e+02 1.041411218292283593e+03
1.570000000000000000e+02 1.050638011612040827e+03
1.580000000000000000e+02 1.055295718463715502e+03
1.590000000000000000e+02 1.059362873448275877e+03
1.600000000000000000e+02 1.069340837520843934e+03
1.610000000000000000e+02 1.072085404161450015e+03
1.620000000000000000e+02 1.081803235861186977e+03
1.630000000000000000e+02 1.088228235691823102e+03
1.640000000000000000e+02 1.092729975587728404e+03
1.650000000000000000e+02 1.092031771315643027e+03
1.660000000000000000e+02 1.094749625389961011e+03
1.670000000000000000e+02 1.096514984402970640e+03
1.680000000000000000e+02 1.108629530216971716e+03
1.690000000000000000e+02 1.114445385027250040e+03
1.700000000000000000e+02 1.123736454897269368e+03
1.710000000000000000e+02 1.129473388435131938e+03
1.720000000000000000e+02 1.141142287867948198e+03
1.730000000000000000e+02 1.148366933897427316e+03
1.740000000000000000e+02 1.147858971582231334e+03
1.750000000000000000e+02 1.151674788905161449e+03
1.760000000000000000e+02 1.158050081201852663e+03
1.770000000000000000e+02 1.163540744886339326e+03
1.780000000000000000e+02 1.178720852260157471e+03
1.790000000000000000e+02 1.190441726296031675e+03
1.800000000000000000e+02 1.195502202923776167e+03
1.810000000000000000e+02 1.196828502233576728e+03
1.820000000000000000e+02 1.197490961428839228e+03
1.830000000000000000e+02 1.203488879941793357e+03
1.840000000000000000e+02 1.207887613871714393e+03
1.850000000000000000e+02 1.203539355876691843e+03
1.860000000000000000e+02 1.208431376305292588e+03
1.870000000000000000e+02 1.217548194113324371e+03
1.880000000000000000e+02 1.226809428028642060e+03
1.890000000000000000e+02 1.235941035443896453e+03
1.900000000000000000e+02 1.245537315816742648e+03
1.910000000000000000e+02 1.246240493594272266e+03
1.920000000000000000e+02 1.254239090783427400e+03
1.930000000000000000e+02 1.268947359058294523e+03
1.940000000000000000e+02 1.281041528776443329e+03
1.950000000000000000e+02 1.283398985222437204e+03
1.960000000000000000e+02 1.300691466318483435e+03
1.970000000000000000e+02 1.301544733234917658e+03
1.980000000000000000e+02 1.312763774073516288e+03
1.990000000000000000e+02 1.317925324158234389e+03
2.000000000000000000e+02 1.326532888986449734e+03
2.010000000000000000e+02 1.331470908788262932e+03
2.020000000000000000e+02 1.342014990705445143e+03
2.030000000000000000e+02 1.352739113491322996e+03
2.040000000000000000e+02 1.367623688696447743e+03
2.050000000000000000e+02 1.368222177057663430e+03
2.060000000000000000e+02 1.373205599330509131e+03
2.070000000000000000e+02 1.369887421457875917e+03
2.080000000000000000e+02 1.372804830230943253e+03
2.090000000000000000e+02 1.383331315070596474e+03
2.100000000000000000e+02 1.378174073665245942e+03
2.110000000000000000e+02 1.387472608992694859e+03
2.120000000000000000e+02 1.388922771942613281e+03
2.130000000000000000e+02 1.398539032753026049e+03
2.140000000000000000e+02 1.403844518912336980e+03
2.150000000000000000e+02 1.420895384190495406e+03
2.160000000000000000e+02 1.429389951713901837e+03
2.170000000000000000e+02 1.436964963339892620e+03
2.180000000000000000e+02 1.441807386064841239e+03
2.190000000000000000e+02 1.449366809192568098e+03
2.200000000000000000e+02 1.450906046177458848e+03
2.210000000000000000e+02 1.455022626929242278e+03
2.220000000000000000e+02 1.464145385457487464e+03
2.230000000000000000e+02 1.474124989441833350e+03
2.240000000000000000e+02 1.472487763965683826e+03
2.250000000000000000e+02 1.481403480389519245e+03
2.260000000000000000e+02 1.480074751247322865e+03
2.270000000000000000e+02 1.484233269727081051e+03
2.280000000000000000e+02 1.491942114898170075e+03
2.290000000000000000e+02 1.510981767620991377e+03
2.300000000000000000e+02 1.516108301895476416e+03
2.310000000000000000e+02 1.535440411690274914e+03
2.320000000000000000e+02 1.552051817550772512e+03
2.330000000000000000e+02 1.559073369560406491e+03
2.340000000000000000e+02 1.567545019527527757e+03
2.350000000000000000e+02 1.574923953614522816e+03
2.360000000000000000e+02 1.589096131394962867e+03
2.370000000000000000e+02 1.594895794413501108e+03
2.380000000000000000e+02 1.590519948094426127e+03
2.390000000000000000e+02 1.590135601829111465e+03
2.400000000000000000e+02 1.595784937559084483e+03
2.410000000000000000e+02 1.604993719172285637e+03
2.420000000000000000e+02 1.606321783755144679e+03
2.430000000000000000e+02 1.626632290082720147e+03
2.440000000000000000e+02 1.640126802905452223e+03
2.450000000000000000e+02 1.643375210813444482e+03
2.460000000000000000e+02 1.659751213530672885e+03
2.470000000000000000e+02 1.657170588722863386e+03
2.480000000000000000e+02 1.671161417245595658e+03
2.490000000000000000e+02 1.678391451269014397e+03
2.500000000000000000e+02 1.671472766152731083e+03
2.510000000000000000e+02 1.689823424374584420e+03
2.520000000000000000e+02 1.691267518828793982e+03
2.530000000000000000e+02 1.681727997409095224e+03
2.540000000000000000e+02 1.696284344188739169e+03
2.550000000000000000e+02 1.695472787356530262e+03
2.560000000000000000e+02 1.703563318141214722e+03
2.570000000000000000e+02 1.722464831080589647e+03
2.580000000000000000e+02 1.726952153183548717e+03
2.590000000000000000e+02 1.738705162573241751e+03
2.600000000000000000e+02 1.733942697209534799e+03
2.610000000000000000e+02 1.744422201068186951e+03
2.620000000000000000e+02 1.742149462170184734e+03
2.630000000000000000e+02 1.738732749327852389e+03
2.640000000000000000e+02 1.748218763443988564e+03
2.650000000000000000e+02 1.759203899337844177e+03
2.660000000000000000e+02 1.774429288475275825e+03
2.670000000000000000e+02 1.779639808975791539e+03
2.680000000000000000e+02 1.783454879041877803e+03
2.690000000000000000e+02 1.795947567970753880e+03
2.700000000000000000e+02 1.800377787679975199e+03
2.710000000000000000e+02 1.801919581789765516e+03
2.720000000000000000e+02 1.812267445060564114e+03
2.730000000000000000e+02 1.816677525473382047e+03
2.740000000000000000e+02 1.825391220867598122e+03
2.750000000000000000e+02 1.827674450653920758e+03
2.760000000000000000e+02 1.843429669580110385e+03
2.770000000000000000e+02 1.850119517424263904e+03
2.780000000000000000e+02 1.852716022617818680e+03
2.790000000000000000e+02 1.857656787426745268e+03
2.800000000000000000e+02 1.862494303370641774e+03
2.810000000000000000e+02 1.868793625329525184e+03
2.820000000000000000e+02 1.867535371731062469e+03
2.830000000000000000e+02 1.879488038318152121e+03
2.840000000000000000e+02 1.890517887602425162e+03
2.850000000000000000e+02 1.904436059745194598e+03
2.860000000000000000e+02 1.912674578802952055e+03
2.870000000000000000e+02 1.920763472158222612e+03
2.880000000000000000e+02 1.933282245013853981e+03
2.890000000000000000e+02 1.941785628801563007e+03
2.900000000000000000e+02 1.958968296009230016e+03
2.910000000000000000e+02 1.977163934272913593e+03
2.920000000000000000e+02 1.989062719074529468e+03
2.930000000000000000e+02 1.995244995612675893e+03
2.940000000000000000e+02 1.999203033941177409e+03
2.950000000000000000e+02 2.001261332178826933e+03
2.960000000000000000e+02 2.018210919709695645e+03
2.970000000000000000e+02 2.030245919831756055e+03
2.980000000000000000e+02 2.023421572177542885e+03
2.990000000000000000e+02 2.025544445286800510e+03
3.000000000000000000e+02 2.040001641364635816e+03
3.010000000000000000e+02 2.051947804334083685e+03
3.020000000000000000e+02 2.059643683831449835e+03
3.030000000000000000e+02 2.065308352007596568e+03
3.040000000000000000e+02 2.068581904463429510e+03
3.050000000000000000e+02 2.070542572772508265e+03
3.060000000000000000e+02 2.078085885189747842e+03
3.070000000000000000e+02 2.095323706785319700e+03
3.080000000000000000e+02 2.095509481777906785e+03
3.090000000000000000e+02 2.101013028014694100e+03
3.100000000000000000e+02 2.108042162593894773e+03
3.110000000000000000e+02 2.115188009198682721e+03
3.120000000000000000e+02 2.122083035720638691e+03
3.130000000000000000e+02 2.127560124846396320e+03
3.140000000000000000e+02 2.130483199356977366e+03
3.150000000000000000e+02 2.142680056865615825e+03
3.160000000000000000e+02 2.150661918845975379e+03
3.170000000000000000e+02 2.160077492120284205e+03
3.180000000000000000e+02 2.148809850033097064e+03
3.190000000000000000e+02 2.160963410513996678e+03
3.200000000000000000e+02 2.174652659243310609e+03
3.210000000000000000e+02 2.175420002240146459e+03
3.220000000000000000e+02 2.186857597547035766e+03
3.230000000000000000e+02 2.201242575148026390e+03
3.240000000000000000e+02 2.212129398376559948e+03
3.250000000000000000e+02 2.205092402185277024e+03
3.260000000000000000e+02 2.213061626176748632e+03
3.270000000000000000e+02 2.222444443579849121e+03
3.280000000000000000e+02 2.213735721657093563e+03
3.290000000000000000e+02 2.221458015888693808e+03
3.300000000000000000e+02 2.226881326707709832e+03
3.310000000000000000e+02 2.247715805831679518e+03
3.320000000000000000e+02 2.245860249948537785e+03
3.330000000000000000e+02 2.261567859582500205e+03
3.340000000000000000e+02 2.264014818620823007e+03
3.350000000000000000e+02 2.266749693146373829e+03
3.360000000000000000e+02 2.274678106862174900e+03
3.370000000000000000e+02 2.279522300888990685e+03
3.380000000000000000e+02 2.284703773104051379e+03
3.390000000000000000e+02 2.295570625398509037e+03
3.400000000000000000e+02 2.308155620788915257e+03
3.410000000000000000e+02 2.310909280348127140e+03
3.420000000000000000e+02 2.313668186821700147e+03
3.430000000000000000e+02 2.312828381452394297e+03
3.440000000000000000e+02 2.310938500424741051e+03
3.450000000000000000e+02 2.318148169356456492e+03
3.460000000000000000e+02 2.336228276204541999e+03
3.470000000000000000e+02 2.338753574844971354e+03
3.480000000000000000e+02 2.343571420798697091e+03
3.490000000000000000e+02 2.343613438689219493e+03
3.500000000000000000e+02 2.350097298157061687e+03
3.510000000000000000e+02 2.351689327636013331e+03
3.520000000000000000e+02 2.358220935946189911e+03
3.530000000000000000e+02 2.380313075834535539e+03
3.540000000000000000e+02 2.381224100793790058e+03
3.550000000000000000e+02 2.397042805657915778e+03
3.560000000000000000e+02 2.408514670372246201e+03
3.570000000000000000e+02 2.414967224990683917e+03
3.580000000000000000e+02 2.415100616610435736e+03
3.590000000000000000e+02 2.411502433415377254e+03
3.600000000000000000e+02 2.425173682513691347e+03
3.610000000000000000e+02 2.428544929828981822e+03
3.620000000000000000e+02 2.443665571570194061e+03
3.630000000000000000e+02 2.445628743094449874e+03
3.640000000000000000e+02 2.446419766740372324e+03
3.650000000000000000e+02 2.472119462412023495e+03
3.660000000000000000e+02 2.481035980394132821e+03
3.670000000000000000e+02 2.492559095740701650e+03
3.680000000000000000e+02 2.515188866905813484e+03
3.690000000000000000e+02 2.511217529822129109e+03
3.700000000000000000e+02 2.521972320627737190e+03
3.710000000000000000e+02 2.535116772191878226e+03
3.720000000000000000e+02 2.555406366871691716e+03
3.730000000000000000e+02 2.570957886697875438e+03
3.740000000000000000e+02 2.587675907227748667e+03
3.750000000000000000e+02 2.589594368541835593e+03
3.760000000000000000e+02 2.594528459838619710e+03
3.770000000000000000e+02 2.610683529468838969e+03
3.780000000000000000e+02 2.608709559505672587e+03
3.790000000000000000e+02 2.607563869193621031e+03
3.800000000000000000e+02 2.612518976180322625e+03
3.810000000000000000e+02 2.619155718971144779e+03
3.820000000000000000e+02 2.624167917729516830e+03
3.830000000000000000e+02 2.624158295777840976e+03
3.840000000000000000e+02 2.633900284423066296e+03
3.850000000000000000e+02 2.640623745026329743e+03
3.860000000000000000e+02 2.654592038040897933e+03
3.870000000000000000e+02 2.667708089106598891e+03
3.880000000000000000e+02 2.669043019423331316e+03
3.890000000000000000e+02 2.660535741433977364e+03
3.900000000000000000e+02 2.661405833478039312e+03
3.910000000000000000e+02 2.675535902896261632e+03
3.920000000000000000e+02 2.687459672769972713e+03
3.930000000000000000e+02 2.693400917824691987e+03
3.940000000000000000e+02 2.700401501541983635e+03
3.950000000000000000e+02 2.710087979678094598e+03
3.960000000000000000e+02 2.713097882534016662e+03
3.970000000000000000e+02 2.725089576100811428e+03
3.980000000000000000e+02 2.735969711457765698e+03
3.990000000000000000e+02 2.755015326105182794e+03
4.000000000000000000e+02 2.766172455400654599e+03
4.010000000000000000e+02 2.783735673733619478e+03
4.020000000000000000e+02 2.776860599028725574e+03
4.030000000000000000e+02 2.787451147261587266e+03
4.040000000000000000e+02 2.801921502249790137e+03
4.050000000000000000e+02 2.806870865998120735e+03
4.060000000000000000e+02 2.822199104852335495e+03
4.070000000000000000e+02 2.827869747769366313e+03
4.080000000000000000e+02 2.829375488238472826e+03
4.090000000000000000e+02 2.827645321672728187e+03
4.100000000000000000e+02 2.819819594434433839e+03
4.110000000000000000e+02 2.839432234823359522e+03
4.120000000000000000e+02 2.842742062298316341e+03
4.130000000000000000e+02 2.846173370092052210e+03
4.140000000000000000e+02 2.852119686961200387e+03
4.150000000000000000e+02 2.858044991670792115e+03
4.160000000000000000e+02 2.880389261885490214e+03
4.170000000000000000e+02 2.894251635919089495e+03
4.180000000000000000e+02 2.902992652964840545e+03
4.190000000000000000e+02 2.896801503188685729e+03
4.200000000000000000e+02 2.899705680293939167e+03
4.210000000000000000e+02 2.905642412088483979e+03
4.220000000000000000e+02 2.905534146985807183e+03
4.230000000000000000e+02 2.918407641563484503e+03
4.240000000000000000e+02 2.921188526894571623e+03
4.250000000000000000e+02 2.924774581132689036e+03
4.260000000000000000e+02 2.933380169254558041e+03
4.270000000000000000e+02 2.945661977005317567e+03
4.280000000000000000e+02 2.945716520515046795e+03
4.290000000000000000e+02 2.960958111237497178e+03
4.300000000000000000e+02 2.979152961732312178e+03
4.310000000000000000e+02 2.979947720022662907e+03
4.320000000000000000e+02 2.997158667625509224e+03
4.330000000000000000e+02 3.005748187043784583e+03
4.340000000000000000e+02 2.990812570352044531e+03
4.350000000000000000e+02 3.004917222644054618e+03
4.360000000000000000e+02 3.015568472881950129e+03
4.370000000000000000e+02 3.022226147997901990e+03
4.380000000000000000e+02 3.043403766377280135e+03
4.390000000000000000e+02 3.057090079243769651e+03
4.400000000000000000e+02 3.064829816757597200e+03
4.410000000000000000e+02 3.066964999452945449e+03
4.420000000000000000e+02 3.057541560797689272e+03
4.430000000000000000e+02 3.068612871439323044e+03
4.440000000000000000e+02 3.084003290041242053e+03
4.450000000000000000e+02 3.081242258720497375e+03
4.460000000000000000e+02 3.095147260320238274e+03
4.470000000000000000e+02 3.090337184780224106e+03
4.480000000000000000e+02 3.104990245425172816e+03
4.490000000000000000e+02 3.104123289006537107e+03
4.500000000000000000e+02 3.108524554646818160e+03
4.510000000000000000e+02 3.118324841270713932e+03
4.520000000000000000e+02 3.127798035484352113e+03
4.530000000000000000e+02 3.134862697307564304e+03
4.540000000000000000e+02 3.161959445726409740e+03
4.550000000000000000e+02 3.173397020169220468e+03
4.560000000000000000e+02 3.180077787126376279e+03
4.570000000000000000e+02 3.181549028730031296e+03
4.580000000000000000e+02 3.197537993940105025e+03
4.590000000000000000e+02 3.196353630781051834e+03
4.600000000000000000e+02 3.204513269344467517e+03
4.610000000000000000e+02 3.207735571570608499e+03
4.620000000000000000e+02 3.230217369938827233e+03
4.630000000000000000e+02 3.229035392583016346e+03
4.640000000000000000e+02 3.250687935615147126e+03
4.650000000000000000e+02 3.240208347158950801e+03
4.660000000000000000e+02 3.245394074406050549e+03
4.670000000000000000e+02 3.268108173601664021e+03
4.680000000000000000e+02 3.272262507025784089e+03
4.690000000000000000e+02 3.289463997701973767e+03
4.700000000000000000e+02 3.275064963831524437e+03
4.710000000000000000e+02 3.287186023647827369e+03
4.720000000000000000e+02 3.285452072830676570e+03
4.730000000000000000e+02 3.288270306683846229e+03
4.740000000000000000e+02 3.301056428630899973e+03
4.750000000000000000e+02 3.304093173276487050e+03
4.760000000000000000e+02 3.319328234828612949e+03
4.770000000000000000e+02 3.316471404296903984e+03
4.780000000000000000e+02 3.307861467054429795e+03
4.790000000000000000e+02 3.314775690065576327e+03
4.800000000000000000e+02 3.331497952114698819e+03
4.810000000000000000e+02 3.339315668966373323e+03
4.820000000000000000e+02 3.352271002461130593e+03
4.830000000000000000e+02 3.351045451196443992e+03
4.840000000000000000e+02 3.354163412466448335e+03
4.850000000000000000e+02 3.394307491573998050e+03
4.860000000000000000e+02 3.388848384580808670e+03
4.870000000000000000e+02 3.378714724277402638e+03
4.880000000000000000e+02 3.392504097719501260e+03
4.890000000000000000e+02 3.404519360133904684e+03
4.900000000000000000e+02 3.413346353172113595e+03
4.910000000000000000e+02 3.417588264431079097e+03
4.920000000000000000e+02 3.423064106372273727e+03
4.930000000000000000e+02 3.441145219933911903e+03
4.940000000000000000e+02 3.427069117668621402e+03
4.950000000000000000e+02 3.422512436929761861e+03
4.960000000000000000e+02 3.436941712705489408e+03
4.970000000000000000e+02 3.451561792819999027e+03
4.980000000000000000e+02 3.459722062974059099e+03
4.990000000000000000e+02 3.455030321111477406e+03
5.000000000000000000e+02 3.449917259052376721e+03
5.010000000000000000e+02 3.451201962253098372e+03
5.020000000000000000e+02 3.454556388452010196e+03
5.030000000000000000e+02 3.467030071013518409e+03
5.040000000000000000e+02 3.467340867678408813e+03
5.050000000000000000e+02 3.455689803894332726e+03
5.060000000000000000e+02 3.471141821110664296e+03
5.070000000000000000e+02 3.500271757968163456e+03
5.080000000000000000e+02 3.515262826950272029e+03
5.090000000000000000e+02 3.519376991102023112e+03
5.100000000000000000e+02 3.526155357230314621e+03
5.110000000000000000e+02 3.523777754575919516e+03
5.120000000000000000e+02 3.517298786822262173e+03
5.130000000000000000e+02 3.519039082088966097e+03
5.140000000000000000e+02 3.523642982902738368e+03
5.150000000000000000e+02 3.520447375857942916e+03
5.160000000000000000e+02 3.517078457669754243e+03
5.170000000000000000e+02 3.530674884388655755e+03
5.180000000000000000e+02 3.549631043097450856e+03
5.190000000000000000e+02 3.552152927816496231e+03
5.200000000000000000e+02 3.557694570331980685e+03
5.210000000000000000e+02 3.566179032946129610e+03
5.220000000000000000e+02 3.574177871156789024e+03
5.230000000000000000e+02 3.575604341841147743e+03
5.240000000000000000e+02 3.577751186056486404e+03
5.250000000000000000e+02 3.587849772073611803e+03
5.260000000000000000e+02 3.587148921046087708e+03
5.270000000000000000e+02 3.591596370878543439e+03
5.280000000000000000e+02 3.580357438544383967e+03
5.290000000000000000e+02 3.591275072145901959e+03
5.300000000000000000e+02 3.585090492313207506e+03
5.310000000000000000e+02 3.593483340735504498e+03
5.320000000000000000e+02 3.605474939106868987e+03
5.330000000000000000e+02 3.595356322819229717e+03
5.340000000000000000e+02 3.597604066992935259e+03
5.350000000000000000e+02 3.594315935811400777e+03
5.360000000000000000e+02 3.600347107108930231e+03
5.370000000000000000e+02 3.607991243030987334e+03
5.380000000000000000e+02 3.602059566081288267e+03
5.390000000000000000e+02 3.594672952721607999e+03
5.400000000000000000e+02 3.615267361808741953e+03
5.410000000000000000e+02 3.635371777058120642e+03
5.420000000000000000e+02 3.629974344207142622e+03
5.430000000000000000e+02 3.638002143220060134e+03
5.440000000000000000e+02 3.645076423705037087e+03
5.450000000000000000e+02 3.648622356436454993e+03
5.460000000000000000e+02 3.654422732279514548e+03
5.470000000000000000e+02 3.644458282144291388e+03
5.480000000000000000e+02 3.639269274418576970e+03
5.490000000000000000e+02 3.646024700746396320e+03
5.500000000000000000e+02 3.650714645343081429e+03
5.510000000000000000e+02 3.668967747792873524e+03
5.520000000000000000e+02 3.666084289160042317e+03
5.530000000000000000e+02 3.695214057760057131e+03
5.540000000000000000e+02 3.696108492366546216e+03
5.550000000000000000e+02 3.699978268313147055e+03
5.560000000000000000e+02 3.702067329488473661e+03
5.570000000000000000e+02 3.700563585726563360e+03
5.580000000000000000e+02 3.705381361547017150e+03
5.590000000000000000e+02 3.713536575543897470e+03
5.600000000000000000e+02 3.697366834050924808e+03
5.610000000000000000e+02 3.710902944898314672e+03
5.620000000000000000e+02 3.738201782442331478e+03
5.630000000000000000e+02 3.750476167920657190e+03
5.640000000000000000e+02 3.753331202880720411e+03
5.650000000000000000e+02 3.758512917898421620e+03
5.660000000000000000e+02 3.762941193520776324e+03
5.670000000000000000e+02 3.771056971510284711e+03
5.680000000000000000e+02 3.775325187531559095e+03
5.690000000000000000e+02 3.799332846923086890e+03
5.700000000000000000e+02 3.795068635760374036e+03
5.710000000000000000e+02 3.804639391644220723e+03
5.720000000000000000e+02 3.807616968339404139e+03
5.730000000000000000e+02 3.806248793653843222e+03
5.740000000000000000e+02 3.805119049965415797e+03
5.750000000000000000e+02 3.823496973126542343e+03
5.760000000000000000e+02 3.830123861623088033e+03
5.770000000000000000e+02 3.833633501723275913e+03
5.780000000000000000e+02 3.850672303122888934e+03
5.790000000000000000e+02 3.852841547514586637e+03
5.800000000000000000e+02 3.855100056036540536e+03
5.810000000000000000e+02 3.859362195186768076e+03
5.820000000000000000e+02 3.866480050725736874e+03
5.830000000000000000e+02 3.849190543262946903e+03
5.840000000000000000e+02 3.851807987081140254e+03
5.850000000000000000e+02 3.867928180607614195e+03
5.860000000000000000e+02 3.860680489592109552e+03
5.870000000000000000e+02 3.862121855959929690e+03
5.880000000000000000e+02 3.873953181191552176e+03
5.890000000000000000e+02 3.892783628613658493e+03
5.900000000000000000e+02 3.880101757329226530e+03
5.910000000000000000e+02 3.887086668160925910e+03
5.920000000000000000e+02 3.909846399401738836e+03
5.930000000000000000e+02 3.920883226721439314e+03
5.940000000000000000e+02 3.941856746525100789e+03
5.950000000000000000e+02 3.951570190330071910e+03
5.960000000000000000e+02 3.958187825968713241e+03
5.970000000000000000e+02 3.958303189129373550e+03
5.980000000000000000e+02 3.963574721591560319e+03
5.990000000000000000e+02 3.985304256935235117e+03
6.000000000000000000e+02 3.994195595048917312e+03
6.010000000000000000e+02 3.990279521558266879e+03
6.020000000000000000e+02 3.980513792898275369e+03
6.030000000000000000e+02 4.005301145086988527e+03
6.040000000000000000e+02 4.020427696809830650e+03
6.050000000000000000e+02 4.017198661424430611e+03
6.060000000000000000e+02 4.037481208844387766e+03
6.070000000000000000e+02 4.038705322141127454e+03
6.080000000000000000e+02 4.049795962895284447e+03
6.090000000000000000e+02 4.063431529112598128e+03
6.100000000000000000e+02 4.066462617873603449e+03
6.110000000000000000e+02 4.083631180864138969e+03
6.120000000000000000e+02 4.092502228960355296e+03
6.130000000000000000e+02 4.100146788631640447e+03
6.140000000000000000e+02 4.109123466151996581e+03
6.150000000000000000e+02 4.116641095665195280e+03
6.160000000000000000e+02 4.130153616260912713e+03
6.170000000000000000e+02 4.130530169371074408e+03
6.180000000000000000e+02 4.109447220045041831e+03
6.190000000000000000e+02 4.124660867487988071e+03
6.200000000000000000e+02 4.132590620161327024e+03
6.210000000000000000e+02 4.143322326798377617e+03
6.220000000000000000e+02 4.132652857520791258e+03
6.230000000000000000e+02 4.133245621958893935e+03
6.240000000000000000e+02 4.165161870298357826e+03
6.250000000000000000e+02 4.173116619449844620e+03
6.260000000000000000e+02 4.172842904258104682e+03
6.270000000000000000e+02 4.161870404872075596e+03
6.280000000000000000e+02 4.154162276028750966e+03
6.290000000000000000e+02 4.171655832269640086e+03
6.300000000000000000e+02 4.181081654244519996e+03
6.310000000000000000e+02 4.191532412530643342e+03
6.320000000000000000e+02 4.176041477516131636e+03
6.330000000000000000e+02 4.193552140966941806e+03
6.340000000000000000e+02 4.191270619953888854e+03
6.350000000000000000e+02 4.215435050254416637e+03
6.360000000000000000e+02 4.214359417062703869e+03
6.370000000000000000e+02 4.211073254003983493e+03
6.380000000000000000e+02 4.222018052846709907e+03
6.390000000000000000e+02 4.238010760884456431e+03
6.400000000000000000e+02 4.236984195330655893e+03
6.410000000000000000e+02 4.241425425081415597e+03
6.420000000000000000e+02 4.242569139356636697e+03
6.430000000000000000e+02 4.243798465293140907e+03
6.440000000000000000e+02 4.275116550561702752e+03
6.450000000000000000e+02 4.278269997139971565e+03
6.460000000000000000e+02 4.281512275875515115e+03
6.470000000000000000e+02 4.307361702342393073e+03
6.480000000000000000e+02 4.297176257598990560e+03
6.490000000000000000e+02 4.298594892093899034e+03
6.500000000000000000e+02 4.310245544484405400e+03
6.510000000000000000e+02 4.318346123834086029e+03
6.520000000000000000e+02 4.328958204243293039e+03
6.530000000000000000e+02 4.319695439533130411e+03
6.540000000000000000e+02 4.313168311843932315e+03
6.550000000000000000e+02 4.316795865892167058e+03
6.560000000000000000e+02 4.322347628323932440e+03
6.570000000000000000e+02 4.322232830508386542e+03
6.580000000000000000e+02 4.327454150057455990e+03
6.590000000000000000e+02 4.331572560621707453e+03
6.600000000000000000e+02 4.333872247099184278e+03
6.610000000000000000e+02 4.333833960469833983e+03
6.620000000000000000e+02 4.336791413725099119e+03
6.630000000000000000e+02 4.323452819939434448e+03
6.640000000000000000e+02 4.335805308874649199e+03
6.650000000000000000e+02 4.364846636434815082e+03
6.660000000000000000e+02 4.373188502223279102e+03
6.670000000000000000e+02 4.397640532751913270e+03
6.680000000000000000e+02 4.391795076274706844e+03
6.690000000000000000e+02 4.401279369023533036e+03
6.700000000000000000e+02 4.417722842277168638e+03
6.710000000000000000e+02 4.436692837615923054e+03
6.720000000000000000e+02 4.429641601820226242e+03
6.730000000000000000e+02 4.453277829189463773e+03
6.740000000000000000e+02 4.460839145579148862e+03
6.750000000000000000e+02 4.474686652013834646e+03
6.760000000000000000e+02 4.480799146464115438e+03
6.770000000000000000e+02 4.497115339796697299e+03
6.780000000000000000e+02 4.513672122113783189e+03
6.790000000000000000e+02 4.509955967765568857e+03
6.800000000000000000e+02 4.527141161204596756e+03
6.810000000000000000e+02 4.509184968178056806e+03
6.820000000000000000e+02 4.520487755368332728e+03
6.830000000000000000e+02 4.507050726504131489e+03
6.840000000000000000e+02 4.511780181376972905e+03
6.850000000000000000e+02 4.516558358669923109e+03
6.860000000000000000e+02 4.526609608083917919e+03
6.870000000000000000e+02 4.547056937003395433e+03
6.880000000000000000e+02 4.561695965818061268e+03
6.890000000000000000e+02 4.560360629603558664e+03
6.900000000000000000e+02 4.567624820685366103e+03
6.910000000000000000e+02 4.560401688067334362e+03
6.920000000000000000e+02 4.565552766215256270e+03
6.930000000000000000e+02 4.584566139438248683e+03
6.940000000000000000e+02 4.589108604650370580e+03
6.950000000000000000e+02 4.593526944985519549e+03
6.960000000000000000e+02 4.601804602536652965e+03
6.970000000000000000e+02 4.614527494850039147e+03
6.980000000000000000e+02 4.631009635478599193e+03
6.990000000000000000e+02 4.641223869663703226e+03
7.000000000000000000e+02 4.642315146235651810e+03
7.010000000000000000e+02 4.636800437226831491e+03
7.020000000000000000e+02 4.623871389101945169e+03
7.030000000000000000e+02 4.632465164728481795e+03
7.040000000000000000e+02 4.657284649355204238e+03
7.050000000000000000e+02 4.655888728772876675e+03
7.060000000000000000e+02 4.672134942654353836e+03
7.070000000000000000e+02 4.667207480473469332e+03
7.080000000000000000e+02 4.662315861951610714e+03
7.090000000000000000e+02 4.678096802592564018e+03
7.100000000000000000e+02 4.674523376805992484e+03
7.110000000000000000e+02 4.690247361826169254e+03
7.120000000000000000e+02 4.690859603376518862e+03
7.130000000000000000e+02 4.680054398057739490e+03
7.140000000000000000e+02 4.681171420612467955e+03
7.150000000000000000e+02 4.679440673172301103e+03
7.160000000000000000e+02 4.699059375948718298e+03
7.170000000000000000e+02 4.692798912984094386e+03
7.180000000000000000e+02 4.686706773181748758e+03
7.190000000000000000e+02 4.681822865974332672e+03
7.200000000000000000e+02 4.689895463960815505e+03
7.210000000000000000e+02 4.697412302047218873e+03
7.220000000000000000e+02 4.697507772561587444e+03
7.230000000000000000e+02 4.707615278096883230e+03
7.240000000000000000e+02 4.721257097949908712e+03
7.250000000000000000e+02 4.726844421267880534e+03
7.260000000000000000e+02 4.734845722055471015e+03
7.270000000000000000e+02 4.733764924399860320e+03
7.280000000000000000e+02 4.732197009721329778e+03
7.290000000000000000e+02 4.732937963031713480e+03
7.300000000000000000e+02 4.770723776784787333e+03
7.310000000000000000e+02 4.783619303703713740e+03
7.320000000000000000e+02 4.769695672677418770e+03
7.330000000000000000e+02 4.766850426632534436e+03
7.340000000000000000e+02 4.766112931968023986e+03
7.350000000000000000e+02 4.781938962629134039e+03
7.360000000000000000e+02 4.793000846493828249e+03
7.370000000000000000e+02 4.805966073755493198e+03
7.380000000000000000e+02 4.807561659038618018e+03
7.390000000000000000e+02 4.803538993876431960e+03
7.400000000000000000e+02 4.814303398708124405e+03
7.410000000000000000e+02 4.827508438498692158e+03
7.420000000000000000e+02 4.817575665564884730e+03
7.430000000000000000e+02 4.803105822522327799e+03
7.440000000000000000e+02 4.795412968830565660e+03
7.450000000000000000e+02 4.808696636860519902e+03
7.460000000000000000e+02 4.843898425947841133e+03
7.470000000000000000e+02 4.845235207750099107e+03
7.480000000000000000e+02 4.856374639028872480e+03
7.490000000000000000e+02 4.849037198044387878e+03
7.500000000000000000e+02 4.834501667752704634e+03
7.510000000000000000e+02 4.838203771378127385e+03
7.520000000000000000e+02 4.842887855595608926e+03
7.530000000000000000e+02 4.847690855758356520e+03
7.540000000000000000e+02 4.866209414927017860e+03
7.550000000000000000e+02 4.874406919543876029e+03
7.560000000000000000e+02 4.892484653533639175e+03
7.570000000000000000e+02 4.854852517778332185e+03
7.580000000000000000e+02 4.847682153917242431e+03
7.590000000000000000e+02 4.854813971240751926e+03
7.600000000000000000e+02 4.864084099137299745e+03
7.610000000000000000e+02 4.848780774538896367e+03
7.620000000000000000e+02 4.842498698578567200e+03
7.630000000000000000e+02 4.873046960842735643e+03
7.640000000000000000e+02 4.894101232030468054e+03
7.650000000000000000e+02 4.880962909938029952e+03
7.660000000000000000e+02 4.894186773953806551e+03
7.670000000000000000e+02 4.890442249729511786e+03
7.680000000000000000e+02 4.916320042257665591e+03
7.690000000000000000e+02 4.921595530579510523e+03
7.700000000000000000e+02 4.923624134605724976e+03
7.710000000000000000e+02 4.939842352277005375e+03
7.720000000000000000e+02 4.939410748328550653e+03
7.730000000000000000e+02 4.958597849661940927e+03
7.740000000000000000e+02 4.964722962110954541e+03
7.750000000000000000e+02 4.963295368783903541e+03
7.760000000000000000e+02 4.965916293275383396e+03
7.770000000000000000e+02 4.976629443310640454e+03
7.780000000000000000e+02 4.990548789000157740e+03
7.790000000000000000e+02 4.987035907448891521e+03
7.800000000000000000e+02 4.996874574428886262e+03
7.810000000000000000e+02 4.997137831239227125e+03
7.820000000000000000e+02 5.018749033397172752e+03
7.830000000000000000e+02 5.021847562921724602e+03
7.840000000000000000e+02 5.031286374742800945e+03
7.850000000000000000e+02 5.050974830851765546e+03
7.860000000000000000e+02 5.037426624145339701e+03
7.870000000000000000e+02 5.036427621566218477e+03
7.880000000000000000e+02 5.070876526354239104e+03
7.890000000000000000e+02 5.055780524538395184e+03
7.900000000000000000e+02 5.050001108719667172e+03
7.910000000000000000e+02 5.043484905559233994e+03
7.920000000000000000e+02 5.034601556912342858e+03
7.930000000000000000e+02 5.052608954506716145e+03
7.940000000000000000e+02 5.042122673248523824e+03
7.950000000000000000e+02 5.060589754620325948e+03
7.960000000000000000e+02 5.067502373579884079e+03
7.970000000000000000e+02 5.079228141541802870e+03
7.980000000000000000e+02 5.089681517698171774e+03
7.990000000000000000e+02 5.095307228569122344e+03
8.000000000000000000e+02 5.098437292058611092e+03
8.010000000000000000e+02 5.135700703467038693e+03
8.020000000000000000e+02 5.128835874111269732e+03
8.030000000000000000e+02 5.130330066764363437e+03
8.040000000000000000e+02 5.130586049260992695e+03
8.050000000000000000e+02 5.149419789741558816e+03
8.060000000000000000e+02 5.156403284582982451e+03
8.070000000000000000e+02 5.160791338348482896e+03
8.080000000000000000e+02 5.163725707005646655e+03
8.090000000000000000e+02 5.164391471905059916e+03
8.100000000000000000e+02 5.167300247426984242e+03
8.110000000000000000e+02 5.166897963025743593e+03
8.120000000000000000e+02 5.196650737550541635e+03
8.130000000000000000e+02 5.208016514808703505e+03
8.140000000000000000e+02 5.198462037470433643e+03
8.150000000000000000e+02 5.203779931400349597e+03
8.160000000000000000e+02 5.189851769951047572e+03
8.170000000000000000e+02 5.190268000575676524e+03
8.180000000000000000e+02 5.178525166063329380e+03
8.190000000000000000e+02 5.179063130531635579e+03
8.200000000000000000e+02 5.151067118963788744e+03
8.210000000000000000e+02 5.158564699170455242e+03
8.220000000000000000e+02 5.158189052199924845e+03
8.230000000000000000e+02 5.156757463833138900e+03
8.240000000000000000e+02 5.179355681632269807e+03
8.250000000000000000e+02 5.206703667891755686e+03
8.260000000000000000e+02 5.197196492513357043e+03
8.270000000000000000e+02 5.196341028889521112e+03
8.280000000000000000e+02 5.207200159991824876e+03
8.290000000000000000e+02 5.220044069294941437e+03
8.300000000000000000e+02 5.199529352844672758e+03
8.310000000000000000e+02 5.213455876582237579e+03
8.320000000000000000e+02 5.233724813874134270e+03
8.330000000000000000e+02 5.247020975368180189e+03
8.340000000000000000e+02 5.254650148648558570e+03
8.350000000000000000e+02 5.252600074341482468e+03
8.360000000000000000e+02 5.243113434830135702e+03
8.370000000000000000e+02 5.222688468578867287e+03
8.380000000000000000e+02 5.247442711323403273e+03
8.390000000000000000e+02 5.264251289446904593e+03
8.400000000000000000e+02 5.259947102555406673e+03
8.410000000000000000e+02 5.264918615842966574e+03
8.420000000000000000e+02 5.268605708654829868e+03
8.430000000000000000e+02 5.259337253015276474e+03
8.440000000000000000e+02 5.271928314514039812e+03
8.450000000000000000e+02 5.296515146583374190e+03
8.460000000000000000e+02 5.303562662037656082e+03
8.470000000000000000e+02 5.294456355714311030e+03
8.480000000000000000e+02 5.297350292614798491e+03
8.490000000000000000e+02 5.284087019335662262e+03
8.500000000000000000e+02 5.283367085247617069e+03
8.510000000000000000e+02 5.309521037103920207e+03
8.520000000000000000e+02 5.317039894077302051e+03
8.530000000000000000e+02 5.317606738461125133e+03
8.540000000000000000e+02 5.342982903143285512e+03
8.550000000000000000e+02 5.344276803750382896e+03
8.560000000000000000e+02 5.335406052572842782e+03
8.570000000000000000e+02 5.353421421774558439e+03
8.580000000000000000e+02 5.345149970953221782e+03
8.590000000000000000e+02 5.341253764780341953e+03
8.600000000000000000e+02 5.340725623316354358e+03
8.610000000000000000e+02 5.330452872173246760e+03
8.620000000000000000e+02 5.327679521472117813e+03
8.630000000000000000e+02 5.343108073270485875e+03
8.640000000000000000e+02 5.350371722329228760e+03
8.650000000000000000e+02 5.360011039856867683e+03
8.660000000000000000e+02 5.360864827749749566e+03
8.670000000000000000e+02 5.367781666874636358e+03
8.680000000000000000e+02 5.359435136557365695e+03
8.690000000000000000e+02 5.362953435128572892e+03
8.700000000000000000e+02 5.369744522605569728e+03
8.710000000000000000e+02 5.376982993565726247e+03
8.720000000000000000e+02 5.384779625786153701e+03
8.730000000000000000e+02 5.393069084729900169e+03
8.740000000000000000e+02 5.401664638919466597e+03
8.750000000000000000e+02 5.420188113445048657e+03
8.760000000000000000e+02 5.428444491599461799e+03
8.770000000000000000e+02 5.443393164168697695e+03
8.780000000000000000e+02 5.448752744578426245e+03
8.790000000000000000e+02 5.438848117227039438e+03
8.800000000000000000e+02 5.432254770814751282e+03
8.810000000000000000e+02 5.433382568847753646e+03
8.820000000000000000e+02 5.452253116614945611e+03
8.830000000000000000e+02 5.462233714598134611e+03
8.840000000000000000e+02 5.455974875062501269e+03
8.850000000000000000e+02 5.453787781724039633e+03
8.860000000000000000e+02 5.449254474332838981e+03
8.870000000000000000e+02 5.470874747343614217e+03
8.880000000000000000e+02 5.448891606815593150e+03
8.890000000000000000e+02 5.458541821381680165e+03
8.900000000000000000e+02 5.441545096372284206e+03
8.910000000000000000e+02 5.459816999366473283e+03
8.920000000000000000e+02 5.464421950726372415e+03
8.930000000000000000e+02 5.473596791052484150e+03
8.940000000000000000e+02 5.479106418802092776e+03
8.950000000000000000e+02 5.478336186055076723e+03
8.960000000000000000e+02 5.474349496606694629e+03
8.970000000000000000e+02 5.488398967612188244e+03
8.980000000000000000e+02 5.508631935076459740e+03
8.990000000000000000e+02 5.491822074888600582e+03
9.000000000000000000e+02 5.492149946984066446e+03
9.010000000000000000e+02 5.488227149027458836e+03
9.020000000000000000e+02 5.477355270252130140e+03
9.030000000000000000e+02 5.470314743609259494e+03
9.040000000000000000e+02 5.487166667986607536e+03
9.050000000000000000e+02 5.496926705885263800e+03
9.060000000000000000e+02 5.497119390894022217e+03
9.070000000000000000e+02 5.493032951295651401e+03
9.080000000000000000e+02 5.524451596000733844e+03
9.090000000000000000e+02 5.515235334610978498e+03
9.100000000000000000e+02 5.527080405591063027e+03
9.110000000000000000e+02 5.548124670666853490e+03
9.120000000000000000e+02 5.549656999423658817e+03
9.130000000000000000e+02 5.538262783819106517e+03
9.140000000000000000e+02 5.539158252633674238e+03
9.150000000000000000e+02 5.536046235424125371e+03
9.160000000000000000e+02 5.545510210945523795e+03
9.170000000000000000e+02 5.519899798130536510e+03
9.180000000000000000e+02 5.534216042191118504e+03
9.190000000000000000e+02 5.536292997544072932e+03
9.200000000000000000e+02 5.525175231238004926e+03
9.210000000000000000e+02 5.530557409636900957e+03
9.220000000000000000e+02 5.546256429350577491e+03
9.230000000000000000e+02 5.550233554093775638e+03
9.240000000000000000e+02 5.551913947059521888e+03
9.250000000000000000e+02 5.564705501410371653e+03
9.260000000000000000e+02 5.564278933199527273e+03
9.270000000000000000e+02 5.572849623817508473e+03
9.280000000000000000e+02 5.549049382552932002e+03
9.290000000000000000e+02 5.536786796565823352e+03
9.300000000000000000e+02 5.550056091887123330e+03
9.310000000000000000e+02 5.547858492806717550e+03
9.320000000000000000e+02 5.561461671117773221e+03
9.330000000000000000e+02 5.552236822037445563e+03
9.340000000000000000e+02 5.533083750245744341e+03
9.350000000000000000e+02 5.522318417771077293e+03
9.360000000000000000e+02 5.540301709493222006e+03
9.370000000000000000e+02 5.565018153665272621e+03
9.380000000000000000e+02 5.583127832955045960e+03
9.390000000000000000e+02 5.588453182335863858e+03
9.400000000000000000e+02 5.577859686939512358e+03
9.410000000000000000e+02 5.562358191261124375e+03
9.420000000000000000e+02 5.552840541880544151e+03
9.430000000000000000e+02 5.539946615779515923e+03
9.440000000000000000e+02 5.550217534843720387e+03
9.450000000000000000e+02 5.583139192641086083e+03
9.460000000000000000e+02 5.609468250210231417e+03
9.470000000000000000e+02 5.606102488086629819e+03
9.480000000000000000e+02 5.625339154777354452e+03
9.490000000000000000e+02 5.627606139243481266e+03
9.500000000000000000e+02 5.640532277661505759e+03
9.510000000000000000e+02 5.663529129383787222e+03
9.520000000000000000e+02 5.662826057049310293e+03
9.530000000000000000e+02 5.666503002821721566e+03
9.540000000000000000e+02 5.686783990560675193e+03
9.550000000000000000e+02 5.697266013928014218e+03
9.560000000000000000e+02 5.702380446733584904e+03
9.570000000000000000e+02 5.692269792850937847e+03
9.580000000000000000e+02 5.704048772214506243e+03
9.590000000000000000e+02 5.693444198242310449e+03
9.600000000000000000e+02 5.698711554722202891e+03
9.610000000000000000e+02 5.691737360836579683e+03
9.620000000000000000e+02 5.689296162893704604e+03
9.630000000000000000e+02 5.700419987821691393e+03
9.640000000000000000e+02 5.697144985571075267e+03
9.650000000000000000e+02 5.686374364995683209e+03
9.660000000000000000e+02 5.685230121229943506e+03
9.670000000000000000e+02 5.705726075940835472e+03
9.680000000000000000e+02 5.689374905884930740e+03
9.690000000000000000e+02 5.681241708187935728e+03
9.700000000000000000e+02 5.671499304069580830e+03
9.710000000000000000e+02 5.678061119780362787e+03
9.720000000000000000e+02 5.699113248991489854e+03
9.730000000000000000e+02 5.705905110910346593e+03
9.740000000000000000e+02 5.701935032725911697e+03
9.750000000000000000e+02 5.702310841541956506e+03
9.760000000000000000e+02 5.718224961265789716e+03
9.770000000000000000e+02 5.724673381676434474e+03
9.780000000000000000e+02 5.729344603426508911e+03
9.790000000000000000e+02 5.712320909000182837e+03
9.800000000000000000e+02 5.734264845893327220e+03
9.810000000000000000e+02 5.738865965199070160e+03
9.820000000000000000e+02 5.745646119624494531e+03
9.830000000000000000e+02 5.740815145625990226e+03
9.840000000000000000e+02 5.754702821508405577e+03
9.850000000000000000e+02 5.754304097479004668e+03
9.860000000000000000e+02 5.765398170497633146e+03
9.870000000000000000e+02 5.760128484041529191e+03
9.880000000000000000e+02 5.760180785143987123e+03
9.890000000000000000e+02 5.756204105084726507e+03
9.900000000000000000e+02 5.755098286794860542e+03
9.910000000000000000e+02 5.790788209803899917e+03
9.920000000000000000e+02 5.766995728554506968e+03
9.930000000000000000e+02 5.776660029871402003e+03
9.940000000000000000e+02 5.794133516397827407e+03
9.950000000000000000e+02 5.807134659851280958e+03
9.960000000000000000e+02 5.825416330503997415e+03
9.970000000000000000e+02 5.828922293363606514e+03
9.980000000000000000e+02 5.846160221572712544e+03
9.990000000000000000e+02 5.849306981829356118e+03
1.000000000000000000e+03 5.862627419620552246e+03
1.001000000000000000e+03 5.879617811492423243e+03
1.002000000000000000e+03 5.896338981695417715e+03
1.003000000000000000e+03 5.920818128872225316e+03
1.004000000000000000e+03 5.905103564257608923e+03
1.005000000000000000e+03 5.899950067741248859e+03
1.006000000000000000e+03 5.931921844750916534e+03
1.007000000000000000e+03 5.944533463600937466e+03
1.008000000000000000e+03 5.936537743347766082e+03
1.009000000000000000e+03 5.924569869251677119e+03
1.010000000000000000e+03 5.933194061073162629e+03
1.011000000000000000e+03 5.958578141400589629e+03
1.012000000000000000e+03 5.960174285796499134e+03
1.013000000000000000e+03 5.940288245508601904e+03
1.014000000000000000e+03 5.944837084573247012e+03
1.015000000000000000e+03 5.945331035413965765e+03
1.016000000000000000e+03 5.945231342573609254e+03
1.017000000000000000e+03 5.931939993715649507e+03
1.018000000000000000e+03 5.943771184825772252e+03
1.019000000000000000e+03 5.937588733166990096e+03
1.020000000000000000e+03 5.965941483575752500e+03
1.021000000000000000e+03 5.966635796555509842e+03
1.022000000000000000e+03 5.954031932560874338e+03
1.023000000000000000e+03 5.978980860628026676e+03
1.024000000000000000e+03 5.988570101544224599e+03
1.025000000000000000e+03 5.977042609289233042e+03
1.026000000000000000e+03 5.964091568142028336e+03
1.027000000000000000e+03 5.985318324327031405e+03
1.028000000000000000e+03 5.982753187236966369e+03
1.029000000000000000e+03 5.992145527940570901e+03
1.030000000000000000e+03 5.997297713555382870e+03
1.031000000000000000e+03 6.017159349330872828e+03
1.032000000000000000e+03 6.034343286583363806e+03
1.033000000000000000e+03 6.044474532459032162e+03
1.034000000000000000e+03 6.018783366598353496e+03
1.035000000000000000e+03 6.020502634920829223e+03
1.036000000000000000e+03 6.031107330636205006e+03
1.037000000000000000e+03 6.040858062401794086e+03
1.038000000000000000e+03 6.052256223908386346e+03
1.039000000000000000e+03 6.039672949206226804e+03
1.040000000000000000e+03 6.037217059563695329e+03
1.041000000000000000e+03 6.054065814757298540e+03
1.042000000000000000e+03 6.035377523128918256e+03
1.043000000000000000e+03 6.043407596248880509e+03
1.044000000000000000e+03 6.043732997583552788e+03
1.045000000000000000e+03 6.051478593997925600e+03
1.046000000000000000e+03 6.033200990496292434e+03
1.047000000000000000e+03 6.024390921933086247e+03
1.048000000000000000e+03 6.025152529976850929e+03
1.049000000000000000e+03 6.035993022952940919e+03
1.050000000000000000e+03 6.045805736595958479e+03
1.051000000000000000e+03 6.038663837605997287e+03
1.052000000000000000e+03 6.033022478573060653e+03
1.053000000000000000e+03 6.023478133001828610e+03
1.054000000000000000e+03 6.034949037644231794e+03
1.055000000000000000e+03 6.041072746735065266e+03
1.056000000000000000e+03 6.031333777379628373e+03
1.057000000000000000e+03 6.031101393698504580e+03
1.058000000000000000e+03 6.059584625339203740e+03
1.059000000000000000e+03 6.060772908275612281e+03
1.060000000000000000e+03 6.081513979811477839e+03
1.061000000000000000e+03 6.085437498462857548e+03
1.062000000000000000e+03 6.107757139884507524e+03
1.063000000000000000e+03 6.119785850525108799e+03
1.064000000000000000e+03 6.108060262266702921e+03
1.065000000000000000e+03 6.122904900575826105e+03
1.066000000000000000e+03 6.130274294980084960e+03
1.067000000000000000e+03 6.120073172888242880e+03
1.068000000000000000e+03 6.147364281886765639e+03
1.069000000000000000e+03 6.162356154726683599e+03
1.070000000000000000e+03 6.150192108325944901e+03
1.071000000000000000e+03 6.163413263533504505e+03
1.072000000000000000e+03 6.162511234226728448e+03
1.073000000000000000e+03 6.153873630711039368e+03
1.074000000000000000e+03 6.149873167759446915e+03
1.075000000000000000e+03 6.170933851449166468e+03
1.076000000000000000e+03 6.160172199779673974e+03
1.077000000000000000e+03 6.146723946086171054e+03
1.078000000000000000e+03 6.147330283167420930e+03
1.079000000000000000e+03 6.156195398463690253e+03
1.080000000000000000e+03 6.143622462378130876e+03
1.081000000000000000e+03 6.140519609964248957e+03
1.082000000000000000e+03 6.130198776003048806e+03
1.083000000000000000e+03 6.141371130753103898e+03
1.084000000000000000e+03 6.133841263642407284e+03
1.085000000000000000e+03 6.139033085787404161e+03
1.086000000000000000e+03 6.146803179984770395e+03
1.087000000000000000e+03 6.173251462807634198e+03
1.088000000000000000e+03 6.185014382446522177e+03
1.089000000000000000e+03 6.182728781893481937e+03
1.090000000000000000e+03 6.191544752080275430e+03
1.091000000000000000e+03 6.199241656271336069e+03
1.092000000000000000e+03 6.214720020135221603e+03
1.093000000000000000e+03 6.232893891317628913e+03
1.094000000000000000e+03 6.242317413186970043e+03
1.095000000000000000e+03 6.245589659052814568e+03
1.096000000000000000e+03 6.249815211089138757e+03
1.097000000000000000e+03 6.254994741677240199e+03
1.098000000000000000e+03 6.265159031590826999e+03
1.099000000000000000e+03 6.288903843734633483e+03
1.100000000000000000e+03 6.306888721243276450e+03
1.101000000000000000e+03 6.338361006644299778e+03
1.102000000000000000e+03 6.322111348990853003e+03
1.103000000000000000e+03 6.323103932108387198e+03
1.104000000000000000e+03 6.330266542735967960e+03
1.105000000000000000e+03 6.348927049259197702e+03
1.106000000000000000e+03 6.353631207544527570e+03
1.107000000000000000e+03 6.375956574102847298e+03
1.108000000000000000e+03 6.390489450063344520e+03
1.109000000000000000e+03 6.402382557737686511e+03
1.110000000000000000e+03 6.411218020897758834e+03
1.111000000000000000e+03 6.401900827495538579e+03
1.112000000000000000e+03 6.404820826711762493e+03
1.113000000000000000e+03 6.437268266664732437e+03
1.114000000000000000e+03 6.460664114308015087e+03
1.115000000000000000e+03 6.465068542173130481e+03
1.116000000000000000e+03 6.460421077710723694e+03
1.117000000000000000e+03 6.461971992219303502e+03
1.118000000000000000e+03 6.453539374195857818e+03
1.119000000000000000e+03 6.469094971571053065e+03
1.120000000000000000e+03 6.494618830174460527e+03
1.121000000000000000e+03 6.481716766791305417e+03
1.122000000000000000e+03 6.477728928143560552e+03
1.123000000000000000e+03 6.474164108694348215e+03
1.124000000000000000e+03 6.480567674170883038e+03
1.125000000000000000e+03 6.477814106825387171e+03
1.126000000000000000e+03 6.492414873184726275e+03
1.127000000000000000e+03 6.499271136559999832e+03
1.128000000000000000e+03 6.522590569803490325e+03
1.129000000000000000e+03 6.550717175057169698e+03
1.130000000000000000e+03 6.559320583137968242e+03
1.131000000000000000e+03 6.562117137267996441e+03
1.132000000000000000e+03 6.577843872425149129e+03
1.133000000000000000e+03 6.595583502606614275e+03
1.134000000000000000e+03 6.603403390036783094e+03
1.135000000000000000e+03 6.623301770196938378e+03
1.136000000000000000e+03 6.633795958430953760e+03
1.137000000000000000e+03 6.630122995607483062e+03
1.138000000000000000e+03 6.651336785844398946e+03
1.139000000000000000e+03 6.681059852627386135e+03
1.140000000000000000e+03 6.673371004334901954e+03
1.141000000000000000e+03 6.655537763669162814e+03
1.142000000000000000e+03 6.671515058310556014e+03
1.143000000000000000e+03 6.705433379151590998e+03
1.144000000000000000e+03 6.692218801246435760e+03
1.145000000000000000e+03 6.674759191639327582e+03
1.146000000000000000e+03 6.664276019354197160e+03
1.147000000000000000e+03 6.674070676099927368e+03
1.148000000000000000e+03 6.681636466680392914e+03
1.149000000000000000e+03 6.690753630573016380e+03
1.150000000000000000e+03 6.692403180844422423e+03
1.151000000000000000e+03 6.694657997027783495e+03
1.152000000000000000e+03 6.698483921427260611e+03
1.153000000000000000e+03 6.702138547665654187e+03
1.154000000000000000e+03 6.705531489656739723e+03
1.155000000000000000e+03 6.731830940597070366e+03
1.156000000000000000e+03 6.757910807641374049e+03
1.157000000000000000e+03 6.719466186667390502e+03
1.158000000000000000e+03 6.731475136564544300e+03
1.159000000000000000e+03 6.714033433703910305e+03
1.160000000000000000e+03 6.731967102230737510e+03
1.161000000000000000e+03 6.752555778453814128e+03
1.162000000000000000e+03 6.744535483667536027e+03
1.163000000000000000e+03 6.707180198621137606e+03
1.164000000000000000e+03 6.725204242420677474e+03
1.165000000000000000e+03 6.743047871696129732e+03
1.166000000000000000e+03 6.749713312977177338e+03
1.167000000000000000e+03 6.767533330367432427e+03
1.168000000000000000e+03 6.779286617196968109e+03
1.169000000000000000e+03 6.776603320357465236e+03
1.170000000000000000e+03 6.773210903141010021e+03
1.171000000000000000e+03 6.766205021624222354e+03
1.172000000000000000e+03 6.790800589929291164e+03
1.173000000000000000e+03 6.805233642501600116e+03
1.174000000000000000e+03 6.792891563206607316e+03
1.175000000000000000e+03 6.793572420893211529e+03
1.176000000000000000e+03 6.799229109937105932e+03
1.177000000000000000e+03 6.779697501090044170e+03
1.178000000000000000e+03 6.781165224390803814e+03
1.179000000000000000e+03 6.800008880782590495e+03
1.180000000000000000e+03 6.798089454112373460e+03
1.181000000000000000e+03 6.806307601887174314e+03
1.182000000000000000e+03 6.818059917874318671e+03
1.183000000000000000e+03 6.821478942138514867e+03
1.184000000000000000e+03 6.837289051734953318e+03
1.185000000000000000e+03 6.864544699932131152e+03
1.186000000000000000e+03 6.877874563749304798e+03
1.187000000000000000e+03 6.878345193493485567e+03
1.188000000000000000e+03 6.903653296065444920e+03
1.189000000000000000e+03 6.916865110457805713e+03
1.190000000000000000e+03 6.913206671255143192e+03
1.191000000000000000e+03 6.931904995806923580e+03
1.192000000000000000e+03 6.936490500512517428e+03
1.193000000000000000e+03 6.931290317436563782e+03
1.194000000000000000e+03 6.937190199104751628e+03
1.195000000000000000e+03 6.936694813601880014e+03
1.196000000000000000e+03 6.928381634379232310e+03
1.197000000000000000e+03 6.954171477402472192e+03
1.198000000000000000e+03 6.957179372370663259e+03
1.199000000000000000e+03 6.957781798835713744e+03
1.200000000000000000e+03 6.988428908470433271e+03
1.201000000000000000e+03 7.002220400496600632e+03
1.202000000000000000e+03 7.017079560176871382e+03
1.203000000000000000e+03 7.015960342005551865e+03
1.204000000000000000e+03 7.022610700837130025e+03
1.205000000000000000e+03 7.004911232772024050e+03
1.206000000000000000e+03 7.013607146819561422e+03
1.207000000000000000e+03 7.007646059556713226e+03
1.208000000000000000e+03 6.983593430526329939e+03
1.209000000000000000e+03 7.000739449478572169e+03
1.210000000000000000e+03 7.000370600333993934e+03
1.211000000000000000e+03 7.012632374985958450e+03
1.212000000000000000e+03 7.014340420990709390e+03
1.213000000000000000e+03 7.000695976983719447e+03
1.214000000000000000e+03 6.996361357523262996e+03
1.215000000000000000e+03 7.006718650850696577e+03
1.216000000000000000e+03 7.007501771516013832e+03
1.217000000000000000e+03 7.013507174285625297e+03
1.218000000000000000e+03 7.023115415327746632e+03
1.219000000000000000e+03 7.031128713672134836e+03
1.220000000000000000e+03 7.025739857839725119e+03
1.221000000000000000e+03 7.029749728951362158e+03
1.222000000000000000e+03 7.052645754245738317e+03
1.223000000000000000e+03 7.060668433445878691e+03
1.224000000000000000e+03 7.051297021922576278e+03
1.225000000000000000e+03 7.032389071643859097e+03
1.226000000000000000e+03 7.043009054154997102e+03
1.227000000000000000e+03 7.055694335841068096e+03
1.228000000000000000e+03 7.049489070552526755e+03
1.229000000000000000e+03 7.031444835965835409e+03
1.230000000000000000e+03 7.056835521431320558e+03
1.231000000000000000e+03 7.062491162016654926e+03
1.232000000000000000e+03 7.085841360291377896e+03
1.233000000000000000e+03 7.083048799129431245e+03
1.234000000000000000e+03 7.080163086577460490e+03
1.235000000000000000e+03 7.078598513737060784e+03
1.236000000000000000e+03 7.091370936072100449e+03
1.237000000000000000e+03 7.090651830843632524e+03
1.238000000000000000e+03 7.067000839386770167e+03
1.239000000000000000e+03 7.072010078989573231e+03
1.240000000000000000e+03 7.089628495989178191e+03
1.241000000000000000e+03 7.111123097793668421e+03
1.242000000000000000e+03 7.129496704264415712e+03
1.243000000000000000e+03 7.142181845983946005e+03
1.244000000000000000e+03 7.129760506100800740e+03
1.245000000000000000e+03 7.110320556127804593e+03
1.246000000000000000e+03 7.150449532718995215e+03
1.247000000000000000e+03 7.174293965989060780e+03
1.248000000000000000e+03 7.203820018583484853e+03
1.249000000000000000e+03 7.200971105958539738e+03
1.250000000000000000e+03 7.190167373552934805e+03
1.251000000000000000e+03 7.208761547928615073e+03
1.252000000000000000e+03 7.210518422125382131e+03
1.253000000000000000e+03 7.232034858411009736e+03
1.254000000000000000e+03 7.241157808617718729e+03
1.255000000000000000e+03 7.247400951528346013e+03
1.256000000000000000e+03 7.253522443314988777e+03
1.257000000000000000e+03 7.237521184806377278e+03
1.258000000000000000e+03 7.237730571407266325e+03
1.259000000000000000e+03 7.233975442114898215e+03
1.260000000000000000e+03 7.224396487509999133e+03
1.261000000000000000e+03 7.193270530499718916e+03
1.262000000000000000e+03 7.234499480941081856e+03
1.263000000000000000e+03 7.231958688086512666e+03
1.264000000000000000e+03 7.212972152939128136e+03
1.265000000000000000e+03 7.214159977292171789e+03
1.266000000000000000e+03 7.218203769469458166e+03
1.267000000000000000e+03 7.211932605897593930e+03
1.268000000000000000e+03 7.206510913181151409e+03
1.269000000000000000e+03 7.219100680826727512e+03
1.270000000000000000e+03 7.224857199755401780e+03
1.271000000000000000e+03 7.230970445625155662e+03
1.272000000000000000e+03 7.236370361210376359e+03
1.273000000000000000e+03 7.256708008109663751e+03
1.274000000000000000e+03 7.252336302492868526e+03
1.275000000000000000e+03 7.260907497587256330e+03
1.276000000000000000e+03 7.280542868666002505e+03
1.277000000000000000e+03 7.282352718055811238e+03
1.278000000000000000e+03 7.297026390822469693e+03
1.279000000000000000e+03 7.285555012392533172e+03
1.280000000000000000e+03 7.275145739224810313e+03
1.281000000000000000e+03 7.269058235688158675e+03
1.282000000000000000e+03 7.272934804194296703e+03
1.283000000000000000e+03 7.274856697403312864e+03
1.284000000000000000e+03 7.274485503139318098e+03
1.285000000000000000e+03 7.289713106750254155e+03
1.286000000000000000e+03 7.264118998643966734e+03
1.287000000000000000e+03 7.243382159061944549e+03
1.288000000000000000e+03 7.249835163591495984e+03
1.289000000000000000e+03 7.253061230669518409e+03
1.290000000000000000e+03 7.239144353477750883e+03
1.291000000000000000e+03 7.241964799511484671e+03
1.292000000000000000e+03 7.238468303431337517e+03
1.293000000000000000e+03 7.259898323962248469e+03
1.294000000000000000e+03 7.255995949904895497e+03
1.295000000000000000e+03 7.264896288864710186e+03
1.296000000000000000e+03 7.271860060322348545e+03
1.297000000000000000e+03 7.297351511099991512e+03
1.298000000000000000e+03 7.313755186429330024e+03
1.299000000000000000e+03 7.312094987057277649e+03
1.300000000000000000e+03 7.334451120631324557e+03
1.301000000000000000e+03 7.332558079635549802e+03
1.302000000000000000e+03 7.327129568385109451e+03
1.303000000000000000e+03 7.343560773228631660e+03
1.304000000000000000e+03 7.338347430653577248e+03
1.305000000000000000e+03 7.358863083254573212e+03
1.306000000000000000e+03 7.337628635840241259e+03
1.307000000000000000e+03 7.348460038857338077e+03
1.308000000000000000e+03 7.359866629854235725e+03
1.309000000000000000e+03 7.359860841192628868e+03
1.310000000000000000e+03 7.349547520573147267e+03
1.311000000000000000e+03 7.350528454447540753e+03
1.312000000000000000e+03 7.368976320757163194e+03
1.313000000000000000e+03 7.374695712176234338e+03
1.314000000000000000e+03 7.384531015106539598e+03
1.315000000000000000e+03 7.394325141134924706e+03
1.316000000000000000e+03 7.411665486062781383e+03
1.317000000000000000e+03 7.431220178965842024e+03
1.318000000000000000e+03 7.457986235384547399e+03
1.319000000000000000e+03 7.462439800994033249e+03
1.320000000000000000e+03 7.460559448295693073e+03
1.321000000000000000e+03 7.475442905805538430e+03
1.322000000000000000e+03 7.488246411900793646e+03
1.323000000000000000e+03 7.492527483287421092e+03
1.324000000000000000e+03 7.487262274674922082e+03
1.325000000000000000e+03 7.511064379717058728e+03
1.326000000000000000e+03 7.523390139525612540e+03
1.327000000000000000e+03 7.552938938216966562e+03
1.328000000000000000e+03 7.565636755176909901e+03
1.329000000000000000e+03 7.551169625661535974e+03
1.330000000000000000e+03 7.568862746133726432e+03
1.331000000000000000e+03 7.550571107906558609e+03
1.332000000000000000e+03 7.545273142752308559e+03
1.333000000000000000e+03 7.546158287135289356e+03
1.334000000000000000e+03 7.548270958500469533e+03
1.335000000000000000e+03 7.541002939614807474e+03
1.336000000000000000e+03 7.550779937986087134e+03
1.337000000000000000e+03 7.551809652657186234e+03
1.338000000000000000e+03 7.558838763562364875e+03
1.339000000000000000e+03 7.550656595362129337e+03
1.340000000000000000e+03 7.547078200545067375e+03
1.341000000000000000e+03 7.578129875478340182e+03
1.342000000000000000e+03 7.596955268920252820e+03
1.343000000000000000e+03 7.605167898633421828e+03
1.344000000000000000e+03 7.626764678653071314e+03
1.345000000000000000e+03 7.630459520591369255e+03
1.346000000000000000e+03 7.649356209350848076e+03
1.347000000000000000e+03 7.635477559433104943e+03
1.348000000000000000e+03 7.644376487889154305e+03
1.349000000000000000e+03 7.658855130381558411e+03
1.350000000000000000e+03 7.696083155019295191e+03
1.351000000000000000e+03 7.721316157998272502e+03
1.352000000000000000e+03 7.728047940444778760e+03
1.353000000000000000e+03 7.732018066956105031e+03
1.354000000000000000e+03 7.726291837758241854e+03
1.355000000000000000e+03 7.732578075180389533e+03
1.356000000000000000e+03 7.734990414397727363e+03
1.357000000000000000e+03 7.724708757491664983e+03
1.358000000000000000e+03 7.734975171722889172e+03
1.359000000000000000e+03 7.738379317625268413e+03
1.360000000000000000e+03 7.742474806742169676e+03
1.361000000000000000e+03 7.727326890226180694e+03
1.362000000000000000e+03 7.733580357156614809e+03
1.363000000000000000e+03 7.720194797224234208e+03
1.364000000000000000e+03 7.733705160072564468e+03
1.365000000000000000e+03 7.730056426807581374e+03
1.366000000000000000e+03 7.732492121581894025e+03
1.367000000000000000e+03 7.756961392561783214e+03
1.368000000000000000e+03 7.767297859147915005e+03
1.369000000000000000e+03 7.749701915562546674e+03
1.370000000000000000e+03 7.764501671745810199e+03
1.371000000000000000e+03 7.766833283775913515e+03
1.372000000000000000e+03 7.765402472820757794e+03
1.373000000000000000e+03 7.772527750667117289e+03
1.374000000000000000e+03 7.799822409436615999e+03
1.375000000000000000e+03 7.803275056764118744e+03
1.376000000000000000e+03 7.797180941868609807e+03
1.377000000000000000e+03 7.811877080276144625e+03
1.378000000000000000e+03 7.820033122236803138e+03
1.379000000000000000e+03 7.830811487913944802e+03
1.380000000000000000e+03 7.853926451960966006e+03
1.381000000000000000e+03 7.849098816106031336e+03
1.382000000000000000e+03 7.836333902175460935e+03
1.383000000000000000e+03 7.852518838642171431e+03
1.384000000000000000e+03 7.851672413711238733e+03
1.385000000000000000e+03 7.850280222474460970e+03
1.386000000000000000e+03 7.824000810562824881e+03
1.387000000000000000e+03 7.827158742433462976e+03
1.388000000000000000e+03 7.860558054602303855e+03
1.389000000000000000e+03 7.863577234330226929e+03
1.390000000000000000e+03 7.889637540846350930e+03
1.391000000000000000e+03 7.898218222007558325e+03
1.392000000000000000e+03 7.901896936428086519e+03
1.393000000000000000e+03 7.924077434836910470e+03
1.394000000000000000e+03 7.933604437171172322e+03
1.395000000000000000e+03 7.925346620172068469e+03
1.396000000000000000e+03 7.905155943442589887e+03
1.397000000000000000e+03 7.907260005192427343e+03
1.398000000000000000e+03 7.913132567405440568e+03
1.399000000000000000e+03 7.922016441002485408e+03
1.400000000000000000e+03 7.941812515438192349e+03
1.401000000000000000e+03 7.961321148982521663e+03
1.402000000000000000e+03 7.957526703992100920e+03
1.403000000000000000e+03 7.947300738448290758e+03
1.404000000000000000e+03 7.963566143125969575e+03
1.405000000000000000e+03 7.953652322047125381e+03
1.406000000000000000e+03 7.970548919555763860e+03
1.407000000000000000e+03 7.948515614612441823e+03
1.408000000000000000e+03 7.967446508974331664e+03
1.409000000000000000e+03 7.960212612085208093e+03
1.410000000000000000e+03 7.957795667883385249e+03
1.411000000000000000e+03 7.958014996712540778e+03
1.412000000000000000e+03 7.973143143406165109e+03
1.413000000000000000e+03 7.982801488404383235e+03
1.414000000000000000e+03 7.989085627832112550e+03
1.415000000000000000e+03 7.995387404206097017e+03
1.416000000000000000e+03 7.992674272040748292e+03
1.417000000000000000e+03 8.002014052856829949e+03
1.418000000000000000e+03 8.033465352689509928e+03
1.419000000000000000e+03 8.027615986560363126e+03
1.420000000000000000e+03 8.011694721375636618e+03
1.421000000000000000e+03 8.059854482354679931e+03
1.422000000000000000e+03 8.067635375231612670e+03
1.423000000000000000e+03 8.075435075520133978e+03
1.424000000000000000e+03 8.093686106003700843e+03
1.425000000000000000e+03 8.110988842198716156e+03
1.426000000000000000e+03 8.114248006160008117e+03
1.427000000000000000e+03 8.129391464365493448e+03
1.428000000000000000e+03 8.129847983158643729e+03
1.429000000000000000e+03 8.141590387651101082e+03
1.430000000000000000e+03 8.135627827418064044e+03
1.431000000000000000e+03 8.122170284235004146e+03
1.432000000000000000e+03 8.117670278390737622e+03
1.433000000000000000e+03 8.104640120209026463e+03
1.434000000000000000e+03 8.109994582162245933e+03
1.435000000000000000e+03 8.102367100501665846e+03
1.436000000000000000e+03 8.119695565495965639e+03
1.437000000000000000e+03 8.140296222223170844e+03
1.438000000000000000e+03 8.152612624973563470e+03
1.439000000000000000e+03 8.165976839378929981e+03
1.440000000000000000e+03 8.183583965097032888e+03
1.441000000000000000e+03 8.177283411297966268e+03
1.442000000000000000e+03 8.180216047752305712e+03
1.443000000000000000e+03 8.182116625482934978e+03
1.444000000000000000e+03 8.193856268102419563e+03
1.445000000000000000e+03 8.173273950065910867e+03
1.446000000000000000e+03 8.167476813159409176e+03
1.447000000000000000e+03 8.172921779651045654e+03
1.448000000000000000e+03 8.178680123034811913e+03
1.449000000000000000e+03 8.212879157326284258e+03
1.450000000000000000e+03 8.253660966650384580e+03
1.451000000000000000e+03 8.231381934093129530e+03
1.452000000000000000e+03 8.216866875804784286e+03
1.453000000000000000e+03 8.224734112334022939e+03
1.454000000000000000e+03 8.229435887590216225e+03
1.455000000000000000e+03 8.246506061989173759e+03
1.456000000000000000e+03 8.258088192360859466e+03
1.457000000000000000e+03 8.262942302925210242e+03
1.458000000000000000e+03 8.258248074109525987e+03
1.459000000000000000e+03 8.262486771583066002e+03
1.460000000000000000e+03 8.261924486891834022e+03
1.461000000000000000e+03 8.246078486189291652e+03
1.462000000000000000e+03 8.234413109082954179e+03
1.463000000000000000e+03 8.215826650479055388e+03
1.464000000000000000e+03 8.222365445858658859e+03
1.465000000000000000e+03 8.202464486481079803e+03
1.466000000000000000e+03 8.227298704805520174e+03
1.467000000000000000e+03 8.240701657304729451e+03
1.468000000000000000e+03 8.258179402700432547e+03
1.469000000000000000e+03 8.262526733922606581e+03
1.470000000000000000e+03 8.269004108656949029e+03
1.471000000000000000e+03 8.291400870337078231e+03
1.472000000000000000e+03 8.306928862320402914e+03
1.473000000000000000e+03 8.310541796557941780e+03
1.474000000000000000e+03 8.313272616688529524e+03
1.475000000000000000e+03 8.320328677695779334e+03
1.476000000000000000e+03 8.332572194653357656e+03
1.477000000000000000e+03 8.337464560367146987e+03
1.478000000000000000e+03 8.320111155691716704e+03
1.479000000000000000e+03 8.322574500833248749e+03
1.480000000000000000e+03 8.347546360651322175e+03
1.481000000000000000e+03 8.357415137348241842e+03
1.482000000000000000e+03 8.373878730156542588e+03
1.483000000000000000e+03 8.366200195105191597e+03
1.484000000000000000e+03 8.364916125976234980e+03
1.485000000000000000e+03 8.367216884242974629e+03
1.486000000000000000e+03 8.362352233395313306e+03
1.487000000000000000e+03 8.376340792475957642e+03
1.488000000000000000e+03 8.427120325811498333e+03
1.489000000000000000e+03 8.402053913682975690e+03
1.490000000000000000e+03 8.414955770207156093e+03
1.491000000000000000e+03 8.381292676954622948e+03
1.492000000000000000e+03 8.395826148613881742e+03
1.493000000000000000e+03 8.392670394901484542e+03
1.494000000000000000e+03 8.414597600925255392e+03
1.495000000000000000e+03 8.418856068711422267e+03
1.496000000000000000e+03 8.436753693350960020e+03
1.497000000000000000e+03 8.430277414366488301e+03
1.498000000000000000e+03 8.431165372872930675e+03
1.499000000000000000e+03 8.430336170480100918e+03
1.500000000000000000e+03 8.426753652491675894e+03
1.501000000000000000e+03 8.406776365701965915e+03
1.502000000000000000e+03 8.421630991961756081e+03
1.503000000000000000e+03 8.406714189454236475e+03
1.504000000000000000e+03 8.427687934495210357e+03
1.505000000000000000e+03 8.412387922046767926e+03
1.506000000000000000e+03 8.436039185103292766e+03
1.507000000000000000e+03 8.470420401117136862e+03
1.508000000000000000e+03 8.491464018822329308e+03
1.509000000000000000e+03 8.520127112173520800e+03
1.510000000000000000e+03 8.535815831222229463e+03
1.511000000000000000e+03 8.543769811055757600e+03
1.512000000000000000e+03 8.555778473906673753e+03
1.513000000000000000e+03 8.592388382522880420e+03
1.514000000000000000e+03 8.595895501493814663e+03
1.515000000000000000e+03 8.572175109118446926e+03
1.516000000000000000e+03 8.576376073165458365e+03
1.517000000000000000e+03 8.596332539632707267e+03
1.518000000000000000e+03 8.606315985553932478e+03
1.519000000000000000e+03 8.622670241255136716e+03
1.520000000000000000e+03 8.613395170471769234e+03
1.521000000000000000e+03 8.610510128863261343e+03
1.522000000000000000e+03 8.625969204021979749e+03
1.523000000000000000e+03 8.643711220372460957e+03
1.524000000000000000e+03 8.636737051439518837e+03
1.525000000000000000e+03 8.642187690286447832e+03
1.526000000000000000e+03 8.638749749823973616e+03
1.527000000000000000e+03 8.649985444575117072e+03
1.528000000000000000e+03 8.658041655860446554e+03
1.529000000000000000e+03 8.694277532792471902e+03
1.530000000000000000e+03 8.700855578359729407e+03
1.531000000000000000e+03 8.721682953945655754e+03
1.532000000000000000e+03 8.726840333232188641e+03
1.533000000000000000e+03 8.738570055318168670e+03
1.534000000000000000e+03 8.730338589339984537e+03
1.535000000000000000e+03 8.768863355149673225e+03
1.536000000000000000e+03 8.765624970630784446e+03
1.537000000000000000e+03 8.745314189641638222e+03
1.538000000000000000e+03 8.734988337101332945e+03
1.539000000000000000e+03 8.751985862160778197e+03
1.540000000000000000e+03 8.778336708348528191e+03
1.541000000000000000e+03 8.803739830197766423e+03
1.542000000000000000e+03 8.819025202309463566e+03
1.543000000000000000e+03 8.803908884483023940e+03
1.544000000000000000e+03 8.809848283454817647e+03
1.545000000000000000e+03 8.832682585306263718e+03
1.546000000000000000e+03 8.852641059403287727e+03
1.547000000000000000e+03 8.842173869572874537e+03
1.548000000000000000e+03 8.838560476132894109e+03
1.549000000000000000e+03 8.834633085837664112e+03
1.550000000000000000e+03 8.823281177034023131e+03
1.551000000000000000e+03 8.836592237288319666e+03
1.552000000000000000e+03 8.865094516633076637e+03
1.553000000000000000e+03 8.857008624194515505e+03
1.554000000000000000e+03 8.884849185911120003e+03
1.555000000000000000e+03 8.877261504373329444e+03
1.556000000000000000e+03 8.883597184299378569e+03
1.557000000000000000e+03 8.889742687308023960e+03
1.558000000000000000e+03 8.868667658336518798e+03
1.559000000000000000e+03 8.881132824277605323e+03
1.560000000000000000e+03 8.876691649734842940e+03
1.561000000000000000e+03 8.870126937481307323e+03
1.562000000000000000e+03 8.872939161754060478e+03
1.563000000000000000e+03 8.869410716934837183e+03
1.564000000000000000e+03 8.861310482859202239e+03
1.565000000000000000e+03 8.875785852492474078e+03
1.566000000000000000e+03 8.910244592162676781e+03
1.567000000000000000e+03 8.919820457870071550e+03
1.568000000000000000e+03 8.915203827717714375e+03
1.569000000000000000e+03 8.929511070191432736e+03
1.570000000000000000e+03 8.925745704493587255e+03
1.571000000000000000e+03 8.924251582754302945e+03
1.572000000000000000e+03 8.953066867971281681e+03
1.573000000000000000e+03 8.951456848177036591e+03
1.574000000000000000e+03 8.945278854897371275e+03
1.575000000000000000e+03 8.955897888533398145e+03
1.576000000000000000e+03 8.970545242594174852e+03
1.577000000000000000e+03 8.983633598737142165e+03
1.578000000000000000e+03 9.004106889036622306e+03
1.579000000000000000e+03 9.010170129843263567e+03
1.580000000000000000e+03 9.012513132373538610e+03
1.581000000000000000e+03 8.993525325349750347e+03
1.582000000000000000e+03 9.001799197212912986e+03
1.583000000000000000e+03 9.015310932469885302e+03
1.584000000000000000e+03 9.028337427568016210e+03
1.585000000000000000e+03 9.041482865954683803e+03
1.586000000000000000e+03 9.036378496443778204e+03
1.587000000000000000e+03 9.036785473984051350e+03
1.588000000000000000e+03 9.067156468645775021e+03
1.589000000000000000e+03 9.061079158654449202e+03
1.590000000000000000e+03 9.058203847952967408e+03
1.591000000000000000e+03 9.071949004985173815e+03
1.592000000000000000e+03 9.067217281067125441e+03
1.593000000000000000e+03 9.088925743489395245e+03
1.594000000000000000e+03 9.111716047435189466e+03
1.595000000000000000e+03 9.114795946739484862e+03
1.596000000000000000e+03 9.118940445559477666e+03
1.597000000000000000e+03 9.131475329944671103e+03
1.598000000000000000e+03 9.139538961993606790e+03
1.599000000000000000e+03 9.162611659988981046e+03
1.600000000000000000e+03 9.155526155528274103e+03
1.601000000000000000e+03 9.151798711880332121e+03
1.602000000000000000e+03 9.140005601477843811e+03
1.603000000000000000e+03 9.131037646388311259e+03
1.604000000000000000e+03 9.145551208022101491e+03
1.605000000000000000e+03 9.168203958538580991e+03
1.606000000000000000e+03 9.173794445384566643e+03
1.607000000000000000e+03 9.161354616448708839e+03
1.608000000000000000e+03 9.181224997315455767e+03
1.609000000000000000e+03 9.192179117671466884e+03
1.610000000000000000e+03 9.190221506370229690e+03
1.611000000000000000e+03 9.200057501252038492e+03
1.612000000000000000e+03 9.202376403847038091e+03
1.613000000000000000e+03 9.206776463521518963e+03
1.614000000000000000e+03 9.231026119985483092e+03
1.615000000000000000e+03 9.214758720188996449e+03
1.616000000000000000e+03 9.204644370200512640e+03
1.617000000000000000e+03 9.248366127800325557e+03
1.618000000000000000e+03 9.272876101122321415e+03
1.619000000000000000e+03 9.271679091707910629e+03
1.620000000000000000e+03 9.284764380862463440e+03
1.621000000000000000e+03 9.316088288396591452e+03
1.622000000000000000e+03 9.330911748083839484e+03
1.623000000000000000e+03 9.348280733087700355e+03
1.624000000000000000e+03 9.346676247541421617e+03
1.625000000000000000e+03 9.343099687671752690e+03
1.626000000000000000e+03 9.353809400737696706e+03
1.627000000000000000e+03 9.375769253987495176e+03
1.628000000000000000e+03 9.413538289284118946e+03
1.629000000000000000e+03 9.431638485177587427e+03
1.630000000000000000e+03 9.447305326019150016e+03
1.631000000000000000e+03 9.451951433332604211e+03
1.632000000000000000e+03 9.434502653949397427e+03
1.633000000000000000e+03 9.451211823102128619e+03
1.634000000000000000e+03 9.456882542825160272e+03
1.635000000000000000e+03 9.452188561031065547e+03
1.636000000000000000e+03 9.457134611802388463e+03
1.637000000000000000e+03 9.470986069724862318e+03
1.638000000000000000e+03 9.487957493623611299e+03
1.639000000000000000e+03 9.484642381444296916e+03
1.640000000000000000e+03 9.454834452420853268e+03
1.641000000000000000e+03 9.458088522240594102e+03
1.642000000000000000e+03 9.460510761566760266e+03
1.643000000000000000e+03 9.437217467747541377e+03
1.644000000000000000e+03 9.427916785261506448e+03
1.645000000000000000e+03 9.440435167336412633e+03
1.646000000000000000e+03 9.427458745024416203e+03
1.647000000000000000e+03 9.451873937525206202e+03
1.648000000000000000e+03 9.470784567160661027e+03
1.649000000000000000e+03 9.450255701800637326e+03
1.650000000000000000e+03 9.441101562727430064e+03
1.651000000000000000e+03 9.432349751700516208e+03
1.652000000000000000e+03 9.429978742105900892e+03
1.653000000000000000e+03 9.407730780086325467e+03
1.654000000000000000e+03 9.392332083645820603e+03
1.655000000000000000e+03 9.409627824616814905e+03
1.656000000000000000e+03 9.422636207723284315e+03
1.657000000000000000e+03 9.445301799366448904e+03
1.658000000000000000e+03 9.443586308205021851e+03
1.659000000000000000e+03 9.441101409610893825e+03
1.660000000000000000e+03 9.428739436668567578e+03
1.661000000000000000e+03 9.433011890343714185e+03
1.662000000000000000e+03 9.410065419963581007e+03
1.663000000000000000e+03 9.401293946677877102e+03
1.664000000000000000e+03 9.437512637966565308e+03
1.665000000000000000e+03 9.451924912292661247e+03
1.666000000000000000e+03 9.442364529751717782e+03
1.667000000000000000e+03 9.456393855414788050e+03
1.668000000000000000e+03 9.433694648956683523e+03
1.669000000000000000e+03 9.440682512076249623e+03
1.670000000000000000e+03 9.446573148573719664e+03
1.671000000000000000e+03 9.435939578729583445e+03
1.672000000000000000e+03 9.427004506903249421e+03
1.673000000000000000e+03 9.439990864715311545e+03
1.674000000000000000e+03 9.453222660858667950e+03
1.675000000000000000e+03 9.462525454367929342e+03
1.676000000000000000e+03 9.451472853853918423e+03
1.677000000000000000e+03 9.471204409029392991e+03
1.678000000000000000e+03 9.453691979058363358e+03
1.679000000000000000e+03 9.442161155005949695e+03
1.680000000000000000e+03 9.485616583972328954e+03
1.681000000000000000e+03 9.462021349326170821e+03
1.682000000000000000e+03 9.466510058281926831e+03
1.683000000000000000e+03 9.476857865837771897e+03
1.684000000000000000e+03 9.487821652766237094e+03
1.685000000000000000e+03 9.498541832273940599e+03
1.686000000000000000e+03 9.514348841284667287e+03
1.687000000000000000e+03 9.513641916481250519e+03
1.688000000000000000e+03 9.520541601427574278e+03
1.689000000000000000e+03 9.510928563556695735e+03
1.690000000000000000e+03 9.508299347741551173e+03
1.691000000000000000e+03 9.487703361990606936e+03
1.692000000000000000e+03 9.485910350481182832e+03
1.693000000000000000e+03 9.494395508358893494e+03
1.694000000000000000e+03 9.488317651013145223e+03
1.695000000000000000e+03 9.505165840713238140e+03
1.696000000000000000e+03 9.504334576171972003e+03
1.697000000000000000e+03 9.502857113328100240e+03
1.698000000000000000e+03 9.550521703226022510e+03
1.699000000000000000e+03 9.547419190574508320e+03
1.700000000000000000e+03 9.573650282185106335e+03
1.701000000000000000e+03 9.587298402417753096e+03
1.702000000000000000e+03 9.561170216130292829e+03
1.703000000000000000e+03 9.560926364309581913e+03
1.704000000000000000e+03 9.548523959173888215e+03
1.705000000000000000e+03 9.561950478722403204e+03
1.706000000000000000e+03 9.568700611463005771e+03
1.707000000000000000e+03 9.600250492614210089e+03
1.708000000000000000e+03 9.605456023884225942e+03
1.709000000000000000e+03 9.611990164948088932e+03
1.710000000000000000e+03 9.587453378326597885e+03
1.711000000000000000e+03 9.570872877601799701e+03
1.712000000000000000e+03 9.565874890504161158e+03
1.713000000000000000e+03 9.568572359592850262e+03
1.714000000000000000e+03 9.563714503537432392e+03
1.715000000000000000e+03 9.551974853898176661e+03
1.716000000000000000e+03 9.557147890291735166e+03
1.717000000000000000e+03 9.561890862038089836e+03
1.718000000000000000e+03 9.538816150113891126e+03
1.719000000000000000e+03 9.522771741234910223e+03
1.720000000000000000e+03 9.534279609336112117e+03
1.721000000000000000e+03 9.549868342150686658e+03
1.722000000000000000e+03 9.582103676667553373e+03
1.723000000000000000e+03 9.577158012056526786e+03
1.724000000000000000e+03 9.581761905814662896e+03
1.725000000000000000e+03 9.569669008052627760e+03
1.726000000000000000e+03 9.586975306789014212e+03
1.727000000000000000e+03 9.574328501637895897e+03
1.728000000000000000e+03 9.543876094814275348e+03
1.729000000000000000e+03 9.540636893288265128e+03
1.730000000000000000e+03 9.558708485157416362e+03
1.731000000000000000e+03 9.543348747584233934e+03
1.732000000000000000e+03 9.550795978512316651e+03
1.733000000000000000e+03 9.556321765963319194e+03
1.734000000000000000e+03 9.539738596403476549e+03
1.735000000000000000e+03 9.531292524539738224e+03
1.736000000000000000e+03 9.565552676317971418e+03
1.737000000000000000e+03 9.550630646718171192e+03
1.738000000000000000e+03 9.551486017324750719e+03
1.739000000000000000e+03 9.542842681318959876e+03
1.740000000000000000e+03 9.546449852300724160e+03
1.741000000000000000e+03 9.550814677060074246e+03
1.742000000000000000e+03 9.542267341544038572e+03
1.743000000000000000e+03 9.543928778546223839e+03
1.744000000000000000e+03 9.577630760683599874e+03
1.745000000000000000e+03 9.597838195039970742e+03
1.746000000000000000e+03 9.621598838426236398e+03
1.747000000000000000e+03 9.615558802981920962e+03
1.748000000000000000e+03 9.621754386356746181e+03
1.749000000000000000e+03 9.625982825760675041e+03
1.750000000000000000e+03 9.629526640305370165e+03
1.751000000000000000e+03 9.642145297075949202e+03
1.752000000000000000e+03 9.672685145346802528e+03
1.753000000000000000e+03 9.680140104690921362e+03
1.754000000000000000e+03 9.667176324520440176e+03
1.755000000000000000e+03 9.654308712608963106e+03
1.756000000000000000e+03 9.631101523190176522e+03
1.757000000000000000e+03 9.634917315599048379e+03
1.758000000000000000e+03 9.631339118992904332e+03
1.759000000000000000e+03 9.645731698986595802e+03
1.760000000000000000e+03 9.659227844662824282e+03
1.761000000000000000e+03 9.646664640814944505e+03
1.762000000000000000e+03 9.634004115790419746e+03
1.763000000000000000e+03 9.650091820399231437e+03
1.764000000000000000e+03 9.684318893554233000e+03
1.765000000000000000e+03 9.684793675679649823e+03
1.766000000000000000e+03 9.669385886033784118e+03
1.767000000000000000e+03 9.678077733143918522e+03
1.768000000000000000e+03 9.703521831189831573e+03
1.769000000000000000e+03 9.690711637010554114e+03
1.770000000000000000e+03 9.690263468108461893e+03
1.771000000000000000e+03 9.678107438468367036e+03
1.772000000000000000e+03 9.681416667538554975e+03
1.773000000000000000e+03 9.665770054311778949e+03
1.774000000000000000e+03 9.688576597569508522e+03
1.775000000000000000e+03 9.687401509176135733e+03
1.776000000000000000e+03 9.709205331651935921e+03
1.777000000000000000e+03 9.733731930749365347e+03
1.778000000000000000e+03 9.726766727749343772e+03
1.779000000000000000e+03 9.755182274239765320e+03
1.780000000000000000e+03 9.751554177606254598e+03
1.781000000000000000e+03 9.772047546046353091e+03
1.782000000000000000e+03 9.758744649293817929e+03
1.783000000000000000e+03 9.741655648866229967e+03
1.784000000000000000e+03 9.738872928202543335e+03
1.785000000000000000e+03 9.734753300216798380e+03
1.786000000000000000e+03 9.749907577069090621e+03
1.787000000000000000e+03 9.779568082483348917e+03
1.788000000000000000e+03 9.790176344791505471e+03
1.789000000000000000e+03 9.799697497100994951e+03
1.790000000000000000e+03 9.834966272696949090e+03
1.791000000000000000e+03 9.840029267887959577e+03
1.792000000000000000e+03 9.858383864769230058e+03
1.793000000000000000e+03 9.873800534773363324e+03
1.794000000000000000e+03 9.879666274405561126e+03
1.795000000000000000e+03 9.867778554401615111e+03
1.796000000000000000e+03 9.850073492964509569e+03
1.797000000000000000e+03 9.866568344863875609e+03
1.798000000000000000e+03 9.876433625901076084e+03
1.799000000000000000e+03 9.871828658534404894e+03
1.800000000000000000e+03 9.849260989763222824e+03
1.801000000000000000e+03 9.863330875701292825e+03
1.802000000000000000e+03 9.876955425680765984e+03
1.803000000000000000e+03 9.880578446074121530e+03
1.804000000000000000e+03 9.901816019403382597e+03
1.805000000000000000e+03 9.871050893427383926e+03
1.806000000000000000e+03 9.867716654326401112e+03
1.807000000000000000e+03 9.866826385270527680e+03
1.808000000000000000e+03 9.856631828838859292e+03
1.809000000000000000e+03 9.900102248143744873e+03
1.810000000000000000e+03 9.912088989756975934e+03
1.811000000000000000e+03 9.920932854220276568e+03
1.812000000000000000e+03 9.941674140373212140e+03
1.813000000000000000e+03 9.952389047630964342e+03
1.814000000000000000e+03 9.979336797599587953e+03
1.815000000000000000e+03 1.000896231019994775e+04
1.816000000000000000e+03 1.002164305767262886e+04
1.817000000000000000e+03 1.002773026651225700e+04
1.818000000000000000e+03 1.006818571100701593e+04
1.819000000000000000e+03 1.005794521275160878e+04
1.820000000000000000e+03 1.006252683059233823e+04
1.821000000000000000e+03 1.009429755095547807e+04
1.822000000000000000e+03 1.007875554086349621e+04
1.823000000000000000e+03 1.008842736166094801e+04
1.824000000000000000e+03 1.009090457659447384e+04
1.825000000000000000e+03 1.010777567661163448e+04
1.826000000000000000e+03 1.012560861269002635e+04
1.827000000000000000e+03 1.013579060908772226e+04
1.828000000000000000e+03 1.014292458179724781e+04
1.829000000000000000e+03 1.013570347467068677e+04
1.830000000000000000e+03 1.009034899039217817e+04
1.831000000000000000e+03 1.008437268816126925e+04
1.832000000000000000e+03 1.008527202773503268e+04
1.833000000000000000e+03 1.007162419242938267e+04
1.834000000000000000e+03 1.010789518221367871e+04
1.835000000000000000e+03 1.011405360968544846e+04
1.836000000000000000e+03 1.010763882259124875e+04
1.837000000000000000e+03 1.012181684792358647e+04
1.838000000000000000e+03 1.012382846134475949e+04
1.839000000000000000e+03 1.014849080567963756e+04
1.840000000000000000e+03 1.019826645167827883e+04
1.841000000000000000e+03 1.020230512961920613e+04
1.842000000000000000e+03 1.021745873367817694e+04
1.843000000000000000e+03 1.017073844773631936e+04
1.844000000000000000e+03 1.016650271948751288e+04
1.845000000000000000e+03 1.019838925693728925e+04
1.846000000000000000e+03 1.017890141917610526e+04
1.847000000000000000e+03 1.015597714334618104e+04
1.848000000000000000e+03 1.015208666853842624e+04
1.849000000000000000e+03 1.017303853640768466e+04
1.850000000000000000e+03 1.019107040348396004e+04
1.851000000000000000e+03 1.017923698806349239e+04
1.852000000000000000e+03 1.017534785462619766e+04
1.853000000000000000e+03 1.018647945148099825e+04
1.854000000000000000e+03 1.020300730414548707e+04
1.855000000000000000e+03 1.018354484330506966e+04
1.856000000000000000e+03 1.019612329609229164e+04
1.857000000000000000e+03 1.019834778405140787e+04
1.858000000000000000e+03 1.025106510597186207e+04
1.859000000000000000e+03 1.024298049419449126e+04
1.860000000000000000e+03 1.025355260571822691e+04
1.861000000000000000e+03 1.026922547052941081e+04
1.862000000000000000e+03 1.028061383230005958e+04
1.863000000000000000e+03 1.030010649763044421e+04
1.864000000000000000e+03 1.031602641926136312e+04
1.865000000000000000e+03 1.031466684063806861e+04
1.866000000000000000e+03 1.031026255342244622e+04
1.867000000000000000e+03 1.034709845577187116e+04
1.868000000000000000e+03 1.035026220109142196e+04
1.869000000000000000e+03 1.037128165018084474e+04
1.870000000000000000e+03 1.035981365372115943e+04
1.871000000000000000e+03 1.035776490069255487e+04
1.872000000000000000e+03 1.032940979594491182e+04
1.873000000000000000e+03 1.036639768715950413e+04
1.874000000000000000e+03 1.038200615296962860e+04
1.875000000000000000e+03 1.039789514503762257e+04
1.876000000000000000e+03 1.038545809920834290e+04
1.877000000000000000e+03 1.037753709583561067e+04
1.878000000000000000e+03 1.038375088097235857e+04
1.879000000000000000e+03 1.039066598435864398e+04
1.880000000000000000e+03 1.038156713279452561e+04
1.881000000000000000e+03 1.037502026811785436e+04
1.882000000000000000e+03 1.039476302342728559e+04
1.883000000000000000e+03 1.040406726274998437e+04
1.884000000000000000e+03 1.041583459626415242e+04
1.885000000000000000e+03 1.042838061926689079e+04
1.886000000000000000e+03 1.042509040869909222e+04
1.887000000000000000e+03 1.040643250974675720e+04
1.888000000000000000e+03 1.041592548402343164e+04
1.889000000000000000e+03 1.041899435487931441e+04
1.890000000000000000e+03 1.044437666170359262e+04
1.891000000000000000e+03 1.043225225834523917e+04
1.892000000000000000e+03 1.043436368062890688e+04
1.893000000000000000e+03 1.045625352743703661e+04
1.894000000000000000e+03 1.047393526313945586e+04
1.895000000000000000e+03 1.048708611351726358e+04
1.896000000000000000e+03 1.050249436819141920e+04
1.897000000000000000e+03 1.051916179032083892e+04
1.898000000000000000e+03 1.052770479241877365e+04
1.899000000000000000e+03 1.053551848659632924e+04
1.900000000000000000e+03 1.053529850678513867e+04
1.901000000000000000e+03 1.056532589553598700e+04
1.902000000000000000e+03 1.058250967383230090e+04
1.903000000000000000e+03 1.057080232050826453e+04
1.904000000000000000e+03 1.058074172732961779e+04
1.905000000000000000e+03 1.059446453569090590e+04
1.906000000000000000e+03 1.059422037006332357e+04
1.907000000000000000e+03 1.062237165238817033e+04
1.908000000000000000e+03 1.062285634157571076e+04
1.909000000000000000e+03 1.060473952676722911e+04
1.910000000000000000e+03 1.063323583432241503e+04
1.911000000000000000e+03 1.067381134648654370e+04
1.912000000000000000e+03 1.069261127353538177e+04
1.913000000000000000e+03 1.069145518768321017e+04
1.914000000000000000e+03 1.065599744750643003e+04
1.915000000000000000e+03 1.065301667323223228e+04
1.916000000000000000e+03 1.063555732650083701e+04
1.917000000000000000e+03 1.065026447866497256e+04
1.918000000000000000e+03 1.066634055673833791e+04
1.919000000000000000e+03 1.064709360039051535e+04
1.920000000000000000e+03 1.065912074201442010e+04
1.921000000000000000e+03 1.066759228043018084e+04
1.922000000000000000e+03 1.064605530633203125e+04
1.923000000000000000e+03 1.064950047683162302e+04
1.924000000000000000e+03 1.067368664708559118e+04
1.925000000000000000e+03 1.066389306765008587e+04
1.926000000000000000e+03 1.070502213465784735e+04
1.927000000000000000e+03 1.070705289993570477e+04
1.928000000000000000e+03 1.068340297935365561e+04
1.929000000000000000e+03 1.065744345253760184e+04
1.930000000000000000e+03 1.069073416945059580e+04
1.931000000000000000e+03 1.071085729418136725e+04
1.932000000000000000e+03 1.071359185845039428e+04
1.933000000000000000e+03 1.070535522284622675e+04
1.934000000000000000e+03 1.070501782817947424e+04
1.935000000000000000e+03 1.070102194000350937e+04
1.936000000000000000e+03 1.073136055788886006e+04
1.937000000000000000e+03 1.074000590298605493e+04
1.938000000000000000e+03 1.074372779721188635e+04
1.939000000000000000e+03 1.072763696908545717e+04
1.940000000000000000e+03 1.075723438300954331e+04
1.941000000000000000e+03 1.076630419819295639e+04
1.942000000000000000e+03 1.078536966068830225e+04
1.943000000000000000e+03 1.081248064588801208e+04
1.944000000000000000e+03 1.081333650930464319e+04
1.945000000000000000e+03 1.084360592279092089e+04
1.946000000000000000e+03 1.084148451219028175e+04
1.947000000000000000e+03 1.084517370341472451e+04
1.948000000000000000e+03 1.085624006847764940e+04
1.949000000000000000e+03 1.086132684312564197e+04
1.950000000000000000e+03 1.087435393089068930e+04
1.951000000000000000e+03 1.088630296809297215e+04
1.952000000000000000e+03 1.089782666326950130e+04
1.953000000000000000e+03 1.090415670114922614e+04
1.954000000000000000e+03 1.089797424648153901e+04
1.955000000000000000e+03 1.089439293937681396e+04
1.956000000000000000e+03 1.089463918652070788e+04
1.957000000000000000e+03 1.088204165086258399e+04
1.958000000000000000e+03 1.090384686250158302e+04
1.959000000000000000e+03 1.090050048978028281e+04
1.960000000000000000e+03 1.087237440125104695e+04
1.961000000000000000e+03 1.088314188740530153e+04
1.962000000000000000e+03 1.087314219969416627e+04
1.963000000000000000e+03 1.087206917634872298e+04
1.964000000000000000e+03 1.089533327453288439e+04
1.965000000000000000e+03 1.087362233961146194e+04
1.966000000000000000e+03 1.090377583440214585e+04
1.967000000000000000e+03 1.091040823504694163e+04
1.968000000000000000e+03 1.089646189669834894e+04
1.969000000000000000e+03 1.091775508986628665e+04
1.970000000000000000e+03 1.095262923204307663e+04
1.971000000000000000e+03 1.095314006201812117e+04
1.972000000000000000e+03 1.096065695108615546e+04
1.973000000000000000e+03 1.098839965076827502e+04
1.974000000000000000e+03 1.099136355883605574e+04
1.975000000000000000e+03 1.099391017316801117e+04
1.976000000000000000e+03 1.096450510500201744e+04
1.977000000000000000e+03 1.099762395598271723e+04
1.978000000000000000e+03 1.100420559784661600e+04
1.979000000000000000e+03 1.098582401441956608e+04
1.980000000000000000e+03 1.098871684522748546e+04
1.981000000000000000e+03 1.099003098293979565e+04
1.982000000000000000e+03 1.100718151675293484e+04
1.983000000000000000e+03 1.103506162913387379e+04
1.984000000000000000e+03 1.104612322120622412e+04
1.985000000000000000e+03 1.105733517812737227e+04
1.986000000000000000e+03 1.105336656596752437e+04
1.987000000000000000e+03 1.105192739466326202e+04
1.988000000000000000e+03 1.106043921726387634e+04
1.989000000000000000e+03 1.108873639318153255e+04
1.990000000000000000e+03 1.109791686775582275e+04
1.991000000000000000e+03 1.113251044504650235e+04
1.992000000000000000e+03 1.113173874623472148e+04
1.993000000000000000e+03 1.112346644418620053e+04
1.994000000000000000e+03 1.113825564157674125e+04
1.995000000000000000e+03 1.113502787623479162e+04
1.996000000000000000e+03 1.115144479289452465e+04
1.997000000000000000e+03 1.113498271690016190e+04
1.998000000000000000e+03 1.114249114155935786e+04
1.999000000000000000e+03 1.114685416399845781e+04
2.000000000000000000e+03 1.116095677187291949e+04
2.001000000000000000e+03 1.120383867883663333e+04
2.002000000000000000e+03 1.119533785638866357e+04
2.003000000000000000e+03 1.121608797684771162e+04
2.004000000000000000e+03 1.121181292631670294e+04
2.005000000000000000e+03 1.121889743508850734e+04
2.006000000000000000e+03 1.119723795462351336e+04
2.007000000000000000e+03 1.121992983075412667e+04
2.008000000000000000e+03 1.122935566292069780e+04
2.009000000000000000e+03 1.122931804197544079e+04
2.010000000000000000e+03 1.125497712703720026e+04
2.011000000000000000e+03 1.123272418475454833e+04
2.012000000000000000e+03 1.122331534290489617e+04
2.013000000000000000e+03 1.120980909456745758e+04
2.014000000000000000e+03 1.119474345310184981e+04
2.015000000000000000e+03 1.120044037685586591e+04
2.016000000000000000e+03 1.120219390574901081e+04
2.017000000000000000e+03 1.122738139788578155e+04
2.018000000000000000e+03 1.123056284367146873e+04
2.019000000000000000e+03 1.124524273355391051e+04
2.020000000000000000e+03 1.123766919812434389e+04
2.021000000000000000e+03 1.127724138644678169e+04
2.022000000000000000e+03 1.127663667341275868e+04
2.023000000000000000e+03 1.127793285355119770e+04
2.024000000000000000e+03 1.129406235312291392e+04
2.025000000000000000e+03 1.132155635324186187e+04
2.026000000000000000e+03 1.131380357316330628e+04
2.027000000000000000e+03 1.132746494544476991e+04
2.028000000000000000e+03 1.131040972231964952e+04
2.029000000000000000e+03 1.129079378566914602e+04
2.030000000000000000e+03 1.126447256347398252e+04
2.031000000000000000e+03 1.129998620563463373e+04
2.032000000000000000e+03 1.130045712655351417e+04
2.033000000000000000e+03 1.131031113915370406e+04
2.034000000000000000e+03 1.132944984265198036e+04
2.035000000000000000e+03 1.133560964105949097e+04
2.036000000000000000e+03 1.132645405066573585e+04
2.037000000000000000e+03 1.132358791409476908e+04
2.038000000000000000e+03 1.132691631267845150e+04
2.039000000000000000e+03 1.131452512537843540e+04
2.040000000000000000e+03 1.130370703095366480e+04
2.041000000000000000e+03 1.127732383168434535e+04
2.042000000000000000e+03 1.129039879133786962e+04
2.043000000000000000e+03 1.130139687319060249e+04
2.044000000000000000e+03 1.131834506632749799e+04
2.045000000000000000e+03 1.133367073806097142e+04
2.046000000000000000e+03 1.131793353420485982e+04
2.047000000000000000e+03 1.131423942434859782e+04
2.048000000000000000e+03 1.130887684854307554e+04
2.049000000000000000e+03 1.133618198115986888e+04
2.050000000000000000e+03 1.131574087931774557e+04
2.051000000000000000e+03 1.133151534379133045e+04
2.052000000000000000e+03 1.132711590381112910e+04
2.053000000000000000e+03 1.133684314451494174e+04
2.054000000000000000e+03 1.135851253756498954e+04
2.055000000000000000e+03 1.136092128084592332e+04
2.056000000000000000e+03 1.137092933595871546e+04
2.057000000000000000e+03 1.137373161852805788e+04
2.058000000000000000e+03 1.137086401748095705e+04
2.059000000000000000e+03 1.139579816596337514e+04
2.060000000000000000e+03 1.141147149635907772e+04
2.061000000000000000e+03 1.139225291685670709e+04
2.062000000000000000e+03 1.138788816820360444e+04
2.063000000000000000e+03 1.139256363616927592e+04
2.064000000000000000e+03 1.137923362404521504e+04
2.065000000000000000e+03 1.137659009053490809e+04
2.066000000000000000e+03 1.138269563638618274e+04
2.067000000000000000e+03 1.139320149074887740e+04
2.068000000000000000e+03 1.139985050793911614e+04
2.069000000000000000e+03 1.140090618687542701e+04
2.070000000000000000e+03 1.139632460626691682e+04
2.071000000000000000e+03 1.137598957536612397e+04
2.072000000000000000e+03 1.133211417562837960e+04
2.073000000000000000e+03 1.135625206267885005e+04
2.074000000000000000e+03 1.137069613556365766e+04
2.075000000000000000e+03 1.135851756390983428e+04
2.076000000000000000e+03 1.138676398070672622e+04
2.077000000000000000e+03 1.141036244916008218e+04
2.078000000000000000e+03 1.144139561210723150e+04
2.079000000000000000e+03 1.144752900036773462e+04
2.080000000000000000e+03 1.143965093099386104e+04
2.081000000000000000e+03 1.144759999601367781e+04
2.082000000000000000e+03 1.145538495337754102e+04
2.083000000000000000e+03 1.145417906688206494e+04
2.084000000000000000e+03 1.146102313775382936e+04
2.085000000000000000e+03 1.146380165074870274e+04
2.086000000000000000e+03 1.149510790406630622e+04
2.087000000000000000e+03 1.149124675762364495e+04
2.088000000000000000e+03 1.151210644503178810e+04
2.089000000000000000e+03 1.149766659700976925e+04
2.090000000000000000e+03 1.151394989942676875e+04
2.091000000000000000e+03 1.152064023874757549e+04
2.092000000000000000e+03 1.149082436928527204e+04
2.093000000000000000e+03 1.147932725636042414e+04
2.094000000000000000e+03 1.150464141192564421e+04
2.095000000000000000e+03 1.150167142412279463e+04
2.096000000000000000e+03 1.149241883394224533e+04
2.097000000000000000e+03 1.148173889620350565e+04
2.098000000000000000e+03 1.147441668122096235e+04
2.099000000000000000e+03 1.151037804405570023e+04
2.100000000000000000e+03 1.153859960330898502e+04
2.101000000000000000e+03 1.153958083976494891e+04
2.102000000000000000e+03 1.157109630553141324e+04
2.103000000000000000e+03 1.158944338133929523e+04
2.104000000000000000e+03 1.158566648980268474e+04
2.105000000000000000e+03 1.160425883232366505e+04
2.106000000000000000e+03 1.158333470143772684e+04
2.107000000000000000e+03 1.157449568629264468e+04
2.108000000000000000e+03 1.158549578764184116e+04
2.109000000000000000e+03 1.159859712880360348e+04
2.110000000000000000e+03 1.159299739714401949e+04
2.111000000000000000e+03 1.159325688068747877e+04
2.112000000000000000e+03 1.162676633972010677e+04
2.113000000000000000e+03 1.161574887128579940e+04
2.114000000000000000e+03 1.159666269861239016e+04
2.115000000000000000e+03 1.160372600589562717e+04
2.116000000000000000e+03 1.163427481141147109e+04
2.117000000000000000e+03 1.164570759693419313e+04
2.118000000000000000e+03 1.166473468116437289e+04
2.119000000000000000e+03 1.165143157060013073e+04
2.120000000000000000e+03 1.165208888093864516e+04
2.121000000000000000e+03 1.165584335908207686e+04
2.122000000000000000e+03 1.165707516023737662e+04
2.123000000000000000e+03 1.166879215817112527e+04
2.124000000000000000e+03 1.165171137502060992e+04
2.125000000000000000e+03 1.164898385358650012e+04
2.126000000000000000e+03 1.165220198263111706e+04
2.127000000000000000e+03 1.167184519692409594e+04
2.128000000000000000e+03 1.166945205788736712e+04
2.129000000000000000e+03 1.167332030098668110e+04
2.130000000000000000e+03 1.168525039164053305e+04
2.131000000000000000e+03 1.166231683916694419e+04
2.132000000000000000e+03 1.168966427207964625e+04
2.133000000000000000e+03 1.169797554229665366e+04
2.134000000000000000e+03 1.171012014861613352e+04
2.135000000000000000e+03 1.172866132015993389e+04
2.136000000000000000e+03 1.173971452353664245e+04
2.137000000000000000e+03 1.176710352589619288e+04
2.138000000000000000e+03 1.179926022172901685e+04
2.139000000000000000e+03 1.178979996638507328e+04
2.140000000000000000e+03 1.178366775688267808e+04
2.141000000000000000e+03 1.177322416911046639e+04
2.142000000000000000e+03 1.177485132932886336e+04
2.143000000000000000e+03 1.180038447244684357e+04
2.144000000000000000e+03 1.181443883574662868e+04
2.145000000000000000e+03 1.181739028853287709e+04
2.146000000000000000e+03 1.180611968936012454e+04
2.147000000000000000e+03 1.179629035500676582e+04
2.148000000000000000e+03 1.178090300265482801e+04
2.149000000000000000e+03 1.179300111649765677e+04
2.150000000000000000e+03 1.181178740601677600e+04
2.151000000000000000e+03 1.181958552362739283e+04
2.152000000000000000e+03 1.182013370835278147e+04
2.153000000000000000e+03 1.182020317074709055e+04
2.154000000000000000e+03 1.183350371655403615e+04
2.155000000000000000e+03 1.182014359706555842e+04
2.156000000000000000e+03 1.181842805493555898e+04
2.157000000000000000e+03 1.185163617211809287e+04
2.158000000000000000e+03 1.187949552505858810e+04
2.159000000000000000e+03 1.187720207962580025e+04
2.160000000000000000e+03 1.189764828172496163e+04
2.161000000000000000e+03 1.187683707547140875e+04
2.162000000000000000e+03 1.188807975980718220e+04
2.163000000000000000e+03 1.189623933091229628e+04
2.164000000000000000e+03 1.190724246488187782e+04
2.165000000000000000e+03 1.194065107448827985e+04
2.166000000000000000e+03 1.192672443052993731e+04
2.167000000000000000e+03 1.192961606272109384e+04
2.168000000000000000e+03 1.194924692759097343e+04
2.169000000000000000e+03 1.194290804714885780e+04
2.170000000000000000e+03 1.196187503549076609e+04
2.171000000000000000e+03 1.198312273308821204e+04
2.172000000000000000e+03 1.196640235307925650e+04
2.173000000000000000e+03 1.196950502454825437e+04
2.174000000000000000e+03 1.196908421637797619e+04
2.175000000000000000e+03 1.196715336979997846e+04
2.176000000000000000e+03 1.199086201687217726e+04
2.177000000000000000e+03 1.198675698503243984e+04
2.178000000000000000e+03 1.194985620889389611e+04
2.179000000000000000e+03 1.194904458765285199e+04
2.180000000000000000e+03 1.192605166067351456e+04
2.181000000000000000e+03 1.196376805641580358e+04
2.182000000000000000e+03 1.196192044555782195e+04
2.183000000000000000e+03 1.197078622076534884e+04
2.184000000000000000e+03 1.198130089417711133e+04
2.185000000000000000e+03 1.198076572275804392e+04
2.186000000000000000e+03 1.198623204843547865e+04
2.187000000000000000e+03 1.197352874636211345e+04
2.188000000000000000e+03 1.199132261648986969e+04
2.189000000000000000e+03 1.203083270163966699e+04
2.190000000000000000e+03 1.204555216536897387e+04
2.191000000000000000e+03 1.202958013244205904e+04
2.192000000000000000e+03 1.201639111685738317e+04
2.193000000000000000e+03 1.199116963338094865e+04
2.194000000000000000e+03 1.200693437542020183e+04
2.195000000000000000e+03 1.200139582625257390e+04
2.196000000000000000e+03 1.199033744211036174e+04
2.197000000000000000e+03 1.199214881676364712e+04
2.198000000000000000e+03 1.199128808594752081e+04
2.199000000000000000e+03 1.201463428271657358e+04
2.200000000000000000e+03 1.204376592239142519e+04
2.201000000000000000e+03 1.199459425246993851e+04
2.202000000000000000e+03 1.201391380746765208e+04
2.203000000000000000e+03 1.202808467448271040e+04
2.204000000000000000e+03 1.202583938172401031e+04
2.205000000000000000e+03 1.201069331637657706e+04
2.206000000000000000e+03 1.201500057277617452e+04
2.207000000000000000e+03 1.202108919732894901e+04
2.208000000000000000e+03 1.205893770891274107e+04
2.209000000000000000e+03 1.205645244567942609e+04
2.210000000000000000e+03 1.206673610182578705e+04
2.211000000000000000e+03 1.202948720139341640e+04
2.212000000000000000e+03 1.203454671591024999e+04
2.213000000000000000e+03 1.204943708044760569e+04
2.214000000000000000e+03 1.203134706167988043e+04
2.215000000000000000e+03 1.205004411680136036e+04
2.216000000000000000e+03 1.206620454769333810e+04
2.217000000000000000e+03 1.205571720972473850e+04
2.218000000000000000e+03 1.208543216890374060e+04
2.219000000000000000e+03 1.210793273731572117e+04
2.220000000000000000e+03 1.210985819613483727e+04
2.221000000000000000e+03 1.210286501587564817e+04
2.222000000000000000e+03 1.214022458818369159e+04
2.223000000000000000e+03 1.214322492563505693e+04
2.224000000000000000e+03 1.215925866891299302e+04
2.225000000000000000e+03 1.218459276937241520e+04
2.226000000000000000e+03 1.221525652412431918e+04
2.227000000000000000e+03 1.223071348679026596e+04
2.228000000000000000e+03 1.223413903765731811e+04
2.229000000000000000e+03 1.227517146557269189e+04
2.230000000000000000e+03 1.226671237304667920e+04
2.231000000000000000e+03 1.229097644931546347e+04
2.232000000000000000e+03 1.229502315269472274e+04
2.233000000000000000e+03 1.232712821189021997e+04
2.234000000000000000e+03 1.232034405347554821e+04
2.235000000000000000e+03 1.234314065830939217e+04
2.236000000000000000e+03 1.233405795947888146e+04
2.237000000000000000e+03 1.232547704644028636e+04
2.238000000000000000e+03 1.235556132456429805e+04
2.239000000000000000e+03 1.234144415581078829e+04
2.240000000000000000e+03 1.232033863210063464e+04
2.241000000000000000e+03 1.234648209353519451e+04
2.242000000000000000e+03 1.236520297228053278e+04
2.243000000000000000e+03 1.239488721473471196e+04
2.244000000000000000e+03 1.239004831777846084e+04
2.245000000000000000e+03 1.237632338973349761e+04
2.246000000000000000e+03 1.239380461716096579e+04
2.247000000000000000e+03 1.242399301005870620e+04
2.248000000000000000e+03 1.243350288329249815e+04
2.249000000000000000e+03 1.246203525755601368e+04
2.250000000000000000e+03 1.246393341454683832e+04
2.251000000000000000e+03 1.244876699319171894e+04
2.252000000000000000e+03 1.244643715822462218e+04
2.253000000000000000e+03 1.248729655014155105e+04
2.254000000000000000e+03 1.250381633238868199e+04
2.255000000000000000e+03 1.252501546351498109e+04
2.256000000000000000e+03 1.253960232161249951e+04
2.257000000000000000e+03 1.254136117937950439e+04
2.258000000000000000e+03 1.256018842305560247e+04
2.259000000000000000e+03 1.257569194529924061e+04
2.260000000000000000e+03 1.257444578984197142e+04
2.261000000000000000e+03 1.259387221252197924e+04
2.262000000000000000e+03 1.263552545751870093e+04
2.263000000000000000e+03 1.264894009010777336e+04
2.264000000000000000e+03 1.267692849478497010e+04
2.265000000000000000e+03 1.265272364771558568e+04
2.266000000000000000e+03 1.265557509849881171e+04
2.267000000000000000e+03 1.266479336620584036e+04
2.268000000000000000e+03 1.265317713971011108e+04
2.269000000000000000e+03 1.266210752760649302e+04
2.270000000000000000e+03 1.266165299096448689e+04
2.271000000000000000e+03 1.270306446862334451e+04
2.272000000000000000e+03 1.272923171531335356e+04
2.273000000000000000e+03 1.272757792334602891e+04
2.274000000000000000e+03 1.272646956132760897e+04
2.275000000000000000e+03 1.275346189968160252e+04
2.276000000000000000e+03 1.275060708500133296e+04
2.277000000000000000e+03 1.273478355371046200e+04
2.278000000000000000e+03 1.276699807218165734e+04
2.279000000000000000e+03 1.278876517141221302e+04
2.280000000000000000e+03 1.278078579324072416e+04
2.281000000000000000e+03 1.276985427540286582e+04
2.282000000000000000e+03 1.284278960903178813e+04
2.283000000000000000e+03 1.284324013049053065e+04
2.284000000000000000e+03 1.283161452211608048e+04
2.285000000000000000e+03 1.285200777660687891e+04
2.286000000000000000e+03 1.284472006620846332e+04
2.287000000000000000e+03 1.284288919440695463e+04
2.288000000000000000e+03 1.283371318874339340e+04
2.289000000000000000e+03 1.283638188378014638e+04
2.290000000000000000e+03 1.284969202290397516e+04
2.291000000000000000e+03 1.285132850710538514e+04
2.292000000000000000e+03 1.287613670132561310e+04
2.293000000000000000e+03 1.289496816836888138e+04
2.294000000000000000e+03 1.291634351414764933e+04
2.295000000000000000e+03 1.291375282297276317e+04
2.296000000000000000e+03 1.292451167316588908e+04
2.297000000000000000e+03 1.291945999768497131e+04
2.298000000000000000e+03 1.293469631594125531e+04
2.299000000000000000e+03 1.296457913497636946e+04
2.300000000000000000e+03 1.296007699594830774e+04
2.301000000000000000e+03 1.294091139023604774e+04
2.302000000000000000e+03 1.294067986433426267e+04
2.303000000000000000e+03 1.294940036039113693e+04
2.304000000000000000e+03 1.297232579493363664e+04
2.305000000000000000e+03 1.304296121877168844e+04
2.306000000000000000e+03 1.303307605789834997e+04
2.307000000000000000e+03 1.303545044264457465e+04
2.308000000000000000e+03 1.303135236418125351e+04
2.309000000000000000e+03 1.304334932293502970e+04
2.310000000000000000e+03 1.304811560577740602e+04
2.311000000000000000e+03 1.307579096694429791e+04
2.312000000000000000e+03 1.311002341110767520e+04
2.313000000000000000e+03 1.309482106325286622e+04
2.314000000000000000e+03 1.309244118248454834e+04
2.315000000000000000e+03 1.310940318385426508e+04
2.316000000000000000e+03 1.313429428666582135e+04
2.317000000000000000e+03 1.314645131574370680e+04
2.318000000000000000e+03 1.312032515335354765e+04
2.319000000000000000e+03 1.310270482017423274e+04
2.320000000000000000e+03 1.314023714454460969e+04
2.321000000000000000e+03 1.317430048912967322e+04
2.322000000000000000e+03 1.322332300518265220e+04
2.323000000000000000e+03 1.322438800325080956e+04
2.324000000000000000e+03 1.323416105809730652e+04
2.325000000000000000e+03 1.327418909337364312e+04
2.326000000000000000e+03 1.331804253635487294e+04
2.327000000000000000e+03 1.331921053451370244e+04
2.328000000000000000e+03 1.329089664709136196e+04
2.329000000000000000e+03 1.327117349607793039e+04
2.330000000000000000e+03 1.327533989813822518e+04
2.331000000000000000e+03 1.323039185369684856e+04
2.332000000000000000e+03 1.324327542447012456e+04
2.333000000000000000e+03 1.321962691504143186e+04
2.334000000000000000e+03 1.322426679114259605e+04
2.335000000000000000e+03 1.323505187023308281e+04
2.336000000000000000e+03 1.327613745171418850e+04
2.337000000000000000e+03 1.329379698567356172e+04
2.338000000000000000e+03 1.332287925316132532e+04
2.339000000000000000e+03 1.335730125734727699e+04
2.340000000000000000e+03 1.337908586925705640e+04
2.341000000000000000e+03 1.337021588101136695e+04
2.342000000000000000e+03 1.335771870551799111e+04
2.343000000000000000e+03 1.336228387193745039e+04
2.344000000000000000e+03 1.336612469800476720e+04
2.345000000000000000e+03 1.337351372377345069e+04
2.346000000000000000e+03 1.341637474855503933e+04
2.347000000000000000e+03 1.340599005747902811e+04
2.348000000000000000e+03 1.340409762654635961e+04
2.349000000000000000e+03 1.337209386126204663e+04
2.350000000000000000e+03 1.336475790298884203e+04
2.351000000000000000e+03 1.338472306554989882e+04
2.352000000000000000e+03 1.337677283042452473e+04
2.353000000000000000e+03 1.338748901994999687e+04
2.354000000000000000e+03 1.341905253807847475e+04
2.355000000000000000e+03 1.344074968423458813e+04
2.356000000000000000e+03 1.342654309947842194e+04
2.357000000000000000e+03 1.342202972304990362e+04
2.358000000000000000e+03 1.342285750024197841e+04
2.359000000000000000e+03 1.343718998073348484e+04
2.360000000000000000e+03 1.344185026585157721e+04
2.361000000000000000e+03 1.346853176761770192e+04
2.362000000000000000e+03 1.348040709729180344e+04
2.363000000000000000e+03 1.347485950160169341e+04
2.364000000000000000e+03 1.346787500750747495e+04
2.365000000000000000e+03 1.342815891926450786e+04
2.366000000000000000e+03 1.346745204099189141e+04
2.367000000000000000e+03 1.350580267194651424e+04
2.368000000000000000e+03 1.351817512908603567e+04
2.369000000000000000e+03 1.348688551379454293e+04
2.370000000000000000e+03 1.348652664769700095e+04
2.371000000000000000e+03 1.348930977549654017e+04
2.372000000000000000e+03 1.351561119545373913e+04
2.373000000000000000e+03 1.354064484624126635e+04
2.374000000000000000e+03 1.355660837349501708e+04
2.375000000000000000e+03 1.359659333942632657e+04
2.376000000000000000e+03 1.359389126975719410e+04
2.377000000000000000e+03 1.362712693992640015e+04
2.378000000000000000e+03 1.361468313495895563e+04
2.379000000000000000e+03 1.362440810555058488e+04
2.380000000000000000e+03 1.363886481198244110e+04
2.381000000000000000e+03 1.367099898047794341e+04
2.382000000000000000e+03 1.367443268749362323e+04
2.383000000000000000e+03 1.366116079524364250e+04
2.384000000000000000e+03 1.366554702299564451e+04
2.385000000000000000e+03 1.366217281240337797e+04
2.386000000000000000e+03 1.366839361786095287e+04
2.387000000000000000e+03 1.367926063431981493e+04
2.388000000000000000e+03 1.367999472126723049e+04
2.389000000000000000e+03 1.368994835615327065e+04
2.390000000000000000e+03 1.372609308518996477e+04
2.391000000000000000e+03 1.370816465673839957e+04
2.392000000000000000e+03 1.370447111948825477e+04
2.393000000000000000e+03 1.371896180970634668e+04
2.394000000000000000e+03 1.369249462667337320e+04
2.395000000000000000e+03 1.368851361520157116e+04
2.396000000000000000e+03 1.369627424148789396e+04
2.397000000000000000e+03 1.370488908718406128e+04
2.398000000000000000e+03 1.374145499413369726e+04
2.399000000000000000e+03 1.371938805770849831e+04
2.400000000000000000e+03 1.369713857919221118e+04
2.401000000000000000e+03 1.370489737099247213e+04
2.402000000000000000e+03 1.372449275722150014e+04
2.403000000000000000e+03 1.374826343100684608e+04
2.404000000000000000e+03 1.372499416704068790e+04
2.405000000000000000e+03 1.370333181708494340e+04
2.406000000000000000e+03 1.370776408065825126e+04
2.407000000000000000e+03 1.372905038776427500e+04
2.408000000000000000e+03 1.374278521168810948e+04
2.409000000000000000e+03 1.375647958601831670e+04
2.410000000000000000e+03 1.379805820763290285e+04
2.411000000000000000e+03 1.380838866729676556e+04
2.412000000000000000e+03 1.382155280780647263e+04
2.413000000000000000e+03 1.380225371338538753e+04
2.414000000000000000e+03 1.380775932664633183e+04
2.415000000000000000e+03 1.378270290921679225e+04
2.416000000000000000e+03 1.377335449569942284e+04
2.417000000000000000e+03 1.375589557896022779e+04
2.418000000000000000e+03 1.377091395274887145e+04
2.419000000000000000e+03 1.375733765156787194e+04
2.420000000000000000e+03 1.377348532851299569e+04
2.421000000000000000e+03 1.377235870103792513e+04
2.422000000000000000e+03 1.378994446767312184e+04
2.423000000000000000e+03 1.379087048223193233e+04
2.424000000000000000e+03 1.377579735924791567e+04
2.425000000000000000e+03 1.381488008421933773e+04
2.426000000000000000e+03 1.382481419477558302e+04
2.427000000000000000e+03 1.383799214910505725e+04
2.428000000000000000e+03 1.385166355105664843e+04
2.429000000000000000e+03 1.385213778004132473e+04
2.430000000000000000e+03 1.385840819612862833e+04
2.431000000000000000e+03 1.390325097541642936e+04
2.432000000000000000e+03 1.395143842323169883e+04
2.433000000000000000e+03 1.397883015773432817e+04
2.434000000000000000e+03 1.395538811143325802e+04
2.435000000000000000e+03 1.398214575655046974e+04
2.436000000000000000e+03 1.400911278044185201e+04
2.437000000000000000e+03 1.399277543497623083e+04
2.438000000000000000e+03 1.398994370651844292e+04
2.439000000000000000e+03 1.397772888862118452e+04
2.440000000000000000e+03 1.398877575332645210e+04
2.441000000000000000e+03 1.397963440205832376e+04
2.442000000000000000e+03 1.396927066614724754e+04
2.443000000000000000e+03 1.396513967131113532e+04
2.444000000000000000e+03 1.397664410639922244e+04
2.445000000000000000e+03 1.397487795709651618e+04
2.446000000000000000e+03 1.399048749493045216e+04
2.447000000000000000e+03 1.399581321951881182e+04
2.448000000000000000e+03 1.400881106110713881e+04
2.449000000000000000e+03 1.399203431203059881e+04
2.450000000000000000e+03 1.397617774087202815e+04
2.451000000000000000e+03 1.395660520138310494e+04
2.452000000000000000e+03 1.397195202462501766e+04
2.453000000000000000e+03 1.399702161089200490e+04
2.454000000000000000e+03 1.400125032013761302e+04
2.455000000000000000e+03 1.397891311195804155e+04
2.456000000000000000e+03 1.396162284640654980e+04
2.457000000000000000e+03 1.397921677041919975e+04
2.458000000000000000e+03 1.400129126370106314e+04
2.459000000000000000e+03 1.400658453349796582e+04
2.460000000000000000e+03 1.402368432104742533e+04
2.461000000000000000e+03 1.400254977554228572e+04
2.462000000000000000e+03 1.405886212122574580e+04
2.463000000000000000e+03 1.403995730158268816e+04
2.464000000000000000e+03 1.403297935392275394e+04
2.465000000000000000e+03 1.407011035666010685e+04
2.466000000000000000e+03 1.409359909232238897e+04
2.467000000000000000e+03 1.409538334870588187e+04
2.468000000000000000e+03 1.405648787826927764e+04
2.469000000000000000e+03 1.402801068712005144e+04
2.470000000000000000e+03 1.400862194076946798e+04
2.471000000000000000e+03 1.400192772596090981e+04
2.472000000000000000e+03 1.400669991343938818e+04
2.473000000000000000e+03 1.400936416974270833e+04
2.474000000000000000e+03 1.401208953830758219e+04
2.475000000000000000e+03 1.399706233113175585e+04
2.476000000000000000e+03 1.401483383440813122e+04
2.477000000000000000e+03 1.404264584204175117e+04
2.478000000000000000e+03 1.401480211795568903e+04
2.479000000000000000e+03 1.400217398954212877e+04
2.480000000000000000e+03 1.397704839648499183e+04
2.481000000000000000e+03 1.395816822138617863e+04
2.482000000000000000e+03 1.395523300682526497e+04
2.483000000000000000e+03 1.397284860585712886e+04
2.484000000000000000e+03 1.398267600752815633e+04
2.485000000000000000e+03 1.396887557723755526e+04
2.486000000000000000e+03 1.397005134166938296e+04
2.487000000000000000e+03 1.397581861319908239e+04
2.488000000000000000e+03 1.394654366977101381e+04
2.489000000000000000e+03 1.395936280660374359e+04
2.490000000000000000e+03 1.400792457879640278e+04
2.491000000000000000e+03 1.404664988036498653e+04
2.492000000000000000e+03 1.404660279447585708e+04
2.493000000000000000e+03 1.402870244087769424e+04
2.494000000000000000e+03 1.403448277350096032e+04
2.495000000000000000e+03 1.405271913943016261e+04
2.496000000000000000e+03 1.408401852490896272e+04
2.497000000000000000e+03 1.407693078767988663e+04
2.498000000000000000e+03 1.405692714468406302e+04
2.499000000000000000e+03 1.405324496635409923e+04
2.500000000000000000e+03 1.404854256833588988e+04
2.501000000000000000e+03 1.403014590144193608e+04
2.502000000000000000e+03 1.406509979519508306e+04
2.503000000000000000e+03 1.409514284821600631e+04
2.504000000000000000e+03 1.410268660541157260e+04
2.505000000000000000e+03 1.408183304127317206e+04
2.506000000000000000e+03 1.405656395463272202e+04
2.507000000000000000e+03 1.406534962762386749e+04
2.508000000000000000e+03 1.407943231162572374e+04
2.509000000000000000e+03 1.407827855758629084e+04
2.510000000000000000e+03 1.409192155089756125e+04
2.511000000000000000e+03 1.411462569180489118e+04
2.512000000000000000e+03 1.412687920626927553e+04
2.513000000000000000e+03 1.414272847465330597e+04
2.514000000000000000e+03 1.416436345202364100e+04
2.515000000000000000e+03 1.415935650839605478e+04
2.516000000000000000e+03 1.415128507536092366e+04
2.517000000000000000e+03 1.414737180297107261e+04
2.518000000000000000e+03 1.414097651897459218e+04
2.519000000000000000e+03 1.412492207830223924e+04
2.520000000000000000e+03 1.412350095318068634e+04
2.521000000000000000e+03 1.411819039222544416e+04
2.522000000000000000e+03 1.408199875147528110e+04
2.523000000000000000e+03 1.404398580361233326e+04
2.524000000000000000e+03 1.405381952028019623e+04
2.525000000000000000e+03 1.406530357922074290e+04
2.526000000000000000e+03 1.406755209235962320e+04
2.527000000000000000e+03 1.407017914167099298e+04
2.528000000000000000e+03 1.406704871454425847e+04
2.529000000000000000e+03 1.413699347729622241e+04
2.530000000000000000e+03 1.415236456030308364e+04
2.531000000000000000e+03 1.415834790274604165e+04
2.532000000000000000e+03 1.415259018282842044e+04
2.533000000000000000e+03 1.413461042812650157e+04
2.534000000000000000e+03 1.416356071498096389e+04
2.535000000000000000e+03 1.416675023776152193e+04
2.536000000000000000e+03 1.414527798114258258e+04
2.537000000000000000e+03 1.414143532870654963e+04
2.538000000000000000e+03 1.411146857035943140e+04
2.539000000000000000e+03 1.413292714488568163e+04
2.540000000000000000e+03 1.409247088578876355e+04
2.541000000000000000e+03 1.409507596605307845e+04
2.542000000000000000e+03 1.409254205394378732e+04
2.543000000000000000e+03 1.411195535059123176e+04
2.544000000000000000e+03 1.411518607992782563e+04
2.545000000000000000e+03 1.412818274465043396e+04
2.546000000000000000e+03 1.414041989142615603e+04
2.547000000000000000e+03 1.415032166682352363e+04
2.548000000000000000e+03 1.413796535266540923e+04
2.549000000000000000e+03 1.415837376069342645e+04
2.550000000000000000e+03 1.416138321406913383e+04
2.551000000000000000e+03 1.421361896628277100e+04
2.552000000000000000e+03 1.421854655125330100e+04
2.553000000000000000e+03 1.421990158090027217e+04
2.554000000000000000e+03 1.423732167259011658e+04
2.555000000000000000e+03 1.422794308380765688e+04
2.556000000000000000e+03 1.420814936897261941e+04
2.557000000000000000e+03 1.419993555249739802e+04
2.558000000000000000e+03 1.417481731145116646e+04
2.559000000000000000e+03 1.418026715456390593e+04
2.560000000000000000e+03 1.419844040350587056e+04
2.561000000000000000e+03 1.419453525369937779e+04
2.562000000000000000e+03 1.418343978562169832e+04
2.563000000000000000e+03 1.419709950412649414e+04
2.564000000000000000e+03 1.419840678702364858e+04
2.565000000000000000e+03 1.419527272125520358e+04
2.566000000000000000e+03 1.421021053762571137e+04
2.567000000000000000e+03 1.422846982491447125e+04
2.568000000000000000e+03 1.420465670221428263e+04
2.569000000000000000e+03 1.419934830380247695e+04
2.570000000000000000e+03 1.422365948991808182e+04
2.571000000000000000e+03 1.426244644183721175e+04
2.572000000000000000e+03 1.426877474591299324e+04
2.573000000000000000e+03 1.429145282969022264e+04
2.574000000000000000e+03 1.428686892561167406e+04
2.575000000000000000e+03 1.428139970560656911e+04
2.576000000000000000e+03 1.427273147065709054e+04
2.577000000000000000e+03 1.426914399836463053e+04
2.578000000000000000e+03 1.427525321202572559e+04
2.579000000000000000e+03 1.430599920739344088e+04
2.580000000000000000e+03 1.428955392191647479e+04
2.581000000000000000e+03 1.431019902201136392e+04
2.582000000000000000e+03 1.434575636932136513e+04
2.583000000000000000e+03 1.432105539648027843e+04
2.584000000000000000e+03 1.429816723719015135e+04
2.585000000000000000e+03 1.427722146572779457e+04
2.586000000000000000e+03 1.427266291328652733e+04
2.587000000000000000e+03 1.426666334713238757e+04
2.588000000000000000e+03 1.429890207196082702e+04
2.589000000000000000e+03 1.427945025729257213e+04
2.590000000000000000e+03 1.430764563162738159e+04
2.591000000000000000e+03 1.433513970614613027e+04
2.592000000000000000e+03 1.431404729177616900e+04
2.593000000000000000e+03 1.433079556161078290e+04
2.594000000000000000e+03 1.431329676975082839e+04
2.595000000000000000e+03 1.432610122302162927e+04
2.596000000000000000e+03 1.436144737385344706e+04
2.597000000000000000e+03 1.432924946731733507e+04
2.598000000000000000e+03 1.429951186727892673e+04
2.599000000000000000e+03 1.433198671035178995e+04
2.600000000000000000e+03 1.436729969753592923e+04
2.601000000000000000e+03 1.436642442697791557e+04
2.602000000000000000e+03 1.439364560917744711e+04
2.603000000000000000e+03 1.439956975104224148e+04
2.604000000000000000e+03 1.441119417713231087e+04
2.605000000000000000e+03 1.444140645404157658e+04
2.606000000000000000e+03 1.441479907805720359e+04
2.607000000000000000e+03 1.441775561419957012e+04
2.608000000000000000e+03 1.440690302954435538e+04
2.609000000000000000e+03 1.437850653507556126e+04
2.610000000000000000e+03 1.439622691851065792e+04
2.611000000000000000e+03 1.441504051344313120e+04
2.612000000000000000e+03 1.439592354155455359e+04
2.613000000000000000e+03 1.441204023805551697e+04
2.614000000000000000e+03 1.444164000623341053e+04
2.615000000000000000e+03 1.445327406121186323e+04
2.616000000000000000e+03 1.442956312881999293e+04
2.617000000000000000e+03 1.440056922013491749e+04
2.618000000000000000e+03 1.441258453993729017e+04
2.619000000000000000e+03 1.439095111422556511e+04
2.620000000000000000e+03 1.440903749727649483e+04
2.621000000000000000e+03 1.442038602771587284e+04
2.622000000000000000e+03 1.442717153576663804e+04
2.623000000000000000e+03 1.442974823345776167e+04
2.624000000000000000e+03 1.443690834367545540e+04
2.625000000000000000e+03 1.444434108099840523e+04
2.626000000000000000e+03 1.443247544378102066e+04
2.627000000000000000e+03 1.446619673661176967e+04
2.628000000000000000e+03 1.445108184097783123e+04
2.629000000000000000e+03 1.443988551344860571e+04
2.630000000000000000e+03 1.445836647675312088e+04
2.631000000000000000e+03 1.445542582772529204e+04
2.632000000000000000e+03 1.441315002831030506e+04
2.633000000000000000e+03 1.439860033405686227e+04
2.634000000000000000e+03 1.444337024227295478e+04
2.635000000000000000e+03 1.444538548481657017e+04
2.636000000000000000e+03 1.442454893673553306e+04
2.637000000000000000e+03 1.443253870861852738e+04
2.638000000000000000e+03 1.445883000438515955e+04
2.639000000000000000e+03 1.443898049275973426e+04
2.640000000000000000e+03 1.444240913658828140e+04
2.641000000000000000e+03 1.446579948617766240e+04
2.642000000000000000e+03 1.444896115747922704e+04
2.643000000000000000e+03 1.447707949819159330e+04
2.644000000000000000e+03 1.444904219155872670e+04
2.645000000000000000e+03 1.446551813475341442e+04
2.646000000000000000e+03 1.446944403029747809e+04
2.647000000000000000e+03 1.445802049218478351e+04
2.648000000000000000e+03 1.448705739662303858e+04
2.649000000000000000e+03 1.448841117767752439e+04
2.650000000000000000e+03 1.450235889729886912e+04
2.651000000000000000e+03 1.449129707045529540e+04
2.652000000000000000e+03 1.450006316435355075e+04
2.653000000000000000e+03 1.450983767332370735e+04
2.654000000000000000e+03 1.454690210622460654e+04
2.655000000000000000e+03 1.451438698044517332e+04
2.656000000000000000e+03 1.453999504666549910e+04
2.657000000000000000e+03 1.456867181741054264e+04
2.658000000000000000e+03 1.456132392792671089e+04
2.659000000000000000e+03 1.456426881650796713e+04
2.660000000000000000e+03 1.456767165118888988e+04
2.661000000000000000e+03 1.457369203816018671e+04
2.662000000000000000e+03 1.458890599385019777e+04
2.663000000000000000e+03 1.461123269250798148e+04
2.664000000000000000e+03 1.460953052147251765e+04
2.665000000000000000e+03 1.462239536927496920e+04
2.666000000000000000e+03 1.462747963868742954e+04
2.667000000000000000e+03 1.463499806740780878e+04
2.668000000000000000e+03 1.463684976519095653e+04
2.669000000000000000e+03 1.465112758514240522e+04
2.670000000000000000e+03 1.466269019386973378e+04
2.671000000000000000e+03 1.469043732880395692e+04
2.672000000000000000e+03 1.474677475007223984e+04
2.673000000000000000e+03 1.474264329016921874e+04
2.674000000000000000e+03 1.474475975040260892e+04
2.675000000000000000e+03 1.474547711429854098e+04
2.676000000000000000e+03 1.476539466861567962e+04
2.677000000000000000e+03 1.478321373024649438e+04
2.678000000000000000e+03 1.480750906684485744e+04
2.679000000000000000e+03 1.477734515393958100e+04
2.680000000000000000e+03 1.478253623528321805e+04
2.681000000000000000e+03 1.477589839914290496e+04
2.682000000000000000e+03 1.477891765498265704e+04
2.683000000000000000e+03 1.475702787932333013e+04
2.684000000000000000e+03 1.476528940232343302e+04
2.685000000000000000e+03 1.479317226725715409e+04
2.686000000000000000e+03 1.480656975911294467e+04
2.687000000000000000e+03 1.480571784410182045e+04
2.688000000000000000e+03 1.481139848940937736e+04
2.689000000000000000e+03 1.482756131490779990e+04
2.690000000000000000e+03 1.483365030386871149e+04
2.691000000000000000e+03 1.483767561253650274e+04
2.692000000000000000e+03 1.479392665286106785e+04
2.693000000000000000e+03 1.476702890746025514e+04
2.694000000000000000e+03 1.476519895837790136e+04
2.695000000000000000e+03 1.479462085146348363e+04
2.696000000000000000e+03 1.479027888797274136e+04
2.697000000000000000e+03 1.477840726237616764e+04
2.698000000000000000e+03 1.478448531774634648e+04
2.699000000000000000e+03 1.477574434749223838e+04
2.700000000000000000e+03 1.477255484382794748e+04
2.701000000000000000e+03 1.477868943650749134e+04
2.702000000000000000e+03 1.479326367821957865e+04
2.703000000000000000e+03 1.479602166343167119e+04
2.704000000000000000e+03 1.481279247439232677e+04
2.705000000000000000e+03 1.482602507526009867e+04
2.706000000000000000e+03 1.483759742717431982e+04
2.707000000000000000e+03 1.482743270887417020e+04
2.708000000000000000e+03 1.487488114901676090e+04
2.709000000000000000e+03 1.488629168914238653e+04
2.710000000000000000e+03 1.488724481158938215e+04
2.711000000000000000e+03 1.490027749220571422e+04
2.712000000000000000e+03 1.488289914930310078e+04
2.713000000000000000e+03 1.490079839770051149e+04
2.714000000000000000e+03 1.493641028711357285e+04
2.715000000000000000e+03 1.493902509903394093e+04
2.716000000000000000e+03 1.492825709821652163e+04
2.717000000000000000e+03 1.490706452702758361e+04
2.718000000000000000e+03 1.495332559274680352e+04
2.719000000000000000e+03 1.495029304297597628e+04
2.720000000000000000e+03 1.492820527380065141e+04
2.721000000000000000e+03 1.494239134809414463e+04
2.722000000000000000e+03 1.496673782553436831e+04
2.723000000000000000e+03 1.495199727157242160e+04
2.724000000000000000e+03 1.496115904336279891e+04
2.725000000000000000e+03 1.492909438119232436e+04
2.726000000000000000e+03 1.495077003637664711e+04
2.727000000000000000e+03 1.495184539778649741e+04
2.728000000000000000e+03 1.494358669782563084e+04
2.729000000000000000e+03 1.497039527406124762e+04
2.730000000000000000e+03 1.500069596225850364e+04
2.731000000000000000e+03 1.502368126362040130e+04
2.732000000000000000e+03 1.503025046830204701e+04
2.733000000000000000e+03 1.505987868904567222e+04
2.734000000000000000e+03 1.505829314483789676e+04
2.735000000000000000e+03 1.502468183525304084e+04
2.736000000000000000e+03 1.502508633811233085e+04
2.737000000000000000e+03 1.504746055416252784e+04
2.738000000000000000e+03 1.508665169865088501e+04
2.739000000000000000e+03 1.507470979439183793e+04
2.740000000000000000e+03 1.505586917028991957e+04
2.741000000000000000e+03 1.506845947626505404e+04
2.742000000000000000e+03 1.506110526615301933e+04
2.743000000000000000e+03 1.504591973235170008e+04
2.744000000000000000e+03 1.504243542342901856e+04
2.745000000000000000e+03 1.506212681718541535e+04
2.746000000000000000e+03 1.506891816079917771e+04
2.747000000000000000e+03 1.506695330621840912e+04
2.748000000000000000e+03 1.504343291758986015e+04
2.749000000000000000e+03 1.504898470201462987e+04
2.750000000000000000e+03 1.501750915973782867e+04
2.751000000000000000e+03 1.504039891904474098e+04
2.752000000000000000e+03 1.503408988433958439e+04
2.753000000000000000e+03 1.506099562349502230e+04
2.754000000000000000e+03 1.505030243543051984e+04
2.755000000000000000e+03 1.509704822411549503e+04
2.756000000000000000e+03 1.509820140606185123e+04
2.757000000000000000e+03 1.512406593922763750e+04
2.758000000000000000e+03 1.514554611767797542e+04
2.759000000000000000e+03 1.515574381209520652e+04
2.760000000000000000e+03 1.512053330858356458e+04
2.761000000000000000e+03 1.510769774645974394e+04
2.762000000000000000e+03 1.512002780810590593e+04
2.763000000000000000e+03 1.513113614874592531e+04
2.764000000000000000e+03 1.516285736854396055e+04
2.765000000000000000e+03 1.514179184842281938e+04
2.766000000000000000e+03 1.511329101400549189e+04
2.767000000000000000e+03 1.517622508226865284e+04
2.768000000000000000e+03 1.516732953136575998e+04
2.769000000000000000e+03 1.516721158571945125e+04
2.770000000000000000e+03 1.519789599089333569e+04
2.771000000000000000e+03 1.522282018881704062e+04
2.772000000000000000e+03 1.521452455899953384e+04
2.773000000000000000e+03 1.520704947884163084e+04
2.774000000000000000e+03 1.520946223551271396e+04
2.775000000000000000e+03 1.521308030275007150e+04
2.776000000000000000e+03 1.521960852134249944e+04
2.777000000000000000e+03 1.523260669901735309e+04
2.778000000000000000e+03 1.524605043689883496e+04
2.779000000000000000e+03 1.523935306466727161e+04
2.780000000000000000e+03 1.527716875637622070e+04
2.781000000000000000e+03 1.525708880750206845e+04
2.782000000000000000e+03 1.525750287695251791e+04
2.783000000000000000e+03 1.528192894546691969e+04
2.784000000000000000e+03 1.532163831145983568e+04
2.785000000000000000e+03 1.528141282145362129e+04
2.786000000000000000e+03 1.527970340453612334e+04
2.787000000000000000e+03 1.525653768904510980e+04
2.788000000000000000e+03 1.525435447023636152e+04
2.789000000000000000e+03 1.529449525626430113e+04
2.790000000000000000e+03 1.530659119649563218e+04
2.791000000000000000e+03 1.530559630444595132e+04
2.792000000000000000e+03 1.530962469874257658e+04
2.793000000000000000e+03 1.533507301801346875e+04
2.794000000000000000e+03 1.532652162890824911e+04
2.795000000000000000e+03 1.535334301542055618e+04
2.796000000000000000e+03 1.537133700301277167e+04
2.797000000000000000e+03 1.538756973381775060e+04
2.798000000000000000e+03 1.541828565568106933e+04
2.799000000000000000e+03 1.543419976932534701e+04
2.800000000000000000e+03 1.546252337455772795e+04
2.801000000000000000e+03 1.544936145031734122e+04
2.802000000000000000e+03 1.548892133497210307e+04
2.803000000000000000e+03 1.549009462704575708e+04
2.804000000000000000e+03 1.546526125456554655e+04
2.805000000000000000e+03 1.548937664506439978e+04
2.806000000000000000e+03 1.548635917581860303e+04
2.807000000000000000e+03 1.548411402357498446e+04
2.808000000000000000e+03 1.547257157494365856e+04
2.809000000000000000e+03 1.547864228775364791e+04
2.810000000000000000e+03 1.546923090515382864e+04
2.811000000000000000e+03 1.548702823358366550e+04
2.812000000000000000e+03 1.547820114129385911e+04
2.813000000000000000e+03 1.551203236792546159e+04
2.814000000000000000e+03 1.554662491904065791e+04
2.815000000000000000e+03 1.557626331677250528e+04
2.816000000000000000e+03 1.555656183512652387e+04
2.817000000000000000e+03 1.555020025702586645e+04
2.818000000000000000e+03 1.559304603178625439e+04
2.819000000000000000e+03 1.557724371317621080e+04
2.820000000000000000e+03 1.559331298906991105e+04
2.821000000000000000e+03 1.556385661808875011e+04
2.822000000000000000e+03 1.555402289828226276e+04
2.823000000000000000e+03 1.557711975708624232e+04
2.824000000000000000e+03 1.557690451988688983e+04
2.825000000000000000e+03 1.555011616486804451e+04
2.826000000000000000e+03 1.558633011082743178e+04
2.827000000000000000e+03 1.561296335937808908e+04
2.828000000000000000e+03 1.565514283865489779e+04
2.829000000000000000e+03 1.565286257632443085e+04
2.830000000000000000e+03 1.568857003679953232e+04
2.831000000000000000e+03 1.569780531048178818e+04
2.832000000000000000e+03 1.568302472977982870e+04
2.833000000000000000e+03 1.567773695772582687e+04
2.834000000000000000e+03 1.566803060496027319e+04
2.835000000000000000e+03 1.566586899270674621e+04
2.836000000000000000e+03 1.566542378651878607e+04
2.837000000000000000e+03 1.565662566122771386e+04
2.838000000000000000e+03 1.569284652347185147e+04
2.839000000000000000e+03 1.567626358271271783e+04
2.840000000000000000e+03 1.568590795312296541e+04
2.841000000000000000e+03 1.570136151465244257e+04
2.842000000000000000e+03 1.571349945639296493e+04
2.843000000000000000e+03 1.571719169526510632e+04
2.844000000000000000e+03 1.573955327805923116e+04
2.845000000000000000e+03 1.577129207519111151e+04
2.846000000000000000e+03 1.577985725330274545e+04
2.847000000000000000e+03 1.580581784116428571e+04
2.848000000000000000e+03 1.581436207006402947e+04
2.849000000000000000e+03 1.580909186275689717e+04
2.850000000000000000e+03 1.580862641051518222e+04
2.851000000000000000e+03 1.580943698854510330e+04
2.852000000000000000e+03 1.581805764813997303e+04
2.853000000000000000e+03 1.585097527680890198e+04
2.854000000000000000e+03 1.582523445715761409e+04
2.855000000000000000e+03 1.583862284592013384e+04
2.856000000000000000e+03 1.585107014845688172e+04
2.857000000000000000e+03 1.583488498839365639e+04
2.858000000000000000e+03 1.580879472952518518e+04
2.859000000000000000e+03 1.583535500174146546e+04
2.860000000000000000e+03 1.584161138089832093e+04
2.861000000000000000e+03 1.584963574659472943e+04
2.862000000000000000e+03 1.589572850826473768e+04
2.863000000000000000e+03 1.590789088330806953e+04
2.864000000000000000e+03 1.590510701371329196e+04
2.865000000000000000e+03 1.593012338848815853e+04
2.866000000000000000e+03 1.594862166505876849e+04
2.867000000000000000e+03 1.596574192245899394e+04
2.868000000000000000e+03 1.595979864421143429e+04
2.869000000000000000e+03 1.595254304984380542e+04
2.870000000000000000e+03 1.594948583902682367e+04
2.871000000000000000e+03 1.599173495873116553e+04
2.872000000000000000e+03 1.600746666066040416e+04
2.873000000000000000e+03 1.602540205604552466e+04
2.874000000000000000e+03 1.603649350641416822e+04
2.875000000000000000e+03 1.602953696043063792e+04
2.876000000000000000e+03 1.601923806269141824e+04
2.877000000000000000e+03 1.599782396011871060e+04
2.878000000000000000e+03 1.601386743548460436e+04
2.879000000000000000e+03 1.604269554551765214e+04
2.880000000000000000e+03 1.602949852397658469e+04
2.881000000000000000e+03 1.603889097250555642e+04
2.882000000000000000e+03 1.607766030299241174e+04
2.883000000000000000e+03 1.609209130370262028e+04
2.884000000000000000e+03 1.611191858695171868e+04
2.885000000000000000e+03 1.613349787758819366e+04
2.886000000000000000e+03 1.613316917322030895e+04
2.887000000000000000e+03 1.613714142388414075e+04
2.888000000000000000e+03 1.614436494031306938e+04
2.889000000000000000e+03 1.612033868783984872e+04
2.890000000000000000e+03 1.605848474486499072e+04
2.891000000000000000e+03 1.606070374477493351e+04
2.892000000000000000e+03 1.605333968165245460e+04
2.893000000000000000e+03 1.605557856813454964e+04
2.894000000000000000e+03 1.605027421910876910e+04
2.895000000000000000e+03 1.606941029884577438e+04
2.896000000000000000e+03 1.613146412905809302e+04
2.897000000000000000e+03 1.611243061899535860e+04
2.898000000000000000e+03 1.612503589070957787e+04
2.899000000000000000e+03 1.612982968221683041e+04
2.900000000000000000e+03 1.614896884718582260e+04
2.901000000000000000e+03 1.610971903359520002e+04
2.902000000000000000e+03 1.608301991483018719e+04
2.903000000000000000e+03 1.608542571879696879e+04
2.904000000000000000e+03 1.611171428189173093e+04
2.905000000000000000e+03 1.608946249145004367e+04
2.906000000000000000e+03 1.610026566229483979e+04
2.907000000000000000e+03 1.612525081455402869e+04
2.908000000000000000e+03 1.615269594606604005e+04
2.909000000000000000e+03 1.618803206083456280e+04
2.910000000000000000e+03 1.621544920515755257e+04
2.911000000000000000e+03 1.624611350173920800e+04
2.912000000000000000e+03 1.625196851199626326e+04
2.913000000000000000e+03 1.626289536448138824e+04
2.914000000000000000e+03 1.624678093990994421e+04
2.915000000000000000e+03 1.625408907822036053e+04
2.916000000000000000e+03 1.625307945017242309e+04
2.917000000000000000e+03 1.626226093331863558e+04
2.918000000000000000e+03 1.625258907352762071e+04
2.919000000000000000e+03 1.624778459769543406e+04
2.920000000000000000e+03 1.628288868842134434e+04
2.921000000000000000e+03 1.630693670698647475e+04
2.922000000000000000e+03 1.630024289858232987e+04
2.923000000000000000e+03 1.632497242773591643e+04
2.924000000000000000e+03 1.634989618963832254e+04
2.925000000000000000e+03 1.640357702413963489e+04
2.926000000000000000e+03 1.639975682244741256e+04
2.927000000000000000e+03 1.641626302998340543e+04
2.928000000000000000e+03 1.641160956095956499e+04
2.929000000000000000e+03 1.636976075435970597e+04
2.930000000000000000e+03 1.635600997299897062e+04
2.931000000000000000e+03 1.639394900888464326e+04
2.932000000000000000e+03 1.641054423762598526e+04
2.933000000000000000e+03 1.643649216964730658e+04
2.934000000000000000e+03 1.646308094324728881e+04
2.935000000000000000e+03 1.645834244422343545e+04
2.936000000000000000e+03 1.648823268370289225e+04
2.937000000000000000e+03 1.646873096359210831e+04
2.938000000000000000e+03 1.644969863403924319e+04
2.939000000000000000e+03 1.646416255830154842e+04
2.940000000000000000e+03 1.645080079384542842e+04
2.941000000000000000e+03 1.647407861222416250e+04
2.942000000000000000e+03 1.649228261121298419e+04
2.943000000000000000e+03 1.652538666936814116e+04
2.944000000000000000e+03 1.657352920309723413e+04
2.945000000000000000e+03 1.653720467964887212e+04
2.946000000000000000e+03 1.654705000243767427e+04
2.947000000000000000e+03 1.654433465598056137e+04
2.948000000000000000e+03 1.654147095457631804e+04
2.949000000000000000e+03 1.656195695295498444e+04
2.950000000000000000e+03 1.657156954591003159e+04
2.951000000000000000e+03 1.656428871667009662e+04
2.952000000000000000e+03 1.657535287972568040e+04
2.953000000000000000e+03 1.657350275030123885e+04
2.954000000000000000e+03 1.659299037902315467e+04
2.955000000000000000e+03 1.660320413853947684e+04
2.956000000000000000e+03 1.661113768051009538e+04
2.957000000000000000e+03 1.661864106839197848e+04
2.958000000000000000e+03 1.663847705296566710e+04
2.959000000000000000e+03 1.663487868874235573e+04
2.960000000000000000e+03 1.661165484913455293e+04
2.961000000000000000e+03 1.663203104270613403e+04
2.962000000000000000e+03 1.663228890370449517e+04
2.963000000000000000e+03 1.667737956765304989e+04
2.964000000000000000e+03 1.672534948426077244e+04
2.965000000000000000e+03 1.669262780647621912e+04
2.966000000000000000e+03 1.669142545116897236e+04
2.967000000000000000e+03 1.670581347503908546e+04
2.968000000000000000e+03 1.671596401789062293e+04
2.969000000000000000e+03 1.670366977932415830e+04
2.970000000000000000e+03 1.672747241909445438e+04
2.971000000000000000e+03 1.674463226619008128e+04
2.972000000000000000e+03 1.676599969185380542e+04
2.973000000000000000e+03 1.677786506590412682e+04
2.974000000000000000e+03 1.679392909463644901e+04
2.975000000000000000e+03 1.684568009784426249e+04
2.976000000000000000e+03 1.681735136780535322e+04
2.977000000000000000e+03 1.687299111616950540e+04
2.978000000000000000e+03 1.686251618612325910e+04
2.979000000000000000e+03 1.686614752400861835e+04
2.980000000000000000e+03 1.688312289976900502e+04
2.981000000000000000e+03 1.686796800502989572e+04
2.982000000000000000e+03 1.687516565839689065e+04
2.983000000000000000e+03 1.689018943074525305e+04
2.984000000000000000e+03 1.688241600293217562e+04
2.985000000000000000e+03 1.690385760369847776e+04
2.986000000000000000e+03 1.689542447913842261e+04
2.987000000000000000e+03 1.691274214383823346e+04
2.988000000000000000e+03 1.688975460225078132e+04
2.989000000000000000e+03 1.690281758299880676e+04
2.990000000000000000e+03 1.690768449400684767e+04
2.991000000000000000e+03 1.689655585468499339e+04
2.992000000000000000e+03 1.690592021225031931e+04
2.993000000000000000e+03 1.693097265752973180e+04
2.994000000000000000e+03 1.690961486518150195e+04
2.995000000000000000e+03 1.692774662544940657e+04
2.996000000000000000e+03 1.692746555475004425e+04
2.997000000000000000e+03 1.693806370896378212e+04
2.998000000000000000e+03 1.692588056639356000e+04
2.999000000000000000e+03 1.694229760091915159e+04
3.000000000000000000e+03 1.696420306083376272e+04
3.001000000000000000e+03 1.695030209103516609e+04
3.002000000000000000e+03 1.695431353548475090e+04
3.003000000000000000e+03 1.698231181349188410e+04
3.004000000000000000e+03 1.696437730971168276e+04
3.005000000000000000e+03 1.695119361961808681e+04
3.006000000000000000e+03 1.695792812244637753e+04
3.007000000000000000e+03 1.697760463300147603e+04
3.008000000000000000e+03 1.700834499393721489e+04
3.009000000000000000e+03 1.698851729663286460e+04
3.010000000000000000e+03 1.701173350082662000e+04
3.011000000000000000e+03 1.704824626449334392e+04
3.012000000000000000e+03 1.704426369147426885e+04
3.013000000000000000e+03 1.703309345060967462e+04
3.014000000000000000e+03 1.706361918129053811e+04
3.015000000000000000e+03 1.707781682738400923e+04
3.016000000000000000e+03 1.707088795705505254e+04
3.017000000000000000e+03 1.711291562924408208e+04
3.018000000000000000e+03 1.713318706887616645e+04
3.019000000000000000e+03 1.711671326148042499e+04
3.020000000000000000e+03 1.709544835146863988e+04
3.021000000000000000e+03 1.710399081904106060e+04
3.022000000000000000e+03 1.709277702608782056e+04
3.023000000000000000e+03 1.708552583243827030e+04
3.024000000000000000e+03 1.708201008910079690e+04
3.025000000000000000e+03 1.710777139635521962e+04
3.026000000000000000e+03 1.714806185373422340e+04
3.027000000000000000e+03 1.713612565219899989e+04
3.028000000000000000e+03 1.715234771888715477e+04
3.029000000000000000e+03 1.713200396828917292e+04
3.030000000000000000e+03 1.711630541288728273e+04
3.031000000000000000e+03 1.715948962047594614e+04
3.032000000000000000e+03 1.718047853600191593e+04
3.033000000000000000e+03 1.717167988347091887e+04
3.034000000000000000e+03 1.715015286884493253e+04
3.035000000000000000e+03 1.717184897123808332e+04
3.036000000000000000e+03 1.718094657356900643e+04
3.037000000000000000e+03 1.720650246593957490e+04
3.038000000000000000e+03 1.719289585049541347e+04
3.039000000000000000e+03 1.715438045525552661e+04
3.040000000000000000e+03 1.714365246862857748e+04
3.041000000000000000e+03 1.715104111785436180e+04
3.042000000000000000e+03 1.713549001570167820e+04
3.043000000000000000e+03 1.716717851721124316e+04
3.044000000000000000e+03 1.716064901316976102e+04
3.045000000000000000e+03 1.713027710988781473e+04
3.046000000000000000e+03 1.713321551617223304e+04
3.047000000000000000e+03 1.712689055568905678e+04
3.048000000000000000e+03 1.708755738132941769e+04
3.049000000000000000e+03 1.708537672986856342e+04
3.050000000000000000e+03 1.706630230296499940e+04
3.051000000000000000e+03 1.709312259646480379e+04
3.052000000000000000e+03 1.709940645956338267e+04
3.053000000000000000e+03 1.708349435904864367e+04
3.054000000000000000e+03 1.709094739969429793e+04
3.055000000000000000e+03 1.706746503715894141e+04
3.056000000000000000e+03 1.707140757220508385e+04
3.057000000000000000e+03 1.706410653226810609e+04
3.058000000000000000e+03 1.706120845310705045e+04
3.059000000000000000e+03 1.705846159707695551e+04
3.060000000000000000e+03 1.706791098147274170e+04
3.061000000000000000e+03 1.705501061058649429e+04
3.062000000000000000e+03 1.701228555815591608e+04
3.063000000000000000e+03 1.699889924333623640e+04
3.064000000000000000e+03 1.702659935911720459e+04
3.065000000000000000e+03 1.700936175571770946e+04
3.066000000000000000e+03 1.701633396962303232e+04
3.067000000000000000e+03 1.700352498844058937e+04
3.068000000000000000e+03 1.705018341331911870e+04
3.069000000000000000e+03 1.710836144754658744e+04
3.070000000000000000e+03 1.708821585279748615e+04
3.071000000000000000e+03 1.708135483282004861e+04
3.072000000000000000e+03 1.711490533234958639e+04
3.073000000000000000e+03 1.713343362557914588e+04
3.074000000000000000e+03 1.711966225508237767e+04
3.075000000000000000e+03 1.712860710747354824e+04
3.076000000000000000e+03 1.712340001277417468e+04
3.077000000000000000e+03 1.712904269113192277e+04
3.078000000000000000e+03 1.715111867719316433e+04
3.079000000000000000e+03 1.714713671880870606e+04
3.080000000000000000e+03 1.716310613581708458e+04
3.081000000000000000e+03 1.716311856488855483e+04
3.082000000000000000e+03 1.714571259731374084e+04
3.083000000000000000e+03 1.719260253721920526e+04
3.084000000000000000e+03 1.718482052082506925e+04
3.085000000000000000e+03 1.719730211737520949e+04
3.086000000000000000e+03 1.718334492654980568e+04
3.087000000000000000e+03 1.718146909659184530e+04
3.088000000000000000e+03 1.716680905954754417e+04
3.089000000000000000e+03 1.717101704277265162e+04
3.090000000000000000e+03 1.717537786532458267e+04
3.091000000000000000e+03 1.716894245356557803e+04
3.092000000000000000e+03 1.719805767035008466e+04
3.093000000000000000e+03 1.721250106066883745e+04
3.094000000000000000e+03 1.720090498944761202e+04
3.095000000000000000e+03 1.718979709630540674e+04
3.096000000000000000e+03 1.721311438695910692e+04
3.097000000000000000e+03 1.724001148717961041e+04
3.098000000000000000e+03 1.726162921377758903e+04
3.099000000000000000e+03 1.722502212830167991e+04
3.100000000000000000e+03 1.717794321560184835e+04
3.101000000000000000e+03 1.720350766857948474e+04
3.102000000000000000e+03 1.717281636630464345e+04
3.103000000000000000e+03 1.719318835725145254e+04
3.104000000000000000e+03 1.724849333685401871e+04
3.105000000000000000e+03 1.727940322798156194e+04
3.106000000000000000e+03 1.726433394642413623e+04
3.107000000000000000e+03 1.722299780435240609e+04
3.108000000000000000e+03 1.721471716512339844e+04
3.109000000000000000e+03 1.723348143408527176e+04
3.110000000000000000e+03 1.725305149938631439e+04
3.111000000000000000e+03 1.725619200712395104e+04
3.112000000000000000e+03 1.725380868205937804e+04
3.113000000000000000e+03 1.727167661039416271e+04
3.114000000000000000e+03 1.727875534740704825e+04
3.115000000000000000e+03 1.726264271283062044e+04
3.116000000000000000e+03 1.729430058902340897e+04
3.117000000000000000e+03 1.731900153969425082e+04
3.118000000000000000e+03 1.731210821768194364e+04
3.119000000000000000e+03 1.733501081975720808e+04
3.120000000000000000e+03 1.731478567542023666e+04
3.121000000000000000e+03 1.726752927443843873e+04
3.122000000000000000e+03 1.725480956686882928e+04
3.123000000000000000e+03 1.722682887506522457e+04
3.124000000000000000e+03 1.724116217087061523e+04
3.125000000000000000e+03 1.723512660196219440e+04
3.126000000000000000e+03 1.728916710348442575e+04
3.127000000000000000e+03 1.727475943681592980e+04
3.128000000000000000e+03 1.724170800277363014e+04
3.129000000000000000e+03 1.723354400806846752e+04
3.130000000000000000e+03 1.722580777699014652e+04
3.131000000000000000e+03 1.725921031561828568e+04
3.132000000000000000e+03 1.724933391222246428e+04
3.133000000000000000e+03 1.724994800306666002e+04
3.134000000000000000e+03 1.725048922561826475e+04
3.135000000000000000e+03 1.726045850267957940e+04
3.136000000000000000e+03 1.728799521013153935e+04
3.137000000000000000e+03 1.729047316426223915e+04
3.138000000000000000e+03 1.724563454322927282e+04
3.139000000000000000e+03 1.723258366365047914e+04
3.140000000000000000e+03 1.724680036994104375e+04
3.141000000000000000e+03 1.727345862744633996e+04
3.142000000000000000e+03 1.727661718761529846e+04
3.143000000000000000e+03 1.726362832176379015e+04
3.144000000000000000e+03 1.728663244768949880e+04
3.145000000000000000e+03 1.728085474646084913e+04
3.146000000000000000e+03 1.728149464050281313e+04
3.147000000000000000e+03 1.728325454108774647e+04
3.148000000000000000e+03 1.731260262159965350e+04
3.149000000000000000e+03 1.731551504700155056e+04
3.150000000000000000e+03 1.731769659125729595e+04
3.151000000000000000e+03 1.727203414532991883e+04
3.152000000000000000e+03 1.726054851288560167e+04
3.153000000000000000e+03 1.728187683477876271e+04
3.154000000000000000e+03 1.727424813384922163e+04
3.155000000000000000e+03 1.726287836021504336e+04
3.156000000000000000e+03 1.729001871016634323e+04
3.157000000000000000e+03 1.734476542528280333e+04
3.158000000000000000e+03 1.735882951967373083e+04
3.159000000000000000e+03 1.733985863608642831e+04
3.160000000000000000e+03 1.735541062932504428e+04
3.161000000000000000e+03 1.739117735097280820e+04
3.162000000000000000e+03 1.735056052921456285e+04
3.163000000000000000e+03 1.735832568853160774e+04
3.164000000000000000e+03 1.734454229693285743e+04
3.165000000000000000e+03 1.737840468204757781e+04
3.166000000000000000e+03 1.739155617409517436e+04
3.167000000000000000e+03 1.738238164752996090e+04
3.168000000000000000e+03 1.734962090436540893e+04
3.169000000000000000e+03 1.732446152491775501e+04
3.170000000000000000e+03 1.732367273665280663e+04
3.171000000000000000e+03 1.730204021510476741e+04
3.172000000000000000e+03 1.732067921529364321e+04
3.173000000000000000e+03 1.732409645273617207e+04
3.174000000000000000e+03 1.727217017406207015e+04
3.175000000000000000e+03 1.731306280191924452e+04
3.176000000000000000e+03 1.729193843396046577e+04
3.177000000000000000e+03 1.729580826321733184e+04
3.178000000000000000e+03 1.731494411946856053e+04
3.179000000000000000e+03 1.729844497374082493e+04
3.180000000000000000e+03 1.728939953257742309e+04
3.181000000000000000e+03 1.728991379595912440e+04
3.182000000000000000e+03 1.725620963291862427e+04
3.183000000000000000e+03 1.723376813602986658e+04
3.184000000000000000e+03 1.719965902610267221e+04
3.185000000000000000e+03 1.720782381357769191e+04
3.186000000000000000e+03 1.722414944106165422e+04
3.187000000000000000e+03 1.723645366475475385e+04
3.188000000000000000e+03 1.723774505323897029e+04
3.189000000000000000e+03 1.727299035930184255e+04
3.190000000000000000e+03 1.726144187354838868e+04
3.191000000000000000e+03 1.728652360777330614e+04
3.192000000000000000e+03 1.729640991789570035e+04
3.193000000000000000e+03 1.732265766527362939e+04
3.194000000000000000e+03 1.735558297415738343e+04
3.195000000000000000e+03 1.733137251180767998e+04
3.196000000000000000e+03 1.732650959594420783e+04
3.197000000000000000e+03 1.729930059496815011e+04
3.198000000000000000e+03 1.728014893233038310e+04
3.199000000000000000e+03 1.729736961962141868e+04
3.200000000000000000e+03 1.727415195768073318e+04
3.201000000000000000e+03 1.729349087991852502e+04
3.202000000000000000e+03 1.730453513958682379e+04
3.203000000000000000e+03 1.733828114223358716e+04
3.204000000000000000e+03 1.737120136931789602e+04
3.205000000000000000e+03 1.735452774903384852e+04
3.206000000000000000e+03 1.735562765532946287e+04
3.207000000000000000e+03 1.738974535184616980e+04
3.208000000000000000e+03 1.741564945417094350e+04
3.209000000000000000e+03 1.740415003914253248e+04
3.210000000000000000e+03 1.739359345906724411e+04
3.211000000000000000e+03 1.740683030880469960e+04
3.212000000000000000e+03 1.739932093594500111e+04
3.213000000000000000e+03 1.738241615530435956e+04
3.214000000000000000e+03 1.739767017463995944e+04
3.215000000000000000e+03 1.737901129079785460e+04
3.216000000000000000e+03 1.736045111345340047e+04
3.217000000000000000e+03 1.741131612922535714e+04
3.218000000000000000e+03 1.741961571417521918e+04
3.219000000000000000e+03 1.742293683337382026e+04
3.220000000000000000e+03 1.744182846225345202e+04
3.221000000000000000e+03 1.747462152879832865e+04
3.222000000000000000e+03 1.747231596345287107e+04
3.223000000000000000e+03 1.751101400627572366e+04
3.224000000000000000e+03 1.750990202173108628e+04
3.225000000000000000e+03 1.754141470892317739e+04
3.226000000000000000e+03 1.755963072391206151e+04
3.227000000000000000e+03 1.760142572523772469e+04
3.228000000000000000e+03 1.762019503389611054e+04
3.229000000000000000e+03 1.764842047931928028e+04
3.230000000000000000e+03 1.765134714191395324e+04
3.231000000000000000e+03 1.764436923112048680e+04
3.232000000000000000e+03 1.767231708031427479e+04
3.233000000000000000e+03 1.767176538868843636e+04
3.234000000000000000e+03 1.768279636895602744e+04
3.235000000000000000e+03 1.764690307642575499e+04
3.236000000000000000e+03 1.767533271087917819e+04
3.237000000000000000e+03 1.766496260369213269e+04
3.238000000000000000e+03 1.765070928759867093e+04
3.239000000000000000e+03 1.766786956198686312e+04
3.240000000000000000e+03 1.765150199804325894e+04
3.241000000000000000e+03 1.766601070745090328e+04
3.242000000000000000e+03 1.767463819354551379e+04
3.243000000000000000e+03 1.767228594291379341e+04
3.244000000000000000e+03 1.765515918500355474e+04
3.245000000000000000e+03 1.765585113641995486e+04
3.246000000000000000e+03 1.766434068993851542e+04
3.247000000000000000e+03 1.768268836860939336e+04
3.248000000000000000e+03 1.771216165747542982e+04
3.249000000000000000e+03 1.774646733494323416e+04
3.250000000000000000e+03 1.772189546162317492e+04
3.251000000000000000e+03 1.768801667765536331e+04
3.252000000000000000e+03 1.769605251251491427e+04
3.253000000000000000e+03 1.772411549276490041e+04
3.254000000000000000e+03 1.772393904013511928e+04
3.255000000000000000e+03 1.778043599530356732e+04
3.256000000000000000e+03 1.773783558650066334e+04
3.257000000000000000e+03 1.772456490666524769e+04
3.258000000000000000e+03 1.775475798705730267e+04
3.259000000000000000e+03 1.775189965497630692e+04
3.260000000000000000e+03 1.775634179999105982e+04
3.261000000000000000e+03 1.774077144851078265e+04
3.262000000000000000e+03 1.768421464228802506e+04
3.263000000000000000e+03 1.766889187340135686e+04
3.264000000000000000e+03 1.768775518701155306e+04
3.265000000000000000e+03 1.772510087853710866e+04
3.266000000000000000e+03 1.772926054332776403e+04
3.267000000000000000e+03 1.778138087695200375e+04
3.268000000000000000e+03 1.775797155317754368e+04
3.269000000000000000e+03 1.777660146735926901e+04
3.270000000000000000e+03 1.778483053820978603e+04
3.271000000000000000e+03 1.779126892999943448e+04
3.272000000000000000e+03 1.780889422094836846e+04
3.273000000000000000e+03 1.781315603360777095e+04
3.274000000000000000e+03 1.778843154418785343e+04
3.275000000000000000e+03 1.779682247002346412e+04
3.276000000000000000e+03 1.778009017389351720e+04
3.277000000000000000e+03 1.777130694663771646e+04
3.278000000000000000e+03 1.779764695494142507e+04
3.279000000000000000e+03 1.782399091969610163e+04
3.280000000000000000e+03 1.779951555908413866e+04
3.281000000000000000e+03 1.778917888392283567e+04
3.282000000000000000e+03 1.780332238727312506e+04
3.283000000000000000e+03 1.775615792589780540e+04
3.284000000000000000e+03 1.775122878759917876e+04
3.285000000000000000e+03 1.779018103001879717e+04
3.286000000000000000e+03 1.778832297634695715e+04
3.287000000000000000e+03 1.777787812610727997e+04
3.288000000000000000e+03 1.779471216664861640e+04
3.289000000000000000e+03 1.779794050264492398e+04
3.290000000000000000e+03 1.778618507081040661e+04
3.291000000000000000e+03 1.775748343841790484e+04
3.292000000000000000e+03 1.775826281733267388e+04
3.293000000000000000e+03 1.774064215841159239e+04
3.294000000000000000e+03 1.768924844984825904e+04
3.295000000000000000e+03 1.768789128801919287e+04
3.296000000000000000e+03 1.771614691966718237e+04
3.297000000000000000e+03 1.772820659651130700e+04
3.298000000000000000e+03 1.771211029394928846e+04
3.299000000000000000e+03 1.771534382757089406e+04
3.300000000000000000e+03 1.771765756114114265e+04
3.301000000000000000e+03 1.773045889585229088e+04
3.302000000000000000e+03 1.780167185374956171e+04
3.303000000000000000e+03 1.780431464943848550e+04
3.304000000000000000e+03 1.782172972611350269e+04
3.305000000000000000e+03 1.778777751106095457e+04
3.306000000000000000e+03 1.776973732273608766e+04
3.307000000000000000e+03 1.776918330580974362e+04
3.308000000000000000e+03 1.777899031178265795e+04
3.309000000000000000e+03 1.780759018604576340e+04
3.310000000000000000e+03 1.776784444162798900e+04
3.311000000000000000e+03 1.778495304909892002e+04
3.312000000000000000e+03 1.781728616362191678e+04
3.313000000000000000e+03 1.783471141708065261e+04
3.314000000000000000e+03 1.784687267184552547e+04
3.315000000000000000e+03 1.784213794197967582e+04
3.316000000000000000e+03 1.788666857346124380e+04
3.317000000000000000e+03 1.787783288527061086e+04
3.318000000000000000e+03 1.788588531026646888e+04
3.319000000000000000e+03 1.787615531360867681e+04
3.320000000000000000e+03 1.783645021573847043e+04
3.321000000000000000e+03 1.780882076390393559e+04
3.322000000000000000e+03 1.780537645026578321e+04
3.323000000000000000e+03 1.780259701686658082e+04
3.324000000000000000e+03 1.783011788755602902e+04
3.325000000000000000e+03 1.780708502033233162e+04
3.326000000000000000e+03 1.777834441742546551e+04
3.327000000000000000e+03 1.775511961087791133e+04
3.328000000000000000e+03 1.779392863574658986e+04
3.329000000000000000e+03 1.781104123247750249e+04
3.330000000000000000e+03 1.783392977712645734e+04
3.331000000000000000e+03 1.785882080132620104e+04
3.332000000000000000e+03 1.784271009363040866e+04
3.333000000000000000e+03 1.789054047210236604e+04
3.334000000000000000e+03 1.787568666251155082e+04
3.335000000000000000e+03 1.784405573069895763e+04
3.336000000000000000e+03 1.785999613016251533e+04
3.337000000000000000e+03 1.784572367563495936e+04
3.338000000000000000e+03 1.784116950499005543e+04
3.339000000000000000e+03 1.785861438744884799e+04
3.340000000000000000e+03 1.787190470954183911e+04
3.341000000000000000e+03 1.786748739160423429e+04
3.342000000000000000e+03 1.784640232682647184e+04
3.343000000000000000e+03 1.787320485964996624e+04
3.344000000000000000e+03 1.788559640289942763e+04
3.345000000000000000e+03 1.786439179027967111e+04
3.346000000000000000e+03 1.788727728465555629e+04
3.347000000000000000e+03 1.787728354484444571e+04
3.348000000000000000e+03 1.786377670626771578e+04
3.349000000000000000e+03 1.786419439686831174e+04
3.350000000000000000e+03 1.784882233664678279e+04
3.351000000000000000e+03 1.782266582569310413e+04
3.352000000000000000e+03 1.780622080703238316e+04
3.353000000000000000e+03 1.781889077912614448e+04
3.354000000000000000e+03 1.785004663421730220e+04
3.355000000000000000e+03 1.783311041155589555e+04
3.356000000000000000e+03 1.781964562848390051e+04
3.357000000000000000e+03 1.785482806075711414e+04
3.358000000000000000e+03 1.785866231961899757e+04
3.359000000000000000e+03 1.787117583063264829e+04
3.360000000000000000e+03 1.789395542997997472e+04
3.361000000000000000e+03 1.792440961165203771e+04
3.362000000000000000e+03 1.787169437057354298e+04
3.363000000000000000e+03 1.786505429541285412e+04
3.364000000000000000e+03 1.787156060015801995e+04
3.365000000000000000e+03 1.789651946207599030e+04
3.366000000000000000e+03 1.789058306519518737e+04
3.367000000000000000e+03 1.789411494385809056e+04
3.368000000000000000e+03 1.790282017569137315e+04
3.369000000000000000e+03 1.791093365734298641e+04
3.370000000000000000e+03 1.789037538707156637e+04
3.371000000000000000e+03 1.786800582403096996e+04
3.372000000000000000e+03 1.786269387604118310e+04
3.373000000000000000e+03 1.785407997298692862e+04
3.374000000000000000e+03 1.785290367468854311e+04
3.375000000000000000e+03 1.786115913444171019e+04
3.376000000000000000e+03 1.784729148422225990e+04
3.377000000000000000e+03 1.785600074750878048e+04
3.378000000000000000e+03 1.785046845618989391e+04
3.379000000000000000e+03 1.787310763182537994e+04
3.380000000000000000e+03 1.786801144596884842e+04
3.381000000000000000e+03 1.787840448781524174e+04
3.382000000000000000e+03 1.786695830670631403e+04
3.383000000000000000e+03 1.784460333009166789e+04
3.384000000000000000e+03 1.784514764099350941e+04
3.385000000000000000e+03 1.786500893366363380e+04
3.386000000000000000e+03 1.787670155722065101e+04
3.387000000000000000e+03 1.787368215534112460e+04
3.388000000000000000e+03 1.783783029717650425e+04
3.389000000000000000e+03 1.785793999721041109e+04
3.390000000000000000e+03 1.786490237535259075e+04
3.391000000000000000e+03 1.789572803594935613e+04
3.392000000000000000e+03 1.791009682910918127e+04
3.393000000000000000e+03 1.790077412788747824e+04
3.394000000000000000e+03 1.793791104171013649e+04
3.395000000000000000e+03 1.791755471111412771e+04
3.396000000000000000e+03 1.791677687881045131e+04
3.397000000000000000e+03 1.793559093289157317e+04
3.398000000000000000e+03 1.793178678534693972e+04
3.399000000000000000e+03 1.796782317346552736e+04
3.400000000000000000e+03 1.796953826379755628e+04
3.401000000000000000e+03 1.797949866203810961e+04
3.402000000000000000e+03 1.797683608971525246e+04
3.403000000000000000e+03 1.797087348224578454e+04
3.404000000000000000e+03 1.797296579075452246e+04
3.405000000000000000e+03 1.797291701397834549e+04
3.406000000000000000e+03 1.799699312512903634e+04
3.407000000000000000e+03 1.799830012384419388e+04
3.408000000000000000e+03 1.799364325543820451e+04
3.409000000000000000e+03 1.799617135658185362e+04
3.410000000000000000e+03 1.800668903103291814e+04
3.411000000000000000e+03 1.804091852402956283e+04
3.412000000000000000e+03 1.805413235044680914e+04
3.413000000000000000e+03 1.804891165835758875e+04
3.414000000000000000e+03 1.805455885003465301e+04
3.415000000000000000e+03 1.804310025163109094e+04
3.416000000000000000e+03 1.800634745972840028e+04
3.417000000000000000e+03 1.801382467721326611e+04
3.418000000000000000e+03 1.800604125273530735e+04
3.419000000000000000e+03 1.804650315664791924e+04
3.420000000000000000e+03 1.805992967793932621e+04
3.421000000000000000e+03 1.805323888627307679e+04
3.422000000000000000e+03 1.806264919406504123e+04
3.423000000000000000e+03 1.807275760171128059e+04
3.424000000000000000e+03 1.807998732640569506e+04
3.425000000000000000e+03 1.807207885112346412e+04
3.426000000000000000e+03 1.809061431656440618e+04
3.427000000000000000e+03 1.809922296038492641e+04
3.428000000000000000e+03 1.810308578604591821e+04
3.429000000000000000e+03 1.806897884012243230e+04
3.430000000000000000e+03 1.808097838832611524e+04
3.431000000000000000e+03 1.806235568079092627e+04
3.432000000000000000e+03 1.807829385117080528e+04
3.433000000000000000e+03 1.808678867276090023e+04
3.434000000000000000e+03 1.803936870601305054e+04
3.435000000000000000e+03 1.805051931176038852e+04
3.436000000000000000e+03 1.803851377607396353e+04
3.437000000000000000e+03 1.805270495594743261e+04
3.438000000000000000e+03 1.804208759345352519e+04
3.439000000000000000e+03 1.802150672699975985e+04
3.440000000000000000e+03 1.802924985955217198e+04
3.441000000000000000e+03 1.800332107903279393e+04
3.442000000000000000e+03 1.797969131448344706e+04
3.443000000000000000e+03 1.798725832183366583e+04
3.444000000000000000e+03 1.800582636204198570e+04
3.445000000000000000e+03 1.801834713186989757e+04
3.446000000000000000e+03 1.802067800841941425e+04
3.447000000000000000e+03 1.801954206004285879e+04
3.448000000000000000e+03 1.804038283266308281e+04
3.449000000000000000e+03 1.810045359272300266e+04
3.450000000000000000e+03 1.809706618000163144e+04
3.451000000000000000e+03 1.806981077356678361e+04
3.452000000000000000e+03 1.806808203900857916e+04
3.453000000000000000e+03 1.807271649599537704e+04
3.454000000000000000e+03 1.806047911564528113e+04
3.455000000000000000e+03 1.812676888799302469e+04
3.456000000000000000e+03 1.812416344389236110e+04
3.457000000000000000e+03 1.815333650456101168e+04
3.458000000000000000e+03 1.815484257705312484e+04
3.459000000000000000e+03 1.810655344288097695e+04
3.460000000000000000e+03 1.808211765344121523e+04
3.461000000000000000e+03 1.812034243610927297e+04
3.462000000000000000e+03 1.812701707668032395e+04
3.463000000000000000e+03 1.814394545519853637e+04
3.464000000000000000e+03 1.813148909430010826e+04
3.465000000000000000e+03 1.813406573233133167e+04
3.466000000000000000e+03 1.817829387997385129e+04
3.467000000000000000e+03 1.817580115171743819e+04
3.468000000000000000e+03 1.819482834351214842e+04
3.469000000000000000e+03 1.822406061095793484e+04
3.470000000000000000e+03 1.826209105057075431e+04
3.471000000000000000e+03 1.827275290741841673e+04
3.472000000000000000e+03 1.824825569895380977e+04
3.473000000000000000e+03 1.829671127972383692e+04
3.474000000000000000e+03 1.829229049205277988e+04
3.475000000000000000e+03 1.827011438280835500e+04
3.476000000000000000e+03 1.828218326332893048e+04
3.477000000000000000e+03 1.829362848702853080e+04
3.478000000000000000e+03 1.827711188213940477e+04
3.479000000000000000e+03 1.826245128810929236e+04
3.480000000000000000e+03 1.828601351539591997e+04
3.481000000000000000e+03 1.828438055931557028e+04
3.482000000000000000e+03 1.832916682709029919e+04
3.483000000000000000e+03 1.833041427622751507e+04
3.484000000000000000e+03 1.829721744847189257e+04
3.485000000000000000e+03 1.828916202553456606e+04
3.486000000000000000e+03 1.827412993403377550e+04
3.487000000000000000e+03 1.830088597625234979e+04
3.488000000000000000e+03 1.830640386036899872e+04
3.489000000000000000e+03 1.830399825970442907e+04
3.490000000000000000e+03 1.833159487266435826e+04
3.491000000000000000e+03 1.829552346507831317e+04
3.492000000000000000e+03 1.827827916532161180e+04
3.493000000000000000e+03 1.827579808884622616e+04
3.494000000000000000e+03 1.829916978641163223e+04
3.495000000000000000e+03 1.831196548288972554e+04
3.496000000000000000e+03 1.831734424176261382e+04
3.497000000000000000e+03 1.831257400513812536e+04
3.498000000000000000e+03 1.834945966778662842e+04
3.499000000000000000e+03 1.835793570592328251e+04
3.500000000000000000e+03 1.833004414160263696e+04
3.501000000000000000e+03 1.831502552886970443e+04
3.502000000000000000e+03 1.828681479736805704e+04
3.503000000000000000e+03 1.831811467481067302e+04
3.504000000000000000e+03 1.830238264740671730e+04
3.505000000000000000e+03 1.826435931543603874e+04
3.506000000000000000e+03 1.829568597659544685e+04
3.507000000000000000e+03 1.830622455262433868e+04
3.508000000000000000e+03 1.829240664575522169e+04
3.509000000000000000e+03 1.827931085141220683e+04
3.510000000000000000e+03 1.830947584235114118e+04
3.511000000000000000e+03 1.834423643207643909e+04
3.512000000000000000e+03 1.838110580941319131e+04
3.513000000000000000e+03 1.842172280342596423e+04
3.514000000000000000e+03 1.840600827259147627e+04
3.515000000000000000e+03 1.839216399393097890e+04
3.516000000000000000e+03 1.839886293218481660e+04
3.517000000000000000e+03 1.839405113624430305e+04
3.518000000000000000e+03 1.840125394917143785e+04
3.519000000000000000e+03 1.840965708883865955e+04
3.520000000000000000e+03 1.842105308829757632e+04
3.521000000000000000e+03 1.837587282301979212e+04
3.522000000000000000e+03 1.835766348960402320e+04
3.523000000000000000e+03 1.832659471018846307e+04
3.524000000000000000e+03 1.833387897381033690e+04
3.525000000000000000e+03 1.832044176042200343e+04
3.526000000000000000e+03 1.832152559502696386e+04
3.527000000000000000e+03 1.830578583876945777e+04
3.528000000000000000e+03 1.833601839694682712e+04
3.529000000000000000e+03 1.834303110473525157e+04
3.530000000000000000e+03 1.830504763332945004e+04
3.531000000000000000e+03 1.830956490347271756e+04
3.532000000000000000e+03 1.832214215645279910e+04
3.533000000000000000e+03 1.832842550504218525e+04
3.534000000000000000e+03 1.832808706438108493e+04
3.535000000000000000e+03 1.831524939833650205e+04
3.536000000000000000e+03 1.828358014915856620e+04
3.537000000000000000e+03 1.830027576860296540e+04
3.538000000000000000e+03 1.830537993141949846e+04
3.539000000000000000e+03 1.829629278268036796e+04
3.540000000000000000e+03 1.831224719690094571e+04
3.541000000000000000e+03 1.833841755333563924e+04
3.542000000000000000e+03 1.831581640498733032e+04
3.543000000000000000e+03 1.834506223280281847e+04
3.544000000000000000e+03 1.832267992699539172e+04
3.545000000000000000e+03 1.831739253483870925e+04
3.546000000000000000e+03 1.832792520302890625e+04
3.547000000000000000e+03 1.837232931853136324e+04
3.548000000000000000e+03 1.839328889708202405e+04
3.549000000000000000e+03 1.842696842888883475e+04
3.550000000000000000e+03 1.843025127369024267e+04
3.551000000000000000e+03 1.846612926840794898e+04
3.552000000000000000e+03 1.851852384607434215e+04
3.553000000000000000e+03 1.852215142574639685e+04
3.554000000000000000e+03 1.852650381826677403e+04
3.555000000000000000e+03 1.851245092689948069e+04
3.556000000000000000e+03 1.854447800828233812e+04
3.557000000000000000e+03 1.855660235087793626e+04
3.558000000000000000e+03 1.858372840484159678e+04
3.559000000000000000e+03 1.863949948152879733e+04
3.560000000000000000e+03 1.862023688035046507e+04
3.561000000000000000e+03 1.858684875089019260e+04
3.562000000000000000e+03 1.858683997168636779e+04
3.563000000000000000e+03 1.860132272496696896e+04
3.564000000000000000e+03 1.858250938617646170e+04
3.565000000000000000e+03 1.859140805433065179e+04
3.566000000000000000e+03 1.861449472854504347e+04
3.567000000000000000e+03 1.864299209224697915e+04
3.568000000000000000e+03 1.865869290349020230e+04
3.569000000000000000e+03 1.864419773304892442e+04
3.570000000000000000e+03 1.864612292344317029e+04
3.571000000000000000e+03 1.869652229172809530e+04
3.572000000000000000e+03 1.871751948983261900e+04
3.573000000000000000e+03 1.877717389044711308e+04
3.574000000000000000e+03 1.876514815902402916e+04
3.575000000000000000e+03 1.877960854274998565e+04
3.576000000000000000e+03 1.875665810049521679e+04
3.577000000000000000e+03 1.870367014735799603e+04
3.578000000000000000e+03 1.867877603036404253e+04
3.579000000000000000e+03 1.866766381220608673e+04
3.580000000000000000e+03 1.868730378729833319e+04
3.581000000000000000e+03 1.868744534887582267e+04
3.582000000000000000e+03 1.867894366501530749e+04
3.583000000000000000e+03 1.867765197084154352e+04
3.584000000000000000e+03 1.867385148190485415e+04
3.585000000000000000e+03 1.869790332633361686e+04
3.586000000000000000e+03 1.870548579575930853e+04
3.587000000000000000e+03 1.867966318910167320e+04
3.588000000000000000e+03 1.868692884033546943e+04
3.589000000000000000e+03 1.869037210585097637e+04
3.590000000000000000e+03 1.870455532167447018e+04
3.591000000000000000e+03 1.874364838732584030e+04
3.592000000000000000e+03 1.874704549798938751e+04
3.593000000000000000e+03 1.876498490637293435e+04
3.594000000000000000e+03 1.873272024303966464e+04
3.595000000000000000e+03 1.877239663058823862e+04
3.596000000000000000e+03 1.879207606008217408e+04
3.597000000000000000e+03 1.876523002565236675e+04
3.598000000000000000e+03 1.878132846665235775e+04
3.599000000000000000e+03 1.878469881967903711e+04
3.600000000000000000e+03 1.880694755125363372e+04
3.601000000000000000e+03 1.883314027087291106e+04
3.602000000000000000e+03 1.887320775758260788e+04
3.603000000000000000e+03 1.890297157578474798e+04
3.604000000000000000e+03 1.891994695883214081e+04
3.605000000000000000e+03 1.894079860818924863e+04
3.606000000000000000e+03 1.893061733869908494e+04
3.607000000000000000e+03 1.892264712308173694e+04
3.608000000000000000e+03 1.889148242194065097e+04
3.609000000000000000e+03 1.889817520515266369e+04
3.610000000000000000e+03 1.890993752297175524e+04
3.611000000000000000e+03 1.890006430086974069e+04
3.612000000000000000e+03 1.894864085046024411e+04
3.613000000000000000e+03 1.893594508856955144e+04
3.614000000000000000e+03 1.894193788980587487e+04
3.615000000000000000e+03 1.899234501598718634e+04
3.616000000000000000e+03 1.899842344090772167e+04
3.617000000000000000e+03 1.901791094345839156e+04
3.618000000000000000e+03 1.903902169813350338e+04
3.619000000000000000e+03 1.898720612318855274e+04
3.620000000000000000e+03 1.901240174913782175e+04
3.621000000000000000e+03 1.900218338474470147e+04
3.622000000000000000e+03 1.899196939434558954e+04
3.623000000000000000e+03 1.899340071361898663e+04
3.624000000000000000e+03 1.901470985680137528e+04
3.625000000000000000e+03 1.902410962389212000e+04
3.626000000000000000e+03 1.903259408730212817e+04
3.627000000000000000e+03 1.903178084576972833e+04
3.628000000000000000e+03 1.906784904075766462e+04
3.629000000000000000e+03 1.911939770793322532e+04
3.630000000000000000e+03 1.916638630143842238e+04
3.631000000000000000e+03 1.913929097024077782e+04
3.632000000000000000e+03 1.913890567478131197e+04
3.633000000000000000e+03 1.911542679842203870e+04
3.634000000000000000e+03 1.913322405245602931e+04
3.635000000000000000e+03 1.913506682146467574e+04
3.636000000000000000e+03 1.913567220803383680e+04
3.637000000000000000e+03 1.917459345797765491e+04
3.638000000000000000e+03 1.918802483897888669e+04
3.639000000000000000e+03 1.919647520186820111e+04
3.640000000000000000e+03 1.923019258372126933e+04
3.641000000000000000e+03 1.923287060766206196e+04
3.642000000000000000e+03 1.926149181845975181e+04
3.643000000000000000e+03 1.926686970546268276e+04
3.644000000000000000e+03 1.927046636701397802e+04
3.645000000000000000e+03 1.924324667655036319e+04
3.646000000000000000e+03 1.926398992504001581e+04
3.647000000000000000e+03 1.923533837428651532e+04
3.648000000000000000e+03 1.921238876995895407e+04
3.649000000000000000e+03 1.921993821553793896e+04
3.650000000000000000e+03 1.921390070161702170e+04
3.651000000000000000e+03 1.923334453819612827e+04
3.652000000000000000e+03 1.922625309434330120e+04
3.653000000000000000e+03 1.923309184254685897e+04
3.654000000000000000e+03 1.920971689025211890e+04
3.655000000000000000e+03 1.921785710360270969e+04
3.656000000000000000e+03 1.921045362336750622e+04
3.657000000000000000e+03 1.921033329075000438e+04
3.658000000000000000e+03 1.919409903406519152e+04
3.659000000000000000e+03 1.919979719540936276e+04
3.660000000000000000e+03 1.917526403276895871e+04
3.661000000000000000e+03 1.919577523894914339e+04
3.662000000000000000e+03 1.918848223283122206e+04
3.663000000000000000e+03 1.923441652667616290e+04
3.664000000000000000e+03 1.925983368532742315e+04
3.665000000000000000e+03 1.925629809692042181e+04
3.666000000000000000e+03 1.924568929186251262e+04
3.667000000000000000e+03 1.924146874743131048e+04
3.668000000000000000e+03 1.925794978030832135e+04
3.669000000000000000e+03 1.926514668904082646e+04
3.670000000000000000e+03 1.931121177889140381e+04
3.671000000000000000e+03 1.936111754058995575e+04
3.672000000000000000e+03 1.937254277763265418e+04
3.673000000000000000e+03 1.937404386944450744e+04
3.674000000000000000e+03 1.936951916398629328e+04
3.675000000000000000e+03 1.933580406391166980e+04
3.676000000000000000e+03 1.933767923345660529e+04
3.677000000000000000e+03 1.934668522367301193e+04
3.678000000000000000e+03 1.942050865353491099e+04
3.679000000000000000e+03 1.945117047968786574e+04
3.680000000000000000e+03 1.944348976903811126e+04
3.681000000000000000e+03 1.942511676044508931e+04
3.682000000000000000e+03 1.943837665866676980e+04
3.683000000000000000e+03 1.944686631303902323e+04
3.684000000000000000e+03 1.946371281335348249e+04
3.685000000000000000e+03 1.948364902505016653e+04
3.686000000000000000e+03 1.950295770732190795e+04
3.687000000000000000e+03 1.947921742944173820e+04
3.688000000000000000e+03 1.949692907860086416e+04
3.689000000000000000e+03 1.951140488637688031e+04
3.690000000000000000e+03 1.949505843057186212e+04
3.691000000000000000e+03 1.948067771589566473e+04
3.692000000000000000e+03 1.952574267014091674e+04
3.693000000000000000e+03 1.951906840695627761e+04
3.694000000000000000e+03 1.951244820040644117e+04
3.695000000000000000e+03 1.952443108357097299e+04
3.696000000000000000e+03 1.953929953408535948e+04
3.697000000000000000e+03 1.956930895757848702e+04
3.698000000000000000e+03 1.959850074113300070e+04
3.699000000000000000e+03 1.958850438786238374e+04
3.700000000000000000e+03 1.961298442017150592e+04
3.701000000000000000e+03 1.963437675422308166e+04
3.702000000000000000e+03 1.963132993416152385e+04
3.703000000000000000e+03 1.959694426654399649e+04
3.704000000000000000e+03 1.965792117077598596e+04
3.705000000000000000e+03 1.965042487199976676e+04
3.706000000000000000e+03 1.963913521125230181e+04
3.707000000000000000e+03 1.966075305216127526e+04
3.708000000000000000e+03 1.966780305581690845e+04
3.709000000000000000e+03 1.968617230229737834e+04
3.710000000000000000e+03 1.969469482871895161e+04
3.711000000000000000e+03 1.973328931409438519e+04
3.712000000000000000e+03 1.975091802001813630e+04
3.713000000000000000e+03 1.979133497655717292e+04
3.714000000000000000e+03 1.976990720160547062e+04
3.715000000000000000e+03 1.978784804562260979e+04
3.716000000000000000e+03 1.981445462945585678e+04
3.717000000000000000e+03 1.981402761245303554e+04
3.718000000000000000e+03 1.978833581772098114e+04
3.719000000000000000e+03 1.980073167214854038e+04
3.720000000000000000e+03 1.977983721097584203e+04
3.721000000000000000e+03 1.975499001103987030e+04
3.722000000000000000e+03 1.975639388630945541e+04
3.723000000000000000e+03 1.977019488910851578e+04
3.724000000000000000e+03 1.977400215952284998e+04
3.725000000000000000e+03 1.978585116362461849e+04
3.726000000000000000e+03 1.980812632123032381e+04
3.727000000000000000e+03 1.985735173774050054e+04
3.728000000000000000e+03 1.985429599271402913e+04
3.729000000000000000e+03 1.983253393332507403e+04
3.730000000000000000e+03 1.982625719794635370e+04
3.731000000000000000e+03 1.984582446193771102e+04
3.732000000000000000e+03 1.986774082380579421e+04
3.733000000000000000e+03 1.985017022275369527e+04
3.734000000000000000e+03 1.990710167100315084e+04
3.735000000000000000e+03 1.992839740247367081e+04
3.736000000000000000e+03 1.993485792789465268e+04
3.737000000000000000e+03 1.992008669818759881e+04
3.738000000000000000e+03 1.991488034952825910e+04
3.739000000000000000e+03 1.995136062399807633e+04
3.740000000000000000e+03 1.999489442907552802e+04
3.741000000000000000e+03 2.000571068133504377e+04
3.742000000000000000e+03 1.998473549479717985e+04
3.743000000000000000e+03 2.001193005829242247e+04
3.744000000000000000e+03 1.999820949637085141e+04
3.745000000000000000e+03 2.000492803715537229e+04
3.746000000000000000e+03 2.004868384425916884e+04
3.747000000000000000e+03 2.009286625247643315e+04
3.748000000000000000e+03 2.008054382723948220e+04
3.749000000000000000e+03 2.007967867398607632e+04
3.750000000000000000e+03 2.011817218243998650e+04
3.751000000000000000e+03 2.009910052619569251e+04
3.752000000000000000e+03 2.015552179141347005e+04
3.753000000000000000e+03 2.015867673503644619e+04
3.754000000000000000e+03 2.018126492191454599e+04
3.755000000000000000e+03 2.016658136044412458e+04
3.756000000000000000e+03 2.015056754534723223e+04
3.757000000000000000e+03 2.015891560633466361e+04
3.758000000000000000e+03 2.018153440985052657e+04
3.759000000000000000e+03 2.019972150901570421e+04
3.760000000000000000e+03 2.017433734247935354e+04
3.761000000000000000e+03 2.021265239866653428e+04
3.762000000000000000e+03 2.019217753060006726e+04
3.763000000000000000e+03 2.019657966579348431e+04
3.764000000000000000e+03 2.022152659278899591e+04
3.765000000000000000e+03 2.022997561371092888e+04
3.766000000000000000e+03 2.023058730054436455e+04
3.767000000000000000e+03 2.027182367405162222e+04
3.768000000000000000e+03 2.029070277211339635e+04
3.769000000000000000e+03 2.025926347007648656e+04
3.770000000000000000e+03 2.022272452946046906e+04
3.771000000000000000e+03 2.023189133323942224e+04
3.772000000000000000e+03 2.020391607559986733e+04
3.773000000000000000e+03 2.021929838932667917e+04
3.774000000000000000e+03 2.023646029355658175e+04
3.775000000000000000e+03 2.021589350190181358e+04
3.776000000000000000e+03 2.021133068113388072e+04
3.777000000000000000e+03 2.022781289426537478e+04
3.778000000000000000e+03 2.024018195197361638e+04
3.779000000000000000e+03 2.024942371155505316e+04
3.780000000000000000e+03 2.019688581207638708e+04
3.781000000000000000e+03 2.020628024636923874e+04
3.782000000000000000e+03 2.025575155922976410e+04
3.783000000000000000e+03 2.024935325985896634e+04
3.784000000000000000e+03 2.028874765891445713e+04
3.785000000000000000e+03 2.028718548756630480e+04
3.786000000000000000e+03 2.027039248210345977e+04
3.787000000000000000e+03 2.025226226169973961e+04
3.788000000000000000e+03 2.027020935700965492e+04
3.789000000000000000e+03 2.026898897674515683e+04
3.790000000000000000e+03 2.029933361946921650e+04
3.791000000000000000e+03 2.030161457152612275e+04
3.792000000000000000e+03 2.030391849570518025e+04
3.793000000000000000e+03 2.030094875934899756e+04
3.794000000000000000e+03 2.033613925386965275e+04
3.795000000000000000e+03 2.036713479011154050e+04
3.796000000000000000e+03 2.040816566142288502e+04
3.797000000000000000e+03 2.039235134574954645e+04
3.798000000000000000e+03 2.043043572410165507e+04
3.799000000000000000e+03 2.041626722997384422e+04
3.800000000000000000e+03 2.042843464887338268e+04
3.801000000000000000e+03 2.042772800982640547e+04
3.802000000000000000e+03 2.044380642973080830e+04
3.803000000000000000e+03 2.044764641758256766e+04
3.804000000000000000e+03 2.041920817844463454e+04
3.805000000000000000e+03 2.040486223027647793e+04
3.806000000000000000e+03 2.042966189397436756e+04
3.807000000000000000e+03 2.044559881682956620e+04
3.808000000000000000e+03 2.044287712391785317e+04
3.809000000000000000e+03 2.041697169839294656e+04
3.810000000000000000e+03 2.041858810234226257e+04
3.811000000000000000e+03 2.046650630151763471e+04
3.812000000000000000e+03 2.046398433139355620e+04
3.813000000000000000e+03 2.047032192144998044e+04
3.814000000000000000e+03 2.047832387831097731e+04
3.815000000000000000e+03 2.049818928513738865e+04
3.816000000000000000e+03 2.052131232842837562e+04
3.817000000000000000e+03 2.048829565059570086e+04
3.818000000000000000e+03 2.049938018707078663e+04
3.819000000000000000e+03 2.050753352593368618e+04
3.820000000000000000e+03 2.046318482584686353e+04
3.821000000000000000e+03 2.046736484432176076e+04
3.822000000000000000e+03 2.047252805532524508e+04
3.823000000000000000e+03 2.052536487067527560e+04
3.824000000000000000e+03 2.055672849692123418e+04
3.825000000000000000e+03 2.056489823851583060e+04
3.826000000000000000e+03 2.056477954445944488e+04
3.827000000000000000e+03 2.059772939953166497e+04
3.828000000000000000e+03 2.060684651140730784e+04
3.829000000000000000e+03 2.057726704047027306e+04
3.830000000000000000e+03 2.056887888996490437e+04
3.831000000000000000e+03 2.062032355091771751e+04
3.832000000000000000e+03 2.063572581630413333e+04
3.833000000000000000e+03 2.065969157395837101e+04
3.834000000000000000e+03 2.063090980594772554e+04
3.835000000000000000e+03 2.066072654039645931e+04
3.836000000000000000e+03 2.067840359109623751e+04
3.837000000000000000e+03 2.070229625448298248e+04
3.838000000000000000e+03 2.069710894480448769e+04
3.839000000000000000e+03 2.067910768456312871e+04
3.840000000000000000e+03 2.070504886045339663e+04
3.841000000000000000e+03 2.070405944938393804e+04
3.842000000000000000e+03 2.071850122826386723e+04
3.843000000000000000e+03 2.069868931537093522e+04
3.844000000000000000e+03 2.067916315648743694e+04
3.845000000000000000e+03 2.065227770757293547e+04
3.846000000000000000e+03 2.064728689521427441e+04
3.847000000000000000e+03 2.065073577313787246e+04
3.848000000000000000e+03 2.066652640886397785e+04
3.849000000000000000e+03 2.070704674242507463e+04
3.850000000000000000e+03 2.074242044259560498e+04
3.851000000000000000e+03 2.075209889288303384e+04
3.852000000000000000e+03 2.074908676973307593e+04
3.853000000000000000e+03 2.074050761336478536e+04
3.854000000000000000e+03 2.074289092224263732e+04
3.855000000000000000e+03 2.077782411691601737e+04
3.856000000000000000e+03 2.078824644637087113e+04
3.857000000000000000e+03 2.076770005296600721e+04
3.858000000000000000e+03 2.076802673609286285e+04
3.859000000000000000e+03 2.080492441169607991e+04
3.860000000000000000e+03 2.084797293729069133e+04
3.861000000000000000e+03 2.084926245931995072e+04
3.862000000000000000e+03 2.085232995065137948e+04
3.863000000000000000e+03 2.084475010685038069e+04
3.864000000000000000e+03 2.082951662305077843e+04
3.865000000000000000e+03 2.079038726961560678e+04
3.866000000000000000e+03 2.082063293596436051e+04
3.867000000000000000e+03 2.084506919026087053e+04
3.868000000000000000e+03 2.082732653174437655e+04
3.869000000000000000e+03 2.082033946730026582e+04
3.870000000000000000e+03 2.084067243879213856e+04
3.871000000000000000e+03 2.081502505209177252e+04
3.872000000000000000e+03 2.080957960183743126e+04
3.873000000000000000e+03 2.080040679809884023e+04
3.874000000000000000e+03 2.081069911212175430e+04
3.875000000000000000e+03 2.082156820415068796e+04
3.876000000000000000e+03 2.079997565774741088e+04
3.877000000000000000e+03 2.080625641467257810e+04
3.878000000000000000e+03 2.083761198633378808e+04
3.879000000000000000e+03 2.084811918364862140e+04
3.880000000000000000e+03 2.084572775138074576e+04
3.881000000000000000e+03 2.086654702388140504e+04
3.882000000000000000e+03 2.085038952446600524e+04
3.883000000000000000e+03 2.088867471538341124e+04
3.884000000000000000e+03 2.087920845014795850e+04
3.885000000000000000e+03 2.086005715765310015e+04
3.886000000000000000e+03 2.085231506512031410e+04
3.887000000000000000e+03 2.086398830229534724e+04
3.888000000000000000e+03 2.086789230790223155e+04
3.889000000000000000e+03 2.085824307769451116e+04
3.890000000000000000e+03 2.088302622022580181e+04
3.891000000000000000e+03 2.085805638527044357e+04
3.892000000000000000e+03 2.087735331082964331e+04
3.893000000000000000e+03 2.087761209104079535e+04
3.894000000000000000e+03 2.091651491276653542e+04
3.895000000000000000e+03 2.092286299559684267e+04
3.896000000000000000e+03 2.089256549920325779e+04
3.897000000000000000e+03 2.088502467611811880e+04
3.898000000000000000e+03 2.089938655150551858e+04
3.899000000000000000e+03 2.089188139059831883e+04
3.900000000000000000e+03 2.091460222476015770e+04
3.901000000000000000e+03 2.095861234390192840e+04
3.902000000000000000e+03 2.096840213718755695e+04
3.903000000000000000e+03 2.091907558299429365e+04
3.904000000000000000e+03 2.092066390332687661e+04
3.905000000000000000e+03 2.092591956795307851e+04
3.906000000000000000e+03 2.092744467216211342e+04
3.907000000000000000e+03 2.091968730613170192e+04
3.908000000000000000e+03 2.090092178433436129e+04
3.909000000000000000e+03 2.089574751961187212e+04
3.910000000000000000e+03 2.090614597961921027e+04
3.911000000000000000e+03 2.093829212089229986e+04
3.912000000000000000e+03 2.096589265170093859e+04
3.913000000000000000e+03 2.096036042116559474e+04
3.914000000000000000e+03 2.095543930654454743e+04
3.915000000000000000e+03 2.095546162818474477e+04
3.916000000000000000e+03 2.097403726822132376e+04
3.917000000000000000e+03 2.095333800855451773e+04
3.918000000000000000e+03 2.092985059991161324e+04
3.919000000000000000e+03 2.096330296372990779e+04
3.920000000000000000e+03 2.101429820166930949e+04
3.921000000000000000e+03 2.099566670734480795e+04
3.922000000000000000e+03 2.097521834608472636e+04
3.923000000000000000e+03 2.102445336272144414e+04
3.924000000000000000e+03 2.107558804761127976e+04
3.925000000000000000e+03 2.109571061045461465e+04
3.926000000000000000e+03 2.104377303633214979e+04
3.927000000000000000e+03 2.101649906937700507e+04
3.928000000000000000e+03 2.101666942785597712e+04
3.929000000000000000e+03 2.103093354728603299e+04
3.930000000000000000e+03 2.104533663056031583e+04
3.931000000000000000e+03 2.104312464362291576e+04
3.932000000000000000e+03 2.105694728112966550e+04
3.933000000000000000e+03 2.108569896754329966e+04
3.934000000000000000e+03 2.108407958287341535e+04
3.935000000000000000e+03 2.108044770715427148e+04
3.936000000000000000e+03 2.110461489152495778e+04
3.937000000000000000e+03 2.110551680262246373e+04
3.938000000000000000e+03 2.110270633177712443e+04
3.939000000000000000e+03 2.110770680762661505e+04
3.940000000000000000e+03 2.111605584478265155e+04
3.941000000000000000e+03 2.112354475771942089e+04
3.942000000000000000e+03 2.112521217727951080e+04
3.943000000000000000e+03 2.116826109577220268e+04
3.944000000000000000e+03 2.112540392145718215e+04
3.945000000000000000e+03 2.113717552739526582e+04
3.946000000000000000e+03 2.115643684212775770e+04
3.947000000000000000e+03 2.116190807028052950e+04
3.948000000000000000e+03 2.118188754526159391e+04
3.949000000000000000e+03 2.116615995449927868e+04
3.950000000000000000e+03 2.118284255975189444e+04
3.951000000000000000e+03 2.118472154980841515e+04
3.952000000000000000e+03 2.117790792779307958e+04
3.953000000000000000e+03 2.118070295026335225e+04
3.954000000000000000e+03 2.116586035750215160e+04
3.955000000000000000e+03 2.115296916197290557e+04
3.956000000000000000e+03 2.113356261806987459e+04
3.957000000000000000e+03 2.111737697835948347e+04
3.958000000000000000e+03 2.112748184936976031e+04
3.959000000000000000e+03 2.114257016912155450e+04
3.960000000000000000e+03 2.112276663594603815e+04
3.961000000000000000e+03 2.112919251507471199e+04
3.962000000000000000e+03 2.113267019039314255e+04
3.963000000000000000e+03 2.114122902791028537e+04
3.964000000000000000e+03 2.114988645815821292e+04
3.965000000000000000e+03 2.117649708639088931e+04
3.966000000000000000e+03 2.114240594815322038e+04
3.967000000000000000e+03 2.112704856188100894e+04
3.968000000000000000e+03 2.117380236859518482e+04
3.969000000000000000e+03 2.116604517767293146e+04
3.970000000000000000e+03 2.116860612719867277e+04
3.971000000000000000e+03 2.112901370908670651e+04
3.972000000000000000e+03 2.116197258522815173e+04
3.973000000000000000e+03 2.111707699839470297e+04
3.974000000000000000e+03 2.113670870640036082e+04
3.975000000000000000e+03 2.115228958848404363e+04
3.976000000000000000e+03 2.115471440081282708e+04
3.977000000000000000e+03 2.119738253479477498e+04
3.978000000000000000e+03 2.122550622438460050e+04
3.979000000000000000e+03 2.121942388449736973e+04
3.980000000000000000e+03 2.121609609620565607e+04
3.981000000000000000e+03 2.122089833176990942e+04
3.982000000000000000e+03 2.118535749892516469e+04
3.983000000000000000e+03 2.122781922433446380e+04
3.984000000000000000e+03 2.119534721783930581e+04
3.985000000000000000e+03 2.119234485814364598e+04
3.986000000000000000e+03 2.118525551086413907e+04
3.987000000000000000e+03 2.119257744316950993e+04
3.988000000000000000e+03 2.117420255882202764e+04
3.989000000000000000e+03 2.119724780164652839e+04
3.990000000000000000e+03 2.124145290324597954e+04
3.991000000000000000e+03 2.122062222969609502e+04
3.992000000000000000e+03 2.120395405306520843e+04
3.993000000000000000e+03 2.117320905789176686e+04
3.994000000000000000e+03 2.122633796246643396e+04
3.995000000000000000e+03 2.120682658901178365e+04
3.996000000000000000e+03 2.118961430971224763e+04
3.997000000000000000e+03 2.120658829971755040e+04
3.998000000000000000e+03 2.124210009308803637e+04
3.999000000000000000e+03 2.126205083476102300e+04
