# time_reduced msd_reduced
# region=central
# central=0.333333333333:0.666666666667
# outer=0:0.250000000000,0.750000000000:1
# transition=0.250000000000:0.333333333333,0.666666666667:0.750000000000
# atom_types=[2]
# n_selected=2561
# subtract_group_com_drift=True
0.000000000000000000e+00 0.000000000000000000e+00
1.000000000000000000e+00 8.397674988350813052e+00
2.000000000000000000e+00 1.447835315937640921e+01
3.000000000000000000e+00 2.203794625917205607e+01
4.000000000000000000e+00 2.866891885494125347e+01
5.000000000000000000e+00 3.482976561594882270e+01
6.000000000000000000e+00 3.980627747627845281e+01
7.000000000000000000e+00 4.638846372254713657e+01
8.000000000000000000e+00 5.338738577254775919e+01
9.000000000000000000e+00 6.116008365375284939e+01
1.000000000000000000e+01 6.803409500516744401e+01
1.100000000000000000e+01 7.567618288614187350e+01
1.200000000000000000e+01 8.206565166639427389e+01
1.300000000000000000e+01 8.914630903405914353e+01
1.400000000000000000e+01 9.573332446310885757e+01
1.500000000000000000e+01 1.044531307760772023e+02
1.600000000000000000e+01 1.112658689511901855e+02
1.700000000000000000e+01 1.162661711747038282e+02
1.800000000000000000e+01 1.207621585681825138e+02
1.900000000000000000e+01 1.267433476038182079e+02
2.000000000000000000e+01 1.342443426419019374e+02
2.100000000000000000e+01 1.399027812430862525e+02
2.200000000000000000e+01 1.460473312070594147e+02
2.300000000000000000e+01 1.551019575875995145e+02
2.400000000000000000e+01 1.600070076949526765e+02
2.500000000000000000e+01 1.670805408421716152e+02
2.600000000000000000e+01 1.732421596280585163e+02
2.700000000000000000e+01 1.828607956447226570e+02
2.800000000000000000e+01 1.895039594340657629e+02
2.900000000000000000e+01 1.922880366781481314e+02
3.000000000000000000e+01 2.002579562395021924e+02
3.100000000000000000e+01 2.035307336535838658e+02
3.200000000000000000e+01 2.159945884765388371e+02
3.300000000000000000e+01 2.249706173039855059e+02
3.400000000000000000e+01 2.354607166216067924e+02
3.500000000000000000e+01 2.428369017554077516e+02
3.600000000000000000e+01 2.506609995454814452e+02
3.700000000000000000e+01 2.595245231324755650e+02
3.800000000000000000e+01 2.661181228209794085e+02
3.900000000000000000e+01 2.735002640417984594e+02
4.000000000000000000e+01 2.805113067310101087e+02
4.100000000000000000e+01 2.823112692633970937e+02
4.200000000000000000e+01 2.878844164842010400e+02
4.300000000000000000e+01 2.991851152697085467e+02
4.400000000000000000e+01 3.046299775534364471e+02
4.500000000000000000e+01 3.134322278735427290e+02
4.600000000000000000e+01 3.184753117468440564e+02
4.700000000000000000e+01 3.235984206642077083e+02
4.800000000000000000e+01 3.270851725562927186e+02
4.900000000000000000e+01 3.332500662148943888e+02
5.000000000000000000e+01 3.382760516567616378e+02
5.100000000000000000e+01 3.439840817547138840e+02
5.200000000000000000e+01 3.497697995478033590e+02
5.300000000000000000e+01 3.596173909029807874e+02
5.400000000000000000e+01 3.647974101139313916e+02
5.500000000000000000e+01 3.705707709187253158e+02
5.600000000000000000e+01 3.796917139932743908e+02
5.700000000000000000e+01 3.905442470429572950e+02
5.800000000000000000e+01 3.990202266250394132e+02
5.900000000000000000e+01 4.031970649546441336e+02
6.000000000000000000e+01 4.089495084647570025e+02
6.100000000000000000e+01 4.223559284731624075e+02
6.200000000000000000e+01 4.277028872394745918e+02
6.300000000000000000e+01 4.361701054403548028e+02
6.400000000000000000e+01 4.457170146066731604e+02
6.500000000000000000e+01 4.500833778289859310e+02
6.600000000000000000e+01 4.659512233620315556e+02
6.700000000000000000e+01 4.748870026116300664e+02
6.800000000000000000e+01 4.787686734192158156e+02
6.900000000000000000e+01 4.868240921902934133e+02
7.000000000000000000e+01 4.878782063842931507e+02
7.100000000000000000e+01 4.913493366928997261e+02
7.200000000000000000e+01 4.979030451395270234e+02
7.300000000000000000e+01 5.046546279138697173e+02
7.400000000000000000e+01 5.127121374788043795e+02
7.500000000000000000e+01 5.144276278024226485e+02
7.600000000000000000e+01 5.198647489791877661e+02
7.700000000000000000e+01 5.286856670273581358e+02
7.800000000000000000e+01 5.345732326077873040e+02
7.900000000000000000e+01 5.345385809061265263e+02
8.000000000000000000e+01 5.471492036371465701e+02
8.100000000000000000e+01 5.581396637046042315e+02
8.200000000000000000e+01 5.670650950664288530e+02
8.300000000000000000e+01 5.783799082655170878e+02
8.400000000000000000e+01 5.863339625280116252e+02
8.500000000000000000e+01 5.919241531339501989e+02
8.600000000000000000e+01 5.979782510962224933e+02
8.700000000000000000e+01 6.030385947934425985e+02
8.800000000000000000e+01 6.101104209767005386e+02
8.900000000000000000e+01 6.135223935081099853e+02
9.000000000000000000e+01 6.254129422898046187e+02
9.100000000000000000e+01 6.366876187029021139e+02
9.200000000000000000e+01 6.432860751923175258e+02
9.300000000000000000e+01 6.424868033744648983e+02
9.400000000000000000e+01 6.459244220833381860e+02
9.500000000000000000e+01 6.529979227461552682e+02
9.600000000000000000e+01 6.617478340140579576e+02
9.700000000000000000e+01 6.726571658247851246e+02
9.800000000000000000e+01 6.783323587629346321e+02
9.900000000000000000e+01 6.882333360291860345e+02
1.000000000000000000e+02 6.925397256906459234e+02
1.010000000000000000e+02 6.989189390285871468e+02
1.020000000000000000e+02 7.104573040943690785e+02
1.030000000000000000e+02 7.119737897429941995e+02
1.040000000000000000e+02 7.251001133750253302e+02
1.050000000000000000e+02 7.357566710571305748e+02
1.060000000000000000e+02 7.451951036117781086e+02
1.070000000000000000e+02 7.516141733096118287e+02
1.080000000000000000e+02 7.605941307159813505e+02
1.090000000000000000e+02 7.684052961580088095e+02
1.100000000000000000e+02 7.709520164119512629e+02
1.110000000000000000e+02 7.750290323831371779e+02
1.120000000000000000e+02 7.825168612452723664e+02
1.130000000000000000e+02 7.925499658113184296e+02
1.140000000000000000e+02 8.021232013288831695e+02
1.150000000000000000e+02 8.066536371247735815e+02
1.160000000000000000e+02 8.147918790547928438e+02
1.170000000000000000e+02 8.236278787597236715e+02
1.180000000000000000e+02 8.363759355855438571e+02
1.190000000000000000e+02 8.392060446868338204e+02
1.200000000000000000e+02 8.362150869898580368e+02
1.210000000000000000e+02 8.430298278451435863e+02
1.220000000000000000e+02 8.547457312411231669e+02
1.230000000000000000e+02 8.629369179148493458e+02
1.240000000000000000e+02 8.629916941892291788e+02
1.250000000000000000e+02 8.676086837955883766e+02
1.260000000000000000e+02 8.747642902094277133e+02
1.270000000000000000e+02 8.859888942390119837e+02
1.280000000000000000e+02 8.844139402320262207e+02
1.290000000000000000e+02 8.833584316470435169e+02
1.300000000000000000e+02 8.887151579262316545e+02
1.310000000000000000e+02 8.954937083254089885e+02
1.320000000000000000e+02 9.056833325890196420e+02
1.330000000000000000e+02 9.032018226067465321e+02
1.340000000000000000e+02 9.072685053226553009e+02
1.350000000000000000e+02 9.128788442119682713e+02
1.360000000000000000e+02 9.205052556283277454e+02
1.370000000000000000e+02 9.348165022632146020e+02
1.380000000000000000e+02 9.428226176374929537e+02
1.390000000000000000e+02 9.494474570318949418e+02
1.400000000000000000e+02 9.555346424138519978e+02
1.410000000000000000e+02 9.658542278520686750e+02
1.420000000000000000e+02 9.753791185350945625e+02
1.430000000000000000e+02 9.827908537086822207e+02
1.440000000000000000e+02 9.874794145872479021e+02
1.450000000000000000e+02 9.889553853053572539e+02
1.460000000000000000e+02 9.870138561996800490e+02
1.470000000000000000e+02 9.966514923644082273e+02
1.480000000000000000e+02 1.003354711687089207e+03
1.490000000000000000e+02 1.005094920798144472e+03
1.500000000000000000e+02 1.006436697564469682e+03
1.510000000000000000e+02 1.013827003938529629e+03
1.520000000000000000e+02 1.019439416848727888e+03
1.530000000000000000e+02 1.021534979434631737e+03
1.540000000000000000e+02 1.024993086639469993e+03
1.550000000000000000e+02 1.034834056212430141e+03
1.560000000000000000e+02 1.039780961409890097e+03
1.570000000000000000e+02 1.042579651320263793e+03
1.580000000000000000e+02 1.042968264282412747e+03
1.590000000000000000e+02 1.047280788756416314e+03
1.600000000000000000e+02 1.057368050694383328e+03
1.610000000000000000e+02 1.064292876379668087e+03
1.620000000000000000e+02 1.065782163130465051e+03
1.630000000000000000e+02 1.074611008821939549e+03
1.640000000000000000e+02 1.077165626666825347e+03
1.650000000000000000e+02 1.074616237449832397e+03
1.660000000000000000e+02 1.083788585763655419e+03
1.670000000000000000e+02 1.101229532115693246e+03
1.680000000000000000e+02 1.111084176327485238e+03
1.690000000000000000e+02 1.110912319308366023e+03
1.700000000000000000e+02 1.114921699683737188e+03
1.710000000000000000e+02 1.132091270116954774e+03
1.720000000000000000e+02 1.140829327306486221e+03
1.730000000000000000e+02 1.151122850652602210e+03
1.740000000000000000e+02 1.163634982186181560e+03
1.750000000000000000e+02 1.171381808682725250e+03
1.760000000000000000e+02 1.175785065427641030e+03
1.770000000000000000e+02 1.174544854443831127e+03
1.780000000000000000e+02 1.176575043710946602e+03
1.790000000000000000e+02 1.190815253988688937e+03
1.800000000000000000e+02 1.199307515953682469e+03
1.810000000000000000e+02 1.204652311530773659e+03
1.820000000000000000e+02 1.204845101098769646e+03
1.830000000000000000e+02 1.212917300238851794e+03
1.840000000000000000e+02 1.213118798681467979e+03
1.850000000000000000e+02 1.225979200434637278e+03
1.860000000000000000e+02 1.228069079575229580e+03
1.870000000000000000e+02 1.236334630407056693e+03
1.880000000000000000e+02 1.248076533945617257e+03
1.890000000000000000e+02 1.261798504149008977e+03
1.900000000000000000e+02 1.276184653752927943e+03
1.910000000000000000e+02 1.280748713798834160e+03
1.920000000000000000e+02 1.285305060529903585e+03
1.930000000000000000e+02 1.294910188721049053e+03
1.940000000000000000e+02 1.293370420336573261e+03
1.950000000000000000e+02 1.299267100570913954e+03
1.960000000000000000e+02 1.300322974999075086e+03
1.970000000000000000e+02 1.312612633534039105e+03
1.980000000000000000e+02 1.312782821859659634e+03
1.990000000000000000e+02 1.322547724145499160e+03
2.000000000000000000e+02 1.335494570659272085e+03
2.010000000000000000e+02 1.338953841318465038e+03
2.020000000000000000e+02 1.350822371152344886e+03
2.030000000000000000e+02 1.357168052896722429e+03
2.040000000000000000e+02 1.369631937143873529e+03
2.050000000000000000e+02 1.366756283838025183e+03
2.060000000000000000e+02 1.374547844453429207e+03
2.070000000000000000e+02 1.381562135065490111e+03
2.080000000000000000e+02 1.385641866743832225e+03
2.090000000000000000e+02 1.382299057143675554e+03
2.100000000000000000e+02 1.392533445631462882e+03
2.110000000000000000e+02 1.391886315367996531e+03
2.120000000000000000e+02 1.397662635211560200e+03
2.130000000000000000e+02 1.407144509970200033e+03
2.140000000000000000e+02 1.419672304802367762e+03
2.150000000000000000e+02 1.434961039323952491e+03
2.160000000000000000e+02 1.427238227767368244e+03
2.170000000000000000e+02 1.429985493079292155e+03
2.180000000000000000e+02 1.434333112131211465e+03
2.190000000000000000e+02 1.442406905993002056e+03
2.200000000000000000e+02 1.446423288019541360e+03
2.210000000000000000e+02 1.452889663435226112e+03
2.220000000000000000e+02 1.465848618679386163e+03
2.230000000000000000e+02 1.472956317630925241e+03
2.240000000000000000e+02 1.488313816706486932e+03
2.250000000000000000e+02 1.485061613223726454e+03
2.260000000000000000e+02 1.492766353488698769e+03
2.270000000000000000e+02 1.499154456705529583e+03
2.280000000000000000e+02 1.507377603508379707e+03
2.290000000000000000e+02 1.525304066167497695e+03
2.300000000000000000e+02 1.529460564090813705e+03
2.310000000000000000e+02 1.531171544340720857e+03
2.320000000000000000e+02 1.540210606028048005e+03
2.330000000000000000e+02 1.561367565341790851e+03
2.340000000000000000e+02 1.568100257275650847e+03
2.350000000000000000e+02 1.575260630743771799e+03
2.360000000000000000e+02 1.590339151900599518e+03
2.370000000000000000e+02 1.596085671065529368e+03
2.380000000000000000e+02 1.600731929762669324e+03
2.390000000000000000e+02 1.606023018517357968e+03
2.400000000000000000e+02 1.609922508844166714e+03
2.410000000000000000e+02 1.617505926381592644e+03
2.420000000000000000e+02 1.619036570816320818e+03
2.430000000000000000e+02 1.625091194356864662e+03
2.440000000000000000e+02 1.628802714893557777e+03
2.450000000000000000e+02 1.637594721582131342e+03
2.460000000000000000e+02 1.644274386720496295e+03
2.470000000000000000e+02 1.655288404275197763e+03
2.480000000000000000e+02 1.672740565583902708e+03
2.490000000000000000e+02 1.678767697462480783e+03
2.500000000000000000e+02 1.690268611044519275e+03
2.510000000000000000e+02 1.698443698090395401e+03
2.520000000000000000e+02 1.698485182990271596e+03
2.530000000000000000e+02 1.711127615692780864e+03
2.540000000000000000e+02 1.722052464817299324e+03
2.550000000000000000e+02 1.736915437364077889e+03
2.560000000000000000e+02 1.745150947592276907e+03
2.570000000000000000e+02 1.744121478800495197e+03
2.580000000000000000e+02 1.750073248423504310e+03
2.590000000000000000e+02 1.751035878183888144e+03
2.600000000000000000e+02 1.765880993673944431e+03
2.610000000000000000e+02 1.776438248502436863e+03
2.620000000000000000e+02 1.783470885562883268e+03
2.630000000000000000e+02 1.787632414596587296e+03
2.640000000000000000e+02 1.802418107108029290e+03
2.650000000000000000e+02 1.815883779149875636e+03
2.660000000000000000e+02 1.829742672908560280e+03
2.670000000000000000e+02 1.834189293751964442e+03
2.680000000000000000e+02 1.849951165009867509e+03
2.690000000000000000e+02 1.842226802765912907e+03
2.700000000000000000e+02 1.858880189515801476e+03
2.710000000000000000e+02 1.865380370158322421e+03
2.720000000000000000e+02 1.858619594589840290e+03
2.730000000000000000e+02 1.863189751898866234e+03
2.740000000000000000e+02 1.865258850279427406e+03
2.750000000000000000e+02 1.879230192002357398e+03
2.760000000000000000e+02 1.885286617524809117e+03
2.770000000000000000e+02 1.889296887650563576e+03
2.780000000000000000e+02 1.891163564942320363e+03
2.790000000000000000e+02 1.892415858302237666e+03
2.800000000000000000e+02 1.896058065401660315e+03
2.810000000000000000e+02 1.912657020376888340e+03
2.820000000000000000e+02 1.922488467724782822e+03
2.830000000000000000e+02 1.923501052007426097e+03
2.840000000000000000e+02 1.935137295046720965e+03
2.850000000000000000e+02 1.948019477460336020e+03
2.860000000000000000e+02 1.961345332940177059e+03
2.870000000000000000e+02 1.966415987505949943e+03
2.880000000000000000e+02 1.962135004084579577e+03
2.890000000000000000e+02 1.972842863883483233e+03
2.900000000000000000e+02 1.980582310245610643e+03
2.910000000000000000e+02 1.990852208472091661e+03
2.920000000000000000e+02 2.014807174460351916e+03
2.930000000000000000e+02 2.031530337806398620e+03
2.940000000000000000e+02 2.039048499481350973e+03
2.950000000000000000e+02 2.041223523684951260e+03
2.960000000000000000e+02 2.048502545666695823e+03
2.970000000000000000e+02 2.055913877809553469e+03
2.980000000000000000e+02 2.059175217693344166e+03
2.990000000000000000e+02 2.075997750560920849e+03
3.000000000000000000e+02 2.077600144784973054e+03
3.010000000000000000e+02 2.086413469191627428e+03
3.020000000000000000e+02 2.084712643760611627e+03
3.030000000000000000e+02 2.093550586864761044e+03
3.040000000000000000e+02 2.110258760850325416e+03
3.050000000000000000e+02 2.120109962955374158e+03
3.060000000000000000e+02 2.121718369565820922e+03
3.070000000000000000e+02 2.131481580790572934e+03
3.080000000000000000e+02 2.142765905383971585e+03
3.090000000000000000e+02 2.149327112180332279e+03
3.100000000000000000e+02 2.161158673317292141e+03
3.110000000000000000e+02 2.151694082799661828e+03
3.120000000000000000e+02 2.163180642555351369e+03
3.130000000000000000e+02 2.152506583492428490e+03
3.140000000000000000e+02 2.159590054050171148e+03
3.150000000000000000e+02 2.167497306726441821e+03
3.160000000000000000e+02 2.173988925626774289e+03
3.170000000000000000e+02 2.166699500044498564e+03
3.180000000000000000e+02 2.183537765050839880e+03
3.190000000000000000e+02 2.182027034581888529e+03
3.200000000000000000e+02 2.188624494480723570e+03
3.210000000000000000e+02 2.185567624214581883e+03
3.220000000000000000e+02 2.205403655286490903e+03
3.230000000000000000e+02 2.214454503521943025e+03
3.240000000000000000e+02 2.222134566770493166e+03
3.250000000000000000e+02 2.231486274306520500e+03
3.260000000000000000e+02 2.243131571801733571e+03
3.270000000000000000e+02 2.242637238066452937e+03
3.280000000000000000e+02 2.240753026066683105e+03
3.290000000000000000e+02 2.247383267034706478e+03
3.300000000000000000e+02 2.250904210166257144e+03
3.310000000000000000e+02 2.258189441108995197e+03
3.320000000000000000e+02 2.259345465805792628e+03
3.330000000000000000e+02 2.266848160135037688e+03
3.340000000000000000e+02 2.275833112672949483e+03
3.350000000000000000e+02 2.282549504604814047e+03
3.360000000000000000e+02 2.293128669555907891e+03
3.370000000000000000e+02 2.291970304087617478e+03
3.380000000000000000e+02 2.305210823219947542e+03
3.390000000000000000e+02 2.308184888937163123e+03
3.400000000000000000e+02 2.310210139530688139e+03
3.410000000000000000e+02 2.327622325641408679e+03
3.420000000000000000e+02 2.342373195314914938e+03
3.430000000000000000e+02 2.351597340193741275e+03
3.440000000000000000e+02 2.359332448078504967e+03
3.450000000000000000e+02 2.360348608599811996e+03
3.460000000000000000e+02 2.376989944186496359e+03
3.470000000000000000e+02 2.375871539705104624e+03
3.480000000000000000e+02 2.386388344021640478e+03
3.490000000000000000e+02 2.403674838433236346e+03
3.500000000000000000e+02 2.409300103455917906e+03
3.510000000000000000e+02 2.424985686201568114e+03
3.520000000000000000e+02 2.438276839458684663e+03
3.530000000000000000e+02 2.448750552208951831e+03
3.540000000000000000e+02 2.453510333001011986e+03
3.550000000000000000e+02 2.451905498110625103e+03
3.560000000000000000e+02 2.454718256500773350e+03
3.570000000000000000e+02 2.449920408522324124e+03
3.580000000000000000e+02 2.470232883146977656e+03
3.590000000000000000e+02 2.475240353887790661e+03
3.600000000000000000e+02 2.463878409439336338e+03
3.610000000000000000e+02 2.467498113490810283e+03
3.620000000000000000e+02 2.497784389059454043e+03
3.630000000000000000e+02 2.515686473560727791e+03
3.640000000000000000e+02 2.521912133206298222e+03
3.650000000000000000e+02 2.525701111490991934e+03
3.660000000000000000e+02 2.530112297018017216e+03
3.670000000000000000e+02 2.547054490713823270e+03
3.680000000000000000e+02 2.557509630779758481e+03
3.690000000000000000e+02 2.556748457741436141e+03
3.700000000000000000e+02 2.563512330604314229e+03
3.710000000000000000e+02 2.566663153416298428e+03
3.720000000000000000e+02 2.569300985202878564e+03
3.730000000000000000e+02 2.580159910822965685e+03
3.740000000000000000e+02 2.584946945358331959e+03
3.750000000000000000e+02 2.588191947153159617e+03
3.760000000000000000e+02 2.600472632213616180e+03
3.770000000000000000e+02 2.606633005476288872e+03
3.780000000000000000e+02 2.607414314989493505e+03
3.790000000000000000e+02 2.614393842333525754e+03
3.800000000000000000e+02 2.616511626496692770e+03
3.810000000000000000e+02 2.633220034328238853e+03
3.820000000000000000e+02 2.641022489455081541e+03
3.830000000000000000e+02 2.643624216674050786e+03
3.840000000000000000e+02 2.658369625627859932e+03
3.850000000000000000e+02 2.656751292500525778e+03
3.860000000000000000e+02 2.680351316428385871e+03
3.870000000000000000e+02 2.692816216730395809e+03
3.880000000000000000e+02 2.706130806895491332e+03
3.890000000000000000e+02 2.703491816359556651e+03
3.900000000000000000e+02 2.710067070168039663e+03
3.910000000000000000e+02 2.716972338259308344e+03
3.920000000000000000e+02 2.712349023674678392e+03
3.930000000000000000e+02 2.717743560102511765e+03
3.940000000000000000e+02 2.727407999324211232e+03
3.950000000000000000e+02 2.734212495783540817e+03
3.960000000000000000e+02 2.753026716220289018e+03
3.970000000000000000e+02 2.768139836556683804e+03
3.980000000000000000e+02 2.778687878825614007e+03
3.990000000000000000e+02 2.788656493101975229e+03
4.000000000000000000e+02 2.791967998201620048e+03
4.010000000000000000e+02 2.803616192744310410e+03
4.020000000000000000e+02 2.802372042085942667e+03
4.030000000000000000e+02 2.797302407515465347e+03
4.040000000000000000e+02 2.793157485852007994e+03
4.050000000000000000e+02 2.794046514143205968e+03
4.060000000000000000e+02 2.807136312626079871e+03
4.070000000000000000e+02 2.809241689142428640e+03
4.080000000000000000e+02 2.832784083580239894e+03
4.090000000000000000e+02 2.836878157779075536e+03
4.100000000000000000e+02 2.841369425702072022e+03
4.110000000000000000e+02 2.841170546621133781e+03
4.120000000000000000e+02 2.845589687175326617e+03
4.130000000000000000e+02 2.855767694756864330e+03
4.140000000000000000e+02 2.872949682786610538e+03
4.150000000000000000e+02 2.896287097214151800e+03
4.160000000000000000e+02 2.903469420196766350e+03
4.170000000000000000e+02 2.889756807203307289e+03
4.180000000000000000e+02 2.911542827841098187e+03
4.190000000000000000e+02 2.927306194141136530e+03
4.200000000000000000e+02 2.935007675060593556e+03
4.210000000000000000e+02 2.948937641724392051e+03
4.220000000000000000e+02 2.948705869981987689e+03
4.230000000000000000e+02 2.953211841516254026e+03
4.240000000000000000e+02 2.931974376055970879e+03
4.250000000000000000e+02 2.933078313904725292e+03
4.260000000000000000e+02 2.928029877737162224e+03
4.270000000000000000e+02 2.928169816704171808e+03
4.280000000000000000e+02 2.921322857991546243e+03
4.290000000000000000e+02 2.936161270181192776e+03
4.300000000000000000e+02 2.943628533330701430e+03
4.310000000000000000e+02 2.949442902759139088e+03
4.320000000000000000e+02 2.944424680312267810e+03
4.330000000000000000e+02 2.937935369861455001e+03
4.340000000000000000e+02 2.966341759637453379e+03
4.350000000000000000e+02 2.983683841199328526e+03
4.360000000000000000e+02 2.980262891821628727e+03
4.370000000000000000e+02 2.967256547487194894e+03
4.380000000000000000e+02 2.982031350964211015e+03
4.390000000000000000e+02 2.985010721775525326e+03
4.400000000000000000e+02 2.976418206860936607e+03
4.410000000000000000e+02 2.997695951833960862e+03
4.420000000000000000e+02 2.998165162022682580e+03
4.430000000000000000e+02 3.011422220217098129e+03
4.440000000000000000e+02 3.020280258075253187e+03
4.450000000000000000e+02 3.023556852935460483e+03
4.460000000000000000e+02 3.043053140902067753e+03
4.470000000000000000e+02 3.039926910851592311e+03
4.480000000000000000e+02 3.046325260110704221e+03
4.490000000000000000e+02 3.048895145188034348e+03
4.500000000000000000e+02 3.058373310765464794e+03
4.510000000000000000e+02 3.063216146182763168e+03
4.520000000000000000e+02 3.065651412607729526e+03
4.530000000000000000e+02 3.070037784600791383e+03
4.540000000000000000e+02 3.078926697887468436e+03
4.550000000000000000e+02 3.076111411764318746e+03
4.560000000000000000e+02 3.088118261497666936e+03
4.570000000000000000e+02 3.091467772558998604e+03
4.580000000000000000e+02 3.087140290838862256e+03
4.590000000000000000e+02 3.100991621792462865e+03
4.600000000000000000e+02 3.108191068231521058e+03
4.610000000000000000e+02 3.121794071609306229e+03
4.620000000000000000e+02 3.118579088278474501e+03
4.630000000000000000e+02 3.120569992603137507e+03
4.640000000000000000e+02 3.122825330552998366e+03
4.650000000000000000e+02 3.132150397758294275e+03
4.660000000000000000e+02 3.141304808810266877e+03
4.670000000000000000e+02 3.154146238139438083e+03
4.680000000000000000e+02 3.162565385344583774e+03
4.690000000000000000e+02 3.161804848500645221e+03
4.700000000000000000e+02 3.175545155528033320e+03
4.710000000000000000e+02 3.190392110810899339e+03
4.720000000000000000e+02 3.193385302772751402e+03
4.730000000000000000e+02 3.191690082539691048e+03
4.740000000000000000e+02 3.185231057015104852e+03
4.750000000000000000e+02 3.178032921784599239e+03
4.760000000000000000e+02 3.210429607653049970e+03
4.770000000000000000e+02 3.220297957501511519e+03
4.780000000000000000e+02 3.229705295065518840e+03
4.790000000000000000e+02 3.248988284064955224e+03
4.800000000000000000e+02 3.266716569926096327e+03
4.810000000000000000e+02 3.271628622027879828e+03
4.820000000000000000e+02 3.279292384354111618e+03
4.830000000000000000e+02 3.275540060230009658e+03
4.840000000000000000e+02 3.253196975989375460e+03
4.850000000000000000e+02 3.251730406101283279e+03
4.860000000000000000e+02 3.272776931613275337e+03
4.870000000000000000e+02 3.281615003787872865e+03
4.880000000000000000e+02 3.284607525637426534e+03
4.890000000000000000e+02 3.300468578929220257e+03
4.900000000000000000e+02 3.287742996534467238e+03
4.910000000000000000e+02 3.305838533449083116e+03
4.920000000000000000e+02 3.314344780958304000e+03
4.930000000000000000e+02 3.312856065168895384e+03
4.940000000000000000e+02 3.305792067962401688e+03
4.950000000000000000e+02 3.312765218123727209e+03
4.960000000000000000e+02 3.305353069284132744e+03
4.970000000000000000e+02 3.307649431295536488e+03
4.980000000000000000e+02 3.322901459974840236e+03
4.990000000000000000e+02 3.329952047727818808e+03
5.000000000000000000e+02 3.339803172445994733e+03
5.010000000000000000e+02 3.356125140199260386e+03
5.020000000000000000e+02 3.359839885623594000e+03
5.030000000000000000e+02 3.360400848637681520e+03
5.040000000000000000e+02 3.357221458138109028e+03
5.050000000000000000e+02 3.362632623077906828e+03
5.060000000000000000e+02 3.372799805217382072e+03
5.070000000000000000e+02 3.374904801060920818e+03
5.080000000000000000e+02 3.380602368528514489e+03
5.090000000000000000e+02 3.402184403770201243e+03
5.100000000000000000e+02 3.410911804035945806e+03
5.110000000000000000e+02 3.438990565687439812e+03
5.120000000000000000e+02 3.455009716241856495e+03
5.130000000000000000e+02 3.445001396127554926e+03
5.140000000000000000e+02 3.459954823295877304e+03
5.150000000000000000e+02 3.481557363243412055e+03
5.160000000000000000e+02 3.501117669299828322e+03
5.170000000000000000e+02 3.500650423176296954e+03
5.180000000000000000e+02 3.522311724121174393e+03
5.190000000000000000e+02 3.526567280605841916e+03
5.200000000000000000e+02 3.522451982100889381e+03
5.210000000000000000e+02 3.537268058303170619e+03
5.220000000000000000e+02 3.535255886070188808e+03
5.230000000000000000e+02 3.549302956460858240e+03
5.240000000000000000e+02 3.558588562896590702e+03
5.250000000000000000e+02 3.557306228865031244e+03
5.260000000000000000e+02 3.559638239201149645e+03
5.270000000000000000e+02 3.583764243544678266e+03
5.280000000000000000e+02 3.605105027477061867e+03
5.290000000000000000e+02 3.620143855861456359e+03
5.300000000000000000e+02 3.630417465076260669e+03
5.310000000000000000e+02 3.643399748654661380e+03
5.320000000000000000e+02 3.647386697550337431e+03
5.330000000000000000e+02 3.650842674877136687e+03
5.340000000000000000e+02 3.652584371140557778e+03
5.350000000000000000e+02 3.673354555233134761e+03
5.360000000000000000e+02 3.683614299520749228e+03
5.370000000000000000e+02 3.689448549223137888e+03
5.380000000000000000e+02 3.683656233143775808e+03
5.390000000000000000e+02 3.693376202894505695e+03
5.400000000000000000e+02 3.706220912611784115e+03
5.410000000000000000e+02 3.713805136577554549e+03
5.420000000000000000e+02 3.701471341154212496e+03
5.430000000000000000e+02 3.708769262664860889e+03
5.440000000000000000e+02 3.708472931606884686e+03
5.450000000000000000e+02 3.732929847122259162e+03
5.460000000000000000e+02 3.767627506943692879e+03
5.470000000000000000e+02 3.771364215587101171e+03
5.480000000000000000e+02 3.765788718171561868e+03
5.490000000000000000e+02 3.778172038390649050e+03
5.500000000000000000e+02 3.779899514459844340e+03
5.510000000000000000e+02 3.783797267778573314e+03
5.520000000000000000e+02 3.799425128973707615e+03
5.530000000000000000e+02 3.802735758595551033e+03
5.540000000000000000e+02 3.803943033110997021e+03
5.550000000000000000e+02 3.805650297515877810e+03
5.560000000000000000e+02 3.806677156986045247e+03
5.570000000000000000e+02 3.812448911689387842e+03
5.580000000000000000e+02 3.804677320010565381e+03
5.590000000000000000e+02 3.813790717966535340e+03
5.600000000000000000e+02 3.829521922577613168e+03
5.610000000000000000e+02 3.839176241897205273e+03
5.620000000000000000e+02 3.848876266820660931e+03
5.630000000000000000e+02 3.851840012503429534e+03
5.640000000000000000e+02 3.876905866268012687e+03
5.650000000000000000e+02 3.883503369232829300e+03
5.660000000000000000e+02 3.879986044411207331e+03
5.670000000000000000e+02 3.870874679210257000e+03
5.680000000000000000e+02 3.873686658308762162e+03
5.690000000000000000e+02 3.874005563733609961e+03
5.700000000000000000e+02 3.883030894169923613e+03
5.710000000000000000e+02 3.895279115859285412e+03
5.720000000000000000e+02 3.892664621166092729e+03
5.730000000000000000e+02 3.872719715130216628e+03
5.740000000000000000e+02 3.867701938014782172e+03
5.750000000000000000e+02 3.892489225067865391e+03
5.760000000000000000e+02 3.894396768662093564e+03
5.770000000000000000e+02 3.880626729843982503e+03
5.780000000000000000e+02 3.876953365154673520e+03
5.790000000000000000e+02 3.876781701038713436e+03
5.800000000000000000e+02 3.897960083348136777e+03
5.810000000000000000e+02 3.900634278382437060e+03
5.820000000000000000e+02 3.905504049014951761e+03
5.830000000000000000e+02 3.907472802044082073e+03
5.840000000000000000e+02 3.917637510264941284e+03
5.850000000000000000e+02 3.926365298703261942e+03
5.860000000000000000e+02 3.933759380580919242e+03
5.870000000000000000e+02 3.922905061370022850e+03
5.880000000000000000e+02 3.932279698622040996e+03
5.890000000000000000e+02 3.934913121588481772e+03
5.900000000000000000e+02 3.938055198949352416e+03
5.910000000000000000e+02 3.949828668379643204e+03
5.920000000000000000e+02 3.961818793614172137e+03
5.930000000000000000e+02 3.941452228959825788e+03
5.940000000000000000e+02 3.948847938848117337e+03
5.950000000000000000e+02 3.961393170383403685e+03
5.960000000000000000e+02 3.958346977547955703e+03
5.970000000000000000e+02 3.967084112930907850e+03
5.980000000000000000e+02 3.987315250980640485e+03
5.990000000000000000e+02 3.992265699046194641e+03
6.000000000000000000e+02 4.000018042719041205e+03
6.010000000000000000e+02 4.005716461201704988e+03
6.020000000000000000e+02 4.007043583345373463e+03
6.030000000000000000e+02 4.024692332719996557e+03
6.040000000000000000e+02 4.021335031039382102e+03
6.050000000000000000e+02 4.047877715814271141e+03
6.060000000000000000e+02 4.060128093148115113e+03
6.070000000000000000e+02 4.068072760949813983e+03
6.080000000000000000e+02 4.077206261999550861e+03
6.090000000000000000e+02 4.095788146000263623e+03
6.100000000000000000e+02 4.088758318391313878e+03
6.110000000000000000e+02 4.085411878277872347e+03
6.120000000000000000e+02 4.089282353504634102e+03
6.130000000000000000e+02 4.088368819127139432e+03
6.140000000000000000e+02 4.097126164041546872e+03
6.150000000000000000e+02 4.114958959706542373e+03
6.160000000000000000e+02 4.114561750737104376e+03
6.170000000000000000e+02 4.119970963880356976e+03
6.180000000000000000e+02 4.126103913221473704e+03
6.190000000000000000e+02 4.133982466725423365e+03
6.200000000000000000e+02 4.143272307473506771e+03
6.210000000000000000e+02 4.145108270108325996e+03
6.220000000000000000e+02 4.164714694785635402e+03
6.230000000000000000e+02 4.159938121653746748e+03
6.240000000000000000e+02 4.166690875945709195e+03
6.250000000000000000e+02 4.148621022968251054e+03
6.260000000000000000e+02 4.158465362106740940e+03
6.270000000000000000e+02 4.177519649040354125e+03
6.280000000000000000e+02 4.183350020137007959e+03
6.290000000000000000e+02 4.181213855615197645e+03
6.300000000000000000e+02 4.192491527065897571e+03
6.310000000000000000e+02 4.186673637490852343e+03
6.320000000000000000e+02 4.175037810193540281e+03
6.330000000000000000e+02 4.180879427956404470e+03
6.340000000000000000e+02 4.214751974830293875e+03
6.350000000000000000e+02 4.220987245072924452e+03
6.360000000000000000e+02 4.228607908566827064e+03
6.370000000000000000e+02 4.245801325129379620e+03
6.380000000000000000e+02 4.249076586916359702e+03
6.390000000000000000e+02 4.247360915224993732e+03
6.400000000000000000e+02 4.251030955021342379e+03
6.410000000000000000e+02 4.245602118016664463e+03
6.420000000000000000e+02 4.232125664006456645e+03
6.430000000000000000e+02 4.237923869061787627e+03
6.440000000000000000e+02 4.249259761872135641e+03
6.450000000000000000e+02 4.266521239824092845e+03
6.460000000000000000e+02 4.284526332206839470e+03
6.470000000000000000e+02 4.279654145964812415e+03
6.480000000000000000e+02 4.275140594987102304e+03
6.490000000000000000e+02 4.280646565865590674e+03
6.500000000000000000e+02 4.291964859992209313e+03
6.510000000000000000e+02 4.290188159922829982e+03
6.520000000000000000e+02 4.287766411985568993e+03
6.530000000000000000e+02 4.309055330662632514e+03
6.540000000000000000e+02 4.317407655542942848e+03
6.550000000000000000e+02 4.327437012617668188e+03
6.560000000000000000e+02 4.334739031312817133e+03
6.570000000000000000e+02 4.338010390926200671e+03
6.580000000000000000e+02 4.342682120778736135e+03
6.590000000000000000e+02 4.370730076467740219e+03
6.600000000000000000e+02 4.376210818476166423e+03
6.610000000000000000e+02 4.375356890178505637e+03
6.620000000000000000e+02 4.370788301640901409e+03
6.630000000000000000e+02 4.392638769257343483e+03
6.640000000000000000e+02 4.376838969525996617e+03
6.650000000000000000e+02 4.378774114496750371e+03
6.660000000000000000e+02 4.386550733349437905e+03
6.670000000000000000e+02 4.385106023662651751e+03
6.680000000000000000e+02 4.390078916547073277e+03
6.690000000000000000e+02 4.392906121293729484e+03
6.700000000000000000e+02 4.430536110655581069e+03
6.710000000000000000e+02 4.443535661609881572e+03
6.720000000000000000e+02 4.441545484035766094e+03
6.730000000000000000e+02 4.459844264213794304e+03
6.740000000000000000e+02 4.483495748019759048e+03
6.750000000000000000e+02 4.480282698464824534e+03
6.760000000000000000e+02 4.495481354380638550e+03
6.770000000000000000e+02 4.488576389284371544e+03
6.780000000000000000e+02 4.474514460340482401e+03
6.790000000000000000e+02 4.481086021224209617e+03
6.800000000000000000e+02 4.469132149170243792e+03
6.810000000000000000e+02 4.486714562522452979e+03
6.820000000000000000e+02 4.482083718073703494e+03
6.830000000000000000e+02 4.482153697594718324e+03
6.840000000000000000e+02 4.479482227832404533e+03
6.850000000000000000e+02 4.482934971922029945e+03
6.860000000000000000e+02 4.494256461966105235e+03
6.870000000000000000e+02 4.499121993527514860e+03
6.880000000000000000e+02 4.505151473536832782e+03
6.890000000000000000e+02 4.521237113395845881e+03
6.900000000000000000e+02 4.527151640552716344e+03
6.910000000000000000e+02 4.565388603463507025e+03
6.920000000000000000e+02 4.566478916375054723e+03
6.930000000000000000e+02 4.572249502023287278e+03
6.940000000000000000e+02 4.589544246503048271e+03
6.950000000000000000e+02 4.600643107670555764e+03
6.960000000000000000e+02 4.609510247396347950e+03
6.970000000000000000e+02 4.615481844345782520e+03
6.980000000000000000e+02 4.621289978882226023e+03
6.990000000000000000e+02 4.629388280285807014e+03
7.000000000000000000e+02 4.646101959211241592e+03
7.010000000000000000e+02 4.662001921164316627e+03
7.020000000000000000e+02 4.639838735746112434e+03
7.030000000000000000e+02 4.673491905672550274e+03
7.040000000000000000e+02 4.688533610807853620e+03
7.050000000000000000e+02 4.683498357959872919e+03
7.060000000000000000e+02 4.688312043966420788e+03
7.070000000000000000e+02 4.706912367648112195e+03
7.080000000000000000e+02 4.705953662772560165e+03
7.090000000000000000e+02 4.705063197660524565e+03
7.100000000000000000e+02 4.698785035753817283e+03
7.110000000000000000e+02 4.699605427043233249e+03
7.120000000000000000e+02 4.722271681917516617e+03
7.130000000000000000e+02 4.722184611404725729e+03
7.140000000000000000e+02 4.746940759803538640e+03
7.150000000000000000e+02 4.756572750909590468e+03
7.160000000000000000e+02 4.759441692458635771e+03
7.170000000000000000e+02 4.743444254966873814e+03
7.180000000000000000e+02 4.742229020988304001e+03
7.190000000000000000e+02 4.753202574049725627e+03
7.200000000000000000e+02 4.755246372060538306e+03
7.210000000000000000e+02 4.773214216439385382e+03
7.220000000000000000e+02 4.773882523738918280e+03
7.230000000000000000e+02 4.768255336743332919e+03
7.240000000000000000e+02 4.772083183995023319e+03
7.250000000000000000e+02 4.768258314412038089e+03
7.260000000000000000e+02 4.756251741778067299e+03
7.270000000000000000e+02 4.762696784619238315e+03
7.280000000000000000e+02 4.778614107240435260e+03
7.290000000000000000e+02 4.776500744289654904e+03
7.300000000000000000e+02 4.785427192859013303e+03
7.310000000000000000e+02 4.800157747154916251e+03
7.320000000000000000e+02 4.790229961790364541e+03
7.330000000000000000e+02 4.778275960389192733e+03
7.340000000000000000e+02 4.783910826149669447e+03
7.350000000000000000e+02 4.800070864983890715e+03
7.360000000000000000e+02 4.796432927311553613e+03
7.370000000000000000e+02 4.773697087993458808e+03
7.380000000000000000e+02 4.798214960534708553e+03
7.390000000000000000e+02 4.799401932629460134e+03
7.400000000000000000e+02 4.811110034641416860e+03
7.410000000000000000e+02 4.813884495527287072e+03
7.420000000000000000e+02 4.831531797791517420e+03
7.430000000000000000e+02 4.852746666828837078e+03
7.440000000000000000e+02 4.859519594328357016e+03
7.450000000000000000e+02 4.853497946262713413e+03
7.460000000000000000e+02 4.867436732855087939e+03
7.470000000000000000e+02 4.880931387214311144e+03
7.480000000000000000e+02 4.865122960196094937e+03
7.490000000000000000e+02 4.889535129446316205e+03
7.500000000000000000e+02 4.882839644586255417e+03
7.510000000000000000e+02 4.896020367184898532e+03
7.520000000000000000e+02 4.902338553909445181e+03
7.530000000000000000e+02 4.904410970225895653e+03
7.540000000000000000e+02 4.898961247558610921e+03
7.550000000000000000e+02 4.910181285710284101e+03
7.560000000000000000e+02 4.908643799206263793e+03
7.570000000000000000e+02 4.924374891161491178e+03
7.580000000000000000e+02 4.933589064006812805e+03
7.590000000000000000e+02 4.930006986742330810e+03
7.600000000000000000e+02 4.952334215972798120e+03
7.610000000000000000e+02 4.968271334139573810e+03
7.620000000000000000e+02 4.983455078151899215e+03
7.630000000000000000e+02 4.981853252695807896e+03
7.640000000000000000e+02 4.985789687443364528e+03
7.650000000000000000e+02 4.983408519346046887e+03
7.660000000000000000e+02 4.979704498160559524e+03
7.670000000000000000e+02 5.006267518175383884e+03
7.680000000000000000e+02 5.011037843244633223e+03
7.690000000000000000e+02 4.995593383631910910e+03
7.700000000000000000e+02 5.022693314655859467e+03
7.710000000000000000e+02 5.038536170536910504e+03
7.720000000000000000e+02 5.034324834049833044e+03
7.730000000000000000e+02 5.055595182038203347e+03
7.740000000000000000e+02 5.057122526685896446e+03
7.750000000000000000e+02 5.048277503236616212e+03
7.760000000000000000e+02 5.055345735702632737e+03
7.770000000000000000e+02 5.058369809083043037e+03
7.780000000000000000e+02 5.070475171096573831e+03
7.790000000000000000e+02 5.068195213305153629e+03
7.800000000000000000e+02 5.077855882882721744e+03
7.810000000000000000e+02 5.085167528777640655e+03
7.820000000000000000e+02 5.084990886223350572e+03
7.830000000000000000e+02 5.106392020985697854e+03
7.840000000000000000e+02 5.117307304175367790e+03
7.850000000000000000e+02 5.108193404400562031e+03
7.860000000000000000e+02 5.101031771298249623e+03
7.870000000000000000e+02 5.101534261775790583e+03
7.880000000000000000e+02 5.104351470109633738e+03
7.890000000000000000e+02 5.120478926667488849e+03
7.900000000000000000e+02 5.133527606308410213e+03
7.910000000000000000e+02 5.135251647159325330e+03
7.920000000000000000e+02 5.138829469532272924e+03
7.930000000000000000e+02 5.148767886813296172e+03
7.940000000000000000e+02 5.175539944999306499e+03
7.950000000000000000e+02 5.154616340139374188e+03
7.960000000000000000e+02 5.170409496130781918e+03
7.970000000000000000e+02 5.176601708451585182e+03
7.980000000000000000e+02 5.186810716161575328e+03
7.990000000000000000e+02 5.186962495994235724e+03
8.000000000000000000e+02 5.199768519467982514e+03
8.010000000000000000e+02 5.204743824976221731e+03
8.020000000000000000e+02 5.221884438024898373e+03
8.030000000000000000e+02 5.217354452172596211e+03
8.040000000000000000e+02 5.224618626608438717e+03
8.050000000000000000e+02 5.221132106076041964e+03
8.060000000000000000e+02 5.235915517041637941e+03
8.070000000000000000e+02 5.226947245336609740e+03
8.080000000000000000e+02 5.233693476346788884e+03
8.090000000000000000e+02 5.259200987472135239e+03
8.100000000000000000e+02 5.260380840559830176e+03
8.110000000000000000e+02 5.264823256018024040e+03
8.120000000000000000e+02 5.269600538383229832e+03
8.130000000000000000e+02 5.257781527522445685e+03
8.140000000000000000e+02 5.257363786662389430e+03
8.150000000000000000e+02 5.276267247322561161e+03
8.160000000000000000e+02 5.263561244635136063e+03
8.170000000000000000e+02 5.266131929931098057e+03
8.180000000000000000e+02 5.277789612281480913e+03
8.190000000000000000e+02 5.290238629172702531e+03
8.200000000000000000e+02 5.276372472249068778e+03
8.210000000000000000e+02 5.291619834228177751e+03
8.220000000000000000e+02 5.311113527183109909e+03
8.230000000000000000e+02 5.311883969445073490e+03
8.240000000000000000e+02 5.315544813550295657e+03
8.250000000000000000e+02 5.320517110789776780e+03
8.260000000000000000e+02 5.318550255401277354e+03
8.270000000000000000e+02 5.321027870244785845e+03
8.280000000000000000e+02 5.336574137665928902e+03
8.290000000000000000e+02 5.331155274115001703e+03
8.300000000000000000e+02 5.332270619911990252e+03
8.310000000000000000e+02 5.329355379623390036e+03
8.320000000000000000e+02 5.312653508033304206e+03
8.330000000000000000e+02 5.312490715980205096e+03
8.340000000000000000e+02 5.329454308033047710e+03
8.350000000000000000e+02 5.355746844411595703e+03
8.360000000000000000e+02 5.359860776827448717e+03
8.370000000000000000e+02 5.365440237671536124e+03
8.380000000000000000e+02 5.376288441088843683e+03
8.390000000000000000e+02 5.399984758645631700e+03
8.400000000000000000e+02 5.415113574206733574e+03
8.410000000000000000e+02 5.422196955041269575e+03
8.420000000000000000e+02 5.445689464558055079e+03
8.430000000000000000e+02 5.448930739849741258e+03
8.440000000000000000e+02 5.461497497214881150e+03
8.450000000000000000e+02 5.484705114876210246e+03
8.460000000000000000e+02 5.472222524043595513e+03
8.470000000000000000e+02 5.462878111181339591e+03
8.480000000000000000e+02 5.474205756749669490e+03
8.490000000000000000e+02 5.477725915527499637e+03
8.500000000000000000e+02 5.493275213638522473e+03
8.510000000000000000e+02 5.501631879022395879e+03
8.520000000000000000e+02 5.529145128159594606e+03
8.530000000000000000e+02 5.543047982577939365e+03
8.540000000000000000e+02 5.543108763099324278e+03
8.550000000000000000e+02 5.539240092920141251e+03
8.560000000000000000e+02 5.549727655499968023e+03
8.570000000000000000e+02 5.554044908819075317e+03
8.580000000000000000e+02 5.547292599146247085e+03
8.590000000000000000e+02 5.556572288853350074e+03
8.600000000000000000e+02 5.557814550030433566e+03
8.610000000000000000e+02 5.559328944453096483e+03
8.620000000000000000e+02 5.547710334076668914e+03
8.630000000000000000e+02 5.544508029271346459e+03
8.640000000000000000e+02 5.538031450329177460e+03
8.650000000000000000e+02 5.549152490260879858e+03
8.660000000000000000e+02 5.552947953670593051e+03
8.670000000000000000e+02 5.545281531822199213e+03
8.680000000000000000e+02 5.559288241607016971e+03
8.690000000000000000e+02 5.568756217295941497e+03
8.700000000000000000e+02 5.578402953917308878e+03
8.710000000000000000e+02 5.586860009880925645e+03
8.720000000000000000e+02 5.616148151551725277e+03
8.730000000000000000e+02 5.625690825168326228e+03
8.740000000000000000e+02 5.626786534340850267e+03
8.750000000000000000e+02 5.612408422266502384e+03
8.760000000000000000e+02 5.619938881826506986e+03
8.770000000000000000e+02 5.625285505102455318e+03
8.780000000000000000e+02 5.633517827172055149e+03
8.790000000000000000e+02 5.650384737121263242e+03
8.800000000000000000e+02 5.633327941069388544e+03
8.810000000000000000e+02 5.637576437398767666e+03
8.820000000000000000e+02 5.671911927626798388e+03
8.830000000000000000e+02 5.673382858782298172e+03
8.840000000000000000e+02 5.660728870650288627e+03
8.850000000000000000e+02 5.673784107230937479e+03
8.860000000000000000e+02 5.690008823175902762e+03
8.870000000000000000e+02 5.673152351593317690e+03
8.880000000000000000e+02 5.678191304103896982e+03
8.890000000000000000e+02 5.697559069128667943e+03
8.900000000000000000e+02 5.692675490368065766e+03
8.910000000000000000e+02 5.699687103259994728e+03
8.920000000000000000e+02 5.710096823593014960e+03
8.930000000000000000e+02 5.722769167003509210e+03
8.940000000000000000e+02 5.718354698004882266e+03
8.950000000000000000e+02 5.747607784990048458e+03
8.960000000000000000e+02 5.766867112884738162e+03
8.970000000000000000e+02 5.767169610225399992e+03
8.980000000000000000e+02 5.790786559033964295e+03
8.990000000000000000e+02 5.785598972682404565e+03
9.000000000000000000e+02 5.793595137088102092e+03
9.010000000000000000e+02 5.795512330525990365e+03
9.020000000000000000e+02 5.801847600900810903e+03
9.030000000000000000e+02 5.816395506260100774e+03
9.040000000000000000e+02 5.842003335770446938e+03
9.050000000000000000e+02 5.833773697404131781e+03
9.060000000000000000e+02 5.821672066767079741e+03
9.070000000000000000e+02 5.821503875673101902e+03
9.080000000000000000e+02 5.813597277752117407e+03
9.090000000000000000e+02 5.813533559677113772e+03
9.100000000000000000e+02 5.817337789890504610e+03
9.110000000000000000e+02 5.834296341191571628e+03
9.120000000000000000e+02 5.852773783522674421e+03
9.130000000000000000e+02 5.847977553036957033e+03
9.140000000000000000e+02 5.864634049816698280e+03
9.150000000000000000e+02 5.865968958369221582e+03
9.160000000000000000e+02 5.870555426359092053e+03
9.170000000000000000e+02 5.876888640066216794e+03
9.180000000000000000e+02 5.891439739647811621e+03
9.190000000000000000e+02 5.899223700293048751e+03
9.200000000000000000e+02 5.893509485202846008e+03
9.210000000000000000e+02 5.905871047881275445e+03
9.220000000000000000e+02 5.904923643817143784e+03
9.230000000000000000e+02 5.927913224044350500e+03
9.240000000000000000e+02 5.920234961197500525e+03
9.250000000000000000e+02 5.902687713044591874e+03
9.260000000000000000e+02 5.918571489224465040e+03
9.270000000000000000e+02 5.907636164883432684e+03
9.280000000000000000e+02 5.899815005972906874e+03
9.290000000000000000e+02 5.916210468382367253e+03
9.300000000000000000e+02 5.913253773075964091e+03
9.310000000000000000e+02 5.908348240777002502e+03
9.320000000000000000e+02 5.896337078145619671e+03
9.330000000000000000e+02 5.880202414876464900e+03
9.340000000000000000e+02 5.900756644319905718e+03
9.350000000000000000e+02 5.908995411059608159e+03
9.360000000000000000e+02 5.925707309927169263e+03
9.370000000000000000e+02 5.921205153795498518e+03
9.380000000000000000e+02 5.925592995385650283e+03
9.390000000000000000e+02 5.933066419392052921e+03
9.400000000000000000e+02 5.951468724260425915e+03
9.410000000000000000e+02 5.940824492226530310e+03
9.420000000000000000e+02 5.941261576573424463e+03
9.430000000000000000e+02 5.917354802679454224e+03
9.440000000000000000e+02 5.932733055501244053e+03
9.450000000000000000e+02 5.955900772182301807e+03
9.460000000000000000e+02 5.960414120644754803e+03
9.470000000000000000e+02 5.968600818020530824e+03
9.480000000000000000e+02 5.959267451200999858e+03
9.490000000000000000e+02 5.972789188309120618e+03
9.500000000000000000e+02 5.995366162846818042e+03
9.510000000000000000e+02 6.007831312262547726e+03
9.520000000000000000e+02 6.011680234456028302e+03
9.530000000000000000e+02 6.014121164468570896e+03
9.540000000000000000e+02 6.018123646223194555e+03
9.550000000000000000e+02 5.997756035730415533e+03
9.560000000000000000e+02 5.968155554357367691e+03
9.570000000000000000e+02 5.976902327233149663e+03
9.580000000000000000e+02 5.998033012902496012e+03
9.590000000000000000e+02 6.020282670803050678e+03
9.600000000000000000e+02 6.013880214360688115e+03
9.610000000000000000e+02 5.999413846489450407e+03
9.620000000000000000e+02 6.021102496251995944e+03
9.630000000000000000e+02 6.027631230554848116e+03
9.640000000000000000e+02 6.029827476811828092e+03
9.650000000000000000e+02 6.044288651201305584e+03
9.660000000000000000e+02 6.038412586533218018e+03
9.670000000000000000e+02 6.066024273848934172e+03
9.680000000000000000e+02 6.084358153206198040e+03
9.690000000000000000e+02 6.089807331935580805e+03
9.700000000000000000e+02 6.078302670555755867e+03
9.710000000000000000e+02 6.100143666316096642e+03
9.720000000000000000e+02 6.111791290737169220e+03
9.730000000000000000e+02 6.110331620614832900e+03
9.740000000000000000e+02 6.104645846577835073e+03
9.750000000000000000e+02 6.108988212545271381e+03
9.760000000000000000e+02 6.118234449030728683e+03
9.770000000000000000e+02 6.110354809798710448e+03
9.780000000000000000e+02 6.110333588464641252e+03
9.790000000000000000e+02 6.150479238309330867e+03
9.800000000000000000e+02 6.150084361634242669e+03
9.810000000000000000e+02 6.166813957666841816e+03
9.820000000000000000e+02 6.170728605366872216e+03
9.830000000000000000e+02 6.184552576171949113e+03
9.840000000000000000e+02 6.180928175133078184e+03
9.850000000000000000e+02 6.197529191639769124e+03
9.860000000000000000e+02 6.193304089697683594e+03
9.870000000000000000e+02 6.205037894424274782e+03
9.880000000000000000e+02 6.184408717900633746e+03
9.890000000000000000e+02 6.189417145761283791e+03
9.900000000000000000e+02 6.187648218086632369e+03
9.910000000000000000e+02 6.178462613446545220e+03
9.920000000000000000e+02 6.180708635852044608e+03
9.930000000000000000e+02 6.202508837271364428e+03
9.940000000000000000e+02 6.205676268111753416e+03
9.950000000000000000e+02 6.229608226287584330e+03
9.960000000000000000e+02 6.239417721142667688e+03
9.970000000000000000e+02 6.237147429576542891e+03
9.980000000000000000e+02 6.249718685214359539e+03
9.990000000000000000e+02 6.244696628304675869e+03
1.000000000000000000e+03 6.244571695060313687e+03
1.001000000000000000e+03 6.221271567558220340e+03
1.002000000000000000e+03 6.227407887050116187e+03
1.003000000000000000e+03 6.221060074210092353e+03
1.004000000000000000e+03 6.237694442015368622e+03
1.005000000000000000e+03 6.256217308260459504e+03
1.006000000000000000e+03 6.248816996822625697e+03
1.007000000000000000e+03 6.242581597636371043e+03
1.008000000000000000e+03 6.259698133637523824e+03
1.009000000000000000e+03 6.265260558546247921e+03
1.010000000000000000e+03 6.290240833493721766e+03
1.011000000000000000e+03 6.280704163736847477e+03
1.012000000000000000e+03 6.302496372138067272e+03
1.013000000000000000e+03 6.295692828391600415e+03
1.014000000000000000e+03 6.284026751322046948e+03
1.015000000000000000e+03 6.289578223293586234e+03
1.016000000000000000e+03 6.297188479708251180e+03
1.017000000000000000e+03 6.308521599070222692e+03
1.018000000000000000e+03 6.337035769421728219e+03
1.019000000000000000e+03 6.340318065641383328e+03
1.020000000000000000e+03 6.308236358553355785e+03
1.021000000000000000e+03 6.316703041157546977e+03
1.022000000000000000e+03 6.332873246473836844e+03
1.023000000000000000e+03 6.343477244925254126e+03
1.024000000000000000e+03 6.346451930820128837e+03
1.025000000000000000e+03 6.342198438551762592e+03
1.026000000000000000e+03 6.345401651659878553e+03
1.027000000000000000e+03 6.354207586537747375e+03
1.028000000000000000e+03 6.400966226192345857e+03
1.029000000000000000e+03 6.410747021693836359e+03
1.030000000000000000e+03 6.409480432249009027e+03
1.031000000000000000e+03 6.410844578504547826e+03
1.032000000000000000e+03 6.398064728812880276e+03
1.033000000000000000e+03 6.394450364133840594e+03
1.034000000000000000e+03 6.397426318651548172e+03
1.035000000000000000e+03 6.428248284577884078e+03
1.036000000000000000e+03 6.411277168169924153e+03
1.037000000000000000e+03 6.417222030784624621e+03
1.038000000000000000e+03 6.418146203192224675e+03
1.039000000000000000e+03 6.409531004946875328e+03
1.040000000000000000e+03 6.405757117875587028e+03
1.041000000000000000e+03 6.396102732037883470e+03
1.042000000000000000e+03 6.395930624419998821e+03
1.043000000000000000e+03 6.419110475892421164e+03
1.044000000000000000e+03 6.428910289003154503e+03
1.045000000000000000e+03 6.422953548683294684e+03
1.046000000000000000e+03 6.423895985817329347e+03
1.047000000000000000e+03 6.432514528417372276e+03
1.048000000000000000e+03 6.446191274220153900e+03
1.049000000000000000e+03 6.462467796996163088e+03
1.050000000000000000e+03 6.469778819121343076e+03
1.051000000000000000e+03 6.453965573858469725e+03
1.052000000000000000e+03 6.487798318393907721e+03
1.053000000000000000e+03 6.500770141532054367e+03
1.054000000000000000e+03 6.503056141699765249e+03
1.055000000000000000e+03 6.505016522602042642e+03
1.056000000000000000e+03 6.491512955992564457e+03
1.057000000000000000e+03 6.512155596410298131e+03
1.058000000000000000e+03 6.530282202076158683e+03
1.059000000000000000e+03 6.527952520251466012e+03
1.060000000000000000e+03 6.515682987373259493e+03
1.061000000000000000e+03 6.519948819883058604e+03
1.062000000000000000e+03 6.514340360839701134e+03
1.063000000000000000e+03 6.516095266105889095e+03
1.064000000000000000e+03 6.517864616817751084e+03
1.065000000000000000e+03 6.528696962431043175e+03
1.066000000000000000e+03 6.522845591261402660e+03
1.067000000000000000e+03 6.532390878129986049e+03
1.068000000000000000e+03 6.540314303257691790e+03
1.069000000000000000e+03 6.549934750041526968e+03
1.070000000000000000e+03 6.567882268354360349e+03
1.071000000000000000e+03 6.560643127158573407e+03
1.072000000000000000e+03 6.548429594184545749e+03
1.073000000000000000e+03 6.543455581193893522e+03
1.074000000000000000e+03 6.538773393909065817e+03
1.075000000000000000e+03 6.531602098284134627e+03
1.076000000000000000e+03 6.546064092771139258e+03
1.077000000000000000e+03 6.556311148582343776e+03
1.078000000000000000e+03 6.582900779531561057e+03
1.079000000000000000e+03 6.567013392144888712e+03
1.080000000000000000e+03 6.575237052067439436e+03
1.081000000000000000e+03 6.569799797690203377e+03
1.082000000000000000e+03 6.548548416480801279e+03
1.083000000000000000e+03 6.562224630020577933e+03
1.084000000000000000e+03 6.573037705522365286e+03
1.085000000000000000e+03 6.608487666797118436e+03
1.086000000000000000e+03 6.599587711031111212e+03
1.087000000000000000e+03 6.622893599084973175e+03
1.088000000000000000e+03 6.621709428265613496e+03
1.089000000000000000e+03 6.629583452748798663e+03
1.090000000000000000e+03 6.599208110010220480e+03
1.091000000000000000e+03 6.616164317158609265e+03
1.092000000000000000e+03 6.608479112538074332e+03
1.093000000000000000e+03 6.608677321151559227e+03
1.094000000000000000e+03 6.592520378214197990e+03
1.095000000000000000e+03 6.605494877167541745e+03
1.096000000000000000e+03 6.608660000254169972e+03
1.097000000000000000e+03 6.615995380569703229e+03
1.098000000000000000e+03 6.603908115693206128e+03
1.099000000000000000e+03 6.618592508446507964e+03
1.100000000000000000e+03 6.637853890920833692e+03
1.101000000000000000e+03 6.633696503408657918e+03
1.102000000000000000e+03 6.639198691717047950e+03
1.103000000000000000e+03 6.648201510064141075e+03
1.104000000000000000e+03 6.657733438300375383e+03
1.105000000000000000e+03 6.668779984102691742e+03
1.106000000000000000e+03 6.671545214134159323e+03
1.107000000000000000e+03 6.666928695536102168e+03
1.108000000000000000e+03 6.684878787239566009e+03
1.109000000000000000e+03 6.702368927607879414e+03
1.110000000000000000e+03 6.715306826356337297e+03
1.111000000000000000e+03 6.722399535890605875e+03
1.112000000000000000e+03 6.742498520517089673e+03
1.113000000000000000e+03 6.743091680390953115e+03
1.114000000000000000e+03 6.723696377604818736e+03
1.115000000000000000e+03 6.731358388200564150e+03
1.116000000000000000e+03 6.730238573063023978e+03
1.117000000000000000e+03 6.744162690745852160e+03
1.118000000000000000e+03 6.761538938945567679e+03
1.119000000000000000e+03 6.778446126243999061e+03
1.120000000000000000e+03 6.776216173547632934e+03
1.121000000000000000e+03 6.767048363291093665e+03
1.122000000000000000e+03 6.771784383077353596e+03
1.123000000000000000e+03 6.763277308252228067e+03
1.124000000000000000e+03 6.807457295189456090e+03
1.125000000000000000e+03 6.806880554359377129e+03
1.126000000000000000e+03 6.817290880804382141e+03
1.127000000000000000e+03 6.840421026948171857e+03
1.128000000000000000e+03 6.834217657033796058e+03
1.129000000000000000e+03 6.853126260266620193e+03
1.130000000000000000e+03 6.851334343973740943e+03
1.131000000000000000e+03 6.864770736703012517e+03
1.132000000000000000e+03 6.856576236526745561e+03
1.133000000000000000e+03 6.880844091429048603e+03
1.134000000000000000e+03 6.863975884925153878e+03
1.135000000000000000e+03 6.838213141172425821e+03
1.136000000000000000e+03 6.856426103818195770e+03
1.137000000000000000e+03 6.849098436443194259e+03
1.138000000000000000e+03 6.834595566846112888e+03
1.139000000000000000e+03 6.840889791052264627e+03
1.140000000000000000e+03 6.845500411908257774e+03
1.141000000000000000e+03 6.842168858777222340e+03
1.142000000000000000e+03 6.847448122837596202e+03
1.143000000000000000e+03 6.855251653514688769e+03
1.144000000000000000e+03 6.881290393575435701e+03
1.145000000000000000e+03 6.885533311840676106e+03
1.146000000000000000e+03 6.879400743325567419e+03
1.147000000000000000e+03 6.881544547414689987e+03
1.148000000000000000e+03 6.894446359042158292e+03
1.149000000000000000e+03 6.910660732746369831e+03
1.150000000000000000e+03 6.919544259817846978e+03
1.151000000000000000e+03 6.938224942089634169e+03
1.152000000000000000e+03 6.957428251593394634e+03
1.153000000000000000e+03 6.967069359273672490e+03
1.154000000000000000e+03 6.963379484304749894e+03
1.155000000000000000e+03 6.949679732289187086e+03
1.156000000000000000e+03 6.957116828215228452e+03
1.157000000000000000e+03 6.972154385775291303e+03
1.158000000000000000e+03 6.960251896483366181e+03
1.159000000000000000e+03 6.962018308423054805e+03
1.160000000000000000e+03 6.959721964070659851e+03
1.161000000000000000e+03 6.952499682290141209e+03
1.162000000000000000e+03 6.974799832808148494e+03
1.163000000000000000e+03 6.968192409139498523e+03
1.164000000000000000e+03 6.998223973401494732e+03
1.165000000000000000e+03 7.007950587630382870e+03
1.166000000000000000e+03 7.004981458147964986e+03
1.167000000000000000e+03 7.012408084859150222e+03
1.168000000000000000e+03 7.018709032921147809e+03
1.169000000000000000e+03 7.018275699727715619e+03
1.170000000000000000e+03 7.021705267847873074e+03
1.171000000000000000e+03 7.014591662566108425e+03
1.172000000000000000e+03 7.018989217708145588e+03
1.173000000000000000e+03 7.016099217467242852e+03
1.174000000000000000e+03 7.019068805690582849e+03
1.175000000000000000e+03 7.005385039245659755e+03
1.176000000000000000e+03 7.016191241617387277e+03
1.177000000000000000e+03 7.023970017373942937e+03
1.178000000000000000e+03 7.003897972461207246e+03
1.179000000000000000e+03 6.986672444645640098e+03
1.180000000000000000e+03 6.975557875825467818e+03
1.181000000000000000e+03 6.978156005627438390e+03
1.182000000000000000e+03 6.993231413051201343e+03
1.183000000000000000e+03 7.027529065318012726e+03
1.184000000000000000e+03 7.029749540065699875e+03
1.185000000000000000e+03 7.018044061436190532e+03
1.186000000000000000e+03 7.047884017012826916e+03
1.187000000000000000e+03 7.043743938099441948e+03
1.188000000000000000e+03 7.043773159436628703e+03
1.189000000000000000e+03 7.051491686227463106e+03
1.190000000000000000e+03 7.053624914385091870e+03
1.191000000000000000e+03 7.049379582921735164e+03
1.192000000000000000e+03 7.069373145079935966e+03
1.193000000000000000e+03 7.090484585565862290e+03
1.194000000000000000e+03 7.101900459491175752e+03
1.195000000000000000e+03 7.106977011564483291e+03
1.196000000000000000e+03 7.099073139340986017e+03
1.197000000000000000e+03 7.133311127267154006e+03
1.198000000000000000e+03 7.151282750207809841e+03
1.199000000000000000e+03 7.153284379974487820e+03
1.200000000000000000e+03 7.155512916587838845e+03
1.201000000000000000e+03 7.146949541231158037e+03
1.202000000000000000e+03 7.174287253305723425e+03
1.203000000000000000e+03 7.170868756273458530e+03
1.204000000000000000e+03 7.184018097430387570e+03
1.205000000000000000e+03 7.178901040036726954e+03
1.206000000000000000e+03 7.195337865054141730e+03
1.207000000000000000e+03 7.174961141650946956e+03
1.208000000000000000e+03 7.171394655825231894e+03
1.209000000000000000e+03 7.207777093549811070e+03
1.210000000000000000e+03 7.215486929639596383e+03
1.211000000000000000e+03 7.202049250051522904e+03
1.212000000000000000e+03 7.197775794479857723e+03
1.213000000000000000e+03 7.213269084850919171e+03
1.214000000000000000e+03 7.224803578993876727e+03
1.215000000000000000e+03 7.230041920715662854e+03
1.216000000000000000e+03 7.215983374309714236e+03
1.217000000000000000e+03 7.239536030542353728e+03
1.218000000000000000e+03 7.247280960802534537e+03
1.219000000000000000e+03 7.251802470212070148e+03
1.220000000000000000e+03 7.267075664205631256e+03
1.221000000000000000e+03 7.262575417644487061e+03
1.222000000000000000e+03 7.266209377074843360e+03
1.223000000000000000e+03 7.281120532016169818e+03
1.224000000000000000e+03 7.278876254479306226e+03
1.225000000000000000e+03 7.265347671038897715e+03
1.226000000000000000e+03 7.254570873403432415e+03
1.227000000000000000e+03 7.269543110026477734e+03
1.228000000000000000e+03 7.257392659435625319e+03
1.229000000000000000e+03 7.243807725012676201e+03
1.230000000000000000e+03 7.259297167592221740e+03
1.231000000000000000e+03 7.268991161126656152e+03
1.232000000000000000e+03 7.292016423991972260e+03
1.233000000000000000e+03 7.285846437512826014e+03
1.234000000000000000e+03 7.285926566199113950e+03
1.235000000000000000e+03 7.303209121411732667e+03
1.236000000000000000e+03 7.286457229313171410e+03
1.237000000000000000e+03 7.281203775621815112e+03
1.238000000000000000e+03 7.284926583571837000e+03
1.239000000000000000e+03 7.288738033850569082e+03
1.240000000000000000e+03 7.298274657056303113e+03
1.241000000000000000e+03 7.289740135465901403e+03
1.242000000000000000e+03 7.290166652707648609e+03
1.243000000000000000e+03 7.277917473872972550e+03
1.244000000000000000e+03 7.300134061939528692e+03
1.245000000000000000e+03 7.358280313883768031e+03
1.246000000000000000e+03 7.359363398838149806e+03
1.247000000000000000e+03 7.372344400427281471e+03
1.248000000000000000e+03 7.380091561613950944e+03
1.249000000000000000e+03 7.408100565866567194e+03
1.250000000000000000e+03 7.423226990942963312e+03
1.251000000000000000e+03 7.443184857487282898e+03
1.252000000000000000e+03 7.442899853732896190e+03
1.253000000000000000e+03 7.455865915629115079e+03
1.254000000000000000e+03 7.472764769736835660e+03
1.255000000000000000e+03 7.474712351973605109e+03
1.256000000000000000e+03 7.492546505305434948e+03
1.257000000000000000e+03 7.494550130062832068e+03
1.258000000000000000e+03 7.506943091167769126e+03
1.259000000000000000e+03 7.494208970009457516e+03
1.260000000000000000e+03 7.501240998672405112e+03
1.261000000000000000e+03 7.509450026970768704e+03
1.262000000000000000e+03 7.541537065801267090e+03
1.263000000000000000e+03 7.521233851754871466e+03
1.264000000000000000e+03 7.521382147141854148e+03
1.265000000000000000e+03 7.517493221902640471e+03
1.266000000000000000e+03 7.496923549672205809e+03
1.267000000000000000e+03 7.506372689758090928e+03
1.268000000000000000e+03 7.507201780745581345e+03
1.269000000000000000e+03 7.514369693596404431e+03
1.270000000000000000e+03 7.519976454646596721e+03
1.271000000000000000e+03 7.523557248413800153e+03
1.272000000000000000e+03 7.546618508074326201e+03
1.273000000000000000e+03 7.547001301381334088e+03
1.274000000000000000e+03 7.551243412564763275e+03
1.275000000000000000e+03 7.564611612571528894e+03
1.276000000000000000e+03 7.555224719318502139e+03
1.277000000000000000e+03 7.551616651770584212e+03
1.278000000000000000e+03 7.549324591270975361e+03
1.279000000000000000e+03 7.552608444378966851e+03
1.280000000000000000e+03 7.572159703438485849e+03
1.281000000000000000e+03 7.603082374855526723e+03
1.282000000000000000e+03 7.616323773342529421e+03
1.283000000000000000e+03 7.629971212198182002e+03
1.284000000000000000e+03 7.639541562994489141e+03
1.285000000000000000e+03 7.636388712957807911e+03
1.286000000000000000e+03 7.632434895157551182e+03
1.287000000000000000e+03 7.652215489885781608e+03
1.288000000000000000e+03 7.651062824426456245e+03
1.289000000000000000e+03 7.670700480566632905e+03
1.290000000000000000e+03 7.679393652447449313e+03
1.291000000000000000e+03 7.669154453547876983e+03
1.292000000000000000e+03 7.680579036719919714e+03
1.293000000000000000e+03 7.697655409016974772e+03
1.294000000000000000e+03 7.698139575847760170e+03
1.295000000000000000e+03 7.711816106866406699e+03
1.296000000000000000e+03 7.705197113299534976e+03
1.297000000000000000e+03 7.695070861220429833e+03
1.298000000000000000e+03 7.693063363511872012e+03
1.299000000000000000e+03 7.713978330576848748e+03
1.300000000000000000e+03 7.723624342551193877e+03
1.301000000000000000e+03 7.718048134083558580e+03
1.302000000000000000e+03 7.702502205978565144e+03
1.303000000000000000e+03 7.699038107852487883e+03
1.304000000000000000e+03 7.705002645557927281e+03
1.305000000000000000e+03 7.713545020630921499e+03
1.306000000000000000e+03 7.705539048857503985e+03
1.307000000000000000e+03 7.727848031407808776e+03
1.308000000000000000e+03 7.726687742985197474e+03
1.309000000000000000e+03 7.721097351230646382e+03
1.310000000000000000e+03 7.716001570034936776e+03
1.311000000000000000e+03 7.715335283003567383e+03
1.312000000000000000e+03 7.721652623949388726e+03
1.313000000000000000e+03 7.724529905930918176e+03
1.314000000000000000e+03 7.715215087422406214e+03
1.315000000000000000e+03 7.739230777803264573e+03
1.316000000000000000e+03 7.759310934867609831e+03
1.317000000000000000e+03 7.752937076405982225e+03
1.318000000000000000e+03 7.758206238332174507e+03
1.319000000000000000e+03 7.763725705411234230e+03
1.320000000000000000e+03 7.746094163698593547e+03
1.321000000000000000e+03 7.763274626342144074e+03
1.322000000000000000e+03 7.773589511199377739e+03
1.323000000000000000e+03 7.784480777160444632e+03
1.324000000000000000e+03 7.799344959189752444e+03
1.325000000000000000e+03 7.798290661048517904e+03
1.326000000000000000e+03 7.780467587629012087e+03
1.327000000000000000e+03 7.770354905836118633e+03
1.328000000000000000e+03 7.775663011060739336e+03
1.329000000000000000e+03 7.772673592291502246e+03
1.330000000000000000e+03 7.788334150179885910e+03
1.331000000000000000e+03 7.773536415625366317e+03
1.332000000000000000e+03 7.774384283698180298e+03
1.333000000000000000e+03 7.753707979244954913e+03
1.334000000000000000e+03 7.768764464172509179e+03
1.335000000000000000e+03 7.753432924866229769e+03
1.336000000000000000e+03 7.767821785523096878e+03
1.337000000000000000e+03 7.791908302716250546e+03
1.338000000000000000e+03 7.817657530953989408e+03
1.339000000000000000e+03 7.834249213307397440e+03
1.340000000000000000e+03 7.855171723972443033e+03
1.341000000000000000e+03 7.860117878455927894e+03
1.342000000000000000e+03 7.865736675340005604e+03
1.343000000000000000e+03 7.856243801888401322e+03
1.344000000000000000e+03 7.873239967646024525e+03
1.345000000000000000e+03 7.871047693734759378e+03
1.346000000000000000e+03 7.868867730522988495e+03
1.347000000000000000e+03 7.858653790136293537e+03
1.348000000000000000e+03 7.861780434846560638e+03
1.349000000000000000e+03 7.861646339511010410e+03
1.350000000000000000e+03 7.872924610889872383e+03
1.351000000000000000e+03 7.889571552896987669e+03
1.352000000000000000e+03 7.897122678635988450e+03
1.353000000000000000e+03 7.894901981682888618e+03
1.354000000000000000e+03 7.897895919090521602e+03
1.355000000000000000e+03 7.908934055472655928e+03
1.356000000000000000e+03 7.959975684132878996e+03
1.357000000000000000e+03 7.967275234807074412e+03
1.358000000000000000e+03 7.966614669294759551e+03
1.359000000000000000e+03 7.989005325522402927e+03
1.360000000000000000e+03 7.982881671601915514e+03
1.361000000000000000e+03 7.973049321222494655e+03
1.362000000000000000e+03 7.964265400431322632e+03
1.363000000000000000e+03 7.968764662825023152e+03
1.364000000000000000e+03 7.969742014666362593e+03
1.365000000000000000e+03 7.995814089754609086e+03
1.366000000000000000e+03 8.006976322845061077e+03
1.367000000000000000e+03 8.037245250468172344e+03
1.368000000000000000e+03 8.007894693536525665e+03
1.369000000000000000e+03 7.996556608533847793e+03
1.370000000000000000e+03 7.995446676219428809e+03
1.371000000000000000e+03 7.975541505621157739e+03
1.372000000000000000e+03 8.004977285939353351e+03
1.373000000000000000e+03 8.012469533700244028e+03
1.374000000000000000e+03 8.007616368840454925e+03
1.375000000000000000e+03 8.021673540552429586e+03
1.376000000000000000e+03 8.038374667787056751e+03
1.377000000000000000e+03 8.068370086106014242e+03
1.378000000000000000e+03 8.065253629396918768e+03
1.379000000000000000e+03 8.083756003864929880e+03
1.380000000000000000e+03 8.097823819708549308e+03
1.381000000000000000e+03 8.089827583656157003e+03
1.382000000000000000e+03 8.103528336818061689e+03
1.383000000000000000e+03 8.088399986555308715e+03
1.384000000000000000e+03 8.086078319237890355e+03
1.385000000000000000e+03 8.121591979508149961e+03
1.386000000000000000e+03 8.131809143562220015e+03
1.387000000000000000e+03 8.117720940086520386e+03
1.388000000000000000e+03 8.115801963334732136e+03
1.389000000000000000e+03 8.129373747179093698e+03
1.390000000000000000e+03 8.132112226919507521e+03
1.391000000000000000e+03 8.155270445460297196e+03
1.392000000000000000e+03 8.145677702854020026e+03
1.393000000000000000e+03 8.151041012533375579e+03
1.394000000000000000e+03 8.154217904524693949e+03
1.395000000000000000e+03 8.181814298377150408e+03
1.396000000000000000e+03 8.212529494119244191e+03
1.397000000000000000e+03 8.209399436974119453e+03
1.398000000000000000e+03 8.221465710059350386e+03
1.399000000000000000e+03 8.222114384128455640e+03
1.400000000000000000e+03 8.253173895115663981e+03
1.401000000000000000e+03 8.251753978494947660e+03
1.402000000000000000e+03 8.256512751274392940e+03
1.403000000000000000e+03 8.272314015478643341e+03
1.404000000000000000e+03 8.282888041894799244e+03
1.405000000000000000e+03 8.296442164361034884e+03
1.406000000000000000e+03 8.270233333371112167e+03
1.407000000000000000e+03 8.251217967598769974e+03
1.408000000000000000e+03 8.239128628912536442e+03
1.409000000000000000e+03 8.251451108998840937e+03
1.410000000000000000e+03 8.268937142295562808e+03
1.411000000000000000e+03 8.255100342443551199e+03
1.412000000000000000e+03 8.244508856634909534e+03
1.413000000000000000e+03 8.244785271569226097e+03
1.414000000000000000e+03 8.239748735622935783e+03
1.415000000000000000e+03 8.236270918056636219e+03
1.416000000000000000e+03 8.232161242794669306e+03
1.417000000000000000e+03 8.238903575320411619e+03
1.418000000000000000e+03 8.257885763230275188e+03
1.419000000000000000e+03 8.263097041555869509e+03
1.420000000000000000e+03 8.268613869177970628e+03
1.421000000000000000e+03 8.272491172856698540e+03
1.422000000000000000e+03 8.268259811690000788e+03
1.423000000000000000e+03 8.282607334700443971e+03
1.424000000000000000e+03 8.293159661764504563e+03
1.425000000000000000e+03 8.316601374524441781e+03
1.426000000000000000e+03 8.338713043556334014e+03
1.427000000000000000e+03 8.334780104615687378e+03
1.428000000000000000e+03 8.340665586234896182e+03
1.429000000000000000e+03 8.358933977186195989e+03
1.430000000000000000e+03 8.321340426571890930e+03
1.431000000000000000e+03 8.337600687080510397e+03
1.432000000000000000e+03 8.354610890125371952e+03
1.433000000000000000e+03 8.349423987617250532e+03
1.434000000000000000e+03 8.347084979214696432e+03
1.435000000000000000e+03 8.355515666916451664e+03
1.436000000000000000e+03 8.369578442823658406e+03
1.437000000000000000e+03 8.360138805221229632e+03
1.438000000000000000e+03 8.346438391532328751e+03
1.439000000000000000e+03 8.375386142381530590e+03
1.440000000000000000e+03 8.369969290143866601e+03
1.441000000000000000e+03 8.396504235180585965e+03
1.442000000000000000e+03 8.392991475884226020e+03
1.443000000000000000e+03 8.390589732722999543e+03
1.444000000000000000e+03 8.404817967029663123e+03
1.445000000000000000e+03 8.406655202976753571e+03
1.446000000000000000e+03 8.419142530683162477e+03
1.447000000000000000e+03 8.414540233626234112e+03
1.448000000000000000e+03 8.404968803957326600e+03
1.449000000000000000e+03 8.427952736582217767e+03
1.450000000000000000e+03 8.431458190495939562e+03
1.451000000000000000e+03 8.460203984020436110e+03
1.452000000000000000e+03 8.434849827332182031e+03
1.453000000000000000e+03 8.435140092768950126e+03
1.454000000000000000e+03 8.425555545018767589e+03
1.455000000000000000e+03 8.440329527489084285e+03
1.456000000000000000e+03 8.473803661208810809e+03
1.457000000000000000e+03 8.489999286644680978e+03
1.458000000000000000e+03 8.499416661465100333e+03
1.459000000000000000e+03 8.501770142049279457e+03
1.460000000000000000e+03 8.520256592763151275e+03
1.461000000000000000e+03 8.544226389917943379e+03
1.462000000000000000e+03 8.535587094854021416e+03
1.463000000000000000e+03 8.537420649561414393e+03
1.464000000000000000e+03 8.553401525408540692e+03
1.465000000000000000e+03 8.558610757024176564e+03
1.466000000000000000e+03 8.575725169623945476e+03
1.467000000000000000e+03 8.574598482046952995e+03
1.468000000000000000e+03 8.609181768225216729e+03
1.469000000000000000e+03 8.599897530341258971e+03
1.470000000000000000e+03 8.613886298511966743e+03
1.471000000000000000e+03 8.623824527479810058e+03
1.472000000000000000e+03 8.628498211158959748e+03
1.473000000000000000e+03 8.636187862083332220e+03
1.474000000000000000e+03 8.641896316836411643e+03
1.475000000000000000e+03 8.639636157517439642e+03
1.476000000000000000e+03 8.649490071274447473e+03
1.477000000000000000e+03 8.657549125688627100e+03
1.478000000000000000e+03 8.676334282398835057e+03
1.479000000000000000e+03 8.677830121723669436e+03
1.480000000000000000e+03 8.706670933753081044e+03
1.481000000000000000e+03 8.746928400873372084e+03
1.482000000000000000e+03 8.774475233208162535e+03
1.483000000000000000e+03 8.756325582828860206e+03
1.484000000000000000e+03 8.773514757566590561e+03
1.485000000000000000e+03 8.768200536692485912e+03
1.486000000000000000e+03 8.792327065247109203e+03
1.487000000000000000e+03 8.803747962992789326e+03
1.488000000000000000e+03 8.807868014794408737e+03
1.489000000000000000e+03 8.799488241896076943e+03
1.490000000000000000e+03 8.786326097417237179e+03
1.491000000000000000e+03 8.776471646862546550e+03
1.492000000000000000e+03 8.790866620627595694e+03
1.493000000000000000e+03 8.799338910573853354e+03
1.494000000000000000e+03 8.825620765055442462e+03
1.495000000000000000e+03 8.829337881993007613e+03
1.496000000000000000e+03 8.859693689330764755e+03
1.497000000000000000e+03 8.873631349071729346e+03
1.498000000000000000e+03 8.872001101891972212e+03
1.499000000000000000e+03 8.879354277958287639e+03
1.500000000000000000e+03 8.908915853204705854e+03
1.501000000000000000e+03 8.918805990504324654e+03
1.502000000000000000e+03 8.936146458379749674e+03
1.503000000000000000e+03 8.943956058462512374e+03
1.504000000000000000e+03 8.967709556933959902e+03
1.505000000000000000e+03 8.950889726994213561e+03
1.506000000000000000e+03 8.944627863489737138e+03
1.507000000000000000e+03 8.976116213954031991e+03
1.508000000000000000e+03 8.989431782018844387e+03
1.509000000000000000e+03 8.985090666768124720e+03
1.510000000000000000e+03 8.987088170843029729e+03
1.511000000000000000e+03 8.998301726029738347e+03
1.512000000000000000e+03 8.992069451579282031e+03
1.513000000000000000e+03 8.990277603163072854e+03
1.514000000000000000e+03 8.998863040033647849e+03
1.515000000000000000e+03 9.003284403305340675e+03
1.516000000000000000e+03 8.985403654531048232e+03
1.517000000000000000e+03 8.958007092888001353e+03
1.518000000000000000e+03 8.988584823848330416e+03
1.519000000000000000e+03 9.000964205648329880e+03
1.520000000000000000e+03 9.006707492585828732e+03
1.521000000000000000e+03 9.010398650592453123e+03
1.522000000000000000e+03 8.987020893682067253e+03
1.523000000000000000e+03 8.978213316168565143e+03
1.524000000000000000e+03 8.991464563448977060e+03
1.525000000000000000e+03 9.019330075655556357e+03
1.526000000000000000e+03 9.022544549306843692e+03
1.527000000000000000e+03 9.003747529699494407e+03
1.528000000000000000e+03 9.015710704844907013e+03
1.529000000000000000e+03 9.029287019283156042e+03
1.530000000000000000e+03 9.023388113327551764e+03
1.531000000000000000e+03 9.013064516781463681e+03
1.532000000000000000e+03 9.009111807372049952e+03
1.533000000000000000e+03 9.032658997467819063e+03
1.534000000000000000e+03 9.044606973323103375e+03
1.535000000000000000e+03 9.073547644759171817e+03
1.536000000000000000e+03 9.072011497532937938e+03
1.537000000000000000e+03 9.071730385543844022e+03
1.538000000000000000e+03 9.077655459823105048e+03
1.539000000000000000e+03 9.102019778538266110e+03
1.540000000000000000e+03 9.112229820887992901e+03
1.541000000000000000e+03 9.135656401512345838e+03
1.542000000000000000e+03 9.128990691972598142e+03
1.543000000000000000e+03 9.110206425490558104e+03
1.544000000000000000e+03 9.125765963784439009e+03
1.545000000000000000e+03 9.122669414913492801e+03
1.546000000000000000e+03 9.155154915936382167e+03
1.547000000000000000e+03 9.176988915863177681e+03
1.548000000000000000e+03 9.166903380281921272e+03
1.549000000000000000e+03 9.189160480861968608e+03
1.550000000000000000e+03 9.173487901531547323e+03
1.551000000000000000e+03 9.162498081812875171e+03
1.552000000000000000e+03 9.159650423582486837e+03
1.553000000000000000e+03 9.181013636270941788e+03
1.554000000000000000e+03 9.189404408573096589e+03
1.555000000000000000e+03 9.200458218760973978e+03
1.556000000000000000e+03 9.244498004751552799e+03
1.557000000000000000e+03 9.251977155014041273e+03
1.558000000000000000e+03 9.264493319406738010e+03
1.559000000000000000e+03 9.273246351495125054e+03
1.560000000000000000e+03 9.252633080624727882e+03
1.561000000000000000e+03 9.267508288622248074e+03
1.562000000000000000e+03 9.294627041342757366e+03
1.563000000000000000e+03 9.326426759617135758e+03
1.564000000000000000e+03 9.337926882969284634e+03
1.565000000000000000e+03 9.344175701654754448e+03
1.566000000000000000e+03 9.372122888557656552e+03
1.567000000000000000e+03 9.365101303478697446e+03
1.568000000000000000e+03 9.379955802794673218e+03
1.569000000000000000e+03 9.400740640739231821e+03
1.570000000000000000e+03 9.405518259221913468e+03
1.571000000000000000e+03 9.398495257202144785e+03
1.572000000000000000e+03 9.422049100339349025e+03
1.573000000000000000e+03 9.408435381213686924e+03
1.574000000000000000e+03 9.399230463574293026e+03
1.575000000000000000e+03 9.432754702501539214e+03
1.576000000000000000e+03 9.426969745868527752e+03
1.577000000000000000e+03 9.412659965921740877e+03
1.578000000000000000e+03 9.433426572880429376e+03
1.579000000000000000e+03 9.461771589104540908e+03
1.580000000000000000e+03 9.469159458907037333e+03
1.581000000000000000e+03 9.451667146101701292e+03
1.582000000000000000e+03 9.438981600851673647e+03
1.583000000000000000e+03 9.457452026592136463e+03
1.584000000000000000e+03 9.472675613781633729e+03
1.585000000000000000e+03 9.474625964836681305e+03
1.586000000000000000e+03 9.482671045140068600e+03
1.587000000000000000e+03 9.476376984354285014e+03
1.588000000000000000e+03 9.493310263572449912e+03
1.589000000000000000e+03 9.485777897812411538e+03
1.590000000000000000e+03 9.506674748646182707e+03
1.591000000000000000e+03 9.501876354705331323e+03
1.592000000000000000e+03 9.508110718729354630e+03
1.593000000000000000e+03 9.489854072331789212e+03
1.594000000000000000e+03 9.500272027340861314e+03
1.595000000000000000e+03 9.515781929520700942e+03
1.596000000000000000e+03 9.543210744776477441e+03
1.597000000000000000e+03 9.524776359998035332e+03
1.598000000000000000e+03 9.517538062065428676e+03
1.599000000000000000e+03 9.535414730603361022e+03
1.600000000000000000e+03 9.524098206246415430e+03
1.601000000000000000e+03 9.511683039964324053e+03
1.602000000000000000e+03 9.527105476380869732e+03
1.603000000000000000e+03 9.558417227944124534e+03
1.604000000000000000e+03 9.545779183235934397e+03
1.605000000000000000e+03 9.566132066189911711e+03
1.606000000000000000e+03 9.573998934705634383e+03
1.607000000000000000e+03 9.582176518359558031e+03
1.608000000000000000e+03 9.571415323493549295e+03
1.609000000000000000e+03 9.570944087976584342e+03
1.610000000000000000e+03 9.584247921691778174e+03
1.611000000000000000e+03 9.581063512519525830e+03
1.612000000000000000e+03 9.599140722498335890e+03
1.613000000000000000e+03 9.636119745740124927e+03
1.614000000000000000e+03 9.657052096962952419e+03
1.615000000000000000e+03 9.650812296616357344e+03
1.616000000000000000e+03 9.634644491377099257e+03
1.617000000000000000e+03 9.613106724852843399e+03
1.618000000000000000e+03 9.645591925347715005e+03
1.619000000000000000e+03 9.670028604547702344e+03
1.620000000000000000e+03 9.681826241048953307e+03
1.621000000000000000e+03 9.678077573158603627e+03
1.622000000000000000e+03 9.684956080218786155e+03
1.623000000000000000e+03 9.650190128240459671e+03
1.624000000000000000e+03 9.641905576884781112e+03
1.625000000000000000e+03 9.642101810387737714e+03
1.626000000000000000e+03 9.661580390448192702e+03
1.627000000000000000e+03 9.658987323810093585e+03
1.628000000000000000e+03 9.653967503256932105e+03
1.629000000000000000e+03 9.660100388849916271e+03
1.630000000000000000e+03 9.663420570808773846e+03
1.631000000000000000e+03 9.676985727035411401e+03
1.632000000000000000e+03 9.683810299349186607e+03
1.633000000000000000e+03 9.683890552602937532e+03
1.634000000000000000e+03 9.712950374836340416e+03
1.635000000000000000e+03 9.704109767927131543e+03
1.636000000000000000e+03 9.708910560858914323e+03
1.637000000000000000e+03 9.709274180245407479e+03
1.638000000000000000e+03 9.697781225678741976e+03
1.639000000000000000e+03 9.741255204596576732e+03
1.640000000000000000e+03 9.723954986842485596e+03
1.641000000000000000e+03 9.736676836101942172e+03
1.642000000000000000e+03 9.736969072811771184e+03
1.643000000000000000e+03 9.764728398591225414e+03
1.644000000000000000e+03 9.779646117080252225e+03
1.645000000000000000e+03 9.799353009790016586e+03
1.646000000000000000e+03 9.820547300140568041e+03
1.647000000000000000e+03 9.821286234505099856e+03
1.648000000000000000e+03 9.835000155094192451e+03
1.649000000000000000e+03 9.857200094215970239e+03
1.650000000000000000e+03 9.882828372718349783e+03
1.651000000000000000e+03 9.911841730393914986e+03
1.652000000000000000e+03 9.906869305582824381e+03
1.653000000000000000e+03 9.907614553434434129e+03
1.654000000000000000e+03 9.916251415057911800e+03
1.655000000000000000e+03 9.936517721670899846e+03
1.656000000000000000e+03 9.959553792226837686e+03
1.657000000000000000e+03 9.944214576218031652e+03
1.658000000000000000e+03 9.950512183643179014e+03
1.659000000000000000e+03 9.937453370518442171e+03
1.660000000000000000e+03 9.958988740869608591e+03
1.661000000000000000e+03 9.979446963639733440e+03
1.662000000000000000e+03 9.988150919861902366e+03
1.663000000000000000e+03 9.977905708835400219e+03
1.664000000000000000e+03 9.976018843908050258e+03
1.665000000000000000e+03 1.000251761794986669e+04
1.666000000000000000e+03 9.999880371533296056e+03
1.667000000000000000e+03 1.001915689803108944e+04
1.668000000000000000e+03 1.001569682237061352e+04
1.669000000000000000e+03 1.003136822114151619e+04
1.670000000000000000e+03 1.003865872264412610e+04
1.671000000000000000e+03 1.006251953580812005e+04
1.672000000000000000e+03 1.005901311858501685e+04
1.673000000000000000e+03 1.002336852238967913e+04
1.674000000000000000e+03 1.002781689321309568e+04
1.675000000000000000e+03 1.003922294252179927e+04
1.676000000000000000e+03 1.006186513474318599e+04
1.677000000000000000e+03 1.007033463225056767e+04
1.678000000000000000e+03 1.008072029058247426e+04
1.679000000000000000e+03 1.007852422825097528e+04
1.680000000000000000e+03 1.008549841965081214e+04
1.681000000000000000e+03 1.009601030661284494e+04
1.682000000000000000e+03 1.010799170472040896e+04
1.683000000000000000e+03 1.011423186590051773e+04
1.684000000000000000e+03 1.013009005449002143e+04
1.685000000000000000e+03 1.011505978454121941e+04
1.686000000000000000e+03 1.010702084606952303e+04
1.687000000000000000e+03 1.012981840871156055e+04
1.688000000000000000e+03 1.013293687931884415e+04
1.689000000000000000e+03 1.014559521064873479e+04
1.690000000000000000e+03 1.018425532408005165e+04
1.691000000000000000e+03 1.017134416918561328e+04
1.692000000000000000e+03 1.014640301556175473e+04
1.693000000000000000e+03 1.014797329329717104e+04
1.694000000000000000e+03 1.016561336621230657e+04
1.695000000000000000e+03 1.016596690644228329e+04
1.696000000000000000e+03 1.020519262215090203e+04
1.697000000000000000e+03 1.021256619570193288e+04
1.698000000000000000e+03 1.019274019773749569e+04
1.699000000000000000e+03 1.019157604077467477e+04
1.700000000000000000e+03 1.020566778048090418e+04
1.701000000000000000e+03 1.023424177964192495e+04
1.702000000000000000e+03 1.026320678924171261e+04
1.703000000000000000e+03 1.027636356724395228e+04
1.704000000000000000e+03 1.030278882275274736e+04
1.705000000000000000e+03 1.031122347131959759e+04
1.706000000000000000e+03 1.030461887780303368e+04
1.707000000000000000e+03 1.027932996960101445e+04
1.708000000000000000e+03 1.028286935137717046e+04
1.709000000000000000e+03 1.029958241727174936e+04
1.710000000000000000e+03 1.029579442245057544e+04
1.711000000000000000e+03 1.029807026338268224e+04
1.712000000000000000e+03 1.029507590337873626e+04
1.713000000000000000e+03 1.030458756908445139e+04
1.714000000000000000e+03 1.030874818818477434e+04
1.715000000000000000e+03 1.031749326738916534e+04
1.716000000000000000e+03 1.033322580108167858e+04
1.717000000000000000e+03 1.036480122810951252e+04
1.718000000000000000e+03 1.034710940600075992e+04
1.719000000000000000e+03 1.036627860910294112e+04
1.720000000000000000e+03 1.038931778515316728e+04
1.721000000000000000e+03 1.041294397035622205e+04
1.722000000000000000e+03 1.040898724637001578e+04
1.723000000000000000e+03 1.039830004223061223e+04
1.724000000000000000e+03 1.039475218341135587e+04
1.725000000000000000e+03 1.041164004110526912e+04
1.726000000000000000e+03 1.042422022401221511e+04
1.727000000000000000e+03 1.040394559825697434e+04
1.728000000000000000e+03 1.042040029982814303e+04
1.729000000000000000e+03 1.044190950812837036e+04
1.730000000000000000e+03 1.044552848141364484e+04
1.731000000000000000e+03 1.044897048465614716e+04
1.732000000000000000e+03 1.043747338477509038e+04
1.733000000000000000e+03 1.045867058958408779e+04
1.734000000000000000e+03 1.048076680424170445e+04
1.735000000000000000e+03 1.045129022150428136e+04
1.736000000000000000e+03 1.046853720565241747e+04
1.737000000000000000e+03 1.047011788277698724e+04
1.738000000000000000e+03 1.047472534553839250e+04
1.739000000000000000e+03 1.047630312720815164e+04
1.740000000000000000e+03 1.050423775307092365e+04
1.741000000000000000e+03 1.050403340411153113e+04
1.742000000000000000e+03 1.051891026965821402e+04
1.743000000000000000e+03 1.051351136938911986e+04
1.744000000000000000e+03 1.052883493661063767e+04
1.745000000000000000e+03 1.054556343909602037e+04
1.746000000000000000e+03 1.054724623728172082e+04
1.747000000000000000e+03 1.056211985604249094e+04
1.748000000000000000e+03 1.057781573459194078e+04
1.749000000000000000e+03 1.059840588723754809e+04
1.750000000000000000e+03 1.064012104075973002e+04
1.751000000000000000e+03 1.066440314022419989e+04
1.752000000000000000e+03 1.068290562874890747e+04
1.753000000000000000e+03 1.067830615518556624e+04
1.754000000000000000e+03 1.068848108385864543e+04
1.755000000000000000e+03 1.070511114713612369e+04
1.756000000000000000e+03 1.071532411231486003e+04
1.757000000000000000e+03 1.070066496091595582e+04
1.758000000000000000e+03 1.068967075833678609e+04
1.759000000000000000e+03 1.069628055382027014e+04
1.760000000000000000e+03 1.070738027100352883e+04
1.761000000000000000e+03 1.072127031553800225e+04
1.762000000000000000e+03 1.070970933565147425e+04
1.763000000000000000e+03 1.070874487491708169e+04
1.764000000000000000e+03 1.069758569507957691e+04
1.765000000000000000e+03 1.071819623555698672e+04
1.766000000000000000e+03 1.072929875913571959e+04
1.767000000000000000e+03 1.072969478458013691e+04
1.768000000000000000e+03 1.071195566180173773e+04
1.769000000000000000e+03 1.072151924959200915e+04
1.770000000000000000e+03 1.070988067081452209e+04
1.771000000000000000e+03 1.069674752587924922e+04
1.772000000000000000e+03 1.065812525970468414e+04
1.773000000000000000e+03 1.065086020163798094e+04
1.774000000000000000e+03 1.066011749902794145e+04
1.775000000000000000e+03 1.067400612548172649e+04
1.776000000000000000e+03 1.067586735461189528e+04
1.777000000000000000e+03 1.071671443860246472e+04
1.778000000000000000e+03 1.070290068480504306e+04
1.779000000000000000e+03 1.069739770489964212e+04
1.780000000000000000e+03 1.069446709401317457e+04
1.781000000000000000e+03 1.072252110340471518e+04
1.782000000000000000e+03 1.074649505572789712e+04
1.783000000000000000e+03 1.074587229065436986e+04
1.784000000000000000e+03 1.075126821998570267e+04
1.785000000000000000e+03 1.076654696093498205e+04
1.786000000000000000e+03 1.074430254289994446e+04
1.787000000000000000e+03 1.076014545798604922e+04
1.788000000000000000e+03 1.076543740530801188e+04
1.789000000000000000e+03 1.075326921222896635e+04
1.790000000000000000e+03 1.078349280946771250e+04
1.791000000000000000e+03 1.078815552346620461e+04
1.792000000000000000e+03 1.080347907177082561e+04
1.793000000000000000e+03 1.081876718353668184e+04
1.794000000000000000e+03 1.080776244034709998e+04
1.795000000000000000e+03 1.082996893766780522e+04
1.796000000000000000e+03 1.083050153261087326e+04
1.797000000000000000e+03 1.085038825472865028e+04
1.798000000000000000e+03 1.086757429979026710e+04
1.799000000000000000e+03 1.088883800568349398e+04
1.800000000000000000e+03 1.087637127973408133e+04
1.801000000000000000e+03 1.088584896290535107e+04
1.802000000000000000e+03 1.089049832436263387e+04
1.803000000000000000e+03 1.091367448257859178e+04
1.804000000000000000e+03 1.095110444251091212e+04
1.805000000000000000e+03 1.094937273673515665e+04
1.806000000000000000e+03 1.094002695900736762e+04
1.807000000000000000e+03 1.094996412721799425e+04
1.808000000000000000e+03 1.095289633925295129e+04
1.809000000000000000e+03 1.094833962025284927e+04
1.810000000000000000e+03 1.097502445463472031e+04
1.811000000000000000e+03 1.099916201120098049e+04
1.812000000000000000e+03 1.101237661193496024e+04
1.813000000000000000e+03 1.103942469664331838e+04
1.814000000000000000e+03 1.104133974612018392e+04
1.815000000000000000e+03 1.103629767791556515e+04
1.816000000000000000e+03 1.103977222827960213e+04
1.817000000000000000e+03 1.105367879778527458e+04
1.818000000000000000e+03 1.106696780208712698e+04
1.819000000000000000e+03 1.107020754055740508e+04
1.820000000000000000e+03 1.106107877707728949e+04
1.821000000000000000e+03 1.103436976114371646e+04
1.822000000000000000e+03 1.104794411338937243e+04
1.823000000000000000e+03 1.106001063219768366e+04
1.824000000000000000e+03 1.105834775008788347e+04
1.825000000000000000e+03 1.105819947245524236e+04
1.826000000000000000e+03 1.106931187812275857e+04
1.827000000000000000e+03 1.107187280843394547e+04
1.828000000000000000e+03 1.105399537993725062e+04
1.829000000000000000e+03 1.107333549615974698e+04
1.830000000000000000e+03 1.108664069697246123e+04
1.831000000000000000e+03 1.109909084376023020e+04
1.832000000000000000e+03 1.110770856115521565e+04
1.833000000000000000e+03 1.112676765564183916e+04
1.834000000000000000e+03 1.111660333344507308e+04
1.835000000000000000e+03 1.114157774141910886e+04
1.836000000000000000e+03 1.115788276763653266e+04
1.837000000000000000e+03 1.116242434305752431e+04
1.838000000000000000e+03 1.113397530569010451e+04
1.839000000000000000e+03 1.114243291901972043e+04
1.840000000000000000e+03 1.116971203569164027e+04
1.841000000000000000e+03 1.118346488861562284e+04
1.842000000000000000e+03 1.119606606927313260e+04
1.843000000000000000e+03 1.121360990055926595e+04
1.844000000000000000e+03 1.120106111857549331e+04
1.845000000000000000e+03 1.119861587408921878e+04
1.846000000000000000e+03 1.119901979188724545e+04
1.847000000000000000e+03 1.119485204332408284e+04
1.848000000000000000e+03 1.121736673965722002e+04
1.849000000000000000e+03 1.120133592122857772e+04
1.850000000000000000e+03 1.123244548123774439e+04
1.851000000000000000e+03 1.122790026197016050e+04
1.852000000000000000e+03 1.124053397564540319e+04
1.853000000000000000e+03 1.123016523429295194e+04
1.854000000000000000e+03 1.126095672016552817e+04
1.855000000000000000e+03 1.127631944166798894e+04
1.856000000000000000e+03 1.129370533366470772e+04
1.857000000000000000e+03 1.129867654263342047e+04
1.858000000000000000e+03 1.131943441883461855e+04
1.859000000000000000e+03 1.130085995507301413e+04
1.860000000000000000e+03 1.130785947697109623e+04
1.861000000000000000e+03 1.130844488953025211e+04
1.862000000000000000e+03 1.131478740675257359e+04
1.863000000000000000e+03 1.131839861315711642e+04
1.864000000000000000e+03 1.134381357645330718e+04
1.865000000000000000e+03 1.135489148867586664e+04
1.866000000000000000e+03 1.133899215066992838e+04
1.867000000000000000e+03 1.133132924350273970e+04
1.868000000000000000e+03 1.131644101669293195e+04
1.869000000000000000e+03 1.131626805414168302e+04
1.870000000000000000e+03 1.129975179784575994e+04
1.871000000000000000e+03 1.133992365809049988e+04
1.872000000000000000e+03 1.133663410754024335e+04
1.873000000000000000e+03 1.132635520150300363e+04
1.874000000000000000e+03 1.135330308336439521e+04
1.875000000000000000e+03 1.134859203137071381e+04
1.876000000000000000e+03 1.136017027286558005e+04
1.877000000000000000e+03 1.134172289141108376e+04
1.878000000000000000e+03 1.136504714220913047e+04
1.879000000000000000e+03 1.137591723696779445e+04
1.880000000000000000e+03 1.137857637049488221e+04
1.881000000000000000e+03 1.137448012532969551e+04
1.882000000000000000e+03 1.138681530098150870e+04
1.883000000000000000e+03 1.139549421601702852e+04
1.884000000000000000e+03 1.141178963296756228e+04
1.885000000000000000e+03 1.142854269351892253e+04
1.886000000000000000e+03 1.146366160043329364e+04
1.887000000000000000e+03 1.147085209748651869e+04
1.888000000000000000e+03 1.145838214679654084e+04
1.889000000000000000e+03 1.146260201752638204e+04
1.890000000000000000e+03 1.146499755651262421e+04
1.891000000000000000e+03 1.146757512288184807e+04
1.892000000000000000e+03 1.147327856688562861e+04
1.893000000000000000e+03 1.148551100382156437e+04
1.894000000000000000e+03 1.150913451274686668e+04
1.895000000000000000e+03 1.152472613721211928e+04
1.896000000000000000e+03 1.153748715543610160e+04
1.897000000000000000e+03 1.154695740156129432e+04
1.898000000000000000e+03 1.157727600161399641e+04
1.899000000000000000e+03 1.157535578063703724e+04
1.900000000000000000e+03 1.160364001790048314e+04
1.901000000000000000e+03 1.159581281428608054e+04
1.902000000000000000e+03 1.157680768490541595e+04
1.903000000000000000e+03 1.155630124195977987e+04
1.904000000000000000e+03 1.157523044230556479e+04
1.905000000000000000e+03 1.157333553019649298e+04
1.906000000000000000e+03 1.157055059667499881e+04
1.907000000000000000e+03 1.159741424801198445e+04
1.908000000000000000e+03 1.161697368463663770e+04
1.909000000000000000e+03 1.163566924830965763e+04
1.910000000000000000e+03 1.161401187211792967e+04
1.911000000000000000e+03 1.163288415193857691e+04
1.912000000000000000e+03 1.165857636306468339e+04
1.913000000000000000e+03 1.167650781927494245e+04
1.914000000000000000e+03 1.168121585386124934e+04
1.915000000000000000e+03 1.166605765072247777e+04
1.916000000000000000e+03 1.165191303016868005e+04
1.917000000000000000e+03 1.168677512151855626e+04
1.918000000000000000e+03 1.168338443844402900e+04
1.919000000000000000e+03 1.168829571118796048e+04
1.920000000000000000e+03 1.168742633733782532e+04
1.921000000000000000e+03 1.170360764625388038e+04
1.922000000000000000e+03 1.172768747313841413e+04
1.923000000000000000e+03 1.172105795400727402e+04
1.924000000000000000e+03 1.172517042438879071e+04
1.925000000000000000e+03 1.173068433180894863e+04
1.926000000000000000e+03 1.175820853022262236e+04
1.927000000000000000e+03 1.173781769075592092e+04
1.928000000000000000e+03 1.175265176873815108e+04
1.929000000000000000e+03 1.178170251372275925e+04
1.930000000000000000e+03 1.176194880397161614e+04
1.931000000000000000e+03 1.174175885547256803e+04
1.932000000000000000e+03 1.175712423363204289e+04
1.933000000000000000e+03 1.178871267166730468e+04
1.934000000000000000e+03 1.177515329318079603e+04
1.935000000000000000e+03 1.179384178699676340e+04
1.936000000000000000e+03 1.181810825185415706e+04
1.937000000000000000e+03 1.182626309218530878e+04
1.938000000000000000e+03 1.182981713969862903e+04
1.939000000000000000e+03 1.182538537914148037e+04
1.940000000000000000e+03 1.183134001033026107e+04
1.941000000000000000e+03 1.180804759658450166e+04
1.942000000000000000e+03 1.181067671771991081e+04
1.943000000000000000e+03 1.182917495244249403e+04
1.944000000000000000e+03 1.181841473125311677e+04
1.945000000000000000e+03 1.180788885081053922e+04
1.946000000000000000e+03 1.178434233339680395e+04
1.947000000000000000e+03 1.179289245763770305e+04
1.948000000000000000e+03 1.180810173714448138e+04
1.949000000000000000e+03 1.180523485947890549e+04
1.950000000000000000e+03 1.180467084537635674e+04
1.951000000000000000e+03 1.179873896043020977e+04
1.952000000000000000e+03 1.182062528747490433e+04
1.953000000000000000e+03 1.184996910705724804e+04
1.954000000000000000e+03 1.187466825158851134e+04
1.955000000000000000e+03 1.187146085693776695e+04
1.956000000000000000e+03 1.187009329311475994e+04
1.957000000000000000e+03 1.189291444000117735e+04
1.958000000000000000e+03 1.186360436087400376e+04
1.959000000000000000e+03 1.189231767301283617e+04
1.960000000000000000e+03 1.194109871970223321e+04
1.961000000000000000e+03 1.196211459975748039e+04
1.962000000000000000e+03 1.196586792544477430e+04
1.963000000000000000e+03 1.198846695407451080e+04
1.964000000000000000e+03 1.200597002237477500e+04
1.965000000000000000e+03 1.203165584413772740e+04
1.966000000000000000e+03 1.203216161282548819e+04
1.967000000000000000e+03 1.203927496671067274e+04
1.968000000000000000e+03 1.202903891022635435e+04
1.969000000000000000e+03 1.201967287878854222e+04
1.970000000000000000e+03 1.202455636189056167e+04
1.971000000000000000e+03 1.202980848104122197e+04
1.972000000000000000e+03 1.204774824414718569e+04
1.973000000000000000e+03 1.206393692731113697e+04
1.974000000000000000e+03 1.204796989357271923e+04
1.975000000000000000e+03 1.204640310337453593e+04
1.976000000000000000e+03 1.206856770586322818e+04
1.977000000000000000e+03 1.205791660097895328e+04
1.978000000000000000e+03 1.207331349077612140e+04
1.979000000000000000e+03 1.210023388502561284e+04
1.980000000000000000e+03 1.210009891289884035e+04
1.981000000000000000e+03 1.211104321909897226e+04
1.982000000000000000e+03 1.211604764917215834e+04
1.983000000000000000e+03 1.215593514272744687e+04
1.984000000000000000e+03 1.215933423165016029e+04
1.985000000000000000e+03 1.218751704526749927e+04
1.986000000000000000e+03 1.220398864457114178e+04
1.987000000000000000e+03 1.220858522235897726e+04
1.988000000000000000e+03 1.222786038666944660e+04
1.989000000000000000e+03 1.223591213814720686e+04
1.990000000000000000e+03 1.225776726647770556e+04
1.991000000000000000e+03 1.230605874975372899e+04
1.992000000000000000e+03 1.229294845790499858e+04
1.993000000000000000e+03 1.228700981938068981e+04
1.994000000000000000e+03 1.232272323185650203e+04
1.995000000000000000e+03 1.231888266506872787e+04
1.996000000000000000e+03 1.231946456219574429e+04
1.997000000000000000e+03 1.235178542880886562e+04
1.998000000000000000e+03 1.233070472796513604e+04
1.999000000000000000e+03 1.236075172463285526e+04
2.000000000000000000e+03 1.237132061883945062e+04
2.001000000000000000e+03 1.236729268538983706e+04
2.002000000000000000e+03 1.238808435113828273e+04
2.003000000000000000e+03 1.237424973530486750e+04
2.004000000000000000e+03 1.239107058038980540e+04
2.005000000000000000e+03 1.241327919791687418e+04
2.006000000000000000e+03 1.240185258970189716e+04
2.007000000000000000e+03 1.240323708874246950e+04
2.008000000000000000e+03 1.240410000495587519e+04
2.009000000000000000e+03 1.241018173849690538e+04
2.010000000000000000e+03 1.239648929206108005e+04
2.011000000000000000e+03 1.240980428492818464e+04
2.012000000000000000e+03 1.237897550679007873e+04
2.013000000000000000e+03 1.237062923681548455e+04
2.014000000000000000e+03 1.238699082865305718e+04
2.015000000000000000e+03 1.241208756683109277e+04
2.016000000000000000e+03 1.240871399500901862e+04
2.017000000000000000e+03 1.243751346719540197e+04
2.018000000000000000e+03 1.244030596659117145e+04
2.019000000000000000e+03 1.241834812633351430e+04
2.020000000000000000e+03 1.243548991441466387e+04
2.021000000000000000e+03 1.245294367657414114e+04
2.022000000000000000e+03 1.246559917059202780e+04
2.023000000000000000e+03 1.242489278422985626e+04
2.024000000000000000e+03 1.242122899357407550e+04
2.025000000000000000e+03 1.241176544713666044e+04
2.026000000000000000e+03 1.239762891765019958e+04
2.027000000000000000e+03 1.236395215793935313e+04
2.028000000000000000e+03 1.235976636779088403e+04
2.029000000000000000e+03 1.238068800096750056e+04
2.030000000000000000e+03 1.239611838437055849e+04
2.031000000000000000e+03 1.239838695924657259e+04
2.032000000000000000e+03 1.240862513470740487e+04
2.033000000000000000e+03 1.240131717166604722e+04
2.034000000000000000e+03 1.241716757278803379e+04
2.035000000000000000e+03 1.242296813673669203e+04
2.036000000000000000e+03 1.243138182755252274e+04
2.037000000000000000e+03 1.246011436498748299e+04
2.038000000000000000e+03 1.249159001729829470e+04
2.039000000000000000e+03 1.250714156626790464e+04
2.040000000000000000e+03 1.252129574276742460e+04
2.041000000000000000e+03 1.252171374794760959e+04
2.042000000000000000e+03 1.254688962406605606e+04
2.043000000000000000e+03 1.254886219015296956e+04
2.044000000000000000e+03 1.256832981126027880e+04
2.045000000000000000e+03 1.258188234742737041e+04
2.046000000000000000e+03 1.257495754726267660e+04
2.047000000000000000e+03 1.256804282974888338e+04
2.048000000000000000e+03 1.255958746925084051e+04
2.049000000000000000e+03 1.255490547407944541e+04
2.050000000000000000e+03 1.253857852678470408e+04
2.051000000000000000e+03 1.254659269373837014e+04
2.052000000000000000e+03 1.254651527390584852e+04
2.053000000000000000e+03 1.256038614109023365e+04
2.054000000000000000e+03 1.255477848294233263e+04
2.055000000000000000e+03 1.258142556399509886e+04
2.056000000000000000e+03 1.260239438802430413e+04
2.057000000000000000e+03 1.260457107065637319e+04
2.058000000000000000e+03 1.260477059293530692e+04
2.059000000000000000e+03 1.263031086942849470e+04
2.060000000000000000e+03 1.266635866093717232e+04
2.061000000000000000e+03 1.266336590940420319e+04
2.062000000000000000e+03 1.267334420601132115e+04
2.063000000000000000e+03 1.268233067352579747e+04
2.064000000000000000e+03 1.264215673709350995e+04
2.065000000000000000e+03 1.265768959279794399e+04
2.066000000000000000e+03 1.267301317953202852e+04
2.067000000000000000e+03 1.267814387923489812e+04
2.068000000000000000e+03 1.270095246902199142e+04
2.069000000000000000e+03 1.271061097332157078e+04
2.070000000000000000e+03 1.270111011920839155e+04
2.071000000000000000e+03 1.271430371338323130e+04
2.072000000000000000e+03 1.269860897902648321e+04
2.073000000000000000e+03 1.271804328944731787e+04
2.074000000000000000e+03 1.271482692476589546e+04
2.075000000000000000e+03 1.271157828250767307e+04
2.076000000000000000e+03 1.271348591552864309e+04
2.077000000000000000e+03 1.271375606816669642e+04
2.078000000000000000e+03 1.271550146951536954e+04
2.079000000000000000e+03 1.269615048261949778e+04
2.080000000000000000e+03 1.266124068969145992e+04
2.081000000000000000e+03 1.267386462553066667e+04
2.082000000000000000e+03 1.264771341198595655e+04
2.083000000000000000e+03 1.266837431001991536e+04
2.084000000000000000e+03 1.270589337652632457e+04
2.085000000000000000e+03 1.271550253659656300e+04
2.086000000000000000e+03 1.268597169890988698e+04
2.087000000000000000e+03 1.270071973312238515e+04
2.088000000000000000e+03 1.270866444725850488e+04
2.089000000000000000e+03 1.269137482159823594e+04
2.090000000000000000e+03 1.268210152445743370e+04
2.091000000000000000e+03 1.270667558309536253e+04
2.092000000000000000e+03 1.271577237525405690e+04
2.093000000000000000e+03 1.271921609965967946e+04
2.094000000000000000e+03 1.272387984804942607e+04
2.095000000000000000e+03 1.270987881489772553e+04
2.096000000000000000e+03 1.271713976141143394e+04
2.097000000000000000e+03 1.275447730921503535e+04
2.098000000000000000e+03 1.274958393647465346e+04
2.099000000000000000e+03 1.273954614423587918e+04
2.100000000000000000e+03 1.276661019271043733e+04
2.101000000000000000e+03 1.279785997744971792e+04
2.102000000000000000e+03 1.277713851127283851e+04
2.103000000000000000e+03 1.280328256711175345e+04
2.104000000000000000e+03 1.280012293118791422e+04
2.105000000000000000e+03 1.280424830818550254e+04
2.106000000000000000e+03 1.284200207197664349e+04
2.107000000000000000e+03 1.285497623810321966e+04
2.108000000000000000e+03 1.286510190557584974e+04
2.109000000000000000e+03 1.286733584281031835e+04
2.110000000000000000e+03 1.288080224965486559e+04
2.111000000000000000e+03 1.290631858133740025e+04
2.112000000000000000e+03 1.295234217036242444e+04
2.113000000000000000e+03 1.294696548524168247e+04
2.114000000000000000e+03 1.294290165871587487e+04
2.115000000000000000e+03 1.292329685285522828e+04
2.116000000000000000e+03 1.295064992137416994e+04
2.117000000000000000e+03 1.297429014673222264e+04
2.118000000000000000e+03 1.299753781033427185e+04
2.119000000000000000e+03 1.296871076283532057e+04
2.120000000000000000e+03 1.295621147057905364e+04
2.121000000000000000e+03 1.298929590413520054e+04
2.122000000000000000e+03 1.301465685458912230e+04
2.123000000000000000e+03 1.303951392848659634e+04
2.124000000000000000e+03 1.303816423600512644e+04
2.125000000000000000e+03 1.302630749776712582e+04
2.126000000000000000e+03 1.303957888967291365e+04
2.127000000000000000e+03 1.304165304508274858e+04
2.128000000000000000e+03 1.305150358540434718e+04
2.129000000000000000e+03 1.303179736363359734e+04
2.130000000000000000e+03 1.301729718116631193e+04
2.131000000000000000e+03 1.300932138525937808e+04
2.132000000000000000e+03 1.301368131723290935e+04
2.133000000000000000e+03 1.302238137421705142e+04
2.134000000000000000e+03 1.304954399529884904e+04
2.135000000000000000e+03 1.302644084788441978e+04
2.136000000000000000e+03 1.301427039411680562e+04
2.137000000000000000e+03 1.300305832375357022e+04
2.138000000000000000e+03 1.300029542778055838e+04
2.139000000000000000e+03 1.301130133392567768e+04
2.140000000000000000e+03 1.304179970942710497e+04
2.141000000000000000e+03 1.306701474916440020e+04
2.142000000000000000e+03 1.304213091818713474e+04
2.143000000000000000e+03 1.305600731054887001e+04
2.144000000000000000e+03 1.306279364473869282e+04
2.145000000000000000e+03 1.307195285243465878e+04
2.146000000000000000e+03 1.308901271916545011e+04
2.147000000000000000e+03 1.310351876599986645e+04
2.148000000000000000e+03 1.310484847832683590e+04
2.149000000000000000e+03 1.312094313787128158e+04
2.150000000000000000e+03 1.315616993969804025e+04
2.151000000000000000e+03 1.316805314898688448e+04
2.152000000000000000e+03 1.317761410544136925e+04
2.153000000000000000e+03 1.317145646835058869e+04
2.154000000000000000e+03 1.319371616991100564e+04
2.155000000000000000e+03 1.320078270506004992e+04
2.156000000000000000e+03 1.323300221133173727e+04
2.157000000000000000e+03 1.319972837855349462e+04
2.158000000000000000e+03 1.321553700464765461e+04
2.159000000000000000e+03 1.318949460991361775e+04
2.160000000000000000e+03 1.317804107640967050e+04
2.161000000000000000e+03 1.318564315860542774e+04
2.162000000000000000e+03 1.317323645469221628e+04
2.163000000000000000e+03 1.316343006265842087e+04
2.164000000000000000e+03 1.315301851811949746e+04
2.165000000000000000e+03 1.315320108265701492e+04
2.166000000000000000e+03 1.316347231577428101e+04
2.167000000000000000e+03 1.319709398415664873e+04
2.168000000000000000e+03 1.323027962972597925e+04
2.169000000000000000e+03 1.325904084532978231e+04
2.170000000000000000e+03 1.327249141364355455e+04
2.171000000000000000e+03 1.326046230563443169e+04
2.172000000000000000e+03 1.323507771106865221e+04
2.173000000000000000e+03 1.324663197244917319e+04
2.174000000000000000e+03 1.322240751948744946e+04
2.175000000000000000e+03 1.324430152972990072e+04
2.176000000000000000e+03 1.324830832516077680e+04
2.177000000000000000e+03 1.326988521188090272e+04
2.178000000000000000e+03 1.327743909586611153e+04
2.179000000000000000e+03 1.330200114183382175e+04
2.180000000000000000e+03 1.327522183650075203e+04
2.181000000000000000e+03 1.331140537413546917e+04
2.182000000000000000e+03 1.329163783006231824e+04
2.183000000000000000e+03 1.327820629416112570e+04
2.184000000000000000e+03 1.327901038520496877e+04
2.185000000000000000e+03 1.327145260620708905e+04
2.186000000000000000e+03 1.327359667964747678e+04
2.187000000000000000e+03 1.328462977060254343e+04
2.188000000000000000e+03 1.327599641030362000e+04
2.189000000000000000e+03 1.328613657235100800e+04
2.190000000000000000e+03 1.330684318137332957e+04
2.191000000000000000e+03 1.328987973804080320e+04
2.192000000000000000e+03 1.329888113990132479e+04
2.193000000000000000e+03 1.326146244284588647e+04
2.194000000000000000e+03 1.330678699680004684e+04
2.195000000000000000e+03 1.330201559444019767e+04
2.196000000000000000e+03 1.329831905525215916e+04
2.197000000000000000e+03 1.329687862851319733e+04
2.198000000000000000e+03 1.325407668740606096e+04
2.199000000000000000e+03 1.326442892326552828e+04
2.200000000000000000e+03 1.329597482800516082e+04
2.201000000000000000e+03 1.330495587410171174e+04
2.202000000000000000e+03 1.333318896697256787e+04
2.203000000000000000e+03 1.332428963674746774e+04
2.204000000000000000e+03 1.333818352741865419e+04
2.205000000000000000e+03 1.332431713131158540e+04
2.206000000000000000e+03 1.332256255526694440e+04
2.207000000000000000e+03 1.333232484620494142e+04
2.208000000000000000e+03 1.335139848442427683e+04
2.209000000000000000e+03 1.337632546205009930e+04
2.210000000000000000e+03 1.342593236647936646e+04
2.211000000000000000e+03 1.343100671479242192e+04
2.212000000000000000e+03 1.346823257677809488e+04
2.213000000000000000e+03 1.347178002251567705e+04
2.214000000000000000e+03 1.349753590270803215e+04
2.215000000000000000e+03 1.352165585525406095e+04
2.216000000000000000e+03 1.351679214018227867e+04
2.217000000000000000e+03 1.352248874513577357e+04
2.218000000000000000e+03 1.351506439166975179e+04
2.219000000000000000e+03 1.352541584438150676e+04
2.220000000000000000e+03 1.350037603234563176e+04
2.221000000000000000e+03 1.347222017328399306e+04
2.222000000000000000e+03 1.348450280648385524e+04
2.223000000000000000e+03 1.348229827818886042e+04
2.224000000000000000e+03 1.348243211298062306e+04
2.225000000000000000e+03 1.349914053049953873e+04
2.226000000000000000e+03 1.348948664142637972e+04
2.227000000000000000e+03 1.350103370966424882e+04
2.228000000000000000e+03 1.351241730232969712e+04
2.229000000000000000e+03 1.353559413195064553e+04
2.230000000000000000e+03 1.356416456006029148e+04
2.231000000000000000e+03 1.359222622397324449e+04
2.232000000000000000e+03 1.360163410656378255e+04
2.233000000000000000e+03 1.358229981182899610e+04
2.234000000000000000e+03 1.360477184781369942e+04
2.235000000000000000e+03 1.358235620352549631e+04
2.236000000000000000e+03 1.356543533075339656e+04
2.237000000000000000e+03 1.357041098606285050e+04
2.238000000000000000e+03 1.358727839298044091e+04
2.239000000000000000e+03 1.357231889393780875e+04
2.240000000000000000e+03 1.359176520705820622e+04
2.241000000000000000e+03 1.359402240196339699e+04
2.242000000000000000e+03 1.359300451768133462e+04
2.243000000000000000e+03 1.356294127440717239e+04
2.244000000000000000e+03 1.356697375239819303e+04
2.245000000000000000e+03 1.357871578131184469e+04
2.246000000000000000e+03 1.356672004834783002e+04
2.247000000000000000e+03 1.355343949755489848e+04
2.248000000000000000e+03 1.355966593942737927e+04
2.249000000000000000e+03 1.357996512169552989e+04
2.250000000000000000e+03 1.359378834526319952e+04
2.251000000000000000e+03 1.357421365385322861e+04
2.252000000000000000e+03 1.356918754256047941e+04
2.253000000000000000e+03 1.353937658644149087e+04
2.254000000000000000e+03 1.355924084821945144e+04
2.255000000000000000e+03 1.355157593021354842e+04
2.256000000000000000e+03 1.356877741833762047e+04
2.257000000000000000e+03 1.357200532263514469e+04
2.258000000000000000e+03 1.360797562465870578e+04
2.259000000000000000e+03 1.359361766420631830e+04
2.260000000000000000e+03 1.361695320406917381e+04
2.261000000000000000e+03 1.362790767615479126e+04
2.262000000000000000e+03 1.362663579087403377e+04
2.263000000000000000e+03 1.361494293408900194e+04
2.264000000000000000e+03 1.362290195067012974e+04
2.265000000000000000e+03 1.366294341852681464e+04
2.266000000000000000e+03 1.368030859897255141e+04
2.267000000000000000e+03 1.367770309519700822e+04
2.268000000000000000e+03 1.370785819718242237e+04
2.269000000000000000e+03 1.369771445261799090e+04
2.270000000000000000e+03 1.369428138795928135e+04
2.271000000000000000e+03 1.372098601425650122e+04
2.272000000000000000e+03 1.372860524627397899e+04
2.273000000000000000e+03 1.372100533490617818e+04
2.274000000000000000e+03 1.375229504392819945e+04
2.275000000000000000e+03 1.373083324412858201e+04
2.276000000000000000e+03 1.373062796960021115e+04
2.277000000000000000e+03 1.374465311858685527e+04
2.278000000000000000e+03 1.371730424010299794e+04
2.279000000000000000e+03 1.374229081629610664e+04
2.280000000000000000e+03 1.373299738762984816e+04
2.281000000000000000e+03 1.376334210647270447e+04
2.282000000000000000e+03 1.377511102094680246e+04
2.283000000000000000e+03 1.376744725421321891e+04
2.284000000000000000e+03 1.375712184237384827e+04
2.285000000000000000e+03 1.374770561443883707e+04
2.286000000000000000e+03 1.378096739243548109e+04
2.287000000000000000e+03 1.378375713783428910e+04
2.288000000000000000e+03 1.376925675802593832e+04
2.289000000000000000e+03 1.379449808092186686e+04
2.290000000000000000e+03 1.379852836525354178e+04
2.291000000000000000e+03 1.381498115643384699e+04
2.292000000000000000e+03 1.381959623265630034e+04
2.293000000000000000e+03 1.383956456520954453e+04
2.294000000000000000e+03 1.386840233758671457e+04
2.295000000000000000e+03 1.387746935470633798e+04
2.296000000000000000e+03 1.388138761569724193e+04
2.297000000000000000e+03 1.388172170306284352e+04
2.298000000000000000e+03 1.388339234310020584e+04
2.299000000000000000e+03 1.386375085271538774e+04
2.300000000000000000e+03 1.386662670209209136e+04
2.301000000000000000e+03 1.387427893147733084e+04
2.302000000000000000e+03 1.391397638755409207e+04
2.303000000000000000e+03 1.395300288610274401e+04
2.304000000000000000e+03 1.397282950849649023e+04
2.305000000000000000e+03 1.394731589148840612e+04
2.306000000000000000e+03 1.393517144973655195e+04
2.307000000000000000e+03 1.394229557238522466e+04
2.308000000000000000e+03 1.394483993644002840e+04
2.309000000000000000e+03 1.391796062584175888e+04
2.310000000000000000e+03 1.393936757716210741e+04
2.311000000000000000e+03 1.397644351300030394e+04
2.312000000000000000e+03 1.396008105096162762e+04
2.313000000000000000e+03 1.397240632452950558e+04
2.314000000000000000e+03 1.399908166352415719e+04
2.315000000000000000e+03 1.401647702318636584e+04
2.316000000000000000e+03 1.401556530236266008e+04
2.317000000000000000e+03 1.402667294224510260e+04
2.318000000000000000e+03 1.403274888090766581e+04
2.319000000000000000e+03 1.401664162801582643e+04
2.320000000000000000e+03 1.399974226622578135e+04
2.321000000000000000e+03 1.400095208525030466e+04
2.322000000000000000e+03 1.400546909214975130e+04
2.323000000000000000e+03 1.401368136876923927e+04
2.324000000000000000e+03 1.401315809640308180e+04
2.325000000000000000e+03 1.400887645483062443e+04
2.326000000000000000e+03 1.398839330588338089e+04
2.327000000000000000e+03 1.401719407018369748e+04
2.328000000000000000e+03 1.402455919595301202e+04
2.329000000000000000e+03 1.401398199350260802e+04
2.330000000000000000e+03 1.401785899010145840e+04
2.331000000000000000e+03 1.402626162709164237e+04
2.332000000000000000e+03 1.403294289302407014e+04
2.333000000000000000e+03 1.402077116210776148e+04
2.334000000000000000e+03 1.401175320167780410e+04
2.335000000000000000e+03 1.403819868969850904e+04
2.336000000000000000e+03 1.402518288970659523e+04
2.337000000000000000e+03 1.401885337746816549e+04
2.338000000000000000e+03 1.400310746948661836e+04
2.339000000000000000e+03 1.399431148628021219e+04
2.340000000000000000e+03 1.400035614516074020e+04
2.341000000000000000e+03 1.403577337273426747e+04
2.342000000000000000e+03 1.403033175672863581e+04
2.343000000000000000e+03 1.403218538921701656e+04
2.344000000000000000e+03 1.402307182728753651e+04
2.345000000000000000e+03 1.405428635622435286e+04
2.346000000000000000e+03 1.406401842188594492e+04
2.347000000000000000e+03 1.405650318761562630e+04
2.348000000000000000e+03 1.405274581572894567e+04
2.349000000000000000e+03 1.406927078759790129e+04
2.350000000000000000e+03 1.408462248242954593e+04
2.351000000000000000e+03 1.412570999820519683e+04
2.352000000000000000e+03 1.413986282026435583e+04
2.353000000000000000e+03 1.414728405986880171e+04
2.354000000000000000e+03 1.415324201641557011e+04
2.355000000000000000e+03 1.412310522704487994e+04
2.356000000000000000e+03 1.412675148827766134e+04
2.357000000000000000e+03 1.413226891148254435e+04
2.358000000000000000e+03 1.415074417169155276e+04
2.359000000000000000e+03 1.415045658286756588e+04
2.360000000000000000e+03 1.417967986435787861e+04
2.361000000000000000e+03 1.419815380226555135e+04
2.362000000000000000e+03 1.419876892182617667e+04
2.363000000000000000e+03 1.423594034531059333e+04
2.364000000000000000e+03 1.422365375706032683e+04
2.365000000000000000e+03 1.423708283814958850e+04
2.366000000000000000e+03 1.422719224847486839e+04
2.367000000000000000e+03 1.425026216553415179e+04
2.368000000000000000e+03 1.424454407314780474e+04
2.369000000000000000e+03 1.422498720987940033e+04
2.370000000000000000e+03 1.427377233224225165e+04
2.371000000000000000e+03 1.427334570075256488e+04
2.372000000000000000e+03 1.428536942573339365e+04
2.373000000000000000e+03 1.431910905662901678e+04
2.374000000000000000e+03 1.429511631062092965e+04
2.375000000000000000e+03 1.429011241545421763e+04
2.376000000000000000e+03 1.426571229974400376e+04
2.377000000000000000e+03 1.430114406894632884e+04
2.378000000000000000e+03 1.428963933298277516e+04
2.379000000000000000e+03 1.430197751702293135e+04
2.380000000000000000e+03 1.429824366709893184e+04
2.381000000000000000e+03 1.426858185830133152e+04
2.382000000000000000e+03 1.428006011902389946e+04
2.383000000000000000e+03 1.428018696486299450e+04
2.384000000000000000e+03 1.432392416539771330e+04
2.385000000000000000e+03 1.433266089481160452e+04
2.386000000000000000e+03 1.433507670948946725e+04
2.387000000000000000e+03 1.436943323730369229e+04
2.388000000000000000e+03 1.438192193772959399e+04
2.389000000000000000e+03 1.436963432691496382e+04
2.390000000000000000e+03 1.433281660779595040e+04
2.391000000000000000e+03 1.434670593163115882e+04
2.392000000000000000e+03 1.436713012273300592e+04
2.393000000000000000e+03 1.436757364670031529e+04
2.394000000000000000e+03 1.434539635135502249e+04
2.395000000000000000e+03 1.437625684782359895e+04
2.396000000000000000e+03 1.436538792370177725e+04
2.397000000000000000e+03 1.434693751954934305e+04
2.398000000000000000e+03 1.436309771284546514e+04
2.399000000000000000e+03 1.434472210344001360e+04
2.400000000000000000e+03 1.433217820598885555e+04
2.401000000000000000e+03 1.428923835278860679e+04
2.402000000000000000e+03 1.429316675151835989e+04
2.403000000000000000e+03 1.429846585394835165e+04
2.404000000000000000e+03 1.428204152701541352e+04
2.405000000000000000e+03 1.427274700265203137e+04
2.406000000000000000e+03 1.428821904085823189e+04
2.407000000000000000e+03 1.426827856792945386e+04
2.408000000000000000e+03 1.423806612971952200e+04
2.409000000000000000e+03 1.422949870757618373e+04
2.410000000000000000e+03 1.426370298183360501e+04
2.411000000000000000e+03 1.426647645244870546e+04
2.412000000000000000e+03 1.426956117136241119e+04
2.413000000000000000e+03 1.424521805744392623e+04
2.414000000000000000e+03 1.422651542649800649e+04
2.415000000000000000e+03 1.422157663842615693e+04
2.416000000000000000e+03 1.425351035805675201e+04
2.417000000000000000e+03 1.427640683776224614e+04
2.418000000000000000e+03 1.425860349331279576e+04
2.419000000000000000e+03 1.429549881887417359e+04
2.420000000000000000e+03 1.426427233875132697e+04
2.421000000000000000e+03 1.425002261498989901e+04
2.422000000000000000e+03 1.425639406912484992e+04
2.423000000000000000e+03 1.425096087410852851e+04
2.424000000000000000e+03 1.424180445706146929e+04
2.425000000000000000e+03 1.421992567225535095e+04
2.426000000000000000e+03 1.420860077129372985e+04
2.427000000000000000e+03 1.425954670769334916e+04
2.428000000000000000e+03 1.427937282139569106e+04
2.429000000000000000e+03 1.427931926854242738e+04
2.430000000000000000e+03 1.430246435091969215e+04
2.431000000000000000e+03 1.430868518414307073e+04
2.432000000000000000e+03 1.429981767134480106e+04
2.433000000000000000e+03 1.427330292949304749e+04
2.434000000000000000e+03 1.426507400609511751e+04
2.435000000000000000e+03 1.425816651510108568e+04
2.436000000000000000e+03 1.426081829663320968e+04
2.437000000000000000e+03 1.428016387744156236e+04
2.438000000000000000e+03 1.429593056666945267e+04
2.439000000000000000e+03 1.431196576249769896e+04
2.440000000000000000e+03 1.429476905684397207e+04
2.441000000000000000e+03 1.432806608433137080e+04
2.442000000000000000e+03 1.435422675713120043e+04
2.443000000000000000e+03 1.435388011448653742e+04
2.444000000000000000e+03 1.434179514974572157e+04
2.445000000000000000e+03 1.437742653833099757e+04
2.446000000000000000e+03 1.438112817008779348e+04
2.447000000000000000e+03 1.438258553769856735e+04
2.448000000000000000e+03 1.435201103252038956e+04
2.449000000000000000e+03 1.438053647720701701e+04
2.450000000000000000e+03 1.443604419713040625e+04
2.451000000000000000e+03 1.441535940543134166e+04
2.452000000000000000e+03 1.441405098527725386e+04
2.453000000000000000e+03 1.441596400741795514e+04
2.454000000000000000e+03 1.442617461014425317e+04
2.455000000000000000e+03 1.440457695701122793e+04
2.456000000000000000e+03 1.441616633479700977e+04
2.457000000000000000e+03 1.444400455877050445e+04
2.458000000000000000e+03 1.444178518979898035e+04
2.459000000000000000e+03 1.445683159570506541e+04
2.460000000000000000e+03 1.445416430897190003e+04
2.461000000000000000e+03 1.447479616871560756e+04
2.462000000000000000e+03 1.446901307067512425e+04
2.463000000000000000e+03 1.446655817126599140e+04
2.464000000000000000e+03 1.448724314378011150e+04
2.465000000000000000e+03 1.448290895700719375e+04
2.466000000000000000e+03 1.446953393512839102e+04
2.467000000000000000e+03 1.448542535403533111e+04
2.468000000000000000e+03 1.450086716325586349e+04
2.469000000000000000e+03 1.453794644100077312e+04
2.470000000000000000e+03 1.455186754124776053e+04
2.471000000000000000e+03 1.454695849569646998e+04
2.472000000000000000e+03 1.453736917334322607e+04
2.473000000000000000e+03 1.454480744189363759e+04
2.474000000000000000e+03 1.458495604377169002e+04
2.475000000000000000e+03 1.460288498631360017e+04
2.476000000000000000e+03 1.460004569444511253e+04
2.477000000000000000e+03 1.460422598134676809e+04
2.478000000000000000e+03 1.459111361018310890e+04
2.479000000000000000e+03 1.458975140675154034e+04
2.480000000000000000e+03 1.459114112169610598e+04
2.481000000000000000e+03 1.460073426105721410e+04
2.482000000000000000e+03 1.459515677374465122e+04
2.483000000000000000e+03 1.456333413389224552e+04
2.484000000000000000e+03 1.458212380916451548e+04
2.485000000000000000e+03 1.459108013383601428e+04
2.486000000000000000e+03 1.460925283214189585e+04
2.487000000000000000e+03 1.464014055104315776e+04
2.488000000000000000e+03 1.464231878580899138e+04
2.489000000000000000e+03 1.461558581130606399e+04
2.490000000000000000e+03 1.463717986074937835e+04
2.491000000000000000e+03 1.464639297724635981e+04
2.492000000000000000e+03 1.464515029446630251e+04
2.493000000000000000e+03 1.465707466466883125e+04
2.494000000000000000e+03 1.467730640809874785e+04
2.495000000000000000e+03 1.469398623812595724e+04
2.496000000000000000e+03 1.471207737433664624e+04
2.497000000000000000e+03 1.469331208943190722e+04
2.498000000000000000e+03 1.467147208848439186e+04
2.499000000000000000e+03 1.467939723008872534e+04
2.500000000000000000e+03 1.469119054524702369e+04
2.501000000000000000e+03 1.470678818012336524e+04
2.502000000000000000e+03 1.475358385700795225e+04
2.503000000000000000e+03 1.475932081129304788e+04
2.504000000000000000e+03 1.474930816878971382e+04
2.505000000000000000e+03 1.474967168813287572e+04
2.506000000000000000e+03 1.474696495403358131e+04
2.507000000000000000e+03 1.474929035569844382e+04
2.508000000000000000e+03 1.473023822438264870e+04
2.509000000000000000e+03 1.471472738206403483e+04
2.510000000000000000e+03 1.472821737436949115e+04
2.511000000000000000e+03 1.474293887357734093e+04
2.512000000000000000e+03 1.478280993258855415e+04
2.513000000000000000e+03 1.478921699348380389e+04
2.514000000000000000e+03 1.478405263357158219e+04
2.515000000000000000e+03 1.476586390555853905e+04
2.516000000000000000e+03 1.480065945162143726e+04
2.517000000000000000e+03 1.480945859914016182e+04
2.518000000000000000e+03 1.482886389841220262e+04
2.519000000000000000e+03 1.482562853824218291e+04
2.520000000000000000e+03 1.486898906122201515e+04
2.521000000000000000e+03 1.488008018770907620e+04
2.522000000000000000e+03 1.490432584307069010e+04
2.523000000000000000e+03 1.491743290069887007e+04
2.524000000000000000e+03 1.487892755802875763e+04
2.525000000000000000e+03 1.489089474691897522e+04
2.526000000000000000e+03 1.490757790540832866e+04
2.527000000000000000e+03 1.490170730780021950e+04
2.528000000000000000e+03 1.492105854800023553e+04
2.529000000000000000e+03 1.490590646045295762e+04
2.530000000000000000e+03 1.489086701498462753e+04
2.531000000000000000e+03 1.491370459374176789e+04
2.532000000000000000e+03 1.493552929291994042e+04
2.533000000000000000e+03 1.494213515293040837e+04
2.534000000000000000e+03 1.494733142363585284e+04
2.535000000000000000e+03 1.496428167181247591e+04
2.536000000000000000e+03 1.493143067594736021e+04
2.537000000000000000e+03 1.493936687319041812e+04
2.538000000000000000e+03 1.493331627096977354e+04
2.539000000000000000e+03 1.495244405349735825e+04
2.540000000000000000e+03 1.496870809790523526e+04
2.541000000000000000e+03 1.496591909384222345e+04
2.542000000000000000e+03 1.495052629148406231e+04
2.543000000000000000e+03 1.494835268972336416e+04
2.544000000000000000e+03 1.494462332552985026e+04
2.545000000000000000e+03 1.495468895005822560e+04
2.546000000000000000e+03 1.495075100423610093e+04
2.547000000000000000e+03 1.493737983743709083e+04
2.548000000000000000e+03 1.495511822498090805e+04
2.549000000000000000e+03 1.500251953956047873e+04
2.550000000000000000e+03 1.504276199351496871e+04
2.551000000000000000e+03 1.505819459355469735e+04
2.552000000000000000e+03 1.501855383449888359e+04
2.553000000000000000e+03 1.500223517772272498e+04
2.554000000000000000e+03 1.502271377475013651e+04
2.555000000000000000e+03 1.504478227877778409e+04
2.556000000000000000e+03 1.509042149606897874e+04
2.557000000000000000e+03 1.508669992564476706e+04
2.558000000000000000e+03 1.506508155391454056e+04
2.559000000000000000e+03 1.506234689134801010e+04
2.560000000000000000e+03 1.504631931502772022e+04
2.561000000000000000e+03 1.505518085981855984e+04
2.562000000000000000e+03 1.505659121123900695e+04
2.563000000000000000e+03 1.507451059860396890e+04
2.564000000000000000e+03 1.507332688950009833e+04
2.565000000000000000e+03 1.508253633559744594e+04
2.566000000000000000e+03 1.505404095574441271e+04
2.567000000000000000e+03 1.501604162602264296e+04
2.568000000000000000e+03 1.499049930967472028e+04
2.569000000000000000e+03 1.499617931605837657e+04
2.570000000000000000e+03 1.500545652612458980e+04
2.571000000000000000e+03 1.502299949160403230e+04
2.572000000000000000e+03 1.504299624522168779e+04
2.573000000000000000e+03 1.505862315304003096e+04
2.574000000000000000e+03 1.506953601545517813e+04
2.575000000000000000e+03 1.507995935444016504e+04
2.576000000000000000e+03 1.509647276955418238e+04
2.577000000000000000e+03 1.508934991510303189e+04
2.578000000000000000e+03 1.511682779349912016e+04
2.579000000000000000e+03 1.513685284052215138e+04
2.580000000000000000e+03 1.514322238091841609e+04
2.581000000000000000e+03 1.512967965189907773e+04
2.582000000000000000e+03 1.512987531959527041e+04
2.583000000000000000e+03 1.514056356418166615e+04
2.584000000000000000e+03 1.517228910182209256e+04
2.585000000000000000e+03 1.519470360477423128e+04
2.586000000000000000e+03 1.520631021550777768e+04
2.587000000000000000e+03 1.520399634363312362e+04
2.588000000000000000e+03 1.523599474531801934e+04
2.589000000000000000e+03 1.520590255351468841e+04
2.590000000000000000e+03 1.522248647686310869e+04
2.591000000000000000e+03 1.519765898143192499e+04
2.592000000000000000e+03 1.520683427056210530e+04
2.593000000000000000e+03 1.520605613070103755e+04
2.594000000000000000e+03 1.522556085729629194e+04
2.595000000000000000e+03 1.521339674239640954e+04
2.596000000000000000e+03 1.521444533183303975e+04
2.597000000000000000e+03 1.522482223095122936e+04
2.598000000000000000e+03 1.519567740962307289e+04
2.599000000000000000e+03 1.520425920667164428e+04
2.600000000000000000e+03 1.519622526891969392e+04
2.601000000000000000e+03 1.519296264913205414e+04
2.602000000000000000e+03 1.519883704821964420e+04
2.603000000000000000e+03 1.521928055271668563e+04
2.604000000000000000e+03 1.524132616470676112e+04
2.605000000000000000e+03 1.526609928929666603e+04
2.606000000000000000e+03 1.526938735863439251e+04
2.607000000000000000e+03 1.528511167959117483e+04
2.608000000000000000e+03 1.530334404437487501e+04
2.609000000000000000e+03 1.529905560500198953e+04
2.610000000000000000e+03 1.528551069264253601e+04
2.611000000000000000e+03 1.529884693523952774e+04
2.612000000000000000e+03 1.529418717519192433e+04
2.613000000000000000e+03 1.530671013428673541e+04
2.614000000000000000e+03 1.534067697641929044e+04
2.615000000000000000e+03 1.535441044297015833e+04
2.616000000000000000e+03 1.536282171208134423e+04
2.617000000000000000e+03 1.537043639053900915e+04
2.618000000000000000e+03 1.537429447469107618e+04
2.619000000000000000e+03 1.538340136268328206e+04
2.620000000000000000e+03 1.539316718257475259e+04
2.621000000000000000e+03 1.542699836113009769e+04
2.622000000000000000e+03 1.542427614537860609e+04
2.623000000000000000e+03 1.539754755445251794e+04
2.624000000000000000e+03 1.539986659273876649e+04
2.625000000000000000e+03 1.539515267315149140e+04
2.626000000000000000e+03 1.538932449667568835e+04
2.627000000000000000e+03 1.540124810349847030e+04
2.628000000000000000e+03 1.541347709939730157e+04
2.629000000000000000e+03 1.541196621172857158e+04
2.630000000000000000e+03 1.542632290636950529e+04
2.631000000000000000e+03 1.544251283142553621e+04
2.632000000000000000e+03 1.547754430824362316e+04
2.633000000000000000e+03 1.546402813009937563e+04
2.634000000000000000e+03 1.550796106651099217e+04
2.635000000000000000e+03 1.551991537669041281e+04
2.636000000000000000e+03 1.551960567761973653e+04
2.637000000000000000e+03 1.555433892469663260e+04
2.638000000000000000e+03 1.553608929020539108e+04
2.639000000000000000e+03 1.554322311493669804e+04
2.640000000000000000e+03 1.555485715390334008e+04
2.641000000000000000e+03 1.557182224815700465e+04
2.642000000000000000e+03 1.557985781887753728e+04
2.643000000000000000e+03 1.556120648833941414e+04
2.644000000000000000e+03 1.554383591936522316e+04
2.645000000000000000e+03 1.552646310362047006e+04
2.646000000000000000e+03 1.555962532327642657e+04
2.647000000000000000e+03 1.555190983211387538e+04
2.648000000000000000e+03 1.558330602777439526e+04
2.649000000000000000e+03 1.562149467265501153e+04
2.650000000000000000e+03 1.563837443101487224e+04
2.651000000000000000e+03 1.567634004868599004e+04
2.652000000000000000e+03 1.566552316491698002e+04
2.653000000000000000e+03 1.568740056250662747e+04
2.654000000000000000e+03 1.565645157131956512e+04
2.655000000000000000e+03 1.565403835017723941e+04
2.656000000000000000e+03 1.564212380988643599e+04
2.657000000000000000e+03 1.568496212497617125e+04
2.658000000000000000e+03 1.567445995687217146e+04
2.659000000000000000e+03 1.570043324385738197e+04
2.660000000000000000e+03 1.573094696588857369e+04
2.661000000000000000e+03 1.571384966840796551e+04
2.662000000000000000e+03 1.571256669387111288e+04
2.663000000000000000e+03 1.572419400486409904e+04
2.664000000000000000e+03 1.572005752605150883e+04
2.665000000000000000e+03 1.573799689735069478e+04
2.666000000000000000e+03 1.575647644397466502e+04
2.667000000000000000e+03 1.575664510208624597e+04
2.668000000000000000e+03 1.574662570364548446e+04
2.669000000000000000e+03 1.574686289124044561e+04
2.670000000000000000e+03 1.574749720907652954e+04
2.671000000000000000e+03 1.578293200214968601e+04
2.672000000000000000e+03 1.580329460625379579e+04
2.673000000000000000e+03 1.581691913829416080e+04
2.674000000000000000e+03 1.582913606409634303e+04
2.675000000000000000e+03 1.582578254483394448e+04
2.676000000000000000e+03 1.580316736329477499e+04
2.677000000000000000e+03 1.580371836316415101e+04
2.678000000000000000e+03 1.580695517935351018e+04
2.679000000000000000e+03 1.584080281851296604e+04
2.680000000000000000e+03 1.588973243064693634e+04
2.681000000000000000e+03 1.591790479769251033e+04
2.682000000000000000e+03 1.589998751582589284e+04
2.683000000000000000e+03 1.592539955529911458e+04
2.684000000000000000e+03 1.593137015797942513e+04
2.685000000000000000e+03 1.597528847217093971e+04
2.686000000000000000e+03 1.596992066921322294e+04
2.687000000000000000e+03 1.598828012891623439e+04
2.688000000000000000e+03 1.599854385855735200e+04
2.689000000000000000e+03 1.598378707442994710e+04
2.690000000000000000e+03 1.600823395525813976e+04
2.691000000000000000e+03 1.602478526909713401e+04
2.692000000000000000e+03 1.603489715171679563e+04
2.693000000000000000e+03 1.606403617147770274e+04
2.694000000000000000e+03 1.606219790270568410e+04
2.695000000000000000e+03 1.603969295459156638e+04
2.696000000000000000e+03 1.607035939252116805e+04
2.697000000000000000e+03 1.609693684409664093e+04
2.698000000000000000e+03 1.606758410484036176e+04
2.699000000000000000e+03 1.609013440510607688e+04
2.700000000000000000e+03 1.612767644032808857e+04
2.701000000000000000e+03 1.612699792857705506e+04
2.702000000000000000e+03 1.615262328792045992e+04
2.703000000000000000e+03 1.613774014500929115e+04
2.704000000000000000e+03 1.613325590547126740e+04
2.705000000000000000e+03 1.610714150114493896e+04
2.706000000000000000e+03 1.615181889922925620e+04
2.707000000000000000e+03 1.618330721633323628e+04
2.708000000000000000e+03 1.618828988643692901e+04
2.709000000000000000e+03 1.619549514267897030e+04
2.710000000000000000e+03 1.616399013783327428e+04
2.711000000000000000e+03 1.614283755776587896e+04
2.712000000000000000e+03 1.615717894383187377e+04
2.713000000000000000e+03 1.616168302210343791e+04
2.714000000000000000e+03 1.619601927527185399e+04
2.715000000000000000e+03 1.624876229091031200e+04
2.716000000000000000e+03 1.625630461370219200e+04
2.717000000000000000e+03 1.622401022109218320e+04
2.718000000000000000e+03 1.621426822280234410e+04
2.719000000000000000e+03 1.616769270930556559e+04
2.720000000000000000e+03 1.616732556069601924e+04
2.721000000000000000e+03 1.622346237991432463e+04
2.722000000000000000e+03 1.624225317712434844e+04
2.723000000000000000e+03 1.619756869302735504e+04
2.724000000000000000e+03 1.619988349516226663e+04
2.725000000000000000e+03 1.623852292102461615e+04
2.726000000000000000e+03 1.624831226964028974e+04
2.727000000000000000e+03 1.624360953726111802e+04
2.728000000000000000e+03 1.621982652579541718e+04
2.729000000000000000e+03 1.625838828563429888e+04
2.730000000000000000e+03 1.628085983355386998e+04
2.731000000000000000e+03 1.626180611317302464e+04
2.732000000000000000e+03 1.625321166111512866e+04
2.733000000000000000e+03 1.626699242132113795e+04
2.734000000000000000e+03 1.624872403587457848e+04
2.735000000000000000e+03 1.625644232142597139e+04
2.736000000000000000e+03 1.629276607709502241e+04
2.737000000000000000e+03 1.625240180256755593e+04
2.738000000000000000e+03 1.625055045129088830e+04
2.739000000000000000e+03 1.627522493643969938e+04
2.740000000000000000e+03 1.630300312615632174e+04
2.741000000000000000e+03 1.633418059721009013e+04
2.742000000000000000e+03 1.634090712920324040e+04
2.743000000000000000e+03 1.636448476136944737e+04
2.744000000000000000e+03 1.636164698907975253e+04
2.745000000000000000e+03 1.639257672518739491e+04
2.746000000000000000e+03 1.641602769995328708e+04
2.747000000000000000e+03 1.639778982706228271e+04
2.748000000000000000e+03 1.637301410216190743e+04
2.749000000000000000e+03 1.635875347108116694e+04
2.750000000000000000e+03 1.635548744941870245e+04
2.751000000000000000e+03 1.637294220492627210e+04
2.752000000000000000e+03 1.638191210722900905e+04
2.753000000000000000e+03 1.639360294302412876e+04
2.754000000000000000e+03 1.638493507155895350e+04
2.755000000000000000e+03 1.643004052612314626e+04
2.756000000000000000e+03 1.645279430162137942e+04
2.757000000000000000e+03 1.645997149757420993e+04
2.758000000000000000e+03 1.644747267445976468e+04
2.759000000000000000e+03 1.645541107564550839e+04
2.760000000000000000e+03 1.648117374436344471e+04
2.761000000000000000e+03 1.648837161015292804e+04
2.762000000000000000e+03 1.647067430621297171e+04
2.763000000000000000e+03 1.645827881187059029e+04
2.764000000000000000e+03 1.644940105594905253e+04
2.765000000000000000e+03 1.647191347954270896e+04
2.766000000000000000e+03 1.650410162523778854e+04
2.767000000000000000e+03 1.652680375736896531e+04
2.768000000000000000e+03 1.654231905432455096e+04
2.769000000000000000e+03 1.655060301447526581e+04
2.770000000000000000e+03 1.656553509710442449e+04
2.771000000000000000e+03 1.658859193890092138e+04
2.772000000000000000e+03 1.658862195550392426e+04
2.773000000000000000e+03 1.658134439269131690e+04
2.774000000000000000e+03 1.661403072017697195e+04
2.775000000000000000e+03 1.665700357741184780e+04
2.776000000000000000e+03 1.667915067140251631e+04
2.777000000000000000e+03 1.667368413632990996e+04
2.778000000000000000e+03 1.663514209979085354e+04
2.779000000000000000e+03 1.663725347757804411e+04
2.780000000000000000e+03 1.665330862263699601e+04
2.781000000000000000e+03 1.667362779350905475e+04
2.782000000000000000e+03 1.672114668159507346e+04
2.783000000000000000e+03 1.670439503146177231e+04
2.784000000000000000e+03 1.671584585678798612e+04
2.785000000000000000e+03 1.673630626748087161e+04
2.786000000000000000e+03 1.674100826986798347e+04
2.787000000000000000e+03 1.673207126270082517e+04
2.788000000000000000e+03 1.677067941996728041e+04
2.789000000000000000e+03 1.675725617420648996e+04
2.790000000000000000e+03 1.676374896064020140e+04
2.791000000000000000e+03 1.679541944289699677e+04
2.792000000000000000e+03 1.678986956705678313e+04
2.793000000000000000e+03 1.682751127763547265e+04
2.794000000000000000e+03 1.684154064207104966e+04
2.795000000000000000e+03 1.680578570914719239e+04
2.796000000000000000e+03 1.682097119596213452e+04
2.797000000000000000e+03 1.680785403045935527e+04
2.798000000000000000e+03 1.681507353082323607e+04
2.799000000000000000e+03 1.684144162236185366e+04
2.800000000000000000e+03 1.683328267211231650e+04
2.801000000000000000e+03 1.684828322548175129e+04
2.802000000000000000e+03 1.688058043723146693e+04
2.803000000000000000e+03 1.689531508014192514e+04
2.804000000000000000e+03 1.690201769999732278e+04
2.805000000000000000e+03 1.687766965366763907e+04
2.806000000000000000e+03 1.689318024670896921e+04
2.807000000000000000e+03 1.686949669686139168e+04
2.808000000000000000e+03 1.690091987390972645e+04
2.809000000000000000e+03 1.692531572959327968e+04
2.810000000000000000e+03 1.693415407432301072e+04
2.811000000000000000e+03 1.697860677501244572e+04
2.812000000000000000e+03 1.698864726858929134e+04
2.813000000000000000e+03 1.700085900351472083e+04
2.814000000000000000e+03 1.699550095919274827e+04
2.815000000000000000e+03 1.698436951108810536e+04
2.816000000000000000e+03 1.701113676066186599e+04
2.817000000000000000e+03 1.699416009108800426e+04
2.818000000000000000e+03 1.696692298509144166e+04
2.819000000000000000e+03 1.697027251494229131e+04
2.820000000000000000e+03 1.698493540062043758e+04
2.821000000000000000e+03 1.701692139909589969e+04
2.822000000000000000e+03 1.703479083245457878e+04
2.823000000000000000e+03 1.701256570307981019e+04
2.824000000000000000e+03 1.699497937026727959e+04
2.825000000000000000e+03 1.702688248316526369e+04
2.826000000000000000e+03 1.705478485990274203e+04
2.827000000000000000e+03 1.704635382933726578e+04
2.828000000000000000e+03 1.704867809372917691e+04
2.829000000000000000e+03 1.702904407952755719e+04
2.830000000000000000e+03 1.703050009206400136e+04
2.831000000000000000e+03 1.706663189456408873e+04
2.832000000000000000e+03 1.707503585236469735e+04
2.833000000000000000e+03 1.708794998711227890e+04
2.834000000000000000e+03 1.705478415680041144e+04
2.835000000000000000e+03 1.708582089703210659e+04
2.836000000000000000e+03 1.711625181280579272e+04
2.837000000000000000e+03 1.713652054507772482e+04
2.838000000000000000e+03 1.715041841756518261e+04
2.839000000000000000e+03 1.715901564691379463e+04
2.840000000000000000e+03 1.716116599863551892e+04
2.841000000000000000e+03 1.714686460980559423e+04
2.842000000000000000e+03 1.714494419610066689e+04
2.843000000000000000e+03 1.714334672156162924e+04
2.844000000000000000e+03 1.714660886790918812e+04
2.845000000000000000e+03 1.716239099446259206e+04
2.846000000000000000e+03 1.713654319719769410e+04
2.847000000000000000e+03 1.715685389530476459e+04
2.848000000000000000e+03 1.718838824594337348e+04
2.849000000000000000e+03 1.722421191206293588e+04
2.850000000000000000e+03 1.723462324007954157e+04
2.851000000000000000e+03 1.724003304304744233e+04
2.852000000000000000e+03 1.724674493547620659e+04
2.853000000000000000e+03 1.728660689705887853e+04
2.854000000000000000e+03 1.733067099497990421e+04
2.855000000000000000e+03 1.730901054981192647e+04
2.856000000000000000e+03 1.732275697712886904e+04
2.857000000000000000e+03 1.728980474952551958e+04
2.858000000000000000e+03 1.732108159202117167e+04
2.859000000000000000e+03 1.735630164132226855e+04
2.860000000000000000e+03 1.737910526876157019e+04
2.861000000000000000e+03 1.740391337457351256e+04
2.862000000000000000e+03 1.743936740282600658e+04
2.863000000000000000e+03 1.741695554761258609e+04
2.864000000000000000e+03 1.741892387909729587e+04
2.865000000000000000e+03 1.741988752477736125e+04
2.866000000000000000e+03 1.743044622002742835e+04
2.867000000000000000e+03 1.739887359149409167e+04
2.868000000000000000e+03 1.740963982826726715e+04
2.869000000000000000e+03 1.740986203375054174e+04
2.870000000000000000e+03 1.744844716592841723e+04
2.871000000000000000e+03 1.742955502050039649e+04
2.872000000000000000e+03 1.740780141656018168e+04
2.873000000000000000e+03 1.737179237306211144e+04
2.874000000000000000e+03 1.738519862985782675e+04
2.875000000000000000e+03 1.739831560345931575e+04
2.876000000000000000e+03 1.739949696395084902e+04
2.877000000000000000e+03 1.739960677969225071e+04
2.878000000000000000e+03 1.740910178117752366e+04
2.879000000000000000e+03 1.742566970236258931e+04
2.880000000000000000e+03 1.742510840248074237e+04
2.881000000000000000e+03 1.746923844451287732e+04
2.882000000000000000e+03 1.743537866099594976e+04
2.883000000000000000e+03 1.748017142527217948e+04
2.884000000000000000e+03 1.747495663970857640e+04
2.885000000000000000e+03 1.746881592025922146e+04
2.886000000000000000e+03 1.744954224044759030e+04
2.887000000000000000e+03 1.744462707602214869e+04
2.888000000000000000e+03 1.744146159529792203e+04
2.889000000000000000e+03 1.746381910221073849e+04
2.890000000000000000e+03 1.747086875404849343e+04
2.891000000000000000e+03 1.745632679872506196e+04
2.892000000000000000e+03 1.747778928280272521e+04
2.893000000000000000e+03 1.744302460268951108e+04
2.894000000000000000e+03 1.744917049187127122e+04
2.895000000000000000e+03 1.747684507392377054e+04
2.896000000000000000e+03 1.749360392455104738e+04
2.897000000000000000e+03 1.747722166014289178e+04
2.898000000000000000e+03 1.752081198521887200e+04
2.899000000000000000e+03 1.746083566921049351e+04
2.900000000000000000e+03 1.745865125068621273e+04
2.901000000000000000e+03 1.743924184594151302e+04
2.902000000000000000e+03 1.742634965773879594e+04
2.903000000000000000e+03 1.745228989970920156e+04
2.904000000000000000e+03 1.743150372330952450e+04
2.905000000000000000e+03 1.744668032563503584e+04
2.906000000000000000e+03 1.744461284643044928e+04
2.907000000000000000e+03 1.745377122222398611e+04
2.908000000000000000e+03 1.750080910299603056e+04
2.909000000000000000e+03 1.752604009722924457e+04
2.910000000000000000e+03 1.753115354667098291e+04
2.911000000000000000e+03 1.752722506450508081e+04
2.912000000000000000e+03 1.751155309798778762e+04
2.913000000000000000e+03 1.751675704167455842e+04
2.914000000000000000e+03 1.755496373232262704e+04
2.915000000000000000e+03 1.753544606875185855e+04
2.916000000000000000e+03 1.757986653602063961e+04
2.917000000000000000e+03 1.759464185782244022e+04
2.918000000000000000e+03 1.758802432567927463e+04
2.919000000000000000e+03 1.760863037138239815e+04
2.920000000000000000e+03 1.764199866265616583e+04
2.921000000000000000e+03 1.763893855397198786e+04
2.922000000000000000e+03 1.767245783988531548e+04
2.923000000000000000e+03 1.764685428038019381e+04
2.924000000000000000e+03 1.763338487736757816e+04
2.925000000000000000e+03 1.763213699858902328e+04
2.926000000000000000e+03 1.763916056471408956e+04
2.927000000000000000e+03 1.767495750183814744e+04
2.928000000000000000e+03 1.770506152003341049e+04
2.929000000000000000e+03 1.769697670765182193e+04
2.930000000000000000e+03 1.770289601996069541e+04
2.931000000000000000e+03 1.771679098084176803e+04
2.932000000000000000e+03 1.772166823498410304e+04
2.933000000000000000e+03 1.770703420939827629e+04
2.934000000000000000e+03 1.769598081250505129e+04
2.935000000000000000e+03 1.771337263216333668e+04
2.936000000000000000e+03 1.772287784139173527e+04
2.937000000000000000e+03 1.775845592810468952e+04
2.938000000000000000e+03 1.774511976166884779e+04
2.939000000000000000e+03 1.779072537642042880e+04
2.940000000000000000e+03 1.776749102422804208e+04
2.941000000000000000e+03 1.778132629157496558e+04
2.942000000000000000e+03 1.780035436607635347e+04
2.943000000000000000e+03 1.780213946336794470e+04
2.944000000000000000e+03 1.779250720071598698e+04
2.945000000000000000e+03 1.781817819598333881e+04
2.946000000000000000e+03 1.784142858595745929e+04
2.947000000000000000e+03 1.783070280257517152e+04
2.948000000000000000e+03 1.783264151948408107e+04
2.949000000000000000e+03 1.789252585171105966e+04
2.950000000000000000e+03 1.789192152316566353e+04
2.951000000000000000e+03 1.788880047693763117e+04
2.952000000000000000e+03 1.787368671295962486e+04
2.953000000000000000e+03 1.788399178200178721e+04
2.954000000000000000e+03 1.790022338209832742e+04
2.955000000000000000e+03 1.793379273265427037e+04
2.956000000000000000e+03 1.791795986514426113e+04
2.957000000000000000e+03 1.790923904690344352e+04
2.958000000000000000e+03 1.790566574105307882e+04
2.959000000000000000e+03 1.794783595930218507e+04
2.960000000000000000e+03 1.792856557787832571e+04
2.961000000000000000e+03 1.798960115565609158e+04
2.962000000000000000e+03 1.796139469913005451e+04
2.963000000000000000e+03 1.796406534106632171e+04
2.964000000000000000e+03 1.795355153454215178e+04
2.965000000000000000e+03 1.798058160631858482e+04
2.966000000000000000e+03 1.796915357807816326e+04
2.967000000000000000e+03 1.798560455868162171e+04
2.968000000000000000e+03 1.798013485822440634e+04
2.969000000000000000e+03 1.799179689779808177e+04
2.970000000000000000e+03 1.798844400931236669e+04
2.971000000000000000e+03 1.798958862961997511e+04
2.972000000000000000e+03 1.800040277000132846e+04
2.973000000000000000e+03 1.799338158708476840e+04
2.974000000000000000e+03 1.797170893332286141e+04
2.975000000000000000e+03 1.802139242720206676e+04
2.976000000000000000e+03 1.800363232068503203e+04
2.977000000000000000e+03 1.798088221920957949e+04
2.978000000000000000e+03 1.802932060001913123e+04
2.979000000000000000e+03 1.807669830840199938e+04
2.980000000000000000e+03 1.806617205211228429e+04
2.981000000000000000e+03 1.807200990991114304e+04
2.982000000000000000e+03 1.805279216027240545e+04
2.983000000000000000e+03 1.805485983747727005e+04
2.984000000000000000e+03 1.804028656540920565e+04
2.985000000000000000e+03 1.807108833239198793e+04
2.986000000000000000e+03 1.811783804252683331e+04
2.987000000000000000e+03 1.813746593293402839e+04
2.988000000000000000e+03 1.814340364976818455e+04
2.989000000000000000e+03 1.816516879235872693e+04
2.990000000000000000e+03 1.813153313911105943e+04
2.991000000000000000e+03 1.811910646949618240e+04
2.992000000000000000e+03 1.808740402883578645e+04
2.993000000000000000e+03 1.807274473628591659e+04
2.994000000000000000e+03 1.805280985429022985e+04
2.995000000000000000e+03 1.805783837826232411e+04
2.996000000000000000e+03 1.805657869381459750e+04
2.997000000000000000e+03 1.803361155586317182e+04
2.998000000000000000e+03 1.804425377241525712e+04
2.999000000000000000e+03 1.805963462607347174e+04
3.000000000000000000e+03 1.806604828676650868e+04
3.001000000000000000e+03 1.807445006550579637e+04
3.002000000000000000e+03 1.808461414177187544e+04
3.003000000000000000e+03 1.805852805116907621e+04
3.004000000000000000e+03 1.803453231994493399e+04
3.005000000000000000e+03 1.806434759057455813e+04
3.006000000000000000e+03 1.801997620283130163e+04
3.007000000000000000e+03 1.799716158403433656e+04
3.008000000000000000e+03 1.799011152223444515e+04
3.009000000000000000e+03 1.798347004091458803e+04
3.010000000000000000e+03 1.799678479591410724e+04
3.011000000000000000e+03 1.801728839776337190e+04
3.012000000000000000e+03 1.805614948003733298e+04
3.013000000000000000e+03 1.806994080056673556e+04
3.014000000000000000e+03 1.807468110216902278e+04
3.015000000000000000e+03 1.804558704575269439e+04
3.016000000000000000e+03 1.800778611158667627e+04
3.017000000000000000e+03 1.801557851152708099e+04
3.018000000000000000e+03 1.800438112324117901e+04
3.019000000000000000e+03 1.800260168591467664e+04
3.020000000000000000e+03 1.796162503755917714e+04
3.021000000000000000e+03 1.802005038625182715e+04
3.022000000000000000e+03 1.798175646765568672e+04
3.023000000000000000e+03 1.797023308303919475e+04
3.024000000000000000e+03 1.796079711692127603e+04
3.025000000000000000e+03 1.796867824289949931e+04
3.026000000000000000e+03 1.795109119580356128e+04
3.027000000000000000e+03 1.796358445417783878e+04
3.028000000000000000e+03 1.799654169695411110e+04
3.029000000000000000e+03 1.798292210316668934e+04
3.030000000000000000e+03 1.797238252844258386e+04
3.031000000000000000e+03 1.795386646291494253e+04
3.032000000000000000e+03 1.793908449598257721e+04
3.033000000000000000e+03 1.796490911800133836e+04
3.034000000000000000e+03 1.796046936644849484e+04
3.035000000000000000e+03 1.794055626977473366e+04
3.036000000000000000e+03 1.794065384121088573e+04
3.037000000000000000e+03 1.793927148626838243e+04
3.038000000000000000e+03 1.792053385705932305e+04
3.039000000000000000e+03 1.793146526568890113e+04
3.040000000000000000e+03 1.796383298646458934e+04
3.041000000000000000e+03 1.799896009135727945e+04
3.042000000000000000e+03 1.802145803338831684e+04
3.043000000000000000e+03 1.803504372119918844e+04
3.044000000000000000e+03 1.806476789274525436e+04
3.045000000000000000e+03 1.806107648316211271e+04
3.046000000000000000e+03 1.807290813336568681e+04
3.047000000000000000e+03 1.804142408530574176e+04
3.048000000000000000e+03 1.803628753693485123e+04
3.049000000000000000e+03 1.801530388636916905e+04
3.050000000000000000e+03 1.799569323363198419e+04
3.051000000000000000e+03 1.804471940915779487e+04
3.052000000000000000e+03 1.800853102710986423e+04
3.053000000000000000e+03 1.803497694521352969e+04
3.054000000000000000e+03 1.806556818594609285e+04
3.055000000000000000e+03 1.807938608794030370e+04
3.056000000000000000e+03 1.811327514373935264e+04
3.057000000000000000e+03 1.813160559425818064e+04
3.058000000000000000e+03 1.812080368565497702e+04
3.059000000000000000e+03 1.814416482043342694e+04
3.060000000000000000e+03 1.814296058204824658e+04
3.061000000000000000e+03 1.816893139333198633e+04
3.062000000000000000e+03 1.817614696434516372e+04
3.063000000000000000e+03 1.819579703000965310e+04
3.064000000000000000e+03 1.817057692236367438e+04
3.065000000000000000e+03 1.813963474030539146e+04
3.066000000000000000e+03 1.815804954267600260e+04
3.067000000000000000e+03 1.816384799290160663e+04
3.068000000000000000e+03 1.816296975336215837e+04
3.069000000000000000e+03 1.819811899196531886e+04
3.070000000000000000e+03 1.819584073237963821e+04
3.071000000000000000e+03 1.821440219961535695e+04
3.072000000000000000e+03 1.821387700227730238e+04
3.073000000000000000e+03 1.824581138466025732e+04
3.074000000000000000e+03 1.823837994670714761e+04
3.075000000000000000e+03 1.820706656914594350e+04
3.076000000000000000e+03 1.823200115371456923e+04
3.077000000000000000e+03 1.827790603546796046e+04
3.078000000000000000e+03 1.826504321484496904e+04
3.079000000000000000e+03 1.825324254420035868e+04
3.080000000000000000e+03 1.824293198737899365e+04
3.081000000000000000e+03 1.825223510913686550e+04
3.082000000000000000e+03 1.826182812940751683e+04
3.083000000000000000e+03 1.828204965688914308e+04
3.084000000000000000e+03 1.831731594836556906e+04
3.085000000000000000e+03 1.834319491756288335e+04
3.086000000000000000e+03 1.834781804762841784e+04
3.087000000000000000e+03 1.833161406452512892e+04
3.088000000000000000e+03 1.829798727504375711e+04
3.089000000000000000e+03 1.831806188187008229e+04
3.090000000000000000e+03 1.832415892295072626e+04
3.091000000000000000e+03 1.834579768082594455e+04
3.092000000000000000e+03 1.835561272828002620e+04
3.093000000000000000e+03 1.841627525316528045e+04
3.094000000000000000e+03 1.838883623959026590e+04
3.095000000000000000e+03 1.838466819003499404e+04
3.096000000000000000e+03 1.837772874026884529e+04
3.097000000000000000e+03 1.838677567777649892e+04
3.098000000000000000e+03 1.837332415760639924e+04
3.099000000000000000e+03 1.837025003522767292e+04
3.100000000000000000e+03 1.841258864857563458e+04
3.101000000000000000e+03 1.841438866120412422e+04
3.102000000000000000e+03 1.839838468630759235e+04
3.103000000000000000e+03 1.840754151011882277e+04
3.104000000000000000e+03 1.842206935404067553e+04
3.105000000000000000e+03 1.845444556532775459e+04
3.106000000000000000e+03 1.845108021112426286e+04
3.107000000000000000e+03 1.845001493995999408e+04
3.108000000000000000e+03 1.845952336041424860e+04
3.109000000000000000e+03 1.845367126151005141e+04
3.110000000000000000e+03 1.842026938365720707e+04
3.111000000000000000e+03 1.841669565307581070e+04
3.112000000000000000e+03 1.841418035283877543e+04
3.113000000000000000e+03 1.842556065667129587e+04
3.114000000000000000e+03 1.844016041136772765e+04
3.115000000000000000e+03 1.843484568055706768e+04
3.116000000000000000e+03 1.840791167530145685e+04
3.117000000000000000e+03 1.840058868772870119e+04
3.118000000000000000e+03 1.843297595581256610e+04
3.119000000000000000e+03 1.842405256678487785e+04
3.120000000000000000e+03 1.844417783503439932e+04
3.121000000000000000e+03 1.842281396801054507e+04
3.122000000000000000e+03 1.846269790520787137e+04
3.123000000000000000e+03 1.852045564823376844e+04
3.124000000000000000e+03 1.849493163021319197e+04
3.125000000000000000e+03 1.848204362207883605e+04
3.126000000000000000e+03 1.848761594003171922e+04
3.127000000000000000e+03 1.849763897804928638e+04
3.128000000000000000e+03 1.847789868575453147e+04
3.129000000000000000e+03 1.846060377255499770e+04
3.130000000000000000e+03 1.846447806467998453e+04
3.131000000000000000e+03 1.850701954913260852e+04
3.132000000000000000e+03 1.850527353613274681e+04
3.133000000000000000e+03 1.854432329603993639e+04
3.134000000000000000e+03 1.855138154225586186e+04
3.135000000000000000e+03 1.853837691995526620e+04
3.136000000000000000e+03 1.848952321020151066e+04
3.137000000000000000e+03 1.849407153797737192e+04
3.138000000000000000e+03 1.850644721276136625e+04
3.139000000000000000e+03 1.849048140986743238e+04
3.140000000000000000e+03 1.846719596050197651e+04
3.141000000000000000e+03 1.844961788515839726e+04
3.142000000000000000e+03 1.847504164125858370e+04
3.143000000000000000e+03 1.847688338484623091e+04
3.144000000000000000e+03 1.851002920610026922e+04
3.145000000000000000e+03 1.852480091867052033e+04
3.146000000000000000e+03 1.849646601094069410e+04
3.147000000000000000e+03 1.849868556770691430e+04
3.148000000000000000e+03 1.852083410019816802e+04
3.149000000000000000e+03 1.854630925925527117e+04
3.150000000000000000e+03 1.852002424625577623e+04
3.151000000000000000e+03 1.853716476040836642e+04
3.152000000000000000e+03 1.853568169291705999e+04
3.153000000000000000e+03 1.851223509131235915e+04
3.154000000000000000e+03 1.852391262419380655e+04
3.155000000000000000e+03 1.853082759994046864e+04
3.156000000000000000e+03 1.858981371010810835e+04
3.157000000000000000e+03 1.861145806841392914e+04
3.158000000000000000e+03 1.862863606231512313e+04
3.159000000000000000e+03 1.867756020340059695e+04
3.160000000000000000e+03 1.868702768751518670e+04
3.161000000000000000e+03 1.870410049371508649e+04
3.162000000000000000e+03 1.867638126858927717e+04
3.163000000000000000e+03 1.867244298459895072e+04
3.164000000000000000e+03 1.868543050023328760e+04
3.165000000000000000e+03 1.872349603692426899e+04
3.166000000000000000e+03 1.873097230715751721e+04
3.167000000000000000e+03 1.872731935349189007e+04
3.168000000000000000e+03 1.872287500974599243e+04
3.169000000000000000e+03 1.868980979428873979e+04
3.170000000000000000e+03 1.869265934184027356e+04
3.171000000000000000e+03 1.870568698402984228e+04
3.172000000000000000e+03 1.870083882991824430e+04
3.173000000000000000e+03 1.865840943109617365e+04
3.174000000000000000e+03 1.864519824307341332e+04
3.175000000000000000e+03 1.863785529498479445e+04
3.176000000000000000e+03 1.865196265699855212e+04
3.177000000000000000e+03 1.859719964151249587e+04
3.178000000000000000e+03 1.858291111769722556e+04
3.179000000000000000e+03 1.857251056281528872e+04
3.180000000000000000e+03 1.858695932776128757e+04
3.181000000000000000e+03 1.860735487893471145e+04
3.182000000000000000e+03 1.859496029715004261e+04
3.183000000000000000e+03 1.859099013623552310e+04
3.184000000000000000e+03 1.860340654372885183e+04
3.185000000000000000e+03 1.862541506586075411e+04
3.186000000000000000e+03 1.867103423976371778e+04
3.187000000000000000e+03 1.868828405048093191e+04
3.188000000000000000e+03 1.870292649020113095e+04
3.189000000000000000e+03 1.871140425101672008e+04
3.190000000000000000e+03 1.870335981213824562e+04
3.191000000000000000e+03 1.867590306139349195e+04
3.192000000000000000e+03 1.869007234125786999e+04
3.193000000000000000e+03 1.872223575185915615e+04
3.194000000000000000e+03 1.875683060668319740e+04
3.195000000000000000e+03 1.871148606429890060e+04
3.196000000000000000e+03 1.873077114787952814e+04
3.197000000000000000e+03 1.874564677700986795e+04
3.198000000000000000e+03 1.876301080677764912e+04
3.199000000000000000e+03 1.877060196115606595e+04
3.200000000000000000e+03 1.878288141960400753e+04
3.201000000000000000e+03 1.879144827978323156e+04
3.202000000000000000e+03 1.879898331102659358e+04
3.203000000000000000e+03 1.878601676176558976e+04
3.204000000000000000e+03 1.879510124816972893e+04
3.205000000000000000e+03 1.875350270860358069e+04
3.206000000000000000e+03 1.879918598008855406e+04
3.207000000000000000e+03 1.880966664235512508e+04
3.208000000000000000e+03 1.879044127885487615e+04
3.209000000000000000e+03 1.878434341893084638e+04
3.210000000000000000e+03 1.874033044426445849e+04
3.211000000000000000e+03 1.875775194967283096e+04
3.212000000000000000e+03 1.880006028211498051e+04
3.213000000000000000e+03 1.884499565828118284e+04
3.214000000000000000e+03 1.885100207325148222e+04
3.215000000000000000e+03 1.885338699790395185e+04
3.216000000000000000e+03 1.885987402892755563e+04
3.217000000000000000e+03 1.882750357602973236e+04
3.218000000000000000e+03 1.884357101191119364e+04
3.219000000000000000e+03 1.884802462092931091e+04
3.220000000000000000e+03 1.884024368085296010e+04
3.221000000000000000e+03 1.882687702206489848e+04
3.222000000000000000e+03 1.881340400458672593e+04
3.223000000000000000e+03 1.880415749198630147e+04
3.224000000000000000e+03 1.879599858409091757e+04
3.225000000000000000e+03 1.882680976513444330e+04
3.226000000000000000e+03 1.880651138082792750e+04
3.227000000000000000e+03 1.880423963925079079e+04
3.228000000000000000e+03 1.880638993979931547e+04
3.229000000000000000e+03 1.879746896214393928e+04
3.230000000000000000e+03 1.881098827604855978e+04
3.231000000000000000e+03 1.884682564017261757e+04
3.232000000000000000e+03 1.885106290715541763e+04
3.233000000000000000e+03 1.884930131234406144e+04
3.234000000000000000e+03 1.886834739649213225e+04
3.235000000000000000e+03 1.889723516145065150e+04
3.236000000000000000e+03 1.886660218053765129e+04
3.237000000000000000e+03 1.889605684419086538e+04
3.238000000000000000e+03 1.887116387097620100e+04
3.239000000000000000e+03 1.885598306508714813e+04
3.240000000000000000e+03 1.889830737162113292e+04
3.241000000000000000e+03 1.891236752699625140e+04
3.242000000000000000e+03 1.891950406831892906e+04
3.243000000000000000e+03 1.890346941910468740e+04
3.244000000000000000e+03 1.892887575511390241e+04
3.245000000000000000e+03 1.894503486133124170e+04
3.246000000000000000e+03 1.897236206691228290e+04
3.247000000000000000e+03 1.895981900156437405e+04
3.248000000000000000e+03 1.891300832425138651e+04
3.249000000000000000e+03 1.893605424578142993e+04
3.250000000000000000e+03 1.892532127554146427e+04
3.251000000000000000e+03 1.891792864113531687e+04
3.252000000000000000e+03 1.892757484481609936e+04
3.253000000000000000e+03 1.893479934351437259e+04
3.254000000000000000e+03 1.897635385995503384e+04
3.255000000000000000e+03 1.898842090444403948e+04
3.256000000000000000e+03 1.899959116206751060e+04
3.257000000000000000e+03 1.902854752642602762e+04
3.258000000000000000e+03 1.905126473317482305e+04
3.259000000000000000e+03 1.900415645616552501e+04
3.260000000000000000e+03 1.904262269880984968e+04
3.261000000000000000e+03 1.903070353195122516e+04
3.262000000000000000e+03 1.900459969236231700e+04
3.263000000000000000e+03 1.902717716574511360e+04
3.264000000000000000e+03 1.901097045877778510e+04
3.265000000000000000e+03 1.902260690218656964e+04
3.266000000000000000e+03 1.900978443386141225e+04
3.267000000000000000e+03 1.903576262327874792e+04
3.268000000000000000e+03 1.905885197289178905e+04
3.269000000000000000e+03 1.903796320777053916e+04
3.270000000000000000e+03 1.903482936768645231e+04
3.271000000000000000e+03 1.908004170430615341e+04
3.272000000000000000e+03 1.908145521759997791e+04
3.273000000000000000e+03 1.907646321137879568e+04
3.274000000000000000e+03 1.906347694448892071e+04
3.275000000000000000e+03 1.907315305195545443e+04
3.276000000000000000e+03 1.906418642906390960e+04
3.277000000000000000e+03 1.903878177307545411e+04
3.278000000000000000e+03 1.906808184006546435e+04
3.279000000000000000e+03 1.907943616127066707e+04
3.280000000000000000e+03 1.909666094950810657e+04
3.281000000000000000e+03 1.911004121342520375e+04
3.282000000000000000e+03 1.908658549195286832e+04
3.283000000000000000e+03 1.909917685668893319e+04
3.284000000000000000e+03 1.916156044198315067e+04
3.285000000000000000e+03 1.911907312976859976e+04
3.286000000000000000e+03 1.912699253828298242e+04
3.287000000000000000e+03 1.912357846063281613e+04
3.288000000000000000e+03 1.917533628263717401e+04
3.289000000000000000e+03 1.920999196827909327e+04
3.290000000000000000e+03 1.925460196406390605e+04
3.291000000000000000e+03 1.925190718929711511e+04
3.292000000000000000e+03 1.926756942852522116e+04
3.293000000000000000e+03 1.930628215481297229e+04
3.294000000000000000e+03 1.925380178027838701e+04
3.295000000000000000e+03 1.924284023537572284e+04
3.296000000000000000e+03 1.924462570782817420e+04
3.297000000000000000e+03 1.926309625322854845e+04
3.298000000000000000e+03 1.929066260727150438e+04
3.299000000000000000e+03 1.928944075016102943e+04
3.300000000000000000e+03 1.927103522044160854e+04
3.301000000000000000e+03 1.928697947236997788e+04
3.302000000000000000e+03 1.930918910508391855e+04
3.303000000000000000e+03 1.932569703757011303e+04
3.304000000000000000e+03 1.928757448785143424e+04
3.305000000000000000e+03 1.929226969890033070e+04
3.306000000000000000e+03 1.932318518242411665e+04
3.307000000000000000e+03 1.933315995576019850e+04
3.308000000000000000e+03 1.934269124215367265e+04
3.309000000000000000e+03 1.930644848030275534e+04
3.310000000000000000e+03 1.931303468540606991e+04
3.311000000000000000e+03 1.931434157154683999e+04
3.312000000000000000e+03 1.934389100246924500e+04
3.313000000000000000e+03 1.939981737422446895e+04
3.314000000000000000e+03 1.941098836948793178e+04
3.315000000000000000e+03 1.944616566142291413e+04
3.316000000000000000e+03 1.945331401835469296e+04
3.317000000000000000e+03 1.945209084091777186e+04
3.318000000000000000e+03 1.943567697310068979e+04
3.319000000000000000e+03 1.944567433305995655e+04
3.320000000000000000e+03 1.947033642233475985e+04
3.321000000000000000e+03 1.944064833168016412e+04
3.322000000000000000e+03 1.944173683741364948e+04
3.323000000000000000e+03 1.947901228428644026e+04
3.324000000000000000e+03 1.946689328708273752e+04
3.325000000000000000e+03 1.949492885021263282e+04
3.326000000000000000e+03 1.948221484961705573e+04
3.327000000000000000e+03 1.949000019395746131e+04
3.328000000000000000e+03 1.951538501627456935e+04
3.329000000000000000e+03 1.957689701077351856e+04
3.330000000000000000e+03 1.963248082450566289e+04
3.331000000000000000e+03 1.964642461403639390e+04
3.332000000000000000e+03 1.963354502744727142e+04
3.333000000000000000e+03 1.963372220892366749e+04
3.334000000000000000e+03 1.962139185975131477e+04
3.335000000000000000e+03 1.963878823190279581e+04
3.336000000000000000e+03 1.964036975107579929e+04
3.337000000000000000e+03 1.964384774258417383e+04
3.338000000000000000e+03 1.965165395511790484e+04
3.339000000000000000e+03 1.968647467493249860e+04
3.340000000000000000e+03 1.970874035604861274e+04
3.341000000000000000e+03 1.970498312027187421e+04
3.342000000000000000e+03 1.969045857972520753e+04
3.343000000000000000e+03 1.967846726052393933e+04
3.344000000000000000e+03 1.967337987175103626e+04
3.345000000000000000e+03 1.972148103731518495e+04
3.346000000000000000e+03 1.973567287625592508e+04
3.347000000000000000e+03 1.976878090856827839e+04
3.348000000000000000e+03 1.975162204083436882e+04
3.349000000000000000e+03 1.969703305755408292e+04
3.350000000000000000e+03 1.970317977052053175e+04
3.351000000000000000e+03 1.973126461286320045e+04
3.352000000000000000e+03 1.974900156326100841e+04
3.353000000000000000e+03 1.978343208261553082e+04
3.354000000000000000e+03 1.980927652411420786e+04
3.355000000000000000e+03 1.978879012034569314e+04
3.356000000000000000e+03 1.977275820012368422e+04
3.357000000000000000e+03 1.975189873163107404e+04
3.358000000000000000e+03 1.976937811692388277e+04
3.359000000000000000e+03 1.976546627793030711e+04
3.360000000000000000e+03 1.976425762769307403e+04
3.361000000000000000e+03 1.976208242445003998e+04
3.362000000000000000e+03 1.974643263029164154e+04
3.363000000000000000e+03 1.973567590142711197e+04
3.364000000000000000e+03 1.973629863093275708e+04
3.365000000000000000e+03 1.974160424553335542e+04
3.366000000000000000e+03 1.977621026455466563e+04
3.367000000000000000e+03 1.981978396317084116e+04
3.368000000000000000e+03 1.981051129589694028e+04
3.369000000000000000e+03 1.983916423783668506e+04
3.370000000000000000e+03 1.986455659621761879e+04
3.371000000000000000e+03 1.985154697034879064e+04
3.372000000000000000e+03 1.987047308289998909e+04
3.373000000000000000e+03 1.988796285002996956e+04
3.374000000000000000e+03 1.987663080665465168e+04
3.375000000000000000e+03 1.992415646040115098e+04
3.376000000000000000e+03 1.991049441461918468e+04
3.377000000000000000e+03 1.992678828416108445e+04
3.378000000000000000e+03 1.995352378751683136e+04
3.379000000000000000e+03 1.989725604572891461e+04
3.380000000000000000e+03 1.989736710481569025e+04
3.381000000000000000e+03 1.993735924497566521e+04
3.382000000000000000e+03 1.997526649926885511e+04
3.383000000000000000e+03 1.995504897325916318e+04
3.384000000000000000e+03 1.996446196590374529e+04
3.385000000000000000e+03 1.995591562651143249e+04
3.386000000000000000e+03 1.995428900918743238e+04
3.387000000000000000e+03 1.997080067875576424e+04
3.388000000000000000e+03 1.998275552177476493e+04
3.389000000000000000e+03 1.999689651736983069e+04
3.390000000000000000e+03 2.003098411367122026e+04
3.391000000000000000e+03 2.002929618805367863e+04
3.392000000000000000e+03 2.003050889104162343e+04
3.393000000000000000e+03 2.004215870494825140e+04
3.394000000000000000e+03 2.004643903039148790e+04
3.395000000000000000e+03 2.004253171750398178e+04
3.396000000000000000e+03 2.002683749194224583e+04
3.397000000000000000e+03 2.001744843280660280e+04
3.398000000000000000e+03 2.001007589546233430e+04
3.399000000000000000e+03 1.997975021619565814e+04
3.400000000000000000e+03 1.999630511022613791e+04
3.401000000000000000e+03 1.998714223823376960e+04
3.402000000000000000e+03 1.999269502123941129e+04
3.403000000000000000e+03 1.998377803357778612e+04
3.404000000000000000e+03 1.999090633826020712e+04
3.405000000000000000e+03 2.004016785458532831e+04
3.406000000000000000e+03 2.002618993890630372e+04
3.407000000000000000e+03 2.001760959773290961e+04
3.408000000000000000e+03 1.998581135520096359e+04
3.409000000000000000e+03 1.999396725716147921e+04
3.410000000000000000e+03 1.999380641409619057e+04
3.411000000000000000e+03 2.001090022545231113e+04
3.412000000000000000e+03 2.002836872177953046e+04
3.413000000000000000e+03 2.006199448892108921e+04
3.414000000000000000e+03 2.009410699743052828e+04
3.415000000000000000e+03 2.011752665805351717e+04
3.416000000000000000e+03 2.010361711500290039e+04
3.417000000000000000e+03 2.010885190088177114e+04
3.418000000000000000e+03 2.008694539277032527e+04
3.419000000000000000e+03 2.005338386606262793e+04
3.420000000000000000e+03 2.009010892312991928e+04
3.421000000000000000e+03 2.010711033346443219e+04
3.422000000000000000e+03 2.009639740395109038e+04
3.423000000000000000e+03 2.016395499273775204e+04
3.424000000000000000e+03 2.018171310113027721e+04
3.425000000000000000e+03 2.017536839392834372e+04
3.426000000000000000e+03 2.017638893895233196e+04
3.427000000000000000e+03 2.018084782212155551e+04
3.428000000000000000e+03 2.017219141806469997e+04
3.429000000000000000e+03 2.019065338596138827e+04
3.430000000000000000e+03 2.022140502065507826e+04
3.431000000000000000e+03 2.023567355540703647e+04
3.432000000000000000e+03 2.023010163652846313e+04
3.433000000000000000e+03 2.025287030503244023e+04
3.434000000000000000e+03 2.023183449161771205e+04
3.435000000000000000e+03 2.017591520540924466e+04
3.436000000000000000e+03 2.015265191152872285e+04
3.437000000000000000e+03 2.019283144924501903e+04
3.438000000000000000e+03 2.017937015272655844e+04
3.439000000000000000e+03 2.016130929584280238e+04
3.440000000000000000e+03 2.015221552159723069e+04
3.441000000000000000e+03 2.016209017216702341e+04
3.442000000000000000e+03 2.016353113712702179e+04
3.443000000000000000e+03 2.016125581248564777e+04
3.444000000000000000e+03 2.014479934465612678e+04
3.445000000000000000e+03 2.018035576137718090e+04
3.446000000000000000e+03 2.015560652813419802e+04
3.447000000000000000e+03 2.010768080787368308e+04
3.448000000000000000e+03 2.011065120469657995e+04
3.449000000000000000e+03 2.013756255934691944e+04
3.450000000000000000e+03 2.015025306181278211e+04
3.451000000000000000e+03 2.013265003629273633e+04
3.452000000000000000e+03 2.015906032399470860e+04
3.453000000000000000e+03 2.015257427048153113e+04
3.454000000000000000e+03 2.016858417519450086e+04
3.455000000000000000e+03 2.019010635733331219e+04
3.456000000000000000e+03 2.017949040387451168e+04
3.457000000000000000e+03 2.019782578028899661e+04
3.458000000000000000e+03 2.018042627628627815e+04
3.459000000000000000e+03 2.020210125340669038e+04
3.460000000000000000e+03 2.020064744787705422e+04
3.461000000000000000e+03 2.018810656543575533e+04
3.462000000000000000e+03 2.018840715125193674e+04
3.463000000000000000e+03 2.023048200249810543e+04
3.464000000000000000e+03 2.017321758631677585e+04
3.465000000000000000e+03 2.017754619801239460e+04
3.466000000000000000e+03 2.019257725947963263e+04
3.467000000000000000e+03 2.018899601783402250e+04
3.468000000000000000e+03 2.012341740388425751e+04
3.469000000000000000e+03 2.013991216335823992e+04
3.470000000000000000e+03 2.012753389096383398e+04
3.471000000000000000e+03 2.011167755075174500e+04
3.472000000000000000e+03 2.013314239441383688e+04
3.473000000000000000e+03 2.013388253919361159e+04
3.474000000000000000e+03 2.008948583656357005e+04
3.475000000000000000e+03 2.007297337937526027e+04
3.476000000000000000e+03 2.009225110603957364e+04
3.477000000000000000e+03 2.009622650436325785e+04
3.478000000000000000e+03 2.015011356654702831e+04
3.479000000000000000e+03 2.015613782990672189e+04
3.480000000000000000e+03 2.013707493414853889e+04
3.481000000000000000e+03 2.014524414924059965e+04
3.482000000000000000e+03 2.011965459723444292e+04
3.483000000000000000e+03 2.012445768366961784e+04
3.484000000000000000e+03 2.013622092079056529e+04
3.485000000000000000e+03 2.014393441387348503e+04
3.486000000000000000e+03 2.013561572374652314e+04
3.487000000000000000e+03 2.011599522588362743e+04
3.488000000000000000e+03 2.014535901834409378e+04
3.489000000000000000e+03 2.015737907664977683e+04
3.490000000000000000e+03 2.019237003911945067e+04
3.491000000000000000e+03 2.021456604098499156e+04
3.492000000000000000e+03 2.020487737717831624e+04
3.493000000000000000e+03 2.018426171689509283e+04
3.494000000000000000e+03 2.019175975015930453e+04
3.495000000000000000e+03 2.020914035782647989e+04
3.496000000000000000e+03 2.017962734035264293e+04
3.497000000000000000e+03 2.019040087615497396e+04
3.498000000000000000e+03 2.018547742799889602e+04
3.499000000000000000e+03 2.017005740417317065e+04
3.500000000000000000e+03 2.022315997092391990e+04
3.501000000000000000e+03 2.020707431807678950e+04
3.502000000000000000e+03 2.020475391954531369e+04
3.503000000000000000e+03 2.021163561455294985e+04
3.504000000000000000e+03 2.023316383256469999e+04
3.505000000000000000e+03 2.023045613686205616e+04
3.506000000000000000e+03 2.022904610700992635e+04
3.507000000000000000e+03 2.023293115138547728e+04
3.508000000000000000e+03 2.022324790204688907e+04
3.509000000000000000e+03 2.023626161925668930e+04
3.510000000000000000e+03 2.024381313959544059e+04
3.511000000000000000e+03 2.024141212711958360e+04
3.512000000000000000e+03 2.025667327148302502e+04
3.513000000000000000e+03 2.025578943305241773e+04
3.514000000000000000e+03 2.025580700208770941e+04
3.515000000000000000e+03 2.026879490055637871e+04
3.516000000000000000e+03 2.028779500076520708e+04
3.517000000000000000e+03 2.026864979851581666e+04
3.518000000000000000e+03 2.023992879907109818e+04
3.519000000000000000e+03 2.022259572462338110e+04
3.520000000000000000e+03 2.025372951188666048e+04
3.521000000000000000e+03 2.027155493531274624e+04
3.522000000000000000e+03 2.028191456508882766e+04
3.523000000000000000e+03 2.023292815612248523e+04
3.524000000000000000e+03 2.026637458522461384e+04
3.525000000000000000e+03 2.029128928986127721e+04
3.526000000000000000e+03 2.029004635214692826e+04
3.527000000000000000e+03 2.026523577042129546e+04
3.528000000000000000e+03 2.021491228881352799e+04
3.529000000000000000e+03 2.022040193197981716e+04
3.530000000000000000e+03 2.022595370552418535e+04
3.531000000000000000e+03 2.021635354412715969e+04
3.532000000000000000e+03 2.024251092457285631e+04
3.533000000000000000e+03 2.021156091473083143e+04
3.534000000000000000e+03 2.021356563022664704e+04
3.535000000000000000e+03 2.023493048901053771e+04
3.536000000000000000e+03 2.026028720488147155e+04
3.537000000000000000e+03 2.025657763802847694e+04
3.538000000000000000e+03 2.027590408644296622e+04
3.539000000000000000e+03 2.029421326746895647e+04
3.540000000000000000e+03 2.030467983363964959e+04
3.541000000000000000e+03 2.032365888996834110e+04
3.542000000000000000e+03 2.028354022963426905e+04
3.543000000000000000e+03 2.028954544808575156e+04
3.544000000000000000e+03 2.036937856400568126e+04
3.545000000000000000e+03 2.035895717162382061e+04
3.546000000000000000e+03 2.034951142167499347e+04
3.547000000000000000e+03 2.030583620882710966e+04
3.548000000000000000e+03 2.031250616059794265e+04
3.549000000000000000e+03 2.029831121181343042e+04
3.550000000000000000e+03 2.033250603205156222e+04
3.551000000000000000e+03 2.033060757187146737e+04
3.552000000000000000e+03 2.037051664780125793e+04
3.553000000000000000e+03 2.037332602182606206e+04
3.554000000000000000e+03 2.035490540253054860e+04
3.555000000000000000e+03 2.037687748714058034e+04
3.556000000000000000e+03 2.039386561447596250e+04
3.557000000000000000e+03 2.037782715300804193e+04
3.558000000000000000e+03 2.036116330860721064e+04
3.559000000000000000e+03 2.033041536459652707e+04
3.560000000000000000e+03 2.035449344073485554e+04
3.561000000000000000e+03 2.032104149111530569e+04
3.562000000000000000e+03 2.030606999186665780e+04
3.563000000000000000e+03 2.033984021446629413e+04
3.564000000000000000e+03 2.035248344763329078e+04
3.565000000000000000e+03 2.035766505165806666e+04
3.566000000000000000e+03 2.032987843573482678e+04
3.567000000000000000e+03 2.032479393986096329e+04
3.568000000000000000e+03 2.034481170138245943e+04
3.569000000000000000e+03 2.031741895470635791e+04
3.570000000000000000e+03 2.034018625581138622e+04
3.571000000000000000e+03 2.036729026770032578e+04
3.572000000000000000e+03 2.035396592385088297e+04
3.573000000000000000e+03 2.033123925577203772e+04
3.574000000000000000e+03 2.033988070468634760e+04
3.575000000000000000e+03 2.035561956505001945e+04
3.576000000000000000e+03 2.034657637980549407e+04
3.577000000000000000e+03 2.036261740068260406e+04
3.578000000000000000e+03 2.038694253204924098e+04
3.579000000000000000e+03 2.037637408366851741e+04
3.580000000000000000e+03 2.034825942749146998e+04
3.581000000000000000e+03 2.035540476053074599e+04
3.582000000000000000e+03 2.040322469451020152e+04
3.583000000000000000e+03 2.045774466205047793e+04
3.584000000000000000e+03 2.041977184587952070e+04
3.585000000000000000e+03 2.040852097777689778e+04
3.586000000000000000e+03 2.039826442562111333e+04
3.587000000000000000e+03 2.039311909594978715e+04
3.588000000000000000e+03 2.039790110006869509e+04
3.589000000000000000e+03 2.041767839802558956e+04
3.590000000000000000e+03 2.043185264701744018e+04
3.591000000000000000e+03 2.047308220121823615e+04
3.592000000000000000e+03 2.048126625700307341e+04
3.593000000000000000e+03 2.045682266562697259e+04
3.594000000000000000e+03 2.047489432476520233e+04
3.595000000000000000e+03 2.044424007476265251e+04
3.596000000000000000e+03 2.039472291344527548e+04
3.597000000000000000e+03 2.040124513041242972e+04
3.598000000000000000e+03 2.041544717878852680e+04
3.599000000000000000e+03 2.043016296273780608e+04
3.600000000000000000e+03 2.045926204939148738e+04
3.601000000000000000e+03 2.042655959803743826e+04
3.602000000000000000e+03 2.040265854388493608e+04
3.603000000000000000e+03 2.042690032553228230e+04
3.604000000000000000e+03 2.044856820912668627e+04
3.605000000000000000e+03 2.048821006322955145e+04
3.606000000000000000e+03 2.047462679892126835e+04
3.607000000000000000e+03 2.044367053300933185e+04
3.608000000000000000e+03 2.040533710160686314e+04
3.609000000000000000e+03 2.040664044618552361e+04
3.610000000000000000e+03 2.042250739462270940e+04
3.611000000000000000e+03 2.043359721011188594e+04
3.612000000000000000e+03 2.044915556460538210e+04
3.613000000000000000e+03 2.045615551563898407e+04
3.614000000000000000e+03 2.046766958170367798e+04
3.615000000000000000e+03 2.047547401338968848e+04
3.616000000000000000e+03 2.049488298174557349e+04
3.617000000000000000e+03 2.049820138031906390e+04
3.618000000000000000e+03 2.047873277986616813e+04
3.619000000000000000e+03 2.046178074577635925e+04
3.620000000000000000e+03 2.049145536444130266e+04
3.621000000000000000e+03 2.045970590479973544e+04
3.622000000000000000e+03 2.049837826598751781e+04
3.623000000000000000e+03 2.053568329407491547e+04
3.624000000000000000e+03 2.056728400975408294e+04
3.625000000000000000e+03 2.059834449470444451e+04
3.626000000000000000e+03 2.060448221286463377e+04
3.627000000000000000e+03 2.058366981123821824e+04
3.628000000000000000e+03 2.060279987014196377e+04
3.629000000000000000e+03 2.058675604115164606e+04
3.630000000000000000e+03 2.057415001263793238e+04
3.631000000000000000e+03 2.060305833150508988e+04
3.632000000000000000e+03 2.062479544215324131e+04
3.633000000000000000e+03 2.064688868025971169e+04
3.634000000000000000e+03 2.063184139304311248e+04
3.635000000000000000e+03 2.066061444663453949e+04
3.636000000000000000e+03 2.068838340683944261e+04
3.637000000000000000e+03 2.067813645318658746e+04
3.638000000000000000e+03 2.071058990306011765e+04
3.639000000000000000e+03 2.073896938403851527e+04
3.640000000000000000e+03 2.074037927698858402e+04
3.641000000000000000e+03 2.074512048912803584e+04
3.642000000000000000e+03 2.073839391293986046e+04
3.643000000000000000e+03 2.075166727932804133e+04
3.644000000000000000e+03 2.077495975757943597e+04
3.645000000000000000e+03 2.083785327305179453e+04
3.646000000000000000e+03 2.081479585133334695e+04
3.647000000000000000e+03 2.083494135829656807e+04
3.648000000000000000e+03 2.085367265182722258e+04
3.649000000000000000e+03 2.084420041226090689e+04
3.650000000000000000e+03 2.084137079842654566e+04
3.651000000000000000e+03 2.080406661381037338e+04
3.652000000000000000e+03 2.080103295877077471e+04
3.653000000000000000e+03 2.082459597603111979e+04
3.654000000000000000e+03 2.081215495175633623e+04
3.655000000000000000e+03 2.079051469535783326e+04
3.656000000000000000e+03 2.080755960790161771e+04
3.657000000000000000e+03 2.080858665778457362e+04
3.658000000000000000e+03 2.081875980498703939e+04
3.659000000000000000e+03 2.084030394537016036e+04
3.660000000000000000e+03 2.086121370438418307e+04
3.661000000000000000e+03 2.087646484882099321e+04
3.662000000000000000e+03 2.087099422267384944e+04
3.663000000000000000e+03 2.088077063255953908e+04
3.664000000000000000e+03 2.086658300938112370e+04
3.665000000000000000e+03 2.086811438726902270e+04
3.666000000000000000e+03 2.085708648978320343e+04
3.667000000000000000e+03 2.087479131541287279e+04
3.668000000000000000e+03 2.090151197426935687e+04
3.669000000000000000e+03 2.089458890811576930e+04
3.670000000000000000e+03 2.084858193434909845e+04
3.671000000000000000e+03 2.089493385846292949e+04
3.672000000000000000e+03 2.089164718536800865e+04
3.673000000000000000e+03 2.089697578485175109e+04
3.674000000000000000e+03 2.088696129713624396e+04
3.675000000000000000e+03 2.094061171557281341e+04
3.676000000000000000e+03 2.090029004932389580e+04
3.677000000000000000e+03 2.087878843116011922e+04
3.678000000000000000e+03 2.088288965493483556e+04
3.679000000000000000e+03 2.089574596551616196e+04
3.680000000000000000e+03 2.085742704309549663e+04
3.681000000000000000e+03 2.088760771500757255e+04
3.682000000000000000e+03 2.090360719612109460e+04
3.683000000000000000e+03 2.093132130986690754e+04
3.684000000000000000e+03 2.094957201275963962e+04
3.685000000000000000e+03 2.099776925231503265e+04
3.686000000000000000e+03 2.097058829301289006e+04
3.687000000000000000e+03 2.096405669261157891e+04
3.688000000000000000e+03 2.094787785088276360e+04
3.689000000000000000e+03 2.096893436644495887e+04
3.690000000000000000e+03 2.097117332498426549e+04
3.691000000000000000e+03 2.095893244461499489e+04
3.692000000000000000e+03 2.092494570385946645e+04
3.693000000000000000e+03 2.090583490055064976e+04
3.694000000000000000e+03 2.091825362656180732e+04
3.695000000000000000e+03 2.092054766985397509e+04
3.696000000000000000e+03 2.094449262695913421e+04
3.697000000000000000e+03 2.097713380397550645e+04
3.698000000000000000e+03 2.096813754792101099e+04
3.699000000000000000e+03 2.095594288747342944e+04
3.700000000000000000e+03 2.095609836222244121e+04
3.701000000000000000e+03 2.092063678403729500e+04
3.702000000000000000e+03 2.095780276923193378e+04
3.703000000000000000e+03 2.098205073167067167e+04
3.704000000000000000e+03 2.097830734868108630e+04
3.705000000000000000e+03 2.097492560563504958e+04
3.706000000000000000e+03 2.097128057260629794e+04
3.707000000000000000e+03 2.096278094328938823e+04
3.708000000000000000e+03 2.096903153368664061e+04
3.709000000000000000e+03 2.103866582159558675e+04
3.710000000000000000e+03 2.108498113562860090e+04
3.711000000000000000e+03 2.104997118013552608e+04
3.712000000000000000e+03 2.105684610066465393e+04
3.713000000000000000e+03 2.104822588939734487e+04
3.714000000000000000e+03 2.104532851196298361e+04
3.715000000000000000e+03 2.104956907871935255e+04
3.716000000000000000e+03 2.105264411803070470e+04
3.717000000000000000e+03 2.107324327757324500e+04
3.718000000000000000e+03 2.106954242769738266e+04
3.719000000000000000e+03 2.109173108468212740e+04
3.720000000000000000e+03 2.102602866926904608e+04
3.721000000000000000e+03 2.102630207768739638e+04
3.722000000000000000e+03 2.105862359216982077e+04
3.723000000000000000e+03 2.105773435264420186e+04
3.724000000000000000e+03 2.108520647810891751e+04
3.725000000000000000e+03 2.107751597880408008e+04
3.726000000000000000e+03 2.107026848738319677e+04
3.727000000000000000e+03 2.108650212436837683e+04
3.728000000000000000e+03 2.108583098583958417e+04
3.729000000000000000e+03 2.105860876238204582e+04
3.730000000000000000e+03 2.106120962018002319e+04
3.731000000000000000e+03 2.104987768187459733e+04
3.732000000000000000e+03 2.105205901711483239e+04
3.733000000000000000e+03 2.102141100999665287e+04
3.734000000000000000e+03 2.104468714357548743e+04
3.735000000000000000e+03 2.109557089988488224e+04
3.736000000000000000e+03 2.109210117490392804e+04
3.737000000000000000e+03 2.110657329753601152e+04
3.738000000000000000e+03 2.113085272130120939e+04
3.739000000000000000e+03 2.111791993806930986e+04
3.740000000000000000e+03 2.113147539297018011e+04
3.741000000000000000e+03 2.112576705401989966e+04
3.742000000000000000e+03 2.108226798727998175e+04
3.743000000000000000e+03 2.109410915451231631e+04
3.744000000000000000e+03 2.105738627304507827e+04
3.745000000000000000e+03 2.104720642668922301e+04
3.746000000000000000e+03 2.105162966434539339e+04
3.747000000000000000e+03 2.103389931709472148e+04
3.748000000000000000e+03 2.102702079226617207e+04
3.749000000000000000e+03 2.098531480519342222e+04
3.750000000000000000e+03 2.100964379966501656e+04
3.751000000000000000e+03 2.102083124380463778e+04
3.752000000000000000e+03 2.104704493748031018e+04
3.753000000000000000e+03 2.105787129371185802e+04
3.754000000000000000e+03 2.112202374593601053e+04
3.755000000000000000e+03 2.115171809507812213e+04
3.756000000000000000e+03 2.113130623151664622e+04
3.757000000000000000e+03 2.111396265130170286e+04
3.758000000000000000e+03 2.110881909666016145e+04
3.759000000000000000e+03 2.113375117448535093e+04
3.760000000000000000e+03 2.114683639631766346e+04
3.761000000000000000e+03 2.113718920811763746e+04
3.762000000000000000e+03 2.116008215211649440e+04
3.763000000000000000e+03 2.121242279515436167e+04
3.764000000000000000e+03 2.117422285905938043e+04
3.765000000000000000e+03 2.113184265451649844e+04
3.766000000000000000e+03 2.115562769957866476e+04
3.767000000000000000e+03 2.116921201408089109e+04
3.768000000000000000e+03 2.119133451553859413e+04
3.769000000000000000e+03 2.125682309529367922e+04
3.770000000000000000e+03 2.122138095605408307e+04
3.771000000000000000e+03 2.117190313082245848e+04
3.772000000000000000e+03 2.117669304171392650e+04
3.773000000000000000e+03 2.119938988077589966e+04
3.774000000000000000e+03 2.117695553676689451e+04
3.775000000000000000e+03 2.118598873708101019e+04
3.776000000000000000e+03 2.122218782114257192e+04
3.777000000000000000e+03 2.124012943769032063e+04
3.778000000000000000e+03 2.130731922273417513e+04
3.779000000000000000e+03 2.133271963713777950e+04
3.780000000000000000e+03 2.130936260108767965e+04
3.781000000000000000e+03 2.135514002285676179e+04
3.782000000000000000e+03 2.136503613225714435e+04
3.783000000000000000e+03 2.136506086933052211e+04
3.784000000000000000e+03 2.134122671613842977e+04
3.785000000000000000e+03 2.135407322068678695e+04
3.786000000000000000e+03 2.136431256205658428e+04
3.787000000000000000e+03 2.138558049123149613e+04
3.788000000000000000e+03 2.142179880904666788e+04
3.789000000000000000e+03 2.138594101316667002e+04
3.790000000000000000e+03 2.137782909414356618e+04
3.791000000000000000e+03 2.140234472204134727e+04
3.792000000000000000e+03 2.135110893527956796e+04
3.793000000000000000e+03 2.134273426385160565e+04
3.794000000000000000e+03 2.134201133251344800e+04
3.795000000000000000e+03 2.131655599073264966e+04
3.796000000000000000e+03 2.134156426618857222e+04
3.797000000000000000e+03 2.136030670018025194e+04
3.798000000000000000e+03 2.137313768849470216e+04
3.799000000000000000e+03 2.139537748024625034e+04
3.800000000000000000e+03 2.139883904692705619e+04
3.801000000000000000e+03 2.140138689544531007e+04
3.802000000000000000e+03 2.136475617790326578e+04
3.803000000000000000e+03 2.138857909947743610e+04
3.804000000000000000e+03 2.137483915102373794e+04
3.805000000000000000e+03 2.138584432099238984e+04
3.806000000000000000e+03 2.139198109020317497e+04
3.807000000000000000e+03 2.140967181328084189e+04
3.808000000000000000e+03 2.142038513695135771e+04
3.809000000000000000e+03 2.143751113323307436e+04
3.810000000000000000e+03 2.143391271691292059e+04
3.811000000000000000e+03 2.145833296467853143e+04
3.812000000000000000e+03 2.145686402605678450e+04
3.813000000000000000e+03 2.149408552602288182e+04
3.814000000000000000e+03 2.150772020961002636e+04
3.815000000000000000e+03 2.150567556784202679e+04
3.816000000000000000e+03 2.152569193276550504e+04
3.817000000000000000e+03 2.156052980156338526e+04
3.818000000000000000e+03 2.156456358579414155e+04
3.819000000000000000e+03 2.158987666973133310e+04
3.820000000000000000e+03 2.161893325090804865e+04
3.821000000000000000e+03 2.162129416732373647e+04
3.822000000000000000e+03 2.164234778869344518e+04
3.823000000000000000e+03 2.162467517728502207e+04
3.824000000000000000e+03 2.162714799189442056e+04
3.825000000000000000e+03 2.160715523359860163e+04
3.826000000000000000e+03 2.160782930636631863e+04
3.827000000000000000e+03 2.159283436297745357e+04
3.828000000000000000e+03 2.158202432727981432e+04
3.829000000000000000e+03 2.154773238985370335e+04
3.830000000000000000e+03 2.157761891607628422e+04
3.831000000000000000e+03 2.157686754832278166e+04
3.832000000000000000e+03 2.158970997980684479e+04
3.833000000000000000e+03 2.161721321870427710e+04
3.834000000000000000e+03 2.162438583659120923e+04
3.835000000000000000e+03 2.163910985050726595e+04
3.836000000000000000e+03 2.167236872717707956e+04
3.837000000000000000e+03 2.167881069172323259e+04
3.838000000000000000e+03 2.167448552441780703e+04
3.839000000000000000e+03 2.169538609055355118e+04
3.840000000000000000e+03 2.172615408489124820e+04
3.841000000000000000e+03 2.177096794378452614e+04
3.842000000000000000e+03 2.176761323029802952e+04
3.843000000000000000e+03 2.181071671895678082e+04
3.844000000000000000e+03 2.181328504395078926e+04
3.845000000000000000e+03 2.180783579185390045e+04
3.846000000000000000e+03 2.177885743264327175e+04
3.847000000000000000e+03 2.172764747749884191e+04
3.848000000000000000e+03 2.175408737866939555e+04
3.849000000000000000e+03 2.174282782836103070e+04
3.850000000000000000e+03 2.172987316957264920e+04
3.851000000000000000e+03 2.176907536761296433e+04
3.852000000000000000e+03 2.179189991723616549e+04
3.853000000000000000e+03 2.183147343279000415e+04
3.854000000000000000e+03 2.182957930538360233e+04
3.855000000000000000e+03 2.185345476554272318e+04
3.856000000000000000e+03 2.184579716590184034e+04
3.857000000000000000e+03 2.183977969677769943e+04
3.858000000000000000e+03 2.185677194273293208e+04
3.859000000000000000e+03 2.183815324705008970e+04
3.860000000000000000e+03 2.183434180706070765e+04
3.861000000000000000e+03 2.184205702920376643e+04
3.862000000000000000e+03 2.189441075491217998e+04
3.863000000000000000e+03 2.189173950902515571e+04
3.864000000000000000e+03 2.189926706775922139e+04
3.865000000000000000e+03 2.190150554335154447e+04
3.866000000000000000e+03 2.190691818524573318e+04
3.867000000000000000e+03 2.188486448845907216e+04
3.868000000000000000e+03 2.185121711360502377e+04
3.869000000000000000e+03 2.185415476476347249e+04
3.870000000000000000e+03 2.188642380425307420e+04
3.871000000000000000e+03 2.186798306681995018e+04
3.872000000000000000e+03 2.187071122855564681e+04
3.873000000000000000e+03 2.192403437231799762e+04
3.874000000000000000e+03 2.196154383042709014e+04
3.875000000000000000e+03 2.195937940391536540e+04
3.876000000000000000e+03 2.201768506866306780e+04
3.877000000000000000e+03 2.198827221731501049e+04
3.878000000000000000e+03 2.197719520898839255e+04
3.879000000000000000e+03 2.203815633967950998e+04
3.880000000000000000e+03 2.207679574430358844e+04
3.881000000000000000e+03 2.208258364544175856e+04
3.882000000000000000e+03 2.209918575295717528e+04
3.883000000000000000e+03 2.207828101732232972e+04
3.884000000000000000e+03 2.209596378267123873e+04
3.885000000000000000e+03 2.209393026994924730e+04
3.886000000000000000e+03 2.213138219240222315e+04
3.887000000000000000e+03 2.214706485252128914e+04
3.888000000000000000e+03 2.213185693258792890e+04
3.889000000000000000e+03 2.213810972245159064e+04
3.890000000000000000e+03 2.213648807169870997e+04
3.891000000000000000e+03 2.210287692864317069e+04
3.892000000000000000e+03 2.206995849970535710e+04
3.893000000000000000e+03 2.211176793329360225e+04
3.894000000000000000e+03 2.209391349614535648e+04
3.895000000000000000e+03 2.209289589412038549e+04
3.896000000000000000e+03 2.209990083029105153e+04
3.897000000000000000e+03 2.210195787710173681e+04
3.898000000000000000e+03 2.208504315888412020e+04
3.899000000000000000e+03 2.209583626067017030e+04
3.900000000000000000e+03 2.209539538528373669e+04
3.901000000000000000e+03 2.211535978048019751e+04
3.902000000000000000e+03 2.209410782761087466e+04
3.903000000000000000e+03 2.210363457172910785e+04
3.904000000000000000e+03 2.214176853615415530e+04
3.905000000000000000e+03 2.213157836008894446e+04
3.906000000000000000e+03 2.213999550763181105e+04
3.907000000000000000e+03 2.212348319540179000e+04
3.908000000000000000e+03 2.215865247379970606e+04
3.909000000000000000e+03 2.216764695358853351e+04
3.910000000000000000e+03 2.221089824483556731e+04
3.911000000000000000e+03 2.223521714340661856e+04
3.912000000000000000e+03 2.221259450096024739e+04
3.913000000000000000e+03 2.226085015436397225e+04
3.914000000000000000e+03 2.225876040198182818e+04
3.915000000000000000e+03 2.225082909691080204e+04
3.916000000000000000e+03 2.224633569063457617e+04
3.917000000000000000e+03 2.225354947775338587e+04
3.918000000000000000e+03 2.226075820961872159e+04
3.919000000000000000e+03 2.227311001136509003e+04
3.920000000000000000e+03 2.226774547123435332e+04
3.921000000000000000e+03 2.228043822354439180e+04
3.922000000000000000e+03 2.227447765349137990e+04
3.923000000000000000e+03 2.225396231942907616e+04
3.924000000000000000e+03 2.228765987445625433e+04
3.925000000000000000e+03 2.229354374287193787e+04
3.926000000000000000e+03 2.229560574380318576e+04
3.927000000000000000e+03 2.230018493905445212e+04
3.928000000000000000e+03 2.229708547372291650e+04
3.929000000000000000e+03 2.232939538740556964e+04
3.930000000000000000e+03 2.233534025317536361e+04
3.931000000000000000e+03 2.234483786321380467e+04
3.932000000000000000e+03 2.236789247208341476e+04
3.933000000000000000e+03 2.237400592677034365e+04
3.934000000000000000e+03 2.244631768798141638e+04
3.935000000000000000e+03 2.244188215856198804e+04
3.936000000000000000e+03 2.242238002946916822e+04
3.937000000000000000e+03 2.243439643411839279e+04
3.938000000000000000e+03 2.242750890343953506e+04
3.939000000000000000e+03 2.238823289644515535e+04
3.940000000000000000e+03 2.235642986098380425e+04
3.941000000000000000e+03 2.233455384228516050e+04
3.942000000000000000e+03 2.232550665595314786e+04
3.943000000000000000e+03 2.235031343654598095e+04
3.944000000000000000e+03 2.234923053899064689e+04
3.945000000000000000e+03 2.233492671040879213e+04
3.946000000000000000e+03 2.236515731469387902e+04
3.947000000000000000e+03 2.239360440587047924e+04
3.948000000000000000e+03 2.243597165383303945e+04
3.949000000000000000e+03 2.239865197800858368e+04
3.950000000000000000e+03 2.241161931531094160e+04
3.951000000000000000e+03 2.240241013576066325e+04
3.952000000000000000e+03 2.246140377563922448e+04
3.953000000000000000e+03 2.247362619620963960e+04
3.954000000000000000e+03 2.250537581628516637e+04
3.955000000000000000e+03 2.252263888475012209e+04
3.956000000000000000e+03 2.253290574265852047e+04
3.957000000000000000e+03 2.255175867838718113e+04
3.958000000000000000e+03 2.252149393918923670e+04
3.959000000000000000e+03 2.248238322276749750e+04
3.960000000000000000e+03 2.245728699876298924e+04
3.961000000000000000e+03 2.246381719353275548e+04
3.962000000000000000e+03 2.248560278420127725e+04
3.963000000000000000e+03 2.250939958799622400e+04
3.964000000000000000e+03 2.253690342990950376e+04
3.965000000000000000e+03 2.254221560060461707e+04
3.966000000000000000e+03 2.251477704099685434e+04
3.967000000000000000e+03 2.254283241442836152e+04
3.968000000000000000e+03 2.253441413098280464e+04
3.969000000000000000e+03 2.249644162261428937e+04
3.970000000000000000e+03 2.249005331648383071e+04
3.971000000000000000e+03 2.250149224545478864e+04
3.972000000000000000e+03 2.252218475227203817e+04
3.973000000000000000e+03 2.251254621699290510e+04
3.974000000000000000e+03 2.248523759891238660e+04
3.975000000000000000e+03 2.242637680983390237e+04
3.976000000000000000e+03 2.245274431091196311e+04
3.977000000000000000e+03 2.247847955022560564e+04
3.978000000000000000e+03 2.248912112316905404e+04
3.979000000000000000e+03 2.249956101296668930e+04
3.980000000000000000e+03 2.255210737242384857e+04
3.981000000000000000e+03 2.253085261007976806e+04
3.982000000000000000e+03 2.253149925902676478e+04
3.983000000000000000e+03 2.250754070445852994e+04
3.984000000000000000e+03 2.254102723905986932e+04
3.985000000000000000e+03 2.255931303800508613e+04
3.986000000000000000e+03 2.258063533109025593e+04
3.987000000000000000e+03 2.260775087523480033e+04
3.988000000000000000e+03 2.262771339266195355e+04
3.989000000000000000e+03 2.264176098475898470e+04
3.990000000000000000e+03 2.266158489980677041e+04
3.991000000000000000e+03 2.266886705322201669e+04
3.992000000000000000e+03 2.265471133012947030e+04
3.993000000000000000e+03 2.267221429721338063e+04
3.994000000000000000e+03 2.268135303840744746e+04
3.995000000000000000e+03 2.268769949069384529e+04
3.996000000000000000e+03 2.268945888583235865e+04
3.997000000000000000e+03 2.269076142864103167e+04
3.998000000000000000e+03 2.266858964702473168e+04
3.999000000000000000e+03 2.270854119949351661e+04
