# time_reduced msd_reduced
# region=central
# central=0.333333333333:0.666666666667
# outer=0:0.250000000000,0.750000000000:1
# transition=0.250000000000:0.333333333333,0.666666666667:0.750000000000
# atom_types=[2]
# n_selected=2544
# subtract_group_com_drift=True
0.000000000000000000e+00 0.000000000000000000e+00
1.000000000000000000e+00 8.684474501414046088e+00
2.000000000000000000e+00 1.440054792541477724e+01
3.000000000000000000e+00 1.954329908568481855e+01
4.000000000000000000e+00 2.423980858434348917e+01
5.000000000000000000e+00 2.951203875984791125e+01
6.000000000000000000e+00 3.376987472564498205e+01
7.000000000000000000e+00 3.913295511774694546e+01
8.000000000000000000e+00 4.620106648219847045e+01
9.000000000000000000e+00 5.247175265237067521e+01
1.000000000000000000e+01 5.659011072363602324e+01
1.100000000000000000e+01 6.063987779934124944e+01
1.200000000000000000e+01 6.623999544485536717e+01
1.300000000000000000e+01 7.237167058707646561e+01
1.400000000000000000e+01 7.774087156126481091e+01
1.500000000000000000e+01 8.540130788890338920e+01
1.600000000000000000e+01 9.566435719582233332e+01
1.700000000000000000e+01 1.026742426482010870e+02
1.800000000000000000e+01 1.076607556361922491e+02
1.900000000000000000e+01 1.134442918069407398e+02
2.000000000000000000e+01 1.203118018784892058e+02
2.100000000000000000e+01 1.248300653696507254e+02
2.200000000000000000e+01 1.292198965176769150e+02
2.300000000000000000e+01 1.334595525940887342e+02
2.400000000000000000e+01 1.401394761512684397e+02
2.500000000000000000e+01 1.495973047271613154e+02
2.600000000000000000e+01 1.571265838216875181e+02
2.700000000000000000e+01 1.613513338443219425e+02
2.800000000000000000e+01 1.672461175792539052e+02
2.900000000000000000e+01 1.725756629702211740e+02
3.000000000000000000e+01 1.826779598722770004e+02
3.100000000000000000e+01 1.846194166437240938e+02
3.200000000000000000e+01 1.923278191202405765e+02
3.300000000000000000e+01 2.030847703336292227e+02
3.400000000000000000e+01 2.123823123045665398e+02
3.500000000000000000e+01 2.196121357291934544e+02
3.600000000000000000e+01 2.286031093049199399e+02
3.700000000000000000e+01 2.312886300564946964e+02
3.800000000000000000e+01 2.363086768640815762e+02
3.900000000000000000e+01 2.422244567657168659e+02
4.000000000000000000e+01 2.504484296075799534e+02
4.100000000000000000e+01 2.543527470768544561e+02
4.200000000000000000e+01 2.613464860844223949e+02
4.300000000000000000e+01 2.695933714900167502e+02
4.400000000000000000e+01 2.744837221933427145e+02
4.500000000000000000e+01 2.781878320860468534e+02
4.600000000000000000e+01 2.817704808000457888e+02
4.700000000000000000e+01 2.905604071351435209e+02
4.800000000000000000e+01 2.983980590831939708e+02
4.900000000000000000e+01 3.087905612651769616e+02
5.000000000000000000e+01 3.221183182128103226e+02
5.100000000000000000e+01 3.314830102186396061e+02
5.200000000000000000e+01 3.358000561637983878e+02
5.300000000000000000e+01 3.433787007529619473e+02
5.400000000000000000e+01 3.487297305429692074e+02
5.500000000000000000e+01 3.529461977131579147e+02
5.600000000000000000e+01 3.555351479008385240e+02
5.700000000000000000e+01 3.595657843458503748e+02
5.800000000000000000e+01 3.652392381090387516e+02
5.900000000000000000e+01 3.669887913694822714e+02
6.000000000000000000e+01 3.719096121797647356e+02
6.100000000000000000e+01 3.767142478577580391e+02
6.200000000000000000e+01 3.827150504683399390e+02
6.300000000000000000e+01 3.897932465191850611e+02
6.400000000000000000e+01 3.950273949988587106e+02
6.500000000000000000e+01 3.996207801238282968e+02
6.600000000000000000e+01 4.069355170571141684e+02
6.700000000000000000e+01 4.106998468962351581e+02
6.800000000000000000e+01 4.204032375724247004e+02
6.900000000000000000e+01 4.326862483306300078e+02
7.000000000000000000e+01 4.392435394118319323e+02
7.100000000000000000e+01 4.438359167463063386e+02
7.200000000000000000e+01 4.502960070251950810e+02
7.300000000000000000e+01 4.578911462625142121e+02
7.400000000000000000e+01 4.672970330124447855e+02
7.500000000000000000e+01 4.779166390421419806e+02
7.600000000000000000e+01 4.886725990928249530e+02
7.700000000000000000e+01 4.981467932724892194e+02
7.800000000000000000e+01 5.059044885359454042e+02
7.900000000000000000e+01 5.138262446221547179e+02
8.000000000000000000e+01 5.164737597371780566e+02
8.100000000000000000e+01 5.266261591306525816e+02
8.200000000000000000e+01 5.330207749176455536e+02
8.300000000000000000e+01 5.388719707783284321e+02
8.400000000000000000e+01 5.491434875645236389e+02
8.500000000000000000e+01 5.532202735209126558e+02
8.600000000000000000e+01 5.534355676735757470e+02
8.700000000000000000e+01 5.584680042437960310e+02
8.800000000000000000e+01 5.677547665791097415e+02
8.900000000000000000e+01 5.736695261856139041e+02
9.000000000000000000e+01 5.750458147229940096e+02
9.100000000000000000e+01 5.818986324135780706e+02
9.200000000000000000e+01 5.838402357873253550e+02
9.300000000000000000e+01 5.949717997933621518e+02
9.400000000000000000e+01 5.989786100315977819e+02
9.500000000000000000e+01 6.010549192125008631e+02
9.600000000000000000e+01 6.016745288694561395e+02
9.700000000000000000e+01 6.043048723392779493e+02
9.800000000000000000e+01 6.104619193595461866e+02
9.900000000000000000e+01 6.230994424065911517e+02
1.000000000000000000e+02 6.253760885363898296e+02
1.010000000000000000e+02 6.265578108424691663e+02
1.020000000000000000e+02 6.321129277786874354e+02
1.030000000000000000e+02 6.359383370185131525e+02
1.040000000000000000e+02 6.495083253713880822e+02
1.050000000000000000e+02 6.586129068369019706e+02
1.060000000000000000e+02 6.715479947418514257e+02
1.070000000000000000e+02 6.831634123275237016e+02
1.080000000000000000e+02 6.806690536850061335e+02
1.090000000000000000e+02 6.937588166662703770e+02
1.100000000000000000e+02 6.982549030206749876e+02
1.110000000000000000e+02 7.007371536927403213e+02
1.120000000000000000e+02 7.057185047990682278e+02
1.130000000000000000e+02 7.162780403343375610e+02
1.140000000000000000e+02 7.247024251861341781e+02
1.150000000000000000e+02 7.373011585713903742e+02
1.160000000000000000e+02 7.430165552313558237e+02
1.170000000000000000e+02 7.462798520785765959e+02
1.180000000000000000e+02 7.574300492400627718e+02
1.190000000000000000e+02 7.636307892024472039e+02
1.200000000000000000e+02 7.686123626993457947e+02
1.210000000000000000e+02 7.741847417086846690e+02
1.220000000000000000e+02 7.822305836073818455e+02
1.230000000000000000e+02 7.931045270365372062e+02
1.240000000000000000e+02 8.002141192236573488e+02
1.250000000000000000e+02 8.030558762719822425e+02
1.260000000000000000e+02 8.071587296289579854e+02
1.270000000000000000e+02 8.045488888104484886e+02
1.280000000000000000e+02 8.104758373942156595e+02
1.290000000000000000e+02 8.123706868516943587e+02
1.300000000000000000e+02 8.201528077929824576e+02
1.310000000000000000e+02 8.246503076740722236e+02
1.320000000000000000e+02 8.299978417409949998e+02
1.330000000000000000e+02 8.340040365156811504e+02
1.340000000000000000e+02 8.375768026335358627e+02
1.350000000000000000e+02 8.400809055695375491e+02
1.360000000000000000e+02 8.374130654356472405e+02
1.370000000000000000e+02 8.420239846522633798e+02
1.380000000000000000e+02 8.586853490070141106e+02
1.390000000000000000e+02 8.608748125049504551e+02
1.400000000000000000e+02 8.677511756668774296e+02
1.410000000000000000e+02 8.752013639999689758e+02
1.420000000000000000e+02 8.788443434251353210e+02
1.430000000000000000e+02 8.857632884444709589e+02
1.440000000000000000e+02 8.867405367107394341e+02
1.450000000000000000e+02 8.831331800910389802e+02
1.460000000000000000e+02 8.935568621854639559e+02
1.470000000000000000e+02 9.001865734865075410e+02
1.480000000000000000e+02 9.089623755637751401e+02
1.490000000000000000e+02 9.103860535865896964e+02
1.500000000000000000e+02 9.120482150236271082e+02
1.510000000000000000e+02 9.204032991561147128e+02
1.520000000000000000e+02 9.235226319717110073e+02
1.530000000000000000e+02 9.293983526098411403e+02
1.540000000000000000e+02 9.377313561647099505e+02
1.550000000000000000e+02 9.452991243502020779e+02
1.560000000000000000e+02 9.528038455335192793e+02
1.570000000000000000e+02 9.594084230422200790e+02
1.580000000000000000e+02 9.667049781035235583e+02
1.590000000000000000e+02 9.725821773697217623e+02
1.600000000000000000e+02 9.794257545220532393e+02
1.610000000000000000e+02 9.907528454717702289e+02
1.620000000000000000e+02 9.967951748594981609e+02
1.630000000000000000e+02 1.008365109937982311e+03
1.640000000000000000e+02 1.013619023468664295e+03
1.650000000000000000e+02 1.016930816267621253e+03
1.660000000000000000e+02 1.024528454205157004e+03
1.670000000000000000e+02 1.023814170221324730e+03
1.680000000000000000e+02 1.030655478402421522e+03
1.690000000000000000e+02 1.033211496717130331e+03
1.700000000000000000e+02 1.034349311923380810e+03
1.710000000000000000e+02 1.047789136339242305e+03
1.720000000000000000e+02 1.045012510263928107e+03
1.730000000000000000e+02 1.049175401773419480e+03
1.740000000000000000e+02 1.043483600543581360e+03
1.750000000000000000e+02 1.056477427651197104e+03
1.760000000000000000e+02 1.067247178670706489e+03
1.770000000000000000e+02 1.059151562097526266e+03
1.780000000000000000e+02 1.070274605310893321e+03
1.790000000000000000e+02 1.077114064917810992e+03
1.800000000000000000e+02 1.085787495283845146e+03
1.810000000000000000e+02 1.093707830595108817e+03
1.820000000000000000e+02 1.099916328105017556e+03
1.830000000000000000e+02 1.096729417131955870e+03
1.840000000000000000e+02 1.095984633717197539e+03
1.850000000000000000e+02 1.098747192208790921e+03
1.860000000000000000e+02 1.103391653027548728e+03
1.870000000000000000e+02 1.112865870038102003e+03
1.880000000000000000e+02 1.127065706358398756e+03
1.890000000000000000e+02 1.146963345052412251e+03
1.900000000000000000e+02 1.150869392349610962e+03
1.910000000000000000e+02 1.152510027883843122e+03
1.920000000000000000e+02 1.158301263713295839e+03
1.930000000000000000e+02 1.166167622385293726e+03
1.940000000000000000e+02 1.174390239165816638e+03
1.950000000000000000e+02 1.175465746153415012e+03
1.960000000000000000e+02 1.180459513417070184e+03
1.970000000000000000e+02 1.191793077901712877e+03
1.980000000000000000e+02 1.193019842295149601e+03
1.990000000000000000e+02 1.195025799217252370e+03
2.000000000000000000e+02 1.202073652500894696e+03
2.010000000000000000e+02 1.208586693305948984e+03
2.020000000000000000e+02 1.217522242151436785e+03
2.030000000000000000e+02 1.222942015678351027e+03
2.040000000000000000e+02 1.225733464782868623e+03
2.050000000000000000e+02 1.233616213185009883e+03
2.060000000000000000e+02 1.235522272686095448e+03
2.070000000000000000e+02 1.231225271929644805e+03
2.080000000000000000e+02 1.239829448900378566e+03
2.090000000000000000e+02 1.241739062024078748e+03
2.100000000000000000e+02 1.247718166678613898e+03
2.110000000000000000e+02 1.256547345149339208e+03
2.120000000000000000e+02 1.266020846425149330e+03
2.130000000000000000e+02 1.265628103273947090e+03
2.140000000000000000e+02 1.275173449529583195e+03
2.150000000000000000e+02 1.283769811984154785e+03
2.160000000000000000e+02 1.289217783892414900e+03
2.170000000000000000e+02 1.302801376024013280e+03
2.180000000000000000e+02 1.301461723817491247e+03
2.190000000000000000e+02 1.307549704960520785e+03
2.200000000000000000e+02 1.304296742004821681e+03
2.210000000000000000e+02 1.305027921167657723e+03
2.220000000000000000e+02 1.303024803045682802e+03
2.230000000000000000e+02 1.304189451815107986e+03
2.240000000000000000e+02 1.308826251801330272e+03
2.250000000000000000e+02 1.309803235623106502e+03
2.260000000000000000e+02 1.314197454905011227e+03
2.270000000000000000e+02 1.313210260948001405e+03
2.280000000000000000e+02 1.322275082511516985e+03
2.290000000000000000e+02 1.324202237276932237e+03
2.300000000000000000e+02 1.327738441680755614e+03
2.310000000000000000e+02 1.344717561969308690e+03
2.320000000000000000e+02 1.352897928224600037e+03
2.330000000000000000e+02 1.367927782951095196e+03
2.340000000000000000e+02 1.378599728769532248e+03
2.350000000000000000e+02 1.377988229134826952e+03
2.360000000000000000e+02 1.390117622425814943e+03
2.370000000000000000e+02 1.398942075431870308e+03
2.380000000000000000e+02 1.398107907341536247e+03
2.390000000000000000e+02 1.418512868162668838e+03
2.400000000000000000e+02 1.410747143703754546e+03
2.410000000000000000e+02 1.418407210971330187e+03
2.420000000000000000e+02 1.429409605667064170e+03
2.430000000000000000e+02 1.438812863215203606e+03
2.440000000000000000e+02 1.443093427712405401e+03
2.450000000000000000e+02 1.449319911360057631e+03
2.460000000000000000e+02 1.453469335748954109e+03
2.470000000000000000e+02 1.448516958767196911e+03
2.480000000000000000e+02 1.457492456860099082e+03
2.490000000000000000e+02 1.449520985076615716e+03
2.500000000000000000e+02 1.460484621174066888e+03
2.510000000000000000e+02 1.462832411781100973e+03
2.520000000000000000e+02 1.469309796638677653e+03
2.530000000000000000e+02 1.479220758794995845e+03
2.540000000000000000e+02 1.469484334853502332e+03
2.550000000000000000e+02 1.481067558065107050e+03
2.560000000000000000e+02 1.498826787309978727e+03
2.570000000000000000e+02 1.509142127663450538e+03
2.580000000000000000e+02 1.509602836353981729e+03
2.590000000000000000e+02 1.502716732817810453e+03
2.600000000000000000e+02 1.511270865562950803e+03
2.610000000000000000e+02 1.518134738619139853e+03
2.620000000000000000e+02 1.528491650993745679e+03
2.630000000000000000e+02 1.546040822350721783e+03
2.640000000000000000e+02 1.561461076658930779e+03
2.650000000000000000e+02 1.578193844535742073e+03
2.660000000000000000e+02 1.579944196302551291e+03
2.670000000000000000e+02 1.584502423852447919e+03
2.680000000000000000e+02 1.587588328122934627e+03
2.690000000000000000e+02 1.589211681852210404e+03
2.700000000000000000e+02 1.598262374639230984e+03
2.710000000000000000e+02 1.606609618297974293e+03
2.720000000000000000e+02 1.610988449373391859e+03
2.730000000000000000e+02 1.610543368942770257e+03
2.740000000000000000e+02 1.616183402272565218e+03
2.750000000000000000e+02 1.633468120666508867e+03
2.760000000000000000e+02 1.643121973262052052e+03
2.770000000000000000e+02 1.646972115360780663e+03
2.780000000000000000e+02 1.654557290892217679e+03
2.790000000000000000e+02 1.649755969707907525e+03
2.800000000000000000e+02 1.655556456902063019e+03
2.810000000000000000e+02 1.657517424041865752e+03
2.820000000000000000e+02 1.672371312893595359e+03
2.830000000000000000e+02 1.667359402844019996e+03
2.840000000000000000e+02 1.684939064052351341e+03
2.850000000000000000e+02 1.689429936015893190e+03
2.860000000000000000e+02 1.710299731319857301e+03
2.870000000000000000e+02 1.709979000133882437e+03
2.880000000000000000e+02 1.712354214658625324e+03
2.890000000000000000e+02 1.721718972777721547e+03
2.900000000000000000e+02 1.718023752138274858e+03
2.910000000000000000e+02 1.731717195661052756e+03
2.920000000000000000e+02 1.744274392247720925e+03
2.930000000000000000e+02 1.753940971198667512e+03
2.940000000000000000e+02 1.756250987432235888e+03
2.950000000000000000e+02 1.761878650900729554e+03
2.960000000000000000e+02 1.771287929091648721e+03
2.970000000000000000e+02 1.784423135089135485e+03
2.980000000000000000e+02 1.791411996676006765e+03
2.990000000000000000e+02 1.799201446081693348e+03
3.000000000000000000e+02 1.800742023151457943e+03
3.010000000000000000e+02 1.816434144180499516e+03
3.020000000000000000e+02 1.821501259203210111e+03
3.030000000000000000e+02 1.828799444546402356e+03
3.040000000000000000e+02 1.840061750163250508e+03
3.050000000000000000e+02 1.832036485989010316e+03
3.060000000000000000e+02 1.833633741718701913e+03
3.070000000000000000e+02 1.842983787259190194e+03
3.080000000000000000e+02 1.846945145753104725e+03
3.090000000000000000e+02 1.866307228208339438e+03
3.100000000000000000e+02 1.880186195005901482e+03
3.110000000000000000e+02 1.877673488509690515e+03
3.120000000000000000e+02 1.874567241941215570e+03
3.130000000000000000e+02 1.864261496419396735e+03
3.140000000000000000e+02 1.874824671009801023e+03
3.150000000000000000e+02 1.872480746865052197e+03
3.160000000000000000e+02 1.877580817595004874e+03
3.170000000000000000e+02 1.888969102359039653e+03
3.180000000000000000e+02 1.903233858556867290e+03
3.190000000000000000e+02 1.904868390054420388e+03
3.200000000000000000e+02 1.908701688260275660e+03
3.210000000000000000e+02 1.915480068757355411e+03
3.220000000000000000e+02 1.920250510367696279e+03
3.230000000000000000e+02 1.941653647291783727e+03
3.240000000000000000e+02 1.954726297556376949e+03
3.250000000000000000e+02 1.971504199962930443e+03
3.260000000000000000e+02 1.985710047062691501e+03
3.270000000000000000e+02 1.987043544261570560e+03
3.280000000000000000e+02 1.986222048579478042e+03
3.290000000000000000e+02 1.991890079367544104e+03
3.300000000000000000e+02 2.001080907567171835e+03
3.310000000000000000e+02 1.989411857583771280e+03
3.320000000000000000e+02 1.998144667253411399e+03
3.330000000000000000e+02 2.009732484262398202e+03
3.340000000000000000e+02 2.019101735031675844e+03
3.350000000000000000e+02 2.025594206392544038e+03
3.360000000000000000e+02 2.038093861938145665e+03
3.370000000000000000e+02 2.043958435320575063e+03
3.380000000000000000e+02 2.047687503474093091e+03
3.390000000000000000e+02 2.055965981907506375e+03
3.400000000000000000e+02 2.069545333879339978e+03
3.410000000000000000e+02 2.058590759570461614e+03
3.420000000000000000e+02 2.066384595023996553e+03
3.430000000000000000e+02 2.065535227728820701e+03
3.440000000000000000e+02 2.077088255647674487e+03
3.450000000000000000e+02 2.083128528201306835e+03
3.460000000000000000e+02 2.083975743903799867e+03
3.470000000000000000e+02 2.079222021686797689e+03
3.480000000000000000e+02 2.077179536265376555e+03
3.490000000000000000e+02 2.084710059293933682e+03
3.500000000000000000e+02 2.088434735698243458e+03
3.510000000000000000e+02 2.100299129019492739e+03
3.520000000000000000e+02 2.107307613569865680e+03
3.530000000000000000e+02 2.110246617485488514e+03
3.540000000000000000e+02 2.111596034025480549e+03
3.550000000000000000e+02 2.116972446089414461e+03
3.560000000000000000e+02 2.125686270485494333e+03
3.570000000000000000e+02 2.121069021075627006e+03
3.580000000000000000e+02 2.113389702846528962e+03
3.590000000000000000e+02 2.109837966743090874e+03
3.600000000000000000e+02 2.124987703664248329e+03
3.610000000000000000e+02 2.119836357727638187e+03
3.620000000000000000e+02 2.126312964247203581e+03
3.630000000000000000e+02 2.133072020223110030e+03
3.640000000000000000e+02 2.133046386361798795e+03
3.650000000000000000e+02 2.148410801293210625e+03
3.660000000000000000e+02 2.160888144675779131e+03
3.670000000000000000e+02 2.158326108869678592e+03
3.680000000000000000e+02 2.168380494296220604e+03
3.690000000000000000e+02 2.170190237520165738e+03
3.700000000000000000e+02 2.187308946082658622e+03
3.710000000000000000e+02 2.201407586479111160e+03
3.720000000000000000e+02 2.196159932139441935e+03
3.730000000000000000e+02 2.187637101162719318e+03
3.740000000000000000e+02 2.187121204680974643e+03
3.750000000000000000e+02 2.189812135848304479e+03
3.760000000000000000e+02 2.200548152031913105e+03
3.770000000000000000e+02 2.216407148833604424e+03
3.780000000000000000e+02 2.222926005064224228e+03
3.790000000000000000e+02 2.224459007057134841e+03
3.800000000000000000e+02 2.235836027659317097e+03
3.810000000000000000e+02 2.240415213042446794e+03
3.820000000000000000e+02 2.232204303385134153e+03
3.830000000000000000e+02 2.237946129982283765e+03
3.840000000000000000e+02 2.254028009042167014e+03
3.850000000000000000e+02 2.264705329839495789e+03
3.860000000000000000e+02 2.262345025886508211e+03
3.870000000000000000e+02 2.267023144505903474e+03
3.880000000000000000e+02 2.269040909706379352e+03
3.890000000000000000e+02 2.284761028628885470e+03
3.900000000000000000e+02 2.285152555677167584e+03
3.910000000000000000e+02 2.288697281097807718e+03
3.920000000000000000e+02 2.285553341253401868e+03
3.930000000000000000e+02 2.291268206573953194e+03
3.940000000000000000e+02 2.309363700930100094e+03
3.950000000000000000e+02 2.323360768943386120e+03
3.960000000000000000e+02 2.325421681852496022e+03
3.970000000000000000e+02 2.331676411646099950e+03
3.980000000000000000e+02 2.340388312836163095e+03
3.990000000000000000e+02 2.341437722292497710e+03
4.000000000000000000e+02 2.347421069467704456e+03
4.010000000000000000e+02 2.353076137612779348e+03
4.020000000000000000e+02 2.347374680794538108e+03
4.030000000000000000e+02 2.340456373000914937e+03
4.040000000000000000e+02 2.354921027670364765e+03
4.050000000000000000e+02 2.358150812028541168e+03
4.060000000000000000e+02 2.377015945557207033e+03
4.070000000000000000e+02 2.376785088092934984e+03
4.080000000000000000e+02 2.379029252459367399e+03
4.090000000000000000e+02 2.376830348109830993e+03
4.100000000000000000e+02 2.371214918702901741e+03
4.110000000000000000e+02 2.369659318571598305e+03
4.120000000000000000e+02 2.370023798745598015e+03
4.130000000000000000e+02 2.380071583818215458e+03
4.140000000000000000e+02 2.400345636940667191e+03
4.150000000000000000e+02 2.407309488392520507e+03
4.160000000000000000e+02 2.409648579414740652e+03
4.170000000000000000e+02 2.416326412501486629e+03
4.180000000000000000e+02 2.419403282784829116e+03
4.190000000000000000e+02 2.434470919243561639e+03
4.200000000000000000e+02 2.439129419464904913e+03
4.210000000000000000e+02 2.451410077872756574e+03
4.220000000000000000e+02 2.450254879210335275e+03
4.230000000000000000e+02 2.464309162086624838e+03
4.240000000000000000e+02 2.457944213481493989e+03
4.250000000000000000e+02 2.455108708101616230e+03
4.260000000000000000e+02 2.471729355774153646e+03
4.270000000000000000e+02 2.461812577249441802e+03
4.280000000000000000e+02 2.467936146600039592e+03
4.290000000000000000e+02 2.471870659322667507e+03
4.300000000000000000e+02 2.486304198333682507e+03
4.310000000000000000e+02 2.491520173686357339e+03
4.320000000000000000e+02 2.492413737612197565e+03
4.330000000000000000e+02 2.493482133583429459e+03
4.340000000000000000e+02 2.501153902970551826e+03
4.350000000000000000e+02 2.501170329976865560e+03
4.360000000000000000e+02 2.516596305768321145e+03
4.370000000000000000e+02 2.519045588846264764e+03
4.380000000000000000e+02 2.504655572951969134e+03
4.390000000000000000e+02 2.526296537185920442e+03
4.400000000000000000e+02 2.533121787368144396e+03
4.410000000000000000e+02 2.540799580021390739e+03
4.420000000000000000e+02 2.537234319572105051e+03
4.430000000000000000e+02 2.534846235626393081e+03
4.440000000000000000e+02 2.526184767029592422e+03
4.450000000000000000e+02 2.531821854481956507e+03
4.460000000000000000e+02 2.529163919262531635e+03
4.470000000000000000e+02 2.541436792509023235e+03
4.480000000000000000e+02 2.554049259335311945e+03
4.490000000000000000e+02 2.553542322495122335e+03
4.500000000000000000e+02 2.548819538410284167e+03
4.510000000000000000e+02 2.550801812905669976e+03
4.520000000000000000e+02 2.564726181447738782e+03
4.530000000000000000e+02 2.563051474370144206e+03
4.540000000000000000e+02 2.561605033139245279e+03
4.550000000000000000e+02 2.554781691365188635e+03
4.560000000000000000e+02 2.552320600841810119e+03
4.570000000000000000e+02 2.551915552555481554e+03
4.580000000000000000e+02 2.551629615385835677e+03
4.590000000000000000e+02 2.558852032694152967e+03
4.600000000000000000e+02 2.586871367008024208e+03
4.610000000000000000e+02 2.593357531858826860e+03
4.620000000000000000e+02 2.610473634402514563e+03
4.630000000000000000e+02 2.618528455856070195e+03
4.640000000000000000e+02 2.627406348188976608e+03
4.650000000000000000e+02 2.635106592923806147e+03
4.660000000000000000e+02 2.641220046326001921e+03
4.670000000000000000e+02 2.641158541086104833e+03
4.680000000000000000e+02 2.643584092706275896e+03
4.690000000000000000e+02 2.641315860570432051e+03
4.700000000000000000e+02 2.651877399151465397e+03
4.710000000000000000e+02 2.669766578730491801e+03
4.720000000000000000e+02 2.655133150287294484e+03
4.730000000000000000e+02 2.661808603775696156e+03
4.740000000000000000e+02 2.679574918313444869e+03
4.750000000000000000e+02 2.669544386747521457e+03
4.760000000000000000e+02 2.680703344871183617e+03
4.770000000000000000e+02 2.681599332967958162e+03
4.780000000000000000e+02 2.690959893367953555e+03
4.790000000000000000e+02 2.687809828463594840e+03
4.800000000000000000e+02 2.702263519456615995e+03
4.810000000000000000e+02 2.705898637635736577e+03
4.820000000000000000e+02 2.707998382428010245e+03
4.830000000000000000e+02 2.717446657395012153e+03
4.840000000000000000e+02 2.718612869166410746e+03
4.850000000000000000e+02 2.716846113764031088e+03
4.860000000000000000e+02 2.713176120644858656e+03
4.870000000000000000e+02 2.710121607589665018e+03
4.880000000000000000e+02 2.730583899496295089e+03
4.890000000000000000e+02 2.725280436510998243e+03
4.900000000000000000e+02 2.743784781493496212e+03
4.910000000000000000e+02 2.754689579466329633e+03
4.920000000000000000e+02 2.766935668691394767e+03
4.930000000000000000e+02 2.772038362896644230e+03
4.940000000000000000e+02 2.782611456249657294e+03
4.950000000000000000e+02 2.802010867147953377e+03
4.960000000000000000e+02 2.800671411850076765e+03
4.970000000000000000e+02 2.805813432868675136e+03
4.980000000000000000e+02 2.815741938912548449e+03
4.990000000000000000e+02 2.829215237946027173e+03
5.000000000000000000e+02 2.834247698270336514e+03
5.010000000000000000e+02 2.830634334406301150e+03
5.020000000000000000e+02 2.840915863745631214e+03
5.030000000000000000e+02 2.840305054238202956e+03
5.040000000000000000e+02 2.843399835936762884e+03
5.050000000000000000e+02 2.854461466065897639e+03
5.060000000000000000e+02 2.858792610813635747e+03
5.070000000000000000e+02 2.887322385719908652e+03
5.080000000000000000e+02 2.908240983943199353e+03
5.090000000000000000e+02 2.919904188596398853e+03
5.100000000000000000e+02 2.922196364874051142e+03
5.110000000000000000e+02 2.929440873644513886e+03
5.120000000000000000e+02 2.944434479061394995e+03
5.130000000000000000e+02 2.949410548470261801e+03
5.140000000000000000e+02 2.943149561443669427e+03
5.150000000000000000e+02 2.951283931326278889e+03
5.160000000000000000e+02 2.965255155144770924e+03
5.170000000000000000e+02 2.977046459915768992e+03
5.180000000000000000e+02 2.978116288677403190e+03
5.190000000000000000e+02 2.982923383018088316e+03
5.200000000000000000e+02 2.972480387062249520e+03
5.210000000000000000e+02 2.984916126272886231e+03
5.220000000000000000e+02 3.010188459575482284e+03
5.230000000000000000e+02 3.025784485501512791e+03
5.240000000000000000e+02 3.028277622784563391e+03
5.250000000000000000e+02 3.026362684961189643e+03
5.260000000000000000e+02 3.032938657428881470e+03
5.270000000000000000e+02 3.037488896990171725e+03
5.280000000000000000e+02 3.036874839994994545e+03
5.290000000000000000e+02 3.057941633070761782e+03
5.300000000000000000e+02 3.051716578320395456e+03
5.310000000000000000e+02 3.067288111158463835e+03
5.320000000000000000e+02 3.081395629185349208e+03
5.330000000000000000e+02 3.094590066034310894e+03
5.340000000000000000e+02 3.094672838555786257e+03
5.350000000000000000e+02 3.093244111618065745e+03
5.360000000000000000e+02 3.101799760318322114e+03
5.370000000000000000e+02 3.096355963508045534e+03
5.380000000000000000e+02 3.106803525689470462e+03
5.390000000000000000e+02 3.115753566282941847e+03
5.400000000000000000e+02 3.126088233918149854e+03
5.410000000000000000e+02 3.131282571265763181e+03
5.420000000000000000e+02 3.150971980635293676e+03
5.430000000000000000e+02 3.149687600237650713e+03
5.440000000000000000e+02 3.159330006562853214e+03
5.450000000000000000e+02 3.173017993517010837e+03
5.460000000000000000e+02 3.169587722308914181e+03
5.470000000000000000e+02 3.143137022602992602e+03
5.480000000000000000e+02 3.145122739951397762e+03
5.490000000000000000e+02 3.152997309232903262e+03
5.500000000000000000e+02 3.175882040166795377e+03
5.510000000000000000e+02 3.192997834849411447e+03
5.520000000000000000e+02 3.193908293812570264e+03
5.530000000000000000e+02 3.181981016416375041e+03
5.540000000000000000e+02 3.190955962644466581e+03
5.550000000000000000e+02 3.210061197686190098e+03
5.560000000000000000e+02 3.225504440297496330e+03
5.570000000000000000e+02 3.220626104371257497e+03
5.580000000000000000e+02 3.220325289938622518e+03
5.590000000000000000e+02 3.229109871535660659e+03
5.600000000000000000e+02 3.242664086640954338e+03
5.610000000000000000e+02 3.250873420030990928e+03
5.620000000000000000e+02 3.256397315493872156e+03
5.630000000000000000e+02 3.250462862010065692e+03
5.640000000000000000e+02 3.264476441879047798e+03
5.650000000000000000e+02 3.268426677978147836e+03
5.660000000000000000e+02 3.267449690218227715e+03
5.670000000000000000e+02 3.273596030967210481e+03
5.680000000000000000e+02 3.275565619488634638e+03
5.690000000000000000e+02 3.284793777328376564e+03
5.700000000000000000e+02 3.294187195497851917e+03
5.710000000000000000e+02 3.299772145193740926e+03
5.720000000000000000e+02 3.306546691921982529e+03
5.730000000000000000e+02 3.325500287204134565e+03
5.740000000000000000e+02 3.328601219210961062e+03
5.750000000000000000e+02 3.341106037113210732e+03
5.760000000000000000e+02 3.345735189801240267e+03
5.770000000000000000e+02 3.346329035654126528e+03
5.780000000000000000e+02 3.359126319037527082e+03
5.790000000000000000e+02 3.373074008765787767e+03
5.800000000000000000e+02 3.378706522201975531e+03
5.810000000000000000e+02 3.389655348275596225e+03
5.820000000000000000e+02 3.390403636759035635e+03
5.830000000000000000e+02 3.396861469263371873e+03
5.840000000000000000e+02 3.408517427433629109e+03
5.850000000000000000e+02 3.407698222092635206e+03
5.860000000000000000e+02 3.426229223513918441e+03
5.870000000000000000e+02 3.438777995804709008e+03
5.880000000000000000e+02 3.449807278088585917e+03
5.890000000000000000e+02 3.446992788218576152e+03
5.900000000000000000e+02 3.451425887363413040e+03
5.910000000000000000e+02 3.464841795528770945e+03
5.920000000000000000e+02 3.468078411046043584e+03
5.930000000000000000e+02 3.472271396113337232e+03
5.940000000000000000e+02 3.480370934364659206e+03
5.950000000000000000e+02 3.496871471063623630e+03
5.960000000000000000e+02 3.498629504054220888e+03
5.970000000000000000e+02 3.515709257121875908e+03
5.980000000000000000e+02 3.530975477638939083e+03
5.990000000000000000e+02 3.539379444851947028e+03
6.000000000000000000e+02 3.515644101761512957e+03
6.010000000000000000e+02 3.534726631060750606e+03
6.020000000000000000e+02 3.530983088525299081e+03
6.030000000000000000e+02 3.549778381276226810e+03
6.040000000000000000e+02 3.554918948617314982e+03
6.050000000000000000e+02 3.553619950024761238e+03
6.060000000000000000e+02 3.571526104787142231e+03
6.070000000000000000e+02 3.572152316115276790e+03
6.080000000000000000e+02 3.575486426796253909e+03
6.090000000000000000e+02 3.599513189132894240e+03
6.100000000000000000e+02 3.599477613668666436e+03
6.110000000000000000e+02 3.613881402857198736e+03
6.120000000000000000e+02 3.612835059729470686e+03
6.130000000000000000e+02 3.604934200782350672e+03
6.140000000000000000e+02 3.625179322077381585e+03
6.150000000000000000e+02 3.622984580473974347e+03
6.160000000000000000e+02 3.624770270477073154e+03
6.170000000000000000e+02 3.615681262203662300e+03
6.180000000000000000e+02 3.630787216808561880e+03
6.190000000000000000e+02 3.638940301760290367e+03
6.200000000000000000e+02 3.651140684289964611e+03
6.210000000000000000e+02 3.646142249949878078e+03
6.220000000000000000e+02 3.659229478082565947e+03
6.230000000000000000e+02 3.675638797900634927e+03
6.240000000000000000e+02 3.683515441081714926e+03
6.250000000000000000e+02 3.683702990046678224e+03
6.260000000000000000e+02 3.693420255500814619e+03
6.270000000000000000e+02 3.700447639368259388e+03
6.280000000000000000e+02 3.706583768291699926e+03
6.290000000000000000e+02 3.695831083603075967e+03
6.300000000000000000e+02 3.709570810812578202e+03
6.310000000000000000e+02 3.724442987148743669e+03
6.320000000000000000e+02 3.733028593718108823e+03
6.330000000000000000e+02 3.737873009179741530e+03
6.340000000000000000e+02 3.741810645679566733e+03
6.350000000000000000e+02 3.754143046027189484e+03
6.360000000000000000e+02 3.763532767291622804e+03
6.370000000000000000e+02 3.759744233846786756e+03
6.380000000000000000e+02 3.765221239788560979e+03
6.390000000000000000e+02 3.764528385052871727e+03
6.400000000000000000e+02 3.781876427827601219e+03
6.410000000000000000e+02 3.777479899747326272e+03
6.420000000000000000e+02 3.803272655822435354e+03
6.430000000000000000e+02 3.794659524990349837e+03
6.440000000000000000e+02 3.799501205728793593e+03
6.450000000000000000e+02 3.792679519429371794e+03
6.460000000000000000e+02 3.784034245822742832e+03
6.470000000000000000e+02 3.789638029688986990e+03
6.480000000000000000e+02 3.803169694783210161e+03
6.490000000000000000e+02 3.799081676209660145e+03
6.500000000000000000e+02 3.812417429989689936e+03
6.510000000000000000e+02 3.823895597904700026e+03
6.520000000000000000e+02 3.823351277971834406e+03
6.530000000000000000e+02 3.838279600962782752e+03
6.540000000000000000e+02 3.841869281613505791e+03
6.550000000000000000e+02 3.852457160321829633e+03
6.560000000000000000e+02 3.839466797272632448e+03
6.570000000000000000e+02 3.838878880587680214e+03
6.580000000000000000e+02 3.842166771864376642e+03
6.590000000000000000e+02 3.850595804585690075e+03
6.600000000000000000e+02 3.839828679308096980e+03
6.610000000000000000e+02 3.848239828244928049e+03
6.620000000000000000e+02 3.861348455202945843e+03
6.630000000000000000e+02 3.850570846439324669e+03
6.640000000000000000e+02 3.873175081589028650e+03
6.650000000000000000e+02 3.862853677367859746e+03
6.660000000000000000e+02 3.881249711326386205e+03
6.670000000000000000e+02 3.870722694742984004e+03
6.680000000000000000e+02 3.875027462645442483e+03
6.690000000000000000e+02 3.885378654178844045e+03
6.700000000000000000e+02 3.892539969235627723e+03
6.710000000000000000e+02 3.901013540402425406e+03
6.720000000000000000e+02 3.885421166831222763e+03
6.730000000000000000e+02 3.885261557628416085e+03
6.740000000000000000e+02 3.890590136470631023e+03
6.750000000000000000e+02 3.913859387537705516e+03
6.760000000000000000e+02 3.912425412180305102e+03
6.770000000000000000e+02 3.902010318541627839e+03
6.780000000000000000e+02 3.932007498961970668e+03
6.790000000000000000e+02 3.949249150148932586e+03
6.800000000000000000e+02 3.938596255603031295e+03
6.810000000000000000e+02 3.938930857592443772e+03
6.820000000000000000e+02 3.958657472006910666e+03
6.830000000000000000e+02 3.937145848533285971e+03
6.840000000000000000e+02 3.959112729552152359e+03
6.850000000000000000e+02 3.971185458827762432e+03
6.860000000000000000e+02 3.970908472968964816e+03
6.870000000000000000e+02 3.999771433917290778e+03
6.880000000000000000e+02 4.015332342213804623e+03
6.890000000000000000e+02 4.010518129749712898e+03
6.900000000000000000e+02 3.989030945235902891e+03
6.910000000000000000e+02 3.986907501588405466e+03
6.920000000000000000e+02 3.982464167952982734e+03
6.930000000000000000e+02 4.000631958717559428e+03
6.940000000000000000e+02 4.002598593530732614e+03
6.950000000000000000e+02 4.016581729895635362e+03
6.960000000000000000e+02 4.020397373592476470e+03
6.970000000000000000e+02 4.016224714056443190e+03
6.980000000000000000e+02 4.016751870848865110e+03
6.990000000000000000e+02 4.021337594108545545e+03
7.000000000000000000e+02 4.015328725579019192e+03
7.010000000000000000e+02 4.013071972807692873e+03
7.020000000000000000e+02 4.017587836540492845e+03
7.030000000000000000e+02 4.025770616091743250e+03
7.040000000000000000e+02 4.026930403367977760e+03
7.050000000000000000e+02 4.029412910670313067e+03
7.060000000000000000e+02 4.037305168535225221e+03
7.070000000000000000e+02 4.035948094566932014e+03
7.080000000000000000e+02 4.059520177042712021e+03
7.090000000000000000e+02 4.060472844665375305e+03
7.100000000000000000e+02 4.064900104149583512e+03
7.110000000000000000e+02 4.077369961348013021e+03
7.120000000000000000e+02 4.073120793371498166e+03
7.130000000000000000e+02 4.075804385369860483e+03
7.140000000000000000e+02 4.090210898579440254e+03
7.150000000000000000e+02 4.088092337469621725e+03
7.160000000000000000e+02 4.073128247059130445e+03
7.170000000000000000e+02 4.084160763152845902e+03
7.180000000000000000e+02 4.083241615368912790e+03
7.190000000000000000e+02 4.091342201800865496e+03
7.200000000000000000e+02 4.085882070600582210e+03
7.210000000000000000e+02 4.072404517009051233e+03
7.220000000000000000e+02 4.080819434744526461e+03
7.230000000000000000e+02 4.084258425188393630e+03
7.240000000000000000e+02 4.089162816212538928e+03
7.250000000000000000e+02 4.103318065120307438e+03
7.260000000000000000e+02 4.113152708889141650e+03
7.270000000000000000e+02 4.112747853272051543e+03
7.280000000000000000e+02 4.115635478464527296e+03
7.290000000000000000e+02 4.124248622160250306e+03
7.300000000000000000e+02 4.126656195215787193e+03
7.310000000000000000e+02 4.116257231753028464e+03
7.320000000000000000e+02 4.129272147609436615e+03
7.330000000000000000e+02 4.117431690671291108e+03
7.340000000000000000e+02 4.124045004000241534e+03
7.350000000000000000e+02 4.130141547961932702e+03
7.360000000000000000e+02 4.142212264234701252e+03
7.370000000000000000e+02 4.143464756416061391e+03
7.380000000000000000e+02 4.161599843343873545e+03
7.390000000000000000e+02 4.178665495864684090e+03
7.400000000000000000e+02 4.178975128301814038e+03
7.410000000000000000e+02 4.171606465047179881e+03
7.420000000000000000e+02 4.182622751170992160e+03
7.430000000000000000e+02 4.191579221509527088e+03
7.440000000000000000e+02 4.207405447137907686e+03
7.450000000000000000e+02 4.197653761369468157e+03
7.460000000000000000e+02 4.202593678572435238e+03
7.470000000000000000e+02 4.211118432811885214e+03
7.480000000000000000e+02 4.225832675391014163e+03
7.490000000000000000e+02 4.228419164917531816e+03
7.500000000000000000e+02 4.228595831373975670e+03
7.510000000000000000e+02 4.244038106135540147e+03
7.520000000000000000e+02 4.244026656532583729e+03
7.530000000000000000e+02 4.240084970048055766e+03
7.540000000000000000e+02 4.252070665476849172e+03
7.550000000000000000e+02 4.255434432948400172e+03
7.560000000000000000e+02 4.252268910809738372e+03
7.570000000000000000e+02 4.258851929643606127e+03
7.580000000000000000e+02 4.253429804484400847e+03
7.590000000000000000e+02 4.231401144212143663e+03
7.600000000000000000e+02 4.232907084286027384e+03
7.610000000000000000e+02 4.254391246874544777e+03
7.620000000000000000e+02 4.266079960290774579e+03
7.630000000000000000e+02 4.251618222090480231e+03
7.640000000000000000e+02 4.272618801835391423e+03
7.650000000000000000e+02 4.289629455006717762e+03
7.660000000000000000e+02 4.289753618361592089e+03
7.670000000000000000e+02 4.291277315980777530e+03
7.680000000000000000e+02 4.302668712025185414e+03
7.690000000000000000e+02 4.311644161327502843e+03
7.700000000000000000e+02 4.324730674700064810e+03
7.710000000000000000e+02 4.339041094686383076e+03
7.720000000000000000e+02 4.326904715594082518e+03
7.730000000000000000e+02 4.325432850620708450e+03
7.740000000000000000e+02 4.337849300805754865e+03
7.750000000000000000e+02 4.318139002013378558e+03
7.760000000000000000e+02 4.325830258757463525e+03
7.770000000000000000e+02 4.329419432320646592e+03
7.780000000000000000e+02 4.331410904027272409e+03
7.790000000000000000e+02 4.333285106027414258e+03
7.800000000000000000e+02 4.337739575784110457e+03
7.810000000000000000e+02 4.350457348039621138e+03
7.820000000000000000e+02 4.344003220839893402e+03
7.830000000000000000e+02 4.345891033347350458e+03
7.840000000000000000e+02 4.342889217192957403e+03
7.850000000000000000e+02 4.360013453123982799e+03
7.860000000000000000e+02 4.368855094107479999e+03
7.870000000000000000e+02 4.378666170876063006e+03
7.880000000000000000e+02 4.375642937857720426e+03
7.890000000000000000e+02 4.374230850030911824e+03
7.900000000000000000e+02 4.384401117923431229e+03
7.910000000000000000e+02 4.403341146547933022e+03
7.920000000000000000e+02 4.398298564843512395e+03
7.930000000000000000e+02 4.387109986319970631e+03
7.940000000000000000e+02 4.394780290649490780e+03
7.950000000000000000e+02 4.391516940664479080e+03
7.960000000000000000e+02 4.389602462847553397e+03
7.970000000000000000e+02 4.399601907746488905e+03
7.980000000000000000e+02 4.385082373853993886e+03
7.990000000000000000e+02 4.393303806561314559e+03
8.000000000000000000e+02 4.397634619561491490e+03
8.010000000000000000e+02 4.402586655242695088e+03
8.020000000000000000e+02 4.396644978605523647e+03
8.030000000000000000e+02 4.393057777306810749e+03
8.040000000000000000e+02 4.398048007676789894e+03
8.050000000000000000e+02 4.410691646345304434e+03
8.060000000000000000e+02 4.413336713683640482e+03
8.070000000000000000e+02 4.408813677858622214e+03
8.080000000000000000e+02 4.409172239423004612e+03
8.090000000000000000e+02 4.417987147781674139e+03
8.100000000000000000e+02 4.414584973689416984e+03
8.110000000000000000e+02 4.427493974434236407e+03
8.120000000000000000e+02 4.428094175458922109e+03
8.130000000000000000e+02 4.424497585013025855e+03
8.140000000000000000e+02 4.436735282245584131e+03
8.150000000000000000e+02 4.443887346748691925e+03
8.160000000000000000e+02 4.435741063374699479e+03
8.170000000000000000e+02 4.451541198845496183e+03
8.180000000000000000e+02 4.472698063085144895e+03
8.190000000000000000e+02 4.490241343111702918e+03
8.200000000000000000e+02 4.508734765261458051e+03
8.210000000000000000e+02 4.498372579044070335e+03
8.220000000000000000e+02 4.491736787761199594e+03
8.230000000000000000e+02 4.492282579784452537e+03
8.240000000000000000e+02 4.489842157333702744e+03
8.250000000000000000e+02 4.509370630260007601e+03
8.260000000000000000e+02 4.505357594760452230e+03
8.270000000000000000e+02 4.513293312079561474e+03
8.280000000000000000e+02 4.529723416177686886e+03
8.290000000000000000e+02 4.536216114864996598e+03
8.300000000000000000e+02 4.536281606229297722e+03
8.310000000000000000e+02 4.553652799116041933e+03
8.320000000000000000e+02 4.576451485600751766e+03
8.330000000000000000e+02 4.581981116006134471e+03
8.340000000000000000e+02 4.573070504312050616e+03
8.350000000000000000e+02 4.568251999728439841e+03
8.360000000000000000e+02 4.583543013519710257e+03
8.370000000000000000e+02 4.575688942449637580e+03
8.380000000000000000e+02 4.571703796855433211e+03
8.390000000000000000e+02 4.549698050057123510e+03
8.400000000000000000e+02 4.563023038892873046e+03
8.410000000000000000e+02 4.565148639858392926e+03
8.420000000000000000e+02 4.568326919405446461e+03
8.430000000000000000e+02 4.582141806957342851e+03
8.440000000000000000e+02 4.591095670202281326e+03
8.450000000000000000e+02 4.590894451147589280e+03
8.460000000000000000e+02 4.596167399285488500e+03
8.470000000000000000e+02 4.588335958445082724e+03
8.480000000000000000e+02 4.595222683739662898e+03
8.490000000000000000e+02 4.612474550917944725e+03
8.500000000000000000e+02 4.628324507029265988e+03
8.510000000000000000e+02 4.632290300609711267e+03
8.520000000000000000e+02 4.651122023016325329e+03
8.530000000000000000e+02 4.642041843524212709e+03
8.540000000000000000e+02 4.635624154905116484e+03
8.550000000000000000e+02 4.649438282991908636e+03
8.560000000000000000e+02 4.681786464488901402e+03
8.570000000000000000e+02 4.708433827803750319e+03
8.580000000000000000e+02 4.710815076932248303e+03
8.590000000000000000e+02 4.684890768772863339e+03
8.600000000000000000e+02 4.683816368726020301e+03
8.610000000000000000e+02 4.712005964416117422e+03
8.620000000000000000e+02 4.705295033141153908e+03
8.630000000000000000e+02 4.705124353945120674e+03
8.640000000000000000e+02 4.712997329409246959e+03
8.650000000000000000e+02 4.718732117512578043e+03
8.660000000000000000e+02 4.731022055549861761e+03
8.670000000000000000e+02 4.749405118657870844e+03
8.680000000000000000e+02 4.744245709625406562e+03
8.690000000000000000e+02 4.762473059972102419e+03
8.700000000000000000e+02 4.767862407476929548e+03
8.710000000000000000e+02 4.782342825330086271e+03
8.720000000000000000e+02 4.785955651269016926e+03
8.730000000000000000e+02 4.794093836243180704e+03
8.740000000000000000e+02 4.803259148215829555e+03
8.750000000000000000e+02 4.805348748741435884e+03
8.760000000000000000e+02 4.815034439304106854e+03
8.770000000000000000e+02 4.832191082520367672e+03
8.780000000000000000e+02 4.845671145493256518e+03
8.790000000000000000e+02 4.844742708722870702e+03
8.800000000000000000e+02 4.841288129214672153e+03
8.810000000000000000e+02 4.854868955158323843e+03
8.820000000000000000e+02 4.842718176545864480e+03
8.830000000000000000e+02 4.856690190189133318e+03
8.840000000000000000e+02 4.869894532662419806e+03
8.850000000000000000e+02 4.861041671124160530e+03
8.860000000000000000e+02 4.867989125478145070e+03
8.870000000000000000e+02 4.894749459123665474e+03
8.880000000000000000e+02 4.918192508241670112e+03
8.890000000000000000e+02 4.925775380481189131e+03
8.900000000000000000e+02 4.951091021842497867e+03
8.910000000000000000e+02 4.956306823255958079e+03
8.920000000000000000e+02 4.947859260096757680e+03
8.930000000000000000e+02 4.946318552081354937e+03
8.940000000000000000e+02 4.970892056764027075e+03
8.950000000000000000e+02 4.974482976996278012e+03
8.960000000000000000e+02 4.976790696173732613e+03
8.970000000000000000e+02 4.976318856233113365e+03
8.980000000000000000e+02 4.969252290043949870e+03
8.990000000000000000e+02 4.964031587684547958e+03
9.000000000000000000e+02 4.985035988794140394e+03
9.010000000000000000e+02 4.973525599808221159e+03
9.020000000000000000e+02 4.987630934676544712e+03
9.030000000000000000e+02 4.986201987412244307e+03
9.040000000000000000e+02 4.977509704449022138e+03
9.050000000000000000e+02 4.987638105354386425e+03
9.060000000000000000e+02 4.996848463584870842e+03
9.070000000000000000e+02 4.992353823241216560e+03
9.080000000000000000e+02 4.976023514114216596e+03
9.090000000000000000e+02 5.003799878196247846e+03
9.100000000000000000e+02 5.010443133380678773e+03
9.110000000000000000e+02 5.026614378518719604e+03
9.120000000000000000e+02 5.042058952140301699e+03
9.130000000000000000e+02 5.047545980527416759e+03
9.140000000000000000e+02 5.050200232125082039e+03
9.150000000000000000e+02 5.050187769334128461e+03
9.160000000000000000e+02 5.045361239446227955e+03
9.170000000000000000e+02 5.047598456852157142e+03
9.180000000000000000e+02 5.056045954958915900e+03
9.190000000000000000e+02 5.057778179895506582e+03
9.200000000000000000e+02 5.069353682181099430e+03
9.210000000000000000e+02 5.083905717913091394e+03
9.220000000000000000e+02 5.095520251620529962e+03
9.230000000000000000e+02 5.101120094711961428e+03
9.240000000000000000e+02 5.111787742319475910e+03
9.250000000000000000e+02 5.120938470504706856e+03
9.260000000000000000e+02 5.121414339237930108e+03
9.270000000000000000e+02 5.142094747588957034e+03
9.280000000000000000e+02 5.135832358977710101e+03
9.290000000000000000e+02 5.132611902892601393e+03
9.300000000000000000e+02 5.135854599497189156e+03
9.310000000000000000e+02 5.139758733132278394e+03
9.320000000000000000e+02 5.126925993107679460e+03
9.330000000000000000e+02 5.116911484808508249e+03
9.340000000000000000e+02 5.127840027847781130e+03
9.350000000000000000e+02 5.146117722603115908e+03
9.360000000000000000e+02 5.175057646501740237e+03
9.370000000000000000e+02 5.180177250668877605e+03
9.380000000000000000e+02 5.178182498687570842e+03
9.390000000000000000e+02 5.201328942479412035e+03
9.400000000000000000e+02 5.201422363112243147e+03
9.410000000000000000e+02 5.227083201596897197e+03
9.420000000000000000e+02 5.237534179126760137e+03
9.430000000000000000e+02 5.236326511020082762e+03
9.440000000000000000e+02 5.229651452887892447e+03
9.450000000000000000e+02 5.218358219849227680e+03
9.460000000000000000e+02 5.233396773936544378e+03
9.470000000000000000e+02 5.233663026804714718e+03
9.480000000000000000e+02 5.230864216040311476e+03
9.490000000000000000e+02 5.212863983182775883e+03
9.500000000000000000e+02 5.220084373255313039e+03
9.510000000000000000e+02 5.230878930324896828e+03
9.520000000000000000e+02 5.250958687781565459e+03
9.530000000000000000e+02 5.251832234834924748e+03
9.540000000000000000e+02 5.246646872260685086e+03
9.550000000000000000e+02 5.247535616451319584e+03
9.560000000000000000e+02 5.244098168243428518e+03
9.570000000000000000e+02 5.244469754051638120e+03
9.580000000000000000e+02 5.256687871884257220e+03
9.590000000000000000e+02 5.244114866181879734e+03
9.600000000000000000e+02 5.240262784832250873e+03
9.610000000000000000e+02 5.256095931862224461e+03
9.620000000000000000e+02 5.258127010688036535e+03
9.630000000000000000e+02 5.235977941991011903e+03
9.640000000000000000e+02 5.236997650932262331e+03
9.650000000000000000e+02 5.244123573897850292e+03
9.660000000000000000e+02 5.243419392218873327e+03
9.670000000000000000e+02 5.242750830123854030e+03
9.680000000000000000e+02 5.243124477496435247e+03
9.690000000000000000e+02 5.255124246542515721e+03
9.700000000000000000e+02 5.240432996000069579e+03
9.710000000000000000e+02 5.254494926813067650e+03
9.720000000000000000e+02 5.274016134330878231e+03
9.730000000000000000e+02 5.279497479472599480e+03
9.740000000000000000e+02 5.282736333156667570e+03
9.750000000000000000e+02 5.283181145208666749e+03
9.760000000000000000e+02 5.260848226873640670e+03
9.770000000000000000e+02 5.264246170362368503e+03
9.780000000000000000e+02 5.265199558496805366e+03
9.790000000000000000e+02 5.277285058148087046e+03
9.800000000000000000e+02 5.282758378523519241e+03
9.810000000000000000e+02 5.289480317613979423e+03
9.820000000000000000e+02 5.291503723116219589e+03
9.830000000000000000e+02 5.309448346728417164e+03
9.840000000000000000e+02 5.307360840614905101e+03
9.850000000000000000e+02 5.331831902730269576e+03
9.860000000000000000e+02 5.332434630109369209e+03
9.870000000000000000e+02 5.322510673066650270e+03
9.880000000000000000e+02 5.341262808633477107e+03
9.890000000000000000e+02 5.369499005229369686e+03
9.900000000000000000e+02 5.383789721739171910e+03
9.910000000000000000e+02 5.373185244432645959e+03
9.920000000000000000e+02 5.384905560259149752e+03
9.930000000000000000e+02 5.384199089759613344e+03
9.940000000000000000e+02 5.367126001912166430e+03
9.950000000000000000e+02 5.389026280080731340e+03
9.960000000000000000e+02 5.386498159817861051e+03
9.970000000000000000e+02 5.387669732475467754e+03
9.980000000000000000e+02 5.375949401393743756e+03
9.990000000000000000e+02 5.381348837868648843e+03
1.000000000000000000e+03 5.393293459071730467e+03
1.001000000000000000e+03 5.396226569369110621e+03
1.002000000000000000e+03 5.392609103141657215e+03
1.003000000000000000e+03 5.377511149493535413e+03
1.004000000000000000e+03 5.368952329620534329e+03
1.005000000000000000e+03 5.368429855045335898e+03
1.006000000000000000e+03 5.356238536693003880e+03
1.007000000000000000e+03 5.337060458378026851e+03
1.008000000000000000e+03 5.328768638851573996e+03
1.009000000000000000e+03 5.332958838694834412e+03
1.010000000000000000e+03 5.361424618024141637e+03
1.011000000000000000e+03 5.355438918961564013e+03
1.012000000000000000e+03 5.357398315930220633e+03
1.013000000000000000e+03 5.353976592869316846e+03
1.014000000000000000e+03 5.385636658539037853e+03
1.015000000000000000e+03 5.386658410911776627e+03
1.016000000000000000e+03 5.408112796248147788e+03
1.017000000000000000e+03 5.407621754207945742e+03
1.018000000000000000e+03 5.426995865630503431e+03
1.019000000000000000e+03 5.434611533855721063e+03
1.020000000000000000e+03 5.448681148889414544e+03
1.021000000000000000e+03 5.466946174165516823e+03
1.022000000000000000e+03 5.481258418988115409e+03
1.023000000000000000e+03 5.487264987654022661e+03
1.024000000000000000e+03 5.506557368251666048e+03
1.025000000000000000e+03 5.513263255144771392e+03
1.026000000000000000e+03 5.518731924714890738e+03
1.027000000000000000e+03 5.515267333622561637e+03
1.028000000000000000e+03 5.511990235271461643e+03
1.029000000000000000e+03 5.517093777933334422e+03
1.030000000000000000e+03 5.533139870255022288e+03
1.031000000000000000e+03 5.552251555836434818e+03
1.032000000000000000e+03 5.571995065578328649e+03
1.033000000000000000e+03 5.560829252787951191e+03
1.034000000000000000e+03 5.582338593729311469e+03
1.035000000000000000e+03 5.584890329212926190e+03
1.036000000000000000e+03 5.590863068522414324e+03
1.037000000000000000e+03 5.628692711290181251e+03
1.038000000000000000e+03 5.617112667944513305e+03
1.039000000000000000e+03 5.632446662567109342e+03
1.040000000000000000e+03 5.626141866368431693e+03
1.041000000000000000e+03 5.647242722040453373e+03
1.042000000000000000e+03 5.647572550402592242e+03
1.043000000000000000e+03 5.645349298318546062e+03
1.044000000000000000e+03 5.651922362413425617e+03
1.045000000000000000e+03 5.647459561335750550e+03
1.046000000000000000e+03 5.658048780160105707e+03
1.047000000000000000e+03 5.673177228119049687e+03
1.048000000000000000e+03 5.687560760317132917e+03
1.049000000000000000e+03 5.688333795107220794e+03
1.050000000000000000e+03 5.697918503459754902e+03
1.051000000000000000e+03 5.705198811985866996e+03
1.052000000000000000e+03 5.698978642827843942e+03
1.053000000000000000e+03 5.686260460648059052e+03
1.054000000000000000e+03 5.686999138788548407e+03
1.055000000000000000e+03 5.688991515339624129e+03
1.056000000000000000e+03 5.674874299993284694e+03
1.057000000000000000e+03 5.668787254398453115e+03
1.058000000000000000e+03 5.704719783610556988e+03
1.059000000000000000e+03 5.720457830678155915e+03
1.060000000000000000e+03 5.727981675386109600e+03
1.061000000000000000e+03 5.711543171419737519e+03
1.062000000000000000e+03 5.722111979653735943e+03
1.063000000000000000e+03 5.714164015156256028e+03
1.064000000000000000e+03 5.728460351494022689e+03
1.065000000000000000e+03 5.754752295970884916e+03
1.066000000000000000e+03 5.747382707476825090e+03
1.067000000000000000e+03 5.742216380297785690e+03
1.068000000000000000e+03 5.749871126290625398e+03
1.069000000000000000e+03 5.741173739252159066e+03
1.070000000000000000e+03 5.757736115320157296e+03
1.071000000000000000e+03 5.765530036710413697e+03
1.072000000000000000e+03 5.779493879006373390e+03
1.073000000000000000e+03 5.783081108217073051e+03
1.074000000000000000e+03 5.798572688778944212e+03
1.075000000000000000e+03 5.800672402973116732e+03
1.076000000000000000e+03 5.787395755161826855e+03
1.077000000000000000e+03 5.786214012799770899e+03
1.078000000000000000e+03 5.793833528758837019e+03
1.079000000000000000e+03 5.777566943718085895e+03
1.080000000000000000e+03 5.798067655626216037e+03
1.081000000000000000e+03 5.831466381361019558e+03
1.082000000000000000e+03 5.850287169477142015e+03
1.083000000000000000e+03 5.832072102771791833e+03
1.084000000000000000e+03 5.826960265294832425e+03
1.085000000000000000e+03 5.859330933936065776e+03
1.086000000000000000e+03 5.869486066260506959e+03
1.087000000000000000e+03 5.855491555413950664e+03
1.088000000000000000e+03 5.867532138331254828e+03
1.089000000000000000e+03 5.876186457719784812e+03
1.090000000000000000e+03 5.867291630462476860e+03
1.091000000000000000e+03 5.863776049705812511e+03
1.092000000000000000e+03 5.872936341717363575e+03
1.093000000000000000e+03 5.885775120612949650e+03
1.094000000000000000e+03 5.907859782158117014e+03
1.095000000000000000e+03 5.890707109584816862e+03
1.096000000000000000e+03 5.896926531760634134e+03
1.097000000000000000e+03 5.885371366912724625e+03
1.098000000000000000e+03 5.877698715574202652e+03
1.099000000000000000e+03 5.891076878098220732e+03
1.100000000000000000e+03 5.892831553776722103e+03
1.101000000000000000e+03 5.897917381315131934e+03
1.102000000000000000e+03 5.907546597196009316e+03
1.103000000000000000e+03 5.901656989196174436e+03
1.104000000000000000e+03 5.895125662599151838e+03
1.105000000000000000e+03 5.903682163012936144e+03
1.106000000000000000e+03 5.940997041684025135e+03
1.107000000000000000e+03 5.939386038459369047e+03
1.108000000000000000e+03 5.915316110387198933e+03
1.109000000000000000e+03 5.908591596970048158e+03
1.110000000000000000e+03 5.905663078848026998e+03
1.111000000000000000e+03 5.919682557032386285e+03
1.112000000000000000e+03 5.936282208593484938e+03
1.113000000000000000e+03 5.946182391593177272e+03
1.114000000000000000e+03 5.947806517844861446e+03
1.115000000000000000e+03 5.965455465205293876e+03
1.116000000000000000e+03 5.951739166730494617e+03
1.117000000000000000e+03 5.961184155316320357e+03
1.118000000000000000e+03 5.965703236967849080e+03
1.119000000000000000e+03 5.987011695536957632e+03
1.120000000000000000e+03 5.982898852584057749e+03
1.121000000000000000e+03 5.984646463562912686e+03
1.122000000000000000e+03 6.001860050759199112e+03
1.123000000000000000e+03 6.015971463138888794e+03
1.124000000000000000e+03 6.044684122923008545e+03
1.125000000000000000e+03 6.062941272623945224e+03
1.126000000000000000e+03 6.067663959194679592e+03
1.127000000000000000e+03 6.078954641356326647e+03
1.128000000000000000e+03 6.069030680683270475e+03
1.129000000000000000e+03 6.069893115565734661e+03
1.130000000000000000e+03 6.097531193685691505e+03
1.131000000000000000e+03 6.126607671153661613e+03
1.132000000000000000e+03 6.128204273146154264e+03
1.133000000000000000e+03 6.122941920356576702e+03
1.134000000000000000e+03 6.103983969453212012e+03
1.135000000000000000e+03 6.114353395689823628e+03
1.136000000000000000e+03 6.128993174534913123e+03
1.137000000000000000e+03 6.116310013931447429e+03
1.138000000000000000e+03 6.126958837407079045e+03
1.139000000000000000e+03 6.124044833142928837e+03
1.140000000000000000e+03 6.121298827571582478e+03
1.141000000000000000e+03 6.103170972444314430e+03
1.142000000000000000e+03 6.124668079687860882e+03
1.143000000000000000e+03 6.136642310472447207e+03
1.144000000000000000e+03 6.137484540077819474e+03
1.145000000000000000e+03 6.165486854721257259e+03
1.146000000000000000e+03 6.193253799831903052e+03
1.147000000000000000e+03 6.195066202312669702e+03
1.148000000000000000e+03 6.190046735053438169e+03
1.149000000000000000e+03 6.190542267113360140e+03
1.150000000000000000e+03 6.186897253839672885e+03
1.151000000000000000e+03 6.186912956342434882e+03
1.152000000000000000e+03 6.191690899014235583e+03
1.153000000000000000e+03 6.183869703446107451e+03
1.154000000000000000e+03 6.192944080882933122e+03
1.155000000000000000e+03 6.198034524795019024e+03
1.156000000000000000e+03 6.181284952471773067e+03
1.157000000000000000e+03 6.202144311853908221e+03
1.158000000000000000e+03 6.193755295738875247e+03
1.159000000000000000e+03 6.197306414793035401e+03
1.160000000000000000e+03 6.220976727491095517e+03
1.161000000000000000e+03 6.221935780010147937e+03
1.162000000000000000e+03 6.225048168721940783e+03
1.163000000000000000e+03 6.258917217744281515e+03
1.164000000000000000e+03 6.260941944830100510e+03
1.165000000000000000e+03 6.263089809231688378e+03
1.166000000000000000e+03 6.234629582007935824e+03
1.167000000000000000e+03 6.237724258303693205e+03
1.168000000000000000e+03 6.234575228797860291e+03
1.169000000000000000e+03 6.246808122345899392e+03
1.170000000000000000e+03 6.272807001180854968e+03
1.171000000000000000e+03 6.267936044437292367e+03
1.172000000000000000e+03 6.270157833889987160e+03
1.173000000000000000e+03 6.282744293370428750e+03
1.174000000000000000e+03 6.277188606958485252e+03
1.175000000000000000e+03 6.286441948370220416e+03
1.176000000000000000e+03 6.289709090014755930e+03
1.177000000000000000e+03 6.291583703711435192e+03
1.178000000000000000e+03 6.295098428489091020e+03
1.179000000000000000e+03 6.307951310386699333e+03
1.180000000000000000e+03 6.322692579842257146e+03
1.181000000000000000e+03 6.318296260124082437e+03
1.182000000000000000e+03 6.343646450725294017e+03
1.183000000000000000e+03 6.341922706033600662e+03
1.184000000000000000e+03 6.360052954530050556e+03
1.185000000000000000e+03 6.348101909512351085e+03
1.186000000000000000e+03 6.354301486380318238e+03
1.187000000000000000e+03 6.355787079384979734e+03
1.188000000000000000e+03 6.368382546981994892e+03
1.189000000000000000e+03 6.356789295986795878e+03
1.190000000000000000e+03 6.365700838669571567e+03
1.191000000000000000e+03 6.381988998741710020e+03
1.192000000000000000e+03 6.401645116501568737e+03
1.193000000000000000e+03 6.390021968030009702e+03
1.194000000000000000e+03 6.398743226744842104e+03
1.195000000000000000e+03 6.416954105752904070e+03
1.196000000000000000e+03 6.419747110043669636e+03
1.197000000000000000e+03 6.439838199008326228e+03
1.198000000000000000e+03 6.425585637037826928e+03
1.199000000000000000e+03 6.437139007785130161e+03
1.200000000000000000e+03 6.449866101626182171e+03
1.201000000000000000e+03 6.463831201725117353e+03
1.202000000000000000e+03 6.474408245900603106e+03
1.203000000000000000e+03 6.485147775692542382e+03
1.204000000000000000e+03 6.493348155099600262e+03
1.205000000000000000e+03 6.495687610507349746e+03
1.206000000000000000e+03 6.471003794286857556e+03
1.207000000000000000e+03 6.487310561121523278e+03
1.208000000000000000e+03 6.501602544560144452e+03
1.209000000000000000e+03 6.505803921438998259e+03
1.210000000000000000e+03 6.511944797169378035e+03
1.211000000000000000e+03 6.498029332462901039e+03
1.212000000000000000e+03 6.509822684951200245e+03
1.213000000000000000e+03 6.507368977591017938e+03
1.214000000000000000e+03 6.517137022766646623e+03
1.215000000000000000e+03 6.502529153016476812e+03
1.216000000000000000e+03 6.541218359385036820e+03
1.217000000000000000e+03 6.542194338690564109e+03
1.218000000000000000e+03 6.569291274300492660e+03
1.219000000000000000e+03 6.570130020590462664e+03
1.220000000000000000e+03 6.572680008373832607e+03
1.221000000000000000e+03 6.578338699673776318e+03
1.222000000000000000e+03 6.588801556757908656e+03
1.223000000000000000e+03 6.563656941566126989e+03
1.224000000000000000e+03 6.566628119949526081e+03
1.225000000000000000e+03 6.583781866582214207e+03
1.226000000000000000e+03 6.590343385570166902e+03
1.227000000000000000e+03 6.599535765908315625e+03
1.228000000000000000e+03 6.605541062364082791e+03
1.229000000000000000e+03 6.608713182081228297e+03
1.230000000000000000e+03 6.605240833441782343e+03
1.231000000000000000e+03 6.615210253298247153e+03
1.232000000000000000e+03 6.634957363671021085e+03
1.233000000000000000e+03 6.647305342405492411e+03
1.234000000000000000e+03 6.643473558350427993e+03
1.235000000000000000e+03 6.636705414363204000e+03
1.236000000000000000e+03 6.652977085525549228e+03
1.237000000000000000e+03 6.655095933626666920e+03
1.238000000000000000e+03 6.655986187455033360e+03
1.239000000000000000e+03 6.656849617411921827e+03
1.240000000000000000e+03 6.674405757709382669e+03
1.241000000000000000e+03 6.685060029242917153e+03
1.242000000000000000e+03 6.698021803573122270e+03
1.243000000000000000e+03 6.714080890450259176e+03
1.244000000000000000e+03 6.739766011764005270e+03
1.245000000000000000e+03 6.740717556626594160e+03
1.246000000000000000e+03 6.739700364172868831e+03
1.247000000000000000e+03 6.762558639904256779e+03
1.248000000000000000e+03 6.758468707196558171e+03
1.249000000000000000e+03 6.780605768255432849e+03
1.250000000000000000e+03 6.809652246144664787e+03
1.251000000000000000e+03 6.813589738990071965e+03
1.252000000000000000e+03 6.787375534933617928e+03
1.253000000000000000e+03 6.779554560384982324e+03
1.254000000000000000e+03 6.799650356461006595e+03
1.255000000000000000e+03 6.825160536932697141e+03
1.256000000000000000e+03 6.831069255544871339e+03
1.257000000000000000e+03 6.824284038227486235e+03
1.258000000000000000e+03 6.842634351938991131e+03
1.259000000000000000e+03 6.847538973962210548e+03
1.260000000000000000e+03 6.855076170308630026e+03
1.261000000000000000e+03 6.850340460151388470e+03
1.262000000000000000e+03 6.840958474102845685e+03
1.263000000000000000e+03 6.850289266950604542e+03
1.264000000000000000e+03 6.860407059537001260e+03
1.265000000000000000e+03 6.874564904897068118e+03
1.266000000000000000e+03 6.871007150314791943e+03
1.267000000000000000e+03 6.862192366989015682e+03
1.268000000000000000e+03 6.855876541250653645e+03
1.269000000000000000e+03 6.840996926242270092e+03
1.270000000000000000e+03 6.859730394744732621e+03
1.271000000000000000e+03 6.858930970554155465e+03
1.272000000000000000e+03 6.866081878349571525e+03
1.273000000000000000e+03 6.898461395187284324e+03
1.274000000000000000e+03 6.901512658504603678e+03
1.275000000000000000e+03 6.899196493689216368e+03
1.276000000000000000e+03 6.930934186828047132e+03
1.277000000000000000e+03 6.934349229045367792e+03
1.278000000000000000e+03 6.952575781636470310e+03
1.279000000000000000e+03 6.958415082186208565e+03
1.280000000000000000e+03 6.964138910395857238e+03
1.281000000000000000e+03 6.959728553864975765e+03
1.282000000000000000e+03 6.961079951719834753e+03
1.283000000000000000e+03 6.962397864136263706e+03
1.284000000000000000e+03 6.988781692191782895e+03
1.285000000000000000e+03 6.985003517004690366e+03
1.286000000000000000e+03 6.986595210190576836e+03
1.287000000000000000e+03 6.998830280087642677e+03
1.288000000000000000e+03 6.983925133503071265e+03
1.289000000000000000e+03 6.987838811991134207e+03
1.290000000000000000e+03 6.975421884782749657e+03
1.291000000000000000e+03 6.996368366021822112e+03
1.292000000000000000e+03 7.011430788644539462e+03
1.293000000000000000e+03 6.989615540668700305e+03
1.294000000000000000e+03 6.989163486781896609e+03
1.295000000000000000e+03 6.974019482738074657e+03
1.296000000000000000e+03 6.970035794262522359e+03
1.297000000000000000e+03 6.986289602660452147e+03
1.298000000000000000e+03 6.990273056136122250e+03
1.299000000000000000e+03 6.983518544321349509e+03
1.300000000000000000e+03 7.000766862748531821e+03
1.301000000000000000e+03 7.006868657331102440e+03
1.302000000000000000e+03 7.006553539346817161e+03
1.303000000000000000e+03 7.014837910389448552e+03
1.304000000000000000e+03 7.011780114905816845e+03
1.305000000000000000e+03 7.008196526413305037e+03
1.306000000000000000e+03 7.025625891169427632e+03
1.307000000000000000e+03 7.051980364086039117e+03
1.308000000000000000e+03 7.066101945858782528e+03
1.309000000000000000e+03 7.076598712329968293e+03
1.310000000000000000e+03 7.088215406065256502e+03
1.311000000000000000e+03 7.080937937672503722e+03
1.312000000000000000e+03 7.092235765310299939e+03
1.313000000000000000e+03 7.103354029258623996e+03
1.314000000000000000e+03 7.115242011159093636e+03
1.315000000000000000e+03 7.133691429875567337e+03
1.316000000000000000e+03 7.131408700332952321e+03
1.317000000000000000e+03 7.129659068802969159e+03
1.318000000000000000e+03 7.161795809792621185e+03
1.319000000000000000e+03 7.153690899727602300e+03
1.320000000000000000e+03 7.136951333613864335e+03
1.321000000000000000e+03 7.147192767941834973e+03
1.322000000000000000e+03 7.157220669794133755e+03
1.323000000000000000e+03 7.173972862332852856e+03
1.324000000000000000e+03 7.167597552086675023e+03
1.325000000000000000e+03 7.157071321830377201e+03
1.326000000000000000e+03 7.160422687869508991e+03
1.327000000000000000e+03 7.173308937678879374e+03
1.328000000000000000e+03 7.198460356486166347e+03
1.329000000000000000e+03 7.174816650922111876e+03
1.330000000000000000e+03 7.151741093189681123e+03
1.331000000000000000e+03 7.173273444715985534e+03
1.332000000000000000e+03 7.176218638616616772e+03
1.333000000000000000e+03 7.191977607091826030e+03
1.334000000000000000e+03 7.185270420464968083e+03
1.335000000000000000e+03 7.168063526862151775e+03
1.336000000000000000e+03 7.173884860690730420e+03
1.337000000000000000e+03 7.204414716299791507e+03
1.338000000000000000e+03 7.214031289464254769e+03
1.339000000000000000e+03 7.225962372179001250e+03
1.340000000000000000e+03 7.225356699444385413e+03
1.341000000000000000e+03 7.219337153136795678e+03
1.342000000000000000e+03 7.218866428337708385e+03
1.343000000000000000e+03 7.225854978116399252e+03
1.344000000000000000e+03 7.249562942126595772e+03
1.345000000000000000e+03 7.253929788396890217e+03
1.346000000000000000e+03 7.257343571780820639e+03
1.347000000000000000e+03 7.257118646377873119e+03
1.348000000000000000e+03 7.249291670172867271e+03
1.349000000000000000e+03 7.255424112177194729e+03
1.350000000000000000e+03 7.258413189333014088e+03
1.351000000000000000e+03 7.277512335248560703e+03
1.352000000000000000e+03 7.263609678283432913e+03
1.353000000000000000e+03 7.246467654573107211e+03
1.354000000000000000e+03 7.266885781203672195e+03
1.355000000000000000e+03 7.278898985007016563e+03
1.356000000000000000e+03 7.265162196578039584e+03
1.357000000000000000e+03 7.278958522714630817e+03
1.358000000000000000e+03 7.268628602781578593e+03
1.359000000000000000e+03 7.288034079134871718e+03
1.360000000000000000e+03 7.302610874044908087e+03
1.361000000000000000e+03 7.301623608381079066e+03
1.362000000000000000e+03 7.312278487626205788e+03
1.363000000000000000e+03 7.315620663131206129e+03
1.364000000000000000e+03 7.338984610222921219e+03
1.365000000000000000e+03 7.353574750839085027e+03
1.366000000000000000e+03 7.374335419497915609e+03
1.367000000000000000e+03 7.350992666352211927e+03
1.368000000000000000e+03 7.337938063701931242e+03
1.369000000000000000e+03 7.344848152771181958e+03
1.370000000000000000e+03 7.327156232705908224e+03
1.371000000000000000e+03 7.344130091897905004e+03
1.372000000000000000e+03 7.339861518359282854e+03
1.373000000000000000e+03 7.352264805256251748e+03
1.374000000000000000e+03 7.357451015631044356e+03
1.375000000000000000e+03 7.359141908057888031e+03
1.376000000000000000e+03 7.364541473259710074e+03
1.377000000000000000e+03 7.392146227550320873e+03
1.378000000000000000e+03 7.414380735820706832e+03
1.379000000000000000e+03 7.414634091746703234e+03
1.380000000000000000e+03 7.429965215770357645e+03
1.381000000000000000e+03 7.454117729571316886e+03
1.382000000000000000e+03 7.441138808602525387e+03
1.383000000000000000e+03 7.411609671838259601e+03
1.384000000000000000e+03 7.389679680910542629e+03
1.385000000000000000e+03 7.415434501979221750e+03
1.386000000000000000e+03 7.450726825685730546e+03
1.387000000000000000e+03 7.434167332259902651e+03
1.388000000000000000e+03 7.433816664019031123e+03
1.389000000000000000e+03 7.431433920678202412e+03
1.390000000000000000e+03 7.433219628385510987e+03
1.391000000000000000e+03 7.439541008781770870e+03
1.392000000000000000e+03 7.450438820517886597e+03
1.393000000000000000e+03 7.444702550284116114e+03
1.394000000000000000e+03 7.463903544851646075e+03
1.395000000000000000e+03 7.477009450411119360e+03
1.396000000000000000e+03 7.473822244542329827e+03
1.397000000000000000e+03 7.484327557297759995e+03
1.398000000000000000e+03 7.489245894016481543e+03
1.399000000000000000e+03 7.485775473988465819e+03
1.400000000000000000e+03 7.497212603492016569e+03
1.401000000000000000e+03 7.508169074013429054e+03
1.402000000000000000e+03 7.507351802795630647e+03
1.403000000000000000e+03 7.509013680060713341e+03
1.404000000000000000e+03 7.513631604316980884e+03
1.405000000000000000e+03 7.523577864989569207e+03
1.406000000000000000e+03 7.535918593761386546e+03
1.407000000000000000e+03 7.540443205008019504e+03
1.408000000000000000e+03 7.535017857379416455e+03
1.409000000000000000e+03 7.548381829849561655e+03
1.410000000000000000e+03 7.539799763244895985e+03
1.411000000000000000e+03 7.550266743249245337e+03
1.412000000000000000e+03 7.562294478273573077e+03
1.413000000000000000e+03 7.589577552459360959e+03
1.414000000000000000e+03 7.623061073665129697e+03
1.415000000000000000e+03 7.616797710679579723e+03
1.416000000000000000e+03 7.639515654317115150e+03
1.417000000000000000e+03 7.630471639890857659e+03
1.418000000000000000e+03 7.640054996694312649e+03
1.419000000000000000e+03 7.641419803882012275e+03
1.420000000000000000e+03 7.650134956676914044e+03
1.421000000000000000e+03 7.670857258972167074e+03
1.422000000000000000e+03 7.643252730854426773e+03
1.423000000000000000e+03 7.640504933467635965e+03
1.424000000000000000e+03 7.632766584048395998e+03
1.425000000000000000e+03 7.654049754242468225e+03
1.426000000000000000e+03 7.683659462891759176e+03
1.427000000000000000e+03 7.676594630487589711e+03
1.428000000000000000e+03 7.657952007403944663e+03
1.429000000000000000e+03 7.664494959568329250e+03
1.430000000000000000e+03 7.684430719225247230e+03
1.431000000000000000e+03 7.687165403209211036e+03
1.432000000000000000e+03 7.678612907983778314e+03
1.433000000000000000e+03 7.706866145800846425e+03
1.434000000000000000e+03 7.716299422441038587e+03
1.435000000000000000e+03 7.713720962457176938e+03
1.436000000000000000e+03 7.698635155373132875e+03
1.437000000000000000e+03 7.676831833363598889e+03
1.438000000000000000e+03 7.670237571219724487e+03
1.439000000000000000e+03 7.674486666873160175e+03
1.440000000000000000e+03 7.670841803107053238e+03
1.441000000000000000e+03 7.681103266965465991e+03
1.442000000000000000e+03 7.705242330125729495e+03
1.443000000000000000e+03 7.693225146164672879e+03
1.444000000000000000e+03 7.675623011681936987e+03
1.445000000000000000e+03 7.682283863844700136e+03
1.446000000000000000e+03 7.693218577008005923e+03
1.447000000000000000e+03 7.686469708117474511e+03
1.448000000000000000e+03 7.688752349970326577e+03
1.449000000000000000e+03 7.720910705540645722e+03
1.450000000000000000e+03 7.716435276358133706e+03
1.451000000000000000e+03 7.704121276944520105e+03
1.452000000000000000e+03 7.705752514854879337e+03
1.453000000000000000e+03 7.705841798025786375e+03
1.454000000000000000e+03 7.720100308182478329e+03
1.455000000000000000e+03 7.751433267385175895e+03
1.456000000000000000e+03 7.785435214928165806e+03
1.457000000000000000e+03 7.769696530583115418e+03
1.458000000000000000e+03 7.777819952755899976e+03
1.459000000000000000e+03 7.766482977120680516e+03
1.460000000000000000e+03 7.785893682830741454e+03
1.461000000000000000e+03 7.802400586529836801e+03
1.462000000000000000e+03 7.823259394050593073e+03
1.463000000000000000e+03 7.819114400968648624e+03
1.464000000000000000e+03 7.819092015499494664e+03
1.465000000000000000e+03 7.836477927154870486e+03
1.466000000000000000e+03 7.839190803771870378e+03
1.467000000000000000e+03 7.836434113940807038e+03
1.468000000000000000e+03 7.863207532026440276e+03
1.469000000000000000e+03 7.907494424167713078e+03
1.470000000000000000e+03 7.934183808872915506e+03
1.471000000000000000e+03 7.940540141692965335e+03
1.472000000000000000e+03 7.960820302817743141e+03
1.473000000000000000e+03 7.977026712786547250e+03
1.474000000000000000e+03 7.969168916719499975e+03
1.475000000000000000e+03 7.961337864985566739e+03
1.476000000000000000e+03 7.990308762388772266e+03
1.477000000000000000e+03 7.995130277679119899e+03
1.478000000000000000e+03 7.975120947309995245e+03
1.479000000000000000e+03 7.987237750898535523e+03
1.480000000000000000e+03 7.984483570750622675e+03
1.481000000000000000e+03 7.979168473800946231e+03
1.482000000000000000e+03 7.992949771748776584e+03
1.483000000000000000e+03 8.016587685886490362e+03
1.484000000000000000e+03 8.043053628987852790e+03
1.485000000000000000e+03 8.008884878074478365e+03
1.486000000000000000e+03 8.024699599047829906e+03
1.487000000000000000e+03 8.047373162082883027e+03
1.488000000000000000e+03 8.033346568239423505e+03
1.489000000000000000e+03 8.044989535928768419e+03
1.490000000000000000e+03 8.057004785732809978e+03
1.491000000000000000e+03 8.058140578549526253e+03
1.492000000000000000e+03 8.071089902086879192e+03
1.493000000000000000e+03 8.074469642365667823e+03
1.494000000000000000e+03 8.082145459154137825e+03
1.495000000000000000e+03 8.099863781076706800e+03
1.496000000000000000e+03 8.115150244790788747e+03
1.497000000000000000e+03 8.118159490376917347e+03
1.498000000000000000e+03 8.137671325945922035e+03
1.499000000000000000e+03 8.150089714970225941e+03
1.500000000000000000e+03 8.131165045282402389e+03
1.501000000000000000e+03 8.140385417559433336e+03
1.502000000000000000e+03 8.170588536176013804e+03
1.503000000000000000e+03 8.181946315755700198e+03
1.504000000000000000e+03 8.179310290047354101e+03
1.505000000000000000e+03 8.178822377713830974e+03
1.506000000000000000e+03 8.202718993407264861e+03
1.507000000000000000e+03 8.210391790477880932e+03
1.508000000000000000e+03 8.219376388041891914e+03
1.509000000000000000e+03 8.220301713849214138e+03
1.510000000000000000e+03 8.237199015578073158e+03
1.511000000000000000e+03 8.234865653145438046e+03
1.512000000000000000e+03 8.242833931122571812e+03
1.513000000000000000e+03 8.243977111696864085e+03
1.514000000000000000e+03 8.268361296654036778e+03
1.515000000000000000e+03 8.261697887544720288e+03
1.516000000000000000e+03 8.252823786931972791e+03
1.517000000000000000e+03 8.249904690031527934e+03
1.518000000000000000e+03 8.244912508988623813e+03
1.519000000000000000e+03 8.264155408913979045e+03
1.520000000000000000e+03 8.268773069685626979e+03
1.521000000000000000e+03 8.247242846090723106e+03
1.522000000000000000e+03 8.245937210850182964e+03
1.523000000000000000e+03 8.264818027511124455e+03
1.524000000000000000e+03 8.264089420399033770e+03
1.525000000000000000e+03 8.247291718363485415e+03
1.526000000000000000e+03 8.261717931540531936e+03
1.527000000000000000e+03 8.259007944362119815e+03
1.528000000000000000e+03 8.291579307681644423e+03
1.529000000000000000e+03 8.270798437092716995e+03
1.530000000000000000e+03 8.274842051780531619e+03
1.531000000000000000e+03 8.279070953660384475e+03
1.532000000000000000e+03 8.274869863201416592e+03
1.533000000000000000e+03 8.284907776292267954e+03
1.534000000000000000e+03 8.288710693606322820e+03
1.535000000000000000e+03 8.275323873897255908e+03
1.536000000000000000e+03 8.302664034333025484e+03
1.537000000000000000e+03 8.313050132703521740e+03
1.538000000000000000e+03 8.298904992245190442e+03
1.539000000000000000e+03 8.304388352650747038e+03
1.540000000000000000e+03 8.318362466389016845e+03
1.541000000000000000e+03 8.321909388931266221e+03
1.542000000000000000e+03 8.357954313523568999e+03
1.543000000000000000e+03 8.364386395858326068e+03
1.544000000000000000e+03 8.347829067007118283e+03
1.545000000000000000e+03 8.337155663181483760e+03
1.546000000000000000e+03 8.338150235983328457e+03
1.547000000000000000e+03 8.380692659767142686e+03
1.548000000000000000e+03 8.424093621467342018e+03
1.549000000000000000e+03 8.432878416788476898e+03
1.550000000000000000e+03 8.424798749874402347e+03
1.551000000000000000e+03 8.413824934338734238e+03
1.552000000000000000e+03 8.443783794681728978e+03
1.553000000000000000e+03 8.442918840452684890e+03
1.554000000000000000e+03 8.470884540045284666e+03
1.555000000000000000e+03 8.457885440953905345e+03
1.556000000000000000e+03 8.429561670474293351e+03
1.557000000000000000e+03 8.414127613698483401e+03
1.558000000000000000e+03 8.436254994747141609e+03
1.559000000000000000e+03 8.451255190383575609e+03
1.560000000000000000e+03 8.451813852688257612e+03
1.561000000000000000e+03 8.438250033297241316e+03
1.562000000000000000e+03 8.441796846173809172e+03
1.563000000000000000e+03 8.458350008749697736e+03
1.564000000000000000e+03 8.436564824982195205e+03
1.565000000000000000e+03 8.443208266284464116e+03
1.566000000000000000e+03 8.442801605453336379e+03
1.567000000000000000e+03 8.440776102513522346e+03
1.568000000000000000e+03 8.443732591004105416e+03
1.569000000000000000e+03 8.436059215666635282e+03
1.570000000000000000e+03 8.456366226699403342e+03
1.571000000000000000e+03 8.481066727941386489e+03
1.572000000000000000e+03 8.501641113694306114e+03
1.573000000000000000e+03 8.523407025376774982e+03
1.574000000000000000e+03 8.519444550488078676e+03
1.575000000000000000e+03 8.496142923976171005e+03
1.576000000000000000e+03 8.479951772915113906e+03
1.577000000000000000e+03 8.520265637176556993e+03
1.578000000000000000e+03 8.502424948122567002e+03
1.579000000000000000e+03 8.513091348127723904e+03
1.580000000000000000e+03 8.528518025018482149e+03
1.581000000000000000e+03 8.533924923642642170e+03
1.582000000000000000e+03 8.538391789008695923e+03
1.583000000000000000e+03 8.540972910928514466e+03
1.584000000000000000e+03 8.537586066274288896e+03
1.585000000000000000e+03 8.544392188497917232e+03
1.586000000000000000e+03 8.565259303942457336e+03
1.587000000000000000e+03 8.538349777436589648e+03
1.588000000000000000e+03 8.536725908180431361e+03
1.589000000000000000e+03 8.547904980775065269e+03
1.590000000000000000e+03 8.565166680088697831e+03
1.591000000000000000e+03 8.557067215597979157e+03
1.592000000000000000e+03 8.539011023223640223e+03
1.593000000000000000e+03 8.554747085465618511e+03
1.594000000000000000e+03 8.548215437172208112e+03
1.595000000000000000e+03 8.556743517872973825e+03
1.596000000000000000e+03 8.574842971035155642e+03
1.597000000000000000e+03 8.543858606798949040e+03
1.598000000000000000e+03 8.535425191791338875e+03
1.599000000000000000e+03 8.561956374124609283e+03
1.600000000000000000e+03 8.559069567861040923e+03
1.601000000000000000e+03 8.563302192347722666e+03
1.602000000000000000e+03 8.581931995227021616e+03
1.603000000000000000e+03 8.593083221066171973e+03
1.604000000000000000e+03 8.605942191072552305e+03
1.605000000000000000e+03 8.591675524150170531e+03
1.606000000000000000e+03 8.603983982231278787e+03
1.607000000000000000e+03 8.629073186606990930e+03
1.608000000000000000e+03 8.596056866318938773e+03
1.609000000000000000e+03 8.593882775369092997e+03
1.610000000000000000e+03 8.604239752870169468e+03
1.611000000000000000e+03 8.620064222147506371e+03
1.612000000000000000e+03 8.606562609800141217e+03
1.613000000000000000e+03 8.587532201511796302e+03
1.614000000000000000e+03 8.570118849956157646e+03
1.615000000000000000e+03 8.586434120827849256e+03
1.616000000000000000e+03 8.595720237743724283e+03
1.617000000000000000e+03 8.592099619847376744e+03
1.618000000000000000e+03 8.605618677301774369e+03
1.619000000000000000e+03 8.616571254090369621e+03
1.620000000000000000e+03 8.617925831815060519e+03
1.621000000000000000e+03 8.598581750097779150e+03
1.622000000000000000e+03 8.601813367451528393e+03
1.623000000000000000e+03 8.607809481443724508e+03
1.624000000000000000e+03 8.613598960432376771e+03
1.625000000000000000e+03 8.587882460187594916e+03
1.626000000000000000e+03 8.606376439287361791e+03
1.627000000000000000e+03 8.600449628103740906e+03
1.628000000000000000e+03 8.612524373446107347e+03
1.629000000000000000e+03 8.611899927679631219e+03
1.630000000000000000e+03 8.616052550873662767e+03
1.631000000000000000e+03 8.616349789924190191e+03
1.632000000000000000e+03 8.626360506600869485e+03
1.633000000000000000e+03 8.618672311389613242e+03
1.634000000000000000e+03 8.598948980358087283e+03
1.635000000000000000e+03 8.623310326304470436e+03
1.636000000000000000e+03 8.631302177854113324e+03
1.637000000000000000e+03 8.654326262522869001e+03
1.638000000000000000e+03 8.646731396105407839e+03
1.639000000000000000e+03 8.651879120826370126e+03
1.640000000000000000e+03 8.655355001618472670e+03
1.641000000000000000e+03 8.644810629980085650e+03
1.642000000000000000e+03 8.675405775228067796e+03
1.643000000000000000e+03 8.701117839337097394e+03
1.644000000000000000e+03 8.678034925530573673e+03
1.645000000000000000e+03 8.680134937189986886e+03
1.646000000000000000e+03 8.667767347751101624e+03
1.647000000000000000e+03 8.677467938217067058e+03
1.648000000000000000e+03 8.689981045941720367e+03
1.649000000000000000e+03 8.728591027049880722e+03
1.650000000000000000e+03 8.731631798287618949e+03
1.651000000000000000e+03 8.717601149840182188e+03
1.652000000000000000e+03 8.717176436348388961e+03
1.653000000000000000e+03 8.717424477620304970e+03
1.654000000000000000e+03 8.747688570518517736e+03
1.655000000000000000e+03 8.762025060784824745e+03
1.656000000000000000e+03 8.742044894030657815e+03
1.657000000000000000e+03 8.751546311696387420e+03
1.658000000000000000e+03 8.760577450685295844e+03
1.659000000000000000e+03 8.767980672907027838e+03
1.660000000000000000e+03 8.769610372356932203e+03
1.661000000000000000e+03 8.792994802564251586e+03
1.662000000000000000e+03 8.811930342977784676e+03
1.663000000000000000e+03 8.795474173034772321e+03
1.664000000000000000e+03 8.792920414783800879e+03
1.665000000000000000e+03 8.773273636905534659e+03
1.666000000000000000e+03 8.804628759925059057e+03
1.667000000000000000e+03 8.825475249768840513e+03
1.668000000000000000e+03 8.848905625103421698e+03
1.669000000000000000e+03 8.868102450665297511e+03
1.670000000000000000e+03 8.856524700176065380e+03
1.671000000000000000e+03 8.865605038517231151e+03
1.672000000000000000e+03 8.896321063653182136e+03
1.673000000000000000e+03 8.904090628249392466e+03
1.674000000000000000e+03 8.915987375488111866e+03
1.675000000000000000e+03 8.910133745456019824e+03
1.676000000000000000e+03 8.917619872872415726e+03
1.677000000000000000e+03 8.914865216783084179e+03
1.678000000000000000e+03 8.903132016326719167e+03
1.679000000000000000e+03 8.911988492961849261e+03
1.680000000000000000e+03 8.906848419444955653e+03
1.681000000000000000e+03 8.876567909598506958e+03
1.682000000000000000e+03 8.862176241584948002e+03
1.683000000000000000e+03 8.859473319245862513e+03
1.684000000000000000e+03 8.866975103206546919e+03
1.685000000000000000e+03 8.886751590714671693e+03
1.686000000000000000e+03 8.920812496636113792e+03
1.687000000000000000e+03 8.952287821067257028e+03
1.688000000000000000e+03 8.962679040037595769e+03
1.689000000000000000e+03 8.949415826953680153e+03
1.690000000000000000e+03 8.944027186138968318e+03
1.691000000000000000e+03 8.963737573421158231e+03
1.692000000000000000e+03 8.965775604825861592e+03
1.693000000000000000e+03 8.946558250361496903e+03
1.694000000000000000e+03 8.962850835735056535e+03
1.695000000000000000e+03 8.984819490496658545e+03
1.696000000000000000e+03 8.979790876982699046e+03
1.697000000000000000e+03 8.991952510196719231e+03
1.698000000000000000e+03 8.992392108740332333e+03
1.699000000000000000e+03 8.980179438056014988e+03
1.700000000000000000e+03 8.996520102105310798e+03
1.701000000000000000e+03 9.019003885079968313e+03
1.702000000000000000e+03 9.032961209754117590e+03
1.703000000000000000e+03 9.054638654369578944e+03
1.704000000000000000e+03 9.053167695962660218e+03
1.705000000000000000e+03 9.055437515519834051e+03
1.706000000000000000e+03 9.052595296893112391e+03
1.707000000000000000e+03 9.061803109134236365e+03
1.708000000000000000e+03 9.062892983628709771e+03
1.709000000000000000e+03 9.054577049667910615e+03
1.710000000000000000e+03 9.063262625065839529e+03
1.711000000000000000e+03 9.074779619269413161e+03
1.712000000000000000e+03 9.096769849996882840e+03
1.713000000000000000e+03 9.088926477732245985e+03
1.714000000000000000e+03 9.107251315782190431e+03
1.715000000000000000e+03 9.145264444370584897e+03
1.716000000000000000e+03 9.123937195705522754e+03
1.717000000000000000e+03 9.145865071515354430e+03
1.718000000000000000e+03 9.160953898078099883e+03
1.719000000000000000e+03 9.170183904912988510e+03
1.720000000000000000e+03 9.203174148138070450e+03
1.721000000000000000e+03 9.223411528354194161e+03
1.722000000000000000e+03 9.230327977077551623e+03
1.723000000000000000e+03 9.255598287550435998e+03
1.724000000000000000e+03 9.261611054375011008e+03
1.725000000000000000e+03 9.259461543515471931e+03
1.726000000000000000e+03 9.283149204514571466e+03
1.727000000000000000e+03 9.300616036385414191e+03
1.728000000000000000e+03 9.305726337896059704e+03
1.729000000000000000e+03 9.306559137321786693e+03
1.730000000000000000e+03 9.325598061287228120e+03
1.731000000000000000e+03 9.290871725821465589e+03
1.732000000000000000e+03 9.300050362130996291e+03
1.733000000000000000e+03 9.314516705486214050e+03
1.734000000000000000e+03 9.313432326599029693e+03
1.735000000000000000e+03 9.332414434423959392e+03
1.736000000000000000e+03 9.344622461228995235e+03
1.737000000000000000e+03 9.350381013150145009e+03
1.738000000000000000e+03 9.343622377578258238e+03
1.739000000000000000e+03 9.333520765988250787e+03
1.740000000000000000e+03 9.346992887433329088e+03
1.741000000000000000e+03 9.352083508256444475e+03
1.742000000000000000e+03 9.367176074008524665e+03
1.743000000000000000e+03 9.377250982730851320e+03
1.744000000000000000e+03 9.378340043953203349e+03
1.745000000000000000e+03 9.396458787545157975e+03
1.746000000000000000e+03 9.401400647466402006e+03
1.747000000000000000e+03 9.395474368145258268e+03
1.748000000000000000e+03 9.388007079469645760e+03
1.749000000000000000e+03 9.392697206197892228e+03
1.750000000000000000e+03 9.372798123437110917e+03
1.751000000000000000e+03 9.380617353068726516e+03
1.752000000000000000e+03 9.360781817270701140e+03
1.753000000000000000e+03 9.380930360653879688e+03
1.754000000000000000e+03 9.407476459444369539e+03
1.755000000000000000e+03 9.395214042614357822e+03
1.756000000000000000e+03 9.368033930071851501e+03
1.757000000000000000e+03 9.384921621382660305e+03
1.758000000000000000e+03 9.409377262852769491e+03
1.759000000000000000e+03 9.438647442895156928e+03
1.760000000000000000e+03 9.459813273192778070e+03
1.761000000000000000e+03 9.431851448956895183e+03
1.762000000000000000e+03 9.423766100927550724e+03
1.763000000000000000e+03 9.442928970352677425e+03
1.764000000000000000e+03 9.436436996475813430e+03
1.765000000000000000e+03 9.449593505035812996e+03
1.766000000000000000e+03 9.435236920961222495e+03
1.767000000000000000e+03 9.444409184251724582e+03
1.768000000000000000e+03 9.452824462939455771e+03
1.769000000000000000e+03 9.477974711656690488e+03
1.770000000000000000e+03 9.488723548330392077e+03
1.771000000000000000e+03 9.488550183797393402e+03
1.772000000000000000e+03 9.475987032196217115e+03
1.773000000000000000e+03 9.459384581561636878e+03
1.774000000000000000e+03 9.471625597256657784e+03
1.775000000000000000e+03 9.495722447371947055e+03
1.776000000000000000e+03 9.482659416568694724e+03
1.777000000000000000e+03 9.492089323296984730e+03
1.778000000000000000e+03 9.492306270102299095e+03
1.779000000000000000e+03 9.496132005826169916e+03
1.780000000000000000e+03 9.514297114457045609e+03
1.781000000000000000e+03 9.488909717506978268e+03
1.782000000000000000e+03 9.475239966271527010e+03
1.783000000000000000e+03 9.480622423155064098e+03
1.784000000000000000e+03 9.498255059116734628e+03
1.785000000000000000e+03 9.489899316843560882e+03
1.786000000000000000e+03 9.483756414975285225e+03
1.787000000000000000e+03 9.503656174836687569e+03
1.788000000000000000e+03 9.522166605687498304e+03
1.789000000000000000e+03 9.547827139830851593e+03
1.790000000000000000e+03 9.549058226744888088e+03
1.791000000000000000e+03 9.536463196660299218e+03
1.792000000000000000e+03 9.539916558394841559e+03
1.793000000000000000e+03 9.528653614846660275e+03
1.794000000000000000e+03 9.520540867786901799e+03
1.795000000000000000e+03 9.527096317308747530e+03
1.796000000000000000e+03 9.541223230029625483e+03
1.797000000000000000e+03 9.556233398520345872e+03
1.798000000000000000e+03 9.584675885967828435e+03
1.799000000000000000e+03 9.568597352334691095e+03
1.800000000000000000e+03 9.592378457792270638e+03
1.801000000000000000e+03 9.602188453677739744e+03
1.802000000000000000e+03 9.625890397739533000e+03
1.803000000000000000e+03 9.615039822395481679e+03
1.804000000000000000e+03 9.608547251420435714e+03
1.805000000000000000e+03 9.608264681366803416e+03
1.806000000000000000e+03 9.617754772563839651e+03
1.807000000000000000e+03 9.625461174669890170e+03
1.808000000000000000e+03 9.619461844464851310e+03
1.809000000000000000e+03 9.640102236005202940e+03
1.810000000000000000e+03 9.653993079873489478e+03
1.811000000000000000e+03 9.669729017673320413e+03
1.812000000000000000e+03 9.674281458902649319e+03
1.813000000000000000e+03 9.705204911466338672e+03
1.814000000000000000e+03 9.730654978908447447e+03
1.815000000000000000e+03 9.720147915391016795e+03
1.816000000000000000e+03 9.703920216953352792e+03
1.817000000000000000e+03 9.714249871114476264e+03
1.818000000000000000e+03 9.702515070205479788e+03
1.819000000000000000e+03 9.693875915312939469e+03
1.820000000000000000e+03 9.687114565316584049e+03
1.821000000000000000e+03 9.669852316075945055e+03
1.822000000000000000e+03 9.683274548445579057e+03
1.823000000000000000e+03 9.723045634204387170e+03
1.824000000000000000e+03 9.758290317140808838e+03
1.825000000000000000e+03 9.770234954365734666e+03
1.826000000000000000e+03 9.761581192355564781e+03
1.827000000000000000e+03 9.765790784303622786e+03
1.828000000000000000e+03 9.810523364163082078e+03
1.829000000000000000e+03 9.821603707196612959e+03
1.830000000000000000e+03 9.799090384734696272e+03
1.831000000000000000e+03 9.782235482239293560e+03
1.832000000000000000e+03 9.775687301760974151e+03
1.833000000000000000e+03 9.772658465463297034e+03
1.834000000000000000e+03 9.773834089286117887e+03
1.835000000000000000e+03 9.778509471532815951e+03
1.836000000000000000e+03 9.789369056109699159e+03
1.837000000000000000e+03 9.824104971911108805e+03
1.838000000000000000e+03 9.819326636121881165e+03
1.839000000000000000e+03 9.828590949299339627e+03
1.840000000000000000e+03 9.862010175064180658e+03
1.841000000000000000e+03 9.854258663403867104e+03
1.842000000000000000e+03 9.879499974033742546e+03
1.843000000000000000e+03 9.872864852168569996e+03
1.844000000000000000e+03 9.899718333284930850e+03
1.845000000000000000e+03 9.895682224750260502e+03
1.846000000000000000e+03 9.891494795482074551e+03
1.847000000000000000e+03 9.911022802761452112e+03
1.848000000000000000e+03 9.919193728435113371e+03
1.849000000000000000e+03 9.893988808113037521e+03
1.850000000000000000e+03 9.860269258708647612e+03
1.851000000000000000e+03 9.906618302015045629e+03
1.852000000000000000e+03 9.891975998261241330e+03
1.853000000000000000e+03 9.911165874010710468e+03
1.854000000000000000e+03 9.927269268267114967e+03
1.855000000000000000e+03 9.934289834336221247e+03
1.856000000000000000e+03 9.917074082355333303e+03
1.857000000000000000e+03 9.922893027157027973e+03
1.858000000000000000e+03 9.961117619070464571e+03
1.859000000000000000e+03 9.974102678368140914e+03
1.860000000000000000e+03 9.971908734382051989e+03
1.861000000000000000e+03 9.950204106667213637e+03
1.862000000000000000e+03 9.954931963335533510e+03
1.863000000000000000e+03 9.942452686343069217e+03
1.864000000000000000e+03 9.951762159094905655e+03
1.865000000000000000e+03 9.994434103342795424e+03
1.866000000000000000e+03 1.000066758667475551e+04
1.867000000000000000e+03 1.003088654231439614e+04
1.868000000000000000e+03 1.003555232694465849e+04
1.869000000000000000e+03 1.006430158364057206e+04
1.870000000000000000e+03 1.005381227133112043e+04
1.871000000000000000e+03 1.006701558143510010e+04
1.872000000000000000e+03 1.005597706598299919e+04
1.873000000000000000e+03 1.005997088109539436e+04
1.874000000000000000e+03 1.005845629143233054e+04
1.875000000000000000e+03 1.004925119424878721e+04
1.876000000000000000e+03 1.004392648888958865e+04
1.877000000000000000e+03 1.005780074350616451e+04
1.878000000000000000e+03 1.005177454790545380e+04
1.879000000000000000e+03 1.006824213152236371e+04
1.880000000000000000e+03 1.004852256103040963e+04
1.881000000000000000e+03 1.002845143692199599e+04
1.882000000000000000e+03 1.004338182874939957e+04
1.883000000000000000e+03 1.004409408310416984e+04
1.884000000000000000e+03 1.003084187151548758e+04
1.885000000000000000e+03 1.003604761645044346e+04
1.886000000000000000e+03 1.008291413528698831e+04
1.887000000000000000e+03 1.010935831949532621e+04
1.888000000000000000e+03 1.010478565199889090e+04
1.889000000000000000e+03 1.011604611564218976e+04
1.890000000000000000e+03 1.012783876984923154e+04
1.891000000000000000e+03 1.012179162296311915e+04
1.892000000000000000e+03 1.013041159196077751e+04
1.893000000000000000e+03 1.011480932097600999e+04
1.894000000000000000e+03 1.012976993020711961e+04
1.895000000000000000e+03 1.012923647801179686e+04
1.896000000000000000e+03 1.012344242876088356e+04
1.897000000000000000e+03 1.014110868033773295e+04
1.898000000000000000e+03 1.013998274242141088e+04
1.899000000000000000e+03 1.010954054605894089e+04
1.900000000000000000e+03 1.009669077641991134e+04
1.901000000000000000e+03 1.012122328056247716e+04
1.902000000000000000e+03 1.009599614695432865e+04
1.903000000000000000e+03 1.009807268681865025e+04
1.904000000000000000e+03 1.010781009154978892e+04
1.905000000000000000e+03 1.013640259389836137e+04
1.906000000000000000e+03 1.013787661592329823e+04
1.907000000000000000e+03 1.015007566240580491e+04
1.908000000000000000e+03 1.016130709701495653e+04
1.909000000000000000e+03 1.016668400579127774e+04
1.910000000000000000e+03 1.019417605881486088e+04
1.911000000000000000e+03 1.024263498082214028e+04
1.912000000000000000e+03 1.027457780665229620e+04
1.913000000000000000e+03 1.029413946378697074e+04
1.914000000000000000e+03 1.027458409652873161e+04
1.915000000000000000e+03 1.028164157986975442e+04
1.916000000000000000e+03 1.027218906023604177e+04
1.917000000000000000e+03 1.028110020322845048e+04
1.918000000000000000e+03 1.031588000672255293e+04
1.919000000000000000e+03 1.032420759105893012e+04
1.920000000000000000e+03 1.032918914994509032e+04
1.921000000000000000e+03 1.040323424112175962e+04
1.922000000000000000e+03 1.043027591948104964e+04
1.923000000000000000e+03 1.042845266404798349e+04
1.924000000000000000e+03 1.042894046745425658e+04
1.925000000000000000e+03 1.043875318048114968e+04
1.926000000000000000e+03 1.044123261126732723e+04
1.927000000000000000e+03 1.041219028617119511e+04
1.928000000000000000e+03 1.042758274464745955e+04
1.929000000000000000e+03 1.040684057812118954e+04
1.930000000000000000e+03 1.037649018120555047e+04
1.931000000000000000e+03 1.039452243876934517e+04
1.932000000000000000e+03 1.040968917330295335e+04
1.933000000000000000e+03 1.041146072056986304e+04
1.934000000000000000e+03 1.040225944894084932e+04
1.935000000000000000e+03 1.038714741663150926e+04
1.936000000000000000e+03 1.039714208772777056e+04
1.937000000000000000e+03 1.038689496253147263e+04
1.938000000000000000e+03 1.039833270110190460e+04
1.939000000000000000e+03 1.040791568919907331e+04
1.940000000000000000e+03 1.040522271845730211e+04
1.941000000000000000e+03 1.041083390229642828e+04
1.942000000000000000e+03 1.043727431114895626e+04
1.943000000000000000e+03 1.043643908151958385e+04
1.944000000000000000e+03 1.046820900898759828e+04
1.945000000000000000e+03 1.047043500738055263e+04
1.946000000000000000e+03 1.044460379227495287e+04
1.947000000000000000e+03 1.043966597805113634e+04
1.948000000000000000e+03 1.044618925212992508e+04
1.949000000000000000e+03 1.042954201621586253e+04
1.950000000000000000e+03 1.041301541540226026e+04
1.951000000000000000e+03 1.041997035373254221e+04
1.952000000000000000e+03 1.039720987994114694e+04
1.953000000000000000e+03 1.040126114867688011e+04
1.954000000000000000e+03 1.038487034533492624e+04
1.955000000000000000e+03 1.039655606027994145e+04
1.956000000000000000e+03 1.037772837492181861e+04
1.957000000000000000e+03 1.039804488016757205e+04
1.958000000000000000e+03 1.039132751924469085e+04
1.959000000000000000e+03 1.040738075824597581e+04
1.960000000000000000e+03 1.040359674265849753e+04
1.961000000000000000e+03 1.041110457835942725e+04
1.962000000000000000e+03 1.042064448362285111e+04
1.963000000000000000e+03 1.042861022726019473e+04
1.964000000000000000e+03 1.042750110876342114e+04
1.965000000000000000e+03 1.041281195263590052e+04
1.966000000000000000e+03 1.039624994954822432e+04
1.967000000000000000e+03 1.039811363136707223e+04
1.968000000000000000e+03 1.042385322842468304e+04
1.969000000000000000e+03 1.041963570756135414e+04
1.970000000000000000e+03 1.046424042389933493e+04
1.971000000000000000e+03 1.044432407010688985e+04
1.972000000000000000e+03 1.046459320491447579e+04
1.973000000000000000e+03 1.045696806225930959e+04
1.974000000000000000e+03 1.048542253264957981e+04
1.975000000000000000e+03 1.047053339348063309e+04
1.976000000000000000e+03 1.046690627919711551e+04
1.977000000000000000e+03 1.047282854137481445e+04
1.978000000000000000e+03 1.050052452311118032e+04
1.979000000000000000e+03 1.049204228505392348e+04
1.980000000000000000e+03 1.048629966725540362e+04
1.981000000000000000e+03 1.049895735414378396e+04
1.982000000000000000e+03 1.049755533859926254e+04
1.983000000000000000e+03 1.051515481786382952e+04
1.984000000000000000e+03 1.050373869788893899e+04
1.985000000000000000e+03 1.053090917127584180e+04
1.986000000000000000e+03 1.054634141408880714e+04
1.987000000000000000e+03 1.056046835466321136e+04
1.988000000000000000e+03 1.056381832329048666e+04
1.989000000000000000e+03 1.056383871178602749e+04
1.990000000000000000e+03 1.058894465928755017e+04
1.991000000000000000e+03 1.057587280501662826e+04
1.992000000000000000e+03 1.055885531389203607e+04
1.993000000000000000e+03 1.060973171536938207e+04
1.994000000000000000e+03 1.060155171989984592e+04
1.995000000000000000e+03 1.060874656544445679e+04
1.996000000000000000e+03 1.063310510630458157e+04
1.997000000000000000e+03 1.063266419095023230e+04
1.998000000000000000e+03 1.060278349006150893e+04
1.999000000000000000e+03 1.061939062272841147e+04
2.000000000000000000e+03 1.062845622802289472e+04
2.001000000000000000e+03 1.060903067770486086e+04
2.002000000000000000e+03 1.060248045606025153e+04
2.003000000000000000e+03 1.061856574915097372e+04
2.004000000000000000e+03 1.062267487974672258e+04
2.005000000000000000e+03 1.064627931193098630e+04
2.006000000000000000e+03 1.064140284184566190e+04
2.007000000000000000e+03 1.060864458022110739e+04
2.008000000000000000e+03 1.063560786407219166e+04
2.009000000000000000e+03 1.064252136608838373e+04
2.010000000000000000e+03 1.063631744661738594e+04
2.011000000000000000e+03 1.064093420277726000e+04
2.012000000000000000e+03 1.062072095385580360e+04
2.013000000000000000e+03 1.057205295696945177e+04
2.014000000000000000e+03 1.059222962624977299e+04
2.015000000000000000e+03 1.057320594146231451e+04
2.016000000000000000e+03 1.058086941905941057e+04
2.017000000000000000e+03 1.058182588169353949e+04
2.018000000000000000e+03 1.058414913962763967e+04
2.019000000000000000e+03 1.058861707344710885e+04
2.020000000000000000e+03 1.058125348782185029e+04
2.021000000000000000e+03 1.060632250626477253e+04
2.022000000000000000e+03 1.059523624854537593e+04
2.023000000000000000e+03 1.057635693918222751e+04
2.024000000000000000e+03 1.059099812655129062e+04
2.025000000000000000e+03 1.061649594681294366e+04
2.026000000000000000e+03 1.063787848588479756e+04
2.027000000000000000e+03 1.065414812111675928e+04
2.028000000000000000e+03 1.064993488944292039e+04
2.029000000000000000e+03 1.065986065506527848e+04
2.030000000000000000e+03 1.064283387996318561e+04
2.031000000000000000e+03 1.066337626420811648e+04
2.032000000000000000e+03 1.065940971981150687e+04
2.033000000000000000e+03 1.065797735509827180e+04
2.034000000000000000e+03 1.067653196114331877e+04
2.035000000000000000e+03 1.067837638980649899e+04
2.036000000000000000e+03 1.067411308537570403e+04
2.037000000000000000e+03 1.068230539388300167e+04
2.038000000000000000e+03 1.066469115550023162e+04
2.039000000000000000e+03 1.067076230032512103e+04
2.040000000000000000e+03 1.069080816669713386e+04
2.041000000000000000e+03 1.070733082396718055e+04
2.042000000000000000e+03 1.069375447216003886e+04
2.043000000000000000e+03 1.070538664268271714e+04
2.044000000000000000e+03 1.070463587486903270e+04
2.045000000000000000e+03 1.069980083644436854e+04
2.046000000000000000e+03 1.071344395600146891e+04
2.047000000000000000e+03 1.074423784861330205e+04
2.048000000000000000e+03 1.078320760891465579e+04
2.049000000000000000e+03 1.076293087475141147e+04
2.050000000000000000e+03 1.073385999755819103e+04
2.051000000000000000e+03 1.074136806318409799e+04
2.052000000000000000e+03 1.076000999721511653e+04
2.053000000000000000e+03 1.074519795223740402e+04
2.054000000000000000e+03 1.075336686769415792e+04
2.055000000000000000e+03 1.079740849610047553e+04
2.056000000000000000e+03 1.079245613290352048e+04
2.057000000000000000e+03 1.078156927681507295e+04
2.058000000000000000e+03 1.077166486399975111e+04
2.059000000000000000e+03 1.079261978614067084e+04
2.060000000000000000e+03 1.078541896183433528e+04
2.061000000000000000e+03 1.077814376085071126e+04
2.062000000000000000e+03 1.077521566783152412e+04
2.063000000000000000e+03 1.079116575050468782e+04
2.064000000000000000e+03 1.079731087574480807e+04
2.065000000000000000e+03 1.079533535714242134e+04
2.066000000000000000e+03 1.080205019392959912e+04
2.067000000000000000e+03 1.080657406129352603e+04
2.068000000000000000e+03 1.078902155043609491e+04
2.069000000000000000e+03 1.081188445487743411e+04
2.070000000000000000e+03 1.080461811503123135e+04
2.071000000000000000e+03 1.080789353892179861e+04
2.072000000000000000e+03 1.081405833940958655e+04
2.073000000000000000e+03 1.080857173673954640e+04
2.074000000000000000e+03 1.082693979389943343e+04
2.075000000000000000e+03 1.083184865983641248e+04
2.076000000000000000e+03 1.084306046634288941e+04
2.077000000000000000e+03 1.084172356812018916e+04
2.078000000000000000e+03 1.085346161103149279e+04
2.079000000000000000e+03 1.086866537485431581e+04
2.080000000000000000e+03 1.084328771385730943e+04
2.081000000000000000e+03 1.085166116258671536e+04
2.082000000000000000e+03 1.087896016524357765e+04
2.083000000000000000e+03 1.090872343397264922e+04
2.084000000000000000e+03 1.089980118265770034e+04
2.085000000000000000e+03 1.091922860017400671e+04
2.086000000000000000e+03 1.091856870201541096e+04
2.087000000000000000e+03 1.091084393948021898e+04
2.088000000000000000e+03 1.093064589472084299e+04
2.089000000000000000e+03 1.094209023677785081e+04
2.090000000000000000e+03 1.093281807916083380e+04
2.091000000000000000e+03 1.090680630269049470e+04
2.092000000000000000e+03 1.094703173858049195e+04
2.093000000000000000e+03 1.095347830319213790e+04
2.094000000000000000e+03 1.099000010241337077e+04
2.095000000000000000e+03 1.100179909911202049e+04
2.096000000000000000e+03 1.101089562182207374e+04
2.097000000000000000e+03 1.103056586852238979e+04
2.098000000000000000e+03 1.104049963138974272e+04
2.099000000000000000e+03 1.105885938448717570e+04
2.100000000000000000e+03 1.106202146079958584e+04
2.101000000000000000e+03 1.108117844051647990e+04
2.102000000000000000e+03 1.107368724436381490e+04
2.103000000000000000e+03 1.107358268434134334e+04
2.104000000000000000e+03 1.106967245510312750e+04
2.105000000000000000e+03 1.103844870128876937e+04
2.106000000000000000e+03 1.105989187783332090e+04
2.107000000000000000e+03 1.106050016704946756e+04
2.108000000000000000e+03 1.105032178155361908e+04
2.109000000000000000e+03 1.104252005615952476e+04
2.110000000000000000e+03 1.103985298651632183e+04
2.111000000000000000e+03 1.106228153996490801e+04
2.112000000000000000e+03 1.106227942204991814e+04
2.113000000000000000e+03 1.106149499537683550e+04
2.114000000000000000e+03 1.107416322056747413e+04
2.115000000000000000e+03 1.107453828287696524e+04
2.116000000000000000e+03 1.107857215430088036e+04
2.117000000000000000e+03 1.107056288532813232e+04
2.118000000000000000e+03 1.110497872669252683e+04
2.119000000000000000e+03 1.112730001257726690e+04
2.120000000000000000e+03 1.115094085884018750e+04
2.121000000000000000e+03 1.115203376431729703e+04
2.122000000000000000e+03 1.116276222192629575e+04
2.123000000000000000e+03 1.115629704766502437e+04
2.124000000000000000e+03 1.116870389852034350e+04
2.125000000000000000e+03 1.118967004617568273e+04
2.126000000000000000e+03 1.119470769895012745e+04
2.127000000000000000e+03 1.120967231829534103e+04
2.128000000000000000e+03 1.119351243713253643e+04
2.129000000000000000e+03 1.119201292848802223e+04
2.130000000000000000e+03 1.120525724944131434e+04
2.131000000000000000e+03 1.119996959230994617e+04
2.132000000000000000e+03 1.118677987859731002e+04
2.133000000000000000e+03 1.119297375567134623e+04
2.134000000000000000e+03 1.118583270485462890e+04
2.135000000000000000e+03 1.121218507501103159e+04
2.136000000000000000e+03 1.123948376425491915e+04
2.137000000000000000e+03 1.125908518671425736e+04
2.138000000000000000e+03 1.127984170477656880e+04
2.139000000000000000e+03 1.130322666315571769e+04
2.140000000000000000e+03 1.129741981529874283e+04
2.141000000000000000e+03 1.130053030583001419e+04
2.142000000000000000e+03 1.129978586646412441e+04
2.143000000000000000e+03 1.130347592242197970e+04
2.144000000000000000e+03 1.131173656537998613e+04
2.145000000000000000e+03 1.130133131775199399e+04
2.146000000000000000e+03 1.130283900607491341e+04
2.147000000000000000e+03 1.131303588834689981e+04
2.148000000000000000e+03 1.130996453560704686e+04
2.149000000000000000e+03 1.130093591207382269e+04
2.150000000000000000e+03 1.132012633086506139e+04
2.151000000000000000e+03 1.131632325275169387e+04
2.152000000000000000e+03 1.134283753003027959e+04
2.153000000000000000e+03 1.136106882506793409e+04
2.154000000000000000e+03 1.139105468537627166e+04
2.155000000000000000e+03 1.141534034301644351e+04
2.156000000000000000e+03 1.143655997058900903e+04
2.157000000000000000e+03 1.143964395306836377e+04
2.158000000000000000e+03 1.142630106033742959e+04
2.159000000000000000e+03 1.146606334062754831e+04
2.160000000000000000e+03 1.145406608013391087e+04
2.161000000000000000e+03 1.148138640793441300e+04
2.162000000000000000e+03 1.149571579342794757e+04
2.163000000000000000e+03 1.147853489393318887e+04
2.164000000000000000e+03 1.150073483930721522e+04
2.165000000000000000e+03 1.153190208018295743e+04
2.166000000000000000e+03 1.153506223519042032e+04
2.167000000000000000e+03 1.150580938012358638e+04
2.168000000000000000e+03 1.150547509529591844e+04
2.169000000000000000e+03 1.150504721030242581e+04
2.170000000000000000e+03 1.151592422998140137e+04
2.171000000000000000e+03 1.151016130188033458e+04
2.172000000000000000e+03 1.151305388296965975e+04
2.173000000000000000e+03 1.156884566815542530e+04
2.174000000000000000e+03 1.157117055899226580e+04
2.175000000000000000e+03 1.155752826222614021e+04
2.176000000000000000e+03 1.154668576976676741e+04
2.177000000000000000e+03 1.153373476147121801e+04
2.178000000000000000e+03 1.155636233355604963e+04
2.179000000000000000e+03 1.154448529286616395e+04
2.180000000000000000e+03 1.154228108612673168e+04
2.181000000000000000e+03 1.158686549017905236e+04
2.182000000000000000e+03 1.158059470914483609e+04
2.183000000000000000e+03 1.157594154191686357e+04
2.184000000000000000e+03 1.157276165974488686e+04
2.185000000000000000e+03 1.157938326523269097e+04
2.186000000000000000e+03 1.161380658326019511e+04
2.187000000000000000e+03 1.162342852944012157e+04
2.188000000000000000e+03 1.166357060935914524e+04
2.189000000000000000e+03 1.169231016180745792e+04
2.190000000000000000e+03 1.171199753650933962e+04
2.191000000000000000e+03 1.169037022509374401e+04
2.192000000000000000e+03 1.167874290040629239e+04
2.193000000000000000e+03 1.166790639892875333e+04
2.194000000000000000e+03 1.168656233900490588e+04
2.195000000000000000e+03 1.169197256785615900e+04
2.196000000000000000e+03 1.171682401030706751e+04
2.197000000000000000e+03 1.173007428581109525e+04
2.198000000000000000e+03 1.169571584625936157e+04
2.199000000000000000e+03 1.169928787106885102e+04
2.200000000000000000e+03 1.172787504098813406e+04
2.201000000000000000e+03 1.175135986770256750e+04
2.202000000000000000e+03 1.176651193893584605e+04
2.203000000000000000e+03 1.174283799671794259e+04
2.204000000000000000e+03 1.176060786195274704e+04
2.205000000000000000e+03 1.173242421323000963e+04
2.206000000000000000e+03 1.172691192407043491e+04
2.207000000000000000e+03 1.172520022004952807e+04
2.208000000000000000e+03 1.171724748291906326e+04
2.209000000000000000e+03 1.173335072347406458e+04
2.210000000000000000e+03 1.173449763126818834e+04
2.211000000000000000e+03 1.174679733834920808e+04
2.212000000000000000e+03 1.175376100715430039e+04
2.213000000000000000e+03 1.176896433573387549e+04
2.214000000000000000e+03 1.177240101551724547e+04
2.215000000000000000e+03 1.177844580335270257e+04
2.216000000000000000e+03 1.176890060224405170e+04
2.217000000000000000e+03 1.178513323172420678e+04
2.218000000000000000e+03 1.181322447919259139e+04
2.219000000000000000e+03 1.180708778811633965e+04
2.220000000000000000e+03 1.180252587550183489e+04
2.221000000000000000e+03 1.180523591473842680e+04
2.222000000000000000e+03 1.183207219721359252e+04
2.223000000000000000e+03 1.180673521534097745e+04
2.224000000000000000e+03 1.180127792307339041e+04
2.225000000000000000e+03 1.181474673160524617e+04
2.226000000000000000e+03 1.179670699676252116e+04
2.227000000000000000e+03 1.179564216663511615e+04
2.228000000000000000e+03 1.182389924515882558e+04
2.229000000000000000e+03 1.179963828392504365e+04
2.230000000000000000e+03 1.181707206786247480e+04
2.231000000000000000e+03 1.179241510050493343e+04
2.232000000000000000e+03 1.177197287613663138e+04
2.233000000000000000e+03 1.177850683544407184e+04
2.234000000000000000e+03 1.179843271919083600e+04
2.235000000000000000e+03 1.180728553847867079e+04
2.236000000000000000e+03 1.178593520000156786e+04
2.237000000000000000e+03 1.175240279785655912e+04
2.238000000000000000e+03 1.174709118327467513e+04
2.239000000000000000e+03 1.176512127654846336e+04
2.240000000000000000e+03 1.177901373859054183e+04
2.241000000000000000e+03 1.178722415619721869e+04
2.242000000000000000e+03 1.179166620745013461e+04
2.243000000000000000e+03 1.181806948784871020e+04
2.244000000000000000e+03 1.183317208278635371e+04
2.245000000000000000e+03 1.184100088383494949e+04
2.246000000000000000e+03 1.185825225358990792e+04
2.247000000000000000e+03 1.189603052845048660e+04
2.248000000000000000e+03 1.191382170570263952e+04
2.249000000000000000e+03 1.192766284698271375e+04
2.250000000000000000e+03 1.194160970904660280e+04
2.251000000000000000e+03 1.189853114284190451e+04
2.252000000000000000e+03 1.189929666370006271e+04
2.253000000000000000e+03 1.189440260221414428e+04
2.254000000000000000e+03 1.193214219569409943e+04
2.255000000000000000e+03 1.192622539653980130e+04
2.256000000000000000e+03 1.191324738187586991e+04
2.257000000000000000e+03 1.192912773584319439e+04
2.258000000000000000e+03 1.192186254424851541e+04
2.259000000000000000e+03 1.188690649878762633e+04
2.260000000000000000e+03 1.188549168856601864e+04
2.261000000000000000e+03 1.190502332496576128e+04
2.262000000000000000e+03 1.192072048993849421e+04
2.263000000000000000e+03 1.193843816200508263e+04
2.264000000000000000e+03 1.196355406928290358e+04
2.265000000000000000e+03 1.196119162226786466e+04
2.266000000000000000e+03 1.196802965656860943e+04
2.267000000000000000e+03 1.196622211023319323e+04
2.268000000000000000e+03 1.195334057356504854e+04
2.269000000000000000e+03 1.198967022118279056e+04
2.270000000000000000e+03 1.199598414440492888e+04
2.271000000000000000e+03 1.198211240317748707e+04
2.272000000000000000e+03 1.198610135531713058e+04
2.273000000000000000e+03 1.199799749319058901e+04
2.274000000000000000e+03 1.197509463918966503e+04
2.275000000000000000e+03 1.195284311334967424e+04
2.276000000000000000e+03 1.193008530969686944e+04
2.277000000000000000e+03 1.194857470424296480e+04
2.278000000000000000e+03 1.196412663008066193e+04
2.279000000000000000e+03 1.198000805835751635e+04
2.280000000000000000e+03 1.198840895283011560e+04
2.281000000000000000e+03 1.200338306208093127e+04
2.282000000000000000e+03 1.200861881774859467e+04
2.283000000000000000e+03 1.203695497497555152e+04
2.284000000000000000e+03 1.205960813828878781e+04
2.285000000000000000e+03 1.203100952876942392e+04
2.286000000000000000e+03 1.203304896156619361e+04
2.287000000000000000e+03 1.206376470678755868e+04
2.288000000000000000e+03 1.210181404069698328e+04
2.289000000000000000e+03 1.210718958881352773e+04
2.290000000000000000e+03 1.211118739282358547e+04
2.291000000000000000e+03 1.210737801959125318e+04
2.292000000000000000e+03 1.212599737347801783e+04
2.293000000000000000e+03 1.210601103301146213e+04
2.294000000000000000e+03 1.212300672101663440e+04
2.295000000000000000e+03 1.215303480211635360e+04
2.296000000000000000e+03 1.213229845865512470e+04
2.297000000000000000e+03 1.213777614155044466e+04
2.298000000000000000e+03 1.215294996386284947e+04
2.299000000000000000e+03 1.212422245943285088e+04
2.300000000000000000e+03 1.214042266991196630e+04
2.301000000000000000e+03 1.215148014759929174e+04
2.302000000000000000e+03 1.215060921152543779e+04
2.303000000000000000e+03 1.213623848459647343e+04
2.304000000000000000e+03 1.212661148362430504e+04
2.305000000000000000e+03 1.213898992573819305e+04
2.306000000000000000e+03 1.209892218973628769e+04
2.307000000000000000e+03 1.207827359786777561e+04
2.308000000000000000e+03 1.209387228611418504e+04
2.309000000000000000e+03 1.212300531550235246e+04
2.310000000000000000e+03 1.208856992388359868e+04
2.311000000000000000e+03 1.208976855820095261e+04
2.312000000000000000e+03 1.211632489188421823e+04
2.313000000000000000e+03 1.213796583947651015e+04
2.314000000000000000e+03 1.210927302958702057e+04
2.315000000000000000e+03 1.208836138166679302e+04
2.316000000000000000e+03 1.208996239594494000e+04
2.317000000000000000e+03 1.206974325275434057e+04
2.318000000000000000e+03 1.212077547345123457e+04
2.319000000000000000e+03 1.212998472221799966e+04
2.320000000000000000e+03 1.213524638771493846e+04
2.321000000000000000e+03 1.210033805332234078e+04
2.322000000000000000e+03 1.208309208176393986e+04
2.323000000000000000e+03 1.208858189129989114e+04
2.324000000000000000e+03 1.208592375282138528e+04
2.325000000000000000e+03 1.210644847616630250e+04
2.326000000000000000e+03 1.212194249638583460e+04
2.327000000000000000e+03 1.210244380644006196e+04
2.328000000000000000e+03 1.210304919145341773e+04
2.329000000000000000e+03 1.209375787045970719e+04
2.330000000000000000e+03 1.208064980815130366e+04
2.331000000000000000e+03 1.204586635318273147e+04
2.332000000000000000e+03 1.206967351054572828e+04
2.333000000000000000e+03 1.206308622061669666e+04
2.334000000000000000e+03 1.206659383477612937e+04
2.335000000000000000e+03 1.204721414002534766e+04
2.336000000000000000e+03 1.206520784165378973e+04
2.337000000000000000e+03 1.206821755008848959e+04
2.338000000000000000e+03 1.207224216063461427e+04
2.339000000000000000e+03 1.207618983688043045e+04
2.340000000000000000e+03 1.210039345609218071e+04
2.341000000000000000e+03 1.211612837245368974e+04
2.342000000000000000e+03 1.211811037209483948e+04
2.343000000000000000e+03 1.208856502952126721e+04
2.344000000000000000e+03 1.209478926040264014e+04
2.345000000000000000e+03 1.210515175073503997e+04
2.346000000000000000e+03 1.213072660272545909e+04
2.347000000000000000e+03 1.214936000645475178e+04
2.348000000000000000e+03 1.214216257145495729e+04
2.349000000000000000e+03 1.217829835113240006e+04
2.350000000000000000e+03 1.219553577086165387e+04
2.351000000000000000e+03 1.217658438058336287e+04
2.352000000000000000e+03 1.221594674693948946e+04
2.353000000000000000e+03 1.220522136871218208e+04
2.354000000000000000e+03 1.220632845785331847e+04
2.355000000000000000e+03 1.219960452084046119e+04
2.356000000000000000e+03 1.221925388197851316e+04
2.357000000000000000e+03 1.222802743172627743e+04
2.358000000000000000e+03 1.222444440009047321e+04
2.359000000000000000e+03 1.225384124680314380e+04
2.360000000000000000e+03 1.225394676007672570e+04
2.361000000000000000e+03 1.224594139707486102e+04
2.362000000000000000e+03 1.225650225937536561e+04
2.363000000000000000e+03 1.227749244030153022e+04
2.364000000000000000e+03 1.228930415640290994e+04
2.365000000000000000e+03 1.228857890356981443e+04
2.366000000000000000e+03 1.232195075138812717e+04
2.367000000000000000e+03 1.233282659779443384e+04
2.368000000000000000e+03 1.232609689478567998e+04
2.369000000000000000e+03 1.232302181111351638e+04
2.370000000000000000e+03 1.235241100317841483e+04
2.371000000000000000e+03 1.236097132751667414e+04
2.372000000000000000e+03 1.234421896378223755e+04
2.373000000000000000e+03 1.231961242075869450e+04
2.374000000000000000e+03 1.233256996105920553e+04
2.375000000000000000e+03 1.233550403423206990e+04
2.376000000000000000e+03 1.234211079595516458e+04
2.377000000000000000e+03 1.236399927804209437e+04
2.378000000000000000e+03 1.237050126200693012e+04
2.379000000000000000e+03 1.238301283545686601e+04
2.380000000000000000e+03 1.238498447080635378e+04
2.381000000000000000e+03 1.239373777879537738e+04
2.382000000000000000e+03 1.242657715406174611e+04
2.383000000000000000e+03 1.238474381258597532e+04
2.384000000000000000e+03 1.238432611547687338e+04
2.385000000000000000e+03 1.239555600344919912e+04
2.386000000000000000e+03 1.240877452274289317e+04
2.387000000000000000e+03 1.241085081965060999e+04
2.388000000000000000e+03 1.239806579829162001e+04
2.389000000000000000e+03 1.238933601161813203e+04
2.390000000000000000e+03 1.238851628212024843e+04
2.391000000000000000e+03 1.241168326198131945e+04
2.392000000000000000e+03 1.241185928927505120e+04
2.393000000000000000e+03 1.240018052160736443e+04
2.394000000000000000e+03 1.236266874546428517e+04
2.395000000000000000e+03 1.235216478428577284e+04
2.396000000000000000e+03 1.234727160616755646e+04
2.397000000000000000e+03 1.232753249671454796e+04
2.398000000000000000e+03 1.233427846628680709e+04
2.399000000000000000e+03 1.238235273295192201e+04
2.400000000000000000e+03 1.238974726203069258e+04
2.401000000000000000e+03 1.237362261896000200e+04
2.402000000000000000e+03 1.235049277762142447e+04
2.403000000000000000e+03 1.238242280831704011e+04
2.404000000000000000e+03 1.240893385557283182e+04
2.405000000000000000e+03 1.239585296897039552e+04
2.406000000000000000e+03 1.239392532934064729e+04
2.407000000000000000e+03 1.241165891845798069e+04
2.408000000000000000e+03 1.241466029662288929e+04
2.409000000000000000e+03 1.239722534504726900e+04
2.410000000000000000e+03 1.240886035809598616e+04
2.411000000000000000e+03 1.242491128664308962e+04
2.412000000000000000e+03 1.245293832039770132e+04
2.413000000000000000e+03 1.245435510603020339e+04
2.414000000000000000e+03 1.247597931272608912e+04
2.415000000000000000e+03 1.247131062749369448e+04
2.416000000000000000e+03 1.247834729233456346e+04
2.417000000000000000e+03 1.249854458478249035e+04
2.418000000000000000e+03 1.248144497336539825e+04
2.419000000000000000e+03 1.248993682755075133e+04
2.420000000000000000e+03 1.250276503231916104e+04
2.421000000000000000e+03 1.247688911044818997e+04
2.422000000000000000e+03 1.250281823290909597e+04
2.423000000000000000e+03 1.251056981176844783e+04
2.424000000000000000e+03 1.251271688942702531e+04
2.425000000000000000e+03 1.254716795634612390e+04
2.426000000000000000e+03 1.253823256972537638e+04
2.427000000000000000e+03 1.257985327066840910e+04
2.428000000000000000e+03 1.258098416492353863e+04
2.429000000000000000e+03 1.260902254039795662e+04
2.430000000000000000e+03 1.260227651347138817e+04
2.431000000000000000e+03 1.259823415107406981e+04
2.432000000000000000e+03 1.257126560258199061e+04
2.433000000000000000e+03 1.258961531034654399e+04
2.434000000000000000e+03 1.257220041038411364e+04
2.435000000000000000e+03 1.257402869743517840e+04
2.436000000000000000e+03 1.256741355509892674e+04
2.437000000000000000e+03 1.258338176308484435e+04
2.438000000000000000e+03 1.257773811444538478e+04
2.439000000000000000e+03 1.257241308835560812e+04
2.440000000000000000e+03 1.252693486837561977e+04
2.441000000000000000e+03 1.254141988284482068e+04
2.442000000000000000e+03 1.257315197766594792e+04
2.443000000000000000e+03 1.257276101157765152e+04
2.444000000000000000e+03 1.255881765649834961e+04
2.445000000000000000e+03 1.256656048847176680e+04
2.446000000000000000e+03 1.259220632891926289e+04
2.447000000000000000e+03 1.256922003204499924e+04
2.448000000000000000e+03 1.257121124560096541e+04
2.449000000000000000e+03 1.260455970573023114e+04
2.450000000000000000e+03 1.262854156884804615e+04
2.451000000000000000e+03 1.263253706516259081e+04
2.452000000000000000e+03 1.262279813511814427e+04
2.453000000000000000e+03 1.264576503772945216e+04
2.454000000000000000e+03 1.263645000816262836e+04
2.455000000000000000e+03 1.262309665865302850e+04
2.456000000000000000e+03 1.262369149523368651e+04
2.457000000000000000e+03 1.265451516232457652e+04
2.458000000000000000e+03 1.262409526009407273e+04
2.459000000000000000e+03 1.263447639993901612e+04
2.460000000000000000e+03 1.262356656674322039e+04
2.461000000000000000e+03 1.264042888310946728e+04
2.462000000000000000e+03 1.264834572326566740e+04
2.463000000000000000e+03 1.263967832422720312e+04
2.464000000000000000e+03 1.267309835642612416e+04
2.465000000000000000e+03 1.268414744455431173e+04
2.466000000000000000e+03 1.266923098300284983e+04
2.467000000000000000e+03 1.267723226244398757e+04
2.468000000000000000e+03 1.266893007482452958e+04
2.469000000000000000e+03 1.266186004507574398e+04
2.470000000000000000e+03 1.269053674149434482e+04
2.471000000000000000e+03 1.265966705779714357e+04
2.472000000000000000e+03 1.267394105411249620e+04
2.473000000000000000e+03 1.267279680896073114e+04
2.474000000000000000e+03 1.266627226001239069e+04
2.475000000000000000e+03 1.266002910799423989e+04
2.476000000000000000e+03 1.265402268624910357e+04
2.477000000000000000e+03 1.268612976171667651e+04
2.478000000000000000e+03 1.271285722925398295e+04
2.479000000000000000e+03 1.271696458286126290e+04
2.480000000000000000e+03 1.268722770764703819e+04
2.481000000000000000e+03 1.269221797654103830e+04
2.482000000000000000e+03 1.269360049863718996e+04
2.483000000000000000e+03 1.270679540538093352e+04
2.484000000000000000e+03 1.272089051070552159e+04
2.485000000000000000e+03 1.268266443819753295e+04
2.486000000000000000e+03 1.267777965780422892e+04
2.487000000000000000e+03 1.267998783928557714e+04
2.488000000000000000e+03 1.273213298047572061e+04
2.489000000000000000e+03 1.273896218916208636e+04
2.490000000000000000e+03 1.274206372823864331e+04
2.491000000000000000e+03 1.272904611826631299e+04
2.492000000000000000e+03 1.275516123353836701e+04
2.493000000000000000e+03 1.275595776010152622e+04
2.494000000000000000e+03 1.274907148992137809e+04
2.495000000000000000e+03 1.273509211859605239e+04
2.496000000000000000e+03 1.276579350453996813e+04
2.497000000000000000e+03 1.274580815198739219e+04
2.498000000000000000e+03 1.275420360714076560e+04
2.499000000000000000e+03 1.274930472878425280e+04
2.500000000000000000e+03 1.278692232027087994e+04
2.501000000000000000e+03 1.283208145473025252e+04
2.502000000000000000e+03 1.279900646639357910e+04
2.503000000000000000e+03 1.281792313548632410e+04
2.504000000000000000e+03 1.285179448457878971e+04
2.505000000000000000e+03 1.284404396699879362e+04
2.506000000000000000e+03 1.285205615103787204e+04
2.507000000000000000e+03 1.284572525181752644e+04
2.508000000000000000e+03 1.280805461955405190e+04
2.509000000000000000e+03 1.283074888989606916e+04
2.510000000000000000e+03 1.283538283891388346e+04
2.511000000000000000e+03 1.280148888797913969e+04
2.512000000000000000e+03 1.278658841351807132e+04
2.513000000000000000e+03 1.280454046577203189e+04
2.514000000000000000e+03 1.279129701592661877e+04
2.515000000000000000e+03 1.280135220649063012e+04
2.516000000000000000e+03 1.280060989143920597e+04
2.517000000000000000e+03 1.280954738864631872e+04
2.518000000000000000e+03 1.280605073752116368e+04
2.519000000000000000e+03 1.280565357791132556e+04
2.520000000000000000e+03 1.281698543380020965e+04
2.521000000000000000e+03 1.281507376846946136e+04
2.522000000000000000e+03 1.287329223617135176e+04
2.523000000000000000e+03 1.285874431146197276e+04
2.524000000000000000e+03 1.288584038773548855e+04
2.525000000000000000e+03 1.288189263008304079e+04
2.526000000000000000e+03 1.289110079025816776e+04
2.527000000000000000e+03 1.290637514652007303e+04
2.528000000000000000e+03 1.291079050104972157e+04
2.529000000000000000e+03 1.290408676961501806e+04
2.530000000000000000e+03 1.292731461297190071e+04
2.531000000000000000e+03 1.292263533430261487e+04
2.532000000000000000e+03 1.294751057355201556e+04
2.533000000000000000e+03 1.297884242361642828e+04
2.534000000000000000e+03 1.296726470794062334e+04
2.535000000000000000e+03 1.295898057209389845e+04
2.536000000000000000e+03 1.295578776907345491e+04
2.537000000000000000e+03 1.297769220958162805e+04
2.538000000000000000e+03 1.299988814625499981e+04
2.539000000000000000e+03 1.295975011142795302e+04
2.540000000000000000e+03 1.294685001658232068e+04
2.541000000000000000e+03 1.291894695180979943e+04
2.542000000000000000e+03 1.291579584506462197e+04
2.543000000000000000e+03 1.291263979286188987e+04
2.544000000000000000e+03 1.292120911592905577e+04
2.545000000000000000e+03 1.292432375379833684e+04
2.546000000000000000e+03 1.293385624533819828e+04
2.547000000000000000e+03 1.293580261560150211e+04
2.548000000000000000e+03 1.296477371506333839e+04
2.549000000000000000e+03 1.293343918693142950e+04
2.550000000000000000e+03 1.295771873384629907e+04
2.551000000000000000e+03 1.294012363781281420e+04
2.552000000000000000e+03 1.296094693473756888e+04
2.553000000000000000e+03 1.296120456105117773e+04
2.554000000000000000e+03 1.296485614382548010e+04
2.555000000000000000e+03 1.300023955686645058e+04
2.556000000000000000e+03 1.299646144038165767e+04
2.557000000000000000e+03 1.300165875494161082e+04
2.558000000000000000e+03 1.299704409584151472e+04
2.559000000000000000e+03 1.297692817548070525e+04
2.560000000000000000e+03 1.298746010503304024e+04
2.561000000000000000e+03 1.299221284208375801e+04
2.562000000000000000e+03 1.297861390126026527e+04
2.563000000000000000e+03 1.297277836561831828e+04
2.564000000000000000e+03 1.297332973900024263e+04
2.565000000000000000e+03 1.293471360366706904e+04
2.566000000000000000e+03 1.295079936738053584e+04
2.567000000000000000e+03 1.294517624489032642e+04
2.568000000000000000e+03 1.293989390170286424e+04
2.569000000000000000e+03 1.297294306747998235e+04
2.570000000000000000e+03 1.300606670488618511e+04
2.571000000000000000e+03 1.299895321841792975e+04
2.572000000000000000e+03 1.301470447246509866e+04
2.573000000000000000e+03 1.303643079630971624e+04
2.574000000000000000e+03 1.306040976565758683e+04
2.575000000000000000e+03 1.305585206276085228e+04
2.576000000000000000e+03 1.306579710118058392e+04
2.577000000000000000e+03 1.309077033314062464e+04
2.578000000000000000e+03 1.310136993367628384e+04
2.579000000000000000e+03 1.310957659732300817e+04
2.580000000000000000e+03 1.312177300538268719e+04
2.581000000000000000e+03 1.314231620403622946e+04
2.582000000000000000e+03 1.309994993641119072e+04
2.583000000000000000e+03 1.308472759073379711e+04
2.584000000000000000e+03 1.307537942821729303e+04
2.585000000000000000e+03 1.307582129696930497e+04
2.586000000000000000e+03 1.308230760291515799e+04
2.587000000000000000e+03 1.304028938691229632e+04
2.588000000000000000e+03 1.306845767546297429e+04
2.589000000000000000e+03 1.312356745636744017e+04
2.590000000000000000e+03 1.313374258938934508e+04
2.591000000000000000e+03 1.314736039588343192e+04
2.592000000000000000e+03 1.315300700881191005e+04
2.593000000000000000e+03 1.318714852493967010e+04
2.594000000000000000e+03 1.322135954708340068e+04
2.595000000000000000e+03 1.325874379079214305e+04
2.596000000000000000e+03 1.326787789719079046e+04
2.597000000000000000e+03 1.327744963424252455e+04
2.598000000000000000e+03 1.326056729826521223e+04
2.599000000000000000e+03 1.324785851007247220e+04
2.600000000000000000e+03 1.325226934094784519e+04
2.601000000000000000e+03 1.325861096786958660e+04
2.602000000000000000e+03 1.325212269819096764e+04
2.603000000000000000e+03 1.327358362381111692e+04
2.604000000000000000e+03 1.326502208696441994e+04
2.605000000000000000e+03 1.324726204736267755e+04
2.606000000000000000e+03 1.323753070172960724e+04
2.607000000000000000e+03 1.328000860576688683e+04
2.608000000000000000e+03 1.328420238324389538e+04
2.609000000000000000e+03 1.331414651491780569e+04
2.610000000000000000e+03 1.332760347503267803e+04
2.611000000000000000e+03 1.327558199847103242e+04
2.612000000000000000e+03 1.329156799808780306e+04
2.613000000000000000e+03 1.332340334505641113e+04
2.614000000000000000e+03 1.331375838350362392e+04
2.615000000000000000e+03 1.326317760583477138e+04
2.616000000000000000e+03 1.325569760246551232e+04
2.617000000000000000e+03 1.324059469867849657e+04
2.618000000000000000e+03 1.324379596456284889e+04
2.619000000000000000e+03 1.325694256901981134e+04
2.620000000000000000e+03 1.326463437444946976e+04
2.621000000000000000e+03 1.324786372310825209e+04
2.622000000000000000e+03 1.324954718874558239e+04
2.623000000000000000e+03 1.326333543729151825e+04
2.624000000000000000e+03 1.326604446281341552e+04
2.625000000000000000e+03 1.330265926651628433e+04
2.626000000000000000e+03 1.330065463869207997e+04
2.627000000000000000e+03 1.328223101821322052e+04
2.628000000000000000e+03 1.328640571877023831e+04
2.629000000000000000e+03 1.331854955513883397e+04
2.630000000000000000e+03 1.334317693176243847e+04
2.631000000000000000e+03 1.335057079460145542e+04
2.632000000000000000e+03 1.335193935061952288e+04
2.633000000000000000e+03 1.337120828019871806e+04
2.634000000000000000e+03 1.332580598426335564e+04
2.635000000000000000e+03 1.331274901538781887e+04
2.636000000000000000e+03 1.328184887986361355e+04
2.637000000000000000e+03 1.332537735195596542e+04
2.638000000000000000e+03 1.331986059476537048e+04
2.639000000000000000e+03 1.330752638022909377e+04
2.640000000000000000e+03 1.329708834272484273e+04
2.641000000000000000e+03 1.330381538462344542e+04
2.642000000000000000e+03 1.329500112133755101e+04
2.643000000000000000e+03 1.327492759983802898e+04
2.644000000000000000e+03 1.332411026943374236e+04
2.645000000000000000e+03 1.334080076033892328e+04
2.646000000000000000e+03 1.332288878906069476e+04
2.647000000000000000e+03 1.334607225364023725e+04
2.648000000000000000e+03 1.336892747891068211e+04
2.649000000000000000e+03 1.334406705303684976e+04
2.650000000000000000e+03 1.334275672473774830e+04
2.651000000000000000e+03 1.333790798410727075e+04
2.652000000000000000e+03 1.332326258528386279e+04
2.653000000000000000e+03 1.334347465010849919e+04
2.654000000000000000e+03 1.334922821786863824e+04
2.655000000000000000e+03 1.334645355335753629e+04
2.656000000000000000e+03 1.334907207034083331e+04
2.657000000000000000e+03 1.334077066412240129e+04
2.658000000000000000e+03 1.333981849941668770e+04
2.659000000000000000e+03 1.334923146245065618e+04
2.660000000000000000e+03 1.328569499505804379e+04
2.661000000000000000e+03 1.330002074272333812e+04
2.662000000000000000e+03 1.330690366625210117e+04
2.663000000000000000e+03 1.330925144299380918e+04
2.664000000000000000e+03 1.333987293957076326e+04
2.665000000000000000e+03 1.333731704748648554e+04
2.666000000000000000e+03 1.332368148584723531e+04
2.667000000000000000e+03 1.333659718617482395e+04
2.668000000000000000e+03 1.333600166706998061e+04
2.669000000000000000e+03 1.334895986316560811e+04
2.670000000000000000e+03 1.337321525430062320e+04
2.671000000000000000e+03 1.340591212446328063e+04
2.672000000000000000e+03 1.342942502234257881e+04
2.673000000000000000e+03 1.337719030690968066e+04
2.674000000000000000e+03 1.339127350658976138e+04
2.675000000000000000e+03 1.340067988052442524e+04
2.676000000000000000e+03 1.343633213358797730e+04
2.677000000000000000e+03 1.343576969508076945e+04
2.678000000000000000e+03 1.341611936749084998e+04
2.679000000000000000e+03 1.344217941549159332e+04
2.680000000000000000e+03 1.343529900479459684e+04
2.681000000000000000e+03 1.343884351379470536e+04
2.682000000000000000e+03 1.341929049642350583e+04
2.683000000000000000e+03 1.343043813415609657e+04
2.684000000000000000e+03 1.345791728479865560e+04
2.685000000000000000e+03 1.348599593577472115e+04
2.686000000000000000e+03 1.345807634439770300e+04
2.687000000000000000e+03 1.345342455906639043e+04
2.688000000000000000e+03 1.345860516034691682e+04
2.689000000000000000e+03 1.344914933015238967e+04
2.690000000000000000e+03 1.345406546523523866e+04
2.691000000000000000e+03 1.345441501431401775e+04
2.692000000000000000e+03 1.347384192576374153e+04
2.693000000000000000e+03 1.347929605054443891e+04
2.694000000000000000e+03 1.349207030034562194e+04
2.695000000000000000e+03 1.347028123575031896e+04
2.696000000000000000e+03 1.354124424309599999e+04
2.697000000000000000e+03 1.352295851060401401e+04
2.698000000000000000e+03 1.352202588903448850e+04
2.699000000000000000e+03 1.351450368454712043e+04
2.700000000000000000e+03 1.350130334649264660e+04
2.701000000000000000e+03 1.350148915300736735e+04
2.702000000000000000e+03 1.350775576713128612e+04
2.703000000000000000e+03 1.351084405642010461e+04
2.704000000000000000e+03 1.352089980397215368e+04
2.705000000000000000e+03 1.352471301258928179e+04
2.706000000000000000e+03 1.351748116570676029e+04
2.707000000000000000e+03 1.352334616277595887e+04
2.708000000000000000e+03 1.356948292606079485e+04
2.709000000000000000e+03 1.356253588665075222e+04
2.710000000000000000e+03 1.355417166586937856e+04
2.711000000000000000e+03 1.355974583553155026e+04
2.712000000000000000e+03 1.353034834401430089e+04
2.713000000000000000e+03 1.353011762863716831e+04
2.714000000000000000e+03 1.350061196422534158e+04
2.715000000000000000e+03 1.348855148883376569e+04
2.716000000000000000e+03 1.347913840727265597e+04
2.717000000000000000e+03 1.347467223093068787e+04
2.718000000000000000e+03 1.348404936931608609e+04
2.719000000000000000e+03 1.350116827955638473e+04
2.720000000000000000e+03 1.348064700192871715e+04
2.721000000000000000e+03 1.352622555758992166e+04
2.722000000000000000e+03 1.352428038647295580e+04
2.723000000000000000e+03 1.351233830927753479e+04
2.724000000000000000e+03 1.350472895805757980e+04
2.725000000000000000e+03 1.351927871661332756e+04
2.726000000000000000e+03 1.349549896872112186e+04
2.727000000000000000e+03 1.351053008349615266e+04
2.728000000000000000e+03 1.350026595936038575e+04
2.729000000000000000e+03 1.351651244743173629e+04
2.730000000000000000e+03 1.350963794308791330e+04
2.731000000000000000e+03 1.353575204422265233e+04
2.732000000000000000e+03 1.353092103602487077e+04
2.733000000000000000e+03 1.353810741648706789e+04
2.734000000000000000e+03 1.353556752311777382e+04
2.735000000000000000e+03 1.353240742806025446e+04
2.736000000000000000e+03 1.355550362364012290e+04
2.737000000000000000e+03 1.356521755482488879e+04
2.738000000000000000e+03 1.357439071787462672e+04
2.739000000000000000e+03 1.355642851380279899e+04
2.740000000000000000e+03 1.354986938863835712e+04
2.741000000000000000e+03 1.356142371982712029e+04
2.742000000000000000e+03 1.357595691234097467e+04
2.743000000000000000e+03 1.356741091140618846e+04
2.744000000000000000e+03 1.357094259492910351e+04
2.745000000000000000e+03 1.358554263270932097e+04
2.746000000000000000e+03 1.354855548868808728e+04
2.747000000000000000e+03 1.357959307190907930e+04
2.748000000000000000e+03 1.358237249894829074e+04
2.749000000000000000e+03 1.359095076298278764e+04
2.750000000000000000e+03 1.356210507565981607e+04
2.751000000000000000e+03 1.359106451317616666e+04
2.752000000000000000e+03 1.359700032236592779e+04
2.753000000000000000e+03 1.359745620609331309e+04
2.754000000000000000e+03 1.361577556246454151e+04
2.755000000000000000e+03 1.366179287087836201e+04
2.756000000000000000e+03 1.368149347935009791e+04
2.757000000000000000e+03 1.366810155745447446e+04
2.758000000000000000e+03 1.370205266636373017e+04
2.759000000000000000e+03 1.371033673979075138e+04
2.760000000000000000e+03 1.372069870263927987e+04
2.761000000000000000e+03 1.375359914044722973e+04
2.762000000000000000e+03 1.375282185527111142e+04
2.763000000000000000e+03 1.377550797450471509e+04
2.764000000000000000e+03 1.377202088063436349e+04
2.765000000000000000e+03 1.373107846840252569e+04
2.766000000000000000e+03 1.373850461914654261e+04
2.767000000000000000e+03 1.374500209588568032e+04
2.768000000000000000e+03 1.374110138002868007e+04
2.769000000000000000e+03 1.374205797106273531e+04
2.770000000000000000e+03 1.376689290168252955e+04
2.771000000000000000e+03 1.375810363658417191e+04
2.772000000000000000e+03 1.373413930088634515e+04
2.773000000000000000e+03 1.375013620812593399e+04
2.774000000000000000e+03 1.375159196473554402e+04
2.775000000000000000e+03 1.376213999697182953e+04
2.776000000000000000e+03 1.375549064820752392e+04
2.777000000000000000e+03 1.376944462232344449e+04
2.778000000000000000e+03 1.379839059542821815e+04
2.779000000000000000e+03 1.379586496704776619e+04
2.780000000000000000e+03 1.377401879771808490e+04
2.781000000000000000e+03 1.372335719390600025e+04
2.782000000000000000e+03 1.370828497884643366e+04
2.783000000000000000e+03 1.371555133771844157e+04
2.784000000000000000e+03 1.374705436524659854e+04
2.785000000000000000e+03 1.375318359606454760e+04
2.786000000000000000e+03 1.373262905587352907e+04
2.787000000000000000e+03 1.375411153858300895e+04
2.788000000000000000e+03 1.377155473488691678e+04
2.789000000000000000e+03 1.379609876639219692e+04
2.790000000000000000e+03 1.383550553677732751e+04
2.791000000000000000e+03 1.381714158279489493e+04
2.792000000000000000e+03 1.384259366123290420e+04
2.793000000000000000e+03 1.385042173742439627e+04
2.794000000000000000e+03 1.383185318080104480e+04
2.795000000000000000e+03 1.383275344194046556e+04
2.796000000000000000e+03 1.381002695236667205e+04
2.797000000000000000e+03 1.387475591417211035e+04
2.798000000000000000e+03 1.388834581695693305e+04
2.799000000000000000e+03 1.386904390851433345e+04
2.800000000000000000e+03 1.387096209421941967e+04
2.801000000000000000e+03 1.388074537425767630e+04
2.802000000000000000e+03 1.389631746591687261e+04
2.803000000000000000e+03 1.393888839955979893e+04
2.804000000000000000e+03 1.394843837291676209e+04
2.805000000000000000e+03 1.391776754148723921e+04
2.806000000000000000e+03 1.392029626600450138e+04
2.807000000000000000e+03 1.393271106627751578e+04
2.808000000000000000e+03 1.392977484543427636e+04
2.809000000000000000e+03 1.393183997677700972e+04
2.810000000000000000e+03 1.393681154133830387e+04
2.811000000000000000e+03 1.394452985527056626e+04
2.812000000000000000e+03 1.394408016151620359e+04
2.813000000000000000e+03 1.394422864668349757e+04
2.814000000000000000e+03 1.395233151880574405e+04
2.815000000000000000e+03 1.393251064184281677e+04
2.816000000000000000e+03 1.393016433555764706e+04
2.817000000000000000e+03 1.394132791395458116e+04
2.818000000000000000e+03 1.394896047196790823e+04
2.819000000000000000e+03 1.391597112087956157e+04
2.820000000000000000e+03 1.393700680450532127e+04
2.821000000000000000e+03 1.396612709868410275e+04
2.822000000000000000e+03 1.399774636975544854e+04
2.823000000000000000e+03 1.399263580811088104e+04
2.824000000000000000e+03 1.401565133869512465e+04
2.825000000000000000e+03 1.401317493550740983e+04
2.826000000000000000e+03 1.402811621366716463e+04
2.827000000000000000e+03 1.403289288706124535e+04
2.828000000000000000e+03 1.402810694321644405e+04
2.829000000000000000e+03 1.403757209442057683e+04
2.830000000000000000e+03 1.403708674054619769e+04
2.831000000000000000e+03 1.401829593743843907e+04
2.832000000000000000e+03 1.402280352550405951e+04
2.833000000000000000e+03 1.399704113822121326e+04
2.834000000000000000e+03 1.397631425985555688e+04
2.835000000000000000e+03 1.397029867037356962e+04
2.836000000000000000e+03 1.397783513742275318e+04
2.837000000000000000e+03 1.396178491099915664e+04
2.838000000000000000e+03 1.396077312473499478e+04
2.839000000000000000e+03 1.398205463318167676e+04
2.840000000000000000e+03 1.398285560496279686e+04
2.841000000000000000e+03 1.398130033669838122e+04
2.842000000000000000e+03 1.398203011919229539e+04
2.843000000000000000e+03 1.397604699136158888e+04
2.844000000000000000e+03 1.395557941958235278e+04
2.845000000000000000e+03 1.396664069478298734e+04
2.846000000000000000e+03 1.396685282278931845e+04
2.847000000000000000e+03 1.396594662424930721e+04
2.848000000000000000e+03 1.395275837371069611e+04
2.849000000000000000e+03 1.396651894425548562e+04
2.850000000000000000e+03 1.396396616435099531e+04
2.851000000000000000e+03 1.396392977046849956e+04
2.852000000000000000e+03 1.398050100150420076e+04
2.853000000000000000e+03 1.398727862280148656e+04
2.854000000000000000e+03 1.399773583486813368e+04
2.855000000000000000e+03 1.400468166587919040e+04
2.856000000000000000e+03 1.398715772227497109e+04
2.857000000000000000e+03 1.400402109403316354e+04
2.858000000000000000e+03 1.400336142928387926e+04
2.859000000000000000e+03 1.399876305125076215e+04
2.860000000000000000e+03 1.399144489023595997e+04
2.861000000000000000e+03 1.402236420361152341e+04
2.862000000000000000e+03 1.400374635819177092e+04
2.863000000000000000e+03 1.401262378690806509e+04
2.864000000000000000e+03 1.402838401244736633e+04
2.865000000000000000e+03 1.406489477306374101e+04
2.866000000000000000e+03 1.405894353262398545e+04
2.867000000000000000e+03 1.406565154335503757e+04
2.868000000000000000e+03 1.409578935062811433e+04
2.869000000000000000e+03 1.410739855977775369e+04
2.870000000000000000e+03 1.408976144382271559e+04
2.871000000000000000e+03 1.407496987130553862e+04
2.872000000000000000e+03 1.409685505897939220e+04
2.873000000000000000e+03 1.411550691139186347e+04
2.874000000000000000e+03 1.411352415692639624e+04
2.875000000000000000e+03 1.410426842443821806e+04
2.876000000000000000e+03 1.409735905033688505e+04
2.877000000000000000e+03 1.410562988863382634e+04
2.878000000000000000e+03 1.410032745061148853e+04
2.879000000000000000e+03 1.408033424381455734e+04
2.880000000000000000e+03 1.405772850672065033e+04
2.881000000000000000e+03 1.407630233500189752e+04
2.882000000000000000e+03 1.407612465256574978e+04
2.883000000000000000e+03 1.411239439104402481e+04
2.884000000000000000e+03 1.411988983407882188e+04
2.885000000000000000e+03 1.412320660732265969e+04
2.886000000000000000e+03 1.412776761710588107e+04
2.887000000000000000e+03 1.409988418151698352e+04
2.888000000000000000e+03 1.409545118471051683e+04
2.889000000000000000e+03 1.411156223744186718e+04
2.890000000000000000e+03 1.414348544757237687e+04
2.891000000000000000e+03 1.416098599665906113e+04
2.892000000000000000e+03 1.418662630117350091e+04
2.893000000000000000e+03 1.419200753512452502e+04
2.894000000000000000e+03 1.418689183391514052e+04
2.895000000000000000e+03 1.418259227367823769e+04
2.896000000000000000e+03 1.420792445236312051e+04
2.897000000000000000e+03 1.424451182091691226e+04
2.898000000000000000e+03 1.425394401577238568e+04
2.899000000000000000e+03 1.424390188319495610e+04
2.900000000000000000e+03 1.426496212759712034e+04
2.901000000000000000e+03 1.427413672316431075e+04
2.902000000000000000e+03 1.427579777248662685e+04
2.903000000000000000e+03 1.426169369400041069e+04
2.904000000000000000e+03 1.424186199019011110e+04
2.905000000000000000e+03 1.424165242991555715e+04
2.906000000000000000e+03 1.426751367973595370e+04
2.907000000000000000e+03 1.427439302816304735e+04
2.908000000000000000e+03 1.428826241674311314e+04
2.909000000000000000e+03 1.428819138776999534e+04
2.910000000000000000e+03 1.432253468454492941e+04
2.911000000000000000e+03 1.432450709999360879e+04
2.912000000000000000e+03 1.431062451938880076e+04
2.913000000000000000e+03 1.431259877257166772e+04
2.914000000000000000e+03 1.431014539763500397e+04
2.915000000000000000e+03 1.430353880321512952e+04
2.916000000000000000e+03 1.433860964411853274e+04
2.917000000000000000e+03 1.430756912018824369e+04
2.918000000000000000e+03 1.427233139417301209e+04
2.919000000000000000e+03 1.428103385482369413e+04
2.920000000000000000e+03 1.428661100720242212e+04
2.921000000000000000e+03 1.429464947644656786e+04
2.922000000000000000e+03 1.430253872354100713e+04
2.923000000000000000e+03 1.430876703191338311e+04
2.924000000000000000e+03 1.430161077431143531e+04
2.925000000000000000e+03 1.432537151867578177e+04
2.926000000000000000e+03 1.433983700143819988e+04
2.927000000000000000e+03 1.436231097675483215e+04
2.928000000000000000e+03 1.433952096217465078e+04
2.929000000000000000e+03 1.431209096284689804e+04
2.930000000000000000e+03 1.432232274718452936e+04
2.931000000000000000e+03 1.436909395926138495e+04
2.932000000000000000e+03 1.435015618043404356e+04
2.933000000000000000e+03 1.435477369838116647e+04
2.934000000000000000e+03 1.436511424423364042e+04
2.935000000000000000e+03 1.434195204181859117e+04
2.936000000000000000e+03 1.434041491277974455e+04
2.937000000000000000e+03 1.436974281136593527e+04
2.938000000000000000e+03 1.437409073854979397e+04
2.939000000000000000e+03 1.444077994908137589e+04
2.940000000000000000e+03 1.446008372670214339e+04
2.941000000000000000e+03 1.444487238193027770e+04
2.942000000000000000e+03 1.444782441403915982e+04
2.943000000000000000e+03 1.446041643030608429e+04
2.944000000000000000e+03 1.445172994834350175e+04
2.945000000000000000e+03 1.445251747806418643e+04
2.946000000000000000e+03 1.445156350915946678e+04
2.947000000000000000e+03 1.443744061196466828e+04
2.948000000000000000e+03 1.445134181508631082e+04
2.949000000000000000e+03 1.445283296369241179e+04
2.950000000000000000e+03 1.446028922823651374e+04
2.951000000000000000e+03 1.449421020650203536e+04
2.952000000000000000e+03 1.447310447486321391e+04
2.953000000000000000e+03 1.450960083229481279e+04
2.954000000000000000e+03 1.451026663801398900e+04
2.955000000000000000e+03 1.448183902221682001e+04
2.956000000000000000e+03 1.449653940956517727e+04
2.957000000000000000e+03 1.447560860676728407e+04
2.958000000000000000e+03 1.449573026049908003e+04
2.959000000000000000e+03 1.454645116216290990e+04
2.960000000000000000e+03 1.452234239456427167e+04
2.961000000000000000e+03 1.455637912616350150e+04
2.962000000000000000e+03 1.457378813619161701e+04
2.963000000000000000e+03 1.464740370352967511e+04
2.964000000000000000e+03 1.461367081377646537e+04
2.965000000000000000e+03 1.460943385506961386e+04
2.966000000000000000e+03 1.459292139677422892e+04
2.967000000000000000e+03 1.459803698498795166e+04
2.968000000000000000e+03 1.460526189702024749e+04
2.969000000000000000e+03 1.460881818713016946e+04
2.970000000000000000e+03 1.465058142508102719e+04
2.971000000000000000e+03 1.463026953860708454e+04
2.972000000000000000e+03 1.463138902080302978e+04
2.973000000000000000e+03 1.462574373454729721e+04
2.974000000000000000e+03 1.463013781746322275e+04
2.975000000000000000e+03 1.463769622723545945e+04
2.976000000000000000e+03 1.464410251873513698e+04
2.977000000000000000e+03 1.465160147062006035e+04
2.978000000000000000e+03 1.468014795824638168e+04
2.979000000000000000e+03 1.468656584156164536e+04
2.980000000000000000e+03 1.466265090377194792e+04
2.981000000000000000e+03 1.469302490516214675e+04
2.982000000000000000e+03 1.473861298741571227e+04
2.983000000000000000e+03 1.473553283216305135e+04
2.984000000000000000e+03 1.472881012962728164e+04
2.985000000000000000e+03 1.470856461688695708e+04
2.986000000000000000e+03 1.468863348168390075e+04
2.987000000000000000e+03 1.471633294501341334e+04
2.988000000000000000e+03 1.472008985666945409e+04
2.989000000000000000e+03 1.473356503244951273e+04
2.990000000000000000e+03 1.473422670083319827e+04
2.991000000000000000e+03 1.474298776307455773e+04
2.992000000000000000e+03 1.476979061004592040e+04
2.993000000000000000e+03 1.475304291246453613e+04
2.994000000000000000e+03 1.474508680134282440e+04
2.995000000000000000e+03 1.472495618632845435e+04
2.996000000000000000e+03 1.475327924433423141e+04
2.997000000000000000e+03 1.478009024611393761e+04
2.998000000000000000e+03 1.478617483462012024e+04
2.999000000000000000e+03 1.478153449436790834e+04
3.000000000000000000e+03 1.477501701937662801e+04
3.001000000000000000e+03 1.477314407221627334e+04
3.002000000000000000e+03 1.477659582287660305e+04
3.003000000000000000e+03 1.476594432153014532e+04
3.004000000000000000e+03 1.479552483385291089e+04
3.005000000000000000e+03 1.478504358673796196e+04
3.006000000000000000e+03 1.477351722603069902e+04
3.007000000000000000e+03 1.476871325247366440e+04
3.008000000000000000e+03 1.476569747915739026e+04
3.009000000000000000e+03 1.478764989862984658e+04
3.010000000000000000e+03 1.477180418912797541e+04
3.011000000000000000e+03 1.473502801474203625e+04
3.012000000000000000e+03 1.473648914029835760e+04
3.013000000000000000e+03 1.474660256036368446e+04
3.014000000000000000e+03 1.476013657302010870e+04
3.015000000000000000e+03 1.479528310128116209e+04
3.016000000000000000e+03 1.482570364450669149e+04
3.017000000000000000e+03 1.481557026798107290e+04
3.018000000000000000e+03 1.479394748335096301e+04
3.019000000000000000e+03 1.478715677426690672e+04
3.020000000000000000e+03 1.473171953499315350e+04
3.021000000000000000e+03 1.473616043985690158e+04
3.022000000000000000e+03 1.473272476091930548e+04
3.023000000000000000e+03 1.471865574786019897e+04
3.024000000000000000e+03 1.472077219207978487e+04
3.025000000000000000e+03 1.474668477275692931e+04
3.026000000000000000e+03 1.476958405454061358e+04
3.027000000000000000e+03 1.475571745916538021e+04
3.028000000000000000e+03 1.474841040458129828e+04
3.029000000000000000e+03 1.474056702905397833e+04
3.030000000000000000e+03 1.476064657190275102e+04
3.031000000000000000e+03 1.473681039764248271e+04
3.032000000000000000e+03 1.478870444625554046e+04
3.033000000000000000e+03 1.478589056555284333e+04
3.034000000000000000e+03 1.479693351588903715e+04
3.035000000000000000e+03 1.482814682413193987e+04
3.036000000000000000e+03 1.483772264392908255e+04
3.037000000000000000e+03 1.484214074474521658e+04
3.038000000000000000e+03 1.485161796723290900e+04
3.039000000000000000e+03 1.487641939501423985e+04
3.040000000000000000e+03 1.485029582903875598e+04
3.041000000000000000e+03 1.486320822166621110e+04
3.042000000000000000e+03 1.487951728342266142e+04
3.043000000000000000e+03 1.488098487569764620e+04
3.044000000000000000e+03 1.492345417488030216e+04
3.045000000000000000e+03 1.491366766250500768e+04
3.046000000000000000e+03 1.489437599517149647e+04
3.047000000000000000e+03 1.489860608773032436e+04
3.048000000000000000e+03 1.489339950071627936e+04
3.049000000000000000e+03 1.486704170564067135e+04
3.050000000000000000e+03 1.490909146488688202e+04
3.051000000000000000e+03 1.490662085887754074e+04
3.052000000000000000e+03 1.489973547952820809e+04
3.053000000000000000e+03 1.490809932245969503e+04
3.054000000000000000e+03 1.491050190282398944e+04
3.055000000000000000e+03 1.492857171101069434e+04
3.056000000000000000e+03 1.496478881738427481e+04
3.057000000000000000e+03 1.497247816681140284e+04
3.058000000000000000e+03 1.504503058944339136e+04
3.059000000000000000e+03 1.507746562215638369e+04
3.060000000000000000e+03 1.510385887615065803e+04
3.061000000000000000e+03 1.509817038000033244e+04
3.062000000000000000e+03 1.511410093367782792e+04
3.063000000000000000e+03 1.510340503498190446e+04
3.064000000000000000e+03 1.509834368399535924e+04
3.065000000000000000e+03 1.511562880290026624e+04
3.066000000000000000e+03 1.507594066262575507e+04
3.067000000000000000e+03 1.506728291228873968e+04
3.068000000000000000e+03 1.507215243259478302e+04
3.069000000000000000e+03 1.508728084815372677e+04
3.070000000000000000e+03 1.505392683659426621e+04
3.071000000000000000e+03 1.507655470504900768e+04
3.072000000000000000e+03 1.505539934659400205e+04
3.073000000000000000e+03 1.508536629842067669e+04
3.074000000000000000e+03 1.510288281861171345e+04
3.075000000000000000e+03 1.509756990576588214e+04
3.076000000000000000e+03 1.510525990740887573e+04
3.077000000000000000e+03 1.513444165522645380e+04
3.078000000000000000e+03 1.514782955056352512e+04
3.079000000000000000e+03 1.516504608137721152e+04
3.080000000000000000e+03 1.517633036863797497e+04
3.081000000000000000e+03 1.515836722460310739e+04
3.082000000000000000e+03 1.514556260462675709e+04
3.083000000000000000e+03 1.515839112845395357e+04
3.084000000000000000e+03 1.516795709691673983e+04
3.085000000000000000e+03 1.514882474449217261e+04
3.086000000000000000e+03 1.515717425312405248e+04
3.087000000000000000e+03 1.513406704200010608e+04
3.088000000000000000e+03 1.513275737360719359e+04
3.089000000000000000e+03 1.515626648035025210e+04
3.090000000000000000e+03 1.516355736923959557e+04
3.091000000000000000e+03 1.518742291719026616e+04
3.092000000000000000e+03 1.520025453320850283e+04
3.093000000000000000e+03 1.519584492496844723e+04
3.094000000000000000e+03 1.517290072305634931e+04
3.095000000000000000e+03 1.518076911093416493e+04
3.096000000000000000e+03 1.517313215095613668e+04
3.097000000000000000e+03 1.519706288854480590e+04
3.098000000000000000e+03 1.517323122635315121e+04
3.099000000000000000e+03 1.513357745683157736e+04
3.100000000000000000e+03 1.519032054229999085e+04
3.101000000000000000e+03 1.518496924686405509e+04
3.102000000000000000e+03 1.517380434641547436e+04
3.103000000000000000e+03 1.518848727494256855e+04
3.104000000000000000e+03 1.517887385046065538e+04
3.105000000000000000e+03 1.520539474659282860e+04
3.106000000000000000e+03 1.521881125171169697e+04
3.107000000000000000e+03 1.521822822855197956e+04
3.108000000000000000e+03 1.521819932724686623e+04
3.109000000000000000e+03 1.524486821124569178e+04
3.110000000000000000e+03 1.523806954627522464e+04
3.111000000000000000e+03 1.527441697708955689e+04
3.112000000000000000e+03 1.526908422643744598e+04
3.113000000000000000e+03 1.528753554242624341e+04
3.114000000000000000e+03 1.533686017924795487e+04
3.115000000000000000e+03 1.535908720407316832e+04
3.116000000000000000e+03 1.537735212334417884e+04
3.117000000000000000e+03 1.535637114632151315e+04
3.118000000000000000e+03 1.537548726239989264e+04
3.119000000000000000e+03 1.538315633408154827e+04
3.120000000000000000e+03 1.544124971748826465e+04
3.121000000000000000e+03 1.545519686291317339e+04
3.122000000000000000e+03 1.544395720031498968e+04
3.123000000000000000e+03 1.544227329763622583e+04
3.124000000000000000e+03 1.545629267503093979e+04
3.125000000000000000e+03 1.541366108824425464e+04
3.126000000000000000e+03 1.540696261126061290e+04
3.127000000000000000e+03 1.537663628983136732e+04
3.128000000000000000e+03 1.539525070366667023e+04
3.129000000000000000e+03 1.539052997016941299e+04
3.130000000000000000e+03 1.539042538157016679e+04
3.131000000000000000e+03 1.538250315080184737e+04
3.132000000000000000e+03 1.540263961077857493e+04
3.133000000000000000e+03 1.539418870385051196e+04
3.134000000000000000e+03 1.541068926608543734e+04
3.135000000000000000e+03 1.543339605846749873e+04
3.136000000000000000e+03 1.544259093670436050e+04
3.137000000000000000e+03 1.541851072479367758e+04
3.138000000000000000e+03 1.541338720915173690e+04
3.139000000000000000e+03 1.540400179531604408e+04
3.140000000000000000e+03 1.541248309723302737e+04
3.141000000000000000e+03 1.542454622591474981e+04
3.142000000000000000e+03 1.542299921946233371e+04
3.143000000000000000e+03 1.543093724798185031e+04
3.144000000000000000e+03 1.542513326047469309e+04
3.145000000000000000e+03 1.545347719201313157e+04
3.146000000000000000e+03 1.546674075297254785e+04
3.147000000000000000e+03 1.549001459375819650e+04
3.148000000000000000e+03 1.550560488802110558e+04
3.149000000000000000e+03 1.549797254091460854e+04
3.150000000000000000e+03 1.550548852345594969e+04
3.151000000000000000e+03 1.543912385333980819e+04
3.152000000000000000e+03 1.543077481219952460e+04
3.153000000000000000e+03 1.541003742845382294e+04
3.154000000000000000e+03 1.540930246272309523e+04
3.155000000000000000e+03 1.541484929606391051e+04
3.156000000000000000e+03 1.542081963659517714e+04
3.157000000000000000e+03 1.543489911138706884e+04
3.158000000000000000e+03 1.543453687368449391e+04
3.159000000000000000e+03 1.546296411505652031e+04
3.160000000000000000e+03 1.547317251899409166e+04
3.161000000000000000e+03 1.548615588803716128e+04
3.162000000000000000e+03 1.548387327027595347e+04
3.163000000000000000e+03 1.541845075212616939e+04
3.164000000000000000e+03 1.541833290509093786e+04
3.165000000000000000e+03 1.547459530681364049e+04
3.166000000000000000e+03 1.553349988465741262e+04
3.167000000000000000e+03 1.554384130899243246e+04
3.168000000000000000e+03 1.556339294591442376e+04
3.169000000000000000e+03 1.559280034450734820e+04
3.170000000000000000e+03 1.559521499361398855e+04
3.171000000000000000e+03 1.559680153300984603e+04
3.172000000000000000e+03 1.563293345442546160e+04
3.173000000000000000e+03 1.560633062699759830e+04
3.174000000000000000e+03 1.561598797841009582e+04
3.175000000000000000e+03 1.563245979412081397e+04
3.176000000000000000e+03 1.561912911394421280e+04
3.177000000000000000e+03 1.560606028435981352e+04
3.178000000000000000e+03 1.557549314667914769e+04
3.179000000000000000e+03 1.559050320322713196e+04
3.180000000000000000e+03 1.559823108333861819e+04
3.181000000000000000e+03 1.561442893986782292e+04
3.182000000000000000e+03 1.558987102481478541e+04
3.183000000000000000e+03 1.556876505989816178e+04
3.184000000000000000e+03 1.557629747120028333e+04
3.185000000000000000e+03 1.558877608866756418e+04
3.186000000000000000e+03 1.562094074420752804e+04
3.187000000000000000e+03 1.561949852131162515e+04
3.188000000000000000e+03 1.558010946543046157e+04
3.189000000000000000e+03 1.556389065626773481e+04
3.190000000000000000e+03 1.554460886537585247e+04
3.191000000000000000e+03 1.556800903155102969e+04
3.192000000000000000e+03 1.557069089324086963e+04
3.193000000000000000e+03 1.556934789086079945e+04
3.194000000000000000e+03 1.557678007309455097e+04
3.195000000000000000e+03 1.556752682951552015e+04
3.196000000000000000e+03 1.554447384806045920e+04
3.197000000000000000e+03 1.553344055319781546e+04
3.198000000000000000e+03 1.555632138090544322e+04
3.199000000000000000e+03 1.557609748062644212e+04
3.200000000000000000e+03 1.558966564158527763e+04
3.201000000000000000e+03 1.558432399675094894e+04
3.202000000000000000e+03 1.560431004844303061e+04
3.203000000000000000e+03 1.557773953531667757e+04
3.204000000000000000e+03 1.555943804077071945e+04
3.205000000000000000e+03 1.555646580025466392e+04
3.206000000000000000e+03 1.555139906035231252e+04
3.207000000000000000e+03 1.554854900861912211e+04
3.208000000000000000e+03 1.555756247400757820e+04
3.209000000000000000e+03 1.557842473629380038e+04
3.210000000000000000e+03 1.556622239813965643e+04
3.211000000000000000e+03 1.556979434493714143e+04
3.212000000000000000e+03 1.552981346960594783e+04
3.213000000000000000e+03 1.550414855912407802e+04
3.214000000000000000e+03 1.552054272249323367e+04
3.215000000000000000e+03 1.556122129906311602e+04
3.216000000000000000e+03 1.557231877337765764e+04
3.217000000000000000e+03 1.558717180823590934e+04
3.218000000000000000e+03 1.561019463652097329e+04
3.219000000000000000e+03 1.567360558738607506e+04
3.220000000000000000e+03 1.565744683017620446e+04
3.221000000000000000e+03 1.570599998374225106e+04
3.222000000000000000e+03 1.567956228630768055e+04
3.223000000000000000e+03 1.569657336658798158e+04
3.224000000000000000e+03 1.571502789943148855e+04
3.225000000000000000e+03 1.569476054469181508e+04
3.226000000000000000e+03 1.567545671921134999e+04
3.227000000000000000e+03 1.567706601240301643e+04
3.228000000000000000e+03 1.567775757838665777e+04
3.229000000000000000e+03 1.569718803085504442e+04
3.230000000000000000e+03 1.570267292045581962e+04
3.231000000000000000e+03 1.572216376070884689e+04
3.232000000000000000e+03 1.575776208972666791e+04
3.233000000000000000e+03 1.574675685284403335e+04
3.234000000000000000e+03 1.572259524914166286e+04
3.235000000000000000e+03 1.568455066690226158e+04
3.236000000000000000e+03 1.571038800683217778e+04
3.237000000000000000e+03 1.572910656669660057e+04
3.238000000000000000e+03 1.572215136852299656e+04
3.239000000000000000e+03 1.574194262576372603e+04
3.240000000000000000e+03 1.574551801611604969e+04
3.241000000000000000e+03 1.573377406857442111e+04
3.242000000000000000e+03 1.574968387645204166e+04
3.243000000000000000e+03 1.576751703784112760e+04
3.244000000000000000e+03 1.574504408671129386e+04
3.245000000000000000e+03 1.576019861183804096e+04
3.246000000000000000e+03 1.572683415985345164e+04
3.247000000000000000e+03 1.573210603069048011e+04
3.248000000000000000e+03 1.575373638537051920e+04
3.249000000000000000e+03 1.576571071710723299e+04
3.250000000000000000e+03 1.575432765249125805e+04
3.251000000000000000e+03 1.572890940757358294e+04
3.252000000000000000e+03 1.573691512760764272e+04
3.253000000000000000e+03 1.572248356980541030e+04
3.254000000000000000e+03 1.574094101356476494e+04
3.255000000000000000e+03 1.571633578845716511e+04
3.256000000000000000e+03 1.568378196316028698e+04
3.257000000000000000e+03 1.570296886971704771e+04
3.258000000000000000e+03 1.569384941511142824e+04
3.259000000000000000e+03 1.569443304527201326e+04
3.260000000000000000e+03 1.567614175683121175e+04
3.261000000000000000e+03 1.566547311320255358e+04
3.262000000000000000e+03 1.572788997524097795e+04
3.263000000000000000e+03 1.573361875909634546e+04
3.264000000000000000e+03 1.568981256913767720e+04
3.265000000000000000e+03 1.565001489476265124e+04
3.266000000000000000e+03 1.563982620307141224e+04
3.267000000000000000e+03 1.563718484711583187e+04
3.268000000000000000e+03 1.564778232039223985e+04
3.269000000000000000e+03 1.566003444724232395e+04
3.270000000000000000e+03 1.568121667718254685e+04
3.271000000000000000e+03 1.568075453111605566e+04
3.272000000000000000e+03 1.570166584102580418e+04
3.273000000000000000e+03 1.571843816912651528e+04
3.274000000000000000e+03 1.572153543552470728e+04
3.275000000000000000e+03 1.572798415493235916e+04
3.276000000000000000e+03 1.568801702653022949e+04
3.277000000000000000e+03 1.571803977510371078e+04
3.278000000000000000e+03 1.573022287874073118e+04
3.279000000000000000e+03 1.571788227420450858e+04
3.280000000000000000e+03 1.576230008058634121e+04
3.281000000000000000e+03 1.572859727073786416e+04
3.282000000000000000e+03 1.573172405995286863e+04
3.283000000000000000e+03 1.577199720120246275e+04
3.284000000000000000e+03 1.576574831210020238e+04
3.285000000000000000e+03 1.575604951154429546e+04
3.286000000000000000e+03 1.576284415845303556e+04
3.287000000000000000e+03 1.578189687246032372e+04
3.288000000000000000e+03 1.576040974805182304e+04
3.289000000000000000e+03 1.574394042475428978e+04
3.290000000000000000e+03 1.576107782434286673e+04
3.291000000000000000e+03 1.577158023324785609e+04
3.292000000000000000e+03 1.577675809669800947e+04
3.293000000000000000e+03 1.579900961933366125e+04
3.294000000000000000e+03 1.581185364471269349e+04
3.295000000000000000e+03 1.579427979425978810e+04
3.296000000000000000e+03 1.580408466008562027e+04
3.297000000000000000e+03 1.585396117107788632e+04
3.298000000000000000e+03 1.584507727832334785e+04
3.299000000000000000e+03 1.583301818329496564e+04
3.300000000000000000e+03 1.580027974412463664e+04
3.301000000000000000e+03 1.576117530699327290e+04
3.302000000000000000e+03 1.578362165002402980e+04
3.303000000000000000e+03 1.580286992626837491e+04
3.304000000000000000e+03 1.581399519671082089e+04
3.305000000000000000e+03 1.581252084976826336e+04
3.306000000000000000e+03 1.581975967160475921e+04
3.307000000000000000e+03 1.579594618758468096e+04
3.308000000000000000e+03 1.581525436690559764e+04
3.309000000000000000e+03 1.582017377358983686e+04
3.310000000000000000e+03 1.582225653707046331e+04
3.311000000000000000e+03 1.583468103204781255e+04
3.312000000000000000e+03 1.586763233408909946e+04
3.313000000000000000e+03 1.588406431996328502e+04
3.314000000000000000e+03 1.587580433555483251e+04
3.315000000000000000e+03 1.586850781408704461e+04
3.316000000000000000e+03 1.586263531419028004e+04
3.317000000000000000e+03 1.590438324610431482e+04
3.318000000000000000e+03 1.596105271902787536e+04
3.319000000000000000e+03 1.593152387244649071e+04
3.320000000000000000e+03 1.594875961621753777e+04
3.321000000000000000e+03 1.594066070653094539e+04
3.322000000000000000e+03 1.594810254809584330e+04
3.323000000000000000e+03 1.594704969612734567e+04
3.324000000000000000e+03 1.596818888622735540e+04
3.325000000000000000e+03 1.599184353520920013e+04
3.326000000000000000e+03 1.598434668371235421e+04
3.327000000000000000e+03 1.597072672058706848e+04
3.328000000000000000e+03 1.597939439206901079e+04
3.329000000000000000e+03 1.601662683615636161e+04
3.330000000000000000e+03 1.602456441824898502e+04
3.331000000000000000e+03 1.601928602948665321e+04
3.332000000000000000e+03 1.603836033870561005e+04
3.333000000000000000e+03 1.599452884420459668e+04
3.334000000000000000e+03 1.599778785967669501e+04
3.335000000000000000e+03 1.601981965482533997e+04
3.336000000000000000e+03 1.604750745022546471e+04
3.337000000000000000e+03 1.607329427486509303e+04
3.338000000000000000e+03 1.607066447818771667e+04
3.339000000000000000e+03 1.607568626399964342e+04
3.340000000000000000e+03 1.610229438922954614e+04
3.341000000000000000e+03 1.611980426113033900e+04
3.342000000000000000e+03 1.612907925050298036e+04
3.343000000000000000e+03 1.610555458426446239e+04
3.344000000000000000e+03 1.611609417998588287e+04
3.345000000000000000e+03 1.612253362541633760e+04
3.346000000000000000e+03 1.610936107678809458e+04
3.347000000000000000e+03 1.613797781153685719e+04
3.348000000000000000e+03 1.611457785541037629e+04
3.349000000000000000e+03 1.612669973471213598e+04
3.350000000000000000e+03 1.613201327920695621e+04
3.351000000000000000e+03 1.609483943296849975e+04
3.352000000000000000e+03 1.608237077360320291e+04
3.353000000000000000e+03 1.608427911802705785e+04
3.354000000000000000e+03 1.609185057482758930e+04
3.355000000000000000e+03 1.610959049791398502e+04
3.356000000000000000e+03 1.610036537384152507e+04
3.357000000000000000e+03 1.606449768534131726e+04
3.358000000000000000e+03 1.607582906888423895e+04
3.359000000000000000e+03 1.610083382510108095e+04
3.360000000000000000e+03 1.608041328789521867e+04
3.361000000000000000e+03 1.607181290329453805e+04
3.362000000000000000e+03 1.607201176013151780e+04
3.363000000000000000e+03 1.606773832421407496e+04
3.364000000000000000e+03 1.608264658038808193e+04
3.365000000000000000e+03 1.610057837873252356e+04
3.366000000000000000e+03 1.614081934094478129e+04
3.367000000000000000e+03 1.613500722433212468e+04
3.368000000000000000e+03 1.612932678419785952e+04
3.369000000000000000e+03 1.613934343362818618e+04
3.370000000000000000e+03 1.614520305538016328e+04
3.371000000000000000e+03 1.620435523910308802e+04
3.372000000000000000e+03 1.618404884154976025e+04
3.373000000000000000e+03 1.620468496321997191e+04
3.374000000000000000e+03 1.619902502623895089e+04
3.375000000000000000e+03 1.621091729933307033e+04
3.376000000000000000e+03 1.623390672085234473e+04
3.377000000000000000e+03 1.621859907708634819e+04
3.378000000000000000e+03 1.623864180379333993e+04
3.379000000000000000e+03 1.630681239811330124e+04
3.380000000000000000e+03 1.633201915823491618e+04
3.381000000000000000e+03 1.631069351424835259e+04
3.382000000000000000e+03 1.633340645144307928e+04
3.383000000000000000e+03 1.631725900699187696e+04
3.384000000000000000e+03 1.630378493382873785e+04
3.385000000000000000e+03 1.628795903376874048e+04
3.386000000000000000e+03 1.625014391535447976e+04
3.387000000000000000e+03 1.620381433301664947e+04
3.388000000000000000e+03 1.621768905145836106e+04
3.389000000000000000e+03 1.624794073747145922e+04
3.390000000000000000e+03 1.626416739877238433e+04
3.391000000000000000e+03 1.629250284167459904e+04
3.392000000000000000e+03 1.630482354657759970e+04
3.393000000000000000e+03 1.626077130379246410e+04
3.394000000000000000e+03 1.627020322436616152e+04
3.395000000000000000e+03 1.628375126167832786e+04
3.396000000000000000e+03 1.634102607697882195e+04
3.397000000000000000e+03 1.634490683427075783e+04
3.398000000000000000e+03 1.633797081073035588e+04
3.399000000000000000e+03 1.634761157484122305e+04
3.400000000000000000e+03 1.633908628059498915e+04
3.401000000000000000e+03 1.633897639184522995e+04
3.402000000000000000e+03 1.638278940938663254e+04
3.403000000000000000e+03 1.637002874283763413e+04
3.404000000000000000e+03 1.636504702352879394e+04
3.405000000000000000e+03 1.635921052873259032e+04
3.406000000000000000e+03 1.635193636683821569e+04
3.407000000000000000e+03 1.632657673796569361e+04
3.408000000000000000e+03 1.633484074163277546e+04
3.409000000000000000e+03 1.632710924911380971e+04
3.410000000000000000e+03 1.634474629521990755e+04
3.411000000000000000e+03 1.636913673937411477e+04
3.412000000000000000e+03 1.634870299986972532e+04
3.413000000000000000e+03 1.635852611334506582e+04
3.414000000000000000e+03 1.635950138679581141e+04
3.415000000000000000e+03 1.637454238621886725e+04
3.416000000000000000e+03 1.639319903950833032e+04
3.417000000000000000e+03 1.638386572345389504e+04
3.418000000000000000e+03 1.638307554639222872e+04
3.419000000000000000e+03 1.637730450069085782e+04
3.420000000000000000e+03 1.641305562910804292e+04
3.421000000000000000e+03 1.641231471035278082e+04
3.422000000000000000e+03 1.639754205820531934e+04
3.423000000000000000e+03 1.640182582583364274e+04
3.424000000000000000e+03 1.638378042176026793e+04
3.425000000000000000e+03 1.637543578063462337e+04
3.426000000000000000e+03 1.635676016785682441e+04
3.427000000000000000e+03 1.636725444620134840e+04
3.428000000000000000e+03 1.641771970776789021e+04
3.429000000000000000e+03 1.643645009338419550e+04
3.430000000000000000e+03 1.646180099820057148e+04
3.431000000000000000e+03 1.646957785914170017e+04
3.432000000000000000e+03 1.647713542982729268e+04
3.433000000000000000e+03 1.649192196073075684e+04
3.434000000000000000e+03 1.651562118852758795e+04
3.435000000000000000e+03 1.651966123876252823e+04
3.436000000000000000e+03 1.649691260017243621e+04
3.437000000000000000e+03 1.650228045011388895e+04
3.438000000000000000e+03 1.652145812269569433e+04
3.439000000000000000e+03 1.652972186458661599e+04
3.440000000000000000e+03 1.650905339580819054e+04
3.441000000000000000e+03 1.652356680044667155e+04
3.442000000000000000e+03 1.653475058822429128e+04
3.443000000000000000e+03 1.650784070866298862e+04
3.444000000000000000e+03 1.649996529388631097e+04
3.445000000000000000e+03 1.650635418170713820e+04
3.446000000000000000e+03 1.649497471165709794e+04
3.447000000000000000e+03 1.646810980385301809e+04
3.448000000000000000e+03 1.650284554512882096e+04
3.449000000000000000e+03 1.649217716045586712e+04
3.450000000000000000e+03 1.646813401371101281e+04
3.451000000000000000e+03 1.648483622677375752e+04
3.452000000000000000e+03 1.649696715557410789e+04
3.453000000000000000e+03 1.646546015579415689e+04
3.454000000000000000e+03 1.646139142313568664e+04
3.455000000000000000e+03 1.649378434221290445e+04
3.456000000000000000e+03 1.649891319723228662e+04
3.457000000000000000e+03 1.651808225091039640e+04
3.458000000000000000e+03 1.650155046194212628e+04
3.459000000000000000e+03 1.650893231074590949e+04
3.460000000000000000e+03 1.653880318491874277e+04
3.461000000000000000e+03 1.656707162777776102e+04
3.462000000000000000e+03 1.656482954866486398e+04
3.463000000000000000e+03 1.659319558550857982e+04
3.464000000000000000e+03 1.660237280172155806e+04
3.465000000000000000e+03 1.662835189598398574e+04
3.466000000000000000e+03 1.666806728219302386e+04
3.467000000000000000e+03 1.666729909284436144e+04
3.468000000000000000e+03 1.664192677760670631e+04
3.469000000000000000e+03 1.667971865683087526e+04
3.470000000000000000e+03 1.668057466300915257e+04
3.471000000000000000e+03 1.663230167991385679e+04
3.472000000000000000e+03 1.665257241218617855e+04
3.473000000000000000e+03 1.663653125015065234e+04
3.474000000000000000e+03 1.666755488955542023e+04
3.475000000000000000e+03 1.664812130548894129e+04
3.476000000000000000e+03 1.665287468821520815e+04
3.477000000000000000e+03 1.668502951048627438e+04
3.478000000000000000e+03 1.668478975044212348e+04
3.479000000000000000e+03 1.670694797576162455e+04
3.480000000000000000e+03 1.670942567088727446e+04
3.481000000000000000e+03 1.668913888350110574e+04
3.482000000000000000e+03 1.671119349980258266e+04
3.483000000000000000e+03 1.670742897883322439e+04
3.484000000000000000e+03 1.672946537810371228e+04
3.485000000000000000e+03 1.673765687110525323e+04
3.486000000000000000e+03 1.672272204003889419e+04
3.487000000000000000e+03 1.670458327353789718e+04
3.488000000000000000e+03 1.669161127737966308e+04
3.489000000000000000e+03 1.669124924242240377e+04
3.490000000000000000e+03 1.669563615222475710e+04
3.491000000000000000e+03 1.672806210028568239e+04
3.492000000000000000e+03 1.671772077399947011e+04
3.493000000000000000e+03 1.671984527117610560e+04
3.494000000000000000e+03 1.675426401292204537e+04
3.495000000000000000e+03 1.677307824014944345e+04
3.496000000000000000e+03 1.679726722517115195e+04
3.497000000000000000e+03 1.682402202427493103e+04
3.498000000000000000e+03 1.678742094719005763e+04
3.499000000000000000e+03 1.678678491639676213e+04
3.500000000000000000e+03 1.678030478579499322e+04
3.501000000000000000e+03 1.677369747697187631e+04
3.502000000000000000e+03 1.673970385814256952e+04
3.503000000000000000e+03 1.675730007897010000e+04
3.504000000000000000e+03 1.675988873629714726e+04
3.505000000000000000e+03 1.673182447111291549e+04
3.506000000000000000e+03 1.674994769776406611e+04
3.507000000000000000e+03 1.677182521197580354e+04
3.508000000000000000e+03 1.673052960580147555e+04
3.509000000000000000e+03 1.673041686842038325e+04
3.510000000000000000e+03 1.667490503104354866e+04
3.511000000000000000e+03 1.669558144059525148e+04
3.512000000000000000e+03 1.670291070992754976e+04
3.513000000000000000e+03 1.671785974334756247e+04
3.514000000000000000e+03 1.671593077672890649e+04
3.515000000000000000e+03 1.672994053820752742e+04
3.516000000000000000e+03 1.677497233125360435e+04
3.517000000000000000e+03 1.678455477797308049e+04
3.518000000000000000e+03 1.680238674593281394e+04
3.519000000000000000e+03 1.678497169689072325e+04
3.520000000000000000e+03 1.678044546380534666e+04
3.521000000000000000e+03 1.681421608601992557e+04
3.522000000000000000e+03 1.680371104400154945e+04
3.523000000000000000e+03 1.680914533298059905e+04
3.524000000000000000e+03 1.680033032294303848e+04
3.525000000000000000e+03 1.681235488052673827e+04
3.526000000000000000e+03 1.682331856674577284e+04
3.527000000000000000e+03 1.683643827042699559e+04
3.528000000000000000e+03 1.683476177843195183e+04
3.529000000000000000e+03 1.682008904284388336e+04
3.530000000000000000e+03 1.682044369691916654e+04
3.531000000000000000e+03 1.678902689074422597e+04
3.532000000000000000e+03 1.682277947395848605e+04
3.533000000000000000e+03 1.680594933949037295e+04
3.534000000000000000e+03 1.678968266204100291e+04
3.535000000000000000e+03 1.681343538345825800e+04
3.536000000000000000e+03 1.683901936764318816e+04
3.537000000000000000e+03 1.679376067890086415e+04
3.538000000000000000e+03 1.672923035570163120e+04
3.539000000000000000e+03 1.673773374324244651e+04
3.540000000000000000e+03 1.670421894641118342e+04
3.541000000000000000e+03 1.673447670307943554e+04
3.542000000000000000e+03 1.676846643097237757e+04
3.543000000000000000e+03 1.678360843330498756e+04
3.544000000000000000e+03 1.677570618659648244e+04
3.545000000000000000e+03 1.676965458150186896e+04
3.546000000000000000e+03 1.680904387967448929e+04
3.547000000000000000e+03 1.680768636346143467e+04
3.548000000000000000e+03 1.679727651928651176e+04
3.549000000000000000e+03 1.678641889069105309e+04
3.550000000000000000e+03 1.678341077794464945e+04
3.551000000000000000e+03 1.682725674974420326e+04
3.552000000000000000e+03 1.682621804853100184e+04
3.553000000000000000e+03 1.680077451366485184e+04
3.554000000000000000e+03 1.677645524250657400e+04
3.555000000000000000e+03 1.680000520294311355e+04
3.556000000000000000e+03 1.678966950244448162e+04
3.557000000000000000e+03 1.679507158293404063e+04
3.558000000000000000e+03 1.683064703793262015e+04
3.559000000000000000e+03 1.681342734429634584e+04
3.560000000000000000e+03 1.679600551945240659e+04
3.561000000000000000e+03 1.681320289942690579e+04
3.562000000000000000e+03 1.681223322678430122e+04
3.563000000000000000e+03 1.682325458018258723e+04
3.564000000000000000e+03 1.682039307088193891e+04
3.565000000000000000e+03 1.681455409191551371e+04
3.566000000000000000e+03 1.682717601038003704e+04
3.567000000000000000e+03 1.681751133968760041e+04
3.568000000000000000e+03 1.678331241351003700e+04
3.569000000000000000e+03 1.680718422086455394e+04
3.570000000000000000e+03 1.680370240747454591e+04
3.571000000000000000e+03 1.684206466231909872e+04
3.572000000000000000e+03 1.679025670155381522e+04
3.573000000000000000e+03 1.680111919639957341e+04
3.574000000000000000e+03 1.684629404431965668e+04
3.575000000000000000e+03 1.684012152959304876e+04
3.576000000000000000e+03 1.686348632725858261e+04
3.577000000000000000e+03 1.687448362667384208e+04
3.578000000000000000e+03 1.692379096185538583e+04
3.579000000000000000e+03 1.693127368754069903e+04
3.580000000000000000e+03 1.693958609789402544e+04
3.581000000000000000e+03 1.693978061152405280e+04
3.582000000000000000e+03 1.693794524345199170e+04
3.583000000000000000e+03 1.695117728503185936e+04
3.584000000000000000e+03 1.693428828824687662e+04
3.585000000000000000e+03 1.694797558551341717e+04
3.586000000000000000e+03 1.693732105890133244e+04
3.587000000000000000e+03 1.694002916505896064e+04
3.588000000000000000e+03 1.696823627100696467e+04
3.589000000000000000e+03 1.702354360939282924e+04
3.590000000000000000e+03 1.699032477547331291e+04
3.591000000000000000e+03 1.695953241544120465e+04
3.592000000000000000e+03 1.697109227422903496e+04
3.593000000000000000e+03 1.698003573983261958e+04
3.594000000000000000e+03 1.700101758558352230e+04
3.595000000000000000e+03 1.700893440365441711e+04
3.596000000000000000e+03 1.705603038329011542e+04
3.597000000000000000e+03 1.703640645286303698e+04
3.598000000000000000e+03 1.705327235482405376e+04
3.599000000000000000e+03 1.710067072169846870e+04
3.600000000000000000e+03 1.703987527619775574e+04
3.601000000000000000e+03 1.701242093918564933e+04
3.602000000000000000e+03 1.702727557253428677e+04
3.603000000000000000e+03 1.703740478530380642e+04
3.604000000000000000e+03 1.707405293649598025e+04
3.605000000000000000e+03 1.708982698314584559e+04
3.606000000000000000e+03 1.712606832395442325e+04
3.607000000000000000e+03 1.716453631462936391e+04
3.608000000000000000e+03 1.713523304233610907e+04
3.609000000000000000e+03 1.714102070222126713e+04
3.610000000000000000e+03 1.714118250198704482e+04
3.611000000000000000e+03 1.714542420942407625e+04
3.612000000000000000e+03 1.711406286071156865e+04
3.613000000000000000e+03 1.712307564619953700e+04
3.614000000000000000e+03 1.713850663068912399e+04
3.615000000000000000e+03 1.713112175141657281e+04
3.616000000000000000e+03 1.711178383853719060e+04
3.617000000000000000e+03 1.711684038879433501e+04
3.618000000000000000e+03 1.709511958742289426e+04
3.619000000000000000e+03 1.707073152544144978e+04
3.620000000000000000e+03 1.706362243140737701e+04
3.621000000000000000e+03 1.706116181042731114e+04
3.622000000000000000e+03 1.705210147923041950e+04
3.623000000000000000e+03 1.704793420887538014e+04
3.624000000000000000e+03 1.707540656170733564e+04
3.625000000000000000e+03 1.711835262114441502e+04
3.626000000000000000e+03 1.713322207563990742e+04
3.627000000000000000e+03 1.711182179702508802e+04
3.628000000000000000e+03 1.713241943163245378e+04
3.629000000000000000e+03 1.712981988410200211e+04
3.630000000000000000e+03 1.709659051703723162e+04
3.631000000000000000e+03 1.714954004738253207e+04
3.632000000000000000e+03 1.713889134636922608e+04
3.633000000000000000e+03 1.711791310990905913e+04
3.634000000000000000e+03 1.715764163282186928e+04
3.635000000000000000e+03 1.712994000327462345e+04
3.636000000000000000e+03 1.713160739668662427e+04
3.637000000000000000e+03 1.713998344309816457e+04
3.638000000000000000e+03 1.717443701395938479e+04
3.639000000000000000e+03 1.715205486452857076e+04
3.640000000000000000e+03 1.713491449121712139e+04
3.641000000000000000e+03 1.716704006841006412e+04
3.642000000000000000e+03 1.718011791323490252e+04
3.643000000000000000e+03 1.718366196797361044e+04
3.644000000000000000e+03 1.720977516574322362e+04
3.645000000000000000e+03 1.721230117484143921e+04
3.646000000000000000e+03 1.722693876427262512e+04
3.647000000000000000e+03 1.724596940737026307e+04
3.648000000000000000e+03 1.730070641196695942e+04
3.649000000000000000e+03 1.734497866601436181e+04
3.650000000000000000e+03 1.734155968601032146e+04
3.651000000000000000e+03 1.734719443793029131e+04
3.652000000000000000e+03 1.734113213495841774e+04
3.653000000000000000e+03 1.730680412065195924e+04
3.654000000000000000e+03 1.727153311579222645e+04
3.655000000000000000e+03 1.731862347633843092e+04
3.656000000000000000e+03 1.729962490584145417e+04
3.657000000000000000e+03 1.731436437759039836e+04
3.658000000000000000e+03 1.733446693944598883e+04
3.659000000000000000e+03 1.733458111131367696e+04
3.660000000000000000e+03 1.730346727651192123e+04
3.661000000000000000e+03 1.730723724669309013e+04
3.662000000000000000e+03 1.736490610877811923e+04
3.663000000000000000e+03 1.737018089120780496e+04
3.664000000000000000e+03 1.735277096974810047e+04
3.665000000000000000e+03 1.737825645090521721e+04
3.666000000000000000e+03 1.737201122050328922e+04
3.667000000000000000e+03 1.737446969645950958e+04
3.668000000000000000e+03 1.735050145756574420e+04
3.669000000000000000e+03 1.733930167291207908e+04
3.670000000000000000e+03 1.732837728248788699e+04
3.671000000000000000e+03 1.733365956992662905e+04
3.672000000000000000e+03 1.734856324165569094e+04
3.673000000000000000e+03 1.738558005777241124e+04
3.674000000000000000e+03 1.734891057243591058e+04
3.675000000000000000e+03 1.733766117309956826e+04
3.676000000000000000e+03 1.738779682030278127e+04
3.677000000000000000e+03 1.741845353943495138e+04
3.678000000000000000e+03 1.737942744803656024e+04
3.679000000000000000e+03 1.735572048648190685e+04
3.680000000000000000e+03 1.735464356768676589e+04
3.681000000000000000e+03 1.734151157375819457e+04
3.682000000000000000e+03 1.736020849435672790e+04
3.683000000000000000e+03 1.734799985234624910e+04
3.684000000000000000e+03 1.735120774302824793e+04
3.685000000000000000e+03 1.738093950582631442e+04
3.686000000000000000e+03 1.737004407375814480e+04
3.687000000000000000e+03 1.735611175429923969e+04
3.688000000000000000e+03 1.735864811826088044e+04
3.689000000000000000e+03 1.735437478860623742e+04
3.690000000000000000e+03 1.735956790623354027e+04
3.691000000000000000e+03 1.729198668322597587e+04
3.692000000000000000e+03 1.729456086851808868e+04
3.693000000000000000e+03 1.732177525197183422e+04
3.694000000000000000e+03 1.731821284521679991e+04
3.695000000000000000e+03 1.735738292635844482e+04
3.696000000000000000e+03 1.734923797152771294e+04
3.697000000000000000e+03 1.736936342365462042e+04
3.698000000000000000e+03 1.736979729860593579e+04
3.699000000000000000e+03 1.737101233391190181e+04
3.700000000000000000e+03 1.738730033565217309e+04
3.701000000000000000e+03 1.734524291500402978e+04
3.702000000000000000e+03 1.734724148021109431e+04
3.703000000000000000e+03 1.733238288589055446e+04
3.704000000000000000e+03 1.735188818097968760e+04
3.705000000000000000e+03 1.735462304833266899e+04
3.706000000000000000e+03 1.731542726143105756e+04
3.707000000000000000e+03 1.733133178900766507e+04
3.708000000000000000e+03 1.736874487872996906e+04
3.709000000000000000e+03 1.734875553602645232e+04
3.710000000000000000e+03 1.734359691628208020e+04
3.711000000000000000e+03 1.731768027832182634e+04
3.712000000000000000e+03 1.729212006441852282e+04
3.713000000000000000e+03 1.731579206248017726e+04
3.714000000000000000e+03 1.733633165790933708e+04
3.715000000000000000e+03 1.735880071449561365e+04
3.716000000000000000e+03 1.734763310721290691e+04
3.717000000000000000e+03 1.732788063682918073e+04
3.718000000000000000e+03 1.733604489685987573e+04
3.719000000000000000e+03 1.736089327174056234e+04
3.720000000000000000e+03 1.738233627366812289e+04
3.721000000000000000e+03 1.744164799657048934e+04
3.722000000000000000e+03 1.743667027736065575e+04
3.723000000000000000e+03 1.746519517997933508e+04
3.724000000000000000e+03 1.749754359597785515e+04
3.725000000000000000e+03 1.750801426067776265e+04
3.726000000000000000e+03 1.751955153598363904e+04
3.727000000000000000e+03 1.749972018114457023e+04
3.728000000000000000e+03 1.749725875140526114e+04
3.729000000000000000e+03 1.748782315786241816e+04
3.730000000000000000e+03 1.752280494278411788e+04
3.731000000000000000e+03 1.755127180478246373e+04
3.732000000000000000e+03 1.754959216635483972e+04
3.733000000000000000e+03 1.755270099840008697e+04
3.734000000000000000e+03 1.758732647039529911e+04
3.735000000000000000e+03 1.759518971455361316e+04
3.736000000000000000e+03 1.761146622999916144e+04
3.737000000000000000e+03 1.762732301183559321e+04
3.738000000000000000e+03 1.763042573786416324e+04
3.739000000000000000e+03 1.761570696799009238e+04
3.740000000000000000e+03 1.762179909698197298e+04
3.741000000000000000e+03 1.760996381676038436e+04
3.742000000000000000e+03 1.759531200380638620e+04
3.743000000000000000e+03 1.767116304985342140e+04
3.744000000000000000e+03 1.765833874086682408e+04
3.745000000000000000e+03 1.763060302959648470e+04
3.746000000000000000e+03 1.765439796233415836e+04
3.747000000000000000e+03 1.765256441663780060e+04
3.748000000000000000e+03 1.768540027263186130e+04
3.749000000000000000e+03 1.769593044285547876e+04
3.750000000000000000e+03 1.766196514332674633e+04
3.751000000000000000e+03 1.762835596032747708e+04
3.752000000000000000e+03 1.762313082990678959e+04
3.753000000000000000e+03 1.764479510276383371e+04
3.754000000000000000e+03 1.765352220555435997e+04
3.755000000000000000e+03 1.762868414550660600e+04
3.756000000000000000e+03 1.762884280461479284e+04
3.757000000000000000e+03 1.765515051831333039e+04
3.758000000000000000e+03 1.765618781949653203e+04
3.759000000000000000e+03 1.766234236883201083e+04
3.760000000000000000e+03 1.770615892113179871e+04
3.761000000000000000e+03 1.771419353373050399e+04
3.762000000000000000e+03 1.768127846028001659e+04
3.763000000000000000e+03 1.768080085586350469e+04
3.764000000000000000e+03 1.770896156469218113e+04
3.765000000000000000e+03 1.771974654048390585e+04
3.766000000000000000e+03 1.772565525129402886e+04
3.767000000000000000e+03 1.768451301772340958e+04
3.768000000000000000e+03 1.766984949536685963e+04
3.769000000000000000e+03 1.766960960554012854e+04
3.770000000000000000e+03 1.764780323421443245e+04
3.771000000000000000e+03 1.762505165605937145e+04
3.772000000000000000e+03 1.759945170058769145e+04
3.773000000000000000e+03 1.763447250536807041e+04
3.774000000000000000e+03 1.764814809469781540e+04
3.775000000000000000e+03 1.763215150348654424e+04
3.776000000000000000e+03 1.761609849805124759e+04
3.777000000000000000e+03 1.761027615375872119e+04
3.778000000000000000e+03 1.761659394744892779e+04
3.779000000000000000e+03 1.760481784874849836e+04
3.780000000000000000e+03 1.756029898321466317e+04
3.781000000000000000e+03 1.759103270417649765e+04
3.782000000000000000e+03 1.759589414874408249e+04
3.783000000000000000e+03 1.763062020557740107e+04
3.784000000000000000e+03 1.759251339248246222e+04
3.785000000000000000e+03 1.763876542619106476e+04
3.786000000000000000e+03 1.763328985214435306e+04
3.787000000000000000e+03 1.761065681154847334e+04
3.788000000000000000e+03 1.762158347258653521e+04
3.789000000000000000e+03 1.762035421506665080e+04
3.790000000000000000e+03 1.763906700167869349e+04
3.791000000000000000e+03 1.764698188566957106e+04
3.792000000000000000e+03 1.763349672968899176e+04
3.793000000000000000e+03 1.760105205322412075e+04
3.794000000000000000e+03 1.759583828977816665e+04
3.795000000000000000e+03 1.761271163987187174e+04
3.796000000000000000e+03 1.762286702106204393e+04
3.797000000000000000e+03 1.763008303325316592e+04
3.798000000000000000e+03 1.763776797129306215e+04
3.799000000000000000e+03 1.765688587563676629e+04
3.800000000000000000e+03 1.763999034528343327e+04
3.801000000000000000e+03 1.763334655963301338e+04
3.802000000000000000e+03 1.764002033007219870e+04
3.803000000000000000e+03 1.764248554741701810e+04
3.804000000000000000e+03 1.763703189809010655e+04
3.805000000000000000e+03 1.765014030193873259e+04
3.806000000000000000e+03 1.764692914165036927e+04
3.807000000000000000e+03 1.763151733795315158e+04
3.808000000000000000e+03 1.762396139506542386e+04
3.809000000000000000e+03 1.759470459773253242e+04
3.810000000000000000e+03 1.762640709395177691e+04
3.811000000000000000e+03 1.763206781218386095e+04
3.812000000000000000e+03 1.766233070705614591e+04
3.813000000000000000e+03 1.768188013154366490e+04
3.814000000000000000e+03 1.765395468943261585e+04
3.815000000000000000e+03 1.766302489233985034e+04
3.816000000000000000e+03 1.765421376466138463e+04
3.817000000000000000e+03 1.765582461444429282e+04
3.818000000000000000e+03 1.767806733885388894e+04
3.819000000000000000e+03 1.766959686099158353e+04
3.820000000000000000e+03 1.767213804259540848e+04
3.821000000000000000e+03 1.767047042968897949e+04
3.822000000000000000e+03 1.768363438011648395e+04
3.823000000000000000e+03 1.768430943541456509e+04
3.824000000000000000e+03 1.767412810854269264e+04
3.825000000000000000e+03 1.768194857403376955e+04
3.826000000000000000e+03 1.769630523228011589e+04
3.827000000000000000e+03 1.770559565997314348e+04
3.828000000000000000e+03 1.773555639211316884e+04
3.829000000000000000e+03 1.775197608586291972e+04
3.830000000000000000e+03 1.773995911680286008e+04
3.831000000000000000e+03 1.773142369155023334e+04
3.832000000000000000e+03 1.774444187915492148e+04
3.833000000000000000e+03 1.773778701802649448e+04
3.834000000000000000e+03 1.770567232709243399e+04
3.835000000000000000e+03 1.772112207086001217e+04
3.836000000000000000e+03 1.777919320522516500e+04
3.837000000000000000e+03 1.775265714965173538e+04
3.838000000000000000e+03 1.772867935961422336e+04
3.839000000000000000e+03 1.774042771313932826e+04
3.840000000000000000e+03 1.772513236214009521e+04
3.841000000000000000e+03 1.774691910547574662e+04
3.842000000000000000e+03 1.772975598377128335e+04
3.843000000000000000e+03 1.772410360661847881e+04
3.844000000000000000e+03 1.771349177699391657e+04
3.845000000000000000e+03 1.771498116365355600e+04
3.846000000000000000e+03 1.769926660468562113e+04
3.847000000000000000e+03 1.773362265196609951e+04
3.848000000000000000e+03 1.769460915395782649e+04
3.849000000000000000e+03 1.768227970662056032e+04
3.850000000000000000e+03 1.770441305522450784e+04
3.851000000000000000e+03 1.770235334642179441e+04
3.852000000000000000e+03 1.770067967309020969e+04
3.853000000000000000e+03 1.770323486481797227e+04
3.854000000000000000e+03 1.771808064840073348e+04
3.855000000000000000e+03 1.769507267367554232e+04
3.856000000000000000e+03 1.769618917096990845e+04
3.857000000000000000e+03 1.771780547714271961e+04
3.858000000000000000e+03 1.773245457070452176e+04
3.859000000000000000e+03 1.771539046290874103e+04
3.860000000000000000e+03 1.771300936758057651e+04
3.861000000000000000e+03 1.772121046853806911e+04
3.862000000000000000e+03 1.775619036087092536e+04
3.863000000000000000e+03 1.778380983278667190e+04
3.864000000000000000e+03 1.778375611202542859e+04
3.865000000000000000e+03 1.777236340464492241e+04
3.866000000000000000e+03 1.779892649133246232e+04
3.867000000000000000e+03 1.779993877483307369e+04
3.868000000000000000e+03 1.780426561310667239e+04
3.869000000000000000e+03 1.781020709916355190e+04
3.870000000000000000e+03 1.781200381775067581e+04
3.871000000000000000e+03 1.784324265153777378e+04
3.872000000000000000e+03 1.785763878324735560e+04
3.873000000000000000e+03 1.788032177520731784e+04
3.874000000000000000e+03 1.790270801254206890e+04
3.875000000000000000e+03 1.789701425181348532e+04
3.876000000000000000e+03 1.786726162899605333e+04
3.877000000000000000e+03 1.788226549889282614e+04
3.878000000000000000e+03 1.791093752800842412e+04
3.879000000000000000e+03 1.791221719739097171e+04
3.880000000000000000e+03 1.791111660246967222e+04
3.881000000000000000e+03 1.789331409946097483e+04
3.882000000000000000e+03 1.787823533871952895e+04
3.883000000000000000e+03 1.787000442131942691e+04
3.884000000000000000e+03 1.785436912614621178e+04
3.885000000000000000e+03 1.784903077411089907e+04
3.886000000000000000e+03 1.783506496391909604e+04
3.887000000000000000e+03 1.786359688663334600e+04
3.888000000000000000e+03 1.788078062395306915e+04
3.889000000000000000e+03 1.785132215544179053e+04
3.890000000000000000e+03 1.783339195737964474e+04
3.891000000000000000e+03 1.784627793177788772e+04
3.892000000000000000e+03 1.784896528399096860e+04
3.893000000000000000e+03 1.782616703295880507e+04
3.894000000000000000e+03 1.782386149013292379e+04
3.895000000000000000e+03 1.783305294938070438e+04
3.896000000000000000e+03 1.787000759289689086e+04
3.897000000000000000e+03 1.783242407457306035e+04
3.898000000000000000e+03 1.783019155522486835e+04
3.899000000000000000e+03 1.787209727189994010e+04
3.900000000000000000e+03 1.786092480378314576e+04
3.901000000000000000e+03 1.789423868659880100e+04
3.902000000000000000e+03 1.788446091739775511e+04
3.903000000000000000e+03 1.789454444071005128e+04
3.904000000000000000e+03 1.789116473284384119e+04
3.905000000000000000e+03 1.790055830593525025e+04
3.906000000000000000e+03 1.790283198888602783e+04
3.907000000000000000e+03 1.797528656586192301e+04
3.908000000000000000e+03 1.795788687777896484e+04
3.909000000000000000e+03 1.793065656978603147e+04
3.910000000000000000e+03 1.797772210559290397e+04
3.911000000000000000e+03 1.798776481881717336e+04
3.912000000000000000e+03 1.794719026484141432e+04
3.913000000000000000e+03 1.794025733393126575e+04
3.914000000000000000e+03 1.795656176470033461e+04
3.915000000000000000e+03 1.794736236975517022e+04
3.916000000000000000e+03 1.795183229575633595e+04
3.917000000000000000e+03 1.794758736926739948e+04
3.918000000000000000e+03 1.794802575892624736e+04
3.919000000000000000e+03 1.796922709778443095e+04
3.920000000000000000e+03 1.799627977529575583e+04
3.921000000000000000e+03 1.800514705782385863e+04
3.922000000000000000e+03 1.798657034838494656e+04
3.923000000000000000e+03 1.803079316781507441e+04
3.924000000000000000e+03 1.803624805577529696e+04
3.925000000000000000e+03 1.797868348707160840e+04
3.926000000000000000e+03 1.796640131273267252e+04
3.927000000000000000e+03 1.801609538177531067e+04
3.928000000000000000e+03 1.804164559821707007e+04
3.929000000000000000e+03 1.804353668215347352e+04
3.930000000000000000e+03 1.803480506916232844e+04
3.931000000000000000e+03 1.803911261695993744e+04
3.932000000000000000e+03 1.803732136416114372e+04
3.933000000000000000e+03 1.806680228418013940e+04
3.934000000000000000e+03 1.810330755405864329e+04
3.935000000000000000e+03 1.813021878998519605e+04
3.936000000000000000e+03 1.809556907438418420e+04
3.937000000000000000e+03 1.810677412833513517e+04
3.938000000000000000e+03 1.810971558752127748e+04
3.939000000000000000e+03 1.807455195078835823e+04
3.940000000000000000e+03 1.810624314337025135e+04
3.941000000000000000e+03 1.810165279861111776e+04
3.942000000000000000e+03 1.810812897790960778e+04
3.943000000000000000e+03 1.811207170138148285e+04
3.944000000000000000e+03 1.803540663932617463e+04
3.945000000000000000e+03 1.806049927332367952e+04
3.946000000000000000e+03 1.807291843702464757e+04
3.947000000000000000e+03 1.806765846412148312e+04
3.948000000000000000e+03 1.807304087215753316e+04
3.949000000000000000e+03 1.810827846919600051e+04
3.950000000000000000e+03 1.814262424582101085e+04
3.951000000000000000e+03 1.817896850631039706e+04
3.952000000000000000e+03 1.816138199331042051e+04
3.953000000000000000e+03 1.813599161698667376e+04
3.954000000000000000e+03 1.810872149128985984e+04
3.955000000000000000e+03 1.817687790260531983e+04
3.956000000000000000e+03 1.817501588148989686e+04
3.957000000000000000e+03 1.816238020867056548e+04
3.958000000000000000e+03 1.815179570794372194e+04
3.959000000000000000e+03 1.817277524667480247e+04
3.960000000000000000e+03 1.818279750932031311e+04
3.961000000000000000e+03 1.820082445498432571e+04
3.962000000000000000e+03 1.818070808268097244e+04
3.963000000000000000e+03 1.817755235773087770e+04
3.964000000000000000e+03 1.817783637730425835e+04
3.965000000000000000e+03 1.818838407076574367e+04
3.966000000000000000e+03 1.818651376794852695e+04
3.967000000000000000e+03 1.821817317794813789e+04
3.968000000000000000e+03 1.823435925364323703e+04
3.969000000000000000e+03 1.821303215543540500e+04
3.970000000000000000e+03 1.826740632823675332e+04
3.971000000000000000e+03 1.829625438008061610e+04
3.972000000000000000e+03 1.827509529856767040e+04
3.973000000000000000e+03 1.831207631720205973e+04
3.974000000000000000e+03 1.831843550877112648e+04
3.975000000000000000e+03 1.830322382093903798e+04
3.976000000000000000e+03 1.828784438302850685e+04
3.977000000000000000e+03 1.832172945644965876e+04
3.978000000000000000e+03 1.834387863260300219e+04
3.979000000000000000e+03 1.832675060377053524e+04
3.980000000000000000e+03 1.832074206267089903e+04
3.981000000000000000e+03 1.830958583239626387e+04
3.982000000000000000e+03 1.833500215966044198e+04
3.983000000000000000e+03 1.832304865824856097e+04
3.984000000000000000e+03 1.834531965735479025e+04
3.985000000000000000e+03 1.835461477232124162e+04
3.986000000000000000e+03 1.834882611015580915e+04
3.987000000000000000e+03 1.837208039516280041e+04
3.988000000000000000e+03 1.833732435999011796e+04
3.989000000000000000e+03 1.828426431945489458e+04
3.990000000000000000e+03 1.826490777258226444e+04
3.991000000000000000e+03 1.829432784162704411e+04
3.992000000000000000e+03 1.831780240787998628e+04
3.993000000000000000e+03 1.830007466017865590e+04
3.994000000000000000e+03 1.827793710642398946e+04
3.995000000000000000e+03 1.825930410082119124e+04
3.996000000000000000e+03 1.826019710487425618e+04
3.997000000000000000e+03 1.828550133364046633e+04
3.998000000000000000e+03 1.826850116682869702e+04
3.999000000000000000e+03 1.826489935004982908e+04
