# time_reduced msd_reduced
# region=central
# central=0.333333333333:0.666666666667
# outer=0:0.250000000000,0.750000000000:1
# transition=0.250000000000:0.333333333333,0.666666666667:0.750000000000
# atom_types=[2]
# n_selected=2536
# subtract_group_com_drift=True
0.000000000000000000e+00 0.000000000000000000e+00
1.000000000000000000e+00 8.498924371099899844e+00
2.000000000000000000e+00 1.431897743981268434e+01
3.000000000000000000e+00 1.867670521533408134e+01
4.000000000000000000e+00 2.484518466011803994e+01
5.000000000000000000e+00 2.979325271326958458e+01
6.000000000000000000e+00 3.404318017132492002e+01
7.000000000000000000e+00 3.874935324460601294e+01
8.000000000000000000e+00 4.468701378072050545e+01
9.000000000000000000e+00 4.978166521680644507e+01
1.000000000000000000e+01 5.480539538012408940e+01
1.100000000000000000e+01 6.128616068917784077e+01
1.200000000000000000e+01 6.556882685463381222e+01
1.300000000000000000e+01 7.167237408780040653e+01
1.400000000000000000e+01 7.798837847453462757e+01
1.500000000000000000e+01 8.525791259455277782e+01
1.600000000000000000e+01 9.140706607904408543e+01
1.700000000000000000e+01 9.602479025180605277e+01
1.800000000000000000e+01 1.028783203671174533e+02
1.900000000000000000e+01 1.107550526675110802e+02
2.000000000000000000e+01 1.162205745460369997e+02
2.100000000000000000e+01 1.181167301817563526e+02
2.200000000000000000e+01 1.239837869579475154e+02
2.300000000000000000e+01 1.311985854676447900e+02
2.400000000000000000e+01 1.352174670274563653e+02
2.500000000000000000e+01 1.398259947400525789e+02
2.600000000000000000e+01 1.476293797612363505e+02
2.700000000000000000e+01 1.552294752556530852e+02
2.800000000000000000e+01 1.594554444359178831e+02
2.900000000000000000e+01 1.676705835493942232e+02
3.000000000000000000e+01 1.702384106018780869e+02
3.100000000000000000e+01 1.743049718324861317e+02
3.200000000000000000e+01 1.789053151417234062e+02
3.300000000000000000e+01 1.829897554104096287e+02
3.400000000000000000e+01 1.902502046895362469e+02
3.500000000000000000e+01 1.990271923597312309e+02
3.600000000000000000e+01 2.020021132734940181e+02
3.700000000000000000e+01 2.061574832562772031e+02
3.800000000000000000e+01 2.122274672169977805e+02
3.900000000000000000e+01 2.172966943207422332e+02
4.000000000000000000e+01 2.234272934394096808e+02
4.100000000000000000e+01 2.282528676010491324e+02
4.200000000000000000e+01 2.337264462915412082e+02
4.300000000000000000e+01 2.415325707007587539e+02
4.400000000000000000e+01 2.469727295205358075e+02
4.500000000000000000e+01 2.543892564274723043e+02
4.600000000000000000e+01 2.649568199611901491e+02
4.700000000000000000e+01 2.732733721047671338e+02
4.800000000000000000e+01 2.798000366630012081e+02
4.900000000000000000e+01 2.860440032238845447e+02
5.000000000000000000e+01 2.841294307140355500e+02
5.100000000000000000e+01 2.885927457103372262e+02
5.200000000000000000e+01 2.976777191503667837e+02
5.300000000000000000e+01 3.022095687672321560e+02
5.400000000000000000e+01 3.061065245781886688e+02
5.500000000000000000e+01 3.110509348862699426e+02
5.600000000000000000e+01 3.169655566217118121e+02
5.700000000000000000e+01 3.274702501340933054e+02
5.800000000000000000e+01 3.307772761400856893e+02
5.900000000000000000e+01 3.365353583139028046e+02
6.000000000000000000e+01 3.474832993878849834e+02
6.100000000000000000e+01 3.532908032263499649e+02
6.200000000000000000e+01 3.605236170310240027e+02
6.300000000000000000e+01 3.646343542150837038e+02
6.400000000000000000e+01 3.721445829677077768e+02
6.500000000000000000e+01 3.740838621934265120e+02
6.600000000000000000e+01 3.800679676935852740e+02
6.700000000000000000e+01 3.873737324008038740e+02
6.800000000000000000e+01 3.911901254064321165e+02
6.900000000000000000e+01 3.921814722847116741e+02
7.000000000000000000e+01 3.954578297057187797e+02
7.100000000000000000e+01 3.980908707488264326e+02
7.200000000000000000e+01 4.065935435505273290e+02
7.300000000000000000e+01 4.176794378227050970e+02
7.400000000000000000e+01 4.228042813267161364e+02
7.500000000000000000e+01 4.293917861937954399e+02
7.600000000000000000e+01 4.359269625101312045e+02
7.700000000000000000e+01 4.478762926375103461e+02
7.800000000000000000e+01 4.484967757751902582e+02
7.900000000000000000e+01 4.533853243495967149e+02
8.000000000000000000e+01 4.611922537709515950e+02
8.100000000000000000e+01 4.632285631305975357e+02
8.200000000000000000e+01 4.740430897844581750e+02
8.300000000000000000e+01 4.803708279267950729e+02
8.400000000000000000e+01 4.882061924148973162e+02
8.500000000000000000e+01 4.981786998316870836e+02
8.600000000000000000e+01 4.986633143003354007e+02
8.700000000000000000e+01 5.064529743088772307e+02
8.800000000000000000e+01 5.149215999125967755e+02
8.900000000000000000e+01 5.249633763274187004e+02
9.000000000000000000e+01 5.344668848278822679e+02
9.100000000000000000e+01 5.461846471158952454e+02
9.200000000000000000e+01 5.534455064795579347e+02
9.300000000000000000e+01 5.559523111273242648e+02
9.400000000000000000e+01 5.647535960015787850e+02
9.500000000000000000e+01 5.708245807843047714e+02
9.600000000000000000e+01 5.693240275916627979e+02
9.700000000000000000e+01 5.764941229722508069e+02
9.800000000000000000e+01 5.813137014602201589e+02
9.900000000000000000e+01 5.853934963036462023e+02
1.000000000000000000e+02 5.914919986911330625e+02
1.010000000000000000e+02 5.980764856588596103e+02
1.020000000000000000e+02 6.019462305174834000e+02
1.030000000000000000e+02 6.080588848588794235e+02
1.040000000000000000e+02 6.174385314943650656e+02
1.050000000000000000e+02 6.191459138740891603e+02
1.060000000000000000e+02 6.306244320730678510e+02
1.070000000000000000e+02 6.388467814021132654e+02
1.080000000000000000e+02 6.476057961542048815e+02
1.090000000000000000e+02 6.577714274038761459e+02
1.100000000000000000e+02 6.587557755974376050e+02
1.110000000000000000e+02 6.637383037275552624e+02
1.120000000000000000e+02 6.703215975156273316e+02
1.130000000000000000e+02 6.759085807122567076e+02
1.140000000000000000e+02 6.855814031323203608e+02
1.150000000000000000e+02 6.901334782262867975e+02
1.160000000000000000e+02 7.029834529207723790e+02
1.170000000000000000e+02 7.099415972530002819e+02
1.180000000000000000e+02 7.195326297954119354e+02
1.190000000000000000e+02 7.230000572189470631e+02
1.200000000000000000e+02 7.293101084427185015e+02
1.210000000000000000e+02 7.378018702455809716e+02
1.220000000000000000e+02 7.449136992135817081e+02
1.230000000000000000e+02 7.487553336010523708e+02
1.240000000000000000e+02 7.593218449667956520e+02
1.250000000000000000e+02 7.693412553941436727e+02
1.260000000000000000e+02 7.844653425096128103e+02
1.270000000000000000e+02 7.963837051090790737e+02
1.280000000000000000e+02 8.001079237934770845e+02
1.290000000000000000e+02 8.037111039276509246e+02
1.300000000000000000e+02 7.980435559290585843e+02
1.310000000000000000e+02 8.032240436234260414e+02
1.320000000000000000e+02 8.074859472691451856e+02
1.330000000000000000e+02 8.090579254086670744e+02
1.340000000000000000e+02 8.141750692062967119e+02
1.350000000000000000e+02 8.277613668047986266e+02
1.360000000000000000e+02 8.445289806273518707e+02
1.370000000000000000e+02 8.493759359686058588e+02
1.380000000000000000e+02 8.576238389472097197e+02
1.390000000000000000e+02 8.624047127904538002e+02
1.400000000000000000e+02 8.657186819847488550e+02
1.410000000000000000e+02 8.653885527259351420e+02
1.420000000000000000e+02 8.775912258197078017e+02
1.430000000000000000e+02 8.896635358434600676e+02
1.440000000000000000e+02 8.956727818145241145e+02
1.450000000000000000e+02 8.934090337976615501e+02
1.460000000000000000e+02 8.953766980063946903e+02
1.470000000000000000e+02 9.018908839616865407e+02
1.480000000000000000e+02 9.029204349801544822e+02
1.490000000000000000e+02 9.116349883022044196e+02
1.500000000000000000e+02 9.219908663702675540e+02
1.510000000000000000e+02 9.212726400836522771e+02
1.520000000000000000e+02 9.323986662313777742e+02
1.530000000000000000e+02 9.349173658987459703e+02
1.540000000000000000e+02 9.350012296585598506e+02
1.550000000000000000e+02 9.339113820304650062e+02
1.560000000000000000e+02 9.426705843066107491e+02
1.570000000000000000e+02 9.543867421194526059e+02
1.580000000000000000e+02 9.593302644951319280e+02
1.590000000000000000e+02 9.657879921261181835e+02
1.600000000000000000e+02 9.688089846091977506e+02
1.610000000000000000e+02 9.793979535780981678e+02
1.620000000000000000e+02 9.889797363298390565e+02
1.630000000000000000e+02 9.980426543508557415e+02
1.640000000000000000e+02 1.012027418067620033e+03
1.650000000000000000e+02 1.014217271290616736e+03
1.660000000000000000e+02 1.015236579666933494e+03
1.670000000000000000e+02 1.029068419149625015e+03
1.680000000000000000e+02 1.024538403060303381e+03
1.690000000000000000e+02 1.038450616073120045e+03
1.700000000000000000e+02 1.037397120090556882e+03
1.710000000000000000e+02 1.035295125375019552e+03
1.720000000000000000e+02 1.033390782077734002e+03
1.730000000000000000e+02 1.035016930404193090e+03
1.740000000000000000e+02 1.041435453532640850e+03
1.750000000000000000e+02 1.048270477483098148e+03
1.760000000000000000e+02 1.052089821529251822e+03
1.770000000000000000e+02 1.044564632075058626e+03
1.780000000000000000e+02 1.043659607322362490e+03
1.790000000000000000e+02 1.048106444405518005e+03
1.800000000000000000e+02 1.064601607367073939e+03
1.810000000000000000e+02 1.066703731682968737e+03
1.820000000000000000e+02 1.078430163251161957e+03
1.830000000000000000e+02 1.090107906747562993e+03
1.840000000000000000e+02 1.097433571385081450e+03
1.850000000000000000e+02 1.101200037952461116e+03
1.860000000000000000e+02 1.116060870068701206e+03
1.870000000000000000e+02 1.123892218217152276e+03
1.880000000000000000e+02 1.127039517549943639e+03
1.890000000000000000e+02 1.126023449763024018e+03
1.900000000000000000e+02 1.128291399045817343e+03
1.910000000000000000e+02 1.140842699536562350e+03
1.920000000000000000e+02 1.156119103951727766e+03
1.930000000000000000e+02 1.158668960203410734e+03
1.940000000000000000e+02 1.165173935999452169e+03
1.950000000000000000e+02 1.166223413241398248e+03
1.960000000000000000e+02 1.173141320664392197e+03
1.970000000000000000e+02 1.176318630852589649e+03
1.980000000000000000e+02 1.184856666961870587e+03
1.990000000000000000e+02 1.194167949525645099e+03
2.000000000000000000e+02 1.202032968539478588e+03
2.010000000000000000e+02 1.206449865759469503e+03
2.020000000000000000e+02 1.212033134313461915e+03
2.030000000000000000e+02 1.225392330690105837e+03
2.040000000000000000e+02 1.233418947256276397e+03
2.050000000000000000e+02 1.237522400557172887e+03
2.060000000000000000e+02 1.242436855784822001e+03
2.070000000000000000e+02 1.253055667027766731e+03
2.080000000000000000e+02 1.250162765277116023e+03
2.090000000000000000e+02 1.265781822400826513e+03
2.100000000000000000e+02 1.273024895536526856e+03
2.110000000000000000e+02 1.280960678940354228e+03
2.120000000000000000e+02 1.288342630881037849e+03
2.130000000000000000e+02 1.290895675448321526e+03
2.140000000000000000e+02 1.300173063178732491e+03
2.150000000000000000e+02 1.308566715336344942e+03
2.160000000000000000e+02 1.315550439833065184e+03
2.170000000000000000e+02 1.324810013771517561e+03
2.180000000000000000e+02 1.331798014909080166e+03
2.190000000000000000e+02 1.331709207898074965e+03
2.200000000000000000e+02 1.334422100353553787e+03
2.210000000000000000e+02 1.345869094844191522e+03
2.220000000000000000e+02 1.347936680719024707e+03
2.230000000000000000e+02 1.349462193680986729e+03
2.240000000000000000e+02 1.352999520903508937e+03
2.250000000000000000e+02 1.358935576413791523e+03
2.260000000000000000e+02 1.376309968439316435e+03
2.270000000000000000e+02 1.380627834212273910e+03
2.280000000000000000e+02 1.385069715853736398e+03
2.290000000000000000e+02 1.399640931839505811e+03
2.300000000000000000e+02 1.401759726404716957e+03
2.310000000000000000e+02 1.412558543466260289e+03
2.320000000000000000e+02 1.412734318723600381e+03
2.330000000000000000e+02 1.413613941490501475e+03
2.340000000000000000e+02 1.415923933603900423e+03
2.350000000000000000e+02 1.427498251868100169e+03
2.360000000000000000e+02 1.429463092525313641e+03
2.370000000000000000e+02 1.422767743069789731e+03
2.380000000000000000e+02 1.435323116073801657e+03
2.390000000000000000e+02 1.435082508481703826e+03
2.400000000000000000e+02 1.439474859845190167e+03
2.410000000000000000e+02 1.447025653357230112e+03
2.420000000000000000e+02 1.455710539382747129e+03
2.430000000000000000e+02 1.451832744170144451e+03
2.440000000000000000e+02 1.463308893028073726e+03
2.450000000000000000e+02 1.468021339267991380e+03
2.460000000000000000e+02 1.481965199837643695e+03
2.470000000000000000e+02 1.485873436221472048e+03
2.480000000000000000e+02 1.496532144830143125e+03
2.490000000000000000e+02 1.500075589904202388e+03
2.500000000000000000e+02 1.509379409531888996e+03
2.510000000000000000e+02 1.519363189634778109e+03
2.520000000000000000e+02 1.531093614385474211e+03
2.530000000000000000e+02 1.543002657306837136e+03
2.540000000000000000e+02 1.545670339017450033e+03
2.550000000000000000e+02 1.553565711092817082e+03
2.560000000000000000e+02 1.561716053448655202e+03
2.570000000000000000e+02 1.570410352325324993e+03
2.580000000000000000e+02 1.566529071367459437e+03
2.590000000000000000e+02 1.566369360348550572e+03
2.600000000000000000e+02 1.565968957376527669e+03
2.610000000000000000e+02 1.568114641209638194e+03
2.620000000000000000e+02 1.557098071747833728e+03
2.630000000000000000e+02 1.564054979025072953e+03
2.640000000000000000e+02 1.576448453937253134e+03
2.650000000000000000e+02 1.580532483484246768e+03
2.660000000000000000e+02 1.581002520917740640e+03
2.670000000000000000e+02 1.585461558209998884e+03
2.680000000000000000e+02 1.593286212396031260e+03
2.690000000000000000e+02 1.598880374790224096e+03
2.700000000000000000e+02 1.607389245821643954e+03
2.710000000000000000e+02 1.602000876157035918e+03
2.720000000000000000e+02 1.612033771331350408e+03
2.730000000000000000e+02 1.615935272409592699e+03
2.740000000000000000e+02 1.616581383417281813e+03
2.750000000000000000e+02 1.631628712952990099e+03
2.760000000000000000e+02 1.639060909287656614e+03
2.770000000000000000e+02 1.645672547820142881e+03
2.780000000000000000e+02 1.642760017039857757e+03
2.790000000000000000e+02 1.649757510607452105e+03
2.800000000000000000e+02 1.656357178874708325e+03
2.810000000000000000e+02 1.666169174980720982e+03
2.820000000000000000e+02 1.671689248832525209e+03
2.830000000000000000e+02 1.670628407348513974e+03
2.840000000000000000e+02 1.674915049087692751e+03
2.850000000000000000e+02 1.691734225842550131e+03
2.860000000000000000e+02 1.691761733547862150e+03
2.870000000000000000e+02 1.692740229736488345e+03
2.880000000000000000e+02 1.698557381805150726e+03
2.890000000000000000e+02 1.704920709379344089e+03
2.900000000000000000e+02 1.706667123236775069e+03
2.910000000000000000e+02 1.714482626081194667e+03
2.920000000000000000e+02 1.717993757832990013e+03
2.930000000000000000e+02 1.717412032710231870e+03
2.940000000000000000e+02 1.731214552911780402e+03
2.950000000000000000e+02 1.749580755596370864e+03
2.960000000000000000e+02 1.755795577526261013e+03
2.970000000000000000e+02 1.762826960786942436e+03
2.980000000000000000e+02 1.769596856317472202e+03
2.990000000000000000e+02 1.774465070999288855e+03
3.000000000000000000e+02 1.787555579483805104e+03
3.010000000000000000e+02 1.789367436954709774e+03
3.020000000000000000e+02 1.795488363527343154e+03
3.030000000000000000e+02 1.807270535694628506e+03
3.040000000000000000e+02 1.805386905662384834e+03
3.050000000000000000e+02 1.813009528049652999e+03
3.060000000000000000e+02 1.815496920460467891e+03
3.070000000000000000e+02 1.824837980959757715e+03
3.080000000000000000e+02 1.821144113500425647e+03
3.090000000000000000e+02 1.825196313626500796e+03
3.100000000000000000e+02 1.824099199698720895e+03
3.110000000000000000e+02 1.837784638549042484e+03
3.120000000000000000e+02 1.853657444001315753e+03
3.130000000000000000e+02 1.855561802856596159e+03
3.140000000000000000e+02 1.864936856163566972e+03
3.150000000000000000e+02 1.867303081953317133e+03
3.160000000000000000e+02 1.874883934308325934e+03
3.170000000000000000e+02 1.880677230596483923e+03
3.180000000000000000e+02 1.879529427692553327e+03
3.190000000000000000e+02 1.886350673901343953e+03
3.200000000000000000e+02 1.892449968436990275e+03
3.210000000000000000e+02 1.889726004422000642e+03
3.220000000000000000e+02 1.892399532573075021e+03
3.230000000000000000e+02 1.900115633813457862e+03
3.240000000000000000e+02 1.922189896318625188e+03
3.250000000000000000e+02 1.936896217902902436e+03
3.260000000000000000e+02 1.929296817440881796e+03
3.270000000000000000e+02 1.934338852342911878e+03
3.280000000000000000e+02 1.940420890591514535e+03
3.290000000000000000e+02 1.947270420061052391e+03
3.300000000000000000e+02 1.951548190682965242e+03
3.310000000000000000e+02 1.966555994876091290e+03
3.320000000000000000e+02 1.986142481161707565e+03
3.330000000000000000e+02 1.994243695944406682e+03
3.340000000000000000e+02 1.996051283371887848e+03
3.350000000000000000e+02 2.011246178430524196e+03
3.360000000000000000e+02 2.021779057409766438e+03
3.370000000000000000e+02 2.024702912238819408e+03
3.380000000000000000e+02 2.027414100429267819e+03
3.390000000000000000e+02 2.026637713952836521e+03
3.400000000000000000e+02 2.030272786920615090e+03
3.410000000000000000e+02 2.029740501340708079e+03
3.420000000000000000e+02 2.030443204184168508e+03
3.430000000000000000e+02 2.035099059778966421e+03
3.440000000000000000e+02 2.044058005438330156e+03
3.450000000000000000e+02 2.035753350584593591e+03
3.460000000000000000e+02 2.041343625534670991e+03
3.470000000000000000e+02 2.050801171492004414e+03
3.480000000000000000e+02 2.061365751009151609e+03
3.490000000000000000e+02 2.065450771429351335e+03
3.500000000000000000e+02 2.068259914156400100e+03
3.510000000000000000e+02 2.069592046008773650e+03
3.520000000000000000e+02 2.075558778579307273e+03
3.530000000000000000e+02 2.090962812637389561e+03
3.540000000000000000e+02 2.107908168786002079e+03
3.550000000000000000e+02 2.114937740603203110e+03
3.560000000000000000e+02 2.110356994576567104e+03
3.570000000000000000e+02 2.126059604851694075e+03
3.580000000000000000e+02 2.127213371173842006e+03
3.590000000000000000e+02 2.132286723804053509e+03
3.600000000000000000e+02 2.131816270067612095e+03
3.610000000000000000e+02 2.139008249578085270e+03
3.620000000000000000e+02 2.150716812249851500e+03
3.630000000000000000e+02 2.153644013393095520e+03
3.640000000000000000e+02 2.154471809655300149e+03
3.650000000000000000e+02 2.152178621838327672e+03
3.660000000000000000e+02 2.149253616659122144e+03
3.670000000000000000e+02 2.148524221074687375e+03
3.680000000000000000e+02 2.155386909409045529e+03
3.690000000000000000e+02 2.157131987755958107e+03
3.700000000000000000e+02 2.178034251927893365e+03
3.710000000000000000e+02 2.193763050480962193e+03
3.720000000000000000e+02 2.191160021058748498e+03
3.730000000000000000e+02 2.205585521533480915e+03
3.740000000000000000e+02 2.217788083707382157e+03
3.750000000000000000e+02 2.235212528239234416e+03
3.760000000000000000e+02 2.231717280840097374e+03
3.770000000000000000e+02 2.244811470928219478e+03
3.780000000000000000e+02 2.243175126107255892e+03
3.790000000000000000e+02 2.246627552377463871e+03
3.800000000000000000e+02 2.248879916144687741e+03
3.810000000000000000e+02 2.242549120839501938e+03
3.820000000000000000e+02 2.245314565367763407e+03
3.830000000000000000e+02 2.259743853586016940e+03
3.840000000000000000e+02 2.259512069904254076e+03
3.850000000000000000e+02 2.270460836386821029e+03
3.860000000000000000e+02 2.284779768390646950e+03
3.870000000000000000e+02 2.287972257885096951e+03
3.880000000000000000e+02 2.305036447166348353e+03
3.890000000000000000e+02 2.314207727626241194e+03
3.900000000000000000e+02 2.320181989911126038e+03
3.910000000000000000e+02 2.322057002851756351e+03
3.920000000000000000e+02 2.328506851575116798e+03
3.930000000000000000e+02 2.331151134241626096e+03
3.940000000000000000e+02 2.350351149896201605e+03
3.950000000000000000e+02 2.351860469652114716e+03
3.960000000000000000e+02 2.361790694050239836e+03
3.970000000000000000e+02 2.363501940713517342e+03
3.980000000000000000e+02 2.347829323961421778e+03
3.990000000000000000e+02 2.348773333124470355e+03
4.000000000000000000e+02 2.350906448030956199e+03
4.010000000000000000e+02 2.350671611397739980e+03
4.020000000000000000e+02 2.355649238575524578e+03
4.030000000000000000e+02 2.359990820924876971e+03
4.040000000000000000e+02 2.360564747068774523e+03
4.050000000000000000e+02 2.366966085745727469e+03
4.060000000000000000e+02 2.377241619616025673e+03
4.070000000000000000e+02 2.383995111043338966e+03
4.080000000000000000e+02 2.395182618404180175e+03
4.090000000000000000e+02 2.407535971990454527e+03
4.100000000000000000e+02 2.431685600863290801e+03
4.110000000000000000e+02 2.428656413166570474e+03
4.120000000000000000e+02 2.447786023625113558e+03
4.130000000000000000e+02 2.454457116134507487e+03
4.140000000000000000e+02 2.450955930263555274e+03
4.150000000000000000e+02 2.441583414453092246e+03
4.160000000000000000e+02 2.451166525406720211e+03
4.170000000000000000e+02 2.462477777931105265e+03
4.180000000000000000e+02 2.475608732609884100e+03
4.190000000000000000e+02 2.481970129510040806e+03
4.200000000000000000e+02 2.497614849377293012e+03
4.210000000000000000e+02 2.505463024504829264e+03
4.220000000000000000e+02 2.504669778368282095e+03
4.230000000000000000e+02 2.487747711242126570e+03
4.240000000000000000e+02 2.477568089904626959e+03
4.250000000000000000e+02 2.466951500435138769e+03
4.260000000000000000e+02 2.471399973840870189e+03
4.270000000000000000e+02 2.475610008779877717e+03
4.280000000000000000e+02 2.473633245965406331e+03
4.290000000000000000e+02 2.467326432391825620e+03
4.300000000000000000e+02 2.475617411676772917e+03
4.310000000000000000e+02 2.470959393822204675e+03
4.320000000000000000e+02 2.484630583631686932e+03
4.330000000000000000e+02 2.480440486320590480e+03
4.340000000000000000e+02 2.501828626921378145e+03
4.350000000000000000e+02 2.513498050893994787e+03
4.360000000000000000e+02 2.522745029150661594e+03
4.370000000000000000e+02 2.524043958034373190e+03
4.380000000000000000e+02 2.527503766538688524e+03
4.390000000000000000e+02 2.534842459460063310e+03
4.400000000000000000e+02 2.532480828733137059e+03
4.410000000000000000e+02 2.525683773243747055e+03
4.420000000000000000e+02 2.540385764404306428e+03
4.430000000000000000e+02 2.544335279838004226e+03
4.440000000000000000e+02 2.549620938281585495e+03
4.450000000000000000e+02 2.556448851305432981e+03
4.460000000000000000e+02 2.575518471705857337e+03
4.470000000000000000e+02 2.596459043456206473e+03
4.480000000000000000e+02 2.611062534919427890e+03
4.490000000000000000e+02 2.606152815620222555e+03
4.500000000000000000e+02 2.612208993299681424e+03
4.510000000000000000e+02 2.615855058939400806e+03
4.520000000000000000e+02 2.619982570101046804e+03
4.530000000000000000e+02 2.644974305394425755e+03
4.540000000000000000e+02 2.654237747996572580e+03
4.550000000000000000e+02 2.655256139004758552e+03
4.560000000000000000e+02 2.642640224599209887e+03
4.570000000000000000e+02 2.656417360887544874e+03
4.580000000000000000e+02 2.671691421693125903e+03
4.590000000000000000e+02 2.691039163816180917e+03
4.600000000000000000e+02 2.704729229708934326e+03
4.610000000000000000e+02 2.711789458584732074e+03
4.620000000000000000e+02 2.704584599576263827e+03
4.630000000000000000e+02 2.704227347483494214e+03
4.640000000000000000e+02 2.707281268652144718e+03
4.650000000000000000e+02 2.707962918881107271e+03
4.660000000000000000e+02 2.715626260624978840e+03
4.670000000000000000e+02 2.731265470069929961e+03
4.680000000000000000e+02 2.730836637032037743e+03
4.690000000000000000e+02 2.753542981602433883e+03
4.700000000000000000e+02 2.765965465463369583e+03
4.710000000000000000e+02 2.759101806239647431e+03
4.720000000000000000e+02 2.758908424860044761e+03
4.730000000000000000e+02 2.772618697974030965e+03
4.740000000000000000e+02 2.793940703475007012e+03
4.750000000000000000e+02 2.797948905580051360e+03
4.760000000000000000e+02 2.803138598966674635e+03
4.770000000000000000e+02 2.805377415865083549e+03
4.780000000000000000e+02 2.801961816244739566e+03
4.790000000000000000e+02 2.809959006524943106e+03
4.800000000000000000e+02 2.808840601063175654e+03
4.810000000000000000e+02 2.813872393231041769e+03
4.820000000000000000e+02 2.803455847494481986e+03
4.830000000000000000e+02 2.810370063644069432e+03
4.840000000000000000e+02 2.821807191497493477e+03
4.850000000000000000e+02 2.815641870629535788e+03
4.860000000000000000e+02 2.802115477469956659e+03
4.870000000000000000e+02 2.805851756059223135e+03
4.880000000000000000e+02 2.819644565352508380e+03
4.890000000000000000e+02 2.823515050761555358e+03
4.900000000000000000e+02 2.825776353997664501e+03
4.910000000000000000e+02 2.833028669405952769e+03
4.920000000000000000e+02 2.833422389070809459e+03
4.930000000000000000e+02 2.848997718225383323e+03
4.940000000000000000e+02 2.879450795449353791e+03
4.950000000000000000e+02 2.884859441236428211e+03
4.960000000000000000e+02 2.885441070503017727e+03
4.970000000000000000e+02 2.904011203385407498e+03
4.980000000000000000e+02 2.912270146961105183e+03
4.990000000000000000e+02 2.904884440481367619e+03
5.000000000000000000e+02 2.911072633070850770e+03
5.010000000000000000e+02 2.928263962845824608e+03
5.020000000000000000e+02 2.930136544066845545e+03
5.030000000000000000e+02 2.936693400120367187e+03
5.040000000000000000e+02 2.941588581667228937e+03
5.050000000000000000e+02 2.932632143785495828e+03
5.060000000000000000e+02 2.932271448918382248e+03
5.070000000000000000e+02 2.940969121786628875e+03
5.080000000000000000e+02 2.932059995078724114e+03
5.090000000000000000e+02 2.924702849280268310e+03
5.100000000000000000e+02 2.931390879925912031e+03
5.110000000000000000e+02 2.930822408301931773e+03
5.120000000000000000e+02 2.949154053394618586e+03
5.130000000000000000e+02 2.955283577443596187e+03
5.140000000000000000e+02 2.969634773215487257e+03
5.150000000000000000e+02 2.974684159524459119e+03
5.160000000000000000e+02 2.968083324757636547e+03
5.170000000000000000e+02 2.964254130955949222e+03
5.180000000000000000e+02 2.962233239119865630e+03
5.190000000000000000e+02 2.969485018102538106e+03
5.200000000000000000e+02 2.990616515685608192e+03
5.210000000000000000e+02 2.988367817125588772e+03
5.220000000000000000e+02 3.005753029002764833e+03
5.230000000000000000e+02 3.022546629678720365e+03
5.240000000000000000e+02 3.028104895709358061e+03
5.250000000000000000e+02 3.022959153658667219e+03
5.260000000000000000e+02 3.017131512407893297e+03
5.270000000000000000e+02 3.027289223053756814e+03
5.280000000000000000e+02 3.031152427168934992e+03
5.290000000000000000e+02 3.064382054975433221e+03
5.300000000000000000e+02 3.056408198841535977e+03
5.310000000000000000e+02 3.069438467231246250e+03
5.320000000000000000e+02 3.052882337201092014e+03
5.330000000000000000e+02 3.053207522777423492e+03
5.340000000000000000e+02 3.064082979270971919e+03
5.350000000000000000e+02 3.061434113785694080e+03
5.360000000000000000e+02 3.076270640953334805e+03
5.370000000000000000e+02 3.097315740918733809e+03
5.380000000000000000e+02 3.100397954354510148e+03
5.390000000000000000e+02 3.108179762290992130e+03
5.400000000000000000e+02 3.112367021287377611e+03
5.410000000000000000e+02 3.114549597888825247e+03
5.420000000000000000e+02 3.125067834145939742e+03
5.430000000000000000e+02 3.128019758193949656e+03
5.440000000000000000e+02 3.123161326941450170e+03
5.450000000000000000e+02 3.134480856860136555e+03
5.460000000000000000e+02 3.130010210053906576e+03
5.470000000000000000e+02 3.139396872604279906e+03
5.480000000000000000e+02 3.163171754082368807e+03
5.490000000000000000e+02 3.164464608706686249e+03
5.500000000000000000e+02 3.147553104510033791e+03
5.510000000000000000e+02 3.155665638307591962e+03
5.520000000000000000e+02 3.180549109851981939e+03
5.530000000000000000e+02 3.185387358471675270e+03
5.540000000000000000e+02 3.203480579313652470e+03
5.550000000000000000e+02 3.225002367682358908e+03
5.560000000000000000e+02 3.242382799809230619e+03
5.570000000000000000e+02 3.239931652699172446e+03
5.580000000000000000e+02 3.239745217026660157e+03
5.590000000000000000e+02 3.260470584713323206e+03
5.600000000000000000e+02 3.270278141082590082e+03
5.610000000000000000e+02 3.278464101147663769e+03
5.620000000000000000e+02 3.278053621120331627e+03
5.630000000000000000e+02 3.285396951787919079e+03
5.640000000000000000e+02 3.296049582030855618e+03
5.650000000000000000e+02 3.311284790307816820e+03
5.660000000000000000e+02 3.318390705477607753e+03
5.670000000000000000e+02 3.344570362410448070e+03
5.680000000000000000e+02 3.353565334117549810e+03
5.690000000000000000e+02 3.341813322368748686e+03
5.700000000000000000e+02 3.338893342130531892e+03
5.710000000000000000e+02 3.360902925890172810e+03
5.720000000000000000e+02 3.376867611044914156e+03
5.730000000000000000e+02 3.363574449405289215e+03
5.740000000000000000e+02 3.354627986222705204e+03
5.750000000000000000e+02 3.348650495124275039e+03
5.760000000000000000e+02 3.363164443408446004e+03
5.770000000000000000e+02 3.405765456968665148e+03
5.780000000000000000e+02 3.426756029000221588e+03
5.790000000000000000e+02 3.442898540195882106e+03
5.800000000000000000e+02 3.449733622980139444e+03
5.810000000000000000e+02 3.463648285680003028e+03
5.820000000000000000e+02 3.475484328717764583e+03
5.830000000000000000e+02 3.479939428397117808e+03
5.840000000000000000e+02 3.492756729968728905e+03
5.850000000000000000e+02 3.488827547311139369e+03
5.860000000000000000e+02 3.481644275805758753e+03
5.870000000000000000e+02 3.504868481075557156e+03
5.880000000000000000e+02 3.514941795223164263e+03
5.890000000000000000e+02 3.533388580229845047e+03
5.900000000000000000e+02 3.541454674042955958e+03
5.910000000000000000e+02 3.554261839113827591e+03
5.920000000000000000e+02 3.544710597660332496e+03
5.930000000000000000e+02 3.555524325697790118e+03
5.940000000000000000e+02 3.564509976840419313e+03
5.950000000000000000e+02 3.568115723475674258e+03
5.960000000000000000e+02 3.568733203625202350e+03
5.970000000000000000e+02 3.583921018653858482e+03
5.980000000000000000e+02 3.572461221884246243e+03
5.990000000000000000e+02 3.566249479391787645e+03
6.000000000000000000e+02 3.583080590003343332e+03
6.010000000000000000e+02 3.587505127177158556e+03
6.020000000000000000e+02 3.597859507992101044e+03
6.030000000000000000e+02 3.593623172443966723e+03
6.040000000000000000e+02 3.604536576591818630e+03
6.050000000000000000e+02 3.604068232887177601e+03
6.060000000000000000e+02 3.612891538343479169e+03
6.070000000000000000e+02 3.615842483882885062e+03
6.080000000000000000e+02 3.629701640506825242e+03
6.090000000000000000e+02 3.619696151554733660e+03
6.100000000000000000e+02 3.616359083014265707e+03
6.110000000000000000e+02 3.629647306777526410e+03
6.120000000000000000e+02 3.636676661123115537e+03
6.130000000000000000e+02 3.651782641569791394e+03
6.140000000000000000e+02 3.642070962213440453e+03
6.150000000000000000e+02 3.641973428947195771e+03
6.160000000000000000e+02 3.662117489420514175e+03
6.170000000000000000e+02 3.666718034280975189e+03
6.180000000000000000e+02 3.658775050506982097e+03
6.190000000000000000e+02 3.662069497648709785e+03
6.200000000000000000e+02 3.661052445121293204e+03
6.210000000000000000e+02 3.678230303870410353e+03
6.220000000000000000e+02 3.680950095514763234e+03
6.230000000000000000e+02 3.680749685985244923e+03
6.240000000000000000e+02 3.699563696631275889e+03
6.250000000000000000e+02 3.706032069261871129e+03
6.260000000000000000e+02 3.693314337223990606e+03
6.270000000000000000e+02 3.700249166011241869e+03
6.280000000000000000e+02 3.705410757532985826e+03
6.290000000000000000e+02 3.720259306015151651e+03
6.300000000000000000e+02 3.703702986517498175e+03
6.310000000000000000e+02 3.709753377483499662e+03
6.320000000000000000e+02 3.717029740804543508e+03
6.330000000000000000e+02 3.735438223907123302e+03
6.340000000000000000e+02 3.725655267698156877e+03
6.350000000000000000e+02 3.744673305411717138e+03
6.360000000000000000e+02 3.734696894064339176e+03
6.370000000000000000e+02 3.753509492947915987e+03
6.380000000000000000e+02 3.747299788568074291e+03
6.390000000000000000e+02 3.749971010882222345e+03
6.400000000000000000e+02 3.769930477937264641e+03
6.410000000000000000e+02 3.774532344943207590e+03
6.420000000000000000e+02 3.771210214016192367e+03
6.430000000000000000e+02 3.776559165752301851e+03
6.440000000000000000e+02 3.763658071690402267e+03
6.450000000000000000e+02 3.758754871985397585e+03
6.460000000000000000e+02 3.782677104660273017e+03
6.470000000000000000e+02 3.779131424653879094e+03
6.480000000000000000e+02 3.773238002409439559e+03
6.490000000000000000e+02 3.775980878118010423e+03
6.500000000000000000e+02 3.783237068429246847e+03
6.510000000000000000e+02 3.789787273905164511e+03
6.520000000000000000e+02 3.804095283299405310e+03
6.530000000000000000e+02 3.815512347466605206e+03
6.540000000000000000e+02 3.813644881431563590e+03
6.550000000000000000e+02 3.829375452779896023e+03
6.560000000000000000e+02 3.842437715865743030e+03
6.570000000000000000e+02 3.859408545919962762e+03
6.580000000000000000e+02 3.839933009166910779e+03
6.590000000000000000e+02 3.842203501429577500e+03
6.600000000000000000e+02 3.853904504997342883e+03
6.610000000000000000e+02 3.862001725167274799e+03
6.620000000000000000e+02 3.881300913083048272e+03
6.630000000000000000e+02 3.882980034879913546e+03
6.640000000000000000e+02 3.878404385881245616e+03
6.650000000000000000e+02 3.863872339705275408e+03
6.660000000000000000e+02 3.881898695152605342e+03
6.670000000000000000e+02 3.899494942543444267e+03
6.680000000000000000e+02 3.906035088674710096e+03
6.690000000000000000e+02 3.928332685244676668e+03
6.700000000000000000e+02 3.925886918919936761e+03
6.710000000000000000e+02 3.918892614037786188e+03
6.720000000000000000e+02 3.919922233062975465e+03
6.730000000000000000e+02 3.933874150534784803e+03
6.740000000000000000e+02 3.934318278331482361e+03
6.750000000000000000e+02 3.939597639222060934e+03
6.760000000000000000e+02 3.934599399940873354e+03
6.770000000000000000e+02 3.943248218925843048e+03
6.780000000000000000e+02 3.948947110795239041e+03
6.790000000000000000e+02 3.949319868575231339e+03
6.800000000000000000e+02 3.968269960280584201e+03
6.810000000000000000e+02 3.987445396416576841e+03
6.820000000000000000e+02 4.007871607188202233e+03
6.830000000000000000e+02 4.007312773366148576e+03
6.840000000000000000e+02 4.012276915765191006e+03
6.850000000000000000e+02 4.029622235792332049e+03
6.860000000000000000e+02 4.048635633741028869e+03
6.870000000000000000e+02 4.035407160587971703e+03
6.880000000000000000e+02 4.048021275160578625e+03
6.890000000000000000e+02 4.043470576133395298e+03
6.900000000000000000e+02 4.063394204017442007e+03
6.910000000000000000e+02 4.061781949725106188e+03
6.920000000000000000e+02 4.065386684424460327e+03
6.930000000000000000e+02 4.051904066437952224e+03
6.940000000000000000e+02 4.055917633439461952e+03
6.950000000000000000e+02 4.039991559327177583e+03
6.960000000000000000e+02 4.063050472699574129e+03
6.970000000000000000e+02 4.085278454854948450e+03
6.980000000000000000e+02 4.080685685135841140e+03
6.990000000000000000e+02 4.103437628954729917e+03
7.000000000000000000e+02 4.093378010369937329e+03
7.010000000000000000e+02 4.096095557531823943e+03
7.020000000000000000e+02 4.083505329897805041e+03
7.030000000000000000e+02 4.113944321442758337e+03
7.040000000000000000e+02 4.128395876957349174e+03
7.050000000000000000e+02 4.116644462447741716e+03
7.060000000000000000e+02 4.132181902484552666e+03
7.070000000000000000e+02 4.136446439580265178e+03
7.080000000000000000e+02 4.140540767320841951e+03
7.090000000000000000e+02 4.147556247589218401e+03
7.100000000000000000e+02 4.154267646136662734e+03
7.110000000000000000e+02 4.182456944921528702e+03
7.120000000000000000e+02 4.185970331180125868e+03
7.130000000000000000e+02 4.190125497912634273e+03
7.140000000000000000e+02 4.184527746111309170e+03
7.150000000000000000e+02 4.194452902053956677e+03
7.160000000000000000e+02 4.196363135403727028e+03
7.170000000000000000e+02 4.208785739328222917e+03
7.180000000000000000e+02 4.217806533855872658e+03
7.190000000000000000e+02 4.201613317789111534e+03
7.200000000000000000e+02 4.186353332413638782e+03
7.210000000000000000e+02 4.211604624837837036e+03
7.220000000000000000e+02 4.197733813621422087e+03
7.230000000000000000e+02 4.193070056476779428e+03
7.240000000000000000e+02 4.225540803964247971e+03
7.250000000000000000e+02 4.240712646551314720e+03
7.260000000000000000e+02 4.255419778060655517e+03
7.270000000000000000e+02 4.270088776985404365e+03
7.280000000000000000e+02 4.274564084450285009e+03
7.290000000000000000e+02 4.278382533111006524e+03
7.300000000000000000e+02 4.276231123249731354e+03
7.310000000000000000e+02 4.285507636157944944e+03
7.320000000000000000e+02 4.306717669811765518e+03
7.330000000000000000e+02 4.317944605167434020e+03
7.340000000000000000e+02 4.314555997151905103e+03
7.350000000000000000e+02 4.314965113612766800e+03
7.360000000000000000e+02 4.326852092453395016e+03
7.370000000000000000e+02 4.332032289610258886e+03
7.380000000000000000e+02 4.333460961474449505e+03
7.390000000000000000e+02 4.310593969375437155e+03
7.400000000000000000e+02 4.298664315907340097e+03
7.410000000000000000e+02 4.316926886078917960e+03
7.420000000000000000e+02 4.328724577998895256e+03
7.430000000000000000e+02 4.321951283712274744e+03
7.440000000000000000e+02 4.319533208493673555e+03
7.450000000000000000e+02 4.334388173202726648e+03
7.460000000000000000e+02 4.320256627537311942e+03
7.470000000000000000e+02 4.320813266683318034e+03
7.480000000000000000e+02 4.317024519335879631e+03
7.490000000000000000e+02 4.333594674162979572e+03
7.500000000000000000e+02 4.327353753314828282e+03
7.510000000000000000e+02 4.337351546336946740e+03
7.520000000000000000e+02 4.332074901281199345e+03
7.530000000000000000e+02 4.331415913764819379e+03
7.540000000000000000e+02 4.348160205557836889e+03
7.550000000000000000e+02 4.352800972772526620e+03
7.560000000000000000e+02 4.354390025137275188e+03
7.570000000000000000e+02 4.352353646155046590e+03
7.580000000000000000e+02 4.354737408393568330e+03
7.590000000000000000e+02 4.359766963774171018e+03
7.600000000000000000e+02 4.366191167333326121e+03
7.610000000000000000e+02 4.381036007369965773e+03
7.620000000000000000e+02 4.384875158299252689e+03
7.630000000000000000e+02 4.389544388475202140e+03
7.640000000000000000e+02 4.389922778265262423e+03
7.650000000000000000e+02 4.404115995809443120e+03
7.660000000000000000e+02 4.419245546914470651e+03
7.670000000000000000e+02 4.437368046512521687e+03
7.680000000000000000e+02 4.441030514271295033e+03
7.690000000000000000e+02 4.452638016342261835e+03
7.700000000000000000e+02 4.477014157612088638e+03
7.710000000000000000e+02 4.473112356458594149e+03
7.720000000000000000e+02 4.473812540899862142e+03
7.730000000000000000e+02 4.481088731339733386e+03
7.740000000000000000e+02 4.476708658598632610e+03
7.750000000000000000e+02 4.500029020379028225e+03
7.760000000000000000e+02 4.509617928141268749e+03
7.770000000000000000e+02 4.517145079720241483e+03
7.780000000000000000e+02 4.523669585739745344e+03
7.790000000000000000e+02 4.523546676686189130e+03
7.800000000000000000e+02 4.530983022951626481e+03
7.810000000000000000e+02 4.541533851521196993e+03
7.820000000000000000e+02 4.531671813417305202e+03
7.830000000000000000e+02 4.529357441867527086e+03
7.840000000000000000e+02 4.554719291612736924e+03
7.850000000000000000e+02 4.571318352518544089e+03
7.860000000000000000e+02 4.595071110701840553e+03
7.870000000000000000e+02 4.598728188156096621e+03
7.880000000000000000e+02 4.588826166645999365e+03
7.890000000000000000e+02 4.596031037229678986e+03
7.900000000000000000e+02 4.591184191794209255e+03
7.910000000000000000e+02 4.590919806208827140e+03
7.920000000000000000e+02 4.616865615299990168e+03
7.930000000000000000e+02 4.612181174507816650e+03
7.940000000000000000e+02 4.602769539769793482e+03
7.950000000000000000e+02 4.624141488270571244e+03
7.960000000000000000e+02 4.634060589496231842e+03
7.970000000000000000e+02 4.618427258655129663e+03
7.980000000000000000e+02 4.615962535520368874e+03
7.990000000000000000e+02 4.624760950650023915e+03
8.000000000000000000e+02 4.628387148599636021e+03
8.010000000000000000e+02 4.639922824593640144e+03
8.020000000000000000e+02 4.627737706782661917e+03
8.030000000000000000e+02 4.626164070015128345e+03
8.040000000000000000e+02 4.629458306406844713e+03
8.050000000000000000e+02 4.641694962973674592e+03
8.060000000000000000e+02 4.631323880649574676e+03
8.070000000000000000e+02 4.650115112090606999e+03
8.080000000000000000e+02 4.648299248234558036e+03
8.090000000000000000e+02 4.652072985575748135e+03
8.100000000000000000e+02 4.653929106044525724e+03
8.110000000000000000e+02 4.642306595013393235e+03
8.120000000000000000e+02 4.656920520339201175e+03
8.130000000000000000e+02 4.652435712530095770e+03
8.140000000000000000e+02 4.656722727830350777e+03
8.150000000000000000e+02 4.659258937359006268e+03
8.160000000000000000e+02 4.664772069617854868e+03
8.170000000000000000e+02 4.671290273885041643e+03
8.180000000000000000e+02 4.695696816359502918e+03
8.190000000000000000e+02 4.709445230578705377e+03
8.200000000000000000e+02 4.723052072715413487e+03
8.210000000000000000e+02 4.727390906862876363e+03
8.220000000000000000e+02 4.727981338032981512e+03
8.230000000000000000e+02 4.733093557423154380e+03
8.240000000000000000e+02 4.730035173841522010e+03
8.250000000000000000e+02 4.748184348125564611e+03
8.260000000000000000e+02 4.740824994773875005e+03
8.270000000000000000e+02 4.757995268430609030e+03
8.280000000000000000e+02 4.757775380315340954e+03
8.290000000000000000e+02 4.774299400138957026e+03
8.300000000000000000e+02 4.782638892935419790e+03
8.310000000000000000e+02 4.786112009746146214e+03
8.320000000000000000e+02 4.794332792590896133e+03
8.330000000000000000e+02 4.795286115041682933e+03
8.340000000000000000e+02 4.785032860909903320e+03
8.350000000000000000e+02 4.770665637689010509e+03
8.360000000000000000e+02 4.768244775726418993e+03
8.370000000000000000e+02 4.767684612784859382e+03
8.380000000000000000e+02 4.784079276347855739e+03
8.390000000000000000e+02 4.787877927811722657e+03
8.400000000000000000e+02 4.799411470286259828e+03
8.410000000000000000e+02 4.810857961873562999e+03
8.420000000000000000e+02 4.812710075333528948e+03
8.430000000000000000e+02 4.820431585583436572e+03
8.440000000000000000e+02 4.827294228164869310e+03
8.450000000000000000e+02 4.835231246894516516e+03
8.460000000000000000e+02 4.839887435041441677e+03
8.470000000000000000e+02 4.851878975578799327e+03
8.480000000000000000e+02 4.848134239175559742e+03
8.490000000000000000e+02 4.850371413154644870e+03
8.500000000000000000e+02 4.862182304077987283e+03
8.510000000000000000e+02 4.862794687752869322e+03
8.520000000000000000e+02 4.874622091295128484e+03
8.530000000000000000e+02 4.891888717073682528e+03
8.540000000000000000e+02 4.889828656387708179e+03
8.550000000000000000e+02 4.895687298299170834e+03
8.560000000000000000e+02 4.902053890081513600e+03
8.570000000000000000e+02 4.896123656415607911e+03
8.580000000000000000e+02 4.894865377990410707e+03
8.590000000000000000e+02 4.900307398527737860e+03
8.600000000000000000e+02 4.889451727337916964e+03
8.610000000000000000e+02 4.897262838944894611e+03
8.620000000000000000e+02 4.921703732146646871e+03
8.630000000000000000e+02 4.916893392235759165e+03
8.640000000000000000e+02 4.922423586432377306e+03
8.650000000000000000e+02 4.928234663585893031e+03
8.660000000000000000e+02 4.926494038002981142e+03
8.670000000000000000e+02 4.946275996439066148e+03
8.680000000000000000e+02 4.937646468421171448e+03
8.690000000000000000e+02 4.918194099343653761e+03
8.700000000000000000e+02 4.921312828928551426e+03
8.710000000000000000e+02 4.936095808711343125e+03
8.720000000000000000e+02 4.946237581803166904e+03
8.730000000000000000e+02 4.961247446519458208e+03
8.740000000000000000e+02 4.964124977901812599e+03
8.750000000000000000e+02 4.979496384473229227e+03
8.760000000000000000e+02 4.999719839127174964e+03
8.770000000000000000e+02 5.006506335424135614e+03
8.780000000000000000e+02 4.999222311365428141e+03
8.790000000000000000e+02 5.004739512167841895e+03
8.800000000000000000e+02 5.005634556524940308e+03
8.810000000000000000e+02 5.024557057136580625e+03
8.820000000000000000e+02 5.018214831326079548e+03
8.830000000000000000e+02 5.036694116012776249e+03
8.840000000000000000e+02 5.039079317742593958e+03
8.850000000000000000e+02 5.033012168691533589e+03
8.860000000000000000e+02 5.038208338655517764e+03
8.870000000000000000e+02 5.035082146093022857e+03
8.880000000000000000e+02 5.058180130265765911e+03
8.890000000000000000e+02 5.066402972406598565e+03
8.900000000000000000e+02 5.061542081273607437e+03
8.910000000000000000e+02 5.063583569497595818e+03
8.920000000000000000e+02 5.079153245661736946e+03
8.930000000000000000e+02 5.083509336766456727e+03
8.940000000000000000e+02 5.060445588017720183e+03
8.950000000000000000e+02 5.057068571518632780e+03
8.960000000000000000e+02 5.059780053757377573e+03
8.970000000000000000e+02 5.072038668345142469e+03
8.980000000000000000e+02 5.058510846492717974e+03
8.990000000000000000e+02 5.058028040100481121e+03
9.000000000000000000e+02 5.067178270284531209e+03
9.010000000000000000e+02 5.089507794523341545e+03
9.020000000000000000e+02 5.094696761604951462e+03
9.030000000000000000e+02 5.113416899792720869e+03
9.040000000000000000e+02 5.123684077195202008e+03
9.050000000000000000e+02 5.135275939818033294e+03
9.060000000000000000e+02 5.104028104009983508e+03
9.070000000000000000e+02 5.098882321204041546e+03
9.080000000000000000e+02 5.084634884352994050e+03
9.090000000000000000e+02 5.092255979194957035e+03
9.100000000000000000e+02 5.108131853094992039e+03
9.110000000000000000e+02 5.114224489989218455e+03
9.120000000000000000e+02 5.115329405545274312e+03
9.130000000000000000e+02 5.112947868669967647e+03
9.140000000000000000e+02 5.107662987970020367e+03
9.150000000000000000e+02 5.103984798747705099e+03
9.160000000000000000e+02 5.114938553528076227e+03
9.170000000000000000e+02 5.133173719487705057e+03
9.180000000000000000e+02 5.130098713891281477e+03
9.190000000000000000e+02 5.139417435415450200e+03
9.200000000000000000e+02 5.148202532457054986e+03
9.210000000000000000e+02 5.173834971122078059e+03
9.220000000000000000e+02 5.190715277252019405e+03
9.230000000000000000e+02 5.182425550515011309e+03
9.240000000000000000e+02 5.200143659721637050e+03
9.250000000000000000e+02 5.192524734936560890e+03
9.260000000000000000e+02 5.198692390208299912e+03
9.270000000000000000e+02 5.202892694536511044e+03
9.280000000000000000e+02 5.211666615524238296e+03
9.290000000000000000e+02 5.213322401482350870e+03
9.300000000000000000e+02 5.195247075855022558e+03
9.310000000000000000e+02 5.190776004383334111e+03
9.320000000000000000e+02 5.204028753786173183e+03
9.330000000000000000e+02 5.196885671255499801e+03
9.340000000000000000e+02 5.208853571539750192e+03
9.350000000000000000e+02 5.223208315055819185e+03
9.360000000000000000e+02 5.213489268387188531e+03
9.370000000000000000e+02 5.218621591808828271e+03
9.380000000000000000e+02 5.223030137584337353e+03
9.390000000000000000e+02 5.239321392383443708e+03
9.400000000000000000e+02 5.261716915570168567e+03
9.410000000000000000e+02 5.264925495848974606e+03
9.420000000000000000e+02 5.275377454352209497e+03
9.430000000000000000e+02 5.291145527333818791e+03
9.440000000000000000e+02 5.312982725294142256e+03
9.450000000000000000e+02 5.315151610148229338e+03
9.460000000000000000e+02 5.317596182217529531e+03
9.470000000000000000e+02 5.320990815706487410e+03
9.480000000000000000e+02 5.316008266054641354e+03
9.490000000000000000e+02 5.359174343408370078e+03
9.500000000000000000e+02 5.364695985102895065e+03
9.510000000000000000e+02 5.362852689405550336e+03
9.520000000000000000e+02 5.359264262779445744e+03
9.530000000000000000e+02 5.362607151103762590e+03
9.540000000000000000e+02 5.357397261505673669e+03
9.550000000000000000e+02 5.367631476189420027e+03
9.560000000000000000e+02 5.362478386006430810e+03
9.570000000000000000e+02 5.347317793111169522e+03
9.580000000000000000e+02 5.361130918350189859e+03
9.590000000000000000e+02 5.371280033348603865e+03
9.600000000000000000e+02 5.365809570419914962e+03
9.610000000000000000e+02 5.356230473274859833e+03
9.620000000000000000e+02 5.353025717409114804e+03
9.630000000000000000e+02 5.369635148275899155e+03
9.640000000000000000e+02 5.365895712566250950e+03
9.650000000000000000e+02 5.360785512304608346e+03
9.660000000000000000e+02 5.386894806014435744e+03
9.670000000000000000e+02 5.379778453888915465e+03
9.680000000000000000e+02 5.354224389284897370e+03
9.690000000000000000e+02 5.360206116299327732e+03
9.700000000000000000e+02 5.375571744520947504e+03
9.710000000000000000e+02 5.372593661538015112e+03
9.720000000000000000e+02 5.369067553140514974e+03
9.730000000000000000e+02 5.366469935712588267e+03
9.740000000000000000e+02 5.388624523614099417e+03
9.750000000000000000e+02 5.383834783276124654e+03
9.760000000000000000e+02 5.412043947183777163e+03
9.770000000000000000e+02 5.422502873003129935e+03
9.780000000000000000e+02 5.420781884934302070e+03
9.790000000000000000e+02 5.420384536727413433e+03
9.800000000000000000e+02 5.416154380233403572e+03
9.810000000000000000e+02 5.393754228786390740e+03
9.820000000000000000e+02 5.398041472951336800e+03
9.830000000000000000e+02 5.399321185364594385e+03
9.840000000000000000e+02 5.405659433548410561e+03
9.850000000000000000e+02 5.424922777156433767e+03
9.860000000000000000e+02 5.415957665390564216e+03
9.870000000000000000e+02 5.422466471099381124e+03
9.880000000000000000e+02 5.402674446283826001e+03
9.890000000000000000e+02 5.400684867796990147e+03
9.900000000000000000e+02 5.421821962639804042e+03
9.910000000000000000e+02 5.432687791805914458e+03
9.920000000000000000e+02 5.434351570950248060e+03
9.930000000000000000e+02 5.461173480178114914e+03
9.940000000000000000e+02 5.457077480572411332e+03
9.950000000000000000e+02 5.453103434656908576e+03
9.960000000000000000e+02 5.466796766773040872e+03
9.970000000000000000e+02 5.480689307634545912e+03
9.980000000000000000e+02 5.476377006831848121e+03
9.990000000000000000e+02 5.498704799005549830e+03
1.000000000000000000e+03 5.474977753340178424e+03
1.001000000000000000e+03 5.479572424492300343e+03
1.002000000000000000e+03 5.507929902809090891e+03
1.003000000000000000e+03 5.512595596715156717e+03
1.004000000000000000e+03 5.501526985439365490e+03
1.005000000000000000e+03 5.514268737275968306e+03
1.006000000000000000e+03 5.511244326475380149e+03
1.007000000000000000e+03 5.506548317238010895e+03
1.008000000000000000e+03 5.521236123430492626e+03
1.009000000000000000e+03 5.510032564495993029e+03
1.010000000000000000e+03 5.503329835418730909e+03
1.011000000000000000e+03 5.502626901409528728e+03
1.012000000000000000e+03 5.492363389557284790e+03
1.013000000000000000e+03 5.520736395737602834e+03
1.014000000000000000e+03 5.541036977369162742e+03
1.015000000000000000e+03 5.527425935755723003e+03
1.016000000000000000e+03 5.531046203219760173e+03
1.017000000000000000e+03 5.554562015014555982e+03
1.018000000000000000e+03 5.557595771109080488e+03
1.019000000000000000e+03 5.555342460128161292e+03
1.020000000000000000e+03 5.590931149418351197e+03
1.021000000000000000e+03 5.584021422593839816e+03
1.022000000000000000e+03 5.589982621515675419e+03
1.023000000000000000e+03 5.603435942560591684e+03
1.024000000000000000e+03 5.601596138053721916e+03
1.025000000000000000e+03 5.618264876115477819e+03
1.026000000000000000e+03 5.650723340203846419e+03
1.027000000000000000e+03 5.655726115894223767e+03
1.028000000000000000e+03 5.658230247593259264e+03
1.029000000000000000e+03 5.636333108283717593e+03
1.030000000000000000e+03 5.639031860844944276e+03
1.031000000000000000e+03 5.649560671921084577e+03
1.032000000000000000e+03 5.652372407256093538e+03
1.033000000000000000e+03 5.653656100944624995e+03
1.034000000000000000e+03 5.662589739142468716e+03
1.035000000000000000e+03 5.664332562856152435e+03
1.036000000000000000e+03 5.669300965615824680e+03
1.037000000000000000e+03 5.657006935435946616e+03
1.038000000000000000e+03 5.660326393541511607e+03
1.039000000000000000e+03 5.684052143910523228e+03
1.040000000000000000e+03 5.690793378259964811e+03
1.041000000000000000e+03 5.694098540508243786e+03
1.042000000000000000e+03 5.691605596521806547e+03
1.043000000000000000e+03 5.698013526585859836e+03
1.044000000000000000e+03 5.717987056703324924e+03
1.045000000000000000e+03 5.719265467081427232e+03
1.046000000000000000e+03 5.731609624117930252e+03
1.047000000000000000e+03 5.726744321133946869e+03
1.048000000000000000e+03 5.699255489386219779e+03
1.049000000000000000e+03 5.704940573122311434e+03
1.050000000000000000e+03 5.719433956632893569e+03
1.051000000000000000e+03 5.730465513990972795e+03
1.052000000000000000e+03 5.740661899113338222e+03
1.053000000000000000e+03 5.738648514448555034e+03
1.054000000000000000e+03 5.758343836971539531e+03
1.055000000000000000e+03 5.763593933528324669e+03
1.056000000000000000e+03 5.753333092124034010e+03
1.057000000000000000e+03 5.772698620938934255e+03
1.058000000000000000e+03 5.792542908744575470e+03
1.059000000000000000e+03 5.786045860902519053e+03
1.060000000000000000e+03 5.789902042483230616e+03
1.061000000000000000e+03 5.812628786494882661e+03
1.062000000000000000e+03 5.831578808105553435e+03
1.063000000000000000e+03 5.829779384172593382e+03
1.064000000000000000e+03 5.832875923550007428e+03
1.065000000000000000e+03 5.836657908573193708e+03
1.066000000000000000e+03 5.838723285424718597e+03
1.067000000000000000e+03 5.840034735008965072e+03
1.068000000000000000e+03 5.861186827943089156e+03
1.069000000000000000e+03 5.850114140985177073e+03
1.070000000000000000e+03 5.851682516764749380e+03
1.071000000000000000e+03 5.865832756803237316e+03
1.072000000000000000e+03 5.872464796348726850e+03
1.073000000000000000e+03 5.886435496761097966e+03
1.074000000000000000e+03 5.888493554057653455e+03
1.075000000000000000e+03 5.897741912190072071e+03
1.076000000000000000e+03 5.915052077835109230e+03
1.077000000000000000e+03 5.904055279376944782e+03
1.078000000000000000e+03 5.892776339422254750e+03
1.079000000000000000e+03 5.876852995599966562e+03
1.080000000000000000e+03 5.861226906201940437e+03
1.081000000000000000e+03 5.880846642074318879e+03
1.082000000000000000e+03 5.878439463415944374e+03
1.083000000000000000e+03 5.879988159465478930e+03
1.084000000000000000e+03 5.890581610101916340e+03
1.085000000000000000e+03 5.906378324449800857e+03
1.086000000000000000e+03 5.912472995197452292e+03
1.087000000000000000e+03 5.929817742081529104e+03
1.088000000000000000e+03 5.927731403784465328e+03
1.089000000000000000e+03 5.926177270556530857e+03
1.090000000000000000e+03 5.944578890271241107e+03
1.091000000000000000e+03 5.954354253536138458e+03
1.092000000000000000e+03 5.952589832656966792e+03
1.093000000000000000e+03 5.966046434121290986e+03
1.094000000000000000e+03 5.987127387639541666e+03
1.095000000000000000e+03 5.988082103342724622e+03
1.096000000000000000e+03 5.994926620440398437e+03
1.097000000000000000e+03 6.001542753382012052e+03
1.098000000000000000e+03 6.032389960992448323e+03
1.099000000000000000e+03 6.041595824624896522e+03
1.100000000000000000e+03 6.045160788649897768e+03
1.101000000000000000e+03 6.039855948173216348e+03
1.102000000000000000e+03 6.033652229358948716e+03
1.103000000000000000e+03 6.040774012208024942e+03
1.104000000000000000e+03 6.063038333418526236e+03
1.105000000000000000e+03 6.075541538850023244e+03
1.106000000000000000e+03 6.087361167687588022e+03
1.107000000000000000e+03 6.091135618050397170e+03
1.108000000000000000e+03 6.099128418758228690e+03
1.109000000000000000e+03 6.091906191039108307e+03
1.110000000000000000e+03 6.082583431958481924e+03
1.111000000000000000e+03 6.097628593035530685e+03
1.112000000000000000e+03 6.100002739537973866e+03
1.113000000000000000e+03 6.090016084701083855e+03
1.114000000000000000e+03 6.094919463895551416e+03
1.115000000000000000e+03 6.101001850365488281e+03
1.116000000000000000e+03 6.104666788850235207e+03
1.117000000000000000e+03 6.115131544324653078e+03
1.118000000000000000e+03 6.102741623859083120e+03
1.119000000000000000e+03 6.106755204563186453e+03
1.120000000000000000e+03 6.117131117216330495e+03
1.121000000000000000e+03 6.127446713199741680e+03
1.122000000000000000e+03 6.110840190979730323e+03
1.123000000000000000e+03 6.114551221362964498e+03
1.124000000000000000e+03 6.106929195858561798e+03
1.125000000000000000e+03 6.096324095397528254e+03
1.126000000000000000e+03 6.113579677629081743e+03
1.127000000000000000e+03 6.127147818300660219e+03
1.128000000000000000e+03 6.116957828038299340e+03
1.129000000000000000e+03 6.108498146467697552e+03
1.130000000000000000e+03 6.100099868574398897e+03
1.131000000000000000e+03 6.119988177471655945e+03
1.132000000000000000e+03 6.128908669946321425e+03
1.133000000000000000e+03 6.139063045903543753e+03
1.134000000000000000e+03 6.144147542527738551e+03
1.135000000000000000e+03 6.120374206255975878e+03
1.136000000000000000e+03 6.107614251517753473e+03
1.137000000000000000e+03 6.145408232665186915e+03
1.138000000000000000e+03 6.161727324202258387e+03
1.139000000000000000e+03 6.174970204556425415e+03
1.140000000000000000e+03 6.191067402671211312e+03
1.141000000000000000e+03 6.201536040202687218e+03
1.142000000000000000e+03 6.207149769857969659e+03
1.143000000000000000e+03 6.208590286896058387e+03
1.144000000000000000e+03 6.211136974836360423e+03
1.145000000000000000e+03 6.220796533725356312e+03
1.146000000000000000e+03 6.214918880788057322e+03
1.147000000000000000e+03 6.215407449170687869e+03
1.148000000000000000e+03 6.249692942954025057e+03
1.149000000000000000e+03 6.263975873179743758e+03
1.150000000000000000e+03 6.263899105098981636e+03
1.151000000000000000e+03 6.246405315685560709e+03
1.152000000000000000e+03 6.254075889983346315e+03
1.153000000000000000e+03 6.261941861163825706e+03
1.154000000000000000e+03 6.244237745581396666e+03
1.155000000000000000e+03 6.258309440333830935e+03
1.156000000000000000e+03 6.269347441687438732e+03
1.157000000000000000e+03 6.229646394796182904e+03
1.158000000000000000e+03 6.235637949579483575e+03
1.159000000000000000e+03 6.208054621167564619e+03
1.160000000000000000e+03 6.212577774599412805e+03
1.161000000000000000e+03 6.230542429275335962e+03
1.162000000000000000e+03 6.256702032057662109e+03
1.163000000000000000e+03 6.258200726201144789e+03
1.164000000000000000e+03 6.247762579631540575e+03
1.165000000000000000e+03 6.241588277960216146e+03
1.166000000000000000e+03 6.230872646105838612e+03
1.167000000000000000e+03 6.217946957941577239e+03
1.168000000000000000e+03 6.228300030428780701e+03
1.169000000000000000e+03 6.235008672295640281e+03
1.170000000000000000e+03 6.226622038737034927e+03
1.171000000000000000e+03 6.212178017554214421e+03
1.172000000000000000e+03 6.200452369529254611e+03
1.173000000000000000e+03 6.205617048378288928e+03
1.174000000000000000e+03 6.232932588792324168e+03
1.175000000000000000e+03 6.249129330569354352e+03
1.176000000000000000e+03 6.256934363392517298e+03
1.177000000000000000e+03 6.253413403770334298e+03
1.178000000000000000e+03 6.250111650079935316e+03
1.179000000000000000e+03 6.262992630482249297e+03
1.180000000000000000e+03 6.256993489990490161e+03
1.181000000000000000e+03 6.298855438256179696e+03
1.182000000000000000e+03 6.314591896974648989e+03
1.183000000000000000e+03 6.318705415969082424e+03
1.184000000000000000e+03 6.289562675569672137e+03
1.185000000000000000e+03 6.292434139244272046e+03
1.186000000000000000e+03 6.304013535309706640e+03
1.187000000000000000e+03 6.310583014147988251e+03
1.188000000000000000e+03 6.314126152236227426e+03
1.189000000000000000e+03 6.316023689575300523e+03
1.190000000000000000e+03 6.322659797577702193e+03
1.191000000000000000e+03 6.330850255715811727e+03
1.192000000000000000e+03 6.324809466146335581e+03
1.193000000000000000e+03 6.328256224636188563e+03
1.194000000000000000e+03 6.335399507507177987e+03
1.195000000000000000e+03 6.348611226410561358e+03
1.196000000000000000e+03 6.364240171997057587e+03
1.197000000000000000e+03 6.368266634216282000e+03
1.198000000000000000e+03 6.336252376085916694e+03
1.199000000000000000e+03 6.367906187860577120e+03
1.200000000000000000e+03 6.379651910541676443e+03
1.201000000000000000e+03 6.382733013527224102e+03
1.202000000000000000e+03 6.416673753786981251e+03
1.203000000000000000e+03 6.435290827828438523e+03
1.204000000000000000e+03 6.456687097798629111e+03
1.205000000000000000e+03 6.443333628900397343e+03
1.206000000000000000e+03 6.436021189685357967e+03
1.207000000000000000e+03 6.458450434768841660e+03
1.208000000000000000e+03 6.470137073610311745e+03
1.209000000000000000e+03 6.493092650840964779e+03
1.210000000000000000e+03 6.484470013731796826e+03
1.211000000000000000e+03 6.474920282810825483e+03
1.212000000000000000e+03 6.489810448048116086e+03
1.213000000000000000e+03 6.481840454805668742e+03
1.214000000000000000e+03 6.476817032485385425e+03
1.215000000000000000e+03 6.475203965504493681e+03
1.216000000000000000e+03 6.452412380755189588e+03
1.217000000000000000e+03 6.448983252933343465e+03
1.218000000000000000e+03 6.452403023156556628e+03
1.219000000000000000e+03 6.455006043114231943e+03
1.220000000000000000e+03 6.462865670952562141e+03
1.221000000000000000e+03 6.449197849817403949e+03
1.222000000000000000e+03 6.471344826966051187e+03
1.223000000000000000e+03 6.473251368755511066e+03
1.224000000000000000e+03 6.481460298896501627e+03
1.225000000000000000e+03 6.491465448284486229e+03
1.226000000000000000e+03 6.470712937705408876e+03
1.227000000000000000e+03 6.470263625688644424e+03
1.228000000000000000e+03 6.502354041615011738e+03
1.229000000000000000e+03 6.509274257446324555e+03
1.230000000000000000e+03 6.500858904048723161e+03
1.231000000000000000e+03 6.501810033534033209e+03
1.232000000000000000e+03 6.519087905947902073e+03
1.233000000000000000e+03 6.543278184530545332e+03
1.234000000000000000e+03 6.555287537822688137e+03
1.235000000000000000e+03 6.561895493838100265e+03
1.236000000000000000e+03 6.557753230453608012e+03
1.237000000000000000e+03 6.574910193728044760e+03
1.238000000000000000e+03 6.584338297244944442e+03
1.239000000000000000e+03 6.609651567556076770e+03
1.240000000000000000e+03 6.589737909881949236e+03
1.241000000000000000e+03 6.579671117060004690e+03
1.242000000000000000e+03 6.580068560736863219e+03
1.243000000000000000e+03 6.593804595512572632e+03
1.244000000000000000e+03 6.605693657388330394e+03
1.245000000000000000e+03 6.613359850258385450e+03
1.246000000000000000e+03 6.598181455877891494e+03
1.247000000000000000e+03 6.580078407935557152e+03
1.248000000000000000e+03 6.563958004234850705e+03
1.249000000000000000e+03 6.611779244187581753e+03
1.250000000000000000e+03 6.628779343829143727e+03
1.251000000000000000e+03 6.597575920551726085e+03
1.252000000000000000e+03 6.579559475972860128e+03
1.253000000000000000e+03 6.595318411489985010e+03
1.254000000000000000e+03 6.618064813868992132e+03
1.255000000000000000e+03 6.625719869689199186e+03
1.256000000000000000e+03 6.613706374031902669e+03
1.257000000000000000e+03 6.627897213914612621e+03
1.258000000000000000e+03 6.652023901279146230e+03
1.259000000000000000e+03 6.653829765726477490e+03
1.260000000000000000e+03 6.651505715568127016e+03
1.261000000000000000e+03 6.650087261956321527e+03
1.262000000000000000e+03 6.645029089676589138e+03
1.263000000000000000e+03 6.651035919880671827e+03
1.264000000000000000e+03 6.626358260708550006e+03
1.265000000000000000e+03 6.627259255652396860e+03
1.266000000000000000e+03 6.644160179856417017e+03
1.267000000000000000e+03 6.662460853057330496e+03
1.268000000000000000e+03 6.666273792969378519e+03
1.269000000000000000e+03 6.677137733896860482e+03
1.270000000000000000e+03 6.683922732765621731e+03
1.271000000000000000e+03 6.703233164232372474e+03
1.272000000000000000e+03 6.698198831693976899e+03
1.273000000000000000e+03 6.722485969737042979e+03
1.274000000000000000e+03 6.735863453166845829e+03
1.275000000000000000e+03 6.756966485894537982e+03
1.276000000000000000e+03 6.723582252686127504e+03
1.277000000000000000e+03 6.719856068375362156e+03
1.278000000000000000e+03 6.721750743287409932e+03
1.279000000000000000e+03 6.738665315226672647e+03
1.280000000000000000e+03 6.760497400022850343e+03
1.281000000000000000e+03 6.778527884207092939e+03
1.282000000000000000e+03 6.789391330060367181e+03
1.283000000000000000e+03 6.783262204684875542e+03
1.284000000000000000e+03 6.758247842208461407e+03
1.285000000000000000e+03 6.780374000364400672e+03
1.286000000000000000e+03 6.783416019131584108e+03
1.287000000000000000e+03 6.769483871343013561e+03
1.288000000000000000e+03 6.779675829526013331e+03
1.289000000000000000e+03 6.770991090435150909e+03
1.290000000000000000e+03 6.789762722973704513e+03
1.291000000000000000e+03 6.803998216587441675e+03
1.292000000000000000e+03 6.806889054586007660e+03
1.293000000000000000e+03 6.799289276539178900e+03
1.294000000000000000e+03 6.783146792376142002e+03
1.295000000000000000e+03 6.805171595919799074e+03
1.296000000000000000e+03 6.799842584548883679e+03
1.297000000000000000e+03 6.804129936190453009e+03
1.298000000000000000e+03 6.818273151833096563e+03
1.299000000000000000e+03 6.822407344844581530e+03
1.300000000000000000e+03 6.823121478070636840e+03
1.301000000000000000e+03 6.824182508656615937e+03
1.302000000000000000e+03 6.814644427378473665e+03
1.303000000000000000e+03 6.794179500042087966e+03
1.304000000000000000e+03 6.794635481455690751e+03
1.305000000000000000e+03 6.800754432871489371e+03
1.306000000000000000e+03 6.824686595000023772e+03
1.307000000000000000e+03 6.844713888342525934e+03
1.308000000000000000e+03 6.862663941403316130e+03
1.309000000000000000e+03 6.874509623573099816e+03
1.310000000000000000e+03 6.882060909461867595e+03
1.311000000000000000e+03 6.888804909646208216e+03
1.312000000000000000e+03 6.875010213799489975e+03
1.313000000000000000e+03 6.857618938266313307e+03
1.314000000000000000e+03 6.865951241519078394e+03
1.315000000000000000e+03 6.872298117763001756e+03
1.316000000000000000e+03 6.878337666526450448e+03
1.317000000000000000e+03 6.857139740577725206e+03
1.318000000000000000e+03 6.848523424401714692e+03
1.319000000000000000e+03 6.860248132810963398e+03
1.320000000000000000e+03 6.871888075030386972e+03
1.321000000000000000e+03 6.861242992635634437e+03
1.322000000000000000e+03 6.866470028248285416e+03
1.323000000000000000e+03 6.861625233141363424e+03
1.324000000000000000e+03 6.859955018410109915e+03
1.325000000000000000e+03 6.866724015589729788e+03
1.326000000000000000e+03 6.860366057463219477e+03
1.327000000000000000e+03 6.869161730025232828e+03
1.328000000000000000e+03 6.874119594843243249e+03
1.329000000000000000e+03 6.893651468388136891e+03
1.330000000000000000e+03 6.886738217377490400e+03
1.331000000000000000e+03 6.921309374500357990e+03
1.332000000000000000e+03 6.915936486295130635e+03
1.333000000000000000e+03 6.898341386920134937e+03
1.334000000000000000e+03 6.915973594933013374e+03
1.335000000000000000e+03 6.935244176572274228e+03
1.336000000000000000e+03 6.935578038037150691e+03
1.337000000000000000e+03 6.921743094903938072e+03
1.338000000000000000e+03 6.936266413393886978e+03
1.339000000000000000e+03 6.937940090743062683e+03
1.340000000000000000e+03 6.963112168111611936e+03
1.341000000000000000e+03 6.964297107177698308e+03
1.342000000000000000e+03 6.989722018094384111e+03
1.343000000000000000e+03 6.974146995651860379e+03
1.344000000000000000e+03 6.978563004288446791e+03
1.345000000000000000e+03 6.993248330093006189e+03
1.346000000000000000e+03 6.996691089829336306e+03
1.347000000000000000e+03 6.997251391732590491e+03
1.348000000000000000e+03 7.024906565815257636e+03
1.349000000000000000e+03 7.020234876722572153e+03
1.350000000000000000e+03 7.012867669168071188e+03
1.351000000000000000e+03 7.021679260629181954e+03
1.352000000000000000e+03 7.032051547837728322e+03
1.353000000000000000e+03 7.051684492364291145e+03
1.354000000000000000e+03 7.048347730806364780e+03
1.355000000000000000e+03 7.045658988435681749e+03
1.356000000000000000e+03 7.062835392333648997e+03
1.357000000000000000e+03 7.056315548838515497e+03
1.358000000000000000e+03 7.067931434727981468e+03
1.359000000000000000e+03 7.072628958527130635e+03
1.360000000000000000e+03 7.092945640313433614e+03
1.361000000000000000e+03 7.109643801530191013e+03
1.362000000000000000e+03 7.086473571706223993e+03
1.363000000000000000e+03 7.074707784121302211e+03
1.364000000000000000e+03 7.058495990507680290e+03
1.365000000000000000e+03 7.087631142930972601e+03
1.366000000000000000e+03 7.111371383886214062e+03
1.367000000000000000e+03 7.099700237853960971e+03
1.368000000000000000e+03 7.100211427454481054e+03
1.369000000000000000e+03 7.127139062608747736e+03
1.370000000000000000e+03 7.120468285389323682e+03
1.371000000000000000e+03 7.109739422105380982e+03
1.372000000000000000e+03 7.135521683487791051e+03
1.373000000000000000e+03 7.146924565767516469e+03
1.374000000000000000e+03 7.141187335584389075e+03
1.375000000000000000e+03 7.163093205943170688e+03
1.376000000000000000e+03 7.168012681859348959e+03
1.377000000000000000e+03 7.189010256265586577e+03
1.378000000000000000e+03 7.210243597220867741e+03
1.379000000000000000e+03 7.228764594299190321e+03
1.380000000000000000e+03 7.221870502583309644e+03
1.381000000000000000e+03 7.227047742237401508e+03
1.382000000000000000e+03 7.225351088707958297e+03
1.383000000000000000e+03 7.208340671364229820e+03
1.384000000000000000e+03 7.210392518172634482e+03
1.385000000000000000e+03 7.224243277782094992e+03
1.386000000000000000e+03 7.218894467606344733e+03
1.387000000000000000e+03 7.228224788831617843e+03
1.388000000000000000e+03 7.248437253892018816e+03
1.389000000000000000e+03 7.248723298770604742e+03
1.390000000000000000e+03 7.243373491796194685e+03
1.391000000000000000e+03 7.262592371390829612e+03
1.392000000000000000e+03 7.283336978590691615e+03
1.393000000000000000e+03 7.275346155530746728e+03
1.394000000000000000e+03 7.269162358757846050e+03
1.395000000000000000e+03 7.257111026886000218e+03
1.396000000000000000e+03 7.262436844566880609e+03
1.397000000000000000e+03 7.277436679609678322e+03
1.398000000000000000e+03 7.247190961028470156e+03
1.399000000000000000e+03 7.267674656604666779e+03
1.400000000000000000e+03 7.248832464311850345e+03
1.401000000000000000e+03 7.269335044913488673e+03
1.402000000000000000e+03 7.253612541616234921e+03
1.403000000000000000e+03 7.267294199822777955e+03
1.404000000000000000e+03 7.271111501949370904e+03
1.405000000000000000e+03 7.288010537516556724e+03
1.406000000000000000e+03 7.306287766213572468e+03
1.407000000000000000e+03 7.301502202902106546e+03
1.408000000000000000e+03 7.306949546581918185e+03
1.409000000000000000e+03 7.325732114557207751e+03
1.410000000000000000e+03 7.330384624819629607e+03
1.411000000000000000e+03 7.329396051701898614e+03
1.412000000000000000e+03 7.309077898934959194e+03
1.413000000000000000e+03 7.317976099565199547e+03
1.414000000000000000e+03 7.325134092430555029e+03
1.415000000000000000e+03 7.331665719382607676e+03
1.416000000000000000e+03 7.359466977126416168e+03
1.417000000000000000e+03 7.355494129050007359e+03
1.418000000000000000e+03 7.331806371619218226e+03
1.419000000000000000e+03 7.350030278928824373e+03
1.420000000000000000e+03 7.380391569716151935e+03
1.421000000000000000e+03 7.399537419297617816e+03
1.422000000000000000e+03 7.400688234269466193e+03
1.423000000000000000e+03 7.396366224048510958e+03
1.424000000000000000e+03 7.399964543765813687e+03
1.425000000000000000e+03 7.398944291398834139e+03
1.426000000000000000e+03 7.409818318226261908e+03
1.427000000000000000e+03 7.422385821517821569e+03
1.428000000000000000e+03 7.415727631438382559e+03
1.429000000000000000e+03 7.443802792142818362e+03
1.430000000000000000e+03 7.428385928780016911e+03
1.431000000000000000e+03 7.428194971382507902e+03
1.432000000000000000e+03 7.431401368809156338e+03
1.433000000000000000e+03 7.457410267349867354e+03
1.434000000000000000e+03 7.485293308814015290e+03
1.435000000000000000e+03 7.485173993160331520e+03
1.436000000000000000e+03 7.486013878836052754e+03
1.437000000000000000e+03 7.464271997959504006e+03
1.438000000000000000e+03 7.469340259687096477e+03
1.439000000000000000e+03 7.494813261196913118e+03
1.440000000000000000e+03 7.480093051215015294e+03
1.441000000000000000e+03 7.515074364528176375e+03
1.442000000000000000e+03 7.516732398072839715e+03
1.443000000000000000e+03 7.510466153247330112e+03
1.444000000000000000e+03 7.524306045663516670e+03
1.445000000000000000e+03 7.514052457810365013e+03
1.446000000000000000e+03 7.532778046626843206e+03
1.447000000000000000e+03 7.522225112808799167e+03
1.448000000000000000e+03 7.549350416493421108e+03
1.449000000000000000e+03 7.563142751378396497e+03
1.450000000000000000e+03 7.583436708027664281e+03
1.451000000000000000e+03 7.571900480104486633e+03
1.452000000000000000e+03 7.580917200294044051e+03
1.453000000000000000e+03 7.555257255128747602e+03
1.454000000000000000e+03 7.529713905255480313e+03
1.455000000000000000e+03 7.567568488403588162e+03
1.456000000000000000e+03 7.567758990203467874e+03
1.457000000000000000e+03 7.562535622356994281e+03
1.458000000000000000e+03 7.574672353564138575e+03
1.459000000000000000e+03 7.553267139920972113e+03
1.460000000000000000e+03 7.563444187453167615e+03
1.461000000000000000e+03 7.584128782523882364e+03
1.462000000000000000e+03 7.596373843586677140e+03
1.463000000000000000e+03 7.579929984893728943e+03
1.464000000000000000e+03 7.575333349703431850e+03
1.465000000000000000e+03 7.600678054577396324e+03
1.466000000000000000e+03 7.602534064661358570e+03
1.467000000000000000e+03 7.598059329701505703e+03
1.468000000000000000e+03 7.612495120188093097e+03
1.469000000000000000e+03 7.601179265235018647e+03
1.470000000000000000e+03 7.621134914243722960e+03
1.471000000000000000e+03 7.632278898494792884e+03
1.472000000000000000e+03 7.646265429981427587e+03
1.473000000000000000e+03 7.640496994640019693e+03
1.474000000000000000e+03 7.632490102333128561e+03
1.475000000000000000e+03 7.617154623466524754e+03
1.476000000000000000e+03 7.637231068613119533e+03
1.477000000000000000e+03 7.645302142607418318e+03
1.478000000000000000e+03 7.640405973657830145e+03
1.479000000000000000e+03 7.648417706322027698e+03
1.480000000000000000e+03 7.683355964772981679e+03
1.481000000000000000e+03 7.704253679162719891e+03
1.482000000000000000e+03 7.685140111266938220e+03
1.483000000000000000e+03 7.694223725497199666e+03
1.484000000000000000e+03 7.689585128407148659e+03
1.485000000000000000e+03 7.684015582011627885e+03
1.486000000000000000e+03 7.702406481629593145e+03
1.487000000000000000e+03 7.698887252913466000e+03
1.488000000000000000e+03 7.692243756776112605e+03
1.489000000000000000e+03 7.685293994428528094e+03
1.490000000000000000e+03 7.690575264200353558e+03
1.491000000000000000e+03 7.713072628215953955e+03
1.492000000000000000e+03 7.723830342215402197e+03
1.493000000000000000e+03 7.735629220362669002e+03
1.494000000000000000e+03 7.745593053935821445e+03
1.495000000000000000e+03 7.731068089897815298e+03
1.496000000000000000e+03 7.746586295083511686e+03
1.497000000000000000e+03 7.724793089302585940e+03
1.498000000000000000e+03 7.705005676029856659e+03
1.499000000000000000e+03 7.710605904914295934e+03
1.500000000000000000e+03 7.729245124066336757e+03
1.501000000000000000e+03 7.721897806148453128e+03
1.502000000000000000e+03 7.722251661487384808e+03
1.503000000000000000e+03 7.722933798364454560e+03
1.504000000000000000e+03 7.711030819479180536e+03
1.505000000000000000e+03 7.703900894085049913e+03
1.506000000000000000e+03 7.711118336199864643e+03
1.507000000000000000e+03 7.726762828655106205e+03
1.508000000000000000e+03 7.732253974702300184e+03
1.509000000000000000e+03 7.765804635408890135e+03
1.510000000000000000e+03 7.767845888152160114e+03
1.511000000000000000e+03 7.762047737862585564e+03
1.512000000000000000e+03 7.749986618509124128e+03
1.513000000000000000e+03 7.749245712441368596e+03
1.514000000000000000e+03 7.764395332477184638e+03
1.515000000000000000e+03 7.769290947326520836e+03
1.516000000000000000e+03 7.792816640277143051e+03
1.517000000000000000e+03 7.793391540266232369e+03
1.518000000000000000e+03 7.807111898569963159e+03
1.519000000000000000e+03 7.805978578196613853e+03
1.520000000000000000e+03 7.802286263396562390e+03
1.521000000000000000e+03 7.803351602202921640e+03
1.522000000000000000e+03 7.816987002402443068e+03
1.523000000000000000e+03 7.809752915990537076e+03
1.524000000000000000e+03 7.814483362054855206e+03
1.525000000000000000e+03 7.810618600081414115e+03
1.526000000000000000e+03 7.844586507075980080e+03
1.527000000000000000e+03 7.848488826610133401e+03
1.528000000000000000e+03 7.863709842116099026e+03
1.529000000000000000e+03 7.883828143717372768e+03
1.530000000000000000e+03 7.913240160855602880e+03
1.531000000000000000e+03 7.924882473712601495e+03
1.532000000000000000e+03 7.909973565150307877e+03
1.533000000000000000e+03 7.905989405438101130e+03
1.534000000000000000e+03 7.889704616359184911e+03
1.535000000000000000e+03 7.891923640014371813e+03
1.536000000000000000e+03 7.911377689316172109e+03
1.537000000000000000e+03 7.931776159126991843e+03
1.538000000000000000e+03 7.945861856270331373e+03
1.539000000000000000e+03 7.967307991678329927e+03
1.540000000000000000e+03 7.960921441815108665e+03
1.541000000000000000e+03 7.983755209308382291e+03
1.542000000000000000e+03 7.995903257773021323e+03
1.543000000000000000e+03 7.997500440873884145e+03
1.544000000000000000e+03 8.011531038259166053e+03
1.545000000000000000e+03 8.018206676776847416e+03
1.546000000000000000e+03 8.021174441618398305e+03
1.547000000000000000e+03 8.023371516042168878e+03
1.548000000000000000e+03 8.035723015736962225e+03
1.549000000000000000e+03 8.037295365721392955e+03
1.550000000000000000e+03 8.075636400010967009e+03
1.551000000000000000e+03 8.111660718274245482e+03
1.552000000000000000e+03 8.107706591466600003e+03
1.553000000000000000e+03 8.099639936916227271e+03
1.554000000000000000e+03 8.097759637040327107e+03
1.555000000000000000e+03 8.100632019446315098e+03
1.556000000000000000e+03 8.103032486858078300e+03
1.557000000000000000e+03 8.101224807129617147e+03
1.558000000000000000e+03 8.107731106650162474e+03
1.559000000000000000e+03 8.124319300929096244e+03
1.560000000000000000e+03 8.111763085945399325e+03
1.561000000000000000e+03 8.112687843368753420e+03
1.562000000000000000e+03 8.137696245420027481e+03
1.563000000000000000e+03 8.138229326240831142e+03
1.564000000000000000e+03 8.142880878035115529e+03
1.565000000000000000e+03 8.160917885284956355e+03
1.566000000000000000e+03 8.173860001046542493e+03
1.567000000000000000e+03 8.181407517318064492e+03
1.568000000000000000e+03 8.172024756233246080e+03
1.569000000000000000e+03 8.181906162259527264e+03
1.570000000000000000e+03 8.188277152640148415e+03
1.571000000000000000e+03 8.167255208069473156e+03
1.572000000000000000e+03 8.179721601073262718e+03
1.573000000000000000e+03 8.194613525983317231e+03
1.574000000000000000e+03 8.220177040999296878e+03
1.575000000000000000e+03 8.225057411412413785e+03
1.576000000000000000e+03 8.195456855986911251e+03
1.577000000000000000e+03 8.192859295275393379e+03
1.578000000000000000e+03 8.197254519307429291e+03
1.579000000000000000e+03 8.216721596601439160e+03
1.580000000000000000e+03 8.217509143681820206e+03
1.581000000000000000e+03 8.229269620163304353e+03
1.582000000000000000e+03 8.234420455923553163e+03
1.583000000000000000e+03 8.243478604421061391e+03
1.584000000000000000e+03 8.232529361278455326e+03
1.585000000000000000e+03 8.240185297493038888e+03
1.586000000000000000e+03 8.230255687083754310e+03
1.587000000000000000e+03 8.226001072649360140e+03
1.588000000000000000e+03 8.237429928848552663e+03
1.589000000000000000e+03 8.242974749661663736e+03
1.590000000000000000e+03 8.249726958653829570e+03
1.591000000000000000e+03 8.270089713524137551e+03
1.592000000000000000e+03 8.260800649053977395e+03
1.593000000000000000e+03 8.269420383569940896e+03
1.594000000000000000e+03 8.286026271923879904e+03
1.595000000000000000e+03 8.274786289250620030e+03
1.596000000000000000e+03 8.284623271755324822e+03
1.597000000000000000e+03 8.282719767044378386e+03
1.598000000000000000e+03 8.290052185790616932e+03
1.599000000000000000e+03 8.297326273731101537e+03
1.600000000000000000e+03 8.274963204071120344e+03
1.601000000000000000e+03 8.315378689456314532e+03
1.602000000000000000e+03 8.299600587185510449e+03
1.603000000000000000e+03 8.295995014192254530e+03
1.604000000000000000e+03 8.300664395533354764e+03
1.605000000000000000e+03 8.327399422602147752e+03
1.606000000000000000e+03 8.341515826275273866e+03
1.607000000000000000e+03 8.354333241178876051e+03
1.608000000000000000e+03 8.342778155007470559e+03
1.609000000000000000e+03 8.332250691445395205e+03
1.610000000000000000e+03 8.333725940630656623e+03
1.611000000000000000e+03 8.343028419572090570e+03
1.612000000000000000e+03 8.352422215717246218e+03
1.613000000000000000e+03 8.350273931919780807e+03
1.614000000000000000e+03 8.341980289823930434e+03
1.615000000000000000e+03 8.338238686887092626e+03
1.616000000000000000e+03 8.373805137265553640e+03
1.617000000000000000e+03 8.359119906364077906e+03
1.618000000000000000e+03 8.378413255474553807e+03
1.619000000000000000e+03 8.386650340047282953e+03
1.620000000000000000e+03 8.364079323161504362e+03
1.621000000000000000e+03 8.370930073941182854e+03
1.622000000000000000e+03 8.394025866972831864e+03
1.623000000000000000e+03 8.410370057091367926e+03
1.624000000000000000e+03 8.405377758527396509e+03
1.625000000000000000e+03 8.408456054499292804e+03
1.626000000000000000e+03 8.426362703503600642e+03
1.627000000000000000e+03 8.435964245687948278e+03
1.628000000000000000e+03 8.433547558889547872e+03
1.629000000000000000e+03 8.418564412474257551e+03
1.630000000000000000e+03 8.402917665584327551e+03
1.631000000000000000e+03 8.384542348549037342e+03
1.632000000000000000e+03 8.392467247997865343e+03
1.633000000000000000e+03 8.402272851858055219e+03
1.634000000000000000e+03 8.413298139410182557e+03
1.635000000000000000e+03 8.432881776249460017e+03
1.636000000000000000e+03 8.449911767820802197e+03
1.637000000000000000e+03 8.442908524585820487e+03
1.638000000000000000e+03 8.447836828327604962e+03
1.639000000000000000e+03 8.444370669451333015e+03
1.640000000000000000e+03 8.457581494699114046e+03
1.641000000000000000e+03 8.473968617489084863e+03
1.642000000000000000e+03 8.451336591668805340e+03
1.643000000000000000e+03 8.446854466655779106e+03
1.644000000000000000e+03 8.446395574338479491e+03
1.645000000000000000e+03 8.426337363307944543e+03
1.646000000000000000e+03 8.414070464958671437e+03
1.647000000000000000e+03 8.419877608907683680e+03
1.648000000000000000e+03 8.384675303589136092e+03
1.649000000000000000e+03 8.391201671569640894e+03
1.650000000000000000e+03 8.386812772604273050e+03
1.651000000000000000e+03 8.415129547936730887e+03
1.652000000000000000e+03 8.406740439000415790e+03
1.653000000000000000e+03 8.435099523365775894e+03
1.654000000000000000e+03 8.426222460596742167e+03
1.655000000000000000e+03 8.426123555135211063e+03
1.656000000000000000e+03 8.445596928249502525e+03
1.657000000000000000e+03 8.454964822136062139e+03
1.658000000000000000e+03 8.466352954337455230e+03
1.659000000000000000e+03 8.459761522262362632e+03
1.660000000000000000e+03 8.463153411811999831e+03
1.661000000000000000e+03 8.458596545083375531e+03
1.662000000000000000e+03 8.454353478825114507e+03
1.663000000000000000e+03 8.456439399451262943e+03
1.664000000000000000e+03 8.460144458390921500e+03
1.665000000000000000e+03 8.479770274631053326e+03
1.666000000000000000e+03 8.501899855833064066e+03
1.667000000000000000e+03 8.516272056554344090e+03
1.668000000000000000e+03 8.543711271370577379e+03
1.669000000000000000e+03 8.550799252048065682e+03
1.670000000000000000e+03 8.560524983817267639e+03
1.671000000000000000e+03 8.569621683167664742e+03
1.672000000000000000e+03 8.571467603805183899e+03
1.673000000000000000e+03 8.562726292979847130e+03
1.674000000000000000e+03 8.549324054367714780e+03
1.675000000000000000e+03 8.574435703223112796e+03
1.676000000000000000e+03 8.561919624407895753e+03
1.677000000000000000e+03 8.578632766683032969e+03
1.678000000000000000e+03 8.571618812060780328e+03
1.679000000000000000e+03 8.583927986453536505e+03
1.680000000000000000e+03 8.583972343496927351e+03
1.681000000000000000e+03 8.604926990666886923e+03
1.682000000000000000e+03 8.607460515449252853e+03
1.683000000000000000e+03 8.590759739369112140e+03
1.684000000000000000e+03 8.618662821721496584e+03
1.685000000000000000e+03 8.617972139125387912e+03
1.686000000000000000e+03 8.625753104699962933e+03
1.687000000000000000e+03 8.645123977099949116e+03
1.688000000000000000e+03 8.642352891664255367e+03
1.689000000000000000e+03 8.633734057355772165e+03
1.690000000000000000e+03 8.633617157155051245e+03
1.691000000000000000e+03 8.634915481571877535e+03
1.692000000000000000e+03 8.654740060152744263e+03
1.693000000000000000e+03 8.671880951000262939e+03
1.694000000000000000e+03 8.684449105726387643e+03
1.695000000000000000e+03 8.694774584407774455e+03
1.696000000000000000e+03 8.681638067456084173e+03
1.697000000000000000e+03 8.701783950945829929e+03
1.698000000000000000e+03 8.700658745815975635e+03
1.699000000000000000e+03 8.708014470684136541e+03
1.700000000000000000e+03 8.695991986621142132e+03
1.701000000000000000e+03 8.697166229493757783e+03
1.702000000000000000e+03 8.699925801133600544e+03
1.703000000000000000e+03 8.704831993087929732e+03
1.704000000000000000e+03 8.692245073513466195e+03
1.705000000000000000e+03 8.697347138838762476e+03
1.706000000000000000e+03 8.728068131258802168e+03
1.707000000000000000e+03 8.706766391805191233e+03
1.708000000000000000e+03 8.706364725684423320e+03
1.709000000000000000e+03 8.692881898981775521e+03
1.710000000000000000e+03 8.670253666108865218e+03
1.711000000000000000e+03 8.650576745882442992e+03
1.712000000000000000e+03 8.663406685745401774e+03
1.713000000000000000e+03 8.668145279043059418e+03
1.714000000000000000e+03 8.668594808003084836e+03
1.715000000000000000e+03 8.651736335969533684e+03
1.716000000000000000e+03 8.646602577523064610e+03
1.717000000000000000e+03 8.647999040655457065e+03
1.718000000000000000e+03 8.666747564989100283e+03
1.719000000000000000e+03 8.661779755143015791e+03
1.720000000000000000e+03 8.637382573022681754e+03
1.721000000000000000e+03 8.653976753335082321e+03
1.722000000000000000e+03 8.680194358951495815e+03
1.723000000000000000e+03 8.665108042470123110e+03
1.724000000000000000e+03 8.665844460657350282e+03
1.725000000000000000e+03 8.695034497087692216e+03
1.726000000000000000e+03 8.703107778422319825e+03
1.727000000000000000e+03 8.712084522848437700e+03
1.728000000000000000e+03 8.711825677149035982e+03
1.729000000000000000e+03 8.743987684789895866e+03
1.730000000000000000e+03 8.737275631520582465e+03
1.731000000000000000e+03 8.746809189669364059e+03
1.732000000000000000e+03 8.771250628725374554e+03
1.733000000000000000e+03 8.758219480569703592e+03
1.734000000000000000e+03 8.734723544264055818e+03
1.735000000000000000e+03 8.738359986547233348e+03
1.736000000000000000e+03 8.735534095406695997e+03
1.737000000000000000e+03 8.741129478664448470e+03
1.738000000000000000e+03 8.738889826121005171e+03
1.739000000000000000e+03 8.752480345128506087e+03
1.740000000000000000e+03 8.750280645968014142e+03
1.741000000000000000e+03 8.748160597244272140e+03
1.742000000000000000e+03 8.747688494120842734e+03
1.743000000000000000e+03 8.744985131504810852e+03
1.744000000000000000e+03 8.758993155352078247e+03
1.745000000000000000e+03 8.769483127099943886e+03
1.746000000000000000e+03 8.777394249004553785e+03
1.747000000000000000e+03 8.757998232840205674e+03
1.748000000000000000e+03 8.774939630074628440e+03
1.749000000000000000e+03 8.787070784392528367e+03
1.750000000000000000e+03 8.807249629602731147e+03
1.751000000000000000e+03 8.794997382481509703e+03
1.752000000000000000e+03 8.778568297347053885e+03
1.753000000000000000e+03 8.797429226299420407e+03
1.754000000000000000e+03 8.800440517739381903e+03
1.755000000000000000e+03 8.803538648721629215e+03
1.756000000000000000e+03 8.803950929371138045e+03
1.757000000000000000e+03 8.826345188620076442e+03
1.758000000000000000e+03 8.853817190358953667e+03
1.759000000000000000e+03 8.842084844543664076e+03
1.760000000000000000e+03 8.854339041345494479e+03
1.761000000000000000e+03 8.865451668658985000e+03
1.762000000000000000e+03 8.845638621440899442e+03
1.763000000000000000e+03 8.845320863603425096e+03
1.764000000000000000e+03 8.840276242293861287e+03
1.765000000000000000e+03 8.827710977815682782e+03
1.766000000000000000e+03 8.840419229898876438e+03
1.767000000000000000e+03 8.828537520588826737e+03
1.768000000000000000e+03 8.844933299522499510e+03
1.769000000000000000e+03 8.858065045791552620e+03
1.770000000000000000e+03 8.862130535283864447e+03
1.771000000000000000e+03 8.876340567958068277e+03
1.772000000000000000e+03 8.879953890296344980e+03
1.773000000000000000e+03 8.863235804414694940e+03
1.774000000000000000e+03 8.853483188966923990e+03
1.775000000000000000e+03 8.860745590969565455e+03
1.776000000000000000e+03 8.859325127625337700e+03
1.777000000000000000e+03 8.866085357300918986e+03
1.778000000000000000e+03 8.865488659416616429e+03
1.779000000000000000e+03 8.865929885917186766e+03
1.780000000000000000e+03 8.872748686335171442e+03
1.781000000000000000e+03 8.858138757109356447e+03
1.782000000000000000e+03 8.882661592010477762e+03
1.783000000000000000e+03 8.899673893545190367e+03
1.784000000000000000e+03 8.899467233783367192e+03
1.785000000000000000e+03 8.908525736142770256e+03
1.786000000000000000e+03 8.906320420446339995e+03
1.787000000000000000e+03 8.893120640284658293e+03
1.788000000000000000e+03 8.895519616186726125e+03
1.789000000000000000e+03 8.921628575513095711e+03
1.790000000000000000e+03 8.910490067166179870e+03
1.791000000000000000e+03 8.921863758530447740e+03
1.792000000000000000e+03 8.950802723021357451e+03
1.793000000000000000e+03 8.968992371801892659e+03
1.794000000000000000e+03 8.965129454886522581e+03
1.795000000000000000e+03 8.959503845462402751e+03
1.796000000000000000e+03 8.945504738436826301e+03
1.797000000000000000e+03 8.908119259455183055e+03
1.798000000000000000e+03 8.936209243346509538e+03
1.799000000000000000e+03 8.931658793622098528e+03
1.800000000000000000e+03 8.921902868714430952e+03
1.801000000000000000e+03 8.941807550149487724e+03
1.802000000000000000e+03 8.968544262315585001e+03
1.803000000000000000e+03 8.984358021606451075e+03
1.804000000000000000e+03 8.973773424157861882e+03
1.805000000000000000e+03 8.987675483100634665e+03
1.806000000000000000e+03 9.002609144371655930e+03
1.807000000000000000e+03 9.003918060712794613e+03
1.808000000000000000e+03 9.014851889965280861e+03
1.809000000000000000e+03 8.997584693201393748e+03
1.810000000000000000e+03 8.974344561472247733e+03
1.811000000000000000e+03 8.979198755464125497e+03
1.812000000000000000e+03 8.984008533187979992e+03
1.813000000000000000e+03 8.980894496414195601e+03
1.814000000000000000e+03 8.985793431123178379e+03
1.815000000000000000e+03 9.004856165465245795e+03
1.816000000000000000e+03 9.023757308985250347e+03
1.817000000000000000e+03 9.033285240225259258e+03
1.818000000000000000e+03 9.021928650256853871e+03
1.819000000000000000e+03 9.032145667827688158e+03
1.820000000000000000e+03 9.034732787350149010e+03
1.821000000000000000e+03 9.043396158253968679e+03
1.822000000000000000e+03 9.041464425668775220e+03
1.823000000000000000e+03 9.055568276023022918e+03
1.824000000000000000e+03 9.077981189992338841e+03
1.825000000000000000e+03 9.092857620476679585e+03
1.826000000000000000e+03 9.119435606452409047e+03
1.827000000000000000e+03 9.165763363972875595e+03
1.828000000000000000e+03 9.155136007717237590e+03
1.829000000000000000e+03 9.132372484548781358e+03
1.830000000000000000e+03 9.156350505490156138e+03
1.831000000000000000e+03 9.172599027998719976e+03
1.832000000000000000e+03 9.139135146325268579e+03
1.833000000000000000e+03 9.132881234948297788e+03
1.834000000000000000e+03 9.132855180803720941e+03
1.835000000000000000e+03 9.136854694068671961e+03
1.836000000000000000e+03 9.116988971199145453e+03
1.837000000000000000e+03 9.123303390473467516e+03
1.838000000000000000e+03 9.116120545632760695e+03
1.839000000000000000e+03 9.092547198452581142e+03
1.840000000000000000e+03 9.108656617380873286e+03
1.841000000000000000e+03 9.114890345048632298e+03
1.842000000000000000e+03 9.137538230493557421e+03
1.843000000000000000e+03 9.141400680305845526e+03
1.844000000000000000e+03 9.151359858227810037e+03
1.845000000000000000e+03 9.139635167433698371e+03
1.846000000000000000e+03 9.163744635250443025e+03
1.847000000000000000e+03 9.145645655824902860e+03
1.848000000000000000e+03 9.134385259657216011e+03
1.849000000000000000e+03 9.134170425474725562e+03
1.850000000000000000e+03 9.136092951262373390e+03
1.851000000000000000e+03 9.135242509510175296e+03
1.852000000000000000e+03 9.134693774150287936e+03
1.853000000000000000e+03 9.133863542964138105e+03
1.854000000000000000e+03 9.144792174890199021e+03
1.855000000000000000e+03 9.148727580079317704e+03
1.856000000000000000e+03 9.163027619649958069e+03
1.857000000000000000e+03 9.158128190477458702e+03
1.858000000000000000e+03 9.159721484498591963e+03
1.859000000000000000e+03 9.176088267740602532e+03
1.860000000000000000e+03 9.158301005069213716e+03
1.861000000000000000e+03 9.156232613826665329e+03
1.862000000000000000e+03 9.204390861084832068e+03
1.863000000000000000e+03 9.207165788060538034e+03
1.864000000000000000e+03 9.169963017907570247e+03
1.865000000000000000e+03 9.175881186151404108e+03
1.866000000000000000e+03 9.176526563144714601e+03
1.867000000000000000e+03 9.160404348522826695e+03
1.868000000000000000e+03 9.178818584503669626e+03
1.869000000000000000e+03 9.149399473351864799e+03
1.870000000000000000e+03 9.159176832209246641e+03
1.871000000000000000e+03 9.172999344387095334e+03
1.872000000000000000e+03 9.196905173542303601e+03
1.873000000000000000e+03 9.205375780855818448e+03
1.874000000000000000e+03 9.222240887696059872e+03
1.875000000000000000e+03 9.237620441155722801e+03
1.876000000000000000e+03 9.242405442084869719e+03
1.877000000000000000e+03 9.238889751822769540e+03
1.878000000000000000e+03 9.218881577585270861e+03
1.879000000000000000e+03 9.228220904481462640e+03
1.880000000000000000e+03 9.232535673682474226e+03
1.881000000000000000e+03 9.242986284189842991e+03
1.882000000000000000e+03 9.246515960964190526e+03
1.883000000000000000e+03 9.258255985030617012e+03
1.884000000000000000e+03 9.287619582760746198e+03
1.885000000000000000e+03 9.260698071990434983e+03
1.886000000000000000e+03 9.265653179983282826e+03
1.887000000000000000e+03 9.248990557507153426e+03
1.888000000000000000e+03 9.268548564886814347e+03
1.889000000000000000e+03 9.305799293461863272e+03
1.890000000000000000e+03 9.327474992731456950e+03
1.891000000000000000e+03 9.310042931434414641e+03
1.892000000000000000e+03 9.332147744661735487e+03
1.893000000000000000e+03 9.321301651812842465e+03
1.894000000000000000e+03 9.331441518180979983e+03
1.895000000000000000e+03 9.361083183428654593e+03
1.896000000000000000e+03 9.365186850686966864e+03
1.897000000000000000e+03 9.381542499002785917e+03
1.898000000000000000e+03 9.344445876069486985e+03
1.899000000000000000e+03 9.356651467858469914e+03
1.900000000000000000e+03 9.364867982742071035e+03
1.901000000000000000e+03 9.395150285485919085e+03
1.902000000000000000e+03 9.398834320492465849e+03
1.903000000000000000e+03 9.424413916021852856e+03
1.904000000000000000e+03 9.437857230999568856e+03
1.905000000000000000e+03 9.443545765311182549e+03
1.906000000000000000e+03 9.384563731308089700e+03
1.907000000000000000e+03 9.396890612358918588e+03
1.908000000000000000e+03 9.430087148085700392e+03
1.909000000000000000e+03 9.386342916733938182e+03
1.910000000000000000e+03 9.379643910994234830e+03
1.911000000000000000e+03 9.393496077375268214e+03
1.912000000000000000e+03 9.420234281437849859e+03
1.913000000000000000e+03 9.443444929434272126e+03
1.914000000000000000e+03 9.446196553869964191e+03
1.915000000000000000e+03 9.437235882786857474e+03
1.916000000000000000e+03 9.433276593178932671e+03
1.917000000000000000e+03 9.416719119233117453e+03
1.918000000000000000e+03 9.431377906407211412e+03
1.919000000000000000e+03 9.451337005058458089e+03
1.920000000000000000e+03 9.439769268093548817e+03
1.921000000000000000e+03 9.449801028927444349e+03
1.922000000000000000e+03 9.453263945165263067e+03
1.923000000000000000e+03 9.443675687387230937e+03
1.924000000000000000e+03 9.456267797648657506e+03
1.925000000000000000e+03 9.442091579745077979e+03
1.926000000000000000e+03 9.453924568813359656e+03
1.927000000000000000e+03 9.451426511546773327e+03
1.928000000000000000e+03 9.441827429560729797e+03
1.929000000000000000e+03 9.461201110486450489e+03
1.930000000000000000e+03 9.481018359186678936e+03
1.931000000000000000e+03 9.464859523895442180e+03
1.932000000000000000e+03 9.474038022778418963e+03
1.933000000000000000e+03 9.471985180011672128e+03
1.934000000000000000e+03 9.498894077399996604e+03
1.935000000000000000e+03 9.502004732115587103e+03
1.936000000000000000e+03 9.492692268476168465e+03
1.937000000000000000e+03 9.487415364064989262e+03
1.938000000000000000e+03 9.521937547262104999e+03
1.939000000000000000e+03 9.518675156441100626e+03
1.940000000000000000e+03 9.533932443084439001e+03
1.941000000000000000e+03 9.524770376235113872e+03
1.942000000000000000e+03 9.546427546921415342e+03
1.943000000000000000e+03 9.565721618040641260e+03
1.944000000000000000e+03 9.583216869441110248e+03
1.945000000000000000e+03 9.564895050180881299e+03
1.946000000000000000e+03 9.563245989131646638e+03
1.947000000000000000e+03 9.579224086571222870e+03
1.948000000000000000e+03 9.581590080002548348e+03
1.949000000000000000e+03 9.594215007433356732e+03
1.950000000000000000e+03 9.600667364675739009e+03
1.951000000000000000e+03 9.607816117226759161e+03
1.952000000000000000e+03 9.599976769482498639e+03
1.953000000000000000e+03 9.617978972167529719e+03
1.954000000000000000e+03 9.605314432504850629e+03
1.955000000000000000e+03 9.601700991148507455e+03
1.956000000000000000e+03 9.613347950428560580e+03
1.957000000000000000e+03 9.596747010608243727e+03
1.958000000000000000e+03 9.606531813594265259e+03
1.959000000000000000e+03 9.648219630086583493e+03
1.960000000000000000e+03 9.650816479215560321e+03
1.961000000000000000e+03 9.682781962635765012e+03
1.962000000000000000e+03 9.712717466919557410e+03
1.963000000000000000e+03 9.720218930988525244e+03
1.964000000000000000e+03 9.717496014046104392e+03
1.965000000000000000e+03 9.732216626131725207e+03
1.966000000000000000e+03 9.722288404148344853e+03
1.967000000000000000e+03 9.690487327919785457e+03
1.968000000000000000e+03 9.699707623084232182e+03
1.969000000000000000e+03 9.686503437478351771e+03
1.970000000000000000e+03 9.676304109480503030e+03
1.971000000000000000e+03 9.723795794730674970e+03
1.972000000000000000e+03 9.723360252475598827e+03
1.973000000000000000e+03 9.742760047943991594e+03
1.974000000000000000e+03 9.763682434355790974e+03
1.975000000000000000e+03 9.743996466228303689e+03
1.976000000000000000e+03 9.763419788916047764e+03
1.977000000000000000e+03 9.765948238973523985e+03
1.978000000000000000e+03 9.728815804263549580e+03
1.979000000000000000e+03 9.730158826979217338e+03
1.980000000000000000e+03 9.752099944996061822e+03
1.981000000000000000e+03 9.755899260692558528e+03
1.982000000000000000e+03 9.748088176232364276e+03
1.983000000000000000e+03 9.702785901559151171e+03
1.984000000000000000e+03 9.718269321838404721e+03
1.985000000000000000e+03 9.746582226227172214e+03
1.986000000000000000e+03 9.745942116697633537e+03
1.987000000000000000e+03 9.772282433406588098e+03
1.988000000000000000e+03 9.760585169784342725e+03
1.989000000000000000e+03 9.755894299927638713e+03
1.990000000000000000e+03 9.746883365875495656e+03
1.991000000000000000e+03 9.760668709456364013e+03
1.992000000000000000e+03 9.737796073692155915e+03
1.993000000000000000e+03 9.748824575843591447e+03
1.994000000000000000e+03 9.745426986061553180e+03
1.995000000000000000e+03 9.763237560267685694e+03
1.996000000000000000e+03 9.773236274531909658e+03
1.997000000000000000e+03 9.784960192501350321e+03
1.998000000000000000e+03 9.776035095031153105e+03
1.999000000000000000e+03 9.760251492372919529e+03
2.000000000000000000e+03 9.757971934237337337e+03
2.001000000000000000e+03 9.778539069723312423e+03
2.002000000000000000e+03 9.792952279991823161e+03
2.003000000000000000e+03 9.808795376792742900e+03
2.004000000000000000e+03 9.824415454971627696e+03
2.005000000000000000e+03 9.834693316915368996e+03
2.006000000000000000e+03 9.813036154808949505e+03
2.007000000000000000e+03 9.821149679093201485e+03
2.008000000000000000e+03 9.808888159064379579e+03
2.009000000000000000e+03 9.810731838741381580e+03
2.010000000000000000e+03 9.837320686676486730e+03
2.011000000000000000e+03 9.847738766668811877e+03
2.012000000000000000e+03 9.839188921019409463e+03
2.013000000000000000e+03 9.853830431462922206e+03
2.014000000000000000e+03 9.869010061884071547e+03
2.015000000000000000e+03 9.852415238945281089e+03
2.016000000000000000e+03 9.850664432599900465e+03
2.017000000000000000e+03 9.855110399305844112e+03
2.018000000000000000e+03 9.872810237132243856e+03
2.019000000000000000e+03 9.872240645228306676e+03
2.020000000000000000e+03 9.889708375218539004e+03
2.021000000000000000e+03 9.878115576578007676e+03
2.022000000000000000e+03 9.879895400337016326e+03
2.023000000000000000e+03 9.867528086547050407e+03
2.024000000000000000e+03 9.870656547251095617e+03
2.025000000000000000e+03 9.876905751616759517e+03
2.026000000000000000e+03 9.896533308115898762e+03
2.027000000000000000e+03 9.890818475812271572e+03
2.028000000000000000e+03 9.887430323405891613e+03
2.029000000000000000e+03 9.889559082089957883e+03
2.030000000000000000e+03 9.879028616845402212e+03
2.031000000000000000e+03 9.912388244346999272e+03
2.032000000000000000e+03 9.913512719031465167e+03
2.033000000000000000e+03 9.916386632048221145e+03
2.034000000000000000e+03 9.899501851873887063e+03
2.035000000000000000e+03 9.896986897674691136e+03
2.036000000000000000e+03 9.902786488881187324e+03
2.037000000000000000e+03 9.922732100314527997e+03
2.038000000000000000e+03 9.913339674054886927e+03
2.039000000000000000e+03 9.939607471861170779e+03
2.040000000000000000e+03 9.944643312925594728e+03
2.041000000000000000e+03 9.948504422111727763e+03
2.042000000000000000e+03 9.943013880960863389e+03
2.043000000000000000e+03 9.985535791523792795e+03
2.044000000000000000e+03 1.001948134883001330e+04
2.045000000000000000e+03 1.000711341853511658e+04
2.046000000000000000e+03 9.990544130152900834e+03
2.047000000000000000e+03 1.001397452296843039e+04
2.048000000000000000e+03 1.000580791541967119e+04
2.049000000000000000e+03 1.000230284474927612e+04
2.050000000000000000e+03 1.000260352237674670e+04
2.051000000000000000e+03 1.000229212608703347e+04
2.052000000000000000e+03 1.000619933921409211e+04
2.053000000000000000e+03 1.000924193495974396e+04
2.054000000000000000e+03 9.998477856247011005e+03
2.055000000000000000e+03 1.000730261787330892e+04
2.056000000000000000e+03 9.999411039465683643e+03
2.057000000000000000e+03 1.001496457356161227e+04
2.058000000000000000e+03 1.004797502945267115e+04
2.059000000000000000e+03 1.003642814534715944e+04
2.060000000000000000e+03 1.004408033789011643e+04
2.061000000000000000e+03 1.005212688752312715e+04
2.062000000000000000e+03 1.008009824509781902e+04
2.063000000000000000e+03 1.006725647913201101e+04
2.064000000000000000e+03 1.006987211758430567e+04
2.065000000000000000e+03 1.008361893242391852e+04
2.066000000000000000e+03 1.008217393776277822e+04
2.067000000000000000e+03 1.009288451297987922e+04
2.068000000000000000e+03 1.010711490512947239e+04
2.069000000000000000e+03 1.009642538612858516e+04
2.070000000000000000e+03 1.013512907146796715e+04
2.071000000000000000e+03 1.014378368958616738e+04
2.072000000000000000e+03 1.014319165615650491e+04
2.073000000000000000e+03 1.013200287172094613e+04
2.074000000000000000e+03 1.012888022896750044e+04
2.075000000000000000e+03 1.014615329542358450e+04
2.076000000000000000e+03 1.017191030076641982e+04
2.077000000000000000e+03 1.016175964683514030e+04
2.078000000000000000e+03 1.015111485720729979e+04
2.079000000000000000e+03 1.014376373554420934e+04
2.080000000000000000e+03 1.016144150330813500e+04
2.081000000000000000e+03 1.014744776810031908e+04
2.082000000000000000e+03 1.014198778504085931e+04
2.083000000000000000e+03 1.015195375704182516e+04
2.084000000000000000e+03 1.016274562860441620e+04
2.085000000000000000e+03 1.016297049569828596e+04
2.086000000000000000e+03 1.019835364604236747e+04
2.087000000000000000e+03 1.019933407104114121e+04
2.088000000000000000e+03 1.018278120859836054e+04
2.089000000000000000e+03 1.019481202875895724e+04
2.090000000000000000e+03 1.019496357163424000e+04
2.091000000000000000e+03 1.022833400523443925e+04
2.092000000000000000e+03 1.021297023165153041e+04
2.093000000000000000e+03 1.020775516235074792e+04
2.094000000000000000e+03 1.023996052828917709e+04
2.095000000000000000e+03 1.023027621026891029e+04
2.096000000000000000e+03 1.023004802095266677e+04
2.097000000000000000e+03 1.024860624234298484e+04
2.098000000000000000e+03 1.025864855918732974e+04
2.099000000000000000e+03 1.026189440210365137e+04
2.100000000000000000e+03 1.024701214809855810e+04
2.101000000000000000e+03 1.024541315723651314e+04
2.102000000000000000e+03 1.023957654696304598e+04
2.103000000000000000e+03 1.024428674805199444e+04
2.104000000000000000e+03 1.024906425063530332e+04
2.105000000000000000e+03 1.022710818026207016e+04
2.106000000000000000e+03 1.020952964775793407e+04
2.107000000000000000e+03 1.021804005242304265e+04
2.108000000000000000e+03 1.023651271595781509e+04
2.109000000000000000e+03 1.024545873690136796e+04
2.110000000000000000e+03 1.027554038913028307e+04
2.111000000000000000e+03 1.028965868564470111e+04
2.112000000000000000e+03 1.027979222422803650e+04
2.113000000000000000e+03 1.027253750019227482e+04
2.114000000000000000e+03 1.029000764892585539e+04
2.115000000000000000e+03 1.032100150614370250e+04
2.116000000000000000e+03 1.033196169170229041e+04
2.117000000000000000e+03 1.035324975681823526e+04
2.118000000000000000e+03 1.032559810338193347e+04
2.119000000000000000e+03 1.032557023412916533e+04
2.120000000000000000e+03 1.031376010713908363e+04
2.121000000000000000e+03 1.030751372852375243e+04
2.122000000000000000e+03 1.029933246011409574e+04
2.123000000000000000e+03 1.030106948536167693e+04
2.124000000000000000e+03 1.031337539588278196e+04
2.125000000000000000e+03 1.031388079832496987e+04
2.126000000000000000e+03 1.032263600201086592e+04
2.127000000000000000e+03 1.031995800311832500e+04
2.128000000000000000e+03 1.033934720174615177e+04
2.129000000000000000e+03 1.037379922984745281e+04
2.130000000000000000e+03 1.036934433201357388e+04
2.131000000000000000e+03 1.038063715428649084e+04
2.132000000000000000e+03 1.040766648354439167e+04
2.133000000000000000e+03 1.039769281087000491e+04
2.134000000000000000e+03 1.042542288064612694e+04
2.135000000000000000e+03 1.044278916424384443e+04
2.136000000000000000e+03 1.044140923097369705e+04
2.137000000000000000e+03 1.046142666086116697e+04
2.138000000000000000e+03 1.046483936824145712e+04
2.139000000000000000e+03 1.048023293044590901e+04
2.140000000000000000e+03 1.046853874528254892e+04
2.141000000000000000e+03 1.043084864649104384e+04
2.142000000000000000e+03 1.042096748144509002e+04
2.143000000000000000e+03 1.044257143334436296e+04
2.144000000000000000e+03 1.043343999199690734e+04
2.145000000000000000e+03 1.046042344528154717e+04
2.146000000000000000e+03 1.049426462757472109e+04
2.147000000000000000e+03 1.049522012093975172e+04
2.148000000000000000e+03 1.051426127661716600e+04
2.149000000000000000e+03 1.050426245634554652e+04
2.150000000000000000e+03 1.050892993569739519e+04
2.151000000000000000e+03 1.051337103280269730e+04
2.152000000000000000e+03 1.051549771243564464e+04
2.153000000000000000e+03 1.050707289186872185e+04
2.154000000000000000e+03 1.053622794647587762e+04
2.155000000000000000e+03 1.056645622424195244e+04
2.156000000000000000e+03 1.058029122710849697e+04
2.157000000000000000e+03 1.058946790951268304e+04
2.158000000000000000e+03 1.060815703521393152e+04
2.159000000000000000e+03 1.062104862594349834e+04
2.160000000000000000e+03 1.060591022688236262e+04
2.161000000000000000e+03 1.061309610007035553e+04
2.162000000000000000e+03 1.062340212666854131e+04
2.163000000000000000e+03 1.065292376174517449e+04
2.164000000000000000e+03 1.065793495041648384e+04
2.165000000000000000e+03 1.068584073677163724e+04
2.166000000000000000e+03 1.069426782653372902e+04
2.167000000000000000e+03 1.072226228489073947e+04
2.168000000000000000e+03 1.074190695352844887e+04
2.169000000000000000e+03 1.072772409221177077e+04
2.170000000000000000e+03 1.071647775802892829e+04
2.171000000000000000e+03 1.070116336668179974e+04
2.172000000000000000e+03 1.071430811998945319e+04
2.173000000000000000e+03 1.076337796771088324e+04
2.174000000000000000e+03 1.078885787965216696e+04
2.175000000000000000e+03 1.079541172429881590e+04
2.176000000000000000e+03 1.078337221144915384e+04
2.177000000000000000e+03 1.080583005375694847e+04
2.178000000000000000e+03 1.082019571601129792e+04
2.179000000000000000e+03 1.082560570461435782e+04
2.180000000000000000e+03 1.081100793403783427e+04
2.181000000000000000e+03 1.081006655356396186e+04
2.182000000000000000e+03 1.083396196870300628e+04
2.183000000000000000e+03 1.082465909578936225e+04
2.184000000000000000e+03 1.082897147429035431e+04
2.185000000000000000e+03 1.085011907411317043e+04
2.186000000000000000e+03 1.086443009654164234e+04
2.187000000000000000e+03 1.087840967200209343e+04
2.188000000000000000e+03 1.090662969336465176e+04
2.189000000000000000e+03 1.090102871993591179e+04
2.190000000000000000e+03 1.089842186978320751e+04
2.191000000000000000e+03 1.088589117610584799e+04
2.192000000000000000e+03 1.088740611058113973e+04
2.193000000000000000e+03 1.087430606758581234e+04
2.194000000000000000e+03 1.088123640339796293e+04
2.195000000000000000e+03 1.087994298610160331e+04
2.196000000000000000e+03 1.087453141948948178e+04
2.197000000000000000e+03 1.089467283349505124e+04
2.198000000000000000e+03 1.089367888594374017e+04
2.199000000000000000e+03 1.093695605292050459e+04
2.200000000000000000e+03 1.097504528657272749e+04
2.201000000000000000e+03 1.097475670951439497e+04
2.202000000000000000e+03 1.099237017121913777e+04
2.203000000000000000e+03 1.098632015375488845e+04
2.204000000000000000e+03 1.099427910761741623e+04
2.205000000000000000e+03 1.099260698262414371e+04
2.206000000000000000e+03 1.097638510532190594e+04
2.207000000000000000e+03 1.097312255248654583e+04
2.208000000000000000e+03 1.097544077948852464e+04
2.209000000000000000e+03 1.096834699860199726e+04
2.210000000000000000e+03 1.098349444431696065e+04
2.211000000000000000e+03 1.100740595320415378e+04
2.212000000000000000e+03 1.098548505327527164e+04
2.213000000000000000e+03 1.099809736084551696e+04
2.214000000000000000e+03 1.100215904237810901e+04
2.215000000000000000e+03 1.100363102785395859e+04
2.216000000000000000e+03 1.101453375766066347e+04
2.217000000000000000e+03 1.101410847596359417e+04
2.218000000000000000e+03 1.104139987358661165e+04
2.219000000000000000e+03 1.103304943516778803e+04
2.220000000000000000e+03 1.109416295607237771e+04
2.221000000000000000e+03 1.111683692446075656e+04
2.222000000000000000e+03 1.109864096065824197e+04
2.223000000000000000e+03 1.111040954439741290e+04
2.224000000000000000e+03 1.112465259250036252e+04
2.225000000000000000e+03 1.117132835561176034e+04
2.226000000000000000e+03 1.120931303439550720e+04
2.227000000000000000e+03 1.120745728286332087e+04
2.228000000000000000e+03 1.122652262192813214e+04
2.229000000000000000e+03 1.119331742125240817e+04
2.230000000000000000e+03 1.117437994355664705e+04
2.231000000000000000e+03 1.120197186916444844e+04
2.232000000000000000e+03 1.123998257084418219e+04
2.233000000000000000e+03 1.122377090226396103e+04
2.234000000000000000e+03 1.121667120511188477e+04
2.235000000000000000e+03 1.119260995737616213e+04
2.236000000000000000e+03 1.116611508547792619e+04
2.237000000000000000e+03 1.118533203536619840e+04
2.238000000000000000e+03 1.116538322386445543e+04
2.239000000000000000e+03 1.117819564102056029e+04
2.240000000000000000e+03 1.119016345932101649e+04
2.241000000000000000e+03 1.119869895212882329e+04
2.242000000000000000e+03 1.119080132299831166e+04
2.243000000000000000e+03 1.116105985146155581e+04
2.244000000000000000e+03 1.117198394539043329e+04
2.245000000000000000e+03 1.117152772821099097e+04
2.246000000000000000e+03 1.117888595289990008e+04
2.247000000000000000e+03 1.118978352159789392e+04
2.248000000000000000e+03 1.121883276246683272e+04
2.249000000000000000e+03 1.125126864630865930e+04
2.250000000000000000e+03 1.126736941726162331e+04
2.251000000000000000e+03 1.125993472678258331e+04
2.252000000000000000e+03 1.127098678234611543e+04
2.253000000000000000e+03 1.129182433033425878e+04
2.254000000000000000e+03 1.124921142856225924e+04
2.255000000000000000e+03 1.123683473000544836e+04
2.256000000000000000e+03 1.125619681321624921e+04
2.257000000000000000e+03 1.125232495807386294e+04
2.258000000000000000e+03 1.126060279144081505e+04
2.259000000000000000e+03 1.127540179161322521e+04
2.260000000000000000e+03 1.125646015538293250e+04
2.261000000000000000e+03 1.125873267198943904e+04
2.262000000000000000e+03 1.126320248018728125e+04
2.263000000000000000e+03 1.127607049812008154e+04
2.264000000000000000e+03 1.130184405377669646e+04
2.265000000000000000e+03 1.131629026331336172e+04
2.266000000000000000e+03 1.133358329085172772e+04
2.267000000000000000e+03 1.133900616299569629e+04
2.268000000000000000e+03 1.129224375230049918e+04
2.269000000000000000e+03 1.129540939895295378e+04
2.270000000000000000e+03 1.130637908099552624e+04
2.271000000000000000e+03 1.132797741647198563e+04
2.272000000000000000e+03 1.134103016843373916e+04
2.273000000000000000e+03 1.137984220394958720e+04
2.274000000000000000e+03 1.135876715798822261e+04
2.275000000000000000e+03 1.132105757943017306e+04
2.276000000000000000e+03 1.129578323478409220e+04
2.277000000000000000e+03 1.129721978299749571e+04
2.278000000000000000e+03 1.130457762960384571e+04
2.279000000000000000e+03 1.131922057446239523e+04
2.280000000000000000e+03 1.133794186383375927e+04
2.281000000000000000e+03 1.140918044261469549e+04
2.282000000000000000e+03 1.139168988498464751e+04
2.283000000000000000e+03 1.141732308032376932e+04
2.284000000000000000e+03 1.141762523228547252e+04
2.285000000000000000e+03 1.141405694199679601e+04
2.286000000000000000e+03 1.140209963924093790e+04
2.287000000000000000e+03 1.137737487290540412e+04
2.288000000000000000e+03 1.138572692545663995e+04
2.289000000000000000e+03 1.140992521042362750e+04
2.290000000000000000e+03 1.140759549439860893e+04
2.291000000000000000e+03 1.135838191882775754e+04
2.292000000000000000e+03 1.135310150060773231e+04
2.293000000000000000e+03 1.136447027521376731e+04
2.294000000000000000e+03 1.139247421966034563e+04
2.295000000000000000e+03 1.138604012328319914e+04
2.296000000000000000e+03 1.137452668237164471e+04
2.297000000000000000e+03 1.137173745820329896e+04
2.298000000000000000e+03 1.133447775256237219e+04
2.299000000000000000e+03 1.132977776204688780e+04
2.300000000000000000e+03 1.134410727241070708e+04
2.301000000000000000e+03 1.134590194892152613e+04
2.302000000000000000e+03 1.138141287047539117e+04
2.303000000000000000e+03 1.139559457605963871e+04
2.304000000000000000e+03 1.138092855444668567e+04
2.305000000000000000e+03 1.138562732297628281e+04
2.306000000000000000e+03 1.140475951542330949e+04
2.307000000000000000e+03 1.142654346982127936e+04
2.308000000000000000e+03 1.141664098418936192e+04
2.309000000000000000e+03 1.139947376539085781e+04
2.310000000000000000e+03 1.140729068296941477e+04
2.311000000000000000e+03 1.139961997832253655e+04
2.312000000000000000e+03 1.142171985311069693e+04
2.313000000000000000e+03 1.144496989050518823e+04
2.314000000000000000e+03 1.144281615268469977e+04
2.315000000000000000e+03 1.142853572489340513e+04
2.316000000000000000e+03 1.144441114748022301e+04
2.317000000000000000e+03 1.145369678995102913e+04
2.318000000000000000e+03 1.147640034332034884e+04
2.319000000000000000e+03 1.147884096905681326e+04
2.320000000000000000e+03 1.144667597922067034e+04
2.321000000000000000e+03 1.144884301550984856e+04
2.322000000000000000e+03 1.146289112186760576e+04
2.323000000000000000e+03 1.149045411021001746e+04
2.324000000000000000e+03 1.149552473982443007e+04
2.325000000000000000e+03 1.147746552175451689e+04
2.326000000000000000e+03 1.145935641821303943e+04
2.327000000000000000e+03 1.144150108658298632e+04
2.328000000000000000e+03 1.148140178308943541e+04
2.329000000000000000e+03 1.148253921298227397e+04
2.330000000000000000e+03 1.147343637671078977e+04
2.331000000000000000e+03 1.144792440591761260e+04
2.332000000000000000e+03 1.145048640006617279e+04
2.333000000000000000e+03 1.146197745962649060e+04
2.334000000000000000e+03 1.143729850629984685e+04
2.335000000000000000e+03 1.141431461747404319e+04
2.336000000000000000e+03 1.141750250630556729e+04
2.337000000000000000e+03 1.140558686741620659e+04
2.338000000000000000e+03 1.142243906662806512e+04
2.339000000000000000e+03 1.143439319218839046e+04
2.340000000000000000e+03 1.145111415388004389e+04
2.341000000000000000e+03 1.144745684777866336e+04
2.342000000000000000e+03 1.146199076998036617e+04
2.343000000000000000e+03 1.148862108069331407e+04
2.344000000000000000e+03 1.151131715727269511e+04
2.345000000000000000e+03 1.152068792736051364e+04
2.346000000000000000e+03 1.155152219044873345e+04
2.347000000000000000e+03 1.151705509255448487e+04
2.348000000000000000e+03 1.154020176996630471e+04
2.349000000000000000e+03 1.154998392664102539e+04
2.350000000000000000e+03 1.155099739584830968e+04
2.351000000000000000e+03 1.156050630432773323e+04
2.352000000000000000e+03 1.157253791902426383e+04
2.353000000000000000e+03 1.158498219863717713e+04
2.354000000000000000e+03 1.160094046266165424e+04
2.355000000000000000e+03 1.161604137313670981e+04
2.356000000000000000e+03 1.160838469944648932e+04
2.357000000000000000e+03 1.160311554078396148e+04
2.358000000000000000e+03 1.162934607668350509e+04
2.359000000000000000e+03 1.163146965343571537e+04
2.360000000000000000e+03 1.164210870930841884e+04
2.361000000000000000e+03 1.162910502627332608e+04
2.362000000000000000e+03 1.163829567106368449e+04
2.363000000000000000e+03 1.162190817687766503e+04
2.364000000000000000e+03 1.165989763583656168e+04
2.365000000000000000e+03 1.166645854516502186e+04
2.366000000000000000e+03 1.168837929337994319e+04
2.367000000000000000e+03 1.169419446200063794e+04
2.368000000000000000e+03 1.171607599540731098e+04
2.369000000000000000e+03 1.172146130828286550e+04
2.370000000000000000e+03 1.172972566238983018e+04
2.371000000000000000e+03 1.170953988649099665e+04
2.372000000000000000e+03 1.169374840759440667e+04
2.373000000000000000e+03 1.167795567084934737e+04
2.374000000000000000e+03 1.169329313986571651e+04
2.375000000000000000e+03 1.170156789372248750e+04
2.376000000000000000e+03 1.171480448412925398e+04
2.377000000000000000e+03 1.170520200712591941e+04
2.378000000000000000e+03 1.170210976734985707e+04
2.379000000000000000e+03 1.173046254535553271e+04
2.380000000000000000e+03 1.170917074016919833e+04
2.381000000000000000e+03 1.172847644683876933e+04
2.382000000000000000e+03 1.172661695295047321e+04
2.383000000000000000e+03 1.171504223196801649e+04
2.384000000000000000e+03 1.171687114450852459e+04
2.385000000000000000e+03 1.172681666262325234e+04
2.386000000000000000e+03 1.175804603269773543e+04
2.387000000000000000e+03 1.178468907337046039e+04
2.388000000000000000e+03 1.178539013585663997e+04
2.389000000000000000e+03 1.179811706190950281e+04
2.390000000000000000e+03 1.179961665935342535e+04
2.391000000000000000e+03 1.178129983341035404e+04
2.392000000000000000e+03 1.175840697188963895e+04
2.393000000000000000e+03 1.179558956471229430e+04
2.394000000000000000e+03 1.179829323036969618e+04
2.395000000000000000e+03 1.180259921153510732e+04
2.396000000000000000e+03 1.181197720622634733e+04
2.397000000000000000e+03 1.182663668421248440e+04
2.398000000000000000e+03 1.187882578824582379e+04
2.399000000000000000e+03 1.184702820843276822e+04
2.400000000000000000e+03 1.184430817328575540e+04
2.401000000000000000e+03 1.181909727956337883e+04
2.402000000000000000e+03 1.185191049224084600e+04
2.403000000000000000e+03 1.182902332076556013e+04
2.404000000000000000e+03 1.182707705568130586e+04
2.405000000000000000e+03 1.180285121698094736e+04
2.406000000000000000e+03 1.179326372140751664e+04
2.407000000000000000e+03 1.180507141890721141e+04
2.408000000000000000e+03 1.181469292591379235e+04
2.409000000000000000e+03 1.181880575039152609e+04
2.410000000000000000e+03 1.182863001034764238e+04
2.411000000000000000e+03 1.184693887115844336e+04
2.412000000000000000e+03 1.188929636348642089e+04
2.413000000000000000e+03 1.187845598983926902e+04
2.414000000000000000e+03 1.186396740717375542e+04
2.415000000000000000e+03 1.187764958556788042e+04
2.416000000000000000e+03 1.185388382725458541e+04
2.417000000000000000e+03 1.186170635539123214e+04
2.418000000000000000e+03 1.184201095754864400e+04
2.419000000000000000e+03 1.185691593906620619e+04
2.420000000000000000e+03 1.187633841050449155e+04
2.421000000000000000e+03 1.187011310427215540e+04
2.422000000000000000e+03 1.186460975964315548e+04
2.423000000000000000e+03 1.186266621186243356e+04
2.424000000000000000e+03 1.187739916282971171e+04
2.425000000000000000e+03 1.192127210929380999e+04
2.426000000000000000e+03 1.196695316472953527e+04
2.427000000000000000e+03 1.196508219519358863e+04
2.428000000000000000e+03 1.193789989333798803e+04
2.429000000000000000e+03 1.193900853539031959e+04
2.430000000000000000e+03 1.194864781220904842e+04
2.431000000000000000e+03 1.195355713801779530e+04
2.432000000000000000e+03 1.194532791045059457e+04
2.433000000000000000e+03 1.197142122373829625e+04
2.434000000000000000e+03 1.197600003188215305e+04
2.435000000000000000e+03 1.198597569782465507e+04
2.436000000000000000e+03 1.200047923613388957e+04
2.437000000000000000e+03 1.201033552232702823e+04
2.438000000000000000e+03 1.203043626861831945e+04
2.439000000000000000e+03 1.205695744879728591e+04
2.440000000000000000e+03 1.206540455143624968e+04
2.441000000000000000e+03 1.206313801206168682e+04
2.442000000000000000e+03 1.207296544274343796e+04
2.443000000000000000e+03 1.209908852700346142e+04
2.444000000000000000e+03 1.211371723950153864e+04
2.445000000000000000e+03 1.214718463607362719e+04
2.446000000000000000e+03 1.216616761640008190e+04
2.447000000000000000e+03 1.213608504349218674e+04
2.448000000000000000e+03 1.214726988044557947e+04
2.449000000000000000e+03 1.213469986922455792e+04
2.450000000000000000e+03 1.215298844821900275e+04
2.451000000000000000e+03 1.217264294718265046e+04
2.452000000000000000e+03 1.214136806538848941e+04
2.453000000000000000e+03 1.216889944624005511e+04
2.454000000000000000e+03 1.216505787247944318e+04
2.455000000000000000e+03 1.214475850391675522e+04
2.456000000000000000e+03 1.213790864081354448e+04
2.457000000000000000e+03 1.215723247577888105e+04
2.458000000000000000e+03 1.215507892197898400e+04
2.459000000000000000e+03 1.215909189360640994e+04
2.460000000000000000e+03 1.218861446243787759e+04
2.461000000000000000e+03 1.221158523052508281e+04
2.462000000000000000e+03 1.222564256704454965e+04
2.463000000000000000e+03 1.223773101001487521e+04
2.464000000000000000e+03 1.221849605419036379e+04
2.465000000000000000e+03 1.222512139400777414e+04
2.466000000000000000e+03 1.222521638390761109e+04
2.467000000000000000e+03 1.224542097384683257e+04
2.468000000000000000e+03 1.222828225904505780e+04
2.469000000000000000e+03 1.221216551972719571e+04
2.470000000000000000e+03 1.222468956248252653e+04
2.471000000000000000e+03 1.221246910639546695e+04
2.472000000000000000e+03 1.221682414880524630e+04
2.473000000000000000e+03 1.220971407488756995e+04
2.474000000000000000e+03 1.222570388832770004e+04
2.475000000000000000e+03 1.223756033394921906e+04
2.476000000000000000e+03 1.224419857278548443e+04
2.477000000000000000e+03 1.224937355380483314e+04
2.478000000000000000e+03 1.227759005898227224e+04
2.479000000000000000e+03 1.226705659332407231e+04
2.480000000000000000e+03 1.224725286979956581e+04
2.481000000000000000e+03 1.226550596686520112e+04
2.482000000000000000e+03 1.226610229728894228e+04
2.483000000000000000e+03 1.228467814816764803e+04
2.484000000000000000e+03 1.226649303477912690e+04
2.485000000000000000e+03 1.229460611453139973e+04
2.486000000000000000e+03 1.231618165585743918e+04
2.487000000000000000e+03 1.232931093531171064e+04
2.488000000000000000e+03 1.233472210808374439e+04
2.489000000000000000e+03 1.231149290772751374e+04
2.490000000000000000e+03 1.231160797424911652e+04
2.491000000000000000e+03 1.232157881709339563e+04
2.492000000000000000e+03 1.229109657906594839e+04
2.493000000000000000e+03 1.229145993298057510e+04
2.494000000000000000e+03 1.230883761073786991e+04
2.495000000000000000e+03 1.233694326046087190e+04
2.496000000000000000e+03 1.231305117080835771e+04
2.497000000000000000e+03 1.231665842742228961e+04
2.498000000000000000e+03 1.233116660182942724e+04
2.499000000000000000e+03 1.230713607878467337e+04
2.500000000000000000e+03 1.230094104298332604e+04
2.501000000000000000e+03 1.231382866271197599e+04
2.502000000000000000e+03 1.230420058446315306e+04
2.503000000000000000e+03 1.228814879825373464e+04
2.504000000000000000e+03 1.232923295641837467e+04
2.505000000000000000e+03 1.231100959382732799e+04
2.506000000000000000e+03 1.233693797415105473e+04
2.507000000000000000e+03 1.235380701210934058e+04
2.508000000000000000e+03 1.238302810997754204e+04
2.509000000000000000e+03 1.239467724536403330e+04
2.510000000000000000e+03 1.239332887005397970e+04
2.511000000000000000e+03 1.239843679305557271e+04
2.512000000000000000e+03 1.241086889326860000e+04
2.513000000000000000e+03 1.240343769743951816e+04
2.514000000000000000e+03 1.241276710012702824e+04
2.515000000000000000e+03 1.242138501900539450e+04
2.516000000000000000e+03 1.240864709653104910e+04
2.517000000000000000e+03 1.239819917239732058e+04
2.518000000000000000e+03 1.239039705067668365e+04
2.519000000000000000e+03 1.241117111620621654e+04
2.520000000000000000e+03 1.242149697078501231e+04
2.521000000000000000e+03 1.241534074935627541e+04
2.522000000000000000e+03 1.240535921848797261e+04
2.523000000000000000e+03 1.240109253170627562e+04
2.524000000000000000e+03 1.239742009246215275e+04
2.525000000000000000e+03 1.238711907053198229e+04
2.526000000000000000e+03 1.235820568747230573e+04
2.527000000000000000e+03 1.236663590358570582e+04
2.528000000000000000e+03 1.235912817401105167e+04
2.529000000000000000e+03 1.237822454483314687e+04
2.530000000000000000e+03 1.235141881457149429e+04
2.531000000000000000e+03 1.236964401730426653e+04
2.532000000000000000e+03 1.238092863097585359e+04
2.533000000000000000e+03 1.239187530379750388e+04
2.534000000000000000e+03 1.237999078461601312e+04
2.535000000000000000e+03 1.239789472974850833e+04
2.536000000000000000e+03 1.240742097573877618e+04
2.537000000000000000e+03 1.241915407258954292e+04
2.538000000000000000e+03 1.243293264711984557e+04
2.539000000000000000e+03 1.241730755399289592e+04
2.540000000000000000e+03 1.244158557508502236e+04
2.541000000000000000e+03 1.245820380765921800e+04
2.542000000000000000e+03 1.247885330421396793e+04
2.543000000000000000e+03 1.247448421787279040e+04
2.544000000000000000e+03 1.249894057637531296e+04
2.545000000000000000e+03 1.250823727213461825e+04
2.546000000000000000e+03 1.250911840246098291e+04
2.547000000000000000e+03 1.250527115569427042e+04
2.548000000000000000e+03 1.251637297544088324e+04
2.549000000000000000e+03 1.250976495099361819e+04
2.550000000000000000e+03 1.249824258803641169e+04
2.551000000000000000e+03 1.249162638901049468e+04
2.552000000000000000e+03 1.250316236225672583e+04
2.553000000000000000e+03 1.249363904953596466e+04
2.554000000000000000e+03 1.249858840846629937e+04
2.555000000000000000e+03 1.249794361417640721e+04
2.556000000000000000e+03 1.252304556278905329e+04
2.557000000000000000e+03 1.256306661842658286e+04
2.558000000000000000e+03 1.258601977191602236e+04
2.559000000000000000e+03 1.255861304698932690e+04
2.560000000000000000e+03 1.256407077098455375e+04
2.561000000000000000e+03 1.257482035013254790e+04
2.562000000000000000e+03 1.255796363212874712e+04
2.563000000000000000e+03 1.258186816532452758e+04
2.564000000000000000e+03 1.258170681707269068e+04
2.565000000000000000e+03 1.256828628091540486e+04
2.566000000000000000e+03 1.257363493180573823e+04
2.567000000000000000e+03 1.259894636841582542e+04
2.568000000000000000e+03 1.262023335573702934e+04
2.569000000000000000e+03 1.260392977439377501e+04
2.570000000000000000e+03 1.256119289540613136e+04
2.571000000000000000e+03 1.257717360029449992e+04
2.572000000000000000e+03 1.257588554407263473e+04
2.573000000000000000e+03 1.260511018228494686e+04
2.574000000000000000e+03 1.260643720384615517e+04
2.575000000000000000e+03 1.259409272677130866e+04
2.576000000000000000e+03 1.262393325062522126e+04
2.577000000000000000e+03 1.261850580699212878e+04
2.578000000000000000e+03 1.261782251579220792e+04
2.579000000000000000e+03 1.261964118451279865e+04
2.580000000000000000e+03 1.259456395032302134e+04
2.581000000000000000e+03 1.258229784846657094e+04
2.582000000000000000e+03 1.259261806659385729e+04
2.583000000000000000e+03 1.258699500180921859e+04
2.584000000000000000e+03 1.263662440623267321e+04
2.585000000000000000e+03 1.265775630615024602e+04
2.586000000000000000e+03 1.265392502533286824e+04
2.587000000000000000e+03 1.268714674165359065e+04
2.588000000000000000e+03 1.269117394221484756e+04
2.589000000000000000e+03 1.272583221250475799e+04
2.590000000000000000e+03 1.275423365722673407e+04
2.591000000000000000e+03 1.278410749019823743e+04
2.592000000000000000e+03 1.278659658049722020e+04
2.593000000000000000e+03 1.277208609023194367e+04
2.594000000000000000e+03 1.276170134968153980e+04
2.595000000000000000e+03 1.275566187597919634e+04
2.596000000000000000e+03 1.277637884541887979e+04
2.597000000000000000e+03 1.279580673155151089e+04
2.598000000000000000e+03 1.277399881631529934e+04
2.599000000000000000e+03 1.278136062532104734e+04
2.600000000000000000e+03 1.279853369266399932e+04
2.601000000000000000e+03 1.278621348231724733e+04
2.602000000000000000e+03 1.279897476370980985e+04
2.603000000000000000e+03 1.279828027701845349e+04
2.604000000000000000e+03 1.281881337269350843e+04
2.605000000000000000e+03 1.284555168280245744e+04
2.606000000000000000e+03 1.289742194104466944e+04
2.607000000000000000e+03 1.291217996230323661e+04
2.608000000000000000e+03 1.289053271342504922e+04
2.609000000000000000e+03 1.289226509875483316e+04
2.610000000000000000e+03 1.291991203589718862e+04
2.611000000000000000e+03 1.292869413828226971e+04
2.612000000000000000e+03 1.292824679535302676e+04
2.613000000000000000e+03 1.292917724124486449e+04
2.614000000000000000e+03 1.294966564999189723e+04
2.615000000000000000e+03 1.291369157702909433e+04
2.616000000000000000e+03 1.290483738137489672e+04
2.617000000000000000e+03 1.291204947557627565e+04
2.618000000000000000e+03 1.293876825041542179e+04
2.619000000000000000e+03 1.291750130398183683e+04
2.620000000000000000e+03 1.294235838987243551e+04
2.621000000000000000e+03 1.296607037200524610e+04
2.622000000000000000e+03 1.298493921640026565e+04
2.623000000000000000e+03 1.301918371334188669e+04
2.624000000000000000e+03 1.305819225749448378e+04
2.625000000000000000e+03 1.303958851667819181e+04
2.626000000000000000e+03 1.304924826008390664e+04
2.627000000000000000e+03 1.302884627137248754e+04
2.628000000000000000e+03 1.302608299909257767e+04
2.629000000000000000e+03 1.303128907995337613e+04
2.630000000000000000e+03 1.307387456012977054e+04
2.631000000000000000e+03 1.311579780169088917e+04
2.632000000000000000e+03 1.312046178091536967e+04
2.633000000000000000e+03 1.313558474366790142e+04
2.634000000000000000e+03 1.316214080990269940e+04
2.635000000000000000e+03 1.316268115208930976e+04
2.636000000000000000e+03 1.314456482284061531e+04
2.637000000000000000e+03 1.312952750658397235e+04
2.638000000000000000e+03 1.314205757313372487e+04
2.639000000000000000e+03 1.312474785561815224e+04
2.640000000000000000e+03 1.314282484406704680e+04
2.641000000000000000e+03 1.317297791202228473e+04
2.642000000000000000e+03 1.316341144011187134e+04
2.643000000000000000e+03 1.319104224153536597e+04
2.644000000000000000e+03 1.316816222130478127e+04
2.645000000000000000e+03 1.314313354873034041e+04
2.646000000000000000e+03 1.315293479636635311e+04
2.647000000000000000e+03 1.315382451892378231e+04
2.648000000000000000e+03 1.314821866015891101e+04
2.649000000000000000e+03 1.314427941517076397e+04
2.650000000000000000e+03 1.315477359251500457e+04
2.651000000000000000e+03 1.317433681740143948e+04
2.652000000000000000e+03 1.319808192578181479e+04
2.653000000000000000e+03 1.319914580849269805e+04
2.654000000000000000e+03 1.318666333837937964e+04
2.655000000000000000e+03 1.315699122677736705e+04
2.656000000000000000e+03 1.314162845216093592e+04
2.657000000000000000e+03 1.317285404835768531e+04
2.658000000000000000e+03 1.320898672068041560e+04
2.659000000000000000e+03 1.320166771240435446e+04
2.660000000000000000e+03 1.324226565809680324e+04
2.661000000000000000e+03 1.325617153304215390e+04
2.662000000000000000e+03 1.326048856789217461e+04
2.663000000000000000e+03 1.324084050847587241e+04
2.664000000000000000e+03 1.327020649418432913e+04
2.665000000000000000e+03 1.329246078693976051e+04
2.666000000000000000e+03 1.329891227423381679e+04
2.667000000000000000e+03 1.329770594076337147e+04
2.668000000000000000e+03 1.329764460998061804e+04
2.669000000000000000e+03 1.334863928227533870e+04
2.670000000000000000e+03 1.333369820140631600e+04
2.671000000000000000e+03 1.333754707693905220e+04
2.672000000000000000e+03 1.336910922253577519e+04
2.673000000000000000e+03 1.334932790848167315e+04
2.674000000000000000e+03 1.333378322495127031e+04
2.675000000000000000e+03 1.333272787705744850e+04
2.676000000000000000e+03 1.333905462837503001e+04
2.677000000000000000e+03 1.335895676619379083e+04
2.678000000000000000e+03 1.335467926308295864e+04
2.679000000000000000e+03 1.336683309218524300e+04
2.680000000000000000e+03 1.337378097139886813e+04
2.681000000000000000e+03 1.338561225879216181e+04
2.682000000000000000e+03 1.337525918484122849e+04
2.683000000000000000e+03 1.337605051247775191e+04
2.684000000000000000e+03 1.337399627437783965e+04
2.685000000000000000e+03 1.340262448167458933e+04
2.686000000000000000e+03 1.341818514615730055e+04
2.687000000000000000e+03 1.341811821312712709e+04
2.688000000000000000e+03 1.341604437823380067e+04
2.689000000000000000e+03 1.341387579524940156e+04
2.690000000000000000e+03 1.342842591154969887e+04
2.691000000000000000e+03 1.343055630850607486e+04
2.692000000000000000e+03 1.346197999719258951e+04
2.693000000000000000e+03 1.346579303782686475e+04
2.694000000000000000e+03 1.350072261945915125e+04
2.695000000000000000e+03 1.350593279659151995e+04
2.696000000000000000e+03 1.349121909868920557e+04
2.697000000000000000e+03 1.348909689400140815e+04
2.698000000000000000e+03 1.346326110197415073e+04
2.699000000000000000e+03 1.347634532092448717e+04
2.700000000000000000e+03 1.349200453484903665e+04
2.701000000000000000e+03 1.349762718390464761e+04
2.702000000000000000e+03 1.349827654474696647e+04
2.703000000000000000e+03 1.352091598938125753e+04
2.704000000000000000e+03 1.353161710337060504e+04
2.705000000000000000e+03 1.354699548524767124e+04
2.706000000000000000e+03 1.353749445855462727e+04
2.707000000000000000e+03 1.356403012136026882e+04
2.708000000000000000e+03 1.355716614634026882e+04
2.709000000000000000e+03 1.359973676819721550e+04
2.710000000000000000e+03 1.360447080974998789e+04
2.711000000000000000e+03 1.360899772649547413e+04
2.712000000000000000e+03 1.360589480036443638e+04
2.713000000000000000e+03 1.362202983787910307e+04
2.714000000000000000e+03 1.361049407467110905e+04
2.715000000000000000e+03 1.362283980779418562e+04
2.716000000000000000e+03 1.363706037815264790e+04
2.717000000000000000e+03 1.368066017920596460e+04
2.718000000000000000e+03 1.366718430699312921e+04
2.719000000000000000e+03 1.367284243999288265e+04
2.720000000000000000e+03 1.365980842849935470e+04
2.721000000000000000e+03 1.365143165426575251e+04
2.722000000000000000e+03 1.366530977687032828e+04
2.723000000000000000e+03 1.361978556419809138e+04
2.724000000000000000e+03 1.363851514755184144e+04
2.725000000000000000e+03 1.362052474112921300e+04
2.726000000000000000e+03 1.361706166815629695e+04
2.727000000000000000e+03 1.361381555250655401e+04
2.728000000000000000e+03 1.359847303789366924e+04
2.729000000000000000e+03 1.359006481328862174e+04
2.730000000000000000e+03 1.359630987410150919e+04
2.731000000000000000e+03 1.359941798945850678e+04
2.732000000000000000e+03 1.361309040764675228e+04
2.733000000000000000e+03 1.362858848327089436e+04
2.734000000000000000e+03 1.362230134616496616e+04
2.735000000000000000e+03 1.364145706791339035e+04
2.736000000000000000e+03 1.362791317435762903e+04
2.737000000000000000e+03 1.361216359072975865e+04
2.738000000000000000e+03 1.364752255503130255e+04
2.739000000000000000e+03 1.365272252194796783e+04
2.740000000000000000e+03 1.362696703498303941e+04
2.741000000000000000e+03 1.363439997952104750e+04
2.742000000000000000e+03 1.364623086561666787e+04
2.743000000000000000e+03 1.364313289872169662e+04
2.744000000000000000e+03 1.362174914381791132e+04
2.745000000000000000e+03 1.363562528005207605e+04
2.746000000000000000e+03 1.367497943968523214e+04
2.747000000000000000e+03 1.365408878638423812e+04
2.748000000000000000e+03 1.366746923550718930e+04
2.749000000000000000e+03 1.367038159972676658e+04
2.750000000000000000e+03 1.367795380049649611e+04
2.751000000000000000e+03 1.369361061589099518e+04
2.752000000000000000e+03 1.367756296126299821e+04
2.753000000000000000e+03 1.368279064034258045e+04
2.754000000000000000e+03 1.368401126646779085e+04
2.755000000000000000e+03 1.370834288535116684e+04
2.756000000000000000e+03 1.371426088268392050e+04
2.757000000000000000e+03 1.373693547681405289e+04
2.758000000000000000e+03 1.374172207772825277e+04
2.759000000000000000e+03 1.375161344472768906e+04
2.760000000000000000e+03 1.376912744384235521e+04
2.761000000000000000e+03 1.381091594062211516e+04
2.762000000000000000e+03 1.381142065537720919e+04
2.763000000000000000e+03 1.384724289929390216e+04
2.764000000000000000e+03 1.383845931232381008e+04
2.765000000000000000e+03 1.383852061738858538e+04
2.766000000000000000e+03 1.382701899141336253e+04
2.767000000000000000e+03 1.383954184274835825e+04
2.768000000000000000e+03 1.386876617846391127e+04
2.769000000000000000e+03 1.386090726828223160e+04
2.770000000000000000e+03 1.388657322713917893e+04
2.771000000000000000e+03 1.389398402287463250e+04
2.772000000000000000e+03 1.384682203866471536e+04
2.773000000000000000e+03 1.384664582730216898e+04
2.774000000000000000e+03 1.386968480049710888e+04
2.775000000000000000e+03 1.387040185366536207e+04
2.776000000000000000e+03 1.386927151972166212e+04
2.777000000000000000e+03 1.388783744058007323e+04
2.778000000000000000e+03 1.389677963794583047e+04
2.779000000000000000e+03 1.393339024999116737e+04
2.780000000000000000e+03 1.393330895799373684e+04
2.781000000000000000e+03 1.394464929136193859e+04
2.782000000000000000e+03 1.398616370539388299e+04
2.783000000000000000e+03 1.401194890063353887e+04
2.784000000000000000e+03 1.403365153655008180e+04
2.785000000000000000e+03 1.401622315718960635e+04
2.786000000000000000e+03 1.401060910293955203e+04
2.787000000000000000e+03 1.398780444713563884e+04
2.788000000000000000e+03 1.397597050626386772e+04
2.789000000000000000e+03 1.399201822207128862e+04
2.790000000000000000e+03 1.398852964137046001e+04
2.791000000000000000e+03 1.403100376043005053e+04
2.792000000000000000e+03 1.405137667974714714e+04
2.793000000000000000e+03 1.404619389880129893e+04
2.794000000000000000e+03 1.403385821862676858e+04
2.795000000000000000e+03 1.400134406670104727e+04
2.796000000000000000e+03 1.400476070671159505e+04
2.797000000000000000e+03 1.398793738899394157e+04
2.798000000000000000e+03 1.397712137413767596e+04
2.799000000000000000e+03 1.398803739677433077e+04
2.800000000000000000e+03 1.398560601401699751e+04
2.801000000000000000e+03 1.396734570590270960e+04
2.802000000000000000e+03 1.395255125365151252e+04
2.803000000000000000e+03 1.395894024216326761e+04
2.804000000000000000e+03 1.393812842222871404e+04
2.805000000000000000e+03 1.396379357335469649e+04
2.806000000000000000e+03 1.400450165708323948e+04
2.807000000000000000e+03 1.403151425984578600e+04
2.808000000000000000e+03 1.399996460981055316e+04
2.809000000000000000e+03 1.397237161108028158e+04
2.810000000000000000e+03 1.398710094308861335e+04
2.811000000000000000e+03 1.398694953343018642e+04
2.812000000000000000e+03 1.399701362357464495e+04
2.813000000000000000e+03 1.399259808038867959e+04
2.814000000000000000e+03 1.399983499192098679e+04
2.815000000000000000e+03 1.399788143011964712e+04
2.816000000000000000e+03 1.400587705934281803e+04
2.817000000000000000e+03 1.401869654870990962e+04
2.818000000000000000e+03 1.402056093431278896e+04
2.819000000000000000e+03 1.403434790889805117e+04
2.820000000000000000e+03 1.406201774410619691e+04
2.821000000000000000e+03 1.409998762863118827e+04
2.822000000000000000e+03 1.408242794344431059e+04
2.823000000000000000e+03 1.407309649003981940e+04
2.824000000000000000e+03 1.406212856880338586e+04
2.825000000000000000e+03 1.406692835176611516e+04
2.826000000000000000e+03 1.408094447571676210e+04
2.827000000000000000e+03 1.410757316208238808e+04
2.828000000000000000e+03 1.409254207644375674e+04
2.829000000000000000e+03 1.410640681378595582e+04
2.830000000000000000e+03 1.416190301184432610e+04
2.831000000000000000e+03 1.415578441828244286e+04
2.832000000000000000e+03 1.415890168025048479e+04
2.833000000000000000e+03 1.415109821936688786e+04
2.834000000000000000e+03 1.412301671689636532e+04
2.835000000000000000e+03 1.413071931640021648e+04
2.836000000000000000e+03 1.414908205371141958e+04
2.837000000000000000e+03 1.416933615286155509e+04
2.838000000000000000e+03 1.417107140835311111e+04
2.839000000000000000e+03 1.420985266841343764e+04
2.840000000000000000e+03 1.420482004601811059e+04
2.841000000000000000e+03 1.423180935062690514e+04
2.842000000000000000e+03 1.423960478635354957e+04
2.843000000000000000e+03 1.425591699781811803e+04
2.844000000000000000e+03 1.425020821614433225e+04
2.845000000000000000e+03 1.423858175244556332e+04
2.846000000000000000e+03 1.423415733749414176e+04
2.847000000000000000e+03 1.423622673786575797e+04
2.848000000000000000e+03 1.422013911746174745e+04
2.849000000000000000e+03 1.418503415052668788e+04
2.850000000000000000e+03 1.418109841462538498e+04
2.851000000000000000e+03 1.421651982122395020e+04
2.852000000000000000e+03 1.421351391828915075e+04
2.853000000000000000e+03 1.420707363181923211e+04
2.854000000000000000e+03 1.420397953038531705e+04
2.855000000000000000e+03 1.420500741502616984e+04
2.856000000000000000e+03 1.420907369150039813e+04
2.857000000000000000e+03 1.419786055388147724e+04
2.858000000000000000e+03 1.421777536213202256e+04
2.859000000000000000e+03 1.420162635100416992e+04
2.860000000000000000e+03 1.419291088254381066e+04
2.861000000000000000e+03 1.415130295181690417e+04
2.862000000000000000e+03 1.416136795065966544e+04
2.863000000000000000e+03 1.415768706867545916e+04
2.864000000000000000e+03 1.415858910417836523e+04
2.865000000000000000e+03 1.414769450772786877e+04
2.866000000000000000e+03 1.416666407592047653e+04
2.867000000000000000e+03 1.415381298776194308e+04
2.868000000000000000e+03 1.415400450992747210e+04
2.869000000000000000e+03 1.416801471826916531e+04
2.870000000000000000e+03 1.419914525950327516e+04
2.871000000000000000e+03 1.423017587762647054e+04
2.872000000000000000e+03 1.422890738878275988e+04
2.873000000000000000e+03 1.425585057488423990e+04
2.874000000000000000e+03 1.426061316022010942e+04
2.875000000000000000e+03 1.426919104870207775e+04
2.876000000000000000e+03 1.426391495764964748e+04
2.877000000000000000e+03 1.430278339729475192e+04
2.878000000000000000e+03 1.430903764310523184e+04
2.879000000000000000e+03 1.428605409085095926e+04
2.880000000000000000e+03 1.427306676546655217e+04
2.881000000000000000e+03 1.427706832619421584e+04
2.882000000000000000e+03 1.430625314725722819e+04
2.883000000000000000e+03 1.431248239687065507e+04
2.884000000000000000e+03 1.433700856761830619e+04
2.885000000000000000e+03 1.437329275365966714e+04
2.886000000000000000e+03 1.434177103683819587e+04
2.887000000000000000e+03 1.432722682442099722e+04
2.888000000000000000e+03 1.434980697710825552e+04
2.889000000000000000e+03 1.437964106801685193e+04
2.890000000000000000e+03 1.436669718025067777e+04
2.891000000000000000e+03 1.435023251456280195e+04
2.892000000000000000e+03 1.436040568186671408e+04
2.893000000000000000e+03 1.433024041226050940e+04
2.894000000000000000e+03 1.434169126444754693e+04
2.895000000000000000e+03 1.436420531285211655e+04
2.896000000000000000e+03 1.436668181741135959e+04
2.897000000000000000e+03 1.439473177811245114e+04
2.898000000000000000e+03 1.436622019740166434e+04
2.899000000000000000e+03 1.434031833322349667e+04
2.900000000000000000e+03 1.434667472231090142e+04
2.901000000000000000e+03 1.434713832230629487e+04
2.902000000000000000e+03 1.432864364067238603e+04
2.903000000000000000e+03 1.430467656530687236e+04
2.904000000000000000e+03 1.429971664672386032e+04
2.905000000000000000e+03 1.430436028335969058e+04
2.906000000000000000e+03 1.432851935587912340e+04
2.907000000000000000e+03 1.435254038701793979e+04
2.908000000000000000e+03 1.434752400100827072e+04
2.909000000000000000e+03 1.435409709732564625e+04
2.910000000000000000e+03 1.436035041248557536e+04
2.911000000000000000e+03 1.435973792703495565e+04
2.912000000000000000e+03 1.433021816447831407e+04
2.913000000000000000e+03 1.434136675823148289e+04
2.914000000000000000e+03 1.434914269894359131e+04
2.915000000000000000e+03 1.439229662386922973e+04
2.916000000000000000e+03 1.436819132966826146e+04
2.917000000000000000e+03 1.437583000135907059e+04
2.918000000000000000e+03 1.441102272015521521e+04
2.919000000000000000e+03 1.442717362968471753e+04
2.920000000000000000e+03 1.442837672141157236e+04
2.921000000000000000e+03 1.443426131756254108e+04
2.922000000000000000e+03 1.443322072133273286e+04
2.923000000000000000e+03 1.442956395219333899e+04
2.924000000000000000e+03 1.440177620131164076e+04
2.925000000000000000e+03 1.442335806262355072e+04
2.926000000000000000e+03 1.442982364302307542e+04
2.927000000000000000e+03 1.443914140016461533e+04
2.928000000000000000e+03 1.443903430787534489e+04
2.929000000000000000e+03 1.447372747865614292e+04
2.930000000000000000e+03 1.450373883670924624e+04
2.931000000000000000e+03 1.452740298094397076e+04
2.932000000000000000e+03 1.452883021187613122e+04
2.933000000000000000e+03 1.450349802299130533e+04
2.934000000000000000e+03 1.452953954727279051e+04
2.935000000000000000e+03 1.449669974850739891e+04
2.936000000000000000e+03 1.448090129192611312e+04
2.937000000000000000e+03 1.449291886093387620e+04
2.938000000000000000e+03 1.447012249158242230e+04
2.939000000000000000e+03 1.443500639163797314e+04
2.940000000000000000e+03 1.444414656676186678e+04
2.941000000000000000e+03 1.444664669504841004e+04
2.942000000000000000e+03 1.445274530965133818e+04
2.943000000000000000e+03 1.445242298475054122e+04
2.944000000000000000e+03 1.446734293352350142e+04
2.945000000000000000e+03 1.448419613991502592e+04
2.946000000000000000e+03 1.448375923506713480e+04
2.947000000000000000e+03 1.448279018399978668e+04
2.948000000000000000e+03 1.448305651387110993e+04
2.949000000000000000e+03 1.450120868034774139e+04
2.950000000000000000e+03 1.445578289252813374e+04
2.951000000000000000e+03 1.451107808371636202e+04
2.952000000000000000e+03 1.451956674326952816e+04
2.953000000000000000e+03 1.449817134480195637e+04
2.954000000000000000e+03 1.451020828940777028e+04
2.955000000000000000e+03 1.447599500030255695e+04
2.956000000000000000e+03 1.446200282791269819e+04
2.957000000000000000e+03 1.444960056542246093e+04
2.958000000000000000e+03 1.446398749305968522e+04
2.959000000000000000e+03 1.444079741139223370e+04
2.960000000000000000e+03 1.446354173850222833e+04
2.961000000000000000e+03 1.450592694385255527e+04
2.962000000000000000e+03 1.451206743755327807e+04
2.963000000000000000e+03 1.450740547689700907e+04
2.964000000000000000e+03 1.449242249400335822e+04
2.965000000000000000e+03 1.451233101828324652e+04
2.966000000000000000e+03 1.453241416662107986e+04
2.967000000000000000e+03 1.454685517132007772e+04
2.968000000000000000e+03 1.453602678049417409e+04
2.969000000000000000e+03 1.457752035321348194e+04
2.970000000000000000e+03 1.454072138310330774e+04
2.971000000000000000e+03 1.454671647063422643e+04
2.972000000000000000e+03 1.454652996282686036e+04
2.973000000000000000e+03 1.458051520648559017e+04
2.974000000000000000e+03 1.459808408155279358e+04
2.975000000000000000e+03 1.457862361470082578e+04
2.976000000000000000e+03 1.457382200294146060e+04
2.977000000000000000e+03 1.457352851292141713e+04
2.978000000000000000e+03 1.457333956080950156e+04
2.979000000000000000e+03 1.456221871997737071e+04
2.980000000000000000e+03 1.455739299320605278e+04
2.981000000000000000e+03 1.455337460754303174e+04
2.982000000000000000e+03 1.454219834596955116e+04
2.983000000000000000e+03 1.454182047090148808e+04
2.984000000000000000e+03 1.454743553886277550e+04
2.985000000000000000e+03 1.454711917990825350e+04
2.986000000000000000e+03 1.454538547861423831e+04
2.987000000000000000e+03 1.453921772211787720e+04
2.988000000000000000e+03 1.454996647677560031e+04
2.989000000000000000e+03 1.453151959306221397e+04
2.990000000000000000e+03 1.454605308302129379e+04
2.991000000000000000e+03 1.453539824726293955e+04
2.992000000000000000e+03 1.455555216158919211e+04
2.993000000000000000e+03 1.456084536774214757e+04
2.994000000000000000e+03 1.457789844936772352e+04
2.995000000000000000e+03 1.458323245365945877e+04
2.996000000000000000e+03 1.456958469578873701e+04
2.997000000000000000e+03 1.453381468081485218e+04
2.998000000000000000e+03 1.452535500747988772e+04
2.999000000000000000e+03 1.454439555854137689e+04
3.000000000000000000e+03 1.455836828077605423e+04
3.001000000000000000e+03 1.455782227848183538e+04
3.002000000000000000e+03 1.457123144776821755e+04
3.003000000000000000e+03 1.456846949158488496e+04
3.004000000000000000e+03 1.460579200776801190e+04
3.005000000000000000e+03 1.457309657393535963e+04
3.006000000000000000e+03 1.457124368906275777e+04
3.007000000000000000e+03 1.461480242687123246e+04
3.008000000000000000e+03 1.463156118567255362e+04
3.009000000000000000e+03 1.459280900705535896e+04
3.010000000000000000e+03 1.458813912861083190e+04
3.011000000000000000e+03 1.454602448349915903e+04
3.012000000000000000e+03 1.453802367204010443e+04
3.013000000000000000e+03 1.456247761164188341e+04
3.014000000000000000e+03 1.460198444697620471e+04
3.015000000000000000e+03 1.459995194555178023e+04
3.016000000000000000e+03 1.457663663259434725e+04
3.017000000000000000e+03 1.460146038356706958e+04
3.018000000000000000e+03 1.459747124259036900e+04
3.019000000000000000e+03 1.460663833314105250e+04
3.020000000000000000e+03 1.462886309748308122e+04
3.021000000000000000e+03 1.462337122293739958e+04
3.022000000000000000e+03 1.465410240023236838e+04
3.023000000000000000e+03 1.465411319219662983e+04
3.024000000000000000e+03 1.466057537071303341e+04
3.025000000000000000e+03 1.464729218082181433e+04
3.026000000000000000e+03 1.467578510241431650e+04
3.027000000000000000e+03 1.465669472140378821e+04
3.028000000000000000e+03 1.465385251922140924e+04
3.029000000000000000e+03 1.462676076550356993e+04
3.030000000000000000e+03 1.464711790948981070e+04
3.031000000000000000e+03 1.467576823422727648e+04
3.032000000000000000e+03 1.469118679712643461e+04
3.033000000000000000e+03 1.467532085223148715e+04
3.034000000000000000e+03 1.468651264218489814e+04
3.035000000000000000e+03 1.469826934545609402e+04
3.036000000000000000e+03 1.467494329533397467e+04
3.037000000000000000e+03 1.470807979955566589e+04
3.038000000000000000e+03 1.473492578559197318e+04
3.039000000000000000e+03 1.473857270790463735e+04
3.040000000000000000e+03 1.473775311063089612e+04
3.041000000000000000e+03 1.475313254210459309e+04
3.042000000000000000e+03 1.473327294025069023e+04
3.043000000000000000e+03 1.473596886264677414e+04
3.044000000000000000e+03 1.476745523430489811e+04
3.045000000000000000e+03 1.473165851710466814e+04
3.046000000000000000e+03 1.473394719408818310e+04
3.047000000000000000e+03 1.477579238745990915e+04
3.048000000000000000e+03 1.476534642471455300e+04
3.049000000000000000e+03 1.477140457076447092e+04
3.050000000000000000e+03 1.476594475946454440e+04
3.051000000000000000e+03 1.476647816638881159e+04
3.052000000000000000e+03 1.473483404207314197e+04
3.053000000000000000e+03 1.473281515270183991e+04
3.054000000000000000e+03 1.474705306194116201e+04
3.055000000000000000e+03 1.474727269769348641e+04
3.056000000000000000e+03 1.476356463077717854e+04
3.057000000000000000e+03 1.477035896886532646e+04
3.058000000000000000e+03 1.476345948481247979e+04
3.059000000000000000e+03 1.476561424380389872e+04
3.060000000000000000e+03 1.475855321881763484e+04
3.061000000000000000e+03 1.475770628092224979e+04
3.062000000000000000e+03 1.471784078484183738e+04
3.063000000000000000e+03 1.475113384660862721e+04
3.064000000000000000e+03 1.477758628448400123e+04
3.065000000000000000e+03 1.476716517342339648e+04
3.066000000000000000e+03 1.477160316107229301e+04
3.067000000000000000e+03 1.473708719212375581e+04
3.068000000000000000e+03 1.476593349010533711e+04
3.069000000000000000e+03 1.476852834656251980e+04
3.070000000000000000e+03 1.476351571422147208e+04
3.071000000000000000e+03 1.480488917462561221e+04
3.072000000000000000e+03 1.482868560900106786e+04
3.073000000000000000e+03 1.482349432215313209e+04
3.074000000000000000e+03 1.480351110837271881e+04
3.075000000000000000e+03 1.478807779316651067e+04
3.076000000000000000e+03 1.477797108941300758e+04
3.077000000000000000e+03 1.478574172448667196e+04
3.078000000000000000e+03 1.481782720803164375e+04
3.079000000000000000e+03 1.483679940118742343e+04
3.080000000000000000e+03 1.485488452754206810e+04
3.081000000000000000e+03 1.489442172463675706e+04
3.082000000000000000e+03 1.491877454717482942e+04
3.083000000000000000e+03 1.490437637068856748e+04
3.084000000000000000e+03 1.488532802676099163e+04
3.085000000000000000e+03 1.488937569612433253e+04
3.086000000000000000e+03 1.490821241336655476e+04
3.087000000000000000e+03 1.493895463895899957e+04
3.088000000000000000e+03 1.490558879561058893e+04
3.089000000000000000e+03 1.488619489002495357e+04
3.090000000000000000e+03 1.483073764575506357e+04
3.091000000000000000e+03 1.484592669202101206e+04
3.092000000000000000e+03 1.485922500883497014e+04
3.093000000000000000e+03 1.484091091791865256e+04
3.094000000000000000e+03 1.485592139815258815e+04
3.095000000000000000e+03 1.484117672658692209e+04
3.096000000000000000e+03 1.483686919394342840e+04
3.097000000000000000e+03 1.482721792930194169e+04
3.098000000000000000e+03 1.482751748757182395e+04
3.099000000000000000e+03 1.478887848374038731e+04
3.100000000000000000e+03 1.481960532784132374e+04
3.101000000000000000e+03 1.483014697866348615e+04
3.102000000000000000e+03 1.480186389265350408e+04
3.103000000000000000e+03 1.482511578504688623e+04
3.104000000000000000e+03 1.485520716580305452e+04
3.105000000000000000e+03 1.486812705152566377e+04
3.106000000000000000e+03 1.485337672720120827e+04
3.107000000000000000e+03 1.484316248915550204e+04
3.108000000000000000e+03 1.482930176257307176e+04
3.109000000000000000e+03 1.481757041319383279e+04
3.110000000000000000e+03 1.481998491829390514e+04
3.111000000000000000e+03 1.482982462427066457e+04
3.112000000000000000e+03 1.481948834770654685e+04
3.113000000000000000e+03 1.481613089338391183e+04
3.114000000000000000e+03 1.482547755718797634e+04
3.115000000000000000e+03 1.484397334267269616e+04
3.116000000000000000e+03 1.485858579622664365e+04
3.117000000000000000e+03 1.486289392990389206e+04
3.118000000000000000e+03 1.484958495997506725e+04
3.119000000000000000e+03 1.482910571533347320e+04
3.120000000000000000e+03 1.484216962001827233e+04
3.121000000000000000e+03 1.487178119630772926e+04
3.122000000000000000e+03 1.489366810642926066e+04
3.123000000000000000e+03 1.490705500517130895e+04
3.124000000000000000e+03 1.487569400926993694e+04
3.125000000000000000e+03 1.489430450282283164e+04
3.126000000000000000e+03 1.487577024578344572e+04
3.127000000000000000e+03 1.486859410824062979e+04
3.128000000000000000e+03 1.485191748445862322e+04
3.129000000000000000e+03 1.486733373036899866e+04
3.130000000000000000e+03 1.487748166172475248e+04
3.131000000000000000e+03 1.490107743075017606e+04
3.132000000000000000e+03 1.488139627809737067e+04
3.133000000000000000e+03 1.487303693222032416e+04
3.134000000000000000e+03 1.486713076219054710e+04
3.135000000000000000e+03 1.486479109016923940e+04
3.136000000000000000e+03 1.483860335120640775e+04
3.137000000000000000e+03 1.487330358512389284e+04
3.138000000000000000e+03 1.484848911911855612e+04
3.139000000000000000e+03 1.486510245001769908e+04
3.140000000000000000e+03 1.485413798794790273e+04
3.141000000000000000e+03 1.486657882717078974e+04
3.142000000000000000e+03 1.486951324886018665e+04
3.143000000000000000e+03 1.486400738250518225e+04
3.144000000000000000e+03 1.492793301295505444e+04
3.145000000000000000e+03 1.493803980484008389e+04
3.146000000000000000e+03 1.492179899331023080e+04
3.147000000000000000e+03 1.493350657898157624e+04
3.148000000000000000e+03 1.490575347294737730e+04
3.149000000000000000e+03 1.491994452442117654e+04
3.150000000000000000e+03 1.492142395191210744e+04
3.151000000000000000e+03 1.491841787010120424e+04
3.152000000000000000e+03 1.489597714645568340e+04
3.153000000000000000e+03 1.491989043439416491e+04
3.154000000000000000e+03 1.489820609781283565e+04
3.155000000000000000e+03 1.490420659128252737e+04
3.156000000000000000e+03 1.491028110949290203e+04
3.157000000000000000e+03 1.492193448643428019e+04
3.158000000000000000e+03 1.498537670951236214e+04
3.159000000000000000e+03 1.501251924206396325e+04
3.160000000000000000e+03 1.499108612992527014e+04
3.161000000000000000e+03 1.500821505247491223e+04
3.162000000000000000e+03 1.500530652464054219e+04
3.163000000000000000e+03 1.502577772612973240e+04
3.164000000000000000e+03 1.504382129684469874e+04
3.165000000000000000e+03 1.505664900735431365e+04
3.166000000000000000e+03 1.505215283481601909e+04
3.167000000000000000e+03 1.507616122104196438e+04
3.168000000000000000e+03 1.503672419575572349e+04
3.169000000000000000e+03 1.503331928122511999e+04
3.170000000000000000e+03 1.500217965259147059e+04
3.171000000000000000e+03 1.505763935201900676e+04
3.172000000000000000e+03 1.506586986076927678e+04
3.173000000000000000e+03 1.508564602901054423e+04
3.174000000000000000e+03 1.504552256311447491e+04
3.175000000000000000e+03 1.502116025474932758e+04
3.176000000000000000e+03 1.501412076213573346e+04
3.177000000000000000e+03 1.499931515736895199e+04
3.178000000000000000e+03 1.500337426088597567e+04
3.179000000000000000e+03 1.503598330282673669e+04
3.180000000000000000e+03 1.502475934277644956e+04
3.181000000000000000e+03 1.505239725172296312e+04
3.182000000000000000e+03 1.507455446345863311e+04
3.183000000000000000e+03 1.505341063565865988e+04
3.184000000000000000e+03 1.508842444497339602e+04
3.185000000000000000e+03 1.507680493516051865e+04
3.186000000000000000e+03 1.507074322108181696e+04
3.187000000000000000e+03 1.505707592780019877e+04
3.188000000000000000e+03 1.503598146630615520e+04
3.189000000000000000e+03 1.502305665911909819e+04
3.190000000000000000e+03 1.503770650805261539e+04
3.191000000000000000e+03 1.504979645397461172e+04
3.192000000000000000e+03 1.504931985446737235e+04
3.193000000000000000e+03 1.503215597863816402e+04
3.194000000000000000e+03 1.505022838895289897e+04
3.195000000000000000e+03 1.507498724913741353e+04
3.196000000000000000e+03 1.506892685971530955e+04
3.197000000000000000e+03 1.509808934583782320e+04
3.198000000000000000e+03 1.507161723513114703e+04
3.199000000000000000e+03 1.504715120917894092e+04
3.200000000000000000e+03 1.504870275630123797e+04
3.201000000000000000e+03 1.507723625742778131e+04
3.202000000000000000e+03 1.508741393207779765e+04
3.203000000000000000e+03 1.510917789915486355e+04
3.204000000000000000e+03 1.508809070228819655e+04
3.205000000000000000e+03 1.506364444781567727e+04
3.206000000000000000e+03 1.507246226811555243e+04
3.207000000000000000e+03 1.511087896502033800e+04
3.208000000000000000e+03 1.514072484608035120e+04
3.209000000000000000e+03 1.512198727972322195e+04
3.210000000000000000e+03 1.513420537897070972e+04
3.211000000000000000e+03 1.517437234153121972e+04
3.212000000000000000e+03 1.518964051948042288e+04
3.213000000000000000e+03 1.520218499248931403e+04
3.214000000000000000e+03 1.519181967935690045e+04
3.215000000000000000e+03 1.521990844662524614e+04
3.216000000000000000e+03 1.523815165283512761e+04
3.217000000000000000e+03 1.523194184013780250e+04
3.218000000000000000e+03 1.526131265965302919e+04
3.219000000000000000e+03 1.524867243040078938e+04
3.220000000000000000e+03 1.522159160692791738e+04
3.221000000000000000e+03 1.518450515671032736e+04
3.222000000000000000e+03 1.518272782513952916e+04
3.223000000000000000e+03 1.519735294986707413e+04
3.224000000000000000e+03 1.516011693643856051e+04
3.225000000000000000e+03 1.521320486414779225e+04
3.226000000000000000e+03 1.521918703940842352e+04
3.227000000000000000e+03 1.522617836656992586e+04
3.228000000000000000e+03 1.527333861080171118e+04
3.229000000000000000e+03 1.528246557461813791e+04
3.230000000000000000e+03 1.531690960595253273e+04
3.231000000000000000e+03 1.532024315674714126e+04
3.232000000000000000e+03 1.529301489512959597e+04
3.233000000000000000e+03 1.530217761459763278e+04
3.234000000000000000e+03 1.528031310226599089e+04
3.235000000000000000e+03 1.526060698587197658e+04
3.236000000000000000e+03 1.528708280346519314e+04
3.237000000000000000e+03 1.533534147569424567e+04
3.238000000000000000e+03 1.530421124280058393e+04
3.239000000000000000e+03 1.533441056153067802e+04
3.240000000000000000e+03 1.537550332601190166e+04
3.241000000000000000e+03 1.538173609266251151e+04
3.242000000000000000e+03 1.537050678524920841e+04
3.243000000000000000e+03 1.535463345725675208e+04
3.244000000000000000e+03 1.539138402020910326e+04
3.245000000000000000e+03 1.540551479423395176e+04
3.246000000000000000e+03 1.537745268139083237e+04
3.247000000000000000e+03 1.538143719997842891e+04
3.248000000000000000e+03 1.540083843864308437e+04
3.249000000000000000e+03 1.540980032663094607e+04
3.250000000000000000e+03 1.539821551625571374e+04
3.251000000000000000e+03 1.541238671017171328e+04
3.252000000000000000e+03 1.541640610888314404e+04
3.253000000000000000e+03 1.539947499597911155e+04
3.254000000000000000e+03 1.541098288131970003e+04
3.255000000000000000e+03 1.540480734877603936e+04
3.256000000000000000e+03 1.540611146988081600e+04
3.257000000000000000e+03 1.540381708840938336e+04
3.258000000000000000e+03 1.538859927177906320e+04
3.259000000000000000e+03 1.539620680791838276e+04
3.260000000000000000e+03 1.545461772000366000e+04
3.261000000000000000e+03 1.541592986154052778e+04
3.262000000000000000e+03 1.542829532772615494e+04
3.263000000000000000e+03 1.542183993022701725e+04
3.264000000000000000e+03 1.544871599957692160e+04
3.265000000000000000e+03 1.546471232845575469e+04
3.266000000000000000e+03 1.547010735343730448e+04
3.267000000000000000e+03 1.540035856890921059e+04
3.268000000000000000e+03 1.541227305551306381e+04
3.269000000000000000e+03 1.544085948375599219e+04
3.270000000000000000e+03 1.544339199726912921e+04
3.271000000000000000e+03 1.545334558124497380e+04
3.272000000000000000e+03 1.547784151831029885e+04
3.273000000000000000e+03 1.547917857373873630e+04
3.274000000000000000e+03 1.547034382636586633e+04
3.275000000000000000e+03 1.547984023421741949e+04
3.276000000000000000e+03 1.546821700489338218e+04
3.277000000000000000e+03 1.547950130512274518e+04
3.278000000000000000e+03 1.548652627613932782e+04
3.279000000000000000e+03 1.551190834507616455e+04
3.280000000000000000e+03 1.551310134300400387e+04
3.281000000000000000e+03 1.553233207070584285e+04
3.282000000000000000e+03 1.549585050609111204e+04
3.283000000000000000e+03 1.555495780816298975e+04
3.284000000000000000e+03 1.555648531343864852e+04
3.285000000000000000e+03 1.552919211362565511e+04
3.286000000000000000e+03 1.550964975310807495e+04
3.287000000000000000e+03 1.550721466210402832e+04
3.288000000000000000e+03 1.554455891071008409e+04
3.289000000000000000e+03 1.554691130934344801e+04
3.290000000000000000e+03 1.555832585868857313e+04
3.291000000000000000e+03 1.555787788429440297e+04
3.292000000000000000e+03 1.553057554454123238e+04
3.293000000000000000e+03 1.554579581974526081e+04
3.294000000000000000e+03 1.554419114473015907e+04
3.295000000000000000e+03 1.552151020236045952e+04
3.296000000000000000e+03 1.553508207052026773e+04
3.297000000000000000e+03 1.553253659897745274e+04
3.298000000000000000e+03 1.555230895973665611e+04
3.299000000000000000e+03 1.557264394455407819e+04
3.300000000000000000e+03 1.560316500529692166e+04
3.301000000000000000e+03 1.560543037067553450e+04
3.302000000000000000e+03 1.561800016754644639e+04
3.303000000000000000e+03 1.561199991071658405e+04
3.304000000000000000e+03 1.554810871194148422e+04
3.305000000000000000e+03 1.555287666497511782e+04
3.306000000000000000e+03 1.558216839117919699e+04
3.307000000000000000e+03 1.556370244006374742e+04
3.308000000000000000e+03 1.556115486873744521e+04
3.309000000000000000e+03 1.558272278762516544e+04
3.310000000000000000e+03 1.557582295865245214e+04
3.311000000000000000e+03 1.556715663901652078e+04
3.312000000000000000e+03 1.556129334655289495e+04
3.313000000000000000e+03 1.558548211413318131e+04
3.314000000000000000e+03 1.559329597984972133e+04
3.315000000000000000e+03 1.556246884474279977e+04
3.316000000000000000e+03 1.552027396125460473e+04
3.317000000000000000e+03 1.555779465015369533e+04
3.318000000000000000e+03 1.555364105409092372e+04
3.319000000000000000e+03 1.558723820289812647e+04
3.320000000000000000e+03 1.561538736149114084e+04
3.321000000000000000e+03 1.561299945947157721e+04
3.322000000000000000e+03 1.563927761803874637e+04
3.323000000000000000e+03 1.564013189911667178e+04
3.324000000000000000e+03 1.563443622073775259e+04
3.325000000000000000e+03 1.564292347610032630e+04
3.326000000000000000e+03 1.561730581892271766e+04
3.327000000000000000e+03 1.560067591229008940e+04
3.328000000000000000e+03 1.563216278929195869e+04
3.329000000000000000e+03 1.563962305907373411e+04
3.330000000000000000e+03 1.565627585928064218e+04
3.331000000000000000e+03 1.566850350729148340e+04
3.332000000000000000e+03 1.566604471309310247e+04
3.333000000000000000e+03 1.566288820725974438e+04
3.334000000000000000e+03 1.567596572068231944e+04
3.335000000000000000e+03 1.567066164547273365e+04
3.336000000000000000e+03 1.566046632434248022e+04
3.337000000000000000e+03 1.568592116545074896e+04
3.338000000000000000e+03 1.572764448407215968e+04
3.339000000000000000e+03 1.577571027956874423e+04
3.340000000000000000e+03 1.576280845238820984e+04
3.341000000000000000e+03 1.572383661878335442e+04
3.342000000000000000e+03 1.569828922935660194e+04
3.343000000000000000e+03 1.571063919627638279e+04
3.344000000000000000e+03 1.574474391817473588e+04
3.345000000000000000e+03 1.568632646115885109e+04
3.346000000000000000e+03 1.573076600313406925e+04
3.347000000000000000e+03 1.577080717866754458e+04
3.348000000000000000e+03 1.581474317319329748e+04
3.349000000000000000e+03 1.581331999664447176e+04
3.350000000000000000e+03 1.578425813912468584e+04
3.351000000000000000e+03 1.581653050914978849e+04
3.352000000000000000e+03 1.579609803895593541e+04
3.353000000000000000e+03 1.580971858186558347e+04
3.354000000000000000e+03 1.580873652944907190e+04
3.355000000000000000e+03 1.583064976952735560e+04
3.356000000000000000e+03 1.583007896042855828e+04
3.357000000000000000e+03 1.583410638030202790e+04
3.358000000000000000e+03 1.586750231896277364e+04
3.359000000000000000e+03 1.585715199722175748e+04
3.360000000000000000e+03 1.585822175300060189e+04
3.361000000000000000e+03 1.584787183756126251e+04
3.362000000000000000e+03 1.585419147270934263e+04
3.363000000000000000e+03 1.583457377542683389e+04
3.364000000000000000e+03 1.583080565931225829e+04
3.365000000000000000e+03 1.584038045427023462e+04
3.366000000000000000e+03 1.584983197053287950e+04
3.367000000000000000e+03 1.584354640618116173e+04
3.368000000000000000e+03 1.586457329525830210e+04
3.369000000000000000e+03 1.587545991173951006e+04
3.370000000000000000e+03 1.589887743608655001e+04
3.371000000000000000e+03 1.593099319324821954e+04
3.372000000000000000e+03 1.595603012604214746e+04
3.373000000000000000e+03 1.598596893611890846e+04
3.374000000000000000e+03 1.598959100736080109e+04
3.375000000000000000e+03 1.599327377584229362e+04
3.376000000000000000e+03 1.595960045248035567e+04
3.377000000000000000e+03 1.597946306977017412e+04
3.378000000000000000e+03 1.597791125403372826e+04
3.379000000000000000e+03 1.599835450509093607e+04
3.380000000000000000e+03 1.599755926760350667e+04
3.381000000000000000e+03 1.597439478656304163e+04
3.382000000000000000e+03 1.600872706740753165e+04
3.383000000000000000e+03 1.599630502204766162e+04
3.384000000000000000e+03 1.600051965892743829e+04
3.385000000000000000e+03 1.602027838941519258e+04
3.386000000000000000e+03 1.603247239041943976e+04
3.387000000000000000e+03 1.603145131318383937e+04
3.388000000000000000e+03 1.605734538341005646e+04
3.389000000000000000e+03 1.604956166040471908e+04
3.390000000000000000e+03 1.607671736880030403e+04
3.391000000000000000e+03 1.610628804679561108e+04
3.392000000000000000e+03 1.611049344851483875e+04
3.393000000000000000e+03 1.613480060326319835e+04
3.394000000000000000e+03 1.616219486646535188e+04
3.395000000000000000e+03 1.614855599344385701e+04
3.396000000000000000e+03 1.616569582436440032e+04
3.397000000000000000e+03 1.613506824839384899e+04
3.398000000000000000e+03 1.615375319932267121e+04
3.399000000000000000e+03 1.614717289709079523e+04
3.400000000000000000e+03 1.613785222151471862e+04
3.401000000000000000e+03 1.610861848170078702e+04
3.402000000000000000e+03 1.608721448555858478e+04
3.403000000000000000e+03 1.611968919593060491e+04
3.404000000000000000e+03 1.614531029815123293e+04
3.405000000000000000e+03 1.616896570384477491e+04
3.406000000000000000e+03 1.615253603018429567e+04
3.407000000000000000e+03 1.613265436213308385e+04
3.408000000000000000e+03 1.612296485886590563e+04
3.409000000000000000e+03 1.614021654793289963e+04
3.410000000000000000e+03 1.615385950141868489e+04
3.411000000000000000e+03 1.614825003268964247e+04
3.412000000000000000e+03 1.613929207696673438e+04
3.413000000000000000e+03 1.615504005400268943e+04
3.414000000000000000e+03 1.617496314065076149e+04
3.415000000000000000e+03 1.620710594835358279e+04
3.416000000000000000e+03 1.620202285314832625e+04
3.417000000000000000e+03 1.619912980281146156e+04
3.418000000000000000e+03 1.619372405333837014e+04
3.419000000000000000e+03 1.618948657356482545e+04
3.420000000000000000e+03 1.618837350860708466e+04
3.421000000000000000e+03 1.619939374746952853e+04
3.422000000000000000e+03 1.621476707434032505e+04
3.423000000000000000e+03 1.621291965308113322e+04
3.424000000000000000e+03 1.620085057506468183e+04
3.425000000000000000e+03 1.623888970148089538e+04
3.426000000000000000e+03 1.624640304743102024e+04
3.427000000000000000e+03 1.627333258848035621e+04
3.428000000000000000e+03 1.625371351951458200e+04
3.429000000000000000e+03 1.628993865905691018e+04
3.430000000000000000e+03 1.627943053355277698e+04
3.431000000000000000e+03 1.627732884106956953e+04
3.432000000000000000e+03 1.631863490601921694e+04
3.433000000000000000e+03 1.632995578229201783e+04
3.434000000000000000e+03 1.631569317132622928e+04
3.435000000000000000e+03 1.632890081495787490e+04
3.436000000000000000e+03 1.634123952450233628e+04
3.437000000000000000e+03 1.635990337168325459e+04
3.438000000000000000e+03 1.639000453914690661e+04
3.439000000000000000e+03 1.639648902790085413e+04
3.440000000000000000e+03 1.638387570898219565e+04
3.441000000000000000e+03 1.644221592937928654e+04
3.442000000000000000e+03 1.644279752222806201e+04
3.443000000000000000e+03 1.642814770524355845e+04
3.444000000000000000e+03 1.646243469785534762e+04
3.445000000000000000e+03 1.644005693522804722e+04
3.446000000000000000e+03 1.645858910023245699e+04
3.447000000000000000e+03 1.647502932037983555e+04
3.448000000000000000e+03 1.647797033914943677e+04
3.449000000000000000e+03 1.645200885380096224e+04
3.450000000000000000e+03 1.644922914271647096e+04
3.451000000000000000e+03 1.643043986945832512e+04
3.452000000000000000e+03 1.642710385772557129e+04
3.453000000000000000e+03 1.640159517988164953e+04
3.454000000000000000e+03 1.640126487555648782e+04
3.455000000000000000e+03 1.639910915356264377e+04
3.456000000000000000e+03 1.641094866945995091e+04
3.457000000000000000e+03 1.642237827897620082e+04
3.458000000000000000e+03 1.639053653291804585e+04
3.459000000000000000e+03 1.638094370411520867e+04
3.460000000000000000e+03 1.637328885303496099e+04
3.461000000000000000e+03 1.638735257458492924e+04
3.462000000000000000e+03 1.637831146681494465e+04
3.463000000000000000e+03 1.638093767076708900e+04
3.464000000000000000e+03 1.639374463107979318e+04
3.465000000000000000e+03 1.638701035896293979e+04
3.466000000000000000e+03 1.638000273423486578e+04
3.467000000000000000e+03 1.639971140088309039e+04
3.468000000000000000e+03 1.638046207233690438e+04
3.469000000000000000e+03 1.640227005909470245e+04
3.470000000000000000e+03 1.642461520271168774e+04
3.471000000000000000e+03 1.641270804502011015e+04
3.472000000000000000e+03 1.641045468306673502e+04
3.473000000000000000e+03 1.642296653622510348e+04
3.474000000000000000e+03 1.642031188979028229e+04
3.475000000000000000e+03 1.639253335888946458e+04
3.476000000000000000e+03 1.639221903869093148e+04
3.477000000000000000e+03 1.636695172743192052e+04
3.478000000000000000e+03 1.637784771005989387e+04
3.479000000000000000e+03 1.638891403299278682e+04
3.480000000000000000e+03 1.639272878128539378e+04
3.481000000000000000e+03 1.641417432136622301e+04
3.482000000000000000e+03 1.644615959485877465e+04
3.483000000000000000e+03 1.645450519914580218e+04
3.484000000000000000e+03 1.648970036850461111e+04
3.485000000000000000e+03 1.648273660514258518e+04
3.486000000000000000e+03 1.647861165490251369e+04
3.487000000000000000e+03 1.648495038079881124e+04
3.488000000000000000e+03 1.648234128480415166e+04
3.489000000000000000e+03 1.645910706832315554e+04
3.490000000000000000e+03 1.650934163325578265e+04
3.491000000000000000e+03 1.655119659949596462e+04
3.492000000000000000e+03 1.650739219780935309e+04
3.493000000000000000e+03 1.651412890856996091e+04
3.494000000000000000e+03 1.654944376869946063e+04
3.495000000000000000e+03 1.655627244133623390e+04
3.496000000000000000e+03 1.654926851050173354e+04
3.497000000000000000e+03 1.654036473659672629e+04
3.498000000000000000e+03 1.653034945250231613e+04
3.499000000000000000e+03 1.652066705795592497e+04
3.500000000000000000e+03 1.652389571427612100e+04
3.501000000000000000e+03 1.653209736289126886e+04
3.502000000000000000e+03 1.655187861673324369e+04
3.503000000000000000e+03 1.657242447422269470e+04
3.504000000000000000e+03 1.655824143252084832e+04
3.505000000000000000e+03 1.658307962794968626e+04
3.506000000000000000e+03 1.660972952420736692e+04
3.507000000000000000e+03 1.661366748662353348e+04
3.508000000000000000e+03 1.662228654666957664e+04
3.509000000000000000e+03 1.662826395232381765e+04
3.510000000000000000e+03 1.663731189930382607e+04
3.511000000000000000e+03 1.665897937664763595e+04
3.512000000000000000e+03 1.666138098299100238e+04
3.513000000000000000e+03 1.666737154237654977e+04
3.514000000000000000e+03 1.666915697802297291e+04
3.515000000000000000e+03 1.663720763846629779e+04
3.516000000000000000e+03 1.664265745174713447e+04
3.517000000000000000e+03 1.664348379971040049e+04
3.518000000000000000e+03 1.662902291590447931e+04
3.519000000000000000e+03 1.658801989556570334e+04
3.520000000000000000e+03 1.655103293279463469e+04
3.521000000000000000e+03 1.656576775828797690e+04
3.522000000000000000e+03 1.657058327544634085e+04
3.523000000000000000e+03 1.657605446305380246e+04
3.524000000000000000e+03 1.657709781742886116e+04
3.525000000000000000e+03 1.651820509868870795e+04
3.526000000000000000e+03 1.650557863084428391e+04
3.527000000000000000e+03 1.654282544287697965e+04
3.528000000000000000e+03 1.657988211892091567e+04
3.529000000000000000e+03 1.658423828873967432e+04
3.530000000000000000e+03 1.659706678134246613e+04
3.531000000000000000e+03 1.657511119568861250e+04
3.532000000000000000e+03 1.655924942045595526e+04
3.533000000000000000e+03 1.653984448257423719e+04
3.534000000000000000e+03 1.656501617654137226e+04
3.535000000000000000e+03 1.658889402310105288e+04
3.536000000000000000e+03 1.660145782141177915e+04
3.537000000000000000e+03 1.662231786198756163e+04
3.538000000000000000e+03 1.663050645630210420e+04
3.539000000000000000e+03 1.662317509996892113e+04
3.540000000000000000e+03 1.661102099546797763e+04
3.541000000000000000e+03 1.657726604998108087e+04
3.542000000000000000e+03 1.658310087722040771e+04
3.543000000000000000e+03 1.657633133238703522e+04
3.544000000000000000e+03 1.658759564346973639e+04
3.545000000000000000e+03 1.657884704496764971e+04
3.546000000000000000e+03 1.659059547135732282e+04
3.547000000000000000e+03 1.656773081188874494e+04
3.548000000000000000e+03 1.657906771418724020e+04
3.549000000000000000e+03 1.657786490988119112e+04
3.550000000000000000e+03 1.656951694316043358e+04
3.551000000000000000e+03 1.658081363524799235e+04
3.552000000000000000e+03 1.660418655570670671e+04
3.553000000000000000e+03 1.657703710670698274e+04
3.554000000000000000e+03 1.656407105500201578e+04
3.555000000000000000e+03 1.661396426076587159e+04
3.556000000000000000e+03 1.665406889207176937e+04
3.557000000000000000e+03 1.663864781067079093e+04
3.558000000000000000e+03 1.660038149745576811e+04
3.559000000000000000e+03 1.664562403237968465e+04
3.560000000000000000e+03 1.667982868640722518e+04
3.561000000000000000e+03 1.668993992746976801e+04
3.562000000000000000e+03 1.670909747318447990e+04
3.563000000000000000e+03 1.666793403630128887e+04
3.564000000000000000e+03 1.663783271892028642e+04
3.565000000000000000e+03 1.662795599001904338e+04
3.566000000000000000e+03 1.663177546876489214e+04
3.567000000000000000e+03 1.665454577956272988e+04
3.568000000000000000e+03 1.665274833444372052e+04
3.569000000000000000e+03 1.665753710729683735e+04
3.570000000000000000e+03 1.667690032894744945e+04
3.571000000000000000e+03 1.666191556000203127e+04
3.572000000000000000e+03 1.667359769697709999e+04
3.573000000000000000e+03 1.666588055267750315e+04
3.574000000000000000e+03 1.670636552274388305e+04
3.575000000000000000e+03 1.674989866517677365e+04
3.576000000000000000e+03 1.678569063427766378e+04
3.577000000000000000e+03 1.677483303658583463e+04
3.578000000000000000e+03 1.678149274604611128e+04
3.579000000000000000e+03 1.680920449252974868e+04
3.580000000000000000e+03 1.683565338977995634e+04
3.581000000000000000e+03 1.683219143514349707e+04
3.582000000000000000e+03 1.682668466142846228e+04
3.583000000000000000e+03 1.682861338709146003e+04
3.584000000000000000e+03 1.677298344716481006e+04
3.585000000000000000e+03 1.677981272190438904e+04
3.586000000000000000e+03 1.678705776944218815e+04
3.587000000000000000e+03 1.681257724324061928e+04
3.588000000000000000e+03 1.680111532520910259e+04
3.589000000000000000e+03 1.681983554563772122e+04
3.590000000000000000e+03 1.680594624854442009e+04
3.591000000000000000e+03 1.678994419854145963e+04
3.592000000000000000e+03 1.680830847200608332e+04
3.593000000000000000e+03 1.681458106391411275e+04
3.594000000000000000e+03 1.682877754662634106e+04
3.595000000000000000e+03 1.682986811503171702e+04
3.596000000000000000e+03 1.682586118936612911e+04
3.597000000000000000e+03 1.681655811242104392e+04
3.598000000000000000e+03 1.684345194560661184e+04
3.599000000000000000e+03 1.683831482966477051e+04
3.600000000000000000e+03 1.683325171221669734e+04
3.601000000000000000e+03 1.684203803403403435e+04
3.602000000000000000e+03 1.681194806934376538e+04
3.603000000000000000e+03 1.680334110780558331e+04
3.604000000000000000e+03 1.681160696441336404e+04
3.605000000000000000e+03 1.683096519090676520e+04
3.606000000000000000e+03 1.682587504595307473e+04
3.607000000000000000e+03 1.682884977296950456e+04
3.608000000000000000e+03 1.684076210906184861e+04
3.609000000000000000e+03 1.684974025877935492e+04
3.610000000000000000e+03 1.686412210830229378e+04
3.611000000000000000e+03 1.683967104307258342e+04
3.612000000000000000e+03 1.683094965148695701e+04
3.613000000000000000e+03 1.685701207971725671e+04
3.614000000000000000e+03 1.690181883440327147e+04
3.615000000000000000e+03 1.688242123008760245e+04
3.616000000000000000e+03 1.689519499327868471e+04
3.617000000000000000e+03 1.687227995534496949e+04
3.618000000000000000e+03 1.685822553833106213e+04
3.619000000000000000e+03 1.683690301001882108e+04
3.620000000000000000e+03 1.683808067924003262e+04
3.621000000000000000e+03 1.687935641047192257e+04
3.622000000000000000e+03 1.688183028983061013e+04
3.623000000000000000e+03 1.688776752435110393e+04
3.624000000000000000e+03 1.684942895382726056e+04
3.625000000000000000e+03 1.684352202358700379e+04
3.626000000000000000e+03 1.688603064841973173e+04
3.627000000000000000e+03 1.690071097817820919e+04
3.628000000000000000e+03 1.690357573904954188e+04
3.629000000000000000e+03 1.687243874275560302e+04
3.630000000000000000e+03 1.685385715937966961e+04
3.631000000000000000e+03 1.688045546245056903e+04
3.632000000000000000e+03 1.685030723855011092e+04
3.633000000000000000e+03 1.684321712129504158e+04
3.634000000000000000e+03 1.685371282943543338e+04
3.635000000000000000e+03 1.691227319091738173e+04
3.636000000000000000e+03 1.691236475578656245e+04
3.637000000000000000e+03 1.689384078174792376e+04
3.638000000000000000e+03 1.689263222483946447e+04
3.639000000000000000e+03 1.689215867717643414e+04
3.640000000000000000e+03 1.690177490252041753e+04
3.641000000000000000e+03 1.691467362500535091e+04
3.642000000000000000e+03 1.692053471435787287e+04
3.643000000000000000e+03 1.689890961485616208e+04
3.644000000000000000e+03 1.690997929597349139e+04
3.645000000000000000e+03 1.692788333108303777e+04
3.646000000000000000e+03 1.697366664970597412e+04
3.647000000000000000e+03 1.698888202977267429e+04
3.648000000000000000e+03 1.699008066409382809e+04
3.649000000000000000e+03 1.702708890922937644e+04
3.650000000000000000e+03 1.704566594211740085e+04
3.651000000000000000e+03 1.705940536287140640e+04
3.652000000000000000e+03 1.708267650802650314e+04
3.653000000000000000e+03 1.706705229966088882e+04
3.654000000000000000e+03 1.707147232190118666e+04
3.655000000000000000e+03 1.705720437019875681e+04
3.656000000000000000e+03 1.706289093618925835e+04
3.657000000000000000e+03 1.705567162822420505e+04
3.658000000000000000e+03 1.710211234909716586e+04
3.659000000000000000e+03 1.709730413771167878e+04
3.660000000000000000e+03 1.706938394645697917e+04
3.661000000000000000e+03 1.705324385481771242e+04
3.662000000000000000e+03 1.704803159360713835e+04
3.663000000000000000e+03 1.706120857877849630e+04
3.664000000000000000e+03 1.707351647120188136e+04
3.665000000000000000e+03 1.705012295803832967e+04
3.666000000000000000e+03 1.705958593783584001e+04
3.667000000000000000e+03 1.707807200347196704e+04
3.668000000000000000e+03 1.709354896865088085e+04
3.669000000000000000e+03 1.708356226711659838e+04
3.670000000000000000e+03 1.706628322518939967e+04
3.671000000000000000e+03 1.708055596704876370e+04
3.672000000000000000e+03 1.711257063705746259e+04
3.673000000000000000e+03 1.715797047688325983e+04
3.674000000000000000e+03 1.719742128662260438e+04
3.675000000000000000e+03 1.722907081488332551e+04
3.676000000000000000e+03 1.724233501702794456e+04
3.677000000000000000e+03 1.720112637797158459e+04
3.678000000000000000e+03 1.720339274521269181e+04
3.679000000000000000e+03 1.722512489654095043e+04
3.680000000000000000e+03 1.722965290117126278e+04
3.681000000000000000e+03 1.724551998307577742e+04
3.682000000000000000e+03 1.726539941652275593e+04
3.683000000000000000e+03 1.727849384126035875e+04
3.684000000000000000e+03 1.726812451337278617e+04
3.685000000000000000e+03 1.726479592054544264e+04
3.686000000000000000e+03 1.726616133518878269e+04
3.687000000000000000e+03 1.730224720051794793e+04
3.688000000000000000e+03 1.728701510018189583e+04
3.689000000000000000e+03 1.730529606358620731e+04
3.690000000000000000e+03 1.728291333324045991e+04
3.691000000000000000e+03 1.732212651213073332e+04
3.692000000000000000e+03 1.732014406342355142e+04
3.693000000000000000e+03 1.731455970835727931e+04
3.694000000000000000e+03 1.729948417437551325e+04
3.695000000000000000e+03 1.729192767489513062e+04
3.696000000000000000e+03 1.728974389601372968e+04
3.697000000000000000e+03 1.727674040653676275e+04
3.698000000000000000e+03 1.728046106879303989e+04
3.699000000000000000e+03 1.727999321647390752e+04
3.700000000000000000e+03 1.729917097855834436e+04
3.701000000000000000e+03 1.733023394856109735e+04
3.702000000000000000e+03 1.734009874701474473e+04
3.703000000000000000e+03 1.733990776081564763e+04
3.704000000000000000e+03 1.734248204102994350e+04
3.705000000000000000e+03 1.731972943008058792e+04
3.706000000000000000e+03 1.732655076143150291e+04
3.707000000000000000e+03 1.730753610299601860e+04
3.708000000000000000e+03 1.732449581035142546e+04
3.709000000000000000e+03 1.735951769477771450e+04
3.710000000000000000e+03 1.731015203233785724e+04
3.711000000000000000e+03 1.732167506028561911e+04
3.712000000000000000e+03 1.733238810778869447e+04
3.713000000000000000e+03 1.732526899581896578e+04
3.714000000000000000e+03 1.733563512386057846e+04
3.715000000000000000e+03 1.734279145850237546e+04
3.716000000000000000e+03 1.735830188381198968e+04
3.717000000000000000e+03 1.738952718885541253e+04
3.718000000000000000e+03 1.739530114182285615e+04
3.719000000000000000e+03 1.743546488728467011e+04
3.720000000000000000e+03 1.746363082118621605e+04
3.721000000000000000e+03 1.743229012948678792e+04
3.722000000000000000e+03 1.741885524749963952e+04
3.723000000000000000e+03 1.739457848336216921e+04
3.724000000000000000e+03 1.738914899603429149e+04
3.725000000000000000e+03 1.735545699322786095e+04
3.726000000000000000e+03 1.739354662847203508e+04
3.727000000000000000e+03 1.736723609433137608e+04
3.728000000000000000e+03 1.738723549100482342e+04
3.729000000000000000e+03 1.742890994607648827e+04
3.730000000000000000e+03 1.744309835746407407e+04
3.731000000000000000e+03 1.746580077469145181e+04
3.732000000000000000e+03 1.747803450108268225e+04
3.733000000000000000e+03 1.745556538393729352e+04
3.734000000000000000e+03 1.746440981937118704e+04
3.735000000000000000e+03 1.747676177485660446e+04
3.736000000000000000e+03 1.749458206574786163e+04
3.737000000000000000e+03 1.746391074008455689e+04
3.738000000000000000e+03 1.748238407737328089e+04
3.739000000000000000e+03 1.747873266955567306e+04
3.740000000000000000e+03 1.747717549995341324e+04
3.741000000000000000e+03 1.747763417000088521e+04
3.742000000000000000e+03 1.749625412004654936e+04
3.743000000000000000e+03 1.750529357925290242e+04
3.744000000000000000e+03 1.753122618303391937e+04
3.745000000000000000e+03 1.750588291696552551e+04
3.746000000000000000e+03 1.748745577744521870e+04
3.747000000000000000e+03 1.749842865114155575e+04
3.748000000000000000e+03 1.749990361307649800e+04
3.749000000000000000e+03 1.754843259921967547e+04
3.750000000000000000e+03 1.754518982730444623e+04
3.751000000000000000e+03 1.752987895502951505e+04
3.752000000000000000e+03 1.752165553981388803e+04
3.753000000000000000e+03 1.753406233540131507e+04
3.754000000000000000e+03 1.754124760851472456e+04
3.755000000000000000e+03 1.751175194002485659e+04
3.756000000000000000e+03 1.751872842806998233e+04
3.757000000000000000e+03 1.749943749136061888e+04
3.758000000000000000e+03 1.751984762747463537e+04
3.759000000000000000e+03 1.753319657966284649e+04
3.760000000000000000e+03 1.751305388847128415e+04
3.761000000000000000e+03 1.751197234201671745e+04
3.762000000000000000e+03 1.755334347008745317e+04
3.763000000000000000e+03 1.756812858843670256e+04
3.764000000000000000e+03 1.756353588941699491e+04
3.765000000000000000e+03 1.761021577758511557e+04
3.766000000000000000e+03 1.763780925625380041e+04
3.767000000000000000e+03 1.765245927095034858e+04
3.768000000000000000e+03 1.764928181408975433e+04
3.769000000000000000e+03 1.760679142344639695e+04
3.770000000000000000e+03 1.759854152249093022e+04
3.771000000000000000e+03 1.763002552159809784e+04
3.772000000000000000e+03 1.764652080111866599e+04
3.773000000000000000e+03 1.765930335194753934e+04
3.774000000000000000e+03 1.762648316578296726e+04
3.775000000000000000e+03 1.765128328755627808e+04
3.776000000000000000e+03 1.762365265098128293e+04
3.777000000000000000e+03 1.763610113388445825e+04
3.778000000000000000e+03 1.763195209942160363e+04
3.779000000000000000e+03 1.765012932594507220e+04
3.780000000000000000e+03 1.764219148491804299e+04
3.781000000000000000e+03 1.762224173956523737e+04
3.782000000000000000e+03 1.764450638291501309e+04
3.783000000000000000e+03 1.766689587891955671e+04
3.784000000000000000e+03 1.768281590600325217e+04
3.785000000000000000e+03 1.769634054270598790e+04
3.786000000000000000e+03 1.771343545413602260e+04
3.787000000000000000e+03 1.776877009121167066e+04
3.788000000000000000e+03 1.778435596430275109e+04
3.789000000000000000e+03 1.780159701274155668e+04
3.790000000000000000e+03 1.781226408624005126e+04
3.791000000000000000e+03 1.779813246505713687e+04
3.792000000000000000e+03 1.780125768586464983e+04
3.793000000000000000e+03 1.775088865923278718e+04
3.794000000000000000e+03 1.777242341557865439e+04
3.795000000000000000e+03 1.783478246070504611e+04
3.796000000000000000e+03 1.780314057087422771e+04
3.797000000000000000e+03 1.781077668598934179e+04
3.798000000000000000e+03 1.779582818580112871e+04
3.799000000000000000e+03 1.780154691942558566e+04
3.800000000000000000e+03 1.784130362892471749e+04
3.801000000000000000e+03 1.783506601106645758e+04
3.802000000000000000e+03 1.781179921391539756e+04
3.803000000000000000e+03 1.777064907332923394e+04
3.804000000000000000e+03 1.781165232850142638e+04
3.805000000000000000e+03 1.776902895883335805e+04
3.806000000000000000e+03 1.776104201034835569e+04
3.807000000000000000e+03 1.777245297552350530e+04
3.808000000000000000e+03 1.775904149715007225e+04
3.809000000000000000e+03 1.775643032556681283e+04
3.810000000000000000e+03 1.778768603977065140e+04
3.811000000000000000e+03 1.778239092363014788e+04
3.812000000000000000e+03 1.779786693410289809e+04
3.813000000000000000e+03 1.780055711402453380e+04
3.814000000000000000e+03 1.782159426200820599e+04
3.815000000000000000e+03 1.783774408549137661e+04
3.816000000000000000e+03 1.781967994257056853e+04
3.817000000000000000e+03 1.779319617822937289e+04
3.818000000000000000e+03 1.780633256873492064e+04
3.819000000000000000e+03 1.785710107301297103e+04
3.820000000000000000e+03 1.785022459971325225e+04
3.821000000000000000e+03 1.784101710908261157e+04
3.822000000000000000e+03 1.785515862160226607e+04
3.823000000000000000e+03 1.784124741678484133e+04
3.824000000000000000e+03 1.784067785781843486e+04
3.825000000000000000e+03 1.784986481553332487e+04
3.826000000000000000e+03 1.784306396569371645e+04
3.827000000000000000e+03 1.785394476520785975e+04
3.828000000000000000e+03 1.785480817789824869e+04
3.829000000000000000e+03 1.784644877698562050e+04
3.830000000000000000e+03 1.787975703870099096e+04
3.831000000000000000e+03 1.788898572457748742e+04
3.832000000000000000e+03 1.791245012047658383e+04
3.833000000000000000e+03 1.793118031350614183e+04
3.834000000000000000e+03 1.791706148854516869e+04
3.835000000000000000e+03 1.786973684326084549e+04
3.836000000000000000e+03 1.788930396562730675e+04
3.837000000000000000e+03 1.792461148097134719e+04
3.838000000000000000e+03 1.791296511706072488e+04
3.839000000000000000e+03 1.790364155475661028e+04
3.840000000000000000e+03 1.792746865983141834e+04
3.841000000000000000e+03 1.793505939162258437e+04
3.842000000000000000e+03 1.793937297207293886e+04
3.843000000000000000e+03 1.795522603170296861e+04
3.844000000000000000e+03 1.798526340006414830e+04
3.845000000000000000e+03 1.795453335750295082e+04
3.846000000000000000e+03 1.792052901136166474e+04
3.847000000000000000e+03 1.792632735808757207e+04
3.848000000000000000e+03 1.790989980385536546e+04
3.849000000000000000e+03 1.788164661447962499e+04
3.850000000000000000e+03 1.787847068773366118e+04
3.851000000000000000e+03 1.785621168309053610e+04
3.852000000000000000e+03 1.787643973959251889e+04
3.853000000000000000e+03 1.790931644182688251e+04
3.854000000000000000e+03 1.791066263866399458e+04
3.855000000000000000e+03 1.790744711847027065e+04
3.856000000000000000e+03 1.794617966089511538e+04
3.857000000000000000e+03 1.796209018402060610e+04
3.858000000000000000e+03 1.793524035383712544e+04
3.859000000000000000e+03 1.790402054594802757e+04
3.860000000000000000e+03 1.791085407452405707e+04
3.861000000000000000e+03 1.791095161550039484e+04
3.862000000000000000e+03 1.791396559319002699e+04
3.863000000000000000e+03 1.791163682536156921e+04
3.864000000000000000e+03 1.793238518894220033e+04
3.865000000000000000e+03 1.794240215848774096e+04
3.866000000000000000e+03 1.798527013402300145e+04
3.867000000000000000e+03 1.797037082042294060e+04
3.868000000000000000e+03 1.798007337166546495e+04
3.869000000000000000e+03 1.796263039235362885e+04
3.870000000000000000e+03 1.796257978118081883e+04
3.871000000000000000e+03 1.798352700170490789e+04
3.872000000000000000e+03 1.798378802751297917e+04
3.873000000000000000e+03 1.800311627995106755e+04
3.874000000000000000e+03 1.799308374805557469e+04
3.875000000000000000e+03 1.796068307257924607e+04
3.876000000000000000e+03 1.795758774797287697e+04
3.877000000000000000e+03 1.795889488082906610e+04
3.878000000000000000e+03 1.792490046129898474e+04
3.879000000000000000e+03 1.794274382772231911e+04
3.880000000000000000e+03 1.792033234837294367e+04
3.881000000000000000e+03 1.792245689270109142e+04
3.882000000000000000e+03 1.794430375131582696e+04
3.883000000000000000e+03 1.793116349834566427e+04
3.884000000000000000e+03 1.794387355195528289e+04
3.885000000000000000e+03 1.798056044814392590e+04
3.886000000000000000e+03 1.799273289791235584e+04
3.887000000000000000e+03 1.803712468041984175e+04
3.888000000000000000e+03 1.805224756851592610e+04
3.889000000000000000e+03 1.805869289957013461e+04
3.890000000000000000e+03 1.808331285929534715e+04
3.891000000000000000e+03 1.806375614086796122e+04
3.892000000000000000e+03 1.803393183925296762e+04
3.893000000000000000e+03 1.797735006953481934e+04
3.894000000000000000e+03 1.801211093493398948e+04
3.895000000000000000e+03 1.803995768818089709e+04
3.896000000000000000e+03 1.805677095296494736e+04
3.897000000000000000e+03 1.804420168980152812e+04
3.898000000000000000e+03 1.805893518201422557e+04
3.899000000000000000e+03 1.802971388048238077e+04
3.900000000000000000e+03 1.802289247546470870e+04
3.901000000000000000e+03 1.801117702687889687e+04
3.902000000000000000e+03 1.800515654714603806e+04
3.903000000000000000e+03 1.796524164770419520e+04
3.904000000000000000e+03 1.800836777616383188e+04
3.905000000000000000e+03 1.798328002139607997e+04
3.906000000000000000e+03 1.798229423799778669e+04
3.907000000000000000e+03 1.799943635378824547e+04
3.908000000000000000e+03 1.804784607026369486e+04
3.909000000000000000e+03 1.804704122465643377e+04
3.910000000000000000e+03 1.801280117528172195e+04
3.911000000000000000e+03 1.803146490781559623e+04
3.912000000000000000e+03 1.800546797800217973e+04
3.913000000000000000e+03 1.799193983734504218e+04
3.914000000000000000e+03 1.803153970857881723e+04
3.915000000000000000e+03 1.808027084774246032e+04
3.916000000000000000e+03 1.812342173322868985e+04
3.917000000000000000e+03 1.813718868604399904e+04
3.918000000000000000e+03 1.814052028617524775e+04
3.919000000000000000e+03 1.811258709503524733e+04
3.920000000000000000e+03 1.813079040713738141e+04
3.921000000000000000e+03 1.811190789433363170e+04
3.922000000000000000e+03 1.816061856389470631e+04
3.923000000000000000e+03 1.817449256257433808e+04
3.924000000000000000e+03 1.818236613874614704e+04
3.925000000000000000e+03 1.818327789128768200e+04
3.926000000000000000e+03 1.818334131098727084e+04
3.927000000000000000e+03 1.819515753986439086e+04
3.928000000000000000e+03 1.819090772557316814e+04
3.929000000000000000e+03 1.820746847827240708e+04
3.930000000000000000e+03 1.825325009760074317e+04
3.931000000000000000e+03 1.824941253848719498e+04
3.932000000000000000e+03 1.826221816661041885e+04
3.933000000000000000e+03 1.824445609614196655e+04
3.934000000000000000e+03 1.823610567803381855e+04
3.935000000000000000e+03 1.823301897585292681e+04
3.936000000000000000e+03 1.824820110057746933e+04
3.937000000000000000e+03 1.825980424917324854e+04
3.938000000000000000e+03 1.827602100012982191e+04
3.939000000000000000e+03 1.828078345044910020e+04
3.940000000000000000e+03 1.831290251744159468e+04
3.941000000000000000e+03 1.829722586132363722e+04
3.942000000000000000e+03 1.829705857884373836e+04
3.943000000000000000e+03 1.828315825696087268e+04
3.944000000000000000e+03 1.829392502036774749e+04
3.945000000000000000e+03 1.827624214261433735e+04
3.946000000000000000e+03 1.827527522166924246e+04
3.947000000000000000e+03 1.826107887293742533e+04
3.948000000000000000e+03 1.828559935918884003e+04
3.949000000000000000e+03 1.830734881667312220e+04
3.950000000000000000e+03 1.833008328500177231e+04
3.951000000000000000e+03 1.834105417489161846e+04
3.952000000000000000e+03 1.836586487312997269e+04
3.953000000000000000e+03 1.840250563018554385e+04
3.954000000000000000e+03 1.841626220721535719e+04
3.955000000000000000e+03 1.838539685918557007e+04
3.956000000000000000e+03 1.834711271361307445e+04
3.957000000000000000e+03 1.835498812497989638e+04
3.958000000000000000e+03 1.840957670277328361e+04
3.959000000000000000e+03 1.843206988782740154e+04
3.960000000000000000e+03 1.841129529453518262e+04
3.961000000000000000e+03 1.846242012345695912e+04
3.962000000000000000e+03 1.846637170197859450e+04
3.963000000000000000e+03 1.842416876960718946e+04
3.964000000000000000e+03 1.842798481367984277e+04
3.965000000000000000e+03 1.845076790880476256e+04
3.966000000000000000e+03 1.846921043754852144e+04
3.967000000000000000e+03 1.848827323132286256e+04
3.968000000000000000e+03 1.850032060046475090e+04
3.969000000000000000e+03 1.848353774937759954e+04
3.970000000000000000e+03 1.845495134805469570e+04
3.971000000000000000e+03 1.847947051644504973e+04
3.972000000000000000e+03 1.848209192454535878e+04
3.973000000000000000e+03 1.841690163972495429e+04
3.974000000000000000e+03 1.840968656923660092e+04
3.975000000000000000e+03 1.846031353943451177e+04
3.976000000000000000e+03 1.849826953810681516e+04
3.977000000000000000e+03 1.851773566338989986e+04
3.978000000000000000e+03 1.849652905578518039e+04
3.979000000000000000e+03 1.850838278067811916e+04
3.980000000000000000e+03 1.850774348503482179e+04
3.981000000000000000e+03 1.851238486539320002e+04
3.982000000000000000e+03 1.852692724772497968e+04
3.983000000000000000e+03 1.852104425634316431e+04
3.984000000000000000e+03 1.850791533881354553e+04
3.985000000000000000e+03 1.848972228119488136e+04
3.986000000000000000e+03 1.845013865432009334e+04
3.987000000000000000e+03 1.850405980635497690e+04
3.988000000000000000e+03 1.854007717239581325e+04
3.989000000000000000e+03 1.854119489525410609e+04
3.990000000000000000e+03 1.852889337174249522e+04
3.991000000000000000e+03 1.853173062812731587e+04
3.992000000000000000e+03 1.853694928921184328e+04
3.993000000000000000e+03 1.853547234434680649e+04
3.994000000000000000e+03 1.853731895533186616e+04
3.995000000000000000e+03 1.855181511190642777e+04
3.996000000000000000e+03 1.855498674771877631e+04
3.997000000000000000e+03 1.858993565631006641e+04
3.998000000000000000e+03 1.860511728069535093e+04
3.999000000000000000e+03 1.860773388918571072e+04
