# time_reduced msd_reduced
# region=central
# central=0.333333333333:0.666666666667
# outer=0:0.250000000000,0.750000000000:1
# transition=0.250000000000:0.333333333333,0.666666666667:0.750000000000
# atom_types=[2]
# n_selected=2541
# subtract_group_com_drift=True
0.000000000000000000e+00 0.000000000000000000e+00
1.000000000000000000e+00 9.299728935885060110e+00
2.000000000000000000e+00 1.475383107173074926e+01
3.000000000000000000e+00 2.046176002998595678e+01
4.000000000000000000e+00 2.663230608666039956e+01
5.000000000000000000e+00 3.239490044734571228e+01
6.000000000000000000e+00 3.731327699188063463e+01
7.000000000000000000e+00 4.262577619705668042e+01
8.000000000000000000e+00 4.780498696735278230e+01
9.000000000000000000e+00 5.411700593209567245e+01
1.000000000000000000e+01 6.043270769789146613e+01
1.100000000000000000e+01 6.817476436235114079e+01
1.200000000000000000e+01 7.398473611753816215e+01
1.300000000000000000e+01 7.866334278717535256e+01
1.400000000000000000e+01 8.436101898389566145e+01
1.500000000000000000e+01 9.092725766811528842e+01
1.600000000000000000e+01 9.888921361804541732e+01
1.700000000000000000e+01 1.054029025203652452e+02
1.800000000000000000e+01 1.102046292970563286e+02
1.900000000000000000e+01 1.172382705048961640e+02
2.000000000000000000e+01 1.203097955863477324e+02
2.100000000000000000e+01 1.269112588563789785e+02
2.200000000000000000e+01 1.341782074628969781e+02
2.300000000000000000e+01 1.395424638223454110e+02
2.400000000000000000e+01 1.440612411675845976e+02
2.500000000000000000e+01 1.493373899588761731e+02
2.600000000000000000e+01 1.539065671548381715e+02
2.700000000000000000e+01 1.633968039000374119e+02
2.800000000000000000e+01 1.680020029489226374e+02
2.900000000000000000e+01 1.741099675242562057e+02
3.000000000000000000e+01 1.795488336051849387e+02
3.100000000000000000e+01 1.827257615752772040e+02
3.200000000000000000e+01 1.854609825620680112e+02
3.300000000000000000e+01 1.897182656457944461e+02
3.400000000000000000e+01 1.949075980559647974e+02
3.500000000000000000e+01 2.013007949642315850e+02
3.600000000000000000e+01 2.020724189322260429e+02
3.700000000000000000e+01 2.084095268756780968e+02
3.800000000000000000e+01 2.153817006562556458e+02
3.900000000000000000e+01 2.188241855306995376e+02
4.000000000000000000e+01 2.230141978559235270e+02
4.100000000000000000e+01 2.295108798594367556e+02
4.200000000000000000e+01 2.382053663936654857e+02
4.300000000000000000e+01 2.410779944316165029e+02
4.400000000000000000e+01 2.481718412132385083e+02
4.500000000000000000e+01 2.552057942558392085e+02
4.600000000000000000e+01 2.582361675574539959e+02
4.700000000000000000e+01 2.624511932590255014e+02
4.800000000000000000e+01 2.706597491417952028e+02
4.900000000000000000e+01 2.791850165010868636e+02
5.000000000000000000e+01 2.845895344770053725e+02
5.100000000000000000e+01 2.896877765312819406e+02
5.200000000000000000e+01 2.945650631720886281e+02
5.300000000000000000e+01 2.987721536763423842e+02
5.400000000000000000e+01 3.025081077673942218e+02
5.500000000000000000e+01 3.091115873800180793e+02
5.600000000000000000e+01 3.126433067090310374e+02
5.700000000000000000e+01 3.221349905613976148e+02
5.800000000000000000e+01 3.276990861235470902e+02
5.900000000000000000e+01 3.342626868709481300e+02
6.000000000000000000e+01 3.436662634476138578e+02
6.100000000000000000e+01 3.503759140874525428e+02
6.200000000000000000e+01 3.526875826193513035e+02
6.300000000000000000e+01 3.575078628632656432e+02
6.400000000000000000e+01 3.641111469571492307e+02
6.500000000000000000e+01 3.726041692107256722e+02
6.600000000000000000e+01 3.807644064431740389e+02
6.700000000000000000e+01 3.836111386947589494e+02
6.800000000000000000e+01 3.939916213613568061e+02
6.900000000000000000e+01 4.060908436274006021e+02
7.000000000000000000e+01 4.118217484723745088e+02
7.100000000000000000e+01 4.111515322672228763e+02
7.200000000000000000e+01 4.138296824886257355e+02
7.300000000000000000e+01 4.197023974355548148e+02
7.400000000000000000e+01 4.178609985348988971e+02
7.500000000000000000e+01 4.224492523362551992e+02
7.600000000000000000e+01 4.337952951398063988e+02
7.700000000000000000e+01 4.424421130266775890e+02
7.800000000000000000e+01 4.524197468932032393e+02
7.900000000000000000e+01 4.553603005620316821e+02
8.000000000000000000e+01 4.608032620431488340e+02
8.100000000000000000e+01 4.603504454393017795e+02
8.200000000000000000e+01 4.628382910679600855e+02
8.300000000000000000e+01 4.671922532910265318e+02
8.400000000000000000e+01 4.778137557247003997e+02
8.500000000000000000e+01 4.785680808807985045e+02
8.600000000000000000e+01 4.850453934770756064e+02
8.700000000000000000e+01 4.907582637132179570e+02
8.800000000000000000e+01 4.971435490207636008e+02
8.900000000000000000e+01 4.975768130409800847e+02
9.000000000000000000e+01 5.028149028401151099e+02
9.100000000000000000e+01 5.042764086886135715e+02
9.200000000000000000e+01 5.145515360574217993e+02
9.300000000000000000e+01 5.232800944619240227e+02
9.400000000000000000e+01 5.321789479788146764e+02
9.500000000000000000e+01 5.356425874940066478e+02
9.600000000000000000e+01 5.422486611355154764e+02
9.700000000000000000e+01 5.456461899807942473e+02
9.800000000000000000e+01 5.474029353301598348e+02
9.900000000000000000e+01 5.571063575051525731e+02
1.000000000000000000e+02 5.622213158136963784e+02
1.010000000000000000e+02 5.668849605315798499e+02
1.020000000000000000e+02 5.820594096982300698e+02
1.030000000000000000e+02 5.836305691799625492e+02
1.040000000000000000e+02 5.865181464094781632e+02
1.050000000000000000e+02 5.880865761547547663e+02
1.060000000000000000e+02 5.940748719227152606e+02
1.070000000000000000e+02 5.984058633223262404e+02
1.080000000000000000e+02 5.980283094671432309e+02
1.090000000000000000e+02 6.002087396480299049e+02
1.100000000000000000e+02 6.065032528769272631e+02
1.110000000000000000e+02 6.111624412886169466e+02
1.120000000000000000e+02 6.226016685009686853e+02
1.130000000000000000e+02 6.245970829132329527e+02
1.140000000000000000e+02 6.345069534303464707e+02
1.150000000000000000e+02 6.376924031718083370e+02
1.160000000000000000e+02 6.509542756498308336e+02
1.170000000000000000e+02 6.622738799190735790e+02
1.180000000000000000e+02 6.673219467106566754e+02
1.190000000000000000e+02 6.779362737325320722e+02
1.200000000000000000e+02 6.787692548344567740e+02
1.210000000000000000e+02 6.838964485761345031e+02
1.220000000000000000e+02 6.841463309557974526e+02
1.230000000000000000e+02 6.900965203536362651e+02
1.240000000000000000e+02 6.999983080094009438e+02
1.250000000000000000e+02 7.139611001668550898e+02
1.260000000000000000e+02 7.216389662234504385e+02
1.270000000000000000e+02 7.250439590369871894e+02
1.280000000000000000e+02 7.313944016809541608e+02
1.290000000000000000e+02 7.374906143411583344e+02
1.300000000000000000e+02 7.383364511037081002e+02
1.310000000000000000e+02 7.447314330519658370e+02
1.320000000000000000e+02 7.514301845435855967e+02
1.330000000000000000e+02 7.566583989273105999e+02
1.340000000000000000e+02 7.620383861224566999e+02
1.350000000000000000e+02 7.709663221995217555e+02
1.360000000000000000e+02 7.779514725731347653e+02
1.370000000000000000e+02 7.897169327422126344e+02
1.380000000000000000e+02 8.014164131982741992e+02
1.390000000000000000e+02 8.106511991334990626e+02
1.400000000000000000e+02 8.239587444513769015e+02
1.410000000000000000e+02 8.357607330504484935e+02
1.420000000000000000e+02 8.429795786562767717e+02
1.430000000000000000e+02 8.504572752062219934e+02
1.440000000000000000e+02 8.551640919381726462e+02
1.450000000000000000e+02 8.600396279133268536e+02
1.460000000000000000e+02 8.618018288571743142e+02
1.470000000000000000e+02 8.627920348938559982e+02
1.480000000000000000e+02 8.583623145496055713e+02
1.490000000000000000e+02 8.593085386630497169e+02
1.500000000000000000e+02 8.716555843930556193e+02
1.510000000000000000e+02 8.753740829845024791e+02
1.520000000000000000e+02 8.766666641758944252e+02
1.530000000000000000e+02 8.873480065943076625e+02
1.540000000000000000e+02 8.899278249025740024e+02
1.550000000000000000e+02 8.909619062999336165e+02
1.560000000000000000e+02 8.948442511349437609e+02
1.570000000000000000e+02 9.010196157102361667e+02
1.580000000000000000e+02 9.044897361927468182e+02
1.590000000000000000e+02 9.070864593618447316e+02
1.600000000000000000e+02 9.108911884475575107e+02
1.610000000000000000e+02 9.176003485870126042e+02
1.620000000000000000e+02 9.202794314219196394e+02
1.630000000000000000e+02 9.311190482912109019e+02
1.640000000000000000e+02 9.368316366789850917e+02
1.650000000000000000e+02 9.503523331180525702e+02
1.660000000000000000e+02 9.464445493197709993e+02
1.670000000000000000e+02 9.472575038225414801e+02
1.680000000000000000e+02 9.570716737889206343e+02
1.690000000000000000e+02 9.714927477521978290e+02
1.700000000000000000e+02 9.726045340651157858e+02
1.710000000000000000e+02 9.762727099194556786e+02
1.720000000000000000e+02 9.843637279308694588e+02
1.730000000000000000e+02 9.996256292804539498e+02
1.740000000000000000e+02 1.003251506370251491e+03
1.750000000000000000e+02 1.011231183607951493e+03
1.760000000000000000e+02 1.013155254158845082e+03
1.770000000000000000e+02 1.009672903447257681e+03
1.780000000000000000e+02 1.016907607886093615e+03
1.790000000000000000e+02 1.029370381386284635e+03
1.800000000000000000e+02 1.030071508431657548e+03
1.810000000000000000e+02 1.043197019531200112e+03
1.820000000000000000e+02 1.048967090570082973e+03
1.830000000000000000e+02 1.057073727180498963e+03
1.840000000000000000e+02 1.060816485126904809e+03
1.850000000000000000e+02 1.074999329602319904e+03
1.860000000000000000e+02 1.077028020050978057e+03
1.870000000000000000e+02 1.090213649773792440e+03
1.880000000000000000e+02 1.096078270474375813e+03
1.890000000000000000e+02 1.099024799586633662e+03
1.900000000000000000e+02 1.102123893194799166e+03
1.910000000000000000e+02 1.104645706965144200e+03
1.920000000000000000e+02 1.113305745431013747e+03
1.930000000000000000e+02 1.117714730012369728e+03
1.940000000000000000e+02 1.126851063929526845e+03
1.950000000000000000e+02 1.126557589599002313e+03
1.960000000000000000e+02 1.139574691211496202e+03
1.970000000000000000e+02 1.141500513078231506e+03
1.980000000000000000e+02 1.141527796549001323e+03
1.990000000000000000e+02 1.155359806021655913e+03
2.000000000000000000e+02 1.156231306301338918e+03
2.010000000000000000e+02 1.161003968449143713e+03
2.020000000000000000e+02 1.158761382286111939e+03
2.030000000000000000e+02 1.159796655725586334e+03
2.040000000000000000e+02 1.171605559385793185e+03
2.050000000000000000e+02 1.179322678182145182e+03
2.060000000000000000e+02 1.174781021248456909e+03
2.070000000000000000e+02 1.185274709894928719e+03
2.080000000000000000e+02 1.191068311716783683e+03
2.090000000000000000e+02 1.190980058318239344e+03
2.100000000000000000e+02 1.198399719681218812e+03
2.110000000000000000e+02 1.205943631395242392e+03
2.120000000000000000e+02 1.210464560979353109e+03
2.130000000000000000e+02 1.211485388286941543e+03
2.140000000000000000e+02 1.225811501872725330e+03
2.150000000000000000e+02 1.230122772586210431e+03
2.160000000000000000e+02 1.241023546275563376e+03
2.170000000000000000e+02 1.252790929439301635e+03
2.180000000000000000e+02 1.258548588524280149e+03
2.190000000000000000e+02 1.266577204347955785e+03
2.200000000000000000e+02 1.278447846710832209e+03
2.210000000000000000e+02 1.283570992106486301e+03
2.220000000000000000e+02 1.283299232095863999e+03
2.230000000000000000e+02 1.289879912951563711e+03
2.240000000000000000e+02 1.295429520879770280e+03
2.250000000000000000e+02 1.304087804139793661e+03
2.260000000000000000e+02 1.310360415170649730e+03
2.270000000000000000e+02 1.312699182422917147e+03
2.280000000000000000e+02 1.321127101457351955e+03
2.290000000000000000e+02 1.324889003513202852e+03
2.300000000000000000e+02 1.327723690904894738e+03
2.310000000000000000e+02 1.331299414786726402e+03
2.320000000000000000e+02 1.340684147020659339e+03
2.330000000000000000e+02 1.352211054098172326e+03
2.340000000000000000e+02 1.362702242669032557e+03
2.350000000000000000e+02 1.367208278488424639e+03
2.360000000000000000e+02 1.380097269187784832e+03
2.370000000000000000e+02 1.386658940444327527e+03
2.380000000000000000e+02 1.389909982925855729e+03
2.390000000000000000e+02 1.395407523074771234e+03
2.400000000000000000e+02 1.400310115196679817e+03
2.410000000000000000e+02 1.408681628383226098e+03
2.420000000000000000e+02 1.404939956836097736e+03
2.430000000000000000e+02 1.411909859229329186e+03
2.440000000000000000e+02 1.430257847055557704e+03
2.450000000000000000e+02 1.435260140776939579e+03
2.460000000000000000e+02 1.435635574679341744e+03
2.470000000000000000e+02 1.435532404074494480e+03
2.480000000000000000e+02 1.443885613981506594e+03
2.490000000000000000e+02 1.450446202296610409e+03
2.500000000000000000e+02 1.446247308801885765e+03
2.510000000000000000e+02 1.454711831205271665e+03
2.520000000000000000e+02 1.455789107209054919e+03
2.530000000000000000e+02 1.454605205526492682e+03
2.540000000000000000e+02 1.464276661889230581e+03
2.550000000000000000e+02 1.465998758718635827e+03
2.560000000000000000e+02 1.470723067007779036e+03
2.570000000000000000e+02 1.468242708207098303e+03
2.580000000000000000e+02 1.476602863179455198e+03
2.590000000000000000e+02 1.478716773335328526e+03
2.600000000000000000e+02 1.488111193765351800e+03
2.610000000000000000e+02 1.499562288452169241e+03
2.620000000000000000e+02 1.501627976550874109e+03
2.630000000000000000e+02 1.516541323359712578e+03
2.640000000000000000e+02 1.522001117800502470e+03
2.650000000000000000e+02 1.526076424714963196e+03
2.660000000000000000e+02 1.523650769386235197e+03
2.670000000000000000e+02 1.531239859363473215e+03
2.680000000000000000e+02 1.532313180815160422e+03
2.690000000000000000e+02 1.542216632344558093e+03
2.700000000000000000e+02 1.553652429011471895e+03
2.710000000000000000e+02 1.553323909769045031e+03
2.720000000000000000e+02 1.569566923794599461e+03
2.730000000000000000e+02 1.573531844239617840e+03
2.740000000000000000e+02 1.578166575499532428e+03
2.750000000000000000e+02 1.578333199044468529e+03
2.760000000000000000e+02 1.578437288099617263e+03
2.770000000000000000e+02 1.580069227464474579e+03
2.780000000000000000e+02 1.583573836613438289e+03
2.790000000000000000e+02 1.588780357482093677e+03
2.800000000000000000e+02 1.602288799684617970e+03
2.810000000000000000e+02 1.603889085866051346e+03
2.820000000000000000e+02 1.608834618267781707e+03
2.830000000000000000e+02 1.613253627587881965e+03
2.840000000000000000e+02 1.597053974650785221e+03
2.850000000000000000e+02 1.615492075955122800e+03
2.860000000000000000e+02 1.633320500162768894e+03
2.870000000000000000e+02 1.638824879179269828e+03
2.880000000000000000e+02 1.644221475461094997e+03
2.890000000000000000e+02 1.668398868640028240e+03
2.900000000000000000e+02 1.663949933731875717e+03
2.910000000000000000e+02 1.670695475052378697e+03
2.920000000000000000e+02 1.676112353193593890e+03
2.930000000000000000e+02 1.677942609242851177e+03
2.940000000000000000e+02 1.687884412515084932e+03
2.950000000000000000e+02 1.697242823566823517e+03
2.960000000000000000e+02 1.702987981671098396e+03
2.970000000000000000e+02 1.711396103361714495e+03
2.980000000000000000e+02 1.727182617826201067e+03
2.990000000000000000e+02 1.722483285738395352e+03
3.000000000000000000e+02 1.729087948327366576e+03
3.010000000000000000e+02 1.727964784034128797e+03
3.020000000000000000e+02 1.735986371265874141e+03
3.030000000000000000e+02 1.751853150898433114e+03
3.040000000000000000e+02 1.748358694646828553e+03
3.050000000000000000e+02 1.752890717444277243e+03
3.060000000000000000e+02 1.748590114171452569e+03
3.070000000000000000e+02 1.752257736984360690e+03
3.080000000000000000e+02 1.761606304515023339e+03
3.090000000000000000e+02 1.763306304611282485e+03
3.100000000000000000e+02 1.778022427983592252e+03
3.110000000000000000e+02 1.781061030656190951e+03
3.120000000000000000e+02 1.783490575115833508e+03
3.130000000000000000e+02 1.790780492320644271e+03
3.140000000000000000e+02 1.798171787084467041e+03
3.150000000000000000e+02 1.793440119088958454e+03
3.160000000000000000e+02 1.790840166559042018e+03
3.170000000000000000e+02 1.783794148169576602e+03
3.180000000000000000e+02 1.782984185704763604e+03
3.190000000000000000e+02 1.792637342865056098e+03
3.200000000000000000e+02 1.812334244278632241e+03
3.210000000000000000e+02 1.824633818754680760e+03
3.220000000000000000e+02 1.833260458703673748e+03
3.230000000000000000e+02 1.843183369613544755e+03
3.240000000000000000e+02 1.858819192275872183e+03
3.250000000000000000e+02 1.869096825828291230e+03
3.260000000000000000e+02 1.866030906860401728e+03
3.270000000000000000e+02 1.877338229990711170e+03
3.280000000000000000e+02 1.882333336471866687e+03
3.290000000000000000e+02 1.874328281733590757e+03
3.300000000000000000e+02 1.874138568069755365e+03
3.310000000000000000e+02 1.881738161402444121e+03
3.320000000000000000e+02 1.875483144924926364e+03
3.330000000000000000e+02 1.877686518352951452e+03
3.340000000000000000e+02 1.873996493728780933e+03
3.350000000000000000e+02 1.886304683546813749e+03
3.360000000000000000e+02 1.903543458423379661e+03
3.370000000000000000e+02 1.911940889348132259e+03
3.380000000000000000e+02 1.922706806217499434e+03
3.390000000000000000e+02 1.937554988456118053e+03
3.400000000000000000e+02 1.941924713744894689e+03
3.410000000000000000e+02 1.943463417849505277e+03
3.420000000000000000e+02 1.947824124118523514e+03
3.430000000000000000e+02 1.952363040765749702e+03
3.440000000000000000e+02 1.957784220083045284e+03
3.450000000000000000e+02 1.965780616694104083e+03
3.460000000000000000e+02 1.973905788678796853e+03
3.470000000000000000e+02 1.974700185464254446e+03
3.480000000000000000e+02 1.980301466531973119e+03
3.490000000000000000e+02 1.981014932982797973e+03
3.500000000000000000e+02 1.990378251543533452e+03
3.510000000000000000e+02 1.986610370004865672e+03
3.520000000000000000e+02 1.997109183932796668e+03
3.530000000000000000e+02 2.005142682190831238e+03
3.540000000000000000e+02 2.008334786991144256e+03
3.550000000000000000e+02 2.022620325514801834e+03
3.560000000000000000e+02 2.034485123157611270e+03
3.570000000000000000e+02 2.037400502870274295e+03
3.580000000000000000e+02 2.029676880868406897e+03
3.590000000000000000e+02 2.024950950229600494e+03
3.600000000000000000e+02 2.039248726826528355e+03
3.610000000000000000e+02 2.045842955174310418e+03
3.620000000000000000e+02 2.063023590586410137e+03
3.630000000000000000e+02 2.068411478307318248e+03
3.640000000000000000e+02 2.065467438582517843e+03
3.650000000000000000e+02 2.056073005495306461e+03
3.660000000000000000e+02 2.058235309031105771e+03
3.670000000000000000e+02 2.069047187803389988e+03
3.680000000000000000e+02 2.078847546153913299e+03
3.690000000000000000e+02 2.093608765054339528e+03
3.700000000000000000e+02 2.102566081108348044e+03
3.710000000000000000e+02 2.111873370599133523e+03
3.720000000000000000e+02 2.111866255555540647e+03
3.730000000000000000e+02 2.114841379085214612e+03
3.740000000000000000e+02 2.107905695605326400e+03
3.750000000000000000e+02 2.104473271498795839e+03
3.760000000000000000e+02 2.110405327299049532e+03
3.770000000000000000e+02 2.123493924468711612e+03
3.780000000000000000e+02 2.141771103615292759e+03
3.790000000000000000e+02 2.144716548979435174e+03
3.800000000000000000e+02 2.147965640908854766e+03
3.810000000000000000e+02 2.139659137237399136e+03
3.820000000000000000e+02 2.146716658144499434e+03
3.830000000000000000e+02 2.142130822354166412e+03
3.840000000000000000e+02 2.159222726314995271e+03
3.850000000000000000e+02 2.165248904414275330e+03
3.860000000000000000e+02 2.172216730346571239e+03
3.870000000000000000e+02 2.158879142378843426e+03
3.880000000000000000e+02 2.167797229175329448e+03
3.890000000000000000e+02 2.186227916031075893e+03
3.900000000000000000e+02 2.183715195191371095e+03
3.910000000000000000e+02 2.192814820743574728e+03
3.920000000000000000e+02 2.191958643241835489e+03
3.930000000000000000e+02 2.219730039361060790e+03
3.940000000000000000e+02 2.227863370014283646e+03
3.950000000000000000e+02 2.228472724764415489e+03
3.960000000000000000e+02 2.228057810288849396e+03
3.970000000000000000e+02 2.239533263903689203e+03
3.980000000000000000e+02 2.251951795880484042e+03
3.990000000000000000e+02 2.262816912259724631e+03
4.000000000000000000e+02 2.271332799477917433e+03
4.010000000000000000e+02 2.277305820726279762e+03
4.020000000000000000e+02 2.270778482200956660e+03
4.030000000000000000e+02 2.280029118133357770e+03
4.040000000000000000e+02 2.283847822059924511e+03
4.050000000000000000e+02 2.287599719659152470e+03
4.060000000000000000e+02 2.299648907242937639e+03
4.070000000000000000e+02 2.296416028723006548e+03
4.080000000000000000e+02 2.302634928812394719e+03
4.090000000000000000e+02 2.305096760890724909e+03
4.100000000000000000e+02 2.308972304830715075e+03
4.110000000000000000e+02 2.318928385252967473e+03
4.120000000000000000e+02 2.333197559377639664e+03
4.130000000000000000e+02 2.334786329932495391e+03
4.140000000000000000e+02 2.350679606635133041e+03
4.150000000000000000e+02 2.355111676846243427e+03
4.160000000000000000e+02 2.365868554814158415e+03
4.170000000000000000e+02 2.373845274260542283e+03
4.180000000000000000e+02 2.386280762447338930e+03
4.190000000000000000e+02 2.382692786541700571e+03
4.200000000000000000e+02 2.383613700956379489e+03
4.210000000000000000e+02 2.396556434965715198e+03
4.220000000000000000e+02 2.410220704457955890e+03
4.230000000000000000e+02 2.404451066253113368e+03
4.240000000000000000e+02 2.427849189343453418e+03
4.250000000000000000e+02 2.429515909438131075e+03
4.260000000000000000e+02 2.441607657760210714e+03
4.270000000000000000e+02 2.436860925754345317e+03
4.280000000000000000e+02 2.462867940567413825e+03
4.290000000000000000e+02 2.474781208652119858e+03
4.300000000000000000e+02 2.479029712403238591e+03
4.310000000000000000e+02 2.488481582662767778e+03
4.320000000000000000e+02 2.488525657795275947e+03
4.330000000000000000e+02 2.498316979772274863e+03
4.340000000000000000e+02 2.506163641832409667e+03
4.350000000000000000e+02 2.497230516816719046e+03
4.360000000000000000e+02 2.494617879378070938e+03
4.370000000000000000e+02 2.503665463350260779e+03
4.380000000000000000e+02 2.507346137336495758e+03
4.390000000000000000e+02 2.524894185839852980e+03
4.400000000000000000e+02 2.525028942669967819e+03
4.410000000000000000e+02 2.528703467105234267e+03
4.420000000000000000e+02 2.531926834289284216e+03
4.430000000000000000e+02 2.540792730032848795e+03
4.440000000000000000e+02 2.547171722750458684e+03
4.450000000000000000e+02 2.547857196885665417e+03
4.460000000000000000e+02 2.558140580003978357e+03
4.470000000000000000e+02 2.564594022020984994e+03
4.480000000000000000e+02 2.557451673459841004e+03
4.490000000000000000e+02 2.550308578525452504e+03
4.500000000000000000e+02 2.561961261880159782e+03
4.510000000000000000e+02 2.556595508180951583e+03
4.520000000000000000e+02 2.575949143160987660e+03
4.530000000000000000e+02 2.584251332982292297e+03
4.540000000000000000e+02 2.589021852245164155e+03
4.550000000000000000e+02 2.599326331690712777e+03
4.560000000000000000e+02 2.614489127584487960e+03
4.570000000000000000e+02 2.618854426143144792e+03
4.580000000000000000e+02 2.615467068344045401e+03
4.590000000000000000e+02 2.633157108505355609e+03
4.600000000000000000e+02 2.637460185501498927e+03
4.610000000000000000e+02 2.637995309093118976e+03
4.620000000000000000e+02 2.643548137220298031e+03
4.630000000000000000e+02 2.649027706298812063e+03
4.640000000000000000e+02 2.651521219674704753e+03
4.650000000000000000e+02 2.666855560783020337e+03
4.660000000000000000e+02 2.677519070388110777e+03
4.670000000000000000e+02 2.688878206615341696e+03
4.680000000000000000e+02 2.688760761278531390e+03
4.690000000000000000e+02 2.681497750853121488e+03
4.700000000000000000e+02 2.688231860987898017e+03
4.710000000000000000e+02 2.697693885793179106e+03
4.720000000000000000e+02 2.714421231513042130e+03
4.730000000000000000e+02 2.725109530571416144e+03
4.740000000000000000e+02 2.729698222732199611e+03
4.750000000000000000e+02 2.736789884684053050e+03
4.760000000000000000e+02 2.732805303689377524e+03
4.770000000000000000e+02 2.738624045789502816e+03
4.780000000000000000e+02 2.747109369030793459e+03
4.790000000000000000e+02 2.761198078027283827e+03
4.800000000000000000e+02 2.749637851275584126e+03
4.810000000000000000e+02 2.750362901255858560e+03
4.820000000000000000e+02 2.759304424840702723e+03
4.830000000000000000e+02 2.772999250305331771e+03
4.840000000000000000e+02 2.787474611119629117e+03
4.850000000000000000e+02 2.799433043494510912e+03
4.860000000000000000e+02 2.814496937839212933e+03
4.870000000000000000e+02 2.807656684882114860e+03
4.880000000000000000e+02 2.798978801778298475e+03
4.890000000000000000e+02 2.802617726283338470e+03
4.900000000000000000e+02 2.803477325145782288e+03
4.910000000000000000e+02 2.811426803300717893e+03
4.920000000000000000e+02 2.822863557385661352e+03
4.930000000000000000e+02 2.827639156920022288e+03
4.940000000000000000e+02 2.837027322828083470e+03
4.950000000000000000e+02 2.824888247365750885e+03
4.960000000000000000e+02 2.828542675276731643e+03
4.970000000000000000e+02 2.850008941369362674e+03
4.980000000000000000e+02 2.868975271039752897e+03
4.990000000000000000e+02 2.894537357714572408e+03
5.000000000000000000e+02 2.896816654276316058e+03
5.010000000000000000e+02 2.902903719900266879e+03
5.020000000000000000e+02 2.912695085080928038e+03
5.030000000000000000e+02 2.905171492107876020e+03
5.040000000000000000e+02 2.913178706112046711e+03
5.050000000000000000e+02 2.926264681540579659e+03
5.060000000000000000e+02 2.945201134361487675e+03
5.070000000000000000e+02 2.947270732815446081e+03
5.080000000000000000e+02 2.945990862860227480e+03
5.090000000000000000e+02 2.953689054166146889e+03
5.100000000000000000e+02 2.956845347292533461e+03
5.110000000000000000e+02 2.967844993201306806e+03
5.120000000000000000e+02 2.966112601065114632e+03
5.130000000000000000e+02 2.966183793108161353e+03
5.140000000000000000e+02 2.977475425825647562e+03
5.150000000000000000e+02 2.979389773939383758e+03
5.160000000000000000e+02 2.986100545423593758e+03
5.170000000000000000e+02 2.989235959261010521e+03
5.180000000000000000e+02 3.009146184468159845e+03
5.190000000000000000e+02 3.021656586074483130e+03
5.200000000000000000e+02 3.011738787326392867e+03
5.210000000000000000e+02 3.015641146161037341e+03
5.220000000000000000e+02 3.007852624218359779e+03
5.230000000000000000e+02 3.001199932454426744e+03
5.240000000000000000e+02 2.999693973846439803e+03
5.250000000000000000e+02 3.006643345657827012e+03
5.260000000000000000e+02 3.017537729326844328e+03
5.270000000000000000e+02 3.029475281952565183e+03
5.280000000000000000e+02 3.041239821434184250e+03
5.290000000000000000e+02 3.043945527994343138e+03
5.300000000000000000e+02 3.043743795144213436e+03
5.310000000000000000e+02 3.050756591031698463e+03
5.320000000000000000e+02 3.058353396046342823e+03
5.330000000000000000e+02 3.074175461521330817e+03
5.340000000000000000e+02 3.081025681279239052e+03
5.350000000000000000e+02 3.078315068132098077e+03
5.360000000000000000e+02 3.097472729956106832e+03
5.370000000000000000e+02 3.114241983126961259e+03
5.380000000000000000e+02 3.108840848935895792e+03
5.390000000000000000e+02 3.122196506981794300e+03
5.400000000000000000e+02 3.117038268693342616e+03
5.410000000000000000e+02 3.124327409895139681e+03
5.420000000000000000e+02 3.135074591800680992e+03
5.430000000000000000e+02 3.151220614395831035e+03
5.440000000000000000e+02 3.154968120158116108e+03
5.450000000000000000e+02 3.137903395998941505e+03
5.460000000000000000e+02 3.149217468964421187e+03
5.470000000000000000e+02 3.140338518157404906e+03
5.480000000000000000e+02 3.139773058595617385e+03
5.490000000000000000e+02 3.151449566733816482e+03
5.500000000000000000e+02 3.142323294924618040e+03
5.510000000000000000e+02 3.145477743473688861e+03
5.520000000000000000e+02 3.149526016675229585e+03
5.530000000000000000e+02 3.160036712444744353e+03
5.540000000000000000e+02 3.165582857894421977e+03
5.550000000000000000e+02 3.156481221372317577e+03
5.560000000000000000e+02 3.148093014966460032e+03
5.570000000000000000e+02 3.131239338310953826e+03
5.580000000000000000e+02 3.138025112016873663e+03
5.590000000000000000e+02 3.137840950589259592e+03
5.600000000000000000e+02 3.126148106648854082e+03
5.610000000000000000e+02 3.134074598071489163e+03
5.620000000000000000e+02 3.146814064648900512e+03
5.630000000000000000e+02 3.148475756944142177e+03
5.640000000000000000e+02 3.152884293786010403e+03
5.650000000000000000e+02 3.140622969118558103e+03
5.660000000000000000e+02 3.143427527772000758e+03
5.670000000000000000e+02 3.150889283866173173e+03
5.680000000000000000e+02 3.152765021905894628e+03
5.690000000000000000e+02 3.150850722631716508e+03
5.700000000000000000e+02 3.159382309456672374e+03
5.710000000000000000e+02 3.160253409282989196e+03
5.720000000000000000e+02 3.156850558617414208e+03
5.730000000000000000e+02 3.165434325411212285e+03
5.740000000000000000e+02 3.172289897377087982e+03
5.750000000000000000e+02 3.186159808493833225e+03
5.760000000000000000e+02 3.206647360495009252e+03
5.770000000000000000e+02 3.210128824754142897e+03
5.780000000000000000e+02 3.201790612303775561e+03
5.790000000000000000e+02 3.208079077693416366e+03
5.800000000000000000e+02 3.209413038026184495e+03
5.810000000000000000e+02 3.211531095300779725e+03
5.820000000000000000e+02 3.227900022312185683e+03
5.830000000000000000e+02 3.216723879373368618e+03
5.840000000000000000e+02 3.216742934037421492e+03
5.850000000000000000e+02 3.221046512786210315e+03
5.860000000000000000e+02 3.255028620787789350e+03
5.870000000000000000e+02 3.262523920832285967e+03
5.880000000000000000e+02 3.269177104430060808e+03
5.890000000000000000e+02 3.290405149101123698e+03
5.900000000000000000e+02 3.303857977404973553e+03
5.910000000000000000e+02 3.310720126737606279e+03
5.920000000000000000e+02 3.334737163597137169e+03
5.930000000000000000e+02 3.347631432837474222e+03
5.940000000000000000e+02 3.322271149550922473e+03
5.950000000000000000e+02 3.316456477039154379e+03
5.960000000000000000e+02 3.314137585064715950e+03
5.970000000000000000e+02 3.325933770621079020e+03
5.980000000000000000e+02 3.329471757750652614e+03
5.990000000000000000e+02 3.326202839484299602e+03
6.000000000000000000e+02 3.341132868162862451e+03
6.010000000000000000e+02 3.345661617481621306e+03
6.020000000000000000e+02 3.352611310843439242e+03
6.030000000000000000e+02 3.357742336294420056e+03
6.040000000000000000e+02 3.361487966093935029e+03
6.050000000000000000e+02 3.363788150692085310e+03
6.060000000000000000e+02 3.357298942730380531e+03
6.070000000000000000e+02 3.365311867355043887e+03
6.080000000000000000e+02 3.386928116400818908e+03
6.090000000000000000e+02 3.406739118229499582e+03
6.100000000000000000e+02 3.399128469994129773e+03
6.110000000000000000e+02 3.391596603802963728e+03
6.120000000000000000e+02 3.411931123717092305e+03
6.130000000000000000e+02 3.435297263561720683e+03
6.140000000000000000e+02 3.439510086709492043e+03
6.150000000000000000e+02 3.452455254205018264e+03
6.160000000000000000e+02 3.458242354058365436e+03
6.170000000000000000e+02 3.478214102864368215e+03
6.180000000000000000e+02 3.486798508755587136e+03
6.190000000000000000e+02 3.489916882477759373e+03
6.200000000000000000e+02 3.493922920229490501e+03
6.210000000000000000e+02 3.492120211993650173e+03
6.220000000000000000e+02 3.509002845763836376e+03
6.230000000000000000e+02 3.514924395263562928e+03
6.240000000000000000e+02 3.523611458623615363e+03
6.250000000000000000e+02 3.525198692809051408e+03
6.260000000000000000e+02 3.531474503562988957e+03
6.270000000000000000e+02 3.536312186994294279e+03
6.280000000000000000e+02 3.541249085399044816e+03
6.290000000000000000e+02 3.546128333503689191e+03
6.300000000000000000e+02 3.542228928155435369e+03
6.310000000000000000e+02 3.530465676337149034e+03
6.320000000000000000e+02 3.548698474161270497e+03
6.330000000000000000e+02 3.547243120476364311e+03
6.340000000000000000e+02 3.561383643575178212e+03
6.350000000000000000e+02 3.591331096808004077e+03
6.360000000000000000e+02 3.604374647747575636e+03
6.370000000000000000e+02 3.606297473760439061e+03
6.380000000000000000e+02 3.616516601957764124e+03
6.390000000000000000e+02 3.603545209279126084e+03
6.400000000000000000e+02 3.601377882829418922e+03
6.410000000000000000e+02 3.620093841042972144e+03
6.420000000000000000e+02 3.639034830194911592e+03
6.430000000000000000e+02 3.650508117200176457e+03
6.440000000000000000e+02 3.650208437201241850e+03
6.450000000000000000e+02 3.657799374824818642e+03
6.460000000000000000e+02 3.663011155016685279e+03
6.470000000000000000e+02 3.655837342583964073e+03
6.480000000000000000e+02 3.657499183574522249e+03
6.490000000000000000e+02 3.667320134892904207e+03
6.500000000000000000e+02 3.664200163596488437e+03
6.510000000000000000e+02 3.663012851818274612e+03
6.520000000000000000e+02 3.671509934376329966e+03
6.530000000000000000e+02 3.694540221139998266e+03
6.540000000000000000e+02 3.693379378656483368e+03
6.550000000000000000e+02 3.698094564477959466e+03
6.560000000000000000e+02 3.724415852728721802e+03
6.570000000000000000e+02 3.726236079037419586e+03
6.580000000000000000e+02 3.722331360243132622e+03
6.590000000000000000e+02 3.729009959579212591e+03
6.600000000000000000e+02 3.719356852381381941e+03
6.610000000000000000e+02 3.695667883105620604e+03
6.620000000000000000e+02 3.721246002459784449e+03
6.630000000000000000e+02 3.723223443397235314e+03
6.640000000000000000e+02 3.733571611511112224e+03
6.650000000000000000e+02 3.744093912289310992e+03
6.660000000000000000e+02 3.751899614172523798e+03
6.670000000000000000e+02 3.732616468842471477e+03
6.680000000000000000e+02 3.741232431797906884e+03
6.690000000000000000e+02 3.740368949301830980e+03
6.700000000000000000e+02 3.742964253679971989e+03
6.710000000000000000e+02 3.761248643064084717e+03
6.720000000000000000e+02 3.777827501625218247e+03
6.730000000000000000e+02 3.788105225805195914e+03
6.740000000000000000e+02 3.786943011357085197e+03
6.750000000000000000e+02 3.793742550384957667e+03
6.760000000000000000e+02 3.797389443177452904e+03
6.770000000000000000e+02 3.806992120263263132e+03
6.780000000000000000e+02 3.822883006314849354e+03
6.790000000000000000e+02 3.820440064657573203e+03
6.800000000000000000e+02 3.831583324595841077e+03
6.810000000000000000e+02 3.819563538714620336e+03
6.820000000000000000e+02 3.825245193129303516e+03
6.830000000000000000e+02 3.837066529339322187e+03
6.840000000000000000e+02 3.847613113358662304e+03
6.850000000000000000e+02 3.857668013578206228e+03
6.860000000000000000e+02 3.870264413321644952e+03
6.870000000000000000e+02 3.877356468466047318e+03
6.880000000000000000e+02 3.881656470621521294e+03
6.890000000000000000e+02 3.872686861854907875e+03
6.900000000000000000e+02 3.862141523657728158e+03
6.910000000000000000e+02 3.886568751197471556e+03
6.920000000000000000e+02 3.907532078508399081e+03
6.930000000000000000e+02 3.928893126212318293e+03
6.940000000000000000e+02 3.931652480114430091e+03
6.950000000000000000e+02 3.942195527315191157e+03
6.960000000000000000e+02 3.947991833042607141e+03
6.970000000000000000e+02 3.947681618342682668e+03
6.980000000000000000e+02 3.952362610476878217e+03
6.990000000000000000e+02 3.965163246616873039e+03
7.000000000000000000e+02 3.976452997438329476e+03
7.010000000000000000e+02 3.983825742732966773e+03
7.020000000000000000e+02 3.971535453453457649e+03
7.030000000000000000e+02 3.984946283049359408e+03
7.040000000000000000e+02 3.984067800523470396e+03
7.050000000000000000e+02 4.002737339549405988e+03
7.060000000000000000e+02 4.013258775068908108e+03
7.070000000000000000e+02 4.020358553101668804e+03
7.080000000000000000e+02 4.011156972609018339e+03
7.090000000000000000e+02 4.015166097372613422e+03
7.100000000000000000e+02 4.023139053615190733e+03
7.110000000000000000e+02 4.025419015208557539e+03
7.120000000000000000e+02 4.025895362000474051e+03
7.130000000000000000e+02 4.029977845842568513e+03
7.140000000000000000e+02 4.017618420454662100e+03
7.150000000000000000e+02 4.017214994766444761e+03
7.160000000000000000e+02 4.029404783441489144e+03
7.170000000000000000e+02 4.044408859252644561e+03
7.180000000000000000e+02 4.066945315105864665e+03
7.190000000000000000e+02 4.062903482509361311e+03
7.200000000000000000e+02 4.062797053858561412e+03
7.210000000000000000e+02 4.060387985284851311e+03
7.220000000000000000e+02 4.062407264494174797e+03
7.230000000000000000e+02 4.059216982880734122e+03
7.240000000000000000e+02 4.057405047209589611e+03
7.250000000000000000e+02 4.055149264662487440e+03
7.260000000000000000e+02 4.050427793291736634e+03
7.270000000000000000e+02 4.061208716491631094e+03
7.280000000000000000e+02 4.051477958205414325e+03
7.290000000000000000e+02 4.071830888395859347e+03
7.300000000000000000e+02 4.072161619405681904e+03
7.310000000000000000e+02 4.092397666322545319e+03
7.320000000000000000e+02 4.102535180442157071e+03
7.330000000000000000e+02 4.110105534007767346e+03
7.340000000000000000e+02 4.104886476058804874e+03
7.350000000000000000e+02 4.109878689447057695e+03
7.360000000000000000e+02 4.118765461447448615e+03
7.370000000000000000e+02 4.125232509318720076e+03
7.380000000000000000e+02 4.129748908576014401e+03
7.390000000000000000e+02 4.149735251187289578e+03
7.400000000000000000e+02 4.150544373435654052e+03
7.410000000000000000e+02 4.155431814463505361e+03
7.420000000000000000e+02 4.165718298595841588e+03
7.430000000000000000e+02 4.168417177575028290e+03
7.440000000000000000e+02 4.182441618997357182e+03
7.450000000000000000e+02 4.187959824170485263e+03
7.460000000000000000e+02 4.196860291283393053e+03
7.470000000000000000e+02 4.205839263798035972e+03
7.480000000000000000e+02 4.222473473187073978e+03
7.490000000000000000e+02 4.219841968408775756e+03
7.500000000000000000e+02 4.231673444026559991e+03
7.510000000000000000e+02 4.245674249797814809e+03
7.520000000000000000e+02 4.245627473804362126e+03
7.530000000000000000e+02 4.264106772384641772e+03
7.540000000000000000e+02 4.256798671672694582e+03
7.550000000000000000e+02 4.255368436216316695e+03
7.560000000000000000e+02 4.271045081033408678e+03
7.570000000000000000e+02 4.286799790613283221e+03
7.580000000000000000e+02 4.287643722017947766e+03
7.590000000000000000e+02 4.279114470129275105e+03
7.600000000000000000e+02 4.273736307725584084e+03
7.610000000000000000e+02 4.287224240352999004e+03
7.620000000000000000e+02 4.281063459394354140e+03
7.630000000000000000e+02 4.278277642309156363e+03
7.640000000000000000e+02 4.279136278447233963e+03
7.650000000000000000e+02 4.291145550850244035e+03
7.660000000000000000e+02 4.307191968343149711e+03
7.670000000000000000e+02 4.308260145314746296e+03
7.680000000000000000e+02 4.314923095218619892e+03
7.690000000000000000e+02 4.327671301950916131e+03
7.700000000000000000e+02 4.329332088914489759e+03
7.710000000000000000e+02 4.333039152973648925e+03
7.720000000000000000e+02 4.330070843853039150e+03
7.730000000000000000e+02 4.353741463439267136e+03
7.740000000000000000e+02 4.351002995014701810e+03
7.750000000000000000e+02 4.348828300295552253e+03
7.760000000000000000e+02 4.352575125651675990e+03
7.770000000000000000e+02 4.374033279282558397e+03
7.780000000000000000e+02 4.379986192840623517e+03
7.790000000000000000e+02 4.386269380042301236e+03
7.800000000000000000e+02 4.373112373443621436e+03
7.810000000000000000e+02 4.381288492123320793e+03
7.820000000000000000e+02 4.382949045290281902e+03
7.830000000000000000e+02 4.386147204815960322e+03
7.840000000000000000e+02 4.382235206061596728e+03
7.850000000000000000e+02 4.376149182183165067e+03
7.860000000000000000e+02 4.390980364134338743e+03
7.870000000000000000e+02 4.391153673653974693e+03
7.880000000000000000e+02 4.387248829912448855e+03
7.890000000000000000e+02 4.396239244973493442e+03
7.900000000000000000e+02 4.400049978780499259e+03
7.910000000000000000e+02 4.379145525435559648e+03
7.920000000000000000e+02 4.394921127403337778e+03
7.930000000000000000e+02 4.390426467394647261e+03
7.940000000000000000e+02 4.393947182392431387e+03
7.950000000000000000e+02 4.402234239946493290e+03
7.960000000000000000e+02 4.394029936935633486e+03
7.970000000000000000e+02 4.407332222284867385e+03
7.980000000000000000e+02 4.420690361943629796e+03
7.990000000000000000e+02 4.430961122091443031e+03
8.000000000000000000e+02 4.420445818575346493e+03
8.010000000000000000e+02 4.430760569243403552e+03
8.020000000000000000e+02 4.418864056755216552e+03
8.030000000000000000e+02 4.426681587222860799e+03
8.040000000000000000e+02 4.438866911899084698e+03
8.050000000000000000e+02 4.445991843721335499e+03
8.060000000000000000e+02 4.466096668561545812e+03
8.070000000000000000e+02 4.480206945225035270e+03
8.080000000000000000e+02 4.478056477621243175e+03
8.090000000000000000e+02 4.482163037998787331e+03
8.100000000000000000e+02 4.484108213946676187e+03
8.110000000000000000e+02 4.489240754485465004e+03
8.120000000000000000e+02 4.516557958560569205e+03
8.130000000000000000e+02 4.520809065579693197e+03
8.140000000000000000e+02 4.538837986933684078e+03
8.150000000000000000e+02 4.548147122755336568e+03
8.160000000000000000e+02 4.540248753395420863e+03
8.170000000000000000e+02 4.548955941095587150e+03
8.180000000000000000e+02 4.548636783053680119e+03
8.190000000000000000e+02 4.551674014889513273e+03
8.200000000000000000e+02 4.547257967652023581e+03
8.210000000000000000e+02 4.555288169941223714e+03
8.220000000000000000e+02 4.547593305655691438e+03
8.230000000000000000e+02 4.540019579647530918e+03
8.240000000000000000e+02 4.555125313913024911e+03
8.250000000000000000e+02 4.577347722337603955e+03
8.260000000000000000e+02 4.601682722587253011e+03
8.270000000000000000e+02 4.588698838610633175e+03
8.280000000000000000e+02 4.611251493184627179e+03
8.290000000000000000e+02 4.621877811518354065e+03
8.300000000000000000e+02 4.612353945396655945e+03
8.310000000000000000e+02 4.605124973894161485e+03
8.320000000000000000e+02 4.589962795350162196e+03
8.330000000000000000e+02 4.596543634377817398e+03
8.340000000000000000e+02 4.603700267196219102e+03
8.350000000000000000e+02 4.604816968727876883e+03
8.360000000000000000e+02 4.606203651898907083e+03
8.370000000000000000e+02 4.625162103276968082e+03
8.380000000000000000e+02 4.620368072288948497e+03
8.390000000000000000e+02 4.630974997380828427e+03
8.400000000000000000e+02 4.635514170260233186e+03
8.410000000000000000e+02 4.644968841269969744e+03
8.420000000000000000e+02 4.638132537927837802e+03
8.430000000000000000e+02 4.641296835440735777e+03
8.440000000000000000e+02 4.661255830351076838e+03
8.450000000000000000e+02 4.668366635410818162e+03
8.460000000000000000e+02 4.676827465301768825e+03
8.470000000000000000e+02 4.679179118713405842e+03
8.480000000000000000e+02 4.686618068531675817e+03
8.490000000000000000e+02 4.688186545791359094e+03
8.500000000000000000e+02 4.673865328165490610e+03
8.510000000000000000e+02 4.696165200343753895e+03
8.520000000000000000e+02 4.713350660677502674e+03
8.530000000000000000e+02 4.706844188275235865e+03
8.540000000000000000e+02 4.722877831844817592e+03
8.550000000000000000e+02 4.729332685932507047e+03
8.560000000000000000e+02 4.762310899957981746e+03
8.570000000000000000e+02 4.766639875397725518e+03
8.580000000000000000e+02 4.770733675588875485e+03
8.590000000000000000e+02 4.786686680078173595e+03
8.600000000000000000e+02 4.785856233607008107e+03
8.610000000000000000e+02 4.797704156449616676e+03
8.620000000000000000e+02 4.805960679533438451e+03
8.630000000000000000e+02 4.805808745969973643e+03
8.640000000000000000e+02 4.811575091863783200e+03
8.650000000000000000e+02 4.824866527001965551e+03
8.660000000000000000e+02 4.842327652970214331e+03
8.670000000000000000e+02 4.834995049623085833e+03
8.680000000000000000e+02 4.817002600666160106e+03
8.690000000000000000e+02 4.805825292773412912e+03
8.700000000000000000e+02 4.815707852350107714e+03
8.710000000000000000e+02 4.808454974293547821e+03
8.720000000000000000e+02 4.811968033291708707e+03
8.730000000000000000e+02 4.821577037272045345e+03
8.740000000000000000e+02 4.814333432672649906e+03
8.750000000000000000e+02 4.818015790186909726e+03
8.760000000000000000e+02 4.832098955666077018e+03
8.770000000000000000e+02 4.824812755399821981e+03
8.780000000000000000e+02 4.817827090395490814e+03
8.790000000000000000e+02 4.830226355871073793e+03
8.800000000000000000e+02 4.822863848806795431e+03
8.810000000000000000e+02 4.838721525909509182e+03
8.820000000000000000e+02 4.841456721104098506e+03
8.830000000000000000e+02 4.850608734958004788e+03
8.840000000000000000e+02 4.858145377815404572e+03
8.850000000000000000e+02 4.855447925271882013e+03
8.860000000000000000e+02 4.869089335923253202e+03
8.870000000000000000e+02 4.857278748920629369e+03
8.880000000000000000e+02 4.864340230815613722e+03
8.890000000000000000e+02 4.866835131915792772e+03
8.900000000000000000e+02 4.876373057570080164e+03
8.910000000000000000e+02 4.909527110989613902e+03
8.920000000000000000e+02 4.908084684773850313e+03
8.930000000000000000e+02 4.914676344062817407e+03
8.940000000000000000e+02 4.937134713517235468e+03
8.950000000000000000e+02 4.943785005339886084e+03
8.960000000000000000e+02 4.939789155846997346e+03
8.970000000000000000e+02 4.954651413335531288e+03
8.980000000000000000e+02 4.948565831976609843e+03
8.990000000000000000e+02 4.942453222191621535e+03
9.000000000000000000e+02 4.942425165065686997e+03
9.010000000000000000e+02 4.959294344471675686e+03
9.020000000000000000e+02 4.961367591075139899e+03
9.030000000000000000e+02 4.968281112221278818e+03
9.040000000000000000e+02 4.980295988720917194e+03
9.050000000000000000e+02 4.975434342329655919e+03
9.060000000000000000e+02 4.970618016181001622e+03
9.070000000000000000e+02 4.971313271030579017e+03
9.080000000000000000e+02 4.986544469915606896e+03
9.090000000000000000e+02 5.014309665872988262e+03
9.100000000000000000e+02 5.033386172281292602e+03
9.110000000000000000e+02 5.041018451059089784e+03
9.120000000000000000e+02 5.037542458783715119e+03
9.130000000000000000e+02 5.032324585081208170e+03
9.140000000000000000e+02 5.046063001200293911e+03
9.150000000000000000e+02 5.058045358652098002e+03
9.160000000000000000e+02 5.067087607146051596e+03
9.170000000000000000e+02 5.070193126075752843e+03
9.180000000000000000e+02 5.071533576600653760e+03
9.190000000000000000e+02 5.083796259777092018e+03
9.200000000000000000e+02 5.075999613939232404e+03
9.210000000000000000e+02 5.089756831165012954e+03
9.220000000000000000e+02 5.093113144394235860e+03
9.230000000000000000e+02 5.115689549025727501e+03
9.240000000000000000e+02 5.127398845246115343e+03
9.250000000000000000e+02 5.130149426310269519e+03
9.260000000000000000e+02 5.127562131107520145e+03
9.270000000000000000e+02 5.128037752946107503e+03
9.280000000000000000e+02 5.146930667826091849e+03
9.290000000000000000e+02 5.146855769723557387e+03
9.300000000000000000e+02 5.123237310345841252e+03
9.310000000000000000e+02 5.125209313989832481e+03
9.320000000000000000e+02 5.130882690926259784e+03
9.330000000000000000e+02 5.140537056390900943e+03
9.340000000000000000e+02 5.145965621844497036e+03
9.350000000000000000e+02 5.146406965801067599e+03
9.360000000000000000e+02 5.146966391584861412e+03
9.370000000000000000e+02 5.146761314147056510e+03
9.380000000000000000e+02 5.138026844585561776e+03
9.390000000000000000e+02 5.135645981220341127e+03
9.400000000000000000e+02 5.151643339655365708e+03
9.410000000000000000e+02 5.152593487019301392e+03
9.420000000000000000e+02 5.151816619955050555e+03
9.430000000000000000e+02 5.148886764426762056e+03
9.440000000000000000e+02 5.152220120312165818e+03
9.450000000000000000e+02 5.143107755169257871e+03
9.460000000000000000e+02 5.172755569381082751e+03
9.470000000000000000e+02 5.187824564140499206e+03
9.480000000000000000e+02 5.215577647801924286e+03
9.490000000000000000e+02 5.203676557928442890e+03
9.500000000000000000e+02 5.205847933888202533e+03
9.510000000000000000e+02 5.218091968695464857e+03
9.520000000000000000e+02 5.216842705219491108e+03
9.530000000000000000e+02 5.214666531772207236e+03
9.540000000000000000e+02 5.228832996608726717e+03
9.550000000000000000e+02 5.234722741900849542e+03
9.560000000000000000e+02 5.240542916986167256e+03
9.570000000000000000e+02 5.238748923821721291e+03
9.580000000000000000e+02 5.246623599061717869e+03
9.590000000000000000e+02 5.234367774239490245e+03
9.600000000000000000e+02 5.230867718635910933e+03
9.610000000000000000e+02 5.243720550526245461e+03
9.620000000000000000e+02 5.278217589033196418e+03
9.630000000000000000e+02 5.290327142398070464e+03
9.640000000000000000e+02 5.285045704907125582e+03
9.650000000000000000e+02 5.304424406740839004e+03
9.660000000000000000e+02 5.306588759605576342e+03
9.670000000000000000e+02 5.300612441554624638e+03
9.680000000000000000e+02 5.323115769193414963e+03
9.690000000000000000e+02 5.316968890384810948e+03
9.700000000000000000e+02 5.331711012897003457e+03
9.710000000000000000e+02 5.331777175596631423e+03
9.720000000000000000e+02 5.340846345929679956e+03
9.730000000000000000e+02 5.337206609856095383e+03
9.740000000000000000e+02 5.333545188808217972e+03
9.750000000000000000e+02 5.329746283345513802e+03
9.760000000000000000e+02 5.333310495747512505e+03
9.770000000000000000e+02 5.346061103497782824e+03
9.780000000000000000e+02 5.341750544432973584e+03
9.790000000000000000e+02 5.373421395517952988e+03
9.800000000000000000e+02 5.370444332703582404e+03
9.810000000000000000e+02 5.370449034540125467e+03
9.820000000000000000e+02 5.385761368299995411e+03
9.830000000000000000e+02 5.383038105762851046e+03
9.840000000000000000e+02 5.390999492295571144e+03
9.850000000000000000e+02 5.391953345554543375e+03
9.860000000000000000e+02 5.385457413503450880e+03
9.870000000000000000e+02 5.383442876550554502e+03
9.880000000000000000e+02 5.407464008718156038e+03
9.890000000000000000e+02 5.414421665064260196e+03
9.900000000000000000e+02 5.422091108587321287e+03
9.910000000000000000e+02 5.420296242179427281e+03
9.920000000000000000e+02 5.432892177063051349e+03
9.930000000000000000e+02 5.436616096008185195e+03
9.940000000000000000e+02 5.440372904983764784e+03
9.950000000000000000e+02 5.467322922852051306e+03
9.960000000000000000e+02 5.459114182306243492e+03
9.970000000000000000e+02 5.448101280516067163e+03
9.980000000000000000e+02 5.456117398605692870e+03
9.990000000000000000e+02 5.463214610543267554e+03
1.000000000000000000e+03 5.456854630183279369e+03
1.001000000000000000e+03 5.464305760769525477e+03
1.002000000000000000e+03 5.463918690334015992e+03
1.003000000000000000e+03 5.452732660852918343e+03
1.004000000000000000e+03 5.458120674942846563e+03
1.005000000000000000e+03 5.456246592138115375e+03
1.006000000000000000e+03 5.461354490120417722e+03
1.007000000000000000e+03 5.490217076276089756e+03
1.008000000000000000e+03 5.498572890849090072e+03
1.009000000000000000e+03 5.490814034399753837e+03
1.010000000000000000e+03 5.501743819470870221e+03
1.011000000000000000e+03 5.526329568080051104e+03
1.012000000000000000e+03 5.515456163945448679e+03
1.013000000000000000e+03 5.528577202313428643e+03
1.014000000000000000e+03 5.515024103739558086e+03
1.015000000000000000e+03 5.527338006617610517e+03
1.016000000000000000e+03 5.521880744210678131e+03
1.017000000000000000e+03 5.502967029015898333e+03
1.018000000000000000e+03 5.507528483627667811e+03
1.019000000000000000e+03 5.517444486226107983e+03
1.020000000000000000e+03 5.542792111163877962e+03
1.021000000000000000e+03 5.534256990830053837e+03
1.022000000000000000e+03 5.536063261379569667e+03
1.023000000000000000e+03 5.536417100334546376e+03
1.024000000000000000e+03 5.506493617882194485e+03
1.025000000000000000e+03 5.505857475199571127e+03
1.026000000000000000e+03 5.506949678593931822e+03
1.027000000000000000e+03 5.518041152181104735e+03
1.028000000000000000e+03 5.520948783849620668e+03
1.029000000000000000e+03 5.533945739836794019e+03
1.030000000000000000e+03 5.547214311434982847e+03
1.031000000000000000e+03 5.561106661920887746e+03
1.032000000000000000e+03 5.564413706418189577e+03
1.033000000000000000e+03 5.575531696578086667e+03
1.034000000000000000e+03 5.586435209892663806e+03
1.035000000000000000e+03 5.582973112247876998e+03
1.036000000000000000e+03 5.615699939159775568e+03
1.037000000000000000e+03 5.614308932251497936e+03
1.038000000000000000e+03 5.627181296944158930e+03
1.039000000000000000e+03 5.657287846914032343e+03
1.040000000000000000e+03 5.651616364436173171e+03
1.041000000000000000e+03 5.649108953182336336e+03
1.042000000000000000e+03 5.631137895014324386e+03
1.043000000000000000e+03 5.642955754729592627e+03
1.044000000000000000e+03 5.665911003931570121e+03
1.045000000000000000e+03 5.675333679214249969e+03
1.046000000000000000e+03 5.687474206608467284e+03
1.047000000000000000e+03 5.683504087767680176e+03
1.048000000000000000e+03 5.679162566633232018e+03
1.049000000000000000e+03 5.679311864859806519e+03
1.050000000000000000e+03 5.697769584348015087e+03
1.051000000000000000e+03 5.680226842235170807e+03
1.052000000000000000e+03 5.686658797757253524e+03
1.053000000000000000e+03 5.681290850888683053e+03
1.054000000000000000e+03 5.674640574201023810e+03
1.055000000000000000e+03 5.688985252734170899e+03
1.056000000000000000e+03 5.702525929967780939e+03
1.057000000000000000e+03 5.706747063228933257e+03
1.058000000000000000e+03 5.687438719896996190e+03
1.059000000000000000e+03 5.695998307169316831e+03
1.060000000000000000e+03 5.695477842727020288e+03
1.061000000000000000e+03 5.711225065736505712e+03
1.062000000000000000e+03 5.735907071962652481e+03
1.063000000000000000e+03 5.731951329203169735e+03
1.064000000000000000e+03 5.740895510193950940e+03
1.065000000000000000e+03 5.742619715997041567e+03
1.066000000000000000e+03 5.721706628804085085e+03
1.067000000000000000e+03 5.741580110334088204e+03
1.068000000000000000e+03 5.761535712105228413e+03
1.069000000000000000e+03 5.771541670013925796e+03
1.070000000000000000e+03 5.779645213493074152e+03
1.071000000000000000e+03 5.811529073252801936e+03
1.072000000000000000e+03 5.814350345816156732e+03
1.073000000000000000e+03 5.825423401410875158e+03
1.074000000000000000e+03 5.838201925201474296e+03
1.075000000000000000e+03 5.850451477565273308e+03
1.076000000000000000e+03 5.860243487559850109e+03
1.077000000000000000e+03 5.879555908453333359e+03
1.078000000000000000e+03 5.878363585176315610e+03
1.079000000000000000e+03 5.880694899120646369e+03
1.080000000000000000e+03 5.869664787528345187e+03
1.081000000000000000e+03 5.867056904640273387e+03
1.082000000000000000e+03 5.886240391222008839e+03
1.083000000000000000e+03 5.903819395501861436e+03
1.084000000000000000e+03 5.892323823397394335e+03
1.085000000000000000e+03 5.891879633765813196e+03
1.086000000000000000e+03 5.893792607342918927e+03
1.087000000000000000e+03 5.891435663525444397e+03
1.088000000000000000e+03 5.869829879583237016e+03
1.089000000000000000e+03 5.862910387651582823e+03
1.090000000000000000e+03 5.844160963913435808e+03
1.091000000000000000e+03 5.845920063873879371e+03
1.092000000000000000e+03 5.867309057178894363e+03
1.093000000000000000e+03 5.893114873539824657e+03
1.094000000000000000e+03 5.923331714291525714e+03
1.095000000000000000e+03 5.938296154571350598e+03
1.096000000000000000e+03 5.925680444825356062e+03
1.097000000000000000e+03 5.926897713816776559e+03
1.098000000000000000e+03 5.929690032180245908e+03
1.099000000000000000e+03 5.945940422518494415e+03
1.100000000000000000e+03 5.952543577300282777e+03
1.101000000000000000e+03 5.964056835932589820e+03
1.102000000000000000e+03 5.975629230973107951e+03
1.103000000000000000e+03 5.970180484721907305e+03
1.104000000000000000e+03 5.958304198075996283e+03
1.105000000000000000e+03 5.952979879252005958e+03
1.106000000000000000e+03 5.967023000861951004e+03
1.107000000000000000e+03 5.957833599597460307e+03
1.108000000000000000e+03 5.956285752944659180e+03
1.109000000000000000e+03 5.961746793227546732e+03
1.110000000000000000e+03 5.988922234338600902e+03
1.111000000000000000e+03 6.000886102961973847e+03
1.112000000000000000e+03 5.987377028514528320e+03
1.113000000000000000e+03 5.993146971887742438e+03
1.114000000000000000e+03 5.966668853159007085e+03
1.115000000000000000e+03 5.958031696862554782e+03
1.116000000000000000e+03 5.980923584232701614e+03
1.117000000000000000e+03 5.991279306735838873e+03
1.118000000000000000e+03 6.005478715121387722e+03
1.119000000000000000e+03 6.012431395717806481e+03
1.120000000000000000e+03 6.003531151235814832e+03
1.121000000000000000e+03 5.977715188178156495e+03
1.122000000000000000e+03 6.003656617713901142e+03
1.123000000000000000e+03 6.007050087587790586e+03
1.124000000000000000e+03 5.985687117120865878e+03
1.125000000000000000e+03 5.991852533577917711e+03
1.126000000000000000e+03 5.991640697834916864e+03
1.127000000000000000e+03 5.980914445968796826e+03
1.128000000000000000e+03 5.981551561554657383e+03
1.129000000000000000e+03 5.997445923054699961e+03
1.130000000000000000e+03 5.992903368452598443e+03
1.131000000000000000e+03 5.997464643884792167e+03
1.132000000000000000e+03 6.009975412775093901e+03
1.133000000000000000e+03 6.025747781718427177e+03
1.134000000000000000e+03 6.022980192001534306e+03
1.135000000000000000e+03 6.027518296175320756e+03
1.136000000000000000e+03 6.039791966450923610e+03
1.137000000000000000e+03 6.048130888220748602e+03
1.138000000000000000e+03 6.065132935092424304e+03
1.139000000000000000e+03 6.046541258738391662e+03
1.140000000000000000e+03 6.045920920613523776e+03
1.141000000000000000e+03 6.030825564818779640e+03
1.142000000000000000e+03 6.050230795506707182e+03
1.143000000000000000e+03 6.054552820871706899e+03
1.144000000000000000e+03 6.077640412684867442e+03
1.145000000000000000e+03 6.075496704610967754e+03
1.146000000000000000e+03 6.097813023056940438e+03
1.147000000000000000e+03 6.100514000368923917e+03
1.148000000000000000e+03 6.097520358696697258e+03
1.149000000000000000e+03 6.112391554614364395e+03
1.150000000000000000e+03 6.157312206718543166e+03
1.151000000000000000e+03 6.164716799864884706e+03
1.152000000000000000e+03 6.168046972776093753e+03
1.153000000000000000e+03 6.164729209374946549e+03
1.154000000000000000e+03 6.196596447084421925e+03
1.155000000000000000e+03 6.224914475884810599e+03
1.156000000000000000e+03 6.230908940637463274e+03
1.157000000000000000e+03 6.227533989128372923e+03
1.158000000000000000e+03 6.226953719812580857e+03
1.159000000000000000e+03 6.221180030829748830e+03
1.160000000000000000e+03 6.216614205045642848e+03
1.161000000000000000e+03 6.226781126117854910e+03
1.162000000000000000e+03 6.226995296476477051e+03
1.163000000000000000e+03 6.249485129442092330e+03
1.164000000000000000e+03 6.265929196663798393e+03
1.165000000000000000e+03 6.250080238351718435e+03
1.166000000000000000e+03 6.267633780960846707e+03
1.167000000000000000e+03 6.262767904811322296e+03
1.168000000000000000e+03 6.277326180984239727e+03
1.169000000000000000e+03 6.291165301954717506e+03
1.170000000000000000e+03 6.272062156012757441e+03
1.171000000000000000e+03 6.294160161029327355e+03
1.172000000000000000e+03 6.284971813686603127e+03
1.173000000000000000e+03 6.280253472364154732e+03
1.174000000000000000e+03 6.278495472363711997e+03
1.175000000000000000e+03 6.267776237547427627e+03
1.176000000000000000e+03 6.269272669599917208e+03
1.177000000000000000e+03 6.275184183776180362e+03
1.178000000000000000e+03 6.292573472476817187e+03
1.179000000000000000e+03 6.305046128565544677e+03
1.180000000000000000e+03 6.322756015777889843e+03
1.181000000000000000e+03 6.312395021789346174e+03
1.182000000000000000e+03 6.323953333428808037e+03
1.183000000000000000e+03 6.308854210650803907e+03
1.184000000000000000e+03 6.308164712885945846e+03
1.185000000000000000e+03 6.338894074185554018e+03
1.186000000000000000e+03 6.331291664745806884e+03
1.187000000000000000e+03 6.332623333833419565e+03
1.188000000000000000e+03 6.341006658704458459e+03
1.189000000000000000e+03 6.352932793005062194e+03
1.190000000000000000e+03 6.358124747552968984e+03
1.191000000000000000e+03 6.388859871455487337e+03
1.192000000000000000e+03 6.408351040985580767e+03
1.193000000000000000e+03 6.432626380599741424e+03
1.194000000000000000e+03 6.432904270707586875e+03
1.195000000000000000e+03 6.455544149090953397e+03
1.196000000000000000e+03 6.457280356547424162e+03
1.197000000000000000e+03 6.469811003796137811e+03
1.198000000000000000e+03 6.482667262891020982e+03
1.199000000000000000e+03 6.485336396231909930e+03
1.200000000000000000e+03 6.481358712254413149e+03
1.201000000000000000e+03 6.511781828134138777e+03
1.202000000000000000e+03 6.530485665996348871e+03
1.203000000000000000e+03 6.527948332185905201e+03
1.204000000000000000e+03 6.528065985501003524e+03
1.205000000000000000e+03 6.583450770707737320e+03
1.206000000000000000e+03 6.580834908607789657e+03
1.207000000000000000e+03 6.585170104841698958e+03
1.208000000000000000e+03 6.583972735818307228e+03
1.209000000000000000e+03 6.599097041258414720e+03
1.210000000000000000e+03 6.615019165267844983e+03
1.211000000000000000e+03 6.608379738761796034e+03
1.212000000000000000e+03 6.655590938740334423e+03
1.213000000000000000e+03 6.677396877581739318e+03
1.214000000000000000e+03 6.662309885862779083e+03
1.215000000000000000e+03 6.674891698119954526e+03
1.216000000000000000e+03 6.673384636871082876e+03
1.217000000000000000e+03 6.668608648008595083e+03
1.218000000000000000e+03 6.664484639001781943e+03
1.219000000000000000e+03 6.678714828446919455e+03
1.220000000000000000e+03 6.671793293204726069e+03
1.221000000000000000e+03 6.674149960956506220e+03
1.222000000000000000e+03 6.689954193935665899e+03
1.223000000000000000e+03 6.715710318529118922e+03
1.224000000000000000e+03 6.695892783938175853e+03
1.225000000000000000e+03 6.696575073274754686e+03
1.226000000000000000e+03 6.689907356145244194e+03
1.227000000000000000e+03 6.695031826245496632e+03
1.228000000000000000e+03 6.679077054130168108e+03
1.229000000000000000e+03 6.679121954167561853e+03
1.230000000000000000e+03 6.689513297159840477e+03
1.231000000000000000e+03 6.687644165183369296e+03
1.232000000000000000e+03 6.689672357315651425e+03
1.233000000000000000e+03 6.677504844853267969e+03
1.234000000000000000e+03 6.689842088797890028e+03
1.235000000000000000e+03 6.701832463119370004e+03
1.236000000000000000e+03 6.729867645665292002e+03
1.237000000000000000e+03 6.741648336699507126e+03
1.238000000000000000e+03 6.741601733993978087e+03
1.239000000000000000e+03 6.752055523133076349e+03
1.240000000000000000e+03 6.753836734526911641e+03
1.241000000000000000e+03 6.765867567397882340e+03
1.242000000000000000e+03 6.751259752268494594e+03
1.243000000000000000e+03 6.761042472482029552e+03
1.244000000000000000e+03 6.770389824499353381e+03
1.245000000000000000e+03 6.781520572216303663e+03
1.246000000000000000e+03 6.790136450953776148e+03
1.247000000000000000e+03 6.790837067751337599e+03
1.248000000000000000e+03 6.804183024156591273e+03
1.249000000000000000e+03 6.796929890455442546e+03
1.250000000000000000e+03 6.811308465594333029e+03
1.251000000000000000e+03 6.830716297371350265e+03
1.252000000000000000e+03 6.820570359308025218e+03
1.253000000000000000e+03 6.816267158351251965e+03
1.254000000000000000e+03 6.816688043292314433e+03
1.255000000000000000e+03 6.819192225231249722e+03
1.256000000000000000e+03 6.836844646043383364e+03
1.257000000000000000e+03 6.845889805923318818e+03
1.258000000000000000e+03 6.822784530369886852e+03
1.259000000000000000e+03 6.817085583187704287e+03
1.260000000000000000e+03 6.804538543976040273e+03
1.261000000000000000e+03 6.813394261141310380e+03
1.262000000000000000e+03 6.824655172625724845e+03
1.263000000000000000e+03 6.832459440525602076e+03
1.264000000000000000e+03 6.828318415172113419e+03
1.265000000000000000e+03 6.836528670208108451e+03
1.266000000000000000e+03 6.850005267700377772e+03
1.267000000000000000e+03 6.844289393730341544e+03
1.268000000000000000e+03 6.839018832123274478e+03
1.269000000000000000e+03 6.869749085186912453e+03
1.270000000000000000e+03 6.857830370631910228e+03
1.271000000000000000e+03 6.871771827366926118e+03
1.272000000000000000e+03 6.868391355508419110e+03
1.273000000000000000e+03 6.842540078115932374e+03
1.274000000000000000e+03 6.850180719951243191e+03
1.275000000000000000e+03 6.866702222885402080e+03
1.276000000000000000e+03 6.875174441737392044e+03
1.277000000000000000e+03 6.865379898550876533e+03
1.278000000000000000e+03 6.883234983137640484e+03
1.279000000000000000e+03 6.883855505334137888e+03
1.280000000000000000e+03 6.897065704275501957e+03
1.281000000000000000e+03 6.894527546870847800e+03
1.282000000000000000e+03 6.906704000918684869e+03
1.283000000000000000e+03 6.928530707013695974e+03
1.284000000000000000e+03 6.934908945530521123e+03
1.285000000000000000e+03 6.935571574012587917e+03
1.286000000000000000e+03 6.946106071257490839e+03
1.287000000000000000e+03 6.950641839599910782e+03
1.288000000000000000e+03 6.969949038015352016e+03
1.289000000000000000e+03 6.958168238138399829e+03
1.290000000000000000e+03 6.953445467250612637e+03
1.291000000000000000e+03 6.956641822969946588e+03
1.292000000000000000e+03 6.957475484386043718e+03
1.293000000000000000e+03 6.966859634669002844e+03
1.294000000000000000e+03 6.960957519175576635e+03
1.295000000000000000e+03 6.953038489934565405e+03
1.296000000000000000e+03 6.967007018382042588e+03
1.297000000000000000e+03 6.979479979113645641e+03
1.298000000000000000e+03 6.975001556052842716e+03
1.299000000000000000e+03 6.991193932677047997e+03
1.300000000000000000e+03 7.006454349532478773e+03
1.301000000000000000e+03 7.017900951333489502e+03
1.302000000000000000e+03 7.009537986018467564e+03
1.303000000000000000e+03 6.997925279372824662e+03
1.304000000000000000e+03 6.990378765323144762e+03
1.305000000000000000e+03 6.993897460679613687e+03
1.306000000000000000e+03 7.035162975763964823e+03
1.307000000000000000e+03 7.021134834861383752e+03
1.308000000000000000e+03 7.009208729867588772e+03
1.309000000000000000e+03 7.016847932182137811e+03
1.310000000000000000e+03 7.005316553271681187e+03
1.311000000000000000e+03 7.011024801058149933e+03
1.312000000000000000e+03 7.034375136283231768e+03
1.313000000000000000e+03 7.029465134989110993e+03
1.314000000000000000e+03 7.022944256559404494e+03
1.315000000000000000e+03 7.011423209736903118e+03
1.316000000000000000e+03 7.032369900150984904e+03
1.317000000000000000e+03 7.034969687695906032e+03
1.318000000000000000e+03 7.045760686473080568e+03
1.319000000000000000e+03 7.061700916818203950e+03
1.320000000000000000e+03 7.087434875671823647e+03
1.321000000000000000e+03 7.086193228860491217e+03
1.322000000000000000e+03 7.090644845713717586e+03
1.323000000000000000e+03 7.095500613955856352e+03
1.324000000000000000e+03 7.100815129844969306e+03
1.325000000000000000e+03 7.102353711807852960e+03
1.326000000000000000e+03 7.110224834472683142e+03
1.327000000000000000e+03 7.118754007812222881e+03
1.328000000000000000e+03 7.121186545372936962e+03
1.329000000000000000e+03 7.113657725562318774e+03
1.330000000000000000e+03 7.109466619807951247e+03
1.331000000000000000e+03 7.143936961250405147e+03
1.332000000000000000e+03 7.127220250908942035e+03
1.333000000000000000e+03 7.144533754003457034e+03
1.334000000000000000e+03 7.168269451375957942e+03
1.335000000000000000e+03 7.148308932018201631e+03
1.336000000000000000e+03 7.163730089051628966e+03
1.337000000000000000e+03 7.176383182168689018e+03
1.338000000000000000e+03 7.209358215575197391e+03
1.339000000000000000e+03 7.215417113854484342e+03
1.340000000000000000e+03 7.207407614789196487e+03
1.341000000000000000e+03 7.247907821437101120e+03
1.342000000000000000e+03 7.275756463567342507e+03
1.343000000000000000e+03 7.269952892374920339e+03
1.344000000000000000e+03 7.258830289795500903e+03
1.345000000000000000e+03 7.267559947947892397e+03
1.346000000000000000e+03 7.286068532412045897e+03
1.347000000000000000e+03 7.309866307281932677e+03
1.348000000000000000e+03 7.308801895044585763e+03
1.349000000000000000e+03 7.314716037444764879e+03
1.350000000000000000e+03 7.332860302661269998e+03
1.351000000000000000e+03 7.341741925924628958e+03
1.352000000000000000e+03 7.318285488112183884e+03
1.353000000000000000e+03 7.302913564055664210e+03
1.354000000000000000e+03 7.324249397505445813e+03
1.355000000000000000e+03 7.320825186102345469e+03
1.356000000000000000e+03 7.297154359295796894e+03
1.357000000000000000e+03 7.292678548060788671e+03
1.358000000000000000e+03 7.292652046522818637e+03
1.359000000000000000e+03 7.318997379382055442e+03
1.360000000000000000e+03 7.320717993218259835e+03
1.361000000000000000e+03 7.338591704993280473e+03
1.362000000000000000e+03 7.319248807855733503e+03
1.363000000000000000e+03 7.322707096306981839e+03
1.364000000000000000e+03 7.312031832506186220e+03
1.365000000000000000e+03 7.331633514188584741e+03
1.366000000000000000e+03 7.321230820883573870e+03
1.367000000000000000e+03 7.315119191712085922e+03
1.368000000000000000e+03 7.329852257076833666e+03
1.369000000000000000e+03 7.342946168570235386e+03
1.370000000000000000e+03 7.347523031606381664e+03
1.371000000000000000e+03 7.331031544948889859e+03
1.372000000000000000e+03 7.346023488085530516e+03
1.373000000000000000e+03 7.347731490969259539e+03
1.374000000000000000e+03 7.347677600582839659e+03
1.375000000000000000e+03 7.336712411918942053e+03
1.376000000000000000e+03 7.358266180587864255e+03
1.377000000000000000e+03 7.384647088181129220e+03
1.378000000000000000e+03 7.400118021007728203e+03
1.379000000000000000e+03 7.385500662710143843e+03
1.380000000000000000e+03 7.391377413485797661e+03
1.381000000000000000e+03 7.404771011652022935e+03
1.382000000000000000e+03 7.407107414502818756e+03
1.383000000000000000e+03 7.405114320879240040e+03
1.384000000000000000e+03 7.402210424237521693e+03
1.385000000000000000e+03 7.414237787456350816e+03
1.386000000000000000e+03 7.420564744623956358e+03
1.387000000000000000e+03 7.427563800091550547e+03
1.388000000000000000e+03 7.443115803773413063e+03
1.389000000000000000e+03 7.462814105740556442e+03
1.390000000000000000e+03 7.424938547483678121e+03
1.391000000000000000e+03 7.417313434883813898e+03
1.392000000000000000e+03 7.405312237488451501e+03
1.393000000000000000e+03 7.417216774158578119e+03
1.394000000000000000e+03 7.421643180833982115e+03
1.395000000000000000e+03 7.449860862858075961e+03
1.396000000000000000e+03 7.474367567921817681e+03
1.397000000000000000e+03 7.467683838177374128e+03
1.398000000000000000e+03 7.470427071032577260e+03
1.399000000000000000e+03 7.477830910732946904e+03
1.400000000000000000e+03 7.499097244929781482e+03
1.401000000000000000e+03 7.480306327752857214e+03
1.402000000000000000e+03 7.455397029449386537e+03
1.403000000000000000e+03 7.467551680732233763e+03
1.404000000000000000e+03 7.467813333282032545e+03
1.405000000000000000e+03 7.465937340506616238e+03
1.406000000000000000e+03 7.486196566679146599e+03
1.407000000000000000e+03 7.515998434206510865e+03
1.408000000000000000e+03 7.511013993811502587e+03
1.409000000000000000e+03 7.501325637108526280e+03
1.410000000000000000e+03 7.487955002351462099e+03
1.411000000000000000e+03 7.499351563249253559e+03
1.412000000000000000e+03 7.539433389209689267e+03
1.413000000000000000e+03 7.551052146026949231e+03
1.414000000000000000e+03 7.543075116672184777e+03
1.415000000000000000e+03 7.539260451855316205e+03
1.416000000000000000e+03 7.544036487005629169e+03
1.417000000000000000e+03 7.535687087753033666e+03
1.418000000000000000e+03 7.553031071773691110e+03
1.419000000000000000e+03 7.566784763881667459e+03
1.420000000000000000e+03 7.584364533201291124e+03
1.421000000000000000e+03 7.576941439954356611e+03
1.422000000000000000e+03 7.589186675671209741e+03
1.423000000000000000e+03 7.583129679834592935e+03
1.424000000000000000e+03 7.582138210232525125e+03
1.425000000000000000e+03 7.572640032470745609e+03
1.426000000000000000e+03 7.584281083211927580e+03
1.427000000000000000e+03 7.582351808890726716e+03
1.428000000000000000e+03 7.606069660159445448e+03
1.429000000000000000e+03 7.578617112725156403e+03
1.430000000000000000e+03 7.598189405646175146e+03
1.431000000000000000e+03 7.612713895984025839e+03
1.432000000000000000e+03 7.605512810432525839e+03
1.433000000000000000e+03 7.592073130894880705e+03
1.434000000000000000e+03 7.594869758123997599e+03
1.435000000000000000e+03 7.605959867458092958e+03
1.436000000000000000e+03 7.599904777917093270e+03
1.437000000000000000e+03 7.606310661468896797e+03
1.438000000000000000e+03 7.588620676950310553e+03
1.439000000000000000e+03 7.591395411042394699e+03
1.440000000000000000e+03 7.607640128419820940e+03
1.441000000000000000e+03 7.600886758470291170e+03
1.442000000000000000e+03 7.574762433503950888e+03
1.443000000000000000e+03 7.596098120108393232e+03
1.444000000000000000e+03 7.605433805237521483e+03
1.445000000000000000e+03 7.571096102825878006e+03
1.446000000000000000e+03 7.576919536092499584e+03
1.447000000000000000e+03 7.595654261435812259e+03
1.448000000000000000e+03 7.598196524445068462e+03
1.449000000000000000e+03 7.605606479955418763e+03
1.450000000000000000e+03 7.613089782726050544e+03
1.451000000000000000e+03 7.600454408724312088e+03
1.452000000000000000e+03 7.611121121231054531e+03
1.453000000000000000e+03 7.607061726039082714e+03
1.454000000000000000e+03 7.639054530304188120e+03
1.455000000000000000e+03 7.653364806169276562e+03
1.456000000000000000e+03 7.661782428166490718e+03
1.457000000000000000e+03 7.668197146686837186e+03
1.458000000000000000e+03 7.661596489926427239e+03
1.459000000000000000e+03 7.654254051599589729e+03
1.460000000000000000e+03 7.670650946292334083e+03
1.461000000000000000e+03 7.679213081518122635e+03
1.462000000000000000e+03 7.673670206774124381e+03
1.463000000000000000e+03 7.676569507331462773e+03
1.464000000000000000e+03 7.682124663151817003e+03
1.465000000000000000e+03 7.686831083218037747e+03
1.466000000000000000e+03 7.696584952230694398e+03
1.467000000000000000e+03 7.715317053716396913e+03
1.468000000000000000e+03 7.730733854928794244e+03
1.469000000000000000e+03 7.739976447975352130e+03
1.470000000000000000e+03 7.734768855000641452e+03
1.471000000000000000e+03 7.726789824274836974e+03
1.472000000000000000e+03 7.734438545230557793e+03
1.473000000000000000e+03 7.703547036714306159e+03
1.474000000000000000e+03 7.694972202401078903e+03
1.475000000000000000e+03 7.695569085666699721e+03
1.476000000000000000e+03 7.697383869529951880e+03
1.477000000000000000e+03 7.685591223285373417e+03
1.478000000000000000e+03 7.708278434978003133e+03
1.479000000000000000e+03 7.734038120947368043e+03
1.480000000000000000e+03 7.742622189336413612e+03
1.481000000000000000e+03 7.738268858907784306e+03
1.482000000000000000e+03 7.749401667170806832e+03
1.483000000000000000e+03 7.723290133093122677e+03
1.484000000000000000e+03 7.721356977375575298e+03
1.485000000000000000e+03 7.698467471166884934e+03
1.486000000000000000e+03 7.690886028060726858e+03
1.487000000000000000e+03 7.654025871873108372e+03
1.488000000000000000e+03 7.658222812631594934e+03
1.489000000000000000e+03 7.653420432127843924e+03
1.490000000000000000e+03 7.638319151320557467e+03
1.491000000000000000e+03 7.637682653617396682e+03
1.492000000000000000e+03 7.677558150611609562e+03
1.493000000000000000e+03 7.657478955693930402e+03
1.494000000000000000e+03 7.689464342898903851e+03
1.495000000000000000e+03 7.694755893444164030e+03
1.496000000000000000e+03 7.652618019397740682e+03
1.497000000000000000e+03 7.667188367927376930e+03
1.498000000000000000e+03 7.665060657834541416e+03
1.499000000000000000e+03 7.682830416124670592e+03
1.500000000000000000e+03 7.680399093677714518e+03
1.501000000000000000e+03 7.711832782641066842e+03
1.502000000000000000e+03 7.720815476275666697e+03
1.503000000000000000e+03 7.725614192075225219e+03
1.504000000000000000e+03 7.741838930309781972e+03
1.505000000000000000e+03 7.738791652887331111e+03
1.506000000000000000e+03 7.750383989186871986e+03
1.507000000000000000e+03 7.767851156326998534e+03
1.508000000000000000e+03 7.773347506477773095e+03
1.509000000000000000e+03 7.780676757485927737e+03
1.510000000000000000e+03 7.772915566995467088e+03
1.511000000000000000e+03 7.779914288116062380e+03
1.512000000000000000e+03 7.762698318380474120e+03
1.513000000000000000e+03 7.766323481761963194e+03
1.514000000000000000e+03 7.776089644545982992e+03
1.515000000000000000e+03 7.788708287160203326e+03
1.516000000000000000e+03 7.763550380285323627e+03
1.517000000000000000e+03 7.746985210446719066e+03
1.518000000000000000e+03 7.749425086834920876e+03
1.519000000000000000e+03 7.736058153436335488e+03
1.520000000000000000e+03 7.761491736670168393e+03
1.521000000000000000e+03 7.766270248834352969e+03
1.522000000000000000e+03 7.770903348014558105e+03
1.523000000000000000e+03 7.791609657492675069e+03
1.524000000000000000e+03 7.777294230063121176e+03
1.525000000000000000e+03 7.778773414774163030e+03
1.526000000000000000e+03 7.785929463102970658e+03
1.527000000000000000e+03 7.807287251809915688e+03
1.528000000000000000e+03 7.817707305347912552e+03
1.529000000000000000e+03 7.832791213028701350e+03
1.530000000000000000e+03 7.843454361125639480e+03
1.531000000000000000e+03 7.857408267164692006e+03
1.532000000000000000e+03 7.834013274633125548e+03
1.533000000000000000e+03 7.854745666460076791e+03
1.534000000000000000e+03 7.858711977605323227e+03
1.535000000000000000e+03 7.855897639599200375e+03
1.536000000000000000e+03 7.868127428628854432e+03
1.537000000000000000e+03 7.870515427148322487e+03
1.538000000000000000e+03 7.880968806417801716e+03
1.539000000000000000e+03 7.892466708890530754e+03
1.540000000000000000e+03 7.902843157091472676e+03
1.541000000000000000e+03 7.932401958992116306e+03
1.542000000000000000e+03 7.930824610368226786e+03
1.543000000000000000e+03 7.940898706156061053e+03
1.544000000000000000e+03 7.916942325894858186e+03
1.545000000000000000e+03 7.903747926489230849e+03
1.546000000000000000e+03 7.912392253243518098e+03
1.547000000000000000e+03 7.883224280337806704e+03
1.548000000000000000e+03 7.891179276694769214e+03
1.549000000000000000e+03 7.908892095303501264e+03
1.550000000000000000e+03 7.920522138044592793e+03
1.551000000000000000e+03 7.926909750781335788e+03
1.552000000000000000e+03 7.937799146473331348e+03
1.553000000000000000e+03 7.957562940501793491e+03
1.554000000000000000e+03 7.975424935354375521e+03
1.555000000000000000e+03 7.974760200208015704e+03
1.556000000000000000e+03 7.964333666378192902e+03
1.557000000000000000e+03 8.011108575330222266e+03
1.558000000000000000e+03 8.014898500413807596e+03
1.559000000000000000e+03 8.027497470074340526e+03
1.560000000000000000e+03 8.023202663735783972e+03
1.561000000000000000e+03 8.038260448628580889e+03
1.562000000000000000e+03 8.032321776885004510e+03
1.563000000000000000e+03 8.046039418421604751e+03
1.564000000000000000e+03 8.056172536489135382e+03
1.565000000000000000e+03 8.052460998436490627e+03
1.566000000000000000e+03 8.050754581226370647e+03
1.567000000000000000e+03 8.059308491401709034e+03
1.568000000000000000e+03 8.072205534237972643e+03
1.569000000000000000e+03 8.051412954111462568e+03
1.570000000000000000e+03 8.053792746839205392e+03
1.571000000000000000e+03 8.062292449833516912e+03
1.572000000000000000e+03 8.053615828087174123e+03
1.573000000000000000e+03 8.095902582788034124e+03
1.574000000000000000e+03 8.111296022651806197e+03
1.575000000000000000e+03 8.100446306941538751e+03
1.576000000000000000e+03 8.106853403858497586e+03
1.577000000000000000e+03 8.128917782793150764e+03
1.578000000000000000e+03 8.164234762368355405e+03
1.579000000000000000e+03 8.175192557917835074e+03
1.580000000000000000e+03 8.198010538350146817e+03
1.581000000000000000e+03 8.212132143774881115e+03
1.582000000000000000e+03 8.192440066218932770e+03
1.583000000000000000e+03 8.183460887392948280e+03
1.584000000000000000e+03 8.213379983982285921e+03
1.585000000000000000e+03 8.213579989150008259e+03
1.586000000000000000e+03 8.201969574561984700e+03
1.587000000000000000e+03 8.201165197509271820e+03
1.588000000000000000e+03 8.229192481099009456e+03
1.589000000000000000e+03 8.229900263550633099e+03
1.590000000000000000e+03 8.238882610366423251e+03
1.591000000000000000e+03 8.258678706405464254e+03
1.592000000000000000e+03 8.269148873019563325e+03
1.593000000000000000e+03 8.247991298258277311e+03
1.594000000000000000e+03 8.214549410965861171e+03
1.595000000000000000e+03 8.243889074329399591e+03
1.596000000000000000e+03 8.269840704493788508e+03
1.597000000000000000e+03 8.282997345423176739e+03
1.598000000000000000e+03 8.278161879228315229e+03
1.599000000000000000e+03 8.299617162083621224e+03
1.600000000000000000e+03 8.310524002463424040e+03
1.601000000000000000e+03 8.332689719787407739e+03
1.602000000000000000e+03 8.347777369630377507e+03
1.603000000000000000e+03 8.333774567871527324e+03
1.604000000000000000e+03 8.341133777138107689e+03
1.605000000000000000e+03 8.351684425823152196e+03
1.606000000000000000e+03 8.368987890968364809e+03
1.607000000000000000e+03 8.347260553713071204e+03
1.608000000000000000e+03 8.335956655749601850e+03
1.609000000000000000e+03 8.331910870681929737e+03
1.610000000000000000e+03 8.333802148279946778e+03
1.611000000000000000e+03 8.340859954443023526e+03
1.612000000000000000e+03 8.327116132049766748e+03
1.613000000000000000e+03 8.316988328180292228e+03
1.614000000000000000e+03 8.305699384432804436e+03
1.615000000000000000e+03 8.302588224077386258e+03
1.616000000000000000e+03 8.329847275734231516e+03
1.617000000000000000e+03 8.363065490141771079e+03
1.618000000000000000e+03 8.357389236445025745e+03
1.619000000000000000e+03 8.379164826386573623e+03
1.620000000000000000e+03 8.394995613167289775e+03
1.621000000000000000e+03 8.400976050916438908e+03
1.622000000000000000e+03 8.397280390150035601e+03
1.623000000000000000e+03 8.406770099449726331e+03
1.624000000000000000e+03 8.387163946558162934e+03
1.625000000000000000e+03 8.418252004968939218e+03
1.626000000000000000e+03 8.435165336447053051e+03
1.627000000000000000e+03 8.452774556321925047e+03
1.628000000000000000e+03 8.463994654009120495e+03
1.629000000000000000e+03 8.463444998485885662e+03
1.630000000000000000e+03 8.458136551205820069e+03
1.631000000000000000e+03 8.484187996722566822e+03
1.632000000000000000e+03 8.506011240056706811e+03
1.633000000000000000e+03 8.516799486538491692e+03
1.634000000000000000e+03 8.519346555634068864e+03
1.635000000000000000e+03 8.493616808122520524e+03
1.636000000000000000e+03 8.507492943721179472e+03
1.637000000000000000e+03 8.532509895496141326e+03
1.638000000000000000e+03 8.561246313926076255e+03
1.639000000000000000e+03 8.546273701425716354e+03
1.640000000000000000e+03 8.571983737961401857e+03
1.641000000000000000e+03 8.571833138533498641e+03
1.642000000000000000e+03 8.585306882531591327e+03
1.643000000000000000e+03 8.604016331100561729e+03
1.644000000000000000e+03 8.606389343445089253e+03
1.645000000000000000e+03 8.626025595354605684e+03
1.646000000000000000e+03 8.648371550989624666e+03
1.647000000000000000e+03 8.655569772119764821e+03
1.648000000000000000e+03 8.683140773174616697e+03
1.649000000000000000e+03 8.683568471363243589e+03
1.650000000000000000e+03 8.706188398939131730e+03
1.651000000000000000e+03 8.707687602015075754e+03
1.652000000000000000e+03 8.725103852556339916e+03
1.653000000000000000e+03 8.721788092522539955e+03
1.654000000000000000e+03 8.709134573992940204e+03
1.655000000000000000e+03 8.697924712412817826e+03
1.656000000000000000e+03 8.704458614084898727e+03
1.657000000000000000e+03 8.699374843992303795e+03
1.658000000000000000e+03 8.723830190430806397e+03
1.659000000000000000e+03 8.727761890130643224e+03
1.660000000000000000e+03 8.722085689778350570e+03
1.661000000000000000e+03 8.727992379038736544e+03
1.662000000000000000e+03 8.705031790448869288e+03
1.663000000000000000e+03 8.702668113704065036e+03
1.664000000000000000e+03 8.726103900621194043e+03
1.665000000000000000e+03 8.710228920110572290e+03
1.666000000000000000e+03 8.715720765262913119e+03
1.667000000000000000e+03 8.740905383746392545e+03
1.668000000000000000e+03 8.742150309851824204e+03
1.669000000000000000e+03 8.758773036265103656e+03
1.670000000000000000e+03 8.773315399546207118e+03
1.671000000000000000e+03 8.785274325601925739e+03
1.672000000000000000e+03 8.782014933721760826e+03
1.673000000000000000e+03 8.794616528115306210e+03
1.674000000000000000e+03 8.824259833345353400e+03
1.675000000000000000e+03 8.831081233959594101e+03
1.676000000000000000e+03 8.810715818343845967e+03
1.677000000000000000e+03 8.828904068734820612e+03
1.678000000000000000e+03 8.853382647017038835e+03
1.679000000000000000e+03 8.863147390262027329e+03
1.680000000000000000e+03 8.880732902636635117e+03
1.681000000000000000e+03 8.864840445068170084e+03
1.682000000000000000e+03 8.868154467217975252e+03
1.683000000000000000e+03 8.876223467094272564e+03
1.684000000000000000e+03 8.849803025962250103e+03
1.685000000000000000e+03 8.861427961283980039e+03
1.686000000000000000e+03 8.865976326473020890e+03
1.687000000000000000e+03 8.856254316560742154e+03
1.688000000000000000e+03 8.844601246584803448e+03
1.689000000000000000e+03 8.860064891172845819e+03
1.690000000000000000e+03 8.885970584436878198e+03
1.691000000000000000e+03 8.913294050581254851e+03
1.692000000000000000e+03 8.911280153363155478e+03
1.693000000000000000e+03 8.893307551578571292e+03
1.694000000000000000e+03 8.914616083670352964e+03
1.695000000000000000e+03 8.912015536431283181e+03
1.696000000000000000e+03 8.895552374379121829e+03
1.697000000000000000e+03 8.920318214686954889e+03
1.698000000000000000e+03 8.923109185668408827e+03
1.699000000000000000e+03 8.943490528550970339e+03
1.700000000000000000e+03 8.919222061509448395e+03
1.701000000000000000e+03 8.914699445626514716e+03
1.702000000000000000e+03 8.908662101733798409e+03
1.703000000000000000e+03 8.884749096947720318e+03
1.704000000000000000e+03 8.900943028269042770e+03
1.705000000000000000e+03 8.896568716580739419e+03
1.706000000000000000e+03 8.888493832265143283e+03
1.707000000000000000e+03 8.899277406811686888e+03
1.708000000000000000e+03 8.877187809040648062e+03
1.709000000000000000e+03 8.873700185320298260e+03
1.710000000000000000e+03 8.878443343671131515e+03
1.711000000000000000e+03 8.887006230340697584e+03
1.712000000000000000e+03 8.907193399040796066e+03
1.713000000000000000e+03 8.899274805455263049e+03
1.714000000000000000e+03 8.938006039934605724e+03
1.715000000000000000e+03 8.950079136507840303e+03
1.716000000000000000e+03 8.944108238189717667e+03
1.717000000000000000e+03 8.950915686270105653e+03
1.718000000000000000e+03 8.931442928494552689e+03
1.719000000000000000e+03 8.949460889437530568e+03
1.720000000000000000e+03 8.948729058020046068e+03
1.721000000000000000e+03 8.952832676132231427e+03
1.722000000000000000e+03 8.953770728369991048e+03
1.723000000000000000e+03 8.971789888429240818e+03
1.724000000000000000e+03 8.966601735536449269e+03
1.725000000000000000e+03 8.956320136289556103e+03
1.726000000000000000e+03 8.945821151588930661e+03
1.727000000000000000e+03 8.941828103281670337e+03
1.728000000000000000e+03 8.991433175899870548e+03
1.729000000000000000e+03 9.003479252563905902e+03
1.730000000000000000e+03 9.019578856158635972e+03
1.731000000000000000e+03 9.027969217199206469e+03
1.732000000000000000e+03 9.017040245426131150e+03
1.733000000000000000e+03 9.022779804420326400e+03
1.734000000000000000e+03 9.036165347936235776e+03
1.735000000000000000e+03 9.041413101246698716e+03
1.736000000000000000e+03 9.060040561874871855e+03
1.737000000000000000e+03 9.051990372833743095e+03
1.738000000000000000e+03 9.056468513509200420e+03
1.739000000000000000e+03 9.056610430138964148e+03
1.740000000000000000e+03 9.012858780757293061e+03
1.741000000000000000e+03 8.995516066249119831e+03
1.742000000000000000e+03 8.992751622709463845e+03
1.743000000000000000e+03 8.997088397174567945e+03
1.744000000000000000e+03 9.045037904722470557e+03
1.745000000000000000e+03 9.045637282280575164e+03
1.746000000000000000e+03 9.054456671835812813e+03
1.747000000000000000e+03 9.074048033120341643e+03
1.748000000000000000e+03 9.104415786360719721e+03
1.749000000000000000e+03 9.104969845243913369e+03
1.750000000000000000e+03 9.101481676489014717e+03
1.751000000000000000e+03 9.077467820811794809e+03
1.752000000000000000e+03 9.104517358632092510e+03
1.753000000000000000e+03 9.092106537541822036e+03
1.754000000000000000e+03 9.112126884511530079e+03
1.755000000000000000e+03 9.099091450523357707e+03
1.756000000000000000e+03 9.110177747915933651e+03
1.757000000000000000e+03 9.103931884543957494e+03
1.758000000000000000e+03 9.088385010630907345e+03
1.759000000000000000e+03 9.117143887183548941e+03
1.760000000000000000e+03 9.122563487831737802e+03
1.761000000000000000e+03 9.162655293517709651e+03
1.762000000000000000e+03 9.131151173472137089e+03
1.763000000000000000e+03 9.136719555133191534e+03
1.764000000000000000e+03 9.126078297414733242e+03
1.765000000000000000e+03 9.148630529405823836e+03
1.766000000000000000e+03 9.153868100006196983e+03
1.767000000000000000e+03 9.172107331113455075e+03
1.768000000000000000e+03 9.190114396195593145e+03
1.769000000000000000e+03 9.174001559364867717e+03
1.770000000000000000e+03 9.149009241167263099e+03
1.771000000000000000e+03 9.154994369423448006e+03
1.772000000000000000e+03 9.187111773828692094e+03
1.773000000000000000e+03 9.185398135886915043e+03
1.774000000000000000e+03 9.183325907901627943e+03
1.775000000000000000e+03 9.225555600086900085e+03
1.776000000000000000e+03 9.224706660277915944e+03
1.777000000000000000e+03 9.214440301954617098e+03
1.778000000000000000e+03 9.209886199615370060e+03
1.779000000000000000e+03 9.185408816270781244e+03
1.780000000000000000e+03 9.193639545975420333e+03
1.781000000000000000e+03 9.205150889485819789e+03
1.782000000000000000e+03 9.222312338958183318e+03
1.783000000000000000e+03 9.217276228815142531e+03
1.784000000000000000e+03 9.226428574004807160e+03
1.785000000000000000e+03 9.224543719094244807e+03
1.786000000000000000e+03 9.214594057312635414e+03
1.787000000000000000e+03 9.227352241850923747e+03
1.788000000000000000e+03 9.228273721946241494e+03
1.789000000000000000e+03 9.230343079883023165e+03
1.790000000000000000e+03 9.227073956823336630e+03
1.791000000000000000e+03 9.214842921240406213e+03
1.792000000000000000e+03 9.256433839168626946e+03
1.793000000000000000e+03 9.248133960081953774e+03
1.794000000000000000e+03 9.255456415162343546e+03
1.795000000000000000e+03 9.273010735755085989e+03
1.796000000000000000e+03 9.278009141109541815e+03
1.797000000000000000e+03 9.276297974224797144e+03
1.798000000000000000e+03 9.280285723678767681e+03
1.799000000000000000e+03 9.275752408005164398e+03
1.800000000000000000e+03 9.291429685385524863e+03
1.801000000000000000e+03 9.297365884808534247e+03
1.802000000000000000e+03 9.330568096055516435e+03
1.803000000000000000e+03 9.331056469289564120e+03
1.804000000000000000e+03 9.350017323856976873e+03
1.805000000000000000e+03 9.332642864623714559e+03
1.806000000000000000e+03 9.337907825937958478e+03
1.807000000000000000e+03 9.369774765818898231e+03
1.808000000000000000e+03 9.358023011360653982e+03
1.809000000000000000e+03 9.344342461661713969e+03
1.810000000000000000e+03 9.347411409074049516e+03
1.811000000000000000e+03 9.326120560242961801e+03
1.812000000000000000e+03 9.351565634198306725e+03
1.813000000000000000e+03 9.377611319386925970e+03
1.814000000000000000e+03 9.416166881346511218e+03
1.815000000000000000e+03 9.398590700190798088e+03
1.816000000000000000e+03 9.390772153638523378e+03
1.817000000000000000e+03 9.404996897278917459e+03
1.818000000000000000e+03 9.430547685114870546e+03
1.819000000000000000e+03 9.434854084479851736e+03
1.820000000000000000e+03 9.466780224130194256e+03
1.821000000000000000e+03 9.477247094229185677e+03
1.822000000000000000e+03 9.458655054310256673e+03
1.823000000000000000e+03 9.448732685017777840e+03
1.824000000000000000e+03 9.444833680243998970e+03
1.825000000000000000e+03 9.473522717118145010e+03
1.826000000000000000e+03 9.509000977393276116e+03
1.827000000000000000e+03 9.505340951003259761e+03
1.828000000000000000e+03 9.521594017533612714e+03
1.829000000000000000e+03 9.512664629347023947e+03
1.830000000000000000e+03 9.497836637230582710e+03
1.831000000000000000e+03 9.511457493440120743e+03
1.832000000000000000e+03 9.519852357188059614e+03
1.833000000000000000e+03 9.517623431650183193e+03
1.834000000000000000e+03 9.533947451598074622e+03
1.835000000000000000e+03 9.535144105928917270e+03
1.836000000000000000e+03 9.545066384969060891e+03
1.837000000000000000e+03 9.550889795319428231e+03
1.838000000000000000e+03 9.574353871708781298e+03
1.839000000000000000e+03 9.575973829691611172e+03
1.840000000000000000e+03 9.579088228897322551e+03
1.841000000000000000e+03 9.577325825351046660e+03
1.842000000000000000e+03 9.608815254335011559e+03
1.843000000000000000e+03 9.611126811282565541e+03
1.844000000000000000e+03 9.624795673471497139e+03
1.845000000000000000e+03 9.642340716893730132e+03
1.846000000000000000e+03 9.644383149135539497e+03
1.847000000000000000e+03 9.634203819986310918e+03
1.848000000000000000e+03 9.616126794630503355e+03
1.849000000000000000e+03 9.617696848699331895e+03
1.850000000000000000e+03 9.614920663084008993e+03
1.851000000000000000e+03 9.604827501547715656e+03
1.852000000000000000e+03 9.632128139856269627e+03
1.853000000000000000e+03 9.629751192972607896e+03
1.854000000000000000e+03 9.649912987525422068e+03
1.855000000000000000e+03 9.620838525230499727e+03
1.856000000000000000e+03 9.633621449638909326e+03
1.857000000000000000e+03 9.624485016364691546e+03
1.858000000000000000e+03 9.649764516696715873e+03
1.859000000000000000e+03 9.671023298977876038e+03
1.860000000000000000e+03 9.682266415304435213e+03
1.861000000000000000e+03 9.711449659726458776e+03
1.862000000000000000e+03 9.728828167413703341e+03
1.863000000000000000e+03 9.706235497099725762e+03
1.864000000000000000e+03 9.675397969981700953e+03
1.865000000000000000e+03 9.673908599920427150e+03
1.866000000000000000e+03 9.676109751319976567e+03
1.867000000000000000e+03 9.684457220564707313e+03
1.868000000000000000e+03 9.733923596866639855e+03
1.869000000000000000e+03 9.716354133036991698e+03
1.870000000000000000e+03 9.693339997588964252e+03
1.871000000000000000e+03 9.722722048377565443e+03
1.872000000000000000e+03 9.719569167894187558e+03
1.873000000000000000e+03 9.734243395422945468e+03
1.874000000000000000e+03 9.748555433378051021e+03
1.875000000000000000e+03 9.716971262101680622e+03
1.876000000000000000e+03 9.713970642523046990e+03
1.877000000000000000e+03 9.703323556033488785e+03
1.878000000000000000e+03 9.704984667894772429e+03
1.879000000000000000e+03 9.684539169781428427e+03
1.880000000000000000e+03 9.720765886753573795e+03
1.881000000000000000e+03 9.766257486754186175e+03
1.882000000000000000e+03 9.755526014934139312e+03
1.883000000000000000e+03 9.732301015235130762e+03
1.884000000000000000e+03 9.753750891934405445e+03
1.885000000000000000e+03 9.761111321367543496e+03
1.886000000000000000e+03 9.761539341696492556e+03
1.887000000000000000e+03 9.766436914099464047e+03
1.888000000000000000e+03 9.778209459740561215e+03
1.889000000000000000e+03 9.797208870830840169e+03
1.890000000000000000e+03 9.805394389146691537e+03
1.891000000000000000e+03 9.771219331861253522e+03
1.892000000000000000e+03 9.788201050753619711e+03
1.893000000000000000e+03 9.808801849070050594e+03
1.894000000000000000e+03 9.790627305797264853e+03
1.895000000000000000e+03 9.793235758982322295e+03
1.896000000000000000e+03 9.809666804961470916e+03
1.897000000000000000e+03 9.853907736620372816e+03
1.898000000000000000e+03 9.849975209778893259e+03
1.899000000000000000e+03 9.834659138370278015e+03
1.900000000000000000e+03 9.849441495931110694e+03
1.901000000000000000e+03 9.851811492388071201e+03
1.902000000000000000e+03 9.866907575248464127e+03
1.903000000000000000e+03 9.868227215820748825e+03
1.904000000000000000e+03 9.891066005460439555e+03
1.905000000000000000e+03 9.852895487844400122e+03
1.906000000000000000e+03 9.832030809597124971e+03
1.907000000000000000e+03 9.837945704988207581e+03
1.908000000000000000e+03 9.872169130602858786e+03
1.909000000000000000e+03 9.898775168031243084e+03
1.910000000000000000e+03 9.901805691839976134e+03
1.911000000000000000e+03 9.879089841711156623e+03
1.912000000000000000e+03 9.890587429862824138e+03
1.913000000000000000e+03 9.887829356991138411e+03
1.914000000000000000e+03 9.903453047980474366e+03
1.915000000000000000e+03 9.888341105768962734e+03
1.916000000000000000e+03 9.899676682626677575e+03
1.917000000000000000e+03 9.893983165213789107e+03
1.918000000000000000e+03 9.916880583194943029e+03
1.919000000000000000e+03 9.890797304541496487e+03
1.920000000000000000e+03 9.866721782014843484e+03
1.921000000000000000e+03 9.886308510662662229e+03
1.922000000000000000e+03 9.892427971777919083e+03
1.923000000000000000e+03 9.926168705164312996e+03
1.924000000000000000e+03 9.982524051910439084e+03
1.925000000000000000e+03 9.969716353997799160e+03
1.926000000000000000e+03 9.953634982832518290e+03
1.927000000000000000e+03 9.943467352594225304e+03
1.928000000000000000e+03 9.949738927156235150e+03
1.929000000000000000e+03 9.983099614145112355e+03
1.930000000000000000e+03 9.998201300582370095e+03
1.931000000000000000e+03 9.988119003543650251e+03
1.932000000000000000e+03 9.985942711984616835e+03
1.933000000000000000e+03 9.987068806174098427e+03
1.934000000000000000e+03 9.977745998753078311e+03
1.935000000000000000e+03 9.964457508877294458e+03
1.936000000000000000e+03 9.927022551827976713e+03
1.937000000000000000e+03 9.917884444944216739e+03
1.938000000000000000e+03 9.937705401477072883e+03
1.939000000000000000e+03 9.925733036614359662e+03
1.940000000000000000e+03 9.964519835786146359e+03
1.941000000000000000e+03 9.980865316197348875e+03
1.942000000000000000e+03 9.982458026401242023e+03
1.943000000000000000e+03 9.962277558235360630e+03
1.944000000000000000e+03 9.973327899798596263e+03
1.945000000000000000e+03 1.000247002911022719e+04
1.946000000000000000e+03 1.002585488018596152e+04
1.947000000000000000e+03 1.001767315698622406e+04
1.948000000000000000e+03 1.002591367636240466e+04
1.949000000000000000e+03 1.002408744571026909e+04
1.950000000000000000e+03 1.002830421278423637e+04
1.951000000000000000e+03 1.001921531972736739e+04
1.952000000000000000e+03 1.003080264674021601e+04
1.953000000000000000e+03 1.003355701308607786e+04
1.954000000000000000e+03 1.006060949866437295e+04
1.955000000000000000e+03 1.009823987641930034e+04
1.956000000000000000e+03 1.011620033368422810e+04
1.957000000000000000e+03 1.012534704281933409e+04
1.958000000000000000e+03 1.011988790037413855e+04
1.959000000000000000e+03 1.013146086351606391e+04
1.960000000000000000e+03 1.012636779065319570e+04
1.961000000000000000e+03 1.012018396844765630e+04
1.962000000000000000e+03 1.012540228489309084e+04
1.963000000000000000e+03 1.011670358037568985e+04
1.964000000000000000e+03 1.009712590228707995e+04
1.965000000000000000e+03 1.013061397515927638e+04
1.966000000000000000e+03 1.015147742224388639e+04
1.967000000000000000e+03 1.016290475011399758e+04
1.968000000000000000e+03 1.019635824533738014e+04
1.969000000000000000e+03 1.020959243710573355e+04
1.970000000000000000e+03 1.022984613892043672e+04
1.971000000000000000e+03 1.021544082971055832e+04
1.972000000000000000e+03 1.023469886360498640e+04
1.973000000000000000e+03 1.023871863276087970e+04
1.974000000000000000e+03 1.021842941524122034e+04
1.975000000000000000e+03 1.020278894921811116e+04
1.976000000000000000e+03 1.019996629882079105e+04
1.977000000000000000e+03 1.018992022133127830e+04
1.978000000000000000e+03 1.019210523907426068e+04
1.979000000000000000e+03 1.021107227160186449e+04
1.980000000000000000e+03 1.019444359929700659e+04
1.981000000000000000e+03 1.019058751198550272e+04
1.982000000000000000e+03 1.020818538233082472e+04
1.983000000000000000e+03 1.023096349291813021e+04
1.984000000000000000e+03 1.021939250957868171e+04
1.985000000000000000e+03 1.021110804897238268e+04
1.986000000000000000e+03 1.021543566940959499e+04
1.987000000000000000e+03 1.021814936104603839e+04
1.988000000000000000e+03 1.024416627954975229e+04
1.989000000000000000e+03 1.025068662480873536e+04
1.990000000000000000e+03 1.028014916696381624e+04
1.991000000000000000e+03 1.027312125929833383e+04
1.992000000000000000e+03 1.026399006935762554e+04
1.993000000000000000e+03 1.027112819252164263e+04
1.994000000000000000e+03 1.027797119047703200e+04
1.995000000000000000e+03 1.027413615253441094e+04
1.996000000000000000e+03 1.026668862168764099e+04
1.997000000000000000e+03 1.030058523325083115e+04
1.998000000000000000e+03 1.030611881289590565e+04
1.999000000000000000e+03 1.028829265047443914e+04
2.000000000000000000e+03 1.028802076034840684e+04
2.001000000000000000e+03 1.027777854784581359e+04
2.002000000000000000e+03 1.030941614947210473e+04
2.003000000000000000e+03 1.032274105115747079e+04
2.004000000000000000e+03 1.034235453239805975e+04
2.005000000000000000e+03 1.036050665898145417e+04
2.006000000000000000e+03 1.036843750440716576e+04
2.007000000000000000e+03 1.038851574633485143e+04
2.008000000000000000e+03 1.038370230463499684e+04
2.009000000000000000e+03 1.040532231602244792e+04
2.010000000000000000e+03 1.042619516924092750e+04
2.011000000000000000e+03 1.037052405676807757e+04
2.012000000000000000e+03 1.038499276672149244e+04
2.013000000000000000e+03 1.041230269368902373e+04
2.014000000000000000e+03 1.043837660020571275e+04
2.015000000000000000e+03 1.040843600147559846e+04
2.016000000000000000e+03 1.040789272597042691e+04
2.017000000000000000e+03 1.039119195920563834e+04
2.018000000000000000e+03 1.041654193982651668e+04
2.019000000000000000e+03 1.043938771865268427e+04
2.020000000000000000e+03 1.047851492142508141e+04
2.021000000000000000e+03 1.046085586572406828e+04
2.022000000000000000e+03 1.044569011711271560e+04
2.023000000000000000e+03 1.045374270208692542e+04
2.024000000000000000e+03 1.046164161391922426e+04
2.025000000000000000e+03 1.045938329957047790e+04
2.026000000000000000e+03 1.045396116301363509e+04
2.027000000000000000e+03 1.047460857210120776e+04
2.028000000000000000e+03 1.048544485761697615e+04
2.029000000000000000e+03 1.049511081071548870e+04
2.030000000000000000e+03 1.046751479060978818e+04
2.031000000000000000e+03 1.047124314664093799e+04
2.032000000000000000e+03 1.046578174979664800e+04
2.033000000000000000e+03 1.045837021570859361e+04
2.034000000000000000e+03 1.047585026347989697e+04
2.035000000000000000e+03 1.050297782557523715e+04
2.036000000000000000e+03 1.051454304107260032e+04
2.037000000000000000e+03 1.053159429724376969e+04
2.038000000000000000e+03 1.052642668766490351e+04
2.039000000000000000e+03 1.055192312534305893e+04
2.040000000000000000e+03 1.053297555164548794e+04
2.041000000000000000e+03 1.051981288682137892e+04
2.042000000000000000e+03 1.051612293511906319e+04
2.043000000000000000e+03 1.054518833125938181e+04
2.044000000000000000e+03 1.054236426843650406e+04
2.045000000000000000e+03 1.054002187102762400e+04
2.046000000000000000e+03 1.056051136350605702e+04
2.047000000000000000e+03 1.057400408055047774e+04
2.048000000000000000e+03 1.059830144696121715e+04
2.049000000000000000e+03 1.062703873522409958e+04
2.050000000000000000e+03 1.064380822014682599e+04
2.051000000000000000e+03 1.062515612117793535e+04
2.052000000000000000e+03 1.061584608254912382e+04
2.053000000000000000e+03 1.063498760553049033e+04
2.054000000000000000e+03 1.066061556012131587e+04
2.055000000000000000e+03 1.065485851508204723e+04
2.056000000000000000e+03 1.066968550566443810e+04
2.057000000000000000e+03 1.065714825174935868e+04
2.058000000000000000e+03 1.062074557033653946e+04
2.059000000000000000e+03 1.063726466092977898e+04
2.060000000000000000e+03 1.066594721648092127e+04
2.061000000000000000e+03 1.067932470776639821e+04
2.062000000000000000e+03 1.068271384613616283e+04
2.063000000000000000e+03 1.070139215642931958e+04
2.064000000000000000e+03 1.069928797275392753e+04
2.065000000000000000e+03 1.069516624501738625e+04
2.066000000000000000e+03 1.070894847517735434e+04
2.067000000000000000e+03 1.072338676146815669e+04
2.068000000000000000e+03 1.071729909024728840e+04
2.069000000000000000e+03 1.068107427828553773e+04
2.070000000000000000e+03 1.068104331989601087e+04
2.071000000000000000e+03 1.068777350547054084e+04
2.072000000000000000e+03 1.070328800512000635e+04
2.073000000000000000e+03 1.069314749856100934e+04
2.074000000000000000e+03 1.071145163548161509e+04
2.075000000000000000e+03 1.072386429466427398e+04
2.076000000000000000e+03 1.071482911885521025e+04
2.077000000000000000e+03 1.073084299676982664e+04
2.078000000000000000e+03 1.075835719210701063e+04
2.079000000000000000e+03 1.075941537086272729e+04
2.080000000000000000e+03 1.076269908526291692e+04
2.081000000000000000e+03 1.077842088264733320e+04
2.082000000000000000e+03 1.080123992612331858e+04
2.083000000000000000e+03 1.076825960415055670e+04
2.084000000000000000e+03 1.078586542809548700e+04
2.085000000000000000e+03 1.080007915439431781e+04
2.086000000000000000e+03 1.082711659276150385e+04
2.087000000000000000e+03 1.085278419138912795e+04
2.088000000000000000e+03 1.083583919549454549e+04
2.089000000000000000e+03 1.083129137065230680e+04
2.090000000000000000e+03 1.084706910105447423e+04
2.091000000000000000e+03 1.084105193191460421e+04
2.092000000000000000e+03 1.086381961402276465e+04
2.093000000000000000e+03 1.086314803253288665e+04
2.094000000000000000e+03 1.087195160324681638e+04
2.095000000000000000e+03 1.088410482507239794e+04
2.096000000000000000e+03 1.089389424247857824e+04
2.097000000000000000e+03 1.088883221249995222e+04
2.098000000000000000e+03 1.087070839073319621e+04
2.099000000000000000e+03 1.088041895286555882e+04
2.100000000000000000e+03 1.088189534798601744e+04
2.101000000000000000e+03 1.090740094065601988e+04
2.102000000000000000e+03 1.090336580195420720e+04
2.103000000000000000e+03 1.089774584465176486e+04
2.104000000000000000e+03 1.089740492694692148e+04
2.105000000000000000e+03 1.088459521804073847e+04
2.106000000000000000e+03 1.093456443422020311e+04
2.107000000000000000e+03 1.090474459482794009e+04
2.108000000000000000e+03 1.089972877343327673e+04
2.109000000000000000e+03 1.088884708510084965e+04
2.110000000000000000e+03 1.092002599503079364e+04
2.111000000000000000e+03 1.089613404758831894e+04
2.112000000000000000e+03 1.088208204146057869e+04
2.113000000000000000e+03 1.088901127264187016e+04
2.114000000000000000e+03 1.090799960101258694e+04
2.115000000000000000e+03 1.091979265501581722e+04
2.116000000000000000e+03 1.095525852261071486e+04
2.117000000000000000e+03 1.093335869412282955e+04
2.118000000000000000e+03 1.093468809464670085e+04
2.119000000000000000e+03 1.096969246121643300e+04
2.120000000000000000e+03 1.097803950384796917e+04
2.121000000000000000e+03 1.097759340328634426e+04
2.122000000000000000e+03 1.095358666989835365e+04
2.123000000000000000e+03 1.095880031732270618e+04
2.124000000000000000e+03 1.094497393138532607e+04
2.125000000000000000e+03 1.095451429575247494e+04
2.126000000000000000e+03 1.095922640706189668e+04
2.127000000000000000e+03 1.097567499351879997e+04
2.128000000000000000e+03 1.097128249251547641e+04
2.129000000000000000e+03 1.098654047115598041e+04
2.130000000000000000e+03 1.101706710817945532e+04
2.131000000000000000e+03 1.101618483055913384e+04
2.132000000000000000e+03 1.105257330079033272e+04
2.133000000000000000e+03 1.106029008620920285e+04
2.134000000000000000e+03 1.105697285274453134e+04
2.135000000000000000e+03 1.103386051526007395e+04
2.136000000000000000e+03 1.105574017220811402e+04
2.137000000000000000e+03 1.104144118630249250e+04
2.138000000000000000e+03 1.105188617813198107e+04
2.139000000000000000e+03 1.108873785103544651e+04
2.140000000000000000e+03 1.108250055741035249e+04
2.141000000000000000e+03 1.112332038448495405e+04
2.142000000000000000e+03 1.112635836302897405e+04
2.143000000000000000e+03 1.112956674583353379e+04
2.144000000000000000e+03 1.112764021179515657e+04
2.145000000000000000e+03 1.112830197693795708e+04
2.146000000000000000e+03 1.108557947918780337e+04
2.147000000000000000e+03 1.103833266471833849e+04
2.148000000000000000e+03 1.105273232487300083e+04
2.149000000000000000e+03 1.105540825879694967e+04
2.150000000000000000e+03 1.108359524504451838e+04
2.151000000000000000e+03 1.112296734917039612e+04
2.152000000000000000e+03 1.112921342392565384e+04
2.153000000000000000e+03 1.115321264625081858e+04
2.154000000000000000e+03 1.116625418950891799e+04
2.155000000000000000e+03 1.113694488734058905e+04
2.156000000000000000e+03 1.113208279574564767e+04
2.157000000000000000e+03 1.115838735848645047e+04
2.158000000000000000e+03 1.117406663298569401e+04
2.159000000000000000e+03 1.118377067788651948e+04
2.160000000000000000e+03 1.121693115525120811e+04
2.161000000000000000e+03 1.125001538168260413e+04
2.162000000000000000e+03 1.124975592327104641e+04
2.163000000000000000e+03 1.124072599028126206e+04
2.164000000000000000e+03 1.125792728000393436e+04
2.165000000000000000e+03 1.124868910007203158e+04
2.166000000000000000e+03 1.124776390063592953e+04
2.167000000000000000e+03 1.127368428597986167e+04
2.168000000000000000e+03 1.125525123028463349e+04
2.169000000000000000e+03 1.123551407126183949e+04
2.170000000000000000e+03 1.126171458545182577e+04
2.171000000000000000e+03 1.126949751105936593e+04
2.172000000000000000e+03 1.126327127121658305e+04
2.173000000000000000e+03 1.128715026128999125e+04
2.174000000000000000e+03 1.132407182639628627e+04
2.175000000000000000e+03 1.132108536465315956e+04
2.176000000000000000e+03 1.129787119322438411e+04
2.177000000000000000e+03 1.128235404672975164e+04
2.178000000000000000e+03 1.130344777157389035e+04
2.179000000000000000e+03 1.129988437345481361e+04
2.180000000000000000e+03 1.128559314803204506e+04
2.181000000000000000e+03 1.131250806439299959e+04
2.182000000000000000e+03 1.129354467377879519e+04
2.183000000000000000e+03 1.128483553933524490e+04
2.184000000000000000e+03 1.129060072162900178e+04
2.185000000000000000e+03 1.129388637635918531e+04
2.186000000000000000e+03 1.133364949657203579e+04
2.187000000000000000e+03 1.137118179919622162e+04
2.188000000000000000e+03 1.136992241144958825e+04
2.189000000000000000e+03 1.137156492644066020e+04
2.190000000000000000e+03 1.141443480298807481e+04
2.191000000000000000e+03 1.142921508111157709e+04
2.192000000000000000e+03 1.143362784639098209e+04
2.193000000000000000e+03 1.143977048160524282e+04
2.194000000000000000e+03 1.142924038093668969e+04
2.195000000000000000e+03 1.144588577574186456e+04
2.196000000000000000e+03 1.144936610291807847e+04
2.197000000000000000e+03 1.145541281733275173e+04
2.198000000000000000e+03 1.146966652014259489e+04
2.199000000000000000e+03 1.147105226238742944e+04
2.200000000000000000e+03 1.143243592117109984e+04
2.201000000000000000e+03 1.142766919481195691e+04
2.202000000000000000e+03 1.142349853803695623e+04
2.203000000000000000e+03 1.144573779474100411e+04
2.204000000000000000e+03 1.142961646193320666e+04
2.205000000000000000e+03 1.141770776987145837e+04
2.206000000000000000e+03 1.139393975636674077e+04
2.207000000000000000e+03 1.138762831086228289e+04
2.208000000000000000e+03 1.139588432914193436e+04
2.209000000000000000e+03 1.139317864014896804e+04
2.210000000000000000e+03 1.141045773047977309e+04
2.211000000000000000e+03 1.141269634500125358e+04
2.212000000000000000e+03 1.141941975495852785e+04
2.213000000000000000e+03 1.141059869545637048e+04
2.214000000000000000e+03 1.141041846357418581e+04
2.215000000000000000e+03 1.141656139171707582e+04
2.216000000000000000e+03 1.144137266476327750e+04
2.217000000000000000e+03 1.145756031788694963e+04
2.218000000000000000e+03 1.147161592541542996e+04
2.219000000000000000e+03 1.145867316277082318e+04
2.220000000000000000e+03 1.148251865687023746e+04
2.221000000000000000e+03 1.150108124618914917e+04
2.222000000000000000e+03 1.147988192271849402e+04
2.223000000000000000e+03 1.148152347418977297e+04
2.224000000000000000e+03 1.148048361313896203e+04
2.225000000000000000e+03 1.151426308145431540e+04
2.226000000000000000e+03 1.154224096835733690e+04
2.227000000000000000e+03 1.153042121304748434e+04
2.228000000000000000e+03 1.152839148318772459e+04
2.229000000000000000e+03 1.155347348976752255e+04
2.230000000000000000e+03 1.156482586240411001e+04
2.231000000000000000e+03 1.158089616664251662e+04
2.232000000000000000e+03 1.158264729101987359e+04
2.233000000000000000e+03 1.159205356780539660e+04
2.234000000000000000e+03 1.161567942717691949e+04
2.235000000000000000e+03 1.157649447255852101e+04
2.236000000000000000e+03 1.158220268497636243e+04
2.237000000000000000e+03 1.159258557548517638e+04
2.238000000000000000e+03 1.158028629772453132e+04
2.239000000000000000e+03 1.158001439873829804e+04
2.240000000000000000e+03 1.158775009010736358e+04
2.241000000000000000e+03 1.157475415126558073e+04
2.242000000000000000e+03 1.158041903841888052e+04
2.243000000000000000e+03 1.158158696078521280e+04
2.244000000000000000e+03 1.161158260163956948e+04
2.245000000000000000e+03 1.162461208891597744e+04
2.246000000000000000e+03 1.163490610222585019e+04
2.247000000000000000e+03 1.161620968415953757e+04
2.248000000000000000e+03 1.161838121034144024e+04
2.249000000000000000e+03 1.162254166712170991e+04
2.250000000000000000e+03 1.162654800123073619e+04
2.251000000000000000e+03 1.162975657076169227e+04
2.252000000000000000e+03 1.162193060102939125e+04
2.253000000000000000e+03 1.161397200237775178e+04
2.254000000000000000e+03 1.162847978260793025e+04
2.255000000000000000e+03 1.162010607796362638e+04
2.256000000000000000e+03 1.164305988457783133e+04
2.257000000000000000e+03 1.163404270338233073e+04
2.258000000000000000e+03 1.161927154303275529e+04
2.259000000000000000e+03 1.164189678722937242e+04
2.260000000000000000e+03 1.166323258290289414e+04
2.261000000000000000e+03 1.163220680354000797e+04
2.262000000000000000e+03 1.163422935392492400e+04
2.263000000000000000e+03 1.163608608758167793e+04
2.264000000000000000e+03 1.162303195345151107e+04
2.265000000000000000e+03 1.160302479486239827e+04
2.266000000000000000e+03 1.158491841717341777e+04
2.267000000000000000e+03 1.161511380861085672e+04
2.268000000000000000e+03 1.164172462854868900e+04
2.269000000000000000e+03 1.165183733033457793e+04
2.270000000000000000e+03 1.166672123117854790e+04
2.271000000000000000e+03 1.168406223676887748e+04
2.272000000000000000e+03 1.171123972577441782e+04
2.273000000000000000e+03 1.168510977438907139e+04
2.274000000000000000e+03 1.169622454304163875e+04
2.275000000000000000e+03 1.171843233199005226e+04
2.276000000000000000e+03 1.172167348202407084e+04
2.277000000000000000e+03 1.175566635462398153e+04
2.278000000000000000e+03 1.176021654032893457e+04
2.279000000000000000e+03 1.174697617622062717e+04
2.280000000000000000e+03 1.178482923895210115e+04
2.281000000000000000e+03 1.180286324177847200e+04
2.282000000000000000e+03 1.180299101486716427e+04
2.283000000000000000e+03 1.180753239603515613e+04
2.284000000000000000e+03 1.181754292688654641e+04
2.285000000000000000e+03 1.180434568939810197e+04
2.286000000000000000e+03 1.182303367178504232e+04
2.287000000000000000e+03 1.182100425579306284e+04
2.288000000000000000e+03 1.183568201752542700e+04
2.289000000000000000e+03 1.184090423684954294e+04
2.290000000000000000e+03 1.183866018313367385e+04
2.291000000000000000e+03 1.183292763720642506e+04
2.292000000000000000e+03 1.182166658056663800e+04
2.293000000000000000e+03 1.179373624732959070e+04
2.294000000000000000e+03 1.178965076250436687e+04
2.295000000000000000e+03 1.180342299041181650e+04
2.296000000000000000e+03 1.183079646607929317e+04
2.297000000000000000e+03 1.182761478117808292e+04
2.298000000000000000e+03 1.185644486570399386e+04
2.299000000000000000e+03 1.184666899341168391e+04
2.300000000000000000e+03 1.183436071455823549e+04
2.301000000000000000e+03 1.183992753270547837e+04
2.302000000000000000e+03 1.182906466793143409e+04
2.303000000000000000e+03 1.183266289046076599e+04
2.304000000000000000e+03 1.184558479744040960e+04
2.305000000000000000e+03 1.188736317412374228e+04
2.306000000000000000e+03 1.186536685499592568e+04
2.307000000000000000e+03 1.185225452979035981e+04
2.308000000000000000e+03 1.185080937316545533e+04
2.309000000000000000e+03 1.187568341117731325e+04
2.310000000000000000e+03 1.187020689143652999e+04
2.311000000000000000e+03 1.187469180242978837e+04
2.312000000000000000e+03 1.188588031085642797e+04
2.313000000000000000e+03 1.189409808075165893e+04
2.314000000000000000e+03 1.189046472262910356e+04
2.315000000000000000e+03 1.190000236462765861e+04
2.316000000000000000e+03 1.188558285320167306e+04
2.317000000000000000e+03 1.192166757721804242e+04
2.318000000000000000e+03 1.190074314751531710e+04
2.319000000000000000e+03 1.187691729090809713e+04
2.320000000000000000e+03 1.185935580764137376e+04
2.321000000000000000e+03 1.187771555629348586e+04
2.322000000000000000e+03 1.187115718898210798e+04
2.323000000000000000e+03 1.184696367284507505e+04
2.324000000000000000e+03 1.183675175816586489e+04
2.325000000000000000e+03 1.184783212558082778e+04
2.326000000000000000e+03 1.185201533380011642e+04
2.327000000000000000e+03 1.183605571417505598e+04
2.328000000000000000e+03 1.183298003564112878e+04
2.329000000000000000e+03 1.185162124267187937e+04
2.330000000000000000e+03 1.187293895338090624e+04
2.331000000000000000e+03 1.189236166900879289e+04
2.332000000000000000e+03 1.186727782681333883e+04
2.333000000000000000e+03 1.187104526367415929e+04
2.334000000000000000e+03 1.188098440851502528e+04
2.335000000000000000e+03 1.188439875064081752e+04
2.336000000000000000e+03 1.190398027178921257e+04
2.337000000000000000e+03 1.188666257724174648e+04
2.338000000000000000e+03 1.189584741791808301e+04
2.339000000000000000e+03 1.194887705736899443e+04
2.340000000000000000e+03 1.196554460598373225e+04
2.341000000000000000e+03 1.198262096441755602e+04
2.342000000000000000e+03 1.197071558339222975e+04
2.343000000000000000e+03 1.196177767729307016e+04
2.344000000000000000e+03 1.195663141234086288e+04
2.345000000000000000e+03 1.198956102171962266e+04
2.346000000000000000e+03 1.199262507407562771e+04
2.347000000000000000e+03 1.197993899844421685e+04
2.348000000000000000e+03 1.201580775347744566e+04
2.349000000000000000e+03 1.203294700122507129e+04
2.350000000000000000e+03 1.202766196837340794e+04
2.351000000000000000e+03 1.203645361675196182e+04
2.352000000000000000e+03 1.206061250105786530e+04
2.353000000000000000e+03 1.207561575721498230e+04
2.354000000000000000e+03 1.208944421865441473e+04
2.355000000000000000e+03 1.207614478079129731e+04
2.356000000000000000e+03 1.207584128011070061e+04
2.357000000000000000e+03 1.205305093500373732e+04
2.358000000000000000e+03 1.206279430427664374e+04
2.359000000000000000e+03 1.207785220840939473e+04
2.360000000000000000e+03 1.208428675756745906e+04
2.361000000000000000e+03 1.209268796595703498e+04
2.362000000000000000e+03 1.209255902647060248e+04
2.363000000000000000e+03 1.210312223772434118e+04
2.364000000000000000e+03 1.212573022654142551e+04
2.365000000000000000e+03 1.211876356157421469e+04
2.366000000000000000e+03 1.212400361526017332e+04
2.367000000000000000e+03 1.217452378757825682e+04
2.368000000000000000e+03 1.215458333549486633e+04
2.369000000000000000e+03 1.213990035377598542e+04
2.370000000000000000e+03 1.216763344867917840e+04
2.371000000000000000e+03 1.214935221338691372e+04
2.372000000000000000e+03 1.214450588161962150e+04
2.373000000000000000e+03 1.214047068565360860e+04
2.374000000000000000e+03 1.213640694792158502e+04
2.375000000000000000e+03 1.213044962476093860e+04
2.376000000000000000e+03 1.215429940503516627e+04
2.377000000000000000e+03 1.215573534813435072e+04
2.378000000000000000e+03 1.213776478691551711e+04
2.379000000000000000e+03 1.216317205891769663e+04
2.380000000000000000e+03 1.217421366275614128e+04
2.381000000000000000e+03 1.215363785721297245e+04
2.382000000000000000e+03 1.218488656793260634e+04
2.383000000000000000e+03 1.215925519265933508e+04
2.384000000000000000e+03 1.217435581316557000e+04
2.385000000000000000e+03 1.220217992197186504e+04
2.386000000000000000e+03 1.221241321591473752e+04
2.387000000000000000e+03 1.222775665698490411e+04
2.388000000000000000e+03 1.222909529061638023e+04
2.389000000000000000e+03 1.225110187707098339e+04
2.390000000000000000e+03 1.225324049466024553e+04
2.391000000000000000e+03 1.224248978634116065e+04
2.392000000000000000e+03 1.223557916811934592e+04
2.393000000000000000e+03 1.223281382032713918e+04
2.394000000000000000e+03 1.223615710286019930e+04
2.395000000000000000e+03 1.223244730374169558e+04
2.396000000000000000e+03 1.222337023292359117e+04
2.397000000000000000e+03 1.222241714954023701e+04
2.398000000000000000e+03 1.225624178249040233e+04
2.399000000000000000e+03 1.228855916875313414e+04
2.400000000000000000e+03 1.228279597226987244e+04
2.401000000000000000e+03 1.227303265019353239e+04
2.402000000000000000e+03 1.225314844776681457e+04
2.403000000000000000e+03 1.225813247916578257e+04
2.404000000000000000e+03 1.227142871371670117e+04
2.405000000000000000e+03 1.230757685105347991e+04
2.406000000000000000e+03 1.233721438268442216e+04
2.407000000000000000e+03 1.234454663786049059e+04
2.408000000000000000e+03 1.232157498773254338e+04
2.409000000000000000e+03 1.230488988426959622e+04
2.410000000000000000e+03 1.230103770796562821e+04
2.411000000000000000e+03 1.229896980004086981e+04
2.412000000000000000e+03 1.229656085763689953e+04
2.413000000000000000e+03 1.232454120092395351e+04
2.414000000000000000e+03 1.233465052193847441e+04
2.415000000000000000e+03 1.233970983147754305e+04
2.416000000000000000e+03 1.237715619881353268e+04
2.417000000000000000e+03 1.237087340912487343e+04
2.418000000000000000e+03 1.234985957463463819e+04
2.419000000000000000e+03 1.232363760262749202e+04
2.420000000000000000e+03 1.231315127047926580e+04
2.421000000000000000e+03 1.231866653385810969e+04
2.422000000000000000e+03 1.234382190214576258e+04
2.423000000000000000e+03 1.237419877902266853e+04
2.424000000000000000e+03 1.241058009094043518e+04
2.425000000000000000e+03 1.237396407454646032e+04
2.426000000000000000e+03 1.234899506265785385e+04
2.427000000000000000e+03 1.238099383668068731e+04
2.428000000000000000e+03 1.240425719604262667e+04
2.429000000000000000e+03 1.240542744434775886e+04
2.430000000000000000e+03 1.243363938235554633e+04
2.431000000000000000e+03 1.242633088092010439e+04
2.432000000000000000e+03 1.241982659728239560e+04
2.433000000000000000e+03 1.241353427869587540e+04
2.434000000000000000e+03 1.241252982517312194e+04
2.435000000000000000e+03 1.243189969195534832e+04
2.436000000000000000e+03 1.243139976006565303e+04
2.437000000000000000e+03 1.238862454910861925e+04
2.438000000000000000e+03 1.240541789907000202e+04
2.439000000000000000e+03 1.241360087094881055e+04
2.440000000000000000e+03 1.241112235321874869e+04
2.441000000000000000e+03 1.240771268537209471e+04
2.442000000000000000e+03 1.242502676878558486e+04
2.443000000000000000e+03 1.246638552294919646e+04
2.444000000000000000e+03 1.248485302408214375e+04
2.445000000000000000e+03 1.246695107932701649e+04
2.446000000000000000e+03 1.249089145494104014e+04
2.447000000000000000e+03 1.248718201289247008e+04
2.448000000000000000e+03 1.247262014102103421e+04
2.449000000000000000e+03 1.251338247590325045e+04
2.450000000000000000e+03 1.251212489320716304e+04
2.451000000000000000e+03 1.247994926007444701e+04
2.452000000000000000e+03 1.250319299682745805e+04
2.453000000000000000e+03 1.252929786740011514e+04
2.454000000000000000e+03 1.250495067301839117e+04
2.455000000000000000e+03 1.248979643042807220e+04
2.456000000000000000e+03 1.249038000250661753e+04
2.457000000000000000e+03 1.250432750870698510e+04
2.458000000000000000e+03 1.252183044590848476e+04
2.459000000000000000e+03 1.253458070009298899e+04
2.460000000000000000e+03 1.247405700630425054e+04
2.461000000000000000e+03 1.247228305404491039e+04
2.462000000000000000e+03 1.248405999349379090e+04
2.463000000000000000e+03 1.247367440657450243e+04
2.464000000000000000e+03 1.248786400056911043e+04
2.465000000000000000e+03 1.251117477173341467e+04
2.466000000000000000e+03 1.252692438178560587e+04
2.467000000000000000e+03 1.250239328172535534e+04
2.468000000000000000e+03 1.250248951378744459e+04
2.469000000000000000e+03 1.251791971739557812e+04
2.470000000000000000e+03 1.247781755525310291e+04
2.471000000000000000e+03 1.248018309756132658e+04
2.472000000000000000e+03 1.252496047468970391e+04
2.473000000000000000e+03 1.251783759630695749e+04
2.474000000000000000e+03 1.247823040627220871e+04
2.475000000000000000e+03 1.249105359862083242e+04
2.476000000000000000e+03 1.250387756863765753e+04
2.477000000000000000e+03 1.250692844604121456e+04
2.478000000000000000e+03 1.248439939775252242e+04
2.479000000000000000e+03 1.249830422443839961e+04
2.480000000000000000e+03 1.250284978477149525e+04
2.481000000000000000e+03 1.252873547203773160e+04
2.482000000000000000e+03 1.252665744228489530e+04
2.483000000000000000e+03 1.251724761609596135e+04
2.484000000000000000e+03 1.250434591134901348e+04
2.485000000000000000e+03 1.251624253617418981e+04
2.486000000000000000e+03 1.253159527351613178e+04
2.487000000000000000e+03 1.255113838110469987e+04
2.488000000000000000e+03 1.257658651600941630e+04
2.489000000000000000e+03 1.254684829657203045e+04
2.490000000000000000e+03 1.253630267809826182e+04
2.491000000000000000e+03 1.254771126072261541e+04
2.492000000000000000e+03 1.256808744349892731e+04
2.493000000000000000e+03 1.255995508407946363e+04
2.494000000000000000e+03 1.258728865377713737e+04
2.495000000000000000e+03 1.257109341123837658e+04
2.496000000000000000e+03 1.256670684885709852e+04
2.497000000000000000e+03 1.257496766512266004e+04
2.498000000000000000e+03 1.259762031442208172e+04
2.499000000000000000e+03 1.258484997321534684e+04
2.500000000000000000e+03 1.259466788593760793e+04
2.501000000000000000e+03 1.258911134701608717e+04
2.502000000000000000e+03 1.258771810740353067e+04
2.503000000000000000e+03 1.255937801006309019e+04
2.504000000000000000e+03 1.256673385495758885e+04
2.505000000000000000e+03 1.259562975398569506e+04
2.506000000000000000e+03 1.261618825371117237e+04
2.507000000000000000e+03 1.262341427042906616e+04
2.508000000000000000e+03 1.261942349588462639e+04
2.509000000000000000e+03 1.261901767799115987e+04
2.510000000000000000e+03 1.263334715636616420e+04
2.511000000000000000e+03 1.266135676032985248e+04
2.512000000000000000e+03 1.265954444406374569e+04
2.513000000000000000e+03 1.266492171249225248e+04
2.514000000000000000e+03 1.265618167917907886e+04
2.515000000000000000e+03 1.267378278324389794e+04
2.516000000000000000e+03 1.267802168224819434e+04
2.517000000000000000e+03 1.267359604244578622e+04
2.518000000000000000e+03 1.267983383075139136e+04
2.519000000000000000e+03 1.267997625240792695e+04
2.520000000000000000e+03 1.267607164804822241e+04
2.521000000000000000e+03 1.269333329724006580e+04
2.522000000000000000e+03 1.270992176472214669e+04
2.523000000000000000e+03 1.271805629607060109e+04
2.524000000000000000e+03 1.273144449872442601e+04
2.525000000000000000e+03 1.272420187421230185e+04
2.526000000000000000e+03 1.271714156026753881e+04
2.527000000000000000e+03 1.272534247851273904e+04
2.528000000000000000e+03 1.273366551207528573e+04
2.529000000000000000e+03 1.273234865978422386e+04
2.530000000000000000e+03 1.273030673430101524e+04
2.531000000000000000e+03 1.272548256467385181e+04
2.532000000000000000e+03 1.272935844908937179e+04
2.533000000000000000e+03 1.274169292218597366e+04
2.534000000000000000e+03 1.279638069622494368e+04
2.535000000000000000e+03 1.277826576731186469e+04
2.536000000000000000e+03 1.276546772267893175e+04
2.537000000000000000e+03 1.278219453177414653e+04
2.538000000000000000e+03 1.280585960127975704e+04
2.539000000000000000e+03 1.282075854226755473e+04
2.540000000000000000e+03 1.283637824619260573e+04
2.541000000000000000e+03 1.284948413040126798e+04
2.542000000000000000e+03 1.284547588430617907e+04
2.543000000000000000e+03 1.286317294282825787e+04
2.544000000000000000e+03 1.286092752540721085e+04
2.545000000000000000e+03 1.287735669706776753e+04
2.546000000000000000e+03 1.286920501706204959e+04
2.547000000000000000e+03 1.284790925336828695e+04
2.548000000000000000e+03 1.283876709833887799e+04
2.549000000000000000e+03 1.284770058321754368e+04
2.550000000000000000e+03 1.280873148575638879e+04
2.551000000000000000e+03 1.283331489372563738e+04
2.552000000000000000e+03 1.280865826862027643e+04
2.553000000000000000e+03 1.283125560419539215e+04
2.554000000000000000e+03 1.283583647696676962e+04
2.555000000000000000e+03 1.285144595531857885e+04
2.556000000000000000e+03 1.286291231974753464e+04
2.557000000000000000e+03 1.289869195468680118e+04
2.558000000000000000e+03 1.289302582434350916e+04
2.559000000000000000e+03 1.284984150739790493e+04
2.560000000000000000e+03 1.285795117824184490e+04
2.561000000000000000e+03 1.287032064897993951e+04
2.562000000000000000e+03 1.290120613041242177e+04
2.563000000000000000e+03 1.293541039503357752e+04
2.564000000000000000e+03 1.290016754870319892e+04
2.565000000000000000e+03 1.291882964707011342e+04
2.566000000000000000e+03 1.296050671470770430e+04
2.567000000000000000e+03 1.295408429870551845e+04
2.568000000000000000e+03 1.294832972712714218e+04
2.569000000000000000e+03 1.294899342915794477e+04
2.570000000000000000e+03 1.292471964459320407e+04
2.571000000000000000e+03 1.290158929286807688e+04
2.572000000000000000e+03 1.293180876435573555e+04
2.573000000000000000e+03 1.295006937082638979e+04
2.574000000000000000e+03 1.293463305795916312e+04
2.575000000000000000e+03 1.294566615971225110e+04
2.576000000000000000e+03 1.291378530555525685e+04
2.577000000000000000e+03 1.290482718156054398e+04
2.578000000000000000e+03 1.291713195551599711e+04
2.579000000000000000e+03 1.290032360111325033e+04
2.580000000000000000e+03 1.291847026502172957e+04
2.581000000000000000e+03 1.293829038504489108e+04
2.582000000000000000e+03 1.295461340492234194e+04
2.583000000000000000e+03 1.297881589027367590e+04
2.584000000000000000e+03 1.296798917735673786e+04
2.585000000000000000e+03 1.296988701103066705e+04
2.586000000000000000e+03 1.302672473284477746e+04
2.587000000000000000e+03 1.303719517034236014e+04
2.588000000000000000e+03 1.301960557712388436e+04
2.589000000000000000e+03 1.301891797095151196e+04
2.590000000000000000e+03 1.303300711024307566e+04
2.591000000000000000e+03 1.304587713107385935e+04
2.592000000000000000e+03 1.306046973052731119e+04
2.593000000000000000e+03 1.307471909441746539e+04
2.594000000000000000e+03 1.309525915226835059e+04
2.595000000000000000e+03 1.310498388200628506e+04
2.596000000000000000e+03 1.309522351381484441e+04
2.597000000000000000e+03 1.309521375114996590e+04
2.598000000000000000e+03 1.312242815734190663e+04
2.599000000000000000e+03 1.311620718536261120e+04
2.600000000000000000e+03 1.312940267303223663e+04
2.601000000000000000e+03 1.312531188840924915e+04
2.602000000000000000e+03 1.313946298612648570e+04
2.603000000000000000e+03 1.315290507128890931e+04
2.604000000000000000e+03 1.317383672316519915e+04
2.605000000000000000e+03 1.317201801123317637e+04
2.606000000000000000e+03 1.319502298433336546e+04
2.607000000000000000e+03 1.319324170689307357e+04
2.608000000000000000e+03 1.315830380688654077e+04
2.609000000000000000e+03 1.316010265516548679e+04
2.610000000000000000e+03 1.317351183234167729e+04
2.611000000000000000e+03 1.316521037504699598e+04
2.612000000000000000e+03 1.317592411749069288e+04
2.613000000000000000e+03 1.314172863530358882e+04
2.614000000000000000e+03 1.315266080399308885e+04
2.615000000000000000e+03 1.318073665805894052e+04
2.616000000000000000e+03 1.322223399921091732e+04
2.617000000000000000e+03 1.324447808855644689e+04
2.618000000000000000e+03 1.323196409431621214e+04
2.619000000000000000e+03 1.323988309266512260e+04
2.620000000000000000e+03 1.321636300098558240e+04
2.621000000000000000e+03 1.323384054600117270e+04
2.622000000000000000e+03 1.322962307907869035e+04
2.623000000000000000e+03 1.323459098791340148e+04
2.624000000000000000e+03 1.322728069257984498e+04
2.625000000000000000e+03 1.323786314580397811e+04
2.626000000000000000e+03 1.327152162676001717e+04
2.627000000000000000e+03 1.324839623883896638e+04
2.628000000000000000e+03 1.325653900395777782e+04
2.629000000000000000e+03 1.324818125275219245e+04
2.630000000000000000e+03 1.321708128252817733e+04
2.631000000000000000e+03 1.321401444553961846e+04
2.632000000000000000e+03 1.322598769919236838e+04
2.633000000000000000e+03 1.320007286644079795e+04
2.634000000000000000e+03 1.323616100164395539e+04
2.635000000000000000e+03 1.324995645334801702e+04
2.636000000000000000e+03 1.325184496358719844e+04
2.637000000000000000e+03 1.326223530801058769e+04
2.638000000000000000e+03 1.327838287920978655e+04
2.639000000000000000e+03 1.327372839953242874e+04
2.640000000000000000e+03 1.329896323034902161e+04
2.641000000000000000e+03 1.329695635556736124e+04
2.642000000000000000e+03 1.329372007989710983e+04
2.643000000000000000e+03 1.331096277256410031e+04
2.644000000000000000e+03 1.326744394645395732e+04
2.645000000000000000e+03 1.327426802032068190e+04
2.646000000000000000e+03 1.327445941950879569e+04
2.647000000000000000e+03 1.324638917952705015e+04
2.648000000000000000e+03 1.320686568465126402e+04
2.649000000000000000e+03 1.320395742857087862e+04
2.650000000000000000e+03 1.319729223807056405e+04
2.651000000000000000e+03 1.323727258192607951e+04
2.652000000000000000e+03 1.324892243734816111e+04
2.653000000000000000e+03 1.328220745750848619e+04
2.654000000000000000e+03 1.324843652710267634e+04
2.655000000000000000e+03 1.326336326504479621e+04
2.656000000000000000e+03 1.328906079046272134e+04
2.657000000000000000e+03 1.330704894007839175e+04
2.658000000000000000e+03 1.328198474953410914e+04
2.659000000000000000e+03 1.331210274912251589e+04
2.660000000000000000e+03 1.333770622505909159e+04
2.661000000000000000e+03 1.334433742470474499e+04
2.662000000000000000e+03 1.335701655914931871e+04
2.663000000000000000e+03 1.335448016494343028e+04
2.664000000000000000e+03 1.336509449675222095e+04
2.665000000000000000e+03 1.340165061838557995e+04
2.666000000000000000e+03 1.338269730139589410e+04
2.667000000000000000e+03 1.339909759493984893e+04
2.668000000000000000e+03 1.338755014112244316e+04
2.669000000000000000e+03 1.340940867445143522e+04
2.670000000000000000e+03 1.341747336342383096e+04
2.671000000000000000e+03 1.339791640793163060e+04
2.672000000000000000e+03 1.339784441272713593e+04
2.673000000000000000e+03 1.339854959609965954e+04
2.674000000000000000e+03 1.340611579199753760e+04
2.675000000000000000e+03 1.340841102517579384e+04
2.676000000000000000e+03 1.339523934980996455e+04
2.677000000000000000e+03 1.341542284247238058e+04
2.678000000000000000e+03 1.343693921698414306e+04
2.679000000000000000e+03 1.346741961676833489e+04
2.680000000000000000e+03 1.343825426650848385e+04
2.681000000000000000e+03 1.341437822287912422e+04
2.682000000000000000e+03 1.342791639792157366e+04
2.683000000000000000e+03 1.342766094706968761e+04
2.684000000000000000e+03 1.344286888529287899e+04
2.685000000000000000e+03 1.341359330325789779e+04
2.686000000000000000e+03 1.341730713805245250e+04
2.687000000000000000e+03 1.343469366377645383e+04
2.688000000000000000e+03 1.345141291596846713e+04
2.689000000000000000e+03 1.344474832353924830e+04
2.690000000000000000e+03 1.341613121233078346e+04
2.691000000000000000e+03 1.345682836435052013e+04
2.692000000000000000e+03 1.345951263241853303e+04
2.693000000000000000e+03 1.348212679586244303e+04
2.694000000000000000e+03 1.349367232888287253e+04
2.695000000000000000e+03 1.349543657581327534e+04
2.696000000000000000e+03 1.349557475717134184e+04
2.697000000000000000e+03 1.348752835000290906e+04
2.698000000000000000e+03 1.347569337366826585e+04
2.699000000000000000e+03 1.345732837893940814e+04
2.700000000000000000e+03 1.349663357002303565e+04
2.701000000000000000e+03 1.350478944341700480e+04
2.702000000000000000e+03 1.353698576727739419e+04
2.703000000000000000e+03 1.356652175455693396e+04
2.704000000000000000e+03 1.356906357502974242e+04
2.705000000000000000e+03 1.356439518074871557e+04
2.706000000000000000e+03 1.358194058144526571e+04
2.707000000000000000e+03 1.359695380025893246e+04
2.708000000000000000e+03 1.362424798381723303e+04
2.709000000000000000e+03 1.365562711384834984e+04
2.710000000000000000e+03 1.365606802990944016e+04
2.711000000000000000e+03 1.363312194021576033e+04
2.712000000000000000e+03 1.362139178944209380e+04
2.713000000000000000e+03 1.361746592301727287e+04
2.714000000000000000e+03 1.362325869603879619e+04
2.715000000000000000e+03 1.361110517856919614e+04
2.716000000000000000e+03 1.361246423408392002e+04
2.717000000000000000e+03 1.362332875339914972e+04
2.718000000000000000e+03 1.364451849281372961e+04
2.719000000000000000e+03 1.364057128826574808e+04
2.720000000000000000e+03 1.364951958171604019e+04
2.721000000000000000e+03 1.369105330629596938e+04
2.722000000000000000e+03 1.370379048484707164e+04
2.723000000000000000e+03 1.369167571329891689e+04
2.724000000000000000e+03 1.370036017027287380e+04
2.725000000000000000e+03 1.368386402010130587e+04
2.726000000000000000e+03 1.372953654451327020e+04
2.727000000000000000e+03 1.369572884938648713e+04
2.728000000000000000e+03 1.368970111735011778e+04
2.729000000000000000e+03 1.372099076507613790e+04
2.730000000000000000e+03 1.373994670689630766e+04
2.731000000000000000e+03 1.373220784188934886e+04
2.732000000000000000e+03 1.373384904935415943e+04
2.733000000000000000e+03 1.372427749576102906e+04
2.734000000000000000e+03 1.374021714523493938e+04
2.735000000000000000e+03 1.376914993309344572e+04
2.736000000000000000e+03 1.378986448444319831e+04
2.737000000000000000e+03 1.375499515558217354e+04
2.738000000000000000e+03 1.374598827720105692e+04
2.739000000000000000e+03 1.374684078269553902e+04
2.740000000000000000e+03 1.375062373083925559e+04
2.741000000000000000e+03 1.375642085532906458e+04
2.742000000000000000e+03 1.375415032498073379e+04
2.743000000000000000e+03 1.376877731994601163e+04
2.744000000000000000e+03 1.378573596249601724e+04
2.745000000000000000e+03 1.378948594677796063e+04
2.746000000000000000e+03 1.382582228466856759e+04
2.747000000000000000e+03 1.382564509008036111e+04
2.748000000000000000e+03 1.382616559084834626e+04
2.749000000000000000e+03 1.387424348463960814e+04
2.750000000000000000e+03 1.391328221956237940e+04
2.751000000000000000e+03 1.394964945652097413e+04
2.752000000000000000e+03 1.392748857109141682e+04
2.753000000000000000e+03 1.393109991341744899e+04
2.754000000000000000e+03 1.395638680806651610e+04
2.755000000000000000e+03 1.395274253361135197e+04
2.756000000000000000e+03 1.393947907156704241e+04
2.757000000000000000e+03 1.394702930543360344e+04
2.758000000000000000e+03 1.394105527199490461e+04
2.759000000000000000e+03 1.392084861888050727e+04
2.760000000000000000e+03 1.394926985066580164e+04
2.761000000000000000e+03 1.396452721451600519e+04
2.762000000000000000e+03 1.397209244333767128e+04
2.763000000000000000e+03 1.397599623853354933e+04
2.764000000000000000e+03 1.396455014085018229e+04
2.765000000000000000e+03 1.397878349560368952e+04
2.766000000000000000e+03 1.396364167492932938e+04
2.767000000000000000e+03 1.393415361195826699e+04
2.768000000000000000e+03 1.394832872707218121e+04
2.769000000000000000e+03 1.396802908724325607e+04
2.770000000000000000e+03 1.395291276556503908e+04
2.771000000000000000e+03 1.396470638533219790e+04
2.772000000000000000e+03 1.393939014133751698e+04
2.773000000000000000e+03 1.393730092976671949e+04
2.774000000000000000e+03 1.396205456007774956e+04
2.775000000000000000e+03 1.394327462047147310e+04
2.776000000000000000e+03 1.396806066962505429e+04
2.777000000000000000e+03 1.396105026715598069e+04
2.778000000000000000e+03 1.396135014898771806e+04
2.779000000000000000e+03 1.395647205922450848e+04
2.780000000000000000e+03 1.397000943594735509e+04
2.781000000000000000e+03 1.402026807228452708e+04
2.782000000000000000e+03 1.397770749418737068e+04
2.783000000000000000e+03 1.397170184335014346e+04
2.784000000000000000e+03 1.399426938365486967e+04
2.785000000000000000e+03 1.401345033297074042e+04
2.786000000000000000e+03 1.402304684119665399e+04
2.787000000000000000e+03 1.402814593815951230e+04
2.788000000000000000e+03 1.404144565269426130e+04
2.789000000000000000e+03 1.404136906192131755e+04
2.790000000000000000e+03 1.407047007775686143e+04
2.791000000000000000e+03 1.407685283134482961e+04
2.792000000000000000e+03 1.403896649651906955e+04
2.793000000000000000e+03 1.402600728407337374e+04
2.794000000000000000e+03 1.402091558640496805e+04
2.795000000000000000e+03 1.400361969921215132e+04
2.796000000000000000e+03 1.399279405354246592e+04
2.797000000000000000e+03 1.400682354797283915e+04
2.798000000000000000e+03 1.403523941653673319e+04
2.799000000000000000e+03 1.405393155049559027e+04
2.800000000000000000e+03 1.404944110645247565e+04
2.801000000000000000e+03 1.405670906170342096e+04
2.802000000000000000e+03 1.408711701243326570e+04
2.803000000000000000e+03 1.411183936472075220e+04
2.804000000000000000e+03 1.409395471563971660e+04
2.805000000000000000e+03 1.411848154331558908e+04
2.806000000000000000e+03 1.409563359222095823e+04
2.807000000000000000e+03 1.409962955888491160e+04
2.808000000000000000e+03 1.410303497133880228e+04
2.809000000000000000e+03 1.409244017414891096e+04
2.810000000000000000e+03 1.410661063524569363e+04
2.811000000000000000e+03 1.413022294348590549e+04
2.812000000000000000e+03 1.410955775658666971e+04
2.813000000000000000e+03 1.409966892099877441e+04
2.814000000000000000e+03 1.410160984594219190e+04
2.815000000000000000e+03 1.410676883789284147e+04
2.816000000000000000e+03 1.412071840618186252e+04
2.817000000000000000e+03 1.412718260351127174e+04
2.818000000000000000e+03 1.414258210409170897e+04
2.819000000000000000e+03 1.412711056671997903e+04
2.820000000000000000e+03 1.410400208926972846e+04
2.821000000000000000e+03 1.410390195771076651e+04
2.822000000000000000e+03 1.410537982324282348e+04
2.823000000000000000e+03 1.409441384803706933e+04
2.824000000000000000e+03 1.406804758017634231e+04
2.825000000000000000e+03 1.405040455996901073e+04
2.826000000000000000e+03 1.404400454374793117e+04
2.827000000000000000e+03 1.405544961447333844e+04
2.828000000000000000e+03 1.406765736229774848e+04
2.829000000000000000e+03 1.410781694573458299e+04
2.830000000000000000e+03 1.407009853323670177e+04
2.831000000000000000e+03 1.407458454254335629e+04
2.832000000000000000e+03 1.408668474950234122e+04
2.833000000000000000e+03 1.408624176740967050e+04
2.834000000000000000e+03 1.407785710759064568e+04
2.835000000000000000e+03 1.410008863497354287e+04
2.836000000000000000e+03 1.409805966943576277e+04
2.837000000000000000e+03 1.411052491806094258e+04
2.838000000000000000e+03 1.412131951068486524e+04
2.839000000000000000e+03 1.410771969141559020e+04
2.840000000000000000e+03 1.409376202746633498e+04
2.841000000000000000e+03 1.413651686827529011e+04
2.842000000000000000e+03 1.417437613903237616e+04
2.843000000000000000e+03 1.417327096777156839e+04
2.844000000000000000e+03 1.413591194814088522e+04
2.845000000000000000e+03 1.413378551720988798e+04
2.846000000000000000e+03 1.409920754248853336e+04
2.847000000000000000e+03 1.409457392541459012e+04
2.848000000000000000e+03 1.412101197121822224e+04
2.849000000000000000e+03 1.413932224934508304e+04
2.850000000000000000e+03 1.412677525754585804e+04
2.851000000000000000e+03 1.412584770585333536e+04
2.852000000000000000e+03 1.416045074528468285e+04
2.853000000000000000e+03 1.415535553739018178e+04
2.854000000000000000e+03 1.415611783686988929e+04
2.855000000000000000e+03 1.415863736879155658e+04
2.856000000000000000e+03 1.413927114099712708e+04
2.857000000000000000e+03 1.417937313558492679e+04
2.858000000000000000e+03 1.418708939961082251e+04
2.859000000000000000e+03 1.416170375779349160e+04
2.860000000000000000e+03 1.418532052741759981e+04
2.861000000000000000e+03 1.420866708325491709e+04
2.862000000000000000e+03 1.423655844007853011e+04
2.863000000000000000e+03 1.425540897605174359e+04
2.864000000000000000e+03 1.427329806109142737e+04
2.865000000000000000e+03 1.426797850981068586e+04
2.866000000000000000e+03 1.422336750236740590e+04
2.867000000000000000e+03 1.421339491812928281e+04
2.868000000000000000e+03 1.425868583391360517e+04
2.869000000000000000e+03 1.430339436569405916e+04
2.870000000000000000e+03 1.431637177270676693e+04
2.871000000000000000e+03 1.430223923936012943e+04
2.872000000000000000e+03 1.429609102556573271e+04
2.873000000000000000e+03 1.430293769265595256e+04
2.874000000000000000e+03 1.431157540198779679e+04
2.875000000000000000e+03 1.430314611474141930e+04
2.876000000000000000e+03 1.428255273120247148e+04
2.877000000000000000e+03 1.429912616284434989e+04
2.878000000000000000e+03 1.429748259476236854e+04
2.879000000000000000e+03 1.430398924509744575e+04
2.880000000000000000e+03 1.430416270918623377e+04
2.881000000000000000e+03 1.431252672650325439e+04
2.882000000000000000e+03 1.430606483368116460e+04
2.883000000000000000e+03 1.430697956173633611e+04
2.884000000000000000e+03 1.430575593823883901e+04
2.885000000000000000e+03 1.428893227044873311e+04
2.886000000000000000e+03 1.427023504283932198e+04
2.887000000000000000e+03 1.426208982581250530e+04
2.888000000000000000e+03 1.429930637848294282e+04
2.889000000000000000e+03 1.426998188033480619e+04
2.890000000000000000e+03 1.429479763144325261e+04
2.891000000000000000e+03 1.430530690413969751e+04
2.892000000000000000e+03 1.431848952568791537e+04
2.893000000000000000e+03 1.432128582294329499e+04
2.894000000000000000e+03 1.432439804424975955e+04
2.895000000000000000e+03 1.434172982793707524e+04
2.896000000000000000e+03 1.434315726135782643e+04
2.897000000000000000e+03 1.433743388253552075e+04
2.898000000000000000e+03 1.433322955005078984e+04
2.899000000000000000e+03 1.433283602868175694e+04
2.900000000000000000e+03 1.435556718223901225e+04
2.901000000000000000e+03 1.433897661582380169e+04
2.902000000000000000e+03 1.434331185791373173e+04
2.903000000000000000e+03 1.435350600931359804e+04
2.904000000000000000e+03 1.435854714420340497e+04
2.905000000000000000e+03 1.435298074016297505e+04
2.906000000000000000e+03 1.440133379919537583e+04
2.907000000000000000e+03 1.440886761117707465e+04
2.908000000000000000e+03 1.442387925857767004e+04
2.909000000000000000e+03 1.441925537796693607e+04
2.910000000000000000e+03 1.438821885533558088e+04
2.911000000000000000e+03 1.440099036954722942e+04
2.912000000000000000e+03 1.441785427891469226e+04
2.913000000000000000e+03 1.445165553413353882e+04
2.914000000000000000e+03 1.446263798396189668e+04
2.915000000000000000e+03 1.447622041017700212e+04
2.916000000000000000e+03 1.448333279754670730e+04
2.917000000000000000e+03 1.446473434176776027e+04
2.918000000000000000e+03 1.447084133857436063e+04
2.919000000000000000e+03 1.444651357474303222e+04
2.920000000000000000e+03 1.446066815992636293e+04
2.921000000000000000e+03 1.445928271835816668e+04
2.922000000000000000e+03 1.442306171302655093e+04
2.923000000000000000e+03 1.442823590403920753e+04
2.924000000000000000e+03 1.439791902681220199e+04
2.925000000000000000e+03 1.439298126952430721e+04
2.926000000000000000e+03 1.439636870697833911e+04
2.927000000000000000e+03 1.440308138308939488e+04
2.928000000000000000e+03 1.442292637860446666e+04
2.929000000000000000e+03 1.442442727816983097e+04
2.930000000000000000e+03 1.440698186928786527e+04
2.931000000000000000e+03 1.447244579086746307e+04
2.932000000000000000e+03 1.445899414190118114e+04
2.933000000000000000e+03 1.442959075863128419e+04
2.934000000000000000e+03 1.443649133168790650e+04
2.935000000000000000e+03 1.447600422031301241e+04
2.936000000000000000e+03 1.451999233464967074e+04
2.937000000000000000e+03 1.450999159501415488e+04
2.938000000000000000e+03 1.450558445075625241e+04
2.939000000000000000e+03 1.455708840085795600e+04
2.940000000000000000e+03 1.457184391202252482e+04
2.941000000000000000e+03 1.455766624667598626e+04
2.942000000000000000e+03 1.457590952375243796e+04
2.943000000000000000e+03 1.457987478524789549e+04
2.944000000000000000e+03 1.459347926998373623e+04
2.945000000000000000e+03 1.460825420165185642e+04
2.946000000000000000e+03 1.456899187778032683e+04
2.947000000000000000e+03 1.456152544045623654e+04
2.948000000000000000e+03 1.458332783185593507e+04
2.949000000000000000e+03 1.458129999868251070e+04
2.950000000000000000e+03 1.460757286677689626e+04
2.951000000000000000e+03 1.463163980352639373e+04
2.952000000000000000e+03 1.463364066714829823e+04
2.953000000000000000e+03 1.462821479941392681e+04
2.954000000000000000e+03 1.463671332199756216e+04
2.955000000000000000e+03 1.467090168091516898e+04
2.956000000000000000e+03 1.466715007497727129e+04
2.957000000000000000e+03 1.467717261703046825e+04
2.958000000000000000e+03 1.467906515663710343e+04
2.959000000000000000e+03 1.468372644351709641e+04
2.960000000000000000e+03 1.469021685623134181e+04
2.961000000000000000e+03 1.469885999663109033e+04
2.962000000000000000e+03 1.468542218504409175e+04
2.963000000000000000e+03 1.468669549373011250e+04
2.964000000000000000e+03 1.470030859991140096e+04
2.965000000000000000e+03 1.470747943447707075e+04
2.966000000000000000e+03 1.471481858876398474e+04
2.967000000000000000e+03 1.470888279751932714e+04
2.968000000000000000e+03 1.469438963307766971e+04
2.969000000000000000e+03 1.474794352976668233e+04
2.970000000000000000e+03 1.478037256529453407e+04
2.971000000000000000e+03 1.477501659726173602e+04
2.972000000000000000e+03 1.478564138749363156e+04
2.973000000000000000e+03 1.477976017410997520e+04
2.974000000000000000e+03 1.478639751264800179e+04
2.975000000000000000e+03 1.480249324137410986e+04
2.976000000000000000e+03 1.482994739466526153e+04
2.977000000000000000e+03 1.484167198942693722e+04
2.978000000000000000e+03 1.484824069081310699e+04
2.979000000000000000e+03 1.487719627218590540e+04
2.980000000000000000e+03 1.486559149947646074e+04
2.981000000000000000e+03 1.488027273357655213e+04
2.982000000000000000e+03 1.487132889761503975e+04
2.983000000000000000e+03 1.484439534052766066e+04
2.984000000000000000e+03 1.485080622617757581e+04
2.985000000000000000e+03 1.485310989914393576e+04
2.986000000000000000e+03 1.484685997223856066e+04
2.987000000000000000e+03 1.489403726473861752e+04
2.988000000000000000e+03 1.489410534367081709e+04
2.989000000000000000e+03 1.488510426605918292e+04
2.990000000000000000e+03 1.483834842461688277e+04
2.991000000000000000e+03 1.482080767566028953e+04
2.992000000000000000e+03 1.486765257785877657e+04
2.993000000000000000e+03 1.486083535977080646e+04
2.994000000000000000e+03 1.485150185626904749e+04
2.995000000000000000e+03 1.484421175741832121e+04
2.996000000000000000e+03 1.482052950212896940e+04
2.997000000000000000e+03 1.485504052632086496e+04
2.998000000000000000e+03 1.484729685206899558e+04
2.999000000000000000e+03 1.482285456740649170e+04
3.000000000000000000e+03 1.483007472678339218e+04
3.001000000000000000e+03 1.487396142517563931e+04
3.002000000000000000e+03 1.488782380562633080e+04
3.003000000000000000e+03 1.489836170427833349e+04
3.004000000000000000e+03 1.491563494400035597e+04
3.005000000000000000e+03 1.489850600554807352e+04
3.006000000000000000e+03 1.487885605915605629e+04
3.007000000000000000e+03 1.483955517184220662e+04
3.008000000000000000e+03 1.484949550289611216e+04
3.009000000000000000e+03 1.485725509538740516e+04
3.010000000000000000e+03 1.484149573974412851e+04
3.011000000000000000e+03 1.485807084380339984e+04
3.012000000000000000e+03 1.485972447720346827e+04
3.013000000000000000e+03 1.487786254828785604e+04
3.014000000000000000e+03 1.492649684077333222e+04
3.015000000000000000e+03 1.490797132789486750e+04
3.016000000000000000e+03 1.492287195884491121e+04
3.017000000000000000e+03 1.493628901465726267e+04
3.018000000000000000e+03 1.491759416442875226e+04
3.019000000000000000e+03 1.493134249151629774e+04
3.020000000000000000e+03 1.491221763436826950e+04
3.021000000000000000e+03 1.495464516835950963e+04
3.022000000000000000e+03 1.495561132468690084e+04
3.023000000000000000e+03 1.496186855508720510e+04
3.024000000000000000e+03 1.496572791803309701e+04
3.025000000000000000e+03 1.500311338767790767e+04
3.026000000000000000e+03 1.500027147769201474e+04
3.027000000000000000e+03 1.501264936442712133e+04
3.028000000000000000e+03 1.503135409359355072e+04
3.029000000000000000e+03 1.504070523531922663e+04
3.030000000000000000e+03 1.506245106681936522e+04
3.031000000000000000e+03 1.504951855960064313e+04
3.032000000000000000e+03 1.503203025389014692e+04
3.033000000000000000e+03 1.500327242114358887e+04
3.034000000000000000e+03 1.499401193493085339e+04
3.035000000000000000e+03 1.500544830699433805e+04
3.036000000000000000e+03 1.499338803430628468e+04
3.037000000000000000e+03 1.500590268482253850e+04
3.038000000000000000e+03 1.498072698560341632e+04
3.039000000000000000e+03 1.497875737745627157e+04
3.040000000000000000e+03 1.498938975212158948e+04
3.041000000000000000e+03 1.501542130375990200e+04
3.042000000000000000e+03 1.502398667679798564e+04
3.043000000000000000e+03 1.504775544887914475e+04
3.044000000000000000e+03 1.504878145839508761e+04
3.045000000000000000e+03 1.505918859276833973e+04
3.046000000000000000e+03 1.508248200511365212e+04
3.047000000000000000e+03 1.509159554019879397e+04
3.048000000000000000e+03 1.510930585964085003e+04
3.049000000000000000e+03 1.509417663402105973e+04
3.050000000000000000e+03 1.511646870430720992e+04
3.051000000000000000e+03 1.511101515377378564e+04
3.052000000000000000e+03 1.512678524781558372e+04
3.053000000000000000e+03 1.513379568727443257e+04
3.054000000000000000e+03 1.514339185258015823e+04
3.055000000000000000e+03 1.511042854768510733e+04
3.056000000000000000e+03 1.513223476651836972e+04
3.057000000000000000e+03 1.515438714697641626e+04
3.058000000000000000e+03 1.513721153893258088e+04
3.059000000000000000e+03 1.514078757856281845e+04
3.060000000000000000e+03 1.518134157910637805e+04
3.061000000000000000e+03 1.517902399183727721e+04
3.062000000000000000e+03 1.516953633873404215e+04
3.063000000000000000e+03 1.522081334080913621e+04
3.064000000000000000e+03 1.523139811624060530e+04
3.065000000000000000e+03 1.526781049404436089e+04
3.066000000000000000e+03 1.527566046654761340e+04
3.067000000000000000e+03 1.527450244825367008e+04
3.068000000000000000e+03 1.529621393534887648e+04
3.069000000000000000e+03 1.530190009462099806e+04
3.070000000000000000e+03 1.531673996109722066e+04
3.071000000000000000e+03 1.532686634840266561e+04
3.072000000000000000e+03 1.530418733703290309e+04
3.073000000000000000e+03 1.532107822035251047e+04
3.074000000000000000e+03 1.531379800331631850e+04
3.075000000000000000e+03 1.532932619673087902e+04
3.076000000000000000e+03 1.536277781374862752e+04
3.077000000000000000e+03 1.537900949777743153e+04
3.078000000000000000e+03 1.536544525553847052e+04
3.079000000000000000e+03 1.537341902861750896e+04
3.080000000000000000e+03 1.537936016728356662e+04
3.081000000000000000e+03 1.535519481744497898e+04
3.082000000000000000e+03 1.537250177321730553e+04
3.083000000000000000e+03 1.535170539038523020e+04
3.084000000000000000e+03 1.535358067575640962e+04
3.085000000000000000e+03 1.533433088798600693e+04
3.086000000000000000e+03 1.532913215369835234e+04
3.087000000000000000e+03 1.530779706563951004e+04
3.088000000000000000e+03 1.530396943574517536e+04
3.089000000000000000e+03 1.531473589318535414e+04
3.090000000000000000e+03 1.531130740903406513e+04
3.091000000000000000e+03 1.535513972913989346e+04
3.092000000000000000e+03 1.540130514043629591e+04
3.093000000000000000e+03 1.539295652058230917e+04
3.094000000000000000e+03 1.540540243595973516e+04
3.095000000000000000e+03 1.541081853108602445e+04
3.096000000000000000e+03 1.542627311678129263e+04
3.097000000000000000e+03 1.541485476274331268e+04
3.098000000000000000e+03 1.541477056108188117e+04
3.099000000000000000e+03 1.541463679996926294e+04
3.100000000000000000e+03 1.538680602695475318e+04
3.101000000000000000e+03 1.538710699065773770e+04
3.102000000000000000e+03 1.536522483389000081e+04
3.103000000000000000e+03 1.536221967414575920e+04
3.104000000000000000e+03 1.534607676444547542e+04
3.105000000000000000e+03 1.533459484996846550e+04
3.106000000000000000e+03 1.532414503711744692e+04
3.107000000000000000e+03 1.532581881159099430e+04
3.108000000000000000e+03 1.533263319885392957e+04
3.109000000000000000e+03 1.530761413919279948e+04
3.110000000000000000e+03 1.529095752489443112e+04
3.111000000000000000e+03 1.531518262149334259e+04
3.112000000000000000e+03 1.534299446556198200e+04
3.113000000000000000e+03 1.535342674481418362e+04
3.114000000000000000e+03 1.536706133483995291e+04
3.115000000000000000e+03 1.535242619036942597e+04
3.116000000000000000e+03 1.534028973653137291e+04
3.117000000000000000e+03 1.536464090865156140e+04
3.118000000000000000e+03 1.538138120731798153e+04
3.119000000000000000e+03 1.536429320543259018e+04
3.120000000000000000e+03 1.531182417351860931e+04
3.121000000000000000e+03 1.534060821898965878e+04
3.122000000000000000e+03 1.537078751792740877e+04
3.123000000000000000e+03 1.538948875358588703e+04
3.124000000000000000e+03 1.535370715258665405e+04
3.125000000000000000e+03 1.535808277876744251e+04
3.126000000000000000e+03 1.533283348359673982e+04
3.127000000000000000e+03 1.535381648125671563e+04
3.128000000000000000e+03 1.538342965662607457e+04
3.129000000000000000e+03 1.536852272502821143e+04
3.130000000000000000e+03 1.536977681812648188e+04
3.131000000000000000e+03 1.537550961810786066e+04
3.132000000000000000e+03 1.541215565510799024e+04
3.133000000000000000e+03 1.538442996081580532e+04
3.134000000000000000e+03 1.538919792163332204e+04
3.135000000000000000e+03 1.537614001133271267e+04
3.136000000000000000e+03 1.538454552770784903e+04
3.137000000000000000e+03 1.539298234089040307e+04
3.138000000000000000e+03 1.541242014116630344e+04
3.139000000000000000e+03 1.543448940985050285e+04
3.140000000000000000e+03 1.541692693762702220e+04
3.141000000000000000e+03 1.541375762924670744e+04
3.142000000000000000e+03 1.542726088901742514e+04
3.143000000000000000e+03 1.543403736732887592e+04
3.144000000000000000e+03 1.542315565097039871e+04
3.145000000000000000e+03 1.544234470026924646e+04
3.146000000000000000e+03 1.544865698089614489e+04
3.147000000000000000e+03 1.545118389083719558e+04
3.148000000000000000e+03 1.547684797076557879e+04
3.149000000000000000e+03 1.550692187452075268e+04
3.150000000000000000e+03 1.549394849793803769e+04
3.151000000000000000e+03 1.553564456396993228e+04
3.152000000000000000e+03 1.553095062441891059e+04
3.153000000000000000e+03 1.554657219047806029e+04
3.154000000000000000e+03 1.557375520875336042e+04
3.155000000000000000e+03 1.558448011650348599e+04
3.156000000000000000e+03 1.557694167832862513e+04
3.157000000000000000e+03 1.555211906605566946e+04
3.158000000000000000e+03 1.557627176430088730e+04
3.159000000000000000e+03 1.559253784375560645e+04
3.160000000000000000e+03 1.560025294813658002e+04
3.161000000000000000e+03 1.561351611187138587e+04
3.162000000000000000e+03 1.560899082490901856e+04
3.163000000000000000e+03 1.562838127216461544e+04
3.164000000000000000e+03 1.563886711778095923e+04
3.165000000000000000e+03 1.563715802250652632e+04
3.166000000000000000e+03 1.560075180476963396e+04
3.167000000000000000e+03 1.563511423013361673e+04
3.168000000000000000e+03 1.563508798507693973e+04
3.169000000000000000e+03 1.565299673334109139e+04
3.170000000000000000e+03 1.564163843242027178e+04
3.171000000000000000e+03 1.565943202935347472e+04
3.172000000000000000e+03 1.568533042652222321e+04
3.173000000000000000e+03 1.572825863859307174e+04
3.174000000000000000e+03 1.571963319100816079e+04
3.175000000000000000e+03 1.572915861854821014e+04
3.176000000000000000e+03 1.572150279861019408e+04
3.177000000000000000e+03 1.569306597358900581e+04
3.178000000000000000e+03 1.571645741510625157e+04
3.179000000000000000e+03 1.565969765231484416e+04
3.180000000000000000e+03 1.564949828652721226e+04
3.181000000000000000e+03 1.566862334077374544e+04
3.182000000000000000e+03 1.569550545510152733e+04
3.183000000000000000e+03 1.570268095764082136e+04
3.184000000000000000e+03 1.568867592041388525e+04
3.185000000000000000e+03 1.567537976318795336e+04
3.186000000000000000e+03 1.567009913691150177e+04
3.187000000000000000e+03 1.567818631971988725e+04
3.188000000000000000e+03 1.567660440252437184e+04
3.189000000000000000e+03 1.568104786448159575e+04
3.190000000000000000e+03 1.571767623376120901e+04
3.191000000000000000e+03 1.569504598551910931e+04
3.192000000000000000e+03 1.569409552103768328e+04
3.193000000000000000e+03 1.572727377176987284e+04
3.194000000000000000e+03 1.576340330057331630e+04
3.195000000000000000e+03 1.574944322129194734e+04
3.196000000000000000e+03 1.572199265873465811e+04
3.197000000000000000e+03 1.571789133187873449e+04
3.198000000000000000e+03 1.576775267688033455e+04
3.199000000000000000e+03 1.575802996998518756e+04
3.200000000000000000e+03 1.572543699130803907e+04
3.201000000000000000e+03 1.573929058293270828e+04
3.202000000000000000e+03 1.571577196233634277e+04
3.203000000000000000e+03 1.570435421671447148e+04
3.204000000000000000e+03 1.577531218686018656e+04
3.205000000000000000e+03 1.577395302470286515e+04
3.206000000000000000e+03 1.577006920174443258e+04
3.207000000000000000e+03 1.576462491917625630e+04
3.208000000000000000e+03 1.576203734832676855e+04
3.209000000000000000e+03 1.578611892790722595e+04
3.210000000000000000e+03 1.579316396037849154e+04
3.211000000000000000e+03 1.575522076889681921e+04
3.212000000000000000e+03 1.576693411777307847e+04
3.213000000000000000e+03 1.581728044910416429e+04
3.214000000000000000e+03 1.582458155233998150e+04
3.215000000000000000e+03 1.585315133477407653e+04
3.216000000000000000e+03 1.586584542509271523e+04
3.217000000000000000e+03 1.585289006329888070e+04
3.218000000000000000e+03 1.584183661109502827e+04
3.219000000000000000e+03 1.587580196409643759e+04
3.220000000000000000e+03 1.589850423455606324e+04
3.221000000000000000e+03 1.588464049685152713e+04
3.222000000000000000e+03 1.589471490483234265e+04
3.223000000000000000e+03 1.589308012844201039e+04
3.224000000000000000e+03 1.590996113246533787e+04
3.225000000000000000e+03 1.595014005905523481e+04
3.226000000000000000e+03 1.592577501774592747e+04
3.227000000000000000e+03 1.592643563074402482e+04
3.228000000000000000e+03 1.592055996619220605e+04
3.229000000000000000e+03 1.593500967841479542e+04
3.230000000000000000e+03 1.597818221419833208e+04
3.231000000000000000e+03 1.595387938699156985e+04
3.232000000000000000e+03 1.594827586939955290e+04
3.233000000000000000e+03 1.596059288408662906e+04
3.234000000000000000e+03 1.596385055618528713e+04
3.235000000000000000e+03 1.595798537879077230e+04
3.236000000000000000e+03 1.597211171785667830e+04
3.237000000000000000e+03 1.598302585431744592e+04
3.238000000000000000e+03 1.600941810401876319e+04
3.239000000000000000e+03 1.598416377333903438e+04
3.240000000000000000e+03 1.594983103205701445e+04
3.241000000000000000e+03 1.594656597538161077e+04
3.242000000000000000e+03 1.595103171273172302e+04
3.243000000000000000e+03 1.592689836255178670e+04
3.244000000000000000e+03 1.591992783870362473e+04
3.245000000000000000e+03 1.594738612077218932e+04
3.246000000000000000e+03 1.595341040015742510e+04
3.247000000000000000e+03 1.598780184292901686e+04
3.248000000000000000e+03 1.597637644229563375e+04
3.249000000000000000e+03 1.599016670168078053e+04
3.250000000000000000e+03 1.597800877309671159e+04
3.251000000000000000e+03 1.599261972082257125e+04
3.252000000000000000e+03 1.599632163616707658e+04
3.253000000000000000e+03 1.602593782182436371e+04
3.254000000000000000e+03 1.603598009669190287e+04
3.255000000000000000e+03 1.605642549348043758e+04
3.256000000000000000e+03 1.607242987995688236e+04
3.257000000000000000e+03 1.609050106149404928e+04
3.258000000000000000e+03 1.607736163164257050e+04
3.259000000000000000e+03 1.610025330165043852e+04
3.260000000000000000e+03 1.612087266981056382e+04
3.261000000000000000e+03 1.616060426287938026e+04
3.262000000000000000e+03 1.618045957697852282e+04
3.263000000000000000e+03 1.617291635999081154e+04
3.264000000000000000e+03 1.620398447848857904e+04
3.265000000000000000e+03 1.618772459176055418e+04
3.266000000000000000e+03 1.617852545287312023e+04
3.267000000000000000e+03 1.622153808507199028e+04
3.268000000000000000e+03 1.624850416312085872e+04
3.269000000000000000e+03 1.624313484651956969e+04
3.270000000000000000e+03 1.620497432185889193e+04
3.271000000000000000e+03 1.617508603034000407e+04
3.272000000000000000e+03 1.617104676186907636e+04
3.273000000000000000e+03 1.619244167440733872e+04
3.274000000000000000e+03 1.616475777715400000e+04
3.275000000000000000e+03 1.615038821108833326e+04
3.276000000000000000e+03 1.614640345017081017e+04
3.277000000000000000e+03 1.614631747446248119e+04
3.278000000000000000e+03 1.620201164318398878e+04
3.279000000000000000e+03 1.624434467690440761e+04
3.280000000000000000e+03 1.626567273420478887e+04
3.281000000000000000e+03 1.626464689067039581e+04
3.282000000000000000e+03 1.628433985376579767e+04
3.283000000000000000e+03 1.628086766936356435e+04
3.284000000000000000e+03 1.626516138185274576e+04
3.285000000000000000e+03 1.625460817196601056e+04
3.286000000000000000e+03 1.626771471821389241e+04
3.287000000000000000e+03 1.624596172503115486e+04
3.288000000000000000e+03 1.620375302967149401e+04
3.289000000000000000e+03 1.620847788355553712e+04
3.290000000000000000e+03 1.624438022570473913e+04
3.291000000000000000e+03 1.623540572636299112e+04
3.292000000000000000e+03 1.624413704868513742e+04
3.293000000000000000e+03 1.624296855263326688e+04
3.294000000000000000e+03 1.625151655438912348e+04
3.295000000000000000e+03 1.627378689348151420e+04
3.296000000000000000e+03 1.629027621034050389e+04
3.297000000000000000e+03 1.627136625290890697e+04
3.298000000000000000e+03 1.629372188039391767e+04
3.299000000000000000e+03 1.629673077924199788e+04
3.300000000000000000e+03 1.629115549492857099e+04
3.301000000000000000e+03 1.632910484239187281e+04
3.302000000000000000e+03 1.632568672754859290e+04
3.303000000000000000e+03 1.634279287959251451e+04
3.304000000000000000e+03 1.633401115772618869e+04
3.305000000000000000e+03 1.630897855309738225e+04
3.306000000000000000e+03 1.630024705980451836e+04
3.307000000000000000e+03 1.632355532804542599e+04
3.308000000000000000e+03 1.632391055395753756e+04
3.309000000000000000e+03 1.632441441782667061e+04
3.310000000000000000e+03 1.638191418674307897e+04
3.311000000000000000e+03 1.636439561565930489e+04
3.312000000000000000e+03 1.638195804708411742e+04
3.313000000000000000e+03 1.639100037297369272e+04
3.314000000000000000e+03 1.635324490790878735e+04
3.315000000000000000e+03 1.636529913345860405e+04
3.316000000000000000e+03 1.636008809486221253e+04
3.317000000000000000e+03 1.635756929295830560e+04
3.318000000000000000e+03 1.634254120269099622e+04
3.319000000000000000e+03 1.635747287673258325e+04
3.320000000000000000e+03 1.635585209710544405e+04
3.321000000000000000e+03 1.634491876902803961e+04
3.322000000000000000e+03 1.632489860017172759e+04
3.323000000000000000e+03 1.631827474498820266e+04
3.324000000000000000e+03 1.638795589151815511e+04
3.325000000000000000e+03 1.634897743891145910e+04
3.326000000000000000e+03 1.634062259729822836e+04
3.327000000000000000e+03 1.634659396680287864e+04
3.328000000000000000e+03 1.637052806399386100e+04
3.329000000000000000e+03 1.643433314626303400e+04
3.330000000000000000e+03 1.641802318937164455e+04
3.331000000000000000e+03 1.641168437975130291e+04
3.332000000000000000e+03 1.637653568886608082e+04
3.333000000000000000e+03 1.637201595835013541e+04
3.334000000000000000e+03 1.641633868202700614e+04
3.335000000000000000e+03 1.639918628826882923e+04
3.336000000000000000e+03 1.638152077721703790e+04
3.337000000000000000e+03 1.636433529754171832e+04
3.338000000000000000e+03 1.636766633673846809e+04
3.339000000000000000e+03 1.635541545594411218e+04
3.340000000000000000e+03 1.635488206546904439e+04
3.341000000000000000e+03 1.635844694994686142e+04
3.342000000000000000e+03 1.635672206868347712e+04
3.343000000000000000e+03 1.637713597941803891e+04
3.344000000000000000e+03 1.639357752103809253e+04
3.345000000000000000e+03 1.642166197705049490e+04
3.346000000000000000e+03 1.641010059014818398e+04
3.347000000000000000e+03 1.640529139139458493e+04
3.348000000000000000e+03 1.641326392422690697e+04
3.349000000000000000e+03 1.643991679788384135e+04
3.350000000000000000e+03 1.644993609294669295e+04
3.351000000000000000e+03 1.647779744213636513e+04
3.352000000000000000e+03 1.647318165090783441e+04
3.353000000000000000e+03 1.649065869328920235e+04
3.354000000000000000e+03 1.648150783079445682e+04
3.355000000000000000e+03 1.650405784584170033e+04
3.356000000000000000e+03 1.651956063643247762e+04
3.357000000000000000e+03 1.652792937444866402e+04
3.358000000000000000e+03 1.651194336202097838e+04
3.359000000000000000e+03 1.652618121969608910e+04
3.360000000000000000e+03 1.653756457854355540e+04
3.361000000000000000e+03 1.655917373455456618e+04
3.362000000000000000e+03 1.657442377844516523e+04
3.363000000000000000e+03 1.654511637827978120e+04
3.364000000000000000e+03 1.649164562536122321e+04
3.365000000000000000e+03 1.646846996247824063e+04
3.366000000000000000e+03 1.649164335860743449e+04
3.367000000000000000e+03 1.652549072915915895e+04
3.368000000000000000e+03 1.657480430710726796e+04
3.369000000000000000e+03 1.657853225869739981e+04
3.370000000000000000e+03 1.656157117575071607e+04
3.371000000000000000e+03 1.653511480838750504e+04
3.372000000000000000e+03 1.653011327907732266e+04
3.373000000000000000e+03 1.653368283637147033e+04
3.374000000000000000e+03 1.655632088672915415e+04
3.375000000000000000e+03 1.657262013049608504e+04
3.376000000000000000e+03 1.656365706791130287e+04
3.377000000000000000e+03 1.661738008891266509e+04
3.378000000000000000e+03 1.662702513268875191e+04
3.379000000000000000e+03 1.661706756106056127e+04
3.380000000000000000e+03 1.662360413343130494e+04
3.381000000000000000e+03 1.659512930451476495e+04
3.382000000000000000e+03 1.657710608654316457e+04
3.383000000000000000e+03 1.660503140562425324e+04
3.384000000000000000e+03 1.660931587654040050e+04
3.385000000000000000e+03 1.660549541775414400e+04
3.386000000000000000e+03 1.658775829974863154e+04
3.387000000000000000e+03 1.656441338484606240e+04
3.388000000000000000e+03 1.660779308884473721e+04
3.389000000000000000e+03 1.662685077932752029e+04
3.390000000000000000e+03 1.666738295544998982e+04
3.391000000000000000e+03 1.662275361723947935e+04
3.392000000000000000e+03 1.660992355670842880e+04
3.393000000000000000e+03 1.664519817502982187e+04
3.394000000000000000e+03 1.665239670267438851e+04
3.395000000000000000e+03 1.666092770955319065e+04
3.396000000000000000e+03 1.668939383367119081e+04
3.397000000000000000e+03 1.664722230350582686e+04
3.398000000000000000e+03 1.664876287506318113e+04
3.399000000000000000e+03 1.665824668113690132e+04
3.400000000000000000e+03 1.666974595746659179e+04
3.401000000000000000e+03 1.668786460650342269e+04
3.402000000000000000e+03 1.671047754038339917e+04
3.403000000000000000e+03 1.669839658112300458e+04
3.404000000000000000e+03 1.670684819594353394e+04
3.405000000000000000e+03 1.670629335914043622e+04
3.406000000000000000e+03 1.669524763970235290e+04
3.407000000000000000e+03 1.669142989830978695e+04
3.408000000000000000e+03 1.673398904782149839e+04
3.409000000000000000e+03 1.674106160830844601e+04
3.410000000000000000e+03 1.677242179248561297e+04
3.411000000000000000e+03 1.679287816821130036e+04
3.412000000000000000e+03 1.679203127961446444e+04
3.413000000000000000e+03 1.679075830461537043e+04
3.414000000000000000e+03 1.679778268835234121e+04
3.415000000000000000e+03 1.681779819801099802e+04
3.416000000000000000e+03 1.678097458521461158e+04
3.417000000000000000e+03 1.680942002565948133e+04
3.418000000000000000e+03 1.684205940438591642e+04
3.419000000000000000e+03 1.682187605972060919e+04
3.420000000000000000e+03 1.682920533277972208e+04
3.421000000000000000e+03 1.683616224223208337e+04
3.422000000000000000e+03 1.680710360259436857e+04
3.423000000000000000e+03 1.682209096415461318e+04
3.424000000000000000e+03 1.681078419024687537e+04
3.425000000000000000e+03 1.682643845090190007e+04
3.426000000000000000e+03 1.681233042849947014e+04
3.427000000000000000e+03 1.681768385979579398e+04
3.428000000000000000e+03 1.682567577732193604e+04
3.429000000000000000e+03 1.681913206969979365e+04
3.430000000000000000e+03 1.683052419401699808e+04
3.431000000000000000e+03 1.684939455352544246e+04
3.432000000000000000e+03 1.686214860042049258e+04
3.433000000000000000e+03 1.683601110391166003e+04
3.434000000000000000e+03 1.682955589713259542e+04
3.435000000000000000e+03 1.681727123103457416e+04
3.436000000000000000e+03 1.682002792616075385e+04
3.437000000000000000e+03 1.682889164929961771e+04
3.438000000000000000e+03 1.684841501566372608e+04
3.439000000000000000e+03 1.686044948979260880e+04
3.440000000000000000e+03 1.685039578553970932e+04
3.441000000000000000e+03 1.686145971597174503e+04
3.442000000000000000e+03 1.683296882496664693e+04
3.443000000000000000e+03 1.682973610467509570e+04
3.444000000000000000e+03 1.682667837699752272e+04
3.445000000000000000e+03 1.684416381583954717e+04
3.446000000000000000e+03 1.682799222871426900e+04
3.447000000000000000e+03 1.685221668292727918e+04
3.448000000000000000e+03 1.683856486437257627e+04
3.449000000000000000e+03 1.683578440046095056e+04
3.450000000000000000e+03 1.685536005731162004e+04
3.451000000000000000e+03 1.683373118291652645e+04
3.452000000000000000e+03 1.684479353301666197e+04
3.453000000000000000e+03 1.680094968366664762e+04
3.454000000000000000e+03 1.682877906576479654e+04
3.455000000000000000e+03 1.685554938075386963e+04
3.456000000000000000e+03 1.683778218566091891e+04
3.457000000000000000e+03 1.683465960989064479e+04
3.458000000000000000e+03 1.686874853926244396e+04
3.459000000000000000e+03 1.684524972539412192e+04
3.460000000000000000e+03 1.684066730411988829e+04
3.461000000000000000e+03 1.680280378074478358e+04
3.462000000000000000e+03 1.681802368609990299e+04
3.463000000000000000e+03 1.683615167236078923e+04
3.464000000000000000e+03 1.686073601411903292e+04
3.465000000000000000e+03 1.681873127193877008e+04
3.466000000000000000e+03 1.681252490322035374e+04
3.467000000000000000e+03 1.680576470445142331e+04
3.468000000000000000e+03 1.681332128777573962e+04
3.469000000000000000e+03 1.681583415521524876e+04
3.470000000000000000e+03 1.681346280339014265e+04
3.471000000000000000e+03 1.683205464075070995e+04
3.472000000000000000e+03 1.684823215373632775e+04
3.473000000000000000e+03 1.685208446760681909e+04
3.474000000000000000e+03 1.684960263032073999e+04
3.475000000000000000e+03 1.686682335212280304e+04
3.476000000000000000e+03 1.685969268453454424e+04
3.477000000000000000e+03 1.685982402223602185e+04
3.478000000000000000e+03 1.685622103535520364e+04
3.479000000000000000e+03 1.686036168653656932e+04
3.480000000000000000e+03 1.687608006689868853e+04
3.481000000000000000e+03 1.688841786040660008e+04
3.482000000000000000e+03 1.692454173784621889e+04
3.483000000000000000e+03 1.688830858791803621e+04
3.484000000000000000e+03 1.690012211871331237e+04
3.485000000000000000e+03 1.694481402330123456e+04
3.486000000000000000e+03 1.692475135349293851e+04
3.487000000000000000e+03 1.692815464136811715e+04
3.488000000000000000e+03 1.693971341424366983e+04
3.489000000000000000e+03 1.696454897352515763e+04
3.490000000000000000e+03 1.696232018863183839e+04
3.491000000000000000e+03 1.695591760323491690e+04
3.492000000000000000e+03 1.697220674306730143e+04
3.493000000000000000e+03 1.696693931952811545e+04
3.494000000000000000e+03 1.697151158055802443e+04
3.495000000000000000e+03 1.696297290418091507e+04
3.496000000000000000e+03 1.694272453433801275e+04
3.497000000000000000e+03 1.695280867082723125e+04
3.498000000000000000e+03 1.699709761120830444e+04
3.499000000000000000e+03 1.699863586983043206e+04
3.500000000000000000e+03 1.696469511977528600e+04
3.501000000000000000e+03 1.699618607159421663e+04
3.502000000000000000e+03 1.700325504998520773e+04
3.503000000000000000e+03 1.697105155222932444e+04
3.504000000000000000e+03 1.696375224158359197e+04
3.505000000000000000e+03 1.699430319387050986e+04
3.506000000000000000e+03 1.700936291425311720e+04
3.507000000000000000e+03 1.702963188403342429e+04
3.508000000000000000e+03 1.705180122365574789e+04
3.509000000000000000e+03 1.704383747023030810e+04
3.510000000000000000e+03 1.705055250575776881e+04
3.511000000000000000e+03 1.706906356729310937e+04
3.512000000000000000e+03 1.708268637575335379e+04
3.513000000000000000e+03 1.711815558072681961e+04
3.514000000000000000e+03 1.714442325232976509e+04
3.515000000000000000e+03 1.714318569702698733e+04
3.516000000000000000e+03 1.713847646861618705e+04
3.517000000000000000e+03 1.712849152752757072e+04
3.518000000000000000e+03 1.718073395961939968e+04
3.519000000000000000e+03 1.718060005902772173e+04
3.520000000000000000e+03 1.718725497924159208e+04
3.521000000000000000e+03 1.723497013969493855e+04
3.522000000000000000e+03 1.724703815693486104e+04
3.523000000000000000e+03 1.724014533874304470e+04
3.524000000000000000e+03 1.723656377995518415e+04
3.525000000000000000e+03 1.726328193136757181e+04
3.526000000000000000e+03 1.727538799171638675e+04
3.527000000000000000e+03 1.726900361780041567e+04
3.528000000000000000e+03 1.724646543215058045e+04
3.529000000000000000e+03 1.722550245756095319e+04
3.530000000000000000e+03 1.726686521124498540e+04
3.531000000000000000e+03 1.725868869212486607e+04
3.532000000000000000e+03 1.721912248858668681e+04
3.533000000000000000e+03 1.726358772661194234e+04
3.534000000000000000e+03 1.724602252650239097e+04
3.535000000000000000e+03 1.727071032772316175e+04
3.536000000000000000e+03 1.723126536691442016e+04
3.537000000000000000e+03 1.723922945429811807e+04
3.538000000000000000e+03 1.724806587800229318e+04
3.539000000000000000e+03 1.726672386570012532e+04
3.540000000000000000e+03 1.724844605383576709e+04
3.541000000000000000e+03 1.724999217882224184e+04
3.542000000000000000e+03 1.726651499644016440e+04
3.543000000000000000e+03 1.722040531578002629e+04
3.544000000000000000e+03 1.722779165914965415e+04
3.545000000000000000e+03 1.721871142551485173e+04
3.546000000000000000e+03 1.722592862549503479e+04
3.547000000000000000e+03 1.721277162163233879e+04
3.548000000000000000e+03 1.719533116268461163e+04
3.549000000000000000e+03 1.720838727150078194e+04
3.550000000000000000e+03 1.721274788106776032e+04
3.551000000000000000e+03 1.724565856903548774e+04
3.552000000000000000e+03 1.723646067409685202e+04
3.553000000000000000e+03 1.723651331817234677e+04
3.554000000000000000e+03 1.725840211250396897e+04
3.555000000000000000e+03 1.726459740740383131e+04
3.556000000000000000e+03 1.724388595789197279e+04
3.557000000000000000e+03 1.726494484851111338e+04
3.558000000000000000e+03 1.724709702704091251e+04
3.559000000000000000e+03 1.722160988563626597e+04
3.560000000000000000e+03 1.722184814040793208e+04
3.561000000000000000e+03 1.726384535332379528e+04
3.562000000000000000e+03 1.724768192503236423e+04
3.563000000000000000e+03 1.726058798248962557e+04
3.564000000000000000e+03 1.729577002116899530e+04
3.565000000000000000e+03 1.728131195641084923e+04
3.566000000000000000e+03 1.731284378617371112e+04
3.567000000000000000e+03 1.732978529588373931e+04
3.568000000000000000e+03 1.730875452649406361e+04
3.569000000000000000e+03 1.733093470094268559e+04
3.570000000000000000e+03 1.731648950516558398e+04
3.571000000000000000e+03 1.731589859106624863e+04
3.572000000000000000e+03 1.730952683986319244e+04
3.573000000000000000e+03 1.730982925541122313e+04
3.574000000000000000e+03 1.731454640401980578e+04
3.575000000000000000e+03 1.730636260023669820e+04
3.576000000000000000e+03 1.735738519214714688e+04
3.577000000000000000e+03 1.736271312307968401e+04
3.578000000000000000e+03 1.738287118140266466e+04
3.579000000000000000e+03 1.737136720415255331e+04
3.580000000000000000e+03 1.733528433179996500e+04
3.581000000000000000e+03 1.737988431757655781e+04
3.582000000000000000e+03 1.736324999560723154e+04
3.583000000000000000e+03 1.736422236813207201e+04
3.584000000000000000e+03 1.736380848249381233e+04
3.585000000000000000e+03 1.735500254451867295e+04
3.586000000000000000e+03 1.736064883371125688e+04
3.587000000000000000e+03 1.734312926342238643e+04
3.588000000000000000e+03 1.734938992076688373e+04
3.589000000000000000e+03 1.737331568680072814e+04
3.590000000000000000e+03 1.734345354140729614e+04
3.591000000000000000e+03 1.733933222269112230e+04
3.592000000000000000e+03 1.736739528020825674e+04
3.593000000000000000e+03 1.740979275155032155e+04
3.594000000000000000e+03 1.742409702980698421e+04
3.595000000000000000e+03 1.743956940615831627e+04
3.596000000000000000e+03 1.743781668721813548e+04
3.597000000000000000e+03 1.742151031302634874e+04
3.598000000000000000e+03 1.738073657685064973e+04
3.599000000000000000e+03 1.740006994110095548e+04
3.600000000000000000e+03 1.737002860753545610e+04
3.601000000000000000e+03 1.736638320906967056e+04
3.602000000000000000e+03 1.739964910233024784e+04
3.603000000000000000e+03 1.740911839530211728e+04
3.604000000000000000e+03 1.742816538789125480e+04
3.605000000000000000e+03 1.742828456970086700e+04
3.606000000000000000e+03 1.741082920818052662e+04
3.607000000000000000e+03 1.738986356160247306e+04
3.608000000000000000e+03 1.742243903055298142e+04
3.609000000000000000e+03 1.744163967228378897e+04
3.610000000000000000e+03 1.743608018911058389e+04
3.611000000000000000e+03 1.745410158303295611e+04
3.612000000000000000e+03 1.743848886306036002e+04
3.613000000000000000e+03 1.742765418787812087e+04
3.614000000000000000e+03 1.743201282208100747e+04
3.615000000000000000e+03 1.745064618993773183e+04
3.616000000000000000e+03 1.743079495123171728e+04
3.617000000000000000e+03 1.739371811273824278e+04
3.618000000000000000e+03 1.741018286186606929e+04
3.619000000000000000e+03 1.746103467294933580e+04
3.620000000000000000e+03 1.744504057736132745e+04
3.621000000000000000e+03 1.746442467050354026e+04
3.622000000000000000e+03 1.748929913985817257e+04
3.623000000000000000e+03 1.749741121343640771e+04
3.624000000000000000e+03 1.752203394803684205e+04
3.625000000000000000e+03 1.753513462715649803e+04
3.626000000000000000e+03 1.753225455078069353e+04
3.627000000000000000e+03 1.757672912106094009e+04
3.628000000000000000e+03 1.757278557882263704e+04
3.629000000000000000e+03 1.758537253116053762e+04
3.630000000000000000e+03 1.761622114440892619e+04
3.631000000000000000e+03 1.762092980846495630e+04
3.632000000000000000e+03 1.763456441191111662e+04
3.633000000000000000e+03 1.765981286075825483e+04
3.634000000000000000e+03 1.768079292814098153e+04
3.635000000000000000e+03 1.764649592685483731e+04
3.636000000000000000e+03 1.768752766473564770e+04
3.637000000000000000e+03 1.771686446049305596e+04
3.638000000000000000e+03 1.775824171354386272e+04
3.639000000000000000e+03 1.769876298730644339e+04
3.640000000000000000e+03 1.769441214503189985e+04
3.641000000000000000e+03 1.770007382020054865e+04
3.642000000000000000e+03 1.769647554925731674e+04
3.643000000000000000e+03 1.772143903951317407e+04
3.644000000000000000e+03 1.771454011648992673e+04
3.645000000000000000e+03 1.773125557154669877e+04
3.646000000000000000e+03 1.774569315075212944e+04
3.647000000000000000e+03 1.772865577026623941e+04
3.648000000000000000e+03 1.773173637406729176e+04
3.649000000000000000e+03 1.774422944396402454e+04
3.650000000000000000e+03 1.767632614243421267e+04
3.651000000000000000e+03 1.768065649198764004e+04
3.652000000000000000e+03 1.769743629078608501e+04
3.653000000000000000e+03 1.773926444060497670e+04
3.654000000000000000e+03 1.777603060354274567e+04
3.655000000000000000e+03 1.778336431240329694e+04
3.656000000000000000e+03 1.780143994095873495e+04
3.657000000000000000e+03 1.781073562812293676e+04
3.658000000000000000e+03 1.784164699920215935e+04
3.659000000000000000e+03 1.785447696743431879e+04
3.660000000000000000e+03 1.785312887889068224e+04
3.661000000000000000e+03 1.784825870046492491e+04
3.662000000000000000e+03 1.783561050319181231e+04
3.663000000000000000e+03 1.781334905084241473e+04
3.664000000000000000e+03 1.781790854463640426e+04
3.665000000000000000e+03 1.783299305704681319e+04
3.666000000000000000e+03 1.787963681231745068e+04
3.667000000000000000e+03 1.791390646049556744e+04
3.668000000000000000e+03 1.792401719005515406e+04
3.669000000000000000e+03 1.796524313205677754e+04
3.670000000000000000e+03 1.792113416890719964e+04
3.671000000000000000e+03 1.791664478999908169e+04
3.672000000000000000e+03 1.787202571088310651e+04
3.673000000000000000e+03 1.786630197405465151e+04
3.674000000000000000e+03 1.787461878505955610e+04
3.675000000000000000e+03 1.789463802295519054e+04
3.676000000000000000e+03 1.790408228000900635e+04
3.677000000000000000e+03 1.789822756740095065e+04
3.678000000000000000e+03 1.792771340572405461e+04
3.679000000000000000e+03 1.792365379971292714e+04
3.680000000000000000e+03 1.793035337932388938e+04
3.681000000000000000e+03 1.791038236222380510e+04
3.682000000000000000e+03 1.795172374686806143e+04
3.683000000000000000e+03 1.797226515075758653e+04
3.684000000000000000e+03 1.799965729164225922e+04
3.685000000000000000e+03 1.802378950603303019e+04
3.686000000000000000e+03 1.801031888603056359e+04
3.687000000000000000e+03 1.799789057098641570e+04
3.688000000000000000e+03 1.799103206419033449e+04
3.689000000000000000e+03 1.796682391017106056e+04
3.690000000000000000e+03 1.794045084554030109e+04
3.691000000000000000e+03 1.797563781149678471e+04
3.692000000000000000e+03 1.801307818694586967e+04
3.693000000000000000e+03 1.803208335097124655e+04
3.694000000000000000e+03 1.802995911516238993e+04
3.695000000000000000e+03 1.803229582151554132e+04
3.696000000000000000e+03 1.800818253722917507e+04
3.697000000000000000e+03 1.799491935877048672e+04
3.698000000000000000e+03 1.803800820762866715e+04
3.699000000000000000e+03 1.806017019706446808e+04
3.700000000000000000e+03 1.807056826457629359e+04
3.701000000000000000e+03 1.802965638993958783e+04
3.702000000000000000e+03 1.801719340071212719e+04
3.703000000000000000e+03 1.800931670271222538e+04
3.704000000000000000e+03 1.806292327424560062e+04
3.705000000000000000e+03 1.808411711397077670e+04
3.706000000000000000e+03 1.811987579584189734e+04
3.707000000000000000e+03 1.811719576909178068e+04
3.708000000000000000e+03 1.812200365959304327e+04
3.709000000000000000e+03 1.814059320636613120e+04
3.710000000000000000e+03 1.813132165838299261e+04
3.711000000000000000e+03 1.813097121284648892e+04
3.712000000000000000e+03 1.812928242956908070e+04
3.713000000000000000e+03 1.811939939024221530e+04
3.714000000000000000e+03 1.811077557291427729e+04
3.715000000000000000e+03 1.808424859000493234e+04
3.716000000000000000e+03 1.807208660477767990e+04
3.717000000000000000e+03 1.809297669323087030e+04
3.718000000000000000e+03 1.809690212043340944e+04
3.719000000000000000e+03 1.812963235238701236e+04
3.720000000000000000e+03 1.813535730625349970e+04
3.721000000000000000e+03 1.813311385406697445e+04
3.722000000000000000e+03 1.816813506257343033e+04
3.723000000000000000e+03 1.818231569295239751e+04
3.724000000000000000e+03 1.815685739081460997e+04
3.725000000000000000e+03 1.817754996645181018e+04
3.726000000000000000e+03 1.818616238146877731e+04
3.727000000000000000e+03 1.813245346386511665e+04
3.728000000000000000e+03 1.813498076474756817e+04
3.729000000000000000e+03 1.810656113114528489e+04
3.730000000000000000e+03 1.816431380455518229e+04
3.731000000000000000e+03 1.814965499150936739e+04
3.732000000000000000e+03 1.813477939607999360e+04
3.733000000000000000e+03 1.816892229654331823e+04
3.734000000000000000e+03 1.815646427376177962e+04
3.735000000000000000e+03 1.820510015968620428e+04
3.736000000000000000e+03 1.820380297276874990e+04
3.737000000000000000e+03 1.818234793278435245e+04
3.738000000000000000e+03 1.815949600617718170e+04
3.739000000000000000e+03 1.818390530977067465e+04
3.740000000000000000e+03 1.819321477959900585e+04
3.741000000000000000e+03 1.820522612696888245e+04
3.742000000000000000e+03 1.818303412330170977e+04
3.743000000000000000e+03 1.815883365317876451e+04
3.744000000000000000e+03 1.815463101958271000e+04
3.745000000000000000e+03 1.813712920298299287e+04
3.746000000000000000e+03 1.817291271883751324e+04
3.747000000000000000e+03 1.819130265456642883e+04
3.748000000000000000e+03 1.820563510600352311e+04
3.749000000000000000e+03 1.823587868676056314e+04
3.750000000000000000e+03 1.822433022297120260e+04
3.751000000000000000e+03 1.825968172120539020e+04
3.752000000000000000e+03 1.825840758792340421e+04
3.753000000000000000e+03 1.825118524389284357e+04
3.754000000000000000e+03 1.826392324553642902e+04
3.755000000000000000e+03 1.828321086256972558e+04
3.756000000000000000e+03 1.828064538879624888e+04
3.757000000000000000e+03 1.826244464719599637e+04
3.758000000000000000e+03 1.826206194901432536e+04
3.759000000000000000e+03 1.822504811907308977e+04
3.760000000000000000e+03 1.823444037912255226e+04
3.761000000000000000e+03 1.824419538335407196e+04
3.762000000000000000e+03 1.829586500775147579e+04
3.763000000000000000e+03 1.832635260135458884e+04
3.764000000000000000e+03 1.831818456641408557e+04
3.765000000000000000e+03 1.831014319063579751e+04
3.766000000000000000e+03 1.829788085363052960e+04
3.767000000000000000e+03 1.830565333249328614e+04
3.768000000000000000e+03 1.828361521803573487e+04
3.769000000000000000e+03 1.828450191594417993e+04
3.770000000000000000e+03 1.830960565137317826e+04
3.771000000000000000e+03 1.829003077597591255e+04
3.772000000000000000e+03 1.831770617172931816e+04
3.773000000000000000e+03 1.830176139473872536e+04
3.774000000000000000e+03 1.830503749342855008e+04
3.775000000000000000e+03 1.827836134212367688e+04
3.776000000000000000e+03 1.826832609083715579e+04
3.777000000000000000e+03 1.826117352847164875e+04
3.778000000000000000e+03 1.823581369506795090e+04
3.779000000000000000e+03 1.829092022389216800e+04
3.780000000000000000e+03 1.827856302184773085e+04
3.781000000000000000e+03 1.826103595579658213e+04
3.782000000000000000e+03 1.825261483582932851e+04
3.783000000000000000e+03 1.827553614707435554e+04
3.784000000000000000e+03 1.827689107493718620e+04
3.785000000000000000e+03 1.824547802626807970e+04
3.786000000000000000e+03 1.823045982651075610e+04
3.787000000000000000e+03 1.824924868483122918e+04
3.788000000000000000e+03 1.822998683545206950e+04
3.789000000000000000e+03 1.825675688447062930e+04
3.790000000000000000e+03 1.825738056581976707e+04
3.791000000000000000e+03 1.826867826490657535e+04
3.792000000000000000e+03 1.828557893142981266e+04
3.793000000000000000e+03 1.831625849188338179e+04
3.794000000000000000e+03 1.830179149928328843e+04
3.795000000000000000e+03 1.826662660614310880e+04
3.796000000000000000e+03 1.824509954059947268e+04
3.797000000000000000e+03 1.825887928127394844e+04
3.798000000000000000e+03 1.829226811988686677e+04
3.799000000000000000e+03 1.833527358329945127e+04
3.800000000000000000e+03 1.837087161316047786e+04
3.801000000000000000e+03 1.834739101309315083e+04
3.802000000000000000e+03 1.834033628322348522e+04
3.803000000000000000e+03 1.834823723430284008e+04
3.804000000000000000e+03 1.833476808821126542e+04
3.805000000000000000e+03 1.830506667755109083e+04
3.806000000000000000e+03 1.830121462029593022e+04
3.807000000000000000e+03 1.830376090259808916e+04
3.808000000000000000e+03 1.832706795865119420e+04
3.809000000000000000e+03 1.838265397932252745e+04
3.810000000000000000e+03 1.834759255725148978e+04
3.811000000000000000e+03 1.834796330563256561e+04
3.812000000000000000e+03 1.835452246010284580e+04
3.813000000000000000e+03 1.833996222336920619e+04
3.814000000000000000e+03 1.836715223915234310e+04
3.815000000000000000e+03 1.835841213949010125e+04
3.816000000000000000e+03 1.834159625428675281e+04
3.817000000000000000e+03 1.840567250365472864e+04
3.818000000000000000e+03 1.840364768426380397e+04
3.819000000000000000e+03 1.841005261387120845e+04
3.820000000000000000e+03 1.835801204258660800e+04
3.821000000000000000e+03 1.837617645385480137e+04
3.822000000000000000e+03 1.840461649175538332e+04
3.823000000000000000e+03 1.840771270917653965e+04
3.824000000000000000e+03 1.836721687969027334e+04
3.825000000000000000e+03 1.838787432392029586e+04
3.826000000000000000e+03 1.839758684180512864e+04
3.827000000000000000e+03 1.839087249333957880e+04
3.828000000000000000e+03 1.839814766980123750e+04
3.829000000000000000e+03 1.843204637125387308e+04
3.830000000000000000e+03 1.844950972729018395e+04
3.831000000000000000e+03 1.846469354930467307e+04
3.832000000000000000e+03 1.849539715489160881e+04
3.833000000000000000e+03 1.850849437871875489e+04
3.834000000000000000e+03 1.850105360271486279e+04
3.835000000000000000e+03 1.850039195987419589e+04
3.836000000000000000e+03 1.855822112395293152e+04
3.837000000000000000e+03 1.858018258521843381e+04
3.838000000000000000e+03 1.856507583873304611e+04
3.839000000000000000e+03 1.854571011556706799e+04
3.840000000000000000e+03 1.856986155968259118e+04
3.841000000000000000e+03 1.856871198320377516e+04
3.842000000000000000e+03 1.858062326532312727e+04
3.843000000000000000e+03 1.859201095688372516e+04
3.844000000000000000e+03 1.859939238166956056e+04
3.845000000000000000e+03 1.859426700474668542e+04
3.846000000000000000e+03 1.858781127918073253e+04
3.847000000000000000e+03 1.857518897894637485e+04
3.848000000000000000e+03 1.852659564118491835e+04
3.849000000000000000e+03 1.856585704205216462e+04
3.850000000000000000e+03 1.860988827302363643e+04
3.851000000000000000e+03 1.865663345209470208e+04
3.852000000000000000e+03 1.863880086250741442e+04
3.853000000000000000e+03 1.859371860631447635e+04
3.854000000000000000e+03 1.860334067961547044e+04
3.855000000000000000e+03 1.863356959020291470e+04
3.856000000000000000e+03 1.862812408520678218e+04
3.857000000000000000e+03 1.864770187884615370e+04
3.858000000000000000e+03 1.866050097691526753e+04
3.859000000000000000e+03 1.869891752562065085e+04
3.860000000000000000e+03 1.869108737065095920e+04
3.861000000000000000e+03 1.865425963399835746e+04
3.862000000000000000e+03 1.867518385994093114e+04
3.863000000000000000e+03 1.862820529657241423e+04
3.864000000000000000e+03 1.861943899169555152e+04
3.865000000000000000e+03 1.865830963750559386e+04
3.866000000000000000e+03 1.866230312937075723e+04
3.867000000000000000e+03 1.864475871640224432e+04
3.868000000000000000e+03 1.863078966788165781e+04
3.869000000000000000e+03 1.867623224752865644e+04
3.870000000000000000e+03 1.872751949527500619e+04
3.871000000000000000e+03 1.870298087289854448e+04
3.872000000000000000e+03 1.872340437191232195e+04
3.873000000000000000e+03 1.872930962567299503e+04
3.874000000000000000e+03 1.873506682973302668e+04
3.875000000000000000e+03 1.874383645931145293e+04
3.876000000000000000e+03 1.875190471525704925e+04
3.877000000000000000e+03 1.877781354785997610e+04
3.878000000000000000e+03 1.879128814307087305e+04
3.879000000000000000e+03 1.881166185913665686e+04
3.880000000000000000e+03 1.882901299826121249e+04
3.881000000000000000e+03 1.884471514966464019e+04
3.882000000000000000e+03 1.880355060500884429e+04
3.883000000000000000e+03 1.882483752261918562e+04
3.884000000000000000e+03 1.882702078321585577e+04
3.885000000000000000e+03 1.882619015750250037e+04
3.886000000000000000e+03 1.881327323150719894e+04
3.887000000000000000e+03 1.881304304592254630e+04
3.888000000000000000e+03 1.882486079302515645e+04
3.889000000000000000e+03 1.880947811114680007e+04
3.890000000000000000e+03 1.880290907904649430e+04
3.891000000000000000e+03 1.879151829824145534e+04
3.892000000000000000e+03 1.883387568351989103e+04
3.893000000000000000e+03 1.884788114105253408e+04
3.894000000000000000e+03 1.884527996889240967e+04
3.895000000000000000e+03 1.884734445605279325e+04
3.896000000000000000e+03 1.883311987116549426e+04
3.897000000000000000e+03 1.884037740123198819e+04
3.898000000000000000e+03 1.883533685840456019e+04
3.899000000000000000e+03 1.884237106515281266e+04
3.900000000000000000e+03 1.887615509182658207e+04
3.901000000000000000e+03 1.888621685322132180e+04
3.902000000000000000e+03 1.886296858216181499e+04
3.903000000000000000e+03 1.887586183956389868e+04
3.904000000000000000e+03 1.890819818462406693e+04
3.905000000000000000e+03 1.890624435781080319e+04
3.906000000000000000e+03 1.888362464715322130e+04
3.907000000000000000e+03 1.888742411299360174e+04
3.908000000000000000e+03 1.890937537002329191e+04
3.909000000000000000e+03 1.888787282274379686e+04
3.910000000000000000e+03 1.888231658602889729e+04
3.911000000000000000e+03 1.888214107746939771e+04
3.912000000000000000e+03 1.888476851205909770e+04
3.913000000000000000e+03 1.887179198596594142e+04
3.914000000000000000e+03 1.884936370175815318e+04
3.915000000000000000e+03 1.883845611523660045e+04
3.916000000000000000e+03 1.879805464027689231e+04
3.917000000000000000e+03 1.881174932130211164e+04
3.918000000000000000e+03 1.881776198437889252e+04
3.919000000000000000e+03 1.882625944641803653e+04
3.920000000000000000e+03 1.882538143841416240e+04
3.921000000000000000e+03 1.881399986978674133e+04
3.922000000000000000e+03 1.880290716879132742e+04
3.923000000000000000e+03 1.880346642950467140e+04
3.924000000000000000e+03 1.883707892050916416e+04
3.925000000000000000e+03 1.883892982888023471e+04
3.926000000000000000e+03 1.882806696120796914e+04
3.927000000000000000e+03 1.883367375396871284e+04
3.928000000000000000e+03 1.883553155812159457e+04
3.929000000000000000e+03 1.881083288743695084e+04
3.930000000000000000e+03 1.882624723525859736e+04
3.931000000000000000e+03 1.884485412662131057e+04
3.932000000000000000e+03 1.887971821897358313e+04
3.933000000000000000e+03 1.890749015786961900e+04
3.934000000000000000e+03 1.887342865820173392e+04
3.935000000000000000e+03 1.884706344000848549e+04
3.936000000000000000e+03 1.886593087817933338e+04
3.937000000000000000e+03 1.886875729422946097e+04
3.938000000000000000e+03 1.889660124936708598e+04
3.939000000000000000e+03 1.890819184546498218e+04
3.940000000000000000e+03 1.890481837085133884e+04
3.941000000000000000e+03 1.892254067057741122e+04
3.942000000000000000e+03 1.894968093234438493e+04
3.943000000000000000e+03 1.892704384768130694e+04
3.944000000000000000e+03 1.898005880042277931e+04
3.945000000000000000e+03 1.897612024096500681e+04
3.946000000000000000e+03 1.896929000003565670e+04
3.947000000000000000e+03 1.900166552518104436e+04
3.948000000000000000e+03 1.904040542370324329e+04
3.949000000000000000e+03 1.902735573035061680e+04
3.950000000000000000e+03 1.901286571893995642e+04
3.951000000000000000e+03 1.901892917728915927e+04
3.952000000000000000e+03 1.902582727320338381e+04
3.953000000000000000e+03 1.907877438823246848e+04
3.954000000000000000e+03 1.906228026125119868e+04
3.955000000000000000e+03 1.907569222425535190e+04
3.956000000000000000e+03 1.909874825790913746e+04
3.957000000000000000e+03 1.908230088690010234e+04
3.958000000000000000e+03 1.907208077648368999e+04
3.959000000000000000e+03 1.907538585560297724e+04
3.960000000000000000e+03 1.908783592095014683e+04
3.961000000000000000e+03 1.909646791386430050e+04
3.962000000000000000e+03 1.907223897504382694e+04
3.963000000000000000e+03 1.902213222629356460e+04
3.964000000000000000e+03 1.904502293400895724e+04
3.965000000000000000e+03 1.906636041819169623e+04
3.966000000000000000e+03 1.906030121896338824e+04
3.967000000000000000e+03 1.904388966549998804e+04
3.968000000000000000e+03 1.907832710121264608e+04
3.969000000000000000e+03 1.911398035654324121e+04
3.970000000000000000e+03 1.915237462118622352e+04
3.971000000000000000e+03 1.916631672414137938e+04
3.972000000000000000e+03 1.920361528901007841e+04
3.973000000000000000e+03 1.920819637766122105e+04
3.974000000000000000e+03 1.917674013366112194e+04
3.975000000000000000e+03 1.917387128820619546e+04
3.976000000000000000e+03 1.918686351402260334e+04
3.977000000000000000e+03 1.921221663189298488e+04
3.978000000000000000e+03 1.918496053834283521e+04
3.979000000000000000e+03 1.919311024480890410e+04
3.980000000000000000e+03 1.914314218295600585e+04
3.981000000000000000e+03 1.913342306218446538e+04
3.982000000000000000e+03 1.915090860621732645e+04
3.983000000000000000e+03 1.917704297371463326e+04
3.984000000000000000e+03 1.916904237895788901e+04
3.985000000000000000e+03 1.915595568019889470e+04
3.986000000000000000e+03 1.917010257156848456e+04
3.987000000000000000e+03 1.917075942881560331e+04
3.988000000000000000e+03 1.916744344836013624e+04
3.989000000000000000e+03 1.918534871805935109e+04
3.990000000000000000e+03 1.916195658472586001e+04
3.991000000000000000e+03 1.915019664317346542e+04
3.992000000000000000e+03 1.912231937922692669e+04
3.993000000000000000e+03 1.912591730213554547e+04
3.994000000000000000e+03 1.911176541214702229e+04
3.995000000000000000e+03 1.909783704816163663e+04
3.996000000000000000e+03 1.909057632097375608e+04
3.997000000000000000e+03 1.907044139698320942e+04
3.998000000000000000e+03 1.907811991180003679e+04
3.999000000000000000e+03 1.907822499251140107e+04
