# time_reduced msd_reduced
# region=central
# central=0.333333333333:0.666666666667
# outer=0:0.250000000000,0.750000000000:1
# transition=0.250000000000:0.333333333333,0.666666666667:0.750000000000
# atom_types=[2]
# n_selected=2516
# subtract_group_com_drift=True
0.000000000000000000e+00 0.000000000000000000e+00
1.000000000000000000e+00 1.608283466459334576e+01
2.000000000000000000e+00 3.267991141966803070e+01
3.000000000000000000e+00 5.216000120123640471e+01
4.000000000000000000e+00 7.133881250538941288e+01
5.000000000000000000e+00 9.272435910539586246e+01
6.000000000000000000e+00 1.190105999652549400e+02
7.000000000000000000e+00 1.411554184252769915e+02
8.000000000000000000e+00 1.593722339942806911e+02
9.000000000000000000e+00 1.870735864508488362e+02
1.000000000000000000e+01 2.127168110150564644e+02
1.100000000000000000e+01 2.369356075185199302e+02
1.200000000000000000e+01 2.704473113880188748e+02
1.300000000000000000e+01 2.993113062923557095e+02
1.400000000000000000e+01 3.262306842276343559e+02
1.500000000000000000e+01 3.535742708938853980e+02
1.600000000000000000e+01 3.790938149269881023e+02
1.700000000000000000e+01 4.048399616609806344e+02
1.800000000000000000e+01 4.290050290552177330e+02
1.900000000000000000e+01 4.556527225592018908e+02
2.000000000000000000e+01 4.794535508578175040e+02
2.100000000000000000e+01 4.966207593680984473e+02
2.200000000000000000e+01 5.216947885020064177e+02
2.300000000000000000e+01 5.350376655278300859e+02
2.400000000000000000e+01 5.492643297073467465e+02
2.500000000000000000e+01 5.689042985680508764e+02
2.600000000000000000e+01 5.920673509570902979e+02
2.700000000000000000e+01 6.196090532106620685e+02
2.800000000000000000e+01 6.509005882161143290e+02
2.900000000000000000e+01 6.783127015891991505e+02
3.000000000000000000e+01 7.028139549502295722e+02
3.100000000000000000e+01 7.220174406352093683e+02
3.200000000000000000e+01 7.443183079570776499e+02
3.300000000000000000e+01 7.629466732390369543e+02
3.400000000000000000e+01 7.794640572330062014e+02
3.500000000000000000e+01 7.995416507057049103e+02
3.600000000000000000e+01 8.307072258082386043e+02
3.700000000000000000e+01 8.556943763069932629e+02
3.800000000000000000e+01 8.755436117898692601e+02
3.900000000000000000e+01 8.973721523663314201e+02
4.000000000000000000e+01 9.248225240949423096e+02
4.100000000000000000e+01 9.558212955600322402e+02
4.200000000000000000e+01 9.892557971251685558e+02
4.300000000000000000e+01 1.028650118274872511e+03
4.400000000000000000e+01 1.048858832679431316e+03
4.500000000000000000e+01 1.085135197723392366e+03
4.600000000000000000e+01 1.119831824456828599e+03
4.700000000000000000e+01 1.127097221538515441e+03
4.800000000000000000e+01 1.161143730095817091e+03
4.900000000000000000e+01 1.187549459069766954e+03
5.000000000000000000e+01 1.202706557278789433e+03
5.100000000000000000e+01 1.230636662091891367e+03
5.200000000000000000e+01 1.239469932594136708e+03
5.300000000000000000e+01 1.267019055744461639e+03
5.400000000000000000e+01 1.308482872484435347e+03
5.500000000000000000e+01 1.341555079288331171e+03
5.600000000000000000e+01 1.361742287445165857e+03
5.700000000000000000e+01 1.398176904246263803e+03
5.800000000000000000e+01 1.442957629795406547e+03
5.900000000000000000e+01 1.468724068420607864e+03
6.000000000000000000e+01 1.503872965914830957e+03
6.100000000000000000e+01 1.535970069400543252e+03
6.200000000000000000e+01 1.565831851138151023e+03
6.300000000000000000e+01 1.607765643995173832e+03
6.400000000000000000e+01 1.627030929063718531e+03
6.500000000000000000e+01 1.646378339290155054e+03
6.600000000000000000e+01 1.665121575158294263e+03
6.700000000000000000e+01 1.715450281190948999e+03
6.800000000000000000e+01 1.768959071686641664e+03
6.900000000000000000e+01 1.819461636429418604e+03
7.000000000000000000e+01 1.850729891154441248e+03
7.100000000000000000e+01 1.875514711389041167e+03
7.200000000000000000e+01 1.899632561363130208e+03
7.300000000000000000e+01 1.916099844413316532e+03
7.400000000000000000e+01 1.919235869547467246e+03
7.500000000000000000e+01 1.940880950817465873e+03
7.600000000000000000e+01 1.967089188115128309e+03
7.700000000000000000e+01 1.991234818924467163e+03
7.800000000000000000e+01 1.998327902514759899e+03
7.900000000000000000e+01 2.034966189949084310e+03
8.000000000000000000e+01 2.071409641953652681e+03
8.100000000000000000e+01 2.087902232938512043e+03
8.200000000000000000e+01 2.140559006954010329e+03
8.300000000000000000e+01 2.194778618871320759e+03
8.400000000000000000e+01 2.251550858462723681e+03
8.500000000000000000e+01 2.294982013993225792e+03
8.600000000000000000e+01 2.346540117224971709e+03
8.700000000000000000e+01 2.382575478714329620e+03
8.800000000000000000e+01 2.414341430590241544e+03
8.900000000000000000e+01 2.455726637070851666e+03
9.000000000000000000e+01 2.491754867653113706e+03
9.100000000000000000e+01 2.512471205418693444e+03
9.200000000000000000e+01 2.529650478940872290e+03
9.300000000000000000e+01 2.555892385668165844e+03
9.400000000000000000e+01 2.599445486304620317e+03
9.500000000000000000e+01 2.650467381475881666e+03
9.600000000000000000e+01 2.680682219458598411e+03
9.700000000000000000e+01 2.699842497269095020e+03
9.800000000000000000e+01 2.750833710869723291e+03
9.900000000000000000e+01 2.787440835560030337e+03
1.000000000000000000e+02 2.831335030957955041e+03
1.010000000000000000e+02 2.850744754571194335e+03
1.020000000000000000e+02 2.887721776323618997e+03
1.030000000000000000e+02 2.925984384717298326e+03
1.040000000000000000e+02 2.935977570596767691e+03
1.050000000000000000e+02 2.968328376335558460e+03
1.060000000000000000e+02 3.001531218792201344e+03
1.070000000000000000e+02 3.031269410444921050e+03
1.080000000000000000e+02 3.053018290968936071e+03
1.090000000000000000e+02 3.075527431959293153e+03
1.100000000000000000e+02 3.100385680698466786e+03
1.110000000000000000e+02 3.135393368523623394e+03
1.120000000000000000e+02 3.174635576957620742e+03
1.130000000000000000e+02 3.205831369613260904e+03
1.140000000000000000e+02 3.222931183914668509e+03
1.150000000000000000e+02 3.294192486146811916e+03
1.160000000000000000e+02 3.322138811225762311e+03
1.170000000000000000e+02 3.376108615145219119e+03
1.180000000000000000e+02 3.424122433721803645e+03
1.190000000000000000e+02 3.463684630466212639e+03
1.200000000000000000e+02 3.508886637482075457e+03
1.210000000000000000e+02 3.533035133354716891e+03
1.220000000000000000e+02 3.594218550522897658e+03
1.230000000000000000e+02 3.638809504820630536e+03
1.240000000000000000e+02 3.700434813438682340e+03
1.250000000000000000e+02 3.692763715665133077e+03
1.260000000000000000e+02 3.731214121568966675e+03
1.270000000000000000e+02 3.757698204748494845e+03
1.280000000000000000e+02 3.761543789092647330e+03
1.290000000000000000e+02 3.776480197510801190e+03
1.300000000000000000e+02 3.808157943985613201e+03
1.310000000000000000e+02 3.820968940359993212e+03
1.320000000000000000e+02 3.841851268806218741e+03
1.330000000000000000e+02 3.872894179361745046e+03
1.340000000000000000e+02 3.896353878615715530e+03
1.350000000000000000e+02 3.926800161460992058e+03
1.360000000000000000e+02 3.959274027193693655e+03
1.370000000000000000e+02 3.985171452981936454e+03
1.380000000000000000e+02 4.000930952429259833e+03
1.390000000000000000e+02 4.031375594850148900e+03
1.400000000000000000e+02 4.076130120683291352e+03
1.410000000000000000e+02 4.120373637739148762e+03
1.420000000000000000e+02 4.177598612028044954e+03
1.430000000000000000e+02 4.206131560782017914e+03
1.440000000000000000e+02 4.236461040061833046e+03
1.450000000000000000e+02 4.280237526797374812e+03
1.460000000000000000e+02 4.300494317272691660e+03
1.470000000000000000e+02 4.350291219385423574e+03
1.480000000000000000e+02 4.373303693509104050e+03
1.490000000000000000e+02 4.396562877866052986e+03
1.500000000000000000e+02 4.435114666425002724e+03
1.510000000000000000e+02 4.502996057472229950e+03
1.520000000000000000e+02 4.535685254910568801e+03
1.530000000000000000e+02 4.566870713226565385e+03
1.540000000000000000e+02 4.595717292002528666e+03
1.550000000000000000e+02 4.631764734413505721e+03
1.560000000000000000e+02 4.669143963206982335e+03
1.570000000000000000e+02 4.710218758246764082e+03
1.580000000000000000e+02 4.743764753135967112e+03
1.590000000000000000e+02 4.763746275180888006e+03
1.600000000000000000e+02 4.815475591656650977e+03
1.610000000000000000e+02 4.844901382455003841e+03
1.620000000000000000e+02 4.885337479098146105e+03
1.630000000000000000e+02 4.915032905129954088e+03
1.640000000000000000e+02 4.953803095239639333e+03
1.650000000000000000e+02 4.970997042306435105e+03
1.660000000000000000e+02 5.000719132648777304e+03
1.670000000000000000e+02 5.010663622505000603e+03
1.680000000000000000e+02 5.062162635815100657e+03
1.690000000000000000e+02 5.106726877091550705e+03
1.700000000000000000e+02 5.147530162479315550e+03
1.710000000000000000e+02 5.211671324820342306e+03
1.720000000000000000e+02 5.249016913795318032e+03
1.730000000000000000e+02 5.259710886459109133e+03
1.740000000000000000e+02 5.254127059660613668e+03
1.750000000000000000e+02 5.267444570121074321e+03
1.760000000000000000e+02 5.307177303733417830e+03
1.770000000000000000e+02 5.337727571975334286e+03
1.780000000000000000e+02 5.347255329453047125e+03
1.790000000000000000e+02 5.340649761703627519e+03
1.800000000000000000e+02 5.386833400670454466e+03
1.810000000000000000e+02 5.410851603768556743e+03
1.820000000000000000e+02 5.455312688194351722e+03
1.830000000000000000e+02 5.476417013673689326e+03
1.840000000000000000e+02 5.499402290560120491e+03
1.850000000000000000e+02 5.508771220604679911e+03
1.860000000000000000e+02 5.527327035186336616e+03
1.870000000000000000e+02 5.550599357174332908e+03
1.880000000000000000e+02 5.583897318686429571e+03
1.890000000000000000e+02 5.582407905872508309e+03
1.900000000000000000e+02 5.592450645388909834e+03
1.910000000000000000e+02 5.624948019834591832e+03
1.920000000000000000e+02 5.664709145189905030e+03
1.930000000000000000e+02 5.677453345760080083e+03
1.940000000000000000e+02 5.709093494715334600e+03
1.950000000000000000e+02 5.752677657953540802e+03
1.960000000000000000e+02 5.788871897975275715e+03
1.970000000000000000e+02 5.818642683872150883e+03
1.980000000000000000e+02 5.858575988731182406e+03
1.990000000000000000e+02 5.918654448257673721e+03
2.000000000000000000e+02 5.954585514041147690e+03
2.010000000000000000e+02 5.951458381248467958e+03
2.020000000000000000e+02 5.987364258807624537e+03
2.030000000000000000e+02 6.018663076878858192e+03
2.040000000000000000e+02 6.055309558717005530e+03
2.050000000000000000e+02 6.099064972025629686e+03
2.060000000000000000e+02 6.142925608094564268e+03
2.070000000000000000e+02 6.184084522868771273e+03
2.080000000000000000e+02 6.169452134704838500e+03
2.090000000000000000e+02 6.179411509627733722e+03
2.100000000000000000e+02 6.217037755231713163e+03
2.110000000000000000e+02 6.245290553644893407e+03
2.120000000000000000e+02 6.313928488185699280e+03
2.130000000000000000e+02 6.364692846073902729e+03
2.140000000000000000e+02 6.381845017082117010e+03
2.150000000000000000e+02 6.419340550800867277e+03
2.160000000000000000e+02 6.449787631020958543e+03
2.170000000000000000e+02 6.502094410243688799e+03
2.180000000000000000e+02 6.535699107286712206e+03
2.190000000000000000e+02 6.570936233735067617e+03
2.200000000000000000e+02 6.603656354183098301e+03
2.210000000000000000e+02 6.665208675758387471e+03
2.220000000000000000e+02 6.721641048208819484e+03
2.230000000000000000e+02 6.738949674321264865e+03
2.240000000000000000e+02 6.738721919822058226e+03
2.250000000000000000e+02 6.783770245359592082e+03
2.260000000000000000e+02 6.832651244809445416e+03
2.270000000000000000e+02 6.899702178817661661e+03
2.280000000000000000e+02 6.916716604978360010e+03
2.290000000000000000e+02 6.968059081513585625e+03
2.300000000000000000e+02 7.024619336926927645e+03
2.310000000000000000e+02 7.095109763630849557e+03
2.320000000000000000e+02 7.163472773509345643e+03
2.330000000000000000e+02 7.239107324602415247e+03
2.340000000000000000e+02 7.284847307260874913e+03
2.350000000000000000e+02 7.331944325346502410e+03
2.360000000000000000e+02 7.369666884758205924e+03
2.370000000000000000e+02 7.391176971241266074e+03
2.380000000000000000e+02 7.448613459445114131e+03
2.390000000000000000e+02 7.466769673232251080e+03
2.400000000000000000e+02 7.494974526481700195e+03
2.410000000000000000e+02 7.517133572576077313e+03
2.420000000000000000e+02 7.534443688448690409e+03
2.430000000000000000e+02 7.569807473799141007e+03
2.440000000000000000e+02 7.622500792622860899e+03
2.450000000000000000e+02 7.627737248909359550e+03
2.460000000000000000e+02 7.655385978652895574e+03
2.470000000000000000e+02 7.706732951542664523e+03
2.480000000000000000e+02 7.747335691363425212e+03
2.490000000000000000e+02 7.775123824263941970e+03
2.500000000000000000e+02 7.820434120468307810e+03
2.510000000000000000e+02 7.841855899012812188e+03
2.520000000000000000e+02 7.874528473001145358e+03
2.530000000000000000e+02 7.925145343368967588e+03
2.540000000000000000e+02 7.958621471842259780e+03
2.550000000000000000e+02 7.982082614515073146e+03
2.560000000000000000e+02 7.968851837665783933e+03
2.570000000000000000e+02 7.977878957410824114e+03
2.580000000000000000e+02 7.995787938604760711e+03
2.590000000000000000e+02 8.034193465195874523e+03
2.600000000000000000e+02 8.084966584802664329e+03
2.610000000000000000e+02 8.161544288065167166e+03
2.620000000000000000e+02 8.245784413219038470e+03
2.630000000000000000e+02 8.315508611422201284e+03
2.640000000000000000e+02 8.342126533422246212e+03
2.650000000000000000e+02 8.358740959012928215e+03
2.660000000000000000e+02 8.388606685955197463e+03
2.670000000000000000e+02 8.432707911189800143e+03
2.680000000000000000e+02 8.487791048697637962e+03
2.690000000000000000e+02 8.531838588925869772e+03
2.700000000000000000e+02 8.594830692565234131e+03
2.710000000000000000e+02 8.613102904827657767e+03
2.720000000000000000e+02 8.624487011061415615e+03
2.730000000000000000e+02 8.644625108880385596e+03
2.740000000000000000e+02 8.697091656694379708e+03
2.750000000000000000e+02 8.720528888906706925e+03
2.760000000000000000e+02 8.750621438066335031e+03
2.770000000000000000e+02 8.797825649480810171e+03
2.780000000000000000e+02 8.859126127575065766e+03
2.790000000000000000e+02 8.880830533740769170e+03
2.800000000000000000e+02 8.906345079771745077e+03
2.810000000000000000e+02 8.917970841638158163e+03
2.820000000000000000e+02 8.941285073344253760e+03
2.830000000000000000e+02 8.938110779901317073e+03
2.840000000000000000e+02 8.979221418694532986e+03
2.850000000000000000e+02 9.023596664590764703e+03
2.860000000000000000e+02 9.046341330220053351e+03
2.870000000000000000e+02 9.084012945130600201e+03
2.880000000000000000e+02 9.101717048440170402e+03
2.890000000000000000e+02 9.123210215313587469e+03
2.900000000000000000e+02 9.163751685508279479e+03
2.910000000000000000e+02 9.157092814094281493e+03
2.920000000000000000e+02 9.135879521333741650e+03
2.930000000000000000e+02 9.172388452017423333e+03
2.940000000000000000e+02 9.180554140205913427e+03
2.950000000000000000e+02 9.239960229456270099e+03
2.960000000000000000e+02 9.247297340945002361e+03
2.970000000000000000e+02 9.281586968706486005e+03
2.980000000000000000e+02 9.320345779266854152e+03
2.990000000000000000e+02 9.414517322030469586e+03
3.000000000000000000e+02 9.505861860381255610e+03
3.010000000000000000e+02 9.603387682825148659e+03
3.020000000000000000e+02 9.647896132506170034e+03
3.030000000000000000e+02 9.633742933967845602e+03
3.040000000000000000e+02 9.641515655493069062e+03
3.050000000000000000e+02 9.721949339760807561e+03
3.060000000000000000e+02 9.763774462511672027e+03
3.070000000000000000e+02 9.854939121164805329e+03
3.080000000000000000e+02 9.941330920246760797e+03
3.090000000000000000e+02 9.974122767335849858e+03
3.100000000000000000e+02 1.005444359759661165e+04
3.110000000000000000e+02 1.011433288211898798e+04
3.120000000000000000e+02 1.015375422154252010e+04
3.130000000000000000e+02 1.019092964590348856e+04
3.140000000000000000e+02 1.024052827479694679e+04
3.150000000000000000e+02 1.024837559414382486e+04
3.160000000000000000e+02 1.027785512098437903e+04
3.170000000000000000e+02 1.035509634466775242e+04
3.180000000000000000e+02 1.039358825930789499e+04
3.190000000000000000e+02 1.037223287225909553e+04
3.200000000000000000e+02 1.036251584364950941e+04
3.210000000000000000e+02 1.037721719456139726e+04
3.220000000000000000e+02 1.043022442271680302e+04
3.230000000000000000e+02 1.050814630158336149e+04
3.240000000000000000e+02 1.057372876841915968e+04
3.250000000000000000e+02 1.062599979099800112e+04
3.260000000000000000e+02 1.065371310883970364e+04
3.270000000000000000e+02 1.071075616310365149e+04
3.280000000000000000e+02 1.073580736361490017e+04
3.290000000000000000e+02 1.076983745425082816e+04
3.300000000000000000e+02 1.083731945807779994e+04
3.310000000000000000e+02 1.090728966289295749e+04
3.320000000000000000e+02 1.094890457141073603e+04
3.330000000000000000e+02 1.099949638436513487e+04
3.340000000000000000e+02 1.100676336917426670e+04
3.350000000000000000e+02 1.107453370755873584e+04
3.360000000000000000e+02 1.109699230880565847e+04
3.370000000000000000e+02 1.114692851950710246e+04
3.380000000000000000e+02 1.120518064943487661e+04
3.390000000000000000e+02 1.121708073044101184e+04
3.400000000000000000e+02 1.124441391682007088e+04
3.410000000000000000e+02 1.125507851953695535e+04
3.420000000000000000e+02 1.124803878037347749e+04
3.430000000000000000e+02 1.122928608114160306e+04
3.440000000000000000e+02 1.131004553398989083e+04
3.450000000000000000e+02 1.139064488496074591e+04
3.460000000000000000e+02 1.143902505781824766e+04
3.470000000000000000e+02 1.153663963340685768e+04
3.480000000000000000e+02 1.162376963429965508e+04
3.490000000000000000e+02 1.169298187600093661e+04
3.500000000000000000e+02 1.175308450618383722e+04
3.510000000000000000e+02 1.180629679341224801e+04
3.520000000000000000e+02 1.183564017525684903e+04
3.530000000000000000e+02 1.188165516889064384e+04
3.540000000000000000e+02 1.189454348401142670e+04
3.550000000000000000e+02 1.193075782139654802e+04
3.560000000000000000e+02 1.195723956210405231e+04
3.570000000000000000e+02 1.196968064892370239e+04
3.580000000000000000e+02 1.201189464019229854e+04
3.590000000000000000e+02 1.205154761097049595e+04
3.600000000000000000e+02 1.208023414293101087e+04
3.610000000000000000e+02 1.206945110759424824e+04
3.620000000000000000e+02 1.208133646965587104e+04
3.630000000000000000e+02 1.212653731261463690e+04
3.640000000000000000e+02 1.221030001586182334e+04
3.650000000000000000e+02 1.228401047288424706e+04
3.660000000000000000e+02 1.230895608790564438e+04
3.670000000000000000e+02 1.234364125721073469e+04
3.680000000000000000e+02 1.238702937113067492e+04
3.690000000000000000e+02 1.239748600647008607e+04
3.700000000000000000e+02 1.242687349176162024e+04
3.710000000000000000e+02 1.243260332304299664e+04
3.720000000000000000e+02 1.249193060185795730e+04
3.730000000000000000e+02 1.252722074349395189e+04
3.740000000000000000e+02 1.257790959784047664e+04
3.750000000000000000e+02 1.258999172218139029e+04
3.760000000000000000e+02 1.267460453530793529e+04
3.770000000000000000e+02 1.271639880590133180e+04
3.780000000000000000e+02 1.276183349343518967e+04
3.790000000000000000e+02 1.282746324076270139e+04
3.800000000000000000e+02 1.289759300854856883e+04
3.810000000000000000e+02 1.295209633911908168e+04
3.820000000000000000e+02 1.295578020283118713e+04
3.830000000000000000e+02 1.296018181882919453e+04
3.840000000000000000e+02 1.296850827594332441e+04
3.850000000000000000e+02 1.296060161763954966e+04
3.860000000000000000e+02 1.296645126424612863e+04
3.870000000000000000e+02 1.293344641624108226e+04
3.880000000000000000e+02 1.292862529777483542e+04
3.890000000000000000e+02 1.291580276829153627e+04
3.900000000000000000e+02 1.293278278740844689e+04
3.910000000000000000e+02 1.295237507937308692e+04
3.920000000000000000e+02 1.298435173356152882e+04
3.930000000000000000e+02 1.305520432014845937e+04
3.940000000000000000e+02 1.306125852792048136e+04
3.950000000000000000e+02 1.314127314625661165e+04
3.960000000000000000e+02 1.322798059138704775e+04
3.970000000000000000e+02 1.329889589259724926e+04
3.980000000000000000e+02 1.336521509079691350e+04
3.990000000000000000e+02 1.343450960354242488e+04
4.000000000000000000e+02 1.348692081427444828e+04
4.010000000000000000e+02 1.351621982677318738e+04
4.020000000000000000e+02 1.356632894397653763e+04
4.030000000000000000e+02 1.360336119361763122e+04
4.040000000000000000e+02 1.361216152965453693e+04
4.050000000000000000e+02 1.364169785316430534e+04
4.060000000000000000e+02 1.372940341960913247e+04
4.070000000000000000e+02 1.376408919964844972e+04
4.080000000000000000e+02 1.378358904344937400e+04
4.090000000000000000e+02 1.381221258276047047e+04
4.100000000000000000e+02 1.383878703202396719e+04
4.110000000000000000e+02 1.386689528255580444e+04
4.120000000000000000e+02 1.390772485233917905e+04
4.130000000000000000e+02 1.397031780321299084e+04
4.140000000000000000e+02 1.398134533737257880e+04
4.150000000000000000e+02 1.403076660783831176e+04
4.160000000000000000e+02 1.407639157927905762e+04
4.170000000000000000e+02 1.410879701496911184e+04
4.180000000000000000e+02 1.409851843692264083e+04
4.190000000000000000e+02 1.411763807166184779e+04
4.200000000000000000e+02 1.417482590461373729e+04
4.210000000000000000e+02 1.423018367127447891e+04
4.220000000000000000e+02 1.427083078067846509e+04
4.230000000000000000e+02 1.433250601271416235e+04
4.240000000000000000e+02 1.435213522990163983e+04
4.250000000000000000e+02 1.438600551971544701e+04
4.260000000000000000e+02 1.448391949460151227e+04
4.270000000000000000e+02 1.454316400187093859e+04
4.280000000000000000e+02 1.459161067269778687e+04
4.290000000000000000e+02 1.459608454602240818e+04
4.300000000000000000e+02 1.459418433161294342e+04
4.310000000000000000e+02 1.459137317010518382e+04
4.320000000000000000e+02 1.460169072285352922e+04
4.330000000000000000e+02 1.467491736717880485e+04
4.340000000000000000e+02 1.472105494263892615e+04
4.350000000000000000e+02 1.482599343623909408e+04
4.360000000000000000e+02 1.489421065826622180e+04
4.370000000000000000e+02 1.492874400613067883e+04
4.380000000000000000e+02 1.496983090198822356e+04
4.390000000000000000e+02 1.501110884280464052e+04
4.400000000000000000e+02 1.507704021846885007e+04
4.410000000000000000e+02 1.508426680092045717e+04
4.420000000000000000e+02 1.511041311781562035e+04
4.430000000000000000e+02 1.512967828762707177e+04
4.440000000000000000e+02 1.516305645005470615e+04
4.450000000000000000e+02 1.525221334211481735e+04
4.460000000000000000e+02 1.528876981542335852e+04
4.470000000000000000e+02 1.533028349987665024e+04
4.480000000000000000e+02 1.540507401385712001e+04
4.490000000000000000e+02 1.548379614437683631e+04
4.500000000000000000e+02 1.552577142619374536e+04
4.510000000000000000e+02 1.558079839028605784e+04
4.520000000000000000e+02 1.562063755379919530e+04
4.530000000000000000e+02 1.569168825642866432e+04
4.540000000000000000e+02 1.572986674686633887e+04
4.550000000000000000e+02 1.575370355529320659e+04
4.560000000000000000e+02 1.581700614189874796e+04
4.570000000000000000e+02 1.586912029915157291e+04
4.580000000000000000e+02 1.588312585273011064e+04
4.590000000000000000e+02 1.594768614877498840e+04
4.600000000000000000e+02 1.600150316674072747e+04
4.610000000000000000e+02 1.598617001977430300e+04
4.620000000000000000e+02 1.605090313908438839e+04
4.630000000000000000e+02 1.609226234470439340e+04
4.640000000000000000e+02 1.611305392718145231e+04
4.650000000000000000e+02 1.616111805336677207e+04
4.660000000000000000e+02 1.616595728989994132e+04
4.670000000000000000e+02 1.625308526237495244e+04
4.680000000000000000e+02 1.631635522353133820e+04
4.690000000000000000e+02 1.631903273262007133e+04
4.700000000000000000e+02 1.633475729565293295e+04
4.710000000000000000e+02 1.642834579053679045e+04
4.720000000000000000e+02 1.640963395022608529e+04
4.730000000000000000e+02 1.635324295000596248e+04
4.740000000000000000e+02 1.633680871021739949e+04
4.750000000000000000e+02 1.638176212106517778e+04
4.760000000000000000e+02 1.639679322518953995e+04
4.770000000000000000e+02 1.649265658513028757e+04
4.780000000000000000e+02 1.657684382013823779e+04
4.790000000000000000e+02 1.660374264362435497e+04
4.800000000000000000e+02 1.660886813759561119e+04
4.810000000000000000e+02 1.666655680893948374e+04
4.820000000000000000e+02 1.674712396155056558e+04
4.830000000000000000e+02 1.685737598300251557e+04
4.840000000000000000e+02 1.695518993098669671e+04
4.850000000000000000e+02 1.698675439059061318e+04
4.860000000000000000e+02 1.700112326467985986e+04
4.870000000000000000e+02 1.701573899566020191e+04
4.880000000000000000e+02 1.707052511908210363e+04
4.890000000000000000e+02 1.713095080087212045e+04
4.900000000000000000e+02 1.714455269184898498e+04
4.910000000000000000e+02 1.720502677596207286e+04
4.920000000000000000e+02 1.726378229029294016e+04
4.930000000000000000e+02 1.730581551086889522e+04
4.940000000000000000e+02 1.739770537700617933e+04
4.950000000000000000e+02 1.743813581378017625e+04
4.960000000000000000e+02 1.752715720544484066e+04
4.970000000000000000e+02 1.754403795529004856e+04
4.980000000000000000e+02 1.756535182396847813e+04
4.990000000000000000e+02 1.758308707056289131e+04
5.000000000000000000e+02 1.758819012963245768e+04
5.010000000000000000e+02 1.765806951064558962e+04
5.020000000000000000e+02 1.771831275673145137e+04
5.030000000000000000e+02 1.777004480803334809e+04
5.040000000000000000e+02 1.783640797419491719e+04
5.050000000000000000e+02 1.794814806229980240e+04
5.060000000000000000e+02 1.806158448507378489e+04
5.070000000000000000e+02 1.814784168155182124e+04
5.080000000000000000e+02 1.815909596937868628e+04
5.090000000000000000e+02 1.815642915677322890e+04
5.100000000000000000e+02 1.819278912649217091e+04
5.110000000000000000e+02 1.824760903770034929e+04
5.120000000000000000e+02 1.831569369542348795e+04
5.130000000000000000e+02 1.836741786878487255e+04
5.140000000000000000e+02 1.837749734791352603e+04
5.150000000000000000e+02 1.835823561457324831e+04
5.160000000000000000e+02 1.838254306275512863e+04
5.170000000000000000e+02 1.835550622046881472e+04
5.180000000000000000e+02 1.842424901961988144e+04
5.190000000000000000e+02 1.844995232004634818e+04
5.200000000000000000e+02 1.848150090257404736e+04
5.210000000000000000e+02 1.849026745097029561e+04
5.220000000000000000e+02 1.855124128735798877e+04
5.230000000000000000e+02 1.864348121794213148e+04
5.240000000000000000e+02 1.868662537906144280e+04
5.250000000000000000e+02 1.871889964753503227e+04
5.260000000000000000e+02 1.882352511454159321e+04
5.270000000000000000e+02 1.887330489064420908e+04
5.280000000000000000e+02 1.894392644799004120e+04
5.290000000000000000e+02 1.897124811631106786e+04
5.300000000000000000e+02 1.900442807689185793e+04
5.310000000000000000e+02 1.903271935777625549e+04
5.320000000000000000e+02 1.905810846446427240e+04
5.330000000000000000e+02 1.909174654514398935e+04
5.340000000000000000e+02 1.912396411998770054e+04
5.350000000000000000e+02 1.912666370990639189e+04
5.360000000000000000e+02 1.916448825657151974e+04
5.370000000000000000e+02 1.919901482954386665e+04
5.380000000000000000e+02 1.917130181838080534e+04
5.390000000000000000e+02 1.916094099699047001e+04
5.400000000000000000e+02 1.923502853820258679e+04
5.410000000000000000e+02 1.922859470774342481e+04
5.420000000000000000e+02 1.931749473549301911e+04
5.430000000000000000e+02 1.932752819201480088e+04
5.440000000000000000e+02 1.937338416996184969e+04
5.450000000000000000e+02 1.938363892049968854e+04
5.460000000000000000e+02 1.947980083871510215e+04
5.470000000000000000e+02 1.957744485684837855e+04
5.480000000000000000e+02 1.965477164976694257e+04
5.490000000000000000e+02 1.973059852179633890e+04
5.500000000000000000e+02 1.976206260942646259e+04
5.510000000000000000e+02 1.979859818437733338e+04
5.520000000000000000e+02 1.982882930459134877e+04
5.530000000000000000e+02 1.983391436743876693e+04
5.540000000000000000e+02 1.988089865530545649e+04
5.550000000000000000e+02 1.993117896562189708e+04
5.560000000000000000e+02 1.997226522160401873e+04
5.570000000000000000e+02 2.000209294789764681e+04
5.580000000000000000e+02 2.005619039569001689e+04
5.590000000000000000e+02 2.012932980240303732e+04
5.600000000000000000e+02 2.017523772127446864e+04
5.610000000000000000e+02 2.026764126765120818e+04
5.620000000000000000e+02 2.040834280763121933e+04
5.630000000000000000e+02 2.043519963953179831e+04
5.640000000000000000e+02 2.044243504369263610e+04
5.650000000000000000e+02 2.049588061824629767e+04
5.660000000000000000e+02 2.052462338732420540e+04
5.670000000000000000e+02 2.054365653744658266e+04
5.680000000000000000e+02 2.058704653427531230e+04
5.690000000000000000e+02 2.064189136008123023e+04
5.700000000000000000e+02 2.070632458306559784e+04
5.710000000000000000e+02 2.071506072465075340e+04
5.720000000000000000e+02 2.075967071505322747e+04
5.730000000000000000e+02 2.073492978908952864e+04
5.740000000000000000e+02 2.071536655175185297e+04
5.750000000000000000e+02 2.073058519162345328e+04
5.760000000000000000e+02 2.073555173375531740e+04
5.770000000000000000e+02 2.072095336563429373e+04
5.780000000000000000e+02 2.078821470847253659e+04
5.790000000000000000e+02 2.082816570327502268e+04
5.800000000000000000e+02 2.092927546801274002e+04
5.810000000000000000e+02 2.100682079513446297e+04
5.820000000000000000e+02 2.101022880958843598e+04
5.830000000000000000e+02 2.103105754717149830e+04
5.840000000000000000e+02 2.106858468879309657e+04
5.850000000000000000e+02 2.115781871568574934e+04
5.860000000000000000e+02 2.116259265710113323e+04
5.870000000000000000e+02 2.122692520102090202e+04
5.880000000000000000e+02 2.126957523486126229e+04
5.890000000000000000e+02 2.133819791007093954e+04
5.900000000000000000e+02 2.138758421562606600e+04
5.910000000000000000e+02 2.143407390124776066e+04
5.920000000000000000e+02 2.145693025581340044e+04
5.930000000000000000e+02 2.155123465787961322e+04
5.940000000000000000e+02 2.157036355990844822e+04
5.950000000000000000e+02 2.154941782018262893e+04
5.960000000000000000e+02 2.164034002472472275e+04
5.970000000000000000e+02 2.163846125528476477e+04
5.980000000000000000e+02 2.168766080345183218e+04
5.990000000000000000e+02 2.171660496545825299e+04
6.000000000000000000e+02 2.174189560388295649e+04
6.010000000000000000e+02 2.172463590262042271e+04
6.020000000000000000e+02 2.180167150694290103e+04
6.030000000000000000e+02 2.180635710518339329e+04
6.040000000000000000e+02 2.186834276525798850e+04
6.050000000000000000e+02 2.197383719153935454e+04
6.060000000000000000e+02 2.201586978328971236e+04
6.070000000000000000e+02 2.210087434363694410e+04
6.080000000000000000e+02 2.218043754238393740e+04
6.090000000000000000e+02 2.213671568135148482e+04
6.100000000000000000e+02 2.220096200236856384e+04
6.110000000000000000e+02 2.232275344603526901e+04
6.120000000000000000e+02 2.245708832451378839e+04
6.130000000000000000e+02 2.252460630145376490e+04
6.140000000000000000e+02 2.257022412906060708e+04
6.150000000000000000e+02 2.262235788890153344e+04
6.160000000000000000e+02 2.273866428390651708e+04
6.170000000000000000e+02 2.280547912575273585e+04
6.180000000000000000e+02 2.289239666914338159e+04
6.190000000000000000e+02 2.298857162839823286e+04
6.200000000000000000e+02 2.310853179645242926e+04
6.210000000000000000e+02 2.315078011558322032e+04
6.220000000000000000e+02 2.315451974252316359e+04
6.230000000000000000e+02 2.311699671669471354e+04
6.240000000000000000e+02 2.312033886575180804e+04
6.250000000000000000e+02 2.317000575368395221e+04
6.260000000000000000e+02 2.323289374093176593e+04
6.270000000000000000e+02 2.330146997683901645e+04
6.280000000000000000e+02 2.334109579119355476e+04
6.290000000000000000e+02 2.340036266150106530e+04
6.300000000000000000e+02 2.346609822742874894e+04
6.310000000000000000e+02 2.351209902236241760e+04
6.320000000000000000e+02 2.347229744258786741e+04
6.330000000000000000e+02 2.352454176665666455e+04
6.340000000000000000e+02 2.359134095897400402e+04
6.350000000000000000e+02 2.366114104979482727e+04
6.360000000000000000e+02 2.369772879324045789e+04
6.370000000000000000e+02 2.368260758165451989e+04
6.380000000000000000e+02 2.373542460038948775e+04
6.390000000000000000e+02 2.378158339327758586e+04
6.400000000000000000e+02 2.384414051336426564e+04
6.410000000000000000e+02 2.387004590211905816e+04
6.420000000000000000e+02 2.390548129390678878e+04
6.430000000000000000e+02 2.393181817019740265e+04
6.440000000000000000e+02 2.386607689602175742e+04
6.450000000000000000e+02 2.383628625104232196e+04
6.460000000000000000e+02 2.383505705607534401e+04
6.470000000000000000e+02 2.382537213204196451e+04
6.480000000000000000e+02 2.385360556439654465e+04
6.490000000000000000e+02 2.384992415323630121e+04
6.500000000000000000e+02 2.390681643324721881e+04
6.510000000000000000e+02 2.400865748323258958e+04
6.520000000000000000e+02 2.406037448258533186e+04
6.530000000000000000e+02 2.412129181523404623e+04
6.540000000000000000e+02 2.419438835995325280e+04
6.550000000000000000e+02 2.427594787219549835e+04
6.560000000000000000e+02 2.429804427133908757e+04
6.570000000000000000e+02 2.431250932121958976e+04
6.580000000000000000e+02 2.437316257982330353e+04
6.590000000000000000e+02 2.441976095079735751e+04
6.600000000000000000e+02 2.442202820068014989e+04
6.610000000000000000e+02 2.445205306958005531e+04
6.620000000000000000e+02 2.448350227882697800e+04
6.630000000000000000e+02 2.456401341954429154e+04
6.640000000000000000e+02 2.454093615845081149e+04
6.650000000000000000e+02 2.456720000232521124e+04
6.660000000000000000e+02 2.462525169409967930e+04
6.670000000000000000e+02 2.466767084462370258e+04
6.680000000000000000e+02 2.471241011893957329e+04
6.690000000000000000e+02 2.479615463178471691e+04
6.700000000000000000e+02 2.481433494781170157e+04
6.710000000000000000e+02 2.481984725842881380e+04
6.720000000000000000e+02 2.485875297799693362e+04
6.730000000000000000e+02 2.491060053355687342e+04
6.740000000000000000e+02 2.490663386236755468e+04
6.750000000000000000e+02 2.492000293945736121e+04
6.760000000000000000e+02 2.499439920276634075e+04
6.770000000000000000e+02 2.508129950945613382e+04
6.780000000000000000e+02 2.506351759609960936e+04
6.790000000000000000e+02 2.509802180942710766e+04
6.800000000000000000e+02 2.511619024016574986e+04
6.810000000000000000e+02 2.516407223016798162e+04
6.820000000000000000e+02 2.524813655922739417e+04
6.830000000000000000e+02 2.532383749575237016e+04
6.840000000000000000e+02 2.536742792418351746e+04
6.850000000000000000e+02 2.543454871016456309e+04
6.860000000000000000e+02 2.545329457339226428e+04
6.870000000000000000e+02 2.549111345061308748e+04
6.880000000000000000e+02 2.562941419403351756e+04
6.890000000000000000e+02 2.573109522223044041e+04
6.900000000000000000e+02 2.573918449266493553e+04
6.910000000000000000e+02 2.575533387024222247e+04
6.920000000000000000e+02 2.583162456307000684e+04
6.930000000000000000e+02 2.592145529949206684e+04
6.940000000000000000e+02 2.597458382098534275e+04
6.950000000000000000e+02 2.600931495643671224e+04
6.960000000000000000e+02 2.600208971415360429e+04
6.970000000000000000e+02 2.601570755841028586e+04
6.980000000000000000e+02 2.609756728595809545e+04
6.990000000000000000e+02 2.612121227179225025e+04
7.000000000000000000e+02 2.615852042946078654e+04
7.010000000000000000e+02 2.617473418248406233e+04
7.020000000000000000e+02 2.622716648307221112e+04
7.030000000000000000e+02 2.628953058807383422e+04
7.040000000000000000e+02 2.636974631918981686e+04
7.050000000000000000e+02 2.645229634872935276e+04
7.060000000000000000e+02 2.643141836652856364e+04
7.070000000000000000e+02 2.645019466158713476e+04
7.080000000000000000e+02 2.652646977649728797e+04
7.090000000000000000e+02 2.659391259619363700e+04
7.100000000000000000e+02 2.665084659555250255e+04
7.110000000000000000e+02 2.667814056278377757e+04
7.120000000000000000e+02 2.668434807546491720e+04
7.130000000000000000e+02 2.671335760640364970e+04
7.140000000000000000e+02 2.675358705552680840e+04
7.150000000000000000e+02 2.677766773375527555e+04
7.160000000000000000e+02 2.682977349782545571e+04
7.170000000000000000e+02 2.684410875518110697e+04
7.180000000000000000e+02 2.684830410908416161e+04
7.190000000000000000e+02 2.691248847947090690e+04
7.200000000000000000e+02 2.693937602367082582e+04
7.210000000000000000e+02 2.696628147914156216e+04
7.220000000000000000e+02 2.694941156403854256e+04
7.230000000000000000e+02 2.691330206262852153e+04
7.240000000000000000e+02 2.694409041728749798e+04
7.250000000000000000e+02 2.696582127995693008e+04
7.260000000000000000e+02 2.705764318385986917e+04
7.270000000000000000e+02 2.703567256288191857e+04
7.280000000000000000e+02 2.707976599687763155e+04
7.290000000000000000e+02 2.710767899663118442e+04
7.300000000000000000e+02 2.713030226069708806e+04
7.310000000000000000e+02 2.719839316627871085e+04
7.320000000000000000e+02 2.719908317646477735e+04
7.330000000000000000e+02 2.719142215584007499e+04
7.340000000000000000e+02 2.726179228433192475e+04
7.350000000000000000e+02 2.735468594891874091e+04
7.360000000000000000e+02 2.735192024905131620e+04
7.370000000000000000e+02 2.737646737616446262e+04
7.380000000000000000e+02 2.738781708365826853e+04
7.390000000000000000e+02 2.738953224891596983e+04
7.400000000000000000e+02 2.747901224030134836e+04
7.410000000000000000e+02 2.748835027485725732e+04
7.420000000000000000e+02 2.748678478887255551e+04
7.430000000000000000e+02 2.749194175303315933e+04
7.440000000000000000e+02 2.757505815841508229e+04
7.450000000000000000e+02 2.748239735417014163e+04
7.460000000000000000e+02 2.743836040882670204e+04
7.470000000000000000e+02 2.747157390037315054e+04
7.480000000000000000e+02 2.753373410670401063e+04
7.490000000000000000e+02 2.756169608359695485e+04
7.500000000000000000e+02 2.755206294705599066e+04
7.510000000000000000e+02 2.755403504309218624e+04
7.520000000000000000e+02 2.754016596183796719e+04
7.530000000000000000e+02 2.755795758879940331e+04
7.540000000000000000e+02 2.756572942360986781e+04
7.550000000000000000e+02 2.760360542482737219e+04
7.560000000000000000e+02 2.766062685050048822e+04
7.570000000000000000e+02 2.771545641153938413e+04
7.580000000000000000e+02 2.772584688137974081e+04
7.590000000000000000e+02 2.779286407041573329e+04
7.600000000000000000e+02 2.798200548064642499e+04
7.610000000000000000e+02 2.808832095515192486e+04
7.620000000000000000e+02 2.808516201802947398e+04
7.630000000000000000e+02 2.810798710037696947e+04
7.640000000000000000e+02 2.814227759456248532e+04
7.650000000000000000e+02 2.817477575303958292e+04
7.660000000000000000e+02 2.823611287492184420e+04
7.670000000000000000e+02 2.829565620968870644e+04
7.680000000000000000e+02 2.834691623320448343e+04
7.690000000000000000e+02 2.836259187206685601e+04
7.700000000000000000e+02 2.837411244727786470e+04
7.710000000000000000e+02 2.838521833336491909e+04
7.720000000000000000e+02 2.842046694440786086e+04
7.730000000000000000e+02 2.844459561628786105e+04
7.740000000000000000e+02 2.846296447759332659e+04
7.750000000000000000e+02 2.856584773984653293e+04
7.760000000000000000e+02 2.868647931231514667e+04
7.770000000000000000e+02 2.872133155876814999e+04
7.780000000000000000e+02 2.875713492798545849e+04
7.790000000000000000e+02 2.878991163022494584e+04
7.800000000000000000e+02 2.878423890531665893e+04
7.810000000000000000e+02 2.884875980099622393e+04
7.820000000000000000e+02 2.888469632281230952e+04
7.830000000000000000e+02 2.890066718606599170e+04
7.840000000000000000e+02 2.895302459553562221e+04
7.850000000000000000e+02 2.898478724603135925e+04
7.860000000000000000e+02 2.902493070394380993e+04
7.870000000000000000e+02 2.901019419786103026e+04
7.880000000000000000e+02 2.907084050286118145e+04
7.890000000000000000e+02 2.905840669086638445e+04
7.900000000000000000e+02 2.906219543028308908e+04
7.910000000000000000e+02 2.910821400898696083e+04
7.920000000000000000e+02 2.923072853589234364e+04
7.930000000000000000e+02 2.924343438623973634e+04
7.940000000000000000e+02 2.934665548289808794e+04
7.950000000000000000e+02 2.935522062452310274e+04
7.960000000000000000e+02 2.943214926093058602e+04
7.970000000000000000e+02 2.942330038548115408e+04
7.980000000000000000e+02 2.936015244011911273e+04
7.990000000000000000e+02 2.945414318680708311e+04
8.000000000000000000e+02 2.951982674044074520e+04
8.010000000000000000e+02 2.957602771774438952e+04
8.020000000000000000e+02 2.963156412868849657e+04
8.030000000000000000e+02 2.970037950943929172e+04
8.040000000000000000e+02 2.974190179520915990e+04
8.050000000000000000e+02 2.977040178889747403e+04
8.060000000000000000e+02 2.978044094955579567e+04
8.070000000000000000e+02 2.985453564195342187e+04
8.080000000000000000e+02 2.982001267088616078e+04
8.090000000000000000e+02 2.983470689302127357e+04
8.100000000000000000e+02 2.987861615439959860e+04
8.110000000000000000e+02 2.998933495386374852e+04
8.120000000000000000e+02 3.007576724828358056e+04
8.130000000000000000e+02 2.999865096452372018e+04
8.140000000000000000e+02 2.999098498926803222e+04
8.150000000000000000e+02 3.002836899883408478e+04
8.160000000000000000e+02 3.005946200799996950e+04
8.170000000000000000e+02 3.010063435637755538e+04
8.180000000000000000e+02 3.017715692279813084e+04
8.190000000000000000e+02 3.027760113305430787e+04
8.200000000000000000e+02 3.033541216799880931e+04
8.210000000000000000e+02 3.031857599249174746e+04
8.220000000000000000e+02 3.037197339409126653e+04
8.230000000000000000e+02 3.029560779013601859e+04
8.240000000000000000e+02 3.030354712558130268e+04
8.250000000000000000e+02 3.033730906526923354e+04
8.260000000000000000e+02 3.034974555940413120e+04
8.270000000000000000e+02 3.044643629440116638e+04
8.280000000000000000e+02 3.043913372903936033e+04
8.290000000000000000e+02 3.048786323275008544e+04
8.300000000000000000e+02 3.060370217987093201e+04
8.310000000000000000e+02 3.063624037472663258e+04
8.320000000000000000e+02 3.067670630262628038e+04
8.330000000000000000e+02 3.070463574535970110e+04
8.340000000000000000e+02 3.075833062737251385e+04
8.350000000000000000e+02 3.074169819120011016e+04
8.360000000000000000e+02 3.072282368062480236e+04
8.370000000000000000e+02 3.080345778636173054e+04
8.380000000000000000e+02 3.084609407872519660e+04
8.390000000000000000e+02 3.094727308939584327e+04
8.400000000000000000e+02 3.103352436518804097e+04
8.410000000000000000e+02 3.105977021178658833e+04
8.420000000000000000e+02 3.109324318288657378e+04
8.430000000000000000e+02 3.110675753763077591e+04
8.440000000000000000e+02 3.118952902521364740e+04
8.450000000000000000e+02 3.125288806703475711e+04
8.460000000000000000e+02 3.134039427328800230e+04
8.470000000000000000e+02 3.137745423407981798e+04
8.480000000000000000e+02 3.135865659279699685e+04
8.490000000000000000e+02 3.139761991283419411e+04
8.500000000000000000e+02 3.138658156827223138e+04
8.510000000000000000e+02 3.136101873901570070e+04
8.520000000000000000e+02 3.137735146671298935e+04
8.530000000000000000e+02 3.133638407231430392e+04
8.540000000000000000e+02 3.130608781645613999e+04
8.550000000000000000e+02 3.139876141171572090e+04
8.560000000000000000e+02 3.146376480863415054e+04
8.570000000000000000e+02 3.147651101223754813e+04
8.580000000000000000e+02 3.155128516041243347e+04
8.590000000000000000e+02 3.158088476078920576e+04
8.600000000000000000e+02 3.159001811173976967e+04
8.610000000000000000e+02 3.164268242712051142e+04
8.620000000000000000e+02 3.167307370695666032e+04
8.630000000000000000e+02 3.164323678885807749e+04
8.640000000000000000e+02 3.165436746330459209e+04
8.650000000000000000e+02 3.173712159009832249e+04
8.660000000000000000e+02 3.174168226187640175e+04
8.670000000000000000e+02 3.182751671794175491e+04
8.680000000000000000e+02 3.180183029692057244e+04
8.690000000000000000e+02 3.180049507305565567e+04
8.700000000000000000e+02 3.176192421308837220e+04
8.710000000000000000e+02 3.184331138068791188e+04
8.720000000000000000e+02 3.191510938962556611e+04
8.730000000000000000e+02 3.200044605443925684e+04
8.740000000000000000e+02 3.214795754876725186e+04
8.750000000000000000e+02 3.213867006181730540e+04
8.760000000000000000e+02 3.212496092547641092e+04
8.770000000000000000e+02 3.214116729277938430e+04
8.780000000000000000e+02 3.219293400490362183e+04
8.790000000000000000e+02 3.227951351437889389e+04
8.800000000000000000e+02 3.232534943016902616e+04
8.810000000000000000e+02 3.233959701859772758e+04
8.820000000000000000e+02 3.232740044843221767e+04
8.830000000000000000e+02 3.237388111752609984e+04
8.840000000000000000e+02 3.244618777156532451e+04
8.850000000000000000e+02 3.255609296701914354e+04
8.860000000000000000e+02 3.257962574643483094e+04
8.870000000000000000e+02 3.253677140005210094e+04
8.880000000000000000e+02 3.254052644056273493e+04
8.890000000000000000e+02 3.259311256636064354e+04
8.900000000000000000e+02 3.270828094455049722e+04
8.910000000000000000e+02 3.281472264225150866e+04
8.920000000000000000e+02 3.287736119224725553e+04
8.930000000000000000e+02 3.285736351800477860e+04
8.940000000000000000e+02 3.285596548832705594e+04
8.950000000000000000e+02 3.286404891926292476e+04
8.960000000000000000e+02 3.288099424173301668e+04
8.970000000000000000e+02 3.306555072682305035e+04
8.980000000000000000e+02 3.309434216732344066e+04
8.990000000000000000e+02 3.315323264535973431e+04
9.000000000000000000e+02 3.314845448733914964e+04
9.010000000000000000e+02 3.316806003045145917e+04
9.020000000000000000e+02 3.326346473584062915e+04
9.030000000000000000e+02 3.336703172976741189e+04
9.040000000000000000e+02 3.345453383261081763e+04
9.050000000000000000e+02 3.352014843431529152e+04
9.060000000000000000e+02 3.356246104089420260e+04
9.070000000000000000e+02 3.357070698426102172e+04
9.080000000000000000e+02 3.365758443811651523e+04
9.090000000000000000e+02 3.367155609511721559e+04
9.100000000000000000e+02 3.362300842015341914e+04
9.110000000000000000e+02 3.373091098460027570e+04
9.120000000000000000e+02 3.388109127259042725e+04
9.130000000000000000e+02 3.392505686810005864e+04
9.140000000000000000e+02 3.396719769665859349e+04
9.150000000000000000e+02 3.402701271470323263e+04
9.160000000000000000e+02 3.405949577876512922e+04
9.170000000000000000e+02 3.405665560551853559e+04
9.180000000000000000e+02 3.399238290377608791e+04
9.190000000000000000e+02 3.406162570002405118e+04
9.200000000000000000e+02 3.401474362020404078e+04
9.210000000000000000e+02 3.405172977616744902e+04
9.220000000000000000e+02 3.403693230259503616e+04
9.230000000000000000e+02 3.404705926776782871e+04
9.240000000000000000e+02 3.412060267574265163e+04
9.250000000000000000e+02 3.419807356189840357e+04
9.260000000000000000e+02 3.423788332847633137e+04
9.270000000000000000e+02 3.427293321355847002e+04
9.280000000000000000e+02 3.431925366679763829e+04
9.290000000000000000e+02 3.431088728410971817e+04
9.300000000000000000e+02 3.437604862636396138e+04
9.310000000000000000e+02 3.437867842815425684e+04
9.320000000000000000e+02 3.436373188852438034e+04
9.330000000000000000e+02 3.436396646770782536e+04
9.340000000000000000e+02 3.439832039534563228e+04
9.350000000000000000e+02 3.446795738743645052e+04
9.360000000000000000e+02 3.455806704207657458e+04
9.370000000000000000e+02 3.462824349550298211e+04
9.380000000000000000e+02 3.466094921806724597e+04
9.390000000000000000e+02 3.471871936955441197e+04
9.400000000000000000e+02 3.479151807967489003e+04
9.410000000000000000e+02 3.480930670639734308e+04
9.420000000000000000e+02 3.478608172922279482e+04
9.430000000000000000e+02 3.477680347193660418e+04
9.440000000000000000e+02 3.477571437258463266e+04
9.450000000000000000e+02 3.486097821244355873e+04
9.460000000000000000e+02 3.491409061181558354e+04
9.470000000000000000e+02 3.494743543483026588e+04
9.480000000000000000e+02 3.502467610730853630e+04
9.490000000000000000e+02 3.500823339541522000e+04
9.500000000000000000e+02 3.514704935830945033e+04
9.510000000000000000e+02 3.515275731124809681e+04
9.520000000000000000e+02 3.515820716363129759e+04
9.530000000000000000e+02 3.516158824470655236e+04
9.540000000000000000e+02 3.517038856094978837e+04
9.550000000000000000e+02 3.516794647846583393e+04
9.560000000000000000e+02 3.512289036469373968e+04
9.570000000000000000e+02 3.507699051733783563e+04
9.580000000000000000e+02 3.514809114733531169e+04
9.590000000000000000e+02 3.518357453438262746e+04
9.600000000000000000e+02 3.518724852111664222e+04
9.610000000000000000e+02 3.524345408465156652e+04
9.620000000000000000e+02 3.534303597673532204e+04
9.630000000000000000e+02 3.543918063398129743e+04
9.640000000000000000e+02 3.551539298979438900e+04
9.650000000000000000e+02 3.549847867226225208e+04
9.660000000000000000e+02 3.552584301039348065e+04
9.670000000000000000e+02 3.554016413528285193e+04
9.680000000000000000e+02 3.555365580826390942e+04
9.690000000000000000e+02 3.550792624079967209e+04
9.700000000000000000e+02 3.553093991374627512e+04
9.710000000000000000e+02 3.550563966764442739e+04
9.720000000000000000e+02 3.543061907753346168e+04
9.730000000000000000e+02 3.549682917244105192e+04
9.740000000000000000e+02 3.549704452571871661e+04
9.750000000000000000e+02 3.557223706105154270e+04
9.760000000000000000e+02 3.559947338257761294e+04
9.770000000000000000e+02 3.558831132295475254e+04
9.780000000000000000e+02 3.567508584888030600e+04
9.790000000000000000e+02 3.570565188929641590e+04
9.800000000000000000e+02 3.576382550322320458e+04
9.810000000000000000e+02 3.577564225404780882e+04
9.820000000000000000e+02 3.578130964922827116e+04
9.830000000000000000e+02 3.579199442243293743e+04
9.840000000000000000e+02 3.585148969645908073e+04
9.850000000000000000e+02 3.590814455477184674e+04
9.860000000000000000e+02 3.590267493741380167e+04
9.870000000000000000e+02 3.602472250692170201e+04
9.880000000000000000e+02 3.602514373085861007e+04
9.890000000000000000e+02 3.608070200009807741e+04
9.900000000000000000e+02 3.613038677737067337e+04
9.910000000000000000e+02 3.612708302209748945e+04
9.920000000000000000e+02 3.607605030216970772e+04
9.930000000000000000e+02 3.616919914454027457e+04
9.940000000000000000e+02 3.626511080102646520e+04
9.950000000000000000e+02 3.634982175708965951e+04
9.960000000000000000e+02 3.644880025132773881e+04
9.970000000000000000e+02 3.649430691676495189e+04
9.980000000000000000e+02 3.649696227187370823e+04
9.990000000000000000e+02 3.648834134246488247e+04
1.000000000000000000e+03 3.656222657774179243e+04
1.001000000000000000e+03 3.660514468639079132e+04
1.002000000000000000e+03 3.666967967402237264e+04
1.003000000000000000e+03 3.677941607560747070e+04
1.004000000000000000e+03 3.683087824113836541e+04
1.005000000000000000e+03 3.688753393394149316e+04
1.006000000000000000e+03 3.696503680984655512e+04
1.007000000000000000e+03 3.704223980275724170e+04
1.008000000000000000e+03 3.708134605824785831e+04
1.009000000000000000e+03 3.716760337013372919e+04
1.010000000000000000e+03 3.723827142049943359e+04
1.011000000000000000e+03 3.729194152486456733e+04
1.012000000000000000e+03 3.727581126348906400e+04
1.013000000000000000e+03 3.728101655766904150e+04
1.014000000000000000e+03 3.732460472273726191e+04
1.015000000000000000e+03 3.743456692381144967e+04
1.016000000000000000e+03 3.750925469813781092e+04
1.017000000000000000e+03 3.751002404152807139e+04
1.018000000000000000e+03 3.757293734220752231e+04
1.019000000000000000e+03 3.763571928332480456e+04
1.020000000000000000e+03 3.773931124511725648e+04
1.021000000000000000e+03 3.775549684487266495e+04
1.022000000000000000e+03 3.791974938370885502e+04
1.023000000000000000e+03 3.797912523346003582e+04
1.024000000000000000e+03 3.803774446064601943e+04
1.025000000000000000e+03 3.812073565735883312e+04
1.026000000000000000e+03 3.822743544288053090e+04
1.027000000000000000e+03 3.829068989194091409e+04
1.028000000000000000e+03 3.833911525838208036e+04
1.029000000000000000e+03 3.829715131930141797e+04
1.030000000000000000e+03 3.834604767944744526e+04
1.031000000000000000e+03 3.829100127096064534e+04
1.032000000000000000e+03 3.839003072538224660e+04
1.033000000000000000e+03 3.843143764183055464e+04
1.034000000000000000e+03 3.845000436360145250e+04
1.035000000000000000e+03 3.853527198045695695e+04
1.036000000000000000e+03 3.853948775638714142e+04
1.037000000000000000e+03 3.858913093848779681e+04
1.038000000000000000e+03 3.860781656804714294e+04
1.039000000000000000e+03 3.872355517175890418e+04
1.040000000000000000e+03 3.871775296553667431e+04
1.041000000000000000e+03 3.875232849212086876e+04
1.042000000000000000e+03 3.874724131929795840e+04
1.043000000000000000e+03 3.874418827130484715e+04
1.044000000000000000e+03 3.877431395682935545e+04
1.045000000000000000e+03 3.882880368602783710e+04
1.046000000000000000e+03 3.880751633780699194e+04
1.047000000000000000e+03 3.876777274424616917e+04
1.048000000000000000e+03 3.875710900223530189e+04
1.049000000000000000e+03 3.890221095281752059e+04
1.050000000000000000e+03 3.894188915415432712e+04
1.051000000000000000e+03 3.899499255548808287e+04
1.052000000000000000e+03 3.894431198836558178e+04
1.053000000000000000e+03 3.902358605461750267e+04
1.054000000000000000e+03 3.906411230441348016e+04
1.055000000000000000e+03 3.909147113682523923e+04
1.056000000000000000e+03 3.920841471942135831e+04
1.057000000000000000e+03 3.923096012199581310e+04
1.058000000000000000e+03 3.928642908342088776e+04
1.059000000000000000e+03 3.932541105015006906e+04
1.060000000000000000e+03 3.936718896530173515e+04
1.061000000000000000e+03 3.935144055150415807e+04
1.062000000000000000e+03 3.939991328037188941e+04
1.063000000000000000e+03 3.936112568549711432e+04
1.064000000000000000e+03 3.943822031764159328e+04
1.065000000000000000e+03 3.942307088296650909e+04
1.066000000000000000e+03 3.945049787349876715e+04
1.067000000000000000e+03 3.959233696421361674e+04
1.068000000000000000e+03 3.960009066512026038e+04
1.069000000000000000e+03 3.962619914245368273e+04
1.070000000000000000e+03 3.967258405179783585e+04
1.071000000000000000e+03 3.977999886981336022e+04
1.072000000000000000e+03 3.986175368071291450e+04
1.073000000000000000e+03 3.991391610214198590e+04
1.074000000000000000e+03 3.992837142053723801e+04
1.075000000000000000e+03 4.002278210231567937e+04
1.076000000000000000e+03 4.009904724298197107e+04
1.077000000000000000e+03 4.016712802792225557e+04
1.078000000000000000e+03 4.019674513956782175e+04
1.079000000000000000e+03 4.029892657995712943e+04
1.080000000000000000e+03 4.029586146170927532e+04
1.081000000000000000e+03 4.043904762576890062e+04
1.082000000000000000e+03 4.048534678424874437e+04
1.083000000000000000e+03 4.050142843424096645e+04
1.084000000000000000e+03 4.049879184532689396e+04
1.085000000000000000e+03 4.046870906810764427e+04
1.086000000000000000e+03 4.051516245049277495e+04
1.087000000000000000e+03 4.059747337871461787e+04
1.088000000000000000e+03 4.067112415174084163e+04
1.089000000000000000e+03 4.068644123035248776e+04
1.090000000000000000e+03 4.070933312035573181e+04
1.091000000000000000e+03 4.063545091544612660e+04
1.092000000000000000e+03 4.063646909225144918e+04
1.093000000000000000e+03 4.064837658832677698e+04
1.094000000000000000e+03 4.073134538197358779e+04
1.095000000000000000e+03 4.079025980243236700e+04
1.096000000000000000e+03 4.083053611010087479e+04
1.097000000000000000e+03 4.090657890344715270e+04
1.098000000000000000e+03 4.093859351554527530e+04
1.099000000000000000e+03 4.104457261672050663e+04
1.100000000000000000e+03 4.108251437734214414e+04
1.101000000000000000e+03 4.112132940166189655e+04
1.102000000000000000e+03 4.107815878985566815e+04
1.103000000000000000e+03 4.122798409219279711e+04
1.104000000000000000e+03 4.118501537635039858e+04
1.105000000000000000e+03 4.121844703726891021e+04
1.106000000000000000e+03 4.128417028773160564e+04
1.107000000000000000e+03 4.125692422827077826e+04
1.108000000000000000e+03 4.124348415298460168e+04
1.109000000000000000e+03 4.121635012754828495e+04
1.110000000000000000e+03 4.128801760451504379e+04
1.111000000000000000e+03 4.143322759073541965e+04
1.112000000000000000e+03 4.153432598798593244e+04
1.113000000000000000e+03 4.154322608964456595e+04
1.114000000000000000e+03 4.151330525057898194e+04
1.115000000000000000e+03 4.149257185557764024e+04
1.116000000000000000e+03 4.153982363880999037e+04
1.117000000000000000e+03 4.155991405675368151e+04
1.118000000000000000e+03 4.160265614763400663e+04
1.119000000000000000e+03 4.163140353326054901e+04
1.120000000000000000e+03 4.169796885614921484e+04
1.121000000000000000e+03 4.171458900894718681e+04
1.122000000000000000e+03 4.174479561786172417e+04
1.123000000000000000e+03 4.181516710673800844e+04
1.124000000000000000e+03 4.198822665751081513e+04
1.125000000000000000e+03 4.198513758873820188e+04
1.126000000000000000e+03 4.203627368024105090e+04
1.127000000000000000e+03 4.211146691276396450e+04
1.128000000000000000e+03 4.213905939351410780e+04
1.129000000000000000e+03 4.213720607433310215e+04
1.130000000000000000e+03 4.210886458533658879e+04
1.131000000000000000e+03 4.213043772149205324e+04
1.132000000000000000e+03 4.221070056120488880e+04
1.133000000000000000e+03 4.232870490305426938e+04
1.134000000000000000e+03 4.234491270447977877e+04
1.135000000000000000e+03 4.243573304072542669e+04
1.136000000000000000e+03 4.250370835017320496e+04
1.137000000000000000e+03 4.260866279047999706e+04
1.138000000000000000e+03 4.273069639294873923e+04
1.139000000000000000e+03 4.276983525543013093e+04
1.140000000000000000e+03 4.279561699199541908e+04
1.141000000000000000e+03 4.278169809986394830e+04
1.142000000000000000e+03 4.275588581234600133e+04
1.143000000000000000e+03 4.277422112464234669e+04
1.144000000000000000e+03 4.280165737332580466e+04
1.145000000000000000e+03 4.288756548448737158e+04
1.146000000000000000e+03 4.295406694880418945e+04
1.147000000000000000e+03 4.299972439530835254e+04
1.148000000000000000e+03 4.300319144702397170e+04
1.149000000000000000e+03 4.306973506523585820e+04
1.150000000000000000e+03 4.322398946278706717e+04
1.151000000000000000e+03 4.322466488946559548e+04
1.152000000000000000e+03 4.327906143647700083e+04
1.153000000000000000e+03 4.333725643167286762e+04
1.154000000000000000e+03 4.332790305098159297e+04
1.155000000000000000e+03 4.332204213850857923e+04
1.156000000000000000e+03 4.342181513189366524e+04
1.157000000000000000e+03 4.351580179195680830e+04
1.158000000000000000e+03 4.361587311737132404e+04
1.159000000000000000e+03 4.380812826310510718e+04
1.160000000000000000e+03 4.382423704285290296e+04
1.161000000000000000e+03 4.377279988351111388e+04
1.162000000000000000e+03 4.389510760040535388e+04
1.163000000000000000e+03 4.394216461970247474e+04
1.164000000000000000e+03 4.402787801828110969e+04
1.165000000000000000e+03 4.414587641146213718e+04
1.166000000000000000e+03 4.429930335717786511e+04
1.167000000000000000e+03 4.426847110972497467e+04
1.168000000000000000e+03 4.437705679627986683e+04
1.169000000000000000e+03 4.441837436323722068e+04
1.170000000000000000e+03 4.439116806315891154e+04
1.171000000000000000e+03 4.444872303456082591e+04
1.172000000000000000e+03 4.458819374303324003e+04
1.173000000000000000e+03 4.472332289885160571e+04
1.174000000000000000e+03 4.481842869490792509e+04
1.175000000000000000e+03 4.485471343395979056e+04
1.176000000000000000e+03 4.489099940627293108e+04
1.177000000000000000e+03 4.497773757999875670e+04
1.178000000000000000e+03 4.504763352890049282e+04
1.179000000000000000e+03 4.514689261884792359e+04
1.180000000000000000e+03 4.512675918515567901e+04
1.181000000000000000e+03 4.517225475613986055e+04
1.182000000000000000e+03 4.526603899214303237e+04
1.183000000000000000e+03 4.537501980894875305e+04
1.184000000000000000e+03 4.544328290420406847e+04
1.185000000000000000e+03 4.545864635030089266e+04
1.186000000000000000e+03 4.538050374601584190e+04
1.187000000000000000e+03 4.530340695101703750e+04
1.188000000000000000e+03 4.527024427030842344e+04
1.189000000000000000e+03 4.531491214952752489e+04
1.190000000000000000e+03 4.534270401818025857e+04
1.191000000000000000e+03 4.535082402022588940e+04
1.192000000000000000e+03 4.537673956630797329e+04
1.193000000000000000e+03 4.537934842536766519e+04
1.194000000000000000e+03 4.543129021507075231e+04
1.195000000000000000e+03 4.540490050727331982e+04
1.196000000000000000e+03 4.545273069557543204e+04
1.197000000000000000e+03 4.557862885692582495e+04
1.198000000000000000e+03 4.572744397281931015e+04
1.199000000000000000e+03 4.583500878708957316e+04
1.200000000000000000e+03 4.588583092593952460e+04
1.201000000000000000e+03 4.592892544841110066e+04
1.202000000000000000e+03 4.595657597940875712e+04
1.203000000000000000e+03 4.598715108861631597e+04
1.204000000000000000e+03 4.605642179203555861e+04
1.205000000000000000e+03 4.608172337177558074e+04
1.206000000000000000e+03 4.608946347870636237e+04
1.207000000000000000e+03 4.623847861615221336e+04
1.208000000000000000e+03 4.627772361581961013e+04
1.209000000000000000e+03 4.628786622305287892e+04
1.210000000000000000e+03 4.626635040453398688e+04
1.211000000000000000e+03 4.619272857804967498e+04
1.212000000000000000e+03 4.618881970876164269e+04
1.213000000000000000e+03 4.624595638054026495e+04
1.214000000000000000e+03 4.633864562415293040e+04
1.215000000000000000e+03 4.644188322278631676e+04
1.216000000000000000e+03 4.648141788019924570e+04
1.217000000000000000e+03 4.653739839106523868e+04
1.218000000000000000e+03 4.654824081463870971e+04
1.219000000000000000e+03 4.660752610154690046e+04
1.220000000000000000e+03 4.668787299293432443e+04
1.221000000000000000e+03 4.672925484868115018e+04
1.222000000000000000e+03 4.674158902161759033e+04
1.223000000000000000e+03 4.685354720636105048e+04
1.224000000000000000e+03 4.691157659828996839e+04
1.225000000000000000e+03 4.683776976450986695e+04
1.226000000000000000e+03 4.681574880480222055e+04
1.227000000000000000e+03 4.697512350725991564e+04
1.228000000000000000e+03 4.695521438866587414e+04
1.229000000000000000e+03 4.704396426244017493e+04
1.230000000000000000e+03 4.709244444157293037e+04
1.231000000000000000e+03 4.712453769292891957e+04
1.232000000000000000e+03 4.710936342569435510e+04
1.233000000000000000e+03 4.721067690617394692e+04
1.234000000000000000e+03 4.722274600083519908e+04
1.235000000000000000e+03 4.725483053365501837e+04
1.236000000000000000e+03 4.736240934584906790e+04
1.237000000000000000e+03 4.737261001446277805e+04
1.238000000000000000e+03 4.735570351314348954e+04
1.239000000000000000e+03 4.740084863212337223e+04
1.240000000000000000e+03 4.748089028647783562e+04
1.241000000000000000e+03 4.749989120471756178e+04
1.242000000000000000e+03 4.753253419932482939e+04
1.243000000000000000e+03 4.755410388354299357e+04
1.244000000000000000e+03 4.759943295485209819e+04
1.245000000000000000e+03 4.767850695514186373e+04
1.246000000000000000e+03 4.766939867939372198e+04
1.247000000000000000e+03 4.765568501678005123e+04
1.248000000000000000e+03 4.761478581512664095e+04
1.249000000000000000e+03 4.772522713954627397e+04
1.250000000000000000e+03 4.778405590356567700e+04
1.251000000000000000e+03 4.782996852022781241e+04
1.252000000000000000e+03 4.793061711264469341e+04
1.253000000000000000e+03 4.799735387472795264e+04
1.254000000000000000e+03 4.816476343859094050e+04
1.255000000000000000e+03 4.824906773953392985e+04
1.256000000000000000e+03 4.831616772265922918e+04
1.257000000000000000e+03 4.829733243507065345e+04
1.258000000000000000e+03 4.832580788779223076e+04
1.259000000000000000e+03 4.833023375354756718e+04
1.260000000000000000e+03 4.842703495542297605e+04
1.261000000000000000e+03 4.848884271268932935e+04
1.262000000000000000e+03 4.855692369486537063e+04
1.263000000000000000e+03 4.861743974072360288e+04
1.264000000000000000e+03 4.867219295302181126e+04
1.265000000000000000e+03 4.873786284828172211e+04
1.266000000000000000e+03 4.879590607387801720e+04
1.267000000000000000e+03 4.889169353601594776e+04
1.268000000000000000e+03 4.894797567050102953e+04
1.269000000000000000e+03 4.898402092663742224e+04
1.270000000000000000e+03 4.900703235407766624e+04
1.271000000000000000e+03 4.898176078102950123e+04
1.272000000000000000e+03 4.901962936618973617e+04
1.273000000000000000e+03 4.908095017855539481e+04
1.274000000000000000e+03 4.914916749866586906e+04
1.275000000000000000e+03 4.910403448797521560e+04
1.276000000000000000e+03 4.916506966791440209e+04
1.277000000000000000e+03 4.919594065876690001e+04
1.278000000000000000e+03 4.915729967015406874e+04
1.279000000000000000e+03 4.906756022462695546e+04
1.280000000000000000e+03 4.907952635512231791e+04
1.281000000000000000e+03 4.908374959981739084e+04
1.282000000000000000e+03 4.911947768622418516e+04
1.283000000000000000e+03 4.926985871026331006e+04
1.284000000000000000e+03 4.949351633320230030e+04
1.285000000000000000e+03 4.945567490463994909e+04
1.286000000000000000e+03 4.941622389979544096e+04
1.287000000000000000e+03 4.944267809002737340e+04
1.288000000000000000e+03 4.946546449025181209e+04
1.289000000000000000e+03 4.960712001966241223e+04
1.290000000000000000e+03 4.969358160067947756e+04
1.291000000000000000e+03 4.969349321254818642e+04
1.292000000000000000e+03 4.977335076326879062e+04
1.293000000000000000e+03 4.979267893561106757e+04
1.294000000000000000e+03 4.981469593930710835e+04
1.295000000000000000e+03 4.989221263620707759e+04
1.296000000000000000e+03 4.994591106541896443e+04
1.297000000000000000e+03 5.009631066817926330e+04
1.298000000000000000e+03 5.011335450227764522e+04
1.299000000000000000e+03 5.013188910517279874e+04
1.300000000000000000e+03 5.018961382274447533e+04
1.301000000000000000e+03 5.022074628700766334e+04
1.302000000000000000e+03 5.029916639196706819e+04
1.303000000000000000e+03 5.036414542813978915e+04
1.304000000000000000e+03 5.043206886286693043e+04
1.305000000000000000e+03 5.055029722751492227e+04
1.306000000000000000e+03 5.061004891473150929e+04
1.307000000000000000e+03 5.053362267214534950e+04
1.308000000000000000e+03 5.054689497613866843e+04
1.309000000000000000e+03 5.060949111807061126e+04
1.310000000000000000e+03 5.060898232845253369e+04
1.311000000000000000e+03 5.060554882137666573e+04
1.312000000000000000e+03 5.067515502758907678e+04
1.313000000000000000e+03 5.066786412467079208e+04
1.314000000000000000e+03 5.072849030610408226e+04
1.315000000000000000e+03 5.072752787156108388e+04
1.316000000000000000e+03 5.082749571590327832e+04
1.317000000000000000e+03 5.086931166906373255e+04
1.318000000000000000e+03 5.087787385337673186e+04
1.319000000000000000e+03 5.093811411702806072e+04
1.320000000000000000e+03 5.102949095206763741e+04
1.321000000000000000e+03 5.109281168011134287e+04
1.322000000000000000e+03 5.114869374307953694e+04
1.323000000000000000e+03 5.116810694113602949e+04
1.324000000000000000e+03 5.120705940590883256e+04
1.325000000000000000e+03 5.126098687154713116e+04
1.326000000000000000e+03 5.128181101295508415e+04
1.327000000000000000e+03 5.136195075176495448e+04
1.328000000000000000e+03 5.134610349863027659e+04
1.329000000000000000e+03 5.140213501820511738e+04
1.330000000000000000e+03 5.147484622252308327e+04
1.331000000000000000e+03 5.155285701964819600e+04
1.332000000000000000e+03 5.160917815551691456e+04
1.333000000000000000e+03 5.173016310218520084e+04
1.334000000000000000e+03 5.176796078451804351e+04
1.335000000000000000e+03 5.179221086577216192e+04
1.336000000000000000e+03 5.184040051692522684e+04
1.337000000000000000e+03 5.188691731575411541e+04
1.338000000000000000e+03 5.179868931143981899e+04
1.339000000000000000e+03 5.177667284942379047e+04
1.340000000000000000e+03 5.178259662306051905e+04
1.341000000000000000e+03 5.177139727069212677e+04
1.342000000000000000e+03 5.176981047538924759e+04
1.343000000000000000e+03 5.175766196459622734e+04
1.344000000000000000e+03 5.180261474216084025e+04
1.345000000000000000e+03 5.185394217120010580e+04
1.346000000000000000e+03 5.197455829831622395e+04
1.347000000000000000e+03 5.200164096750138560e+04
1.348000000000000000e+03 5.207836357923776086e+04
1.349000000000000000e+03 5.217629198120278306e+04
1.350000000000000000e+03 5.227236501439798303e+04
1.351000000000000000e+03 5.233520000593337318e+04
1.352000000000000000e+03 5.239418867822429456e+04
1.353000000000000000e+03 5.234279909608873277e+04
1.354000000000000000e+03 5.233669633771690860e+04
1.355000000000000000e+03 5.226682502182316239e+04
1.356000000000000000e+03 5.229981067548276769e+04
1.357000000000000000e+03 5.235016342746564624e+04
1.358000000000000000e+03 5.242129977068510925e+04
1.359000000000000000e+03 5.250998588052787818e+04
1.360000000000000000e+03 5.251547229975773371e+04
1.361000000000000000e+03 5.262457481671863934e+04
1.362000000000000000e+03 5.261892349198042211e+04
1.363000000000000000e+03 5.274179870989928168e+04
1.364000000000000000e+03 5.278638770278738957e+04
1.365000000000000000e+03 5.283028315979317995e+04
1.366000000000000000e+03 5.287107348832706339e+04
1.367000000000000000e+03 5.304359532139620569e+04
1.368000000000000000e+03 5.307887005296433927e+04
1.369000000000000000e+03 5.299195070303154353e+04
1.370000000000000000e+03 5.290210453823241551e+04
1.371000000000000000e+03 5.287855230863322504e+04
1.372000000000000000e+03 5.293959306637208647e+04
1.373000000000000000e+03 5.299261616413875163e+04
1.374000000000000000e+03 5.305658680167047714e+04
1.375000000000000000e+03 5.314003898892489087e+04
1.376000000000000000e+03 5.312548732734025543e+04
1.377000000000000000e+03 5.307401461072699749e+04
1.378000000000000000e+03 5.313166001964201860e+04
1.379000000000000000e+03 5.319672473005572829e+04
1.380000000000000000e+03 5.319600744596889854e+04
1.381000000000000000e+03 5.324595450145581708e+04
1.382000000000000000e+03 5.324196530131453619e+04
1.383000000000000000e+03 5.323030793745095434e+04
1.384000000000000000e+03 5.331466182386886067e+04
1.385000000000000000e+03 5.335993723109710118e+04
1.386000000000000000e+03 5.344225145660482667e+04
1.387000000000000000e+03 5.347524591168152256e+04
1.388000000000000000e+03 5.343754359748158458e+04
1.389000000000000000e+03 5.339956777490708919e+04
1.390000000000000000e+03 5.346192629642524116e+04
1.391000000000000000e+03 5.350864011836636200e+04
1.392000000000000000e+03 5.354860421866466640e+04
1.393000000000000000e+03 5.356725782294478995e+04
1.394000000000000000e+03 5.359485100150087237e+04
1.395000000000000000e+03 5.362742303413560148e+04
1.396000000000000000e+03 5.372312208137500420e+04
1.397000000000000000e+03 5.374499930681105616e+04
1.398000000000000000e+03 5.388129909000264161e+04
1.399000000000000000e+03 5.386151038529168000e+04
1.400000000000000000e+03 5.391528442278691364e+04
1.401000000000000000e+03 5.395636330747450120e+04
1.402000000000000000e+03 5.398055438309540477e+04
1.403000000000000000e+03 5.403926723548988230e+04
1.404000000000000000e+03 5.407198541623576602e+04
1.405000000000000000e+03 5.414429924354492687e+04
1.406000000000000000e+03 5.405476866932132543e+04
1.407000000000000000e+03 5.407019325394977204e+04
1.408000000000000000e+03 5.421397932612831937e+04
1.409000000000000000e+03 5.417711399824623368e+04
1.410000000000000000e+03 5.417529598685734527e+04
1.411000000000000000e+03 5.412615174466043391e+04
1.412000000000000000e+03 5.411823541290339926e+04
1.413000000000000000e+03 5.415015173150549526e+04
1.414000000000000000e+03 5.416491318912329007e+04
1.415000000000000000e+03 5.411511917367120623e+04
1.416000000000000000e+03 5.399830125718612544e+04
1.417000000000000000e+03 5.411118215382940252e+04
1.418000000000000000e+03 5.419186367226651782e+04
1.419000000000000000e+03 5.423306435168192547e+04
1.420000000000000000e+03 5.426557228682793357e+04
1.421000000000000000e+03 5.438278253293790476e+04
1.422000000000000000e+03 5.435214980564016150e+04
1.423000000000000000e+03 5.437876357173295401e+04
1.424000000000000000e+03 5.442735502736202761e+04
1.425000000000000000e+03 5.455538531316560693e+04
1.426000000000000000e+03 5.464949061711691320e+04
1.427000000000000000e+03 5.468341474878959707e+04
1.428000000000000000e+03 5.483891542302756716e+04
1.429000000000000000e+03 5.479850289289826469e+04
1.430000000000000000e+03 5.481327214807656856e+04
1.431000000000000000e+03 5.484860509311049100e+04
1.432000000000000000e+03 5.479251994149841630e+04
1.433000000000000000e+03 5.472403838587534847e+04
1.434000000000000000e+03 5.471562161770946113e+04
1.435000000000000000e+03 5.468463221591782349e+04
1.436000000000000000e+03 5.464815548622404458e+04
1.437000000000000000e+03 5.458955008562000148e+04
1.438000000000000000e+03 5.455147569192102674e+04
1.439000000000000000e+03 5.456116246129538922e+04
1.440000000000000000e+03 5.462170742255177174e+04
1.441000000000000000e+03 5.465272127086397813e+04
1.442000000000000000e+03 5.460124967885388469e+04
1.443000000000000000e+03 5.460629325053593493e+04
1.444000000000000000e+03 5.470758402939618099e+04
1.445000000000000000e+03 5.487653479628847708e+04
1.446000000000000000e+03 5.492643295550646144e+04
1.447000000000000000e+03 5.493471463951756596e+04
1.448000000000000000e+03 5.496994527233402914e+04
1.449000000000000000e+03 5.502956159284082969e+04
1.450000000000000000e+03 5.497881729290007934e+04
1.451000000000000000e+03 5.506310898635312333e+04
1.452000000000000000e+03 5.504945397177211998e+04
1.453000000000000000e+03 5.494492410633143299e+04
1.454000000000000000e+03 5.494149177974298800e+04
1.455000000000000000e+03 5.497823888061178877e+04
1.456000000000000000e+03 5.512831244247289578e+04
1.457000000000000000e+03 5.510930372239217832e+04
1.458000000000000000e+03 5.506372769866263116e+04
1.459000000000000000e+03 5.505627428703349869e+04
1.460000000000000000e+03 5.501755598886444932e+04
1.461000000000000000e+03 5.506104470377245889e+04
1.462000000000000000e+03 5.506070334512589761e+04
1.463000000000000000e+03 5.507663399897587078e+04
1.464000000000000000e+03 5.511274318847125687e+04
1.465000000000000000e+03 5.512056619857234909e+04
1.466000000000000000e+03 5.524160547790642158e+04
1.467000000000000000e+03 5.536032209139804036e+04
1.468000000000000000e+03 5.538894450121922273e+04
1.469000000000000000e+03 5.548672539764853718e+04
1.470000000000000000e+03 5.558946046836251480e+04
1.471000000000000000e+03 5.558316605623835494e+04
1.472000000000000000e+03 5.555673950636260997e+04
1.473000000000000000e+03 5.555228938943192770e+04
1.474000000000000000e+03 5.556521352380738972e+04
1.475000000000000000e+03 5.560453914958197129e+04
1.476000000000000000e+03 5.564922165633251279e+04
1.477000000000000000e+03 5.564582045080191892e+04
1.478000000000000000e+03 5.577177143665545009e+04
1.479000000000000000e+03 5.592754415101376799e+04
1.480000000000000000e+03 5.610439092419590452e+04
1.481000000000000000e+03 5.610260753779866354e+04
1.482000000000000000e+03 5.596612224724179396e+04
1.483000000000000000e+03 5.601681706405445584e+04
1.484000000000000000e+03 5.605271082982909138e+04
1.485000000000000000e+03 5.609843934390803770e+04
1.486000000000000000e+03 5.612747990284903790e+04
1.487000000000000000e+03 5.619817619124262274e+04
1.488000000000000000e+03 5.621242250863581285e+04
1.489000000000000000e+03 5.622090257285499683e+04
1.490000000000000000e+03 5.624568488752783014e+04
1.491000000000000000e+03 5.618656664454718702e+04
1.492000000000000000e+03 5.620912541897596384e+04
1.493000000000000000e+03 5.628760767651579226e+04
1.494000000000000000e+03 5.633201350514462683e+04
1.495000000000000000e+03 5.636246371490675665e+04
1.496000000000000000e+03 5.637843203403487132e+04
1.497000000000000000e+03 5.627146843909589370e+04
1.498000000000000000e+03 5.625464931955141219e+04
1.499000000000000000e+03 5.629589054862915509e+04
1.500000000000000000e+03 5.631843561237485119e+04
1.501000000000000000e+03 5.631109565090836986e+04
1.502000000000000000e+03 5.622211204775796796e+04
1.503000000000000000e+03 5.631920663645440800e+04
1.504000000000000000e+03 5.639344057505932142e+04
1.505000000000000000e+03 5.657984149386190256e+04
1.506000000000000000e+03 5.665916872111451084e+04
1.507000000000000000e+03 5.660078973763067916e+04
1.508000000000000000e+03 5.658619872477117315e+04
1.509000000000000000e+03 5.660247900146237953e+04
1.510000000000000000e+03 5.655080488316190895e+04
1.511000000000000000e+03 5.648835008120187558e+04
1.512000000000000000e+03 5.653728952570825641e+04
1.513000000000000000e+03 5.658624612752195389e+04
1.514000000000000000e+03 5.664664583697332273e+04
1.515000000000000000e+03 5.664174084443029278e+04
1.516000000000000000e+03 5.665032084009968094e+04
1.517000000000000000e+03 5.664396016634401167e+04
1.518000000000000000e+03 5.673482035565025581e+04
1.519000000000000000e+03 5.675050038167169987e+04
1.520000000000000000e+03 5.672963621409195912e+04
1.521000000000000000e+03 5.683734653755379259e+04
1.522000000000000000e+03 5.689324213724304718e+04
1.523000000000000000e+03 5.686672868646115967e+04
1.524000000000000000e+03 5.690629508407651883e+04
1.525000000000000000e+03 5.692485818659517827e+04
1.526000000000000000e+03 5.704647545940354030e+04
1.527000000000000000e+03 5.702853864442063059e+04
1.528000000000000000e+03 5.701846702117725363e+04
1.529000000000000000e+03 5.708242420419278642e+04
1.530000000000000000e+03 5.709321081051085639e+04
1.531000000000000000e+03 5.719768277924283757e+04
1.532000000000000000e+03 5.726802047271405900e+04
1.533000000000000000e+03 5.724092970169796172e+04
1.534000000000000000e+03 5.724423015409606160e+04
1.535000000000000000e+03 5.726077290720638121e+04
1.536000000000000000e+03 5.728294054226624576e+04
1.537000000000000000e+03 5.737585189361410448e+04
1.538000000000000000e+03 5.736421897741960129e+04
1.539000000000000000e+03 5.739543912520978483e+04
1.540000000000000000e+03 5.750644314142259827e+04
1.541000000000000000e+03 5.759890874069042911e+04
1.542000000000000000e+03 5.764158151833858574e+04
1.543000000000000000e+03 5.768779672867246700e+04
1.544000000000000000e+03 5.776255188454936433e+04
1.545000000000000000e+03 5.774908038552365178e+04
1.546000000000000000e+03 5.782643550561611482e+04
1.547000000000000000e+03 5.790297568780015717e+04
1.548000000000000000e+03 5.797182259457524196e+04
1.549000000000000000e+03 5.800747925519677665e+04
1.550000000000000000e+03 5.804925831561935775e+04
1.551000000000000000e+03 5.816444873799643392e+04
1.552000000000000000e+03 5.829780865602503036e+04
1.553000000000000000e+03 5.846885497593197215e+04
1.554000000000000000e+03 5.849239245713752462e+04
1.555000000000000000e+03 5.840987793020515528e+04
1.556000000000000000e+03 5.842383400910756609e+04
1.557000000000000000e+03 5.846118900033409591e+04
1.558000000000000000e+03 5.843531941227522475e+04
1.559000000000000000e+03 5.846615565862512449e+04
1.560000000000000000e+03 5.845885883118863421e+04
1.561000000000000000e+03 5.857085622348938341e+04
1.562000000000000000e+03 5.854108577709178644e+04
1.563000000000000000e+03 5.856693597360770218e+04
1.564000000000000000e+03 5.858118709225266502e+04
1.565000000000000000e+03 5.862403061243161210e+04
1.566000000000000000e+03 5.866504918144784460e+04
1.567000000000000000e+03 5.870233226876368281e+04
1.568000000000000000e+03 5.868965502499369904e+04
1.569000000000000000e+03 5.884669749740382395e+04
1.570000000000000000e+03 5.885478293921543809e+04
1.571000000000000000e+03 5.898934565993975411e+04
1.572000000000000000e+03 5.910583181669325131e+04
1.573000000000000000e+03 5.916856925905949902e+04
1.574000000000000000e+03 5.913159715610010608e+04
1.575000000000000000e+03 5.918581661915812583e+04
1.576000000000000000e+03 5.928800525675535027e+04
1.577000000000000000e+03 5.938140761229394411e+04
1.578000000000000000e+03 5.944404817853972054e+04
1.579000000000000000e+03 5.945869288794408203e+04
1.580000000000000000e+03 5.947898081342103978e+04
1.581000000000000000e+03 5.948600931995752035e+04
1.582000000000000000e+03 5.967585144760729600e+04
1.583000000000000000e+03 5.981969087122099154e+04
1.584000000000000000e+03 5.982752826710190857e+04
1.585000000000000000e+03 5.981529847881269234e+04
1.586000000000000000e+03 5.981239938438234822e+04
1.587000000000000000e+03 5.991416500412665482e+04
1.588000000000000000e+03 5.994719441867821297e+04
1.589000000000000000e+03 5.988752399869945657e+04
1.590000000000000000e+03 5.999792542119044811e+04
1.591000000000000000e+03 6.002196717514016200e+04
1.592000000000000000e+03 6.006117550464097440e+04
1.593000000000000000e+03 6.016234400918889150e+04
1.594000000000000000e+03 6.022402361089725309e+04
1.595000000000000000e+03 6.022974504064566281e+04
1.596000000000000000e+03 6.029765145600351389e+04
1.597000000000000000e+03 6.031066156234071968e+04
1.598000000000000000e+03 6.021958039052725508e+04
1.599000000000000000e+03 6.020645781195106974e+04
1.600000000000000000e+03 6.025437604663621460e+04
1.601000000000000000e+03 6.021293202128842677e+04
1.602000000000000000e+03 6.034068994309246045e+04
1.603000000000000000e+03 6.035275836845910089e+04
1.604000000000000000e+03 6.037088247836905066e+04
1.605000000000000000e+03 6.043213757051934954e+04
1.606000000000000000e+03 6.055041143719840329e+04
1.607000000000000000e+03 6.067038455883383722e+04
1.608000000000000000e+03 6.064490930095966178e+04
1.609000000000000000e+03 6.073759980184531742e+04
1.610000000000000000e+03 6.084677977947601903e+04
1.611000000000000000e+03 6.089401305350052280e+04
1.612000000000000000e+03 6.103745350822083856e+04
1.613000000000000000e+03 6.106522900049889722e+04
1.614000000000000000e+03 6.102197692940165143e+04
1.615000000000000000e+03 6.108148766364545736e+04
1.616000000000000000e+03 6.112350299483734125e+04
1.617000000000000000e+03 6.117442459749450791e+04
1.618000000000000000e+03 6.116374667913650046e+04
1.619000000000000000e+03 6.128830264541968791e+04
1.620000000000000000e+03 6.130296549707420490e+04
1.621000000000000000e+03 6.145804836149164476e+04
1.622000000000000000e+03 6.140002777281242743e+04
1.623000000000000000e+03 6.140589674536701204e+04
1.624000000000000000e+03 6.141748652158472396e+04
1.625000000000000000e+03 6.138675967856364878e+04
1.626000000000000000e+03 6.142788878918284172e+04
1.627000000000000000e+03 6.148748134536856378e+04
1.628000000000000000e+03 6.151260688568753540e+04
1.629000000000000000e+03 6.146972549137669557e+04
1.630000000000000000e+03 6.155259408015962981e+04
1.631000000000000000e+03 6.163324912489204144e+04
1.632000000000000000e+03 6.162983759440275753e+04
1.633000000000000000e+03 6.171330861340970296e+04
1.634000000000000000e+03 6.180202739397536061e+04
1.635000000000000000e+03 6.188927073337835463e+04
1.636000000000000000e+03 6.190912735849856108e+04
1.637000000000000000e+03 6.202079469965488533e+04
1.638000000000000000e+03 6.192995916651345760e+04
1.639000000000000000e+03 6.196764884238712693e+04
1.640000000000000000e+03 6.197723982342049567e+04
1.641000000000000000e+03 6.195261542374582496e+04
1.642000000000000000e+03 6.202766021427931264e+04
1.643000000000000000e+03 6.199846146619957290e+04
1.644000000000000000e+03 6.196850623731601809e+04
1.645000000000000000e+03 6.191593838072841754e+04
1.646000000000000000e+03 6.186889966172504501e+04
1.647000000000000000e+03 6.200011194890164188e+04
1.648000000000000000e+03 6.206585417878376757e+04
1.649000000000000000e+03 6.203166924250786542e+04
1.650000000000000000e+03 6.200625746447949496e+04
1.651000000000000000e+03 6.209372965273055161e+04
1.652000000000000000e+03 6.210756725657961942e+04
1.653000000000000000e+03 6.223692525505189406e+04
1.654000000000000000e+03 6.214763259123876924e+04
1.655000000000000000e+03 6.215274104584663291e+04
1.656000000000000000e+03 6.228219746327421308e+04
1.657000000000000000e+03 6.228493256353379547e+04
1.658000000000000000e+03 6.223193839671326714e+04
1.659000000000000000e+03 6.226758399243347230e+04
1.660000000000000000e+03 6.222014264451065537e+04
1.661000000000000000e+03 6.216001356084803410e+04
1.662000000000000000e+03 6.212876726505531406e+04
1.663000000000000000e+03 6.216750784280396329e+04
1.664000000000000000e+03 6.226770036862347479e+04
1.665000000000000000e+03 6.235880267477180314e+04
1.666000000000000000e+03 6.239061548457413301e+04
1.667000000000000000e+03 6.241424773227926926e+04
1.668000000000000000e+03 6.242400918610343069e+04
1.669000000000000000e+03 6.247208920046540152e+04
1.670000000000000000e+03 6.243304466962876177e+04
1.671000000000000000e+03 6.242212477305884386e+04
1.672000000000000000e+03 6.238675013521668734e+04
1.673000000000000000e+03 6.239325855743711872e+04
1.674000000000000000e+03 6.241292651428872341e+04
1.675000000000000000e+03 6.253876965087919962e+04
1.676000000000000000e+03 6.256707765341797494e+04
1.677000000000000000e+03 6.252771743990354298e+04
1.678000000000000000e+03 6.261823437048947380e+04
1.679000000000000000e+03 6.265272621345196967e+04
1.680000000000000000e+03 6.272354939379946882e+04
1.681000000000000000e+03 6.274064185051911045e+04
1.682000000000000000e+03 6.276450938887558732e+04
1.683000000000000000e+03 6.293042031881600269e+04
1.684000000000000000e+03 6.308473859436072962e+04
1.685000000000000000e+03 6.320819097728399356e+04
1.686000000000000000e+03 6.322629423434025375e+04
1.687000000000000000e+03 6.321300421327946242e+04
1.688000000000000000e+03 6.332117502634436096e+04
1.689000000000000000e+03 6.341576218465853890e+04
1.690000000000000000e+03 6.337297637755733012e+04
1.691000000000000000e+03 6.335962377873394871e+04
1.692000000000000000e+03 6.342035940928755736e+04
1.693000000000000000e+03 6.348762904619889741e+04
1.694000000000000000e+03 6.357916645594261354e+04
1.695000000000000000e+03 6.352645242561347550e+04
1.696000000000000000e+03 6.364108886310703383e+04
1.697000000000000000e+03 6.378454308048812527e+04
1.698000000000000000e+03 6.378123825569076871e+04
1.699000000000000000e+03 6.384280425111877412e+04
1.700000000000000000e+03 6.389190978347323835e+04
1.701000000000000000e+03 6.399418786062883009e+04
1.702000000000000000e+03 6.398267512155695294e+04
1.703000000000000000e+03 6.399432952657594433e+04
1.704000000000000000e+03 6.409594760039275570e+04
1.705000000000000000e+03 6.415434714935037482e+04
1.706000000000000000e+03 6.418128166527219582e+04
1.707000000000000000e+03 6.417089004403175204e+04
1.708000000000000000e+03 6.416107272738777101e+04
1.709000000000000000e+03 6.420691364370469091e+04
1.710000000000000000e+03 6.430921458338369121e+04
1.711000000000000000e+03 6.433888405343322665e+04
1.712000000000000000e+03 6.441505686171066191e+04
1.713000000000000000e+03 6.440996073857757438e+04
1.714000000000000000e+03 6.447000322841726302e+04
1.715000000000000000e+03 6.448927467042320495e+04
1.716000000000000000e+03 6.451455922961598844e+04
1.717000000000000000e+03 6.447469809040114342e+04
1.718000000000000000e+03 6.450998238127727382e+04
1.719000000000000000e+03 6.442377815409015602e+04
1.720000000000000000e+03 6.451389269908805727e+04
1.721000000000000000e+03 6.454834020433844125e+04
1.722000000000000000e+03 6.461583618165630469e+04
1.723000000000000000e+03 6.468312003807518340e+04
1.724000000000000000e+03 6.466513112265778909e+04
1.725000000000000000e+03 6.466055847574133077e+04
1.726000000000000000e+03 6.461164027124975109e+04
1.727000000000000000e+03 6.455381582198857359e+04
1.728000000000000000e+03 6.454331165577414504e+04
1.729000000000000000e+03 6.460181050334710017e+04
1.730000000000000000e+03 6.464718849646782473e+04
1.731000000000000000e+03 6.475943440689206909e+04
1.732000000000000000e+03 6.477653561946095579e+04
1.733000000000000000e+03 6.473822898003456794e+04
1.734000000000000000e+03 6.480828774747454008e+04
1.735000000000000000e+03 6.483405182987535954e+04
1.736000000000000000e+03 6.485327815811881010e+04
1.737000000000000000e+03 6.486460849328380573e+04
1.738000000000000000e+03 6.492274177304658951e+04
1.739000000000000000e+03 6.493283927417446102e+04
1.740000000000000000e+03 6.490347860713544651e+04
1.741000000000000000e+03 6.489546926537606487e+04
1.742000000000000000e+03 6.502594068523062015e+04
1.743000000000000000e+03 6.514280611982291157e+04
1.744000000000000000e+03 6.519134469087867183e+04
1.745000000000000000e+03 6.520473873228543380e+04
1.746000000000000000e+03 6.528229518569879292e+04
1.747000000000000000e+03 6.538276304247045482e+04
1.748000000000000000e+03 6.544939477252105280e+04
1.749000000000000000e+03 6.559826534250793338e+04
1.750000000000000000e+03 6.559669809758447809e+04
1.751000000000000000e+03 6.555626125606088317e+04
1.752000000000000000e+03 6.562150463987360126e+04
1.753000000000000000e+03 6.560126149197806080e+04
1.754000000000000000e+03 6.575419966859738634e+04
1.755000000000000000e+03 6.590270595591703022e+04
1.756000000000000000e+03 6.594692976458375051e+04
1.757000000000000000e+03 6.604859763282669883e+04
1.758000000000000000e+03 6.612743716484827746e+04
1.759000000000000000e+03 6.610511043505639827e+04
1.760000000000000000e+03 6.612097654370283999e+04
1.761000000000000000e+03 6.611536658878254821e+04
1.762000000000000000e+03 6.608948909467221529e+04
1.763000000000000000e+03 6.605085397829717840e+04
1.764000000000000000e+03 6.607898602832073811e+04
1.765000000000000000e+03 6.605720219350037223e+04
1.766000000000000000e+03 6.602620688290304679e+04
1.767000000000000000e+03 6.600821991735468328e+04
1.768000000000000000e+03 6.607820541527266323e+04
1.769000000000000000e+03 6.616680092710754252e+04
1.770000000000000000e+03 6.626530952037256793e+04
1.771000000000000000e+03 6.625800494128442369e+04
1.772000000000000000e+03 6.638661191399177187e+04
1.773000000000000000e+03 6.653973164145600458e+04
1.774000000000000000e+03 6.658686834440319217e+04
1.775000000000000000e+03 6.663137300328926358e+04
1.776000000000000000e+03 6.674300408879078168e+04
1.777000000000000000e+03 6.675338736331090331e+04
1.778000000000000000e+03 6.688203600569459377e+04
1.779000000000000000e+03 6.697160428074443189e+04
1.780000000000000000e+03 6.702790097284028889e+04
1.781000000000000000e+03 6.705729775787932158e+04
1.782000000000000000e+03 6.710869108795771899e+04
1.783000000000000000e+03 6.729774320082242775e+04
1.784000000000000000e+03 6.733163145194572280e+04
1.785000000000000000e+03 6.738342460398968251e+04
1.786000000000000000e+03 6.742083091070542287e+04
1.787000000000000000e+03 6.761539185203697707e+04
1.788000000000000000e+03 6.765485593015176710e+04
1.789000000000000000e+03 6.776669422927155392e+04
1.790000000000000000e+03 6.790577096686257573e+04
1.791000000000000000e+03 6.799221950403777009e+04
1.792000000000000000e+03 6.812172707303854986e+04
1.793000000000000000e+03 6.816611675092177757e+04
1.794000000000000000e+03 6.818327179154142505e+04
1.795000000000000000e+03 6.812416905571734242e+04
1.796000000000000000e+03 6.813670383401501749e+04
1.797000000000000000e+03 6.820762000487836485e+04
1.798000000000000000e+03 6.830670754139663768e+04
1.799000000000000000e+03 6.839500256148030167e+04
1.800000000000000000e+03 6.849385423813536181e+04
1.801000000000000000e+03 6.854067801842375775e+04
1.802000000000000000e+03 6.849654821245178755e+04
1.803000000000000000e+03 6.851998929102218244e+04
1.804000000000000000e+03 6.858404338915980770e+04
1.805000000000000000e+03 6.865522729879003600e+04
1.806000000000000000e+03 6.865403614492619818e+04
1.807000000000000000e+03 6.866384562857811397e+04
1.808000000000000000e+03 6.867482143977774831e+04
1.809000000000000000e+03 6.863567314483468363e+04
1.810000000000000000e+03 6.858330610715903458e+04
1.811000000000000000e+03 6.854747945581437671e+04
1.812000000000000000e+03 6.865864656425883004e+04
1.813000000000000000e+03 6.866557721350305656e+04
1.814000000000000000e+03 6.873713053937307268e+04
1.815000000000000000e+03 6.884208289043979312e+04
1.816000000000000000e+03 6.892625870758805831e+04
1.817000000000000000e+03 6.905589609755123092e+04
1.818000000000000000e+03 6.911460396929612034e+04
1.819000000000000000e+03 6.911707991174924246e+04
1.820000000000000000e+03 6.915295530936482828e+04
1.821000000000000000e+03 6.934153384810562420e+04
1.822000000000000000e+03 6.943308129951405863e+04
1.823000000000000000e+03 6.942131231694240705e+04
1.824000000000000000e+03 6.937798022306966595e+04
1.825000000000000000e+03 6.954762308813797426e+04
1.826000000000000000e+03 6.962030997331466642e+04
1.827000000000000000e+03 6.960736890017543919e+04
1.828000000000000000e+03 6.967566394968172244e+04
1.829000000000000000e+03 6.974612521405910957e+04
1.830000000000000000e+03 6.983954685370593506e+04
1.831000000000000000e+03 6.984079751787096029e+04
1.832000000000000000e+03 6.990208141815202544e+04
1.833000000000000000e+03 6.991396009469694400e+04
1.834000000000000000e+03 7.001145147292804904e+04
1.835000000000000000e+03 7.006815241981361760e+04
1.836000000000000000e+03 7.010598453264549607e+04
1.837000000000000000e+03 7.010149553177460621e+04
1.838000000000000000e+03 7.007128556909126928e+04
1.839000000000000000e+03 7.007557796338458138e+04
1.840000000000000000e+03 7.009163789500016719e+04
1.841000000000000000e+03 7.007655140871579351e+04
1.842000000000000000e+03 7.014007131400438084e+04
1.843000000000000000e+03 7.021342497483242187e+04
1.844000000000000000e+03 7.010980630290885165e+04
1.845000000000000000e+03 7.004584422276378609e+04
1.846000000000000000e+03 6.993523387547167658e+04
1.847000000000000000e+03 6.985140138017611753e+04
1.848000000000000000e+03 6.991356114655794227e+04
1.849000000000000000e+03 6.989948922241608670e+04
1.850000000000000000e+03 6.993357615822643857e+04
1.851000000000000000e+03 6.993682530545427289e+04
1.852000000000000000e+03 6.998878226831596112e+04
1.853000000000000000e+03 7.008975964752076834e+04
1.854000000000000000e+03 7.020960074089191039e+04
1.855000000000000000e+03 7.033034085043828236e+04
1.856000000000000000e+03 7.036543408134861966e+04
1.857000000000000000e+03 7.039799687672314758e+04
1.858000000000000000e+03 7.046239405538089341e+04
1.859000000000000000e+03 7.046794037422936526e+04
1.860000000000000000e+03 7.054423757930444845e+04
1.861000000000000000e+03 7.061084006557625253e+04
1.862000000000000000e+03 7.061133948079936090e+04
1.863000000000000000e+03 7.042341972026052827e+04
1.864000000000000000e+03 7.052247538675300893e+04
1.865000000000000000e+03 7.056546311331365723e+04
1.866000000000000000e+03 7.068590695714986941e+04
1.867000000000000000e+03 7.086584733828096068e+04
1.868000000000000000e+03 7.092421926134024397e+04
1.869000000000000000e+03 7.093911257494879828e+04
1.870000000000000000e+03 7.097724635195049632e+04
1.871000000000000000e+03 7.098722573210590053e+04
1.872000000000000000e+03 7.105158276580035454e+04
1.873000000000000000e+03 7.101884817270927306e+04
1.874000000000000000e+03 7.101221477141765354e+04
1.875000000000000000e+03 7.101581997711880831e+04
1.876000000000000000e+03 7.104724941312684678e+04
1.877000000000000000e+03 7.111353493245808932e+04
1.878000000000000000e+03 7.111378109105727344e+04
1.879000000000000000e+03 7.110677519808596116e+04
1.880000000000000000e+03 7.112514732917030051e+04
1.881000000000000000e+03 7.111930507651406515e+04
1.882000000000000000e+03 7.113201726140866231e+04
1.883000000000000000e+03 7.112735426345623273e+04
1.884000000000000000e+03 7.105132106692975503e+04
1.885000000000000000e+03 7.096644493018412322e+04
1.886000000000000000e+03 7.087419950158907159e+04
1.887000000000000000e+03 7.091517849368527823e+04
1.888000000000000000e+03 7.097730065405899950e+04
1.889000000000000000e+03 7.109250601182256651e+04
1.890000000000000000e+03 7.116370554262629594e+04
1.891000000000000000e+03 7.112468924044164305e+04
1.892000000000000000e+03 7.110203705130792514e+04
1.893000000000000000e+03 7.117006002309515316e+04
1.894000000000000000e+03 7.130643514302920084e+04
1.895000000000000000e+03 7.142353371348675864e+04
1.896000000000000000e+03 7.139788659807741351e+04
1.897000000000000000e+03 7.144853962778173445e+04
1.898000000000000000e+03 7.139495049585794914e+04
1.899000000000000000e+03 7.151735364240486524e+04
1.900000000000000000e+03 7.164273018177627819e+04
1.901000000000000000e+03 7.164928064124622324e+04
1.902000000000000000e+03 7.164339592261104553e+04
1.903000000000000000e+03 7.160546630295409705e+04
1.904000000000000000e+03 7.165393904777312127e+04
1.905000000000000000e+03 7.178334800458619429e+04
1.906000000000000000e+03 7.185880878758082690e+04
1.907000000000000000e+03 7.200396424931082583e+04
1.908000000000000000e+03 7.204647186244853947e+04
1.909000000000000000e+03 7.206509071859526739e+04
1.910000000000000000e+03 7.205125703984964639e+04
1.911000000000000000e+03 7.201070476102644170e+04
1.912000000000000000e+03 7.213458102597626566e+04
1.913000000000000000e+03 7.225447413490158215e+04
1.914000000000000000e+03 7.237593189244503446e+04
1.915000000000000000e+03 7.235468889765969652e+04
1.916000000000000000e+03 7.237439340266397630e+04
1.917000000000000000e+03 7.253789385737267730e+04
1.918000000000000000e+03 7.249207653718996153e+04
1.919000000000000000e+03 7.261176160474523203e+04
1.920000000000000000e+03 7.262913419980721665e+04
1.921000000000000000e+03 7.261196690572808438e+04
1.922000000000000000e+03 7.277369134894692979e+04
1.923000000000000000e+03 7.280495635109033901e+04
1.924000000000000000e+03 7.281572580737620592e+04
1.925000000000000000e+03 7.283533168328124157e+04
1.926000000000000000e+03 7.280113517662663071e+04
1.927000000000000000e+03 7.282317037487747439e+04
1.928000000000000000e+03 7.273382661272902624e+04
1.929000000000000000e+03 7.270417376420460641e+04
1.930000000000000000e+03 7.286504811943299137e+04
1.931000000000000000e+03 7.289401325123480638e+04
1.932000000000000000e+03 7.279282435419019021e+04
1.933000000000000000e+03 7.277620985978007957e+04
1.934000000000000000e+03 7.276739631301767076e+04
1.935000000000000000e+03 7.279438500231303624e+04
1.936000000000000000e+03 7.271626918718898378e+04
1.937000000000000000e+03 7.284454523083944514e+04
1.938000000000000000e+03 7.284614878869985114e+04
1.939000000000000000e+03 7.289856035243226506e+04
1.940000000000000000e+03 7.290521894842978509e+04
1.941000000000000000e+03 7.301628486722026719e+04
1.942000000000000000e+03 7.302367914444330381e+04
1.943000000000000000e+03 7.300841543869968154e+04
1.944000000000000000e+03 7.303780578189957305e+04
1.945000000000000000e+03 7.298639224348519929e+04
1.946000000000000000e+03 7.287873673529975349e+04
1.947000000000000000e+03 7.288633857704196998e+04
1.948000000000000000e+03 7.289254489843780175e+04
1.949000000000000000e+03 7.290384203849718324e+04
1.950000000000000000e+03 7.301838196267525200e+04
1.951000000000000000e+03 7.307978748097880452e+04
1.952000000000000000e+03 7.305194992940466909e+04
1.953000000000000000e+03 7.315204335230930883e+04
1.954000000000000000e+03 7.324315945911211020e+04
1.955000000000000000e+03 7.321057053114019800e+04
1.956000000000000000e+03 7.328118503823943320e+04
1.957000000000000000e+03 7.326076115040751756e+04
1.958000000000000000e+03 7.331417872725932102e+04
1.959000000000000000e+03 7.337608781911150436e+04
1.960000000000000000e+03 7.342976864107593428e+04
1.961000000000000000e+03 7.343117099675527425e+04
1.962000000000000000e+03 7.348620936962320411e+04
1.963000000000000000e+03 7.351110145701342844e+04
1.964000000000000000e+03 7.353410875561329885e+04
1.965000000000000000e+03 7.355295666823927604e+04
1.966000000000000000e+03 7.352555525294010295e+04
1.967000000000000000e+03 7.342617299886111869e+04
1.968000000000000000e+03 7.355508462726742437e+04
1.969000000000000000e+03 7.362254383471868641e+04
1.970000000000000000e+03 7.369542461233251379e+04
1.971000000000000000e+03 7.378922812359643285e+04
1.972000000000000000e+03 7.379175114582302922e+04
1.973000000000000000e+03 7.372293348909736960e+04
1.974000000000000000e+03 7.373694884205816197e+04
1.975000000000000000e+03 7.380741135696126730e+04
1.976000000000000000e+03 7.400564022411323094e+04
1.977000000000000000e+03 7.401458804590946238e+04
1.978000000000000000e+03 7.405849254801760253e+04
1.979000000000000000e+03 7.405194489737608819e+04
1.980000000000000000e+03 7.412646340055747714e+04
1.981000000000000000e+03 7.418037586273516354e+04
1.982000000000000000e+03 7.422852990927340579e+04
1.983000000000000000e+03 7.416260950725765724e+04
1.984000000000000000e+03 7.413851384287062683e+04
1.985000000000000000e+03 7.428621722684928682e+04
1.986000000000000000e+03 7.447137140272423858e+04
1.987000000000000000e+03 7.452609002646301815e+04
1.988000000000000000e+03 7.468909480261418503e+04
1.989000000000000000e+03 7.484829543868359178e+04
1.990000000000000000e+03 7.491329978793338523e+04
1.991000000000000000e+03 7.495747199816738430e+04
1.992000000000000000e+03 7.492807015082865837e+04
1.993000000000000000e+03 7.503948322835972067e+04
1.994000000000000000e+03 7.512141091751419299e+04
1.995000000000000000e+03 7.503446151453851780e+04
1.996000000000000000e+03 7.503679922086326405e+04
1.997000000000000000e+03 7.517466627058373706e+04
1.998000000000000000e+03 7.522359576148586348e+04
1.999000000000000000e+03 7.523324926319498627e+04
2.000000000000000000e+03 7.531351025479886448e+04
2.001000000000000000e+03 7.542602197130721470e+04
2.002000000000000000e+03 7.549737758586475684e+04
2.003000000000000000e+03 7.549658633030029887e+04
2.004000000000000000e+03 7.540508300473913550e+04
2.005000000000000000e+03 7.546073204683855874e+04
2.006000000000000000e+03 7.544403823764079425e+04
2.007000000000000000e+03 7.551359685567706765e+04
2.008000000000000000e+03 7.564986361883544305e+04
2.009000000000000000e+03 7.576035876578082389e+04
2.010000000000000000e+03 7.578662935372299398e+04
2.011000000000000000e+03 7.584912130082426302e+04
2.012000000000000000e+03 7.579328472547893762e+04
2.013000000000000000e+03 7.582583988269555266e+04
2.014000000000000000e+03 7.589088167389141745e+04
2.015000000000000000e+03 7.596246803656038537e+04
2.016000000000000000e+03 7.605228324656130280e+04
2.017000000000000000e+03 7.617636711248681240e+04
2.018000000000000000e+03 7.629940080772974761e+04
2.019000000000000000e+03 7.646161276451157755e+04
2.020000000000000000e+03 7.644419894449294952e+04
2.021000000000000000e+03 7.643504533809371060e+04
2.022000000000000000e+03 7.644931755493400851e+04
2.023000000000000000e+03 7.649205013500270434e+04
2.024000000000000000e+03 7.668237667791443528e+04
2.025000000000000000e+03 7.670121215164395107e+04
2.026000000000000000e+03 7.672262735159030126e+04
2.027000000000000000e+03 7.671973591472087719e+04
2.028000000000000000e+03 7.671740115671724197e+04
2.029000000000000000e+03 7.677080842831014888e+04
2.030000000000000000e+03 7.676401218530950428e+04
2.031000000000000000e+03 7.662785968669599970e+04
2.032000000000000000e+03 7.654504085239344568e+04
2.033000000000000000e+03 7.656565904391533695e+04
2.034000000000000000e+03 7.668007909018031205e+04
2.035000000000000000e+03 7.690201861858145276e+04
2.036000000000000000e+03 7.698821775912400335e+04
2.037000000000000000e+03 7.712337792581721442e+04
2.038000000000000000e+03 7.711906610215589171e+04
2.039000000000000000e+03 7.723459595653455472e+04
2.040000000000000000e+03 7.728671400385582820e+04
2.041000000000000000e+03 7.732368847795693728e+04
2.042000000000000000e+03 7.729358559318755579e+04
2.043000000000000000e+03 7.729632570673215378e+04
2.044000000000000000e+03 7.738045387114102778e+04
2.045000000000000000e+03 7.735634570597550191e+04
2.046000000000000000e+03 7.741123016962913971e+04
2.047000000000000000e+03 7.749630548944848124e+04
2.048000000000000000e+03 7.749944070993694186e+04
2.049000000000000000e+03 7.764415763082863123e+04
2.050000000000000000e+03 7.763462991017877357e+04
2.051000000000000000e+03 7.766614597226944170e+04
2.052000000000000000e+03 7.781314751738352061e+04
2.053000000000000000e+03 7.786727267394345836e+04
2.054000000000000000e+03 7.788101288894243771e+04
2.055000000000000000e+03 7.798579946146320435e+04
2.056000000000000000e+03 7.792840429807832697e+04
2.057000000000000000e+03 7.802900045772900921e+04
2.058000000000000000e+03 7.787802937899615790e+04
2.059000000000000000e+03 7.779279158624044794e+04
2.060000000000000000e+03 7.781842857981685665e+04
2.061000000000000000e+03 7.781899316562904278e+04
2.062000000000000000e+03 7.789546896413774812e+04
2.063000000000000000e+03 7.815679112852446269e+04
2.064000000000000000e+03 7.819673266861822049e+04
2.065000000000000000e+03 7.827609592152596451e+04
2.066000000000000000e+03 7.833508052042301279e+04
2.067000000000000000e+03 7.831343800869610277e+04
2.068000000000000000e+03 7.821598418978543486e+04
2.069000000000000000e+03 7.823095613825935288e+04
2.070000000000000000e+03 7.829693644350802060e+04
2.071000000000000000e+03 7.850257700374269916e+04
2.072000000000000000e+03 7.856135739302585716e+04
2.073000000000000000e+03 7.851524320201255614e+04
2.074000000000000000e+03 7.856422343910872587e+04
2.075000000000000000e+03 7.871195197383209597e+04
2.076000000000000000e+03 7.871381720071373275e+04
2.077000000000000000e+03 7.878822571690715267e+04
2.078000000000000000e+03 7.890414765056104807e+04
2.079000000000000000e+03 7.886830816553185286e+04
2.080000000000000000e+03 7.902431763045724074e+04
2.081000000000000000e+03 7.921259979048228706e+04
2.082000000000000000e+03 7.933106275691458723e+04
2.083000000000000000e+03 7.939845851628221862e+04
2.084000000000000000e+03 7.940039718700229423e+04
2.085000000000000000e+03 7.936499687851115596e+04
2.086000000000000000e+03 7.936882064708872349e+04
2.087000000000000000e+03 7.938713665629563911e+04
2.088000000000000000e+03 7.949799200704859686e+04
2.089000000000000000e+03 7.948075370025676966e+04
2.090000000000000000e+03 7.951633227056232863e+04
2.091000000000000000e+03 7.948304495303622389e+04
2.092000000000000000e+03 7.959086431354122760e+04
2.093000000000000000e+03 7.955206804930142243e+04
2.094000000000000000e+03 7.970816162467203685e+04
2.095000000000000000e+03 7.986627317216632946e+04
2.096000000000000000e+03 7.987328213790307927e+04
2.097000000000000000e+03 7.984575245669861033e+04
2.098000000000000000e+03 7.998079850788658950e+04
2.099000000000000000e+03 8.008762631451927882e+04
2.100000000000000000e+03 8.017645447257730120e+04
2.101000000000000000e+03 8.015393837714048277e+04
2.102000000000000000e+03 8.014237250609717739e+04
2.103000000000000000e+03 8.021483112633692508e+04
2.104000000000000000e+03 8.020773069069156190e+04
2.105000000000000000e+03 8.018118972028362623e+04
2.106000000000000000e+03 8.024523165405385953e+04
2.107000000000000000e+03 8.021790292696654797e+04
2.108000000000000000e+03 8.026014184927378665e+04
2.109000000000000000e+03 8.023624076330773823e+04
2.110000000000000000e+03 8.020391970074338315e+04
2.111000000000000000e+03 8.029531288222142030e+04
2.112000000000000000e+03 8.026176100725521974e+04
2.113000000000000000e+03 8.029748084297806781e+04
2.114000000000000000e+03 8.039426995209109737e+04
2.115000000000000000e+03 8.058470434638511506e+04
2.116000000000000000e+03 8.066395384288721834e+04
2.117000000000000000e+03 8.080152360393869458e+04
2.118000000000000000e+03 8.081366204169271805e+04
2.119000000000000000e+03 8.077736695608963782e+04
2.120000000000000000e+03 8.096443693756150606e+04
2.121000000000000000e+03 8.104190120501867204e+04
2.122000000000000000e+03 8.105855075459825457e+04
2.123000000000000000e+03 8.117786974120060040e+04
2.124000000000000000e+03 8.129400721428445831e+04
2.125000000000000000e+03 8.139316705687255308e+04
2.126000000000000000e+03 8.148377807222981937e+04
2.127000000000000000e+03 8.149679717259792960e+04
2.128000000000000000e+03 8.152923959926463431e+04
2.129000000000000000e+03 8.157603448603111610e+04
2.130000000000000000e+03 8.169720464986228035e+04
2.131000000000000000e+03 8.184217212752612249e+04
2.132000000000000000e+03 8.198361964555612940e+04
2.133000000000000000e+03 8.199738086677815591e+04
2.134000000000000000e+03 8.194076770402978582e+04
2.135000000000000000e+03 8.204690531799710880e+04
2.136000000000000000e+03 8.210955055147428357e+04
2.137000000000000000e+03 8.208159093203810335e+04
2.138000000000000000e+03 8.200824546950045624e+04
2.139000000000000000e+03 8.194853220948331000e+04
2.140000000000000000e+03 8.209699429814075120e+04
2.141000000000000000e+03 8.223205058822651336e+04
2.142000000000000000e+03 8.235424397594484617e+04
2.143000000000000000e+03 8.232890478920243913e+04
2.144000000000000000e+03 8.238673276145236741e+04
2.145000000000000000e+03 8.233869405700689822e+04
2.146000000000000000e+03 8.240479542964496068e+04
2.147000000000000000e+03 8.247993743566828198e+04
2.148000000000000000e+03 8.236468027034112311e+04
2.149000000000000000e+03 8.233814595367928268e+04
2.150000000000000000e+03 8.258490952883304271e+04
2.151000000000000000e+03 8.270329950139300490e+04
2.152000000000000000e+03 8.299177714503524476e+04
2.153000000000000000e+03 8.298701263652769558e+04
2.154000000000000000e+03 8.296298943508703087e+04
2.155000000000000000e+03 8.297251506496079674e+04
2.156000000000000000e+03 8.306184604008673341e+04
2.157000000000000000e+03 8.311897232856541814e+04
2.158000000000000000e+03 8.313195991465044790e+04
2.159000000000000000e+03 8.327173389776046679e+04
2.160000000000000000e+03 8.336584855561422592e+04
2.161000000000000000e+03 8.350440993385293405e+04
2.162000000000000000e+03 8.359312627519473608e+04
2.163000000000000000e+03 8.360792212904978078e+04
2.164000000000000000e+03 8.372176159205153817e+04
2.165000000000000000e+03 8.376190168437921966e+04
2.166000000000000000e+03 8.387362501486176916e+04
2.167000000000000000e+03 8.395378990310925292e+04
2.168000000000000000e+03 8.382074951371109637e+04
2.169000000000000000e+03 8.381611303311261872e+04
2.170000000000000000e+03 8.377373621515078412e+04
2.171000000000000000e+03 8.384896159610238101e+04
2.172000000000000000e+03 8.397804796846875979e+04
2.173000000000000000e+03 8.398202060494510806e+04
2.174000000000000000e+03 8.393837458238436375e+04
2.175000000000000000e+03 8.396999215303009260e+04
2.176000000000000000e+03 8.391066970954004501e+04
2.177000000000000000e+03 8.399649831117151189e+04
2.178000000000000000e+03 8.400893603681414970e+04
2.179000000000000000e+03 8.409044069922360359e+04
2.180000000000000000e+03 8.415922898667454137e+04
2.181000000000000000e+03 8.415744269095636264e+04
2.182000000000000000e+03 8.420902507503054221e+04
2.183000000000000000e+03 8.428023862535804801e+04
2.184000000000000000e+03 8.421529114201752236e+04
2.185000000000000000e+03 8.421944569423048233e+04
2.186000000000000000e+03 8.413321521930761810e+04
2.187000000000000000e+03 8.407936839350406080e+04
2.188000000000000000e+03 8.424990563887756434e+04
2.189000000000000000e+03 8.437554363513278076e+04
2.190000000000000000e+03 8.445279992328863591e+04
2.191000000000000000e+03 8.445678009233347257e+04
2.192000000000000000e+03 8.451397571221183171e+04
2.193000000000000000e+03 8.455616263137373608e+04
2.194000000000000000e+03 8.465608533171140880e+04
2.195000000000000000e+03 8.479760906119132414e+04
2.196000000000000000e+03 8.490404835328608169e+04
2.197000000000000000e+03 8.498367189369314292e+04
2.198000000000000000e+03 8.489294776182425267e+04
2.199000000000000000e+03 8.494788989143638173e+04
2.200000000000000000e+03 8.491347990482005116e+04
2.201000000000000000e+03 8.497730301627538574e+04
2.202000000000000000e+03 8.514790485928874114e+04
2.203000000000000000e+03 8.518835111326070910e+04
2.204000000000000000e+03 8.519448741370551579e+04
2.205000000000000000e+03 8.518843686712445924e+04
2.206000000000000000e+03 8.523955460588229471e+04
2.207000000000000000e+03 8.522931730651292310e+04
2.208000000000000000e+03 8.518700427031565050e+04
2.209000000000000000e+03 8.530533329692698317e+04
2.210000000000000000e+03 8.538579332349718607e+04
2.211000000000000000e+03 8.538069660387295880e+04
2.212000000000000000e+03 8.540699175436786027e+04
2.213000000000000000e+03 8.543851321028188977e+04
2.214000000000000000e+03 8.553541077106863668e+04
2.215000000000000000e+03 8.572621575855593255e+04
2.216000000000000000e+03 8.585434861613994872e+04
2.217000000000000000e+03 8.606852908748021582e+04
2.218000000000000000e+03 8.615291268206902896e+04
2.219000000000000000e+03 8.622137736761664564e+04
2.220000000000000000e+03 8.620776547023383318e+04
2.221000000000000000e+03 8.611904268765177403e+04
2.222000000000000000e+03 8.598584972526085039e+04
2.223000000000000000e+03 8.607287191732197243e+04
2.224000000000000000e+03 8.608044977520330576e+04
2.225000000000000000e+03 8.606862309237572481e+04
2.226000000000000000e+03 8.621883599850762403e+04
2.227000000000000000e+03 8.630048772222333355e+04
2.228000000000000000e+03 8.624939761874158285e+04
2.229000000000000000e+03 8.623782205929642078e+04
2.230000000000000000e+03 8.631761143823621387e+04
2.231000000000000000e+03 8.642615156793317874e+04
2.232000000000000000e+03 8.629454097203098354e+04
2.233000000000000000e+03 8.619573089729876665e+04
2.234000000000000000e+03 8.624923672483144037e+04
2.235000000000000000e+03 8.630822272027704457e+04
2.236000000000000000e+03 8.633707461412255361e+04
2.237000000000000000e+03 8.638756744738126872e+04
2.238000000000000000e+03 8.640644941539004503e+04
2.239000000000000000e+03 8.634383237525304139e+04
2.240000000000000000e+03 8.646598245867264632e+04
2.241000000000000000e+03 8.645342927341208269e+04
2.242000000000000000e+03 8.642515905540031963e+04
2.243000000000000000e+03 8.637376562283170642e+04
2.244000000000000000e+03 8.638883577749342658e+04
2.245000000000000000e+03 8.633195542404026492e+04
2.246000000000000000e+03 8.631939413625035377e+04
2.247000000000000000e+03 8.632840938333027589e+04
2.248000000000000000e+03 8.633983256749053544e+04
2.249000000000000000e+03 8.651118818069463305e+04
2.250000000000000000e+03 8.653375811866763979e+04
2.251000000000000000e+03 8.652358830625859264e+04
2.252000000000000000e+03 8.647675049537609448e+04
2.253000000000000000e+03 8.648993340203443950e+04
2.254000000000000000e+03 8.646321610521707044e+04
2.255000000000000000e+03 8.664982690885729971e+04
2.256000000000000000e+03 8.672998547830505413e+04
2.257000000000000000e+03 8.673856496721399890e+04
2.258000000000000000e+03 8.672651338577760907e+04
2.259000000000000000e+03 8.678020983087399509e+04
2.260000000000000000e+03 8.681284992616892850e+04
2.261000000000000000e+03 8.686738720416078286e+04
2.262000000000000000e+03 8.703232852568765520e+04
2.263000000000000000e+03 8.703575914253381779e+04
2.264000000000000000e+03 8.695396513972153480e+04
2.265000000000000000e+03 8.697806051751127234e+04
2.266000000000000000e+03 8.695896573087037541e+04
2.267000000000000000e+03 8.696831062136043329e+04
2.268000000000000000e+03 8.699725486816163175e+04
2.269000000000000000e+03 8.699748515086669067e+04
2.270000000000000000e+03 8.707934744538078667e+04
2.271000000000000000e+03 8.713575897830858594e+04
2.272000000000000000e+03 8.705968759122872143e+04
2.273000000000000000e+03 8.701156499929107667e+04
2.274000000000000000e+03 8.713060702021981706e+04
2.275000000000000000e+03 8.712452227990681422e+04
2.276000000000000000e+03 8.707137977004454297e+04
2.277000000000000000e+03 8.716597361972482759e+04
2.278000000000000000e+03 8.713742096047608356e+04
2.279000000000000000e+03 8.714050958214538696e+04
2.280000000000000000e+03 8.720595756508088380e+04
2.281000000000000000e+03 8.740148132662721036e+04
2.282000000000000000e+03 8.746656609981963993e+04
2.283000000000000000e+03 8.748346828580544388e+04
2.284000000000000000e+03 8.741124579442774120e+04
2.285000000000000000e+03 8.747739166674412263e+04
2.286000000000000000e+03 8.744173235086062050e+04
2.287000000000000000e+03 8.746687518335496134e+04
2.288000000000000000e+03 8.745394428078105557e+04
2.289000000000000000e+03 8.760132852676216862e+04
2.290000000000000000e+03 8.762120673421300307e+04
2.291000000000000000e+03 8.771919568716781214e+04
2.292000000000000000e+03 8.789865941438342270e+04
2.293000000000000000e+03 8.794918037113957689e+04
2.294000000000000000e+03 8.796252652952670178e+04
2.295000000000000000e+03 8.819026737818412948e+04
2.296000000000000000e+03 8.822560632525915571e+04
2.297000000000000000e+03 8.821499735463820980e+04
2.298000000000000000e+03 8.823853128289271262e+04
2.299000000000000000e+03 8.826824278656928800e+04
2.300000000000000000e+03 8.831749584530566062e+04
2.301000000000000000e+03 8.829287743029123521e+04
2.302000000000000000e+03 8.846870139411615673e+04
2.303000000000000000e+03 8.850822156471144990e+04
2.304000000000000000e+03 8.844705764760846796e+04
2.305000000000000000e+03 8.832286314717454661e+04
2.306000000000000000e+03 8.824804274055772112e+04
2.307000000000000000e+03 8.829881361343582103e+04
2.308000000000000000e+03 8.842643533690110780e+04
2.309000000000000000e+03 8.847569095335017482e+04
2.310000000000000000e+03 8.843759483913463191e+04
2.311000000000000000e+03 8.840018822073088086e+04
2.312000000000000000e+03 8.846649230384663679e+04
2.313000000000000000e+03 8.847891680072454619e+04
2.314000000000000000e+03 8.845268261456157779e+04
2.315000000000000000e+03 8.853891780782990099e+04
2.316000000000000000e+03 8.850887383253508597e+04
2.317000000000000000e+03 8.846459562353260117e+04
2.318000000000000000e+03 8.850857465898201917e+04
2.319000000000000000e+03 8.847605107927822974e+04
2.320000000000000000e+03 8.845721630671681487e+04
2.321000000000000000e+03 8.854460606090142392e+04
2.322000000000000000e+03 8.873684923593573330e+04
2.323000000000000000e+03 8.895849287089132122e+04
2.324000000000000000e+03 8.896310020694750710e+04
2.325000000000000000e+03 8.906674592790960742e+04
2.326000000000000000e+03 8.893129179994987499e+04
2.327000000000000000e+03 8.890279329463542672e+04
2.328000000000000000e+03 8.878667598196626932e+04
2.329000000000000000e+03 8.884069252270468860e+04
2.330000000000000000e+03 8.876644112048704119e+04
2.331000000000000000e+03 8.871777541560078680e+04
2.332000000000000000e+03 8.879202850504826347e+04
2.333000000000000000e+03 8.880123584056674736e+04
2.334000000000000000e+03 8.889189919823626406e+04
2.335000000000000000e+03 8.897672839783679228e+04
2.336000000000000000e+03 8.903576639328207239e+04
2.337000000000000000e+03 8.899675215407746146e+04
2.338000000000000000e+03 8.908526018510517315e+04
2.339000000000000000e+03 8.903522027532743232e+04
2.340000000000000000e+03 8.906859432860679226e+04
2.341000000000000000e+03 8.908615940370313183e+04
2.342000000000000000e+03 8.920156522224492801e+04
2.343000000000000000e+03 8.929914222504589998e+04
2.344000000000000000e+03 8.926018009464879287e+04
2.345000000000000000e+03 8.929832344060554169e+04
2.346000000000000000e+03 8.923092959854555374e+04
2.347000000000000000e+03 8.922915610202420794e+04
2.348000000000000000e+03 8.921745495668274816e+04
2.349000000000000000e+03 8.908554692803224316e+04
2.350000000000000000e+03 8.907447985926564434e+04
2.351000000000000000e+03 8.916112535525772546e+04
2.352000000000000000e+03 8.919834548603843723e+04
2.353000000000000000e+03 8.931204685256331868e+04
2.354000000000000000e+03 8.932808020245911030e+04
2.355000000000000000e+03 8.936289475476420193e+04
2.356000000000000000e+03 8.952251964740945550e+04
2.357000000000000000e+03 8.977807598643485107e+04
2.358000000000000000e+03 8.988115100222549518e+04
2.359000000000000000e+03 8.988122723056525865e+04
2.360000000000000000e+03 8.993243922487688542e+04
2.361000000000000000e+03 8.996271817024452321e+04
2.362000000000000000e+03 8.998591866913154081e+04
2.363000000000000000e+03 8.997234329086252546e+04
2.364000000000000000e+03 8.995561660358210793e+04
2.365000000000000000e+03 8.991786060751257173e+04
2.366000000000000000e+03 9.006828407756285742e+04
2.367000000000000000e+03 9.024783014213910792e+04
2.368000000000000000e+03 9.022447130939333874e+04
2.369000000000000000e+03 9.023753755759824708e+04
2.370000000000000000e+03 9.028928875374121708e+04
2.371000000000000000e+03 9.032780225468028220e+04
2.372000000000000000e+03 9.037165645439695800e+04
2.373000000000000000e+03 9.031077143844934471e+04
2.374000000000000000e+03 9.020622253321971220e+04
2.375000000000000000e+03 9.014944950145535404e+04
2.376000000000000000e+03 9.014375058471008379e+04
2.377000000000000000e+03 9.026425755517061043e+04
2.378000000000000000e+03 9.036293370354433137e+04
2.379000000000000000e+03 9.040231537421484245e+04
2.380000000000000000e+03 9.034774655378848547e+04
2.381000000000000000e+03 9.049921287139326159e+04
2.382000000000000000e+03 9.055042333518709347e+04
2.383000000000000000e+03 9.063447937853139592e+04
2.384000000000000000e+03 9.063806673007151403e+04
2.385000000000000000e+03 9.069640307246150041e+04
2.386000000000000000e+03 9.083941763395772432e+04
2.387000000000000000e+03 9.093905622223875253e+04
2.388000000000000000e+03 9.088460132918421004e+04
2.389000000000000000e+03 9.096354739719686040e+04
2.390000000000000000e+03 9.098688724866004486e+04
2.391000000000000000e+03 9.107956645884072350e+04
2.392000000000000000e+03 9.115830574438812619e+04
2.393000000000000000e+03 9.115773612456441333e+04
2.394000000000000000e+03 9.108999032910654205e+04
2.395000000000000000e+03 9.115173337782788440e+04
2.396000000000000000e+03 9.112811738550923474e+04
2.397000000000000000e+03 9.105711970482942706e+04
2.398000000000000000e+03 9.103311451413721079e+04
2.399000000000000000e+03 9.115317267782356066e+04
2.400000000000000000e+03 9.117885157972984598e+04
2.401000000000000000e+03 9.115533341663269675e+04
2.402000000000000000e+03 9.119606121175612498e+04
2.403000000000000000e+03 9.122764658301009331e+04
2.404000000000000000e+03 9.113963262976758415e+04
2.405000000000000000e+03 9.119573655877172132e+04
2.406000000000000000e+03 9.116490122806308500e+04
2.407000000000000000e+03 9.131799329794649384e+04
2.408000000000000000e+03 9.148242693661681551e+04
2.409000000000000000e+03 9.144567984173131117e+04
2.410000000000000000e+03 9.143676084143036860e+04
2.411000000000000000e+03 9.132466820141609060e+04
2.412000000000000000e+03 9.132874393392595812e+04
2.413000000000000000e+03 9.148233169398631435e+04
2.414000000000000000e+03 9.153447722098464146e+04
2.415000000000000000e+03 9.159640899673016975e+04
2.416000000000000000e+03 9.146340588563898928e+04
2.417000000000000000e+03 9.143103873759681301e+04
2.418000000000000000e+03 9.130574758153418952e+04
2.419000000000000000e+03 9.132565982058769441e+04
2.420000000000000000e+03 9.145179880220496852e+04
2.421000000000000000e+03 9.157892295127772377e+04
2.422000000000000000e+03 9.172479196153310477e+04
2.423000000000000000e+03 9.182490809174292372e+04
2.424000000000000000e+03 9.187978385208893451e+04
2.425000000000000000e+03 9.195955665025941562e+04
2.426000000000000000e+03 9.195847448171765427e+04
2.427000000000000000e+03 9.195148114143616112e+04
2.428000000000000000e+03 9.209033656736918783e+04
2.429000000000000000e+03 9.214428776292056136e+04
2.430000000000000000e+03 9.212188285351866216e+04
2.431000000000000000e+03 9.233519682973658200e+04
2.432000000000000000e+03 9.242732013153121807e+04
2.433000000000000000e+03 9.250698793252059841e+04
2.434000000000000000e+03 9.243954635402746499e+04
2.435000000000000000e+03 9.260983211204374675e+04
2.436000000000000000e+03 9.256967542411694012e+04
2.437000000000000000e+03 9.256413046401766769e+04
2.438000000000000000e+03 9.248738451940105006e+04
2.439000000000000000e+03 9.250243448039202485e+04
2.440000000000000000e+03 9.259961854803674214e+04
2.441000000000000000e+03 9.258473498498294794e+04
2.442000000000000000e+03 9.253634465313180408e+04
2.443000000000000000e+03 9.260778111025154067e+04
2.444000000000000000e+03 9.271402836003346602e+04
2.445000000000000000e+03 9.289483562700619223e+04
2.446000000000000000e+03 9.290204228520714969e+04
2.447000000000000000e+03 9.296165324581210734e+04
2.448000000000000000e+03 9.301091874627704965e+04
2.449000000000000000e+03 9.297028148909362790e+04
2.450000000000000000e+03 9.288892852232411678e+04
2.451000000000000000e+03 9.276285421602813585e+04
2.452000000000000000e+03 9.268810232462483691e+04
2.453000000000000000e+03 9.263910839607207163e+04
2.454000000000000000e+03 9.272918647546514694e+04
2.455000000000000000e+03 9.269400991625947063e+04
2.456000000000000000e+03 9.259683260459480516e+04
2.457000000000000000e+03 9.262936032692817389e+04
2.458000000000000000e+03 9.265190396287696785e+04
2.459000000000000000e+03 9.277920740457061038e+04
2.460000000000000000e+03 9.281005102735121909e+04
2.461000000000000000e+03 9.279643625322182197e+04
2.462000000000000000e+03 9.271509088371419057e+04
2.463000000000000000e+03 9.267664571386299212e+04
2.464000000000000000e+03 9.260854930756511749e+04
2.465000000000000000e+03 9.259993847036555235e+04
2.466000000000000000e+03 9.254443899972748477e+04
2.467000000000000000e+03 9.276171506387885893e+04
2.468000000000000000e+03 9.295195918174547842e+04
2.469000000000000000e+03 9.295678682729121647e+04
2.470000000000000000e+03 9.308281434275729407e+04
2.471000000000000000e+03 9.324296351022928138e+04
2.472000000000000000e+03 9.331815959019552974e+04
2.473000000000000000e+03 9.345280415457388153e+04
2.474000000000000000e+03 9.345718787418951979e+04
2.475000000000000000e+03 9.364223067437129794e+04
2.476000000000000000e+03 9.371879516194183088e+04
2.477000000000000000e+03 9.373396766157614184e+04
2.478000000000000000e+03 9.374967361478823295e+04
2.479000000000000000e+03 9.387014910744069493e+04
2.480000000000000000e+03 9.401978301513491897e+04
2.481000000000000000e+03 9.406216062735913147e+04
2.482000000000000000e+03 9.420395417140827340e+04
2.483000000000000000e+03 9.425575840373265964e+04
2.484000000000000000e+03 9.419486000065240660e+04
2.485000000000000000e+03 9.420576193220491405e+04
2.486000000000000000e+03 9.426022690198601049e+04
2.487000000000000000e+03 9.437998578388929309e+04
2.488000000000000000e+03 9.446184978757821955e+04
2.489000000000000000e+03 9.455467011520027881e+04
2.490000000000000000e+03 9.473093581371400796e+04
2.491000000000000000e+03 9.474810196587185783e+04
2.492000000000000000e+03 9.482923052689690667e+04
2.493000000000000000e+03 9.488850824362479034e+04
2.494000000000000000e+03 9.495243019788427046e+04
2.495000000000000000e+03 9.486258967570633104e+04
2.496000000000000000e+03 9.486750741595734144e+04
2.497000000000000000e+03 9.494003814411476196e+04
2.498000000000000000e+03 9.507914287135170889e+04
2.499000000000000000e+03 9.517006818544173439e+04
2.500000000000000000e+03 9.510829950724366063e+04
2.501000000000000000e+03 9.498927306411678728e+04
2.502000000000000000e+03 9.497798792007140582e+04
2.503000000000000000e+03 9.503534235322866880e+04
2.504000000000000000e+03 9.507580783457669895e+04
2.505000000000000000e+03 9.515025440477258235e+04
2.506000000000000000e+03 9.513817575642961310e+04
2.507000000000000000e+03 9.515877465027080325e+04
2.508000000000000000e+03 9.521744069730154297e+04
2.509000000000000000e+03 9.524172800334449857e+04
2.510000000000000000e+03 9.519389185053246911e+04
2.511000000000000000e+03 9.532683009541645879e+04
2.512000000000000000e+03 9.526658022034616442e+04
2.513000000000000000e+03 9.515693869118679140e+04
2.514000000000000000e+03 9.520783337412182300e+04
2.515000000000000000e+03 9.527663298557573580e+04
2.516000000000000000e+03 9.528211031717863807e+04
2.517000000000000000e+03 9.544926539395735017e+04
2.518000000000000000e+03 9.548037782313038770e+04
2.519000000000000000e+03 9.552768831216036051e+04
2.520000000000000000e+03 9.550907288575737039e+04
2.521000000000000000e+03 9.552557234270486515e+04
2.522000000000000000e+03 9.564610318081018340e+04
2.523000000000000000e+03 9.571221255749178817e+04
2.524000000000000000e+03 9.579565047643221624e+04
2.525000000000000000e+03 9.577769629994058050e+04
2.526000000000000000e+03 9.581060648042429239e+04
2.527000000000000000e+03 9.594159709924683557e+04
2.528000000000000000e+03 9.606529574586606759e+04
2.529000000000000000e+03 9.615579304383680574e+04
2.530000000000000000e+03 9.631301049705583137e+04
2.531000000000000000e+03 9.638515994110432803e+04
2.532000000000000000e+03 9.657958285338174028e+04
2.533000000000000000e+03 9.653428107154452300e+04
2.534000000000000000e+03 9.659510305386490654e+04
2.535000000000000000e+03 9.669449016744806431e+04
2.536000000000000000e+03 9.665073215182739659e+04
2.537000000000000000e+03 9.653116959874247550e+04
2.538000000000000000e+03 9.648338857841955905e+04
2.539000000000000000e+03 9.660388657647816581e+04
2.540000000000000000e+03 9.659752584938499785e+04
2.541000000000000000e+03 9.654406543840248196e+04
2.542000000000000000e+03 9.640503161363204708e+04
2.543000000000000000e+03 9.643791226901744085e+04
2.544000000000000000e+03 9.658069818530554767e+04
2.545000000000000000e+03 9.670995339141313161e+04
2.546000000000000000e+03 9.696428243902913528e+04
2.547000000000000000e+03 9.691767731973867922e+04
2.548000000000000000e+03 9.680535151658781979e+04
2.549000000000000000e+03 9.685017451693903422e+04
2.550000000000000000e+03 9.689503879724357103e+04
2.551000000000000000e+03 9.698581934781822201e+04
2.552000000000000000e+03 9.700414861130461213e+04
2.553000000000000000e+03 9.700101758476679970e+04
2.554000000000000000e+03 9.700013872587292281e+04
2.555000000000000000e+03 9.708871619036103948e+04
2.556000000000000000e+03 9.723844054132660676e+04
2.557000000000000000e+03 9.719880235163496400e+04
2.558000000000000000e+03 9.719726360124060011e+04
2.559000000000000000e+03 9.708211339037415746e+04
2.560000000000000000e+03 9.708511266824162158e+04
2.561000000000000000e+03 9.718397515249066055e+04
2.562000000000000000e+03 9.727674841363793530e+04
2.563000000000000000e+03 9.736758505814291129e+04
2.564000000000000000e+03 9.726714907160552684e+04
2.565000000000000000e+03 9.721702077624930826e+04
2.566000000000000000e+03 9.731783006477882736e+04
2.567000000000000000e+03 9.739917389067365730e+04
2.568000000000000000e+03 9.744248972534583299e+04
2.569000000000000000e+03 9.759372466478339629e+04
2.570000000000000000e+03 9.769143472497546463e+04
2.571000000000000000e+03 9.777936351411193027e+04
2.572000000000000000e+03 9.791646016476383375e+04
2.573000000000000000e+03 9.796585393250369816e+04
2.574000000000000000e+03 9.799118030815025850e+04
2.575000000000000000e+03 9.803609143345423217e+04
2.576000000000000000e+03 9.812597426184531651e+04
2.577000000000000000e+03 9.823367922196655127e+04
2.578000000000000000e+03 9.823968163579584507e+04
2.579000000000000000e+03 9.829446794939081883e+04
2.580000000000000000e+03 9.832482628546112392e+04
2.581000000000000000e+03 9.843345836762357794e+04
2.582000000000000000e+03 9.856540931976379943e+04
2.583000000000000000e+03 9.869296243244627840e+04
2.584000000000000000e+03 9.877272996526279894e+04
2.585000000000000000e+03 9.885637471171814832e+04
2.586000000000000000e+03 9.895461512488883454e+04
2.587000000000000000e+03 9.906447307641310908e+04
2.588000000000000000e+03 9.891701323096966371e+04
2.589000000000000000e+03 9.874550091156639974e+04
2.590000000000000000e+03 9.875712814120062103e+04
2.591000000000000000e+03 9.882268412500273553e+04
2.592000000000000000e+03 9.887347777204052545e+04
2.593000000000000000e+03 9.884973578008210461e+04
2.594000000000000000e+03 9.894051403022804880e+04
2.595000000000000000e+03 9.903277104143123142e+04
2.596000000000000000e+03 9.915993744093921850e+04
2.597000000000000000e+03 9.923316436432604678e+04
2.598000000000000000e+03 9.919001059648726368e+04
2.599000000000000000e+03 9.920314456026055268e+04
2.600000000000000000e+03 9.928546496301915613e+04
2.601000000000000000e+03 9.924741834778427437e+04
2.602000000000000000e+03 9.929332609555529780e+04
2.603000000000000000e+03 9.933749256608964060e+04
2.604000000000000000e+03 9.944842215498762380e+04
2.605000000000000000e+03 9.951431128600834927e+04
2.606000000000000000e+03 9.958095425446644367e+04
2.607000000000000000e+03 9.964604151281833765e+04
2.608000000000000000e+03 9.971248639059881680e+04
2.609000000000000000e+03 9.990535194403445348e+04
2.610000000000000000e+03 1.000676550909802609e+05
2.611000000000000000e+03 1.001177088330289407e+05
2.612000000000000000e+03 1.000881627832912636e+05
2.613000000000000000e+03 1.000702576763532124e+05
2.614000000000000000e+03 1.000956349131013412e+05
2.615000000000000000e+03 1.002126601946674054e+05
2.616000000000000000e+03 1.002734627241703420e+05
2.617000000000000000e+03 1.003100490659564675e+05
2.618000000000000000e+03 1.003610489978813566e+05
2.619000000000000000e+03 1.003789598034489463e+05
2.620000000000000000e+03 1.004038617863692925e+05
2.621000000000000000e+03 1.005238816979306721e+05
2.622000000000000000e+03 1.006512755235740187e+05
2.623000000000000000e+03 1.008883314640204626e+05
2.624000000000000000e+03 1.009546133099272702e+05
2.625000000000000000e+03 1.011099118026264186e+05
2.626000000000000000e+03 1.010822754577809392e+05
2.627000000000000000e+03 1.010764874340943352e+05
2.628000000000000000e+03 1.011297639683082525e+05
2.629000000000000000e+03 1.012544396355426288e+05
2.630000000000000000e+03 1.013337956882072467e+05
2.631000000000000000e+03 1.014044505374921573e+05
2.632000000000000000e+03 1.013887011657807743e+05
2.633000000000000000e+03 1.014929113412132428e+05
2.634000000000000000e+03 1.016325363551379851e+05
2.635000000000000000e+03 1.016751336779127450e+05
2.636000000000000000e+03 1.017525470247625926e+05
2.637000000000000000e+03 1.018683684291805548e+05
2.638000000000000000e+03 1.019831782206493808e+05
2.639000000000000000e+03 1.020906665384169755e+05
2.640000000000000000e+03 1.021315468744613754e+05
2.641000000000000000e+03 1.021502033394689061e+05
2.642000000000000000e+03 1.021498952817291865e+05
2.643000000000000000e+03 1.021291489670666633e+05
2.644000000000000000e+03 1.022110187702321273e+05
2.645000000000000000e+03 1.022478457028742559e+05
2.646000000000000000e+03 1.021856695224659052e+05
2.647000000000000000e+03 1.021691924249224685e+05
2.648000000000000000e+03 1.019542172325677820e+05
2.649000000000000000e+03 1.018918989005064795e+05
2.650000000000000000e+03 1.018769353598666930e+05
2.651000000000000000e+03 1.018878154169734189e+05
2.652000000000000000e+03 1.019695421589417092e+05
2.653000000000000000e+03 1.021319806337124173e+05
2.654000000000000000e+03 1.021281375658265461e+05
2.655000000000000000e+03 1.021857867817671649e+05
2.656000000000000000e+03 1.022779329485463822e+05
2.657000000000000000e+03 1.023625134081717988e+05
2.658000000000000000e+03 1.023819406036721921e+05
2.659000000000000000e+03 1.023980127438959607e+05
2.660000000000000000e+03 1.024649661037359911e+05
2.661000000000000000e+03 1.025235971663972887e+05
2.662000000000000000e+03 1.024869571373943618e+05
2.663000000000000000e+03 1.025542494340026751e+05
2.664000000000000000e+03 1.025596230040741211e+05
2.665000000000000000e+03 1.025410522417031025e+05
2.666000000000000000e+03 1.025190853371498524e+05
2.667000000000000000e+03 1.025484145007593761e+05
2.668000000000000000e+03 1.026338259536627011e+05
2.669000000000000000e+03 1.026309671635378763e+05
2.670000000000000000e+03 1.026400124103166891e+05
2.671000000000000000e+03 1.027638975141434785e+05
2.672000000000000000e+03 1.028223318508543452e+05
2.673000000000000000e+03 1.029339547654703056e+05
2.674000000000000000e+03 1.029767280502596695e+05
2.675000000000000000e+03 1.029900714613718446e+05
2.676000000000000000e+03 1.030824440309130587e+05
2.677000000000000000e+03 1.029643307215386740e+05
2.678000000000000000e+03 1.029947080618046166e+05
2.679000000000000000e+03 1.030223901613062772e+05
2.680000000000000000e+03 1.029888542906236253e+05
2.681000000000000000e+03 1.031599825985917851e+05
2.682000000000000000e+03 1.031473842007944477e+05
2.683000000000000000e+03 1.032490341668340698e+05
2.684000000000000000e+03 1.033032656752579496e+05
2.685000000000000000e+03 1.033665452619958960e+05
2.686000000000000000e+03 1.034862014867106336e+05
2.687000000000000000e+03 1.034792904577059817e+05
2.688000000000000000e+03 1.035831328710810340e+05
2.689000000000000000e+03 1.037248342878823314e+05
2.690000000000000000e+03 1.037601205335612613e+05
2.691000000000000000e+03 1.038702616920708097e+05
2.692000000000000000e+03 1.039494850010078517e+05
2.693000000000000000e+03 1.039510508100076986e+05
2.694000000000000000e+03 1.039147575631444488e+05
2.695000000000000000e+03 1.039422130440175970e+05
2.696000000000000000e+03 1.039444258356562059e+05
2.697000000000000000e+03 1.039950195886819711e+05
2.698000000000000000e+03 1.040823956077975599e+05
2.699000000000000000e+03 1.040687623104259110e+05
2.700000000000000000e+03 1.041313525110117480e+05
2.701000000000000000e+03 1.041452170965618425e+05
2.702000000000000000e+03 1.040185846054256544e+05
2.703000000000000000e+03 1.041000351721500192e+05
2.704000000000000000e+03 1.040648781472394039e+05
2.705000000000000000e+03 1.040324710686322360e+05
2.706000000000000000e+03 1.040621825243964995e+05
2.707000000000000000e+03 1.040701148619087471e+05
2.708000000000000000e+03 1.042007569538559037e+05
2.709000000000000000e+03 1.042322654898162145e+05
2.710000000000000000e+03 1.042911131372157979e+05
2.711000000000000000e+03 1.042949744521418033e+05
2.712000000000000000e+03 1.044029437452541606e+05
2.713000000000000000e+03 1.044662738843051775e+05
2.714000000000000000e+03 1.046857182582220121e+05
2.715000000000000000e+03 1.047900068539637432e+05
2.716000000000000000e+03 1.048631002151050780e+05
2.717000000000000000e+03 1.048596621348936023e+05
2.718000000000000000e+03 1.049367993729557202e+05
2.719000000000000000e+03 1.050776329408988531e+05
2.720000000000000000e+03 1.051094673536877817e+05
2.721000000000000000e+03 1.051787834195333853e+05
2.722000000000000000e+03 1.052106725664737169e+05
2.723000000000000000e+03 1.052086609122322989e+05
2.724000000000000000e+03 1.052845968184040685e+05
2.725000000000000000e+03 1.053772522118767665e+05
2.726000000000000000e+03 1.053436499314258108e+05
2.727000000000000000e+03 1.053451971202351706e+05
2.728000000000000000e+03 1.053023421188313077e+05
2.729000000000000000e+03 1.054099873979052354e+05
2.730000000000000000e+03 1.055167841627544549e+05
2.731000000000000000e+03 1.055573799087879888e+05
2.732000000000000000e+03 1.057259228700911044e+05
2.733000000000000000e+03 1.058579831074768153e+05
2.734000000000000000e+03 1.059243387663631001e+05
2.735000000000000000e+03 1.058781572352743533e+05
2.736000000000000000e+03 1.059181199983943952e+05
2.737000000000000000e+03 1.059711169678409351e+05
2.738000000000000000e+03 1.060283259875871008e+05
2.739000000000000000e+03 1.060233951904188580e+05
2.740000000000000000e+03 1.059607804689347831e+05
2.741000000000000000e+03 1.059533985440996621e+05
2.742000000000000000e+03 1.060668706062831479e+05
2.743000000000000000e+03 1.060645262716804864e+05
2.744000000000000000e+03 1.061379768173550983e+05
2.745000000000000000e+03 1.061286624797109980e+05
2.746000000000000000e+03 1.061415728176498233e+05
2.747000000000000000e+03 1.061782638336394884e+05
2.748000000000000000e+03 1.062381111589781794e+05
2.749000000000000000e+03 1.063413089876571030e+05
2.750000000000000000e+03 1.063791966594985424e+05
2.751000000000000000e+03 1.063567469613746798e+05
2.752000000000000000e+03 1.063434347516443231e+05
2.753000000000000000e+03 1.063487530217749445e+05
2.754000000000000000e+03 1.065230054449104646e+05
2.755000000000000000e+03 1.066073557543297211e+05
2.756000000000000000e+03 1.066218228334606683e+05
2.757000000000000000e+03 1.067423353693278623e+05
2.758000000000000000e+03 1.067089246457446570e+05
2.759000000000000000e+03 1.066282041236436926e+05
2.760000000000000000e+03 1.066764338443195156e+05
2.761000000000000000e+03 1.065523293808108283e+05
2.762000000000000000e+03 1.065219568390544882e+05
2.763000000000000000e+03 1.066346144628887996e+05
2.764000000000000000e+03 1.065687984797747049e+05
2.765000000000000000e+03 1.065038270564595296e+05
2.766000000000000000e+03 1.065514090266215353e+05
2.767000000000000000e+03 1.065513549827742681e+05
2.768000000000000000e+03 1.066522371942282771e+05
2.769000000000000000e+03 1.066150689146820660e+05
2.770000000000000000e+03 1.066272323957210174e+05
2.771000000000000000e+03 1.066943035418143409e+05
2.772000000000000000e+03 1.067791241572839062e+05
2.773000000000000000e+03 1.067410100251088734e+05
2.774000000000000000e+03 1.068775397076265799e+05
2.775000000000000000e+03 1.069472588056623936e+05
2.776000000000000000e+03 1.069365209774354298e+05
2.777000000000000000e+03 1.071945945952627953e+05
2.778000000000000000e+03 1.072663258881013171e+05
2.779000000000000000e+03 1.072820172053909482e+05
2.780000000000000000e+03 1.072760609679364425e+05
2.781000000000000000e+03 1.074328148758614698e+05
2.782000000000000000e+03 1.073916146219754592e+05
2.783000000000000000e+03 1.073498135177661461e+05
2.784000000000000000e+03 1.072971720118951198e+05
2.785000000000000000e+03 1.072574806317004259e+05
2.786000000000000000e+03 1.073541462814016122e+05
2.787000000000000000e+03 1.072840758183487196e+05
2.788000000000000000e+03 1.074171200614025729e+05
2.789000000000000000e+03 1.073921866387105110e+05
2.790000000000000000e+03 1.074897030468744488e+05
2.791000000000000000e+03 1.075201575604808895e+05
2.792000000000000000e+03 1.076377001757094404e+05
2.793000000000000000e+03 1.077021424710826832e+05
2.794000000000000000e+03 1.077494133719555102e+05
2.795000000000000000e+03 1.077687383543464239e+05
2.796000000000000000e+03 1.078276583134981920e+05
2.797000000000000000e+03 1.079978579741374706e+05
2.798000000000000000e+03 1.081818840176344238e+05
2.799000000000000000e+03 1.082833825597231917e+05
2.800000000000000000e+03 1.082380231313883560e+05
2.801000000000000000e+03 1.083216655003930209e+05
2.802000000000000000e+03 1.084045760745562438e+05
2.803000000000000000e+03 1.085231401334346010e+05
2.804000000000000000e+03 1.085896544843854354e+05
2.805000000000000000e+03 1.084664615817909071e+05
2.806000000000000000e+03 1.085482173506778636e+05
2.807000000000000000e+03 1.085070999302625569e+05
2.808000000000000000e+03 1.084678014371619647e+05
2.809000000000000000e+03 1.085628335490106110e+05
2.810000000000000000e+03 1.084965283837780880e+05
2.811000000000000000e+03 1.085695416267912515e+05
2.812000000000000000e+03 1.085563749260723125e+05
2.813000000000000000e+03 1.085370030628534441e+05
2.814000000000000000e+03 1.086227179197665682e+05
2.815000000000000000e+03 1.088501194136872655e+05
2.816000000000000000e+03 1.088976915161955549e+05
2.817000000000000000e+03 1.089090219698510627e+05
2.818000000000000000e+03 1.089774916090479674e+05
2.819000000000000000e+03 1.091222812095237314e+05
2.820000000000000000e+03 1.091701707060361659e+05
2.821000000000000000e+03 1.090319461601987277e+05
2.822000000000000000e+03 1.089650758614490769e+05
2.823000000000000000e+03 1.089446705005847180e+05
2.824000000000000000e+03 1.089968528334878938e+05
2.825000000000000000e+03 1.090693919608720898e+05
2.826000000000000000e+03 1.091747328446704487e+05
2.827000000000000000e+03 1.091584040580375731e+05
2.828000000000000000e+03 1.092681777738567325e+05
2.829000000000000000e+03 1.091612360764394543e+05
2.830000000000000000e+03 1.091584823305618193e+05
2.831000000000000000e+03 1.092469031704034132e+05
2.832000000000000000e+03 1.093919389856005291e+05
2.833000000000000000e+03 1.092825753928987251e+05
2.834000000000000000e+03 1.092182810050113621e+05
2.835000000000000000e+03 1.092301091652424366e+05
2.836000000000000000e+03 1.092736297393139830e+05
2.837000000000000000e+03 1.094319303613190132e+05
2.838000000000000000e+03 1.094395906007165031e+05
2.839000000000000000e+03 1.093465709151920601e+05
2.840000000000000000e+03 1.094409163240938215e+05
2.841000000000000000e+03 1.093939664395764703e+05
2.842000000000000000e+03 1.093445659901949839e+05
2.843000000000000000e+03 1.094861679492718395e+05
2.844000000000000000e+03 1.097785065432781994e+05
2.845000000000000000e+03 1.098653002509040816e+05
2.846000000000000000e+03 1.098067749829081440e+05
2.847000000000000000e+03 1.096771240142305760e+05
2.848000000000000000e+03 1.095756062207699288e+05
2.849000000000000000e+03 1.094796523336958635e+05
2.850000000000000000e+03 1.093797359558682365e+05
2.851000000000000000e+03 1.095011408645348129e+05
2.852000000000000000e+03 1.094588526467701013e+05
2.853000000000000000e+03 1.094823908424045803e+05
2.854000000000000000e+03 1.095263401969717670e+05
2.855000000000000000e+03 1.094535801757212612e+05
2.856000000000000000e+03 1.094659286445014732e+05
2.857000000000000000e+03 1.093831273448894208e+05
2.858000000000000000e+03 1.094376144820040936e+05
2.859000000000000000e+03 1.096345584601007286e+05
2.860000000000000000e+03 1.097109225992060819e+05
2.861000000000000000e+03 1.097438144089403067e+05
2.862000000000000000e+03 1.097368705349279771e+05
2.863000000000000000e+03 1.096826795961021708e+05
2.864000000000000000e+03 1.096281251675496314e+05
2.865000000000000000e+03 1.096183191702706972e+05
2.866000000000000000e+03 1.096237977548670169e+05
2.867000000000000000e+03 1.095551431471248943e+05
2.868000000000000000e+03 1.096720174356385833e+05
2.869000000000000000e+03 1.097672485160037759e+05
2.870000000000000000e+03 1.097930431987617194e+05
2.871000000000000000e+03 1.098913328091335716e+05
2.872000000000000000e+03 1.100086896393240604e+05
2.873000000000000000e+03 1.099906166497571830e+05
2.874000000000000000e+03 1.099711151619617012e+05
2.875000000000000000e+03 1.100519310322094971e+05
2.876000000000000000e+03 1.100620872175092081e+05
2.877000000000000000e+03 1.100319612042470835e+05
2.878000000000000000e+03 1.100288990545415872e+05
2.879000000000000000e+03 1.099618564997199283e+05
2.880000000000000000e+03 1.100259237614520680e+05
2.881000000000000000e+03 1.098815859374399733e+05
2.882000000000000000e+03 1.098442264123404602e+05
2.883000000000000000e+03 1.097110098580168851e+05
2.884000000000000000e+03 1.096782515385419829e+05
2.885000000000000000e+03 1.095654080346950650e+05
2.886000000000000000e+03 1.095883602995147376e+05
2.887000000000000000e+03 1.096038204458483378e+05
2.888000000000000000e+03 1.096465593827137491e+05
2.889000000000000000e+03 1.095972733081876795e+05
2.890000000000000000e+03 1.098014887308491598e+05
2.891000000000000000e+03 1.099306762984177039e+05
2.892000000000000000e+03 1.098896346157334920e+05
2.893000000000000000e+03 1.099174928214825486e+05
2.894000000000000000e+03 1.099947173312406085e+05
2.895000000000000000e+03 1.100295158664196060e+05
2.896000000000000000e+03 1.101023608574061363e+05
2.897000000000000000e+03 1.100110310747374169e+05
2.898000000000000000e+03 1.100303755954598746e+05
2.899000000000000000e+03 1.102238963949555182e+05
2.900000000000000000e+03 1.103318062485825794e+05
2.901000000000000000e+03 1.103381117983418517e+05
2.902000000000000000e+03 1.104496663575917773e+05
2.903000000000000000e+03 1.104967609582453879e+05
2.904000000000000000e+03 1.105945000260958477e+05
2.905000000000000000e+03 1.106394147187206981e+05
2.906000000000000000e+03 1.106668100181641785e+05
2.907000000000000000e+03 1.105376363870953792e+05
2.908000000000000000e+03 1.106247621681174060e+05
2.909000000000000000e+03 1.106552573467123002e+05
2.910000000000000000e+03 1.107345745103766676e+05
2.911000000000000000e+03 1.108439377306482784e+05
2.912000000000000000e+03 1.110231524152406055e+05
2.913000000000000000e+03 1.110622388838889747e+05
2.914000000000000000e+03 1.111328853019026574e+05
2.915000000000000000e+03 1.113253092007584637e+05
2.916000000000000000e+03 1.113881033164847613e+05
2.917000000000000000e+03 1.114018152662505163e+05
2.918000000000000000e+03 1.114131858935873024e+05
2.919000000000000000e+03 1.113451939659377531e+05
2.920000000000000000e+03 1.113705131794879999e+05
2.921000000000000000e+03 1.114776354576463491e+05
2.922000000000000000e+03 1.114526141056760534e+05
2.923000000000000000e+03 1.114314798386819020e+05
2.924000000000000000e+03 1.113738088801265840e+05
2.925000000000000000e+03 1.114845986202064523e+05
2.926000000000000000e+03 1.115224278929477732e+05
2.927000000000000000e+03 1.115025428081918071e+05
2.928000000000000000e+03 1.114944566530786251e+05
2.929000000000000000e+03 1.115411051785322343e+05
2.930000000000000000e+03 1.114800287726035313e+05
2.931000000000000000e+03 1.114014759712029190e+05
2.932000000000000000e+03 1.112682430947401881e+05
2.933000000000000000e+03 1.111628376398920373e+05
2.934000000000000000e+03 1.111572871739977563e+05
2.935000000000000000e+03 1.111660445893171855e+05
2.936000000000000000e+03 1.111315474918640393e+05
2.937000000000000000e+03 1.112318577380814531e+05
2.938000000000000000e+03 1.112253277560675051e+05
2.939000000000000000e+03 1.113019681445809110e+05
2.940000000000000000e+03 1.112651622543904959e+05
2.941000000000000000e+03 1.111368359901072545e+05
2.942000000000000000e+03 1.112684784411851288e+05
2.943000000000000000e+03 1.113348655673717876e+05
2.944000000000000000e+03 1.112786096687551471e+05
2.945000000000000000e+03 1.112969869471347774e+05
2.946000000000000000e+03 1.113180231747979269e+05
2.947000000000000000e+03 1.113658862306696392e+05
2.948000000000000000e+03 1.113619137756126147e+05
2.949000000000000000e+03 1.114093215240784048e+05
2.950000000000000000e+03 1.114741198362586729e+05
2.951000000000000000e+03 1.114083579096316971e+05
2.952000000000000000e+03 1.113687987420338613e+05
2.953000000000000000e+03 1.112502489750455134e+05
2.954000000000000000e+03 1.112207909605477762e+05
2.955000000000000000e+03 1.113234018389376579e+05
2.956000000000000000e+03 1.113876184653904638e+05
2.957000000000000000e+03 1.114103143940429582e+05
2.958000000000000000e+03 1.114177726682072534e+05
2.959000000000000000e+03 1.112042445401612786e+05
2.960000000000000000e+03 1.111561003257701377e+05
2.961000000000000000e+03 1.111533261180351110e+05
2.962000000000000000e+03 1.111871705500527169e+05
2.963000000000000000e+03 1.112268316453217703e+05
2.964000000000000000e+03 1.113315472372897348e+05
2.965000000000000000e+03 1.114731145512235234e+05
2.966000000000000000e+03 1.113743151129106991e+05
2.967000000000000000e+03 1.113892448898083530e+05
2.968000000000000000e+03 1.115825685220697196e+05
2.969000000000000000e+03 1.116223852596961224e+05
2.970000000000000000e+03 1.116447212986523227e+05
2.971000000000000000e+03 1.116309861227898364e+05
2.972000000000000000e+03 1.117000504223344469e+05
2.973000000000000000e+03 1.118277139586886624e+05
2.974000000000000000e+03 1.118925437534260564e+05
2.975000000000000000e+03 1.120602268227778695e+05
2.976000000000000000e+03 1.120472971102334704e+05
2.977000000000000000e+03 1.120740317263487086e+05
2.978000000000000000e+03 1.121655180594726116e+05
2.979000000000000000e+03 1.121529053137027804e+05
2.980000000000000000e+03 1.121786594224613364e+05
2.981000000000000000e+03 1.121789103777204436e+05
2.982000000000000000e+03 1.122769320691813482e+05
2.983000000000000000e+03 1.124482603036735673e+05
2.984000000000000000e+03 1.124835602912941686e+05
2.985000000000000000e+03 1.125704808407282253e+05
2.986000000000000000e+03 1.126997324464186095e+05
2.987000000000000000e+03 1.127670786383788800e+05
2.988000000000000000e+03 1.128607992456690408e+05
2.989000000000000000e+03 1.129648656206940650e+05
2.990000000000000000e+03 1.129389520800853352e+05
2.991000000000000000e+03 1.129003804654601554e+05
2.992000000000000000e+03 1.128470795588990441e+05
2.993000000000000000e+03 1.129094282165790937e+05
2.994000000000000000e+03 1.132357956322289829e+05
2.995000000000000000e+03 1.133799355557766248e+05
2.996000000000000000e+03 1.134585678278312989e+05
2.997000000000000000e+03 1.134911772819177277e+05
2.998000000000000000e+03 1.135116349827702215e+05
2.999000000000000000e+03 1.135771684434323397e+05
3.000000000000000000e+03 1.135479571854676178e+05
3.001000000000000000e+03 1.136546478376426676e+05
3.002000000000000000e+03 1.136007089266460534e+05
3.003000000000000000e+03 1.135924745039115951e+05
3.004000000000000000e+03 1.135563933513361844e+05
3.005000000000000000e+03 1.135669468583720882e+05
3.006000000000000000e+03 1.136654215406369476e+05
3.007000000000000000e+03 1.137140411735921807e+05
3.008000000000000000e+03 1.135831668815283192e+05
3.009000000000000000e+03 1.137333194190186041e+05
3.010000000000000000e+03 1.138120642988462641e+05
3.011000000000000000e+03 1.137541352540435328e+05
3.012000000000000000e+03 1.136437235873938043e+05
3.013000000000000000e+03 1.137681553239997011e+05
3.014000000000000000e+03 1.138979166796490754e+05
3.015000000000000000e+03 1.138893866989823146e+05
3.016000000000000000e+03 1.138633001444053807e+05
3.017000000000000000e+03 1.140081710987634578e+05
3.018000000000000000e+03 1.141968715083578281e+05
3.019000000000000000e+03 1.142670255969018472e+05
3.020000000000000000e+03 1.143129947314685705e+05
3.021000000000000000e+03 1.142734082175456278e+05
3.022000000000000000e+03 1.144083314165752527e+05
3.023000000000000000e+03 1.143732864281119400e+05
3.024000000000000000e+03 1.143888295230060030e+05
3.025000000000000000e+03 1.143907586504024075e+05
3.026000000000000000e+03 1.141882556101348600e+05
3.027000000000000000e+03 1.142339332115508441e+05
3.028000000000000000e+03 1.143916559364587738e+05
3.029000000000000000e+03 1.142561406358310342e+05
3.030000000000000000e+03 1.143823458140371076e+05
3.031000000000000000e+03 1.143622907645778614e+05
3.032000000000000000e+03 1.143243347612412763e+05
3.033000000000000000e+03 1.144280967572534282e+05
3.034000000000000000e+03 1.144855908023128432e+05
3.035000000000000000e+03 1.144917561192326830e+05
3.036000000000000000e+03 1.146414291917492228e+05
3.037000000000000000e+03 1.145982408697539795e+05
3.038000000000000000e+03 1.146671544481003511e+05
3.039000000000000000e+03 1.146422504098002246e+05
3.040000000000000000e+03 1.147828599441877741e+05
3.041000000000000000e+03 1.147131179238232726e+05
3.042000000000000000e+03 1.147489664024426311e+05
3.043000000000000000e+03 1.147637058575721021e+05
3.044000000000000000e+03 1.146616099540894938e+05
3.045000000000000000e+03 1.146569100351726229e+05
3.046000000000000000e+03 1.147878240433250903e+05
3.047000000000000000e+03 1.148544391838310694e+05
3.048000000000000000e+03 1.148822882196579594e+05
3.049000000000000000e+03 1.148553323661726172e+05
3.050000000000000000e+03 1.146738207448961912e+05
3.051000000000000000e+03 1.146572564925377083e+05
3.052000000000000000e+03 1.146756189623309183e+05
3.053000000000000000e+03 1.146076551043299260e+05
3.054000000000000000e+03 1.145844402445589367e+05
3.055000000000000000e+03 1.146066851062614296e+05
3.056000000000000000e+03 1.146161988257447374e+05
3.057000000000000000e+03 1.145740223781115346e+05
3.058000000000000000e+03 1.145910280525146518e+05
3.059000000000000000e+03 1.147232363543193060e+05
3.060000000000000000e+03 1.148503939613659604e+05
3.061000000000000000e+03 1.149107054177816171e+05
3.062000000000000000e+03 1.149264973545662506e+05
3.063000000000000000e+03 1.150819957216572511e+05
3.064000000000000000e+03 1.152222207464902458e+05
3.065000000000000000e+03 1.154056260665239679e+05
3.066000000000000000e+03 1.154439469236438308e+05
3.067000000000000000e+03 1.154402902008686651e+05
3.068000000000000000e+03 1.153948406223232159e+05
3.069000000000000000e+03 1.153632530018512916e+05
3.070000000000000000e+03 1.154390334774162475e+05
3.071000000000000000e+03 1.155378123085941334e+05
3.072000000000000000e+03 1.155304421922542242e+05
3.073000000000000000e+03 1.155351263439301110e+05
3.074000000000000000e+03 1.155354672920833254e+05
3.075000000000000000e+03 1.154092839448072918e+05
3.076000000000000000e+03 1.155662727154736349e+05
3.077000000000000000e+03 1.156004794817170332e+05
3.078000000000000000e+03 1.156691361613687186e+05
3.079000000000000000e+03 1.155314046513658541e+05
3.080000000000000000e+03 1.156378212741935276e+05
3.081000000000000000e+03 1.158224517183314310e+05
3.082000000000000000e+03 1.159413626400514040e+05
3.083000000000000000e+03 1.160083148651785013e+05
3.084000000000000000e+03 1.158732769746174454e+05
3.085000000000000000e+03 1.158403492205295479e+05
3.086000000000000000e+03 1.158061311017317494e+05
3.087000000000000000e+03 1.156705901530317060e+05
3.088000000000000000e+03 1.157634960752491606e+05
3.089000000000000000e+03 1.160100675341038732e+05
3.090000000000000000e+03 1.161053703778396593e+05
3.091000000000000000e+03 1.163586668121739203e+05
3.092000000000000000e+03 1.165484660427436320e+05
3.093000000000000000e+03 1.165364412366315810e+05
3.094000000000000000e+03 1.164937806197066966e+05
3.095000000000000000e+03 1.164772654576055211e+05
3.096000000000000000e+03 1.165288517588565301e+05
3.097000000000000000e+03 1.165933075773918245e+05
3.098000000000000000e+03 1.165182175232995942e+05
3.099000000000000000e+03 1.164503423540592630e+05
3.100000000000000000e+03 1.164638458420584939e+05
3.101000000000000000e+03 1.165560613639455114e+05
3.102000000000000000e+03 1.166888708607310837e+05
3.103000000000000000e+03 1.167315584419652150e+05
3.104000000000000000e+03 1.167965553662251477e+05
3.105000000000000000e+03 1.168452955672981916e+05
3.106000000000000000e+03 1.168365222018381464e+05
3.107000000000000000e+03 1.169104428299952124e+05
3.108000000000000000e+03 1.169878843041658401e+05
3.109000000000000000e+03 1.170609409981013887e+05
3.110000000000000000e+03 1.171651386059456563e+05
3.111000000000000000e+03 1.172729686415912583e+05
3.112000000000000000e+03 1.172286066237356426e+05
3.113000000000000000e+03 1.170408985465864971e+05
3.114000000000000000e+03 1.172405834855823196e+05
3.115000000000000000e+03 1.173024995464475069e+05
3.116000000000000000e+03 1.173806992095691821e+05
3.117000000000000000e+03 1.173531930611685093e+05
3.118000000000000000e+03 1.174202175482021121e+05
3.119000000000000000e+03 1.174102313506669598e+05
3.120000000000000000e+03 1.174565315559105802e+05
3.121000000000000000e+03 1.174659624003688805e+05
3.122000000000000000e+03 1.174898010117650410e+05
3.123000000000000000e+03 1.175113178933721938e+05
3.124000000000000000e+03 1.176280847987934831e+05
3.125000000000000000e+03 1.176159614039948065e+05
3.126000000000000000e+03 1.176329715928468504e+05
3.127000000000000000e+03 1.176776345992089337e+05
3.128000000000000000e+03 1.178580721878338372e+05
3.129000000000000000e+03 1.178422892840819695e+05
3.130000000000000000e+03 1.178530546317335102e+05
3.131000000000000000e+03 1.179176559195070004e+05
3.132000000000000000e+03 1.179050081259449507e+05
3.133000000000000000e+03 1.179904665248123492e+05
3.134000000000000000e+03 1.180304633507564577e+05
3.135000000000000000e+03 1.180987431554092182e+05
3.136000000000000000e+03 1.181523795338462514e+05
3.137000000000000000e+03 1.182514686422213999e+05
3.138000000000000000e+03 1.183021860849990044e+05
3.139000000000000000e+03 1.182833742784986680e+05
3.140000000000000000e+03 1.184290951673228556e+05
3.141000000000000000e+03 1.186130868495100003e+05
3.142000000000000000e+03 1.187024410530687455e+05
3.143000000000000000e+03 1.188538004735377472e+05
3.144000000000000000e+03 1.189076677163141867e+05
3.145000000000000000e+03 1.189576243593589461e+05
3.146000000000000000e+03 1.189930596626169281e+05
3.147000000000000000e+03 1.190735868131288153e+05
3.148000000000000000e+03 1.191041528164709016e+05
3.149000000000000000e+03 1.192298675551897759e+05
3.150000000000000000e+03 1.192688037011162814e+05
3.151000000000000000e+03 1.192801629060793930e+05
3.152000000000000000e+03 1.192485232878285897e+05
3.153000000000000000e+03 1.191956407134348556e+05
3.154000000000000000e+03 1.190663215287661151e+05
3.155000000000000000e+03 1.189617658631715603e+05
3.156000000000000000e+03 1.190140622476887947e+05
3.157000000000000000e+03 1.190874883953334065e+05
3.158000000000000000e+03 1.191170283429689152e+05
3.159000000000000000e+03 1.191501134340222779e+05
3.160000000000000000e+03 1.191803894162748766e+05
3.161000000000000000e+03 1.192136982429478667e+05
3.162000000000000000e+03 1.193106716848151264e+05
3.163000000000000000e+03 1.194427139308224432e+05
3.164000000000000000e+03 1.193208011849503673e+05
3.165000000000000000e+03 1.194284337956717063e+05
3.166000000000000000e+03 1.194265454410376697e+05
3.167000000000000000e+03 1.193915822328169161e+05
3.168000000000000000e+03 1.193640958054831863e+05
3.169000000000000000e+03 1.195352117213837628e+05
3.170000000000000000e+03 1.195726985692931921e+05
3.171000000000000000e+03 1.197079583099813317e+05
3.172000000000000000e+03 1.196960629296450643e+05
3.173000000000000000e+03 1.196584852356353949e+05
3.174000000000000000e+03 1.196813702346156206e+05
3.175000000000000000e+03 1.197039105828219181e+05
3.176000000000000000e+03 1.197522371700261283e+05
3.177000000000000000e+03 1.197460491961565567e+05
3.178000000000000000e+03 1.195586674916811025e+05
3.179000000000000000e+03 1.197098184876569139e+05
3.180000000000000000e+03 1.197043513887144072e+05
3.181000000000000000e+03 1.196437431827156688e+05
3.182000000000000000e+03 1.195574156942824484e+05
3.183000000000000000e+03 1.195824245233789261e+05
3.184000000000000000e+03 1.195768991050905897e+05
3.185000000000000000e+03 1.197525545426452154e+05
3.186000000000000000e+03 1.197848483511118975e+05
3.187000000000000000e+03 1.198543474335108767e+05
3.188000000000000000e+03 1.197020957311301754e+05
3.189000000000000000e+03 1.197201790215270739e+05
3.190000000000000000e+03 1.198909425097187923e+05
3.191000000000000000e+03 1.199340124739540188e+05
3.192000000000000000e+03 1.199368141960911307e+05
3.193000000000000000e+03 1.200667875770980027e+05
3.194000000000000000e+03 1.201280269874991936e+05
3.195000000000000000e+03 1.200804677104023140e+05
3.196000000000000000e+03 1.200158520432252262e+05
3.197000000000000000e+03 1.199963200829898997e+05
3.198000000000000000e+03 1.200286814261394902e+05
3.199000000000000000e+03 1.200525382670148683e+05
3.200000000000000000e+03 1.201591149726907606e+05
3.201000000000000000e+03 1.201169145146089577e+05
3.202000000000000000e+03 1.200781924341044360e+05
3.203000000000000000e+03 1.201276381937156839e+05
3.204000000000000000e+03 1.202013275498248404e+05
3.205000000000000000e+03 1.202810910967797390e+05
3.206000000000000000e+03 1.202502199207932863e+05
3.207000000000000000e+03 1.201777690585663076e+05
3.208000000000000000e+03 1.202399905545197689e+05
3.209000000000000000e+03 1.203384126386756689e+05
3.210000000000000000e+03 1.203423604481830553e+05
3.211000000000000000e+03 1.203099355064451956e+05
3.212000000000000000e+03 1.203797698237578006e+05
3.213000000000000000e+03 1.203334925410611322e+05
3.214000000000000000e+03 1.203727652140225691e+05
3.215000000000000000e+03 1.203955007922781078e+05
3.216000000000000000e+03 1.204076259338440286e+05
3.217000000000000000e+03 1.203031500889951712e+05
3.218000000000000000e+03 1.203444535993792524e+05
3.219000000000000000e+03 1.204478285171098250e+05
3.220000000000000000e+03 1.205462422634027462e+05
3.221000000000000000e+03 1.207252172095948044e+05
3.222000000000000000e+03 1.207888005501280859e+05
3.223000000000000000e+03 1.207432762513397320e+05
3.224000000000000000e+03 1.207343421509718901e+05
3.225000000000000000e+03 1.207112670914781629e+05
3.226000000000000000e+03 1.206079570971728972e+05
3.227000000000000000e+03 1.206346898294162238e+05
3.228000000000000000e+03 1.206948771370434697e+05
3.229000000000000000e+03 1.207935829331961140e+05
3.230000000000000000e+03 1.208816717252360395e+05
3.231000000000000000e+03 1.210054037623965705e+05
3.232000000000000000e+03 1.209559567856141657e+05
3.233000000000000000e+03 1.209615234678979177e+05
3.234000000000000000e+03 1.209334705536160327e+05
3.235000000000000000e+03 1.209906504643387889e+05
3.236000000000000000e+03 1.210554840162427281e+05
3.237000000000000000e+03 1.211073953443393984e+05
3.238000000000000000e+03 1.210530576135912706e+05
3.239000000000000000e+03 1.210656221664398181e+05
3.240000000000000000e+03 1.212009009926882718e+05
3.241000000000000000e+03 1.214012993479242868e+05
3.242000000000000000e+03 1.215053327699978836e+05
3.243000000000000000e+03 1.213596554405390198e+05
3.244000000000000000e+03 1.213744191030284273e+05
3.245000000000000000e+03 1.214034260355543374e+05
3.246000000000000000e+03 1.215243501548867789e+05
3.247000000000000000e+03 1.215999227826874412e+05
3.248000000000000000e+03 1.216252789158574742e+05
3.249000000000000000e+03 1.217371596638350602e+05
3.250000000000000000e+03 1.216043248347964836e+05
3.251000000000000000e+03 1.216556832216393377e+05
3.252000000000000000e+03 1.216790107319437520e+05
3.253000000000000000e+03 1.218022363772757817e+05
3.254000000000000000e+03 1.218859846965546021e+05
3.255000000000000000e+03 1.220023430757717288e+05
3.256000000000000000e+03 1.220705000121670164e+05
3.257000000000000000e+03 1.221387578642712324e+05
3.258000000000000000e+03 1.222268742370170803e+05
3.259000000000000000e+03 1.223134965351414430e+05
3.260000000000000000e+03 1.223909621450558043e+05
3.261000000000000000e+03 1.224787195749485691e+05
3.262000000000000000e+03 1.226612418259732804e+05
3.263000000000000000e+03 1.225052857801901700e+05
3.264000000000000000e+03 1.225430607767691254e+05
3.265000000000000000e+03 1.225979706027235370e+05
3.266000000000000000e+03 1.225748155391379260e+05
3.267000000000000000e+03 1.226415259147192119e+05
3.268000000000000000e+03 1.225928199465195212e+05
3.269000000000000000e+03 1.225220244999337447e+05
3.270000000000000000e+03 1.225630182572326594e+05
3.271000000000000000e+03 1.226107040481998265e+05
3.272000000000000000e+03 1.226532340869197069e+05
3.273000000000000000e+03 1.227823370382064022e+05
3.274000000000000000e+03 1.228137883335803490e+05
3.275000000000000000e+03 1.227480400879176013e+05
3.276000000000000000e+03 1.226566715638094320e+05
3.277000000000000000e+03 1.227231931944372918e+05
3.278000000000000000e+03 1.225950941956673923e+05
3.279000000000000000e+03 1.226328069842066470e+05
3.280000000000000000e+03 1.226202953357469378e+05
3.281000000000000000e+03 1.225901617975297559e+05
3.282000000000000000e+03 1.226835227577961632e+05
3.283000000000000000e+03 1.228733216770467843e+05
3.284000000000000000e+03 1.229624633210482862e+05
3.285000000000000000e+03 1.230055533015469846e+05
3.286000000000000000e+03 1.230370744671967987e+05
3.287000000000000000e+03 1.229991326373596094e+05
3.288000000000000000e+03 1.229762356350889022e+05
3.289000000000000000e+03 1.230540699370181683e+05
3.290000000000000000e+03 1.231443951405685220e+05
3.291000000000000000e+03 1.230924502795614826e+05
3.292000000000000000e+03 1.231039927915747830e+05
3.293000000000000000e+03 1.230538022032720328e+05
3.294000000000000000e+03 1.230875142723204481e+05
3.295000000000000000e+03 1.231525082969220675e+05
3.296000000000000000e+03 1.230807190262891527e+05
3.297000000000000000e+03 1.231499010283719836e+05
3.298000000000000000e+03 1.232003484769948263e+05
3.299000000000000000e+03 1.232007194043735799e+05
3.300000000000000000e+03 1.233414294965159206e+05
3.301000000000000000e+03 1.235365799076508119e+05
3.302000000000000000e+03 1.235507768460645748e+05
3.303000000000000000e+03 1.237074673644642171e+05
3.304000000000000000e+03 1.236059370649650518e+05
3.305000000000000000e+03 1.236421069903531461e+05
3.306000000000000000e+03 1.236888953421010665e+05
3.307000000000000000e+03 1.237744593880003667e+05
3.308000000000000000e+03 1.240282957403624459e+05
3.309000000000000000e+03 1.241431645079452719e+05
3.310000000000000000e+03 1.241144552776319033e+05
3.311000000000000000e+03 1.241040897579667799e+05
3.312000000000000000e+03 1.242464773835943051e+05
3.313000000000000000e+03 1.243875908779614256e+05
3.314000000000000000e+03 1.244256182435805240e+05
3.315000000000000000e+03 1.244540139912555751e+05
3.316000000000000000e+03 1.244552066728620266e+05
3.317000000000000000e+03 1.244528652790126507e+05
3.318000000000000000e+03 1.245109699334149773e+05
3.319000000000000000e+03 1.243878523625015514e+05
3.320000000000000000e+03 1.244192150581928436e+05
3.321000000000000000e+03 1.245913274853811599e+05
3.322000000000000000e+03 1.245787002678926947e+05
3.323000000000000000e+03 1.247057036056195357e+05
3.324000000000000000e+03 1.247034663416130352e+05
3.325000000000000000e+03 1.246571707726319000e+05
3.326000000000000000e+03 1.246063120123841363e+05
3.327000000000000000e+03 1.245716331392610300e+05
3.328000000000000000e+03 1.247343324997729214e+05
3.329000000000000000e+03 1.247699523197040980e+05
3.330000000000000000e+03 1.247623720801750751e+05
3.331000000000000000e+03 1.248919591029309086e+05
3.332000000000000000e+03 1.249774409901436447e+05
3.333000000000000000e+03 1.250495967243460182e+05
3.334000000000000000e+03 1.251512660428247764e+05
3.335000000000000000e+03 1.251455662619433133e+05
3.336000000000000000e+03 1.252037706041748752e+05
3.337000000000000000e+03 1.252186178141149139e+05
3.338000000000000000e+03 1.251434760986818146e+05
3.339000000000000000e+03 1.251260891000600095e+05
3.340000000000000000e+03 1.251705773986874556e+05
3.341000000000000000e+03 1.253323240420652728e+05
3.342000000000000000e+03 1.254652771391992283e+05
3.343000000000000000e+03 1.254783101856843132e+05
3.344000000000000000e+03 1.254695142552327161e+05
3.345000000000000000e+03 1.255909474454686715e+05
3.346000000000000000e+03 1.256532019055325072e+05
3.347000000000000000e+03 1.256841448711280536e+05
3.348000000000000000e+03 1.256789707348573720e+05
3.349000000000000000e+03 1.256367030446356512e+05
3.350000000000000000e+03 1.255949141755596647e+05
3.351000000000000000e+03 1.256730856891859148e+05
3.352000000000000000e+03 1.257499402813754132e+05
3.353000000000000000e+03 1.258921495937880391e+05
3.354000000000000000e+03 1.259258866689406132e+05
3.355000000000000000e+03 1.260685423329963814e+05
3.356000000000000000e+03 1.262480644575909391e+05
3.357000000000000000e+03 1.261816969286828826e+05
3.358000000000000000e+03 1.262059266547391308e+05
3.359000000000000000e+03 1.262934440474776056e+05
3.360000000000000000e+03 1.263632425274446723e+05
3.361000000000000000e+03 1.263255240964923578e+05
3.362000000000000000e+03 1.263323146458873380e+05
3.363000000000000000e+03 1.262997984419371205e+05
3.364000000000000000e+03 1.262963914300470497e+05
3.365000000000000000e+03 1.261652901518434228e+05
3.366000000000000000e+03 1.263045836345074349e+05
3.367000000000000000e+03 1.263291158141960477e+05
3.368000000000000000e+03 1.262971717008376872e+05
3.369000000000000000e+03 1.263517553884107765e+05
3.370000000000000000e+03 1.265411315720390267e+05
3.371000000000000000e+03 1.266815649702991941e+05
3.372000000000000000e+03 1.267291949202808755e+05
3.373000000000000000e+03 1.266524787070388702e+05
3.374000000000000000e+03 1.266298527203746198e+05
3.375000000000000000e+03 1.267186512331895065e+05
3.376000000000000000e+03 1.267689192511821166e+05
3.377000000000000000e+03 1.268512430996700277e+05
3.378000000000000000e+03 1.269389789130860590e+05
3.379000000000000000e+03 1.270070241321177891e+05
3.380000000000000000e+03 1.270682201603050780e+05
3.381000000000000000e+03 1.271582552737390652e+05
3.382000000000000000e+03 1.272081826139184122e+05
3.383000000000000000e+03 1.272074655243894667e+05
3.384000000000000000e+03 1.270651423748752277e+05
3.385000000000000000e+03 1.270710078917138890e+05
3.386000000000000000e+03 1.270653291591367451e+05
3.387000000000000000e+03 1.270761164925499761e+05
3.388000000000000000e+03 1.271830173478700744e+05
3.389000000000000000e+03 1.270508039978155139e+05
3.390000000000000000e+03 1.271411962999501120e+05
3.391000000000000000e+03 1.272679741162814753e+05
3.392000000000000000e+03 1.273432990470695077e+05
3.393000000000000000e+03 1.274039561741544894e+05
3.394000000000000000e+03 1.274695752999132528e+05
3.395000000000000000e+03 1.276380318559719744e+05
3.396000000000000000e+03 1.277996683924218087e+05
3.397000000000000000e+03 1.278849524593298265e+05
3.398000000000000000e+03 1.279454678416616516e+05
3.399000000000000000e+03 1.281052064480107802e+05
3.400000000000000000e+03 1.281426813138007419e+05
3.401000000000000000e+03 1.281961743836117239e+05
3.402000000000000000e+03 1.283168367407304904e+05
3.403000000000000000e+03 1.282666370294300723e+05
3.404000000000000000e+03 1.281523543142579729e+05
3.405000000000000000e+03 1.281705004143294937e+05
3.406000000000000000e+03 1.282322679374934378e+05
3.407000000000000000e+03 1.279957750854468759e+05
3.408000000000000000e+03 1.280221741717270634e+05
3.409000000000000000e+03 1.280978125791844795e+05
3.410000000000000000e+03 1.281400283806235238e+05
3.411000000000000000e+03 1.280895703440943471e+05
3.412000000000000000e+03 1.280510423075177678e+05
3.413000000000000000e+03 1.280091064137552312e+05
3.414000000000000000e+03 1.281634857542771788e+05
3.415000000000000000e+03 1.283179449323516747e+05
3.416000000000000000e+03 1.283530002333243756e+05
3.417000000000000000e+03 1.283212576339799707e+05
3.418000000000000000e+03 1.282697840145184746e+05
3.419000000000000000e+03 1.283890600634099974e+05
3.420000000000000000e+03 1.283557827500482526e+05
3.421000000000000000e+03 1.283292402156080643e+05
3.422000000000000000e+03 1.283034773153062561e+05
3.423000000000000000e+03 1.282844514864130178e+05
3.424000000000000000e+03 1.281136767436373921e+05
3.425000000000000000e+03 1.281037596956843045e+05
3.426000000000000000e+03 1.280816687643625628e+05
3.427000000000000000e+03 1.280887125407651183e+05
3.428000000000000000e+03 1.280438637862652249e+05
3.429000000000000000e+03 1.280618839480982278e+05
3.430000000000000000e+03 1.282417950789406750e+05
3.431000000000000000e+03 1.284024009986390447e+05
3.432000000000000000e+03 1.284191729717544804e+05
3.433000000000000000e+03 1.284299100274027587e+05
3.434000000000000000e+03 1.284767220289662655e+05
3.435000000000000000e+03 1.286603921332717000e+05
3.436000000000000000e+03 1.287372894612958189e+05
3.437000000000000000e+03 1.288428212183874275e+05
3.438000000000000000e+03 1.289670920682234864e+05
3.439000000000000000e+03 1.289728751305738260e+05
3.440000000000000000e+03 1.290320261847842630e+05
3.441000000000000000e+03 1.291737914383224706e+05
3.442000000000000000e+03 1.292529941232484416e+05
3.443000000000000000e+03 1.292981069110224053e+05
3.444000000000000000e+03 1.294455438225319085e+05
3.445000000000000000e+03 1.293499323736326915e+05
3.446000000000000000e+03 1.293312052579383308e+05
3.447000000000000000e+03 1.294661820626762055e+05
3.448000000000000000e+03 1.295346267122111312e+05
3.449000000000000000e+03 1.295171402618844731e+05
3.450000000000000000e+03 1.295426701763558958e+05
3.451000000000000000e+03 1.296090029369037802e+05
3.452000000000000000e+03 1.296385642605511530e+05
3.453000000000000000e+03 1.297639237147466774e+05
3.454000000000000000e+03 1.299983386172059982e+05
3.455000000000000000e+03 1.301834271346927708e+05
3.456000000000000000e+03 1.301266524456536863e+05
3.457000000000000000e+03 1.301339630955815664e+05
3.458000000000000000e+03 1.301924103947199619e+05
3.459000000000000000e+03 1.304138336013129592e+05
3.460000000000000000e+03 1.304215964292116987e+05
3.461000000000000000e+03 1.304187991586114367e+05
3.462000000000000000e+03 1.303053595610611083e+05
3.463000000000000000e+03 1.303715219582574646e+05
3.464000000000000000e+03 1.305122827319305943e+05
3.465000000000000000e+03 1.305956020837879623e+05
3.466000000000000000e+03 1.305906514540353965e+05
3.467000000000000000e+03 1.305637877051936230e+05
3.468000000000000000e+03 1.304450501163915760e+05
3.469000000000000000e+03 1.303665299547571922e+05
3.470000000000000000e+03 1.303459455067053350e+05
3.471000000000000000e+03 1.304892409940908547e+05
3.472000000000000000e+03 1.306284056846732856e+05
3.473000000000000000e+03 1.306496725176940236e+05
3.474000000000000000e+03 1.306275113128657249e+05
3.475000000000000000e+03 1.306518989587600518e+05
3.476000000000000000e+03 1.307451648073737451e+05
3.477000000000000000e+03 1.309537426223665389e+05
3.478000000000000000e+03 1.311377025361648994e+05
3.479000000000000000e+03 1.310399694496418815e+05
3.480000000000000000e+03 1.309727719704655465e+05
3.481000000000000000e+03 1.310227755714320228e+05
3.482000000000000000e+03 1.310051887745424901e+05
3.483000000000000000e+03 1.309491781903238589e+05
3.484000000000000000e+03 1.308854613181526511e+05
3.485000000000000000e+03 1.308933271785090183e+05
3.486000000000000000e+03 1.310239210178331850e+05
3.487000000000000000e+03 1.310610432859575812e+05
3.488000000000000000e+03 1.311049810227555281e+05
3.489000000000000000e+03 1.311883617093839275e+05
3.490000000000000000e+03 1.312067678600577055e+05
3.491000000000000000e+03 1.313566205031231511e+05
3.492000000000000000e+03 1.313659774637151859e+05
3.493000000000000000e+03 1.315786444548237778e+05
3.494000000000000000e+03 1.317056378683916992e+05
3.495000000000000000e+03 1.317861604698626325e+05
3.496000000000000000e+03 1.318324369247708819e+05
3.497000000000000000e+03 1.319710655701974756e+05
3.498000000000000000e+03 1.319267448323010467e+05
3.499000000000000000e+03 1.319264141051081824e+05
3.500000000000000000e+03 1.320023621966858336e+05
3.501000000000000000e+03 1.320522653111197578e+05
3.502000000000000000e+03 1.319725581435772183e+05
3.503000000000000000e+03 1.320018678866450209e+05
3.504000000000000000e+03 1.321268357541081496e+05
3.505000000000000000e+03 1.321770788281861169e+05
3.506000000000000000e+03 1.320675369015974284e+05
3.507000000000000000e+03 1.320606043315140414e+05
3.508000000000000000e+03 1.321548993569838931e+05
3.509000000000000000e+03 1.322007562888266111e+05
3.510000000000000000e+03 1.321379340069781174e+05
3.511000000000000000e+03 1.321393556367298588e+05
3.512000000000000000e+03 1.321663024587532564e+05
3.513000000000000000e+03 1.321639122166835878e+05
3.514000000000000000e+03 1.320887813781019067e+05
3.515000000000000000e+03 1.319775707591687387e+05
3.516000000000000000e+03 1.321672505050384498e+05
3.517000000000000000e+03 1.323580317687346833e+05
3.518000000000000000e+03 1.324234469177207793e+05
3.519000000000000000e+03 1.323024119037522760e+05
3.520000000000000000e+03 1.323922666352344095e+05
3.521000000000000000e+03 1.323698684744874481e+05
3.522000000000000000e+03 1.324391362756074232e+05
3.523000000000000000e+03 1.323226370034574647e+05
3.524000000000000000e+03 1.324154561175756680e+05
3.525000000000000000e+03 1.323938999231192865e+05
3.526000000000000000e+03 1.323565326957756188e+05
3.527000000000000000e+03 1.324251223864763742e+05
3.528000000000000000e+03 1.324196752836036321e+05
3.529000000000000000e+03 1.323869477798675071e+05
3.530000000000000000e+03 1.323797742412709340e+05
3.531000000000000000e+03 1.324005794572240266e+05
3.532000000000000000e+03 1.324336660703673551e+05
3.533000000000000000e+03 1.323741572828737262e+05
3.534000000000000000e+03 1.322691207093096164e+05
3.535000000000000000e+03 1.321709114096910052e+05
3.536000000000000000e+03 1.322027185891994741e+05
3.537000000000000000e+03 1.322062055085859902e+05
3.538000000000000000e+03 1.322968764475058415e+05
3.539000000000000000e+03 1.324029414384176489e+05
3.540000000000000000e+03 1.324055618379216176e+05
3.541000000000000000e+03 1.324398359098260698e+05
3.542000000000000000e+03 1.325201279743250925e+05
3.543000000000000000e+03 1.324377145147252595e+05
3.544000000000000000e+03 1.324270442240525736e+05
3.545000000000000000e+03 1.323728516898009402e+05
3.546000000000000000e+03 1.323925385971000651e+05
3.547000000000000000e+03 1.323660228896644257e+05
3.548000000000000000e+03 1.323108216804770636e+05
3.549000000000000000e+03 1.322930690003069176e+05
3.550000000000000000e+03 1.324552141413053032e+05
3.551000000000000000e+03 1.326241358638464590e+05
3.552000000000000000e+03 1.327519842217223777e+05
3.553000000000000000e+03 1.327068731936873519e+05
3.554000000000000000e+03 1.327609565431674127e+05
3.555000000000000000e+03 1.327782109230004426e+05
3.556000000000000000e+03 1.328307200006752391e+05
3.557000000000000000e+03 1.326598562301502679e+05
3.558000000000000000e+03 1.327624160291533044e+05
3.559000000000000000e+03 1.328296902208208630e+05
3.560000000000000000e+03 1.327802057746678765e+05
3.561000000000000000e+03 1.326840943181085458e+05
3.562000000000000000e+03 1.327365815597933833e+05
3.563000000000000000e+03 1.327289448407054297e+05
3.564000000000000000e+03 1.328435845364197739e+05
3.565000000000000000e+03 1.327513480649362027e+05
3.566000000000000000e+03 1.327554441632901726e+05
3.567000000000000000e+03 1.327732988526197732e+05
3.568000000000000000e+03 1.328240143952268409e+05
3.569000000000000000e+03 1.329521793909621192e+05
3.570000000000000000e+03 1.330791591213106876e+05
3.571000000000000000e+03 1.332065886959886993e+05
3.572000000000000000e+03 1.331935343331983604e+05
3.573000000000000000e+03 1.330806505248369358e+05
3.574000000000000000e+03 1.329833020614350098e+05
3.575000000000000000e+03 1.330203371956311166e+05
3.576000000000000000e+03 1.330635839432012581e+05
3.577000000000000000e+03 1.330987936011427955e+05
3.578000000000000000e+03 1.331523711490913993e+05
3.579000000000000000e+03 1.330886853798852535e+05
3.580000000000000000e+03 1.332253974649238517e+05
3.581000000000000000e+03 1.331277431078206282e+05
3.582000000000000000e+03 1.331208247674921004e+05
3.583000000000000000e+03 1.331423408518797078e+05
3.584000000000000000e+03 1.330260926170945750e+05
3.585000000000000000e+03 1.330114009375851892e+05
3.586000000000000000e+03 1.329636796041544876e+05
3.587000000000000000e+03 1.329101698249527835e+05
3.588000000000000000e+03 1.328676525967249472e+05
3.589000000000000000e+03 1.328840635281914438e+05
3.590000000000000000e+03 1.328128502580748172e+05
3.591000000000000000e+03 1.328786592123559094e+05
3.592000000000000000e+03 1.329619447199610877e+05
3.593000000000000000e+03 1.330647421687989554e+05
3.594000000000000000e+03 1.332437176791995298e+05
3.595000000000000000e+03 1.333164275497766794e+05
3.596000000000000000e+03 1.334143501159992593e+05
3.597000000000000000e+03 1.334953566976827860e+05
3.598000000000000000e+03 1.336331768454163685e+05
3.599000000000000000e+03 1.337607672077363241e+05
3.600000000000000000e+03 1.337894311275245273e+05
3.601000000000000000e+03 1.337187406318591093e+05
3.602000000000000000e+03 1.338801919237223046e+05
3.603000000000000000e+03 1.339615185264169704e+05
3.604000000000000000e+03 1.338911179860377742e+05
3.605000000000000000e+03 1.338704221467148163e+05
3.606000000000000000e+03 1.337010320701057790e+05
3.607000000000000000e+03 1.335019845137284719e+05
3.608000000000000000e+03 1.335601172886069980e+05
3.609000000000000000e+03 1.336270953790740168e+05
3.610000000000000000e+03 1.336406003454262391e+05
3.611000000000000000e+03 1.336859237597027968e+05
3.612000000000000000e+03 1.337583541407074081e+05
3.613000000000000000e+03 1.337420898169199354e+05
3.614000000000000000e+03 1.336518661138631287e+05
3.615000000000000000e+03 1.336795413529350481e+05
3.616000000000000000e+03 1.337317366146730492e+05
3.617000000000000000e+03 1.334846229074634321e+05
3.618000000000000000e+03 1.336342816379157593e+05
3.619000000000000000e+03 1.335960129768724728e+05
3.620000000000000000e+03 1.336485502905553731e+05
3.621000000000000000e+03 1.338950837531040306e+05
3.622000000000000000e+03 1.337953431476298138e+05
3.623000000000000000e+03 1.338425438191905268e+05
3.624000000000000000e+03 1.338629119632150687e+05
3.625000000000000000e+03 1.341101343719567230e+05
3.626000000000000000e+03 1.342108941326166969e+05
3.627000000000000000e+03 1.341799936604875547e+05
3.628000000000000000e+03 1.340191564386333630e+05
3.629000000000000000e+03 1.340736006420915073e+05
3.630000000000000000e+03 1.340884243337773369e+05
3.631000000000000000e+03 1.341642624982511043e+05
3.632000000000000000e+03 1.341724998746881611e+05
3.633000000000000000e+03 1.340978939076546812e+05
3.634000000000000000e+03 1.341882825514563592e+05
3.635000000000000000e+03 1.342698712618973223e+05
3.636000000000000000e+03 1.344113850918166863e+05
3.637000000000000000e+03 1.345912166254053300e+05
3.638000000000000000e+03 1.346322297267599206e+05
3.639000000000000000e+03 1.348079709671091987e+05
3.640000000000000000e+03 1.348078960385203827e+05
3.641000000000000000e+03 1.348270936452520837e+05
3.642000000000000000e+03 1.348993124777685443e+05
3.643000000000000000e+03 1.349100814491243218e+05
3.644000000000000000e+03 1.350549154333442857e+05
3.645000000000000000e+03 1.350317816463720810e+05
3.646000000000000000e+03 1.351402889061452297e+05
3.647000000000000000e+03 1.353007038925733941e+05
3.648000000000000000e+03 1.354429766130356293e+05
3.649000000000000000e+03 1.354752069075047330e+05
3.650000000000000000e+03 1.353915232198960730e+05
3.651000000000000000e+03 1.353418129994519986e+05
3.652000000000000000e+03 1.354923388418955728e+05
3.653000000000000000e+03 1.355115536298062070e+05
3.654000000000000000e+03 1.354021443826534960e+05
3.655000000000000000e+03 1.353302588780922815e+05
3.656000000000000000e+03 1.354293556031988410e+05
3.657000000000000000e+03 1.354102632011683017e+05
3.658000000000000000e+03 1.353783012602627859e+05
3.659000000000000000e+03 1.355487437478647043e+05
3.660000000000000000e+03 1.355941277306070842e+05
3.661000000000000000e+03 1.356334600164260191e+05
3.662000000000000000e+03 1.357655025167879649e+05
3.663000000000000000e+03 1.356629045803140034e+05
3.664000000000000000e+03 1.356756551770045189e+05
3.665000000000000000e+03 1.358344591938788944e+05
3.666000000000000000e+03 1.360336679746692535e+05
3.667000000000000000e+03 1.361203338737043960e+05
3.668000000000000000e+03 1.361633487756177201e+05
3.669000000000000000e+03 1.362130650831042440e+05
3.670000000000000000e+03 1.362198279440862243e+05
3.671000000000000000e+03 1.364045184255852655e+05
3.672000000000000000e+03 1.363615764743878681e+05
3.673000000000000000e+03 1.363740631125073123e+05
3.674000000000000000e+03 1.361594656947698677e+05
3.675000000000000000e+03 1.362042759723222989e+05
3.676000000000000000e+03 1.362995842963348259e+05
3.677000000000000000e+03 1.363751842379749869e+05
3.678000000000000000e+03 1.367068369745546079e+05
3.679000000000000000e+03 1.368879865067267965e+05
3.680000000000000000e+03 1.370181103926374344e+05
3.681000000000000000e+03 1.372334127948923269e+05
3.682000000000000000e+03 1.373272207813980640e+05
3.683000000000000000e+03 1.373475263546020724e+05
3.684000000000000000e+03 1.374172348102611140e+05
3.685000000000000000e+03 1.375761319814824383e+05
3.686000000000000000e+03 1.376697264323907730e+05
3.687000000000000000e+03 1.376938996355959680e+05
3.688000000000000000e+03 1.377112427390508528e+05
3.689000000000000000e+03 1.377746956115919747e+05
3.690000000000000000e+03 1.377507039686767966e+05
3.691000000000000000e+03 1.378980213765804947e+05
3.692000000000000000e+03 1.379993746838610969e+05
3.693000000000000000e+03 1.379752279627196549e+05
3.694000000000000000e+03 1.380191159219348920e+05
3.695000000000000000e+03 1.380504107149291085e+05
3.696000000000000000e+03 1.380320220097385754e+05
3.697000000000000000e+03 1.380178109384553100e+05
3.698000000000000000e+03 1.380033527299328125e+05
3.699000000000000000e+03 1.379637621446135163e+05
3.700000000000000000e+03 1.380122558379646216e+05
3.701000000000000000e+03 1.378664166614066926e+05
3.702000000000000000e+03 1.380334600925723207e+05
3.703000000000000000e+03 1.380062790852007165e+05
3.704000000000000000e+03 1.380619071582644829e+05
3.705000000000000000e+03 1.380894402637619933e+05
3.706000000000000000e+03 1.380972479639149969e+05
3.707000000000000000e+03 1.380448483882106666e+05
3.708000000000000000e+03 1.380222715048414830e+05
3.709000000000000000e+03 1.379871402617951680e+05
3.710000000000000000e+03 1.380508586927685537e+05
3.711000000000000000e+03 1.381871649411459512e+05
3.712000000000000000e+03 1.383219771706187166e+05
3.713000000000000000e+03 1.382746680869220290e+05
3.714000000000000000e+03 1.382554091462315409e+05
3.715000000000000000e+03 1.381882642536901403e+05
3.716000000000000000e+03 1.382332608809501107e+05
3.717000000000000000e+03 1.382844582397390041e+05
3.718000000000000000e+03 1.384387445220594818e+05
3.719000000000000000e+03 1.385478192838833784e+05
3.720000000000000000e+03 1.384970702247582958e+05
3.721000000000000000e+03 1.385020746740274190e+05
3.722000000000000000e+03 1.384801284721535922e+05
3.723000000000000000e+03 1.386181986065393139e+05
3.724000000000000000e+03 1.386704189596871438e+05
3.725000000000000000e+03 1.387271841395391384e+05
3.726000000000000000e+03 1.390306207122860360e+05
3.727000000000000000e+03 1.391966627176459006e+05
3.728000000000000000e+03 1.391643466705431929e+05
3.729000000000000000e+03 1.390597916771734017e+05
3.730000000000000000e+03 1.391503118836213253e+05
3.731000000000000000e+03 1.391749253997287014e+05
3.732000000000000000e+03 1.391486723999839742e+05
3.733000000000000000e+03 1.391504392141025746e+05
3.734000000000000000e+03 1.392610060621043958e+05
3.735000000000000000e+03 1.393155339185367629e+05
3.736000000000000000e+03 1.393877840897282294e+05
3.737000000000000000e+03 1.394315578959760023e+05
3.738000000000000000e+03 1.394538706293092691e+05
3.739000000000000000e+03 1.395524758210237196e+05
3.740000000000000000e+03 1.394627120769997709e+05
3.741000000000000000e+03 1.395898456766169984e+05
3.742000000000000000e+03 1.396492364239843155e+05
3.743000000000000000e+03 1.395241044677091704e+05
3.744000000000000000e+03 1.396366475116799702e+05
3.745000000000000000e+03 1.396661015877451864e+05
3.746000000000000000e+03 1.398148229823878210e+05
3.747000000000000000e+03 1.399229298840610136e+05
3.748000000000000000e+03 1.399455029679653817e+05
3.749000000000000000e+03 1.400891758775472117e+05
3.750000000000000000e+03 1.401287950563447957e+05
3.751000000000000000e+03 1.401156072921396699e+05
3.752000000000000000e+03 1.400838466216155502e+05
3.753000000000000000e+03 1.399639447444106336e+05
3.754000000000000000e+03 1.400451793187013827e+05
3.755000000000000000e+03 1.401275064132792177e+05
3.756000000000000000e+03 1.402777165964961168e+05
3.757000000000000000e+03 1.402577461363798648e+05
3.758000000000000000e+03 1.402448447460402967e+05
3.759000000000000000e+03 1.400924658004464000e+05
3.760000000000000000e+03 1.399533856615592376e+05
3.761000000000000000e+03 1.400312153498548723e+05
3.762000000000000000e+03 1.399948726729385671e+05
3.763000000000000000e+03 1.398727327151866048e+05
3.764000000000000000e+03 1.398403036474953115e+05
3.765000000000000000e+03 1.399595729804263101e+05
3.766000000000000000e+03 1.401190152852027677e+05
3.767000000000000000e+03 1.402253367463959148e+05
3.768000000000000000e+03 1.400764509488978074e+05
3.769000000000000000e+03 1.400927288354891061e+05
3.770000000000000000e+03 1.402645757273237396e+05
3.771000000000000000e+03 1.403929041704348929e+05
3.772000000000000000e+03 1.406114109242241539e+05
3.773000000000000000e+03 1.404826042474561254e+05
3.774000000000000000e+03 1.405191252664340427e+05
3.775000000000000000e+03 1.407886844062132004e+05
3.776000000000000000e+03 1.408745870807112369e+05
3.777000000000000000e+03 1.408509588959087559e+05
3.778000000000000000e+03 1.409547074112002447e+05
3.779000000000000000e+03 1.409493828326512012e+05
3.780000000000000000e+03 1.410421965360342874e+05
3.781000000000000000e+03 1.410063676378841628e+05
3.782000000000000000e+03 1.409756856582442997e+05
3.783000000000000000e+03 1.409500916325671133e+05
3.784000000000000000e+03 1.410832315034588391e+05
3.785000000000000000e+03 1.409100371488878445e+05
3.786000000000000000e+03 1.409506600749708596e+05
3.787000000000000000e+03 1.411329859342915297e+05
3.788000000000000000e+03 1.411293381643799075e+05
3.789000000000000000e+03 1.412271994128159131e+05
3.790000000000000000e+03 1.413452369216306834e+05
3.791000000000000000e+03 1.413563301766559307e+05
3.792000000000000000e+03 1.415218298733573465e+05
3.793000000000000000e+03 1.416055683754735219e+05
3.794000000000000000e+03 1.415948985222392657e+05
3.795000000000000000e+03 1.416462523755381990e+05
3.796000000000000000e+03 1.416071046897522465e+05
3.797000000000000000e+03 1.416373805208721315e+05
3.798000000000000000e+03 1.415974419137057557e+05
3.799000000000000000e+03 1.415074944640971662e+05
3.800000000000000000e+03 1.416885525818585011e+05
3.801000000000000000e+03 1.416437668126955105e+05
3.802000000000000000e+03 1.416789725335434778e+05
3.803000000000000000e+03 1.416765874065422977e+05
3.804000000000000000e+03 1.416436708651058725e+05
3.805000000000000000e+03 1.415672549116259324e+05
3.806000000000000000e+03 1.415744824745353835e+05
3.807000000000000000e+03 1.415788989241325471e+05
3.808000000000000000e+03 1.415145746629417117e+05
3.809000000000000000e+03 1.416357347942985361e+05
3.810000000000000000e+03 1.416006312273964577e+05
3.811000000000000000e+03 1.414291910120809043e+05
3.812000000000000000e+03 1.415099832170729642e+05
3.813000000000000000e+03 1.417222847319732246e+05
3.814000000000000000e+03 1.418445623562671826e+05
3.815000000000000000e+03 1.420345216047301947e+05
3.816000000000000000e+03 1.419652322140945471e+05
3.817000000000000000e+03 1.420776041520494036e+05
3.818000000000000000e+03 1.420975917344093323e+05
3.819000000000000000e+03 1.422535203664431465e+05
3.820000000000000000e+03 1.423188132958693604e+05
3.821000000000000000e+03 1.421296852295451972e+05
3.822000000000000000e+03 1.422446873713690147e+05
3.823000000000000000e+03 1.422494478866971040e+05
3.824000000000000000e+03 1.421059315528557345e+05
3.825000000000000000e+03 1.421346311091884854e+05
3.826000000000000000e+03 1.421188509744280309e+05
3.827000000000000000e+03 1.422674136555005680e+05
3.828000000000000000e+03 1.422663232809510373e+05
3.829000000000000000e+03 1.421586074385249231e+05
3.830000000000000000e+03 1.420678222572405357e+05
3.831000000000000000e+03 1.420390418270526570e+05
3.832000000000000000e+03 1.421718144778361602e+05
3.833000000000000000e+03 1.420880365265543514e+05
3.834000000000000000e+03 1.421414725068810803e+05
3.835000000000000000e+03 1.422183768271617009e+05
3.836000000000000000e+03 1.421415453981656756e+05
3.837000000000000000e+03 1.421453817557675939e+05
3.838000000000000000e+03 1.422432900756722083e+05
3.839000000000000000e+03 1.424539342307001934e+05
3.840000000000000000e+03 1.423592981847161136e+05
3.841000000000000000e+03 1.423763552417971659e+05
3.842000000000000000e+03 1.424559438039697707e+05
3.843000000000000000e+03 1.424915998957919946e+05
3.844000000000000000e+03 1.425854306441872031e+05
3.845000000000000000e+03 1.426000235142260208e+05
3.846000000000000000e+03 1.427389408306523110e+05
3.847000000000000000e+03 1.428577130500306084e+05
3.848000000000000000e+03 1.428524047498715809e+05
3.849000000000000000e+03 1.429888799118224997e+05
3.850000000000000000e+03 1.430973992298505036e+05
3.851000000000000000e+03 1.430949497214838630e+05
3.852000000000000000e+03 1.431989599872630206e+05
3.853000000000000000e+03 1.432039481100432749e+05
3.854000000000000000e+03 1.431167602124701662e+05
3.855000000000000000e+03 1.429831277140662423e+05
3.856000000000000000e+03 1.428587076075670193e+05
3.857000000000000000e+03 1.430513952150116093e+05
3.858000000000000000e+03 1.433007074577354360e+05
3.859000000000000000e+03 1.433853548354550439e+05
3.860000000000000000e+03 1.434391470267061668e+05
3.861000000000000000e+03 1.435384852442106931e+05
3.862000000000000000e+03 1.435409393307180144e+05
3.863000000000000000e+03 1.435283202008205699e+05
3.864000000000000000e+03 1.436497656849827326e+05
3.865000000000000000e+03 1.438687895139428438e+05
3.866000000000000000e+03 1.437649213677301595e+05
3.867000000000000000e+03 1.437588366327633848e+05
3.868000000000000000e+03 1.436295153057607822e+05
3.869000000000000000e+03 1.435698033573187131e+05
3.870000000000000000e+03 1.436137930669852358e+05
3.871000000000000000e+03 1.435550200441710476e+05
3.872000000000000000e+03 1.435404029929267126e+05
3.873000000000000000e+03 1.435485284837217769e+05
3.874000000000000000e+03 1.435529558103892778e+05
3.875000000000000000e+03 1.436596545034784940e+05
3.876000000000000000e+03 1.435996542820356553e+05
3.877000000000000000e+03 1.436458560143140785e+05
3.878000000000000000e+03 1.435683225925677980e+05
3.879000000000000000e+03 1.436068227974662150e+05
3.880000000000000000e+03 1.436466111531347851e+05
3.881000000000000000e+03 1.436200170918909134e+05
3.882000000000000000e+03 1.436937348109111190e+05
3.883000000000000000e+03 1.437813354300888604e+05
3.884000000000000000e+03 1.438606966513985244e+05
3.885000000000000000e+03 1.438463899869203451e+05
3.886000000000000000e+03 1.438947755423145136e+05
3.887000000000000000e+03 1.439723952389008773e+05
3.888000000000000000e+03 1.439487716869758442e+05
3.889000000000000000e+03 1.439853276526480331e+05
3.890000000000000000e+03 1.439690294480030425e+05
3.891000000000000000e+03 1.439697943845754780e+05
3.892000000000000000e+03 1.440455485131149762e+05
3.893000000000000000e+03 1.442077865267536836e+05
3.894000000000000000e+03 1.442840862528261205e+05
3.895000000000000000e+03 1.442333909738670627e+05
3.896000000000000000e+03 1.443560614123202395e+05
3.897000000000000000e+03 1.443429646608834737e+05
3.898000000000000000e+03 1.442851400204092497e+05
3.899000000000000000e+03 1.442583867177654756e+05
3.900000000000000000e+03 1.444469856785036682e+05
3.901000000000000000e+03 1.444761842123399838e+05
3.902000000000000000e+03 1.445351795376521186e+05
3.903000000000000000e+03 1.445904499157536484e+05
3.904000000000000000e+03 1.445544338447762420e+05
3.905000000000000000e+03 1.446431736033813795e+05
3.906000000000000000e+03 1.446100527489504893e+05
3.907000000000000000e+03 1.447749198526305263e+05
3.908000000000000000e+03 1.448947913412124326e+05
3.909000000000000000e+03 1.449236641964276496e+05
3.910000000000000000e+03 1.449436955162001541e+05
3.911000000000000000e+03 1.449007041785466427e+05
3.912000000000000000e+03 1.449851001274790033e+05
3.913000000000000000e+03 1.450927794301291287e+05
3.914000000000000000e+03 1.451627440886690747e+05
3.915000000000000000e+03 1.453212165475309012e+05
3.916000000000000000e+03 1.453383274553646916e+05
3.917000000000000000e+03 1.455420550792063295e+05
3.918000000000000000e+03 1.456569463138239516e+05
3.919000000000000000e+03 1.457015136178793909e+05
3.920000000000000000e+03 1.456829515937148244e+05
3.921000000000000000e+03 1.456814652483586106e+05
3.922000000000000000e+03 1.455699926718923671e+05
3.923000000000000000e+03 1.455489129907423048e+05
3.924000000000000000e+03 1.456903447692506015e+05
3.925000000000000000e+03 1.457936376054264256e+05
3.926000000000000000e+03 1.458184152812608227e+05
3.927000000000000000e+03 1.459687158896407636e+05
3.928000000000000000e+03 1.462296715213795251e+05
3.929000000000000000e+03 1.463392246007699578e+05
3.930000000000000000e+03 1.463148521317195846e+05
3.931000000000000000e+03 1.463022422767940443e+05
3.932000000000000000e+03 1.463588271468675812e+05
3.933000000000000000e+03 1.463658225757439213e+05
3.934000000000000000e+03 1.465664681034403620e+05
3.935000000000000000e+03 1.465663133198679134e+05
3.936000000000000000e+03 1.464684428308112547e+05
3.937000000000000000e+03 1.466002796134004893e+05
3.938000000000000000e+03 1.467276723225423193e+05
3.939000000000000000e+03 1.467140858289473690e+05
3.940000000000000000e+03 1.468341241774074733e+05
3.941000000000000000e+03 1.468414913544277661e+05
3.942000000000000000e+03 1.468149216644052649e+05
3.943000000000000000e+03 1.468857401539951679e+05
3.944000000000000000e+03 1.468573393498017394e+05
3.945000000000000000e+03 1.469763620085395523e+05
3.946000000000000000e+03 1.468684253035089932e+05
3.947000000000000000e+03 1.468850449279386958e+05
3.948000000000000000e+03 1.469811579216114187e+05
3.949000000000000000e+03 1.471908612052208919e+05
3.950000000000000000e+03 1.472512401955805835e+05
3.951000000000000000e+03 1.472033173456327640e+05
3.952000000000000000e+03 1.470974587031069095e+05
3.953000000000000000e+03 1.472105202596642775e+05
3.954000000000000000e+03 1.472956292017751257e+05
3.955000000000000000e+03 1.471874187513143406e+05
3.956000000000000000e+03 1.472078021409655048e+05
3.957000000000000000e+03 1.473765322070282418e+05
3.958000000000000000e+03 1.474748298436565674e+05
3.959000000000000000e+03 1.475017044019801542e+05
3.960000000000000000e+03 1.474851319729486713e+05
3.961000000000000000e+03 1.476361295172857936e+05
3.962000000000000000e+03 1.476548863910212531e+05
3.963000000000000000e+03 1.475284919665126945e+05
3.964000000000000000e+03 1.475702016415708640e+05
3.965000000000000000e+03 1.476187811326543742e+05
3.966000000000000000e+03 1.477807996742213145e+05
3.967000000000000000e+03 1.479715551156581787e+05
3.968000000000000000e+03 1.481777487176466384e+05
3.969000000000000000e+03 1.482611393035997753e+05
3.970000000000000000e+03 1.483546256826957397e+05
3.971000000000000000e+03 1.483541515353700670e+05
3.972000000000000000e+03 1.483752853848428931e+05
3.973000000000000000e+03 1.482408715811597940e+05
3.974000000000000000e+03 1.481989215567227802e+05
3.975000000000000000e+03 1.481643040169662854e+05
3.976000000000000000e+03 1.481279584675510705e+05
3.977000000000000000e+03 1.479909830368635594e+05
3.978000000000000000e+03 1.477765219403652300e+05
3.979000000000000000e+03 1.477892316937209689e+05
3.980000000000000000e+03 1.478560903314834286e+05
3.981000000000000000e+03 1.477761555995771196e+05
3.982000000000000000e+03 1.478718892692486406e+05
3.983000000000000000e+03 1.478840331365333113e+05
3.984000000000000000e+03 1.477908158511958609e+05
3.985000000000000000e+03 1.478025221758226980e+05
3.986000000000000000e+03 1.478806480448908987e+05
3.987000000000000000e+03 1.478658259094785608e+05
3.988000000000000000e+03 1.476965070864437439e+05
3.989000000000000000e+03 1.478418916000940662e+05
3.990000000000000000e+03 1.479972591912224889e+05
3.991000000000000000e+03 1.481598243012210878e+05
3.992000000000000000e+03 1.481613078647222719e+05
3.993000000000000000e+03 1.481330623340695747e+05
3.994000000000000000e+03 1.482579391584734549e+05
3.995000000000000000e+03 1.484642949029206356e+05
3.996000000000000000e+03 1.486905906853530323e+05
3.997000000000000000e+03 1.487326851170555165e+05
3.998000000000000000e+03 1.488101470742633683e+05
3.999000000000000000e+03 1.488016578749872860e+05
