# time_reduced msd_reduced
# region=central
# central=0.333333333333:0.666666666667
# outer=0:0.250000000000,0.750000000000:1
# transition=0.250000000000:0.333333333333,0.666666666667:0.750000000000
# atom_types=[2]
# n_selected=2510
# subtract_group_com_drift=True
0.000000000000000000e+00 0.000000000000000000e+00
1.000000000000000000e+00 1.475569113395275167e+01
2.000000000000000000e+00 3.012876856716312091e+01
3.000000000000000000e+00 4.818430558787444085e+01
4.000000000000000000e+00 6.936016428112870358e+01
5.000000000000000000e+00 9.040666459055651671e+01
6.000000000000000000e+00 1.115604017071170802e+02
7.000000000000000000e+00 1.326384526101341805e+02
8.000000000000000000e+00 1.573037352727545226e+02
9.000000000000000000e+00 1.793914732269792864e+02
1.000000000000000000e+01 2.051820253399659748e+02
1.100000000000000000e+01 2.234088582972333654e+02
1.200000000000000000e+01 2.486980829968686635e+02
1.300000000000000000e+01 2.731452485546211051e+02
1.400000000000000000e+01 2.955361412106146872e+02
1.500000000000000000e+01 3.070651560800635025e+02
1.600000000000000000e+01 3.295864875561856593e+02
1.700000000000000000e+01 3.539492874439083039e+02
1.800000000000000000e+01 3.721324712108319659e+02
1.900000000000000000e+01 3.918659670609291652e+02
2.000000000000000000e+01 4.141918517453122490e+02
2.100000000000000000e+01 4.279159259465031369e+02
2.200000000000000000e+01 4.590150124153738034e+02
2.300000000000000000e+01 4.848547294024371581e+02
2.400000000000000000e+01 5.164359310057400307e+02
2.500000000000000000e+01 5.501200457476599013e+02
2.600000000000000000e+01 5.789174694926448410e+02
2.700000000000000000e+01 6.020620847297392402e+02
2.800000000000000000e+01 6.105183759439390769e+02
2.900000000000000000e+01 6.401599737155511320e+02
3.000000000000000000e+01 6.832566969853811543e+02
3.100000000000000000e+01 7.139599117098885017e+02
3.200000000000000000e+01 7.301089954178679591e+02
3.300000000000000000e+01 7.493027478031949613e+02
3.400000000000000000e+01 7.823603154790755525e+02
3.500000000000000000e+01 8.164205038301811328e+02
3.600000000000000000e+01 8.397200542329695736e+02
3.700000000000000000e+01 8.759545229631090706e+02
3.800000000000000000e+01 8.996835223818767417e+02
3.900000000000000000e+01 9.312182530021977982e+02
4.000000000000000000e+01 9.645215410558646454e+02
4.100000000000000000e+01 9.899472213173281716e+02
4.200000000000000000e+01 1.019598215948407528e+03
4.300000000000000000e+01 1.044813325439277378e+03
4.400000000000000000e+01 1.079987969337201321e+03
4.500000000000000000e+01 1.116468462644937517e+03
4.600000000000000000e+01 1.141502734279702054e+03
4.700000000000000000e+01 1.178196911746038950e+03
4.800000000000000000e+01 1.214729356597533069e+03
4.900000000000000000e+01 1.237006167097276830e+03
5.000000000000000000e+01 1.262442774973937276e+03
5.100000000000000000e+01 1.279507311201225548e+03
5.200000000000000000e+01 1.302281942207849852e+03
5.300000000000000000e+01 1.341105634668391986e+03
5.400000000000000000e+01 1.366938686314666029e+03
5.500000000000000000e+01 1.408244383468578235e+03
5.600000000000000000e+01 1.438577769384322210e+03
5.700000000000000000e+01 1.476420866862025377e+03
5.800000000000000000e+01 1.506096444713663459e+03
5.900000000000000000e+01 1.522451492620345562e+03
6.000000000000000000e+01 1.556790924440605295e+03
6.100000000000000000e+01 1.595948292391355153e+03
6.200000000000000000e+01 1.632597192041821472e+03
6.300000000000000000e+01 1.651746858010345250e+03
6.400000000000000000e+01 1.679463669061825840e+03
6.500000000000000000e+01 1.715234266380309009e+03
6.600000000000000000e+01 1.742780498193294306e+03
6.700000000000000000e+01 1.775190356090225578e+03
6.800000000000000000e+01 1.818785404635468694e+03
6.900000000000000000e+01 1.858640377162184222e+03
7.000000000000000000e+01 1.883763495086442845e+03
7.100000000000000000e+01 1.931648912323082868e+03
7.200000000000000000e+01 1.961980815969130845e+03
7.300000000000000000e+01 1.983726687743280308e+03
7.400000000000000000e+01 2.011507303907855885e+03
7.500000000000000000e+01 2.048514982796425556e+03
7.600000000000000000e+01 2.095006364748717715e+03
7.700000000000000000e+01 2.133632383410667444e+03
7.800000000000000000e+01 2.160771242188282940e+03
7.900000000000000000e+01 2.191845184685896129e+03
8.000000000000000000e+01 2.244237204046014540e+03
8.100000000000000000e+01 2.272899375788107591e+03
8.200000000000000000e+01 2.275661028272164458e+03
8.300000000000000000e+01 2.309429795751412712e+03
8.400000000000000000e+01 2.341549553319004644e+03
8.500000000000000000e+01 2.346540661484874363e+03
8.600000000000000000e+01 2.366125984953857369e+03
8.700000000000000000e+01 2.382991420167958950e+03
8.800000000000000000e+01 2.400167169102108346e+03
8.900000000000000000e+01 2.432509465238808389e+03
9.000000000000000000e+01 2.463593925954807219e+03
9.100000000000000000e+01 2.481863050659425880e+03
9.200000000000000000e+01 2.521552294067272214e+03
9.300000000000000000e+01 2.569215427838857522e+03
9.400000000000000000e+01 2.593889488877958684e+03
9.500000000000000000e+01 2.595392875100462334e+03
9.600000000000000000e+01 2.640789401611413268e+03
9.700000000000000000e+01 2.675582502349585411e+03
9.800000000000000000e+01 2.706086262246425576e+03
9.900000000000000000e+01 2.729641305959686179e+03
1.000000000000000000e+02 2.724998474157924647e+03
1.010000000000000000e+02 2.744376978999472612e+03
1.020000000000000000e+02 2.798106408872826250e+03
1.030000000000000000e+02 2.847767433078037357e+03
1.040000000000000000e+02 2.899201898294440980e+03
1.050000000000000000e+02 2.945537841584808575e+03
1.060000000000000000e+02 2.975996609374055424e+03
1.070000000000000000e+02 3.006661706587670778e+03
1.080000000000000000e+02 3.055456506580754194e+03
1.090000000000000000e+02 3.081637280781066238e+03
1.100000000000000000e+02 3.136014265570284806e+03
1.110000000000000000e+02 3.163555833260571944e+03
1.120000000000000000e+02 3.208594161155861457e+03
1.130000000000000000e+02 3.230737099379446590e+03
1.140000000000000000e+02 3.267916552445373327e+03
1.150000000000000000e+02 3.307186234702054662e+03
1.160000000000000000e+02 3.340265039660958792e+03
1.170000000000000000e+02 3.368099510173260569e+03
1.180000000000000000e+02 3.409559744723756921e+03
1.190000000000000000e+02 3.441295675475008011e+03
1.200000000000000000e+02 3.453557837813573315e+03
1.210000000000000000e+02 3.484286333199732780e+03
1.220000000000000000e+02 3.496815801059252863e+03
1.230000000000000000e+02 3.520157289829777255e+03
1.240000000000000000e+02 3.571921700654986125e+03
1.250000000000000000e+02 3.606441606470058105e+03
1.260000000000000000e+02 3.635948503873797108e+03
1.270000000000000000e+02 3.665621376869746655e+03
1.280000000000000000e+02 3.693648542015054318e+03
1.290000000000000000e+02 3.725119727808203152e+03
1.300000000000000000e+02 3.753878850994123241e+03
1.310000000000000000e+02 3.791882600001738410e+03
1.320000000000000000e+02 3.827239402207460444e+03
1.330000000000000000e+02 3.838963188375704704e+03
1.340000000000000000e+02 3.857376687901051355e+03
1.350000000000000000e+02 3.874530764732051466e+03
1.360000000000000000e+02 3.895862191525430262e+03
1.370000000000000000e+02 3.957529567109619165e+03
1.380000000000000000e+02 3.982384914486895468e+03
1.390000000000000000e+02 4.036699539958211517e+03
1.400000000000000000e+02 4.095519748490147322e+03
1.410000000000000000e+02 4.119101868554834255e+03
1.420000000000000000e+02 4.145667056005990162e+03
1.430000000000000000e+02 4.182025686229025268e+03
1.440000000000000000e+02 4.220718968401231905e+03
1.450000000000000000e+02 4.260907226483254817e+03
1.460000000000000000e+02 4.284145278370650885e+03
1.470000000000000000e+02 4.332638525501127333e+03
1.480000000000000000e+02 4.392807507416271619e+03
1.490000000000000000e+02 4.416036016800027028e+03
1.500000000000000000e+02 4.468444113749600547e+03
1.510000000000000000e+02 4.511399701743013793e+03
1.520000000000000000e+02 4.525253121282619759e+03
1.530000000000000000e+02 4.562697501770187046e+03
1.540000000000000000e+02 4.581142007271271723e+03
1.550000000000000000e+02 4.604243257407150850e+03
1.560000000000000000e+02 4.640827152579538051e+03
1.570000000000000000e+02 4.695141742107468417e+03
1.580000000000000000e+02 4.743111627813934319e+03
1.590000000000000000e+02 4.773403028018035911e+03
1.600000000000000000e+02 4.837802690838654598e+03
1.610000000000000000e+02 4.884254103831885914e+03
1.620000000000000000e+02 4.929494387729869231e+03
1.630000000000000000e+02 4.977356650113021715e+03
1.640000000000000000e+02 5.015831786398023723e+03
1.650000000000000000e+02 5.026129556950381811e+03
1.660000000000000000e+02 5.037909299236928746e+03
1.670000000000000000e+02 5.101267288520372858e+03
1.680000000000000000e+02 5.123632604158751747e+03
1.690000000000000000e+02 5.145886474313507279e+03
1.700000000000000000e+02 5.170619484679581547e+03
1.710000000000000000e+02 5.198203571459626801e+03
1.720000000000000000e+02 5.239703204624477621e+03
1.730000000000000000e+02 5.271418937041416029e+03
1.740000000000000000e+02 5.319169620855608628e+03
1.750000000000000000e+02 5.341978158380108653e+03
1.760000000000000000e+02 5.407059632798201164e+03
1.770000000000000000e+02 5.440609307551737402e+03
1.780000000000000000e+02 5.460355542275103289e+03
1.790000000000000000e+02 5.490647444040166192e+03
1.800000000000000000e+02 5.526884115410060076e+03
1.810000000000000000e+02 5.551017784821151508e+03
1.820000000000000000e+02 5.598559950885014587e+03
1.830000000000000000e+02 5.662777167182635822e+03
1.840000000000000000e+02 5.681687407004836132e+03
1.850000000000000000e+02 5.698086518273417823e+03
1.860000000000000000e+02 5.694595434881765868e+03
1.870000000000000000e+02 5.739825615161136739e+03
1.880000000000000000e+02 5.781547556662923853e+03
1.890000000000000000e+02 5.829806502433548303e+03
1.900000000000000000e+02 5.837312214751721513e+03
1.910000000000000000e+02 5.885823666676473295e+03
1.920000000000000000e+02 5.902127585040524536e+03
1.930000000000000000e+02 5.904823287882632940e+03
1.940000000000000000e+02 5.915506150240729767e+03
1.950000000000000000e+02 5.964952765867116796e+03
1.960000000000000000e+02 5.997651382423180621e+03
1.970000000000000000e+02 5.998066749448090377e+03
1.980000000000000000e+02 6.030384593963777661e+03
1.990000000000000000e+02 6.098261410733981393e+03
2.000000000000000000e+02 6.106560866758736665e+03
2.010000000000000000e+02 6.138680094261688282e+03
2.020000000000000000e+02 6.159838794253172637e+03
2.030000000000000000e+02 6.203256486527389825e+03
2.040000000000000000e+02 6.224694354177622699e+03
2.050000000000000000e+02 6.241298670292466340e+03
2.060000000000000000e+02 6.259787884511194534e+03
2.070000000000000000e+02 6.319983848988306818e+03
2.080000000000000000e+02 6.363455671100116888e+03
2.090000000000000000e+02 6.371192592745971524e+03
2.100000000000000000e+02 6.416132524571395152e+03
2.110000000000000000e+02 6.456132520991528509e+03
2.120000000000000000e+02 6.503470027236596252e+03
2.130000000000000000e+02 6.513323202887061598e+03
2.140000000000000000e+02 6.545599335216138570e+03
2.150000000000000000e+02 6.595671719209570256e+03
2.160000000000000000e+02 6.639116992744582603e+03
2.170000000000000000e+02 6.684756428972677895e+03
2.180000000000000000e+02 6.742050750238849105e+03
2.190000000000000000e+02 6.791382805350162016e+03
2.200000000000000000e+02 6.810956725723522140e+03
2.210000000000000000e+02 6.864126255268982277e+03
2.220000000000000000e+02 6.919957812250559982e+03
2.230000000000000000e+02 6.960182066878694059e+03
2.240000000000000000e+02 6.985384004975082462e+03
2.250000000000000000e+02 7.021468483477657173e+03
2.260000000000000000e+02 7.090596407503916453e+03
2.270000000000000000e+02 7.144523797979036317e+03
2.280000000000000000e+02 7.152116576700832411e+03
2.290000000000000000e+02 7.205552212474305634e+03
2.300000000000000000e+02 7.250785812673326291e+03
2.310000000000000000e+02 7.339361228038792433e+03
2.320000000000000000e+02 7.436658540377447935e+03
2.330000000000000000e+02 7.459062877108174689e+03
2.340000000000000000e+02 7.517640449112870556e+03
2.350000000000000000e+02 7.554388156637662178e+03
2.360000000000000000e+02 7.611416921412104784e+03
2.370000000000000000e+02 7.654388713531783651e+03
2.380000000000000000e+02 7.705440796299174508e+03
2.390000000000000000e+02 7.765016733847001888e+03
2.400000000000000000e+02 7.821674040015268474e+03
2.410000000000000000e+02 7.870210115191643126e+03
2.420000000000000000e+02 7.863973749831820896e+03
2.430000000000000000e+02 7.923777364647403374e+03
2.440000000000000000e+02 7.976635696481931518e+03
2.450000000000000000e+02 7.993292710381800134e+03
2.460000000000000000e+02 8.059018681105736505e+03
2.470000000000000000e+02 8.118498913133676069e+03
2.480000000000000000e+02 8.200850438184241284e+03
2.490000000000000000e+02 8.232479132611981186e+03
2.500000000000000000e+02 8.275452923644388648e+03
2.510000000000000000e+02 8.301155995943490780e+03
2.520000000000000000e+02 8.363497046003449213e+03
2.530000000000000000e+02 8.402062145133801096e+03
2.540000000000000000e+02 8.448801648787273734e+03
2.550000000000000000e+02 8.502199287200593972e+03
2.560000000000000000e+02 8.524603306062095726e+03
2.570000000000000000e+02 8.561343665517273621e+03
2.580000000000000000e+02 8.608100021761512835e+03
2.590000000000000000e+02 8.632488287971889804e+03
2.600000000000000000e+02 8.649789722503308440e+03
2.610000000000000000e+02 8.668550022567445922e+03
2.620000000000000000e+02 8.689327481286620241e+03
2.630000000000000000e+02 8.735444734012195113e+03
2.640000000000000000e+02 8.764961958015936034e+03
2.650000000000000000e+02 8.787373399086944119e+03
2.660000000000000000e+02 8.813639501809730064e+03
2.670000000000000000e+02 8.846846822585332120e+03
2.680000000000000000e+02 8.869882576433590657e+03
2.690000000000000000e+02 8.912109117035217423e+03
2.700000000000000000e+02 8.967714551263365138e+03
2.710000000000000000e+02 9.034662720286365584e+03
2.720000000000000000e+02 9.076893049366284686e+03
2.730000000000000000e+02 9.123629785661649294e+03
2.740000000000000000e+02 9.157714468311349265e+03
2.750000000000000000e+02 9.160986742798440901e+03
2.760000000000000000e+02 9.176932479188270008e+03
2.770000000000000000e+02 9.170176759178708380e+03
2.780000000000000000e+02 9.202847318343889128e+03
2.790000000000000000e+02 9.235007126321017495e+03
2.800000000000000000e+02 9.233346203379012877e+03
2.810000000000000000e+02 9.282533015677759977e+03
2.820000000000000000e+02 9.340412766405635921e+03
2.830000000000000000e+02 9.360418495201931364e+03
2.840000000000000000e+02 9.436832430257783926e+03
2.850000000000000000e+02 9.480347306199164450e+03
2.860000000000000000e+02 9.527600431234743155e+03
2.870000000000000000e+02 9.561272913648410395e+03
2.880000000000000000e+02 9.612869835676823641e+03
2.890000000000000000e+02 9.642696219958632355e+03
2.900000000000000000e+02 9.706224800616731955e+03
2.910000000000000000e+02 9.769972366052219513e+03
2.920000000000000000e+02 9.863102869086769715e+03
2.930000000000000000e+02 9.888809946016004687e+03
2.940000000000000000e+02 9.964206664122571965e+03
2.950000000000000000e+02 1.000105312006946406e+04
2.960000000000000000e+02 1.003959012118370265e+04
2.970000000000000000e+02 1.007936161136225564e+04
2.980000000000000000e+02 1.013798761375992217e+04
2.990000000000000000e+02 1.014955914174155077e+04
3.000000000000000000e+02 1.017666352084853497e+04
3.010000000000000000e+02 1.026165487013148777e+04
3.020000000000000000e+02 1.028882284933111987e+04
3.030000000000000000e+02 1.033502591091182148e+04
3.040000000000000000e+02 1.035986630015804258e+04
3.050000000000000000e+02 1.038661894151052002e+04
3.060000000000000000e+02 1.046715327828248519e+04
3.070000000000000000e+02 1.050176235817803718e+04
3.080000000000000000e+02 1.051291671862385556e+04
3.090000000000000000e+02 1.056146876874950431e+04
3.100000000000000000e+02 1.060330600715645960e+04
3.110000000000000000e+02 1.065214803223732270e+04
3.120000000000000000e+02 1.068452391460796389e+04
3.130000000000000000e+02 1.074329041812264404e+04
3.140000000000000000e+02 1.079939520197130150e+04
3.150000000000000000e+02 1.090914256416303033e+04
3.160000000000000000e+02 1.097855636932110428e+04
3.170000000000000000e+02 1.106203755519621336e+04
3.180000000000000000e+02 1.107896067683351066e+04
3.190000000000000000e+02 1.112921814029335474e+04
3.200000000000000000e+02 1.120907575286569227e+04
3.210000000000000000e+02 1.126903864919258558e+04
3.220000000000000000e+02 1.130535326158955831e+04
3.230000000000000000e+02 1.137534741047340140e+04
3.240000000000000000e+02 1.140441559830944607e+04
3.250000000000000000e+02 1.143020123280444386e+04
3.260000000000000000e+02 1.142642587060149708e+04
3.270000000000000000e+02 1.142702413763702862e+04
3.280000000000000000e+02 1.147131746380170807e+04
3.290000000000000000e+02 1.150131483256203319e+04
3.300000000000000000e+02 1.157081392654104457e+04
3.310000000000000000e+02 1.162447468270162062e+04
3.320000000000000000e+02 1.170712444845502614e+04
3.330000000000000000e+02 1.172941499071516228e+04
3.340000000000000000e+02 1.176890021961784078e+04
3.350000000000000000e+02 1.179720173013261410e+04
3.360000000000000000e+02 1.188941173218733820e+04
3.370000000000000000e+02 1.195225927074075116e+04
3.380000000000000000e+02 1.198238635307550976e+04
3.390000000000000000e+02 1.193929744350863439e+04
3.400000000000000000e+02 1.192094838869010709e+04
3.410000000000000000e+02 1.192878763412290391e+04
3.420000000000000000e+02 1.194733812110497638e+04
3.430000000000000000e+02 1.191410074973441806e+04
3.440000000000000000e+02 1.194187329897838572e+04
3.450000000000000000e+02 1.196788107060076254e+04
3.460000000000000000e+02 1.202798894964424471e+04
3.470000000000000000e+02 1.205526188328625176e+04
3.480000000000000000e+02 1.208017338260280667e+04
3.490000000000000000e+02 1.208862159793759565e+04
3.500000000000000000e+02 1.210815646623737121e+04
3.510000000000000000e+02 1.217134453938177649e+04
3.520000000000000000e+02 1.220602635287878002e+04
3.530000000000000000e+02 1.226586967820261088e+04
3.540000000000000000e+02 1.227440433885503444e+04
3.550000000000000000e+02 1.231639994194592873e+04
3.560000000000000000e+02 1.242252130332308116e+04
3.570000000000000000e+02 1.247280181493183591e+04
3.580000000000000000e+02 1.245931836278666015e+04
3.590000000000000000e+02 1.249932806400234585e+04
3.600000000000000000e+02 1.250994321999480781e+04
3.610000000000000000e+02 1.256912707857795249e+04
3.620000000000000000e+02 1.256112219059722520e+04
3.630000000000000000e+02 1.257801586612241226e+04
3.640000000000000000e+02 1.258721360738600742e+04
3.650000000000000000e+02 1.265600754813025014e+04
3.660000000000000000e+02 1.267092640132499037e+04
3.670000000000000000e+02 1.275559390680608340e+04
3.680000000000000000e+02 1.280141105296126079e+04
3.690000000000000000e+02 1.282759242401336269e+04
3.700000000000000000e+02 1.290206057945114480e+04
3.710000000000000000e+02 1.296954997600771640e+04
3.720000000000000000e+02 1.303264467892644097e+04
3.730000000000000000e+02 1.309045324408780652e+04
3.740000000000000000e+02 1.309354295703670141e+04
3.750000000000000000e+02 1.312590489211142449e+04
3.760000000000000000e+02 1.315573012180876322e+04
3.770000000000000000e+02 1.316732787966968863e+04
3.780000000000000000e+02 1.324638147776251753e+04
3.790000000000000000e+02 1.329987229465305791e+04
3.800000000000000000e+02 1.332568615237706035e+04
3.810000000000000000e+02 1.335237244674863723e+04
3.820000000000000000e+02 1.340171730280828160e+04
3.830000000000000000e+02 1.344118911977445896e+04
3.840000000000000000e+02 1.352387743946261617e+04
3.850000000000000000e+02 1.358840930565649433e+04
3.860000000000000000e+02 1.359413375555390303e+04
3.870000000000000000e+02 1.367986306521026745e+04
3.880000000000000000e+02 1.370156393653622763e+04
3.890000000000000000e+02 1.371645977102803590e+04
3.900000000000000000e+02 1.376324437036452036e+04
3.910000000000000000e+02 1.377169778214906546e+04
3.920000000000000000e+02 1.373761329740344081e+04
3.930000000000000000e+02 1.378923438988812450e+04
3.940000000000000000e+02 1.378256461392094207e+04
3.950000000000000000e+02 1.379527448785350680e+04
3.960000000000000000e+02 1.385179124567033250e+04
3.970000000000000000e+02 1.391454089378453682e+04
3.980000000000000000e+02 1.393213795569419199e+04
3.990000000000000000e+02 1.397923579496214370e+04
4.000000000000000000e+02 1.405599438547350110e+04
4.010000000000000000e+02 1.416799776782743174e+04
4.020000000000000000e+02 1.421221500305338122e+04
4.030000000000000000e+02 1.425136046728017755e+04
4.040000000000000000e+02 1.433282563676404243e+04
4.050000000000000000e+02 1.438360510718995283e+04
4.060000000000000000e+02 1.444413849108970680e+04
4.070000000000000000e+02 1.446531163086684319e+04
4.080000000000000000e+02 1.441423359023496232e+04
4.090000000000000000e+02 1.445086393747622969e+04
4.100000000000000000e+02 1.449627772496284524e+04
4.110000000000000000e+02 1.452744272956572968e+04
4.120000000000000000e+02 1.457116321270009939e+04
4.130000000000000000e+02 1.459791813455584997e+04
4.140000000000000000e+02 1.456049543626027662e+04
4.150000000000000000e+02 1.453886226684185749e+04
4.160000000000000000e+02 1.458547154952862911e+04
4.170000000000000000e+02 1.460026376075142070e+04
4.180000000000000000e+02 1.465671171202071855e+04
4.190000000000000000e+02 1.469180425003519485e+04
4.200000000000000000e+02 1.472814670476589345e+04
4.210000000000000000e+02 1.480727825466843751e+04
4.220000000000000000e+02 1.488273135409757742e+04
4.230000000000000000e+02 1.494041429688516109e+04
4.240000000000000000e+02 1.499410807877530169e+04
4.250000000000000000e+02 1.505774362430085057e+04
4.260000000000000000e+02 1.511372178129155509e+04
4.270000000000000000e+02 1.520833935313126312e+04
4.280000000000000000e+02 1.526847753800584360e+04
4.290000000000000000e+02 1.530104202325552433e+04
4.300000000000000000e+02 1.532165224796512484e+04
4.310000000000000000e+02 1.535015864234846958e+04
4.320000000000000000e+02 1.535209910707343079e+04
4.330000000000000000e+02 1.539832924600362821e+04
4.340000000000000000e+02 1.542472931747761868e+04
4.350000000000000000e+02 1.543094067234700378e+04
4.360000000000000000e+02 1.541792002311629039e+04
4.370000000000000000e+02 1.547043342379355272e+04
4.380000000000000000e+02 1.553957066027377550e+04
4.390000000000000000e+02 1.562319809418421573e+04
4.400000000000000000e+02 1.572873294717895624e+04
4.410000000000000000e+02 1.575006793108304373e+04
4.420000000000000000e+02 1.576512738016580806e+04
4.430000000000000000e+02 1.581647302696344559e+04
4.440000000000000000e+02 1.585871313372300392e+04
4.450000000000000000e+02 1.587053657147198464e+04
4.460000000000000000e+02 1.585421494321639693e+04
4.470000000000000000e+02 1.587542900269642087e+04
4.480000000000000000e+02 1.583868373230840371e+04
4.490000000000000000e+02 1.587893880649770290e+04
4.500000000000000000e+02 1.593225514710397147e+04
4.510000000000000000e+02 1.602010878908905761e+04
4.520000000000000000e+02 1.607359227542133885e+04
4.530000000000000000e+02 1.610074163336023412e+04
4.540000000000000000e+02 1.614667104463769647e+04
4.550000000000000000e+02 1.617423832759197103e+04
4.560000000000000000e+02 1.619906957978377613e+04
4.570000000000000000e+02 1.626729524622780445e+04
4.580000000000000000e+02 1.627636847298472458e+04
4.590000000000000000e+02 1.633762662279977121e+04
4.600000000000000000e+02 1.643160929967760603e+04
4.610000000000000000e+02 1.649436904160858467e+04
4.620000000000000000e+02 1.646040469406061311e+04
4.630000000000000000e+02 1.644984011183097755e+04
4.640000000000000000e+02 1.650161460706225625e+04
4.650000000000000000e+02 1.647383341700642632e+04
4.660000000000000000e+02 1.644157742109942410e+04
4.670000000000000000e+02 1.649966456332020971e+04
4.680000000000000000e+02 1.657127164667377656e+04
4.690000000000000000e+02 1.653504079035631730e+04
4.700000000000000000e+02 1.653223202049962129e+04
4.710000000000000000e+02 1.657123618859746057e+04
4.720000000000000000e+02 1.667178484388798825e+04
4.730000000000000000e+02 1.675564881607551433e+04
4.740000000000000000e+02 1.681710287862643963e+04
4.750000000000000000e+02 1.686324709629525751e+04
4.760000000000000000e+02 1.690066592118767949e+04
4.770000000000000000e+02 1.693850856672007649e+04
4.780000000000000000e+02 1.696491237574024854e+04
4.790000000000000000e+02 1.697763920475260602e+04
4.800000000000000000e+02 1.704576929664052659e+04
4.810000000000000000e+02 1.703414427856078692e+04
4.820000000000000000e+02 1.711188915863156944e+04
4.830000000000000000e+02 1.718859137694556557e+04
4.840000000000000000e+02 1.716685226423103450e+04
4.850000000000000000e+02 1.717458132572804243e+04
4.860000000000000000e+02 1.725762492578159799e+04
4.870000000000000000e+02 1.726125163613611221e+04
4.880000000000000000e+02 1.723439192263864970e+04
4.890000000000000000e+02 1.726648830749784611e+04
4.900000000000000000e+02 1.733059210083098878e+04
4.910000000000000000e+02 1.734436419548665435e+04
4.920000000000000000e+02 1.739222034931249800e+04
4.930000000000000000e+02 1.742801576362255946e+04
4.940000000000000000e+02 1.743125415222835363e+04
4.950000000000000000e+02 1.743411416907169405e+04
4.960000000000000000e+02 1.743318590075793327e+04
4.970000000000000000e+02 1.750259982525241867e+04
4.980000000000000000e+02 1.752374308468884556e+04
4.990000000000000000e+02 1.758473131593722792e+04
5.000000000000000000e+02 1.767155415194122543e+04
5.010000000000000000e+02 1.767372752291627694e+04
5.020000000000000000e+02 1.770624368131377923e+04
5.030000000000000000e+02 1.773539969727160860e+04
5.040000000000000000e+02 1.779804532052368086e+04
5.050000000000000000e+02 1.782755718849297045e+04
5.060000000000000000e+02 1.784153893131262521e+04
5.070000000000000000e+02 1.785774321149712705e+04
5.080000000000000000e+02 1.786224549858157479e+04
5.090000000000000000e+02 1.789675834651229161e+04
5.100000000000000000e+02 1.794799127671965107e+04
5.110000000000000000e+02 1.798543118857620721e+04
5.120000000000000000e+02 1.805432942620257745e+04
5.130000000000000000e+02 1.814543097015207968e+04
5.140000000000000000e+02 1.821489842278012657e+04
5.150000000000000000e+02 1.820170617765724091e+04
5.160000000000000000e+02 1.821252130421659240e+04
5.170000000000000000e+02 1.827668026531174110e+04
5.180000000000000000e+02 1.839862219851199188e+04
5.190000000000000000e+02 1.839402973229907002e+04
5.200000000000000000e+02 1.844508567695457532e+04
5.210000000000000000e+02 1.849511055962106184e+04
5.220000000000000000e+02 1.857207012133232638e+04
5.230000000000000000e+02 1.866449203989111265e+04
5.240000000000000000e+02 1.873600799358669246e+04
5.250000000000000000e+02 1.875187745551895568e+04
5.260000000000000000e+02 1.882551555689442102e+04
5.270000000000000000e+02 1.887233995736646830e+04
5.280000000000000000e+02 1.896464227134923931e+04
5.290000000000000000e+02 1.903811937703965668e+04
5.300000000000000000e+02 1.901081949942636129e+04
5.310000000000000000e+02 1.904624858231519465e+04
5.320000000000000000e+02 1.906568214488771991e+04
5.330000000000000000e+02 1.911013203132301715e+04
5.340000000000000000e+02 1.918940786198179194e+04
5.350000000000000000e+02 1.920605746131546039e+04
5.360000000000000000e+02 1.926689918023912469e+04
5.370000000000000000e+02 1.929449867297812307e+04
5.380000000000000000e+02 1.934237545390052401e+04
5.390000000000000000e+02 1.937271031373249934e+04
5.400000000000000000e+02 1.939664221807059221e+04
5.410000000000000000e+02 1.944009326652395248e+04
5.420000000000000000e+02 1.955163953786313505e+04
5.430000000000000000e+02 1.961194200129764067e+04
5.440000000000000000e+02 1.960414219057984883e+04
5.450000000000000000e+02 1.955832888296167584e+04
5.460000000000000000e+02 1.954858352000941886e+04
5.470000000000000000e+02 1.963110159963012120e+04
5.480000000000000000e+02 1.969033791071848827e+04
5.490000000000000000e+02 1.972420083444629563e+04
5.500000000000000000e+02 1.979774411835932551e+04
5.510000000000000000e+02 1.981754583874511809e+04
5.520000000000000000e+02 1.988008093726196967e+04
5.530000000000000000e+02 1.993976639470662849e+04
5.540000000000000000e+02 1.992226542772881658e+04
5.550000000000000000e+02 1.996597216187627782e+04
5.560000000000000000e+02 1.999191179769402879e+04
5.570000000000000000e+02 2.011331496443514698e+04
5.580000000000000000e+02 2.019431062662640034e+04
5.590000000000000000e+02 2.020295150961877880e+04
5.600000000000000000e+02 2.024843031673489531e+04
5.610000000000000000e+02 2.028663069663203351e+04
5.620000000000000000e+02 2.032395629404632564e+04
5.630000000000000000e+02 2.038814906529067594e+04
5.640000000000000000e+02 2.049331839500481510e+04
5.650000000000000000e+02 2.052078213999201762e+04
5.660000000000000000e+02 2.050622561699795187e+04
5.670000000000000000e+02 2.055284501545163585e+04
5.680000000000000000e+02 2.057321535903662880e+04
5.690000000000000000e+02 2.062114961138211584e+04
5.700000000000000000e+02 2.063681856022201100e+04
5.710000000000000000e+02 2.067140349314070045e+04
5.720000000000000000e+02 2.074078684171517307e+04
5.730000000000000000e+02 2.084215410756912024e+04
5.740000000000000000e+02 2.085810268851486035e+04
5.750000000000000000e+02 2.090528108167381288e+04
5.760000000000000000e+02 2.095506643769076254e+04
5.770000000000000000e+02 2.098179346296734002e+04
5.780000000000000000e+02 2.101909498790896760e+04
5.790000000000000000e+02 2.099158439613972951e+04
5.800000000000000000e+02 2.093703350901971135e+04
5.810000000000000000e+02 2.098451249132166413e+04
5.820000000000000000e+02 2.096643001354884473e+04
5.830000000000000000e+02 2.103648036729099840e+04
5.840000000000000000e+02 2.111946511594371623e+04
5.850000000000000000e+02 2.115854433630501080e+04
5.860000000000000000e+02 2.120669856691605673e+04
5.870000000000000000e+02 2.120632734873455411e+04
5.880000000000000000e+02 2.119016537000483004e+04
5.890000000000000000e+02 2.120762572704866761e+04
5.900000000000000000e+02 2.125819077429093886e+04
5.910000000000000000e+02 2.125860750571183598e+04
5.920000000000000000e+02 2.129986797980580013e+04
5.930000000000000000e+02 2.141229330586682045e+04
5.940000000000000000e+02 2.132129001602988865e+04
5.950000000000000000e+02 2.132594865542259504e+04
5.960000000000000000e+02 2.132573952144502982e+04
5.970000000000000000e+02 2.140083768787006920e+04
5.980000000000000000e+02 2.148784544239782190e+04
5.990000000000000000e+02 2.153327925349670477e+04
6.000000000000000000e+02 2.155083491717230572e+04
6.010000000000000000e+02 2.153167548643930786e+04
6.020000000000000000e+02 2.155985447381556151e+04
6.030000000000000000e+02 2.162891620813524423e+04
6.040000000000000000e+02 2.165824246815149309e+04
6.050000000000000000e+02 2.168218935431755381e+04
6.060000000000000000e+02 2.174436278334212329e+04
6.070000000000000000e+02 2.180542577455741775e+04
6.080000000000000000e+02 2.187792645231638016e+04
6.090000000000000000e+02 2.193967417519878654e+04
6.100000000000000000e+02 2.199118200489443188e+04
6.110000000000000000e+02 2.203938151288738300e+04
6.120000000000000000e+02 2.206345422513597805e+04
6.130000000000000000e+02 2.213292536396460855e+04
6.140000000000000000e+02 2.218841976449086360e+04
6.150000000000000000e+02 2.222161247664397888e+04
6.160000000000000000e+02 2.228893819922712646e+04
6.170000000000000000e+02 2.230478951905268332e+04
6.180000000000000000e+02 2.235478841458986426e+04
6.190000000000000000e+02 2.238329724719828300e+04
6.200000000000000000e+02 2.240240246791459140e+04
6.210000000000000000e+02 2.248135260541745447e+04
6.220000000000000000e+02 2.254059609412350983e+04
6.230000000000000000e+02 2.261390624807296990e+04
6.240000000000000000e+02 2.260840940941645749e+04
6.250000000000000000e+02 2.262167606525194060e+04
6.260000000000000000e+02 2.258313032646327338e+04
6.270000000000000000e+02 2.260615865284605388e+04
6.280000000000000000e+02 2.268117782264706693e+04
6.290000000000000000e+02 2.270612748731074316e+04
6.300000000000000000e+02 2.273537619850526971e+04
6.310000000000000000e+02 2.276482079002439423e+04
6.320000000000000000e+02 2.278992167245221572e+04
6.330000000000000000e+02 2.284780587881393512e+04
6.340000000000000000e+02 2.288603961416404491e+04
6.350000000000000000e+02 2.295780290742622310e+04
6.360000000000000000e+02 2.302675353138777064e+04
6.370000000000000000e+02 2.308994736113958061e+04
6.380000000000000000e+02 2.314840287462928245e+04
6.390000000000000000e+02 2.323146031303092241e+04
6.400000000000000000e+02 2.324654689406949547e+04
6.410000000000000000e+02 2.328209347595967120e+04
6.420000000000000000e+02 2.326664652756777286e+04
6.430000000000000000e+02 2.328116422698552196e+04
6.440000000000000000e+02 2.332725945510741440e+04
6.450000000000000000e+02 2.341296474028160810e+04
6.460000000000000000e+02 2.348285042886876545e+04
6.470000000000000000e+02 2.349645496467854173e+04
6.480000000000000000e+02 2.353789694720267289e+04
6.490000000000000000e+02 2.355113907722834119e+04
6.500000000000000000e+02 2.358422839399635996e+04
6.510000000000000000e+02 2.361068987622064378e+04
6.520000000000000000e+02 2.368841866261411269e+04
6.530000000000000000e+02 2.365885624356512199e+04
6.540000000000000000e+02 2.365915240334115515e+04
6.550000000000000000e+02 2.372555739370653828e+04
6.560000000000000000e+02 2.382314762485719984e+04
6.570000000000000000e+02 2.388484374524310260e+04
6.580000000000000000e+02 2.389857481958567951e+04
6.590000000000000000e+02 2.390131680332405813e+04
6.600000000000000000e+02 2.391073853464460262e+04
6.610000000000000000e+02 2.393341033546654944e+04
6.620000000000000000e+02 2.387362961872395317e+04
6.630000000000000000e+02 2.398908206137635352e+04
6.640000000000000000e+02 2.405978210283494991e+04
6.650000000000000000e+02 2.408915265668475695e+04
6.660000000000000000e+02 2.403993127745136007e+04
6.670000000000000000e+02 2.407040983273044549e+04
6.680000000000000000e+02 2.412325220419993639e+04
6.690000000000000000e+02 2.415748768389280667e+04
6.700000000000000000e+02 2.416018583805041635e+04
6.710000000000000000e+02 2.417736819372233731e+04
6.720000000000000000e+02 2.421465034585354442e+04
6.730000000000000000e+02 2.426043854296971040e+04
6.740000000000000000e+02 2.429384418352339344e+04
6.750000000000000000e+02 2.436901300949583310e+04
6.760000000000000000e+02 2.445209370690494325e+04
6.770000000000000000e+02 2.445334662280654447e+04
6.780000000000000000e+02 2.441285121583926230e+04
6.790000000000000000e+02 2.442537536983737664e+04
6.800000000000000000e+02 2.445122760185401785e+04
6.810000000000000000e+02 2.449925351131193383e+04
6.820000000000000000e+02 2.454761994830867116e+04
6.830000000000000000e+02 2.454224563306750497e+04
6.840000000000000000e+02 2.459569282431427200e+04
6.850000000000000000e+02 2.464204929708583222e+04
6.860000000000000000e+02 2.463875365247466834e+04
6.870000000000000000e+02 2.466085239047189680e+04
6.880000000000000000e+02 2.472836495686419948e+04
6.890000000000000000e+02 2.480555708306777160e+04
6.900000000000000000e+02 2.483038559986346809e+04
6.910000000000000000e+02 2.486838302116817795e+04
6.920000000000000000e+02 2.487434367269818540e+04
6.930000000000000000e+02 2.491384391349272482e+04
6.940000000000000000e+02 2.501836441891077993e+04
6.950000000000000000e+02 2.502353503612220447e+04
6.960000000000000000e+02 2.504440047435839733e+04
6.970000000000000000e+02 2.505733523424091982e+04
6.980000000000000000e+02 2.501439620900484806e+04
6.990000000000000000e+02 2.502130686525389319e+04
7.000000000000000000e+02 2.510077073553864830e+04
7.010000000000000000e+02 2.516966061988118963e+04
7.020000000000000000e+02 2.523225646340006278e+04
7.030000000000000000e+02 2.524954588545854858e+04
7.040000000000000000e+02 2.527672682693117531e+04
7.050000000000000000e+02 2.535063223941233082e+04
7.060000000000000000e+02 2.537250601147309499e+04
7.070000000000000000e+02 2.546727403394585781e+04
7.080000000000000000e+02 2.553840154481921854e+04
7.090000000000000000e+02 2.554530253083247590e+04
7.100000000000000000e+02 2.553714433838600235e+04
7.110000000000000000e+02 2.550034300507330408e+04
7.120000000000000000e+02 2.555169038204013123e+04
7.130000000000000000e+02 2.557015720338357642e+04
7.140000000000000000e+02 2.553700351783496444e+04
7.150000000000000000e+02 2.554173149121015376e+04
7.160000000000000000e+02 2.555954146629323077e+04
7.170000000000000000e+02 2.556806434623448149e+04
7.180000000000000000e+02 2.558813682642790445e+04
7.190000000000000000e+02 2.565995246286217662e+04
7.200000000000000000e+02 2.577387168194176047e+04
7.210000000000000000e+02 2.583320727149329468e+04
7.220000000000000000e+02 2.586013446215203658e+04
7.230000000000000000e+02 2.590647718657649966e+04
7.240000000000000000e+02 2.595785378819628750e+04
7.250000000000000000e+02 2.601913057789181403e+04
7.260000000000000000e+02 2.609852231871190816e+04
7.270000000000000000e+02 2.621173306474008859e+04
7.280000000000000000e+02 2.627795337115956499e+04
7.290000000000000000e+02 2.631358295316563090e+04
7.300000000000000000e+02 2.637603451045376278e+04
7.310000000000000000e+02 2.637187406191901755e+04
7.320000000000000000e+02 2.645039259468562159e+04
7.330000000000000000e+02 2.650539263710174419e+04
7.340000000000000000e+02 2.669117454503062982e+04
7.350000000000000000e+02 2.676995921424564222e+04
7.360000000000000000e+02 2.681946534433714987e+04
7.370000000000000000e+02 2.690828581520200896e+04
7.380000000000000000e+02 2.699294661438664480e+04
7.390000000000000000e+02 2.715476662742764893e+04
7.400000000000000000e+02 2.717577633486592094e+04
7.410000000000000000e+02 2.717704813918233413e+04
7.420000000000000000e+02 2.707640176241263543e+04
7.430000000000000000e+02 2.711988135779471486e+04
7.440000000000000000e+02 2.715591822038726968e+04
7.450000000000000000e+02 2.725072345563369890e+04
7.460000000000000000e+02 2.727684756066609771e+04
7.470000000000000000e+02 2.731561771579044216e+04
7.480000000000000000e+02 2.739321268654432424e+04
7.490000000000000000e+02 2.739857456372498928e+04
7.500000000000000000e+02 2.742776432921046944e+04
7.510000000000000000e+02 2.754280344468679323e+04
7.520000000000000000e+02 2.764185751066427474e+04
7.530000000000000000e+02 2.763267126342526171e+04
7.540000000000000000e+02 2.770460487049817311e+04
7.550000000000000000e+02 2.774376536840747940e+04
7.560000000000000000e+02 2.776523470976511817e+04
7.570000000000000000e+02 2.771798334610484744e+04
7.580000000000000000e+02 2.777777075813245392e+04
7.590000000000000000e+02 2.787148549098293370e+04
7.600000000000000000e+02 2.795209659939658377e+04
7.610000000000000000e+02 2.802492448795938253e+04
7.620000000000000000e+02 2.809682326941104839e+04
7.630000000000000000e+02 2.814377453211487591e+04
7.640000000000000000e+02 2.819790641655375657e+04
7.650000000000000000e+02 2.825709378867577834e+04
7.660000000000000000e+02 2.822182711902570736e+04
7.670000000000000000e+02 2.822630990517473037e+04
7.680000000000000000e+02 2.822945611148077660e+04
7.690000000000000000e+02 2.832978035079317488e+04
7.700000000000000000e+02 2.834270333360263248e+04
7.710000000000000000e+02 2.835565287548231208e+04
7.720000000000000000e+02 2.829215392797997265e+04
7.730000000000000000e+02 2.827476552997958061e+04
7.740000000000000000e+02 2.831568446121366651e+04
7.750000000000000000e+02 2.830686554204606728e+04
7.760000000000000000e+02 2.835660946827698717e+04
7.770000000000000000e+02 2.841166449439592179e+04
7.780000000000000000e+02 2.846596596344648424e+04
7.790000000000000000e+02 2.853008214742086057e+04
7.800000000000000000e+02 2.851819023705364816e+04
7.810000000000000000e+02 2.851981081592292685e+04
7.820000000000000000e+02 2.858487574275923907e+04
7.830000000000000000e+02 2.863300922595292286e+04
7.840000000000000000e+02 2.865501401750525474e+04
7.850000000000000000e+02 2.863105146789585706e+04
7.860000000000000000e+02 2.876892435450869743e+04
7.870000000000000000e+02 2.882242675963699730e+04
7.880000000000000000e+02 2.881882200294589347e+04
7.890000000000000000e+02 2.889942176061545615e+04
7.900000000000000000e+02 2.899557027157266202e+04
7.910000000000000000e+02 2.904587553031424977e+04
7.920000000000000000e+02 2.918006315059404369e+04
7.930000000000000000e+02 2.919771121969013620e+04
7.940000000000000000e+02 2.928203926322594998e+04
7.950000000000000000e+02 2.930276348917486030e+04
7.960000000000000000e+02 2.931311473682264477e+04
7.970000000000000000e+02 2.940019328691750343e+04
7.980000000000000000e+02 2.938696177283543147e+04
7.990000000000000000e+02 2.940076262869658603e+04
8.000000000000000000e+02 2.946636747914210719e+04
8.010000000000000000e+02 2.948377795040393175e+04
8.020000000000000000e+02 2.951735401496232225e+04
8.030000000000000000e+02 2.958320565783870552e+04
8.040000000000000000e+02 2.968937258795634989e+04
8.050000000000000000e+02 2.970520685796808903e+04
8.060000000000000000e+02 2.972023765831347555e+04
8.070000000000000000e+02 2.973955903515392492e+04
8.080000000000000000e+02 2.979396908688597614e+04
8.090000000000000000e+02 2.987513994348299821e+04
8.100000000000000000e+02 2.991625758322624097e+04
8.110000000000000000e+02 2.997505870412240256e+04
8.120000000000000000e+02 3.002719176563327710e+04
8.130000000000000000e+02 3.002613539531762217e+04
8.140000000000000000e+02 2.995868093699808742e+04
8.150000000000000000e+02 2.995724002073446900e+04
8.160000000000000000e+02 3.001192945380337915e+04
8.170000000000000000e+02 2.997411996269259180e+04
8.180000000000000000e+02 3.003625375159083706e+04
8.190000000000000000e+02 3.017940064720675946e+04
8.200000000000000000e+02 3.024667154320023110e+04
8.210000000000000000e+02 3.027247170981890667e+04
8.220000000000000000e+02 3.031802250976469441e+04
8.230000000000000000e+02 3.039507076667309593e+04
8.240000000000000000e+02 3.049894804670654048e+04
8.250000000000000000e+02 3.062403819309255778e+04
8.260000000000000000e+02 3.074749938227787061e+04
8.270000000000000000e+02 3.081682544552276158e+04
8.280000000000000000e+02 3.077902062450746598e+04
8.290000000000000000e+02 3.082617241237717462e+04
8.300000000000000000e+02 3.084912835471234212e+04
8.310000000000000000e+02 3.084917975842149463e+04
8.320000000000000000e+02 3.089678390006278278e+04
8.330000000000000000e+02 3.101343064394276371e+04
8.340000000000000000e+02 3.102482751201756764e+04
8.350000000000000000e+02 3.106628711571362146e+04
8.360000000000000000e+02 3.109183960424533871e+04
8.370000000000000000e+02 3.115762966320058695e+04
8.380000000000000000e+02 3.118089072718161333e+04
8.390000000000000000e+02 3.132043315235558111e+04
8.400000000000000000e+02 3.139922044874733547e+04
8.410000000000000000e+02 3.138868153122506919e+04
8.420000000000000000e+02 3.142857170989424776e+04
8.430000000000000000e+02 3.140862039188247581e+04
8.440000000000000000e+02 3.136172641002955061e+04
8.450000000000000000e+02 3.129145778756351137e+04
8.460000000000000000e+02 3.122829972540783274e+04
8.470000000000000000e+02 3.127154838859531446e+04
8.480000000000000000e+02 3.137131238549418049e+04
8.490000000000000000e+02 3.142213612860300054e+04
8.500000000000000000e+02 3.144460122656088424e+04
8.510000000000000000e+02 3.149376365230669398e+04
8.520000000000000000e+02 3.155709630009839384e+04
8.530000000000000000e+02 3.158084370036937980e+04
8.540000000000000000e+02 3.154504456960310199e+04
8.550000000000000000e+02 3.159879934295121348e+04
8.560000000000000000e+02 3.168102304533488496e+04
8.570000000000000000e+02 3.173963264950777375e+04
8.580000000000000000e+02 3.186069103095502942e+04
8.590000000000000000e+02 3.191144204057460229e+04
8.600000000000000000e+02 3.189840785268140826e+04
8.610000000000000000e+02 3.188917490496359824e+04
8.620000000000000000e+02 3.190981765015457131e+04
8.630000000000000000e+02 3.198391663926545516e+04
8.640000000000000000e+02 3.204291959649012279e+04
8.650000000000000000e+02 3.197419300447564092e+04
8.660000000000000000e+02 3.205299542601934809e+04
8.670000000000000000e+02 3.212552991672973803e+04
8.680000000000000000e+02 3.222837718033553028e+04
8.690000000000000000e+02 3.230901132824108572e+04
8.700000000000000000e+02 3.231598408193666182e+04
8.710000000000000000e+02 3.230740758935971826e+04
8.720000000000000000e+02 3.235967295778132393e+04
8.730000000000000000e+02 3.238454512780338337e+04
8.740000000000000000e+02 3.243160330533372326e+04
8.750000000000000000e+02 3.244377782776330059e+04
8.760000000000000000e+02 3.246055451986896514e+04
8.770000000000000000e+02 3.249845157240409389e+04
8.780000000000000000e+02 3.243749554082658506e+04
8.790000000000000000e+02 3.246396125117658448e+04
8.800000000000000000e+02 3.254663614539823539e+04
8.810000000000000000e+02 3.261727972263495394e+04
8.820000000000000000e+02 3.268297664425292169e+04
8.830000000000000000e+02 3.268718551885442139e+04
8.840000000000000000e+02 3.267423663267426673e+04
8.850000000000000000e+02 3.275829658323693729e+04
8.860000000000000000e+02 3.284240721586575091e+04
8.870000000000000000e+02 3.287075501925037679e+04
8.880000000000000000e+02 3.285160451869321696e+04
8.890000000000000000e+02 3.291094286832988291e+04
8.900000000000000000e+02 3.286739299720415147e+04
8.910000000000000000e+02 3.289463194698258303e+04
8.920000000000000000e+02 3.305458677874255227e+04
8.930000000000000000e+02 3.309989157313995383e+04
8.940000000000000000e+02 3.317516622778456804e+04
8.950000000000000000e+02 3.327670497240524855e+04
8.960000000000000000e+02 3.324598921914421226e+04
8.970000000000000000e+02 3.324974696017128736e+04
8.980000000000000000e+02 3.333960092901588359e+04
8.990000000000000000e+02 3.335767072363184707e+04
9.000000000000000000e+02 3.341219196028311126e+04
9.010000000000000000e+02 3.344798551865901391e+04
9.020000000000000000e+02 3.347453130319753836e+04
9.030000000000000000e+02 3.359576880545198219e+04
9.040000000000000000e+02 3.365110467821664497e+04
9.050000000000000000e+02 3.366131404576948989e+04
9.060000000000000000e+02 3.362496845714823576e+04
9.070000000000000000e+02 3.367151996898990910e+04
9.080000000000000000e+02 3.378525324656172597e+04
9.090000000000000000e+02 3.382925863427448348e+04
9.100000000000000000e+02 3.382135746270068194e+04
9.110000000000000000e+02 3.379860508757276693e+04
9.120000000000000000e+02 3.387438329820929357e+04
9.130000000000000000e+02 3.398074841125006787e+04
9.140000000000000000e+02 3.411751876550309680e+04
9.150000000000000000e+02 3.411285610302996065e+04
9.160000000000000000e+02 3.414536021004094800e+04
9.170000000000000000e+02 3.416796921579683112e+04
9.180000000000000000e+02 3.417040106593162636e+04
9.190000000000000000e+02 3.419393308978677669e+04
9.200000000000000000e+02 3.424645296150654758e+04
9.210000000000000000e+02 3.423625578345508256e+04
9.220000000000000000e+02 3.420963986310975451e+04
9.230000000000000000e+02 3.431736313946282462e+04
9.240000000000000000e+02 3.431932036177943519e+04
9.250000000000000000e+02 3.433780472365660535e+04
9.260000000000000000e+02 3.440832900785226957e+04
9.270000000000000000e+02 3.440725828061376524e+04
9.280000000000000000e+02 3.447985088751825242e+04
9.290000000000000000e+02 3.448708743000642426e+04
9.300000000000000000e+02 3.452442890174014610e+04
9.310000000000000000e+02 3.464097866382705979e+04
9.320000000000000000e+02 3.469456152957728773e+04
9.330000000000000000e+02 3.466077313880052679e+04
9.340000000000000000e+02 3.472585940471922368e+04
9.350000000000000000e+02 3.483510585479882138e+04
9.360000000000000000e+02 3.482495390577890066e+04
9.370000000000000000e+02 3.487788459389423224e+04
9.380000000000000000e+02 3.492333103146850772e+04
9.390000000000000000e+02 3.509114152618093794e+04
9.400000000000000000e+02 3.507068392483816569e+04
9.410000000000000000e+02 3.515112054074252228e+04
9.420000000000000000e+02 3.515267679007657716e+04
9.430000000000000000e+02 3.517649458966741804e+04
9.440000000000000000e+02 3.522239193774684827e+04
9.450000000000000000e+02 3.528872135732397146e+04
9.460000000000000000e+02 3.528898197728735249e+04
9.470000000000000000e+02 3.531924198665948643e+04
9.480000000000000000e+02 3.527485950923652854e+04
9.490000000000000000e+02 3.521383406716348691e+04
9.500000000000000000e+02 3.518364358504411939e+04
9.510000000000000000e+02 3.523731574366639688e+04
9.520000000000000000e+02 3.524814502829578851e+04
9.530000000000000000e+02 3.531206757300074241e+04
9.540000000000000000e+02 3.535752858433071378e+04
9.550000000000000000e+02 3.541401493038465560e+04
9.560000000000000000e+02 3.540595955087421316e+04
9.570000000000000000e+02 3.531977809602583875e+04
9.580000000000000000e+02 3.531891375126692583e+04
9.590000000000000000e+02 3.545527431883423560e+04
9.600000000000000000e+02 3.548345211467742047e+04
9.610000000000000000e+02 3.553169340955523512e+04
9.620000000000000000e+02 3.562120957836532762e+04
9.630000000000000000e+02 3.563309723162055889e+04
9.640000000000000000e+02 3.569688179390746518e+04
9.650000000000000000e+02 3.560300988107233570e+04
9.660000000000000000e+02 3.555479843858266395e+04
9.670000000000000000e+02 3.565609581604334380e+04
9.680000000000000000e+02 3.566409866147690627e+04
9.690000000000000000e+02 3.564766197509524500e+04
9.700000000000000000e+02 3.565018052642821567e+04
9.710000000000000000e+02 3.573405814560764702e+04
9.720000000000000000e+02 3.583167247886120458e+04
9.730000000000000000e+02 3.594546842601540266e+04
9.740000000000000000e+02 3.593606493928968848e+04
9.750000000000000000e+02 3.585694251699830784e+04
9.760000000000000000e+02 3.587849578286825272e+04
9.770000000000000000e+02 3.592625915090895433e+04
9.780000000000000000e+02 3.590666206833736942e+04
9.790000000000000000e+02 3.600949745701681968e+04
9.800000000000000000e+02 3.612467076828870631e+04
9.810000000000000000e+02 3.614907637565627374e+04
9.820000000000000000e+02 3.616534428800224850e+04
9.830000000000000000e+02 3.617670609032233915e+04
9.840000000000000000e+02 3.616580493595042208e+04
9.850000000000000000e+02 3.616845229369116714e+04
9.860000000000000000e+02 3.621306790311792429e+04
9.870000000000000000e+02 3.629000037681252434e+04
9.880000000000000000e+02 3.637998763632218470e+04
9.890000000000000000e+02 3.650139775869938603e+04
9.900000000000000000e+02 3.657074912943557138e+04
9.910000000000000000e+02 3.665730425729816488e+04
9.920000000000000000e+02 3.663376061978856887e+04
9.930000000000000000e+02 3.676408257175678591e+04
9.940000000000000000e+02 3.677515969063766534e+04
9.950000000000000000e+02 3.676529226816042501e+04
9.960000000000000000e+02 3.679830553219967987e+04
9.970000000000000000e+02 3.684538356073031173e+04
9.980000000000000000e+02 3.691057899117118359e+04
9.990000000000000000e+02 3.695314364313612896e+04
1.000000000000000000e+03 3.701942572830220888e+04
1.001000000000000000e+03 3.708119258658523177e+04
1.002000000000000000e+03 3.708141991294989566e+04
1.003000000000000000e+03 3.705770896421636280e+04
1.004000000000000000e+03 3.711373565899435926e+04
1.005000000000000000e+03 3.716510830359975080e+04
1.006000000000000000e+03 3.724092769984417828e+04
1.007000000000000000e+03 3.737506732662308059e+04
1.008000000000000000e+03 3.729237016319313989e+04
1.009000000000000000e+03 3.721468185830306174e+04
1.010000000000000000e+03 3.728003658887510392e+04
1.011000000000000000e+03 3.737588165784567536e+04
1.012000000000000000e+03 3.738321864344430651e+04
1.013000000000000000e+03 3.739295301023000502e+04
1.014000000000000000e+03 3.747270580312887614e+04
1.015000000000000000e+03 3.755247205965577450e+04
1.016000000000000000e+03 3.767094569457956095e+04
1.017000000000000000e+03 3.766839178509943304e+04
1.018000000000000000e+03 3.765722774565428699e+04
1.019000000000000000e+03 3.767762515716852795e+04
1.020000000000000000e+03 3.764300786313219578e+04
1.021000000000000000e+03 3.772884404005017132e+04
1.022000000000000000e+03 3.771395895482710330e+04
1.023000000000000000e+03 3.772791510666852264e+04
1.024000000000000000e+03 3.775570588598017639e+04
1.025000000000000000e+03 3.786570591581899498e+04
1.026000000000000000e+03 3.800051052223612351e+04
1.027000000000000000e+03 3.807540389304424025e+04
1.028000000000000000e+03 3.810302704062350676e+04
1.029000000000000000e+03 3.829278379187470273e+04
1.030000000000000000e+03 3.834707404290997511e+04
1.031000000000000000e+03 3.837877983066804154e+04
1.032000000000000000e+03 3.833465315183834173e+04
1.033000000000000000e+03 3.832424674025410059e+04
1.034000000000000000e+03 3.844068347015800828e+04
1.035000000000000000e+03 3.848254224084739690e+04
1.036000000000000000e+03 3.858760129695939395e+04
1.037000000000000000e+03 3.870599959469289752e+04
1.038000000000000000e+03 3.874340556210884824e+04
1.039000000000000000e+03 3.874007124513076269e+04
1.040000000000000000e+03 3.873897274305773317e+04
1.041000000000000000e+03 3.877957260757170297e+04
1.042000000000000000e+03 3.879278146066748741e+04
1.043000000000000000e+03 3.879550893348785758e+04
1.044000000000000000e+03 3.883604775994554802e+04
1.045000000000000000e+03 3.885780444006742619e+04
1.046000000000000000e+03 3.894545749133983190e+04
1.047000000000000000e+03 3.899152769406795414e+04
1.048000000000000000e+03 3.896384929977620050e+04
1.049000000000000000e+03 3.899877141012548236e+04
1.050000000000000000e+03 3.898970330323489907e+04
1.051000000000000000e+03 3.908376849557104288e+04
1.052000000000000000e+03 3.923882582427493617e+04
1.053000000000000000e+03 3.927729796111879841e+04
1.054000000000000000e+03 3.926947575374309963e+04
1.055000000000000000e+03 3.936428212356107542e+04
1.056000000000000000e+03 3.940836671028697310e+04
1.057000000000000000e+03 3.949425582661988301e+04
1.058000000000000000e+03 3.952282416378869675e+04
1.059000000000000000e+03 3.952581819395232014e+04
1.060000000000000000e+03 3.941616858492083702e+04
1.061000000000000000e+03 3.943445509349758504e+04
1.062000000000000000e+03 3.943484084986049857e+04
1.063000000000000000e+03 3.950299295660675125e+04
1.064000000000000000e+03 3.954234295998245943e+04
1.065000000000000000e+03 3.959865986938669812e+04
1.066000000000000000e+03 3.958553956127502897e+04
1.067000000000000000e+03 3.962716204572840070e+04
1.068000000000000000e+03 3.968328447746876918e+04
1.069000000000000000e+03 3.966237641365735908e+04
1.070000000000000000e+03 3.967483273678411933e+04
1.071000000000000000e+03 3.969255934240728675e+04
1.072000000000000000e+03 3.968878858485832461e+04
1.073000000000000000e+03 3.977167066538744257e+04
1.074000000000000000e+03 3.994227942064030503e+04
1.075000000000000000e+03 3.994502955930629105e+04
1.076000000000000000e+03 3.991256436925777234e+04
1.077000000000000000e+03 3.989369642638110236e+04
1.078000000000000000e+03 3.995677057198376133e+04
1.079000000000000000e+03 4.002620473404679069e+04
1.080000000000000000e+03 4.008602919915670645e+04
1.081000000000000000e+03 4.015536173580623290e+04
1.082000000000000000e+03 4.014543424853926263e+04
1.083000000000000000e+03 4.017671064819396997e+04
1.084000000000000000e+03 4.025242960822664463e+04
1.085000000000000000e+03 4.028566276953597117e+04
1.086000000000000000e+03 4.035317351030607824e+04
1.087000000000000000e+03 4.043296273502233817e+04
1.088000000000000000e+03 4.052613431708127609e+04
1.089000000000000000e+03 4.052426083030305745e+04
1.090000000000000000e+03 4.060739895172401884e+04
1.091000000000000000e+03 4.067111790070791176e+04
1.092000000000000000e+03 4.062085823872687615e+04
1.093000000000000000e+03 4.066230539794664946e+04
1.094000000000000000e+03 4.064711515937907097e+04
1.095000000000000000e+03 4.065271668055038026e+04
1.096000000000000000e+03 4.075400230288596504e+04
1.097000000000000000e+03 4.079040129956679448e+04
1.098000000000000000e+03 4.087413653485100804e+04
1.099000000000000000e+03 4.091747739331363118e+04
1.100000000000000000e+03 4.101038849566442514e+04
1.101000000000000000e+03 4.115348736941998504e+04
1.102000000000000000e+03 4.121795488547412242e+04
1.103000000000000000e+03 4.128078882565368258e+04
1.104000000000000000e+03 4.121212076919988613e+04
1.105000000000000000e+03 4.123687392491680657e+04
1.106000000000000000e+03 4.126426284903037595e+04
1.107000000000000000e+03 4.126157390142462100e+04
1.108000000000000000e+03 4.133324364580457768e+04
1.109000000000000000e+03 4.145851222086138296e+04
1.110000000000000000e+03 4.134052286486868252e+04
1.111000000000000000e+03 4.139010505822067353e+04
1.112000000000000000e+03 4.154629401347702515e+04
1.113000000000000000e+03 4.161375132222994580e+04
1.114000000000000000e+03 4.160635441227325646e+04
1.115000000000000000e+03 4.159297797884693136e+04
1.116000000000000000e+03 4.161314840715216997e+04
1.117000000000000000e+03 4.163758127539524867e+04
1.118000000000000000e+03 4.161332009333126189e+04
1.119000000000000000e+03 4.153451854800748697e+04
1.120000000000000000e+03 4.153401035475503886e+04
1.121000000000000000e+03 4.158417102919089666e+04
1.122000000000000000e+03 4.169391792040786822e+04
1.123000000000000000e+03 4.182726163694792194e+04
1.124000000000000000e+03 4.188915199632747681e+04
1.125000000000000000e+03 4.201329038775818481e+04
1.126000000000000000e+03 4.205568314960694988e+04
1.127000000000000000e+03 4.209807016379301058e+04
1.128000000000000000e+03 4.211466326197256421e+04
1.129000000000000000e+03 4.207701579435644817e+04
1.130000000000000000e+03 4.209047942381950998e+04
1.131000000000000000e+03 4.211406177219621168e+04
1.132000000000000000e+03 4.213458334919813205e+04
1.133000000000000000e+03 4.221654220789659303e+04
1.134000000000000000e+03 4.233705032692586246e+04
1.135000000000000000e+03 4.241719803668655368e+04
1.136000000000000000e+03 4.242030980119011656e+04
1.137000000000000000e+03 4.242874676908558467e+04
1.138000000000000000e+03 4.247119019489580387e+04
1.139000000000000000e+03 4.246683075220757746e+04
1.140000000000000000e+03 4.247782110614002158e+04
1.141000000000000000e+03 4.253495052229410794e+04
1.142000000000000000e+03 4.252763514423766901e+04
1.143000000000000000e+03 4.270846805989806307e+04
1.144000000000000000e+03 4.276807343527040939e+04
1.145000000000000000e+03 4.276752248034339573e+04
1.146000000000000000e+03 4.268411741119848739e+04
1.147000000000000000e+03 4.263859681528354122e+04
1.148000000000000000e+03 4.274509854733482643e+04
1.149000000000000000e+03 4.281413088171640993e+04
1.150000000000000000e+03 4.290608765769255115e+04
1.151000000000000000e+03 4.301043645337528142e+04
1.152000000000000000e+03 4.313477889489466907e+04
1.153000000000000000e+03 4.316171500151389046e+04
1.154000000000000000e+03 4.326028808120152826e+04
1.155000000000000000e+03 4.338258883017869812e+04
1.156000000000000000e+03 4.336582851050620957e+04
1.157000000000000000e+03 4.336356869563254440e+04
1.158000000000000000e+03 4.339892441314273310e+04
1.159000000000000000e+03 4.344367639082458481e+04
1.160000000000000000e+03 4.354036452038582502e+04
1.161000000000000000e+03 4.371849013330592425e+04
1.162000000000000000e+03 4.379310953991975839e+04
1.163000000000000000e+03 4.380425389766950684e+04
1.164000000000000000e+03 4.380233140643576189e+04
1.165000000000000000e+03 4.379371081970397790e+04
1.166000000000000000e+03 4.381142469538509613e+04
1.167000000000000000e+03 4.377975348730157566e+04
1.168000000000000000e+03 4.384788620260229800e+04
1.169000000000000000e+03 4.390708683782228763e+04
1.170000000000000000e+03 4.396085671935344726e+04
1.171000000000000000e+03 4.396221199758337025e+04
1.172000000000000000e+03 4.404127424311487994e+04
1.173000000000000000e+03 4.415782285584028432e+04
1.174000000000000000e+03 4.425398738270405738e+04
1.175000000000000000e+03 4.423992797495872219e+04
1.176000000000000000e+03 4.429667913317372586e+04
1.177000000000000000e+03 4.430951111959532136e+04
1.178000000000000000e+03 4.437036433902484714e+04
1.179000000000000000e+03 4.450091369387464511e+04
1.180000000000000000e+03 4.456721461185251246e+04
1.181000000000000000e+03 4.459852196971001104e+04
1.182000000000000000e+03 4.459909564252638665e+04
1.183000000000000000e+03 4.462057261067448417e+04
1.184000000000000000e+03 4.463393801510400226e+04
1.185000000000000000e+03 4.462825853078219370e+04
1.186000000000000000e+03 4.469080828264699085e+04
1.187000000000000000e+03 4.472927765039577207e+04
1.188000000000000000e+03 4.478817685670687933e+04
1.189000000000000000e+03 4.483666561423302483e+04
1.190000000000000000e+03 4.478255007703717274e+04
1.191000000000000000e+03 4.482914155760212452e+04
1.192000000000000000e+03 4.491051367492375721e+04
1.193000000000000000e+03 4.506282184974431584e+04
1.194000000000000000e+03 4.513552056425497722e+04
1.195000000000000000e+03 4.516045794380311418e+04
1.196000000000000000e+03 4.518761923728224065e+04
1.197000000000000000e+03 4.515623043310317735e+04
1.198000000000000000e+03 4.519802625930042268e+04
1.199000000000000000e+03 4.524179109309624619e+04
1.200000000000000000e+03 4.528318822255693522e+04
1.201000000000000000e+03 4.539192046621810732e+04
1.202000000000000000e+03 4.544786815604533331e+04
1.203000000000000000e+03 4.549193665636445076e+04
1.204000000000000000e+03 4.555848384465186973e+04
1.205000000000000000e+03 4.563510140629433590e+04
1.206000000000000000e+03 4.566826814766925236e+04
1.207000000000000000e+03 4.564648966494234628e+04
1.208000000000000000e+03 4.565892850491954596e+04
1.209000000000000000e+03 4.578355037255187199e+04
1.210000000000000000e+03 4.580247779219827498e+04
1.211000000000000000e+03 4.581198864403408515e+04
1.212000000000000000e+03 4.586308415685546788e+04
1.213000000000000000e+03 4.593402613581725018e+04
1.214000000000000000e+03 4.601480242538452148e+04
1.215000000000000000e+03 4.612429472757903568e+04
1.216000000000000000e+03 4.622800824909139192e+04
1.217000000000000000e+03 4.619624835584825632e+04
1.218000000000000000e+03 4.620143094930634834e+04
1.219000000000000000e+03 4.623519778373448935e+04
1.220000000000000000e+03 4.620952791941761097e+04
1.221000000000000000e+03 4.622960379498618568e+04
1.222000000000000000e+03 4.630709779500845616e+04
1.223000000000000000e+03 4.632581545284988533e+04
1.224000000000000000e+03 4.641534015451685264e+04
1.225000000000000000e+03 4.651062151532015559e+04
1.226000000000000000e+03 4.662799319454176293e+04
1.227000000000000000e+03 4.668323645470728661e+04
1.228000000000000000e+03 4.668787779498459713e+04
1.229000000000000000e+03 4.668518393130695767e+04
1.230000000000000000e+03 4.670558286509009486e+04
1.231000000000000000e+03 4.665826795527771174e+04
1.232000000000000000e+03 4.671624783235316136e+04
1.233000000000000000e+03 4.683250540510391147e+04
1.234000000000000000e+03 4.688752804488601396e+04
1.235000000000000000e+03 4.697248299693314766e+04
1.236000000000000000e+03 4.701609450920619565e+04
1.237000000000000000e+03 4.711356954330236476e+04
1.238000000000000000e+03 4.715973861769978976e+04
1.239000000000000000e+03 4.709525623239132983e+04
1.240000000000000000e+03 4.706217667145434098e+04
1.241000000000000000e+03 4.712066371507243457e+04
1.242000000000000000e+03 4.727463401420919399e+04
1.243000000000000000e+03 4.734720552614816552e+04
1.244000000000000000e+03 4.744037228542705270e+04
1.245000000000000000e+03 4.754221609998110216e+04
1.246000000000000000e+03 4.767325293269646500e+04
1.247000000000000000e+03 4.774250508297119814e+04
1.248000000000000000e+03 4.781594170947669772e+04
1.249000000000000000e+03 4.783532874479240127e+04
1.250000000000000000e+03 4.788953272499093146e+04
1.251000000000000000e+03 4.792897854694628768e+04
1.252000000000000000e+03 4.787637969975424494e+04
1.253000000000000000e+03 4.792125510210593347e+04
1.254000000000000000e+03 4.788254665825761185e+04
1.255000000000000000e+03 4.784110829289604590e+04
1.256000000000000000e+03 4.787994886043282895e+04
1.257000000000000000e+03 4.788086372080870206e+04
1.258000000000000000e+03 4.776891653290457180e+04
1.259000000000000000e+03 4.790469289399005356e+04
1.260000000000000000e+03 4.794491660365825373e+04
1.261000000000000000e+03 4.800723019775890862e+04
1.262000000000000000e+03 4.811287435656112939e+04
1.263000000000000000e+03 4.805757590178118699e+04
1.264000000000000000e+03 4.806709091371118848e+04
1.265000000000000000e+03 4.817077136724311276e+04
1.266000000000000000e+03 4.818801906972798315e+04
1.267000000000000000e+03 4.815225576881075540e+04
1.268000000000000000e+03 4.825335658393688936e+04
1.269000000000000000e+03 4.827380395210089773e+04
1.270000000000000000e+03 4.820637485988628032e+04
1.271000000000000000e+03 4.815364709591783321e+04
1.272000000000000000e+03 4.830061686128037400e+04
1.273000000000000000e+03 4.840520551361910475e+04
1.274000000000000000e+03 4.845628887418762315e+04
1.275000000000000000e+03 4.844954317864362383e+04
1.276000000000000000e+03 4.843442978157570178e+04
1.277000000000000000e+03 4.846599191453809181e+04
1.278000000000000000e+03 4.846343409317525220e+04
1.279000000000000000e+03 4.847545335919361969e+04
1.280000000000000000e+03 4.856148068974744820e+04
1.281000000000000000e+03 4.860508991862350376e+04
1.282000000000000000e+03 4.862492359260466765e+04
1.283000000000000000e+03 4.856718206467349955e+04
1.284000000000000000e+03 4.850374391447138623e+04
1.285000000000000000e+03 4.859431473338577780e+04
1.286000000000000000e+03 4.862118054919126735e+04
1.287000000000000000e+03 4.877516657744889380e+04
1.288000000000000000e+03 4.885911445703431673e+04
1.289000000000000000e+03 4.898668306575420866e+04
1.290000000000000000e+03 4.909628132245171582e+04
1.291000000000000000e+03 4.919874106076515454e+04
1.292000000000000000e+03 4.922526137744214793e+04
1.293000000000000000e+03 4.924822523713339615e+04
1.294000000000000000e+03 4.918293580758347525e+04
1.295000000000000000e+03 4.920972196025904123e+04
1.296000000000000000e+03 4.923064613701133203e+04
1.297000000000000000e+03 4.929051738107073470e+04
1.298000000000000000e+03 4.930058411171759508e+04
1.299000000000000000e+03 4.933820760662342946e+04
1.300000000000000000e+03 4.932470398758436932e+04
1.301000000000000000e+03 4.938518506494882604e+04
1.302000000000000000e+03 4.944546282980193791e+04
1.303000000000000000e+03 4.946403468893149693e+04
1.304000000000000000e+03 4.949759976145813562e+04
1.305000000000000000e+03 4.949822656965552596e+04
1.306000000000000000e+03 4.961963351267425605e+04
1.307000000000000000e+03 4.966501924010273069e+04
1.308000000000000000e+03 4.973573619264925219e+04
1.309000000000000000e+03 4.981136077030914021e+04
1.310000000000000000e+03 4.985515248164829245e+04
1.311000000000000000e+03 4.993150285947058728e+04
1.312000000000000000e+03 4.990286095149125322e+04
1.313000000000000000e+03 4.978826764541236480e+04
1.314000000000000000e+03 4.976661760952496115e+04
1.315000000000000000e+03 4.978483907357760472e+04
1.316000000000000000e+03 4.975720625507379009e+04
1.317000000000000000e+03 4.977186929859672091e+04
1.318000000000000000e+03 4.983186363534144766e+04
1.319000000000000000e+03 4.995835502973817347e+04
1.320000000000000000e+03 4.997860733018620522e+04
1.321000000000000000e+03 4.998010400694240525e+04
1.322000000000000000e+03 5.002191503850027948e+04
1.323000000000000000e+03 5.006687810646847356e+04
1.324000000000000000e+03 5.001199681603426143e+04
1.325000000000000000e+03 4.996869519513010164e+04
1.326000000000000000e+03 4.996121645887457271e+04
1.327000000000000000e+03 4.999941196722886525e+04
1.328000000000000000e+03 4.997179466158151627e+04
1.329000000000000000e+03 5.007562725452929590e+04
1.330000000000000000e+03 5.000765946721075306e+04
1.331000000000000000e+03 5.000136228910483624e+04
1.332000000000000000e+03 5.004071755324699188e+04
1.333000000000000000e+03 5.013139110501042887e+04
1.334000000000000000e+03 5.021943931427479401e+04
1.335000000000000000e+03 5.023470422819374653e+04
1.336000000000000000e+03 5.025569662138732383e+04
1.337000000000000000e+03 5.029462046491967340e+04
1.338000000000000000e+03 5.039243332204510079e+04
1.339000000000000000e+03 5.040524242519177642e+04
1.340000000000000000e+03 5.053084131020103086e+04
1.341000000000000000e+03 5.052977900216718263e+04
1.342000000000000000e+03 5.049234009512377088e+04
1.343000000000000000e+03 5.060351278576222103e+04
1.344000000000000000e+03 5.068288761699014867e+04
1.345000000000000000e+03 5.074980053500819486e+04
1.346000000000000000e+03 5.084756820253162005e+04
1.347000000000000000e+03 5.091420664118930290e+04
1.348000000000000000e+03 5.106048304657675180e+04
1.349000000000000000e+03 5.099993901280208229e+04
1.350000000000000000e+03 5.093156172345425875e+04
1.351000000000000000e+03 5.094452056554116280e+04
1.352000000000000000e+03 5.102656754904780973e+04
1.353000000000000000e+03 5.113994152873537678e+04
1.354000000000000000e+03 5.128407935979204194e+04
1.355000000000000000e+03 5.131626348434000101e+04
1.356000000000000000e+03 5.126705219920234958e+04
1.357000000000000000e+03 5.131481295107056940e+04
1.358000000000000000e+03 5.130390011480207613e+04
1.359000000000000000e+03 5.134913641812402057e+04
1.360000000000000000e+03 5.139767090125985123e+04
1.361000000000000000e+03 5.147112323183991975e+04
1.362000000000000000e+03 5.153799180520198570e+04
1.363000000000000000e+03 5.152699175319378264e+04
1.364000000000000000e+03 5.153587907072641974e+04
1.365000000000000000e+03 5.164095114709110203e+04
1.366000000000000000e+03 5.178248910942493239e+04
1.367000000000000000e+03 5.181382619456081011e+04
1.368000000000000000e+03 5.187106097548591788e+04
1.369000000000000000e+03 5.190839250885802903e+04
1.370000000000000000e+03 5.195487411079479352e+04
1.371000000000000000e+03 5.197010413967555360e+04
1.372000000000000000e+03 5.209703007101389812e+04
1.373000000000000000e+03 5.215021111365356774e+04
1.374000000000000000e+03 5.225008617104312725e+04
1.375000000000000000e+03 5.233799150772236317e+04
1.376000000000000000e+03 5.239588905113601504e+04
1.377000000000000000e+03 5.245568114286749187e+04
1.378000000000000000e+03 5.251321340798136225e+04
1.379000000000000000e+03 5.252053339359985694e+04
1.380000000000000000e+03 5.255678625763486343e+04
1.381000000000000000e+03 5.266638902689076349e+04
1.382000000000000000e+03 5.278284405476979009e+04
1.383000000000000000e+03 5.282265627761084761e+04
1.384000000000000000e+03 5.293037563608522032e+04
1.385000000000000000e+03 5.294935226949025673e+04
1.386000000000000000e+03 5.300091770878590614e+04
1.387000000000000000e+03 5.292276056055029767e+04
1.388000000000000000e+03 5.290869839842517104e+04
1.389000000000000000e+03 5.283324026737989334e+04
1.390000000000000000e+03 5.280754120595167478e+04
1.391000000000000000e+03 5.292191036915351287e+04
1.392000000000000000e+03 5.299096997165142966e+04
1.393000000000000000e+03 5.303287070005820715e+04
1.394000000000000000e+03 5.312981607759675535e+04
1.395000000000000000e+03 5.315124917083165201e+04
1.396000000000000000e+03 5.319559604773833416e+04
1.397000000000000000e+03 5.316731308950409584e+04
1.398000000000000000e+03 5.318812986077772803e+04
1.399000000000000000e+03 5.318966427941621805e+04
1.400000000000000000e+03 5.324089692763483617e+04
1.401000000000000000e+03 5.327715026585263695e+04
1.402000000000000000e+03 5.346508477625260275e+04
1.403000000000000000e+03 5.366164824059404054e+04
1.404000000000000000e+03 5.371198200298364827e+04
1.405000000000000000e+03 5.372536119282792788e+04
1.406000000000000000e+03 5.383309473764559516e+04
1.407000000000000000e+03 5.393587659424676531e+04
1.408000000000000000e+03 5.391894738486024289e+04
1.409000000000000000e+03 5.392745500565960538e+04
1.410000000000000000e+03 5.395742860423423554e+04
1.411000000000000000e+03 5.402865906335131876e+04
1.412000000000000000e+03 5.408963970103190513e+04
1.413000000000000000e+03 5.407725388415304042e+04
1.414000000000000000e+03 5.423343205713266070e+04
1.415000000000000000e+03 5.426391525568556244e+04
1.416000000000000000e+03 5.428737295604001702e+04
1.417000000000000000e+03 5.427051369870965573e+04
1.418000000000000000e+03 5.426320815132543066e+04
1.419000000000000000e+03 5.420630119813545025e+04
1.420000000000000000e+03 5.420088383864670323e+04
1.421000000000000000e+03 5.428233898389694514e+04
1.422000000000000000e+03 5.433572871887764632e+04
1.423000000000000000e+03 5.444549454749379947e+04
1.424000000000000000e+03 5.445350275228059036e+04
1.425000000000000000e+03 5.451466581577531906e+04
1.426000000000000000e+03 5.456370891030383063e+04
1.427000000000000000e+03 5.464896662026624836e+04
1.428000000000000000e+03 5.468584544912151614e+04
1.429000000000000000e+03 5.467886376247877342e+04
1.430000000000000000e+03 5.472932354116012721e+04
1.431000000000000000e+03 5.466493042374647484e+04
1.432000000000000000e+03 5.465400593043168919e+04
1.433000000000000000e+03 5.482684348372097156e+04
1.434000000000000000e+03 5.488649634679463634e+04
1.435000000000000000e+03 5.490363862911018805e+04
1.436000000000000000e+03 5.493158482917302899e+04
1.437000000000000000e+03 5.492573922256898368e+04
1.438000000000000000e+03 5.487731817245094862e+04
1.439000000000000000e+03 5.495287579820229439e+04
1.440000000000000000e+03 5.502117978967278759e+04
1.441000000000000000e+03 5.506221736642761243e+04
1.442000000000000000e+03 5.506508892770129023e+04
1.443000000000000000e+03 5.513095020353905420e+04
1.444000000000000000e+03 5.517435626971917372e+04
1.445000000000000000e+03 5.523729134222121502e+04
1.446000000000000000e+03 5.526730112395137257e+04
1.447000000000000000e+03 5.539189024363060162e+04
1.448000000000000000e+03 5.545959664219298429e+04
1.449000000000000000e+03 5.561851790343380708e+04
1.450000000000000000e+03 5.576158010868613928e+04
1.451000000000000000e+03 5.577103240952178021e+04
1.452000000000000000e+03 5.588419302425529168e+04
1.453000000000000000e+03 5.596808929242630984e+04
1.454000000000000000e+03 5.606217972079433821e+04
1.455000000000000000e+03 5.615618467566261825e+04
1.456000000000000000e+03 5.624008183344614372e+04
1.457000000000000000e+03 5.628162853520481440e+04
1.458000000000000000e+03 5.625503482329911640e+04
1.459000000000000000e+03 5.639800047078399803e+04
1.460000000000000000e+03 5.646863180420627032e+04
1.461000000000000000e+03 5.656042601400247804e+04
1.462000000000000000e+03 5.674903872594842687e+04
1.463000000000000000e+03 5.684275050774092233e+04
1.464000000000000000e+03 5.683483923972453340e+04
1.465000000000000000e+03 5.690118002283746318e+04
1.466000000000000000e+03 5.698628379587240488e+04
1.467000000000000000e+03 5.702592963444744964e+04
1.468000000000000000e+03 5.715139984633729910e+04
1.469000000000000000e+03 5.719188027242502721e+04
1.470000000000000000e+03 5.715822623262742854e+04
1.471000000000000000e+03 5.715111906397673010e+04
1.472000000000000000e+03 5.706557079360381613e+04
1.473000000000000000e+03 5.712635486152991507e+04
1.474000000000000000e+03 5.720489316046976455e+04
1.475000000000000000e+03 5.729721617769477598e+04
1.476000000000000000e+03 5.733389387833993533e+04
1.477000000000000000e+03 5.739629801669650624e+04
1.478000000000000000e+03 5.743355220806229045e+04
1.479000000000000000e+03 5.748834901601876481e+04
1.480000000000000000e+03 5.756633673533312685e+04
1.481000000000000000e+03 5.767491098595628137e+04
1.482000000000000000e+03 5.775906009913091839e+04
1.483000000000000000e+03 5.767696474152019800e+04
1.484000000000000000e+03 5.764363568192915409e+04
1.485000000000000000e+03 5.771009733772555774e+04
1.486000000000000000e+03 5.771666658689284668e+04
1.487000000000000000e+03 5.775679173903480842e+04
1.488000000000000000e+03 5.786756757406466204e+04
1.489000000000000000e+03 5.794068990786946961e+04
1.490000000000000000e+03 5.795342542685731314e+04
1.491000000000000000e+03 5.794954970069975388e+04
1.492000000000000000e+03 5.798266925364163762e+04
1.493000000000000000e+03 5.807447610072541283e+04
1.494000000000000000e+03 5.809413609902530879e+04
1.495000000000000000e+03 5.812521885280848073e+04
1.496000000000000000e+03 5.825239343757166353e+04
1.497000000000000000e+03 5.831475165431498317e+04
1.498000000000000000e+03 5.826036747856949660e+04
1.499000000000000000e+03 5.834529709100984473e+04
1.500000000000000000e+03 5.835367054962158727e+04
1.501000000000000000e+03 5.841379643245227635e+04
1.502000000000000000e+03 5.845171273177325202e+04
1.503000000000000000e+03 5.850680571467156551e+04
1.504000000000000000e+03 5.862543105683760950e+04
1.505000000000000000e+03 5.871990945188621845e+04
1.506000000000000000e+03 5.881362468794819142e+04
1.507000000000000000e+03 5.883689633331730147e+04
1.508000000000000000e+03 5.877247481376661744e+04
1.509000000000000000e+03 5.865644369380241551e+04
1.510000000000000000e+03 5.865724916071342886e+04
1.511000000000000000e+03 5.868403222083146829e+04
1.512000000000000000e+03 5.868564905089410604e+04
1.513000000000000000e+03 5.880573234388069250e+04
1.514000000000000000e+03 5.897864075286036677e+04
1.515000000000000000e+03 5.911778436072012846e+04
1.516000000000000000e+03 5.919211546663924673e+04
1.517000000000000000e+03 5.927636990381329815e+04
1.518000000000000000e+03 5.938108616575500491e+04
1.519000000000000000e+03 5.941843692808858759e+04
1.520000000000000000e+03 5.947756675342268863e+04
1.521000000000000000e+03 5.947717968584991468e+04
1.522000000000000000e+03 5.947959617192241421e+04
1.523000000000000000e+03 5.957700662795933022e+04
1.524000000000000000e+03 5.955132645156577928e+04
1.525000000000000000e+03 5.952924927012877743e+04
1.526000000000000000e+03 5.963330818331452610e+04
1.527000000000000000e+03 5.974930039023874269e+04
1.528000000000000000e+03 5.974857268416347506e+04
1.529000000000000000e+03 5.969324472530719504e+04
1.530000000000000000e+03 5.974797930908462149e+04
1.531000000000000000e+03 5.985297301141083153e+04
1.532000000000000000e+03 5.986161137621029047e+04
1.533000000000000000e+03 5.987551315103230445e+04
1.534000000000000000e+03 5.988263052135358157e+04
1.535000000000000000e+03 5.984549293973230670e+04
1.536000000000000000e+03 5.988941302685676055e+04
1.537000000000000000e+03 5.983784387045611948e+04
1.538000000000000000e+03 5.994713177508531226e+04
1.539000000000000000e+03 6.001838700426455762e+04
1.540000000000000000e+03 6.003714493694754492e+04
1.541000000000000000e+03 6.008830955438774254e+04
1.542000000000000000e+03 6.013681685044123151e+04
1.543000000000000000e+03 6.014122504855534498e+04
1.544000000000000000e+03 6.019698604483186500e+04
1.545000000000000000e+03 6.034479723358766933e+04
1.546000000000000000e+03 6.033382788639956561e+04
1.547000000000000000e+03 6.022708346285091102e+04
1.548000000000000000e+03 6.020465258329999779e+04
1.549000000000000000e+03 6.036034314331057249e+04
1.550000000000000000e+03 6.042263661046001653e+04
1.551000000000000000e+03 6.050712907388229360e+04
1.552000000000000000e+03 6.057269367233371304e+04
1.553000000000000000e+03 6.061617161323423352e+04
1.554000000000000000e+03 6.057838792880341498e+04
1.555000000000000000e+03 6.064891387281638890e+04
1.556000000000000000e+03 6.073011022524197324e+04
1.557000000000000000e+03 6.089649609955771302e+04
1.558000000000000000e+03 6.085168706667982769e+04
1.559000000000000000e+03 6.084114868445543834e+04
1.560000000000000000e+03 6.072879302124148671e+04
1.561000000000000000e+03 6.073271698696242674e+04
1.562000000000000000e+03 6.076548434794157220e+04
1.563000000000000000e+03 6.075835294080946187e+04
1.564000000000000000e+03 6.071723941666899191e+04
1.565000000000000000e+03 6.065900778792032361e+04
1.566000000000000000e+03 6.072855045427368896e+04
1.567000000000000000e+03 6.079468838663782662e+04
1.568000000000000000e+03 6.078131259455475083e+04
1.569000000000000000e+03 6.081054219384938187e+04
1.570000000000000000e+03 6.075759481117367977e+04
1.571000000000000000e+03 6.066219087336350640e+04
1.572000000000000000e+03 6.074733297639117518e+04
1.573000000000000000e+03 6.077977074887818162e+04
1.574000000000000000e+03 6.089017375379911391e+04
1.575000000000000000e+03 6.104802736029544030e+04
1.576000000000000000e+03 6.108541650579069392e+04
1.577000000000000000e+03 6.109802635313598148e+04
1.578000000000000000e+03 6.119869687410918414e+04
1.579000000000000000e+03 6.127669434785181511e+04
1.580000000000000000e+03 6.134140733689321496e+04
1.581000000000000000e+03 6.137373188937537634e+04
1.582000000000000000e+03 6.139990779567073332e+04
1.583000000000000000e+03 6.156859156899996015e+04
1.584000000000000000e+03 6.171822215193365264e+04
1.585000000000000000e+03 6.186511786544015195e+04
1.586000000000000000e+03 6.197537768675414554e+04
1.587000000000000000e+03 6.193992844350563246e+04
1.588000000000000000e+03 6.202993218110041198e+04
1.589000000000000000e+03 6.204711062490443874e+04
1.590000000000000000e+03 6.213521855738299200e+04
1.591000000000000000e+03 6.218047722436492768e+04
1.592000000000000000e+03 6.225543737184956262e+04
1.593000000000000000e+03 6.229474460871935298e+04
1.594000000000000000e+03 6.233672700270859787e+04
1.595000000000000000e+03 6.230916513997868606e+04
1.596000000000000000e+03 6.235918937625077524e+04
1.597000000000000000e+03 6.239454550580717478e+04
1.598000000000000000e+03 6.243522334573413536e+04
1.599000000000000000e+03 6.246928737544722389e+04
1.600000000000000000e+03 6.250553915530732775e+04
1.601000000000000000e+03 6.262279014511286368e+04
1.602000000000000000e+03 6.265372920543421060e+04
1.603000000000000000e+03 6.269851859149531811e+04
1.604000000000000000e+03 6.268872528014207637e+04
1.605000000000000000e+03 6.267178110001060850e+04
1.606000000000000000e+03 6.276811133874054212e+04
1.607000000000000000e+03 6.284133914192862721e+04
1.608000000000000000e+03 6.294387154873290274e+04
1.609000000000000000e+03 6.299318093685084750e+04
1.610000000000000000e+03 6.303202175143814384e+04
1.611000000000000000e+03 6.311438520538495504e+04
1.612000000000000000e+03 6.315775250838101783e+04
1.613000000000000000e+03 6.318219157803334383e+04
1.614000000000000000e+03 6.325702614554496540e+04
1.615000000000000000e+03 6.318593836098833708e+04
1.616000000000000000e+03 6.318623293560283491e+04
1.617000000000000000e+03 6.323170012506808416e+04
1.618000000000000000e+03 6.319034718530308601e+04
1.619000000000000000e+03 6.319683628532508737e+04
1.620000000000000000e+03 6.328692570091065863e+04
1.621000000000000000e+03 6.334545547717441514e+04
1.622000000000000000e+03 6.344420505166093790e+04
1.623000000000000000e+03 6.352316181661025621e+04
1.624000000000000000e+03 6.364922133535019384e+04
1.625000000000000000e+03 6.371272099866761710e+04
1.626000000000000000e+03 6.376941168063596706e+04
1.627000000000000000e+03 6.392951391363928997e+04
1.628000000000000000e+03 6.397006381053658697e+04
1.629000000000000000e+03 6.406895924649024528e+04
1.630000000000000000e+03 6.412439757381537493e+04
1.631000000000000000e+03 6.415420031081343041e+04
1.632000000000000000e+03 6.428982737511565210e+04
1.633000000000000000e+03 6.440897008940722299e+04
1.634000000000000000e+03 6.434209837393088674e+04
1.635000000000000000e+03 6.437349009727448720e+04
1.636000000000000000e+03 6.435341401007498644e+04
1.637000000000000000e+03 6.429257319696818740e+04
1.638000000000000000e+03 6.429760966571626341e+04
1.639000000000000000e+03 6.433907542104552704e+04
1.640000000000000000e+03 6.443607653762833797e+04
1.641000000000000000e+03 6.445884818985894526e+04
1.642000000000000000e+03 6.458272151043266786e+04
1.643000000000000000e+03 6.465294512100218708e+04
1.644000000000000000e+03 6.467832980949436023e+04
1.645000000000000000e+03 6.478910421078470245e+04
1.646000000000000000e+03 6.481485996792843798e+04
1.647000000000000000e+03 6.499104468818551686e+04
1.648000000000000000e+03 6.492682584758481971e+04
1.649000000000000000e+03 6.498962159890237672e+04
1.650000000000000000e+03 6.497920924042573461e+04
1.651000000000000000e+03 6.497933604670331988e+04
1.652000000000000000e+03 6.496657549946338986e+04
1.653000000000000000e+03 6.522200833991661784e+04
1.654000000000000000e+03 6.528655783782099024e+04
1.655000000000000000e+03 6.537596396263994393e+04
1.656000000000000000e+03 6.545740768165939517e+04
1.657000000000000000e+03 6.549882478617363086e+04
1.658000000000000000e+03 6.547488593196370493e+04
1.659000000000000000e+03 6.540489793277307035e+04
1.660000000000000000e+03 6.540427440359722823e+04
1.661000000000000000e+03 6.534247770129335549e+04
1.662000000000000000e+03 6.534575708770627534e+04
1.663000000000000000e+03 6.526827136363598402e+04
1.664000000000000000e+03 6.535201933578765602e+04
1.665000000000000000e+03 6.524964877730706212e+04
1.666000000000000000e+03 6.518451975596454577e+04
1.667000000000000000e+03 6.519515403544159199e+04
1.668000000000000000e+03 6.522337305103088875e+04
1.669000000000000000e+03 6.539822916991717648e+04
1.670000000000000000e+03 6.541612852222315269e+04
1.671000000000000000e+03 6.550239924485137453e+04
1.672000000000000000e+03 6.551619713270737702e+04
1.673000000000000000e+03 6.567555204928496096e+04
1.674000000000000000e+03 6.571452208611025708e+04
1.675000000000000000e+03 6.575592448777357640e+04
1.676000000000000000e+03 6.583425293838599464e+04
1.677000000000000000e+03 6.594710440178164572e+04
1.678000000000000000e+03 6.595812911922624335e+04
1.679000000000000000e+03 6.594097973518454819e+04
1.680000000000000000e+03 6.588046573714907572e+04
1.681000000000000000e+03 6.596471705997083336e+04
1.682000000000000000e+03 6.609339475306110398e+04
1.683000000000000000e+03 6.619551993030580343e+04
1.684000000000000000e+03 6.632754055555643572e+04
1.685000000000000000e+03 6.636528342297703784e+04
1.686000000000000000e+03 6.631717125229572412e+04
1.687000000000000000e+03 6.639001454751384153e+04
1.688000000000000000e+03 6.645576316439916263e+04
1.689000000000000000e+03 6.650892736217443598e+04
1.690000000000000000e+03 6.655310940924486204e+04
1.691000000000000000e+03 6.666121203558478737e+04
1.692000000000000000e+03 6.667330124490236631e+04
1.693000000000000000e+03 6.675601266914163716e+04
1.694000000000000000e+03 6.676915623498598870e+04
1.695000000000000000e+03 6.679568964289246651e+04
1.696000000000000000e+03 6.682715393256208336e+04
1.697000000000000000e+03 6.681751837584923487e+04
1.698000000000000000e+03 6.682232755023537902e+04
1.699000000000000000e+03 6.686799209996573336e+04
1.700000000000000000e+03 6.685097237940228661e+04
1.701000000000000000e+03 6.682210158897213114e+04
1.702000000000000000e+03 6.690141529365071619e+04
1.703000000000000000e+03 6.700718826341790555e+04
1.704000000000000000e+03 6.712251876733356039e+04
1.705000000000000000e+03 6.724140474592093960e+04
1.706000000000000000e+03 6.738164999020943651e+04
1.707000000000000000e+03 6.745638550795917399e+04
1.708000000000000000e+03 6.751917652607215859e+04
1.709000000000000000e+03 6.754387690203198872e+04
1.710000000000000000e+03 6.758043799725538702e+04
1.711000000000000000e+03 6.776915073223969375e+04
1.712000000000000000e+03 6.776550161834867322e+04
1.713000000000000000e+03 6.778260672076928313e+04
1.714000000000000000e+03 6.783647846549972019e+04
1.715000000000000000e+03 6.783005015620045015e+04
1.716000000000000000e+03 6.783638119921040197e+04
1.717000000000000000e+03 6.798403553278831532e+04
1.718000000000000000e+03 6.802276267686250503e+04
1.719000000000000000e+03 6.802253045169734105e+04
1.720000000000000000e+03 6.808043878436123487e+04
1.721000000000000000e+03 6.804983119468113000e+04
1.722000000000000000e+03 6.799909508304900373e+04
1.723000000000000000e+03 6.817603214009487419e+04
1.724000000000000000e+03 6.824836148203416087e+04
1.725000000000000000e+03 6.827919202145496092e+04
1.726000000000000000e+03 6.834561586733629520e+04
1.727000000000000000e+03 6.834167608226466109e+04
1.728000000000000000e+03 6.834603264515254705e+04
1.729000000000000000e+03 6.840489012955558428e+04
1.730000000000000000e+03 6.847123129417710879e+04
1.731000000000000000e+03 6.844382096765740425e+04
1.732000000000000000e+03 6.845766678155449335e+04
1.733000000000000000e+03 6.854068250258643820e+04
1.734000000000000000e+03 6.861892190573168045e+04
1.735000000000000000e+03 6.874228661577914318e+04
1.736000000000000000e+03 6.870792859894574212e+04
1.737000000000000000e+03 6.881599268918132293e+04
1.738000000000000000e+03 6.891496349547810678e+04
1.739000000000000000e+03 6.897283705975158955e+04
1.740000000000000000e+03 6.905918166015192401e+04
1.741000000000000000e+03 6.912070730373468541e+04
1.742000000000000000e+03 6.911680095250169688e+04
1.743000000000000000e+03 6.907843221777162398e+04
1.744000000000000000e+03 6.915812060362307238e+04
1.745000000000000000e+03 6.923676681717077736e+04
1.746000000000000000e+03 6.919240816265900503e+04
1.747000000000000000e+03 6.910611654273667955e+04
1.748000000000000000e+03 6.908612145600326767e+04
1.749000000000000000e+03 6.934147840040872688e+04
1.750000000000000000e+03 6.949302543972895364e+04
1.751000000000000000e+03 6.956590949406531581e+04
1.752000000000000000e+03 6.969842014641218702e+04
1.753000000000000000e+03 6.977606497537151154e+04
1.754000000000000000e+03 6.987516252218458976e+04
1.755000000000000000e+03 6.999320471282376093e+04
1.756000000000000000e+03 7.013639858579209249e+04
1.757000000000000000e+03 7.020880223691543506e+04
1.758000000000000000e+03 7.022694469397279317e+04
1.759000000000000000e+03 7.024475571251186193e+04
1.760000000000000000e+03 7.028987964117582305e+04
1.761000000000000000e+03 7.034901259618018230e+04
1.762000000000000000e+03 7.033746164244998363e+04
1.763000000000000000e+03 7.028604777187907894e+04
1.764000000000000000e+03 7.031991287106710661e+04
1.765000000000000000e+03 7.028983929923994583e+04
1.766000000000000000e+03 7.037430591380644182e+04
1.767000000000000000e+03 7.052517567016050452e+04
1.768000000000000000e+03 7.060799006620378350e+04
1.769000000000000000e+03 7.069980747198268364e+04
1.770000000000000000e+03 7.071373181244946318e+04
1.771000000000000000e+03 7.071263014428048336e+04
1.772000000000000000e+03 7.069718735453180852e+04
1.773000000000000000e+03 7.078345191374207207e+04
1.774000000000000000e+03 7.083291670486720977e+04
1.775000000000000000e+03 7.094804642765728931e+04
1.776000000000000000e+03 7.100392271654296201e+04
1.777000000000000000e+03 7.102346096900943667e+04
1.778000000000000000e+03 7.101441468232402985e+04
1.779000000000000000e+03 7.103499773571237165e+04
1.780000000000000000e+03 7.106943952767651353e+04
1.781000000000000000e+03 7.114419550840585725e+04
1.782000000000000000e+03 7.124364459265142796e+04
1.783000000000000000e+03 7.130378897276117641e+04
1.784000000000000000e+03 7.135859344829418114e+04
1.785000000000000000e+03 7.154251719173991296e+04
1.786000000000000000e+03 7.157320955898825196e+04
1.787000000000000000e+03 7.152816649726961623e+04
1.788000000000000000e+03 7.143606499389915552e+04
1.789000000000000000e+03 7.146540542546850338e+04
1.790000000000000000e+03 7.149800647824957559e+04
1.791000000000000000e+03 7.148885045290589915e+04
1.792000000000000000e+03 7.154120354463116382e+04
1.793000000000000000e+03 7.167851426714159606e+04
1.794000000000000000e+03 7.166312686709403351e+04
1.795000000000000000e+03 7.165745289160533866e+04
1.796000000000000000e+03 7.161960061891330406e+04
1.797000000000000000e+03 7.163474324497286580e+04
1.798000000000000000e+03 7.167891010877516237e+04
1.799000000000000000e+03 7.177164702545807813e+04
1.800000000000000000e+03 7.180250063547637546e+04
1.801000000000000000e+03 7.186765325858849974e+04
1.802000000000000000e+03 7.189654605949482357e+04
1.803000000000000000e+03 7.193769221681375348e+04
1.804000000000000000e+03 7.187636707766036852e+04
1.805000000000000000e+03 7.192163399022177327e+04
1.806000000000000000e+03 7.197561486219332437e+04
1.807000000000000000e+03 7.208079686739243334e+04
1.808000000000000000e+03 7.215776978263657656e+04
1.809000000000000000e+03 7.222715450116536522e+04
1.810000000000000000e+03 7.223370504097620142e+04
1.811000000000000000e+03 7.217819779030368954e+04
1.812000000000000000e+03 7.207004805460046919e+04
1.813000000000000000e+03 7.216775999651355960e+04
1.814000000000000000e+03 7.222082815617218148e+04
1.815000000000000000e+03 7.213747397530413582e+04
1.816000000000000000e+03 7.220129975513917452e+04
1.817000000000000000e+03 7.219407691463673837e+04
1.818000000000000000e+03 7.231228439279766462e+04
1.819000000000000000e+03 7.241600590156337421e+04
1.820000000000000000e+03 7.247876436911795463e+04
1.821000000000000000e+03 7.262170776616396324e+04
1.822000000000000000e+03 7.266770274482545210e+04
1.823000000000000000e+03 7.271919656715259771e+04
1.824000000000000000e+03 7.279781833378167357e+04
1.825000000000000000e+03 7.294896725111195701e+04
1.826000000000000000e+03 7.291465338747110218e+04
1.827000000000000000e+03 7.300649474207041203e+04
1.828000000000000000e+03 7.305128502886270871e+04
1.829000000000000000e+03 7.320840018488708301e+04
1.830000000000000000e+03 7.329479616293597792e+04
1.831000000000000000e+03 7.328632262788296794e+04
1.832000000000000000e+03 7.335379037728329422e+04
1.833000000000000000e+03 7.331462727088667452e+04
1.834000000000000000e+03 7.332757316515504499e+04
1.835000000000000000e+03 7.331707517634848773e+04
1.836000000000000000e+03 7.341920059339070576e+04
1.837000000000000000e+03 7.345550339196067944e+04
1.838000000000000000e+03 7.364448005545455089e+04
1.839000000000000000e+03 7.365692996101280733e+04
1.840000000000000000e+03 7.378736186308454489e+04
1.841000000000000000e+03 7.384425567872005922e+04
1.842000000000000000e+03 7.383072812599877943e+04
1.843000000000000000e+03 7.392056856960168807e+04
1.844000000000000000e+03 7.399799303941734252e+04
1.845000000000000000e+03 7.407961423278047005e+04
1.846000000000000000e+03 7.403764678362909763e+04
1.847000000000000000e+03 7.413601429709768854e+04
1.848000000000000000e+03 7.415878060183682828e+04
1.849000000000000000e+03 7.423479241344037291e+04
1.850000000000000000e+03 7.410734699647648085e+04
1.851000000000000000e+03 7.414483592332716216e+04
1.852000000000000000e+03 7.412685141191599541e+04
1.853000000000000000e+03 7.406608063696013414e+04
1.854000000000000000e+03 7.406634916899482778e+04
1.855000000000000000e+03 7.406810087425746315e+04
1.856000000000000000e+03 7.401114831748386496e+04
1.857000000000000000e+03 7.406899121357174590e+04
1.858000000000000000e+03 7.412147132227418479e+04
1.859000000000000000e+03 7.419748570826927607e+04
1.860000000000000000e+03 7.423021800653958053e+04
1.861000000000000000e+03 7.443179849935817765e+04
1.862000000000000000e+03 7.454323437771982572e+04
1.863000000000000000e+03 7.452659608742067940e+04
1.864000000000000000e+03 7.453002316299667291e+04
1.865000000000000000e+03 7.454002124894669396e+04
1.866000000000000000e+03 7.463050201523391297e+04
1.867000000000000000e+03 7.460798571596262627e+04
1.868000000000000000e+03 7.459889976977903279e+04
1.869000000000000000e+03 7.455913100006846071e+04
1.870000000000000000e+03 7.471877409654349321e+04
1.871000000000000000e+03 7.467203002363978885e+04
1.872000000000000000e+03 7.466601221454582992e+04
1.873000000000000000e+03 7.466163349056788138e+04
1.874000000000000000e+03 7.469197881957188656e+04
1.875000000000000000e+03 7.471434054189147719e+04
1.876000000000000000e+03 7.475533253370661987e+04
1.877000000000000000e+03 7.492121709755499614e+04
1.878000000000000000e+03 7.508901849829744606e+04
1.879000000000000000e+03 7.506203903199793422e+04
1.880000000000000000e+03 7.513615299048005545e+04
1.881000000000000000e+03 7.524187417342154367e+04
1.882000000000000000e+03 7.533818756288022269e+04
1.883000000000000000e+03 7.539922312672690896e+04
1.884000000000000000e+03 7.555230399062110519e+04
1.885000000000000000e+03 7.566307033456864883e+04
1.886000000000000000e+03 7.562145747228183609e+04
1.887000000000000000e+03 7.570449848710783408e+04
1.888000000000000000e+03 7.569631150114651246e+04
1.889000000000000000e+03 7.576545045904385915e+04
1.890000000000000000e+03 7.579482195118545496e+04
1.891000000000000000e+03 7.584722908334842941e+04
1.892000000000000000e+03 7.581777190805187274e+04
1.893000000000000000e+03 7.593475839112952235e+04
1.894000000000000000e+03 7.595792055960775178e+04
1.895000000000000000e+03 7.594209590954423766e+04
1.896000000000000000e+03 7.593855873408500338e+04
1.897000000000000000e+03 7.589440595715767995e+04
1.898000000000000000e+03 7.595142377507458150e+04
1.899000000000000000e+03 7.594029218420610414e+04
1.900000000000000000e+03 7.598666597131492745e+04
1.901000000000000000e+03 7.616791931898289477e+04
1.902000000000000000e+03 7.617742661544028670e+04
1.903000000000000000e+03 7.626647184672990988e+04
1.904000000000000000e+03 7.635042718707708991e+04
1.905000000000000000e+03 7.642288474797777599e+04
1.906000000000000000e+03 7.643212153648251842e+04
1.907000000000000000e+03 7.657585535560533754e+04
1.908000000000000000e+03 7.662824991414313263e+04
1.909000000000000000e+03 7.673143173033058702e+04
1.910000000000000000e+03 7.684339890256278159e+04
1.911000000000000000e+03 7.688632250137212395e+04
1.912000000000000000e+03 7.684201558738239692e+04
1.913000000000000000e+03 7.685696436761405494e+04
1.914000000000000000e+03 7.687771566693249042e+04
1.915000000000000000e+03 7.694458202946752135e+04
1.916000000000000000e+03 7.683202532302243344e+04
1.917000000000000000e+03 7.681494233806015109e+04
1.918000000000000000e+03 7.685894638464393211e+04
1.919000000000000000e+03 7.698080456860082631e+04
1.920000000000000000e+03 7.695729356086040207e+04
1.921000000000000000e+03 7.695846825696169981e+04
1.922000000000000000e+03 7.700155696612980682e+04
1.923000000000000000e+03 7.717672435531497467e+04
1.924000000000000000e+03 7.724311523335654056e+04
1.925000000000000000e+03 7.739518403120430594e+04
1.926000000000000000e+03 7.750307394489985018e+04
1.927000000000000000e+03 7.747231279829070263e+04
1.928000000000000000e+03 7.744633826675430464e+04
1.929000000000000000e+03 7.743102073793766613e+04
1.930000000000000000e+03 7.733591020888135245e+04
1.931000000000000000e+03 7.738885240396150039e+04
1.932000000000000000e+03 7.734234190836672497e+04
1.933000000000000000e+03 7.727534336698299740e+04
1.934000000000000000e+03 7.729709706567814283e+04
1.935000000000000000e+03 7.728171756602247478e+04
1.936000000000000000e+03 7.736359963442732987e+04
1.937000000000000000e+03 7.762453891007612401e+04
1.938000000000000000e+03 7.776921239027676347e+04
1.939000000000000000e+03 7.790491673952281417e+04
1.940000000000000000e+03 7.796845454457793676e+04
1.941000000000000000e+03 7.798819895911119238e+04
1.942000000000000000e+03 7.804686038065675530e+04
1.943000000000000000e+03 7.810767950130617828e+04
1.944000000000000000e+03 7.818840017386287218e+04
1.945000000000000000e+03 7.831290463333696243e+04
1.946000000000000000e+03 7.830716259595431620e+04
1.947000000000000000e+03 7.849116489287726290e+04
1.948000000000000000e+03 7.856302890322102758e+04
1.949000000000000000e+03 7.862795227264234563e+04
1.950000000000000000e+03 7.866803300941498310e+04
1.951000000000000000e+03 7.881083036699003424e+04
1.952000000000000000e+03 7.900769826123869279e+04
1.953000000000000000e+03 7.909686759412066021e+04
1.954000000000000000e+03 7.918907177350109851e+04
1.955000000000000000e+03 7.922003013532821205e+04
1.956000000000000000e+03 7.929790146536755492e+04
1.957000000000000000e+03 7.935199812948143517e+04
1.958000000000000000e+03 7.929036833189803292e+04
1.959000000000000000e+03 7.926854492520140775e+04
1.960000000000000000e+03 7.929701094325096346e+04
1.961000000000000000e+03 7.937045325730348122e+04
1.962000000000000000e+03 7.946090665964430082e+04
1.963000000000000000e+03 7.958896490365346835e+04
1.964000000000000000e+03 7.958149883954980760e+04
1.965000000000000000e+03 7.961338148640510917e+04
1.966000000000000000e+03 7.966491066150480765e+04
1.967000000000000000e+03 7.975326196419831831e+04
1.968000000000000000e+03 7.973855425992283563e+04
1.969000000000000000e+03 7.986614608424420294e+04
1.970000000000000000e+03 8.003205504042579560e+04
1.971000000000000000e+03 8.007855812504899222e+04
1.972000000000000000e+03 8.016894368298177142e+04
1.973000000000000000e+03 8.024894258526357589e+04
1.974000000000000000e+03 8.034987807893053105e+04
1.975000000000000000e+03 8.047387703128924477e+04
1.976000000000000000e+03 8.057032854128573672e+04
1.977000000000000000e+03 8.065549618059016939e+04
1.978000000000000000e+03 8.075440668630102300e+04
1.979000000000000000e+03 8.082300451664140564e+04
1.980000000000000000e+03 8.096623266682683607e+04
1.981000000000000000e+03 8.107004705770763394e+04
1.982000000000000000e+03 8.103489781752521230e+04
1.983000000000000000e+03 8.105984185022187012e+04
1.984000000000000000e+03 8.119235323824915395e+04
1.985000000000000000e+03 8.117721176367293810e+04
1.986000000000000000e+03 8.122464022046634636e+04
1.987000000000000000e+03 8.118670426092852722e+04
1.988000000000000000e+03 8.125801924653979950e+04
1.989000000000000000e+03 8.119654393037105910e+04
1.990000000000000000e+03 8.123633863725338597e+04
1.991000000000000000e+03 8.125144884980656207e+04
1.992000000000000000e+03 8.135800318130762025e+04
1.993000000000000000e+03 8.143321253078279551e+04
1.994000000000000000e+03 8.139026342449986259e+04
1.995000000000000000e+03 8.135552348228302435e+04
1.996000000000000000e+03 8.137922951363507309e+04
1.997000000000000000e+03 8.133998432692929055e+04
1.998000000000000000e+03 8.140061653305785148e+04
1.999000000000000000e+03 8.142653906383745198e+04
2.000000000000000000e+03 8.137207120074138220e+04
2.001000000000000000e+03 8.135528618102878681e+04
2.002000000000000000e+03 8.142693384111265186e+04
2.003000000000000000e+03 8.137385283375404833e+04
2.004000000000000000e+03 8.134567323472673888e+04
2.005000000000000000e+03 8.142661475082048855e+04
2.006000000000000000e+03 8.146376533383451169e+04
2.007000000000000000e+03 8.141419182010917575e+04
2.008000000000000000e+03 8.141196855923766270e+04
2.009000000000000000e+03 8.147772313818674593e+04
2.010000000000000000e+03 8.161527955839745118e+04
2.011000000000000000e+03 8.159493005153632839e+04
2.012000000000000000e+03 8.169734478096196835e+04
2.013000000000000000e+03 8.176056093930326460e+04
2.014000000000000000e+03 8.184682521004501905e+04
2.015000000000000000e+03 8.183633140068253851e+04
2.016000000000000000e+03 8.191076449098996818e+04
2.017000000000000000e+03 8.191845548781982507e+04
2.018000000000000000e+03 8.197932276857529359e+04
2.019000000000000000e+03 8.204560629164564307e+04
2.020000000000000000e+03 8.209354103210364701e+04
2.021000000000000000e+03 8.215027821625687648e+04
2.022000000000000000e+03 8.225942887237310060e+04
2.023000000000000000e+03 8.218736410798814904e+04
2.024000000000000000e+03 8.227645866346675029e+04
2.025000000000000000e+03 8.230103876939442125e+04
2.026000000000000000e+03 8.236384914179543557e+04
2.027000000000000000e+03 8.241699014976098260e+04
2.028000000000000000e+03 8.257048452523913875e+04
2.029000000000000000e+03 8.264928809407616791e+04
2.030000000000000000e+03 8.262822797076289135e+04
2.031000000000000000e+03 8.267722433183240355e+04
2.032000000000000000e+03 8.277882113697682507e+04
2.033000000000000000e+03 8.294056445969754714e+04
2.034000000000000000e+03 8.297079750212088402e+04
2.035000000000000000e+03 8.295232523015449988e+04
2.036000000000000000e+03 8.273844011960443459e+04
2.037000000000000000e+03 8.258089561770005093e+04
2.038000000000000000e+03 8.259055799500363355e+04
2.039000000000000000e+03 8.267069517627330788e+04
2.040000000000000000e+03 8.278940505518889404e+04
2.041000000000000000e+03 8.278108627355312638e+04
2.042000000000000000e+03 8.288462782373013033e+04
2.043000000000000000e+03 8.289628568800538778e+04
2.044000000000000000e+03 8.301540280160865223e+04
2.045000000000000000e+03 8.303032259978337970e+04
2.046000000000000000e+03 8.315262724317496759e+04
2.047000000000000000e+03 8.331282794221593940e+04
2.048000000000000000e+03 8.345032425395978498e+04
2.049000000000000000e+03 8.347821906508473330e+04
2.050000000000000000e+03 8.348904999866265280e+04
2.051000000000000000e+03 8.360509919955575606e+04
2.052000000000000000e+03 8.369890740260671009e+04
2.053000000000000000e+03 8.375495061816659290e+04
2.054000000000000000e+03 8.376707200309206382e+04
2.055000000000000000e+03 8.386963342064738390e+04
2.056000000000000000e+03 8.394421386773172708e+04
2.057000000000000000e+03 8.392092144848573662e+04
2.058000000000000000e+03 8.392593875758246577e+04
2.059000000000000000e+03 8.402679547933109279e+04
2.060000000000000000e+03 8.396785407580735045e+04
2.061000000000000000e+03 8.386659540086705238e+04
2.062000000000000000e+03 8.389184193246165523e+04
2.063000000000000000e+03 8.401597422701405594e+04
2.064000000000000000e+03 8.414008882343354344e+04
2.065000000000000000e+03 8.423840598346515617e+04
2.066000000000000000e+03 8.422434135173434333e+04
2.067000000000000000e+03 8.408308415862089896e+04
2.068000000000000000e+03 8.415325612027857278e+04
2.069000000000000000e+03 8.421232021845375129e+04
2.070000000000000000e+03 8.433431818913258030e+04
2.071000000000000000e+03 8.435971877278816828e+04
2.072000000000000000e+03 8.439650926151395834e+04
2.073000000000000000e+03 8.441005533106373332e+04
2.074000000000000000e+03 8.458569994739687536e+04
2.075000000000000000e+03 8.461563096108785248e+04
2.076000000000000000e+03 8.463518589329248061e+04
2.077000000000000000e+03 8.476343798672026605e+04
2.078000000000000000e+03 8.483947370165823668e+04
2.079000000000000000e+03 8.483746830538805807e+04
2.080000000000000000e+03 8.477877022335016227e+04
2.081000000000000000e+03 8.480794927874587302e+04
2.082000000000000000e+03 8.481514079870689602e+04
2.083000000000000000e+03 8.478768731855743681e+04
2.084000000000000000e+03 8.504361571441535489e+04
2.085000000000000000e+03 8.513287261000434228e+04
2.086000000000000000e+03 8.528290722667115915e+04
2.087000000000000000e+03 8.545148357707116520e+04
2.088000000000000000e+03 8.539425611698551802e+04
2.089000000000000000e+03 8.534102334912121296e+04
2.090000000000000000e+03 8.542101107092264283e+04
2.091000000000000000e+03 8.533488906044585747e+04
2.092000000000000000e+03 8.534372794862177398e+04
2.093000000000000000e+03 8.533782880342951103e+04
2.094000000000000000e+03 8.544714954544292414e+04
2.095000000000000000e+03 8.537009862158569740e+04
2.096000000000000000e+03 8.538715800287954335e+04
2.097000000000000000e+03 8.549320247662016482e+04
2.098000000000000000e+03 8.564355300132057164e+04
2.099000000000000000e+03 8.572196711737384612e+04
2.100000000000000000e+03 8.577551526555755117e+04
2.101000000000000000e+03 8.588562215010507498e+04
2.102000000000000000e+03 8.581840500363985484e+04
2.103000000000000000e+03 8.583056519910856150e+04
2.104000000000000000e+03 8.580255308052017062e+04
2.105000000000000000e+03 8.591106664167391136e+04
2.106000000000000000e+03 8.586319620471815870e+04
2.107000000000000000e+03 8.587482162921784038e+04
2.108000000000000000e+03 8.587202138184446085e+04
2.109000000000000000e+03 8.581163527205408900e+04
2.110000000000000000e+03 8.583233469890897686e+04
2.111000000000000000e+03 8.593234802142198896e+04
2.112000000000000000e+03 8.597034134008910041e+04
2.113000000000000000e+03 8.591368133906883304e+04
2.114000000000000000e+03 8.589737424548224953e+04
2.115000000000000000e+03 8.595183596018351091e+04
2.116000000000000000e+03 8.601301832595835731e+04
2.117000000000000000e+03 8.611473867563990643e+04
2.118000000000000000e+03 8.616395802826236468e+04
2.119000000000000000e+03 8.617323256688372931e+04
2.120000000000000000e+03 8.621624571400813875e+04
2.121000000000000000e+03 8.640948906819870172e+04
2.122000000000000000e+03 8.650182852686544356e+04
2.123000000000000000e+03 8.668058574031265744e+04
2.124000000000000000e+03 8.666254313447838649e+04
2.125000000000000000e+03 8.665108233901648782e+04
2.126000000000000000e+03 8.656812007757478568e+04
2.127000000000000000e+03 8.656731148245364602e+04
2.128000000000000000e+03 8.655912922404291749e+04
2.129000000000000000e+03 8.660135917391839030e+04
2.130000000000000000e+03 8.662239253322195145e+04
2.131000000000000000e+03 8.671619712093762064e+04
2.132000000000000000e+03 8.664038393655279651e+04
2.133000000000000000e+03 8.656175839976246061e+04
2.134000000000000000e+03 8.643679813117669255e+04
2.135000000000000000e+03 8.638346370699010731e+04
2.136000000000000000e+03 8.636284094315300172e+04
2.137000000000000000e+03 8.634302707000104419e+04
2.138000000000000000e+03 8.634440923360508168e+04
2.139000000000000000e+03 8.642308058729598997e+04
2.140000000000000000e+03 8.656747033968016331e+04
2.141000000000000000e+03 8.651233960793628648e+04
2.142000000000000000e+03 8.650161867425277887e+04
2.143000000000000000e+03 8.643923476951618795e+04
2.144000000000000000e+03 8.648203073974321887e+04
2.145000000000000000e+03 8.644323683217777580e+04
2.146000000000000000e+03 8.649734887802628509e+04
2.147000000000000000e+03 8.657734832363331225e+04
2.148000000000000000e+03 8.668427652319631306e+04
2.149000000000000000e+03 8.669572411129338434e+04
2.150000000000000000e+03 8.670946380757290171e+04
2.151000000000000000e+03 8.667383314678975148e+04
2.152000000000000000e+03 8.675370971886730695e+04
2.153000000000000000e+03 8.678410127554256178e+04
2.154000000000000000e+03 8.678298563263275719e+04
2.155000000000000000e+03 8.685087159920627892e+04
2.156000000000000000e+03 8.689951158249047876e+04
2.157000000000000000e+03 8.703843394575778802e+04
2.158000000000000000e+03 8.708299709165167587e+04
2.159000000000000000e+03 8.707759126675660082e+04
2.160000000000000000e+03 8.721355974826848251e+04
2.161000000000000000e+03 8.731964820257791143e+04
2.162000000000000000e+03 8.730279413689303328e+04
2.163000000000000000e+03 8.722560652530779771e+04
2.164000000000000000e+03 8.731754924706890597e+04
2.165000000000000000e+03 8.738534635364385031e+04
2.166000000000000000e+03 8.733875366839856724e+04
2.167000000000000000e+03 8.728613304385365336e+04
2.168000000000000000e+03 8.728207428974802315e+04
2.169000000000000000e+03 8.736845782427929225e+04
2.170000000000000000e+03 8.737721301957620017e+04
2.171000000000000000e+03 8.748645501783519285e+04
2.172000000000000000e+03 8.756469878501187486e+04
2.173000000000000000e+03 8.758504452684213175e+04
2.174000000000000000e+03 8.750123150803252065e+04
2.175000000000000000e+03 8.756890497026560479e+04
2.176000000000000000e+03 8.764554464530006226e+04
2.177000000000000000e+03 8.777379274452255049e+04
2.178000000000000000e+03 8.773821396978388657e+04
2.179000000000000000e+03 8.776203160681655572e+04
2.180000000000000000e+03 8.779575304080190836e+04
2.181000000000000000e+03 8.785626765541505301e+04
2.182000000000000000e+03 8.785717280983467936e+04
2.183000000000000000e+03 8.800767526059728698e+04
2.184000000000000000e+03 8.809994097152964969e+04
2.185000000000000000e+03 8.825826636202013469e+04
2.186000000000000000e+03 8.837213136300428596e+04
2.187000000000000000e+03 8.854063914494350320e+04
2.188000000000000000e+03 8.851252203057966835e+04
2.189000000000000000e+03 8.851722947962285252e+04
2.190000000000000000e+03 8.850494035396704567e+04
2.191000000000000000e+03 8.854241037606113241e+04
2.192000000000000000e+03 8.861898483607447997e+04
2.193000000000000000e+03 8.865419783798235585e+04
2.194000000000000000e+03 8.856922662838044926e+04
2.195000000000000000e+03 8.858591270648677892e+04
2.196000000000000000e+03 8.860646736540259735e+04
2.197000000000000000e+03 8.865005822997295763e+04
2.198000000000000000e+03 8.865655927307777165e+04
2.199000000000000000e+03 8.868613738076794834e+04
2.200000000000000000e+03 8.874004196760771447e+04
2.201000000000000000e+03 8.867768223585392116e+04
2.202000000000000000e+03 8.868132027376204496e+04
2.203000000000000000e+03 8.882270216601451102e+04
2.204000000000000000e+03 8.875214584245598235e+04
2.205000000000000000e+03 8.871108023181141471e+04
2.206000000000000000e+03 8.883168825430917786e+04
2.207000000000000000e+03 8.891512118123241817e+04
2.208000000000000000e+03 8.889569419693146483e+04
2.209000000000000000e+03 8.896713699021123466e+04
2.210000000000000000e+03 8.917420359720713168e+04
2.211000000000000000e+03 8.929511500357791374e+04
2.212000000000000000e+03 8.929468253482969885e+04
2.213000000000000000e+03 8.937925720840180293e+04
2.214000000000000000e+03 8.945727513662443380e+04
2.215000000000000000e+03 8.956880105107293639e+04
2.216000000000000000e+03 8.964713596582558239e+04
2.217000000000000000e+03 8.972589028597901051e+04
2.218000000000000000e+03 8.968054706429109501e+04
2.219000000000000000e+03 8.967626727232163830e+04
2.220000000000000000e+03 8.966502702823924483e+04
2.221000000000000000e+03 8.962300590038734663e+04
2.222000000000000000e+03 8.950169843408964516e+04
2.223000000000000000e+03 8.956949745075989631e+04
2.224000000000000000e+03 8.946682808462898538e+04
2.225000000000000000e+03 8.947703727813264413e+04
2.226000000000000000e+03 8.943955176511507307e+04
2.227000000000000000e+03 8.952175994389729749e+04
2.228000000000000000e+03 8.955459426391302259e+04
2.229000000000000000e+03 8.947923589569481555e+04
2.230000000000000000e+03 8.952117924234284146e+04
2.231000000000000000e+03 8.972650572290387936e+04
2.232000000000000000e+03 8.979750345564039890e+04
2.233000000000000000e+03 8.987812808161291468e+04
2.234000000000000000e+03 8.999321456009231042e+04
2.235000000000000000e+03 8.996987404575703840e+04
2.236000000000000000e+03 9.002432954979561327e+04
2.237000000000000000e+03 9.001736230652985978e+04
2.238000000000000000e+03 9.016971404830533720e+04
2.239000000000000000e+03 9.024410465092264349e+04
2.240000000000000000e+03 9.017898274202687026e+04
2.241000000000000000e+03 9.030091901468340075e+04
2.242000000000000000e+03 9.043230598194245249e+04
2.243000000000000000e+03 9.043657023186856532e+04
2.244000000000000000e+03 9.058320431030596956e+04
2.245000000000000000e+03 9.065237890424470243e+04
2.246000000000000000e+03 9.076189205128866888e+04
2.247000000000000000e+03 9.087244354808164644e+04
2.248000000000000000e+03 9.096798095827753423e+04
2.249000000000000000e+03 9.116011324767481710e+04
2.250000000000000000e+03 9.123302519687866152e+04
2.251000000000000000e+03 9.135907786758952716e+04
2.252000000000000000e+03 9.136156363973297994e+04
2.253000000000000000e+03 9.141661477036545693e+04
2.254000000000000000e+03 9.149902265134788468e+04
2.255000000000000000e+03 9.146390229357298813e+04
2.256000000000000000e+03 9.152018852513629827e+04
2.257000000000000000e+03 9.165582535503376857e+04
2.258000000000000000e+03 9.177435638288084010e+04
2.259000000000000000e+03 9.171608960319902690e+04
2.260000000000000000e+03 9.188663293037240510e+04
2.261000000000000000e+03 9.205291237880670815e+04
2.262000000000000000e+03 9.208011908826712170e+04
2.263000000000000000e+03 9.199042023483705998e+04
2.264000000000000000e+03 9.215279446672378981e+04
2.265000000000000000e+03 9.214826377994935319e+04
2.266000000000000000e+03 9.210816709604189964e+04
2.267000000000000000e+03 9.207713085185903765e+04
2.268000000000000000e+03 9.207823040887298703e+04
2.269000000000000000e+03 9.203626455785296275e+04
2.270000000000000000e+03 9.203430680632824078e+04
2.271000000000000000e+03 9.196528448906262929e+04
2.272000000000000000e+03 9.202382104665717634e+04
2.273000000000000000e+03 9.200484904936690873e+04
2.274000000000000000e+03 9.190738168257493817e+04
2.275000000000000000e+03 9.187285701196208538e+04
2.276000000000000000e+03 9.181410950632883760e+04
2.277000000000000000e+03 9.172781003738338768e+04
2.278000000000000000e+03 9.163188104733407090e+04
2.279000000000000000e+03 9.163749647934500535e+04
2.280000000000000000e+03 9.170689717275855946e+04
2.281000000000000000e+03 9.190207007722798153e+04
2.282000000000000000e+03 9.189492905657703523e+04
2.283000000000000000e+03 9.193734573513866053e+04
2.284000000000000000e+03 9.203130291515072167e+04
2.285000000000000000e+03 9.201533157742035110e+04
2.286000000000000000e+03 9.204241864984970016e+04
2.287000000000000000e+03 9.213200674621071084e+04
2.288000000000000000e+03 9.231679893039280432e+04
2.289000000000000000e+03 9.229214617598078621e+04
2.290000000000000000e+03 9.244396640599351667e+04
2.291000000000000000e+03 9.250354220975248609e+04
2.292000000000000000e+03 9.248257113553945965e+04
2.293000000000000000e+03 9.258242770049172395e+04
2.294000000000000000e+03 9.274858655444197939e+04
2.295000000000000000e+03 9.288246982423494046e+04
2.296000000000000000e+03 9.303407624487744761e+04
2.297000000000000000e+03 9.301617721260976396e+04
2.298000000000000000e+03 9.302399540329906449e+04
2.299000000000000000e+03 9.301943671822600299e+04
2.300000000000000000e+03 9.300281888622563565e+04
2.301000000000000000e+03 9.312732335827326460e+04
2.302000000000000000e+03 9.321989632240594074e+04
2.303000000000000000e+03 9.332512519423472986e+04
2.304000000000000000e+03 9.336614414368974394e+04
2.305000000000000000e+03 9.335435893505957210e+04
2.306000000000000000e+03 9.343138770512284827e+04
2.307000000000000000e+03 9.353742346754006576e+04
2.308000000000000000e+03 9.365852410667580261e+04
2.309000000000000000e+03 9.362909078243639669e+04
2.310000000000000000e+03 9.353923265940808051e+04
2.311000000000000000e+03 9.368348661327004083e+04
2.312000000000000000e+03 9.385331388122768840e+04
2.313000000000000000e+03 9.386219540481761214e+04
2.314000000000000000e+03 9.388047984369432379e+04
2.315000000000000000e+03 9.398519208691616950e+04
2.316000000000000000e+03 9.410482610625207599e+04
2.317000000000000000e+03 9.422277314776906860e+04
2.318000000000000000e+03 9.424495364727720153e+04
2.319000000000000000e+03 9.425867696517751028e+04
2.320000000000000000e+03 9.428339481096921372e+04
2.321000000000000000e+03 9.427926284800184658e+04
2.322000000000000000e+03 9.446617186685920751e+04
2.323000000000000000e+03 9.441302002906422422e+04
2.324000000000000000e+03 9.430884240968266386e+04
2.325000000000000000e+03 9.437861485029078904e+04
2.326000000000000000e+03 9.435172911038433085e+04
2.327000000000000000e+03 9.445397372148024442e+04
2.328000000000000000e+03 9.445914508978220692e+04
2.329000000000000000e+03 9.447531499497784534e+04
2.330000000000000000e+03 9.449689908199374622e+04
2.331000000000000000e+03 9.447756471265635628e+04
2.332000000000000000e+03 9.436124355546393781e+04
2.333000000000000000e+03 9.435326104486713302e+04
2.334000000000000000e+03 9.444047880201782391e+04
2.335000000000000000e+03 9.442996554073100560e+04
2.336000000000000000e+03 9.450219117057029507e+04
2.337000000000000000e+03 9.466492601620196365e+04
2.338000000000000000e+03 9.481257896562459064e+04
2.339000000000000000e+03 9.490381719830796646e+04
2.340000000000000000e+03 9.515564411677718454e+04
2.341000000000000000e+03 9.525477510680152045e+04
2.342000000000000000e+03 9.534836910448894196e+04
2.343000000000000000e+03 9.539857348375261063e+04
2.344000000000000000e+03 9.540349847950610274e+04
2.345000000000000000e+03 9.549939210444783384e+04
2.346000000000000000e+03 9.552591792860264832e+04
2.347000000000000000e+03 9.558537065989368421e+04
2.348000000000000000e+03 9.559478528476320207e+04
2.349000000000000000e+03 9.564566811806928308e+04
2.350000000000000000e+03 9.576742527194469585e+04
2.351000000000000000e+03 9.568110227590813884e+04
2.352000000000000000e+03 9.560761240921777789e+04
2.353000000000000000e+03 9.566462862804561155e+04
2.354000000000000000e+03 9.574661000954698829e+04
2.355000000000000000e+03 9.589718810226947244e+04
2.356000000000000000e+03 9.588123471138272726e+04
2.357000000000000000e+03 9.600194778610118374e+04
2.358000000000000000e+03 9.617916240260827180e+04
2.359000000000000000e+03 9.620753885021551105e+04
2.360000000000000000e+03 9.610613036965797073e+04
2.361000000000000000e+03 9.629322440969898889e+04
2.362000000000000000e+03 9.653217798846056394e+04
2.363000000000000000e+03 9.658454329257967765e+04
2.364000000000000000e+03 9.660470539285521954e+04
2.365000000000000000e+03 9.650415844674882828e+04
2.366000000000000000e+03 9.665825612839886162e+04
2.367000000000000000e+03 9.673417441942651931e+04
2.368000000000000000e+03 9.671597085732096457e+04
2.369000000000000000e+03 9.672456356203391624e+04
2.370000000000000000e+03 9.684770417226340214e+04
2.371000000000000000e+03 9.700567462618925492e+04
2.372000000000000000e+03 9.716070200400410977e+04
2.373000000000000000e+03 9.714928442257056304e+04
2.374000000000000000e+03 9.702480662486441724e+04
2.375000000000000000e+03 9.703721903824289620e+04
2.376000000000000000e+03 9.691246145609577070e+04
2.377000000000000000e+03 9.696718273369796225e+04
2.378000000000000000e+03 9.714655811054188234e+04
2.379000000000000000e+03 9.710377355150146468e+04
2.380000000000000000e+03 9.701212915250584774e+04
2.381000000000000000e+03 9.688663016679308203e+04
2.382000000000000000e+03 9.686870631695764314e+04
2.383000000000000000e+03 9.678949576022417750e+04
2.384000000000000000e+03 9.680993151301829494e+04
2.385000000000000000e+03 9.671711290862021269e+04
2.386000000000000000e+03 9.683416315373253019e+04
2.387000000000000000e+03 9.699136120145002496e+04
2.388000000000000000e+03 9.699394134443666553e+04
2.389000000000000000e+03 9.708950116541792522e+04
2.390000000000000000e+03 9.716387355750093411e+04
2.391000000000000000e+03 9.716731087098798889e+04
2.392000000000000000e+03 9.720943148915409984e+04
2.393000000000000000e+03 9.722168085338742821e+04
2.394000000000000000e+03 9.725087381011512480e+04
2.395000000000000000e+03 9.735889280819942360e+04
2.396000000000000000e+03 9.736562201294074475e+04
2.397000000000000000e+03 9.748948376173498400e+04
2.398000000000000000e+03 9.754367486873047892e+04
2.399000000000000000e+03 9.755679215935495449e+04
2.400000000000000000e+03 9.763185898634314071e+04
2.401000000000000000e+03 9.762206020511403040e+04
2.402000000000000000e+03 9.763060542345351132e+04
2.403000000000000000e+03 9.759023043796325510e+04
2.404000000000000000e+03 9.765264646121260012e+04
2.405000000000000000e+03 9.770940228190037305e+04
2.406000000000000000e+03 9.774358269566850504e+04
2.407000000000000000e+03 9.773095964130497305e+04
2.408000000000000000e+03 9.787158972013428865e+04
2.409000000000000000e+03 9.793237474058709631e+04
2.410000000000000000e+03 9.788214586579076422e+04
2.411000000000000000e+03 9.794223023467940220e+04
2.412000000000000000e+03 9.792026413522496296e+04
2.413000000000000000e+03 9.792730841004558897e+04
2.414000000000000000e+03 9.795422658243896149e+04
2.415000000000000000e+03 9.804834438438426878e+04
2.416000000000000000e+03 9.806804440008119855e+04
2.417000000000000000e+03 9.819355636424690601e+04
2.418000000000000000e+03 9.828724446797980636e+04
2.419000000000000000e+03 9.835986103641938826e+04
2.420000000000000000e+03 9.842960802248136315e+04
2.421000000000000000e+03 9.851389956998487469e+04
2.422000000000000000e+03 9.852183300146997499e+04
2.423000000000000000e+03 9.865726966461016855e+04
2.424000000000000000e+03 9.871439604574449186e+04
2.425000000000000000e+03 9.886213931675729691e+04
2.426000000000000000e+03 9.882809357212940813e+04
2.427000000000000000e+03 9.889175413990626112e+04
2.428000000000000000e+03 9.881848342893522931e+04
2.429000000000000000e+03 9.865603836164798122e+04
2.430000000000000000e+03 9.848999101022491232e+04
2.431000000000000000e+03 9.856658111747255316e+04
2.432000000000000000e+03 9.863715969129052246e+04
2.433000000000000000e+03 9.869643033423765155e+04
2.434000000000000000e+03 9.873699017416677088e+04
2.435000000000000000e+03 9.882963442013539316e+04
2.436000000000000000e+03 9.897628755447913136e+04
2.437000000000000000e+03 9.908777604078294826e+04
2.438000000000000000e+03 9.917149725933217269e+04
2.439000000000000000e+03 9.905740853554684145e+04
2.440000000000000000e+03 9.905316213994428108e+04
2.441000000000000000e+03 9.899080771597179410e+04
2.442000000000000000e+03 9.898196795172529528e+04
2.443000000000000000e+03 9.899326499617443187e+04
2.444000000000000000e+03 9.896035138173184532e+04
2.445000000000000000e+03 9.896737012424785644e+04
2.446000000000000000e+03 9.906895595156613854e+04
2.447000000000000000e+03 9.904926982364455762e+04
2.448000000000000000e+03 9.907932188198044605e+04
2.449000000000000000e+03 9.908629185662466625e+04
2.450000000000000000e+03 9.921571641845021804e+04
2.451000000000000000e+03 9.927074046820367221e+04
2.452000000000000000e+03 9.940010587381903315e+04
2.453000000000000000e+03 9.940109211358393077e+04
2.454000000000000000e+03 9.931749427669777651e+04
2.455000000000000000e+03 9.937132457147963578e+04
2.456000000000000000e+03 9.930605736928679107e+04
2.457000000000000000e+03 9.928846012545183476e+04
2.458000000000000000e+03 9.932898377056470781e+04
2.459000000000000000e+03 9.941845889140755753e+04
2.460000000000000000e+03 9.948828723432327388e+04
2.461000000000000000e+03 9.942320236194056633e+04
2.462000000000000000e+03 9.934102336170889612e+04
2.463000000000000000e+03 9.935860904625504918e+04
2.464000000000000000e+03 9.935477164754029945e+04
2.465000000000000000e+03 9.938539452859730227e+04
2.466000000000000000e+03 9.949614812022086699e+04
2.467000000000000000e+03 9.945869918341729499e+04
2.468000000000000000e+03 9.945500629191793269e+04
2.469000000000000000e+03 9.945411783195853059e+04
2.470000000000000000e+03 9.939864862583164359e+04
2.471000000000000000e+03 9.938884701711658272e+04
2.472000000000000000e+03 9.952994342514815798e+04
2.473000000000000000e+03 9.955758449770075094e+04
2.474000000000000000e+03 9.961937610979285091e+04
2.475000000000000000e+03 9.960741898949303140e+04
2.476000000000000000e+03 9.961954920374698122e+04
2.477000000000000000e+03 9.962462279851008498e+04
2.478000000000000000e+03 9.949115189043134160e+04
2.479000000000000000e+03 9.938293130817632482e+04
2.480000000000000000e+03 9.948565283007163089e+04
2.481000000000000000e+03 9.961893664638337214e+04
2.482000000000000000e+03 9.965514279130425712e+04
2.483000000000000000e+03 9.975043679451229400e+04
2.484000000000000000e+03 9.983858363917403040e+04
2.485000000000000000e+03 9.981240361864936131e+04
2.486000000000000000e+03 9.978937528757929977e+04
2.487000000000000000e+03 9.988554652367469680e+04
2.488000000000000000e+03 9.986833127342308580e+04
2.489000000000000000e+03 9.987159534307639115e+04
2.490000000000000000e+03 9.989099138625264459e+04
2.491000000000000000e+03 9.993291650213336106e+04
2.492000000000000000e+03 9.997110244810966833e+04
2.493000000000000000e+03 9.997958882765997259e+04
2.494000000000000000e+03 1.001765895420567831e+05
2.495000000000000000e+03 1.001073223449826764e+05
2.496000000000000000e+03 1.001514365954135283e+05
2.497000000000000000e+03 1.000391909318436956e+05
2.498000000000000000e+03 1.001051743197025207e+05
2.499000000000000000e+03 1.001319508239723655e+05
2.500000000000000000e+03 1.000223967272749287e+05
2.501000000000000000e+03 9.996021666557985009e+04
2.502000000000000000e+03 1.001340014635687985e+05
2.503000000000000000e+03 1.001504801476143475e+05
2.504000000000000000e+03 1.001081602768887969e+05
2.505000000000000000e+03 1.002247278490779427e+05
2.506000000000000000e+03 1.002990044680589926e+05
2.507000000000000000e+03 1.002605873295753554e+05
2.508000000000000000e+03 1.004399560468346899e+05
2.509000000000000000e+03 1.005305049805439776e+05
2.510000000000000000e+03 1.005729543741116504e+05
2.511000000000000000e+03 1.005479065330089215e+05
2.512000000000000000e+03 1.006442446331069950e+05
2.513000000000000000e+03 1.007900377074086573e+05
2.514000000000000000e+03 1.007811755100552837e+05
2.515000000000000000e+03 1.008325054832007008e+05
2.516000000000000000e+03 1.008721876588358136e+05
2.517000000000000000e+03 1.008325383167234977e+05
2.518000000000000000e+03 1.008671443487892539e+05
2.519000000000000000e+03 1.009972166820661660e+05
2.520000000000000000e+03 1.010284130645977712e+05
2.521000000000000000e+03 1.010020186470614135e+05
2.522000000000000000e+03 1.011810088369114674e+05
2.523000000000000000e+03 1.011742234197066136e+05
2.524000000000000000e+03 1.012795416196261212e+05
2.525000000000000000e+03 1.014750381037305342e+05
2.526000000000000000e+03 1.016000205040940637e+05
2.527000000000000000e+03 1.016607079089878680e+05
2.528000000000000000e+03 1.016909629562467017e+05
2.529000000000000000e+03 1.017083295134482178e+05
2.530000000000000000e+03 1.016758289097196830e+05
2.531000000000000000e+03 1.015578106998131698e+05
2.532000000000000000e+03 1.014644440033648134e+05
2.533000000000000000e+03 1.014083569360984256e+05
2.534000000000000000e+03 1.012771905838908715e+05
2.535000000000000000e+03 1.011855072508927551e+05
2.536000000000000000e+03 1.012288198495283286e+05
2.537000000000000000e+03 1.012197364351888536e+05
2.538000000000000000e+03 1.013029483765938057e+05
2.539000000000000000e+03 1.013484503285345854e+05
2.540000000000000000e+03 1.012300532535586972e+05
2.541000000000000000e+03 1.011486403079762531e+05
2.542000000000000000e+03 1.012198369901962724e+05
2.543000000000000000e+03 1.009054327816886216e+05
2.544000000000000000e+03 1.009444533189908543e+05
2.545000000000000000e+03 1.009704938094111567e+05
2.546000000000000000e+03 1.010054654953105346e+05
2.547000000000000000e+03 1.011989673828750238e+05
2.548000000000000000e+03 1.013039473357922252e+05
2.549000000000000000e+03 1.013589723984138982e+05
2.550000000000000000e+03 1.012755366874430765e+05
2.551000000000000000e+03 1.011879261021402344e+05
2.552000000000000000e+03 1.011800320763731434e+05
2.553000000000000000e+03 1.011102091646663030e+05
2.554000000000000000e+03 1.011190053268419724e+05
2.555000000000000000e+03 1.012154241237115784e+05
2.556000000000000000e+03 1.012413390997646929e+05
2.557000000000000000e+03 1.012993144852549740e+05
2.558000000000000000e+03 1.013689290253236541e+05
2.559000000000000000e+03 1.013923320919430407e+05
2.560000000000000000e+03 1.014723868313058629e+05
2.561000000000000000e+03 1.015593669495038193e+05
2.562000000000000000e+03 1.016708186981109611e+05
2.563000000000000000e+03 1.018040853646209580e+05
2.564000000000000000e+03 1.019180542750451277e+05
2.565000000000000000e+03 1.019774635398639366e+05
2.566000000000000000e+03 1.019878560438967543e+05
2.567000000000000000e+03 1.021038758883222472e+05
2.568000000000000000e+03 1.022905691240960878e+05
2.569000000000000000e+03 1.024062368718932412e+05
2.570000000000000000e+03 1.024700124954525527e+05
2.571000000000000000e+03 1.024811660423427238e+05
2.572000000000000000e+03 1.025343658715158381e+05
2.573000000000000000e+03 1.025248383733469673e+05
2.574000000000000000e+03 1.025113131922662433e+05
2.575000000000000000e+03 1.024974363087267266e+05
2.576000000000000000e+03 1.025903380514370801e+05
2.577000000000000000e+03 1.026809035247464781e+05
2.578000000000000000e+03 1.026505149597710406e+05
2.579000000000000000e+03 1.025977998929440364e+05
2.580000000000000000e+03 1.026643685929648054e+05
2.581000000000000000e+03 1.027255358645843226e+05
2.582000000000000000e+03 1.028550489263475174e+05
2.583000000000000000e+03 1.028972971893247304e+05
2.584000000000000000e+03 1.029173842643059761e+05
2.585000000000000000e+03 1.030648258763634803e+05
2.586000000000000000e+03 1.031486312219621905e+05
2.587000000000000000e+03 1.031277090966379328e+05
2.588000000000000000e+03 1.031477411352032213e+05
2.589000000000000000e+03 1.032229296539369680e+05
2.590000000000000000e+03 1.033895336060883565e+05
2.591000000000000000e+03 1.033674781044322444e+05
2.592000000000000000e+03 1.033551295539462444e+05
2.593000000000000000e+03 1.033199720734441071e+05
2.594000000000000000e+03 1.032983452173904807e+05
2.595000000000000000e+03 1.033362315373705351e+05
2.596000000000000000e+03 1.032756964087793021e+05
2.597000000000000000e+03 1.032861281837447459e+05
2.598000000000000000e+03 1.033950933229784278e+05
2.599000000000000000e+03 1.034481798739184596e+05
2.600000000000000000e+03 1.034333046986774134e+05
2.601000000000000000e+03 1.033303054632661660e+05
2.602000000000000000e+03 1.034356365861670056e+05
2.603000000000000000e+03 1.035024686073729681e+05
2.604000000000000000e+03 1.035796232031122345e+05
2.605000000000000000e+03 1.035698782377426833e+05
2.606000000000000000e+03 1.036517282689760177e+05
2.607000000000000000e+03 1.036792364569311176e+05
2.608000000000000000e+03 1.035981065777116746e+05
2.609000000000000000e+03 1.036098298385829548e+05
2.610000000000000000e+03 1.035232669162559614e+05
2.611000000000000000e+03 1.035458272922228643e+05
2.612000000000000000e+03 1.035534070287135837e+05
2.613000000000000000e+03 1.035511115499020088e+05
2.614000000000000000e+03 1.036625325342328724e+05
2.615000000000000000e+03 1.037759280326185690e+05
2.616000000000000000e+03 1.038007188485268707e+05
2.617000000000000000e+03 1.037672764846918144e+05
2.618000000000000000e+03 1.038102388814665464e+05
2.619000000000000000e+03 1.038064663035193807e+05
2.620000000000000000e+03 1.037259108396764932e+05
2.621000000000000000e+03 1.037663100993683183e+05
2.622000000000000000e+03 1.038003126601055264e+05
2.623000000000000000e+03 1.037339911343939602e+05
2.624000000000000000e+03 1.038066974462503131e+05
2.625000000000000000e+03 1.039070333859267266e+05
2.626000000000000000e+03 1.037627513238414103e+05
2.627000000000000000e+03 1.037015766390164499e+05
2.628000000000000000e+03 1.037678558180816472e+05
2.629000000000000000e+03 1.037582846243575041e+05
2.630000000000000000e+03 1.038747451253808977e+05
2.631000000000000000e+03 1.040030006010512443e+05
2.632000000000000000e+03 1.040511462829822995e+05
2.633000000000000000e+03 1.039353521401029575e+05
2.634000000000000000e+03 1.039245808901532582e+05
2.635000000000000000e+03 1.041285234258758137e+05
2.636000000000000000e+03 1.042933860818567628e+05
2.637000000000000000e+03 1.044455816817735467e+05
2.638000000000000000e+03 1.044983063231930428e+05
2.639000000000000000e+03 1.046176290077163139e+05
2.640000000000000000e+03 1.047246387906964665e+05
2.641000000000000000e+03 1.047526869140303315e+05
2.642000000000000000e+03 1.046090779636084044e+05
2.643000000000000000e+03 1.046617682528771984e+05
2.644000000000000000e+03 1.046529906257725816e+05
2.645000000000000000e+03 1.047358708708545601e+05
2.646000000000000000e+03 1.047379419409139664e+05
2.647000000000000000e+03 1.047398212606904563e+05
2.648000000000000000e+03 1.047353133596200641e+05
2.649000000000000000e+03 1.046808062428569247e+05
2.650000000000000000e+03 1.046917219622011180e+05
2.651000000000000000e+03 1.047871901977483067e+05
2.652000000000000000e+03 1.048019114972502139e+05
2.653000000000000000e+03 1.047897987300812529e+05
2.654000000000000000e+03 1.049547926538278116e+05
2.655000000000000000e+03 1.050063485737070441e+05
2.656000000000000000e+03 1.049616447370027017e+05
2.657000000000000000e+03 1.050034849389843876e+05
2.658000000000000000e+03 1.049267328003475268e+05
2.659000000000000000e+03 1.051131007308471308e+05
2.660000000000000000e+03 1.051775150102759362e+05
2.661000000000000000e+03 1.050838757290346402e+05
2.662000000000000000e+03 1.051287072736097471e+05
2.663000000000000000e+03 1.052270427955428022e+05
2.664000000000000000e+03 1.053462154670000309e+05
2.665000000000000000e+03 1.053528449537363485e+05
2.666000000000000000e+03 1.053739196246026695e+05
2.667000000000000000e+03 1.054310712873182638e+05
2.668000000000000000e+03 1.054249456204969028e+05
2.669000000000000000e+03 1.054991115485674527e+05
2.670000000000000000e+03 1.054518677471853298e+05
2.671000000000000000e+03 1.054480211974394770e+05
2.672000000000000000e+03 1.052485887515947688e+05
2.673000000000000000e+03 1.050857685865271778e+05
2.674000000000000000e+03 1.051580546229528263e+05
2.675000000000000000e+03 1.051625767884520901e+05
2.676000000000000000e+03 1.051397128056488436e+05
2.677000000000000000e+03 1.052511643311251391e+05
2.678000000000000000e+03 1.053296940382596513e+05
2.679000000000000000e+03 1.053722850557103811e+05
2.680000000000000000e+03 1.053012044255877699e+05
2.681000000000000000e+03 1.053827163447395724e+05
2.682000000000000000e+03 1.053825075143790746e+05
2.683000000000000000e+03 1.054376411524846480e+05
2.684000000000000000e+03 1.054741011108953244e+05
2.685000000000000000e+03 1.055371554084930540e+05
2.686000000000000000e+03 1.056677101755602635e+05
2.687000000000000000e+03 1.057044612646158348e+05
2.688000000000000000e+03 1.057400459857655660e+05
2.689000000000000000e+03 1.058181078594752471e+05
2.690000000000000000e+03 1.059092200259531382e+05
2.691000000000000000e+03 1.059733185860294325e+05
2.692000000000000000e+03 1.060606253677483764e+05
2.693000000000000000e+03 1.062053278256199992e+05
2.694000000000000000e+03 1.062681662380039197e+05
2.695000000000000000e+03 1.063806991319457593e+05
2.696000000000000000e+03 1.064685010564164404e+05
2.697000000000000000e+03 1.064480936796310561e+05
2.698000000000000000e+03 1.063887767988403648e+05
2.699000000000000000e+03 1.063878745635106461e+05
2.700000000000000000e+03 1.064246399515669473e+05
2.701000000000000000e+03 1.065092282728732825e+05
2.702000000000000000e+03 1.066281935424450785e+05
2.703000000000000000e+03 1.067919959558583942e+05
2.704000000000000000e+03 1.067875609299705247e+05
2.705000000000000000e+03 1.068225112736127339e+05
2.706000000000000000e+03 1.069666502064878005e+05
2.707000000000000000e+03 1.069679050140851032e+05
2.708000000000000000e+03 1.069492731478577334e+05
2.709000000000000000e+03 1.069658700393118488e+05
2.710000000000000000e+03 1.069968630091734085e+05
2.711000000000000000e+03 1.070125215579534852e+05
2.712000000000000000e+03 1.069509046558961272e+05
2.713000000000000000e+03 1.070397451342602581e+05
2.714000000000000000e+03 1.069920289502114465e+05
2.715000000000000000e+03 1.069483613550364244e+05
2.716000000000000000e+03 1.069068677238268137e+05
2.717000000000000000e+03 1.069275687485716044e+05
2.718000000000000000e+03 1.070434505022291123e+05
2.719000000000000000e+03 1.071474816709764418e+05
2.720000000000000000e+03 1.072345658481024147e+05
2.721000000000000000e+03 1.073208405604150175e+05
2.722000000000000000e+03 1.075608328285037715e+05
2.723000000000000000e+03 1.077499652990764152e+05
2.724000000000000000e+03 1.078393310560047103e+05
2.725000000000000000e+03 1.079542935080635361e+05
2.726000000000000000e+03 1.080887554118175467e+05
2.727000000000000000e+03 1.081500884091936314e+05
2.728000000000000000e+03 1.081193510239192256e+05
2.729000000000000000e+03 1.081533699524607364e+05
2.730000000000000000e+03 1.081739654498148302e+05
2.731000000000000000e+03 1.081437675582150114e+05
2.732000000000000000e+03 1.081570501195317775e+05
2.733000000000000000e+03 1.081972324238441361e+05
2.734000000000000000e+03 1.081560789961406408e+05
2.735000000000000000e+03 1.081172325480522122e+05
2.736000000000000000e+03 1.080781438082244276e+05
2.737000000000000000e+03 1.081806369382346747e+05
2.738000000000000000e+03 1.081771889675088605e+05
2.739000000000000000e+03 1.081548017729279236e+05
2.740000000000000000e+03 1.082279651005223423e+05
2.741000000000000000e+03 1.083775436821451731e+05
2.742000000000000000e+03 1.084048784321147541e+05
2.743000000000000000e+03 1.083073377574092301e+05
2.744000000000000000e+03 1.082755949799805094e+05
2.745000000000000000e+03 1.083463236545799737e+05
2.746000000000000000e+03 1.085399468817219749e+05
2.747000000000000000e+03 1.085387113067908067e+05
2.748000000000000000e+03 1.085908086065485841e+05
2.749000000000000000e+03 1.086595924750737468e+05
2.750000000000000000e+03 1.087525211996978469e+05
2.751000000000000000e+03 1.088912280818186409e+05
2.752000000000000000e+03 1.091276298751009599e+05
2.753000000000000000e+03 1.093311457158393605e+05
2.754000000000000000e+03 1.094249641184036300e+05
2.755000000000000000e+03 1.095336317215548042e+05
2.756000000000000000e+03 1.095196710019435995e+05
2.757000000000000000e+03 1.096905247458873491e+05
2.758000000000000000e+03 1.098283525174412061e+05
2.759000000000000000e+03 1.099444801945078943e+05
2.760000000000000000e+03 1.099921602850807103e+05
2.761000000000000000e+03 1.100123657917060191e+05
2.762000000000000000e+03 1.099784203545911441e+05
2.763000000000000000e+03 1.100669426117086259e+05
2.764000000000000000e+03 1.101272327797853359e+05
2.765000000000000000e+03 1.101777139938393375e+05
2.766000000000000000e+03 1.101926264419462095e+05
2.767000000000000000e+03 1.102881066808558098e+05
2.768000000000000000e+03 1.104009404881776572e+05
2.769000000000000000e+03 1.104037647864796018e+05
2.770000000000000000e+03 1.105991788037709921e+05
2.771000000000000000e+03 1.106953231704414065e+05
2.772000000000000000e+03 1.106758921790172171e+05
2.773000000000000000e+03 1.107435542568623496e+05
2.774000000000000000e+03 1.109400710654844734e+05
2.775000000000000000e+03 1.109622007526103262e+05
2.776000000000000000e+03 1.110265846889195382e+05
2.777000000000000000e+03 1.113169664398004388e+05
2.778000000000000000e+03 1.112232881884540257e+05
2.779000000000000000e+03 1.113519576995175157e+05
2.780000000000000000e+03 1.112768515581207030e+05
2.781000000000000000e+03 1.113755313464930368e+05
2.782000000000000000e+03 1.114285846818822320e+05
2.783000000000000000e+03 1.114311351965140348e+05
2.784000000000000000e+03 1.115100634634531307e+05
2.785000000000000000e+03 1.116127619571569958e+05
2.786000000000000000e+03 1.116937388324051281e+05
2.787000000000000000e+03 1.117427722720848105e+05
2.788000000000000000e+03 1.117527864022758149e+05
2.789000000000000000e+03 1.116832436755076778e+05
2.790000000000000000e+03 1.116938646378893027e+05
2.791000000000000000e+03 1.117695513608215842e+05
2.792000000000000000e+03 1.118254814177037188e+05
2.793000000000000000e+03 1.118780418075165944e+05
2.794000000000000000e+03 1.119277124951388250e+05
2.795000000000000000e+03 1.121712934968681948e+05
2.796000000000000000e+03 1.121952663347748603e+05
2.797000000000000000e+03 1.122569226684578316e+05
2.798000000000000000e+03 1.122232958806839160e+05
2.799000000000000000e+03 1.122393206810036500e+05
2.800000000000000000e+03 1.121889460432683845e+05
2.801000000000000000e+03 1.121896060975826113e+05
2.802000000000000000e+03 1.123609852632628463e+05
2.803000000000000000e+03 1.123698153443271149e+05
2.804000000000000000e+03 1.124163931774654920e+05
2.805000000000000000e+03 1.124997520536110678e+05
2.806000000000000000e+03 1.125153647759572486e+05
2.807000000000000000e+03 1.124434076033879537e+05
2.808000000000000000e+03 1.124517372888377722e+05
2.809000000000000000e+03 1.123571863102120260e+05
2.810000000000000000e+03 1.123924654676123027e+05
2.811000000000000000e+03 1.124705443661969912e+05
2.812000000000000000e+03 1.124831082721571001e+05
2.813000000000000000e+03 1.124044438538384857e+05
2.814000000000000000e+03 1.123481420887030981e+05
2.815000000000000000e+03 1.122249396271506121e+05
2.816000000000000000e+03 1.121296632682624040e+05
2.817000000000000000e+03 1.121617403310497466e+05
2.818000000000000000e+03 1.123578028522571258e+05
2.819000000000000000e+03 1.124295812779843545e+05
2.820000000000000000e+03 1.124492242358568474e+05
2.821000000000000000e+03 1.126420096123332478e+05
2.822000000000000000e+03 1.126984944679654436e+05
2.823000000000000000e+03 1.127014216220207018e+05
2.824000000000000000e+03 1.126958957018540241e+05
2.825000000000000000e+03 1.127465724264658347e+05
2.826000000000000000e+03 1.127294887491523550e+05
2.827000000000000000e+03 1.127852663503978401e+05
2.828000000000000000e+03 1.129525669460765348e+05
2.829000000000000000e+03 1.129387198890199652e+05
2.830000000000000000e+03 1.130420962275513448e+05
2.831000000000000000e+03 1.132826573561615660e+05
2.832000000000000000e+03 1.133099511133309425e+05
2.833000000000000000e+03 1.132297593448620610e+05
2.834000000000000000e+03 1.132041957940554712e+05
2.835000000000000000e+03 1.131835200237377285e+05
2.836000000000000000e+03 1.132679853500470199e+05
2.837000000000000000e+03 1.133161144795811706e+05
2.838000000000000000e+03 1.135220056821140170e+05
2.839000000000000000e+03 1.136250011378999188e+05
2.840000000000000000e+03 1.135807687104209035e+05
2.841000000000000000e+03 1.134507874501578335e+05
2.842000000000000000e+03 1.134766996505376301e+05
2.843000000000000000e+03 1.135371567667327035e+05
2.844000000000000000e+03 1.136768677948365657e+05
2.845000000000000000e+03 1.138251381712951697e+05
2.846000000000000000e+03 1.138850568836931197e+05
2.847000000000000000e+03 1.137927499282899662e+05
2.848000000000000000e+03 1.138399304720974033e+05
2.849000000000000000e+03 1.138997665147892549e+05
2.850000000000000000e+03 1.140393153177978238e+05
2.851000000000000000e+03 1.141321623662850325e+05
2.852000000000000000e+03 1.140961130817229568e+05
2.853000000000000000e+03 1.141523010525793652e+05
2.854000000000000000e+03 1.142380633652194520e+05
2.855000000000000000e+03 1.141869016177780868e+05
2.856000000000000000e+03 1.141081669092347875e+05
2.857000000000000000e+03 1.141165321666724922e+05
2.858000000000000000e+03 1.141030501895966299e+05
2.859000000000000000e+03 1.142624033078897337e+05
2.860000000000000000e+03 1.142106725682091201e+05
2.861000000000000000e+03 1.141927632541817438e+05
2.862000000000000000e+03 1.141534880082185991e+05
2.863000000000000000e+03 1.141300013747816120e+05
2.864000000000000000e+03 1.141816526157772896e+05
2.865000000000000000e+03 1.142724467651507584e+05
2.866000000000000000e+03 1.142098246756187000e+05
2.867000000000000000e+03 1.142664079316728894e+05
2.868000000000000000e+03 1.143493142766132514e+05
2.869000000000000000e+03 1.144483733672551170e+05
2.870000000000000000e+03 1.146789003819059581e+05
2.871000000000000000e+03 1.146842530386768049e+05
2.872000000000000000e+03 1.147766933726471325e+05
2.873000000000000000e+03 1.148810270162662200e+05
2.874000000000000000e+03 1.148682523854106985e+05
2.875000000000000000e+03 1.148561841092422692e+05
2.876000000000000000e+03 1.149934642758331756e+05
2.877000000000000000e+03 1.150098354251353885e+05
2.878000000000000000e+03 1.149563336977784347e+05
2.879000000000000000e+03 1.150055698997640720e+05
2.880000000000000000e+03 1.150976644858771615e+05
2.881000000000000000e+03 1.151629216271731420e+05
2.882000000000000000e+03 1.152355220284255920e+05
2.883000000000000000e+03 1.153231955656730861e+05
2.884000000000000000e+03 1.155213396347001253e+05
2.885000000000000000e+03 1.155485995238778414e+05
2.886000000000000000e+03 1.155098646591831930e+05
2.887000000000000000e+03 1.154735595710602938e+05
2.888000000000000000e+03 1.156240616166111431e+05
2.889000000000000000e+03 1.157855935296317039e+05
2.890000000000000000e+03 1.158923664240964135e+05
2.891000000000000000e+03 1.159609470872494276e+05
2.892000000000000000e+03 1.160529596445962234e+05
2.893000000000000000e+03 1.160019672555893776e+05
2.894000000000000000e+03 1.160973743284822413e+05
2.895000000000000000e+03 1.161492162447434530e+05
2.896000000000000000e+03 1.162663580104006687e+05
2.897000000000000000e+03 1.163899376797501027e+05
2.898000000000000000e+03 1.164645741566816578e+05
2.899000000000000000e+03 1.164134741400523926e+05
2.900000000000000000e+03 1.164876020527045330e+05
2.901000000000000000e+03 1.165812693082037440e+05
2.902000000000000000e+03 1.167319280776261148e+05
2.903000000000000000e+03 1.167318481137599592e+05
2.904000000000000000e+03 1.168126468377291167e+05
2.905000000000000000e+03 1.169979507919005700e+05
2.906000000000000000e+03 1.170655607019968302e+05
2.907000000000000000e+03 1.171127934050619806e+05
2.908000000000000000e+03 1.171868266902320611e+05
2.909000000000000000e+03 1.170281553511185048e+05
2.910000000000000000e+03 1.170856377712389367e+05
2.911000000000000000e+03 1.170675020204828324e+05
2.912000000000000000e+03 1.172450588806446613e+05
2.913000000000000000e+03 1.173568408737819991e+05
2.914000000000000000e+03 1.173530715876417380e+05
2.915000000000000000e+03 1.173612498339968442e+05
2.916000000000000000e+03 1.173209648298098327e+05
2.917000000000000000e+03 1.173850234545441490e+05
2.918000000000000000e+03 1.173767065061566827e+05
2.919000000000000000e+03 1.174171753225023276e+05
2.920000000000000000e+03 1.174984820940256177e+05
2.921000000000000000e+03 1.174969378326531878e+05
2.922000000000000000e+03 1.174876883470404864e+05
2.923000000000000000e+03 1.174121140222490358e+05
2.924000000000000000e+03 1.174927726903846487e+05
2.925000000000000000e+03 1.174276449795331428e+05
2.926000000000000000e+03 1.174954489591008169e+05
2.927000000000000000e+03 1.175174000641070015e+05
2.928000000000000000e+03 1.175551784919699130e+05
2.929000000000000000e+03 1.174624027346123039e+05
2.930000000000000000e+03 1.174213049332639785e+05
2.931000000000000000e+03 1.174371380886673869e+05
2.932000000000000000e+03 1.174584976879202441e+05
2.933000000000000000e+03 1.176398609231129522e+05
2.934000000000000000e+03 1.177661738624334394e+05
2.935000000000000000e+03 1.176773566424101882e+05
2.936000000000000000e+03 1.176986119974487083e+05
2.937000000000000000e+03 1.178047114235756890e+05
2.938000000000000000e+03 1.178175726522326877e+05
2.939000000000000000e+03 1.178536856831956247e+05
2.940000000000000000e+03 1.178267077724604460e+05
2.941000000000000000e+03 1.178285884972389031e+05
2.942000000000000000e+03 1.179362315421154344e+05
2.943000000000000000e+03 1.179548129399754398e+05
2.944000000000000000e+03 1.178962226922800328e+05
2.945000000000000000e+03 1.180360163040593325e+05
2.946000000000000000e+03 1.181647725308009831e+05
2.947000000000000000e+03 1.181684441026035493e+05
2.948000000000000000e+03 1.182055834424834320e+05
2.949000000000000000e+03 1.181206512169633788e+05
2.950000000000000000e+03 1.182764175164723274e+05
2.951000000000000000e+03 1.181710784398373362e+05
2.952000000000000000e+03 1.181907291575080162e+05
2.953000000000000000e+03 1.182578853479568497e+05
2.954000000000000000e+03 1.182067390065749787e+05
2.955000000000000000e+03 1.183442428306135553e+05
2.956000000000000000e+03 1.183652689068509062e+05
2.957000000000000000e+03 1.183809433747890434e+05
2.958000000000000000e+03 1.184273458773199818e+05
2.959000000000000000e+03 1.184463411317495920e+05
2.960000000000000000e+03 1.184338065521775716e+05
2.961000000000000000e+03 1.185791211674811639e+05
2.962000000000000000e+03 1.187423190470987174e+05
2.963000000000000000e+03 1.187965749944685958e+05
2.964000000000000000e+03 1.187975551324583648e+05
2.965000000000000000e+03 1.188492453755643219e+05
2.966000000000000000e+03 1.188195182300204324e+05
2.967000000000000000e+03 1.187972556892750290e+05
2.968000000000000000e+03 1.188070414137495536e+05
2.969000000000000000e+03 1.190005812119719340e+05
2.970000000000000000e+03 1.190746448115114472e+05
2.971000000000000000e+03 1.190887804216475197e+05
2.972000000000000000e+03 1.190871271807702724e+05
2.973000000000000000e+03 1.189688751995938655e+05
2.974000000000000000e+03 1.189006095113730262e+05
2.975000000000000000e+03 1.188758100177192100e+05
2.976000000000000000e+03 1.188978285645355791e+05
2.977000000000000000e+03 1.188839547314612573e+05
2.978000000000000000e+03 1.188705664026209124e+05
2.979000000000000000e+03 1.189273415915095975e+05
2.980000000000000000e+03 1.190633903870016657e+05
2.981000000000000000e+03 1.191239628472149197e+05
2.982000000000000000e+03 1.191853782800803892e+05
2.983000000000000000e+03 1.192090289122993709e+05
2.984000000000000000e+03 1.193976171974481840e+05
2.985000000000000000e+03 1.194568648225981597e+05
2.986000000000000000e+03 1.194219158762637817e+05
2.987000000000000000e+03 1.194671971364813071e+05
2.988000000000000000e+03 1.194688301811026904e+05
2.989000000000000000e+03 1.195601201702425169e+05
2.990000000000000000e+03 1.195965025886511721e+05
2.991000000000000000e+03 1.196237723157283326e+05
2.992000000000000000e+03 1.196170832026198332e+05
2.993000000000000000e+03 1.195053098896667361e+05
2.994000000000000000e+03 1.193836705776855233e+05
2.995000000000000000e+03 1.194694791694862652e+05
2.996000000000000000e+03 1.195626008160800848e+05
2.997000000000000000e+03 1.195886392425321683e+05
2.998000000000000000e+03 1.196002341125710082e+05
2.999000000000000000e+03 1.196187392034616641e+05
3.000000000000000000e+03 1.197226900577744818e+05
3.001000000000000000e+03 1.198341594609856547e+05
3.002000000000000000e+03 1.199165414927169622e+05
3.003000000000000000e+03 1.199179831412341446e+05
3.004000000000000000e+03 1.197962638659814693e+05
3.005000000000000000e+03 1.198435561369970674e+05
3.006000000000000000e+03 1.199014064186076721e+05
3.007000000000000000e+03 1.197885837579547660e+05
3.008000000000000000e+03 1.198519099155290169e+05
3.009000000000000000e+03 1.198271657960820739e+05
3.010000000000000000e+03 1.198153536020357278e+05
3.011000000000000000e+03 1.198918504671083210e+05
3.012000000000000000e+03 1.199613695449451770e+05
3.013000000000000000e+03 1.200094185790988849e+05
3.014000000000000000e+03 1.199643584524102916e+05
3.015000000000000000e+03 1.200000130429543351e+05
3.016000000000000000e+03 1.201144858119773708e+05
3.017000000000000000e+03 1.201148804380540823e+05
3.018000000000000000e+03 1.202061500688832894e+05
3.019000000000000000e+03 1.202617667743182537e+05
3.020000000000000000e+03 1.202553582855965942e+05
3.021000000000000000e+03 1.201651334335694555e+05
3.022000000000000000e+03 1.200014598293598247e+05
3.023000000000000000e+03 1.199226327410532249e+05
3.024000000000000000e+03 1.198754720524966688e+05
3.025000000000000000e+03 1.199623664903216122e+05
3.026000000000000000e+03 1.200350219431697915e+05
3.027000000000000000e+03 1.201480846702607960e+05
3.028000000000000000e+03 1.201138598603111313e+05
3.029000000000000000e+03 1.200222907161622716e+05
3.030000000000000000e+03 1.201192456140273134e+05
3.031000000000000000e+03 1.202217363397604931e+05
3.032000000000000000e+03 1.203857592019889998e+05
3.033000000000000000e+03 1.203460871025593369e+05
3.034000000000000000e+03 1.203422321395745967e+05
3.035000000000000000e+03 1.205216095524104458e+05
3.036000000000000000e+03 1.205424593971206341e+05
3.037000000000000000e+03 1.206089427555900184e+05
3.038000000000000000e+03 1.207764209731826704e+05
3.039000000000000000e+03 1.208561576487670391e+05
3.040000000000000000e+03 1.208635332985419227e+05
3.041000000000000000e+03 1.209801935862320825e+05
3.042000000000000000e+03 1.210726428772119834e+05
3.043000000000000000e+03 1.210986411088704626e+05
3.044000000000000000e+03 1.211474955710020877e+05
3.045000000000000000e+03 1.210878313429760747e+05
3.046000000000000000e+03 1.210498308026446321e+05
3.047000000000000000e+03 1.212811930315935024e+05
3.048000000000000000e+03 1.213756451995736134e+05
3.049000000000000000e+03 1.215801644078561512e+05
3.050000000000000000e+03 1.216355096169832686e+05
3.051000000000000000e+03 1.216070664346163539e+05
3.052000000000000000e+03 1.214966813188935193e+05
3.053000000000000000e+03 1.215858130658291193e+05
3.054000000000000000e+03 1.217953816804082744e+05
3.055000000000000000e+03 1.218898081844266708e+05
3.056000000000000000e+03 1.219169560416555469e+05
3.057000000000000000e+03 1.218662446291909000e+05
3.058000000000000000e+03 1.218704995927698619e+05
3.059000000000000000e+03 1.219298528371952707e+05
3.060000000000000000e+03 1.218708657145864709e+05
3.061000000000000000e+03 1.219440873139138712e+05
3.062000000000000000e+03 1.220612704594369134e+05
3.063000000000000000e+03 1.220523968955550954e+05
3.064000000000000000e+03 1.220677093297258107e+05
3.065000000000000000e+03 1.221836710871197720e+05
3.066000000000000000e+03 1.222522048985190195e+05
3.067000000000000000e+03 1.222565592861868645e+05
3.068000000000000000e+03 1.221725781251220178e+05
3.069000000000000000e+03 1.219316261112222564e+05
3.070000000000000000e+03 1.219590242374278605e+05
3.071000000000000000e+03 1.221002004411683884e+05
3.072000000000000000e+03 1.221361887858962582e+05
3.073000000000000000e+03 1.222553043328505155e+05
3.074000000000000000e+03 1.224046992753565573e+05
3.075000000000000000e+03 1.224543771269197459e+05
3.076000000000000000e+03 1.224009432562111324e+05
3.077000000000000000e+03 1.224345726581267081e+05
3.078000000000000000e+03 1.225005336789377616e+05
3.079000000000000000e+03 1.226682453769018903e+05
3.080000000000000000e+03 1.226942506748912274e+05
3.081000000000000000e+03 1.226154524517257814e+05
3.082000000000000000e+03 1.225386384029318579e+05
3.083000000000000000e+03 1.225222558487461210e+05
3.084000000000000000e+03 1.224978417482191871e+05
3.085000000000000000e+03 1.226487268545453553e+05
3.086000000000000000e+03 1.227582620548112900e+05
3.087000000000000000e+03 1.228955750450511550e+05
3.088000000000000000e+03 1.229700058928449580e+05
3.089000000000000000e+03 1.230431603378284490e+05
3.090000000000000000e+03 1.231613021720887627e+05
3.091000000000000000e+03 1.233155191032884322e+05
3.092000000000000000e+03 1.233417573435390077e+05
3.093000000000000000e+03 1.233248833377076371e+05
3.094000000000000000e+03 1.234976087873008219e+05
3.095000000000000000e+03 1.237058201201653137e+05
3.096000000000000000e+03 1.235753135329127545e+05
3.097000000000000000e+03 1.235054332731186587e+05
3.098000000000000000e+03 1.234965968685180123e+05
3.099000000000000000e+03 1.236190162465817411e+05
3.100000000000000000e+03 1.236689802489720896e+05
3.101000000000000000e+03 1.237390889204789419e+05
3.102000000000000000e+03 1.235653244030490605e+05
3.103000000000000000e+03 1.236667907621232589e+05
3.104000000000000000e+03 1.237912701180065342e+05
3.105000000000000000e+03 1.238548509109477163e+05
3.106000000000000000e+03 1.239478039881280274e+05
3.107000000000000000e+03 1.239528619510864082e+05
3.108000000000000000e+03 1.239740726870454237e+05
3.109000000000000000e+03 1.240876906259250827e+05
3.110000000000000000e+03 1.241449323655600019e+05
3.111000000000000000e+03 1.241712209493684641e+05
3.112000000000000000e+03 1.242463987521630770e+05
3.113000000000000000e+03 1.241831363956556597e+05
3.114000000000000000e+03 1.242825183666250814e+05
3.115000000000000000e+03 1.244246552545392187e+05
3.116000000000000000e+03 1.245161268024853780e+05
3.117000000000000000e+03 1.245066736221819738e+05
3.118000000000000000e+03 1.244314241984758701e+05
3.119000000000000000e+03 1.245177762996988022e+05
3.120000000000000000e+03 1.247204685314290546e+05
3.121000000000000000e+03 1.247353292301694746e+05
3.122000000000000000e+03 1.246660110355448414e+05
3.123000000000000000e+03 1.247401510211392451e+05
3.124000000000000000e+03 1.248996054655746120e+05
3.125000000000000000e+03 1.248929108656187163e+05
3.126000000000000000e+03 1.248950865795478458e+05
3.127000000000000000e+03 1.248116086054095213e+05
3.128000000000000000e+03 1.248576873733140528e+05
3.129000000000000000e+03 1.247926090582015750e+05
3.130000000000000000e+03 1.247884504106250679e+05
3.131000000000000000e+03 1.249072536303876695e+05
3.132000000000000000e+03 1.248271322964877763e+05
3.133000000000000000e+03 1.248969609509931179e+05
3.134000000000000000e+03 1.249407263921605627e+05
3.135000000000000000e+03 1.249653526500648732e+05
3.136000000000000000e+03 1.247997073260143516e+05
3.137000000000000000e+03 1.247169616548816994e+05
3.138000000000000000e+03 1.248341563061875640e+05
3.139000000000000000e+03 1.250423660679354653e+05
3.140000000000000000e+03 1.250488160905737604e+05
3.141000000000000000e+03 1.249944367844874214e+05
3.142000000000000000e+03 1.249044637880861264e+05
3.143000000000000000e+03 1.249114284567319119e+05
3.144000000000000000e+03 1.250299701483762619e+05
3.145000000000000000e+03 1.251597888349665591e+05
3.146000000000000000e+03 1.249799019087279739e+05
3.147000000000000000e+03 1.249842116577581037e+05
3.148000000000000000e+03 1.250575620481905644e+05
3.149000000000000000e+03 1.250567054168241157e+05
3.150000000000000000e+03 1.249650626803201449e+05
3.151000000000000000e+03 1.249270010782040918e+05
3.152000000000000000e+03 1.248808325487344846e+05
3.153000000000000000e+03 1.248852312291012349e+05
3.154000000000000000e+03 1.248249139619447524e+05
3.155000000000000000e+03 1.249459960524819762e+05
3.156000000000000000e+03 1.250533754298897547e+05
3.157000000000000000e+03 1.250935041914906615e+05
3.158000000000000000e+03 1.252179955322556343e+05
3.159000000000000000e+03 1.251822125122531725e+05
3.160000000000000000e+03 1.252481178206157347e+05
3.161000000000000000e+03 1.253142639529583394e+05
3.162000000000000000e+03 1.254203795848887094e+05
3.163000000000000000e+03 1.252632256447338004e+05
3.164000000000000000e+03 1.252832906873983738e+05
3.165000000000000000e+03 1.254447775736216572e+05
3.166000000000000000e+03 1.255677088341174385e+05
3.167000000000000000e+03 1.254563608230261743e+05
3.168000000000000000e+03 1.254536111517818063e+05
3.169000000000000000e+03 1.253315607850581000e+05
3.170000000000000000e+03 1.252816670605391118e+05
3.171000000000000000e+03 1.252658777203958307e+05
3.172000000000000000e+03 1.251905925948947988e+05
3.173000000000000000e+03 1.251760434604711481e+05
3.174000000000000000e+03 1.251831242801404587e+05
3.175000000000000000e+03 1.253676746645834355e+05
3.176000000000000000e+03 1.254779790787313977e+05
3.177000000000000000e+03 1.254608774174138380e+05
3.178000000000000000e+03 1.254082339285475027e+05
3.179000000000000000e+03 1.254467442825467006e+05
3.180000000000000000e+03 1.254945678877464816e+05
3.181000000000000000e+03 1.254196118195511954e+05
3.182000000000000000e+03 1.255834346924641286e+05
3.183000000000000000e+03 1.256804502238871064e+05
3.184000000000000000e+03 1.258302442872400134e+05
3.185000000000000000e+03 1.259067765001624211e+05
3.186000000000000000e+03 1.259812086883543525e+05
3.187000000000000000e+03 1.260131641532637877e+05
3.188000000000000000e+03 1.260228568152318476e+05
3.189000000000000000e+03 1.258122693268866133e+05
3.190000000000000000e+03 1.257321760860223003e+05
3.191000000000000000e+03 1.257154943113588961e+05
3.192000000000000000e+03 1.257895391292225249e+05
3.193000000000000000e+03 1.257602827063430886e+05
3.194000000000000000e+03 1.257997392415116337e+05
3.195000000000000000e+03 1.258732159953900991e+05
3.196000000000000000e+03 1.258723157676162664e+05
3.197000000000000000e+03 1.258725405411336105e+05
3.198000000000000000e+03 1.259586017965494393e+05
3.199000000000000000e+03 1.260374288151476067e+05
3.200000000000000000e+03 1.259766458723897231e+05
3.201000000000000000e+03 1.258965368728198082e+05
3.202000000000000000e+03 1.260142165631176758e+05
3.203000000000000000e+03 1.259907353954279970e+05
3.204000000000000000e+03 1.260790950835310068e+05
3.205000000000000000e+03 1.262087259910585126e+05
3.206000000000000000e+03 1.263769831063492311e+05
3.207000000000000000e+03 1.265464916627661441e+05
3.208000000000000000e+03 1.266611088921717455e+05
3.209000000000000000e+03 1.267397504535113258e+05
3.210000000000000000e+03 1.266298790327762690e+05
3.211000000000000000e+03 1.265053071101766254e+05
3.212000000000000000e+03 1.264521705311630358e+05
3.213000000000000000e+03 1.265291960831597971e+05
3.214000000000000000e+03 1.266463196969316341e+05
3.215000000000000000e+03 1.266770407751504390e+05
3.216000000000000000e+03 1.266041540519357368e+05
3.217000000000000000e+03 1.266686284679249657e+05
3.218000000000000000e+03 1.266995483752869768e+05
3.219000000000000000e+03 1.267556501849606284e+05
3.220000000000000000e+03 1.268491856508974306e+05
3.221000000000000000e+03 1.268325419513187080e+05
3.222000000000000000e+03 1.269464014761756844e+05
3.223000000000000000e+03 1.270366930386621825e+05
3.224000000000000000e+03 1.272025581625428313e+05
3.225000000000000000e+03 1.273711622500769881e+05
3.226000000000000000e+03 1.273550458469904261e+05
3.227000000000000000e+03 1.274554131265583273e+05
3.228000000000000000e+03 1.274006006184083963e+05
3.229000000000000000e+03 1.272725856741187308e+05
3.230000000000000000e+03 1.273955184956770972e+05
3.231000000000000000e+03 1.275792051742159529e+05
3.232000000000000000e+03 1.276030758261863521e+05
3.233000000000000000e+03 1.277523522813303571e+05
3.234000000000000000e+03 1.278366644596878032e+05
3.235000000000000000e+03 1.278336798761144164e+05
3.236000000000000000e+03 1.279353090236580174e+05
3.237000000000000000e+03 1.279899543506954797e+05
3.238000000000000000e+03 1.279090098098728777e+05
3.239000000000000000e+03 1.278127862340994034e+05
3.240000000000000000e+03 1.278835934339830565e+05
3.241000000000000000e+03 1.278513921605148644e+05
3.242000000000000000e+03 1.280524829086621467e+05
3.243000000000000000e+03 1.279835079016664095e+05
3.244000000000000000e+03 1.280030285782063147e+05
3.245000000000000000e+03 1.281547005468601710e+05
3.246000000000000000e+03 1.282355377947012021e+05
3.247000000000000000e+03 1.283564102128712257e+05
3.248000000000000000e+03 1.283485995135237026e+05
3.249000000000000000e+03 1.283029491606110532e+05
3.250000000000000000e+03 1.281344675155281002e+05
3.251000000000000000e+03 1.281013360104953608e+05
3.252000000000000000e+03 1.280595335237045219e+05
3.253000000000000000e+03 1.282619270133424579e+05
3.254000000000000000e+03 1.282341354090966051e+05
3.255000000000000000e+03 1.282447003933825763e+05
3.256000000000000000e+03 1.282317900588783814e+05
3.257000000000000000e+03 1.281645323976610234e+05
3.258000000000000000e+03 1.281056583642508922e+05
3.259000000000000000e+03 1.282514639448740782e+05
3.260000000000000000e+03 1.283548313717945421e+05
3.261000000000000000e+03 1.284432587871086143e+05
3.262000000000000000e+03 1.286041373175468325e+05
3.263000000000000000e+03 1.285522760136322031e+05
3.264000000000000000e+03 1.285735219715420972e+05
3.265000000000000000e+03 1.285198657802714297e+05
3.266000000000000000e+03 1.285626628201558487e+05
3.267000000000000000e+03 1.286331030760303402e+05
3.268000000000000000e+03 1.288068263846879418e+05
3.269000000000000000e+03 1.289549837201705232e+05
3.270000000000000000e+03 1.290933654853832268e+05
3.271000000000000000e+03 1.292272469919265277e+05
3.272000000000000000e+03 1.294443770944740972e+05
3.273000000000000000e+03 1.295642717354135239e+05
3.274000000000000000e+03 1.294126311450058711e+05
3.275000000000000000e+03 1.294480965194295131e+05
3.276000000000000000e+03 1.294215487323583366e+05
3.277000000000000000e+03 1.294914982739058614e+05
3.278000000000000000e+03 1.295412620300974231e+05
3.279000000000000000e+03 1.295254474026294629e+05
3.280000000000000000e+03 1.295660250014482299e+05
3.281000000000000000e+03 1.296599394655467477e+05
3.282000000000000000e+03 1.297790810715651169e+05
3.283000000000000000e+03 1.298681988013472146e+05
3.284000000000000000e+03 1.298875112247072393e+05
3.285000000000000000e+03 1.298974663645958062e+05
3.286000000000000000e+03 1.298440909385517589e+05
3.287000000000000000e+03 1.298068881520639843e+05
3.288000000000000000e+03 1.298550161053041520e+05
3.289000000000000000e+03 1.299408567133811302e+05
3.290000000000000000e+03 1.301161356008833391e+05
3.291000000000000000e+03 1.300020142266327166e+05
3.292000000000000000e+03 1.299124477831128170e+05
3.293000000000000000e+03 1.299070681993978360e+05
3.294000000000000000e+03 1.300160967009406595e+05
3.295000000000000000e+03 1.299518579422769108e+05
3.296000000000000000e+03 1.300734468017551990e+05
3.297000000000000000e+03 1.301821224256065470e+05
3.298000000000000000e+03 1.302027525580093206e+05
3.299000000000000000e+03 1.302953190548241109e+05
3.300000000000000000e+03 1.303560109711689292e+05
3.301000000000000000e+03 1.305487258025140181e+05
3.302000000000000000e+03 1.306149647862848360e+05
3.303000000000000000e+03 1.304434335154730943e+05
3.304000000000000000e+03 1.303745286860100750e+05
3.305000000000000000e+03 1.302672222118029604e+05
3.306000000000000000e+03 1.303023267568017618e+05
3.307000000000000000e+03 1.304595415492970205e+05
3.308000000000000000e+03 1.303993613182832923e+05
3.309000000000000000e+03 1.303795299522098358e+05
3.310000000000000000e+03 1.306946914492199576e+05
3.311000000000000000e+03 1.309082099166566331e+05
3.312000000000000000e+03 1.310651514024312783e+05
3.313000000000000000e+03 1.312008322327370697e+05
3.314000000000000000e+03 1.312640096429724654e+05
3.315000000000000000e+03 1.312259229343650513e+05
3.316000000000000000e+03 1.314204833825849928e+05
3.317000000000000000e+03 1.313520390051579161e+05
3.318000000000000000e+03 1.314451269957427576e+05
3.319000000000000000e+03 1.315188900640844367e+05
3.320000000000000000e+03 1.316675409991000779e+05
3.321000000000000000e+03 1.317825695109156950e+05
3.322000000000000000e+03 1.319709631344088702e+05
3.323000000000000000e+03 1.320954675973880221e+05
3.324000000000000000e+03 1.322768162661816459e+05
3.325000000000000000e+03 1.323463537415647297e+05
3.326000000000000000e+03 1.323510665424588951e+05
3.327000000000000000e+03 1.323420963175209763e+05
3.328000000000000000e+03 1.323658709838524810e+05
3.329000000000000000e+03 1.321842320832932019e+05
3.330000000000000000e+03 1.320125769982400234e+05
3.331000000000000000e+03 1.321656284996524628e+05
3.332000000000000000e+03 1.322166401878199831e+05
3.333000000000000000e+03 1.322877014175065851e+05
3.334000000000000000e+03 1.323240521627363923e+05
3.335000000000000000e+03 1.323605679222331091e+05
3.336000000000000000e+03 1.324122309050599288e+05
3.337000000000000000e+03 1.327067273932220705e+05
3.338000000000000000e+03 1.328667298994580924e+05
3.339000000000000000e+03 1.329203575285984844e+05
3.340000000000000000e+03 1.329846141133554920e+05
3.341000000000000000e+03 1.330521434860025474e+05
3.342000000000000000e+03 1.330457644331023039e+05
3.343000000000000000e+03 1.331523683780696883e+05
3.344000000000000000e+03 1.332034594212952943e+05
3.345000000000000000e+03 1.331050595142282255e+05
3.346000000000000000e+03 1.329922301261755929e+05
3.347000000000000000e+03 1.330988290903285670e+05
3.348000000000000000e+03 1.331814653891402995e+05
3.349000000000000000e+03 1.332666754321553162e+05
3.350000000000000000e+03 1.333232053170243162e+05
3.351000000000000000e+03 1.333706645441238361e+05
3.352000000000000000e+03 1.334149272538038203e+05
3.353000000000000000e+03 1.334221617882206629e+05
3.354000000000000000e+03 1.334107530596993456e+05
3.355000000000000000e+03 1.334660545087149949e+05
3.356000000000000000e+03 1.335564160609008686e+05
3.357000000000000000e+03 1.335077489646741305e+05
3.358000000000000000e+03 1.335853490241307882e+05
3.359000000000000000e+03 1.337403542147525877e+05
3.360000000000000000e+03 1.338984377733675065e+05
3.361000000000000000e+03 1.339271698179874511e+05
3.362000000000000000e+03 1.339807167227051686e+05
3.363000000000000000e+03 1.339739014744981250e+05
3.364000000000000000e+03 1.340350924114853260e+05
3.365000000000000000e+03 1.341667478265541431e+05
3.366000000000000000e+03 1.342909638393715431e+05
3.367000000000000000e+03 1.343034830048117146e+05
3.368000000000000000e+03 1.343630025972258009e+05
3.369000000000000000e+03 1.344342510737048578e+05
3.370000000000000000e+03 1.345029957895046100e+05
3.371000000000000000e+03 1.344247737319858570e+05
3.372000000000000000e+03 1.345071242726965866e+05
3.373000000000000000e+03 1.344179440756383701e+05
3.374000000000000000e+03 1.344538150351473305e+05
3.375000000000000000e+03 1.345052445399360731e+05
3.376000000000000000e+03 1.345990333149517246e+05
3.377000000000000000e+03 1.347636750788748614e+05
3.378000000000000000e+03 1.346854479356371157e+05
3.379000000000000000e+03 1.347979413105673157e+05
3.380000000000000000e+03 1.348582102598682395e+05
3.381000000000000000e+03 1.348754651566873072e+05
3.382000000000000000e+03 1.348059670077137998e+05
3.383000000000000000e+03 1.347246266931589926e+05
3.384000000000000000e+03 1.347497565555796318e+05
3.385000000000000000e+03 1.347857630420619389e+05
3.386000000000000000e+03 1.348432707609021745e+05
3.387000000000000000e+03 1.348279676950553549e+05
3.388000000000000000e+03 1.349403680634532648e+05
3.389000000000000000e+03 1.351872131501764525e+05
3.390000000000000000e+03 1.352985823563487793e+05
3.391000000000000000e+03 1.353264962020752428e+05
3.392000000000000000e+03 1.352131923190432135e+05
3.393000000000000000e+03 1.351591481495682965e+05
3.394000000000000000e+03 1.351748236678809335e+05
3.395000000000000000e+03 1.353135944188864378e+05
3.396000000000000000e+03 1.352950947197061614e+05
3.397000000000000000e+03 1.353002710709449020e+05
3.398000000000000000e+03 1.355087718278910615e+05
3.399000000000000000e+03 1.357157355012553162e+05
3.400000000000000000e+03 1.359050809822949814e+05
3.401000000000000000e+03 1.359032049966049963e+05
3.402000000000000000e+03 1.361108648783347162e+05
3.403000000000000000e+03 1.362530893946216383e+05
3.404000000000000000e+03 1.364187057016369945e+05
3.405000000000000000e+03 1.362718764004432596e+05
3.406000000000000000e+03 1.362070214872341603e+05
3.407000000000000000e+03 1.363526863439397130e+05
3.408000000000000000e+03 1.364582732559321739e+05
3.409000000000000000e+03 1.364897890252609795e+05
3.410000000000000000e+03 1.365054147287906380e+05
3.411000000000000000e+03 1.365943168227738061e+05
3.412000000000000000e+03 1.367144135975334793e+05
3.413000000000000000e+03 1.368676346718568238e+05
3.414000000000000000e+03 1.368056165913467412e+05
3.415000000000000000e+03 1.368592331570069073e+05
3.416000000000000000e+03 1.369108474805790465e+05
3.417000000000000000e+03 1.370247402636795014e+05
3.418000000000000000e+03 1.370924796733050025e+05
3.419000000000000000e+03 1.370619397506302921e+05
3.420000000000000000e+03 1.369206829826192406e+05
3.421000000000000000e+03 1.369468634083369689e+05
3.422000000000000000e+03 1.370653909686238330e+05
3.423000000000000000e+03 1.371285806624469988e+05
3.424000000000000000e+03 1.370647675278890529e+05
3.425000000000000000e+03 1.371379016453630466e+05
3.426000000000000000e+03 1.371964044604085211e+05
3.427000000000000000e+03 1.372480227298634418e+05
3.428000000000000000e+03 1.371782508217820141e+05
3.429000000000000000e+03 1.372404907189600635e+05
3.430000000000000000e+03 1.374946988258963975e+05
3.431000000000000000e+03 1.375555105682861176e+05
3.432000000000000000e+03 1.375120916695514461e+05
3.433000000000000000e+03 1.376555627143092861e+05
3.434000000000000000e+03 1.376146324732241046e+05
3.435000000000000000e+03 1.377105463947557437e+05
3.436000000000000000e+03 1.378448358256075007e+05
3.437000000000000000e+03 1.378519467200679646e+05
3.438000000000000000e+03 1.379062457544922945e+05
3.439000000000000000e+03 1.379467605866802332e+05
3.440000000000000000e+03 1.379790683397247631e+05
3.441000000000000000e+03 1.380039101586319157e+05
3.442000000000000000e+03 1.379035528914606839e+05
3.443000000000000000e+03 1.376503578931593220e+05
3.444000000000000000e+03 1.375017042606649047e+05
3.445000000000000000e+03 1.374679875226669246e+05
3.446000000000000000e+03 1.374665490297227225e+05
3.447000000000000000e+03 1.374663210779614747e+05
3.448000000000000000e+03 1.373405461144307337e+05
3.449000000000000000e+03 1.373392132513989054e+05
3.450000000000000000e+03 1.373075095473476977e+05
3.451000000000000000e+03 1.373282789686880133e+05
3.452000000000000000e+03 1.373135432885088667e+05
3.453000000000000000e+03 1.372426728798215627e+05
3.454000000000000000e+03 1.372996682025343762e+05
3.455000000000000000e+03 1.373869370813519636e+05
3.456000000000000000e+03 1.374782183550932677e+05
3.457000000000000000e+03 1.374996189462349284e+05
3.458000000000000000e+03 1.375100282041788450e+05
3.459000000000000000e+03 1.375831600260840496e+05
3.460000000000000000e+03 1.375530780596896075e+05
3.461000000000000000e+03 1.375696235260528338e+05
3.462000000000000000e+03 1.376709838680950343e+05
3.463000000000000000e+03 1.376292735514240339e+05
3.464000000000000000e+03 1.376575349515588023e+05
3.465000000000000000e+03 1.377528745073713653e+05
3.466000000000000000e+03 1.378420774957958783e+05
3.467000000000000000e+03 1.379150714557748288e+05
3.468000000000000000e+03 1.380886652925122762e+05
3.469000000000000000e+03 1.381174286781236588e+05
3.470000000000000000e+03 1.382114577537565201e+05
3.471000000000000000e+03 1.382835477321938088e+05
3.472000000000000000e+03 1.383186702259047597e+05
3.473000000000000000e+03 1.381909485748829902e+05
3.474000000000000000e+03 1.382003997703318601e+05
3.475000000000000000e+03 1.382891530509738368e+05
3.476000000000000000e+03 1.383931555582118453e+05
3.477000000000000000e+03 1.383574561414031778e+05
3.478000000000000000e+03 1.383514166750154982e+05
3.479000000000000000e+03 1.385708544834736385e+05
3.480000000000000000e+03 1.386164832155404438e+05
3.481000000000000000e+03 1.386399266100864916e+05
3.482000000000000000e+03 1.386646461185336520e+05
3.483000000000000000e+03 1.384986920607027714e+05
3.484000000000000000e+03 1.384859466369973379e+05
3.485000000000000000e+03 1.384768273147050058e+05
3.486000000000000000e+03 1.385892897219401784e+05
3.487000000000000000e+03 1.385558766028448881e+05
3.488000000000000000e+03 1.386921816596231947e+05
3.489000000000000000e+03 1.387794389849245199e+05
3.490000000000000000e+03 1.388939550086561940e+05
3.491000000000000000e+03 1.389658250517321285e+05
3.492000000000000000e+03 1.390172903087751474e+05
3.493000000000000000e+03 1.389213672470259480e+05
3.494000000000000000e+03 1.387981408943257120e+05
3.495000000000000000e+03 1.388945215799595171e+05
3.496000000000000000e+03 1.388877390044500062e+05
3.497000000000000000e+03 1.389945302357968176e+05
3.498000000000000000e+03 1.390726755609464017e+05
3.499000000000000000e+03 1.390941857896403817e+05
3.500000000000000000e+03 1.390779794880037371e+05
3.501000000000000000e+03 1.392343714593846526e+05
3.502000000000000000e+03 1.392505731580115971e+05
3.503000000000000000e+03 1.392142503197200713e+05
3.504000000000000000e+03 1.391924073452896846e+05
3.505000000000000000e+03 1.391894830765202350e+05
3.506000000000000000e+03 1.391683995050094381e+05
3.507000000000000000e+03 1.392320648575352097e+05
3.508000000000000000e+03 1.393600851814522757e+05
3.509000000000000000e+03 1.393560378848863184e+05
3.510000000000000000e+03 1.393797433111148712e+05
3.511000000000000000e+03 1.395051438800748729e+05
3.512000000000000000e+03 1.394837031839246629e+05
3.513000000000000000e+03 1.393950570417469135e+05
3.514000000000000000e+03 1.393977647836498218e+05
3.515000000000000000e+03 1.395257581621545833e+05
3.516000000000000000e+03 1.396584039305700571e+05
3.517000000000000000e+03 1.397431087142183096e+05
3.518000000000000000e+03 1.397905872197639837e+05
3.519000000000000000e+03 1.397177097863064846e+05
3.520000000000000000e+03 1.397612602915711177e+05
3.521000000000000000e+03 1.399367517311234842e+05
3.522000000000000000e+03 1.399334580996916920e+05
3.523000000000000000e+03 1.400035298558806535e+05
3.524000000000000000e+03 1.400640693162803364e+05
3.525000000000000000e+03 1.401203349130829738e+05
3.526000000000000000e+03 1.402643623782338982e+05
3.527000000000000000e+03 1.404344505750771204e+05
3.528000000000000000e+03 1.405782827833369083e+05
3.529000000000000000e+03 1.404025619536800368e+05
3.530000000000000000e+03 1.404502398582766764e+05
3.531000000000000000e+03 1.405959365964740864e+05
3.532000000000000000e+03 1.406169318897087360e+05
3.533000000000000000e+03 1.405126188361600216e+05
3.534000000000000000e+03 1.403249683629597421e+05
3.535000000000000000e+03 1.403662459697380837e+05
3.536000000000000000e+03 1.403100974824976875e+05
3.537000000000000000e+03 1.402405366204478196e+05
3.538000000000000000e+03 1.403005510334273276e+05
3.539000000000000000e+03 1.402305704534705146e+05
3.540000000000000000e+03 1.403328611056174559e+05
3.541000000000000000e+03 1.403030581378200732e+05
3.542000000000000000e+03 1.404905819486216351e+05
3.543000000000000000e+03 1.404598995629345300e+05
3.544000000000000000e+03 1.402963025816736917e+05
3.545000000000000000e+03 1.402564608158860065e+05
3.546000000000000000e+03 1.403613680999884964e+05
3.547000000000000000e+03 1.403365604373661627e+05
3.548000000000000000e+03 1.403245689679902862e+05
3.549000000000000000e+03 1.404307739263715048e+05
3.550000000000000000e+03 1.404960688776374736e+05
3.551000000000000000e+03 1.403243966679734585e+05
3.552000000000000000e+03 1.403302454270138405e+05
3.553000000000000000e+03 1.405222216288727650e+05
3.554000000000000000e+03 1.405763786463783763e+05
3.555000000000000000e+03 1.405558901044378581e+05
3.556000000000000000e+03 1.405254586386969022e+05
3.557000000000000000e+03 1.406436174085347157e+05
3.558000000000000000e+03 1.408035369937108771e+05
3.559000000000000000e+03 1.408187006570214580e+05
3.560000000000000000e+03 1.408060891486870823e+05
3.561000000000000000e+03 1.408738377852599951e+05
3.562000000000000000e+03 1.409040237964713306e+05
3.563000000000000000e+03 1.409640088484642620e+05
3.564000000000000000e+03 1.410314346426874399e+05
3.565000000000000000e+03 1.408875054243253253e+05
3.566000000000000000e+03 1.409863879583080998e+05
3.567000000000000000e+03 1.411244379556647909e+05
3.568000000000000000e+03 1.411695664565556508e+05
3.569000000000000000e+03 1.411950669470651774e+05
3.570000000000000000e+03 1.412396566106641258e+05
3.571000000000000000e+03 1.412946014881079900e+05
3.572000000000000000e+03 1.414736412882591540e+05
3.573000000000000000e+03 1.414853873770566133e+05
3.574000000000000000e+03 1.415157549889333313e+05
3.575000000000000000e+03 1.414143501255351875e+05
3.576000000000000000e+03 1.413054718959008460e+05
3.577000000000000000e+03 1.412231486980948830e+05
3.578000000000000000e+03 1.411342721660839452e+05
3.579000000000000000e+03 1.412708368447800167e+05
3.580000000000000000e+03 1.413283143293834291e+05
3.581000000000000000e+03 1.413622886880861770e+05
3.582000000000000000e+03 1.414237035199317615e+05
3.583000000000000000e+03 1.415458356358318706e+05
3.584000000000000000e+03 1.417756786016848055e+05
3.585000000000000000e+03 1.418453395022852637e+05
3.586000000000000000e+03 1.418036800725376524e+05
3.587000000000000000e+03 1.418338558144639246e+05
3.588000000000000000e+03 1.419380902170174522e+05
3.589000000000000000e+03 1.418709293191192846e+05
3.590000000000000000e+03 1.420412341281278641e+05
3.591000000000000000e+03 1.420630061027869815e+05
3.592000000000000000e+03 1.420403474045537878e+05
3.593000000000000000e+03 1.421197819401796733e+05
3.594000000000000000e+03 1.420412988248166221e+05
3.595000000000000000e+03 1.418885003081796167e+05
3.596000000000000000e+03 1.418917489423397928e+05
3.597000000000000000e+03 1.418814395508873858e+05
3.598000000000000000e+03 1.420092028076747374e+05
3.599000000000000000e+03 1.421717661552569189e+05
3.600000000000000000e+03 1.421810551701262302e+05
3.601000000000000000e+03 1.422278942249120737e+05
3.602000000000000000e+03 1.421767910662880458e+05
3.603000000000000000e+03 1.420650616882803442e+05
3.604000000000000000e+03 1.420418251967239776e+05
3.605000000000000000e+03 1.420256915900706372e+05
3.606000000000000000e+03 1.419819696620029281e+05
3.607000000000000000e+03 1.420320148804062337e+05
3.608000000000000000e+03 1.422055599016211636e+05
3.609000000000000000e+03 1.422405452961789269e+05
3.610000000000000000e+03 1.423804536103301798e+05
3.611000000000000000e+03 1.424791849536140508e+05
3.612000000000000000e+03 1.427322824835780193e+05
3.613000000000000000e+03 1.427635128760329098e+05
3.614000000000000000e+03 1.427013155657358002e+05
3.615000000000000000e+03 1.428008484538680641e+05
3.616000000000000000e+03 1.427869382108573918e+05
3.617000000000000000e+03 1.428433917597803811e+05
3.618000000000000000e+03 1.430464165778487222e+05
3.619000000000000000e+03 1.431716504317406507e+05
3.620000000000000000e+03 1.431546554370497470e+05
3.621000000000000000e+03 1.432281683886302635e+05
3.622000000000000000e+03 1.431942288502411975e+05
3.623000000000000000e+03 1.433322428171781648e+05
3.624000000000000000e+03 1.434535528977325594e+05
3.625000000000000000e+03 1.436200175573417218e+05
3.626000000000000000e+03 1.435325201446163701e+05
3.627000000000000000e+03 1.435430536822705762e+05
3.628000000000000000e+03 1.437182089843993308e+05
3.629000000000000000e+03 1.438134987726133550e+05
3.630000000000000000e+03 1.439512382115972869e+05
3.631000000000000000e+03 1.438431524591242487e+05
3.632000000000000000e+03 1.438314329309551977e+05
3.633000000000000000e+03 1.438502164977358771e+05
3.634000000000000000e+03 1.438441214735598187e+05
3.635000000000000000e+03 1.438194918126375414e+05
3.636000000000000000e+03 1.437747965921609139e+05
3.637000000000000000e+03 1.437457258817974653e+05
3.638000000000000000e+03 1.435479779613069841e+05
3.639000000000000000e+03 1.436083997193709365e+05
3.640000000000000000e+03 1.437638796357581450e+05
3.641000000000000000e+03 1.437697306526151660e+05
3.642000000000000000e+03 1.438634758795834205e+05
3.643000000000000000e+03 1.441331203201474564e+05
3.644000000000000000e+03 1.442247838423924695e+05
3.645000000000000000e+03 1.442709473240726511e+05
3.646000000000000000e+03 1.441738539421318856e+05
3.647000000000000000e+03 1.441500210907420551e+05
3.648000000000000000e+03 1.441141489511819091e+05
3.649000000000000000e+03 1.440917208658650052e+05
3.650000000000000000e+03 1.443269561711112037e+05
3.651000000000000000e+03 1.444385715842788632e+05
3.652000000000000000e+03 1.445081209538947733e+05
3.653000000000000000e+03 1.446864932585026254e+05
3.654000000000000000e+03 1.448378120116489008e+05
3.655000000000000000e+03 1.447035536282903049e+05
3.656000000000000000e+03 1.444690674943521153e+05
3.657000000000000000e+03 1.445980070809396275e+05
3.658000000000000000e+03 1.445886484224370215e+05
3.659000000000000000e+03 1.447787864226682577e+05
3.660000000000000000e+03 1.448716606695976225e+05
3.661000000000000000e+03 1.450278207355438790e+05
3.662000000000000000e+03 1.451553483020256681e+05
3.663000000000000000e+03 1.452804202170772478e+05
3.664000000000000000e+03 1.453971324375027907e+05
3.665000000000000000e+03 1.454636356189908984e+05
3.666000000000000000e+03 1.454062303412952169e+05
3.667000000000000000e+03 1.454370008012008329e+05
3.668000000000000000e+03 1.455458769229413010e+05
3.669000000000000000e+03 1.453613768030847423e+05
3.670000000000000000e+03 1.453578210287499242e+05
3.671000000000000000e+03 1.451264432372807642e+05
3.672000000000000000e+03 1.451193695101174817e+05
3.673000000000000000e+03 1.453208441571042931e+05
3.674000000000000000e+03 1.453768678564352449e+05
3.675000000000000000e+03 1.455999240142471681e+05
3.676000000000000000e+03 1.456915564345671737e+05
3.677000000000000000e+03 1.457434987400036771e+05
3.678000000000000000e+03 1.456773726156849880e+05
3.679000000000000000e+03 1.457612669995834585e+05
3.680000000000000000e+03 1.458078166495955666e+05
3.681000000000000000e+03 1.459237569587077305e+05
3.682000000000000000e+03 1.457425538571802608e+05
3.683000000000000000e+03 1.457359591833004088e+05
3.684000000000000000e+03 1.457607526608364133e+05
3.685000000000000000e+03 1.458285319506605447e+05
3.686000000000000000e+03 1.459803923877386260e+05
3.687000000000000000e+03 1.459434514592437772e+05
3.688000000000000000e+03 1.459073188976178062e+05
3.689000000000000000e+03 1.459878653546134301e+05
3.690000000000000000e+03 1.459000196134278376e+05
3.691000000000000000e+03 1.460864842128537130e+05
3.692000000000000000e+03 1.460673995374083170e+05
3.693000000000000000e+03 1.461280611851213616e+05
3.694000000000000000e+03 1.462185782958698401e+05
3.695000000000000000e+03 1.460583089896075835e+05
3.696000000000000000e+03 1.460207725966972939e+05
3.697000000000000000e+03 1.461948219780352374e+05
3.698000000000000000e+03 1.462303823731983721e+05
3.699000000000000000e+03 1.461495626664675365e+05
3.700000000000000000e+03 1.461564910259691242e+05
3.701000000000000000e+03 1.461126691185634700e+05
3.702000000000000000e+03 1.461201528050957422e+05
3.703000000000000000e+03 1.461086790801984025e+05
3.704000000000000000e+03 1.461398442448394781e+05
3.705000000000000000e+03 1.462483392892504926e+05
3.706000000000000000e+03 1.461892292222410033e+05
3.707000000000000000e+03 1.461106315453244024e+05
3.708000000000000000e+03 1.461002235140135454e+05
3.709000000000000000e+03 1.461343307618004910e+05
3.710000000000000000e+03 1.463595091803887626e+05
3.711000000000000000e+03 1.464363199075764860e+05
3.712000000000000000e+03 1.466513911104339350e+05
3.713000000000000000e+03 1.466883159736893140e+05
3.714000000000000000e+03 1.466456381296678155e+05
3.715000000000000000e+03 1.465882038427593361e+05
3.716000000000000000e+03 1.465555678086476400e+05
3.717000000000000000e+03 1.466319518815774063e+05
3.718000000000000000e+03 1.466080113527325739e+05
3.719000000000000000e+03 1.466627619621392223e+05
3.720000000000000000e+03 1.468134107133167563e+05
3.721000000000000000e+03 1.469654455186267442e+05
3.722000000000000000e+03 1.470192733593705052e+05
3.723000000000000000e+03 1.470384184713631403e+05
3.724000000000000000e+03 1.469373870027583325e+05
3.725000000000000000e+03 1.471725885025043972e+05
3.726000000000000000e+03 1.472840599985723384e+05
3.727000000000000000e+03 1.471371852264656045e+05
3.728000000000000000e+03 1.472388807030777389e+05
3.729000000000000000e+03 1.472139676343005267e+05
3.730000000000000000e+03 1.472035314052298490e+05
3.731000000000000000e+03 1.472606390989456850e+05
3.732000000000000000e+03 1.473113488683165924e+05
3.733000000000000000e+03 1.472705545459040441e+05
3.734000000000000000e+03 1.472780962767700839e+05
3.735000000000000000e+03 1.473181249012786429e+05
3.736000000000000000e+03 1.473946026521181338e+05
3.737000000000000000e+03 1.473385521760705451e+05
3.738000000000000000e+03 1.472113039697320201e+05
3.739000000000000000e+03 1.472097049771322927e+05
3.740000000000000000e+03 1.473671227027243003e+05
3.741000000000000000e+03 1.472428822716810391e+05
3.742000000000000000e+03 1.472600296689827519e+05
3.743000000000000000e+03 1.472165497453557909e+05
3.744000000000000000e+03 1.473601818212301878e+05
3.745000000000000000e+03 1.473322170074225287e+05
3.746000000000000000e+03 1.472251725080151227e+05
3.747000000000000000e+03 1.472361757787431998e+05
3.748000000000000000e+03 1.473351175122632412e+05
3.749000000000000000e+03 1.474650595899870386e+05
3.750000000000000000e+03 1.474140395038040879e+05
3.751000000000000000e+03 1.476272927983339177e+05
3.752000000000000000e+03 1.475076214988845168e+05
3.753000000000000000e+03 1.473731685123002389e+05
3.754000000000000000e+03 1.474379021438225755e+05
3.755000000000000000e+03 1.474451874190466770e+05
3.756000000000000000e+03 1.473523369655573042e+05
3.757000000000000000e+03 1.474772367825390247e+05
3.758000000000000000e+03 1.476185800841790333e+05
3.759000000000000000e+03 1.478230962950732210e+05
3.760000000000000000e+03 1.476996096416463843e+05
3.761000000000000000e+03 1.477044710699985735e+05
3.762000000000000000e+03 1.477898559783599630e+05
3.763000000000000000e+03 1.478744314803318703e+05
3.764000000000000000e+03 1.478085289001708443e+05
3.765000000000000000e+03 1.479067511834744946e+05
3.766000000000000000e+03 1.479366200077090471e+05
3.767000000000000000e+03 1.479573829249299888e+05
3.768000000000000000e+03 1.480451324046723603e+05
3.769000000000000000e+03 1.481280021852408827e+05
3.770000000000000000e+03 1.481630561215630441e+05
3.771000000000000000e+03 1.482349323454336263e+05
3.772000000000000000e+03 1.482954393123268092e+05
3.773000000000000000e+03 1.482305693325653265e+05
3.774000000000000000e+03 1.483290838003186218e+05
3.775000000000000000e+03 1.484143498095676478e+05
3.776000000000000000e+03 1.484073200439380889e+05
3.777000000000000000e+03 1.484593739729038789e+05
3.778000000000000000e+03 1.485580763317513920e+05
3.779000000000000000e+03 1.485508471302209946e+05
3.780000000000000000e+03 1.486646055237416294e+05
3.781000000000000000e+03 1.488313883511825989e+05
3.782000000000000000e+03 1.489808922669149470e+05
3.783000000000000000e+03 1.490199219497120357e+05
3.784000000000000000e+03 1.489015959942999471e+05
3.785000000000000000e+03 1.489775003737453662e+05
3.786000000000000000e+03 1.489329084318222012e+05
3.787000000000000000e+03 1.490736957285496464e+05
3.788000000000000000e+03 1.492223127073655196e+05
3.789000000000000000e+03 1.492316009051121655e+05
3.790000000000000000e+03 1.491661218795138993e+05
3.791000000000000000e+03 1.491756751343990327e+05
3.792000000000000000e+03 1.491869181990942743e+05
3.793000000000000000e+03 1.491616379710706824e+05
3.794000000000000000e+03 1.491459851740363520e+05
3.795000000000000000e+03 1.491224710851198179e+05
3.796000000000000000e+03 1.490704709952135163e+05
3.797000000000000000e+03 1.491714268109588011e+05
3.798000000000000000e+03 1.492226285655666725e+05
3.799000000000000000e+03 1.492944652374272118e+05
3.800000000000000000e+03 1.494591250674524053e+05
3.801000000000000000e+03 1.494458998120289179e+05
3.802000000000000000e+03 1.494326599037920823e+05
3.803000000000000000e+03 1.495803420908516855e+05
3.804000000000000000e+03 1.498192491431153321e+05
3.805000000000000000e+03 1.499247944211382128e+05
3.806000000000000000e+03 1.499195675488256966e+05
3.807000000000000000e+03 1.500114599287018937e+05
3.808000000000000000e+03 1.501884992399109178e+05
3.809000000000000000e+03 1.502043348987586505e+05
3.810000000000000000e+03 1.500957597573589883e+05
3.811000000000000000e+03 1.500758203913370380e+05
3.812000000000000000e+03 1.501343964879566920e+05
3.813000000000000000e+03 1.501187628918889386e+05
3.814000000000000000e+03 1.502915411980361096e+05
3.815000000000000000e+03 1.503339912039221963e+05
3.816000000000000000e+03 1.503154761199726490e+05
3.817000000000000000e+03 1.503875187548306421e+05
3.818000000000000000e+03 1.504248589349460672e+05
3.819000000000000000e+03 1.503652879123883904e+05
3.820000000000000000e+03 1.505348495335152838e+05
3.821000000000000000e+03 1.505226491670793621e+05
3.822000000000000000e+03 1.507588846332739049e+05
3.823000000000000000e+03 1.507817378575750918e+05
3.824000000000000000e+03 1.508292785192190786e+05
3.825000000000000000e+03 1.508477958528999297e+05
3.826000000000000000e+03 1.509781664690142206e+05
3.827000000000000000e+03 1.510160210978256073e+05
3.828000000000000000e+03 1.511522773668220034e+05
3.829000000000000000e+03 1.512635916646305996e+05
3.830000000000000000e+03 1.512689119759883615e+05
3.831000000000000000e+03 1.512206170510951779e+05
3.832000000000000000e+03 1.510576473235203885e+05
3.833000000000000000e+03 1.510502713721862820e+05
3.834000000000000000e+03 1.509070847346240189e+05
3.835000000000000000e+03 1.509799852800201625e+05
3.836000000000000000e+03 1.510781145341618685e+05
3.837000000000000000e+03 1.511154396986121428e+05
3.838000000000000000e+03 1.511256749502727762e+05
3.839000000000000000e+03 1.512908992284997657e+05
3.840000000000000000e+03 1.514548415476719674e+05
3.841000000000000000e+03 1.515182832061576191e+05
3.842000000000000000e+03 1.513950880813363474e+05
3.843000000000000000e+03 1.513790455259595183e+05
3.844000000000000000e+03 1.514153212401414639e+05
3.845000000000000000e+03 1.514342014102960529e+05
3.846000000000000000e+03 1.514884264046196186e+05
3.847000000000000000e+03 1.515946333929430111e+05
3.848000000000000000e+03 1.517902043391474581e+05
3.849000000000000000e+03 1.519968088438699779e+05
3.850000000000000000e+03 1.519790469961010967e+05
3.851000000000000000e+03 1.519972127332912642e+05
3.852000000000000000e+03 1.518796095564765856e+05
3.853000000000000000e+03 1.517969442192068382e+05
3.854000000000000000e+03 1.517051772577805677e+05
3.855000000000000000e+03 1.515158976688543044e+05
3.856000000000000000e+03 1.514202865749886259e+05
3.857000000000000000e+03 1.513551580200941535e+05
3.858000000000000000e+03 1.514554381034900434e+05
3.859000000000000000e+03 1.513719440901924099e+05
3.860000000000000000e+03 1.514405356502466893e+05
3.861000000000000000e+03 1.515872412791376992e+05
3.862000000000000000e+03 1.515823569956559804e+05
3.863000000000000000e+03 1.517107918823084037e+05
3.864000000000000000e+03 1.517997734038758499e+05
3.865000000000000000e+03 1.519774026699980896e+05
3.866000000000000000e+03 1.521217169739807723e+05
3.867000000000000000e+03 1.521453251213230833e+05
3.868000000000000000e+03 1.521754425911920844e+05
3.869000000000000000e+03 1.522122665995950229e+05
3.870000000000000000e+03 1.522236005383052106e+05
3.871000000000000000e+03 1.522610043523912318e+05
3.872000000000000000e+03 1.523923664687346609e+05
3.873000000000000000e+03 1.525372019516639994e+05
3.874000000000000000e+03 1.527373492693753797e+05
3.875000000000000000e+03 1.527951465536263422e+05
3.876000000000000000e+03 1.526240766019757430e+05
3.877000000000000000e+03 1.525741325521655381e+05
3.878000000000000000e+03 1.525001441614572250e+05
3.879000000000000000e+03 1.524079313615373103e+05
3.880000000000000000e+03 1.524712826609472686e+05
3.881000000000000000e+03 1.524711741472304857e+05
3.882000000000000000e+03 1.525357893530926958e+05
3.883000000000000000e+03 1.525980409618641715e+05
3.884000000000000000e+03 1.527450413618891907e+05
3.885000000000000000e+03 1.528652836558485578e+05
3.886000000000000000e+03 1.530413099775413575e+05
3.887000000000000000e+03 1.531744088248314511e+05
3.888000000000000000e+03 1.531692321870069718e+05
3.889000000000000000e+03 1.531360942523895064e+05
3.890000000000000000e+03 1.533048091738690855e+05
3.891000000000000000e+03 1.535911517003026966e+05
3.892000000000000000e+03 1.535711196488962742e+05
3.893000000000000000e+03 1.535810201295782463e+05
3.894000000000000000e+03 1.535341454191022785e+05
3.895000000000000000e+03 1.535579680139661650e+05
3.896000000000000000e+03 1.536459701160457043e+05
3.897000000000000000e+03 1.537237253149378812e+05
3.898000000000000000e+03 1.537575839467328915e+05
3.899000000000000000e+03 1.539043752494760556e+05
3.900000000000000000e+03 1.539051446421053261e+05
3.901000000000000000e+03 1.538638464363063104e+05
3.902000000000000000e+03 1.538747405776137894e+05
3.903000000000000000e+03 1.539327161145538557e+05
3.904000000000000000e+03 1.539827416270215181e+05
3.905000000000000000e+03 1.540270894774201442e+05
3.906000000000000000e+03 1.540949409936140873e+05
3.907000000000000000e+03 1.540617667272698309e+05
3.908000000000000000e+03 1.541867981888687355e+05
3.909000000000000000e+03 1.541763274108631304e+05
3.910000000000000000e+03 1.541380774030830071e+05
3.911000000000000000e+03 1.540982303474690416e+05
3.912000000000000000e+03 1.540968512027916149e+05
3.913000000000000000e+03 1.542082562163810944e+05
3.914000000000000000e+03 1.543717947371696064e+05
3.915000000000000000e+03 1.542804842256527627e+05
3.916000000000000000e+03 1.542672742847917543e+05
3.917000000000000000e+03 1.542893286835919425e+05
3.918000000000000000e+03 1.543281099233999848e+05
3.919000000000000000e+03 1.544352747437096550e+05
3.920000000000000000e+03 1.544125656039720634e+05
3.921000000000000000e+03 1.542458883768862870e+05
3.922000000000000000e+03 1.542006192674011691e+05
3.923000000000000000e+03 1.543235524965166987e+05
3.924000000000000000e+03 1.543662606354110176e+05
3.925000000000000000e+03 1.543733652342133864e+05
3.926000000000000000e+03 1.543836579678613634e+05
3.927000000000000000e+03 1.542784391343011230e+05
3.928000000000000000e+03 1.543998556821930106e+05
3.929000000000000000e+03 1.545066755959114817e+05
3.930000000000000000e+03 1.545289024672981177e+05
3.931000000000000000e+03 1.546454241811259417e+05
3.932000000000000000e+03 1.547989528811967466e+05
3.933000000000000000e+03 1.546960237141194812e+05
3.934000000000000000e+03 1.546155746970162727e+05
3.935000000000000000e+03 1.546984167274887441e+05
3.936000000000000000e+03 1.545907952861075464e+05
3.937000000000000000e+03 1.547396895479452505e+05
3.938000000000000000e+03 1.546183934648758441e+05
3.939000000000000000e+03 1.545310843795139517e+05
3.940000000000000000e+03 1.544755015486706689e+05
3.941000000000000000e+03 1.545286930119802710e+05
3.942000000000000000e+03 1.546394944770697621e+05
3.943000000000000000e+03 1.547199217935184424e+05
3.944000000000000000e+03 1.547697388384640799e+05
3.945000000000000000e+03 1.549668274518704857e+05
3.946000000000000000e+03 1.551416305460120202e+05
3.947000000000000000e+03 1.550140032706327038e+05
3.948000000000000000e+03 1.549236961025730125e+05
3.949000000000000000e+03 1.548394749434928526e+05
3.950000000000000000e+03 1.550643633685295645e+05
3.951000000000000000e+03 1.550623209439524217e+05
3.952000000000000000e+03 1.548804977779765031e+05
3.953000000000000000e+03 1.546533691288919072e+05
3.954000000000000000e+03 1.546963087993362569e+05
3.955000000000000000e+03 1.546480515641129750e+05
3.956000000000000000e+03 1.545887185466270603e+05
3.957000000000000000e+03 1.545703839193898020e+05
3.958000000000000000e+03 1.546012611832513940e+05
3.959000000000000000e+03 1.548829955804488563e+05
3.960000000000000000e+03 1.551327337484566378e+05
3.961000000000000000e+03 1.552675426431573287e+05
3.962000000000000000e+03 1.551101194975674443e+05
3.963000000000000000e+03 1.552194531172654533e+05
3.964000000000000000e+03 1.553130878842726524e+05
3.965000000000000000e+03 1.552193810644339828e+05
3.966000000000000000e+03 1.552079087786969321e+05
3.967000000000000000e+03 1.552864469997240230e+05
3.968000000000000000e+03 1.553575915272868588e+05
3.969000000000000000e+03 1.552577103420961066e+05
3.970000000000000000e+03 1.553032268481855863e+05
3.971000000000000000e+03 1.553178594112154096e+05
3.972000000000000000e+03 1.552482740863388753e+05
3.973000000000000000e+03 1.551026578160392528e+05
3.974000000000000000e+03 1.549585762022619601e+05
3.975000000000000000e+03 1.550208954775045568e+05
3.976000000000000000e+03 1.550738077584330749e+05
3.977000000000000000e+03 1.550373541059505369e+05
3.978000000000000000e+03 1.551890612517312111e+05
3.979000000000000000e+03 1.550239170813089004e+05
3.980000000000000000e+03 1.550876185288831475e+05
3.981000000000000000e+03 1.551926971228429466e+05
3.982000000000000000e+03 1.551090180033526849e+05
3.983000000000000000e+03 1.550468883453672752e+05
3.984000000000000000e+03 1.550545113099488372e+05
3.985000000000000000e+03 1.550775108054958109e+05
3.986000000000000000e+03 1.552355223050924542e+05
3.987000000000000000e+03 1.552883154701098392e+05
3.988000000000000000e+03 1.553375511715758767e+05
3.989000000000000000e+03 1.553666021625568683e+05
3.990000000000000000e+03 1.554535012252398592e+05
3.991000000000000000e+03 1.555974476637246553e+05
3.992000000000000000e+03 1.556438068217047548e+05
3.993000000000000000e+03 1.557771814779634879e+05
3.994000000000000000e+03 1.558578270747637434e+05
3.995000000000000000e+03 1.559815311539363465e+05
3.996000000000000000e+03 1.559820244489613106e+05
3.997000000000000000e+03 1.559259767759165552e+05
3.998000000000000000e+03 1.557833110960152117e+05
3.999000000000000000e+03 1.557751992749807832e+05
