# time_reduced msd_reduced
# region=central
# central=0.333333333333:0.666666666667
# outer=0:0.250000000000,0.750000000000:1
# transition=0.250000000000:0.333333333333,0.666666666667:0.750000000000
# atom_types=[2]
# n_selected=2510
# subtract_group_com_drift=True
0.000000000000000000e+00 0.000000000000000000e+00
1.000000000000000000e+00 1.562047087996579187e+01
2.000000000000000000e+00 3.420546265149483389e+01
3.000000000000000000e+00 5.225602827911134085e+01
4.000000000000000000e+00 7.076614745940921125e+01
5.000000000000000000e+00 9.194423691853546643e+01
6.000000000000000000e+00 1.151671667721195718e+02
7.000000000000000000e+00 1.344379659569549972e+02
8.000000000000000000e+00 1.567191418244168517e+02
9.000000000000000000e+00 1.784195001828092018e+02
1.000000000000000000e+01 2.019618187576958235e+02
1.100000000000000000e+01 2.222603868856936913e+02
1.200000000000000000e+01 2.429473140055746967e+02
1.300000000000000000e+01 2.631611172543330213e+02
1.400000000000000000e+01 2.839093618190815391e+02
1.500000000000000000e+01 3.084848986206179120e+02
1.600000000000000000e+01 3.368077359908933204e+02
1.700000000000000000e+01 3.692344573439560804e+02
1.800000000000000000e+01 3.974103328482153188e+02
1.900000000000000000e+01 4.296776735284961433e+02
2.000000000000000000e+01 4.608151757639215020e+02
2.100000000000000000e+01 4.875638930066490389e+02
2.200000000000000000e+01 5.110282650299638476e+02
2.300000000000000000e+01 5.364659020996604113e+02
2.400000000000000000e+01 5.738059044471677907e+02
2.500000000000000000e+01 5.995828163732485336e+02
2.600000000000000000e+01 6.195431456988563923e+02
2.700000000000000000e+01 6.453559479559293095e+02
2.800000000000000000e+01 6.691081813927748954e+02
2.900000000000000000e+01 6.987794790688392368e+02
3.000000000000000000e+01 7.300307452123843177e+02
3.100000000000000000e+01 7.624273486204896244e+02
3.200000000000000000e+01 7.910572740453195593e+02
3.300000000000000000e+01 8.064522402848855336e+02
3.400000000000000000e+01 8.294667596968923817e+02
3.500000000000000000e+01 8.723748259949559269e+02
3.600000000000000000e+01 8.922840630022076311e+02
3.700000000000000000e+01 9.129333270322041471e+02
3.800000000000000000e+01 9.395613814081386863e+02
3.900000000000000000e+01 9.571768573826921056e+02
4.000000000000000000e+01 9.788583779061276573e+02
4.100000000000000000e+01 1.013557491771675018e+03
4.200000000000000000e+01 1.042186961445341012e+03
4.300000000000000000e+01 1.076812497119653699e+03
4.400000000000000000e+01 1.103314756298632801e+03
4.500000000000000000e+01 1.138499391932477693e+03
4.600000000000000000e+01 1.172623261071005118e+03
4.700000000000000000e+01 1.200909109160202206e+03
4.800000000000000000e+01 1.236941475200185096e+03
4.900000000000000000e+01 1.274509707514003367e+03
5.000000000000000000e+01 1.319111501034289859e+03
5.100000000000000000e+01 1.353431211558397308e+03
5.200000000000000000e+01 1.393619645824651570e+03
5.300000000000000000e+01 1.440853579477238100e+03
5.400000000000000000e+01 1.458180593533523506e+03
5.500000000000000000e+01 1.473690511705487097e+03
5.600000000000000000e+01 1.486443240984764543e+03
5.700000000000000000e+01 1.519020679809525291e+03
5.800000000000000000e+01 1.552098151507965667e+03
5.900000000000000000e+01 1.599893319193503885e+03
6.000000000000000000e+01 1.635183275138003182e+03
6.100000000000000000e+01 1.652011778127277012e+03
6.200000000000000000e+01 1.671823345969145748e+03
6.300000000000000000e+01 1.703939741525922955e+03
6.400000000000000000e+01 1.731997476359115353e+03
6.500000000000000000e+01 1.767397314300239714e+03
6.600000000000000000e+01 1.765521746059048610e+03
6.700000000000000000e+01 1.799630662027860808e+03
6.800000000000000000e+01 1.853287958683109082e+03
6.900000000000000000e+01 1.897110337695756243e+03
7.000000000000000000e+01 1.931999136779196533e+03
7.100000000000000000e+01 1.955246086480507074e+03
7.200000000000000000e+01 1.986395366994185451e+03
7.300000000000000000e+01 2.025435544948983988e+03
7.400000000000000000e+01 2.057584737831168695e+03
7.500000000000000000e+01 2.089408171913390106e+03
7.600000000000000000e+01 2.107565063004326475e+03
7.700000000000000000e+01 2.135430511734541142e+03
7.800000000000000000e+01 2.159989302966557261e+03
7.900000000000000000e+01 2.198928018690838599e+03
8.000000000000000000e+01 2.211722046065917311e+03
8.100000000000000000e+01 2.238480541144966082e+03
8.200000000000000000e+01 2.296597202092324551e+03
8.300000000000000000e+01 2.326757343919884079e+03
8.400000000000000000e+01 2.356954946840019602e+03
8.500000000000000000e+01 2.400862578587559256e+03
8.600000000000000000e+01 2.425271854394976344e+03
8.700000000000000000e+01 2.442711144300311844e+03
8.800000000000000000e+01 2.446759466760886880e+03
8.900000000000000000e+01 2.460877522876373860e+03
9.000000000000000000e+01 2.466814723545641755e+03
9.100000000000000000e+01 2.507659091187057129e+03
9.200000000000000000e+01 2.521519561528014037e+03
9.300000000000000000e+01 2.545052805457208706e+03
9.400000000000000000e+01 2.569896326302548459e+03
9.500000000000000000e+01 2.614978461102054098e+03
9.600000000000000000e+01 2.657056744829008494e+03
9.700000000000000000e+01 2.695501814775835101e+03
9.800000000000000000e+01 2.734183590429808646e+03
9.900000000000000000e+01 2.745735882458592641e+03
1.000000000000000000e+02 2.785648745325184791e+03
1.010000000000000000e+02 2.827952740952369822e+03
1.020000000000000000e+02 2.866527677567241881e+03
1.030000000000000000e+02 2.905001915168142659e+03
1.040000000000000000e+02 2.944910071060173323e+03
1.050000000000000000e+02 3.009415620563507218e+03
1.060000000000000000e+02 3.046928587113836329e+03
1.070000000000000000e+02 3.084994835549481650e+03
1.080000000000000000e+02 3.130605772387731122e+03
1.090000000000000000e+02 3.174581066960111002e+03
1.100000000000000000e+02 3.208353218597733758e+03
1.110000000000000000e+02 3.268402843774027133e+03
1.120000000000000000e+02 3.320264061426559238e+03
1.130000000000000000e+02 3.359823642566187118e+03
1.140000000000000000e+02 3.385952566675576236e+03
1.150000000000000000e+02 3.388101033165819445e+03
1.160000000000000000e+02 3.407976586183129257e+03
1.170000000000000000e+02 3.448491067208104596e+03
1.180000000000000000e+02 3.480814877663221068e+03
1.190000000000000000e+02 3.502054563316953590e+03
1.200000000000000000e+02 3.521440414699426583e+03
1.210000000000000000e+02 3.544149624891972508e+03
1.220000000000000000e+02 3.571327942365796844e+03
1.230000000000000000e+02 3.590188292061169250e+03
1.240000000000000000e+02 3.625021376260051056e+03
1.250000000000000000e+02 3.647997323342555319e+03
1.260000000000000000e+02 3.658877525557461922e+03
1.270000000000000000e+02 3.683056802641422109e+03
1.280000000000000000e+02 3.688746526973439359e+03
1.290000000000000000e+02 3.729756597169915494e+03
1.300000000000000000e+02 3.775400909899661201e+03
1.310000000000000000e+02 3.809702029636614952e+03
1.320000000000000000e+02 3.841599865684895121e+03
1.330000000000000000e+02 3.866739069009434388e+03
1.340000000000000000e+02 3.885941210148014306e+03
1.350000000000000000e+02 3.925929805106758522e+03
1.360000000000000000e+02 3.934720651416360852e+03
1.370000000000000000e+02 3.955091717468063962e+03
1.380000000000000000e+02 3.983972967202771542e+03
1.390000000000000000e+02 4.029102353987047081e+03
1.400000000000000000e+02 4.056833605385418650e+03
1.410000000000000000e+02 4.086382029217529634e+03
1.420000000000000000e+02 4.125616026990866885e+03
1.430000000000000000e+02 4.165065569491169299e+03
1.440000000000000000e+02 4.183184178913972573e+03
1.450000000000000000e+02 4.217344466743646080e+03
1.460000000000000000e+02 4.245813882188775096e+03
1.470000000000000000e+02 4.274411956103933335e+03
1.480000000000000000e+02 4.296814888872570009e+03
1.490000000000000000e+02 4.343169873471223582e+03
1.500000000000000000e+02 4.375489130859553370e+03
1.510000000000000000e+02 4.440970482680671921e+03
1.520000000000000000e+02 4.471195540719998462e+03
1.530000000000000000e+02 4.511370558765157512e+03
1.540000000000000000e+02 4.537104972299855035e+03
1.550000000000000000e+02 4.570111246959900200e+03
1.560000000000000000e+02 4.601060047276286241e+03
1.570000000000000000e+02 4.657883024484346606e+03
1.580000000000000000e+02 4.686075913355565717e+03
1.590000000000000000e+02 4.711832293722184659e+03
1.600000000000000000e+02 4.763291557347066373e+03
1.610000000000000000e+02 4.812482245019664333e+03
1.620000000000000000e+02 4.855662157580149142e+03
1.630000000000000000e+02 4.856898818500399102e+03
1.640000000000000000e+02 4.878986995139575811e+03
1.650000000000000000e+02 4.896496285229117348e+03
1.660000000000000000e+02 4.911049261226594354e+03
1.670000000000000000e+02 4.914108754953632342e+03
1.680000000000000000e+02 4.966629230452545926e+03
1.690000000000000000e+02 4.988553655209160752e+03
1.700000000000000000e+02 5.007168634842450047e+03
1.710000000000000000e+02 5.045915403980199699e+03
1.720000000000000000e+02 5.087227366878362773e+03
1.730000000000000000e+02 5.106341814041256839e+03
1.740000000000000000e+02 5.187605209757671219e+03
1.750000000000000000e+02 5.211581794885118143e+03
1.760000000000000000e+02 5.230088962346482731e+03
1.770000000000000000e+02 5.270236100936160256e+03
1.780000000000000000e+02 5.303977282461883078e+03
1.790000000000000000e+02 5.345557726866747544e+03
1.800000000000000000e+02 5.404164830248042563e+03
1.810000000000000000e+02 5.455811090848640561e+03
1.820000000000000000e+02 5.476419071880482988e+03
1.830000000000000000e+02 5.513446812348157437e+03
1.840000000000000000e+02 5.559759783862752556e+03
1.850000000000000000e+02 5.584922853481816674e+03
1.860000000000000000e+02 5.632599783418218976e+03
1.870000000000000000e+02 5.668916137366234580e+03
1.880000000000000000e+02 5.704906075534578122e+03
1.890000000000000000e+02 5.763679889828898013e+03
1.900000000000000000e+02 5.852492816082268291e+03
1.910000000000000000e+02 5.921126454847621062e+03
1.920000000000000000e+02 6.005120996317752542e+03
1.930000000000000000e+02 6.060956781687937109e+03
1.940000000000000000e+02 6.113834631063937195e+03
1.950000000000000000e+02 6.157556327579615754e+03
1.960000000000000000e+02 6.196818695053305419e+03
1.970000000000000000e+02 6.229566757442870767e+03
1.980000000000000000e+02 6.256861066532941550e+03
1.990000000000000000e+02 6.271929898702180253e+03
2.000000000000000000e+02 6.315397471399412098e+03
2.010000000000000000e+02 6.367086931171268589e+03
2.020000000000000000e+02 6.423874515966678700e+03
2.030000000000000000e+02 6.503229597116814148e+03
2.040000000000000000e+02 6.558469824568445802e+03
2.050000000000000000e+02 6.616899907780322792e+03
2.060000000000000000e+02 6.652434727068161010e+03
2.070000000000000000e+02 6.695286144905151559e+03
2.080000000000000000e+02 6.733753161700589771e+03
2.090000000000000000e+02 6.778127469219462910e+03
2.100000000000000000e+02 6.780783445735326495e+03
2.110000000000000000e+02 6.795739384048666579e+03
2.120000000000000000e+02 6.817682370849167455e+03
2.130000000000000000e+02 6.823169733088143403e+03
2.140000000000000000e+02 6.855323734162163419e+03
2.150000000000000000e+02 6.930546359860893972e+03
2.160000000000000000e+02 7.005669264632160775e+03
2.170000000000000000e+02 7.057522249905383433e+03
2.180000000000000000e+02 7.111081640694961607e+03
2.190000000000000000e+02 7.144633780244554146e+03
2.200000000000000000e+02 7.182832011530488671e+03
2.210000000000000000e+02 7.225947896115354524e+03
2.220000000000000000e+02 7.291687444230391520e+03
2.230000000000000000e+02 7.338577769761911441e+03
2.240000000000000000e+02 7.336513372364910538e+03
2.250000000000000000e+02 7.385520789360296476e+03
2.260000000000000000e+02 7.415205847388699112e+03
2.270000000000000000e+02 7.474190652316986416e+03
2.280000000000000000e+02 7.510467015786280172e+03
2.290000000000000000e+02 7.539021872612749576e+03
2.300000000000000000e+02 7.551137866520700300e+03
2.310000000000000000e+02 7.595341837222693357e+03
2.320000000000000000e+02 7.642366235172535198e+03
2.330000000000000000e+02 7.670642754972366674e+03
2.340000000000000000e+02 7.732739503579735356e+03
2.350000000000000000e+02 7.762375095076998150e+03
2.360000000000000000e+02 7.763464856513121049e+03
2.370000000000000000e+02 7.788077260292006940e+03
2.380000000000000000e+02 7.830370124802103419e+03
2.390000000000000000e+02 7.876305130018923592e+03
2.400000000000000000e+02 7.882905811458243988e+03
2.410000000000000000e+02 7.880710794170310692e+03
2.420000000000000000e+02 7.902305038290438461e+03
2.430000000000000000e+02 7.879639993990732364e+03
2.440000000000000000e+02 7.889192080508653817e+03
2.450000000000000000e+02 7.915804645492326017e+03
2.460000000000000000e+02 7.950854640590921917e+03
2.470000000000000000e+02 7.968158613547715504e+03
2.480000000000000000e+02 8.031229861239431557e+03
2.490000000000000000e+02 8.102425875235579042e+03
2.500000000000000000e+02 8.127295014186135631e+03
2.510000000000000000e+02 8.175958685373182561e+03
2.520000000000000000e+02 8.228646018139717853e+03
2.530000000000000000e+02 8.249725875483509299e+03
2.540000000000000000e+02 8.263157717870753913e+03
2.550000000000000000e+02 8.315035728754113734e+03
2.560000000000000000e+02 8.390608214701233010e+03
2.570000000000000000e+02 8.445679189442667848e+03
2.580000000000000000e+02 8.461408850518542749e+03
2.590000000000000000e+02 8.458502695205670534e+03
2.600000000000000000e+02 8.482289033325492710e+03
2.610000000000000000e+02 8.529589709069319724e+03
2.620000000000000000e+02 8.565795812942187695e+03
2.630000000000000000e+02 8.586599970260434930e+03
2.640000000000000000e+02 8.630335567663021720e+03
2.650000000000000000e+02 8.632739719454462829e+03
2.660000000000000000e+02 8.699842951483324214e+03
2.670000000000000000e+02 8.716984648251805993e+03
2.680000000000000000e+02 8.756912203644531473e+03
2.690000000000000000e+02 8.810245308857320197e+03
2.700000000000000000e+02 8.835581286785947668e+03
2.710000000000000000e+02 8.832623928616954800e+03
2.720000000000000000e+02 8.842600844373037035e+03
2.730000000000000000e+02 8.811389905297068253e+03
2.740000000000000000e+02 8.820926992680664625e+03
2.750000000000000000e+02 8.864789689921701211e+03
2.760000000000000000e+02 8.912696581264535780e+03
2.770000000000000000e+02 8.898338056681601302e+03
2.780000000000000000e+02 8.960657478326902492e+03
2.790000000000000000e+02 8.988773786096935510e+03
2.800000000000000000e+02 9.016386623294092715e+03
2.810000000000000000e+02 9.066456523978627956e+03
2.820000000000000000e+02 9.072017174213589897e+03
2.830000000000000000e+02 9.092836346470317949e+03
2.840000000000000000e+02 9.158347110656945006e+03
2.850000000000000000e+02 9.194663187343621757e+03
2.860000000000000000e+02 9.236738269239031069e+03
2.870000000000000000e+02 9.292796993219662909e+03
2.880000000000000000e+02 9.348526053940220663e+03
2.890000000000000000e+02 9.382826033976847611e+03
2.900000000000000000e+02 9.409084698001151992e+03
2.910000000000000000e+02 9.457736547082309698e+03
2.920000000000000000e+02 9.442948631797837152e+03
2.930000000000000000e+02 9.431090257378025854e+03
2.940000000000000000e+02 9.432288624302838798e+03
2.950000000000000000e+02 9.471824673120871012e+03
2.960000000000000000e+02 9.542680914202073836e+03
2.970000000000000000e+02 9.573743109571165405e+03
2.980000000000000000e+02 9.641770300448359194e+03
2.990000000000000000e+02 9.722432371701186639e+03
3.000000000000000000e+02 9.777164309704978223e+03
3.010000000000000000e+02 9.835203995661266163e+03
3.020000000000000000e+02 9.900838072203194315e+03
3.030000000000000000e+02 9.949910426320660918e+03
3.040000000000000000e+02 9.974899296971881995e+03
3.050000000000000000e+02 1.000386545241631211e+04
3.060000000000000000e+02 1.008653052193575240e+04
3.070000000000000000e+02 1.010513058841130805e+04
3.080000000000000000e+02 1.014238423420017170e+04
3.090000000000000000e+02 1.020105092159942978e+04
3.100000000000000000e+02 1.023023573958457200e+04
3.110000000000000000e+02 1.027569066202603062e+04
3.120000000000000000e+02 1.033469000337512807e+04
3.130000000000000000e+02 1.038075128430194309e+04
3.140000000000000000e+02 1.043006573788290552e+04
3.150000000000000000e+02 1.048538252722700599e+04
3.160000000000000000e+02 1.055650158809083587e+04
3.170000000000000000e+02 1.061536621474134154e+04
3.180000000000000000e+02 1.062412191493772480e+04
3.190000000000000000e+02 1.068823151547075577e+04
3.200000000000000000e+02 1.072747336219360659e+04
3.210000000000000000e+02 1.077123677879982279e+04
3.220000000000000000e+02 1.081676666517987360e+04
3.230000000000000000e+02 1.085809631574215382e+04
3.240000000000000000e+02 1.082628170834601951e+04
3.250000000000000000e+02 1.086209734166172348e+04
3.260000000000000000e+02 1.091781266830335153e+04
3.270000000000000000e+02 1.091845233039740924e+04
3.280000000000000000e+02 1.096415523211189611e+04
3.290000000000000000e+02 1.103206836940939502e+04
3.300000000000000000e+02 1.109773831145256736e+04
3.310000000000000000e+02 1.116942409247933574e+04
3.320000000000000000e+02 1.118292810951409956e+04
3.330000000000000000e+02 1.120991501165858244e+04
3.340000000000000000e+02 1.119469875514379601e+04
3.350000000000000000e+02 1.120913108873776400e+04
3.360000000000000000e+02 1.122459675171651907e+04
3.370000000000000000e+02 1.124865794722659484e+04
3.380000000000000000e+02 1.128987704942851633e+04
3.390000000000000000e+02 1.137546024351241613e+04
3.400000000000000000e+02 1.144060311250619816e+04
3.410000000000000000e+02 1.148099894520252383e+04
3.420000000000000000e+02 1.155286361290294735e+04
3.430000000000000000e+02 1.166841816516937979e+04
3.440000000000000000e+02 1.165401410256309282e+04
3.450000000000000000e+02 1.169762916423760544e+04
3.460000000000000000e+02 1.173274745374908707e+04
3.470000000000000000e+02 1.179835850101988945e+04
3.480000000000000000e+02 1.187667382196385552e+04
3.490000000000000000e+02 1.190516045210406082e+04
3.500000000000000000e+02 1.194683183648677732e+04
3.510000000000000000e+02 1.194004531989978932e+04
3.520000000000000000e+02 1.197813147476606355e+04
3.530000000000000000e+02 1.202005444960790010e+04
3.540000000000000000e+02 1.202763184266122698e+04
3.550000000000000000e+02 1.205783428811351041e+04
3.560000000000000000e+02 1.214220478341467606e+04
3.570000000000000000e+02 1.226321308269444307e+04
3.580000000000000000e+02 1.232319665835728301e+04
3.590000000000000000e+02 1.237557800531628345e+04
3.600000000000000000e+02 1.238467773948332069e+04
3.610000000000000000e+02 1.239000615604314044e+04
3.620000000000000000e+02 1.242346318654401693e+04
3.630000000000000000e+02 1.243269710046909859e+04
3.640000000000000000e+02 1.242821099581419003e+04
3.650000000000000000e+02 1.246945044482045523e+04
3.660000000000000000e+02 1.248558304019977004e+04
3.670000000000000000e+02 1.258574456146387274e+04
3.680000000000000000e+02 1.264426440976375488e+04
3.690000000000000000e+02 1.270489781156550634e+04
3.700000000000000000e+02 1.278899698339676434e+04
3.710000000000000000e+02 1.292107334421391170e+04
3.720000000000000000e+02 1.297362140697905124e+04
3.730000000000000000e+02 1.305126719292727648e+04
3.740000000000000000e+02 1.311824943077880016e+04
3.750000000000000000e+02 1.317188525518810093e+04
3.760000000000000000e+02 1.322473195009874144e+04
3.770000000000000000e+02 1.333009217821949642e+04
3.780000000000000000e+02 1.337112149768372910e+04
3.790000000000000000e+02 1.338639560450418503e+04
3.800000000000000000e+02 1.342290131405086686e+04
3.810000000000000000e+02 1.343407949780510717e+04
3.820000000000000000e+02 1.345335080655344791e+04
3.830000000000000000e+02 1.350967781345827643e+04
3.840000000000000000e+02 1.352449747186299282e+04
3.850000000000000000e+02 1.359460602245983864e+04
3.860000000000000000e+02 1.366695256212578352e+04
3.870000000000000000e+02 1.371238023424182393e+04
3.880000000000000000e+02 1.377290823614758847e+04
3.890000000000000000e+02 1.380890847864803072e+04
3.900000000000000000e+02 1.381517720788910810e+04
3.910000000000000000e+02 1.386062905776997832e+04
3.920000000000000000e+02 1.389765890504569688e+04
3.930000000000000000e+02 1.389321588745798726e+04
3.940000000000000000e+02 1.394941444717196828e+04
3.950000000000000000e+02 1.399300234581121003e+04
3.960000000000000000e+02 1.405227318925130930e+04
3.970000000000000000e+02 1.412250457388812174e+04
3.980000000000000000e+02 1.417569591655992372e+04
3.990000000000000000e+02 1.425398146796685796e+04
4.000000000000000000e+02 1.432211326047351213e+04
4.010000000000000000e+02 1.439041528376144379e+04
4.020000000000000000e+02 1.443295816714459033e+04
4.030000000000000000e+02 1.443700808834078452e+04
4.040000000000000000e+02 1.447851007910469343e+04
4.050000000000000000e+02 1.451893402497608076e+04
4.060000000000000000e+02 1.457146007778975763e+04
4.070000000000000000e+02 1.459225978627621589e+04
4.080000000000000000e+02 1.460476653979003822e+04
4.090000000000000000e+02 1.467079218553288047e+04
4.100000000000000000e+02 1.477192831470954116e+04
4.110000000000000000e+02 1.482201153485941904e+04
4.120000000000000000e+02 1.491168437062484918e+04
4.130000000000000000e+02 1.495473985878840358e+04
4.140000000000000000e+02 1.501226977106716004e+04
4.150000000000000000e+02 1.501668033705550260e+04
4.160000000000000000e+02 1.505070394619686158e+04
4.170000000000000000e+02 1.507724531688331081e+04
4.180000000000000000e+02 1.514118664815189004e+04
4.190000000000000000e+02 1.521611154977603837e+04
4.200000000000000000e+02 1.528402376915025889e+04
4.210000000000000000e+02 1.530058082532457047e+04
4.220000000000000000e+02 1.533962596542087886e+04
4.230000000000000000e+02 1.535962064314255986e+04
4.240000000000000000e+02 1.545172208306024368e+04
4.250000000000000000e+02 1.546260086502293052e+04
4.260000000000000000e+02 1.550991496558166546e+04
4.270000000000000000e+02 1.557623161766417434e+04
4.280000000000000000e+02 1.561936447010578377e+04
4.290000000000000000e+02 1.565851816308241541e+04
4.300000000000000000e+02 1.570278314972703083e+04
4.310000000000000000e+02 1.574132672459037894e+04
4.320000000000000000e+02 1.582126650870008416e+04
4.330000000000000000e+02 1.586691010992689735e+04
4.340000000000000000e+02 1.587968925508758184e+04
4.350000000000000000e+02 1.590481097044687340e+04
4.360000000000000000e+02 1.593174028027216445e+04
4.370000000000000000e+02 1.596720646569349447e+04
4.380000000000000000e+02 1.600360803471063446e+04
4.390000000000000000e+02 1.602129873046848661e+04
4.400000000000000000e+02 1.605175624747416987e+04
4.410000000000000000e+02 1.608466120106997550e+04
4.420000000000000000e+02 1.611102947329150993e+04
4.430000000000000000e+02 1.621017977448462989e+04
4.440000000000000000e+02 1.627685875751927961e+04
4.450000000000000000e+02 1.628135670896431293e+04
4.460000000000000000e+02 1.630479727804870345e+04
4.470000000000000000e+02 1.633239695637750265e+04
4.480000000000000000e+02 1.636082467384109259e+04
4.490000000000000000e+02 1.643272314961570009e+04
4.500000000000000000e+02 1.653704138227895237e+04
4.510000000000000000e+02 1.657707641314606735e+04
4.520000000000000000e+02 1.664626150448303815e+04
4.530000000000000000e+02 1.673910697589817573e+04
4.540000000000000000e+02 1.680630473594598880e+04
4.550000000000000000e+02 1.687114530245428250e+04
4.560000000000000000e+02 1.688964002182755939e+04
4.570000000000000000e+02 1.690779545971693733e+04
4.580000000000000000e+02 1.697888309773990841e+04
4.590000000000000000e+02 1.700278095509851482e+04
4.600000000000000000e+02 1.702383602331553629e+04
4.610000000000000000e+02 1.713332705033891034e+04
4.620000000000000000e+02 1.719547489780470278e+04
4.630000000000000000e+02 1.722689211992137280e+04
4.640000000000000000e+02 1.734468145651277518e+04
4.650000000000000000e+02 1.740497763371576366e+04
4.660000000000000000e+02 1.747411110717899282e+04
4.670000000000000000e+02 1.748937899991346421e+04
4.680000000000000000e+02 1.743135086418111314e+04
4.690000000000000000e+02 1.744279813199281125e+04
4.700000000000000000e+02 1.747640622318845999e+04
4.710000000000000000e+02 1.751266427175113859e+04
4.720000000000000000e+02 1.751393291320471326e+04
4.730000000000000000e+02 1.758250947382331287e+04
4.740000000000000000e+02 1.768097232408785931e+04
4.750000000000000000e+02 1.772334037117921616e+04
4.760000000000000000e+02 1.776448577677763751e+04
4.770000000000000000e+02 1.780596208438480971e+04
4.780000000000000000e+02 1.782348142212483435e+04
4.790000000000000000e+02 1.789069265316157907e+04
4.800000000000000000e+02 1.798550962332930067e+04
4.810000000000000000e+02 1.805000912697787862e+04
4.820000000000000000e+02 1.811687003357526555e+04
4.830000000000000000e+02 1.810049071019417170e+04
4.840000000000000000e+02 1.816442170719083879e+04
4.850000000000000000e+02 1.821671336523744321e+04
4.860000000000000000e+02 1.823597672343738304e+04
4.870000000000000000e+02 1.829814211632137813e+04
4.880000000000000000e+02 1.841106149802276923e+04
4.890000000000000000e+02 1.845008173790210276e+04
4.900000000000000000e+02 1.844251671818986506e+04
4.910000000000000000e+02 1.846299887054056308e+04
4.920000000000000000e+02 1.854193976098085841e+04
4.930000000000000000e+02 1.854997769620608960e+04
4.940000000000000000e+02 1.861145988298860539e+04
4.950000000000000000e+02 1.867536514138403800e+04
4.960000000000000000e+02 1.877910944083477807e+04
4.970000000000000000e+02 1.892768955857593028e+04
4.980000000000000000e+02 1.899082315206223211e+04
4.990000000000000000e+02 1.900747165458491509e+04
5.000000000000000000e+02 1.902123786195933644e+04
5.010000000000000000e+02 1.908176278626760177e+04
5.020000000000000000e+02 1.908564232997418003e+04
5.030000000000000000e+02 1.915159438278854213e+04
5.040000000000000000e+02 1.921459402627393501e+04
5.050000000000000000e+02 1.922687506621288048e+04
5.060000000000000000e+02 1.923016355900746930e+04
5.070000000000000000e+02 1.929693651809426592e+04
5.080000000000000000e+02 1.934883392546134928e+04
5.090000000000000000e+02 1.939003793158661938e+04
5.100000000000000000e+02 1.945369410384297225e+04
5.110000000000000000e+02 1.947856492339010583e+04
5.120000000000000000e+02 1.944869686212692250e+04
5.130000000000000000e+02 1.947457009434083011e+04
5.140000000000000000e+02 1.955718697574845282e+04
5.150000000000000000e+02 1.961800869145921024e+04
5.160000000000000000e+02 1.967972121007492387e+04
5.170000000000000000e+02 1.970812444385783238e+04
5.180000000000000000e+02 1.975200877407516600e+04
5.190000000000000000e+02 1.976528734175650243e+04
5.200000000000000000e+02 1.988267516955566680e+04
5.210000000000000000e+02 1.998975860453515634e+04
5.220000000000000000e+02 1.999592765877293641e+04
5.230000000000000000e+02 2.006265394730626940e+04
5.240000000000000000e+02 2.008554387303081239e+04
5.250000000000000000e+02 2.016341439187146898e+04
5.260000000000000000e+02 2.026703847763425438e+04
5.270000000000000000e+02 2.032702436399528233e+04
5.280000000000000000e+02 2.045570291760950204e+04
5.290000000000000000e+02 2.062450226316132466e+04
5.300000000000000000e+02 2.070949834871780331e+04
5.310000000000000000e+02 2.078134721357043236e+04
5.320000000000000000e+02 2.086547579672367283e+04
5.330000000000000000e+02 2.090845752143615391e+04
5.340000000000000000e+02 2.098752212826623509e+04
5.350000000000000000e+02 2.100518675313029235e+04
5.360000000000000000e+02 2.103330905398618415e+04
5.370000000000000000e+02 2.106727999313910186e+04
5.380000000000000000e+02 2.105179196056058936e+04
5.390000000000000000e+02 2.105388332311104386e+04
5.400000000000000000e+02 2.110526144389618275e+04
5.410000000000000000e+02 2.103188285973546226e+04
5.420000000000000000e+02 2.097268082544312711e+04
5.430000000000000000e+02 2.105763270681531867e+04
5.440000000000000000e+02 2.111674241107371199e+04
5.450000000000000000e+02 2.111978393744086861e+04
5.460000000000000000e+02 2.108133925363620438e+04
5.470000000000000000e+02 2.108981157234022976e+04
5.480000000000000000e+02 2.105189793614449809e+04
5.490000000000000000e+02 2.101801357468066271e+04
5.500000000000000000e+02 2.106741511236794395e+04
5.510000000000000000e+02 2.111646763512692633e+04
5.520000000000000000e+02 2.117891107614264183e+04
5.530000000000000000e+02 2.114434573425449344e+04
5.540000000000000000e+02 2.121350440005253404e+04
5.550000000000000000e+02 2.123212632426093114e+04
5.560000000000000000e+02 2.133387529246703707e+04
5.570000000000000000e+02 2.143852540638694336e+04
5.580000000000000000e+02 2.151850868630946934e+04
5.590000000000000000e+02 2.165503793139482150e+04
5.600000000000000000e+02 2.176392975359689444e+04
5.610000000000000000e+02 2.180970030934056558e+04
5.620000000000000000e+02 2.184334122443393426e+04
5.630000000000000000e+02 2.179034517130680251e+04
5.640000000000000000e+02 2.180233551422012169e+04
5.650000000000000000e+02 2.181140343233328531e+04
5.660000000000000000e+02 2.185255098527870359e+04
5.670000000000000000e+02 2.183136674406000748e+04
5.680000000000000000e+02 2.183742935441446025e+04
5.690000000000000000e+02 2.183168771832335551e+04
5.700000000000000000e+02 2.186764332812590510e+04
5.710000000000000000e+02 2.190730352784992283e+04
5.720000000000000000e+02 2.195400242215421531e+04
5.730000000000000000e+02 2.201675791329985805e+04
5.740000000000000000e+02 2.212511560486782037e+04
5.750000000000000000e+02 2.218119434132568858e+04
5.760000000000000000e+02 2.218728102881005907e+04
5.770000000000000000e+02 2.220451367390793530e+04
5.780000000000000000e+02 2.221299664598276649e+04
5.790000000000000000e+02 2.222902127640811523e+04
5.800000000000000000e+02 2.226392146386999593e+04
5.810000000000000000e+02 2.229260802982249515e+04
5.820000000000000000e+02 2.233453476138898623e+04
5.830000000000000000e+02 2.242478003170704687e+04
5.840000000000000000e+02 2.245322403882696381e+04
5.850000000000000000e+02 2.250557401994637985e+04
5.860000000000000000e+02 2.255507431106952572e+04
5.870000000000000000e+02 2.259462315814170506e+04
5.880000000000000000e+02 2.263945133718193392e+04
5.890000000000000000e+02 2.268780318233933576e+04
5.900000000000000000e+02 2.261685611179815533e+04
5.910000000000000000e+02 2.258561114672599433e+04
5.920000000000000000e+02 2.255011118473503666e+04
5.930000000000000000e+02 2.251013196420228996e+04
5.940000000000000000e+02 2.252548592684275354e+04
5.950000000000000000e+02 2.263752817888875506e+04
5.960000000000000000e+02 2.270056520801270381e+04
5.970000000000000000e+02 2.274155383432903545e+04
5.980000000000000000e+02 2.276621369780818713e+04
5.990000000000000000e+02 2.283163682938171769e+04
6.000000000000000000e+02 2.283914844617348353e+04
6.010000000000000000e+02 2.291230008261405601e+04
6.020000000000000000e+02 2.299087818015697121e+04
6.030000000000000000e+02 2.310074395977437234e+04
6.040000000000000000e+02 2.322543588177544370e+04
6.050000000000000000e+02 2.329622888003264234e+04
6.060000000000000000e+02 2.334258620408858769e+04
6.070000000000000000e+02 2.341449258608018863e+04
6.080000000000000000e+02 2.344902468534953732e+04
6.090000000000000000e+02 2.354448844238439415e+04
6.100000000000000000e+02 2.369069141406295239e+04
6.110000000000000000e+02 2.377422461829130771e+04
6.120000000000000000e+02 2.385315719306055689e+04
6.130000000000000000e+02 2.389314028554917968e+04
6.140000000000000000e+02 2.390512115603311395e+04
6.150000000000000000e+02 2.394321403033108800e+04
6.160000000000000000e+02 2.387555176871826188e+04
6.170000000000000000e+02 2.385544859736559374e+04
6.180000000000000000e+02 2.389574984643239077e+04
6.190000000000000000e+02 2.395929843925980458e+04
6.200000000000000000e+02 2.402983668613462578e+04
6.210000000000000000e+02 2.405408356782624105e+04
6.220000000000000000e+02 2.412917827921825665e+04
6.230000000000000000e+02 2.418260422475433734e+04
6.240000000000000000e+02 2.415120604783446106e+04
6.250000000000000000e+02 2.421924452439896413e+04
6.260000000000000000e+02 2.423602764618076253e+04
6.270000000000000000e+02 2.424680587397078489e+04
6.280000000000000000e+02 2.430457053100507255e+04
6.290000000000000000e+02 2.441381458937043863e+04
6.300000000000000000e+02 2.447689098686135549e+04
6.310000000000000000e+02 2.450988849604390271e+04
6.320000000000000000e+02 2.453685993528229665e+04
6.330000000000000000e+02 2.457876998828658543e+04
6.340000000000000000e+02 2.462210363481619424e+04
6.350000000000000000e+02 2.465259112183986508e+04
6.360000000000000000e+02 2.469987164937712078e+04
6.370000000000000000e+02 2.473915484843938611e+04
6.380000000000000000e+02 2.477340760190569563e+04
6.390000000000000000e+02 2.483668242051135167e+04
6.400000000000000000e+02 2.491772047046302032e+04
6.410000000000000000e+02 2.497229770159694817e+04
6.420000000000000000e+02 2.501794452800250292e+04
6.430000000000000000e+02 2.503720852575312892e+04
6.440000000000000000e+02 2.506322306087881952e+04
6.450000000000000000e+02 2.502692183915157148e+04
6.460000000000000000e+02 2.509030183732463411e+04
6.470000000000000000e+02 2.512983860616413222e+04
6.480000000000000000e+02 2.523376725426092526e+04
6.490000000000000000e+02 2.534721761832929042e+04
6.500000000000000000e+02 2.541071016690085889e+04
6.510000000000000000e+02 2.551018767199579088e+04
6.520000000000000000e+02 2.558244940779128228e+04
6.530000000000000000e+02 2.556840114158012511e+04
6.540000000000000000e+02 2.559521612767642364e+04
6.550000000000000000e+02 2.571940846562776642e+04
6.560000000000000000e+02 2.584439873559696571e+04
6.570000000000000000e+02 2.588537156705613597e+04
6.580000000000000000e+02 2.593841233744662168e+04
6.590000000000000000e+02 2.601228191154992965e+04
6.600000000000000000e+02 2.608259719553692412e+04
6.610000000000000000e+02 2.610960876348268721e+04
6.620000000000000000e+02 2.615727581541273685e+04
6.630000000000000000e+02 2.627243638758334782e+04
6.640000000000000000e+02 2.632810725410687155e+04
6.650000000000000000e+02 2.630683662710665158e+04
6.660000000000000000e+02 2.625938091750230524e+04
6.670000000000000000e+02 2.631821827462331203e+04
6.680000000000000000e+02 2.630614952180981345e+04
6.690000000000000000e+02 2.638463213076434113e+04
6.700000000000000000e+02 2.646658651399721202e+04
6.710000000000000000e+02 2.647176194941615177e+04
6.720000000000000000e+02 2.650363904781138990e+04
6.730000000000000000e+02 2.655133469347864229e+04
6.740000000000000000e+02 2.650862908178384896e+04
6.750000000000000000e+02 2.657586141508989749e+04
6.760000000000000000e+02 2.664719238904759550e+04
6.770000000000000000e+02 2.670953470688117886e+04
6.780000000000000000e+02 2.673226168168381992e+04
6.790000000000000000e+02 2.678119137035012318e+04
6.800000000000000000e+02 2.685995730724337773e+04
6.810000000000000000e+02 2.692748094787165610e+04
6.820000000000000000e+02 2.702019327678168702e+04
6.830000000000000000e+02 2.712797127079678830e+04
6.840000000000000000e+02 2.720459522038198338e+04
6.850000000000000000e+02 2.723072710309696049e+04
6.860000000000000000e+02 2.730319813142930434e+04
6.870000000000000000e+02 2.729324653135828339e+04
6.880000000000000000e+02 2.738028357289128326e+04
6.890000000000000000e+02 2.748540263550225063e+04
6.900000000000000000e+02 2.752105041357548907e+04
6.910000000000000000e+02 2.756219441691521934e+04
6.920000000000000000e+02 2.756644569633464926e+04
6.930000000000000000e+02 2.758243304543754130e+04
6.940000000000000000e+02 2.758933973852829513e+04
6.950000000000000000e+02 2.763817703539040303e+04
6.960000000000000000e+02 2.766481815416589598e+04
6.970000000000000000e+02 2.764610436008253237e+04
6.980000000000000000e+02 2.769425862639390107e+04
6.990000000000000000e+02 2.780840805133484537e+04
7.000000000000000000e+02 2.779375811093246375e+04
7.010000000000000000e+02 2.781364576892162950e+04
7.020000000000000000e+02 2.777463361448872456e+04
7.030000000000000000e+02 2.784467076865586569e+04
7.040000000000000000e+02 2.789202688852386564e+04
7.050000000000000000e+02 2.790601473030154739e+04
7.060000000000000000e+02 2.793722864422214116e+04
7.070000000000000000e+02 2.797168069441764237e+04
7.080000000000000000e+02 2.805552525775140384e+04
7.090000000000000000e+02 2.807863241116773861e+04
7.100000000000000000e+02 2.804670953970248593e+04
7.110000000000000000e+02 2.809796744410106476e+04
7.120000000000000000e+02 2.816602689644874044e+04
7.130000000000000000e+02 2.819895512803430756e+04
7.140000000000000000e+02 2.833822100265422705e+04
7.150000000000000000e+02 2.839569698239998979e+04
7.160000000000000000e+02 2.844088250666452950e+04
7.170000000000000000e+02 2.847721281977573744e+04
7.180000000000000000e+02 2.848376525613609192e+04
7.190000000000000000e+02 2.851276567915222040e+04
7.200000000000000000e+02 2.853062630999300745e+04
7.210000000000000000e+02 2.854754093430846115e+04
7.220000000000000000e+02 2.858166941958674579e+04
7.230000000000000000e+02 2.864889077323239326e+04
7.240000000000000000e+02 2.882618254883155168e+04
7.250000000000000000e+02 2.884290435320297547e+04
7.260000000000000000e+02 2.887288094783860652e+04
7.270000000000000000e+02 2.891739231266039860e+04
7.280000000000000000e+02 2.900047972800272328e+04
7.290000000000000000e+02 2.901355387549215084e+04
7.300000000000000000e+02 2.914838418044234277e+04
7.310000000000000000e+02 2.919871208570796807e+04
7.320000000000000000e+02 2.918834547818198189e+04
7.330000000000000000e+02 2.920072756340207343e+04
7.340000000000000000e+02 2.928805464789648977e+04
7.350000000000000000e+02 2.936591040734863782e+04
7.360000000000000000e+02 2.942442435041534191e+04
7.370000000000000000e+02 2.939755477210126628e+04
7.380000000000000000e+02 2.939137568353799361e+04
7.390000000000000000e+02 2.942235759802382745e+04
7.400000000000000000e+02 2.950391051485773642e+04
7.410000000000000000e+02 2.956629598344330589e+04
7.420000000000000000e+02 2.959755196098201486e+04
7.430000000000000000e+02 2.963555895342725853e+04
7.440000000000000000e+02 2.970445787808740715e+04
7.450000000000000000e+02 2.973097925405979549e+04
7.460000000000000000e+02 2.978389977508023003e+04
7.470000000000000000e+02 2.981468148455370465e+04
7.480000000000000000e+02 2.983810419805264974e+04
7.490000000000000000e+02 2.985330326106427310e+04
7.500000000000000000e+02 2.987488777515788388e+04
7.510000000000000000e+02 2.996080476997843652e+04
7.520000000000000000e+02 3.011317019843394519e+04
7.530000000000000000e+02 3.019909354299524784e+04
7.540000000000000000e+02 3.019696338878447204e+04
7.550000000000000000e+02 3.019219709557825627e+04
7.560000000000000000e+02 3.017054928008859497e+04
7.570000000000000000e+02 3.019364399179716565e+04
7.580000000000000000e+02 3.028368064607286215e+04
7.590000000000000000e+02 3.040683449587597715e+04
7.600000000000000000e+02 3.049965940635202060e+04
7.610000000000000000e+02 3.049882042963438289e+04
7.620000000000000000e+02 3.057269142721913522e+04
7.630000000000000000e+02 3.061183656534870897e+04
7.640000000000000000e+02 3.066324758839395872e+04
7.650000000000000000e+02 3.077947612773013680e+04
7.660000000000000000e+02 3.085982325118952213e+04
7.670000000000000000e+02 3.087259865001848448e+04
7.680000000000000000e+02 3.092964894926482521e+04
7.690000000000000000e+02 3.094461659159337432e+04
7.700000000000000000e+02 3.095518620553801520e+04
7.710000000000000000e+02 3.096283945884505010e+04
7.720000000000000000e+02 3.103249397487301394e+04
7.730000000000000000e+02 3.100768343638479564e+04
7.740000000000000000e+02 3.103267882784538597e+04
7.750000000000000000e+02 3.110150879948104193e+04
7.760000000000000000e+02 3.106352063049671779e+04
7.770000000000000000e+02 3.110929842199160339e+04
7.780000000000000000e+02 3.117055624205325148e+04
7.790000000000000000e+02 3.124020224640169909e+04
7.800000000000000000e+02 3.120344597533278647e+04
7.810000000000000000e+02 3.120364386286558511e+04
7.820000000000000000e+02 3.117262107239910983e+04
7.830000000000000000e+02 3.118603126659848567e+04
7.840000000000000000e+02 3.129076356475290231e+04
7.850000000000000000e+02 3.130155998197256849e+04
7.860000000000000000e+02 3.135200598132889354e+04
7.870000000000000000e+02 3.144396549140239949e+04
7.880000000000000000e+02 3.149602307406320324e+04
7.890000000000000000e+02 3.151032904761735335e+04
7.900000000000000000e+02 3.152754030759442685e+04
7.910000000000000000e+02 3.157210332849375845e+04
7.920000000000000000e+02 3.158162651059456402e+04
7.930000000000000000e+02 3.161471848310037967e+04
7.940000000000000000e+02 3.163006423695253761e+04
7.950000000000000000e+02 3.170119401948827363e+04
7.960000000000000000e+02 3.176810240507131311e+04
7.970000000000000000e+02 3.188118477909017747e+04
7.980000000000000000e+02 3.194879273600863962e+04
7.990000000000000000e+02 3.203636694300199815e+04
8.000000000000000000e+02 3.216882516442640554e+04
8.010000000000000000e+02 3.223946317475513933e+04
8.020000000000000000e+02 3.226898834500289013e+04
8.030000000000000000e+02 3.234257337294699391e+04
8.040000000000000000e+02 3.232935272423921924e+04
8.050000000000000000e+02 3.240108872196238008e+04
8.060000000000000000e+02 3.252673581600939724e+04
8.070000000000000000e+02 3.258963146341888205e+04
8.080000000000000000e+02 3.253149305458834715e+04
8.090000000000000000e+02 3.248635719615995185e+04
8.100000000000000000e+02 3.248672143167135073e+04
8.110000000000000000e+02 3.256423141944102099e+04
8.120000000000000000e+02 3.264199270005942162e+04
8.130000000000000000e+02 3.276439730425047674e+04
8.140000000000000000e+02 3.284160282832959638e+04
8.150000000000000000e+02 3.293495385659130261e+04
8.160000000000000000e+02 3.305095757784960733e+04
8.170000000000000000e+02 3.313771680532569735e+04
8.180000000000000000e+02 3.321619495710258343e+04
8.190000000000000000e+02 3.325324633754968090e+04
8.200000000000000000e+02 3.322865294240215735e+04
8.210000000000000000e+02 3.329035009181177884e+04
8.220000000000000000e+02 3.334633024947492231e+04
8.230000000000000000e+02 3.328760400730992842e+04
8.240000000000000000e+02 3.330600316143818054e+04
8.250000000000000000e+02 3.337499397211116593e+04
8.260000000000000000e+02 3.336367913009743643e+04
8.270000000000000000e+02 3.345237778234248981e+04
8.280000000000000000e+02 3.351768173086665047e+04
8.290000000000000000e+02 3.354109803701667988e+04
8.300000000000000000e+02 3.354973776267802896e+04
8.310000000000000000e+02 3.363167163281665125e+04
8.320000000000000000e+02 3.369303261941108212e+04
8.330000000000000000e+02 3.366786153887464752e+04
8.340000000000000000e+02 3.359870070202619536e+04
8.350000000000000000e+02 3.362120874168053706e+04
8.360000000000000000e+02 3.364915160735930112e+04
8.370000000000000000e+02 3.371943304097322107e+04
8.380000000000000000e+02 3.369865714351866336e+04
8.390000000000000000e+02 3.374790360931082250e+04
8.400000000000000000e+02 3.384198261970001477e+04
8.410000000000000000e+02 3.385754063864094496e+04
8.420000000000000000e+02 3.393721490835960867e+04
8.430000000000000000e+02 3.395155789565510349e+04
8.440000000000000000e+02 3.393217908917801833e+04
8.450000000000000000e+02 3.395539013488543424e+04
8.460000000000000000e+02 3.390560761246983748e+04
8.470000000000000000e+02 3.392108793401518051e+04
8.480000000000000000e+02 3.387691734519444435e+04
8.490000000000000000e+02 3.382235984986172116e+04
8.500000000000000000e+02 3.378956961742015847e+04
8.510000000000000000e+02 3.389769265031979739e+04
8.520000000000000000e+02 3.399810299509770994e+04
8.530000000000000000e+02 3.407367716800652124e+04
8.540000000000000000e+02 3.409698604083726241e+04
8.550000000000000000e+02 3.403620756583099865e+04
8.560000000000000000e+02 3.403925717033547699e+04
8.570000000000000000e+02 3.399444936930836411e+04
8.580000000000000000e+02 3.406409095806097321e+04
8.590000000000000000e+02 3.412164568869913637e+04
8.600000000000000000e+02 3.417449993176018324e+04
8.610000000000000000e+02 3.422173146667742549e+04
8.620000000000000000e+02 3.423102677914291417e+04
8.630000000000000000e+02 3.426888715916428191e+04
8.640000000000000000e+02 3.429461203161951562e+04
8.650000000000000000e+02 3.429243924687769322e+04
8.660000000000000000e+02 3.428148480890165956e+04
8.670000000000000000e+02 3.427705910087463417e+04
8.680000000000000000e+02 3.430523403368510481e+04
8.690000000000000000e+02 3.432859626625999226e+04
8.700000000000000000e+02 3.442684805461117503e+04
8.710000000000000000e+02 3.451983012926493393e+04
8.720000000000000000e+02 3.456153911716092989e+04
8.730000000000000000e+02 3.466014890035934513e+04
8.740000000000000000e+02 3.472113562793208257e+04
8.750000000000000000e+02 3.473153367914973205e+04
8.760000000000000000e+02 3.471815932181799144e+04
8.770000000000000000e+02 3.467848411544236296e+04
8.780000000000000000e+02 3.467290032256209815e+04
8.790000000000000000e+02 3.469811609844327177e+04
8.800000000000000000e+02 3.474017467619086528e+04
8.810000000000000000e+02 3.472458674123378296e+04
8.820000000000000000e+02 3.476631701071263524e+04
8.830000000000000000e+02 3.479054817661087145e+04
8.840000000000000000e+02 3.482198897035302070e+04
8.850000000000000000e+02 3.481761588219990517e+04
8.860000000000000000e+02 3.484239149024246581e+04
8.870000000000000000e+02 3.484985039364511613e+04
8.880000000000000000e+02 3.481372473939634801e+04
8.890000000000000000e+02 3.492370394197532733e+04
8.900000000000000000e+02 3.498361688355623482e+04
8.910000000000000000e+02 3.505864487580746936e+04
8.920000000000000000e+02 3.500713272386300378e+04
8.930000000000000000e+02 3.500425652785674902e+04
8.940000000000000000e+02 3.497344551407818653e+04
8.950000000000000000e+02 3.509181671354373248e+04
8.960000000000000000e+02 3.510668192468632333e+04
8.970000000000000000e+02 3.509792816665604914e+04
8.980000000000000000e+02 3.513373443842166307e+04
8.990000000000000000e+02 3.519845810461476503e+04
9.000000000000000000e+02 3.517472781386435963e+04
9.010000000000000000e+02 3.520103490979659546e+04
9.020000000000000000e+02 3.528679735215925757e+04
9.030000000000000000e+02 3.529974250249224133e+04
9.040000000000000000e+02 3.531237211900042166e+04
9.050000000000000000e+02 3.527943070127254032e+04
9.060000000000000000e+02 3.531296514384782495e+04
9.070000000000000000e+02 3.535654417570633814e+04
9.080000000000000000e+02 3.541217536052336072e+04
9.090000000000000000e+02 3.550427608155375492e+04
9.100000000000000000e+02 3.549429936424279003e+04
9.110000000000000000e+02 3.543930018907397607e+04
9.120000000000000000e+02 3.546794367300289014e+04
9.130000000000000000e+02 3.540493121420600801e+04
9.140000000000000000e+02 3.548647030816568440e+04
9.150000000000000000e+02 3.550723929078158835e+04
9.160000000000000000e+02 3.553942346460521367e+04
9.170000000000000000e+02 3.561863281207010732e+04
9.180000000000000000e+02 3.570844381244321266e+04
9.190000000000000000e+02 3.578078570144976402e+04
9.200000000000000000e+02 3.568124127111508278e+04
9.210000000000000000e+02 3.563015169003795745e+04
9.220000000000000000e+02 3.570268091772675689e+04
9.230000000000000000e+02 3.573036669002172130e+04
9.240000000000000000e+02 3.586602320291399519e+04
9.250000000000000000e+02 3.592135322414139955e+04
9.260000000000000000e+02 3.598778505252282048e+04
9.270000000000000000e+02 3.599770627726297243e+04
9.280000000000000000e+02 3.604051020939482260e+04
9.290000000000000000e+02 3.618936060897378047e+04
9.300000000000000000e+02 3.619313277661680331e+04
9.310000000000000000e+02 3.624704993112891680e+04
9.320000000000000000e+02 3.630557331183036149e+04
9.330000000000000000e+02 3.643552174779248890e+04
9.340000000000000000e+02 3.645170000365028682e+04
9.350000000000000000e+02 3.646056141667868360e+04
9.360000000000000000e+02 3.654952799855563353e+04
9.370000000000000000e+02 3.661280571891064756e+04
9.380000000000000000e+02 3.667777466391518828e+04
9.390000000000000000e+02 3.668372329495057784e+04
9.400000000000000000e+02 3.670023833509905671e+04
9.410000000000000000e+02 3.674873337362821621e+04
9.420000000000000000e+02 3.681900669941640808e+04
9.430000000000000000e+02 3.694883887353429600e+04
9.440000000000000000e+02 3.692666175788181135e+04
9.450000000000000000e+02 3.697524613622210018e+04
9.460000000000000000e+02 3.703538191845911206e+04
9.470000000000000000e+02 3.706726649191531760e+04
9.480000000000000000e+02 3.719419435601398436e+04
9.490000000000000000e+02 3.713925828855374857e+04
9.500000000000000000e+02 3.714675581838342623e+04
9.510000000000000000e+02 3.720984512100502616e+04
9.520000000000000000e+02 3.717335878976868116e+04
9.530000000000000000e+02 3.723908451855173917e+04
9.540000000000000000e+02 3.733070829049287568e+04
9.550000000000000000e+02 3.741783154227731575e+04
9.560000000000000000e+02 3.748328280746981909e+04
9.570000000000000000e+02 3.741369247467881360e+04
9.580000000000000000e+02 3.743637832112638716e+04
9.590000000000000000e+02 3.742335254953696131e+04
9.600000000000000000e+02 3.750370911120712117e+04
9.610000000000000000e+02 3.752311563769226632e+04
9.620000000000000000e+02 3.754295726188948902e+04
9.630000000000000000e+02 3.757664580676416517e+04
9.640000000000000000e+02 3.761563644257571286e+04
9.650000000000000000e+02 3.760506280927915213e+04
9.660000000000000000e+02 3.755004784311217372e+04
9.670000000000000000e+02 3.761941692932367732e+04
9.680000000000000000e+02 3.764023959485816158e+04
9.690000000000000000e+02 3.770006411466178542e+04
9.700000000000000000e+02 3.775137474187935732e+04
9.710000000000000000e+02 3.785335984747533075e+04
9.720000000000000000e+02 3.784946869681268436e+04
9.730000000000000000e+02 3.788718164349479775e+04
9.740000000000000000e+02 3.795758432008446835e+04
9.750000000000000000e+02 3.794214961825975479e+04
9.760000000000000000e+02 3.796195461860104842e+04
9.770000000000000000e+02 3.794163653858052567e+04
9.780000000000000000e+02 3.796767823373248393e+04
9.790000000000000000e+02 3.793472631848529272e+04
9.800000000000000000e+02 3.799028675077853404e+04
9.810000000000000000e+02 3.807084033763955085e+04
9.820000000000000000e+02 3.809519997478992445e+04
9.830000000000000000e+02 3.808721553888869676e+04
9.840000000000000000e+02 3.816099529946166149e+04
9.850000000000000000e+02 3.824280142180920666e+04
9.860000000000000000e+02 3.830026021801136812e+04
9.870000000000000000e+02 3.823652292094036238e+04
9.880000000000000000e+02 3.831487309543143783e+04
9.890000000000000000e+02 3.829449289979910827e+04
9.900000000000000000e+02 3.830476691334549105e+04
9.910000000000000000e+02 3.831162127031147247e+04
9.920000000000000000e+02 3.829888001499084203e+04
9.930000000000000000e+02 3.828989614449063811e+04
9.940000000000000000e+02 3.831182314625961590e+04
9.950000000000000000e+02 3.843746556403811701e+04
9.960000000000000000e+02 3.853764130546195520e+04
9.970000000000000000e+02 3.851292724850146624e+04
9.980000000000000000e+02 3.849139393528132496e+04
9.990000000000000000e+02 3.844257320896052261e+04
1.000000000000000000e+03 3.846704969971076935e+04
1.001000000000000000e+03 3.852990298198680102e+04
1.002000000000000000e+03 3.858774698027644627e+04
1.003000000000000000e+03 3.870585149414750776e+04
1.004000000000000000e+03 3.865760843905870570e+04
1.005000000000000000e+03 3.866839301406541927e+04
1.006000000000000000e+03 3.866606579456757026e+04
1.007000000000000000e+03 3.867730368348987395e+04
1.008000000000000000e+03 3.879857348523566179e+04
1.009000000000000000e+03 3.883502667746362567e+04
1.010000000000000000e+03 3.888198186090067611e+04
1.011000000000000000e+03 3.892463244342336111e+04
1.012000000000000000e+03 3.892926737347955350e+04
1.013000000000000000e+03 3.902016529315403750e+04
1.014000000000000000e+03 3.910196766176310484e+04
1.015000000000000000e+03 3.918452306484999281e+04
1.016000000000000000e+03 3.923384079075955378e+04
1.017000000000000000e+03 3.918921051557908504e+04
1.018000000000000000e+03 3.925293560286722641e+04
1.019000000000000000e+03 3.937684734857413423e+04
1.020000000000000000e+03 3.947052791636602342e+04
1.021000000000000000e+03 3.949549623378832621e+04
1.022000000000000000e+03 3.956467571332278021e+04
1.023000000000000000e+03 3.963576737293584301e+04
1.024000000000000000e+03 3.965182723937182163e+04
1.025000000000000000e+03 3.969728927917416877e+04
1.026000000000000000e+03 3.977499106091095746e+04
1.027000000000000000e+03 3.983575310957551847e+04
1.028000000000000000e+03 3.984663312451521779e+04
1.029000000000000000e+03 3.983099031968601048e+04
1.030000000000000000e+03 3.993454810339769028e+04
1.031000000000000000e+03 3.995546419908714597e+04
1.032000000000000000e+03 3.987803844699112960e+04
1.033000000000000000e+03 3.989672019151140557e+04
1.034000000000000000e+03 3.993480925465344626e+04
1.035000000000000000e+03 3.998400384516655322e+04
1.036000000000000000e+03 3.996986106325621222e+04
1.037000000000000000e+03 4.003146413649026363e+04
1.038000000000000000e+03 4.003168736077416543e+04
1.039000000000000000e+03 4.009371897572316084e+04
1.040000000000000000e+03 4.017724806836571952e+04
1.041000000000000000e+03 4.022678331798178260e+04
1.042000000000000000e+03 4.019758492231841228e+04
1.043000000000000000e+03 4.026850115123792784e+04
1.044000000000000000e+03 4.033290154564401746e+04
1.045000000000000000e+03 4.035560255375982524e+04
1.046000000000000000e+03 4.033900853710158117e+04
1.047000000000000000e+03 4.031957259655084636e+04
1.048000000000000000e+03 4.039433382699688082e+04
1.049000000000000000e+03 4.042008814117013389e+04
1.050000000000000000e+03 4.041540318946461775e+04
1.051000000000000000e+03 4.037024752750679181e+04
1.052000000000000000e+03 4.041399045376040158e+04
1.053000000000000000e+03 4.046018549293884280e+04
1.054000000000000000e+03 4.052501769357974990e+04
1.055000000000000000e+03 4.066774425530365988e+04
1.056000000000000000e+03 4.067462193202085473e+04
1.057000000000000000e+03 4.075325807071360032e+04
1.058000000000000000e+03 4.084424778138328111e+04
1.059000000000000000e+03 4.093240993012623949e+04
1.060000000000000000e+03 4.102164054536075855e+04
1.061000000000000000e+03 4.112942566811828874e+04
1.062000000000000000e+03 4.105889780079052434e+04
1.063000000000000000e+03 4.101683138615091593e+04
1.064000000000000000e+03 4.104243677958370972e+04
1.065000000000000000e+03 4.091228358245226264e+04
1.066000000000000000e+03 4.094003746852994664e+04
1.067000000000000000e+03 4.087491819169426890e+04
1.068000000000000000e+03 4.078912508064390568e+04
1.069000000000000000e+03 4.079939229435676680e+04
1.070000000000000000e+03 4.096576608082480379e+04
1.071000000000000000e+03 4.113616869894786214e+04
1.072000000000000000e+03 4.118528495385186397e+04
1.073000000000000000e+03 4.128969129442657868e+04
1.074000000000000000e+03 4.127102598890624358e+04
1.075000000000000000e+03 4.128423893601157033e+04
1.076000000000000000e+03 4.127856060805863672e+04
1.077000000000000000e+03 4.132003876752247743e+04
1.078000000000000000e+03 4.133377175834771333e+04
1.079000000000000000e+03 4.130268172726608464e+04
1.080000000000000000e+03 4.139573920437785273e+04
1.081000000000000000e+03 4.142876498596015153e+04
1.082000000000000000e+03 4.143104379905679525e+04
1.083000000000000000e+03 4.150476330809741194e+04
1.084000000000000000e+03 4.161282746309407958e+04
1.085000000000000000e+03 4.174269880380216637e+04
1.086000000000000000e+03 4.182385689638992335e+04
1.087000000000000000e+03 4.191755664852466725e+04
1.088000000000000000e+03 4.206288464661000762e+04
1.089000000000000000e+03 4.212624484848365682e+04
1.090000000000000000e+03 4.214831723398334725e+04
1.091000000000000000e+03 4.219934373861418862e+04
1.092000000000000000e+03 4.233565024092154636e+04
1.093000000000000000e+03 4.241160542221551441e+04
1.094000000000000000e+03 4.240413678298916784e+04
1.095000000000000000e+03 4.236692343994216208e+04
1.096000000000000000e+03 4.232870549624787964e+04
1.097000000000000000e+03 4.238759510298852547e+04
1.098000000000000000e+03 4.240842307639071078e+04
1.099000000000000000e+03 4.244641552322781354e+04
1.100000000000000000e+03 4.255731278676580405e+04
1.101000000000000000e+03 4.254182936421600607e+04
1.102000000000000000e+03 4.268110274366811791e+04
1.103000000000000000e+03 4.268661823970211117e+04
1.104000000000000000e+03 4.275488167673741555e+04
1.105000000000000000e+03 4.280298811717321951e+04
1.106000000000000000e+03 4.277017617093594163e+04
1.107000000000000000e+03 4.283070878840343357e+04
1.108000000000000000e+03 4.284776559616450686e+04
1.109000000000000000e+03 4.282574681378555397e+04
1.110000000000000000e+03 4.279217198541790276e+04
1.111000000000000000e+03 4.292545663503196556e+04
1.112000000000000000e+03 4.303713794633645011e+04
1.113000000000000000e+03 4.305219032255457569e+04
1.114000000000000000e+03 4.312362092666955868e+04
1.115000000000000000e+03 4.313775106191774103e+04
1.116000000000000000e+03 4.315916656272890395e+04
1.117000000000000000e+03 4.323185873622413055e+04
1.118000000000000000e+03 4.323444052761793864e+04
1.119000000000000000e+03 4.330735550961129047e+04
1.120000000000000000e+03 4.334301346472431760e+04
1.121000000000000000e+03 4.337525172947026294e+04
1.122000000000000000e+03 4.342537202768319548e+04
1.123000000000000000e+03 4.350767744779085479e+04
1.124000000000000000e+03 4.360911512433790631e+04
1.125000000000000000e+03 4.363897235054488556e+04
1.126000000000000000e+03 4.363827023468616244e+04
1.127000000000000000e+03 4.370390006424780586e+04
1.128000000000000000e+03 4.374378250482157455e+04
1.129000000000000000e+03 4.382975664950666396e+04
1.130000000000000000e+03 4.386280492513255740e+04
1.131000000000000000e+03 4.399252895602974604e+04
1.132000000000000000e+03 4.396675454827951762e+04
1.133000000000000000e+03 4.390528327553691634e+04
1.134000000000000000e+03 4.395728068908925343e+04
1.135000000000000000e+03 4.408158440420853003e+04
1.136000000000000000e+03 4.412160788740107091e+04
1.137000000000000000e+03 4.419650717900056770e+04
1.138000000000000000e+03 4.427872382231414667e+04
1.139000000000000000e+03 4.430579127269196033e+04
1.140000000000000000e+03 4.442110943416087684e+04
1.141000000000000000e+03 4.440785361302797537e+04
1.142000000000000000e+03 4.433753041790816496e+04
1.143000000000000000e+03 4.442642570318964135e+04
1.144000000000000000e+03 4.454730921897623193e+04
1.145000000000000000e+03 4.460129555566875206e+04
1.146000000000000000e+03 4.456749665308617114e+04
1.147000000000000000e+03 4.464649702780962980e+04
1.148000000000000000e+03 4.471021070986770792e+04
1.149000000000000000e+03 4.471909270639815077e+04
1.150000000000000000e+03 4.474539522466466588e+04
1.151000000000000000e+03 4.478471814812844241e+04
1.152000000000000000e+03 4.478427959503859165e+04
1.153000000000000000e+03 4.482006048925234063e+04
1.154000000000000000e+03 4.492870554696425825e+04
1.155000000000000000e+03 4.491406925431726268e+04
1.156000000000000000e+03 4.501321980031421845e+04
1.157000000000000000e+03 4.505996958471590915e+04
1.158000000000000000e+03 4.508904142922518076e+04
1.159000000000000000e+03 4.512383681080772658e+04
1.160000000000000000e+03 4.517877338316246460e+04
1.161000000000000000e+03 4.522437414715538034e+04
1.162000000000000000e+03 4.537327806864696322e+04
1.163000000000000000e+03 4.546804191507645010e+04
1.164000000000000000e+03 4.554935224731855851e+04
1.165000000000000000e+03 4.570233211467242654e+04
1.166000000000000000e+03 4.581152123241453228e+04
1.167000000000000000e+03 4.579114008620238019e+04
1.168000000000000000e+03 4.575859397010711109e+04
1.169000000000000000e+03 4.581172333723924385e+04
1.170000000000000000e+03 4.584540702727271128e+04
1.171000000000000000e+03 4.585241949144608952e+04
1.172000000000000000e+03 4.593707343072778895e+04
1.173000000000000000e+03 4.612704088548010623e+04
1.174000000000000000e+03 4.621014875875783764e+04
1.175000000000000000e+03 4.624773244286669797e+04
1.176000000000000000e+03 4.627778946328791062e+04
1.177000000000000000e+03 4.636694006098504178e+04
1.178000000000000000e+03 4.652227361444156122e+04
1.179000000000000000e+03 4.657962505370157305e+04
1.180000000000000000e+03 4.652998029032154591e+04
1.181000000000000000e+03 4.663030481773685460e+04
1.182000000000000000e+03 4.671924463263022335e+04
1.183000000000000000e+03 4.672783647001078498e+04
1.184000000000000000e+03 4.669720609734558093e+04
1.185000000000000000e+03 4.675688918461674621e+04
1.186000000000000000e+03 4.682820122202771745e+04
1.187000000000000000e+03 4.684931985586022347e+04
1.188000000000000000e+03 4.688209987148947403e+04
1.189000000000000000e+03 4.693320838162649306e+04
1.190000000000000000e+03 4.704801726838450850e+04
1.191000000000000000e+03 4.712495041550492897e+04
1.192000000000000000e+03 4.717657008331275574e+04
1.193000000000000000e+03 4.722397380550470552e+04
1.194000000000000000e+03 4.723006171053151775e+04
1.195000000000000000e+03 4.723870767490470462e+04
1.196000000000000000e+03 4.716689609490330622e+04
1.197000000000000000e+03 4.719981861286873027e+04
1.198000000000000000e+03 4.727817515893475502e+04
1.199000000000000000e+03 4.738510936647869676e+04
1.200000000000000000e+03 4.735024016340322123e+04
1.201000000000000000e+03 4.735132776224620466e+04
1.202000000000000000e+03 4.731555988589292247e+04
1.203000000000000000e+03 4.739718420008216344e+04
1.204000000000000000e+03 4.735254974763641803e+04
1.205000000000000000e+03 4.733700210863485700e+04
1.206000000000000000e+03 4.730084634100212133e+04
1.207000000000000000e+03 4.741722010323037102e+04
1.208000000000000000e+03 4.754262328822450945e+04
1.209000000000000000e+03 4.766768047879657388e+04
1.210000000000000000e+03 4.766502892697683274e+04
1.211000000000000000e+03 4.767944428210851038e+04
1.212000000000000000e+03 4.774489894588956668e+04
1.213000000000000000e+03 4.776002914662807598e+04
1.214000000000000000e+03 4.775966403583071951e+04
1.215000000000000000e+03 4.775894443725625752e+04
1.216000000000000000e+03 4.781583484777290869e+04
1.217000000000000000e+03 4.782537260194352712e+04
1.218000000000000000e+03 4.787894328767053230e+04
1.219000000000000000e+03 4.792689027276027628e+04
1.220000000000000000e+03 4.807409768756896665e+04
1.221000000000000000e+03 4.815440535908597667e+04
1.222000000000000000e+03 4.831534110835699539e+04
1.223000000000000000e+03 4.853221531733958545e+04
1.224000000000000000e+03 4.868735860496139503e+04
1.225000000000000000e+03 4.877527745291389147e+04
1.226000000000000000e+03 4.875702630516487989e+04
1.227000000000000000e+03 4.878400474723143998e+04
1.228000000000000000e+03 4.878513837423593213e+04
1.229000000000000000e+03 4.878042548906314187e+04
1.230000000000000000e+03 4.878566945024084998e+04
1.231000000000000000e+03 4.874805921637220308e+04
1.232000000000000000e+03 4.874888585324165615e+04
1.233000000000000000e+03 4.876246557130342990e+04
1.234000000000000000e+03 4.879862044956961472e+04
1.235000000000000000e+03 4.891258336813871574e+04
1.236000000000000000e+03 4.890357689153007959e+04
1.237000000000000000e+03 4.898440044029714772e+04
1.238000000000000000e+03 4.901542808584676823e+04
1.239000000000000000e+03 4.907822983521279093e+04
1.240000000000000000e+03 4.906692254872944613e+04
1.241000000000000000e+03 4.912619793025153922e+04
1.242000000000000000e+03 4.914727392211356346e+04
1.243000000000000000e+03 4.916533340652258630e+04
1.244000000000000000e+03 4.933268626575598319e+04
1.245000000000000000e+03 4.933032671468271292e+04
1.246000000000000000e+03 4.940133696285069163e+04
1.247000000000000000e+03 4.946514448180670297e+04
1.248000000000000000e+03 4.948724893423298636e+04
1.249000000000000000e+03 4.959146670878662553e+04
1.250000000000000000e+03 4.959106060390001949e+04
1.251000000000000000e+03 4.970969825463058805e+04
1.252000000000000000e+03 4.974511164548688248e+04
1.253000000000000000e+03 4.974506615335868992e+04
1.254000000000000000e+03 4.975896827257511904e+04
1.255000000000000000e+03 4.974761697710840235e+04
1.256000000000000000e+03 4.983697060862009675e+04
1.257000000000000000e+03 4.997042428186382313e+04
1.258000000000000000e+03 5.006775142547668656e+04
1.259000000000000000e+03 5.019889801093255664e+04
1.260000000000000000e+03 5.022785985034638725e+04
1.261000000000000000e+03 5.027348034479812486e+04
1.262000000000000000e+03 5.032860854834608472e+04
1.263000000000000000e+03 5.041300397280632751e+04
1.264000000000000000e+03 5.046537698711605481e+04
1.265000000000000000e+03 5.047620692036457331e+04
1.266000000000000000e+03 5.054826153099778458e+04
1.267000000000000000e+03 5.055402568621387036e+04
1.268000000000000000e+03 5.052246555429189902e+04
1.269000000000000000e+03 5.054981722634953621e+04
1.270000000000000000e+03 5.062308238517356222e+04
1.271000000000000000e+03 5.054303146611293050e+04
1.272000000000000000e+03 5.055574012426292757e+04
1.273000000000000000e+03 5.071281896658478217e+04
1.274000000000000000e+03 5.076588498474313383e+04
1.275000000000000000e+03 5.078944166431516351e+04
1.276000000000000000e+03 5.075158437041001162e+04
1.277000000000000000e+03 5.072464282486714364e+04
1.278000000000000000e+03 5.076426288445734099e+04
1.279000000000000000e+03 5.087190410388742748e+04
1.280000000000000000e+03 5.097413104173517786e+04
1.281000000000000000e+03 5.103177699889028736e+04
1.282000000000000000e+03 5.107708406327972625e+04
1.283000000000000000e+03 5.110815090383199276e+04
1.284000000000000000e+03 5.109318023872746562e+04
1.285000000000000000e+03 5.117885117319461278e+04
1.286000000000000000e+03 5.119434759765160561e+04
1.287000000000000000e+03 5.128469261527572962e+04
1.288000000000000000e+03 5.132233966852541926e+04
1.289000000000000000e+03 5.127136452779098181e+04
1.290000000000000000e+03 5.131051379217253270e+04
1.291000000000000000e+03 5.129180321146943606e+04
1.292000000000000000e+03 5.134752236143212940e+04
1.293000000000000000e+03 5.134995488595721690e+04
1.294000000000000000e+03 5.141732228525913524e+04
1.295000000000000000e+03 5.148835143281640194e+04
1.296000000000000000e+03 5.153931494532374927e+04
1.297000000000000000e+03 5.165679883690280258e+04
1.298000000000000000e+03 5.168693356034094177e+04
1.299000000000000000e+03 5.180148665730789071e+04
1.300000000000000000e+03 5.190945533259421063e+04
1.301000000000000000e+03 5.192916550311242463e+04
1.302000000000000000e+03 5.190121992589523870e+04
1.303000000000000000e+03 5.192123155025911547e+04
1.304000000000000000e+03 5.194839450191823562e+04
1.305000000000000000e+03 5.192214688644850685e+04
1.306000000000000000e+03 5.195451663776057103e+04
1.307000000000000000e+03 5.213866189258168015e+04
1.308000000000000000e+03 5.225303626369833364e+04
1.309000000000000000e+03 5.231103868238595896e+04
1.310000000000000000e+03 5.229698903697879723e+04
1.311000000000000000e+03 5.239838845319989196e+04
1.312000000000000000e+03 5.247885589063759107e+04
1.313000000000000000e+03 5.257878193583896791e+04
1.314000000000000000e+03 5.270592915317723964e+04
1.315000000000000000e+03 5.265535938592704042e+04
1.316000000000000000e+03 5.262709236403214163e+04
1.317000000000000000e+03 5.269959037252247799e+04
1.318000000000000000e+03 5.281426287963934010e+04
1.319000000000000000e+03 5.295120041098987713e+04
1.320000000000000000e+03 5.306090163905835652e+04
1.321000000000000000e+03 5.322624278194225190e+04
1.322000000000000000e+03 5.320477622131176031e+04
1.323000000000000000e+03 5.320606976802218560e+04
1.324000000000000000e+03 5.330142127443677600e+04
1.325000000000000000e+03 5.341511077507160371e+04
1.326000000000000000e+03 5.344852705120050814e+04
1.327000000000000000e+03 5.354781408600979194e+04
1.328000000000000000e+03 5.367843751352078107e+04
1.329000000000000000e+03 5.371488445342506020e+04
1.330000000000000000e+03 5.363939885023993702e+04
1.331000000000000000e+03 5.357452684053775010e+04
1.332000000000000000e+03 5.368229787639119604e+04
1.333000000000000000e+03 5.363203377039732004e+04
1.334000000000000000e+03 5.371861359567879845e+04
1.335000000000000000e+03 5.378124995198452962e+04
1.336000000000000000e+03 5.379518317648546508e+04
1.337000000000000000e+03 5.383367565336042026e+04
1.338000000000000000e+03 5.393048145352326537e+04
1.339000000000000000e+03 5.405757743792324618e+04
1.340000000000000000e+03 5.415208373351825867e+04
1.341000000000000000e+03 5.415416348643624951e+04
1.342000000000000000e+03 5.416402410027223232e+04
1.343000000000000000e+03 5.423054300481408427e+04
1.344000000000000000e+03 5.425794391836290015e+04
1.345000000000000000e+03 5.429818538108063512e+04
1.346000000000000000e+03 5.435788713414441008e+04
1.347000000000000000e+03 5.440801614736076590e+04
1.348000000000000000e+03 5.447623991557826230e+04
1.349000000000000000e+03 5.444609051059789635e+04
1.350000000000000000e+03 5.452835273164587852e+04
1.351000000000000000e+03 5.456852989897372754e+04
1.352000000000000000e+03 5.454481438837238966e+04
1.353000000000000000e+03 5.451787197836890118e+04
1.354000000000000000e+03 5.450748542053973506e+04
1.355000000000000000e+03 5.451869655137968948e+04
1.356000000000000000e+03 5.448097097114932694e+04
1.357000000000000000e+03 5.451574437497488543e+04
1.358000000000000000e+03 5.459593175194550713e+04
1.359000000000000000e+03 5.460238435145336553e+04
1.360000000000000000e+03 5.463965831996290217e+04
1.361000000000000000e+03 5.487215425262226927e+04
1.362000000000000000e+03 5.495661042964721855e+04
1.363000000000000000e+03 5.497046844164375216e+04
1.364000000000000000e+03 5.505254990997384448e+04
1.365000000000000000e+03 5.505994529831896216e+04
1.366000000000000000e+03 5.511699141825410334e+04
1.367000000000000000e+03 5.513568889830369153e+04
1.368000000000000000e+03 5.516310174777464999e+04
1.369000000000000000e+03 5.517121124372307531e+04
1.370000000000000000e+03 5.524202490172559192e+04
1.371000000000000000e+03 5.533377454183345981e+04
1.372000000000000000e+03 5.537528010995528166e+04
1.373000000000000000e+03 5.546264113472907775e+04
1.374000000000000000e+03 5.546761428612557211e+04
1.375000000000000000e+03 5.547808093832014129e+04
1.376000000000000000e+03 5.547516930900527223e+04
1.377000000000000000e+03 5.548366382938711467e+04
1.378000000000000000e+03 5.566375207830050203e+04
1.379000000000000000e+03 5.568004271336475358e+04
1.380000000000000000e+03 5.579002518018244155e+04
1.381000000000000000e+03 5.573790365407530771e+04
1.382000000000000000e+03 5.579248951700850012e+04
1.383000000000000000e+03 5.582668975168731413e+04
1.384000000000000000e+03 5.588562579737381748e+04
1.385000000000000000e+03 5.591746310009977606e+04
1.386000000000000000e+03 5.594246743693478493e+04
1.387000000000000000e+03 5.597545500150044973e+04
1.388000000000000000e+03 5.598659517844928632e+04
1.389000000000000000e+03 5.602659077844161220e+04
1.390000000000000000e+03 5.616934669908121577e+04
1.391000000000000000e+03 5.615516700785224384e+04
1.392000000000000000e+03 5.617895080744157167e+04
1.393000000000000000e+03 5.618103777705670655e+04
1.394000000000000000e+03 5.619041894567130657e+04
1.395000000000000000e+03 5.618951659841572109e+04
1.396000000000000000e+03 5.621916180119068304e+04
1.397000000000000000e+03 5.627319582192821690e+04
1.398000000000000000e+03 5.630192456896935619e+04
1.399000000000000000e+03 5.626994194054750551e+04
1.400000000000000000e+03 5.620280392149513500e+04
1.401000000000000000e+03 5.622516184610109485e+04
1.402000000000000000e+03 5.624671253761040862e+04
1.403000000000000000e+03 5.628728509868953552e+04
1.404000000000000000e+03 5.639815928542654001e+04
1.405000000000000000e+03 5.643290760729272733e+04
1.406000000000000000e+03 5.645765113103833573e+04
1.407000000000000000e+03 5.648152594122535083e+04
1.408000000000000000e+03 5.655150303174946021e+04
1.409000000000000000e+03 5.658897723881631100e+04
1.410000000000000000e+03 5.660465338250220520e+04
1.411000000000000000e+03 5.660917216580275272e+04
1.412000000000000000e+03 5.663147069599910901e+04
1.413000000000000000e+03 5.663838235334646015e+04
1.414000000000000000e+03 5.658827599567642756e+04
1.415000000000000000e+03 5.661614885863336531e+04
1.416000000000000000e+03 5.676271476304597309e+04
1.417000000000000000e+03 5.684023866140488826e+04
1.418000000000000000e+03 5.686871947398896009e+04
1.419000000000000000e+03 5.693185328656082129e+04
1.420000000000000000e+03 5.701221628804290231e+04
1.421000000000000000e+03 5.698191182992266840e+04
1.422000000000000000e+03 5.705066765681664401e+04
1.423000000000000000e+03 5.720281592602570890e+04
1.424000000000000000e+03 5.734567637068608019e+04
1.425000000000000000e+03 5.738867080061960587e+04
1.426000000000000000e+03 5.732402737595704821e+04
1.427000000000000000e+03 5.732794270323329692e+04
1.428000000000000000e+03 5.730723824372314994e+04
1.429000000000000000e+03 5.736375668602093356e+04
1.430000000000000000e+03 5.735674364919804793e+04
1.431000000000000000e+03 5.731206082579957729e+04
1.432000000000000000e+03 5.731302971699465706e+04
1.433000000000000000e+03 5.726864184911590564e+04
1.434000000000000000e+03 5.725463004021354573e+04
1.435000000000000000e+03 5.726322300954038656e+04
1.436000000000000000e+03 5.724952493770907313e+04
1.437000000000000000e+03 5.719308533155433543e+04
1.438000000000000000e+03 5.727895504447964777e+04
1.439000000000000000e+03 5.727748949956670549e+04
1.440000000000000000e+03 5.740824977845466492e+04
1.441000000000000000e+03 5.739327649468882009e+04
1.442000000000000000e+03 5.748317742372867360e+04
1.443000000000000000e+03 5.750659631835331675e+04
1.444000000000000000e+03 5.751399055964262516e+04
1.445000000000000000e+03 5.762854687668976840e+04
1.446000000000000000e+03 5.764060411443556222e+04
1.447000000000000000e+03 5.756984778311034461e+04
1.448000000000000000e+03 5.761972435149113153e+04
1.449000000000000000e+03 5.774162930850384146e+04
1.450000000000000000e+03 5.782727582971085940e+04
1.451000000000000000e+03 5.791260851289530547e+04
1.452000000000000000e+03 5.795478300102492358e+04
1.453000000000000000e+03 5.793830358398857061e+04
1.454000000000000000e+03 5.805647655545912130e+04
1.455000000000000000e+03 5.812794651514573343e+04
1.456000000000000000e+03 5.815553888808207557e+04
1.457000000000000000e+03 5.818989075011032401e+04
1.458000000000000000e+03 5.812261156091451267e+04
1.459000000000000000e+03 5.821679796095169877e+04
1.460000000000000000e+03 5.833559162499758531e+04
1.461000000000000000e+03 5.832694303085552383e+04
1.462000000000000000e+03 5.841544009409310820e+04
1.463000000000000000e+03 5.845935540999392833e+04
1.464000000000000000e+03 5.844281669532076921e+04
1.465000000000000000e+03 5.847241610603693698e+04
1.466000000000000000e+03 5.853922981239336514e+04
1.467000000000000000e+03 5.859928390760357433e+04
1.468000000000000000e+03 5.857483922311975766e+04
1.469000000000000000e+03 5.860888534720078314e+04
1.470000000000000000e+03 5.866010246990198357e+04
1.471000000000000000e+03 5.871298803439820767e+04
1.472000000000000000e+03 5.879433063409831811e+04
1.473000000000000000e+03 5.877869801691039174e+04
1.474000000000000000e+03 5.881830188820517651e+04
1.475000000000000000e+03 5.879540682285086223e+04
1.476000000000000000e+03 5.883624115743931907e+04
1.477000000000000000e+03 5.881149341631824063e+04
1.478000000000000000e+03 5.873527700162259134e+04
1.479000000000000000e+03 5.869595674260973465e+04
1.480000000000000000e+03 5.862379714597190468e+04
1.481000000000000000e+03 5.869170668277014920e+04
1.482000000000000000e+03 5.875973785729424708e+04
1.483000000000000000e+03 5.879051995447812078e+04
1.484000000000000000e+03 5.888934063800017611e+04
1.485000000000000000e+03 5.896361080013210449e+04
1.486000000000000000e+03 5.906873886331459653e+04
1.487000000000000000e+03 5.912113197551317717e+04
1.488000000000000000e+03 5.911165611181990243e+04
1.489000000000000000e+03 5.912202590219442936e+04
1.490000000000000000e+03 5.917620059371811658e+04
1.491000000000000000e+03 5.931663628569171851e+04
1.492000000000000000e+03 5.933780914982717513e+04
1.493000000000000000e+03 5.940795770709906355e+04
1.494000000000000000e+03 5.940195548543574114e+04
1.495000000000000000e+03 5.942351908815529168e+04
1.496000000000000000e+03 5.949773983039839368e+04
1.497000000000000000e+03 5.953801814797289262e+04
1.498000000000000000e+03 5.948155965777490928e+04
1.499000000000000000e+03 5.962715507437907218e+04
1.500000000000000000e+03 5.959313141598130460e+04
1.501000000000000000e+03 5.963223189661579818e+04
1.502000000000000000e+03 5.969597488722860726e+04
1.503000000000000000e+03 5.969401514376682462e+04
1.504000000000000000e+03 5.969883922879349120e+04
1.505000000000000000e+03 5.973127032119171054e+04
1.506000000000000000e+03 5.978830644726024184e+04
1.507000000000000000e+03 5.975975620470561989e+04
1.508000000000000000e+03 5.976784737738937110e+04
1.509000000000000000e+03 5.985002603395566985e+04
1.510000000000000000e+03 5.979501853050964564e+04
1.511000000000000000e+03 5.977585733333099051e+04
1.512000000000000000e+03 5.988089446412333200e+04
1.513000000000000000e+03 5.988739916062910925e+04
1.514000000000000000e+03 5.998842111724897404e+04
1.515000000000000000e+03 6.007630896775247675e+04
1.516000000000000000e+03 6.005015420507531962e+04
1.517000000000000000e+03 6.014661558846916887e+04
1.518000000000000000e+03 6.018158851910407975e+04
1.519000000000000000e+03 6.025673239167914289e+04
1.520000000000000000e+03 6.021066750071285060e+04
1.521000000000000000e+03 6.022489101209813816e+04
1.522000000000000000e+03 6.015200968245400873e+04
1.523000000000000000e+03 6.009907958803024667e+04
1.524000000000000000e+03 6.002401442409803713e+04
1.525000000000000000e+03 5.997172892430424690e+04
1.526000000000000000e+03 5.990490228266027407e+04
1.527000000000000000e+03 5.995165792469395092e+04
1.528000000000000000e+03 6.010991292413938208e+04
1.529000000000000000e+03 6.017436917075973179e+04
1.530000000000000000e+03 6.012731324191188469e+04
1.531000000000000000e+03 6.018516304820633377e+04
1.532000000000000000e+03 6.016371888067826512e+04
1.533000000000000000e+03 6.013486500805630931e+04
1.534000000000000000e+03 6.005133161871435732e+04
1.535000000000000000e+03 6.015449344093249965e+04
1.536000000000000000e+03 6.023840815444192413e+04
1.537000000000000000e+03 6.030343282477354660e+04
1.538000000000000000e+03 6.028524970321306319e+04
1.539000000000000000e+03 6.032124091642843268e+04
1.540000000000000000e+03 6.028406428930956463e+04
1.541000000000000000e+03 6.039769624635780201e+04
1.542000000000000000e+03 6.044297066443164658e+04
1.543000000000000000e+03 6.049871937128488207e+04
1.544000000000000000e+03 6.062133073012556997e+04
1.545000000000000000e+03 6.062990072023170069e+04
1.546000000000000000e+03 6.067738722719122597e+04
1.547000000000000000e+03 6.069444807626911643e+04
1.548000000000000000e+03 6.075146057314157952e+04
1.549000000000000000e+03 6.084445673605226330e+04
1.550000000000000000e+03 6.095060881965972658e+04
1.551000000000000000e+03 6.106027949514564534e+04
1.552000000000000000e+03 6.117594160009767074e+04
1.553000000000000000e+03 6.121463790873371181e+04
1.554000000000000000e+03 6.118887661205487530e+04
1.555000000000000000e+03 6.128207566187498014e+04
1.556000000000000000e+03 6.132720233838087734e+04
1.557000000000000000e+03 6.140450281662767520e+04
1.558000000000000000e+03 6.133734841252874321e+04
1.559000000000000000e+03 6.133435900134479743e+04
1.560000000000000000e+03 6.142288852674467489e+04
1.561000000000000000e+03 6.156096202683333831e+04
1.562000000000000000e+03 6.164393408210173220e+04
1.563000000000000000e+03 6.166226233423081430e+04
1.564000000000000000e+03 6.177545600524636393e+04
1.565000000000000000e+03 6.175304857031401480e+04
1.566000000000000000e+03 6.165318677450344694e+04
1.567000000000000000e+03 6.170152767776411201e+04
1.568000000000000000e+03 6.179388615842790750e+04
1.569000000000000000e+03 6.184104447458723735e+04
1.570000000000000000e+03 6.183910775426999317e+04
1.571000000000000000e+03 6.181591299636656186e+04
1.572000000000000000e+03 6.190624265662446123e+04
1.573000000000000000e+03 6.192947370733787102e+04
1.574000000000000000e+03 6.190664830673699180e+04
1.575000000000000000e+03 6.192850662216446653e+04
1.576000000000000000e+03 6.205929638685919053e+04
1.577000000000000000e+03 6.213998427332958090e+04
1.578000000000000000e+03 6.216529562147989054e+04
1.579000000000000000e+03 6.204955734418495558e+04
1.580000000000000000e+03 6.209602741314953892e+04
1.581000000000000000e+03 6.234319401464125986e+04
1.582000000000000000e+03 6.245324703450619563e+04
1.583000000000000000e+03 6.255512944538220472e+04
1.584000000000000000e+03 6.252114101223889884e+04
1.585000000000000000e+03 6.256744932666561363e+04
1.586000000000000000e+03 6.261583552249807690e+04
1.587000000000000000e+03 6.278307117977014423e+04
1.588000000000000000e+03 6.290749302184183762e+04
1.589000000000000000e+03 6.299087613650568528e+04
1.590000000000000000e+03 6.306968797227745381e+04
1.591000000000000000e+03 6.321766186315438972e+04
1.592000000000000000e+03 6.330292793997443368e+04
1.593000000000000000e+03 6.325138522373486921e+04
1.594000000000000000e+03 6.327938840947742574e+04
1.595000000000000000e+03 6.337242241534198547e+04
1.596000000000000000e+03 6.346232924376488518e+04
1.597000000000000000e+03 6.345305963626154698e+04
1.598000000000000000e+03 6.353038132485406823e+04
1.599000000000000000e+03 6.349127418950376159e+04
1.600000000000000000e+03 6.347368453408021014e+04
1.601000000000000000e+03 6.346510420711161714e+04
1.602000000000000000e+03 6.348900501230045484e+04
1.603000000000000000e+03 6.360904321293675457e+04
1.604000000000000000e+03 6.357082062314885115e+04
1.605000000000000000e+03 6.352464737200535455e+04
1.606000000000000000e+03 6.366817897548148176e+04
1.607000000000000000e+03 6.374923314154946274e+04
1.608000000000000000e+03 6.379351280215119186e+04
1.609000000000000000e+03 6.384748785220776335e+04
1.610000000000000000e+03 6.398533881871346239e+04
1.611000000000000000e+03 6.409028986454962433e+04
1.612000000000000000e+03 6.417552693112882116e+04
1.613000000000000000e+03 6.423394250857839506e+04
1.614000000000000000e+03 6.430355571120137756e+04
1.615000000000000000e+03 6.431665274685764598e+04
1.616000000000000000e+03 6.426972226672205579e+04
1.617000000000000000e+03 6.424061896733278263e+04
1.618000000000000000e+03 6.434326770850460161e+04
1.619000000000000000e+03 6.434777033829809807e+04
1.620000000000000000e+03 6.434945700223264430e+04
1.621000000000000000e+03 6.428249176342244755e+04
1.622000000000000000e+03 6.428347907554287667e+04
1.623000000000000000e+03 6.425191032483649178e+04
1.624000000000000000e+03 6.432208282562413660e+04
1.625000000000000000e+03 6.443348178284984897e+04
1.626000000000000000e+03 6.456634018864387326e+04
1.627000000000000000e+03 6.452208097291268496e+04
1.628000000000000000e+03 6.454647553422600322e+04
1.629000000000000000e+03 6.456989625401439844e+04
1.630000000000000000e+03 6.461958332886052085e+04
1.631000000000000000e+03 6.463780579160974594e+04
1.632000000000000000e+03 6.467144142214796011e+04
1.633000000000000000e+03 6.469035393367682991e+04
1.634000000000000000e+03 6.473727585874223587e+04
1.635000000000000000e+03 6.467618109074511449e+04
1.636000000000000000e+03 6.463412583576105681e+04
1.637000000000000000e+03 6.469395994523402624e+04
1.638000000000000000e+03 6.473985282251248282e+04
1.639000000000000000e+03 6.479308749535207608e+04
1.640000000000000000e+03 6.487037229862094682e+04
1.641000000000000000e+03 6.492457139837907016e+04
1.642000000000000000e+03 6.500002972963552020e+04
1.643000000000000000e+03 6.502156157719776820e+04
1.644000000000000000e+03 6.503085756375532947e+04
1.645000000000000000e+03 6.496421924687091087e+04
1.646000000000000000e+03 6.493550998840245302e+04
1.647000000000000000e+03 6.501028008646387752e+04
1.648000000000000000e+03 6.509134005951743893e+04
1.649000000000000000e+03 6.516640616629972646e+04
1.650000000000000000e+03 6.518089349797717296e+04
1.651000000000000000e+03 6.522200701474585367e+04
1.652000000000000000e+03 6.517401269753969245e+04
1.653000000000000000e+03 6.511130195737407485e+04
1.654000000000000000e+03 6.513943288478573231e+04
1.655000000000000000e+03 6.512694211824720696e+04
1.656000000000000000e+03 6.530501297198100656e+04
1.657000000000000000e+03 6.543793150973969750e+04
1.658000000000000000e+03 6.549678684393875301e+04
1.659000000000000000e+03 6.549925063885257987e+04
1.660000000000000000e+03 6.562197189252584940e+04
1.661000000000000000e+03 6.570363312602564110e+04
1.662000000000000000e+03 6.573113347049980075e+04
1.663000000000000000e+03 6.578376242068265856e+04
1.664000000000000000e+03 6.589664474085289112e+04
1.665000000000000000e+03 6.592010671782129793e+04
1.666000000000000000e+03 6.598133663682517363e+04
1.667000000000000000e+03 6.602727142520732014e+04
1.668000000000000000e+03 6.595924051530928409e+04
1.669000000000000000e+03 6.602890074488281971e+04
1.670000000000000000e+03 6.624864366843258904e+04
1.671000000000000000e+03 6.645933541505092580e+04
1.672000000000000000e+03 6.648672886903124163e+04
1.673000000000000000e+03 6.653952544521489472e+04
1.674000000000000000e+03 6.669429167184320977e+04
1.675000000000000000e+03 6.671089898527620244e+04
1.676000000000000000e+03 6.680251614176537259e+04
1.677000000000000000e+03 6.691193111724502523e+04
1.678000000000000000e+03 6.676748175285442267e+04
1.679000000000000000e+03 6.679617593695796677e+04
1.680000000000000000e+03 6.683204278994529159e+04
1.681000000000000000e+03 6.686369500061724102e+04
1.682000000000000000e+03 6.680070230800310674e+04
1.683000000000000000e+03 6.691985979485920689e+04
1.684000000000000000e+03 6.704178261135827051e+04
1.685000000000000000e+03 6.712768808902001183e+04
1.686000000000000000e+03 6.721307979056537442e+04
1.687000000000000000e+03 6.722847912608903425e+04
1.688000000000000000e+03 6.716795882955692650e+04
1.689000000000000000e+03 6.718242908730125055e+04
1.690000000000000000e+03 6.713123702167016745e+04
1.691000000000000000e+03 6.715415359543150407e+04
1.692000000000000000e+03 6.721637312310637208e+04
1.693000000000000000e+03 6.726100988909405714e+04
1.694000000000000000e+03 6.726597855070675723e+04
1.695000000000000000e+03 6.744417433471558616e+04
1.696000000000000000e+03 6.740487284643780731e+04
1.697000000000000000e+03 6.736888847504579462e+04
1.698000000000000000e+03 6.739306530924589606e+04
1.699000000000000000e+03 6.751728788945166161e+04
1.700000000000000000e+03 6.755385705937969033e+04
1.701000000000000000e+03 6.770193576088946429e+04
1.702000000000000000e+03 6.768579991550206614e+04
1.703000000000000000e+03 6.761690546679109684e+04
1.704000000000000000e+03 6.762875521488775848e+04
1.705000000000000000e+03 6.786488919428471127e+04
1.706000000000000000e+03 6.793390048523868609e+04
1.707000000000000000e+03 6.788951968409678375e+04
1.708000000000000000e+03 6.785284089392151509e+04
1.709000000000000000e+03 6.789826688875695982e+04
1.710000000000000000e+03 6.807556009477657790e+04
1.711000000000000000e+03 6.817618634993641172e+04
1.712000000000000000e+03 6.819585005412581086e+04
1.713000000000000000e+03 6.818735210676159477e+04
1.714000000000000000e+03 6.818066460208645731e+04
1.715000000000000000e+03 6.817644645455495629e+04
1.716000000000000000e+03 6.810863983750305488e+04
1.717000000000000000e+03 6.804868568243103800e+04
1.718000000000000000e+03 6.792298781933181453e+04
1.719000000000000000e+03 6.794492584184202133e+04
1.720000000000000000e+03 6.805196820164994278e+04
1.721000000000000000e+03 6.805024178541528818e+04
1.722000000000000000e+03 6.812198992099137104e+04
1.723000000000000000e+03 6.814037177790910937e+04
1.724000000000000000e+03 6.807661627754913934e+04
1.725000000000000000e+03 6.811331535290104512e+04
1.726000000000000000e+03 6.808517435583611950e+04
1.727000000000000000e+03 6.819991706287478155e+04
1.728000000000000000e+03 6.824478035664993513e+04
1.729000000000000000e+03 6.839309282950426859e+04
1.730000000000000000e+03 6.843317167526420963e+04
1.731000000000000000e+03 6.842805314021138474e+04
1.732000000000000000e+03 6.848306437953760906e+04
1.733000000000000000e+03 6.850776074451413297e+04
1.734000000000000000e+03 6.854103406407956209e+04
1.735000000000000000e+03 6.856838637579890201e+04
1.736000000000000000e+03 6.856102207349610399e+04
1.737000000000000000e+03 6.862627133734608651e+04
1.738000000000000000e+03 6.864509058299385651e+04
1.739000000000000000e+03 6.869840120665325958e+04
1.740000000000000000e+03 6.880036921054960112e+04
1.741000000000000000e+03 6.883632522767230694e+04
1.742000000000000000e+03 6.889352828117273748e+04
1.743000000000000000e+03 6.888307552289508749e+04
1.744000000000000000e+03 6.886809182095456345e+04
1.745000000000000000e+03 6.894770089649541478e+04
1.746000000000000000e+03 6.900724170772662910e+04
1.747000000000000000e+03 6.895982712212881597e+04
1.748000000000000000e+03 6.897865785336682166e+04
1.749000000000000000e+03 6.898609404896055639e+04
1.750000000000000000e+03 6.900724784989039472e+04
1.751000000000000000e+03 6.906202539960385184e+04
1.752000000000000000e+03 6.910055050001532072e+04
1.753000000000000000e+03 6.923639252684188250e+04
1.754000000000000000e+03 6.937807520235716947e+04
1.755000000000000000e+03 6.947273902610140794e+04
1.756000000000000000e+03 6.950327458303119056e+04
1.757000000000000000e+03 6.957484454024204751e+04
1.758000000000000000e+03 6.974152877250513120e+04
1.759000000000000000e+03 6.982310484418527631e+04
1.760000000000000000e+03 6.985886420216073748e+04
1.761000000000000000e+03 6.990174739923881134e+04
1.762000000000000000e+03 6.984777700143004768e+04
1.763000000000000000e+03 6.983958409765924443e+04
1.764000000000000000e+03 6.994801371784105140e+04
1.765000000000000000e+03 7.001874269072762399e+04
1.766000000000000000e+03 7.007635134054794617e+04
1.767000000000000000e+03 7.019281703524313343e+04
1.768000000000000000e+03 7.023713828342701891e+04
1.769000000000000000e+03 7.036150231202800933e+04
1.770000000000000000e+03 7.043633841910561023e+04
1.771000000000000000e+03 7.039008032723871293e+04
1.772000000000000000e+03 7.042743907499742636e+04
1.773000000000000000e+03 7.047614616043060960e+04
1.774000000000000000e+03 7.044973636009551410e+04
1.775000000000000000e+03 7.049946061576357170e+04
1.776000000000000000e+03 7.044531982412851357e+04
1.777000000000000000e+03 7.043479936372688098e+04
1.778000000000000000e+03 7.037796127922949381e+04
1.779000000000000000e+03 7.039844964671367779e+04
1.780000000000000000e+03 7.048034259551292052e+04
1.781000000000000000e+03 7.050486194909470214e+04
1.782000000000000000e+03 7.070621001122570306e+04
1.783000000000000000e+03 7.085376724928469048e+04
1.784000000000000000e+03 7.084606313215465343e+04
1.785000000000000000e+03 7.091016437829729693e+04
1.786000000000000000e+03 7.090901402712271374e+04
1.787000000000000000e+03 7.084388796479630400e+04
1.788000000000000000e+03 7.084303291533698211e+04
1.789000000000000000e+03 7.090866596911210218e+04
1.790000000000000000e+03 7.101579430065643101e+04
1.791000000000000000e+03 7.097552415996394120e+04
1.792000000000000000e+03 7.098981952508215909e+04
1.793000000000000000e+03 7.100177010282242554e+04
1.794000000000000000e+03 7.101549035773143987e+04
1.795000000000000000e+03 7.095146732862062345e+04
1.796000000000000000e+03 7.083931609826136264e+04
1.797000000000000000e+03 7.095612147377704969e+04
1.798000000000000000e+03 7.101058521130928420e+04
1.799000000000000000e+03 7.109338376253731258e+04
1.800000000000000000e+03 7.123500972729119530e+04
1.801000000000000000e+03 7.132897112415824085e+04
1.802000000000000000e+03 7.142506556125565839e+04
1.803000000000000000e+03 7.154957084376430430e+04
1.804000000000000000e+03 7.158612366898011533e+04
1.805000000000000000e+03 7.162696284774941159e+04
1.806000000000000000e+03 7.167813635090093885e+04
1.807000000000000000e+03 7.173036118415805686e+04
1.808000000000000000e+03 7.190401490868283145e+04
1.809000000000000000e+03 7.196576317107339855e+04
1.810000000000000000e+03 7.198390226914423693e+04
1.811000000000000000e+03 7.199483598552382318e+04
1.812000000000000000e+03 7.199215257367533923e+04
1.813000000000000000e+03 7.200734609477671620e+04
1.814000000000000000e+03 7.195144394388032379e+04
1.815000000000000000e+03 7.196983831587377063e+04
1.816000000000000000e+03 7.205778383889741963e+04
1.817000000000000000e+03 7.218657263241846522e+04
1.818000000000000000e+03 7.218722239164363418e+04
1.819000000000000000e+03 7.218988577696778520e+04
1.820000000000000000e+03 7.214217202042472491e+04
1.821000000000000000e+03 7.223737017144949641e+04
1.822000000000000000e+03 7.227718154759056051e+04
1.823000000000000000e+03 7.240337019656581106e+04
1.824000000000000000e+03 7.247341114521739655e+04
1.825000000000000000e+03 7.239900816379510798e+04
1.826000000000000000e+03 7.243139519039299921e+04
1.827000000000000000e+03 7.236375458110772888e+04
1.828000000000000000e+03 7.234373880303905753e+04
1.829000000000000000e+03 7.249917860706859210e+04
1.830000000000000000e+03 7.250821807649938273e+04
1.831000000000000000e+03 7.257685679453423654e+04
1.832000000000000000e+03 7.264457188880897593e+04
1.833000000000000000e+03 7.277471443917708530e+04
1.834000000000000000e+03 7.273867318663507467e+04
1.835000000000000000e+03 7.263050826613436220e+04
1.836000000000000000e+03 7.261619918428504025e+04
1.837000000000000000e+03 7.272218361480883323e+04
1.838000000000000000e+03 7.276387753412628081e+04
1.839000000000000000e+03 7.290058877990787732e+04
1.840000000000000000e+03 7.284510252883132489e+04
1.841000000000000000e+03 7.283185969839167956e+04
1.842000000000000000e+03 7.277978193218889646e+04
1.843000000000000000e+03 7.280702183100570983e+04
1.844000000000000000e+03 7.280369879337270686e+04
1.845000000000000000e+03 7.278942467064886296e+04
1.846000000000000000e+03 7.289939718382857973e+04
1.847000000000000000e+03 7.298007186456136697e+04
1.848000000000000000e+03 7.293357723472514772e+04
1.849000000000000000e+03 7.293148679324597470e+04
1.850000000000000000e+03 7.295482502618234139e+04
1.851000000000000000e+03 7.297861089079731028e+04
1.852000000000000000e+03 7.323335582693769538e+04
1.853000000000000000e+03 7.330105047235553502e+04
1.854000000000000000e+03 7.329044404525020218e+04
1.855000000000000000e+03 7.330518594743772701e+04
1.856000000000000000e+03 7.342738736254167452e+04
1.857000000000000000e+03 7.356178705809584062e+04
1.858000000000000000e+03 7.360083790969228721e+04
1.859000000000000000e+03 7.366142766117442807e+04
1.860000000000000000e+03 7.382680176701668825e+04
1.861000000000000000e+03 7.385393631596126943e+04
1.862000000000000000e+03 7.390038211578002665e+04
1.863000000000000000e+03 7.396716648925737536e+04
1.864000000000000000e+03 7.408752798384813650e+04
1.865000000000000000e+03 7.415566844697034685e+04
1.866000000000000000e+03 7.412631621587270638e+04
1.867000000000000000e+03 7.408572503347245220e+04
1.868000000000000000e+03 7.404110246801647008e+04
1.869000000000000000e+03 7.411517749244641163e+04
1.870000000000000000e+03 7.410087157863730681e+04
1.871000000000000000e+03 7.426718126820560428e+04
1.872000000000000000e+03 7.438700569989961514e+04
1.873000000000000000e+03 7.444862753543689905e+04
1.874000000000000000e+03 7.448699577894096728e+04
1.875000000000000000e+03 7.449542426025203895e+04
1.876000000000000000e+03 7.453933518453838769e+04
1.877000000000000000e+03 7.458196163425430132e+04
1.878000000000000000e+03 7.452067455764501938e+04
1.879000000000000000e+03 7.448189717135726823e+04
1.880000000000000000e+03 7.445717953544542252e+04
1.881000000000000000e+03 7.443781304970882775e+04
1.882000000000000000e+03 7.439519115269040049e+04
1.883000000000000000e+03 7.448583057575639396e+04
1.884000000000000000e+03 7.457928988443956769e+04
1.885000000000000000e+03 7.460324510105396621e+04
1.886000000000000000e+03 7.476106744775496190e+04
1.887000000000000000e+03 7.471794115529158444e+04
1.888000000000000000e+03 7.475843719400477130e+04
1.889000000000000000e+03 7.489406168074543530e+04
1.890000000000000000e+03 7.487328548064525239e+04
1.891000000000000000e+03 7.479261581405244942e+04
1.892000000000000000e+03 7.483190289404262148e+04
1.893000000000000000e+03 7.489357996261813969e+04
1.894000000000000000e+03 7.491507107963702583e+04
1.895000000000000000e+03 7.500072174867198919e+04
1.896000000000000000e+03 7.506519052757596364e+04
1.897000000000000000e+03 7.500803817132013501e+04
1.898000000000000000e+03 7.518327845352436998e+04
1.899000000000000000e+03 7.528615669180233090e+04
1.900000000000000000e+03 7.524658175121422391e+04
1.901000000000000000e+03 7.524676326957455603e+04
1.902000000000000000e+03 7.531939065422111889e+04
1.903000000000000000e+03 7.535202164067466219e+04
1.904000000000000000e+03 7.540858239124667307e+04
1.905000000000000000e+03 7.542438924858470273e+04
1.906000000000000000e+03 7.532030171669011179e+04
1.907000000000000000e+03 7.531956229876127327e+04
1.908000000000000000e+03 7.544010174632321286e+04
1.909000000000000000e+03 7.539070434907171875e+04
1.910000000000000000e+03 7.544936262482266466e+04
1.911000000000000000e+03 7.553283700338460039e+04
1.912000000000000000e+03 7.570894315179945261e+04
1.913000000000000000e+03 7.582448831332493864e+04
1.914000000000000000e+03 7.576711475412479194e+04
1.915000000000000000e+03 7.587423998821919668e+04
1.916000000000000000e+03 7.589708366528179613e+04
1.917000000000000000e+03 7.603486280557169812e+04
1.918000000000000000e+03 7.613330015992101107e+04
1.919000000000000000e+03 7.618543109623562486e+04
1.920000000000000000e+03 7.631170991933777987e+04
1.921000000000000000e+03 7.627813360483708675e+04
1.922000000000000000e+03 7.640921872890165832e+04
1.923000000000000000e+03 7.639894829472117999e+04
1.924000000000000000e+03 7.634867645090690348e+04
1.925000000000000000e+03 7.647119699816234061e+04
1.926000000000000000e+03 7.656201247385193710e+04
1.927000000000000000e+03 7.662484274031897075e+04
1.928000000000000000e+03 7.669240354718630260e+04
1.929000000000000000e+03 7.670607926240521192e+04
1.930000000000000000e+03 7.675958378360849747e+04
1.931000000000000000e+03 7.687131998890657269e+04
1.932000000000000000e+03 7.697945250038155064e+04
1.933000000000000000e+03 7.703301397113289568e+04
1.934000000000000000e+03 7.707591413922203355e+04
1.935000000000000000e+03 7.703651590124933864e+04
1.936000000000000000e+03 7.706342039647733327e+04
1.937000000000000000e+03 7.704732816840508895e+04
1.938000000000000000e+03 7.702233875226278906e+04
1.939000000000000000e+03 7.692192009001541010e+04
1.940000000000000000e+03 7.700544363925443031e+04
1.941000000000000000e+03 7.701426046715849952e+04
1.942000000000000000e+03 7.706563259701069910e+04
1.943000000000000000e+03 7.710986133527649508e+04
1.944000000000000000e+03 7.702451402903605776e+04
1.945000000000000000e+03 7.703659110659816361e+04
1.946000000000000000e+03 7.707328442732812255e+04
1.947000000000000000e+03 7.708774369824181485e+04
1.948000000000000000e+03 7.715654212777274370e+04
1.949000000000000000e+03 7.735792556632508058e+04
1.950000000000000000e+03 7.746948795867689478e+04
1.951000000000000000e+03 7.741071457544808800e+04
1.952000000000000000e+03 7.743044479084496561e+04
1.953000000000000000e+03 7.751711172948821331e+04
1.954000000000000000e+03 7.757554458192967286e+04
1.955000000000000000e+03 7.755846350734504813e+04
1.956000000000000000e+03 7.750640724241966382e+04
1.957000000000000000e+03 7.759220212775998516e+04
1.958000000000000000e+03 7.755068561226269230e+04
1.959000000000000000e+03 7.766069947841925023e+04
1.960000000000000000e+03 7.775419525296032953e+04
1.961000000000000000e+03 7.792663096064441197e+04
1.962000000000000000e+03 7.788422991396670113e+04
1.963000000000000000e+03 7.780669943452467851e+04
1.964000000000000000e+03 7.772411044950368523e+04
1.965000000000000000e+03 7.763269420775622712e+04
1.966000000000000000e+03 7.769686605136492290e+04
1.967000000000000000e+03 7.781791651006504253e+04
1.968000000000000000e+03 7.786890625934247510e+04
1.969000000000000000e+03 7.794423524065306992e+04
1.970000000000000000e+03 7.804935728626833588e+04
1.971000000000000000e+03 7.806326609909185208e+04
1.972000000000000000e+03 7.807011117650072265e+04
1.973000000000000000e+03 7.822353883913045865e+04
1.974000000000000000e+03 7.828071486261434620e+04
1.975000000000000000e+03 7.828075214889286144e+04
1.976000000000000000e+03 7.819990352440747665e+04
1.977000000000000000e+03 7.824506395683866867e+04
1.978000000000000000e+03 7.834629764920032176e+04
1.979000000000000000e+03 7.848767724679117964e+04
1.980000000000000000e+03 7.846794003704703937e+04
1.981000000000000000e+03 7.846828941669302003e+04
1.982000000000000000e+03 7.843659547896606091e+04
1.983000000000000000e+03 7.851604125451752043e+04
1.984000000000000000e+03 7.847985463081260968e+04
1.985000000000000000e+03 7.859579086127583287e+04
1.986000000000000000e+03 7.865769381841005816e+04
1.987000000000000000e+03 7.859432384478827589e+04
1.988000000000000000e+03 7.858906312434820575e+04
1.989000000000000000e+03 7.868774055157486873e+04
1.990000000000000000e+03 7.867230938589092693e+04
1.991000000000000000e+03 7.873667748521531757e+04
1.992000000000000000e+03 7.886557599854090950e+04
1.993000000000000000e+03 7.894126331227175251e+04
1.994000000000000000e+03 7.899569649818837934e+04
1.995000000000000000e+03 7.895704448249380221e+04
1.996000000000000000e+03 7.896265204387645645e+04
1.997000000000000000e+03 7.896833892232445942e+04
1.998000000000000000e+03 7.905851313771273999e+04
1.999000000000000000e+03 7.900191023464208411e+04
2.000000000000000000e+03 7.892602944785446743e+04
2.001000000000000000e+03 7.900173617025773274e+04
2.002000000000000000e+03 7.904585653878431185e+04
2.003000000000000000e+03 7.920215014248329680e+04
2.004000000000000000e+03 7.918380266442950233e+04
2.005000000000000000e+03 7.907317633830351406e+04
2.006000000000000000e+03 7.918124261230578122e+04
2.007000000000000000e+03 7.921681323362611874e+04
2.008000000000000000e+03 7.930346855247227359e+04
2.009000000000000000e+03 7.941807594243228959e+04
2.010000000000000000e+03 7.944696556623608922e+04
2.011000000000000000e+03 7.959308041205968766e+04
2.012000000000000000e+03 7.966971575851443049e+04
2.013000000000000000e+03 7.967537818481755676e+04
2.014000000000000000e+03 7.968502682790877589e+04
2.015000000000000000e+03 7.968250720422246377e+04
2.016000000000000000e+03 7.969238313152811315e+04
2.017000000000000000e+03 7.978477276184022776e+04
2.018000000000000000e+03 7.984806400482502067e+04
2.019000000000000000e+03 7.988155139479470381e+04
2.020000000000000000e+03 7.995503306630814041e+04
2.021000000000000000e+03 7.997515603810366883e+04
2.022000000000000000e+03 8.001384282706701197e+04
2.023000000000000000e+03 8.006088166195619851e+04
2.024000000000000000e+03 8.007870766249325243e+04
2.025000000000000000e+03 8.006044090314670757e+04
2.026000000000000000e+03 8.000355244813457830e+04
2.027000000000000000e+03 8.011798995531040418e+04
2.028000000000000000e+03 8.011678364024734765e+04
2.029000000000000000e+03 8.010449021812330466e+04
2.030000000000000000e+03 8.012134568118074094e+04
2.031000000000000000e+03 8.013792631525475008e+04
2.032000000000000000e+03 8.015526697798189707e+04
2.033000000000000000e+03 8.021430828323381138e+04
2.034000000000000000e+03 8.034696509257041907e+04
2.035000000000000000e+03 8.035654142131475965e+04
2.036000000000000000e+03 8.046468356748287624e+04
2.037000000000000000e+03 8.041945589123618265e+04
2.038000000000000000e+03 8.047652805333543802e+04
2.039000000000000000e+03 8.055094477732304949e+04
2.040000000000000000e+03 8.049247213195702352e+04
2.041000000000000000e+03 8.047772520473074110e+04
2.042000000000000000e+03 8.041071414194311365e+04
2.043000000000000000e+03 8.035091700878241681e+04
2.044000000000000000e+03 8.028971891473569849e+04
2.045000000000000000e+03 8.026794285426965507e+04
2.046000000000000000e+03 8.034884239412828174e+04
2.047000000000000000e+03 8.049099545395377208e+04
2.048000000000000000e+03 8.054760250647220528e+04
2.049000000000000000e+03 8.055073125558556058e+04
2.050000000000000000e+03 8.066409928941384715e+04
2.051000000000000000e+03 8.067090056311184890e+04
2.052000000000000000e+03 8.072764176553860307e+04
2.053000000000000000e+03 8.081801202196776285e+04
2.054000000000000000e+03 8.103437352000524697e+04
2.055000000000000000e+03 8.094124599725962617e+04
2.056000000000000000e+03 8.092777867821573454e+04
2.057000000000000000e+03 8.093186026390454208e+04
2.058000000000000000e+03 8.107804710302170133e+04
2.059000000000000000e+03 8.117586722134330194e+04
2.060000000000000000e+03 8.116700079295644537e+04
2.061000000000000000e+03 8.110253318348631728e+04
2.062000000000000000e+03 8.099584914066617785e+04
2.063000000000000000e+03 8.109788099510787288e+04
2.064000000000000000e+03 8.116298626221342420e+04
2.065000000000000000e+03 8.126139924700242409e+04
2.066000000000000000e+03 8.116461872221493104e+04
2.067000000000000000e+03 8.117583356630410708e+04
2.068000000000000000e+03 8.129131646710952919e+04
2.069000000000000000e+03 8.122334375571629789e+04
2.070000000000000000e+03 8.125565123811062949e+04
2.071000000000000000e+03 8.133371931424934883e+04
2.072000000000000000e+03 8.133024455908172240e+04
2.073000000000000000e+03 8.126834682791144587e+04
2.074000000000000000e+03 8.133703144230326870e+04
2.075000000000000000e+03 8.125715449315014121e+04
2.076000000000000000e+03 8.129432460908910434e+04
2.077000000000000000e+03 8.127441694255666516e+04
2.078000000000000000e+03 8.128759621841652552e+04
2.079000000000000000e+03 8.115053154287008510e+04
2.080000000000000000e+03 8.101301262406326714e+04
2.081000000000000000e+03 8.111313469492134755e+04
2.082000000000000000e+03 8.113797311823353812e+04
2.083000000000000000e+03 8.130147926013187680e+04
2.084000000000000000e+03 8.145821095543283445e+04
2.085000000000000000e+03 8.148354495270190819e+04
2.086000000000000000e+03 8.148232669857234578e+04
2.087000000000000000e+03 8.152632009047034080e+04
2.088000000000000000e+03 8.155417911549122073e+04
2.089000000000000000e+03 8.173208494235723629e+04
2.090000000000000000e+03 8.169653798381952220e+04
2.091000000000000000e+03 8.178071349073891179e+04
2.092000000000000000e+03 8.171680530516263389e+04
2.093000000000000000e+03 8.174301942531074747e+04
2.094000000000000000e+03 8.170614358126996376e+04
2.095000000000000000e+03 8.157334950426765135e+04
2.096000000000000000e+03 8.162099553057788580e+04
2.097000000000000000e+03 8.176106427119267755e+04
2.098000000000000000e+03 8.178204290139871591e+04
2.099000000000000000e+03 8.190656643325346522e+04
2.100000000000000000e+03 8.193883464184244804e+04
2.101000000000000000e+03 8.193032421974593308e+04
2.102000000000000000e+03 8.202230758881189104e+04
2.103000000000000000e+03 8.206487868900310423e+04
2.104000000000000000e+03 8.201647842783451779e+04
2.105000000000000000e+03 8.211256659696267161e+04
2.106000000000000000e+03 8.206705801738274749e+04
2.107000000000000000e+03 8.219946592205678462e+04
2.108000000000000000e+03 8.228010699534454034e+04
2.109000000000000000e+03 8.232343073387014738e+04
2.110000000000000000e+03 8.234146219525327615e+04
2.111000000000000000e+03 8.243635630431213940e+04
2.112000000000000000e+03 8.249987332708605391e+04
2.113000000000000000e+03 8.243748102928191656e+04
2.114000000000000000e+03 8.245319066773517989e+04
2.115000000000000000e+03 8.252102309783420060e+04
2.116000000000000000e+03 8.251988628927594982e+04
2.117000000000000000e+03 8.252979440294444794e+04
2.118000000000000000e+03 8.267680153571533447e+04
2.119000000000000000e+03 8.294756472315423889e+04
2.120000000000000000e+03 8.309043082982656779e+04
2.121000000000000000e+03 8.321210426818860287e+04
2.122000000000000000e+03 8.325803398340917192e+04
2.123000000000000000e+03 8.328247430558242195e+04
2.124000000000000000e+03 8.323414557403903746e+04
2.125000000000000000e+03 8.329974901962396689e+04
2.126000000000000000e+03 8.342344703125533124e+04
2.127000000000000000e+03 8.338419476519731688e+04
2.128000000000000000e+03 8.331418105522237602e+04
2.129000000000000000e+03 8.330049832486819651e+04
2.130000000000000000e+03 8.329915681935247267e+04
2.131000000000000000e+03 8.340136797511266195e+04
2.132000000000000000e+03 8.337538210649268876e+04
2.133000000000000000e+03 8.342566420662279415e+04
2.134000000000000000e+03 8.347853281532914843e+04
2.135000000000000000e+03 8.353485571600406547e+04
2.136000000000000000e+03 8.350549102732038591e+04
2.137000000000000000e+03 8.363261052635889791e+04
2.138000000000000000e+03 8.375979423451705952e+04
2.139000000000000000e+03 8.374617656569898827e+04
2.140000000000000000e+03 8.381995821818323748e+04
2.141000000000000000e+03 8.384098213914767257e+04
2.142000000000000000e+03 8.388244602255716745e+04
2.143000000000000000e+03 8.404370582409028430e+04
2.144000000000000000e+03 8.405079152654558129e+04
2.145000000000000000e+03 8.402968298489670269e+04
2.146000000000000000e+03 8.405916136891787755e+04
2.147000000000000000e+03 8.414929290225292789e+04
2.148000000000000000e+03 8.414282767497064197e+04
2.149000000000000000e+03 8.416402034485942568e+04
2.150000000000000000e+03 8.417444800168836082e+04
2.151000000000000000e+03 8.421512290218965791e+04
2.152000000000000000e+03 8.432016358154057525e+04
2.153000000000000000e+03 8.442710696975990140e+04
2.154000000000000000e+03 8.460247831605788087e+04
2.155000000000000000e+03 8.468661401726315671e+04
2.156000000000000000e+03 8.479807012801514065e+04
2.157000000000000000e+03 8.489004012418165803e+04
2.158000000000000000e+03 8.487248407091348781e+04
2.159000000000000000e+03 8.485373590120527660e+04
2.160000000000000000e+03 8.485339768652859493e+04
2.161000000000000000e+03 8.491144314233475598e+04
2.162000000000000000e+03 8.499479483050099225e+04
2.163000000000000000e+03 8.507740873871141230e+04
2.164000000000000000e+03 8.501915191366399813e+04
2.165000000000000000e+03 8.485037074506252247e+04
2.166000000000000000e+03 8.485739082727523055e+04
2.167000000000000000e+03 8.482417300775021431e+04
2.168000000000000000e+03 8.480143765355217329e+04
2.169000000000000000e+03 8.464688132695952663e+04
2.170000000000000000e+03 8.463687721402688476e+04
2.171000000000000000e+03 8.464868686415064440e+04
2.172000000000000000e+03 8.467334854702073790e+04
2.173000000000000000e+03 8.474221788725709484e+04
2.174000000000000000e+03 8.471691364886470546e+04
2.175000000000000000e+03 8.477332907047357003e+04
2.176000000000000000e+03 8.489508746453143249e+04
2.177000000000000000e+03 8.504753410172690928e+04
2.178000000000000000e+03 8.518313814015606476e+04
2.179000000000000000e+03 8.531260470566277218e+04
2.180000000000000000e+03 8.532819659048825270e+04
2.181000000000000000e+03 8.528773137257105554e+04
2.182000000000000000e+03 8.535953539233545598e+04
2.183000000000000000e+03 8.526747594075043162e+04
2.184000000000000000e+03 8.521724574346109875e+04
2.185000000000000000e+03 8.520782668258226477e+04
2.186000000000000000e+03 8.513341183119783818e+04
2.187000000000000000e+03 8.511835870013626118e+04
2.188000000000000000e+03 8.514689987201023905e+04
2.189000000000000000e+03 8.523612442750677292e+04
2.190000000000000000e+03 8.531656599939741136e+04
2.191000000000000000e+03 8.531558960966648010e+04
2.192000000000000000e+03 8.514933391879343253e+04
2.193000000000000000e+03 8.516194313963687455e+04
2.194000000000000000e+03 8.531980917300171859e+04
2.195000000000000000e+03 8.542900613128935220e+04
2.196000000000000000e+03 8.551258554103372444e+04
2.197000000000000000e+03 8.549460103106182942e+04
2.198000000000000000e+03 8.542897422352337162e+04
2.199000000000000000e+03 8.537827222849655664e+04
2.200000000000000000e+03 8.545006031865171099e+04
2.201000000000000000e+03 8.563258664510285598e+04
2.202000000000000000e+03 8.575462231077226170e+04
2.203000000000000000e+03 8.563885225785180228e+04
2.204000000000000000e+03 8.559349932784154953e+04
2.205000000000000000e+03 8.561278543344142963e+04
2.206000000000000000e+03 8.555057390835098340e+04
2.207000000000000000e+03 8.554658731372865441e+04
2.208000000000000000e+03 8.566336611622404598e+04
2.209000000000000000e+03 8.576405282731144689e+04
2.210000000000000000e+03 8.591045998582911852e+04
2.211000000000000000e+03 8.606079330151603790e+04
2.212000000000000000e+03 8.612738365927728591e+04
2.213000000000000000e+03 8.622455314081315009e+04
2.214000000000000000e+03 8.621196756777110568e+04
2.215000000000000000e+03 8.624513434044913447e+04
2.216000000000000000e+03 8.624826159801321046e+04
2.217000000000000000e+03 8.630022879923539585e+04
2.218000000000000000e+03 8.640538053181054420e+04
2.219000000000000000e+03 8.651863518272717192e+04
2.220000000000000000e+03 8.670163511675271729e+04
2.221000000000000000e+03 8.672429892457432288e+04
2.222000000000000000e+03 8.681275485569828015e+04
2.223000000000000000e+03 8.684640078967377485e+04
2.224000000000000000e+03 8.694884880772529868e+04
2.225000000000000000e+03 8.702522873418216477e+04
2.226000000000000000e+03 8.719570337332833151e+04
2.227000000000000000e+03 8.732907464295900718e+04
2.228000000000000000e+03 8.745548451698714052e+04
2.229000000000000000e+03 8.750807772999224835e+04
2.230000000000000000e+03 8.758882069346113713e+04
2.231000000000000000e+03 8.752163931778258120e+04
2.232000000000000000e+03 8.752105357798426121e+04
2.233000000000000000e+03 8.776648422754323110e+04
2.234000000000000000e+03 8.776222390141170763e+04
2.235000000000000000e+03 8.776408118479909899e+04
2.236000000000000000e+03 8.784525769430409127e+04
2.237000000000000000e+03 8.790967092290829169e+04
2.238000000000000000e+03 8.795755293403020187e+04
2.239000000000000000e+03 8.786597898040780274e+04
2.240000000000000000e+03 8.791299414768637507e+04
2.241000000000000000e+03 8.781391867329816159e+04
2.242000000000000000e+03 8.777753603368460608e+04
2.243000000000000000e+03 8.787768641103933624e+04
2.244000000000000000e+03 8.783541537169972435e+04
2.245000000000000000e+03 8.776231213796330849e+04
2.246000000000000000e+03 8.786134217855021416e+04
2.247000000000000000e+03 8.795545730118986103e+04
2.248000000000000000e+03 8.796608671495856834e+04
2.249000000000000000e+03 8.806181843803104130e+04
2.250000000000000000e+03 8.817749792799328861e+04
2.251000000000000000e+03 8.832471195363414881e+04
2.252000000000000000e+03 8.847134105039981660e+04
2.253000000000000000e+03 8.851356999618555710e+04
2.254000000000000000e+03 8.863962650959564780e+04
2.255000000000000000e+03 8.875970125568725052e+04
2.256000000000000000e+03 8.875470647922865464e+04
2.257000000000000000e+03 8.877144799267008784e+04
2.258000000000000000e+03 8.882752815713062591e+04
2.259000000000000000e+03 8.887564479959996243e+04
2.260000000000000000e+03 8.888149599244445562e+04
2.261000000000000000e+03 8.887014783146715490e+04
2.262000000000000000e+03 8.897901596109797538e+04
2.263000000000000000e+03 8.901968052977080515e+04
2.264000000000000000e+03 8.899000793377296941e+04
2.265000000000000000e+03 8.894211056063639990e+04
2.266000000000000000e+03 8.899797605497854238e+04
2.267000000000000000e+03 8.911239999064078438e+04
2.268000000000000000e+03 8.908692111820666469e+04
2.269000000000000000e+03 8.915598237990033522e+04
2.270000000000000000e+03 8.922311398303891474e+04
2.271000000000000000e+03 8.927355046246116399e+04
2.272000000000000000e+03 8.934235882774529455e+04
2.273000000000000000e+03 8.940244298866894678e+04
2.274000000000000000e+03 8.934142005552905903e+04
2.275000000000000000e+03 8.938118793302589620e+04
2.276000000000000000e+03 8.943763119771493075e+04
2.277000000000000000e+03 8.956893573879575706e+04
2.278000000000000000e+03 8.959447485615288315e+04
2.279000000000000000e+03 8.967546996982795827e+04
2.280000000000000000e+03 8.961473025466156832e+04
2.281000000000000000e+03 8.957008978634035157e+04
2.282000000000000000e+03 8.963854974364368536e+04
2.283000000000000000e+03 8.979058295828888367e+04
2.284000000000000000e+03 8.982495603707995906e+04
2.285000000000000000e+03 9.001988526752748294e+04
2.286000000000000000e+03 9.010360382751582074e+04
2.287000000000000000e+03 9.007263285803656618e+04
2.288000000000000000e+03 8.993734591174975503e+04
2.289000000000000000e+03 8.997350226199375174e+04
2.290000000000000000e+03 9.004633241579389141e+04
2.291000000000000000e+03 9.012598545947637467e+04
2.292000000000000000e+03 9.028128030269070587e+04
2.293000000000000000e+03 9.028701077628051280e+04
2.294000000000000000e+03 9.031945425124134636e+04
2.295000000000000000e+03 9.041673020113327948e+04
2.296000000000000000e+03 9.051661644268104283e+04
2.297000000000000000e+03 9.065528719327857834e+04
2.298000000000000000e+03 9.053517076960577106e+04
2.299000000000000000e+03 9.054171168752820813e+04
2.300000000000000000e+03 9.067446509656478884e+04
2.301000000000000000e+03 9.078684939478644810e+04
2.302000000000000000e+03 9.076875378764478955e+04
2.303000000000000000e+03 9.080933049260238477e+04
2.304000000000000000e+03 9.099019014445034554e+04
2.305000000000000000e+03 9.114020210706380021e+04
2.306000000000000000e+03 9.117098579963162774e+04
2.307000000000000000e+03 9.125849949740112061e+04
2.308000000000000000e+03 9.139940748124917445e+04
2.309000000000000000e+03 9.149448598901534569e+04
2.310000000000000000e+03 9.164169705458373937e+04
2.311000000000000000e+03 9.164908709073097270e+04
2.312000000000000000e+03 9.160590525338312727e+04
2.313000000000000000e+03 9.163947155149444006e+04
2.314000000000000000e+03 9.173980310344031022e+04
2.315000000000000000e+03 9.189274294511110929e+04
2.316000000000000000e+03 9.220472872252868547e+04
2.317000000000000000e+03 9.226702847018782631e+04
2.318000000000000000e+03 9.235397098947496852e+04
2.319000000000000000e+03 9.244825590321706841e+04
2.320000000000000000e+03 9.251199812494599610e+04
2.321000000000000000e+03 9.248349569641826383e+04
2.322000000000000000e+03 9.249949103577464120e+04
2.323000000000000000e+03 9.246697533387434669e+04
2.324000000000000000e+03 9.250594540600921027e+04
2.325000000000000000e+03 9.258964708061925194e+04
2.326000000000000000e+03 9.261061875781109848e+04
2.327000000000000000e+03 9.263267344001719903e+04
2.328000000000000000e+03 9.263885015139577445e+04
2.329000000000000000e+03 9.258328034807363292e+04
2.330000000000000000e+03 9.244645179718641157e+04
2.331000000000000000e+03 9.247032244019534846e+04
2.332000000000000000e+03 9.257969511254507233e+04
2.333000000000000000e+03 9.261755693051352864e+04
2.334000000000000000e+03 9.262746185602489277e+04
2.335000000000000000e+03 9.252039090147637762e+04
2.336000000000000000e+03 9.246316088881052565e+04
2.337000000000000000e+03 9.242562350849003997e+04
2.338000000000000000e+03 9.242516903981304495e+04
2.339000000000000000e+03 9.240225526814379555e+04
2.340000000000000000e+03 9.240397545305808308e+04
2.341000000000000000e+03 9.244592056737582607e+04
2.342000000000000000e+03 9.243594693930547510e+04
2.343000000000000000e+03 9.253172705434229283e+04
2.344000000000000000e+03 9.259422555686444684e+04
2.345000000000000000e+03 9.257754324899554194e+04
2.346000000000000000e+03 9.257919412404473405e+04
2.347000000000000000e+03 9.273746295584518521e+04
2.348000000000000000e+03 9.264044569375134597e+04
2.349000000000000000e+03 9.258142050493783609e+04
2.350000000000000000e+03 9.264065328182271332e+04
2.351000000000000000e+03 9.274372213098300563e+04
2.352000000000000000e+03 9.260305205088673392e+04
2.353000000000000000e+03 9.244127751287007413e+04
2.354000000000000000e+03 9.236477941690926673e+04
2.355000000000000000e+03 9.231612638446741039e+04
2.356000000000000000e+03 9.229231240498184343e+04
2.357000000000000000e+03 9.243075855437626888e+04
2.358000000000000000e+03 9.240831695435795700e+04
2.359000000000000000e+03 9.235990489106949826e+04
2.360000000000000000e+03 9.236875537076072942e+04
2.361000000000000000e+03 9.217266357684458490e+04
2.362000000000000000e+03 9.227155597769978340e+04
2.363000000000000000e+03 9.222814124235157215e+04
2.364000000000000000e+03 9.227670243004818622e+04
2.365000000000000000e+03 9.220713164921179123e+04
2.366000000000000000e+03 9.215944956279429607e+04
2.367000000000000000e+03 9.215118279249682382e+04
2.368000000000000000e+03 9.213418974080853513e+04
2.369000000000000000e+03 9.212679600339526951e+04
2.370000000000000000e+03 9.218737343250273261e+04
2.371000000000000000e+03 9.213063476862778771e+04
2.372000000000000000e+03 9.220040138789455523e+04
2.373000000000000000e+03 9.228238253788571456e+04
2.374000000000000000e+03 9.231319054637401132e+04
2.375000000000000000e+03 9.223894176981746568e+04
2.376000000000000000e+03 9.231170716768011334e+04
2.377000000000000000e+03 9.244151398746707127e+04
2.378000000000000000e+03 9.248436150240444113e+04
2.379000000000000000e+03 9.240285374779143604e+04
2.380000000000000000e+03 9.229821290350655909e+04
2.381000000000000000e+03 9.241884812993039668e+04
2.382000000000000000e+03 9.248763696202664869e+04
2.383000000000000000e+03 9.250463740294569288e+04
2.384000000000000000e+03 9.257629642562364461e+04
2.385000000000000000e+03 9.258958465019086725e+04
2.386000000000000000e+03 9.262856112751858018e+04
2.387000000000000000e+03 9.261981759672288899e+04
2.388000000000000000e+03 9.269268013125620200e+04
2.389000000000000000e+03 9.282612623430565873e+04
2.390000000000000000e+03 9.289978331021477061e+04
2.391000000000000000e+03 9.296449886363120459e+04
2.392000000000000000e+03 9.302301000033458695e+04
2.393000000000000000e+03 9.316048746871171170e+04
2.394000000000000000e+03 9.313718514036689885e+04
2.395000000000000000e+03 9.322869507286269800e+04
2.396000000000000000e+03 9.321015419495306560e+04
2.397000000000000000e+03 9.333533679211830895e+04
2.398000000000000000e+03 9.326996839961766091e+04
2.399000000000000000e+03 9.335530579832858348e+04
2.400000000000000000e+03 9.339338997455204662e+04
2.401000000000000000e+03 9.345325038315905840e+04
2.402000000000000000e+03 9.347464892831968609e+04
2.403000000000000000e+03 9.351163851831211650e+04
2.404000000000000000e+03 9.355818407333003415e+04
2.405000000000000000e+03 9.359444486490335839e+04
2.406000000000000000e+03 9.369570929804531625e+04
2.407000000000000000e+03 9.378070974302715331e+04
2.408000000000000000e+03 9.372944340386483236e+04
2.409000000000000000e+03 9.385274993341085792e+04
2.410000000000000000e+03 9.389814276635805436e+04
2.411000000000000000e+03 9.385555861433946120e+04
2.412000000000000000e+03 9.390218406228888489e+04
2.413000000000000000e+03 9.385704983382913633e+04
2.414000000000000000e+03 9.392964366941337357e+04
2.415000000000000000e+03 9.392141410492129216e+04
2.416000000000000000e+03 9.398873141798727738e+04
2.417000000000000000e+03 9.389382332712528296e+04
2.418000000000000000e+03 9.379884025661056512e+04
2.419000000000000000e+03 9.382626347227692895e+04
2.420000000000000000e+03 9.393610710307508998e+04
2.421000000000000000e+03 9.402875526557835110e+04
2.422000000000000000e+03 9.407903897182822402e+04
2.423000000000000000e+03 9.408422945656099182e+04
2.424000000000000000e+03 9.408139616720071353e+04
2.425000000000000000e+03 9.414716283002060663e+04
2.426000000000000000e+03 9.401850627444995916e+04
2.427000000000000000e+03 9.415059490085621655e+04
2.428000000000000000e+03 9.440871711155342928e+04
2.429000000000000000e+03 9.449091298419596569e+04
2.430000000000000000e+03 9.456392001759444247e+04
2.431000000000000000e+03 9.467636236486812413e+04
2.432000000000000000e+03 9.472082917788749910e+04
2.433000000000000000e+03 9.490191010386495327e+04
2.434000000000000000e+03 9.498063769487252284e+04
2.435000000000000000e+03 9.507613188941618137e+04
2.436000000000000000e+03 9.514237556034496811e+04
2.437000000000000000e+03 9.523820292256514949e+04
2.438000000000000000e+03 9.533289244991511805e+04
2.439000000000000000e+03 9.531771868811128661e+04
2.440000000000000000e+03 9.523826258080106345e+04
2.441000000000000000e+03 9.535193480698973872e+04
2.442000000000000000e+03 9.560154656818746298e+04
2.443000000000000000e+03 9.580285081083299883e+04
2.444000000000000000e+03 9.582440973285728251e+04
2.445000000000000000e+03 9.578543555291948724e+04
2.446000000000000000e+03 9.588951356248425145e+04
2.447000000000000000e+03 9.588901241060663597e+04
2.448000000000000000e+03 9.596984580160968471e+04
2.449000000000000000e+03 9.615164472280305927e+04
2.450000000000000000e+03 9.612039784987295570e+04
2.451000000000000000e+03 9.630712240408384241e+04
2.452000000000000000e+03 9.632571529000888404e+04
2.453000000000000000e+03 9.638212070665710780e+04
2.454000000000000000e+03 9.638466000312971300e+04
2.455000000000000000e+03 9.639783286230437807e+04
2.456000000000000000e+03 9.638327628857296077e+04
2.457000000000000000e+03 9.641706493768085784e+04
2.458000000000000000e+03 9.644488229035616678e+04
2.459000000000000000e+03 9.660170267345935281e+04
2.460000000000000000e+03 9.678738306218704383e+04
2.461000000000000000e+03 9.685155396008491516e+04
2.462000000000000000e+03 9.686218349379405845e+04
2.463000000000000000e+03 9.700708553463629505e+04
2.464000000000000000e+03 9.712239477329414512e+04
2.465000000000000000e+03 9.719467699122524937e+04
2.466000000000000000e+03 9.718446222449051857e+04
2.467000000000000000e+03 9.705223822652667877e+04
2.468000000000000000e+03 9.701542050144402310e+04
2.469000000000000000e+03 9.698227580672850308e+04
2.470000000000000000e+03 9.693859893193931202e+04
2.471000000000000000e+03 9.700376143702268018e+04
2.472000000000000000e+03 9.721359346646002086e+04
2.473000000000000000e+03 9.728569812123959127e+04
2.474000000000000000e+03 9.729535551141756878e+04
2.475000000000000000e+03 9.725070735606458038e+04
2.476000000000000000e+03 9.723270140874745266e+04
2.477000000000000000e+03 9.723773654205414641e+04
2.478000000000000000e+03 9.719915541426971322e+04
2.479000000000000000e+03 9.722282295838362188e+04
2.480000000000000000e+03 9.723102527103869943e+04
2.481000000000000000e+03 9.716714992707631609e+04
2.482000000000000000e+03 9.722033552474626049e+04
2.483000000000000000e+03 9.725568738691450562e+04
2.484000000000000000e+03 9.727046395345643396e+04
2.485000000000000000e+03 9.722012631204025820e+04
2.486000000000000000e+03 9.723187236272245354e+04
2.487000000000000000e+03 9.725539011091193242e+04
2.488000000000000000e+03 9.735162916936099646e+04
2.489000000000000000e+03 9.732477780742068717e+04
2.490000000000000000e+03 9.734873323815062759e+04
2.491000000000000000e+03 9.738961007384571712e+04
2.492000000000000000e+03 9.738247371592499258e+04
2.493000000000000000e+03 9.748593163057194033e+04
2.494000000000000000e+03 9.760254210342568695e+04
2.495000000000000000e+03 9.781876591429275868e+04
2.496000000000000000e+03 9.785715650060487678e+04
2.497000000000000000e+03 9.799650326061238593e+04
2.498000000000000000e+03 9.805685646287121926e+04
2.499000000000000000e+03 9.814785939092758053e+04
2.500000000000000000e+03 9.811978590025246376e+04
2.501000000000000000e+03 9.835385461405415845e+04
2.502000000000000000e+03 9.839259324540755188e+04
2.503000000000000000e+03 9.832255160498146142e+04
2.504000000000000000e+03 9.827476580508663028e+04
2.505000000000000000e+03 9.842043852952553425e+04
2.506000000000000000e+03 9.859377779593264859e+04
2.507000000000000000e+03 9.863319822745463171e+04
2.508000000000000000e+03 9.872704325561200676e+04
2.509000000000000000e+03 9.873846393334314052e+04
2.510000000000000000e+03 9.880631649224217108e+04
2.511000000000000000e+03 9.875927524778780935e+04
2.512000000000000000e+03 9.884629298921907321e+04
2.513000000000000000e+03 9.886271607997118554e+04
2.514000000000000000e+03 9.889655602388866828e+04
2.515000000000000000e+03 9.892401304686124786e+04
2.516000000000000000e+03 9.890739431663601135e+04
2.517000000000000000e+03 9.908641786407382460e+04
2.518000000000000000e+03 9.911306931495772733e+04
2.519000000000000000e+03 9.917279699735586473e+04
2.520000000000000000e+03 9.931995128807530273e+04
2.521000000000000000e+03 9.928094009003438987e+04
2.522000000000000000e+03 9.945355215066087840e+04
2.523000000000000000e+03 9.951124663507632795e+04
2.524000000000000000e+03 9.954107437853350712e+04
2.525000000000000000e+03 9.961982750114992086e+04
2.526000000000000000e+03 9.962452292821694573e+04
2.527000000000000000e+03 9.968104100117072812e+04
2.528000000000000000e+03 9.975883089746044425e+04
2.529000000000000000e+03 9.988656833562855900e+04
2.530000000000000000e+03 9.989326820454024710e+04
2.531000000000000000e+03 9.989673148897485225e+04
2.532000000000000000e+03 9.999123772014585848e+04
2.533000000000000000e+03 1.001937259271932853e+05
2.534000000000000000e+03 1.002634687223707442e+05
2.535000000000000000e+03 1.002960787491438386e+05
2.536000000000000000e+03 1.002833304817097087e+05
2.537000000000000000e+03 1.002180150581472699e+05
2.538000000000000000e+03 1.002048660540954297e+05
2.539000000000000000e+03 1.002084127305908623e+05
2.540000000000000000e+03 1.000879977702898759e+05
2.541000000000000000e+03 1.001449237254549953e+05
2.542000000000000000e+03 1.001957833765870018e+05
2.543000000000000000e+03 1.001089500494806125e+05
2.544000000000000000e+03 1.001665423426370544e+05
2.545000000000000000e+03 1.002108435592935566e+05
2.546000000000000000e+03 1.001022809955422417e+05
2.547000000000000000e+03 1.002280792983146821e+05
2.548000000000000000e+03 1.002761150500774093e+05
2.549000000000000000e+03 1.004414364381853666e+05
2.550000000000000000e+03 1.004184151772910845e+05
2.551000000000000000e+03 1.004825496723674732e+05
2.552000000000000000e+03 1.004738797525565606e+05
2.553000000000000000e+03 1.006202158235935203e+05
2.554000000000000000e+03 1.007210756721493963e+05
2.555000000000000000e+03 1.008804137244188169e+05
2.556000000000000000e+03 1.008815328943609638e+05
2.557000000000000000e+03 1.007662052774330805e+05
2.558000000000000000e+03 1.008019787755568686e+05
2.559000000000000000e+03 1.008563217001295416e+05
2.560000000000000000e+03 1.009327328451319772e+05
2.561000000000000000e+03 1.009835593890578893e+05
2.562000000000000000e+03 1.009876251565238636e+05
2.563000000000000000e+03 1.010241420297072764e+05
2.564000000000000000e+03 1.012417370401071967e+05
2.565000000000000000e+03 1.013173416955133434e+05
2.566000000000000000e+03 1.014050468152881076e+05
2.567000000000000000e+03 1.015132511738091853e+05
2.568000000000000000e+03 1.015765838868106075e+05
2.569000000000000000e+03 1.017329399988506921e+05
2.570000000000000000e+03 1.017722838021936477e+05
2.571000000000000000e+03 1.019159390564540663e+05
2.572000000000000000e+03 1.019991641714501166e+05
2.573000000000000000e+03 1.020570932390404050e+05
2.574000000000000000e+03 1.020594968223997130e+05
2.575000000000000000e+03 1.021129828385168512e+05
2.576000000000000000e+03 1.021039030268949282e+05
2.577000000000000000e+03 1.021829232864780643e+05
2.578000000000000000e+03 1.022081713505913503e+05
2.579000000000000000e+03 1.021430934267309058e+05
2.580000000000000000e+03 1.021685305375382886e+05
2.581000000000000000e+03 1.021008128268491710e+05
2.582000000000000000e+03 1.021669565374780650e+05
2.583000000000000000e+03 1.021416766920308437e+05
2.584000000000000000e+03 1.021327187988462974e+05
2.585000000000000000e+03 1.021532313839903072e+05
2.586000000000000000e+03 1.021526540731001442e+05
2.587000000000000000e+03 1.022969380586603511e+05
2.588000000000000000e+03 1.022452534924817301e+05
2.589000000000000000e+03 1.023998311949504423e+05
2.590000000000000000e+03 1.024922823923659744e+05
2.591000000000000000e+03 1.025321051102852070e+05
2.592000000000000000e+03 1.025096345494504640e+05
2.593000000000000000e+03 1.024866707095525053e+05
2.594000000000000000e+03 1.024970120720863488e+05
2.595000000000000000e+03 1.026204864152180671e+05
2.596000000000000000e+03 1.028200230471534160e+05
2.597000000000000000e+03 1.028722907202076167e+05
2.598000000000000000e+03 1.029234819765529828e+05
2.599000000000000000e+03 1.030223958985252539e+05
2.600000000000000000e+03 1.030684854517972126e+05
2.601000000000000000e+03 1.030610425884268625e+05
2.602000000000000000e+03 1.032592810974407475e+05
2.603000000000000000e+03 1.033462660675411898e+05
2.604000000000000000e+03 1.033074012681626045e+05
2.605000000000000000e+03 1.032929715939210291e+05
2.606000000000000000e+03 1.033953430217678979e+05
2.607000000000000000e+03 1.034300017523679708e+05
2.608000000000000000e+03 1.035372373094904178e+05
2.609000000000000000e+03 1.036792955309235404e+05
2.610000000000000000e+03 1.036512452284688916e+05
2.611000000000000000e+03 1.036952205219689931e+05
2.612000000000000000e+03 1.036856412722134701e+05
2.613000000000000000e+03 1.036850197415406437e+05
2.614000000000000000e+03 1.037942660106420080e+05
2.615000000000000000e+03 1.036839603850187123e+05
2.616000000000000000e+03 1.036937806403674331e+05
2.617000000000000000e+03 1.036411162708865450e+05
2.618000000000000000e+03 1.036447275739606848e+05
2.619000000000000000e+03 1.037060576740707475e+05
2.620000000000000000e+03 1.037846259216044709e+05
2.621000000000000000e+03 1.037187291843407875e+05
2.622000000000000000e+03 1.037526733663136692e+05
2.623000000000000000e+03 1.038404508339058812e+05
2.624000000000000000e+03 1.039323658624800009e+05
2.625000000000000000e+03 1.039775015725689154e+05
2.626000000000000000e+03 1.038904020951020502e+05
2.627000000000000000e+03 1.039750349790585751e+05
2.628000000000000000e+03 1.040759015165502497e+05
2.629000000000000000e+03 1.041091661507906538e+05
2.630000000000000000e+03 1.041996744928632979e+05
2.631000000000000000e+03 1.042856969824788539e+05
2.632000000000000000e+03 1.044506497811229492e+05
2.633000000000000000e+03 1.044812343013661739e+05
2.634000000000000000e+03 1.043414007705598779e+05
2.635000000000000000e+03 1.043729295318934746e+05
2.636000000000000000e+03 1.045004977006448171e+05
2.637000000000000000e+03 1.045891787348166254e+05
2.638000000000000000e+03 1.045434732712303085e+05
2.639000000000000000e+03 1.045904935032082285e+05
2.640000000000000000e+03 1.046497023070239229e+05
2.641000000000000000e+03 1.047304680002595851e+05
2.642000000000000000e+03 1.047129910197269783e+05
2.643000000000000000e+03 1.047714001330190222e+05
2.644000000000000000e+03 1.047012835069740540e+05
2.645000000000000000e+03 1.047625298040026682e+05
2.646000000000000000e+03 1.049450695712866000e+05
2.647000000000000000e+03 1.050415006245967961e+05
2.648000000000000000e+03 1.051529530464946583e+05
2.649000000000000000e+03 1.054170588384808361e+05
2.650000000000000000e+03 1.055555746466821438e+05
2.651000000000000000e+03 1.055164305411461974e+05
2.652000000000000000e+03 1.055714475777146872e+05
2.653000000000000000e+03 1.056087661199365684e+05
2.654000000000000000e+03 1.055026445593904500e+05
2.655000000000000000e+03 1.054742207925195835e+05
2.656000000000000000e+03 1.056318624358249799e+05
2.657000000000000000e+03 1.058354863647669554e+05
2.658000000000000000e+03 1.059712946651186503e+05
2.659000000000000000e+03 1.059635016470569099e+05
2.660000000000000000e+03 1.061325026506087015e+05
2.661000000000000000e+03 1.062938983827849734e+05
2.662000000000000000e+03 1.065287573836442898e+05
2.663000000000000000e+03 1.066217107337277557e+05
2.664000000000000000e+03 1.065341902815826033e+05
2.665000000000000000e+03 1.064876137576210895e+05
2.666000000000000000e+03 1.065823438360725704e+05
2.667000000000000000e+03 1.067144483388069348e+05
2.668000000000000000e+03 1.068585113876439718e+05
2.669000000000000000e+03 1.069538180594111327e+05
2.670000000000000000e+03 1.069176622504699626e+05
2.671000000000000000e+03 1.070359808817349549e+05
2.672000000000000000e+03 1.070953499802688166e+05
2.673000000000000000e+03 1.071240336788448476e+05
2.674000000000000000e+03 1.071512060975997156e+05
2.675000000000000000e+03 1.072874345270423801e+05
2.676000000000000000e+03 1.073529055658064026e+05
2.677000000000000000e+03 1.072132853569785366e+05
2.678000000000000000e+03 1.072668229234378232e+05
2.679000000000000000e+03 1.072205592076413159e+05
2.680000000000000000e+03 1.072324401891376910e+05
2.681000000000000000e+03 1.073562013901165337e+05
2.682000000000000000e+03 1.074652827494168450e+05
2.683000000000000000e+03 1.074271381577998545e+05
2.684000000000000000e+03 1.074739489258329268e+05
2.685000000000000000e+03 1.075612169083756744e+05
2.686000000000000000e+03 1.076846201168060943e+05
2.687000000000000000e+03 1.076376133387660666e+05
2.688000000000000000e+03 1.077484050591144915e+05
2.689000000000000000e+03 1.078127652034419007e+05
2.690000000000000000e+03 1.078354017174652399e+05
2.691000000000000000e+03 1.078980002960416168e+05
2.692000000000000000e+03 1.078417197213974141e+05
2.693000000000000000e+03 1.077043445614444790e+05
2.694000000000000000e+03 1.077704076754664275e+05
2.695000000000000000e+03 1.078702542359629879e+05
2.696000000000000000e+03 1.079534620046969649e+05
2.697000000000000000e+03 1.081286968548838340e+05
2.698000000000000000e+03 1.083295945249239012e+05
2.699000000000000000e+03 1.084833836469459784e+05
2.700000000000000000e+03 1.085022459428093862e+05
2.701000000000000000e+03 1.085269056798472593e+05
2.702000000000000000e+03 1.087303103137351573e+05
2.703000000000000000e+03 1.087694547746865574e+05
2.704000000000000000e+03 1.087949896529153775e+05
2.705000000000000000e+03 1.088851698076752509e+05
2.706000000000000000e+03 1.089321071368294215e+05
2.707000000000000000e+03 1.090565487711138267e+05
2.708000000000000000e+03 1.089473602230504621e+05
2.709000000000000000e+03 1.090268408539808297e+05
2.710000000000000000e+03 1.090883487505234807e+05
2.711000000000000000e+03 1.091017550989174924e+05
2.712000000000000000e+03 1.091341498799251858e+05
2.713000000000000000e+03 1.092416250845254108e+05
2.714000000000000000e+03 1.093713158371643221e+05
2.715000000000000000e+03 1.094387562910596171e+05
2.716000000000000000e+03 1.093415039461508277e+05
2.717000000000000000e+03 1.092370559928809089e+05
2.718000000000000000e+03 1.091794422237325925e+05
2.719000000000000000e+03 1.092050053813194390e+05
2.720000000000000000e+03 1.091864200064088509e+05
2.721000000000000000e+03 1.092115678676324605e+05
2.722000000000000000e+03 1.092427846202049550e+05
2.723000000000000000e+03 1.092810563819355011e+05
2.724000000000000000e+03 1.092103138109892461e+05
2.725000000000000000e+03 1.092481176314879704e+05
2.726000000000000000e+03 1.092987101755293552e+05
2.727000000000000000e+03 1.092803335004649998e+05
2.728000000000000000e+03 1.093137882525608875e+05
2.729000000000000000e+03 1.093448533455422148e+05
2.730000000000000000e+03 1.094703446597362490e+05
2.731000000000000000e+03 1.095322233259005880e+05
2.732000000000000000e+03 1.095606266451145057e+05
2.733000000000000000e+03 1.094946200961331633e+05
2.734000000000000000e+03 1.095334758640045620e+05
2.735000000000000000e+03 1.097776053904831642e+05
2.736000000000000000e+03 1.098518973229029216e+05
2.737000000000000000e+03 1.099760009648092237e+05
2.738000000000000000e+03 1.100023310572896298e+05
2.739000000000000000e+03 1.100036496571872558e+05
2.740000000000000000e+03 1.100871439793239260e+05
2.741000000000000000e+03 1.100738535935907712e+05
2.742000000000000000e+03 1.100926122136982012e+05
2.743000000000000000e+03 1.099998576895856240e+05
2.744000000000000000e+03 1.100108055588066345e+05
2.745000000000000000e+03 1.101266921475758572e+05
2.746000000000000000e+03 1.103432080215933383e+05
2.747000000000000000e+03 1.103653099406489637e+05
2.748000000000000000e+03 1.105038986554187140e+05
2.749000000000000000e+03 1.105055595310225472e+05
2.750000000000000000e+03 1.105795920198929671e+05
2.751000000000000000e+03 1.104975240153299383e+05
2.752000000000000000e+03 1.105514042687730980e+05
2.753000000000000000e+03 1.105317173219335091e+05
2.754000000000000000e+03 1.105163503601901612e+05
2.755000000000000000e+03 1.105168470976154931e+05
2.756000000000000000e+03 1.105168736215209065e+05
2.757000000000000000e+03 1.104962252059922321e+05
2.758000000000000000e+03 1.104860945183466392e+05
2.759000000000000000e+03 1.105762243069839024e+05
2.760000000000000000e+03 1.104865448182129767e+05
2.761000000000000000e+03 1.105884526211075863e+05
2.762000000000000000e+03 1.106624859636719921e+05
2.763000000000000000e+03 1.106931078888287157e+05
2.764000000000000000e+03 1.107450724542620883e+05
2.765000000000000000e+03 1.108387950326648133e+05
2.766000000000000000e+03 1.108343193785145268e+05
2.767000000000000000e+03 1.108817032226923475e+05
2.768000000000000000e+03 1.108951666649287217e+05
2.769000000000000000e+03 1.108099718204992969e+05
2.770000000000000000e+03 1.108210328258605296e+05
2.771000000000000000e+03 1.106442622574432608e+05
2.772000000000000000e+03 1.108014099012007209e+05
2.773000000000000000e+03 1.108947457656080223e+05
2.774000000000000000e+03 1.108500900674891600e+05
2.775000000000000000e+03 1.108557655559626292e+05
2.776000000000000000e+03 1.107458087692346016e+05
2.777000000000000000e+03 1.106761149700195383e+05
2.778000000000000000e+03 1.106662646314766753e+05
2.779000000000000000e+03 1.107784347912017111e+05
2.780000000000000000e+03 1.106833200530072354e+05
2.781000000000000000e+03 1.106366303197832167e+05
2.782000000000000000e+03 1.105268929579291726e+05
2.783000000000000000e+03 1.107573583069249726e+05
2.784000000000000000e+03 1.106651480983117217e+05
2.785000000000000000e+03 1.107459859807616740e+05
2.786000000000000000e+03 1.108206453123199026e+05
2.787000000000000000e+03 1.107815577959508955e+05
2.788000000000000000e+03 1.106846382338269759e+05
2.789000000000000000e+03 1.107032754445419123e+05
2.790000000000000000e+03 1.107726376607930288e+05
2.791000000000000000e+03 1.108319128756729770e+05
2.792000000000000000e+03 1.108897253628577600e+05
2.793000000000000000e+03 1.109033498800121743e+05
2.794000000000000000e+03 1.108087215965994837e+05
2.795000000000000000e+03 1.109404659231686674e+05
2.796000000000000000e+03 1.110065638135491608e+05
2.797000000000000000e+03 1.110562523199202114e+05
2.798000000000000000e+03 1.111656622297780414e+05
2.799000000000000000e+03 1.111932559743409656e+05
2.800000000000000000e+03 1.112659562655474583e+05
2.801000000000000000e+03 1.113354192311991210e+05
2.802000000000000000e+03 1.112495385298859619e+05
2.803000000000000000e+03 1.113280624793352763e+05
2.804000000000000000e+03 1.114110008795762405e+05
2.805000000000000000e+03 1.115302676487947319e+05
2.806000000000000000e+03 1.116149535273719666e+05
2.807000000000000000e+03 1.114769237219643110e+05
2.808000000000000000e+03 1.115293539749164920e+05
2.809000000000000000e+03 1.116568772338849813e+05
2.810000000000000000e+03 1.117861857753549411e+05
2.811000000000000000e+03 1.118237997476983583e+05
2.812000000000000000e+03 1.119956735725310718e+05
2.813000000000000000e+03 1.121752275518736569e+05
2.814000000000000000e+03 1.122467786659077392e+05
2.815000000000000000e+03 1.123217782707801671e+05
2.816000000000000000e+03 1.123337743489682907e+05
2.817000000000000000e+03 1.124087325857061805e+05
2.818000000000000000e+03 1.124423879510666011e+05
2.819000000000000000e+03 1.122867784164286422e+05
2.820000000000000000e+03 1.122035671265763085e+05
2.821000000000000000e+03 1.123127330395230238e+05
2.822000000000000000e+03 1.123304529309437348e+05
2.823000000000000000e+03 1.122747205417983496e+05
2.824000000000000000e+03 1.123769585952142515e+05
2.825000000000000000e+03 1.123859715548256208e+05
2.826000000000000000e+03 1.123722096069476975e+05
2.827000000000000000e+03 1.124513769535401370e+05
2.828000000000000000e+03 1.124261507464694587e+05
2.829000000000000000e+03 1.125434174777914159e+05
2.830000000000000000e+03 1.126584116490445740e+05
2.831000000000000000e+03 1.127482894992744259e+05
2.832000000000000000e+03 1.128607687049685192e+05
2.833000000000000000e+03 1.131112594257261226e+05
2.834000000000000000e+03 1.132273280903209525e+05
2.835000000000000000e+03 1.133084803935587697e+05
2.836000000000000000e+03 1.133779683683751646e+05
2.837000000000000000e+03 1.133536643363492185e+05
2.838000000000000000e+03 1.132474321797027515e+05
2.839000000000000000e+03 1.132991437425123004e+05
2.840000000000000000e+03 1.133883352403775643e+05
2.841000000000000000e+03 1.134470867961847980e+05
2.842000000000000000e+03 1.134644387743318512e+05
2.843000000000000000e+03 1.134194870209695509e+05
2.844000000000000000e+03 1.135279344817407546e+05
2.845000000000000000e+03 1.136447378240770340e+05
2.846000000000000000e+03 1.137578073362551804e+05
2.847000000000000000e+03 1.138026289507302863e+05
2.848000000000000000e+03 1.136755090549109300e+05
2.849000000000000000e+03 1.136636105887963495e+05
2.850000000000000000e+03 1.137066443232710590e+05
2.851000000000000000e+03 1.136501357427033508e+05
2.852000000000000000e+03 1.137307679068013531e+05
2.853000000000000000e+03 1.137055600288459973e+05
2.854000000000000000e+03 1.138227095711061265e+05
2.855000000000000000e+03 1.138570447382221610e+05
2.856000000000000000e+03 1.138612603431385796e+05
2.857000000000000000e+03 1.138111308826517343e+05
2.858000000000000000e+03 1.138057051913844334e+05
2.859000000000000000e+03 1.137946911700258643e+05
2.860000000000000000e+03 1.138639627525378019e+05
2.861000000000000000e+03 1.141053997219194425e+05
2.862000000000000000e+03 1.143583064792043879e+05
2.863000000000000000e+03 1.145441133912449150e+05
2.864000000000000000e+03 1.148625552417806903e+05
2.865000000000000000e+03 1.148947454443400638e+05
2.866000000000000000e+03 1.150190328491159162e+05
2.867000000000000000e+03 1.150453859837661294e+05
2.868000000000000000e+03 1.151154280281996616e+05
2.869000000000000000e+03 1.152393719878226111e+05
2.870000000000000000e+03 1.152552669771830842e+05
2.871000000000000000e+03 1.152828216445831495e+05
2.872000000000000000e+03 1.153510287192585529e+05
2.873000000000000000e+03 1.153769483296815597e+05
2.874000000000000000e+03 1.154258774153124104e+05
2.875000000000000000e+03 1.156687768916737696e+05
2.876000000000000000e+03 1.156655490006945329e+05
2.877000000000000000e+03 1.155825984636991925e+05
2.878000000000000000e+03 1.156203216652821284e+05
2.879000000000000000e+03 1.158574812968389160e+05
2.880000000000000000e+03 1.157532688874442683e+05
2.881000000000000000e+03 1.158063028897631739e+05
2.882000000000000000e+03 1.159451514996742626e+05
2.883000000000000000e+03 1.159030845373962948e+05
2.884000000000000000e+03 1.160374021128215682e+05
2.885000000000000000e+03 1.162411727920431586e+05
2.886000000000000000e+03 1.163868187799245206e+05
2.887000000000000000e+03 1.165204462751780375e+05
2.888000000000000000e+03 1.165233650898444903e+05
2.889000000000000000e+03 1.164938728565727070e+05
2.890000000000000000e+03 1.164009593576379702e+05
2.891000000000000000e+03 1.163962856669561588e+05
2.892000000000000000e+03 1.164700767858472536e+05
2.893000000000000000e+03 1.165565556450977747e+05
2.894000000000000000e+03 1.165912105049868260e+05
2.895000000000000000e+03 1.166364301416615344e+05
2.896000000000000000e+03 1.166343300409811927e+05
2.897000000000000000e+03 1.167834275237719412e+05
2.898000000000000000e+03 1.168137669651515025e+05
2.899000000000000000e+03 1.168918394615874859e+05
2.900000000000000000e+03 1.170555097453377821e+05
2.901000000000000000e+03 1.172967788052792021e+05
2.902000000000000000e+03 1.171332755312626105e+05
2.903000000000000000e+03 1.172667534566235263e+05
2.904000000000000000e+03 1.173226198485508357e+05
2.905000000000000000e+03 1.173968425104170747e+05
2.906000000000000000e+03 1.175205338239676930e+05
2.907000000000000000e+03 1.176096844194916193e+05
2.908000000000000000e+03 1.176425589474840963e+05
2.909000000000000000e+03 1.178956462744292076e+05
2.910000000000000000e+03 1.178554477553255711e+05
2.911000000000000000e+03 1.178417736373705702e+05
2.912000000000000000e+03 1.178775845037426625e+05
2.913000000000000000e+03 1.179001683027027902e+05
2.914000000000000000e+03 1.177876537546502950e+05
2.915000000000000000e+03 1.179449918695396627e+05
2.916000000000000000e+03 1.179705863132149098e+05
2.917000000000000000e+03 1.180054941066592583e+05
2.918000000000000000e+03 1.180746759632783069e+05
2.919000000000000000e+03 1.181164964992952591e+05
2.920000000000000000e+03 1.183999775232872635e+05
2.921000000000000000e+03 1.185558839115709125e+05
2.922000000000000000e+03 1.187728809551216982e+05
2.923000000000000000e+03 1.187901544983224594e+05
2.924000000000000000e+03 1.187827025065907510e+05
2.925000000000000000e+03 1.188167875837750908e+05
2.926000000000000000e+03 1.187988663211764797e+05
2.927000000000000000e+03 1.188811163324829540e+05
2.928000000000000000e+03 1.188721663643509673e+05
2.929000000000000000e+03 1.189993291044859798e+05
2.930000000000000000e+03 1.190383052250974142e+05
2.931000000000000000e+03 1.189751298177543795e+05
2.932000000000000000e+03 1.191142256339791347e+05
2.933000000000000000e+03 1.191278637448261725e+05
2.934000000000000000e+03 1.191167160149601841e+05
2.935000000000000000e+03 1.191070848304648534e+05
2.936000000000000000e+03 1.191673533481530030e+05
2.937000000000000000e+03 1.192847271710676723e+05
2.938000000000000000e+03 1.194172957715743833e+05
2.939000000000000000e+03 1.193699695337314042e+05
2.940000000000000000e+03 1.194263759100239549e+05
2.941000000000000000e+03 1.195295628533653944e+05
2.942000000000000000e+03 1.195574009776888561e+05
2.943000000000000000e+03 1.195791861872699665e+05
2.944000000000000000e+03 1.195005462861742562e+05
2.945000000000000000e+03 1.196023810373206506e+05
2.946000000000000000e+03 1.196739100354328111e+05
2.947000000000000000e+03 1.197262018115702813e+05
2.948000000000000000e+03 1.198113017876584636e+05
2.949000000000000000e+03 1.198295108360285813e+05
2.950000000000000000e+03 1.199261660840840050e+05
2.951000000000000000e+03 1.200389390582012275e+05
2.952000000000000000e+03 1.201310436487247207e+05
2.953000000000000000e+03 1.200516745627828059e+05
2.954000000000000000e+03 1.200929985173564783e+05
2.955000000000000000e+03 1.199497953126683133e+05
2.956000000000000000e+03 1.200327497111283737e+05
2.957000000000000000e+03 1.201563058879196906e+05
2.958000000000000000e+03 1.202322107971936057e+05
2.959000000000000000e+03 1.202929913691876864e+05
2.960000000000000000e+03 1.202657100345766376e+05
2.961000000000000000e+03 1.203438449236131273e+05
2.962000000000000000e+03 1.205074247075855237e+05
2.963000000000000000e+03 1.205184164739746484e+05
2.964000000000000000e+03 1.205327095969400107e+05
2.965000000000000000e+03 1.206982707751270791e+05
2.966000000000000000e+03 1.207684771016536542e+05
2.967000000000000000e+03 1.207836976242804667e+05
2.968000000000000000e+03 1.208050183893516514e+05
2.969000000000000000e+03 1.207516137640720408e+05
2.970000000000000000e+03 1.208237474676538695e+05
2.971000000000000000e+03 1.208375676153973764e+05
2.972000000000000000e+03 1.208258117782473855e+05
2.973000000000000000e+03 1.208865451851028774e+05
2.974000000000000000e+03 1.209226400220223586e+05
2.975000000000000000e+03 1.208161355150564777e+05
2.976000000000000000e+03 1.207490128544444888e+05
2.977000000000000000e+03 1.207641938406775735e+05
2.978000000000000000e+03 1.208674842088617588e+05
2.979000000000000000e+03 1.209641475713343680e+05
2.980000000000000000e+03 1.210121128027825907e+05
2.981000000000000000e+03 1.210216438713143580e+05
2.982000000000000000e+03 1.210391368592233339e+05
2.983000000000000000e+03 1.211796769153273926e+05
2.984000000000000000e+03 1.213613024981670169e+05
2.985000000000000000e+03 1.212789912488057307e+05
2.986000000000000000e+03 1.213361110544000985e+05
2.987000000000000000e+03 1.213714879002421949e+05
2.988000000000000000e+03 1.214714546188864624e+05
2.989000000000000000e+03 1.214808013179666304e+05
2.990000000000000000e+03 1.215977262584617420e+05
2.991000000000000000e+03 1.216313255635300447e+05
2.992000000000000000e+03 1.218428651954324159e+05
2.993000000000000000e+03 1.218683243329590041e+05
2.994000000000000000e+03 1.220588895319816656e+05
2.995000000000000000e+03 1.221653450855517731e+05
2.996000000000000000e+03 1.221204688532686851e+05
2.997000000000000000e+03 1.220854953123849409e+05
2.998000000000000000e+03 1.223167985633366625e+05
2.999000000000000000e+03 1.223857229353794100e+05
3.000000000000000000e+03 1.225250832053814811e+05
3.001000000000000000e+03 1.226772106061385275e+05
3.002000000000000000e+03 1.226438095646062284e+05
3.003000000000000000e+03 1.226458496009896917e+05
3.004000000000000000e+03 1.228235730313824461e+05
3.005000000000000000e+03 1.229031734167697869e+05
3.006000000000000000e+03 1.228831725227903371e+05
3.007000000000000000e+03 1.228864641745663976e+05
3.008000000000000000e+03 1.229787166487632931e+05
3.009000000000000000e+03 1.230716501019244897e+05
3.010000000000000000e+03 1.232068487517915637e+05
3.011000000000000000e+03 1.231847985690510395e+05
3.012000000000000000e+03 1.231206885617580265e+05
3.013000000000000000e+03 1.231628632926821883e+05
3.014000000000000000e+03 1.232945703051669261e+05
3.015000000000000000e+03 1.234595915612507670e+05
3.016000000000000000e+03 1.236167865362299926e+05
3.017000000000000000e+03 1.238428552608938335e+05
3.018000000000000000e+03 1.240460012955492421e+05
3.019000000000000000e+03 1.243153097371700278e+05
3.020000000000000000e+03 1.244581931581271347e+05
3.021000000000000000e+03 1.245903362601823610e+05
3.022000000000000000e+03 1.245799026474215789e+05
3.023000000000000000e+03 1.245089420635222923e+05
3.024000000000000000e+03 1.244985697398017655e+05
3.025000000000000000e+03 1.244759608263877453e+05
3.026000000000000000e+03 1.245330889034494903e+05
3.027000000000000000e+03 1.244916282797015301e+05
3.028000000000000000e+03 1.244052877049123344e+05
3.029000000000000000e+03 1.243794704781943146e+05
3.030000000000000000e+03 1.243208674436743750e+05
3.031000000000000000e+03 1.243718225406340207e+05
3.032000000000000000e+03 1.244101435914766043e+05
3.033000000000000000e+03 1.245183423837478913e+05
3.034000000000000000e+03 1.245253456567170360e+05
3.035000000000000000e+03 1.245063440814968635e+05
3.036000000000000000e+03 1.243317658620932198e+05
3.037000000000000000e+03 1.242527070645998174e+05
3.038000000000000000e+03 1.244323806539651414e+05
3.039000000000000000e+03 1.245796958706716687e+05
3.040000000000000000e+03 1.248360860441669793e+05
3.041000000000000000e+03 1.249965113093414111e+05
3.042000000000000000e+03 1.250236736536108219e+05
3.043000000000000000e+03 1.248311353505831794e+05
3.044000000000000000e+03 1.248345329441121430e+05
3.045000000000000000e+03 1.248586733071369963e+05
3.046000000000000000e+03 1.249379667408153764e+05
3.047000000000000000e+03 1.249987998293050041e+05
3.048000000000000000e+03 1.251022551948009059e+05
3.049000000000000000e+03 1.252005237510292936e+05
3.050000000000000000e+03 1.252328930470256746e+05
3.051000000000000000e+03 1.253308274514438381e+05
3.052000000000000000e+03 1.255529503553564282e+05
3.053000000000000000e+03 1.255952048265457415e+05
3.054000000000000000e+03 1.255641319143857836e+05
3.055000000000000000e+03 1.259263322294243262e+05
3.056000000000000000e+03 1.260956713863586047e+05
3.057000000000000000e+03 1.260365356343724270e+05
3.058000000000000000e+03 1.259447853964397655e+05
3.059000000000000000e+03 1.257735137189726374e+05
3.060000000000000000e+03 1.258136359120569832e+05
3.061000000000000000e+03 1.256703495670111006e+05
3.062000000000000000e+03 1.256937169376502425e+05
3.063000000000000000e+03 1.257211047258493927e+05
3.064000000000000000e+03 1.258004157154768181e+05
3.065000000000000000e+03 1.258798085672715242e+05
3.066000000000000000e+03 1.260062840516690776e+05
3.067000000000000000e+03 1.259978104736857204e+05
3.068000000000000000e+03 1.261572665605210204e+05
3.069000000000000000e+03 1.262426816060816200e+05
3.070000000000000000e+03 1.262144335569756222e+05
3.071000000000000000e+03 1.262028087225205090e+05
3.072000000000000000e+03 1.262375012727077265e+05
3.073000000000000000e+03 1.262885106270597316e+05
3.074000000000000000e+03 1.263946716934454598e+05
3.075000000000000000e+03 1.264125405527458206e+05
3.076000000000000000e+03 1.266237882904135622e+05
3.077000000000000000e+03 1.267925657153423526e+05
3.078000000000000000e+03 1.269628573603108089e+05
3.079000000000000000e+03 1.269525062484900845e+05
3.080000000000000000e+03 1.270814456031027075e+05
3.081000000000000000e+03 1.272256426376676682e+05
3.082000000000000000e+03 1.270575749226935877e+05
3.083000000000000000e+03 1.271278747129224648e+05
3.084000000000000000e+03 1.272160863458358945e+05
3.085000000000000000e+03 1.271745322713328351e+05
3.086000000000000000e+03 1.272295083294953947e+05
3.087000000000000000e+03 1.272850871933844901e+05
3.088000000000000000e+03 1.273537801619538222e+05
3.089000000000000000e+03 1.273339663234307955e+05
3.090000000000000000e+03 1.272802341232800391e+05
3.091000000000000000e+03 1.274072780532888137e+05
3.092000000000000000e+03 1.275287703229391918e+05
3.093000000000000000e+03 1.275886500433686888e+05
3.094000000000000000e+03 1.276131827411743725e+05
3.095000000000000000e+03 1.275783516025294812e+05
3.096000000000000000e+03 1.274884132049820328e+05
3.097000000000000000e+03 1.273975697697871656e+05
3.098000000000000000e+03 1.274256037984197319e+05
3.099000000000000000e+03 1.274437061683471984e+05
3.100000000000000000e+03 1.275087510234514484e+05
3.101000000000000000e+03 1.273856273620777938e+05
3.102000000000000000e+03 1.273765160117960040e+05
3.103000000000000000e+03 1.273626961841065786e+05
3.104000000000000000e+03 1.274064173502488848e+05
3.105000000000000000e+03 1.272930932179895462e+05
3.106000000000000000e+03 1.271675824883986352e+05
3.107000000000000000e+03 1.270203711149970623e+05
3.108000000000000000e+03 1.269885177539210854e+05
3.109000000000000000e+03 1.269615922078668809e+05
3.110000000000000000e+03 1.269854617221233784e+05
3.111000000000000000e+03 1.269675183347132988e+05
3.112000000000000000e+03 1.271696406048327772e+05
3.113000000000000000e+03 1.273097671460602432e+05
3.114000000000000000e+03 1.272365194823807251e+05
3.115000000000000000e+03 1.272620737855024345e+05
3.116000000000000000e+03 1.274051986023487843e+05
3.117000000000000000e+03 1.275815571832582791e+05
3.118000000000000000e+03 1.277018851979070896e+05
3.119000000000000000e+03 1.278676606802388706e+05
3.120000000000000000e+03 1.278900799769314472e+05
3.121000000000000000e+03 1.279173078753594891e+05
3.122000000000000000e+03 1.278822742321690312e+05
3.123000000000000000e+03 1.280154431694757368e+05
3.124000000000000000e+03 1.281943512644141592e+05
3.125000000000000000e+03 1.282995037195626064e+05
3.126000000000000000e+03 1.285298441326989123e+05
3.127000000000000000e+03 1.284816164492234238e+05
3.128000000000000000e+03 1.284333746342500381e+05
3.129000000000000000e+03 1.284608242698818067e+05
3.130000000000000000e+03 1.284692662908027851e+05
3.131000000000000000e+03 1.284651435131900798e+05
3.132000000000000000e+03 1.286311612116855977e+05
3.133000000000000000e+03 1.285815619284922141e+05
3.134000000000000000e+03 1.285769716793142288e+05
3.135000000000000000e+03 1.286407201647873007e+05
3.136000000000000000e+03 1.285859397791416559e+05
3.137000000000000000e+03 1.287447802315695881e+05
3.138000000000000000e+03 1.286327361929931940e+05
3.139000000000000000e+03 1.286176189171152946e+05
3.140000000000000000e+03 1.287411380579450924e+05
3.141000000000000000e+03 1.288874044926019560e+05
3.142000000000000000e+03 1.289257737908623676e+05
3.143000000000000000e+03 1.291142159497158427e+05
3.144000000000000000e+03 1.291700861050755193e+05
3.145000000000000000e+03 1.293352921484805265e+05
3.146000000000000000e+03 1.293176301116004470e+05
3.147000000000000000e+03 1.293758346588282002e+05
3.148000000000000000e+03 1.293918354949426430e+05
3.149000000000000000e+03 1.293753973493337689e+05
3.150000000000000000e+03 1.294660256221466989e+05
3.151000000000000000e+03 1.294562309806124686e+05
3.152000000000000000e+03 1.293866492269644514e+05
3.153000000000000000e+03 1.293888091769448365e+05
3.154000000000000000e+03 1.293736809891566518e+05
3.155000000000000000e+03 1.292347650149201945e+05
3.156000000000000000e+03 1.293037603708136594e+05
3.157000000000000000e+03 1.294399372269796149e+05
3.158000000000000000e+03 1.294266814039527671e+05
3.159000000000000000e+03 1.294771722803728044e+05
3.160000000000000000e+03 1.295418216034846992e+05
3.161000000000000000e+03 1.294849451865409646e+05
3.162000000000000000e+03 1.295117040349398012e+05
3.163000000000000000e+03 1.296041287397618144e+05
3.164000000000000000e+03 1.296620383144933876e+05
3.165000000000000000e+03 1.299104638105609483e+05
3.166000000000000000e+03 1.298514940797930030e+05
3.167000000000000000e+03 1.298383618488511420e+05
3.168000000000000000e+03 1.298665784481772425e+05
3.169000000000000000e+03 1.298194059731647721e+05
3.170000000000000000e+03 1.299314127492505650e+05
3.171000000000000000e+03 1.300141483512396371e+05
3.172000000000000000e+03 1.300627395742541266e+05
3.173000000000000000e+03 1.302311087750541046e+05
3.174000000000000000e+03 1.301087810559073259e+05
3.175000000000000000e+03 1.301349030145036231e+05
3.176000000000000000e+03 1.301475112451880559e+05
3.177000000000000000e+03 1.302386542517143826e+05
3.178000000000000000e+03 1.302511747289793420e+05
3.179000000000000000e+03 1.302825184303535207e+05
3.180000000000000000e+03 1.302028512361598696e+05
3.181000000000000000e+03 1.304273093965508597e+05
3.182000000000000000e+03 1.305946034427781997e+05
3.183000000000000000e+03 1.307281010870276950e+05
3.184000000000000000e+03 1.306304364262933814e+05
3.185000000000000000e+03 1.306069642352152587e+05
3.186000000000000000e+03 1.306112122134092060e+05
3.187000000000000000e+03 1.307031986498814222e+05
3.188000000000000000e+03 1.306149177123133413e+05
3.189000000000000000e+03 1.307007517646285705e+05
3.190000000000000000e+03 1.306672973666991165e+05
3.191000000000000000e+03 1.305715876557485753e+05
3.192000000000000000e+03 1.304783171281478863e+05
3.193000000000000000e+03 1.305744248878160288e+05
3.194000000000000000e+03 1.305076309114180185e+05
3.195000000000000000e+03 1.306514719958841160e+05
3.196000000000000000e+03 1.305849613730905985e+05
3.197000000000000000e+03 1.305362186455881892e+05
3.198000000000000000e+03 1.304541980515789473e+05
3.199000000000000000e+03 1.304581276033286558e+05
3.200000000000000000e+03 1.304102030920183461e+05
3.201000000000000000e+03 1.304242568778402056e+05
3.202000000000000000e+03 1.305873336820544064e+05
3.203000000000000000e+03 1.306345221261402767e+05
3.204000000000000000e+03 1.306200007214824000e+05
3.205000000000000000e+03 1.307620443986756145e+05
3.206000000000000000e+03 1.308563249110498728e+05
3.207000000000000000e+03 1.309737575193793891e+05
3.208000000000000000e+03 1.309984635786659201e+05
3.209000000000000000e+03 1.309738714321873122e+05
3.210000000000000000e+03 1.310105205686626723e+05
3.211000000000000000e+03 1.311414370226268074e+05
3.212000000000000000e+03 1.310804708097947005e+05
3.213000000000000000e+03 1.310868054654904117e+05
3.214000000000000000e+03 1.310909162580870907e+05
3.215000000000000000e+03 1.312701121556210855e+05
3.216000000000000000e+03 1.313435503484302899e+05
3.217000000000000000e+03 1.312210152830395091e+05
3.218000000000000000e+03 1.311137600772083388e+05
3.219000000000000000e+03 1.310853812575520715e+05
3.220000000000000000e+03 1.311328233285363822e+05
3.221000000000000000e+03 1.310925945068323635e+05
3.222000000000000000e+03 1.310231867714777472e+05
3.223000000000000000e+03 1.310860917029326083e+05
3.224000000000000000e+03 1.312845511541130836e+05
3.225000000000000000e+03 1.313261316745030053e+05
3.226000000000000000e+03 1.313342288729487627e+05
3.227000000000000000e+03 1.312215299070601468e+05
3.228000000000000000e+03 1.311627304785711458e+05
3.229000000000000000e+03 1.312077249470413080e+05
3.230000000000000000e+03 1.311415910723781562e+05
3.231000000000000000e+03 1.310051012150057504e+05
3.232000000000000000e+03 1.311909404971921758e+05
3.233000000000000000e+03 1.313140236167909170e+05
3.234000000000000000e+03 1.313971605470147333e+05
3.235000000000000000e+03 1.314643795430803148e+05
3.236000000000000000e+03 1.314188578130982351e+05
3.237000000000000000e+03 1.314408207574065891e+05
3.238000000000000000e+03 1.314627223243050976e+05
3.239000000000000000e+03 1.313743388119802985e+05
3.240000000000000000e+03 1.314133048319215304e+05
3.241000000000000000e+03 1.314732542358371720e+05
3.242000000000000000e+03 1.316648918314108159e+05
3.243000000000000000e+03 1.318134701038478524e+05
3.244000000000000000e+03 1.319449286533976556e+05
3.245000000000000000e+03 1.319696067112786404e+05
3.246000000000000000e+03 1.319164779309151054e+05
3.247000000000000000e+03 1.317862594207465299e+05
3.248000000000000000e+03 1.319158216923636210e+05
3.249000000000000000e+03 1.319727331275762699e+05
3.250000000000000000e+03 1.319846275417924626e+05
3.251000000000000000e+03 1.320263312835082761e+05
3.252000000000000000e+03 1.319642310799038096e+05
3.253000000000000000e+03 1.319952973110562889e+05
3.254000000000000000e+03 1.320387151235776255e+05
3.255000000000000000e+03 1.321234092001703975e+05
3.256000000000000000e+03 1.320979215128534997e+05
3.257000000000000000e+03 1.320959143642115232e+05
3.258000000000000000e+03 1.320084031272100692e+05
3.259000000000000000e+03 1.319568440252757282e+05
3.260000000000000000e+03 1.320222487917513645e+05
3.261000000000000000e+03 1.320227382205075410e+05
3.262000000000000000e+03 1.319933993359314045e+05
3.263000000000000000e+03 1.319597841465931851e+05
3.264000000000000000e+03 1.318677985297803825e+05
3.265000000000000000e+03 1.319397575432783633e+05
3.266000000000000000e+03 1.319123260710449249e+05
3.267000000000000000e+03 1.319582262134956545e+05
3.268000000000000000e+03 1.319975268114174542e+05
3.269000000000000000e+03 1.319527038081753417e+05
3.270000000000000000e+03 1.318974059274282190e+05
3.271000000000000000e+03 1.320702345502987737e+05
3.272000000000000000e+03 1.319411429195768142e+05
3.273000000000000000e+03 1.319040358320667874e+05
3.274000000000000000e+03 1.319560731216599524e+05
3.275000000000000000e+03 1.319776028089742467e+05
3.276000000000000000e+03 1.318543811681480147e+05
3.277000000000000000e+03 1.317760529290704580e+05
3.278000000000000000e+03 1.316775286265030736e+05
3.279000000000000000e+03 1.314814612345514179e+05
3.280000000000000000e+03 1.314093140084670740e+05
3.281000000000000000e+03 1.314496387914222141e+05
3.282000000000000000e+03 1.315167361451584147e+05
3.283000000000000000e+03 1.314775991536225483e+05
3.284000000000000000e+03 1.317181124460686697e+05
3.285000000000000000e+03 1.318360260231711145e+05
3.286000000000000000e+03 1.318510021314436162e+05
3.287000000000000000e+03 1.319081120340137277e+05
3.288000000000000000e+03 1.319882074039159052e+05
3.289000000000000000e+03 1.321734741793999274e+05
3.290000000000000000e+03 1.322062441068263142e+05
3.291000000000000000e+03 1.322867703639098909e+05
3.292000000000000000e+03 1.322251340675869142e+05
3.293000000000000000e+03 1.324896726932924066e+05
3.294000000000000000e+03 1.327395460077601892e+05
3.295000000000000000e+03 1.327978333739140653e+05
3.296000000000000000e+03 1.329010394065100991e+05
3.297000000000000000e+03 1.329890023581071291e+05
3.298000000000000000e+03 1.329882711550825043e+05
3.299000000000000000e+03 1.329696962732656393e+05
3.300000000000000000e+03 1.329211507762644615e+05
3.301000000000000000e+03 1.329520417431170936e+05
3.302000000000000000e+03 1.329869822343284904e+05
3.303000000000000000e+03 1.330344503078770358e+05
3.304000000000000000e+03 1.329430844234073593e+05
3.305000000000000000e+03 1.329903365054896567e+05
3.306000000000000000e+03 1.328376552498812089e+05
3.307000000000000000e+03 1.327399678048241185e+05
3.308000000000000000e+03 1.327555898160902143e+05
3.309000000000000000e+03 1.330572774762944318e+05
3.310000000000000000e+03 1.330751860742982826e+05
3.311000000000000000e+03 1.329472508096365200e+05
3.312000000000000000e+03 1.329038372734786535e+05
3.313000000000000000e+03 1.329484466693981667e+05
3.314000000000000000e+03 1.330910558001269528e+05
3.315000000000000000e+03 1.330843532821530243e+05
3.316000000000000000e+03 1.331579028594062547e+05
3.317000000000000000e+03 1.332421039173485769e+05
3.318000000000000000e+03 1.330563770346179372e+05
3.319000000000000000e+03 1.330776425342200382e+05
3.320000000000000000e+03 1.330763022664697492e+05
3.321000000000000000e+03 1.332000544604880852e+05
3.322000000000000000e+03 1.333106700429328484e+05
3.323000000000000000e+03 1.332722639509759902e+05
3.324000000000000000e+03 1.331632772943838791e+05
3.325000000000000000e+03 1.331188821968729026e+05
3.326000000000000000e+03 1.330466991801004915e+05
3.327000000000000000e+03 1.328637913740772929e+05
3.328000000000000000e+03 1.329288322178406524e+05
3.329000000000000000e+03 1.330710199114732677e+05
3.330000000000000000e+03 1.331183101854649140e+05
3.331000000000000000e+03 1.330846119057218893e+05
3.332000000000000000e+03 1.330482611348712235e+05
3.333000000000000000e+03 1.332477349205633218e+05
3.334000000000000000e+03 1.332961907264654583e+05
3.335000000000000000e+03 1.333610228374794533e+05
3.336000000000000000e+03 1.335393892468485574e+05
3.337000000000000000e+03 1.336814092670516984e+05
3.338000000000000000e+03 1.337585221748641634e+05
3.339000000000000000e+03 1.339029275518810027e+05
3.340000000000000000e+03 1.338741453636781080e+05
3.341000000000000000e+03 1.338951433991318045e+05
3.342000000000000000e+03 1.338396923386325652e+05
3.343000000000000000e+03 1.339988006633498298e+05
3.344000000000000000e+03 1.340247359664300457e+05
3.345000000000000000e+03 1.342165219080043607e+05
3.346000000000000000e+03 1.343735150102344924e+05
3.347000000000000000e+03 1.344760686719098303e+05
3.348000000000000000e+03 1.344980947761649149e+05
3.349000000000000000e+03 1.346286140117960167e+05
3.350000000000000000e+03 1.347406362647998321e+05
3.351000000000000000e+03 1.347936061542832467e+05
3.352000000000000000e+03 1.349079049813385063e+05
3.353000000000000000e+03 1.350869316403061384e+05
3.354000000000000000e+03 1.352369321724399633e+05
3.355000000000000000e+03 1.352362420948433573e+05
3.356000000000000000e+03 1.351025071090232232e+05
3.357000000000000000e+03 1.352005304603145050e+05
3.358000000000000000e+03 1.352853387086997100e+05
3.359000000000000000e+03 1.353000689743052935e+05
3.360000000000000000e+03 1.353069764351330523e+05
3.361000000000000000e+03 1.354499318222190777e+05
3.362000000000000000e+03 1.355388156177893688e+05
3.363000000000000000e+03 1.354902581063378311e+05
3.364000000000000000e+03 1.353742473096341710e+05
3.365000000000000000e+03 1.354450955187864893e+05
3.366000000000000000e+03 1.355657482606876874e+05
3.367000000000000000e+03 1.354430809754546790e+05
3.368000000000000000e+03 1.356075479455601308e+05
3.369000000000000000e+03 1.357592285718636704e+05
3.370000000000000000e+03 1.359543790663929831e+05
3.371000000000000000e+03 1.359679602366594772e+05
3.372000000000000000e+03 1.359915327317197225e+05
3.373000000000000000e+03 1.360817587335738353e+05
3.374000000000000000e+03 1.359471895822721126e+05
3.375000000000000000e+03 1.358299363367102342e+05
3.376000000000000000e+03 1.358418537428198033e+05
3.377000000000000000e+03 1.359118345687995316e+05
3.378000000000000000e+03 1.360474030833206780e+05
3.379000000000000000e+03 1.359945993800369324e+05
3.380000000000000000e+03 1.361213282534081663e+05
3.381000000000000000e+03 1.361713147624508420e+05
3.382000000000000000e+03 1.362090228744786000e+05
3.383000000000000000e+03 1.362613703344404057e+05
3.384000000000000000e+03 1.363505262991609925e+05
3.385000000000000000e+03 1.364137084053160215e+05
3.386000000000000000e+03 1.364172685454681341e+05
3.387000000000000000e+03 1.362229582172067894e+05
3.388000000000000000e+03 1.360932231970394787e+05
3.389000000000000000e+03 1.361768524076138274e+05
3.390000000000000000e+03 1.361053375790816499e+05
3.391000000000000000e+03 1.361356749679062050e+05
3.392000000000000000e+03 1.362411664150016732e+05
3.393000000000000000e+03 1.361882735135467083e+05
3.394000000000000000e+03 1.362621590566947998e+05
3.395000000000000000e+03 1.364082773464183847e+05
3.396000000000000000e+03 1.364728158559627773e+05
3.397000000000000000e+03 1.364047912952307961e+05
3.398000000000000000e+03 1.363097002217510308e+05
3.399000000000000000e+03 1.363136790721688303e+05
3.400000000000000000e+03 1.363258720692337956e+05
3.401000000000000000e+03 1.362691516970065131e+05
3.402000000000000000e+03 1.362836608681196230e+05
3.403000000000000000e+03 1.361440663758132141e+05
3.404000000000000000e+03 1.362969349133700307e+05
3.405000000000000000e+03 1.363139330240002309e+05
3.406000000000000000e+03 1.364270970166358456e+05
3.407000000000000000e+03 1.363771342708411103e+05
3.408000000000000000e+03 1.363945933629792999e+05
3.409000000000000000e+03 1.363640179818245233e+05
3.410000000000000000e+03 1.364151563721290149e+05
3.411000000000000000e+03 1.364866714463591925e+05
3.412000000000000000e+03 1.366252015892037889e+05
3.413000000000000000e+03 1.366022436250566971e+05
3.414000000000000000e+03 1.367475828015200968e+05
3.415000000000000000e+03 1.368461883454821946e+05
3.416000000000000000e+03 1.368651980335649278e+05
3.417000000000000000e+03 1.370280735805013392e+05
3.418000000000000000e+03 1.371324856758939859e+05
3.419000000000000000e+03 1.371955936873003666e+05
3.420000000000000000e+03 1.371951786694726325e+05
3.421000000000000000e+03 1.372935682920759427e+05
3.422000000000000000e+03 1.373914589745241974e+05
3.423000000000000000e+03 1.374815016039660550e+05
3.424000000000000000e+03 1.374581768839753058e+05
3.425000000000000000e+03 1.374945090815077128e+05
3.426000000000000000e+03 1.376214240327387524e+05
3.427000000000000000e+03 1.376429946470194263e+05
3.428000000000000000e+03 1.376580436884627852e+05
3.429000000000000000e+03 1.377622866140827828e+05
3.430000000000000000e+03 1.377549414766568516e+05
3.431000000000000000e+03 1.378629798506764637e+05
3.432000000000000000e+03 1.377958843725406041e+05
3.433000000000000000e+03 1.377488519084276340e+05
3.434000000000000000e+03 1.376415430837093736e+05
3.435000000000000000e+03 1.377948873426065838e+05
3.436000000000000000e+03 1.377758648127389897e+05
3.437000000000000000e+03 1.378644079364205245e+05
3.438000000000000000e+03 1.377812504737311974e+05
3.439000000000000000e+03 1.378241030182806135e+05
3.440000000000000000e+03 1.377883250058311678e+05
3.441000000000000000e+03 1.377629257164548617e+05
3.442000000000000000e+03 1.378059313309358549e+05
3.443000000000000000e+03 1.377843842868160864e+05
3.444000000000000000e+03 1.377425871877627505e+05
3.445000000000000000e+03 1.377188340538934863e+05
3.446000000000000000e+03 1.378682088612049120e+05
3.447000000000000000e+03 1.377590954780245665e+05
3.448000000000000000e+03 1.377076830534905894e+05
3.449000000000000000e+03 1.379390445576616621e+05
3.450000000000000000e+03 1.379838977484079078e+05
3.451000000000000000e+03 1.381343874919531809e+05
3.452000000000000000e+03 1.382079964412869595e+05
3.453000000000000000e+03 1.382822768931875762e+05
3.454000000000000000e+03 1.383499943655444076e+05
3.455000000000000000e+03 1.385682495469542337e+05
3.456000000000000000e+03 1.387671909872517281e+05
3.457000000000000000e+03 1.387019819555090799e+05
3.458000000000000000e+03 1.387743598158126697e+05
3.459000000000000000e+03 1.388521017739336239e+05
3.460000000000000000e+03 1.386688881558049470e+05
3.461000000000000000e+03 1.387295392140526092e+05
3.462000000000000000e+03 1.388520855131289863e+05
3.463000000000000000e+03 1.388259780887215747e+05
3.464000000000000000e+03 1.389056795864096493e+05
3.465000000000000000e+03 1.389120036813103943e+05
3.466000000000000000e+03 1.390178950943225645e+05
3.467000000000000000e+03 1.390728601534118643e+05
3.468000000000000000e+03 1.391347000651651470e+05
3.469000000000000000e+03 1.392852905500305642e+05
3.470000000000000000e+03 1.393691266502044455e+05
3.471000000000000000e+03 1.395207331152383122e+05
3.472000000000000000e+03 1.395076695554515463e+05
3.473000000000000000e+03 1.395426398096243793e+05
3.474000000000000000e+03 1.396364018208182533e+05
3.475000000000000000e+03 1.396909064199813874e+05
3.476000000000000000e+03 1.399268068404811202e+05
3.477000000000000000e+03 1.401846539701109868e+05
3.478000000000000000e+03 1.401824659852022305e+05
3.479000000000000000e+03 1.401664323512193514e+05
3.480000000000000000e+03 1.403445066467040451e+05
3.481000000000000000e+03 1.405216519712200097e+05
3.482000000000000000e+03 1.403754147266674845e+05
3.483000000000000000e+03 1.404054651664658741e+05
3.484000000000000000e+03 1.403447012196542637e+05
3.485000000000000000e+03 1.405364688878513116e+05
3.486000000000000000e+03 1.406592759257733123e+05
3.487000000000000000e+03 1.409004809233222331e+05
3.488000000000000000e+03 1.409694024306229840e+05
3.489000000000000000e+03 1.410174824139563134e+05
3.490000000000000000e+03 1.410168186507739010e+05
3.491000000000000000e+03 1.411033199334454839e+05
3.492000000000000000e+03 1.411869924284890003e+05
3.493000000000000000e+03 1.411639354163521202e+05
3.494000000000000000e+03 1.412001383723272011e+05
3.495000000000000000e+03 1.410126527872107690e+05
3.496000000000000000e+03 1.408879150993140065e+05
3.497000000000000000e+03 1.408820951111527102e+05
3.498000000000000000e+03 1.408955404799964745e+05
3.499000000000000000e+03 1.409369129058803373e+05
3.500000000000000000e+03 1.410748812054311566e+05
3.501000000000000000e+03 1.410853715748964169e+05
3.502000000000000000e+03 1.412357645371617109e+05
3.503000000000000000e+03 1.413246126881671662e+05
3.504000000000000000e+03 1.413407824915453384e+05
3.505000000000000000e+03 1.413082007668295410e+05
3.506000000000000000e+03 1.415217986920987605e+05
3.507000000000000000e+03 1.416564599322055001e+05
3.508000000000000000e+03 1.416590383001329028e+05
3.509000000000000000e+03 1.416704485021809523e+05
3.510000000000000000e+03 1.418558112824329291e+05
3.511000000000000000e+03 1.418563320710814442e+05
3.512000000000000000e+03 1.419979893696786894e+05
3.513000000000000000e+03 1.420830586414692807e+05
3.514000000000000000e+03 1.421574408929091587e+05
3.515000000000000000e+03 1.422550831134708424e+05
3.516000000000000000e+03 1.422018246461552044e+05
3.517000000000000000e+03 1.420847405075889546e+05
3.518000000000000000e+03 1.421314080004008138e+05
3.519000000000000000e+03 1.422830102482873190e+05
3.520000000000000000e+03 1.424302934412586910e+05
3.521000000000000000e+03 1.425398196883898927e+05
3.522000000000000000e+03 1.425353142941480910e+05
3.523000000000000000e+03 1.425601741188399319e+05
3.524000000000000000e+03 1.425069053724296973e+05
3.525000000000000000e+03 1.425086152988729300e+05
3.526000000000000000e+03 1.424977862645198766e+05
3.527000000000000000e+03 1.425561264116265520e+05
3.528000000000000000e+03 1.426207412069893326e+05
3.529000000000000000e+03 1.424897922429751197e+05
3.530000000000000000e+03 1.426914445021927240e+05
3.531000000000000000e+03 1.428480264047485543e+05
3.532000000000000000e+03 1.427877063268694037e+05
3.533000000000000000e+03 1.426784245986336318e+05
3.534000000000000000e+03 1.427262095064300229e+05
3.535000000000000000e+03 1.428343021020937304e+05
3.536000000000000000e+03 1.429147407303485670e+05
3.537000000000000000e+03 1.431311220648156886e+05
3.538000000000000000e+03 1.430441604029478913e+05
3.539000000000000000e+03 1.428360002354833996e+05
3.540000000000000000e+03 1.428510098492986290e+05
3.541000000000000000e+03 1.429839368447414017e+05
3.542000000000000000e+03 1.428972441955494578e+05
3.543000000000000000e+03 1.429115599619704008e+05
3.544000000000000000e+03 1.431322801008643874e+05
3.545000000000000000e+03 1.432258397683504445e+05
3.546000000000000000e+03 1.431776223427968216e+05
3.547000000000000000e+03 1.432677180938419187e+05
3.548000000000000000e+03 1.433334622316998721e+05
3.549000000000000000e+03 1.432685893981582485e+05
3.550000000000000000e+03 1.433326996205206960e+05
3.551000000000000000e+03 1.433455958603332983e+05
3.552000000000000000e+03 1.434634250190867751e+05
3.553000000000000000e+03 1.434306339076189906e+05
3.554000000000000000e+03 1.435280525275064283e+05
3.555000000000000000e+03 1.435149003363231313e+05
3.556000000000000000e+03 1.437581762320073904e+05
3.557000000000000000e+03 1.437188333075070404e+05
3.558000000000000000e+03 1.437096781675576640e+05
3.559000000000000000e+03 1.437344591380347265e+05
3.560000000000000000e+03 1.435379513278428931e+05
3.561000000000000000e+03 1.436820984953050793e+05
3.562000000000000000e+03 1.436374937943567056e+05
3.563000000000000000e+03 1.437527155091819295e+05
3.564000000000000000e+03 1.437715287170782394e+05
3.565000000000000000e+03 1.439818773395811731e+05
3.566000000000000000e+03 1.440404624252822541e+05
3.567000000000000000e+03 1.441157383414962096e+05
3.568000000000000000e+03 1.441092215650226863e+05
3.569000000000000000e+03 1.441310423229332373e+05
3.570000000000000000e+03 1.443732750739331241e+05
3.571000000000000000e+03 1.445488804580733704e+05
3.572000000000000000e+03 1.446129394689641776e+05
3.573000000000000000e+03 1.446735873443376040e+05
3.574000000000000000e+03 1.447471323007182218e+05
3.575000000000000000e+03 1.448031828809703002e+05
3.576000000000000000e+03 1.446834540864796145e+05
3.577000000000000000e+03 1.446554110870503646e+05
3.578000000000000000e+03 1.445710523109894712e+05
3.579000000000000000e+03 1.444630161244900664e+05
3.580000000000000000e+03 1.445920397397477645e+05
3.581000000000000000e+03 1.445716553174432484e+05
3.582000000000000000e+03 1.446035367483630253e+05
3.583000000000000000e+03 1.445404615417478199e+05
3.584000000000000000e+03 1.445634664186203736e+05
3.585000000000000000e+03 1.445659290308924392e+05
3.586000000000000000e+03 1.444482485085350927e+05
3.587000000000000000e+03 1.443948263657033094e+05
3.588000000000000000e+03 1.444463093797547044e+05
3.589000000000000000e+03 1.445304347219327174e+05
3.590000000000000000e+03 1.446744619444887794e+05
3.591000000000000000e+03 1.446469037396524800e+05
3.592000000000000000e+03 1.447517649019838136e+05
3.593000000000000000e+03 1.447523405559174134e+05
3.594000000000000000e+03 1.447892330833787855e+05
3.595000000000000000e+03 1.449304083723985823e+05
3.596000000000000000e+03 1.450163028279248683e+05
3.597000000000000000e+03 1.451182695587312046e+05
3.598000000000000000e+03 1.452795290130436188e+05
3.599000000000000000e+03 1.451717119053409260e+05
3.600000000000000000e+03 1.453237957258277747e+05
3.601000000000000000e+03 1.453735959637165361e+05
3.602000000000000000e+03 1.454519675879114075e+05
3.603000000000000000e+03 1.453643862635151891e+05
3.604000000000000000e+03 1.453953027564997319e+05
3.605000000000000000e+03 1.455622292331684730e+05
3.606000000000000000e+03 1.456606440227941785e+05
3.607000000000000000e+03 1.457846410650757316e+05
3.608000000000000000e+03 1.459052922308623092e+05
3.609000000000000000e+03 1.461962684033971454e+05
3.610000000000000000e+03 1.461971577560365840e+05
3.611000000000000000e+03 1.463091297039892233e+05
3.612000000000000000e+03 1.463718969236939156e+05
3.613000000000000000e+03 1.464929817249607295e+05
3.614000000000000000e+03 1.465757795955813781e+05
3.615000000000000000e+03 1.466968267005919770e+05
3.616000000000000000e+03 1.466882034486601478e+05
3.617000000000000000e+03 1.466781044272573490e+05
3.618000000000000000e+03 1.465216219094883418e+05
3.619000000000000000e+03 1.465049214502316900e+05
3.620000000000000000e+03 1.465435334496179421e+05
3.621000000000000000e+03 1.467038621184030198e+05
3.622000000000000000e+03 1.466173734285486571e+05
3.623000000000000000e+03 1.465747265107608982e+05
3.624000000000000000e+03 1.467459734953295556e+05
3.625000000000000000e+03 1.469818584287367121e+05
3.626000000000000000e+03 1.469703508230405860e+05
3.627000000000000000e+03 1.469313064279926184e+05
3.628000000000000000e+03 1.471818801139662100e+05
3.629000000000000000e+03 1.472429162393898587e+05
3.630000000000000000e+03 1.472076260577445792e+05
3.631000000000000000e+03 1.472576443660042132e+05
3.632000000000000000e+03 1.474142205294741434e+05
3.633000000000000000e+03 1.474384950256068842e+05
3.634000000000000000e+03 1.476034008991777664e+05
3.635000000000000000e+03 1.476882739959710743e+05
3.636000000000000000e+03 1.476291744275594247e+05
3.637000000000000000e+03 1.477124607515544049e+05
3.638000000000000000e+03 1.477526668844997184e+05
3.639000000000000000e+03 1.478444058352953580e+05
3.640000000000000000e+03 1.479991369289268041e+05
3.641000000000000000e+03 1.478893233632731135e+05
3.642000000000000000e+03 1.479345362129065034e+05
3.643000000000000000e+03 1.478552119536439131e+05
3.644000000000000000e+03 1.478650442473362782e+05
3.645000000000000000e+03 1.476419394944855012e+05
3.646000000000000000e+03 1.477501694089886150e+05
3.647000000000000000e+03 1.477691090261527570e+05
3.648000000000000000e+03 1.478557532773945131e+05
3.649000000000000000e+03 1.479468189024474996e+05
3.650000000000000000e+03 1.479649718398560071e+05
3.651000000000000000e+03 1.479271683377452719e+05
3.652000000000000000e+03 1.480479501833413960e+05
3.653000000000000000e+03 1.480878526835480880e+05
3.654000000000000000e+03 1.481068953782336030e+05
3.655000000000000000e+03 1.482462993282176903e+05
3.656000000000000000e+03 1.483255887530174805e+05
3.657000000000000000e+03 1.484645648774462170e+05
3.658000000000000000e+03 1.485300617259240826e+05
3.659000000000000000e+03 1.485862023779429146e+05
3.660000000000000000e+03 1.486130317285853962e+05
3.661000000000000000e+03 1.487188653057107877e+05
3.662000000000000000e+03 1.488715610482904594e+05
3.663000000000000000e+03 1.489823821087045071e+05
3.664000000000000000e+03 1.491260634224613896e+05
3.665000000000000000e+03 1.492136907905306434e+05
3.666000000000000000e+03 1.494385864924631896e+05
3.667000000000000000e+03 1.495385179742656182e+05
3.668000000000000000e+03 1.497016719494790887e+05
3.669000000000000000e+03 1.497323098937973846e+05
3.670000000000000000e+03 1.497422763787893055e+05
3.671000000000000000e+03 1.497743457898502238e+05
3.672000000000000000e+03 1.499127470324468450e+05
3.673000000000000000e+03 1.498404040743571240e+05
3.674000000000000000e+03 1.497995588422398141e+05
3.675000000000000000e+03 1.498503499690846656e+05
3.676000000000000000e+03 1.496595649803184788e+05
3.677000000000000000e+03 1.497227348170213227e+05
3.678000000000000000e+03 1.497719348597694188e+05
3.679000000000000000e+03 1.496981243362999812e+05
3.680000000000000000e+03 1.498236904504643462e+05
3.681000000000000000e+03 1.499282197901084146e+05
3.682000000000000000e+03 1.500603964756683563e+05
3.683000000000000000e+03 1.500833540267368371e+05
3.684000000000000000e+03 1.502099082831036067e+05
3.685000000000000000e+03 1.502809287272505171e+05
3.686000000000000000e+03 1.503099539778709004e+05
3.687000000000000000e+03 1.502205301507049298e+05
3.688000000000000000e+03 1.501776370197653305e+05
3.689000000000000000e+03 1.502583619560373481e+05
3.690000000000000000e+03 1.502153248024559580e+05
3.691000000000000000e+03 1.501324905823641457e+05
3.692000000000000000e+03 1.501657974587929784e+05
3.693000000000000000e+03 1.503474853520616598e+05
3.694000000000000000e+03 1.503192823815878073e+05
3.695000000000000000e+03 1.504259062729148136e+05
3.696000000000000000e+03 1.504494178051828931e+05
3.697000000000000000e+03 1.504313996345499472e+05
3.698000000000000000e+03 1.503312117545098590e+05
3.699000000000000000e+03 1.502331833140928356e+05
3.700000000000000000e+03 1.503803964114784612e+05
3.701000000000000000e+03 1.505060759266279638e+05
3.702000000000000000e+03 1.505926001559632714e+05
3.703000000000000000e+03 1.507018787388942728e+05
3.704000000000000000e+03 1.506753131653447927e+05
3.705000000000000000e+03 1.505709288664321357e+05
3.706000000000000000e+03 1.505049927556541224e+05
3.707000000000000000e+03 1.505690437539107807e+05
3.708000000000000000e+03 1.503881571839133685e+05
3.709000000000000000e+03 1.501765940795434290e+05
3.710000000000000000e+03 1.502554286498287111e+05
3.711000000000000000e+03 1.502413823671080754e+05
3.712000000000000000e+03 1.503184669979701575e+05
3.713000000000000000e+03 1.503088670950864325e+05
3.714000000000000000e+03 1.503103852064717794e+05
3.715000000000000000e+03 1.503685189070764754e+05
3.716000000000000000e+03 1.504581737428877968e+05
3.717000000000000000e+03 1.504686216623369546e+05
3.718000000000000000e+03 1.505521618291744089e+05
3.719000000000000000e+03 1.507331487078492646e+05
3.720000000000000000e+03 1.507962281088868331e+05
3.721000000000000000e+03 1.507409252625571680e+05
3.722000000000000000e+03 1.507637583017360303e+05
3.723000000000000000e+03 1.508271042617431667e+05
3.724000000000000000e+03 1.507380075760936015e+05
3.725000000000000000e+03 1.509398786048932525e+05
3.726000000000000000e+03 1.509222225868229871e+05
3.727000000000000000e+03 1.507609614812982036e+05
3.728000000000000000e+03 1.507832262965702394e+05
3.729000000000000000e+03 1.506684251163798617e+05
3.730000000000000000e+03 1.506718424886414723e+05
3.731000000000000000e+03 1.505941728572030552e+05
3.732000000000000000e+03 1.506458220392986259e+05
3.733000000000000000e+03 1.506974572427784733e+05
3.734000000000000000e+03 1.507179889248218678e+05
3.735000000000000000e+03 1.508161902442748833e+05
3.736000000000000000e+03 1.507936265116239665e+05
3.737000000000000000e+03 1.508568086800953897e+05
3.738000000000000000e+03 1.510507934861668618e+05
3.739000000000000000e+03 1.510834657491543330e+05
3.740000000000000000e+03 1.509766515461213421e+05
3.741000000000000000e+03 1.510506111527737521e+05
3.742000000000000000e+03 1.511233490982484946e+05
3.743000000000000000e+03 1.511673786894168006e+05
3.744000000000000000e+03 1.512124568818085827e+05
3.745000000000000000e+03 1.513263358062970510e+05
3.746000000000000000e+03 1.513249659711497661e+05
3.747000000000000000e+03 1.514400722172816459e+05
3.748000000000000000e+03 1.515384907089645567e+05
3.749000000000000000e+03 1.515886646198523522e+05
3.750000000000000000e+03 1.515436360613341967e+05
3.751000000000000000e+03 1.515846568553358084e+05
3.752000000000000000e+03 1.516191627770927444e+05
3.753000000000000000e+03 1.515789297320997575e+05
3.754000000000000000e+03 1.516903656309260696e+05
3.755000000000000000e+03 1.517503976124706387e+05
3.756000000000000000e+03 1.516990896393432631e+05
3.757000000000000000e+03 1.517943249896864581e+05
3.758000000000000000e+03 1.519797798261131975e+05
3.759000000000000000e+03 1.519727369168708974e+05
3.760000000000000000e+03 1.520041910362397030e+05
3.761000000000000000e+03 1.521368750177668990e+05
3.762000000000000000e+03 1.522279091757562419e+05
3.763000000000000000e+03 1.521526039635762863e+05
3.764000000000000000e+03 1.522404397914883157e+05
3.765000000000000000e+03 1.523316845925745147e+05
3.766000000000000000e+03 1.525291066248422721e+05
3.767000000000000000e+03 1.525734845558918896e+05
3.768000000000000000e+03 1.526497418321787554e+05
3.769000000000000000e+03 1.525871543250031536e+05
3.770000000000000000e+03 1.528090825872697169e+05
3.771000000000000000e+03 1.528976609533683222e+05
3.772000000000000000e+03 1.529557538127682637e+05
3.773000000000000000e+03 1.529433130757277249e+05
3.774000000000000000e+03 1.530485423615980835e+05
3.775000000000000000e+03 1.532080253305824590e+05
3.776000000000000000e+03 1.533194695329737733e+05
3.777000000000000000e+03 1.533466233675493568e+05
3.778000000000000000e+03 1.534200603811521141e+05
3.779000000000000000e+03 1.534561630253745243e+05
3.780000000000000000e+03 1.535242261711928004e+05
3.781000000000000000e+03 1.536185039481160347e+05
3.782000000000000000e+03 1.535803970223066281e+05
3.783000000000000000e+03 1.533859240569867834e+05
3.784000000000000000e+03 1.533191431347953039e+05
3.785000000000000000e+03 1.532960027048129996e+05
3.786000000000000000e+03 1.533445578854487103e+05
3.787000000000000000e+03 1.533311945997525472e+05
3.788000000000000000e+03 1.533288037377989094e+05
3.789000000000000000e+03 1.533088289201256121e+05
3.790000000000000000e+03 1.532300956150445272e+05
3.791000000000000000e+03 1.532590539176641323e+05
3.792000000000000000e+03 1.533468090938557289e+05
3.793000000000000000e+03 1.531130869786382536e+05
3.794000000000000000e+03 1.532250098014159885e+05
3.795000000000000000e+03 1.532496533893131709e+05
3.796000000000000000e+03 1.533216495807709871e+05
3.797000000000000000e+03 1.531954948838689888e+05
3.798000000000000000e+03 1.531965630733121943e+05
3.799000000000000000e+03 1.530916984164978494e+05
3.800000000000000000e+03 1.531681701691748167e+05
3.801000000000000000e+03 1.531238117925491824e+05
3.802000000000000000e+03 1.531521484512220777e+05
3.803000000000000000e+03 1.533702829913047608e+05
3.804000000000000000e+03 1.532297403321400925e+05
3.805000000000000000e+03 1.532836890669423447e+05
3.806000000000000000e+03 1.534637247618530819e+05
3.807000000000000000e+03 1.533337257265336229e+05
3.808000000000000000e+03 1.535932475916218536e+05
3.809000000000000000e+03 1.537716081965854391e+05
3.810000000000000000e+03 1.539139892937904224e+05
3.811000000000000000e+03 1.539985403246476490e+05
3.812000000000000000e+03 1.537438352511423582e+05
3.813000000000000000e+03 1.538185381908017443e+05
3.814000000000000000e+03 1.538193684993257048e+05
3.815000000000000000e+03 1.536995497072528524e+05
3.816000000000000000e+03 1.537673637384950416e+05
3.817000000000000000e+03 1.539267907493398816e+05
3.818000000000000000e+03 1.540009525652080483e+05
3.819000000000000000e+03 1.540246839155405760e+05
3.820000000000000000e+03 1.542372968399624224e+05
3.821000000000000000e+03 1.541807647987962118e+05
3.822000000000000000e+03 1.543072124604451819e+05
3.823000000000000000e+03 1.544836449904755282e+05
3.824000000000000000e+03 1.546389676509940182e+05
3.825000000000000000e+03 1.547324414347736747e+05
3.826000000000000000e+03 1.547832177191966621e+05
3.827000000000000000e+03 1.548755820185456541e+05
3.828000000000000000e+03 1.549356554056758469e+05
3.829000000000000000e+03 1.549448092222361884e+05
3.830000000000000000e+03 1.551395050665797025e+05
3.831000000000000000e+03 1.550643954887983855e+05
3.832000000000000000e+03 1.551636578516325681e+05
3.833000000000000000e+03 1.552145116232798900e+05
3.834000000000000000e+03 1.550616467753712204e+05
3.835000000000000000e+03 1.550771986012767884e+05
3.836000000000000000e+03 1.552248512222637364e+05
3.837000000000000000e+03 1.552938008419865218e+05
3.838000000000000000e+03 1.552753274260852195e+05
3.839000000000000000e+03 1.553605063212279056e+05
3.840000000000000000e+03 1.554169673379602318e+05
3.841000000000000000e+03 1.554811805714446236e+05
3.842000000000000000e+03 1.553150008402823587e+05
3.843000000000000000e+03 1.554214613570636429e+05
3.844000000000000000e+03 1.552971561572194914e+05
3.845000000000000000e+03 1.552577232232762908e+05
3.846000000000000000e+03 1.552075592865237559e+05
3.847000000000000000e+03 1.552043840256146214e+05
3.848000000000000000e+03 1.552768242052189016e+05
3.849000000000000000e+03 1.552828388857391255e+05
3.850000000000000000e+03 1.552803514911551028e+05
3.851000000000000000e+03 1.552081616650848882e+05
3.852000000000000000e+03 1.551752279807755549e+05
3.853000000000000000e+03 1.552837599449729896e+05
3.854000000000000000e+03 1.552798150809494546e+05
3.855000000000000000e+03 1.552919601350747398e+05
3.856000000000000000e+03 1.554264713816623844e+05
3.857000000000000000e+03 1.554709287322453747e+05
3.858000000000000000e+03 1.554698217882344325e+05
3.859000000000000000e+03 1.554148624273695750e+05
3.860000000000000000e+03 1.553434292717731732e+05
3.861000000000000000e+03 1.553435402933837031e+05
3.862000000000000000e+03 1.556901549020478851e+05
3.863000000000000000e+03 1.557983788992824557e+05
3.864000000000000000e+03 1.557967818730910367e+05
3.865000000000000000e+03 1.557562272499247629e+05
3.866000000000000000e+03 1.557296424455217202e+05
3.867000000000000000e+03 1.558676208376876020e+05
3.868000000000000000e+03 1.558452271557484346e+05
3.869000000000000000e+03 1.560302115263703454e+05
3.870000000000000000e+03 1.561293530981595686e+05
3.871000000000000000e+03 1.560513257289237808e+05
3.872000000000000000e+03 1.561165917089099821e+05
3.873000000000000000e+03 1.562638707363121794e+05
3.874000000000000000e+03 1.562279446022151096e+05
3.875000000000000000e+03 1.561461529086937662e+05
3.876000000000000000e+03 1.560673975860263745e+05
3.877000000000000000e+03 1.560947916051513166e+05
3.878000000000000000e+03 1.561406653374096786e+05
3.879000000000000000e+03 1.562365400996761455e+05
3.880000000000000000e+03 1.563058688833650376e+05
3.881000000000000000e+03 1.562871827314911352e+05
3.882000000000000000e+03 1.562986292773816094e+05
3.883000000000000000e+03 1.564726732242069265e+05
3.884000000000000000e+03 1.564147572196228139e+05
3.885000000000000000e+03 1.564203793418263667e+05
3.886000000000000000e+03 1.564111428324769659e+05
3.887000000000000000e+03 1.564211796079334163e+05
3.888000000000000000e+03 1.563895906084867602e+05
3.889000000000000000e+03 1.565380152521828131e+05
3.890000000000000000e+03 1.566481567092805053e+05
3.891000000000000000e+03 1.565496508652398770e+05
3.892000000000000000e+03 1.563588898009159893e+05
3.893000000000000000e+03 1.564116575615004112e+05
3.894000000000000000e+03 1.564704521440996614e+05
3.895000000000000000e+03 1.566419303653002426e+05
3.896000000000000000e+03 1.566073710847180919e+05
3.897000000000000000e+03 1.565216719275772339e+05
3.898000000000000000e+03 1.565474266999064421e+05
3.899000000000000000e+03 1.566372565425594803e+05
3.900000000000000000e+03 1.564264744745095959e+05
3.901000000000000000e+03 1.564790724412995914e+05
3.902000000000000000e+03 1.566364704386831727e+05
3.903000000000000000e+03 1.566877325171410630e+05
3.904000000000000000e+03 1.567790796592271363e+05
3.905000000000000000e+03 1.571018910008275125e+05
3.906000000000000000e+03 1.570761884154271684e+05
3.907000000000000000e+03 1.570617388638307166e+05
3.908000000000000000e+03 1.569630291453608661e+05
3.909000000000000000e+03 1.569703970596354920e+05
3.910000000000000000e+03 1.569651599949666706e+05
3.911000000000000000e+03 1.570264544336542604e+05
3.912000000000000000e+03 1.571162865426767967e+05
3.913000000000000000e+03 1.572010166748983320e+05
3.914000000000000000e+03 1.573423264196978998e+05
3.915000000000000000e+03 1.572943867799705768e+05
3.916000000000000000e+03 1.572687859168239229e+05
3.917000000000000000e+03 1.572266894186915015e+05
3.918000000000000000e+03 1.573511944957653468e+05
3.919000000000000000e+03 1.573155717187868431e+05
3.920000000000000000e+03 1.571887939853236603e+05
3.921000000000000000e+03 1.571814722307901829e+05
3.922000000000000000e+03 1.570003574068751477e+05
3.923000000000000000e+03 1.569095387183547136e+05
3.924000000000000000e+03 1.568929149114970933e+05
3.925000000000000000e+03 1.567952076407780696e+05
3.926000000000000000e+03 1.568183214016335551e+05
3.927000000000000000e+03 1.567158263948765525e+05
3.928000000000000000e+03 1.566090122101382003e+05
3.929000000000000000e+03 1.566905578331645811e+05
3.930000000000000000e+03 1.567493046843556222e+05
3.931000000000000000e+03 1.569334181350392464e+05
3.932000000000000000e+03 1.571143686814035173e+05
3.933000000000000000e+03 1.572149627368092479e+05
3.934000000000000000e+03 1.572664486712140497e+05
3.935000000000000000e+03 1.571993586090924509e+05
3.936000000000000000e+03 1.572484889197929879e+05
3.937000000000000000e+03 1.573087248092706432e+05
3.938000000000000000e+03 1.572728671574374021e+05
3.939000000000000000e+03 1.572674500047426554e+05
3.940000000000000000e+03 1.573997960765381576e+05
3.941000000000000000e+03 1.573130338675606472e+05
3.942000000000000000e+03 1.573770142802068149e+05
3.943000000000000000e+03 1.575779756712970848e+05
3.944000000000000000e+03 1.575437729181290197e+05
3.945000000000000000e+03 1.574304080637749867e+05
3.946000000000000000e+03 1.576180293198373110e+05
3.947000000000000000e+03 1.577461032362276455e+05
3.948000000000000000e+03 1.577360131839523092e+05
3.949000000000000000e+03 1.577718532114469563e+05
3.950000000000000000e+03 1.578416902924361348e+05
3.951000000000000000e+03 1.579531599300517410e+05
3.952000000000000000e+03 1.580378175489404530e+05
3.953000000000000000e+03 1.581326437788460171e+05
3.954000000000000000e+03 1.580098837368391396e+05
3.955000000000000000e+03 1.581673529247388069e+05
3.956000000000000000e+03 1.582516386484072136e+05
3.957000000000000000e+03 1.584978277713431744e+05
3.958000000000000000e+03 1.587198807875859202e+05
3.959000000000000000e+03 1.586472538865644601e+05
3.960000000000000000e+03 1.585152457814048394e+05
3.961000000000000000e+03 1.583380122260397766e+05
3.962000000000000000e+03 1.585938998825989547e+05
3.963000000000000000e+03 1.585984880806186993e+05
3.964000000000000000e+03 1.586713549264675239e+05
3.965000000000000000e+03 1.587904385825475911e+05
3.966000000000000000e+03 1.589956964996627648e+05
3.967000000000000000e+03 1.590735449885852577e+05
3.968000000000000000e+03 1.591321930985652434e+05
3.969000000000000000e+03 1.592121786335436336e+05
3.970000000000000000e+03 1.594631010262170748e+05
3.971000000000000000e+03 1.596614988110962731e+05
3.972000000000000000e+03 1.595909957860118011e+05
3.973000000000000000e+03 1.596298368800467288e+05
3.974000000000000000e+03 1.596914546752272290e+05
3.975000000000000000e+03 1.598338698885253107e+05
3.976000000000000000e+03 1.599222622550138913e+05
3.977000000000000000e+03 1.600509366906442156e+05
3.978000000000000000e+03 1.600044530669166998e+05
3.979000000000000000e+03 1.602079842477428028e+05
3.980000000000000000e+03 1.601114556054187124e+05
3.981000000000000000e+03 1.602034941944003804e+05
3.982000000000000000e+03 1.602970450089675141e+05
3.983000000000000000e+03 1.603148532296439516e+05
3.984000000000000000e+03 1.603718318589521223e+05
3.985000000000000000e+03 1.603195739244022698e+05
3.986000000000000000e+03 1.603219380490475451e+05
3.987000000000000000e+03 1.604241852754253487e+05
3.988000000000000000e+03 1.606318143524862826e+05
3.989000000000000000e+03 1.606883151178722328e+05
3.990000000000000000e+03 1.608204422220946872e+05
3.991000000000000000e+03 1.608337613620064512e+05
3.992000000000000000e+03 1.607456435320842429e+05
3.993000000000000000e+03 1.609211941495933570e+05
3.994000000000000000e+03 1.609700056436870655e+05
3.995000000000000000e+03 1.611708546224567690e+05
3.996000000000000000e+03 1.612586836942103982e+05
3.997000000000000000e+03 1.614226478755238641e+05
3.998000000000000000e+03 1.614651549481546390e+05
3.999000000000000000e+03 1.615644312982608681e+05
