Charge,x,mean_density,std_density,n_replicas
8,0.0,0.010355078941441442,0.0003808737939370532,3
8,0.3000000000002103,0.010317985608108107,0.00044634152112613617,3
8,0.5999999999997954,0.010288047409909911,0.0004950867157480308,3
8,0.8999999999993804,0.01028239126126126,0.0005089435656234723,3
8,1.1999999999996191,0.010245805855855857,0.00048005677933445724,3
8,1.4999999999999716,0.010208291081081079,0.00047441439132226744,3
8,1.8000000000002103,0.010165814211711715,0.0004458073694983074,3
8,2.0999999999997954,0.010092467837837835,0.00045044380551249934,3
8,2.3999999999993804,0.010034717229729732,0.0004637092708506385,3
8,2.699999999999619,0.009981373783783784,0.00044666680582111824,3
8,2.9999999999999716,0.009894050720720722,0.00046663378776922533,3
8,3.3000000000002103,0.00990898547297297,0.0004020214322995851,3
8,3.5999999999997954,0.009911987342342343,0.0004004539237348352,3
8,3.8999999999993804,0.009935741734234234,0.0004125253219857114,3
8,4.199999999999648,0.009989054324324327,0.0004278792175403611,3
8,4.499999999999943,0.010004055990990994,0.0004174597236411459,3
8,4.80000000000021,0.010091699977477477,0.00043629790664519874,3
8,5.099999999999795,0.01013036454954955,0.00041511799350751384,3
8,5.39999999999938,0.010204703558558556,0.0004113404633241756,3
8,5.699999999999648,0.010218827094594596,0.0003831593053810299,3
8,5.999999999999943,0.010196128986486487,0.00035357242057124143,3
8,6.300000000000182,0.010208281779279285,0.0002861365431708924,3
8,6.599999999999795,0.010194734527027028,0.0002053019955555025,3
8,6.899999999999409,0.010232342027027027,0.0001600193368902136,3
8,7.199999999999676,0.010267193581081078,0.00012869604509670467,3
8,7.499999999999915,0.010297055765765764,8.55498475101837e-05,3
8,7.800000000000182,0.010323155585585586,0.0001124667562013918,3
8,8.099999999999795,0.010282798490990988,0.0001362345545309095,3
8,8.399999999999409,0.010305039144144143,0.00015756267461719813,3
8,8.699999999999704,0.010317451103603601,0.00018858950026380504,3
8,8.999999999999886,0.010281973738738738,0.000190871672411282,3
8,9.300000000000182,0.01032221265765766,0.00020273137832216686,3
8,9.599999999999795,0.010305704954954954,0.00022825604275142513,3
8,9.899999999999409,0.01033682792792793,0.00024273813777129157,3
8,10.199999999999704,0.010321770990990993,0.00024491123560719326,3
8,10.499999999999886,0.010304271013513515,0.0002286270650760031,3
8,10.800000000000182,0.010341700315315316,0.0001937480066191369,3
8,11.099999999999795,0.010404513243243242,0.00017684671705416635,3
8,11.399999999999409,0.010385043198198197,0.0001807615491829791,3
8,11.699999999999704,0.010371878490990992,0.0002210579933408755,3
8,11.999999999999886,0.010357130698198198,0.00023703669924258474,3
8,12.300000000000182,0.010299022972972976,0.00028337469749969713,3
8,12.599999999999795,0.010261212004504508,0.0002459333229939687,3
8,12.899999999999409,0.010270638536036034,0.0002235224634237288,3
8,13.199999999999704,0.01024632849099099,0.0003089418530606284,3
8,13.499999999999858,0.010284568581081082,0.0003225066875707951,3
8,13.800000000000182,0.010310845045045043,0.00032210622168527296,3
8,14.099999999999795,0.010325497927927927,0.00036059984815164773,3
8,14.399999999999409,0.01036644031531532,0.00036153564069834395,3
8,14.699999999999733,0.010427635945945942,0.00035726593127048445,3
8,14.999999999999858,0.010459952072072079,0.0003825000795637772,3
8,15.300000000000182,0.010460594009009005,0.00036458008134319117,3
8,15.599999999999795,0.01052761768018018,0.0003428641457974095,3
8,15.899999999999437,0.010551151373873873,0.0002779316795405627,3
8,16.19999999999976,0.01055463045045045,0.0002596418937001916,3
8,16.49999999999983,0.010598273558558559,0.0002158908134660647,3
8,16.800000000000153,0.010594628423423425,0.00019753772900413984,3
8,17.099999999999795,0.010580262770270266,0.0001862495504892567,3
8,17.399999999999437,0.010677110247747748,0.0001828518434294886,3
8,17.69999999999976,0.010698348085585585,0.00019491555284338854,3
8,17.99999999999983,0.010731722184684683,0.0002181441304326747,3
8,18.300000000000153,0.010734969504504506,0.0002272539837342165,3
8,18.599999999999795,0.010725576261261258,0.0002659103539303018,3
8,18.899999999999437,0.010720277319819822,0.000256920121471878,3
8,19.19999999999979,0.010725576171171168,0.0002566938694836926,3
8,19.4999999999998,0.010681130810810811,0.0002523360205819063,3
8,19.800000000000153,0.010654303603603603,0.00021841247797732726,3
8,20.099999999999795,0.010596988536036038,0.000174128121209563,3
8,20.399999999999437,0.010612411734234238,0.00021120370421393123,3
8,20.69999999999979,0.01057490986486486,0.00024268425137275766,3
8,20.999999999999773,0.010597404774774772,0.00022708353446509243,3
8,21.300000000000153,0.010538831058558564,0.00023299676156462955,3
8,21.599999999999795,0.01053260752252252,0.0002521336529600066,3
8,21.899999999999437,0.010480238828828826,0.00020666030608642907,3
8,22.199999999999818,0.010481914459459465,0.00021049997203097189,3
8,22.499999999999773,0.010419251261261262,0.00022884576733109743,3
8,22.800000000000153,0.010382216351351352,0.00022304122567693989,3
8,23.099999999999795,0.010360526396396395,0.0001978614340771983,3
8,23.399999999999437,0.010367342454954956,0.0001699047876715392,3
8,23.699999999999847,0.010358075518018017,0.0001450737385637707,3
8,23.999999999999744,0.01037494184684685,0.00016055777943450885,3
8,24.300000000000125,0.010367334887387386,0.00018361849178699177,3
8,24.599999999999795,0.010345053040540541,0.00023751399478193973,3
8,24.899999999999466,0.010339097522522522,0.00017277457680393165,3
8,25.19999999999986,0.010258465382882886,0.00014245489394418317,3
8,25.49999999999973,0.010247480675675677,0.00012560275743382917,3
8,25.800000000000125,0.010259567184684685,0.00012724870556288177,3
8,26.099999999999795,0.010223416171171172,0.0001305885405088316,3
8,26.399999999999466,0.010234942657657656,0.00021085603962567315,3
8,26.69999999999989,0.010215230810810808,0.0001707889918363875,3
8,26.9999999999997,0.010204937567567568,0.00016560237280993515,3
8,27.300000000000125,0.010144253693693692,0.0001941635317547502,3
8,27.599999999999795,0.010178009954954955,0.00018947826484505586,3
8,27.899999999999466,0.01016350551801802,0.00015796588615374328,3
8,28.19999999999989,0.010146281171171171,0.00015901319169267863,3
8,28.499999999999673,0.010127926486486487,0.00021980082204220398,3
8,28.800000000000125,0.010133866396396398,0.0002641448832314646,3
8,29.099999999999795,0.010119245112612611,0.00024650700242943396,3
8,29.399999999999466,0.010099251418918917,0.0002620913412612125,3
8,29.699999999999918,0.010058465810810805,0.00022832873932996024,3
8,29.999999999999673,0.010023796801801802,0.00021245623208457955,3
8,30.300000000000125,0.010018008581081081,0.00025375814176192997,3
8,30.599999999999795,0.010033901711711712,0.0002311780375829231,3
8,30.899999999999466,0.01005775783783784,0.00022517731318681295,3
8,31.199999999999932,0.010046629391891894,0.0002472583088375962,3
8,31.49999999999966,0.010021345157657654,0.00024560433793232407,3
8,31.80000000000011,0.00997497533783784,0.0002209840508830199,3
8,32.099999999999795,0.009912019121621622,0.00019314755545512207,3
8,32.39999999999948,0.009855330292792792,0.00011751363419468083,3
8,32.69999999999996,0.00987740346846847,8.453528632588146e-05,3
8,32.99999999999963,0.009837087860360362,0.00012270916683560429,3
8,33.30000000000011,0.009861919076576579,0.00015852621477681448,3
8,33.599999999999795,0.009853677792792793,0.00016056748983865583,3
8,33.89999999999948,0.009834000878378381,0.00015790579532686953,3
8,34.19999999999996,0.009778027184684686,0.00022226514696415891,3
8,34.4999999999996,0.009728146441441439,0.00027046734874766924,3
8,34.80000000000011,0.009734258310810812,0.00028332114272078046,3
8,35.099999999999795,0.009710118806306308,0.0002879862196654621,3
8,35.39999999999948,0.009701201103603604,0.000276231356044465,3
8,35.69999999999999,0.00971235132882883,0.00023210392997615928,3
8,35.9999999999996,0.009746504819819818,0.00024083873060184614,3
8,36.30000000000011,0.009740222252252254,0.00021053627016974787,3
8,36.599999999999795,0.009746079009009008,0.00024428753294855577,3
8,36.89999999999948,0.009777360315315318,0.00023811930269864977,3
8,37.20000000000002,0.009800674166666669,0.0002425732140492902,3
8,37.499999999999574,0.009796772657657654,0.00027105144021870363,3
8,37.80000000000011,0.009777967725225224,0.00026713588806350695,3
8,38.099999999999795,0.009794795157657658,0.00030439309857372657,3
8,38.39999999999948,0.00981411364864865,0.00028357745599422797,3
8,38.70000000000003,0.009803862747747747,0.0003249352554099169,3
8,38.99999999999956,0.009878969977477482,0.0003600247858502377,3
8,39.3000000000001,0.009856340720720719,0.00031150794824251813,3
8,39.599999999999795,0.009869719729729727,0.0003199566047174975,3
8,39.899999999999494,0.009876634887387386,0.00034544184503341264,3
8,40.200000000000045,0.009928377117117122,0.0003389141055229902,3
8,40.499999999999545,0.009906147905405406,0.0003086735071502137,3
8,40.8000000000001,0.009937511779279281,0.00025340170133629475,3
8,41.099999999999795,0.009918610112612615,0.0002165050409018688,3
8,41.399999999999494,0.009923497972972975,0.00018228244804948562,3
8,41.700000000000045,0.009911477139639637,0.00016863223473538637,3
8,41.999999999999545,0.00991527536036036,0.00015511505827531277,3
8,42.30000000000008,0.009929463738738742,0.00017346393667602535,3
8,42.599999999999795,0.010004186869369368,0.000165163592130041,3
8,42.89999999999951,0.010015423085585586,0.0002023749475617067,3
8,43.200000000000045,0.010070805157657658,0.0002448782821326078,3
8,43.499999999999545,0.010143126238738743,0.00025761823731568884,3
8,43.80000000000008,0.010151642432432427,0.0002713167951507993,3
8,44.099999999999795,0.010187143671171175,0.0002687349505523301,3
8,44.39999999999951,0.010214372770270269,0.0002625829366647382,3
8,44.700000000000045,0.010215922882882885,0.00023063084796767075,3
8,44.99999999999956,0.010230146689189189,0.0001823292320111741,3
8,45.30000000000007,0.010216517184684686,0.00015796387346628019,3
8,45.599999999999795,0.010222181238738741,0.00016472827114729567,3
8,45.89999999999952,0.010246279346846849,0.0001622328573609562,3
8,46.20000000000003,0.010326027725225227,0.00013482230650576846,3
8,46.49999999999956,0.010341692364864865,0.00015135772249246968,3
8,46.80000000000007,0.010406691486486487,0.0001322322909514671,3
8,47.099999999999795,0.010473431216216219,0.00011003534373506751,3
8,47.39999999999952,0.010507849504504502,0.00011189302996171024,3
8,47.70000000000003,0.010550424617117119,0.00010681591090439096,3
8,47.99999999999956,0.010502211328828831,8.483390903464121e-05,3
8,48.300000000000054,0.01048668042792793,0.00013086686772835203,3
8,48.599999999999795,0.010467750900900902,0.00014419638558301742,3
8,48.89999999999954,0.010487962229729732,0.0002029921138294234,3
8,49.20000000000003,0.010513795900900902,0.00018858491642379516,3
8,49.49999999999956,0.010545338400900902,0.0002407624907713397,3
8,49.800000000000054,0.01061445506756757,0.0002500287127238837,3
8,50.099999999999795,0.01061209536036036,0.00027311579497389996,3
8,50.39999999999955,0.01063940481981982,0.0003097080434985073,3
8,50.70000000000003,0.010608340292792793,0.00035188910011036073,3
8,50.99999999999956,0.010663053626126129,0.0003880635671147667,3
8,51.30000000000004,0.010679189121621621,0.00042409102979695226,3
8,51.599999999999795,0.01063748524774775,0.00038596062360993515,3
8,51.89999999999955,0.010675591644144148,0.00036501056831863605,3
8,52.20000000000003,0.01067645855855856,0.0003695991059665566,3
8,52.49999999999956,0.010645776914414415,0.0004117006754912712,3
8,52.800000000000026,0.01068873204954955,0.0004389588387933812,3
8,53.099999999999795,0.010693626531531532,0.000439751718251575,3
8,53.399999999999565,0.010713012725225226,0.00046757715148401684,3
8,53.70000000000003,0.010755881441441443,0.00046788764363563204,3
8,53.99999999999956,0.010715489031531534,0.00045704027484136215,3
8,54.300000000000026,0.010692767747747746,0.0004530713349860003,3
8,54.599999999999795,0.010712545540540542,0.0004220004213176844,3
8,54.899999999999565,0.010700716463963958,0.0003835503742611457,3
8,55.20000000000003,0.010687837725225224,0.00039132028804351776,3
8,55.49999999999956,0.010693801756756759,0.0003339776970063227,3
8,55.800000000000026,0.01067499927927928,0.00031298113571284894,3
8,56.099999999999795,0.010720103693693693,0.0002842409423099572,3
8,56.399999999999565,0.010714039256756758,0.00025633078925293306,3
8,56.70000000000003,0.0107255934009009,0.00023874820471863543,3
8,56.999999999999574,0.010751102094594595,0.0002014302732980454,3
8,57.300000000000026,0.010745811981981981,0.00021351169266147014,3
8,57.599999999999795,0.010706965810810811,0.00015829717983277026,3
8,57.89999999999958,0.01069275078828829,0.00020111465230511358,3
8,58.20000000000002,0.010687871644144148,0.00016222921675825624,3
8,58.499999999999574,0.010664181621621622,0.00017070867948488616,3
8,58.80000000000001,0.010677878108108108,0.0002442761816772338,3
8,59.099999999999795,0.010677127499999996,0.0002608385274298362,3
8,59.39999999999958,0.010672672207207204,0.0003185255158586113,3
8,59.70000000000002,0.010640774054054053,0.0003336849686940762,3
8,59.999999999999574,0.010635334527027028,0.00034769333527902914,3
8,60.3,0.01070388851351351,0.0003599951459321411,3
8,60.599999999999795,0.01072664265765766,0.00035186976323084716,3
8,60.899999999999594,0.010753471261261261,0.0003617161679432026,3
8,61.20000000000002,0.01076284563063063,0.0003514189202075668,3
8,61.499999999999574,0.010759995968468472,0.0002798656163085739,3
8,61.79999999999998,0.010787478333333331,0.00027375216453002333,3
8,62.099999999999795,0.010807248310810813,0.0003150337962882448,3
8,62.39999999999961,0.010757974842342347,0.00032614110770243373,3
8,62.70000000000002,0.010777434887387388,0.0003450526174362122,3
8,62.999999999999574,0.0108211440990991,0.0003453404224394924,3
8,63.29999999999998,0.010807635067567573,0.0002566515379582427,3
8,63.599999999999795,0.010835535270270272,0.00020056503219632147,3
8,63.89999999999962,0.0108256406981982,0.00015287136624009463,3
8,64.20000000000002,0.010853878806306309,0.0001532327010751951,3
8,64.49999999999957,0.010830039549549553,0.00017000409641459353,3
8,64.79999999999997,0.010827752072072068,0.0001777969160567786,3
8,65.0999999999998,0.010884894301801803,0.0001977209572368505,3
8,65.39999999999964,0.010904369459459459,0.00015699313206668462,3
8,65.70000000000002,0.010920661846846848,0.0001369586742319684,3
8,65.99999999999957,0.01092764502252252,0.00017467124108665956,3
8,66.29999999999995,0.010950292229729729,0.00018693986350033502,3
8,66.5999999999998,0.010922938018018023,0.00018681439609442515,3
8,66.89999999999964,0.010979454797297297,0.00020547117013607603,3
8,67.20000000000002,0.010953786058558559,0.0001927254053162609,3
8,67.49999999999957,0.01094440867117117,0.00020108541319791264,3
8,67.79999999999994,0.010926209842342341,0.00015062642185099538,3
8,68.0999999999998,0.010836420090090094,0.00010292008823955428,3
8,68.39999999999965,0.010860967995495492,0.0001009262864464056,3
8,68.70000000000002,0.010809367139639642,0.0001338131679607898,3
8,68.99999999999957,0.010858490157657661,0.00016009583990371612,3
8,69.29999999999993,0.01089735497747748,0.00020332759820945078,3
8,69.5999999999998,0.010885069076576576,0.00026922905277324574,3
8,69.89999999999966,0.010927477995495498,0.00031835313634298086,3
8,70.20000000000002,0.010925991936936932,0.0003643302152513755,3
8,70.49999999999957,0.010929771126126128,0.0004347099072211218,3
8,70.79999999999993,0.010912830788288287,0.0005224644868479727,3
8,71.0999999999998,0.010989623175675678,0.0005503493314710464,3
8,71.39999999999966,0.011014790180180187,0.0005982017622330442,3
8,71.7,0.011020587792792795,0.0006082230172211416,3
8,71.99999999999959,0.011073857139639645,0.0006088192337763613,3
8,72.29999999999991,0.011047498153153154,0.000642914231173237,3
8,72.5999999999998,0.011013636981981982,0.0005603885283885229,3
8,72.89999999999968,0.010978571711711708,0.0005873566831335151,3
8,73.2,0.010950943063063066,0.0005401998195732478,3
8,73.49999999999959,0.0109529090990991,0.0005043090849221683,3
8,73.7999999999999,0.010957432184684686,0.0005341250315449617,3
8,74.0999999999998,0.010902659549549552,0.0005711741446153127,3
8,74.3999999999997,0.010933733851351357,0.0006045406143596221,3
8,74.7,0.010947464324324328,0.0005557647208416219,3
8,74.99999999999959,0.010965755900900905,0.000570792393535912,3
8,75.2999999999999,0.010994595045045047,0.0004997175083214512,3
8,75.5999999999998,0.010997215090090091,0.0005224884740970924,3
8,75.89999999999971,0.010974173963963966,0.0004973782350136568,3
8,76.2,0.01097619261261261,0.0005061140400658582,3
8,76.49999999999959,0.010970644617117118,0.000495893107913765,3
8,76.79999999999987,0.011005280427927923,0.0005135820176544876,3
8,77.0999999999998,0.01100229371621622,0.00048538192204723154,3
8,77.39999999999972,0.010938446711711708,0.0004806919676408507,3
8,77.7,0.010964683108108109,0.0004632056505319595,3
8,77.9999999999996,0.010937460990990992,0.0004981378174334903,3
8,78.29999999999986,0.010933076846846844,0.0005405301066694301,3
8,78.5999999999998,0.010950841824324325,0.0005818173436653312,3
8,78.89999999999974,0.010908523806306308,0.0006390555624360473,3
8,79.19999999999999,0.010857989797297301,0.0007101937875066438,3
8,79.4999999999996,0.010830046801801807,0.0007102974075857501,3
8,79.79999999999984,0.010808100923423422,0.0007219760126401482,3
8,80.0999999999998,0.010744761351351351,0.0006898489146664797,3
8,80.39999999999975,0.010753826351351354,0.0007408931842812433,3
8,80.69999999999999,0.010762752252252254,0.0007612097956680951,3
8,80.9999999999996,0.01077659380630631,0.000744460718065213,3
8,81.29999999999984,0.010800600022522524,0.0007757628112156532,3
8,81.5999999999998,0.010767424031531534,0.0007361394629258167,3
8,81.89999999999976,0.010711604887387385,0.0007160049282817445,3
8,82.19999999999999,0.010656574144144143,0.0006511999755562992,3
8,82.4999999999996,0.010570735968468468,0.0006017716059186637,3
8,82.79999999999981,0.010562762567567567,0.0005048221956933331,3
8,83.0999999999998,0.010540257927927928,0.0004583396631150261,3
8,83.39999999999978,0.010542050810810812,0.0004223410268507975,3
8,83.69999999999997,0.010541191148648647,0.00041509268095729445,3
8,83.99999999999962,0.010581673851351356,0.0004455457346528578,3
8,84.29999999999981,0.010543534436936937,0.00039502119356269957,3
8,84.5999999999998,0.010530915045045046,0.0003986308724496246,3
8,84.89999999999979,0.010558608288288288,0.0003460135394757678,3
8,85.19999999999997,0.010586912995495495,0.00034698657366189986,3
8,85.49999999999962,0.010615041734234235,0.0003148643828860372,3
8,85.79999999999978,0.010621019842342339,0.00030194824227765114,3
8,86.0999999999998,0.010628777522522524,0.0002801305502633923,3
8,86.39999999999982,0.010624807319819818,0.00032428792445638577,3
8,86.69999999999997,0.010677694076576575,0.0003243159285922021,3
8,86.99999999999963,0.010778502725225222,0.0002874489995732694,3
8,87.29999999999977,0.010878494819819819,0.00030323223093172157,3
8,87.5999999999998,0.010879627882882886,0.0003347681750220629,3
8,87.89999999999984,0.010914431283783782,0.00035219799282041757,3
8,88.19999999999996,0.010909311396396398,0.00035344719551034896,3
8,88.49999999999963,0.01091888731981982,0.00040674099230631063,3
8,88.79999999999976,0.010946654549549554,0.0004019465968720786,3
8,89.0999999999998,0.01097666063063063,0.0004794881671532067,3
8,89.39999999999986,0.011025701734234237,0.0004613211890636625,3
8,89.69999999999996,0.011054613693693696,0.00046457054336303884,3
8,89.99999999999963,0.0111164740990991,0.0004904473259618506,3
8,90.29999999999973,0.011044393468468465,0.0004899303806533309,3
8,90.5999999999998,0.011024965180180183,0.0003725300649135844,3
8,90.89999999999986,0.010974590360360359,0.00038754220955779256,3
8,91.19999999999996,0.010959867319819822,0.00036098174795883784,3
8,91.49999999999963,0.010940748986486488,0.0003746992227449574,3
8,91.79999999999971,0.01089601216216216,0.0003329013109812032,3
8,92.0999999999998,0.010871996261261263,0.0002947947755777399,3
8,92.39999999999989,0.010850475675675679,0.0002957440608460245,3
8,92.69999999999996,0.01086201272522523,0.00028739235474731304,3
8,92.99999999999963,0.010885001306306305,0.00025283068390272287,3
8,93.29999999999968,0.010885961351351352,0.00021521683709161413,3
8,93.5999999999998,0.010876133851351348,0.00015585689450269694,3
8,93.89999999999992,0.010877587454954955,0.00019451927130618966,3
8,94.19999999999996,0.010864655405405406,0.00019572022920249246,3
8,94.49999999999964,0.010864122905405406,0.0002139107786310405,3
8,94.79999999999967,0.010865516801801802,0.0001897506864232119,3
8,95.0999999999998,0.010895246013513514,0.00017714734594821965,3
8,95.39999999999992,0.010932314842342345,0.0001843536377000586,3
8,95.69999999999995,0.010979704324324326,0.00019402287948987523,3
8,95.99999999999966,0.011004128040540543,0.0001849011976385018,3
8,96.29999999999967,0.01102537551801802,0.00014094091202537115,3
8,96.5999999999998,0.011092384166666663,0.00013864444608752748,3
8,96.89999999999992,0.011136211373873875,0.00011538546845182308,3
8,97.19999999999993,0.011190916396396395,7.86357862238755e-05,3
8,97.49999999999966,0.011236610247747752,1.2815048241647673e-05,3
8,97.79999999999967,0.011240966171171167,7.648998105569758e-05,3
8,98.0999999999998,0.011244930292792792,1.4735403789194933e-05,3
8,98.39999999999992,0.01133246,3.855889120647851e-05,3
8,98.69999999999993,0.011352003536036043,4.310850379158009e-05,3
8,98.99999999999966,0.01131818472972973,6.165610085620463e-05,3
8,99.29999999999967,0.011293044121621625,4.4945889358174254e-05,3
8,99.5999999999998,0.011264625608108111,3.775739752486375e-05,3
8,99.89999999999992,0.011201811801801803,3.648221936052092e-05,3
8,100.19999999999992,0.011185836801801803,2.1952709637914938e-05,3
8,100.49999999999967,0.01115363635135135,7.27914964651959e-05,3
8,100.79999999999967,0.011178537522522519,0.00014591535491428176,3
8,101.0999999999998,0.011156980472972977,0.0002139168024369239,3
8,101.39999999999992,0.011169011711711715,0.0002352840676709237,3
8,101.6999999999999,0.011188231486486488,0.0003233069167599957,3
8,101.99999999999969,0.011180805,0.0003477741425681747,3
8,102.29999999999967,0.011185592522522525,0.0003648516904472759,3
8,102.5999999999998,0.011179545833333332,0.0003498651768742317,3
8,102.89999999999992,0.011217861058558562,0.00031868041761065033,3
8,103.1999999999999,0.011229940315315316,0.000319161082825717,3
8,103.49999999999969,0.01120767533783784,0.0002966847229529449,3
8,103.79999999999968,0.011227886666666667,0.00031708312938972367,3
8,104.0999999999998,0.011235736554054057,0.00034096570830965093,3
8,104.3999999999999,0.011295202972972972,0.000310136375758316,3
8,104.6999999999999,0.011315572252252252,0.00029613284288970617,3
8,104.99999999999969,0.011348305878378378,0.00032853458675461284,3
8,105.29999999999968,0.011360618175675677,0.0003378563877728985,3
8,105.5999999999998,0.011331188288288288,0.0003347293616818079,3
8,105.8999999999999,0.011292724031531537,0.00031814578949361944,3
8,106.19999999999989,0.01132149756756757,0.00033753252484761473,3
8,106.4999999999997,0.011322389256756759,0.00037136864292687077,3
8,106.79999999999968,0.011314272725225227,0.00036194949822167293,3
8,107.0999999999998,0.011342368513513515,0.0003528159006727487,3
8,107.3999999999999,0.011335537837837839,0.00040922186843164596,3
8,107.69999999999987,0.011356205247747749,0.0004088310414938398,3
8,107.99999999999972,0.011366650540540544,0.00039538558359685,3
8,108.29999999999968,0.011379687387387387,0.0004200485573879392,3
8,108.5999999999998,0.011405736824324329,0.0004059833019521903,3
8,108.8999999999999,0.011388004617117116,0.0003466466348880813,3
8,109.19999999999987,0.01127375695945946,0.00040618447530850314,3
8,109.49999999999973,0.011314405990990997,0.0003885173975948887,3
8,109.79999999999968,0.011259367882882884,0.0004422364099294578,3
8,110.0999999999998,0.011259099887387389,0.0004334450429240383,3
8,110.3999999999999,0.011292692027027025,0.0004010085899354734,3
8,110.69999999999986,0.0112664668018018,0.00041618461529402195,3
8,110.99999999999974,0.011262428243243245,0.0003654744285368272,3
8,111.2999999999997,0.011248875405405407,0.0004048997926825976,3
8,111.5999999999998,0.011263654324324327,0.0004046446393233212,3
8,111.89999999999989,0.0112882565990991,0.00045199623644735136,3
8,112.19999999999985,0.011263281126126123,0.00045738370865088603,3
8,112.49999999999974,0.011275808490990991,0.00048039707910396337,3
8,112.7999999999997,0.011268310337837838,0.0005072058498607539,3
8,113.0999999999998,0.011226017680180181,0.0004814274602394896,3
8,113.39999999999989,0.01117499279279279,0.0005023684328395466,3
8,113.69999999999983,0.011137822477477478,0.0005381964274662065,3
8,113.99999999999977,0.011152502184684684,0.0005452554264947794,3
8,114.2999999999997,0.01114543653153153,0.0005315501733549914,3
8,114.5999999999998,0.011117849662162163,0.0005729702207805313,3
8,114.89999999999989,0.011145346644144141,0.0005730996323815093,3
8,115.19999999999982,0.011137553423423424,0.0006209067737039406,3
8,115.49999999999977,0.011144511801801801,0.0006272390105561124,3
8,115.7999999999997,0.011148215337837835,0.0006436779009605411,3
8,116.0999999999998,0.011146078986486486,0.0006098954645507354,3
8,116.39999999999989,0.01110461376126126,0.00054572738019259,3
8,116.6999999999998,0.011071515968468467,0.0005475929353167509,3
8,116.99999999999979,0.011094635765765767,0.0004984227633119872,3
8,117.2999999999997,0.01106487918918919,0.0004643397205478326,3
8,117.5999999999998,0.01101116837837838,0.0004613605855405829,3
8,117.89999999999989,0.011037344301801803,0.00042710814754980087,3
8,118.19999999999979,0.010969652635135134,0.00041504106317789174,3
8,118.4999999999998,0.011009475157657655,0.0004134828084356069,3
8,118.79999999999971,0.011013677905405408,0.0004480256100483493,3
8,119.0999999999998,0.011031280022522523,0.0005001227693262632,3
8,119.39999999999988,0.011064389211711712,0.0005490318662600274,3
8,119.69999999999976,0.011117793220720719,0.0005938854268337162,3
8,119.99999999999983,0.0111172175,0.0006356367732433072,3
8,120.29999999999971,0.011117992454954956,0.0006882242715751104,3
8,120.5999999999998,0.011109451869369368,0.0007163652941754834,3
8,120.89999999999988,0.011102052747747745,0.0007334291430075,3
8,121.19999999999975,0.011150058063063061,0.0007187268543208226,3
8,121.49999999999986,0.01111068605855856,0.0007305493450758607,3
8,121.79999999999971,0.011126451171171175,0.000758159373975879,3
8,122.0999999999998,0.011090566058558557,0.0008447287991935948,3
8,122.39999999999986,0.011076401463963966,0.0008681105111401429,3
8,122.69999999999973,0.011080388693693695,0.0008877456719497745,3
8,122.99999999999986,0.011105495495495499,0.0008971666492274095,3
8,123.29999999999973,0.011087905563063064,0.000847030595251559,3
8,123.5999999999998,0.0110334584009009,0.0007664066514725424,3
8,123.89999999999986,0.01099000698198198,0.0007050178644933398,3
8,124.19999999999973,0.011001861689189188,0.0006737247781248329,3
8,124.49999999999986,0.010982932747747748,0.0006725649792723646,3
8,124.79999999999973,0.01098143858108108,0.000651944607949249,3
8,125.0999999999998,0.01099649740990991,0.0005840136848729938,3
8,125.39999999999986,0.010915316463963964,0.000561356680854665,3
8,125.69999999999973,0.010905789211711711,0.0005107365665176736,3
8,125.99999999999986,0.010921771756756753,0.0005392739046721834,3
8,126.29999999999974,0.010985385360360355,0.0005667203868112882,3
8,126.5999999999998,0.01107260644144144,0.0005290296087471559,3
8,126.89999999999985,0.011110593108108108,0.0005784224563345644,3
8,127.19999999999973,0.011158508175675678,0.0005659333161813752,3
8,127.49999999999986,0.011199581644144146,0.0005484489196665147,3
8,127.79999999999974,0.011273306644144146,0.0005350618377916881,3
8,128.0999999999998,0.011290865337837838,0.0005879121189119704,3
8,128.39999999999984,0.011318076779279282,0.0006380926507042393,3
8,128.69999999999973,0.011352812522522524,0.0006483912795451825,3
8,128.99999999999986,0.01135015132882883,0.0006765205742068828,3
8,129.29999999999976,0.011356055968468467,0.0006641093527165329,3
8,129.5999999999998,0.011388665022522516,0.0006971191917517514,3
8,129.89999999999984,0.011424215360360361,0.0007418792868050008,3
8,130.19999999999973,0.011462537747747747,0.0008088611392754291,3
8,130.49999999999986,0.011490325653153154,0.0008988889899098061,3
8,130.79999999999978,0.011517699031531532,0.0008896998303816759,3
8,131.0999999999998,0.011497188536036035,0.0009151383136476344,3
8,131.3999999999998,0.011489199527027026,0.0009281073358551076,3
8,131.69999999999973,0.011472124054054053,0.0009812642893352245,3
8,131.99999999999983,0.011449633963963967,0.000919364698629603,3
8,132.29999999999978,0.011410036373873875,0.0009070092739444374,3
8,132.5999999999998,0.011462211193693695,0.0008791711272818467,3
8,132.8999999999998,0.011432097702702709,0.000837870989574208,3
8,133.19999999999976,0.011373916509009012,0.0007993797222618926,3
8,133.49999999999983,0.011268927635135137,0.0007692948735065368,3
8,133.79999999999978,0.011224572635135134,0.0007310433053022428,3
8,134.0999999999998,0.011171598265765767,0.0007440072064044673,3
8,134.39999999999978,0.011161780000000003,0.0006926715823930685,3
8,134.69999999999976,0.011212487770270266,0.0007048450844588358,3
8,134.99999999999983,0.011249892207207207,0.000702852731041518,3
8,135.2999999999998,0.011338757162162162,0.000669468899689441,3
8,135.5999999999998,0.011360893288288293,0.000722891541213702,3
8,135.89999999999978,0.011369894459459457,0.0006660390281161157,3
8,136.19999999999976,0.011409209211711712,0.0006711116190970782,3
8,136.49999999999983,0.011373163693693697,0.0006800948359784953,3
8,136.7999999999998,0.011368002229729729,0.0006530915537399516,3
8,137.0999999999998,0.011375082207207211,0.0006335817102436856,3
8,137.39999999999978,0.011337462274774777,0.0006117819609838079,3
8,137.69999999999976,0.011381171869369369,0.0006202877669033114,3
8,137.99999999999983,0.011446914797297298,0.0006549137965627871,3
8,138.2999999999998,0.011466674481981983,0.0006915626163294831,3
8,138.5999999999998,0.011492167387387385,0.0007293010866132418,3
8,138.89999999999978,0.011508499211711709,0.0007403755825329503,3
8,139.19999999999976,0.011466350923423426,0.0007453637720651197,3
8,139.49999999999983,0.011486705247747744,0.0007281977534491014,3
8,139.7999999999998,0.011478362364864865,0.0007511757515430295,3
8,140.0999999999998,0.011452644144144144,0.0007785235769439404,3
8,140.39999999999978,0.011454495405405404,0.0007859898606406206,3
8,140.6999999999998,0.011424816126126128,0.0007568344595138847,3
8,140.9999999999998,0.011416859594594592,0.0007707736144837431,3
8,141.2999999999998,0.011390565540540536,0.0007158675627000575,3
8,141.5999999999998,0.01137036988738739,0.0007131071588981568,3
8,141.89999999999978,0.011346240157657658,0.0006823343986876401,3
8,142.1999999999998,0.011305299436936936,0.0006742113037120789,3
8,142.49999999999977,0.011310210585585581,0.0006572837375464392,3
8,142.7999999999998,0.011255182274774775,0.0006360719723713094,3
8,143.0999999999998,0.011280062072072071,0.0005713999169434915,3
8,143.39999999999978,0.011300641666666666,0.0004896561100613257,3
8,143.69999999999982,0.011342225495495495,0.00047561999213809405,3
8,143.99999999999977,0.011331464932432431,0.00042419481585296675,3
8,144.2999999999998,0.011351608220720724,0.00043990787537404226,3
8,144.5999999999998,0.011369335405405403,0.0004335015830084389,3
8,144.89999999999978,0.011410585945945947,0.0004347439516082355,3
8,145.19999999999982,0.0114441368018018,0.0004500776394386631,3
8,145.49999999999977,0.011482732837837838,0.0004324297228225942,3
8,145.79999999999978,0.011508758175675671,0.0004781185133552367,3
8,146.0999999999998,0.011569527590090093,0.00044171149732095955,3
8,146.3999999999998,0.011567734391891895,0.0005182863424285126,3
8,146.6999999999998,0.011581932004504504,0.0004912606597553361,3
8,146.9999999999998,0.011571236959459457,0.00046445169519229506,3
8,147.29999999999978,0.011542958040540542,0.0005098018909607333,3
8,147.5999999999998,0.011552476171171172,0.0005372821356747786,3
8,147.8999999999998,0.011526876599099095,0.0005518270984886634,3
8,148.1999999999998,0.011508193130630631,0.000579316703076684,3
8,148.4999999999998,0.011506129707207205,0.0005877734677867379,3
8,148.79999999999978,0.011526225202702703,0.0005967351391210271,3
8,149.0999999999998,0.011545664009009006,0.0006328069673220165,3
8,149.3999999999998,0.01155692231981982,0.00066965406158134,3
8,149.6999999999998,0.011566882905405404,0.0006975035228875237,3
8,149.9999999999998,0.011557241779279283,0.0007301162459197664,3
8,150.29999999999978,0.011505304166666666,0.0007040543582955026,3
8,150.5999999999998,0.011520870653153154,0.0007422365019524016,3
8,150.8999999999998,0.011501727409909908,0.0007457010528672053,3
8,151.1999999999998,0.011502062545045046,0.0007148052591415988,3
8,151.4999999999998,0.011453940360360362,0.0006969180111451338,3
8,151.79999999999978,0.011440974414414414,0.0006777906210592735,3
8,152.0999999999998,0.011390958806306308,0.0006380179069339608,3
8,152.3999999999998,0.011373829549549552,0.0005943037596472895,3
8,152.6999999999998,0.011362329684684688,0.000552321017949294,3
8,152.9999999999998,0.01134264900900901,0.000517035606647556,3
8,153.29999999999978,0.011314072702702705,0.0005037737560348599,3
8,153.5999999999998,0.011318609549549547,0.0005171947772264226,3
8,153.8999999999998,0.011251618490990989,0.0005271681385119536,3
8,154.19999999999982,0.011277736126126129,0.0005114578568907646,3
8,154.49999999999977,0.01124167421171171,0.0004951814644824053,3
8,154.7999999999998,0.011246995540540539,0.00044288906084615593,3
8,155.0999999999998,0.01123910713963964,0.00044264293172808616,3
8,155.39999999999978,0.01121870990990991,0.0004417685938500075,3
8,155.69999999999982,0.011206063693693697,0.0003908562971494565,3
8,155.99999999999977,0.011195136126126125,0.00036403831442041685,3
8,156.2999999999998,0.011170795090090085,0.00040385030583673097,3
8,156.5999999999998,0.011165373355855858,0.0003540722990627194,3
8,156.89999999999978,0.011132749954954953,0.0004038356371491213,3
8,157.19999999999982,0.011167585968468468,0.0004150908500195625,3
8,157.4999999999998,0.011159734752252251,0.00042508724973463064,3
8,157.7999999999998,0.01117137774774775,0.00043695935641798416,3
8,158.0999999999998,0.01115201961711712,0.0004856984005186376,3
8,158.39999999999978,0.01111955371621622,0.0004736361783317177,3
8,158.6999999999998,0.011120229977477478,0.0004999432344918368,3
8,158.9999999999998,0.01111525515765766,0.00046930146926863343,3
8,159.2999999999998,0.011090024572072069,0.0004308302543067313,3
8,159.5999999999998,0.011074482342342346,0.00043951320520346776,3
8,159.89999999999978,0.011019135000000001,0.0004520768752548574,3
8,160.19999999999976,0.01094681295045045,0.0004587270563496428,3
8,160.49999999999983,0.010898239279279283,0.0005168846905916575,3
8,160.7999999999998,0.010885585743243243,0.0005410792756719258,3
8,161.0999999999998,0.010844111869369372,0.0005393196194985859,3
8,161.39999999999978,0.010844986936936937,0.0005799641551975294,3
8,161.69999999999976,0.010859092860360362,0.0005727625274135491,3
8,161.99999999999983,0.010881213896396397,0.0005555785370445754,3
8,162.2999999999998,0.010930740945945946,0.0005468385130432911,3
8,162.5999999999998,0.01096473168918919,0.0005842671844968447,3
8,162.89999999999978,0.011029755180180184,0.0005267568881153335,3
8,163.19999999999976,0.011070078513513515,0.0005574996346821976,3
8,163.49999999999983,0.011119537567567568,0.000599178353546567,3
8,163.7999999999998,0.011126233333333334,0.0005939579542244906,3
8,164.0999999999998,0.011121260968468471,0.000634466001325829,3
8,164.39999999999978,0.011100108513513512,0.0006954873782840743,3
8,164.69999999999976,0.011118735765765763,0.0007464367550381494,3
8,164.99999999999983,0.011104622860360366,0.0007617239697206839,3
8,165.2999999999998,0.011135927837837836,0.0008137522913035698,3
8,165.5999999999998,0.011216275653153153,0.0007643114739754637,3
8,165.8999999999998,0.011211745,0.0007830546236490961,3
8,166.19999999999976,0.011214707680180179,0.000794857187493567,3
8,166.49999999999983,0.011190730360360363,0.0008029914090966249,3
8,166.79999999999978,0.011227183716216213,0.0008699951195563809,3
8,167.0999999999998,0.011230064549549551,0.0009117492541499407,3
8,167.3999999999998,0.011216091261261265,0.0009331434730737366,3
8,167.69999999999976,0.011220152837837838,0.0009556587023273164,3
8,167.99999999999986,0.011242350653153153,0.001012936832608322,3
8,168.29999999999978,0.011225457815315315,0.0010718621429152743,3
8,168.5999999999998,0.011238354617117119,0.0011171197280468478,3
8,168.8999999999998,0.011205715405405402,0.0010976026488013803,3
8,169.19999999999973,0.011230047117117115,0.0011476138066339701,3
8,169.49999999999986,0.011220010472972974,0.0011355850970263218,3
8,169.79999999999976,0.01126069252252252,0.0011678280409482356,3
8,170.0999999999998,0.011235886126126124,0.0011576565138702315,3
8,170.39999999999984,0.011281480157657661,0.0011708714105436416,3
8,170.69999999999973,0.011255372995495496,0.0011712674729688175,3
8,170.99999999999986,0.011300435810810812,0.001209590391786612,3
8,171.29999999999976,0.01128450921171171,0.0011977574206715157,3
8,171.5999999999998,0.011284209391891892,0.0012164374857061434,3
8,171.89999999999984,0.011305906463963964,0.0012179892112816264,3
8,172.19999999999973,0.01138780497747748,0.0012076964640678203,3
8,172.49999999999986,0.011401225563063064,0.0012430236753573972,3
8,172.79999999999973,0.011423297094594597,0.0012399018683084781,3
8,173.0999999999998,0.011426861463963966,0.001200501863638107,3
8,173.39999999999986,0.011451241914414413,0.0011257936309414058,3
8,173.69999999999973,0.01146691752252252,0.00108519964205503,3
8,173.99999999999986,0.011431222882882883,0.0010412152777091053,3
8,174.29999999999973,0.011399924099099101,0.0010130762461943417,3
8,174.5999999999998,0.011402517274774775,0.0009502968964635316,3
8,174.89999999999986,0.011343441891891895,0.0009128602573729685,3
8,175.19999999999973,0.011332998558558557,0.000881897398294003,3
8,175.49999999999986,0.011341600990990991,0.0008043680963289,3
8,175.79999999999973,0.011350873648648653,0.0007592695623908626,3
8,176.0999999999998,0.011353662590090088,0.0007287726720913405,3
8,176.39999999999986,0.011360702207207205,0.0006872081677340576,3
8,176.69999999999973,0.01130252711711712,0.0006593072833933186,3
8,176.99999999999986,0.011296454436936937,0.0006652576933633584,3
8,177.29999999999973,0.011223205472972975,0.0006267904773177359,3
8,177.5999999999998,0.011213513693693694,0.0005943702432355135,3
8,177.89999999999986,0.01118667761261261,0.000577508425384761,3
8,178.19999999999973,0.01120152626126126,0.0005295418598474721,3
8,178.49999999999983,0.01123772943693694,0.00046152220353886064,3
8,178.79999999999973,0.01123781463963964,0.0004802024923247272,3
8,179.0999999999998,0.011186319707207204,0.00038919739256303355,3
8,179.39999999999986,0.011179144414414416,0.000401259077261161,3
8,179.69999999999976,0.011246186891891894,0.00042527778531984426,3
8,179.99999999999983,0.011298982545045045,0.00045194443654639053,3
8,180.29999999999973,0.011298406891891892,0.00042705111771147985,3
8,180.5999999999998,0.011268328558558556,0.00038160682342430296,3
8,180.89999999999986,0.011212088603603605,0.000336292037374,3
8,181.1999999999998,0.011178827950450452,0.000368262601004185,3
8,181.4999999999998,0.011172338536036037,0.00032559681886436276,3
8,181.7999999999997,0.011198155855855855,0.000298251158630401,3
8,182.0999999999998,0.01115731646396396,0.0002553759163208641,3
8,182.3999999999999,0.011117751824324321,0.0002263935041536637,3
8,182.69999999999982,0.011167750045045046,0.00019608191413736498,3
8,182.99999999999977,0.011149456621621626,9.952053752270681e-05,3
8,183.2999999999997,0.01124350004504505,5.376638733991115e-05,3
8,183.5999999999998,0.01127152112612613,3.5555776609555446e-05,3
8,183.8999999999999,0.011301717590090092,0.0001257840014608415,3
8,184.19999999999982,0.011277227477477475,0.00016496700822120507,3
8,184.49999999999977,0.011316775382882881,0.00019399373465284545,3
8,184.7999999999997,0.011361597747747754,0.00021135944583085977,3
8,185.0999999999998,0.011384152567567571,0.00025433443636882133,3
8,185.3999999999999,0.011454654211711712,0.00026556480988349353,3
8,185.69999999999982,0.011510485405405405,0.0002682355372649237,3
8,185.99999999999977,0.011564329301801799,0.000302270216075429,3
8,186.2999999999997,0.011627212004504506,0.00037351900933453835,3
8,186.5999999999998,0.011632883738738742,0.0004099931859475899,3
8,186.8999999999999,0.011743444009009013,0.0004764527128677097,3
8,187.19999999999985,0.01176449945945946,0.0004642750702403973,3
8,187.49999999999974,0.011732942432432428,0.0004089886670609344,3
8,187.7999999999997,0.011679586238738743,0.00042273462092738104,3
8,188.0999999999998,0.01163826463963964,0.00040139728371893285,3
8,188.3999999999999,0.01157562632882883,0.00039899989612487085,3
8,188.69999999999985,0.011530514481981982,0.00042094973713656327,3
8,188.99999999999972,0.011468686171171175,0.0004029757287304324,3
8,189.29999999999967,0.011413014054054057,0.00043428200412648163,3
8,189.5999999999998,0.011375775585585585,0.0003783467726868197,3
8,189.89999999999992,0.01136405445945946,0.0004006791634971433,3
8,190.19999999999987,0.011290823378378381,0.0003814272539471723,3
8,190.49999999999972,0.011293109639639644,0.00035539556628098076,3
8,190.79999999999967,0.011296981013513513,0.0004081674361316016,3
8,191.0999999999998,0.011257631148648648,0.0004031310851767736,3
8,191.39999999999992,0.01125719072072072,0.00041902395776755366,3
8,191.69999999999987,0.011180430675675675,0.0005036226472895146,3
8,191.99999999999972,0.01111221907657658,0.0004468337556720104,3
8,192.29999999999967,0.011070539324324323,0.00046452497780806576,3
8,192.5999999999998,0.011018083288288292,0.0004716433470103933,3
8,192.89999999999992,0.011021939099099093,0.0005291951461355286,3
8,193.19999999999987,0.011000140833333338,0.0004766088097860251,3
8,193.49999999999972,0.011022446396396398,0.0004377652563661845,3
8,193.79999999999967,0.011004436756756759,0.0004590035894247348,3
8,194.0999999999998,0.010989493063063065,0.00047063397482496113,3
8,194.39999999999992,0.0109823820945946,0.0004936048786076314,3
8,194.6999999999999,0.010900583265765764,0.0005065436127604559,3
8,194.9999999999997,0.01086338837837838,0.0004902956799970271,3
8,195.29999999999967,0.01084097331081081,0.0005178842466282385,3
8,195.5999999999998,0.010868727950450454,0.0005139398915317776,3
8,195.89999999999992,0.010853805563063057,0.00046398647325404646,3
8,196.1999999999999,0.010786911779279281,0.00045370083953418937,3
8,196.4999999999997,0.010723782454954955,0.0004238309364351983,3
8,196.79999999999967,0.010685210990990991,0.0003437248867551494,3
8,197.0999999999998,0.010615200698198199,0.00027525404334777215,3
8,197.39999999999992,0.010636479144144147,0.0002458265622326046,3
8,197.6999999999999,0.010618852297297294,0.00016917313270285522,3
8,197.9999999999997,0.010640491756756756,0.00014891658846343875,3
8,198.29999999999967,0.010587287905405404,7.503601826779425e-05,3
8,198.5999999999998,0.010507207454954955,7.773978627797458e-05,3
8,198.89999999999992,0.010501069324324324,9.465241383516309e-05,3
8,199.19999999999993,0.010474399842342344,6.879273294887328e-05,3
8,199.49999999999966,0.010466565450450452,7.531479513970375e-05,3
8,199.79999999999967,0.010433757725225224,0.00011293239019850947,3
8,200.0999999999998,0.010442883761261262,0.00012250967042615798,3
8,200.39999999999992,0.010466626486486484,0.00013301871706698833,3
8,200.69999999999993,0.010476744189189188,0.00010214651059277973,3
8,200.99999999999966,0.010507731058558558,0.0001448919668295926,3
8,201.29999999999967,0.010526048738738738,0.00017058854736218436,3
8,201.5999999999998,0.010557757882882884,0.00018726469924456603,3
8,201.89999999999992,0.010543628490990992,0.00020909046640690902,3
8,202.19999999999993,0.010565632815315314,0.00017904571157870012,3
8,202.49999999999966,0.010583909391891891,0.00014893307557056607,3
8,202.79999999999967,0.010601976936936935,0.00014050510538808,3
8,203.0999999999998,0.01065477168918919,7.389484957275409e-05,3
8,203.39999999999992,0.010649007815315317,2.319790677303415e-05,3
8,203.69999999999993,0.010649006711711715,2.713155381437813e-05,3
8,203.99999999999966,0.010695444324324321,5.17214602560043e-05,3
8,204.29999999999967,0.010718916981981982,2.3388332634109717e-05,3
8,204.5999999999998,0.010695110135135138,8.09982481743115e-05,3
8,204.89999999999992,0.010718466238738738,9.726380045203654e-05,3
8,205.19999999999993,0.010708842027027024,9.784265389689787e-05,3
8,205.49999999999963,0.01071327948198198,9.028168442194577e-05,3
8,205.79999999999967,0.010688730855855857,0.00012112829937680514,3
8,206.0999999999998,0.010708256599099103,0.00012112150894591362,3
8,206.39999999999992,0.010758251666666668,9.2915364242672e-05,3
8,206.69999999999996,0.010748874346846843,0.00013798903082889912,3
8,206.99999999999963,0.01079604344594595,0.00015752587078413522,3
8,207.2999999999997,0.010826701734234235,0.0001633870596679967,3
8,207.5999999999998,0.01092388900900901,0.00016119879793939157,3
8,207.89999999999986,0.010917284166666668,0.00020688144442990917,3
8,208.19999999999996,0.010889955360360358,0.0002617783800880742,3
8,208.49999999999963,0.010875282545045042,0.00025257795154391325,3
8,208.79999999999973,0.010820853851351354,0.00026898336957072833,3
8,209.0999999999998,0.010792310405405408,0.0002910161965981621,3
8,209.39999999999986,0.010725992094594594,0.00034999308003486024,3
8,209.69999999999996,0.01064905605855856,0.0003415593064841803,3
8,209.99999999999963,0.010596598896396399,0.0003315716143210801,3
8,210.29999999999973,0.010599508648648651,0.0002975851015739575,3
8,210.5999999999998,0.010588453153153153,0.00027693443820902923,3
8,210.89999999999984,0.010575892725225225,0.00023962190403331232,3
8,211.19999999999996,0.010599509099099099,0.00017983254798820028,3
8,211.49999999999963,0.010597122635135134,0.00017208477913689625,3
8,211.79999999999976,0.010611913085585588,0.0001548089352510151,3
8,212.0999999999998,0.010573831081081085,0.0001701527055340846,3
8,212.3999999999998,0.010557033806306309,0.00014480434735627843,3
8,212.69999999999996,0.010517826936936939,0.0001649367975242018,3
8,212.9999999999996,0.010499484301801804,0.00022625530616080083,3
8,213.29999999999978,0.010521147342342338,0.0002803508010073296,3
8,213.5999999999998,0.010529722590090088,0.00034251587639355386,3
8,213.8999999999998,0.010514866801801805,0.00037018704253413996,3
8,214.2,0.010469110878378379,0.0004167599629082807,3
8,214.4999999999996,0.010451368581081083,0.00046452637417935806,3
8,214.79999999999978,0.0103859025,0.0004448960742375188,3
8,215.0999999999998,0.010355146463963965,0.00043452806976120235,3
8,215.39999999999978,0.010355462094594597,0.00040434259201764896,3
8,215.7,0.010372187837837835,0.0004064771306875662,3
8,215.9999999999996,0.01036026804054054,0.00037893479001414816,3
8,216.2999999999998,0.010394420900900899,0.0003764248675210898,3
8,216.5999999999998,0.01039147599099099,0.00037433605984808267,3
8,216.89999999999978,0.010367049504504506,0.0004110777798568215,3
8,217.2,0.010401877184684686,0.0004125081305934764,3
8,217.4999999999996,0.010465248243243241,0.00043744838283623884,3
8,217.79999999999984,0.010455561193693695,0.0005044378642568735,3
8,218.0999999999998,0.010498380585585582,0.0005487829924674239,3
8,218.39999999999975,0.010503262905405408,0.0006022656746179336,3
8,218.7,0.010533282882882881,0.0005672015251695348,3
8,218.9999999999996,0.010613328513513513,0.0005888292581302292,3
8,219.29999999999984,0.01063987466216216,0.0005874468861400948,3
8,219.5999999999998,0.010673932972972975,0.0005936050849066032,3
8,219.89999999999975,0.010671613333333335,0.000595197234943734,3
8,220.2,0.010679848130630632,0.0005974813875788175,3
8,220.4999999999996,0.01066461277027027,0.0006137248598262697,3
8,220.79999999999984,0.010659017297297298,0.0006162222416776498,3
8,221.0999999999998,0.010617865968468464,0.0006181190348786097,3
8,221.39999999999975,0.01060235186936937,0.000630498259447922,3
8,221.7,0.010659202229729733,0.0006285619267077493,3
8,221.9999999999996,0.010715901306306308,0.000613787165676203,3
8,222.29999999999987,0.010729912500000001,0.0006056433655026045,3
8,222.5999999999998,0.010743503536036038,0.0005708780932622606,3
8,222.89999999999972,0.010758208716216215,0.000552315437809496,3
8,223.2,0.0107503581981982,0.0005328344490685996,3
8,223.4999999999996,0.010760978738738736,0.0005419512768424536,3
8,223.7999999999999,0.010793626621621623,0.0005696197832231056,3
8,224.0999999999998,0.010821806351351354,0.0005987133427910035,3
8,224.3999999999997,0.010960390923423421,0.0006235637893683538,3
8,224.7,0.010993265292792792,0.0005946333105705298,3
8,224.9999999999996,0.011034984864864863,0.0006131695586373574,3
8,225.2999999999999,0.011064607274774776,0.0005901649977397523,3
8,225.5999999999998,0.011027244729729728,0.0006042189831700816,3
8,225.8999999999997,0.011004138490990988,0.0005598455801964381,3
8,226.2,0.010981022905405409,0.0005499677117557169,3
8,226.4999999999996,0.010994963085585585,0.0005406560503400578,3
8,226.7999999999999,0.01101048490990991,0.0005103641604032529,3
8,227.0999999999998,0.010998371734234236,0.0004909976679435397,3
8,227.3999999999997,0.011006216171171172,0.0005011609974680833,3
8,227.7,0.011030296373873877,0.0005444921455554912,3
8,227.9999999999996,0.011036620945945949,0.0005208625711786108,3
8,228.29999999999993,0.011058165090090092,0.0005641274241636546,3
8,228.5999999999998,0.011042910833333336,0.0005957436592508252,3
8,228.89999999999966,0.010972023626126126,0.0006265738781143726,3
8,229.20000000000002,0.0108987065990991,0.0006025280317472004,3
8,229.49999999999957,0.010835302184684684,0.0006195225005065848,3
8,229.79999999999993,0.010760818355855855,0.0006488082803815651,3
8,230.0999999999998,0.010751752049549548,0.0006681672959235857,3
8,230.39999999999966,0.010685511283783783,0.0005847265821266538,3
8,230.70000000000002,0.010625717409909906,0.0005845569934668738,3
8,230.99999999999957,0.010594128288288285,0.0005398142928169144,3
8,231.29999999999995,0.010587671058558559,0.0005234223877576427,3
8,231.5999999999998,0.010551008040540539,0.0005307676966337591,3
8,231.89999999999964,0.010537845698198198,0.0004953899065364194,3
8,232.20000000000002,0.01047877040540541,0.00044470229586552267,3
8,232.49999999999957,0.010505839684684682,0.000476781933998059,3
8,232.79999999999995,0.010510233626126124,0.0005006601792477213,3
8,233.0999999999998,0.010505780382882884,0.0005543299961830036,3
8,233.39999999999964,0.010498206734234234,0.000623040767428377,3
8,233.70000000000002,0.010523883648648646,0.0006273274135102068,3
8,233.99999999999957,0.01057656963963964,0.0006446290140755769,3
8,234.29999999999995,0.01062232885135135,0.000661859224564464,3
8,234.5999999999998,0.010611854954954954,0.0006286944126922635,3
8,234.89999999999964,0.010637513310810809,0.0006027878019862035,3
8,235.20000000000002,0.010602865765765768,0.0005920889351535704,3
8,235.49999999999957,0.010631740337837842,0.000599014427188658,3
8,235.79999999999995,0.010693443828828827,0.0006133191090708842,3
8,236.0999999999998,0.010703493693693694,0.0006057080812424246,3
8,236.3999999999996,0.010734498175675676,0.0005821663922134398,3
8,236.70000000000002,0.010673415090090089,0.0005204298016680454,3
8,236.99999999999957,0.010628854752252255,0.0005026291472957119,3
8,237.29999999999998,0.01064456923423423,0.00047163045103216014,3
8,237.5999999999998,0.0105783513963964,0.0004998594102120708,3
8,237.8999999999996,0.010615455202702703,0.00045319224477205483,3
8,238.20000000000002,0.01066753346846847,0.00047895695183536085,3
8,238.49999999999957,0.01067150481981982,0.00046787612903426384,3
8,238.8,0.0106928925,0.00047154288389528024,3
8,239.0999999999998,0.010684467027027028,0.00047846411962182704,3
8,239.39999999999958,0.010630940045045048,0.0004910461908971506,3
8,239.70000000000002,0.010589389797297295,0.00045434227781204935,3
8,239.99999999999957,0.010536436486486486,0.0004494797967251793,3
8,240.3,0.010479821621621623,0.00042884899688513115,3
8,240.5999999999998,0.010410569932432433,0.0005002631584947802,3
8,240.89999999999958,0.010421972184684688,0.0005167014245844041,3
8,241.20000000000002,0.010409284707207207,0.0005632612638093986,3
8,241.49999999999957,0.010388628490990991,0.0005575997982529245,3
8,241.8,0.010402110743243244,0.0005436766218533788,3
8,242.0999999999998,0.010418152364864866,0.0005310004005640279,3
8,242.39999999999958,0.010412678558558562,0.0005220691332265673,3
8,242.70000000000002,0.010344111486486484,0.000522143034045533,3
8,242.99999999999955,0.010279763243243244,0.0005372759455090601,3
8,243.3,0.010216900743243242,0.0005081203266437084,3
8,243.5999999999998,0.010204729324324327,0.0005323910776702308,3
8,243.89999999999958,0.010220936779279282,0.0005969969559660081,3
8,244.20000000000005,0.01026847704954955,0.0006177820806764384,3
8,244.49999999999955,0.010289738806306308,0.0006195900496136608,3
8,244.8,0.010416467882882882,0.000635047872259727,3
8,245.0999999999998,0.010473990698198201,0.0006424093883492053,3
8,245.39999999999958,0.010461144864864866,0.0006387011709220821,3
8,245.70000000000005,0.010468878468468473,0.0006116184821962473,3
8,245.99999999999955,0.010449958626126127,0.0006036975978404762,3
8,246.3,0.010379853896396394,0.0005855558006366669,3
8,246.5999999999998,0.01033370117117117,0.0005725022740885742,3
8,246.89999999999958,0.010282549752252254,0.000609402898793678,3
8,247.20000000000005,0.010203978873873873,0.0006101752921685286,3
8,247.49999999999955,0.01013963880630631,0.0005964961450681392,3
8,247.80000000000004,0.010101927364864864,0.0005937507786554581,3
8,248.0999999999998,0.010081706554054054,0.0005768956902287549,3
8,248.39999999999955,0.010042617747747748,0.000564302763044997,3
8,248.70000000000005,0.010027102770270272,0.0006048775382738956,3
8,248.99999999999955,0.010027343468468472,0.0006436631949500077,3
8,249.30000000000004,0.010016859504504504,0.0006918468830585314,3
8,249.5999999999998,0.010006365045045044,0.0006827598962871933,3
8,249.89999999999952,0.00999239256756757,0.0006829439356267037,3
8,250.20000000000005,0.009941832432432433,0.0007319809252926242,3
8,250.49999999999955,0.009917576148648648,0.0007270569428850702,3
8,250.80000000000007,0.00993284225225225,0.0007594005606774543,3
8,251.0999999999998,0.009883851126126124,0.0007464313788008534,3
8,251.39999999999952,0.009868268198198193,0.0007558178378877366,3
8,251.70000000000005,0.009853577432432432,0.0007442615536242307,3
8,251.99999999999955,0.009834966666666669,0.0007253213639246241,3
8,252.30000000000007,0.009837679842342345,0.0007556844183272471,3
8,252.5999999999998,0.009855263378378378,0.00069281589847169,3
8,252.89999999999952,0.009897171779279278,0.0006594761301723983,3
8,253.20000000000005,0.009925591959459459,0.000644952164524954,3
8,253.49999999999955,0.009941242477477479,0.0006153341076494297,3
8,253.80000000000007,0.009927126846846846,0.0006122564153487702,3
8,254.0999999999998,0.009984716869369371,0.0006563798601152646,3
8,254.39999999999952,0.010003200698198197,0.0006576850164742315,3
8,254.70000000000005,0.009974591193693698,0.0006563148881025834,3
8,254.99999999999955,0.010040608040540541,0.0006300518957913263,3
8,255.30000000000007,0.01002864518018018,0.0006267160436906129,3
8,255.5999999999998,0.010085260090090094,0.0006167656061891821,3
8,255.89999999999952,0.010116283761261264,0.0006467659066967757,3
8,256.20000000000005,0.010090314909909913,0.000644459511209501,3
8,256.49999999999955,0.010112371666666673,0.0006274220376020286,3
8,256.80000000000007,0.01006724189189189,0.000647824680913602,3
8,257.0999999999998,0.010053881013513516,0.0005885635532122199,3
8,257.3999999999995,0.01006528065315316,0.0005957634017287345,3
8,257.70000000000005,0.010090740765765766,0.0006100778318858984,3
8,257.99999999999955,0.010090048581081083,0.0006079178207565254,3
8,258.30000000000007,0.010101935427927927,0.0005723595766086443,3
8,258.5999999999998,0.010067003018018017,0.0005396540644831976,3
8,258.8999999999995,0.010033675450450448,0.0005165702905027753,3
8,259.20000000000005,0.01007648463963964,0.0004628788756809107,3
8,259.49999999999955,0.010069620900900902,0.0004242386863212444,3
8,259.80000000000007,0.010009868828828828,0.0004165133697867956,3
8,260.0999999999998,0.009996346396396395,0.0004009504757747947,3
8,260.3999999999995,0.009964929842342344,0.00039626758301563886,3
8,260.70000000000005,0.00999756391891892,0.0004243977821566611,3
8,260.99999999999955,0.009981014436936933,0.0003731609668382083,3
8,261.3000000000001,0.010012244211711716,0.00036430310490998517,3
8,261.5999999999998,0.009969917792792793,0.00040882370173405796,3
8,261.89999999999947,0.010009291193693691,0.0004197959864800559,3
8,262.20000000000005,0.010018108490990992,0.0005052199391684934,3
8,262.49999999999955,0.009969936463963965,0.0005340858928040519,3
8,262.8000000000001,0.009945135788288291,0.0005406921640629637,3
8,263.0999999999998,0.009927302747747746,0.0006019341992086045,3
8,263.39999999999947,0.009967242815315316,0.0006150325751375598,3
8,263.7,0.009952744909909909,0.000668614383400516,3
8,263.9999999999996,0.009943693671171172,0.0007553113780437046,3
8,264.3000000000001,0.009920672004504505,0.0008377079784449731,3
8,264.5999999999998,0.009923599234234236,0.0009240696565125171,3
8,264.89999999999947,0.009929514234234238,0.0009032625788734165,3
8,265.2,0.009938638716216213,0.0009228592086014548,3
8,265.49999999999966,0.009942510157657658,0.0009393241136647346,3
8,265.8000000000001,0.009936552972972973,0.0009301341859392735,3
8,266.0999999999998,0.009942391711711714,0.0008956434301868151,3
8,266.39999999999947,0.009942107387387388,0.0009064846809251293,3
8,266.69999999999993,0.00993761367117117,0.0008982331431878394,3
8,266.99999999999966,0.009939422725225223,0.000899835292800483,3
8,267.3000000000001,0.009911587162162163,0.0008810710956731454,3
8,267.5999999999998,0.00991045283783784,0.0008859574432993446,3
8,267.89999999999947,0.009846529414414416,0.0008718616156618765,3
8,268.19999999999993,0.009838846914414416,0.0008852461537052021,3
8,268.49999999999966,0.009837404436936934,0.0008788668006342381,3
8,268.8000000000001,0.009841775022522523,0.0008615822980775028,3
8,269.0999999999998,0.009790264076576578,0.0008611152270875374,3
8,269.39999999999947,0.009772883220720724,0.0008830949113796132,3
8,269.69999999999993,0.009717308490990994,0.00085129790790053,3
8,269.99999999999966,0.009701059617117118,0.0008581504063142341,3
8,270.3000000000001,0.009652987567567566,0.000857864681145839,3
8,270.5999999999998,0.00965702472972973,0.0008404744404254291,3
8,270.89999999999947,0.009584075900900905,0.0008589427410438232,3
8,271.19999999999993,0.009579479121621624,0.0008881383381778694,3
8,271.4999999999997,0.00956104481981982,0.000917410843649949,3
8,271.8000000000001,0.009526926981981983,0.000958151612721352,3
8,272.0999999999998,0.00951137927927928,0.001033854376464429,3
8,272.39999999999947,0.00951939527027027,0.000990246945317525,3
8,272.6999999999999,0.009499550045045047,0.000994191238429698,3
8,272.9999999999997,0.009533217252252252,0.0010020904233745851,3
8,273.3000000000001,0.00953571943693694,0.0009651590754796015,3
8,273.5999999999998,0.009559826914414414,0.000935160796550824,3
8,273.89999999999947,0.009539981824324322,0.0009455565991126388,3
8,274.1999999999999,0.009541075405405405,0.0008942348387694344,3
8,274.4999999999997,0.009581590202702708,0.0008831223808138757,3
8,274.8000000000001,0.00955466099099099,0.0008776336735226944,3
8,275.0999999999998,0.00953603635135135,0.0008555356049291793,3
8,275.39999999999947,0.009548364121621624,0.0008580542430594649,3
8,275.6999999999998,0.009524924279279279,0.0008474208470636201,3
8,275.9999999999998,0.009511637747747749,0.0007905024744703627,3
8,276.3000000000002,0.009500308220720725,0.0007747796037146734,3
8,276.5999999999998,0.009515599189189186,0.0007719925107458382,3
8,276.8999999999994,0.009524648941441442,0.0007388774560306532,3
8,277.1999999999998,0.009489438603603606,0.0007660171210332302,3
8,277.4999999999998,0.009484234909909909,0.0007639866063278622,3
8,277.8000000000002,0.009475285630630631,0.0007666350798522281,3
8,278.0999999999998,0.009526328108108112,0.0007655392472481964,3
8,278.3999999999994,0.009573048513513515,0.0007489954994348094,3
8,278.6999999999998,0.00959106738738739,0.0007260873687477598,3
8,278.9999999999998,0.009559351846846845,0.000758319785833307,3
8,279.3000000000002,0.009521077950450452,0.0007677236353065841,3
8,279.5999999999998,0.00954483650900901,0.000809073413525769,3
8,279.8999999999994,0.009540708130630631,0.0007664178856582812,3
8,280.1999999999998,0.009522689324324327,0.0007257555368326795,3
8,280.4999999999998,0.009512344436936937,0.000736090006265738,3
8,280.8000000000002,0.009568826914414411,0.0007608513903185692,3
8,281.0999999999998,0.009605848063063062,0.0008187478651241988,3
8,281.3999999999994,0.009620204887387388,0.0008410533467245981,3
8,281.69999999999976,0.009670636576576574,0.0008941661887752703,3
8,281.99999999999983,0.009725241689189187,0.0009218279889663694,3
8,282.3000000000002,0.009668100540540542,0.0009456417843766782,3
8,282.5999999999998,0.009675861036036036,0.0009232953898067461,3
8,282.8999999999994,0.009676084436936934,0.000879050384488588,3
8,283.19999999999976,0.009691131283783783,0.0008326742081159989,3
8,283.49999999999983,0.009706564504504502,0.0007451834584518238,3
8,283.8000000000002,0.009723363175675676,0.0007245177709172359,3
8,284.0999999999998,0.009683352184684682,0.0006499343355288532,3
8,284.3999999999994,0.00965324439189189,0.000709897013033885,3
8,284.6999999999997,0.009640290427927928,0.0006806933091025033,3
8,284.9999999999999,0.009649574279279278,0.0006670578417422264,3
8,285.3000000000002,0.009646062905405409,0.0006820619288081491,3
8,285.5999999999998,0.00969644623873874,0.0007046277931162091,3
8,285.8999999999994,0.009679104662162163,0.0006841583402580453,3
8,286.1999999999997,0.009705638738738738,0.0007072395298605669,3
8,286.4999999999999,0.00976337063063063,0.0007317071041173632,3
8,286.8000000000002,0.009796995810810812,0.0006758335041123387,3
8,287.0999999999998,0.009804186801801798,0.0005940832934880764,3
8,287.3999999999994,0.009856046936936936,0.0005418398676441643,3
8,287.6999999999997,0.009927468400900903,0.0005097761189271806,3
8,287.9999999999999,0.00992971177927928,0.0005057458615133593,3
8,288.3000000000002,0.010017901644144147,0.0004924124988303832,3
8,288.5999999999998,0.010006404527027028,0.0004845896772206526,3
8,288.8999999999994,0.01003121337837838,0.0004578828195207513,3
8,289.1999999999997,0.010060026418918918,0.0004211474106382801,3
8,289.4999999999999,0.010116406711711714,0.0003899994100526277,3
8,289.8000000000002,0.010145787545045045,0.00035641212814703537,3
8,290.0999999999998,0.010167017837837838,0.0003230271060088803,3
8,290.3999999999994,0.010135533941441446,0.0003437495855489139,3
8,290.6999999999997,0.010149408941441444,0.00038427446640784023,3
8,290.9999999999999,0.010125209572072075,0.00039402336072570524,3
8,291.3000000000002,0.010160292432432431,0.0003946251161533454,3
8,291.5999999999998,0.010180522004504507,0.0004052148558012351,3
8,291.8999999999994,0.010161076711711714,0.00036733489358261917,3
8,292.1999999999997,0.010143044166666665,0.00035854578348322344,3
8,292.4999999999999,0.010122063671171168,0.0004314586402050883,3
8,292.8000000000002,0.0101330106981982,0.00041671787660964673,3
8,293.0999999999998,0.010116582545045048,0.0004424485042244358,3
8,293.3999999999994,0.010136761418918915,0.0004498660940716257,3
8,293.69999999999965,0.010149532274774775,0.0004892898583990913,3
8,293.99999999999994,0.01013988860360361,0.0005305190882980998,3
8,294.3000000000002,0.010139003716216217,0.0005504685208109097,3
8,294.5999999999998,0.010138781418918923,0.0005167349001362618,3
8,294.8999999999994,0.01013146425675676,0.0004747350205087896,3
8,295.19999999999965,0.010136494707207207,0.00045782062952882805,3
8,295.49999999999994,0.010191014054054053,0.00040326269624762595,3
8,295.8000000000002,0.010118352094594593,0.00038073178442492116,3
8,296.0999999999998,0.010110720202702707,0.0004057657102581071,3
8,296.3999999999994,0.01009259195945946,0.0003778295096110578,3
8,296.6999999999996,0.01010715731981982,0.00042523436408364596,3
8,297.0,0.01010559894144144,0.00039416600794117104,3
8,297.3000000000002,0.010133165788288288,0.00040751132056849,3
8,297.5999999999998,0.010180021621621618,0.0003641664103729749,3
8,297.8999999999994,0.01021410592342342,0.000399254544071965,3
8,298.1999999999996,0.010282890427927927,0.0003708728942374003,3
8,298.5,0.010279463490990993,0.00033151652303047414,3
8,298.8000000000002,0.010398588536036034,0.0003613694526916048,3
8,299.0999999999998,0.010401443310810811,0.00033853627003955583,3
8,299.3999999999994,0.010440608063063064,0.00037950437429439915,3
8,299.6999999999996,0.010412180833333335,0.00038782607043058944,3
16,0.0,0.0019847596461936936,0.0005230278255727665,3
16,0.3000000000002103,0.002025492013310811,0.000579175290560525,3
16,0.5999999999997954,0.0020488488610810813,0.0006667062417856631,3
16,0.8999999999993804,0.0020781448799774773,0.0007421916382821494,3
16,1.1999999999996191,0.002116574776576577,0.0008018577933797172,3
16,1.4999999999999716,0.0021751084108108105,0.0008659818308742475,3
16,1.8000000000002103,0.00220403738918919,0.000912152757939122,3
16,2.0999999999997954,0.0022407238891891893,0.0009676757717836991,3
16,2.3999999999993804,0.0022850933957432435,0.0009793998918938408,3
16,2.699999999999619,0.0023319819943918925,0.001023877407751198,3
16,2.9999999999999716,0.0023462796819819815,0.0010259051193304324,3
16,3.3000000000002103,0.002366324741216216,0.001040225849189538,3
16,3.5999999999997954,0.0023917085398648653,0.0010646084996466252,3
16,3.8999999999993804,0.002382073967139638,0.0010510290554340757,3
16,4.199999999999648,0.0024283447977477483,0.0010905312490495345,3
16,4.499999999999943,0.0024540958734459465,0.001097011717533471,3
16,4.80000000000021,0.0024743326635135138,0.0011108050624620324,3
16,5.099999999999795,0.0025186937338063063,0.0011624649172047308,3
16,5.39999999999938,0.0025524608295045058,0.0012235927756602107,3
16,5.699999999999648,0.002570295112837838,0.0012507550338480469,3
16,5.999999999999943,0.002561486538513514,0.0012810755173812752,3
16,6.300000000000182,0.002548965572995495,0.0012738920227900955,3
16,6.599999999999795,0.002543526878851352,0.001273391174696784,3
16,6.899999999999409,0.0025519101914414405,0.0013011770698088338,3
16,7.199999999999676,0.002571479727702703,0.0013366942881039448,3
16,7.499999999999915,0.0026163911756981978,0.0014020519460175068,3
16,7.800000000000182,0.002642025166441441,0.0014454238536896812,3
16,8.099999999999795,0.0026733902824324315,0.001480156764737314,3
16,8.399999999999409,0.0026976644756756753,0.0015205507330417907,3
16,8.699999999999704,0.002696513232905406,0.001544233923924319,3
16,8.999999999999886,0.0027289454594594596,0.0016026700105460834,3
16,9.300000000000182,0.002716708415090089,0.0016484676892931501,3
16,9.599999999999795,0.0027183852943693694,0.001689626222207787,3
16,9.899999999999409,0.0026997167144144157,0.0017010190952758413,3
16,10.199999999999704,0.002683850747972973,0.001724450332303832,3
16,10.499999999999886,0.0026956207150900906,0.0017214786154804132,3
16,10.800000000000182,0.0026973971763513513,0.0017186005206135412,3
16,11.099999999999795,0.0026909574772522524,0.0017043931777399896,3
16,11.399999999999409,0.002660026392792793,0.0016661487863781285,3
16,11.699999999999704,0.002622856165112613,0.0016310043492393674,3
16,11.999999999999886,0.0025742741923648654,0.001571751848175914,3
16,12.300000000000182,0.002566216216441442,0.0015603968920098364,3
16,12.599999999999795,0.002536494741463964,0.0015624406171799341,3
16,12.899999999999409,0.002509459432207208,0.0015632481822133195,3
16,13.199999999999704,0.0024789041540540535,0.0015798970771657337,3
16,13.499999999999858,0.002445461753153153,0.0016016651931195268,3
16,13.800000000000182,0.0024321576173873868,0.0016162028120998383,3
16,14.099999999999795,0.002436352976373874,0.0016385878818514891,3
16,14.399999999999409,0.0024394976943693694,0.0016449108039322954,3
16,14.699999999999733,0.0024697029856081084,0.001669936882654283,3
16,14.999999999999858,0.002475608939189189,0.00166855139784456,3
16,15.300000000000182,0.0024945447018243235,0.00165304567777877,3
16,15.599999999999795,0.002534401064639641,0.001689756888169129,3
16,15.899999999999437,0.0025375710763963955,0.0016922288175315896,3
16,16.19999999999976,0.002549549510585586,0.001709539566353792,3
16,16.49999999999983,0.002570754480855855,0.0017420493906568815,3
16,16.800000000000153,0.002575625376576576,0.0017541259012580248,3
16,17.099999999999795,0.0026101853335810804,0.0017954682609409658,3
16,17.399999999999437,0.002627577795045045,0.0018107870646643428,3
16,17.69999999999976,0.0026256256195945956,0.0018326375585381407,3
16,17.99999999999983,0.0026563063150900905,0.0018627055971304409,3
16,18.300000000000153,0.0026747917547297294,0.0019076372267926224,3
16,18.599999999999795,0.00270579706981982,0.001966259727202301,3
16,18.899999999999437,0.0027282697051801788,0.001992827541643313,3
16,19.19999999999979,0.002729437327927928,0.002014201088982379,3
16,19.4999999999998,0.0027455455211936944,0.00201982702101812,3
16,19.800000000000153,0.0027588752326576575,0.002006105426240853,3
16,20.099999999999795,0.002784234567342342,0.002001264821284299,3
16,20.399999999999437,0.0027812144972972973,0.0019767675216333714,3
16,20.69999999999979,0.002790749577725226,0.0019777332727098137,3
16,20.999999999999773,0.0027653815997747753,0.0019562599804891735,3
16,21.300000000000153,0.0027442777583333335,0.001939581094184942,3
16,21.599999999999795,0.0027502337763513508,0.001955548901975366,3
16,21.899999999999437,0.0027169498682432422,0.0019305431214451448,3
16,22.199999999999818,0.00270850040472973,0.001925617112494285,3
16,22.499999999999773,0.0026985230844594594,0.001929243427903602,3
16,22.800000000000153,0.0026862861243243234,0.001908877505749857,3
16,23.099999999999795,0.002694794488963964,0.001939897721637103,3
16,23.399999999999437,0.00267317302072072,0.0018990913974406413,3
16,23.699999999999847,0.0026299045563063068,0.0018858594484060932,3
16,23.999999999999744,0.002594894813288289,0.0018569574363532179,3
16,24.300000000000125,0.002576767948873873,0.0018195262831483777,3
16,24.599999999999795,0.002532840824346846,0.0017672243778406342,3
16,24.899999999999466,0.002499065982207209,0.0017012490676601142,3
16,25.19999999999986,0.0024528610180180183,0.0016555718883391702,3
16,25.49999999999973,0.002426117880630631,0.0016037813662884933,3
16,25.800000000000125,0.0023743824533783786,0.0015622211047464077,3
16,26.099999999999795,0.0023234735619369383,0.001519926636455546,3
16,26.399999999999466,0.0022519520364864868,0.00144489881929615,3
16,26.69999999999989,0.0022124534684684685,0.0014054025129101755,3
16,26.9999999999997,0.0021796460511486486,0.001360393347658823,3
16,27.300000000000125,0.0021378794518243233,0.0013398321916768755,3
16,27.599999999999795,0.002118518584932433,0.0013254635450405863,3
16,27.899999999999466,0.0020875040139639637,0.001291793435557268,3
16,28.19999999999989,0.00205724909436937,0.0012641076633796357,3
16,28.499999999999673,0.0020362613011486483,0.0012321829695113023,3
16,28.800000000000125,0.002057541085135135,0.0012468983409691127,3
16,29.099999999999795,0.002080497069594594,0.0012586653391253974,3
16,29.399999999999466,0.002076784823648648,0.001263321011492318,3
16,29.699999999999918,0.0020458041222972973,0.001251954294957411,3
16,29.999999999999673,0.0020084918804054055,0.0012280966899198347,3
16,30.300000000000125,0.0019550549500450447,0.0012056560484068198,3
16,30.599999999999795,0.001911536287860361,0.0011905932502675387,3
16,30.899999999999466,0.001855781008108108,0.0011639117170841155,3
16,31.199999999999932,0.0018215132214189189,0.0011465960218151445,3
16,31.49999999999966,0.0017629964004504508,0.0011253129966486137,3
16,31.80000000000011,0.0017310393693693697,0.001114008298320573,3
16,32.099999999999795,0.0016798298698423421,0.0010820934230943444,3
16,32.39999999999948,0.001630522085585586,0.0010622064916465932,3
16,32.69999999999996,0.001593318197747748,0.0010533446643963365,3
16,32.99999999999963,0.0015629212270495492,0.0010421496353753815,3
16,33.30000000000011,0.0015378295885135132,0.0010349100709153472,3
16,33.599999999999795,0.0015314814345045045,0.001029141372976291,3
16,33.89999999999948,0.0015013681159909914,0.0010043442012540329,3
16,34.19999999999996,0.0015060892943693693,0.0009969923105473029,3
16,34.4999999999996,0.0014944110058783787,0.0009726524745385091,3
16,34.80000000000011,0.0014932182493243246,0.0009672770304802018,3
16,35.099999999999795,0.001500542191216216,0.0009748355606736826,3
16,35.39999999999948,0.0015161244673648645,0.000990781017355552,3
16,35.69999999999999,0.001524349390563063,0.0009766135367536473,3
16,35.9999999999996,0.001527193808806306,0.0009669956801084459,3
16,36.30000000000011,0.0015106106155405403,0.0009445374256051662,3
16,36.599999999999795,0.001500108428626126,0.0009226055005349974,3
16,36.89999999999948,0.001466883584707207,0.0008930871491777195,3
16,37.20000000000002,0.0014042625979729729,0.0008462585339250828,3
16,37.499999999999574,0.001373965685135135,0.0007962481183858902,3
16,37.80000000000011,0.0013554471822297299,0.0007598013639832226,3
16,38.099999999999795,0.001346679912387387,0.0007010530591914877,3
16,38.39999999999948,0.0013354020603828828,0.0006450496042015814,3
16,38.70000000000003,0.00130271928536036,0.0006027709510338376,3
16,38.99999999999956,0.0012751585427927933,0.0005629387339470775,3
16,39.3000000000001,0.0012719218570045048,0.0005490488015083711,3
16,39.599999999999795,0.0012634384684684686,0.0005125823468617228,3
16,39.899999999999494,0.0012558558241216216,0.0004772993575792295,3
16,40.200000000000045,0.0012578827115090091,0.00045346821687070597,3
16,40.499999999999545,0.0012174424275,0.00039839504136118716,3
16,40.8000000000001,0.0011976978065315316,0.0003446262466381082,3
16,41.099999999999795,0.0011912411590090093,0.0002931064911747681,3
16,41.399999999999494,0.0011773107333558558,0.00024145762021990984,3
16,41.700000000000045,0.0011889805822072072,0.000200401098029321,3
16,41.999999999999545,0.0011794878914639644,0.00015711469646055375,3
16,42.30000000000008,0.0012016015662162161,0.00013736677579942024,3
16,42.599999999999795,0.0012212797894144139,0.00010188555194308645,3
16,42.89999999999951,0.0012541707534009007,7.013823955360242e-05,3
16,43.200000000000045,0.0012840423959684685,0.00011660638040453617,3
16,43.499999999999545,0.001302001905878378,0.00016459809293181436,3
16,43.80000000000008,0.001331114438063063,0.00022751509393171518,3
16,44.099999999999795,0.0013675091290765767,0.00028701320233677643,3
16,44.39999999999951,0.001377227085135135,0.00031677526479560546,3
16,44.700000000000045,0.001410702403626126,0.00038350542972659174,3
16,44.99999999999956,0.0014580330844819822,0.00044569962331127047,3
16,45.30000000000007,0.0015094928015765765,0.0005062550603811942,3
16,45.599999999999795,0.0015528361990990996,0.000570858002420737,3
16,45.89999999999952,0.0016252837783783784,0.0006294876339279599,3
16,46.20000000000003,0.0016836588860360362,0.0006900907203048624,3
16,46.49999999999956,0.0017602520610585585,0.000765758682680415,3
16,46.80000000000007,0.00181769259009009,0.0008276060087607883,3
16,47.099999999999795,0.00186936095990991,0.000887432400601876,3
16,47.39999999999952,0.0019195525862612615,0.0009646028112189501,3
16,47.70000000000003,0.0019846012783783784,0.0010146294172582828,3
16,47.99999999999956,0.002072138793693694,0.0010694685529500608,3
16,48.300000000000054,0.0021215630774774775,0.0011383302002070238,3
16,48.599999999999795,0.0021875374799549545,0.0012277298511021847,3
16,48.89999999999954,0.002264731523873874,0.001301246133922837,3
16,49.20000000000003,0.0023383051015990995,0.001366750760341311,3
16,49.49999999999956,0.002439147438963965,0.0014449684234468445,3
16,49.800000000000054,0.0025228397177927925,0.0015436788197480038,3
16,50.099999999999795,0.002602977863288287,0.0016255999126728595,3
16,50.39999999999955,0.0027253588389639645,0.0017470759147622673,3
16,50.70000000000003,0.0028487821743243247,0.0018537141260428214,3
16,50.99999999999956,0.0029585664421171182,0.0019583860622901053,3
16,51.30000000000004,0.0030364442648648654,0.002061562612992594,3
16,51.599999999999795,0.0031389638477927924,0.002194801056069246,3
16,51.89999999999955,0.0032428264637612615,0.0023052716994606945,3
16,52.20000000000003,0.003315957878378377,0.002389232943352002,3
16,52.49999999999956,0.0033946279094819814,0.0024362682568733317,3
16,52.800000000000026,0.0034598019292792783,0.002455939335568526,3
16,53.099999999999795,0.0035570742004504517,0.002524671368571703,3
16,53.399999999999565,0.0036356690529279283,0.0025766655848312482,3
16,53.70000000000003,0.0036851937632882883,0.002632370572631193,3
16,53.99999999999956,0.0037410744668918915,0.002678377908611113,3
16,54.300000000000026,0.003787178383333334,0.0026934382657679903,3
16,54.599999999999795,0.00385585544662162,0.0027691694651763177,3
16,54.899999999999565,0.003937337237387389,0.0028228339501824057,3
16,55.20000000000003,0.003977051960810812,0.0028496177502635046,3
16,55.49999999999956,0.004070612442567568,0.0029552003443101683,3
16,55.800000000000026,0.004141900088513514,0.003029077110080946,3
16,56.099999999999795,0.004217125476801801,0.0030724916667477426,3
16,56.399999999999565,0.004307181948873873,0.003142163541520629,3
16,56.70000000000003,0.0043983401518018035,0.0032240169219792027,3
16,56.999999999999574,0.0045080492200450465,0.0033228008317210808,3
16,57.300000000000026,0.004601751791486486,0.0034457445069865436,3
16,57.599999999999795,0.004748840193243242,0.0035737447597169653,3
16,57.89999999999958,0.004918568550900902,0.0037122241469503656,3
16,58.20000000000002,0.005068768108806306,0.0038275063753551437,3
16,58.499999999999574,0.005187061475900901,0.003929941696136967,3
16,58.80000000000001,0.005262978909009011,0.003989173324861832,3
16,59.099999999999795,0.005297789585360361,0.003986461675414948,3
16,59.39999999999958,0.0053101600525225215,0.003961447483665912,3
16,59.70000000000002,0.005330914293243241,0.003927685715792989,3
16,59.999999999999574,0.005383232971846848,0.00391238755691238,3
16,60.3,0.005476660444144144,0.003979669801371691,3
16,60.599999999999795,0.0055746584306306315,0.004007944593007497,3
16,60.899999999999594,0.005687278556531533,0.004057351323225363,3
16,61.20000000000002,0.0058206449400900915,0.004129227912233116,3
16,61.499999999999574,0.00587902811463964,0.004112928319288072,3
16,61.79999999999998,0.0059384797921396395,0.004082837150650606,3
16,62.099999999999795,0.006023347863963962,0.004059717143067475,3
16,62.39999999999961,0.006084460053626127,0.0040447034766037246,3
16,62.70000000000002,0.006171156079076578,0.004048774821903917,3
16,62.999999999999574,0.006223791241441445,0.004033301114473158,3
16,63.29999999999998,0.006299006656531533,0.004035171557150357,3
16,63.599999999999795,0.006374908945270274,0.0040265822330785616,3
16,63.89999999999962,0.006421872384459462,0.003982076591487745,3
16,64.20000000000002,0.006491766928378377,0.003982356462086728,3
16,64.49999999999957,0.0065526452297297285,0.0039184647587398105,3
16,64.79999999999997,0.006624992722747747,0.0038471990297114936,3
16,65.0999999999998,0.006715175049774775,0.0038084660566899764,3
16,65.39999999999964,0.006756440622747747,0.003715684770459471,3
16,65.70000000000002,0.0068344686313063065,0.0036193804432996138,3
16,65.99999999999957,0.006925559147545046,0.003534001851016327,3
16,66.29999999999995,0.006927009791891894,0.0034461327085379984,3
16,66.5999999999998,0.006983140100225224,0.0033433994385968307,3
16,66.89999999999964,0.0070432346885135125,0.0032680195591072484,3
16,67.20000000000002,0.007100268344594596,0.0031899538575783006,3
16,67.49999999999957,0.007162480838558559,0.0031189169622634614,3
16,67.79999999999994,0.0072189598482207224,0.0030645686738506772,3
16,68.0999999999998,0.007307666355405407,0.0030677583078910255,3
16,68.39999999999965,0.007384968758333335,0.0030168644680522174,3
16,68.70000000000002,0.007452169462184685,0.002924743087753623,3
16,68.99999999999957,0.007571129654076576,0.002881457167125519,3
16,69.29999999999993,0.007659903337387389,0.002830251369778644,3
16,69.5999999999998,0.007753679556531531,0.0028232936407773766,3
16,69.89999999999966,0.007848047596846847,0.002871571666605444,3
16,70.20000000000002,0.007979805379752253,0.0029124482894314655,3
16,70.49999999999957,0.008072698582432434,0.0029469837091660586,3
16,70.79999999999993,0.008170203236711714,0.0029247007358772256,3
16,71.0999999999998,0.00825691432927928,0.0028636931823022627,3
16,71.39999999999966,0.008322614790540543,0.0028347900639662544,3
16,71.7,0.00842866225990991,0.0028364114150893033,3
16,71.99999999999959,0.008487863732432432,0.0027734753297908752,3
16,72.29999999999991,0.00852111343018018,0.0026367270701572634,3
16,72.5999999999998,0.0085840925759009,0.0025003908938529824,3
16,72.89999999999968,0.008668978858558557,0.002398170445248909,3
16,73.2,0.00875389353400901,0.002314034530174779,3
16,73.49999999999959,0.008833534325000001,0.002268971893497412,3
16,73.7999999999999,0.008958658085585587,0.0021721642934867014,3
16,74.0999999999998,0.009125857905405406,0.0021183900441287726,3
16,74.3999999999997,0.009303170800225228,0.002097045031670739,3
16,74.7,0.009499191550450453,0.0020599715154157724,3
16,74.99999999999959,0.009737754887387389,0.0019633766327287494,3
16,75.2999999999999,0.009983024186936938,0.001910497675642899,3
16,75.5999999999998,0.01023144746171171,0.0018946872253774408,3
16,75.89999999999971,0.010456655119369369,0.001825904750363576,3
16,76.2,0.010650242716216216,0.00183103845053804,3
16,76.49999999999959,0.010967367027027027,0.0018059873897713044,3
16,76.79999999999987,0.011161228175675672,0.0017617894730176942,3
16,77.0999999999998,0.011416508828828829,0.001687366454931957,3
16,77.39999999999972,0.011709751981981986,0.00171005642169244,3
16,77.7,0.011911921216216217,0.0017262982214073634,3
16,77.9999999999996,0.012186835405405409,0.0017829639739567475,3
16,78.29999999999986,0.012485195,0.001871813672595277,3
16,78.5999999999998,0.012649433873873872,0.0019042508075768105,3
16,78.89999999999974,0.012903896373873873,0.0019500200264604007,3
16,79.19999999999999,0.013089845180180184,0.0019486136467967293,3
16,79.4999999999996,0.013302536869369372,0.0019412234109808734,3
16,79.79999999999984,0.013439488243243244,0.001861839337422991,3
16,80.0999999999998,0.01356381621621621,0.001773616652470408,3
16,80.39999999999975,0.013692976238738734,0.001742746418782862,3
16,80.69999999999999,0.0137758186936937,0.0017463809825715316,3
16,80.9999999999996,0.013910251599099097,0.0016906463602263768,3
16,81.29999999999984,0.01408289078828829,0.001632768515123874,3
16,81.5999999999998,0.01421097817567568,0.0015175953855766154,3
16,81.89999999999976,0.014409134324324323,0.0013902920142294171,3
16,82.19999999999999,0.01464608716216216,0.0012204056799751623,3
16,82.4999999999996,0.014966916081081081,0.001007046706242927,3
16,82.79999999999981,0.015282866756756759,0.0007821157155296233,3
16,83.0999999999998,0.015614040563063064,0.0005350771054461163,3
16,83.39999999999978,0.015816808040540538,0.0003430037940229228,3
16,83.69999999999997,0.016134994279279283,0.00027591438575667415,3
16,83.99999999999962,0.016388289459459467,0.00039405095969943907,3
16,84.29999999999981,0.016652900563063063,0.0004852763611815363,3
16,84.5999999999998,0.01687595459459459,0.0006748608860129488,3
16,84.89999999999979,0.01711596675675676,0.0007574586848803421,3
16,85.19999999999997,0.01724794781531531,0.0009253402147884431,3
16,85.49999999999962,0.017372857545045042,0.0010358904066381247,3
16,85.79999999999978,0.017437772049549553,0.0011440477453728642,3
16,86.0999999999998,0.017494702387387387,0.0011949576946660683,3
16,86.39999999999982,0.01759194860360361,0.001215594952144107,3
16,86.69999999999997,0.01770689283783784,0.0013659756326637454,3
16,86.99999999999963,0.017798007770270272,0.0014824289644153961,3
16,87.29999999999977,0.017886846486486484,0.0015834626568996771,3
16,87.5999999999998,0.017949482342342338,0.0017668603263024242,3
16,87.89999999999984,0.01788116261261262,0.0018603839882784332,3
16,88.19999999999996,0.01780539894144144,0.001964456075223802,3
16,88.49999999999963,0.01770945817567567,0.0019815523319201386,3
16,88.79999999999976,0.01758741056306306,0.002121716724332032,3
16,89.0999999999998,0.01751476427927928,0.0021649983718147973,3
16,89.39999999999986,0.017419594549549552,0.0023414095328610977,3
16,89.69999999999996,0.017376400788288296,0.002436373727312647,3
16,89.99999999999963,0.01727354076576576,0.0024812848032914475,3
16,90.29999999999973,0.017286678153153153,0.0025714998001740734,3
16,90.5999999999998,0.01718169882882883,0.0026498749173214024,3
16,90.89999999999986,0.01713221673423423,0.0027530309558306235,3
16,91.19999999999996,0.017100859256756754,0.002886938391428137,3
16,91.49999999999963,0.017140013873873868,0.0030015003377702096,3
16,91.79999999999971,0.017183308108108114,0.003099562028291583,3
16,92.0999999999998,0.01720696702702703,0.0031314776844477347,3
16,92.39999999999989,0.01728878076576576,0.003221112034786542,3
16,92.69999999999996,0.017330755630630624,0.0032301694702787445,3
16,92.99999999999963,0.017386526869369364,0.0032590019122572937,3
16,93.29999999999968,0.017534982837837842,0.0032459430009701613,3
16,93.5999999999998,0.017580589594594593,0.0032735456102188894,3
16,93.89999999999992,0.017647706058558553,0.0033261679645433966,3
16,94.19999999999996,0.017715891013513518,0.003352392455020554,3
16,94.49999999999964,0.01765808905405406,0.0033381517807114414,3
16,94.79999999999967,0.017668959999999997,0.0033263380493773753,3
16,95.0999999999998,0.017606271576576578,0.00317666391697527,3
16,95.39999999999992,0.017530948693693697,0.0030702337749645425,3
16,95.69999999999995,0.01759722265765766,0.0029143717182549696,3
16,95.99999999999966,0.017506557229729734,0.0028757048014575693,3
16,96.29999999999967,0.017430252702702705,0.002759082356922324,3
16,96.5999999999998,0.017416874774774774,0.002692270123698364,3
16,96.89999999999992,0.017389063265765763,0.002781955231399075,3
16,97.19999999999993,0.017430913130630624,0.002902691797252832,3
16,97.49999999999966,0.017511986554054056,0.0029883494281485483,3
16,97.79999999999967,0.017594751801801808,0.003071029071513353,3
16,98.0999999999998,0.017713164617117114,0.0031212598764649865,3
16,98.39999999999992,0.01771993002252252,0.0032187852141097257,3
16,98.69999999999993,0.017739549436936942,0.0032481156856549297,3
16,98.99999999999966,0.017881038490990996,0.00330034597947912,3
16,99.29999999999967,0.017973434031531527,0.0033029800340424412,3
16,99.5999999999998,0.018083782499999996,0.0032538372196477647,3
16,99.89999999999992,0.01814265927927928,0.0031805123173356824,3
16,100.19999999999992,0.018239181824324324,0.003100525468588864,3
16,100.49999999999967,0.018413562995495496,0.0030115583659126406,3
16,100.79999999999967,0.01851646754504505,0.002944142740528573,3
16,101.0999999999998,0.018748974144144143,0.002827358378989406,3
16,101.39999999999992,0.018907791531531534,0.00279894729288447,3
16,101.6999999999999,0.01908450943693694,0.0027042630255116346,3
16,101.99999999999969,0.019147932702702705,0.0026899254366994545,3
16,102.29999999999967,0.019248215698198203,0.002706698204368641,3
16,102.5999999999998,0.019333131396396388,0.002714253173965796,3
16,102.89999999999992,0.01945647202702702,0.002703021221544058,3
16,103.1999999999999,0.019608750202702706,0.002592787884612753,3
16,103.49999999999969,0.01968315076576577,0.0024998257779428935,3
16,103.79999999999968,0.019670687297297304,0.002451785841443508,3
16,104.0999999999998,0.01960795162162162,0.0023227509326545575,3
16,104.3999999999999,0.01956284596846847,0.002235769165476567,3
16,104.6999999999999,0.019524446689189193,0.002147267794110428,3
16,104.99999999999969,0.019562037567567563,0.0021012794017943393,3
16,105.29999999999968,0.019660319009009004,0.002195209964388555,3
16,105.5999999999998,0.019705155270270277,0.0022989815983638176,3
16,105.8999999999999,0.019890473490990993,0.0022655272667247454,3
16,106.19999999999989,0.02005098475225225,0.002241797672072912,3
16,106.4999999999997,0.020115673265765754,0.0020634285999948537,3
16,106.79999999999968,0.020162564076576576,0.0019435842602150896,3
16,107.0999999999998,0.020313948693693688,0.0018443958759879668,3
16,107.3999999999999,0.020464581238738736,0.001757295658522616,3
16,107.69999999999987,0.02072549900900901,0.0016886763567161079,3
16,107.99999999999972,0.02101838522522523,0.0016145115473560276,3
16,108.29999999999968,0.021222780292792797,0.0014967111918869338,3
16,108.5999999999998,0.02140347671171171,0.0013831640622691598,3
16,108.8999999999999,0.021611036711711707,0.0013339375342810407,3
16,109.19999999999987,0.021754630202702702,0.0013924664731500044,3
16,109.49999999999973,0.021949426576576572,0.0014684207130552438,3
16,109.79999999999968,0.022148949774774773,0.0015493449791748248,3
16,110.0999999999998,0.022322188063063065,0.0015889164202089968,3
16,110.3999999999999,0.022411194662162164,0.0016011084054476207,3
16,110.69999999999986,0.022592766914414416,0.0015523212673898288,3
16,110.99999999999974,0.022654373040540538,0.001517735245398355,3
16,111.2999999999997,0.022798832409909903,0.0014211731021391062,3
16,111.5999999999998,0.02288222484234234,0.0013382916702267206,3
16,111.89999999999989,0.023018903018018014,0.0012121431680456017,3
16,112.19999999999985,0.023159076103603612,0.0011903726553446586,3
16,112.49999999999974,0.023206948423423423,0.001082948151420972,3
16,112.7999999999997,0.023206431981981985,0.000901345522092112,3
16,113.0999999999998,0.02319608603603603,0.0008114301296845306,3
16,113.39999999999989,0.023126980180180178,0.000748686518100238,3
16,113.69999999999983,0.023037457432432434,0.0007661520607521664,3
16,113.99999999999977,0.02298778738738738,0.0008273709752396913,3
16,114.2999999999997,0.022886911936936937,0.0008839441867442171,3
16,114.5999999999998,0.022814698040540548,0.0009426638017489991,3
16,114.89999999999989,0.022680762162162162,0.0010787311684873307,3
16,115.19999999999982,0.022485568288288283,0.0012462434426827366,3
16,115.49999999999977,0.022310048648648658,0.0014048050050259715,3
16,115.7999999999997,0.022110475630630632,0.0015122734735947161,3
16,116.0999999999998,0.021948306261261263,0.001602301288002227,3
16,116.39999999999989,0.02183949914414415,0.0017020057334648214,3
16,116.6999999999998,0.021826793536036036,0.0017714388785755341,3
16,116.99999999999979,0.021858834617117115,0.0018188751602181798,3
16,117.2999999999997,0.02192427439189189,0.0018840288773185482,3
16,117.5999999999998,0.021911328153153154,0.0019345564097328909,3
16,117.89999999999989,0.02182297313063063,0.0019598735001024182,3
16,118.19999999999979,0.021810534436936934,0.0020897059194910327,3
16,118.4999999999998,0.021707423896396395,0.002226724995134634,3
16,118.79999999999971,0.02165313601351351,0.002426390561478192,3
16,119.0999999999998,0.021479188806306306,0.002535291770059278,3
16,119.39999999999988,0.02139773006756757,0.0025834041892951083,3
16,119.69999999999976,0.02131978540540541,0.0025999172733489916,3
16,119.99999999999983,0.02128012403153153,0.0025833421187677658,3
16,120.29999999999971,0.02122484096846847,0.002539851328867043,3
16,120.5999999999998,0.021066057229729724,0.0024557321999945604,3
16,120.89999999999988,0.020901233153153145,0.0022773125555862793,3
16,121.19999999999975,0.020827784909909913,0.002178563259711927,3
16,121.49999999999986,0.020713220135135133,0.002191208075478854,3
16,121.79999999999971,0.020650134256756755,0.0021963485414559733,3
16,122.0999999999998,0.020662754954954957,0.0022358331740076035,3
16,122.39999999999986,0.020767884707207206,0.002141046571679054,3
16,122.69999999999973,0.020823598355855854,0.0020814186033698075,3
16,122.99999999999986,0.020939647725225222,0.001971923841534913,3
16,123.29999999999973,0.020943860653153148,0.0019923919815080593,3
16,123.5999999999998,0.020996289009009014,0.0018285562808977639,3
16,123.89999999999986,0.021018251599099102,0.0018656490828029076,3
16,124.19999999999973,0.02096427331081081,0.001844643036670765,3
16,124.49999999999986,0.020958209977477483,0.0018373454151718663,3
16,124.79999999999973,0.020981840608108107,0.0019575474188141965,3
16,125.0999999999998,0.021063345427927923,0.0020671609026194178,3
16,125.39999999999986,0.021173898018018014,0.0021456139857815052,3
16,125.69999999999973,0.021304237364864864,0.002226881501781614,3
16,125.99999999999986,0.021423947049549547,0.0023434030284569256,3
16,126.29999999999974,0.021459843175675675,0.002383302798945986,3
16,126.5999999999998,0.02143450099099099,0.0024044704491450247,3
16,126.89999999999985,0.0213076486036036,0.002346443182275084,3
16,127.19999999999973,0.02118703680180181,0.0022738557281661797,3
16,127.49999999999986,0.02098811412162162,0.002259817763211583,3
16,127.79999999999974,0.020900633423423427,0.0022847705021493076,3
16,128.0999999999998,0.020882926148648645,0.0023337153969778856,3
16,128.39999999999984,0.020864431576576577,0.0023502200584026665,3
16,128.69999999999973,0.02085739831081081,0.0023281509659922634,3
16,128.99999999999986,0.02087187013513513,0.002272682832652606,3
16,129.29999999999976,0.02093332547297297,0.002224675387967777,3
16,129.5999999999998,0.021041125337837845,0.0020583902521852365,3
16,129.89999999999984,0.021059110067567572,0.0019599172483979136,3
16,130.19999999999973,0.021128460810810813,0.0017190490924311212,3
16,130.49999999999986,0.021265783626126123,0.001786027081557484,3
16,130.79999999999978,0.02139913308558559,0.0017667160915635569,3
16,131.0999999999998,0.021530003243243247,0.0017008558895873114,3
16,131.3999999999998,0.021663462815315313,0.0016173101811005363,3
16,131.69999999999973,0.021838296936936938,0.0016119350200608758,3
16,131.99999999999983,0.021940207635135142,0.0015920207472504956,3
16,132.29999999999978,0.022021288130630628,0.001485926475911215,3
16,132.5999999999998,0.02201155986486487,0.0014543741312432008,3
16,132.8999999999998,0.022026470698198197,0.0013456043915668848,3
16,133.19999999999976,0.022050983603603608,0.001129787705205641,3
16,133.49999999999983,0.022039858355855854,0.0010299141895132534,3
16,133.79999999999978,0.022078129121621614,0.0009738464674482028,3
16,134.0999999999998,0.022061084864864865,0.0009392711786789906,3
16,134.39999999999978,0.02197529975225225,0.0010778745883449584,3
16,134.69999999999976,0.021898632004504506,0.0011231290419854065,3
16,134.99999999999983,0.021807881891891905,0.001146831774070505,3
16,135.2999999999998,0.02173431759009009,0.0011151776353249287,3
16,135.5999999999998,0.02168642837837838,0.001146533014963552,3
16,135.89999999999978,0.021597071734234235,0.0010750414580496326,3
16,136.19999999999976,0.021475133130630635,0.001004211890501402,3
16,136.49999999999983,0.021341617252252264,0.0009774843882886435,3
16,136.7999999999998,0.021217150698198198,0.0010029322235499604,3
16,137.0999999999998,0.021138555585585594,0.0011486080528220455,3
16,137.39999999999978,0.02101892058558559,0.0013068279657037739,3
16,137.69999999999976,0.020979453896396393,0.0014400863080421982,3
16,137.99999999999983,0.020947929054054057,0.001643175553593135,3
16,138.2999999999998,0.020912336509009005,0.0017851910232099613,3
16,138.5999999999998,0.02093315772522522,0.0019646120258276878,3
16,138.89999999999978,0.020896613490990996,0.001994038773766704,3
16,139.19999999999976,0.021034909099099098,0.0019189674410520104,3
16,139.49999999999983,0.021150074211711712,0.0018043124748073319,3
16,139.7999999999998,0.021132557972972976,0.0017350313434859718,3
16,140.0999999999998,0.02118797207207207,0.001653674087912647,3
16,140.39999999999978,0.021097053558558555,0.001632148288290015,3
16,140.6999999999998,0.021110252635135135,0.0016480960254495122,3
16,140.9999999999998,0.02105432254504504,0.0017021085515431683,3
16,141.2999999999998,0.020974000067567566,0.0017472671525220634,3
16,141.5999999999998,0.02091404898648648,0.0018286232949831357,3
16,141.89999999999978,0.020820935495495494,0.0017905020053118868,3
16,142.1999999999998,0.020643367702702704,0.0018011851580481224,3
16,142.49999999999977,0.02049635385135135,0.0018024585736910916,3
16,142.7999999999998,0.020417676801801798,0.00179556383823669,3
16,143.0999999999998,0.020416858716216218,0.001720070502880969,3
16,143.39999999999978,0.02037263013513514,0.00165309712467317,3
16,143.69999999999982,0.020271095563063068,0.0014014678687632657,3
16,143.99999999999977,0.02031241243243243,0.001253797234278138,3
16,144.2999999999998,0.020431673761261263,0.0011516003643235755,3
16,144.5999999999998,0.020455247590090094,0.0010933452109637076,3
16,144.89999999999978,0.020491123536036035,0.0012337900166185772,3
16,145.19999999999982,0.0204573834009009,0.0013302695028257721,3
16,145.49999999999977,0.02038699747747748,0.001325799155189325,3
16,145.79999999999978,0.020383983806306304,0.0013818979747591018,3
16,146.0999999999998,0.020372057635135134,0.0015455432773330575,3
16,146.3999999999998,0.020293250788288295,0.00168563653197397,3
16,146.6999999999998,0.02032325594594595,0.0018377902204192338,3
16,146.9999999999998,0.020263144797297298,0.0019246895502670247,3
16,147.29999999999978,0.020322447635135136,0.0019914839156196015,3
16,147.5999999999998,0.020390050585585587,0.00197180175208766,3
16,147.8999999999998,0.020482173063063058,0.0020139096579535197,3
16,148.1999999999998,0.02062329752252252,0.002064037067467183,3
16,148.4999999999998,0.02086305378378379,0.0021384275823428636,3
16,148.79999999999978,0.021200000900900906,0.0022380209117512043,3
16,149.0999999999998,0.02155298745495497,0.0023442998446474472,3
16,149.3999999999998,0.021797414617117112,0.002327563294551641,3
16,149.6999999999998,0.021964204301801803,0.00237048373907067,3
16,149.9999999999998,0.022089463581081076,0.002430575526534316,3
16,150.29999999999978,0.02214355272522522,0.0024499909512295426,3
16,150.5999999999998,0.02216056718468468,0.002527021721867841,3
16,150.8999999999998,0.022136376914414408,0.0025222240679996268,3
16,151.1999999999998,0.022029938018018017,0.0026421504904193247,3
16,151.4999999999998,0.021973131576576575,0.0027760346724426477,3
16,151.79999999999978,0.02201251038288288,0.002868938256283913,3
16,152.0999999999998,0.022032290608108105,0.0030571953477988877,3
16,152.3999999999998,0.022084268085585584,0.003214970168460631,3
16,152.6999999999998,0.02211076022522522,0.0033905103275626855,3
16,152.9999999999998,0.02227336504504504,0.003553435547384643,3
16,153.29999999999978,0.022296197117117122,0.003647862735914847,3
16,153.5999999999998,0.022348890360360363,0.00379266540756731,3
16,153.8999999999998,0.02231814452702702,0.0037747995099750966,3
16,154.19999999999982,0.022149475788288294,0.0037073164033397635,3
16,154.49999999999977,0.021995822207207208,0.0037148823819985084,3
16,154.7999999999998,0.0218778127027027,0.0036261216573733124,3
16,155.0999999999998,0.02176154583333333,0.0036269967568532584,3
16,155.39999999999978,0.0215332313063063,0.003548045567826418,3
16,155.69999999999982,0.021355155563063066,0.003377391630542717,3
16,155.99999999999977,0.021254797387387378,0.0031663992797671034,3
16,156.2999999999998,0.021211828378378383,0.002942307850461079,3
16,156.5999999999998,0.021150725360360362,0.0027678022337946184,3
16,156.89999999999978,0.02122048351351351,0.0025706890285181246,3
16,157.19999999999982,0.021250427657657667,0.0023846288091003524,3
16,157.4999999999998,0.021196415045045037,0.0021329277514939584,3
16,157.7999999999998,0.021195220157657662,0.0019609971724910617,3
16,158.0999999999998,0.02116463781531532,0.001673941290127774,3
16,158.39999999999978,0.02110549772522523,0.0014466135502902455,3
16,158.6999999999998,0.0210499397972973,0.0011809998101040627,3
16,158.9999999999998,0.021026912072072076,0.0009757354451401591,3
16,159.2999999999998,0.020883707319819814,0.0007578887810495166,3
16,159.5999999999998,0.020764255900900905,0.000561269983968889,3
16,159.89999999999978,0.02062539060810811,0.0005786125468957949,3
16,160.19999999999976,0.020459074887387383,0.0006621594060830965,3
16,160.49999999999983,0.02026562563063063,0.0007417136426350605,3
16,160.7999999999998,0.02006120236486487,0.000927393909383217,3
16,161.0999999999998,0.019867359436936936,0.0012012276659067317,3
16,161.39999999999978,0.019787103716216222,0.001502992598746914,3
16,161.69999999999976,0.019710470990990995,0.0018119544912963029,3
16,161.99999999999983,0.019730997815315315,0.002002863848504334,3
16,162.2999999999998,0.01974279096846847,0.002273005789071284,3
16,162.5999999999998,0.019752951801801803,0.002473632637378031,3
16,162.89999999999978,0.019836018626126124,0.00254764788011874,3
16,163.19999999999976,0.01980509565315315,0.002643102397802805,3
16,163.49999999999983,0.019695238806306307,0.0026012467034675192,3
16,163.7999999999998,0.019627619774774775,0.0024635476850314066,3
16,164.0999999999998,0.019471362454954958,0.0023253428860984687,3
16,164.39999999999978,0.019272290945945948,0.0021449882816226193,3
16,164.69999999999976,0.019033531824324323,0.001977248543908081,3
16,164.99999999999983,0.0187869033108108,0.0018019856995944215,3
16,165.2999999999998,0.018552870518018016,0.0016742360763317414,3
16,165.5999999999998,0.01834652373873874,0.0016156461336654133,3
16,165.8999999999998,0.018154768040540545,0.0015491816737020537,3
16,166.19999999999976,0.01802685265765765,0.0015639311580655333,3
16,166.49999999999983,0.017858710405405407,0.0015709702417368656,3
16,166.79999999999978,0.017833374324324327,0.001675217816563648,3
16,167.0999999999998,0.017885686036036033,0.0017776103037781847,3
16,167.3999999999998,0.01791324837837838,0.0018262902459799894,3
16,167.69999999999976,0.018004453738738744,0.001835830289147915,3
16,167.99999999999986,0.018090231351351353,0.0018244360135872303,3
16,168.29999999999978,0.018148973693693695,0.0017584854756641172,3
16,168.5999999999998,0.018084776936936935,0.001728382025033933,3
16,168.8999999999998,0.018018896599099093,0.00167780091597052,3
16,169.19999999999973,0.017886403355855857,0.0016278584985366551,3
16,169.49999999999986,0.017754180337837832,0.0015665982265845237,3
16,169.79999999999976,0.017704131306306315,0.001550236322400995,3
16,170.0999999999998,0.01763219286036036,0.0015265718584065475,3
16,170.39999999999984,0.017567067342342344,0.0016040627293271046,3
16,170.69999999999973,0.017548049324324324,0.0017195620943416578,3
16,170.99999999999986,0.017618302027027025,0.0018525671850632627,3
16,171.29999999999976,0.017770853085585587,0.0020698439987160383,3
16,171.5999999999998,0.01793667099099099,0.0022433729994663786,3
16,171.89999999999984,0.018174975495495495,0.0023744317763115122,3
16,172.19999999999973,0.01831957423423424,0.0023332148877926065,3
16,172.49999999999986,0.018327129144144142,0.0022296935168690077,3
16,172.79999999999973,0.018352970382882885,0.002012802243347091,3
16,173.0999999999998,0.018335143761261257,0.0019616611295489874,3
16,173.39999999999986,0.018323255382882875,0.0019233937798622401,3
16,173.69999999999973,0.018370137072072076,0.0020362578334244827,3
16,173.99999999999986,0.018343351328828826,0.00214483606095978,3
16,174.29999999999973,0.018453568310810808,0.0023305608571967352,3
16,174.5999999999998,0.018361268626126127,0.0023777951875512187,3
16,174.89999999999986,0.018371555157657666,0.002457379989591919,3
16,175.19999999999973,0.018329812995495496,0.002296040185755116,3
16,175.49999999999986,0.01832421686936937,0.0021815930183547447,3
16,175.79999999999973,0.01826524083333334,0.0020343449403195804,3
16,176.0999999999998,0.018219480990990983,0.0017961413462515027,3
16,176.39999999999986,0.018142452319819827,0.001590045876230687,3
16,176.69999999999973,0.01810360412162162,0.0015096143524183185,3
16,176.99999999999986,0.018034075427927926,0.0014359701224169437,3
16,177.29999999999973,0.01799947536036036,0.0013726781406785793,3
16,177.5999999999998,0.017919419999999995,0.0013339816233071799,3
16,177.89999999999986,0.01795278601351351,0.0012267764027433104,3
16,178.19999999999973,0.017974984099099103,0.0010923116420773905,3
16,178.49999999999983,0.01798429238738739,0.0009609892752720749,3
16,178.79999999999973,0.01794063968468468,0.0008016042303985468,3
16,179.0999999999998,0.017841956779279283,0.000678970676813167,3
16,179.39999999999986,0.017720510270270277,0.0006377848346511304,3
16,179.69999999999976,0.017673131463963956,0.0007314779233044391,3
16,179.99999999999983,0.01767125466216216,0.0008658209291610708,3
16,180.29999999999973,0.01762944587837838,0.0008913989702362445,3
16,180.5999999999998,0.017625391936936935,0.0009186674248308298,3
16,180.89999999999986,0.017594462162162157,0.0009626352888973762,3
16,181.1999999999998,0.017552027364864862,0.0009734729798215023,3
16,181.4999999999998,0.017427895810810817,0.0010095771428101966,3
16,181.7999999999997,0.01731111903153153,0.0010330818754821969,3
16,182.0999999999998,0.017251786824324322,0.0010001087223544417,3
16,182.3999999999999,0.017120736644144142,0.0009759851008308385,3
16,182.69999999999982,0.017008465540540533,0.0011177169527927166,3
16,182.99999999999977,0.016882666689189186,0.0011527924056723854,3
16,183.2999999999997,0.016782675765765764,0.0011769046561892458,3
16,183.5999999999998,0.01661035240990991,0.0011617642638260452,3
16,183.8999999999999,0.01649824880630631,0.0011161263380530914,3
16,184.19999999999982,0.01643292268018018,0.0010641206988028919,3
16,184.49999999999977,0.01634223434684685,0.0010417114816700232,3
16,184.7999999999997,0.016367525405405408,0.001008360054702156,3
16,185.0999999999998,0.01635020894144144,0.0010981750832320743,3
16,185.3999999999999,0.016457059842342334,0.0011764495357421494,3
16,185.69999999999982,0.016515981846846852,0.0012012499187182598,3
16,185.99999999999977,0.016617899887387384,0.0012553663125210396,3
16,186.2999999999997,0.016656939211711713,0.0012793733482381903,3
16,186.5999999999998,0.016780705608108112,0.0012627057134487342,3
16,186.8999999999999,0.01697098087837838,0.0012457729332120842,3
16,187.19999999999985,0.01710939243243243,0.0011837209952824434,3
16,187.49999999999974,0.017192541509009007,0.00099831344933343,3
16,187.7999999999997,0.017302441058558552,0.0008177299423941991,3
16,188.0999999999998,0.017374483581081086,0.0007158908866537368,3
16,188.3999999999999,0.017455998648648646,0.0006679961496607452,3
16,188.69999999999985,0.017487588581081077,0.0006016901919810848,3
16,188.99999999999972,0.017567451666666664,0.00065602585780223,3
16,189.29999999999967,0.01772554335585585,0.0006956320288612931,3
16,189.5999999999998,0.01790237574324324,0.0007311868844988166,3
16,189.89999999999992,0.01803178247747748,0.0007035567833268118,3
16,190.19999999999987,0.018124007207207204,0.0006568261709414863,3
16,190.49999999999972,0.018162569166666667,0.0006615835530696851,3
16,190.79999999999967,0.01812610918918919,0.0005126647531774605,3
16,191.0999999999998,0.018192635292792785,0.0004966468263414428,3
16,191.39999999999992,0.018231297477477478,0.0004873566699011313,3
16,191.69999999999987,0.018267550990990995,0.0005821370296141552,3
16,191.99999999999972,0.01824500454954955,0.0005983570116061211,3
16,192.29999999999967,0.018251581734234235,0.0005193669857598827,3
16,192.5999999999998,0.01820575623873873,0.00041443763591666777,3
16,192.89999999999992,0.018213038288288297,0.0003225912424022085,3
16,193.19999999999987,0.018202868040540537,0.0002872845633493399,3
16,193.49999999999972,0.018230438806306305,0.00036401633625726866,3
16,193.79999999999967,0.018268819684684686,0.0003895444377089377,3
16,194.0999999999998,0.018305724932432432,0.00033228589644569977,3
16,194.39999999999992,0.01827826900900901,0.0002468748171904323,3
16,194.6999999999999,0.018317835090090096,0.00012655454589504582,3
16,194.9999999999997,0.01834793085585586,9.253436730737052e-05,3
16,195.29999999999967,0.018403804887387392,0.00037504639721495724,3
16,195.5999999999998,0.01849340288288288,0.0007555940987637879,3
16,195.89999999999992,0.018618328783783788,0.0011331780291068622,3
16,196.1999999999999,0.01881926027027027,0.0014841206442028608,3
16,196.4999999999997,0.01892712666666667,0.001917990278689605,3
16,196.79999999999967,0.01902088914414414,0.002200331230542036,3
16,197.0999999999998,0.019032216621621623,0.0023659063133140675,3
16,197.39999999999992,0.018907247364864866,0.0024171307622977752,3
16,197.6999999999999,0.018781465472972974,0.0023655603405314425,3
16,197.9999999999997,0.01864360941441441,0.0022768109601557303,3
16,198.29999999999967,0.018544169031531537,0.0021704621120394994,3
16,198.5999999999998,0.018417461103603604,0.002048633392608904,3
16,198.89999999999992,0.018272339211711706,0.001942058531580194,3
16,199.19999999999993,0.01828362693693694,0.0018096826389177399,3
16,199.49999999999966,0.01829094155405405,0.001667580902001369,3
16,199.79999999999967,0.01828901470720721,0.0015506840547071083,3
16,200.0999999999998,0.018337738513513516,0.0013867410919594224,3
16,200.39999999999992,0.01831266261261261,0.001369625203974843,3
16,200.69999999999993,0.01832630186936937,0.0012426428051266472,3
16,200.99999999999966,0.018246761869369375,0.001237271867378227,3
16,201.29999999999967,0.01813846457207207,0.0012796005090204667,3
16,201.5999999999998,0.018071771261261253,0.0012433295596468701,3
16,201.89999999999992,0.01799238254504505,0.0013632329993514792,3
16,202.19999999999993,0.01787539833333333,0.0013221126708570334,3
16,202.49999999999966,0.017743050225225224,0.0013068646467089733,3
16,202.79999999999967,0.017594217612612616,0.0012918342994073378,3
16,203.0999999999998,0.017544553603603606,0.0012895374208203296,3
16,203.39999999999992,0.017437988626126128,0.0012836571657502197,3
16,203.69999999999993,0.017449067770270273,0.001378982888153157,3
16,203.99999999999966,0.017422372770270273,0.0015267551091860598,3
16,204.29999999999967,0.017367766666666673,0.0017004906941962964,3
16,204.5999999999998,0.017282399842342342,0.001865162415204474,3
16,204.89999999999992,0.017187127545045044,0.0019339228199882709,3
16,205.19999999999993,0.01711173761261262,0.0019972087998484486,3
16,205.49999999999963,0.01711876988738739,0.0021261113436754804,3
16,205.79999999999967,0.017089089414414418,0.0022927798380264807,3
16,206.0999999999998,0.017034290495495496,0.0025248727404360597,3
16,206.39999999999992,0.0170064497072072,0.0026918610542009157,3
16,206.69999999999996,0.016958991081081082,0.002786870411472062,3
16,206.99999999999963,0.016908174932432424,0.0028578499957152507,3
16,207.2999999999997,0.01685377885135135,0.0028726259671578006,3
16,207.5999999999998,0.016752676396396396,0.002902776728876259,3
16,207.89999999999986,0.01655364468468469,0.0029406242480891826,3
16,208.19999999999996,0.0164078161936937,0.0028673903404432565,3
16,208.49999999999963,0.01629528581081081,0.0028505043324898688,3
16,208.79999999999973,0.01619806650900901,0.0027846432204615347,3
16,209.0999999999998,0.016167576081081086,0.002814066947043456,3
16,209.39999999999986,0.0161634729954955,0.002827059812145301,3
16,209.69999999999996,0.016153953918918915,0.0029436171463088647,3
16,209.99999999999963,0.016193867342342346,0.0030962931037441066,3
16,210.29999999999973,0.016104045788288283,0.0032186969475562583,3
16,210.5999999999998,0.016104755427927924,0.0033961812912576966,3
16,210.89999999999984,0.016008484527027023,0.00347565801177625,3
16,211.19999999999996,0.01586099493243243,0.003498531925049341,3
16,211.49999999999963,0.015663588130630634,0.003404115861285316,3
16,211.79999999999976,0.015508256599099093,0.003321808919247549,3
16,212.0999999999998,0.01531232047297298,0.003164936790207842,3
16,212.3999999999998,0.015098223738738743,0.0030921001931884812,3
16,212.69999999999996,0.014950025518018023,0.0029365077974586287,3
16,212.9999999999996,0.01479404421171171,0.0028104878712042532,3
16,213.29999999999978,0.014729613085585588,0.0027549313099312803,3
16,213.5999999999998,0.014644043108108101,0.002687144310594133,3
16,213.8999999999998,0.01452150472972973,0.002701808842506418,3
16,214.2,0.014337162432432436,0.0026594783792281106,3
16,214.4999999999996,0.01412211168918919,0.002612112520852433,3
16,214.79999999999978,0.013866507995495497,0.002461067630497244,3
16,215.0999999999998,0.013583533941441435,0.00231958453046221,3
16,215.39999999999978,0.01330271768018018,0.0021762689254976996,3
16,215.7,0.013000801936936935,0.002010564567808094,3
16,215.9999999999996,0.012760468265765768,0.001854096942248818,3
16,216.2999999999998,0.012485843220720721,0.0017363437801867995,3
16,216.5999999999998,0.012202693851351351,0.001586057914143191,3
16,216.89999999999978,0.011922956441441443,0.001441588383758139,3
16,217.2,0.01164920828828829,0.0012474535094204149,3
16,217.4999999999996,0.011385177702702703,0.0010299850638808947,3
16,217.79999999999984,0.011028128130630635,0.0008742871390221684,3
16,218.0999999999998,0.010730229954954951,0.0007049240028756788,3
16,218.39999999999975,0.01049136655405405,0.0005641288346544644,3
16,218.7,0.010297780788288288,0.0005361951355287936,3
16,218.9999999999996,0.01017026777027027,0.0005840133849831774,3
16,219.29999999999984,0.010059150698198198,0.0006525027782254837,3
16,219.5999999999998,0.009949532274774775,0.0007664667373600606,3
16,219.89999999999975,0.009918701081081087,0.0009348496768143799,3
16,220.2,0.009882058671171172,0.0010391844186933288,3
16,220.4999999999996,0.009798015788288287,0.001131371962711736,3
16,220.79999999999984,0.009719242297297299,0.0013033851445900903,3
16,221.0999999999998,0.009641675585585586,0.0014490092071466054,3
16,221.39999999999975,0.009542826463963964,0.001611938672663334,3
16,221.7,0.009387044346846849,0.001757221338034695,3
16,221.9999999999996,0.00914224858108108,0.0018206472428424765,3
16,222.29999999999987,0.008948156065315316,0.0019226086023606524,3
16,222.5999999999998,0.008699924819819821,0.0019335364243051225,3
16,222.89999999999972,0.0085413410472973,0.001955595187455403,3
16,223.2,0.008324056556306308,0.001962291373570558,3
16,223.4999999999996,0.008095571222972976,0.001966794029117529,3
16,223.7999999999999,0.007834251126126129,0.0019757741250547374,3
16,224.0999999999998,0.007576126891891893,0.0020257224609288938,3
16,224.3999999999997,0.007389890501126127,0.0020594545885574884,3
16,224.7,0.007147705733783782,0.0020684831741923345,3
16,224.9999999999996,0.00694791470945946,0.0021428371843164474,3
16,225.2999999999999,0.006811961619594592,0.0022648659694719346,3
16,225.5999999999998,0.006656480894144143,0.0023583487261588094,3
16,225.8999999999997,0.006562487390540544,0.002505216925418884,3
16,226.2,0.006479297231779281,0.0026258878202058125,3
16,226.4999999999996,0.006411970990315316,0.0027440819296460426,3
16,226.7999999999999,0.006376551235382881,0.0028536917329136918,3
16,227.0999999999998,0.006307190143693693,0.0029538135491914107,3
16,227.3999999999997,0.006274599481081083,0.003006336678906639,3
16,227.7,0.006198832497522522,0.0030685434562112727,3
16,227.9999999999996,0.006164672922522524,0.0030688172842807822,3
16,228.29999999999993,0.006145703923873876,0.003068550357609974,3
16,228.5999999999998,0.006105789822072071,0.003034069983414301,3
16,228.89999999999966,0.006132139954279279,0.003012963577549825,3
16,229.20000000000002,0.006137096302252252,0.0030063461021062224,3
16,229.49999999999957,0.0060869878479729725,0.0029094364955720483,3
16,229.79999999999993,0.006053887908108108,0.002849071413402627,3
16,230.0999999999998,0.00601528157367117,0.002785595536837573,3
16,230.39999999999966,0.005940456466216216,0.0027538280472420035,3
16,230.70000000000002,0.005819453606531533,0.002732413607843569,3
16,230.99999999999957,0.0056976977673423405,0.0027347576527503173,3
16,231.29999999999995,0.005553461960585586,0.0027270785707711022,3
16,231.5999999999998,0.005403695890990992,0.002700853490773259,3
16,231.89999999999964,0.005221179918693694,0.0026541074113075,3
16,232.20000000000002,0.005046873087612612,0.002592481575574459,3
16,232.49999999999957,0.004861252840765765,0.0025008959776680268,3
16,232.79999999999995,0.004695888126351351,0.0024431966328593135,3
16,233.0999999999998,0.0045756919040540545,0.0023873036054981576,3
16,233.39999999999964,0.0045015935299774785,0.002326880302742612,3
16,233.70000000000002,0.004400900686981982,0.0022555544378408325,3
16,233.99999999999957,0.004344511396621621,0.0022202996266328916,3
16,234.29999999999995,0.004289322510360361,0.0021381646334980462,3
16,234.5999999999998,0.004216407594594595,0.0021143978998997043,3
16,234.89999999999964,0.0041665079704954954,0.0020456782290728054,3
16,235.20000000000002,0.004141600000225226,0.002030405351674138,3
16,235.49999999999957,0.00409433654686937,0.001975145058700003,3
16,235.79999999999995,0.004058591741441442,0.001964183901790974,3
16,236.0999999999998,0.003994778688513514,0.0018894262367556963,3
16,236.3999999999996,0.003932307437162163,0.0018486515072993507,3
16,236.70000000000002,0.003911886848198198,0.0018124098440142579,3
16,236.99999999999957,0.0038703456213963956,0.0017527945061535427,3
16,237.29999999999998,0.0038652400200450457,0.0016881972655595563,3
16,237.5999999999998,0.0038567068117117114,0.0016107762745847997,3
16,237.8999999999996,0.0038375872207207207,0.0015142099087224075,3
16,238.20000000000002,0.0038242575574324324,0.0014283979294982382,3
16,238.49999999999957,0.003792767926576576,0.001320215113671555,3
16,238.8,0.003762120376599098,0.001201983590581837,3
16,239.0999999999998,0.0037379381869369383,0.0011196249034752983,3
16,239.39999999999958,0.0037262012184684687,0.0010540717033642687,3
16,239.70000000000002,0.003657507383130632,0.0010104361374958558,3
16,239.99999999999957,0.00356928606490991,0.0009693993117358953,3
16,240.3,0.0034898234216441445,0.0009360203926419122,3
16,240.5999999999998,0.003368977800450451,0.000900205330379336,3
16,240.89999999999958,0.0032810061218693683,0.000832810937232093,3
16,241.20000000000002,0.0032052717441666666,0.000776760102311722,3
16,241.49999999999957,0.0031245336092342348,0.000737369216902684,3
16,241.8,0.003067917660157657,0.0006858430517574675,3
16,242.0999999999998,0.0029894979795045042,0.0006417001483969903,3
16,242.39999999999958,0.0029343844054054054,0.0006251128760367145,3
16,242.70000000000002,0.002873380971396396,0.0005979801466837961,3
16,242.99999999999955,0.002818968614436937,0.0005565547242703555,3
16,243.3,0.002754037551576577,0.0005251068209715766,3
16,243.5999999999998,0.0027028281315540537,0.0005183174654146439,3
16,243.89999999999958,0.002691499301576576,0.0005290227237548974,3
16,244.20000000000005,0.0026716469194594597,0.0005497256475359306,3
16,244.49999999999955,0.0026552552083333337,0.0005653858288689065,3
16,244.8,0.002645420577252252,0.0006166677470340739,3
16,245.0999999999998,0.0026589673542792795,0.000624779333373766,3
16,245.39999999999958,0.0026540791196171167,0.0006228744498861147,3
16,245.70000000000005,0.0026563728930405414,0.0005941678132613421,3
16,245.99999999999955,0.0026762094446171176,0.0005701422435698494,3
16,246.3,0.002685201935833333,0.0005616522513839261,3
16,246.5999999999998,0.0026587504488963967,0.0005583772937596986,3
16,246.89999999999958,0.002657132164436937,0.0005895718038750792,3
16,247.20000000000005,0.0026980229779279287,0.0005982762862345637,3
16,247.49999999999955,0.002697814436261261,0.0006183892328723766,3
16,247.80000000000004,0.002703687037612613,0.0006208961181727703,3
16,248.0999999999998,0.0027434513826576578,0.0006202605540080513,3
16,248.39999999999955,0.0027321318256756755,0.0005917222224408946,3
16,248.70000000000005,0.002713221318243243,0.0005688572267944388,3
16,248.99999999999955,0.0026911575881081074,0.0005631463425711527,3
16,249.30000000000004,0.0026218636394144137,0.0005581155917731487,3
16,249.5999999999998,0.0025984735804279275,0.0005938156461237538,3
16,249.89999999999952,0.002583392013063063,0.0006236595545524636,3
16,250.20000000000005,0.0025579074423423428,0.0006599363854417247,3
16,250.49999999999955,0.002525675286936937,0.0006857234669857043,3
16,250.80000000000007,0.0025414418211711725,0.0007159866924716546,3
16,251.0999999999998,0.0025347433740990984,0.000734376287216773,3
16,251.39999999999952,0.0025365282164639645,0.000741875036818285,3
16,251.70000000000005,0.0025580751997972976,0.0007561246461996522,3
16,251.99999999999955,0.0025791210315315315,0.0007701844068759843,3
16,252.30000000000007,0.002567592604954955,0.0007808473326000879,3
16,252.5999999999998,0.002607465901801802,0.0007961667108901608,3
16,252.89999999999952,0.002676034095270271,0.0008218155385581372,3
16,253.20000000000005,0.002702744459684685,0.0008343364718342596,3
16,253.49999999999955,0.002740498738738738,0.0008580610937279445,3
16,253.80000000000007,0.002754062527274774,0.0008587757960634443,3
16,254.0999999999998,0.002768818893018018,0.0008694414927254862,3
16,254.39999999999952,0.002774366111036036,0.0008749420157172657,3
16,254.70000000000005,0.0027999334718468473,0.0008708500604124361,3
16,254.99999999999955,0.0028503420216216217,0.0008906735344342222,3
16,255.30000000000007,0.00289154127972973,0.0009177037689363678,3
16,255.5999999999998,0.002906448026599099,0.0009097970152214428,3
16,255.89999999999952,0.0029196113083333323,0.0009322964893752161,3
16,256.20000000000005,0.0029000664921171176,0.0009296060042587317,3
16,256.49999999999955,0.002910302119617117,0.0009506223695614001,3
16,256.80000000000007,0.00287224738963964,0.000958744829786499,3
16,257.0999999999998,0.0028737819639864854,0.0009827418777816177,3
16,257.3999999999995,0.0028851769504504494,0.0010009324052982441,3
16,257.70000000000005,0.002934734425698198,0.001042517884304985,3
16,257.99999999999955,0.002955330601373874,0.0010880237570879755,3
16,258.30000000000007,0.00299380192117117,0.001131004773225253,3
16,258.5999999999998,0.0030273772650900913,0.0011916159058366223,3
16,258.8999999999995,0.0030859028018018013,0.0012657303393495676,3
16,259.20000000000005,0.0031241658191666667,0.0012792534951635653,3
16,259.49999999999955,0.003132615959234234,0.0012931614985953065,3
16,259.80000000000007,0.0031731983966666673,0.0013195943836160334,3
16,260.0999999999998,0.003191224748445945,0.001311900603859758,3
16,260.3999999999995,0.0032032780209459467,0.0013102988568105983,3
16,260.70000000000005,0.0031899567631081087,0.0013009827359031436,3
16,260.99999999999955,0.003162745747072071,0.0012688006534644703,3
16,261.3000000000001,0.0031515265941441453,0.0012596788473963553,3
16,261.5999999999998,0.0031346265455180194,0.0012362589103217419,3
16,261.89999999999947,0.003105121550472972,0.0012192129195145156,3
16,262.20000000000005,0.0030760922673423435,0.0011808493306013884,3
16,262.49999999999955,0.003058183195968468,0.0011637948915871911,3
16,262.8000000000001,0.0030444438572072067,0.001153594648749941,3
16,263.0999999999998,0.003048907393693694,0.0011300306427500526,3
16,263.39999999999947,0.002984943203828829,0.0010854526695732827,3
16,263.7,0.0029419419027027025,0.0010470322745648162,3
16,263.9999999999996,0.0029214213364864867,0.0010045610716428919,3
16,264.3000000000001,0.0028770605157657655,0.0009721670913698766,3
16,264.5999999999998,0.0028352940344594595,0.0009485862464084824,3
16,264.89999999999947,0.002792626271869369,0.0009147658999696722,3
16,265.2,0.002764414147747748,0.0008995262087182784,3
16,265.49999999999966,0.002715624240990991,0.0008526865953615923,3
16,265.8000000000001,0.002655247321869369,0.0008251479161256532,3
16,266.0999999999998,0.0026300388132882886,0.000809432487158771,3
16,266.39999999999947,0.00256370536036036,0.0007786173994749098,3
16,266.69999999999993,0.0024942357319819816,0.0007386179561234956,3
16,266.99999999999966,0.002430789196396396,0.0007275849013750502,3
16,267.3000000000001,0.0023468886927927924,0.0006998262212123624,3
16,267.5999999999998,0.002293685353603603,0.0006968917236244358,3
16,267.89999999999947,0.0022015765463963967,0.000656600259814517,3
16,268.19999999999993,0.002163797172297297,0.0006461531663643978,3
16,268.49999999999966,0.002120587017117117,0.0006328509611300176,3
16,268.8000000000001,0.002099883453378378,0.0006327383733760601,3
16,269.0999999999998,0.0020550132682657656,0.0006101048068617499,3
16,269.39999999999947,0.0020023190083333334,0.0005780814490185863,3
16,269.69999999999993,0.0019518268547297293,0.000566895821466829,3
16,269.99999999999966,0.0018869370146396395,0.0005184741474673635,3
16,270.3000000000001,0.0018262263876126126,0.0004637355155570177,3
16,270.5999999999998,0.0017607605626126126,0.000409223293941331,3
16,270.89999999999947,0.0016996664885135133,0.00037763693818391834,3
16,271.19999999999993,0.0016308224916666669,0.00033405364662070973,3
16,271.4999999999997,0.0015836837374099092,0.00029199025311155965,3
16,271.8000000000001,0.0015240988924099096,0.0002541317475514257,3
16,272.0999999999998,0.0014862698189189191,0.00020770601778126563,3
16,272.39999999999947,0.0014287205138063062,0.00017933754518979216,3
16,272.6999999999999,0.0013907908887612612,0.0001550715988618044,3
16,272.9999999999997,0.0013453954153153154,0.0001548686155917942,3
16,273.3000000000001,0.0012903819840315316,0.000160859103390563,3
16,273.5999999999998,0.0012822154128603609,0.00016578259823339756,3
16,273.89999999999947,0.0012590423728153152,0.0001765307364411684,3
16,274.1999999999999,0.0012547463890315318,0.00018184511865090256,3
16,274.4999999999997,0.0012442860018018018,0.00017416813678938447,3
16,274.8000000000001,0.001219778035810811,0.00018694709531365844,3
16,275.0999999999998,0.0012285035297522524,0.00021337752703197717,3
16,275.39999999999947,0.001214539611283784,0.00022201348340721233,3
16,275.6999999999998,0.0011947780594594596,0.0002478589178858782,3
16,275.9999999999998,0.0011707956959459457,0.00024881453617499436,3
16,276.3000000000002,0.00113968965722973,0.00025341548528402027,3
16,276.5999999999998,0.0011192944047297298,0.00026457088188026006,3
16,276.8999999999994,0.0011172588682657658,0.00026456634671776543,3
16,277.1999999999998,0.0011222055646621621,0.0002923445678694165,3
16,277.4999999999998,0.001127260634009009,0.0003046533778259734,3
16,277.8000000000002,0.00110256934436937,0.0003168118742663196,3
16,278.0999999999998,0.0010910744698423428,0.00032797738145118923,3
16,278.3999999999994,0.001090273511261261,0.0003639542182607183,3
16,278.6999999999998,0.0010692944432432435,0.00039747277533259566,3
16,278.9999999999998,0.0010536452864864864,0.00043484114896645006,3
16,279.3000000000002,0.0010659910050225228,0.000492261642437724,3
16,279.5999999999998,0.001050450597545045,0.000520799509499177,3
16,279.8999999999994,0.0010389554711711711,0.0005288364312304324,3
16,280.1999999999998,0.0010549883227477476,0.0005549211522849634,3
16,280.4999999999998,0.0010575993353603606,0.0005615421022025878,3
16,280.8000000000002,0.0010781114477702704,0.0005825743443090249,3
16,281.0999999999998,0.0010833499543018022,0.0006029500250116954,3
16,281.3999999999994,0.001093218308130631,0.000614523930244185,3
16,281.69999999999976,0.0010869119200450452,0.0006338123857391821,3
16,281.99999999999983,0.0010946112418918918,0.000647201937526423,3
16,282.3000000000002,0.0010960377063063064,0.0006633003269598732,3
16,282.5999999999998,0.0011000667659909914,0.0006697018946643441,3
16,282.8999999999994,0.0011082081939414415,0.0007032474388486803,3
16,283.19999999999976,0.0011415832882882883,0.0007413648809946106,3
16,283.49999999999983,0.0011737821288513516,0.000777806400895439,3
16,283.8000000000002,0.0012293627004729734,0.0008368569425040518,3
16,284.0999999999998,0.0012694027128603606,0.0008932652375819206,3
16,284.3999999999994,0.0013023689452927925,0.0009499759985565545,3
16,284.6999999999997,0.0013426592245720723,0.000996147902185011,3
16,284.9999999999999,0.0013747581427927926,0.0010303717807033511,3
16,285.3000000000002,0.0013963797963963966,0.0010678328602747962,3
16,285.5999999999998,0.0014107774826576578,0.0010805509950479143,3
16,285.8999999999994,0.0014113030040540547,0.0011058242557020433,3
16,286.1999999999997,0.0014164748930405406,0.0011100060677133074,3
16,286.4999999999999,0.001399182479054054,0.0011096231872753685,3
16,286.8000000000002,0.0014194859943693697,0.0011244976298318728,3
16,287.0999999999998,0.0014469051936936929,0.0011578196045276897,3
16,287.3999999999994,0.0014806638871621616,0.001171877061831883,3
16,287.6999999999997,0.0014922505543018022,0.0011882816759948038,3
16,287.9999999999999,0.001500784129954954,0.0011979153546105405,3
16,288.3000000000002,0.0015017518896621618,0.0011896230361909544,3
16,288.5999999999998,0.0015156572801801804,0.0012018446555851967,3
16,288.8999999999994,0.001513646990990991,0.001199672527569105,3
16,289.1999999999997,0.0015445445123873885,0.0012260331116308366,3
16,289.4999999999999,0.0015257172995495503,0.0012122020820485911,3
16,289.8000000000002,0.0015193860281531534,0.0011872155777750814,3
16,290.0999999999998,0.0015147064337837836,0.0011659162591664528,3
16,290.3999999999994,0.0014930596425675677,0.0011300065845402747,3
16,290.6999999999997,0.0014705706120045044,0.0010972606106799268,3
16,290.9999999999999,0.00145622288490991,0.0010621629594829882,3
16,291.3000000000002,0.0014435770234234235,0.001018087641148352,3
16,291.5999999999998,0.0014363614792792798,0.0009718128186082304,3
16,291.8999999999994,0.0014398647972972973,0.000940256652181072,3
16,292.1999999999997,0.001423373453378378,0.0008813263154844536,3
16,292.4999999999999,0.0014064064867117122,0.0008406784214297497,3
16,292.8000000000002,0.0013891642414414417,0.0007928015403514942,3
16,293.0999999999998,0.001391783520315315,0.0007437611734496556,3
16,293.3999999999994,0.0013901902177927922,0.0007065731640926283,3
16,293.69999999999965,0.001414514565337838,0.0006625848045659231,3
16,293.99999999999994,0.001455613937612613,0.0006201026561823439,3
16,294.3000000000002,0.0014751250551801804,0.0005692631085310496,3
16,294.5999999999998,0.0015162411137387393,0.0005170159765450927,3
16,294.8999999999994,0.0015331496804504505,0.0004695725335056795,3
16,295.19999999999965,0.0015585584632882884,0.0004430652040137946,3
16,295.49999999999994,0.0015841508454954953,0.0003984675762665364,3
16,295.8000000000002,0.0015936937716441446,0.00035008758807118144,3
16,296.0999999999998,0.0016253337011261258,0.0002988593654542907,3
16,296.3999999999994,0.0016563146446171167,0.0002414434351202892,3
16,296.6999999999996,0.0016830578846846846,0.00018259737584382704,3
16,297.0,0.0017335420704954953,0.00012594035774922454,3
16,297.3000000000002,0.0017568315975225231,7.434744343712397e-05,3
16,297.5999999999998,0.0017855439353828828,7.0271124203374755e-06,3
16,297.8999999999994,0.0018034618707207207,6.550698997462675e-05,3
16,298.1999999999996,0.0018304805452927931,0.0001402417844416601,3
16,298.5,0.001857190782657658,0.00018493155434683056,3
16,298.8000000000002,0.0018752920606081084,0.0002496278725985906,3
16,299.0999999999998,0.0019062982333333323,0.00033120640488653626,3
16,299.3999999999994,0.0019092009635135142,0.0003898221487464982,3
16,299.6999999999996,0.0019348514629054048,0.0004436137774850141,3
24,0.0,0.00492346525563063,0.00040390789772017484,3
24,0.3000000000002103,0.0049591011761261255,0.00040501629474610395,3
24,0.5999999999997954,0.005012045619369371,0.0004204983891112129,3
24,0.8999999999993804,0.005051910468468468,0.00042052962040803495,3
24,1.1999999999996191,0.005104846272072073,0.00046832697184584623,3
24,1.4999999999999716,0.005139280662162163,0.0005063406654865997,3
24,1.8000000000002103,0.00518491005698198,0.0005706977982438624,3
24,2.0999999999997954,0.005263921809684685,0.0006529873236132112,3
24,2.3999999999993804,0.005369952992117115,0.0007388973426886672,3
24,2.699999999999619,0.005476059189189188,0.0007779888618119315,3
24,2.9999999999999716,0.005583616895945946,0.0008405081364703255,3
24,3.3000000000002103,0.005695862157207206,0.0008906445714844996,3
24,3.5999999999997954,0.005794319268018019,0.0009654201336405471,3
24,3.8999999999993804,0.005875368063063065,0.0010238399474594507,3
24,4.199999999999648,0.00593682013063063,0.0011107517524119807,3
24,4.499999999999943,0.006001958804054054,0.001181818304794905,3
24,4.80000000000021,0.00610258612162162,0.0013024491369393767,3
24,5.099999999999795,0.006148999342342342,0.0013661511682558885,3
24,5.39999999999938,0.006184535568468469,0.0013956032297707812,3
24,5.699999999999648,0.006225483068490991,0.0013725386889297984,3
24,5.999999999999943,0.006248131412387388,0.0013450489910681583,3
24,6.300000000000182,0.00623451805855856,0.0012812851671041927,3
24,6.599999999999795,0.006174048745495496,0.0012627927689483308,3
24,6.899999999999409,0.006121079549774775,0.0012614031511882628,3
24,7.199999999999676,0.006084658592342344,0.0012460101833894764,3
24,7.499999999999915,0.006037587588738738,0.0012456263983165788,3
24,7.800000000000182,0.005999107225225225,0.0011940160556298536,3
24,8.099999999999795,0.005946946574324323,0.001175659319352259,3
24,8.399999999999409,0.0059054979144144175,0.0011752786011246803,3
24,8.699999999999704,0.00581985337837838,0.0011199639100816364,3
24,8.999999999999886,0.005715757689189189,0.0011229903771916136,3
24,9.300000000000182,0.005664080779279279,0.0011086044230062407,3
24,9.599999999999795,0.005629629772522522,0.0011158538476160466,3
24,9.899999999999409,0.005570978968918919,0.001121291423522736,3
24,10.199999999999704,0.005511786810810811,0.0011132447611388206,3
24,10.499999999999886,0.005473799373873874,0.0011316512535610157,3
24,10.800000000000182,0.005404263344594595,0.0011464694270869173,3
24,11.099999999999795,0.005380871986486488,0.001178476141564384,3
24,11.399999999999409,0.005306873556306308,0.0011862849389530736,3
24,11.699999999999704,0.005234276720720722,0.00117973434604601,3
24,11.999999999999886,0.0051446613018018015,0.001164731914332388,3
24,12.300000000000182,0.005049607506756756,0.0011816919458036569,3
24,12.599999999999795,0.004994477786036038,0.0011375197462721875,3
24,12.899999999999409,0.004922714202702703,0.0010926534441400835,3
24,13.199999999999704,0.004834367240765767,0.0010718875821243785,3
24,13.499999999999858,0.004759567911936939,0.0009784595253719238,3
24,13.800000000000182,0.004670637296846847,0.0009174717514734891,3
24,14.099999999999795,0.004612571341441443,0.0008961975406170093,3
24,14.399999999999409,0.004520445767792793,0.0008651796287128922,3
24,14.699999999999733,0.004439797923198198,0.0008690333423506527,3
24,14.999999999999858,0.004402710590765766,0.0008666728673794625,3
24,15.300000000000182,0.004345095400900901,0.0008271445364804698,3
24,15.599999999999795,0.00434293445045045,0.0008798481177429466,3
24,15.899999999999437,0.004356081260157658,0.0009074271398072241,3
24,16.19999999999976,0.004429870778153154,0.000944008692516082,3
24,16.49999999999983,0.004513563640540541,0.0009699228600910267,3
24,16.800000000000153,0.0045797053900900895,0.001011920413085976,3
24,17.099999999999795,0.004659525977477477,0.0009633468748846118,3
24,17.399999999999437,0.004702018410360359,0.0009275115286279097,3
24,17.69999999999976,0.004731247824549551,0.0008988902098388381,3
24,17.99999999999983,0.004794745655855856,0.0009004582597677567,3
24,18.300000000000153,0.004840724286261262,0.0009242102299097856,3
24,18.599999999999795,0.004921013406081081,0.0009565511778427907,3
24,18.899999999999437,0.005011553484234235,0.0009779066773586368,3
24,19.19999999999979,0.005063538828828829,0.0010002456943649278,3
24,19.4999999999998,0.005113713814414413,0.0010281026211821842,3
24,19.800000000000153,0.00514063222972973,0.001045920382617051,3
24,20.099999999999795,0.0051539202256981964,0.0010440398210651055,3
24,20.399999999999437,0.005196913056081079,0.0010355670400385428,3
24,20.69999999999979,0.005203111243693693,0.0010335974750949528,3
24,20.999999999999773,0.005225275103378377,0.0010316454299865712,3
24,21.300000000000153,0.005169227292792793,0.0009885540424872548,3
24,21.599999999999795,0.005116116220495496,0.0009540438818388018,3
24,21.899999999999437,0.005089522860157658,0.0009173545474420309,3
24,22.199999999999818,0.005038538187387388,0.0008587252131027792,3
24,22.499999999999773,0.005014857302027029,0.00081141901558262,3
24,22.800000000000153,0.005018727561936938,0.0007663856246103906,3
24,23.099999999999795,0.004990998770045045,0.000636892065778475,3
24,23.399999999999437,0.004984668076576575,0.000543351690547951,3
24,23.699999999999847,0.004981172860585585,0.0004451289891611534,3
24,23.999999999999744,0.005047805916666667,0.00034492025358213,3
24,24.300000000000125,0.005080663970720721,0.00028840360456276846,3
24,24.599999999999795,0.005092334061036035,0.0002408356917536509,3
24,24.899999999999466,0.005095996178851352,0.00018301847484945215,3
24,25.19999999999986,0.005139614881756756,0.00014597932574120898,3
24,25.49999999999973,0.005184250540765767,0.0001603201903427013,3
24,25.800000000000125,0.005211319157657659,0.00017293973159886964,3
24,26.099999999999795,0.005256949065315316,0.00015157200381337287,3
24,26.399999999999466,0.005295804083108109,0.0002020900505291455,3
24,26.69999999999989,0.005309509109234236,0.00020836926061196766,3
24,26.9999999999997,0.0053236320497747755,0.0002046383156367494,3
24,27.300000000000125,0.005320779354729729,0.0002507773367355959,3
24,27.599999999999795,0.005239756702027028,0.0002802183165568306,3
24,27.899999999999466,0.005137562731306305,0.0003289782317555833,3
24,28.19999999999989,0.005062053710135135,0.00038001659197072076,3
24,28.499999999999673,0.004950225210135136,0.00042278449225777973,3
24,28.800000000000125,0.004861544734909912,0.0004304622497403816,3
24,29.099999999999795,0.00482258938445946,0.00041839584717704505,3
24,29.399999999999466,0.00477647668671171,0.0004044724328597113,3
24,29.699999999999918,0.004757048718468468,0.00037479972727079387,3
24,29.999999999999673,0.004742917729504504,0.00033730004445948613,3
24,30.300000000000125,0.004731230496396399,0.0003256466702585434,3
24,30.599999999999795,0.004757590528153153,0.0002896748161479743,3
24,30.899999999999466,0.004709976559684685,0.0003145032367069676,3
24,31.199999999999932,0.004673706910810811,0.00028950384078740545,3
24,31.49999999999966,0.004635210675675677,0.00021651866095662224,3
24,31.80000000000011,0.004560594114864865,0.00021470081571119663,3
24,32.099999999999795,0.004519394816216216,0.00019884466771776736,3
24,32.39999999999948,0.004512929404054055,0.00017879086644273734,3
24,32.69999999999996,0.004500225226801802,0.0002031779512257731,3
24,32.99999999999963,0.004526819209909909,0.0002239862712243265,3
24,33.30000000000011,0.004543776900900901,0.00025914858159513556,3
24,33.599999999999795,0.0046051221585585575,0.00024907277688495706,3
24,33.89999999999948,0.004622439125675676,0.00027731016122266945,3
24,34.19999999999996,0.0046458709943693706,0.0002961760495117004,3
24,34.4999999999996,0.004642025447297295,0.00033071684219133305,3
24,34.80000000000011,0.00465383744054054,0.0003523610760677691,3
24,35.099999999999795,0.004634501780180181,0.0003442054217473708,3
24,35.39999999999948,0.004608366263063063,0.00034133798253132517,3
24,35.69999999999999,0.0045818146777027,0.00035569894152040824,3
24,35.9999999999996,0.004556156249549549,0.0004106239016003217,3
24,36.30000000000011,0.004572155970720721,0.00042620603058111744,3
24,36.599999999999795,0.004609108668941444,0.0004987447550113456,3
24,36.89999999999948,0.004658566995495496,0.0005598938098965302,3
24,37.20000000000002,0.00470906738490991,0.0006099071592891359,3
24,37.499999999999574,0.004745628638963966,0.0006063534033419932,3
24,37.80000000000011,0.004782666197297298,0.0005761958136114667,3
24,38.099999999999795,0.004824098936936937,0.0005534244511608791,3
24,38.39999999999948,0.004839731843468468,0.00045632684539499886,3
24,38.70000000000003,0.004908666998873874,0.0003522467547107025,3
24,38.99999999999956,0.004916925236936938,0.0002880016105189871,3
24,39.3000000000001,0.005014831917139639,0.0002290805319165428,3
24,39.599999999999795,0.005113287879954956,0.00017281399027147928,3
24,39.899999999999494,0.005232815934684683,7.650928461792018e-05,3
24,40.200000000000045,0.005368518707207206,5.509474218882583e-05,3
24,40.499999999999545,0.005494727718468466,6.579391417590618e-05,3
24,40.8000000000001,0.005622596823423424,4.993107845914869e-05,3
24,41.099999999999795,0.005718484704504503,0.00012109052954416494,3
24,41.399999999999494,0.005831281063986484,0.00015592463084827807,3
24,41.700000000000045,0.005969469144594596,0.00014224473621313603,3
24,41.999999999999545,0.006094986461936937,0.00016904313989400208,3
24,42.30000000000008,0.006293143281531533,0.00017861597160077506,3
24,42.599999999999795,0.006441608565315314,0.0001922418169182309,3
24,42.89999999999951,0.006588997001351351,0.0002658834168274843,3
24,43.200000000000045,0.00673691281981982,0.00036822846227393453,3
24,43.499999999999545,0.006888146790540541,0.0005272673256914441,3
24,43.80000000000008,0.00706715829954955,0.000669655638803218,3
24,44.099999999999795,0.007217135106081081,0.0008148458446688609,3
24,44.39999999999951,0.0073156334819819814,0.0008834324944094503,3
24,44.700000000000045,0.007446070938963964,0.0009197326723132618,3
24,44.99999999999956,0.007628487549549549,0.0009305475552637924,3
24,45.30000000000007,0.007768325657882884,0.0009458578787638716,3
24,45.599999999999795,0.007903545959459456,0.0009496405535673882,3
24,45.89999999999952,0.007977109945945948,0.0009737094440623606,3
24,46.20000000000003,0.008129077671171171,0.001058739708052113,3
24,46.49999999999956,0.008308533603603606,0.0010971399688002935,3
24,46.80000000000007,0.00852762818018018,0.0011914063593052773,3
24,47.099999999999795,0.00871560670720721,0.0012431152525211933,3
24,47.39999999999952,0.008890006727477476,0.0012847094006233817,3
24,47.70000000000003,0.009051517747747746,0.001305343986399196,3
24,47.99999999999956,0.009237362905405404,0.001304682247079363,3
24,48.300000000000054,0.009400542747747749,0.0013254044845579956,3
24,48.599999999999795,0.009557916216216216,0.0013187727975742971,3
24,48.89999999999954,0.009714438851351353,0.0014212201670011698,3
24,49.20000000000003,0.009882806236486486,0.0014987396616789749,3
24,49.49999999999956,0.01011304675675676,0.0015778630855480796,3
24,49.800000000000054,0.010301677092342344,0.0016391052186067688,3
24,50.099999999999795,0.010516940524774773,0.001685643219698822,3
24,50.39999999999955,0.01071900118018018,0.001734289686493895,3
24,50.70000000000003,0.0108964113018018,0.0018040278738420952,3
24,50.99999999999956,0.010987871058558555,0.0018391217163348387,3
24,51.30000000000004,0.01106782612387387,0.001904737218607345,3
24,51.599999999999795,0.011112563340090094,0.0019122037623490861,3
24,51.89999999999955,0.011138229980180185,0.0019417469531790472,3
24,52.20000000000003,0.011166716772522525,0.0020155457220232464,3
24,52.49999999999956,0.01116831008716216,0.0021113877630392673,3
24,52.800000000000026,0.011056648991666668,0.002102652436067567,3
24,53.099999999999795,0.010847355855180185,0.0020586490238230725,3
24,53.399999999999565,0.010596954298873876,0.001991062414610551,3
24,53.70000000000003,0.01034343708918919,0.001856738309183731,3
24,53.99999999999956,0.01016279598648649,0.0017693907580579066,3
24,54.300000000000026,0.009999850029279278,0.00169243127365946,3
24,54.599999999999795,0.009856773317342344,0.001687956279854769,3
24,54.899999999999565,0.009747215114639642,0.0016167309335896809,3
24,55.20000000000003,0.009624593488738738,0.0015830362863752613,3
24,55.49999999999956,0.009556406173423423,0.0015502800158805623,3
24,55.800000000000026,0.009495980463963962,0.0015583940388345045,3
24,56.099999999999795,0.00945064136036036,0.001606315800778414,3
24,56.399999999999565,0.0093871537972973,0.0016702311081849752,3
24,56.70000000000003,0.009319944813063063,0.00172206971428943,3
24,56.999999999999574,0.009212528619369371,0.0017499347128096673,3
24,57.300000000000026,0.009128562882882883,0.0017497152476989898,3
24,57.599999999999795,0.00900051768243243,0.001622717568279682,3
24,57.89999999999958,0.008950009567567562,0.0016088605808994095,3
24,58.20000000000002,0.008908001295045044,0.0014983558798690034,3
24,58.499999999999574,0.008823541653153152,0.001422484884109305,3
24,58.80000000000001,0.008731957171171173,0.0013619441398111044,3
24,59.099999999999795,0.008650307666666666,0.0012546310581988372,3
24,59.39999999999958,0.008596707558558554,0.0011930871242388993,3
24,59.70000000000002,0.008566256923423424,0.0011343652511146595,3
24,59.999999999999574,0.008571512830180183,0.001077712038795044,3
24,60.3,0.008602193024774775,0.0009689741446584136,3
24,60.599999999999795,0.00864204976801802,0.0009173013971270392,3
24,60.899999999999594,0.008659168326126128,0.0008675135310059975,3
24,61.20000000000002,0.008666517279279279,0.000775832849695303,3
24,61.499999999999574,0.008767108681756758,0.000729077826937073,3
24,61.79999999999998,0.008819961323648646,0.0006368958001526431,3
24,62.099999999999795,0.008849266317567567,0.0004787556026822015,3
24,62.39999999999961,0.008891400351351353,0.00035081864769071397,3
24,62.70000000000002,0.008904104137612612,0.0002556883784152408,3
24,62.999999999999574,0.008892192259932435,0.0002903501082431635,3
24,63.29999999999998,0.00887000338288288,0.0004618710218486709,3
24,63.599999999999795,0.008893276536036034,0.0006410204905971634,3
24,63.89999999999962,0.008883199538288282,0.0007665559629277762,3
24,64.20000000000002,0.008932674063063062,0.0008974555030436783,3
24,64.49999999999957,0.00900277696711712,0.0010276534661971884,3
24,64.79999999999997,0.009076101650900904,0.001139041454957014,3
24,65.0999999999998,0.009203904608108113,0.001291845454601013,3
24,65.39999999999964,0.009200425103603601,0.001406444399498442,3
24,65.70000000000002,0.009239839666666664,0.001548344102800127,3
24,65.99999999999957,0.009319820002252252,0.0016127375106764418,3
24,66.29999999999995,0.009426559496171168,0.0017504197682379832,3
24,66.5999999999998,0.009518969014189187,0.001810692800410907,3
24,66.89999999999964,0.009597673695495497,0.0019215429440735412,3
24,67.20000000000002,0.009668092960360362,0.00197873845649206,3
24,67.49999999999957,0.00978626920990991,0.001971603866504701,3
24,67.79999999999994,0.009872582325675677,0.001935480158852341,3
24,68.0999999999998,0.010006899221396396,0.00180916939934136,3
24,68.39999999999965,0.010189332643693696,0.0016905672022779017,3
24,68.70000000000002,0.010309942770270268,0.0015779474061825406,3
24,68.99999999999957,0.010407490905405407,0.001494289392519995,3
24,69.29999999999993,0.010428379085585587,0.0014317469252478259,3
24,69.5999999999998,0.01046354618018018,0.001388508097057656,3
24,69.89999999999966,0.010568979515765764,0.0013533533716704978,3
24,70.20000000000002,0.010652724740990988,0.0012952830004682402,3
24,70.49999999999957,0.010732632306306306,0.00126037826602363,3
24,70.79999999999993,0.010840666083333334,0.0012053072933759788,3
24,71.0999999999998,0.010958551200450454,0.001176199383724775,3
24,71.39999999999966,0.01104447688738739,0.0011714737428978861,3
24,71.7,0.011095704963963962,0.0012236451418837847,3
24,71.99999999999959,0.011172796925675679,0.0012161210378159204,3
24,72.29999999999991,0.011320436786036038,0.0012406702714400574,3
24,72.5999999999998,0.01139284372972973,0.0012150327242999614,3
24,72.89999999999968,0.011522204247747747,0.001162524977712403,3
24,73.2,0.011626086261261258,0.001048403018115338,3
24,73.49999999999959,0.011690891058558561,0.000992549950916867,3
24,73.7999999999999,0.011795188445945945,0.0008396391703676603,3
24,74.0999999999998,0.01188229169144144,0.0006495070104201325,3
24,74.3999999999997,0.01189576959009009,0.0004663091931353694,3
24,74.7,0.01195946016441441,0.0004243215417147931,3
24,74.99999999999959,0.01195749053153153,0.0003421943605123454,3
24,75.2999999999999,0.012004606441441442,0.00025745516807470944,3
24,75.5999999999998,0.012096688175675677,0.00031426008209540905,3
24,75.89999999999971,0.012138362391891892,0.0003399932893388858,3
24,76.2,0.012218852461711713,0.0003926269698351425,3
24,76.49999999999959,0.012268502950450453,0.0004572183348089994,3
24,76.79999999999987,0.012313840549549551,0.0005705655462875466,3
24,77.0999999999998,0.012329036594594596,0.000743781855036918,3
24,77.39999999999972,0.012322548851351351,0.0008735137852946267,3
24,77.7,0.012318467094594596,0.0010124718876290968,3
24,77.9999999999996,0.0123711127027027,0.0010847594390358838,3
24,78.29999999999986,0.01237285693693694,0.0011066461138123389,3
24,78.5999999999998,0.012435625405405408,0.0010589387562153503,3
24,78.89999999999974,0.012522074038288289,0.0009755446287475299,3
24,79.19999999999999,0.01261114274774775,0.0008856093169738584,3
24,79.4999999999996,0.012798223963963962,0.0007922846858304767,3
24,79.79999999999984,0.012950574391891886,0.0006958424199174812,3
24,80.0999999999998,0.01304878261261261,0.00047139198333015524,3
24,80.39999999999975,0.013074490090090091,0.00044095302330936985,3
24,80.69999999999999,0.013135994391891892,0.0004306792182693509,3
24,80.9999999999996,0.013131507770270272,0.0005018772707903092,3
24,81.29999999999984,0.01311428252702703,0.000671967760190752,3
24,81.5999999999998,0.013102828198198203,0.0007644442519704464,3
24,81.89999999999976,0.01309141470720721,0.0008274324819863164,3
24,82.19999999999999,0.013121389009009013,0.0007986968122735781,3
24,82.4999999999996,0.013172700518018022,0.0007368214368313098,3
24,82.79999999999981,0.013132123738738738,0.0005472113287542315,3
24,83.0999999999998,0.013124009436936935,0.0003359550242735788,3
24,83.39999999999978,0.01308364173423423,0.00015814463507597237,3
24,83.69999999999997,0.013084535945945948,5.910421934803532e-05,3
24,83.99999999999962,0.01319230887387387,8.515726331386545e-05,3
24,84.29999999999981,0.01323192168918919,0.00023989338140760334,3
24,84.5999999999998,0.013269843445945948,0.0003418856088909159,3
24,84.89999999999979,0.013326410563063064,0.0004467410221668236,3
24,85.19999999999997,0.013343703355855857,0.000538675451769885,3
24,85.49999999999962,0.013366201081081086,0.0007465895876748826,3
24,85.79999999999978,0.013402193761261262,0.0009011438547183696,3
24,86.0999999999998,0.013401449639639641,0.0010480695358633949,3
24,86.39999999999982,0.013379655202702699,0.0012055831329785137,3
24,86.69999999999997,0.013307598468468471,0.0012649414701599345,3
24,86.99999999999963,0.01325549599099099,0.0014043966498477373,3
24,87.29999999999977,0.013097322499999996,0.0014834354099020543,3
24,87.5999999999998,0.012940148851351354,0.001468238452668237,3
24,87.89999999999984,0.012795205788288286,0.0015082170644926819,3
24,88.19999999999996,0.012703981734234234,0.0015268497613343847,3
24,88.49999999999963,0.012629071531531531,0.0015617334798701747,3
24,88.79999999999976,0.012596471328828832,0.0015309585249157365,3
24,89.0999999999998,0.012497680202702699,0.0015400167177343136,3
24,89.39999999999986,0.012511027207207209,0.0014991627148866445,3
24,89.69999999999996,0.012469513581081082,0.00148283241626932,3
24,89.99999999999963,0.012477601936936937,0.0014735034874884109,3
24,90.29999999999973,0.01247017828828829,0.0014275286597249888,3
24,90.5999999999998,0.012489516846846844,0.0013646630803684297,3
24,90.89999999999986,0.012475549186936935,0.0013117682675398577,3
24,91.19999999999996,0.012506340680180179,0.0012748757972448573,3
24,91.49999999999963,0.012494505382882886,0.0012133455690468147,3
24,91.79999999999971,0.012424967342342339,0.0011886839611092125,3
24,92.0999999999998,0.012399315945945953,0.0012059140020052861,3
24,92.39999999999989,0.012348747747747748,0.0011750895219201293,3
24,92.69999999999996,0.012223173761261264,0.001213786165121784,3
24,92.99999999999963,0.01206177691441441,0.0012502687233954016,3
24,93.29999999999968,0.011962480585585586,0.0012733965089436257,3
24,93.5999999999998,0.011889254954954956,0.0013001384131388323,3
24,93.89999999999992,0.011837754054054054,0.0012651771882082542,3
24,94.19999999999996,0.01177163060810811,0.0011593013079508312,3
24,94.49999999999964,0.01168895439189189,0.0010147990119953462,3
24,94.79999999999967,0.011562670427927932,0.0009128247166404411,3
24,95.0999999999998,0.011450316036036036,0.0007852785052227142,3
24,95.39999999999992,0.011333507229729733,0.0007001156071747507,3
24,95.69999999999995,0.011187897905405406,0.0005693394330171487,3
24,95.99999999999966,0.011108090632882884,0.0004626981995587722,3
24,96.29999999999967,0.011008951036036036,0.0004239891261922553,3
24,96.5999999999998,0.010918778648648647,0.00035519541682672064,3
24,96.89999999999992,0.01085049135135135,0.00033318518973166533,3
24,97.19999999999993,0.01076054378378378,0.0002981821197514257,3
24,97.49999999999966,0.010660392292792793,0.00025681210699148515,3
24,97.79999999999967,0.010541600563063067,0.00018070294434607137,3
24,98.0999999999998,0.010430538292792798,6.19747295827803e-05,3
24,98.39999999999992,0.010215106981981982,0.00011299209736378287,3
24,98.69999999999993,0.010002328033783783,0.00022386602435813235,3
24,98.99999999999966,0.009788672265765769,0.00027558521365085673,3
24,99.29999999999967,0.00962696114864865,0.0002862066147715952,3
24,99.5999999999998,0.009497981745495496,0.00036160309471263314,3
24,99.89999999999992,0.009468301101351355,0.00046880770741049044,3
24,100.19999999999992,0.009366526626126128,0.0005388160104803616,3
24,100.49999999999967,0.00932938800900901,0.0005767938942408739,3
24,100.79999999999967,0.00926846017117117,0.0006240514965230881,3
24,101.0999999999998,0.00928002152927928,0.0006492226127556756,3
24,101.39999999999992,0.009244277554054057,0.0007748577374116541,3
24,101.6999999999999,0.009209051353603606,0.0009146466753826675,3
24,101.99999999999969,0.009222212659909907,0.0010730688339697372,3
24,102.29999999999967,0.00924605508108108,0.0012175494121923311,3
24,102.5999999999998,0.00927595905855856,0.0013061625515367107,3
24,102.89999999999992,0.009334709920945948,0.0013356002104915614,3
24,103.1999999999999,0.00934407831981982,0.001292750003899675,3
24,103.49999999999969,0.009364305789189188,0.0013012605763058818,3
24,103.79999999999968,0.009419494254054056,0.001359972625178949,3
24,104.0999999999998,0.009382632783108108,0.0014367006026939284,3
24,104.3999999999999,0.009366549633108106,0.0014952234743801198,3
24,104.6999999999999,0.009265098474774776,0.001536609110658005,3
24,104.99999999999969,0.00913935505385135,0.0015921688562033779,3
24,105.29999999999968,0.009096271153153151,0.0016842330017136692,3
24,105.5999999999998,0.008946681225225224,0.0017487917026836814,3
24,105.8999999999999,0.008956290522522524,0.0018939565957673502,3
24,106.19999999999989,0.00897198759234234,0.0019771500063870263,3
24,106.4999999999997,0.009012145931306304,0.0020635683633339515,3
24,106.79999999999968,0.009107005425675678,0.0021686477613828323,3
24,107.0999999999998,0.009141824656306306,0.0022304710842026747,3
24,107.3999999999999,0.009235003065315314,0.0023182081320425436,3
24,107.69999999999987,0.009329687324324326,0.0024411962374757934,3
24,107.99999999999972,0.009389031795045046,0.0024602342451682086,3
24,108.29999999999968,0.009448559046396398,0.0025093944081902657,3
24,108.5999999999998,0.009579429178153152,0.0025727966999985774,3
24,108.8999999999999,0.009690141112612611,0.0026649663122753913,3
24,109.19999999999987,0.009831282013513515,0.002868081654057786,3
24,109.49999999999973,0.010010844186936938,0.003094977410382667,3
24,109.79999999999968,0.010160117975225223,0.003331922236730139,3
24,110.0999999999998,0.010317616074324324,0.003590902053020863,3
24,110.3999999999999,0.010465023654054051,0.003736716994987336,3
24,110.69999999999986,0.010566976765540541,0.0038721643597301176,3
24,110.99999999999974,0.010652569256531533,0.004001133534087108,3
24,111.2999999999997,0.01075921595855856,0.004073251367607484,3
24,111.5999999999998,0.010842625835585583,0.004125963925109516,3
24,111.89999999999989,0.010914355752252254,0.004173203721949566,3
24,112.19999999999985,0.011088956361936936,0.0042240715540962015,3
24,112.49999999999974,0.01128878931081081,0.0042959056094395084,3
24,112.7999999999997,0.011448373738738742,0.004402283033454964,3
24,113.0999999999998,0.01157773556914414,0.004388664590148547,3
24,113.39999999999989,0.011669236307229732,0.004337728160524592,3
24,113.69999999999983,0.011634743105855857,0.00423047993961666,3
24,113.99999999999977,0.011640123520270267,0.004127409781515873,3
24,114.2999999999997,0.011614707895495497,0.0040281645271001915,3
24,114.5999999999998,0.011622998197297297,0.003946753912522685,3
24,114.89999999999989,0.011662262004301809,0.003926683172478349,3
24,115.19999999999982,0.011775024319166666,0.003952344379192402,3
24,115.49999999999977,0.01197173120765766,0.004082718217390398,3
24,115.7999999999997,0.012157583696846844,0.004165713996496143,3
24,116.0999999999998,0.012376184214414413,0.004300224545383502,3
24,116.39999999999989,0.012597880659909905,0.0043982923347326884,3
24,116.6999999999998,0.01278055646846847,0.004462605252385399,3
24,116.99999999999979,0.012910234846846844,0.004502768991282192,3
24,117.2999999999997,0.012933691549549549,0.004559101175989109,3
24,117.5999999999998,0.013024666128378376,0.004567665823268159,3
24,117.89999999999989,0.013050342400900902,0.004473702578997341,3
24,118.19999999999979,0.013115490425675677,0.004376329806815941,3
24,118.4999999999998,0.013192626713963963,0.004371061898871289,3
24,118.79999999999971,0.013317333689189187,0.004394831676401212,3
24,119.0999999999998,0.01346696793018018,0.004425431595478576,3
24,119.39999999999988,0.013521872202702706,0.004481796524355418,3
24,119.69999999999976,0.01373518467117117,0.004613866166747689,3
24,119.99999999999983,0.013901033761261264,0.004697308750648403,3
24,120.29999999999971,0.014070170855855858,0.004773711106540224,3
24,120.5999999999998,0.014183381058558556,0.004838115128114321,3
24,120.89999999999988,0.014349331686936936,0.004927586297422718,3
24,121.19999999999975,0.014436144788288292,0.004970144361632636,3
24,121.49999999999986,0.014463953761261259,0.0050639171098255525,3
24,121.79999999999971,0.014505549623873876,0.005065277665469954,3
24,122.0999999999998,0.014536111373873872,0.00512386325378143,3
24,122.39999999999986,0.014656421211711708,0.005245426005217197,3
24,122.69999999999973,0.01471383825450451,0.005311942443616911,3
24,122.99999999999986,0.014784916148648644,0.005333837677619451,3
24,123.29999999999973,0.014758151254504507,0.005266583583291094,3
24,123.5999999999998,0.014669796022522524,0.005196192874229614,3
24,123.89999999999986,0.014567399743243248,0.005052464259046303,3
24,124.19999999999973,0.014440766114864861,0.004963007548305231,3
24,124.49999999999986,0.014333766997747752,0.004989281292577097,3
24,124.79999999999973,0.014409701724099102,0.00508038941116135,3
24,125.0999999999998,0.014465307275225223,0.005209724760808747,3
24,125.39999999999986,0.014504161164414416,0.005308528975764585,3
24,125.69999999999973,0.014545094207207203,0.0053620986481101906,3
24,125.99999999999986,0.014548932056306299,0.005374279605854996,3
24,126.29999999999974,0.014452634499324322,0.0052659060079552214,3
24,126.5999999999998,0.01434045614189189,0.0051573755741553045,3
24,126.89999999999985,0.01427590137387387,0.0049212295162909744,3
24,127.19999999999973,0.0142968792027027,0.004732940840035169,3
24,127.49999999999986,0.014275026087837839,0.004481612840968239,3
24,127.79999999999974,0.01422840200225225,0.004316445490467992,3
24,128.0999999999998,0.014148934220720721,0.0041947763135744,3
24,128.39999999999984,0.014058774112612618,0.004108887847223954,3
24,128.69999999999973,0.014009326677927926,0.004056917112436665,3
24,128.99999999999986,0.013965766286261255,0.004065755659120123,3
24,129.29999999999976,0.013790395937612615,0.004014743804616059,3
24,129.5999999999998,0.013645939322072073,0.0040117121259801505,3
24,129.89999999999984,0.01350694141891892,0.004048583954077293,3
24,130.19999999999973,0.013335142882882886,0.004018655556107653,3
24,130.49999999999986,0.013123841171171172,0.003911412680974943,3
24,130.79999999999978,0.01299886364864865,0.0038657789558921344,3
24,131.0999999999998,0.012881883355855855,0.0037892434020645217,3
24,131.3999999999998,0.012876392882882884,0.0036764292123816883,3
24,131.69999999999973,0.012826042644144144,0.003595839509358768,3
24,131.99999999999983,0.012809285770270273,0.0034794961366778985,3
24,132.29999999999978,0.012882058797297301,0.003425864653401868,3
24,132.5999999999998,0.01298937253378378,0.003326890862442716,3
24,132.8999999999998,0.013113914529279276,0.0032802875319000837,3
24,133.19999999999976,0.013260661540540541,0.003209319857502835,3
24,133.49999999999983,0.013361794531531525,0.0031048189770366197,3
24,133.79999999999978,0.013372495864864865,0.003048385820577283,3
24,134.0999999999998,0.013477001950225222,0.002949409825769291,3
24,134.39999999999978,0.013566941929954958,0.002876396340816366,3
24,134.69999999999976,0.013678443301576573,0.0028590998153504165,3
24,134.99999999999983,0.013804221220720725,0.0028108811280644617,3
24,135.2999999999998,0.013952394752252253,0.002819896927999972,3
24,135.5999999999998,0.014089832827702703,0.0028409541399508596,3
24,135.89999999999978,0.014306605391891892,0.002920800253364415,3
24,136.19999999999976,0.014561086686936939,0.00304829209618544,3
24,136.49999999999983,0.014691475543018017,0.0031874866076090093,3
24,136.7999999999998,0.014727324637387388,0.0033406050197174984,3
24,137.0999999999998,0.01473274212387387,0.0034826347424636982,3
24,137.39999999999978,0.014650100792792794,0.0036964278605765228,3
24,137.69999999999976,0.014612922218468468,0.003899746289371544,3
24,137.99999999999983,0.014570788403153158,0.0040462831978545066,3
24,138.2999999999998,0.014524799234234234,0.004254146902303177,3
24,138.5999999999998,0.014440506801801797,0.0043239407482445515,3
24,138.89999999999978,0.014371471711711714,0.004397890419133073,3
24,139.19999999999976,0.014263504662162167,0.004406939949968972,3
24,139.49999999999983,0.014208658423423419,0.004341739578378732,3
24,139.7999999999998,0.014108899189189188,0.004202052467603384,3
24,140.0999999999998,0.013966183243243245,0.004009378572828394,3
24,140.39999999999978,0.013854982567567571,0.0038209342448581574,3
24,140.6999999999998,0.0137013672027027,0.003640973490071228,3
24,140.9999999999998,0.01357885243693694,0.00340589048671317,3
24,141.2999999999998,0.013525375518018015,0.0032313349079834963,3
24,141.5999999999998,0.013465188547297295,0.003044925729579277,3
24,141.89999999999978,0.013416572322072077,0.0028194245826349607,3
24,142.1999999999998,0.01340050009009009,0.002707004264873576,3
24,142.49999999999977,0.013446471186936938,0.0025137664927926914,3
24,142.7999999999998,0.013537821094594593,0.0023980866329931967,3
24,143.0999999999998,0.013770587675675674,0.002311824368965995,3
24,143.39999999999978,0.013927711387387383,0.0023622382291427022,3
24,143.69999999999982,0.014133501056306308,0.0024437337394747623,3
24,143.99999999999977,0.014262269950450447,0.0025211054950992676,3
24,144.2999999999998,0.014441926141891893,0.002654648174436083,3
24,144.5999999999998,0.01459729748873874,0.002713835819805316,3
24,144.89999999999978,0.01468396774099099,0.0028275875142696216,3
24,145.19999999999982,0.014725302459459464,0.002916238102298438,3
24,145.49999999999977,0.014670087022522529,0.002867983068431178,3
24,145.79999999999978,0.014559285400900894,0.0028482964816814327,3
24,146.0999999999998,0.014404495817567564,0.002732546744887843,3
24,146.3999999999998,0.01415960053153153,0.002730230363328506,3
24,146.6999999999998,0.013896888403153155,0.002661179565413598,3
24,146.9999999999998,0.013609225734909913,0.0025757720370483623,3
24,147.29999999999978,0.01334074121846847,0.002470137358328963,3
24,147.5999999999998,0.01314623652927928,0.0023319441150322913,3
24,147.8999999999998,0.013063187903153148,0.002203355333614565,3
24,148.1999999999998,0.013106790599099102,0.0021591691295356425,3
24,148.4999999999998,0.013058066587837834,0.002186736601782099,3
24,148.79999999999978,0.013100882331081079,0.0022202476217856393,3
24,149.0999999999998,0.013139382653153156,0.0022776894094659527,3
24,149.3999999999998,0.013218384903153154,0.00237548830719791,3
24,149.6999999999998,0.013265549459459465,0.0024430899237746447,3
24,149.9999999999998,0.013334310878378377,0.002473942563630703,3
24,150.29999999999978,0.013464239094594599,0.0025344355421288915,3
24,150.5999999999998,0.013583233180180182,0.00260651716904498,3
24,150.8999999999998,0.013805447085585584,0.0027291644234224586,3
24,151.1999999999998,0.013961352909909916,0.0028016448271865734,3
24,151.4999999999998,0.014063187518018017,0.00286084726869365,3
24,151.79999999999978,0.01414689760810811,0.002926538870873925,3
24,152.0999999999998,0.014181357430180183,0.0029485639813690416,3
24,152.3999999999998,0.01414297677252252,0.0028934985786078886,3
24,152.6999999999998,0.01404557068918919,0.0027682826034888504,3
24,152.9999999999998,0.013812020371621618,0.0026057508770936763,3
24,153.29999999999978,0.013645287418918925,0.0024411400683713846,3
24,153.5999999999998,0.013523654502252255,0.002472364160677381,3
24,153.8999999999998,0.013399783150900896,0.0025211832425227816,3
24,154.19999999999982,0.013245188063063065,0.002559505831543628,3
24,154.49999999999977,0.013019120360360362,0.0027023629896067154,3
24,154.7999999999998,0.012847230993243244,0.0028266537342414525,3
24,155.0999999999998,0.012673682972972977,0.002960022257700176,3
24,155.39999999999978,0.012567808783783782,0.0030397824080652695,3
24,155.69999999999982,0.012462094031531529,0.0031475438442150226,3
24,155.99999999999977,0.012336035405405404,0.003210850607867026,3
24,156.2999999999998,0.012306767153153155,0.0032153682183451463,3
24,156.5999999999998,0.012391526795045044,0.00320531226998134,3
24,156.89999999999978,0.012424791903153152,0.0032018504046844214,3
24,157.19999999999982,0.012554505585585586,0.0031360279803355185,3
24,157.4999999999998,0.012703945270270264,0.0030242291326183037,3
24,157.7999999999998,0.012833818581081083,0.0028850831953652215,3
24,158.0999999999998,0.01304814837837838,0.002844556441540581,3
24,158.39999999999978,0.013282584324324326,0.0027730638181457825,3
24,158.6999999999998,0.013420513400900903,0.0027310467586511406,3
24,158.9999999999998,0.013571456261261267,0.0027572360780536405,3
24,159.2999999999998,0.013742026576576574,0.0027879415399214608,3
24,159.5999999999998,0.013874449391891893,0.002790617135481489,3
24,159.89999999999978,0.013952294301801801,0.0027363986375767255,3
24,160.19999999999976,0.014025341689189194,0.002634438360488073,3
24,160.49999999999983,0.014116951373873874,0.002534388566041999,3
24,160.7999999999998,0.014257999121621623,0.0024234835944432144,3
24,161.0999999999998,0.014379887342342343,0.002229844840285497,3
24,161.39999999999978,0.014484608918918928,0.0019894446993557356,3
24,161.69999999999976,0.014557133490990989,0.0017226474535274277,3
24,161.99999999999983,0.014570396666666666,0.0014970639759961074,3
24,162.2999999999998,0.014515096756756758,0.0012064083063109744,3
24,162.5999999999998,0.01449041641891892,0.0010183660404996496,3
24,162.89999999999978,0.01440935076576577,0.0008490882901041638,3
24,163.19999999999976,0.014375949774774776,0.0007484339777743517,3
24,163.49999999999983,0.014354104572072078,0.0007056104824501254,3
24,163.7999999999998,0.014389899346846846,0.0007061369291008222,3
24,164.0999999999998,0.014395978671171173,0.0007236198824582222,3
24,164.39999999999978,0.014507258626126127,0.0008072795911766192,3
24,164.69999999999976,0.014562820810810811,0.0009356676151795003,3
24,164.99999999999983,0.014644635022522523,0.0010906986953869646,3
24,165.2999999999998,0.014870753400900901,0.0012089468048019731,3
24,165.5999999999998,0.015119153468468469,0.0013549182273824394,3
24,165.8999999999998,0.015551292950450447,0.0014648066594688358,3
24,166.19999999999976,0.015841433243243244,0.0015083611034194964,3
24,166.49999999999983,0.016078103310810807,0.0014620300631879633,3
24,166.79999999999978,0.016196355225225223,0.0012916677083933284,3
24,167.0999999999998,0.01626032740990991,0.0011970080815773495,3
24,167.3999999999998,0.016316733490990994,0.001116413083927688,3
24,167.69999999999976,0.016409443873873882,0.0009602455208488105,3
24,167.99999999999986,0.016533740022522513,0.0009245478378881143,3
24,168.29999999999978,0.01669419432432433,0.0009662028292347081,3
24,168.5999999999998,0.01683462324324325,0.0011226483595028222,3
24,168.8999999999998,0.01703702921171171,0.001281711478470135,3
24,169.19999999999973,0.017190040518018018,0.0014994424865664388,3
24,169.49999999999986,0.017295645585585582,0.001621655179994204,3
24,169.79999999999976,0.017397057072072068,0.0016210902971271494,3
24,170.0999999999998,0.017430531238738736,0.0016601263523155865,3
24,170.39999999999984,0.01735075054054054,0.0017049969193540509,3
24,170.69999999999973,0.01729402842342342,0.0017824332723394673,3
24,170.99999999999986,0.017253493310810813,0.001994167395112447,3
24,171.29999999999976,0.017216366193693693,0.0021902575243263793,3
24,171.5999999999998,0.01704890786036037,0.0024260083394997004,3
24,171.89999999999984,0.017018951148648653,0.0025930616501389334,3
24,172.19999999999973,0.016966691554054055,0.002840347977183859,3
24,172.49999999999986,0.01695448083333333,0.003148028681749585,3
24,172.79999999999973,0.017003385855855858,0.003404267866114151,3
24,173.0999999999998,0.017087335608108115,0.003648401711250382,3
24,173.39999999999986,0.017103670630630625,0.003876601518142384,3
24,173.69999999999973,0.017091683738738737,0.004039179629088401,3
24,173.99999999999986,0.017181483445945944,0.004188087310530808,3
24,174.29999999999973,0.017236151554054054,0.004269702735400665,3
24,174.5999999999998,0.0172094940990991,0.004227136852363348,3
24,174.89999999999986,0.01719716317567567,0.004262011409942866,3
24,175.19999999999973,0.017008759009009018,0.004130834427677893,3
24,175.49999999999986,0.016790515270270267,0.004086336036518705,3
24,175.79999999999973,0.016575225225225226,0.004051897411726801,3
24,176.0999999999998,0.01633767018018019,0.004049298047886681,3
24,176.39999999999986,0.01622208184684685,0.004202366735493061,3
24,176.69999999999973,0.01605468038288288,0.004404908002177194,3
24,176.99999999999986,0.015895946914414424,0.004651755453348007,3
24,177.29999999999973,0.015819695045045046,0.00494121965841084,3
24,177.5999999999998,0.015708709639639638,0.005175928654033469,3
24,177.89999999999986,0.015587587905405405,0.005474640642190241,3
24,178.19999999999973,0.015424773468468466,0.0056951705317583035,3
24,178.49999999999983,0.015250166914414416,0.005896434924306336,3
24,178.79999999999973,0.015023681644144147,0.006063331024634667,3
24,179.0999999999998,0.014823416779279274,0.0060906334608906544,3
24,179.39999999999986,0.014674672725225227,0.005994157299987955,3
24,179.69999999999976,0.014608351171171173,0.00595110433047771,3
24,179.99999999999983,0.01452233256756757,0.005742529681506626,3
24,180.29999999999973,0.01450537860360361,0.005594096050717018,3
24,180.5999999999998,0.01445575463963964,0.005429466539252228,3
24,180.89999999999986,0.014437595405405401,0.005286085546814402,3
24,181.1999999999998,0.01431300414414414,0.005192610873863502,3
24,181.4999999999998,0.014214889662162167,0.005213580917060991,3
24,181.7999999999997,0.01421368099099099,0.0052608704959066395,3
24,182.0999999999998,0.014174339932432431,0.005305956094163033,3
24,182.3999999999999,0.014220445810810807,0.005339342643841267,3
24,182.69999999999982,0.014218320315315313,0.005294600992643978,3
24,182.99999999999977,0.014178530135135132,0.005307414783377334,3
24,183.2999999999997,0.014076558851351355,0.005249388896744244,3
24,183.5999999999998,0.013989706013513514,0.0052569483102991995,3
24,183.8999999999999,0.013933308355855857,0.0052558330017972036,3
24,184.19999999999982,0.013890840157657652,0.0051912671344894485,3
24,184.49999999999977,0.013892016779279278,0.005227471396051317,3
24,184.7999999999997,0.013858583085585586,0.005152545866077608,3
24,185.0999999999998,0.013850950450450455,0.005084853342550572,3
24,185.3999999999999,0.013818076036036034,0.00499112911832259,3
24,185.69999999999982,0.013814487889639645,0.004859449275236871,3
24,185.99999999999977,0.01393803015765766,0.004741415105681986,3
24,186.2999999999997,0.013948691441441447,0.0046164964451133475,3
24,186.5999999999998,0.014012310945945941,0.004485226676782641,3
24,186.8999999999999,0.013976111936936939,0.0043118709327991285,3
24,187.19999999999985,0.013978944189189197,0.004160987235122645,3
24,187.49999999999974,0.013939247680180183,0.0040012364134621135,3
24,187.7999999999997,0.013923666621621625,0.0037762222703428506,3
24,188.0999999999998,0.013953637747747749,0.003632888895553341,3
24,188.3999999999999,0.014018518702702704,0.0034380774096741656,3
24,188.69999999999985,0.014134885337837836,0.0033076807712878404,3
24,188.99999999999972,0.01423809029054054,0.003229159251502394,3
24,189.29999999999967,0.014293559909909903,0.003101818974875156,3
24,189.5999999999998,0.014386527432432433,0.0030182553409525224,3
24,189.89999999999992,0.014341240720720726,0.0028783912370794243,3
24,190.19999999999987,0.014353880765765764,0.0026720406373666786,3
24,190.49999999999972,0.014291574256756756,0.0026032151162282227,3
24,190.79999999999967,0.014193737770270276,0.0024686077697463663,3
24,191.0999999999998,0.014173957387387389,0.002341057164483567,3
24,191.39999999999992,0.014142692882882883,0.002159186806503365,3
24,191.69999999999987,0.014182508130630628,0.001965301373863438,3
24,191.99999999999972,0.014191519527027026,0.001794654829341883,3
24,192.29999999999967,0.01418070587837838,0.0015128602064013832,3
24,192.5999999999998,0.014186461734234232,0.0012313612058375445,3
24,192.89999999999992,0.014197315045045044,0.0009679621156104657,3
24,193.19999999999987,0.014204215698198195,0.0006992513114113654,3
24,193.49999999999972,0.014150743896396402,0.000487069652485491,3
24,193.79999999999967,0.014149182880630634,0.00041320167416841,3
24,194.0999999999998,0.014171278166666667,0.00038858659492748657,3
24,194.39999999999992,0.014262094934684685,0.0003824282668348833,3
24,194.6999999999999,0.014414006486486485,0.0004763980624537179,3
24,194.9999999999997,0.014624214504504506,0.0006086457959671342,3
24,195.29999999999967,0.01476493986486486,0.0007273676672113472,3
24,195.5999999999998,0.01492456445945946,0.0008617912791371628,3
24,195.89999999999992,0.01503925614864865,0.001083454260151628,3
24,196.1999999999999,0.015066407162162163,0.0012102017974339224,3
24,196.4999999999997,0.015151785180180182,0.0013385741178789158,3
24,196.79999999999967,0.01517742961711712,0.0014931060226899856,3
24,197.0999999999998,0.0151842420045045,0.0017147084700874194,3
24,197.39999999999992,0.01524162995495496,0.0018867234289887261,3
24,197.6999999999999,0.015188296216216217,0.0020673430494986,3
24,197.9999999999997,0.015140743558558559,0.002204949128322355,3
24,198.29999999999967,0.01505099283783784,0.0022299780945074952,3
24,198.5999999999998,0.014992817792792794,0.0023302536541039078,3
24,198.89999999999992,0.014874668108108105,0.0023862520213122416,3
24,199.19999999999993,0.014852843783783784,0.0024331008407048535,3
24,199.49999999999966,0.01481258833333333,0.0025797563598973588,3
24,199.79999999999967,0.014842476576576577,0.002540166908341152,3
24,200.0999999999998,0.014863005698198197,0.002492692855529479,3
24,200.39999999999992,0.01481953622972973,0.0024109898362204237,3
24,200.69999999999993,0.014790991824324326,0.0022725735333279217,3
24,200.99999999999966,0.014886161116216212,0.0021957068605244533,3
24,201.29999999999967,0.014880405574324324,0.0021892882316630414,3
24,201.5999999999998,0.014925434200675674,0.0022018744116707486,3
24,201.89999999999992,0.014907684058558556,0.0022320816287633126,3
24,202.19999999999993,0.014931098132882887,0.0022229046353023185,3
24,202.49999999999966,0.014894138765765763,0.0022594376659394143,3
24,202.79999999999967,0.01486247981081081,0.002319829239257521,3
24,203.0999999999998,0.014830729056306308,0.0023274280120337285,3
24,203.39999999999992,0.014796312009009013,0.0022590187291285637,3
24,203.69999999999993,0.0147295045036036,0.002230370492127336,3
24,203.99999999999966,0.014748882619369371,0.0021188079846746004,3
24,204.29999999999967,0.014771454265765765,0.0020779100094408367,3
24,204.5999999999998,0.014788962549549547,0.002008374918792874,3
24,204.89999999999992,0.014846044999999995,0.0018994656366412546,3
24,205.19999999999993,0.014825081779279279,0.0017917337168875818,3
24,205.49999999999963,0.014871522139639637,0.0018428753075264614,3
24,205.79999999999967,0.014914230675675677,0.001856699208999594,3
24,206.0999999999998,0.014907900405405407,0.0019342390121359998,3
24,206.39999999999992,0.01484439414414415,0.001986558091384392,3
24,206.69999999999996,0.01473711045045045,0.0018853990894405546,3
24,206.99999999999963,0.014642300472972975,0.0016862539073208378,3
24,207.2999999999997,0.01448252240990991,0.001470202672556517,3
24,207.5999999999998,0.014272683130630633,0.0011395629438817351,3
24,207.89999999999986,0.014127061599099095,0.0008599408599109842,3
24,208.19999999999996,0.013958707995495492,0.0005573775301123483,3
24,208.49999999999963,0.01384758225225225,0.0002266518599013153,3
24,208.79999999999973,0.013757583085585586,0.0003698113704909346,3
24,209.0999999999998,0.013629412657657658,0.0006852218602814691,3
24,209.39999999999986,0.01354537912162162,0.0010846601782446754,3
24,209.69999999999996,0.013468102004504505,0.0013943166739439955,3
24,209.99999999999963,0.013356023400900903,0.0016544388864129901,3
24,210.29999999999973,0.01333120810810811,0.00179609500228997,3
24,210.5999999999998,0.013341925788288288,0.001854755822486828,3
24,210.89999999999984,0.01327179018018018,0.001953568200438071,3
24,211.19999999999996,0.013217525968468471,0.0020435157185879644,3
24,211.49999999999963,0.01311395490990991,0.0021536244389544494,3
24,211.79999999999976,0.01298097240990991,0.0021849387047095732,3
24,212.0999999999998,0.012882710067567566,0.0022227472949471216,3
24,212.3999999999998,0.012739139054054058,0.002254953759755627,3
24,212.69999999999996,0.012677119144144143,0.0022473407697209025,3
24,212.9999999999996,0.012627144121621617,0.0022688169968113777,3
24,213.29999999999978,0.012555089301801806,0.0023336445193712255,3
24,213.5999999999998,0.012430831126126127,0.002370452651613138,3
24,213.8999999999998,0.012433375563063065,0.0023359222552473257,3
24,214.2,0.012484692207207207,0.0023432355263009554,3
24,214.4999999999996,0.0125661909009009,0.002344830249189076,3
24,214.79999999999978,0.012739573108108112,0.002319441523583635,3
24,215.0999999999998,0.012869819459459466,0.002286219795010716,3
24,215.39999999999978,0.013064524774774773,0.0022376476723155493,3
24,215.7,0.013186746283783787,0.0021312432619467548,3
24,215.9999999999996,0.013342043166666664,0.0020708449343333963,3
24,216.2999999999998,0.013480155855855859,0.0020406020539256867,3
24,216.5999999999998,0.01359938872747748,0.001936447858192538,3
24,216.89999999999978,0.01366673400900901,0.0018226514512753344,3
24,217.2,0.013736819180180179,0.0016995262475395275,3
24,217.4999999999996,0.013723915130630633,0.0015808106646939982,3
24,217.79999999999984,0.013687929676351357,0.0015620635774663283,3
24,218.0999999999998,0.013703697151351354,0.0015341146594162172,3
24,218.39999999999975,0.013735234349099103,0.0015428001235372405,3
24,218.7,0.013919235990990994,0.0015199724248456863,3
24,218.9999999999996,0.014206832427927932,0.0015204233118357871,3
24,219.29999999999984,0.014470293434684686,0.001604253830371639,3
24,219.5999999999998,0.014709808641891897,0.001737016236862268,3
24,219.89999999999975,0.014892116418918917,0.0018093678096511123,3
24,220.2,0.01506030195945946,0.0018996439269804728,3
24,220.4999999999996,0.015265466283783785,0.002026323477220626,3
24,220.79999999999984,0.015519860022522527,0.0021183050945540074,3
24,221.0999999999998,0.015684468648648645,0.002221801801390067,3
24,221.39999999999975,0.015834751216216216,0.002279942859636026,3
24,221.7,0.01598591754504505,0.0023775758433245424,3
24,221.9999999999996,0.01606241963963964,0.0024612603351482146,3
24,222.29999999999987,0.01607999650900901,0.0026025472050582358,3
24,222.5999999999998,0.016088397590090092,0.002761662813880781,3
24,222.89999999999972,0.016078169054054053,0.0029431821115099392,3
24,223.2,0.01598461761261261,0.002991694753904138,3
24,223.4999999999996,0.015934692545045048,0.0030279766061284586,3
24,223.7999999999999,0.015811220608108106,0.0029812531706812826,3
24,224.0999999999998,0.015735945788288287,0.0030049291294437057,3
24,224.3999999999997,0.01570101585585586,0.002917452258204985,3
24,224.7,0.01568702837837838,0.0028363678903419796,3
24,224.9999999999996,0.015583591013513509,0.0027387527177946368,3
24,225.2999999999999,0.015528238040540541,0.002560462228803491,3
24,225.5999999999998,0.015470947319819817,0.0024197534266349615,3
24,225.8999999999997,0.015439331959459466,0.00226336873154463,3
24,226.2,0.015425242995495496,0.002093948409920271,3
24,226.4999999999996,0.015385460608108107,0.001876581637369939,3
24,226.7999999999999,0.015292332792792787,0.0016797248713098924,3
24,227.0999999999998,0.015140757004504507,0.0014521293938069113,3
24,227.3999999999997,0.01489009648648649,0.0012193061314436956,3
24,227.7,0.014689145900900898,0.001012279377609058,3
24,227.9999999999996,0.01441149432432432,0.0008273148531277278,3
24,228.29999999999993,0.014247314909909908,0.0006470123744384514,3
24,228.5999999999998,0.014086268445945951,0.0005072386226879032,3
24,228.89999999999966,0.01395689903153153,0.0003717403299790384,3
24,229.20000000000002,0.013790081328828823,0.0003410475382146975,3
24,229.49999999999957,0.013612555945945945,0.00030489349066392804,3
24,229.79999999999993,0.013428796058558559,0.00028632770350267236,3
24,230.0999999999998,0.013173031328828829,0.0003468750994063685,3
24,230.39999999999966,0.012936543108108114,0.0004765066727432773,3
24,230.70000000000002,0.012579595900900903,0.0006419206435379907,3
24,230.99999999999957,0.012288572387387384,0.000748264633764255,3
24,231.29999999999995,0.011989097304054055,0.0008102193107067199,3
24,231.5999999999998,0.011705306029279286,0.0009284360116133125,3
24,231.89999999999964,0.011483919189189193,0.001033890748607871,3
24,232.20000000000002,0.011309567957207207,0.001113668354107746,3
24,232.49999999999957,0.01117688406756757,0.0011653183340613609,3
24,232.79999999999995,0.011046613576576575,0.0011148530232239122,3
24,233.0999999999998,0.010888178927927927,0.0011080779842863498,3
24,233.39999999999964,0.01081287143018018,0.001131297123406496,3
24,233.70000000000002,0.010778955353603603,0.001126392002986337,3
24,233.99999999999957,0.010747046337837837,0.0011639600447380793,3
24,234.29999999999995,0.010711068394144147,0.001246847091731983,3
24,234.5999999999998,0.010697424155405408,0.0012906752482508015,3
24,234.89999999999964,0.010655414547297298,0.0014322671750098483,3
24,235.20000000000002,0.010579905376126122,0.001498135782060505,3
24,235.49999999999957,0.010494577407657656,0.0015691226832957195,3
24,235.79999999999995,0.010463430389639641,0.0015502711937301595,3
24,236.0999999999998,0.010359527572072076,0.0014929263554544242,3
24,236.3999999999996,0.010332223051801802,0.0014675313294471685,3
24,236.70000000000002,0.010298965290540541,0.001418545961414229,3
24,236.99999999999957,0.010307382529279282,0.0013613402719827668,3
24,237.29999999999998,0.01029213512837838,0.0012308714345349058,3
24,237.5999999999998,0.010221772355855854,0.0012198116525681047,3
24,237.8999999999996,0.010183400060810812,0.001244751527998885,3
24,238.20000000000002,0.010155053004504505,0.001276484161356074,3
24,238.49999999999957,0.010185376060810807,0.0012786009543727737,3
24,238.8,0.010289346756756756,0.0012378247481596367,3
24,239.0999999999998,0.010322190495495496,0.0011809168326619832,3
24,239.39999999999958,0.010417935067567566,0.0011613398475347953,3
24,239.70000000000002,0.010450992860360364,0.0010555002513267212,3
24,239.99999999999957,0.01060250918918919,0.0010128434886308932,3
24,240.3,0.010575658558558555,0.0009513295377599257,3
24,240.5999999999998,0.010567074684684685,0.0009749046421268955,3
24,240.89999999999958,0.010469526621621622,0.0009629262636696833,3
24,241.20000000000002,0.010415773400900902,0.0009348243924786817,3
24,241.49999999999957,0.01037885425675676,0.0008992103945778048,3
24,241.8,0.010430247551801797,0.000825343357263361,3
24,242.0999999999998,0.010496138831081083,0.000772282959326613,3
24,242.39999999999958,0.01051817615765766,0.0007985781189508449,3
24,242.70000000000002,0.010613730959459463,0.0009053964888252711,3
24,242.99999999999955,0.010782090309684684,0.0009754871111888217,3
24,243.3,0.01082396463963964,0.0011108908559147646,3
24,243.5999999999998,0.010913313780405403,0.0012339685201001574,3
24,243.89999999999958,0.010934008794819818,0.0013252458884444355,3
24,244.20000000000005,0.010903411434684684,0.001364699483204314,3
24,244.49999999999955,0.010941717950450446,0.0014065908850387926,3
24,244.8,0.011084959995495492,0.0014413205140683684,3
24,245.0999999999998,0.01118618624324324,0.0014260232639385184,3
24,245.39999999999958,0.011296712004504503,0.0014454598778370542,3
24,245.70000000000005,0.011418937013513514,0.0015270107449124552,3
24,245.99999999999955,0.011452885635135135,0.0016545957367287733,3
24,246.3,0.011491149596846844,0.0017791249329254615,3
24,246.5999999999998,0.011547196458558557,0.0019613925508741277,3
24,246.89999999999958,0.011499440644144142,0.0021302558507063736,3
24,247.20000000000005,0.011451842893243249,0.0022650318543530053,3
24,247.49999999999955,0.011437738272747749,0.002434471871571886,3
24,247.80000000000004,0.011366124020270268,0.0024939505374236568,3
24,248.0999999999998,0.011316841942117116,0.002516393728668836,3
24,248.39999999999955,0.011226543866216215,0.002539505896261371,3
24,248.70000000000005,0.01117482640382883,0.0025212129889667662,3
24,248.99999999999955,0.011147270494594595,0.002499894777545719,3
24,249.30000000000004,0.011056445976351352,0.0025654428341286314,3
24,249.5999999999998,0.011022822734707208,0.0026475317585291794,3
24,249.89999999999952,0.010917858051801803,0.0027228412575668478,3
24,250.20000000000005,0.01088123984234234,0.0028506920007391164,3
24,250.49999999999955,0.010913972150450453,0.0029573011492552816,3
24,250.80000000000007,0.010867576400900901,0.002942285808793213,3
24,251.0999999999998,0.010871028200675677,0.002937353705572706,3
24,251.39999999999952,0.010760302560585584,0.0028635811242594205,3
24,251.70000000000005,0.010661394567792791,0.0028941193548604055,3
24,251.99999999999955,0.010554219595518019,0.002844195814179891,3
24,252.30000000000007,0.010394479337162164,0.0027657543056146634,3
24,252.5999999999998,0.010277153890563063,0.002652538119707759,3
24,252.89999999999952,0.010121545763513512,0.002481073525645341,3
24,253.20000000000005,0.010009017993243245,0.002318679665263979,3
24,253.49999999999955,0.009860860021846845,0.0021528258023104387,3
24,253.80000000000007,0.00970782460472973,0.002007686229254403,3
24,254.0999999999998,0.009572047236486485,0.0018946352245594576,3
24,254.39999999999952,0.009467684114864866,0.0018069253137256603,3
24,254.70000000000005,0.009350092409909909,0.0017199744671315715,3
24,254.99999999999955,0.009281489694819822,0.0016375621058626862,3
24,255.30000000000007,0.009140348341441442,0.0015144289210047464,3
24,255.5999999999998,0.0089801957027027,0.001359453696742042,3
24,255.89999999999952,0.00891824288063063,0.001343871653738963,3
24,256.20000000000005,0.008821270520045043,0.0012334041806284233,3
24,256.49999999999955,0.008699790498873873,0.00124538708292782,3
24,256.80000000000007,0.008608066418918913,0.001244723517196247,3
24,257.0999999999998,0.008469546930180179,0.0012475854186840018,3
24,257.3999999999995,0.00840116747747748,0.0012596728179001372,3
24,257.70000000000005,0.008397138313063063,0.0012034061101295198,3
24,257.99999999999955,0.008319919166666667,0.0011074178222238956,3
24,258.30000000000007,0.008325291664414416,0.001054256083617468,3
24,258.5999999999998,0.008278112394144143,0.0009389354648738228,3
24,258.8999999999995,0.008300967349099096,0.0008241293540212348,3
24,259.20000000000005,0.008322841211711713,0.0007159914863461406,3
24,259.49999999999955,0.008369094959459462,0.0005791740621720043,3
24,259.80000000000007,0.008433574677927927,0.0005375543274770883,3
24,260.0999999999998,0.008534960788288285,0.0005369970622974793,3
24,260.3999999999995,0.008598414583333335,0.0005347469017374341,3
24,260.70000000000005,0.008614147236486486,0.0005570239170119673,3
24,260.99999999999955,0.00856527313738739,0.0005496876678244978,3
24,261.3000000000001,0.008472205315315314,0.0006013584593764403,3
24,261.5999999999998,0.008330932173423424,0.0006762093280175942,3
24,261.89999999999947,0.00819210912162162,0.0007678309332710307,3
24,262.20000000000005,0.008071229414414417,0.0008610908357854061,3
24,262.49999999999955,0.007985369011261262,0.0010093173513928448,3
24,262.8000000000001,0.007911844822072077,0.001119193686917624,3
24,263.0999999999998,0.007857014234234233,0.0011809143699399258,3
24,263.39999999999947,0.007827869759009006,0.0012543170662885235,3
24,263.7,0.007849565542792793,0.001325242830188751,3
24,263.9999999999996,0.00784421886936937,0.001375386588320903,3
24,264.3000000000001,0.007850725783783786,0.0014079351262710608,3
24,264.5999999999998,0.007838331479729732,0.001415370575992102,3
24,264.89999999999947,0.007809744545045042,0.0014309006603089108,3
24,265.2,0.0077987891711711705,0.0014140213100443727,3
24,265.49999999999966,0.007842834463963966,0.0013437963035309766,3
24,265.8000000000001,0.007895412504504505,0.0013124030759959473,3
24,266.0999999999998,0.008017435195945945,0.0012924474887447061,3
24,266.39999999999947,0.008061278441441442,0.0012497545578082764,3
24,266.69999999999993,0.008130947809459457,0.001223154126701592,3
24,266.99999999999966,0.008194134890990993,0.001157446336140179,3
24,267.3000000000001,0.008237820986486488,0.0010303685631116001,3
24,267.5999999999998,0.008220521295045044,0.0008910664534043986,3
24,267.89999999999947,0.008238021372972972,0.0007972637130634111,3
24,268.19999999999993,0.008224932304301803,0.0007013397840127104,3
24,268.49999999999966,0.008253161922747746,0.0005535753429343959,3
24,268.8000000000001,0.008266549774774779,0.0004443248993227752,3
24,269.0999999999998,0.0082346850481982,0.00037544247734107425,3
24,269.39999999999947,0.008169268666666668,0.00027601820736511927,3
24,269.69999999999993,0.008111712027027021,0.0002683024800590907,3
24,269.99999999999966,0.008059109344594593,0.00028829583349952986,3
24,270.3000000000001,0.007993359957207208,0.0002979099408873233,3
24,270.5999999999998,0.007949180835585587,0.0002669514019400988,3
24,270.89999999999947,0.007817017310810812,0.0003062978593349448,3
24,271.19999999999993,0.0076627785608108095,0.000324842438113973,3
24,271.4999999999997,0.007523556659684685,0.0002819370753835703,3
24,271.8000000000001,0.00735276896373874,0.00027799985177747843,3
24,272.0999999999998,0.007201143641666668,0.00035662956196744953,3
24,272.39999999999947,0.007060351761936939,0.00036803270875145327,3
24,272.6999999999999,0.006954329074324322,0.0003584259096000572,3
24,272.9999999999997,0.00688446714436937,0.0004040263832110755,3
24,273.3000000000001,0.006813246603603606,0.0003942704571361263,3
24,273.5999999999998,0.006722590128378378,0.00039693708914133953,3
24,273.89999999999947,0.00661363893918919,0.0004116085945937661,3
24,274.1999999999999,0.006528553310585585,0.00046044427584700974,3
24,274.4999999999997,0.0065156655331081075,0.000462854581074653,3
24,274.8000000000001,0.006484275723198198,0.0005446601442625657,3
24,275.0999999999998,0.006412219863288288,0.000662823571966147,3
24,275.39999999999947,0.006363389088963965,0.0007384825006397751,3
24,275.6999999999998,0.006325401240990992,0.0008268433567108123,3
24,275.9999999999998,0.006247473400900902,0.000937925327663931,3
24,276.3000000000002,0.006171497163513513,0.0009570385114947081,3
24,276.5999999999998,0.006056690795720719,0.0009427049667173507,3
24,276.8999999999994,0.005943326746396396,0.0008804125434220135,3
24,277.1999999999998,0.005815890359234234,0.0008476821477361693,3
24,277.4999999999998,0.005669977858108108,0.0007995139708373998,3
24,277.8000000000002,0.0055963791394144135,0.0007612378536682666,3
24,278.0999999999998,0.00550286929054054,0.0007355982811140416,3
24,278.3999999999994,0.0054542880315315324,0.0006707944352844975,3
24,278.6999999999998,0.005398164666441441,0.0006215230220252592,3
24,278.9999999999998,0.005323648549549548,0.0005689040794335514,3
24,279.3000000000002,0.005288988169594594,0.0005320257947784481,3
24,279.5999999999998,0.005223031342567568,0.000559761570037208,3
24,279.8999999999994,0.005183316123873872,0.0005950233207866548,3
24,280.1999999999998,0.005121045925225225,0.0005783975955672768,3
24,280.4999999999998,0.005078587060360361,0.0005870873746990583,3
24,280.8000000000002,0.005031123172747746,0.0006002254957809182,3
24,281.0999999999998,0.005007908249774775,0.0006046066389862953,3
24,281.3999999999994,0.005013338290990991,0.0006187068324990446,3
24,281.69999999999976,0.005014064347972975,0.0006601696017536175,3
24,281.99999999999983,0.005023673607207207,0.0006750207899161617,3
24,282.3000000000002,0.005070679418018018,0.0007208864092174679,3
24,282.5999999999998,0.00510585535563063,0.0007208942880140637,3
24,282.8999999999994,0.005088938599099099,0.0006746447238614573,3
24,283.19999999999976,0.005107849680180179,0.0005900454010089565,3
24,283.49999999999983,0.005128970696193694,0.0005493541929819045,3
24,283.8000000000002,0.0051464718990990995,0.0005544020447843068,3
24,284.0999999999998,0.005159309228828832,0.0005240964410879633,3
24,284.3999999999994,0.005186320179054055,0.0005722155700459276,3
24,284.6999999999997,0.00523104770900901,0.0006150739371408824,3
24,284.9999999999999,0.0052790284211711724,0.0006942653168753375,3
24,285.3000000000002,0.005274448664414413,0.0007507311242493261,3
24,285.5999999999998,0.005316858220720721,0.0007581092660100836,3
24,285.8999999999994,0.0053099844932432425,0.0008000190898137707,3
24,286.1999999999997,0.0053022183581081074,0.000740853705749698,3
24,286.4999999999999,0.0052893891418918934,0.0007008921770543075,3
24,286.8000000000002,0.005261986684684687,0.0006270451424738157,3
24,287.0999999999998,0.005289238948198199,0.0005909672291474058,3
24,287.3999999999994,0.005344544675675676,0.0005366615711255341,3
24,287.6999999999997,0.005382640822072072,0.0005120592220005429,3
24,287.9999999999999,0.005431840009459459,0.00047824563164193144,3
24,288.3000000000002,0.005432432381981981,0.0004502176018228632,3
24,288.5999999999998,0.0054294709912162155,0.00037955788022701767,3
24,288.8999999999994,0.005429612426801802,0.00029163736711384765,3
24,289.1999999999997,0.005472297328378378,0.00023797650081073285,3
24,289.4999999999999,0.005441300490765765,0.00024402172727726012,3
24,289.8000000000002,0.0054370208211711735,0.0002689535532654985,3
24,290.0999999999998,0.005401100686261262,0.00027888238921036526,3
24,290.3999999999994,0.0054064396047297306,0.00024721485036122696,3
24,290.6999999999997,0.005437846400450451,0.00023493582602345295,3
24,290.9999999999999,0.0054430096491216206,0.0002071506778500671,3
24,291.3000000000002,0.005481057077027027,0.00022667415275694504,3
24,291.5999999999998,0.005506756388963962,0.00029853784452607573,3
24,291.8999999999994,0.005514514643243244,0.00032766805007020025,3
24,292.1999999999997,0.005500525423423421,0.0003724468295506469,3
24,292.4999999999999,0.005507665768693694,0.00043034522463600067,3
24,292.8000000000002,0.005471046515315315,0.00040723738287039236,3
24,293.0999999999998,0.005441699906081082,0.0004374859641724051,3
24,293.3999999999994,0.005435878036936938,0.00041663289975275115,3
24,293.69999999999965,0.005378461849774775,0.00040686044693528527,3
24,293.99999999999994,0.005351526013963962,0.00037334006354114966,3
24,294.3000000000002,0.005309401641891892,0.0003916162475731466,3
24,294.5999999999998,0.005255063765765765,0.00040151866288056203,3
24,294.8999999999994,0.005226368019369368,0.0005005152328845997,3
24,295.19999999999965,0.005197087959459463,0.0005954603681328706,3
24,295.49999999999994,0.0051407661680405396,0.0006437511052315467,3
24,295.8000000000002,0.005148040291216216,0.0006745657101187029,3
24,296.0999999999998,0.005160544267139639,0.0006993264022423334,3
24,296.3999999999994,0.005127536557207209,0.0007048477372343513,3
24,296.6999999999996,0.005105262603626125,0.000695652153603959,3
24,297.0,0.005069110127927928,0.0006536797109423943,3
24,297.3000000000002,0.005019027624099101,0.000616307683114899,3
24,297.5999999999998,0.004997122380405405,0.0005975172582879489,3
24,297.8999999999994,0.0049615530484459465,0.0005526045758068223,3
24,298.1999999999996,0.004937587893490991,0.0005573559489461488,3
24,298.5,0.004894519836936937,0.0005213341413895868,3
24,298.8000000000002,0.0048921170286036035,0.00048102375562193803,3
24,299.0999999999998,0.004893318502252252,0.00048596872301756,3
24,299.3999999999994,0.0048917249301801795,0.0004623516099633794,3
24,299.6999999999996,0.004878144790540539,0.0004301461208908671,3
32,0.0,0.005835260272522523,0.0008725145276687341,3
32,0.3000000000002103,0.0058498499797297295,0.0008652246608853978,3
32,0.5999999999997954,0.005935159698198199,0.0009025800035464837,3
32,0.8999999999993804,0.005997296349549549,0.0008751489777414955,3
32,1.1999999999996191,0.006047455158108106,0.0008125193647373784,3
32,1.4999999999999716,0.0060935682815315305,0.0007672952281803575,3
32,1.8000000000002103,0.00613815461036036,0.000716111363708956,3
32,2.0999999999997954,0.006218935551801803,0.000674166161784278,3
32,2.3999999999993804,0.006281280727477475,0.0006787157906191811,3
32,2.699999999999619,0.006300900713963965,0.0006518969808415654,3
32,2.9999999999999716,0.0063756171666666675,0.0006640370566478072,3
32,3.3000000000002103,0.006463588502252253,0.0006709101305357889,3
32,3.5999999999997954,0.0065057477702702695,0.0006723772558392054,3
32,3.8999999999993804,0.006531348319819819,0.0006809852101428919,3
32,4.199999999999648,0.0065216215000000015,0.0007376087833580808,3
32,4.499999999999943,0.0065361618265765776,0.0007811230437195307,3
32,4.80000000000021,0.006547663810810813,0.00077275615803412,3
32,5.099999999999795,0.006518360436936935,0.000814300633215996,3
32,5.39999999999938,0.006478770065315315,0.0008268145064850628,3
32,5.699999999999648,0.006450091743243245,0.0008522512307360902,3
32,5.999999999999943,0.006429362229729728,0.0009105873838728967,3
32,6.300000000000182,0.006412679099099099,0.0009146315025385191,3
32,6.599999999999795,0.006422414387387387,0.00091084111381326,3
32,6.899999999999409,0.006358583801801802,0.0009094629541246124,3
32,7.199999999999676,0.006361928761261262,0.0008614554375837955,3
32,7.499999999999915,0.006325308581081082,0.0008535973551942617,3
32,7.800000000000182,0.006260576689189189,0.0008240642809925814,3
32,8.099999999999795,0.006212128175675675,0.0008206800444613388,3
32,8.399999999999409,0.006142425833333333,0.0007515346065222517,3
32,8.699999999999704,0.006124582905405404,0.0006692116493071467,3
32,8.999999999999886,0.006080439076576576,0.000628134773708455,3
32,9.300000000000182,0.006082774189189189,0.0005660001914224184,3
32,9.599999999999795,0.00606564945945946,0.000550800772370655,3
32,9.899999999999409,0.006010018405405405,0.00052318059003006,3
32,10.199999999999704,0.005988013457207207,0.0005682268184687211,3
32,10.499999999999886,0.005950608621621621,0.000605294820852606,3
32,10.800000000000182,0.005933767074324327,0.0006329665623397446,3
32,11.099999999999795,0.005948882094594596,0.0006945709376710349,3
32,11.399999999999409,0.0059472550675675655,0.0007343369442826844,3
32,11.699999999999704,0.0060000334594594576,0.0007860947265264049,3
32,11.999999999999886,0.006092859497747746,0.0008780521433406627,3
32,12.300000000000182,0.006167900382882883,0.0009549923110981315,3
32,12.599999999999795,0.006231982342342343,0.0009609948014927504,3
32,12.899999999999409,0.006349674481981984,0.0009489422753121913,3
32,13.199999999999704,0.006478303220720722,0.0008900259151660112,3
32,13.499999999999858,0.006579755022522524,0.0008337812693917408,3
32,13.800000000000182,0.006686794121621619,0.0007700628841364246,3
32,14.099999999999795,0.006750917252252253,0.0006926785516744383,3
32,14.399999999999409,0.006828661734234233,0.0005981552929523884,3
32,14.699999999999733,0.006891424729729731,0.0004946754497795811,3
32,14.999999999999858,0.0070009343018018,0.00042604243565071506,3
32,15.300000000000182,0.0070442853603603596,0.0003231123119030732,3
32,15.599999999999795,0.007087212184684687,0.0002715031372520826,3
32,15.899999999999437,0.0071296046621621605,0.0002414425127850862,3
32,16.19999999999976,0.007149091081081083,0.0002455829690737482,3
32,16.49999999999983,0.007169486981981984,0.0002472083882076926,3
32,16.800000000000153,0.007239072454954956,0.0003160721995180479,3
32,17.099999999999795,0.007257241418918918,0.00033927982604709835,3
32,17.399999999999437,0.007297414324324324,0.0003832376180931159,3
32,17.69999999999976,0.007326460045045047,0.0004420729527743688,3
32,17.99999999999983,0.007382941869369368,0.00044362981129081514,3
32,18.300000000000153,0.007434851936936934,0.0004988373508039874,3
32,18.599999999999795,0.0074582915990991,0.0005195896216066465,3
32,18.899999999999437,0.0074735224999999995,0.0006007790849552817,3
32,19.19999999999979,0.0074422752252252256,0.0006618167597993364,3
32,19.4999999999998,0.007406781959459458,0.0006616219756506035,3
32,19.800000000000153,0.007392608671171172,0.0006892103190640613,3
32,20.099999999999795,0.007344986554054054,0.000629740201043443,3
32,20.399999999999437,0.0073145062162162195,0.0005911453885720757,3
32,20.69999999999979,0.00728455939189189,0.000586077678713822,3
32,20.999999999999773,0.007267717792792792,0.0005141407371790551,3
32,21.300000000000153,0.007254913310810809,0.00047622793656207574,3
32,21.599999999999795,0.007291991914414413,0.0003491026165110497,3
32,21.899999999999437,0.007327703400900901,0.0002691475677759798,3
32,22.199999999999818,0.007301076283783782,0.0002752038312041237,3
32,22.499999999999773,0.00724063292792793,0.00033037513504345135,3
32,22.800000000000153,0.007148891576576578,0.0004011636777784501,3
32,23.099999999999795,0.00707968876126126,0.00048621125789306184,3
32,23.399999999999437,0.007030814279279279,0.0005806874113426215,3
32,23.699999999999847,0.0070069488963963944,0.0006944790637434049,3
32,23.999999999999744,0.0070189024549549535,0.0007923983853597057,3
32,24.300000000000125,0.006975942274774774,0.0008714001289042663,3
32,24.599999999999795,0.006984584301801798,0.0009391617921009405,3
32,24.899999999999466,0.00699456141891892,0.0009531559199991438,3
32,25.19999999999986,0.007007791171171171,0.0010008943934272786,3
32,25.49999999999973,0.007064206036036039,0.0010932166571858031,3
32,25.800000000000125,0.0071415838288288284,0.0011317211612768647,3
32,26.099999999999795,0.0072453365090090075,0.0011937870411368174,3
32,26.399999999999466,0.007301410472972971,0.001175388529468187,3
32,26.69999999999989,0.007364282229729727,0.0012098328424523126,3
32,26.9999999999997,0.0074352013063063065,0.001248778883948466,3
32,27.300000000000125,0.0074868366891891885,0.0012431001308208845,3
32,27.599999999999795,0.007574474324324325,0.001177893575582993,3
32,27.899999999999466,0.007655347027027027,0.0011285169852002285,3
32,28.19999999999989,0.007688854369369371,0.0010908700626436059,3
32,28.499999999999673,0.007719019594594592,0.0010322391692173822,3
32,28.800000000000125,0.007730413783783784,0.0009133109788983136,3
32,29.099999999999795,0.007750491891891889,0.0007895637147435856,3
32,29.399999999999466,0.0077974218243243255,0.0006904998384870141,3
32,29.699999999999918,0.007812087252252253,0.0005939698921128543,3
32,29.999999999999673,0.007814463941441445,0.0005016336926603342,3
32,30.300000000000125,0.007820545945945947,0.00043238611038450426,3
32,30.599999999999795,0.007886952882882884,0.000417741904396192,3
32,30.899999999999466,0.007904955292792792,0.0003916202433744406,3
32,31.199999999999932,0.00788654518018018,0.00040092985290541216,3
32,31.49999999999966,0.00783874765765766,0.0004238909266058717,3
32,31.80000000000011,0.0077600686261261285,0.0004661692441136492,3
32,32.099999999999795,0.0077501661936936915,0.0005352769973731757,3
32,32.39999999999948,0.007702244887387385,0.0005371692026628859,3
32,32.69999999999996,0.007697681036036036,0.0005687089020697944,3
32,32.99999999999963,0.007684751689189191,0.0005529436326814832,3
32,33.30000000000011,0.007641583716216219,0.0005648205329009943,3
32,33.599999999999795,0.007641967371621623,0.0005450249893068391,3
32,33.89999999999948,0.007618694144144144,0.00048376306107552106,3
32,34.19999999999996,0.007563079752252253,0.00047015614328149626,3
32,34.4999999999996,0.007550867725225223,0.00040524997269324837,3
32,34.80000000000011,0.007520079031531529,0.0003719712884148241,3
32,35.099999999999795,0.007466708265765769,0.00032496898176361503,3
32,35.39999999999948,0.007455105067567566,0.00033617005369160065,3
32,35.69999999999999,0.007446530630630631,0.0003667112913448244,3
32,35.9999999999996,0.007439447545045045,0.00040337935086906496,3
32,36.30000000000011,0.007401027094594598,0.00043849577001300476,3
32,36.599999999999795,0.007403820608108107,0.0004962840836932941,3
32,36.89999999999948,0.007367726103603602,0.0005014519480059012,3
32,37.20000000000002,0.0073531609234234255,0.0005632030267211355,3
32,37.499999999999574,0.007358115943693694,0.0005840732457556343,3
32,37.80000000000011,0.0073349344819819825,0.0005599378394888466,3
32,38.099999999999795,0.00729094963288288,0.0005128438318148629,3
32,38.39999999999948,0.0073453954639639656,0.0005202298045971715,3
32,38.70000000000003,0.007347305367117117,0.0004905940497276164,3
32,38.99999999999956,0.007376667423423425,0.0005435440391383407,3
32,39.3000000000001,0.007425951623873875,0.0004956528419994339,3
32,39.599999999999795,0.007500767950450449,0.0004687696318777566,3
32,39.899999999999494,0.007520971148648648,0.0003898663580518372,3
32,40.200000000000045,0.0075739158108108105,0.00029181547123527325,3
32,40.499999999999545,0.007643768040540541,0.00023544956361110575,3
32,40.8000000000001,0.0077473386936936965,0.00014204131293934385,3
32,41.099999999999795,0.007838097139639644,0.00013319824587359425,3
32,41.399999999999494,0.007907689864864864,0.0001715967020653093,3
32,41.700000000000045,0.00794558740990991,0.0002687762308333549,3
32,41.999999999999545,0.00801946096846847,0.00034823352328749996,3
32,42.30000000000008,0.008059818378378379,0.00044729675335533164,3
32,42.599999999999795,0.008124898738738739,0.0004999418101261875,3
32,42.89999999999951,0.008180729887387385,0.0006306731790692612,3
32,43.200000000000045,0.00821438903153153,0.0007730114221975115,3
32,43.499999999999545,0.008213889414414415,0.0009097940374589275,3
32,43.80000000000008,0.008243669481981979,0.0009394878002563961,3
32,44.099999999999795,0.008221131036036037,0.0010293087934489507,3
32,44.39999999999951,0.008210151914414418,0.001063770264342657,3
32,44.700000000000045,0.008228379234234235,0.0010428184404231648,3
32,44.99999999999956,0.008264446846846846,0.0010681630788761257,3
32,45.30000000000007,0.00823519416666667,0.001039377905660564,3
32,45.599999999999795,0.008218853333333335,0.0009896385135062461,3
32,45.89999999999952,0.008229955472972976,0.0009493856721494748,3
32,46.20000000000003,0.008237954054054053,0.0008848398306436323,3
32,46.49999999999956,0.00828325096846847,0.0008583947316621654,3
32,46.80000000000007,0.008353937274774776,0.0008403184934345264,3
32,47.099999999999795,0.008353144527027026,0.000863540012968311,3
32,47.39999999999952,0.008384242815315319,0.0008877223391773278,3
32,47.70000000000003,0.008443634988738739,0.0008622573010817935,3
32,47.99999999999956,0.008440115439189192,0.0008167116496463916,3
32,48.300000000000054,0.0085506441509009,0.0007590930843949852,3
32,48.599999999999795,0.008625683648648649,0.0007058378445927877,3
32,48.89999999999954,0.008700724954954954,0.000653829437625129,3
32,49.20000000000003,0.008759933436936936,0.0006259271434467701,3
32,49.49999999999956,0.008755347704954956,0.0006370570005460759,3
32,49.800000000000054,0.008845194594594595,0.0006581284671784841,3
32,50.099999999999795,0.008936702590090094,0.0006489712555179375,3
32,50.39999999999955,0.009010150788288289,0.0006277058578834482,3
32,50.70000000000003,0.009058257612612612,0.0006545202520378329,3
32,50.99999999999956,0.009078037319819822,0.0006620152217172337,3
32,51.30000000000004,0.009144319549549551,0.0007066275855182139,3
32,51.599999999999795,0.009164839594594593,0.000720860453310504,3
32,51.89999999999955,0.00919424472972973,0.0007272185208914076,3
32,52.20000000000003,0.009292240382882884,0.0007045244296841195,3
32,52.49999999999956,0.009294602387387387,0.000656682486372464,3
32,52.800000000000026,0.009340831576576576,0.0005465911754158619,3
32,53.099999999999795,0.009408416486486484,0.00045851698951266735,3
32,53.399999999999565,0.009411193716216218,0.0003500716583394338,3
32,53.70000000000003,0.009463972770270272,0.00027999271298198255,3
32,53.99999999999956,0.009523016013513512,0.00021340427520910563,3
32,54.300000000000026,0.009553251756756755,0.0002573609527155497,3
32,54.599999999999795,0.00965395407657658,0.0002703540771500972,3
32,54.899999999999565,0.009750474594594598,0.00026895543529274757,3
32,55.20000000000003,0.009774598490990995,0.00028690857903028574,3
32,55.49999999999956,0.009814847027027026,0.0003234530627724777,3
32,55.800000000000026,0.009885584346846846,0.0004295239979261679,3
32,56.099999999999795,0.009967207747747746,0.0005075991491207433,3
32,56.399999999999565,0.010036619549549554,0.0005698614900684393,3
32,56.70000000000003,0.010101610315315314,0.0006722227350069842,3
32,56.999999999999574,0.010119829436936935,0.0007405186278837891,3
32,57.300000000000026,0.010112412049549548,0.0008810890773562561,3
32,57.599999999999795,0.01003307259009009,0.0009444781119696661,3
32,57.89999999999958,0.00998601849099099,0.0010105244011796453,3
32,58.20000000000002,0.009911412815315315,0.001117027347794582,3
32,58.499999999999574,0.009872857004504508,0.0011533051840398809,3
32,58.80000000000001,0.009860968581081085,0.0011228892180445496,3
32,59.099999999999795,0.009797256711711713,0.001067658467083182,3
32,59.39999999999958,0.009820695653153154,0.0010729519411915402,3
32,59.70000000000002,0.00981740031531532,0.0010390480520667095,3
32,59.999999999999574,0.009774610405405408,0.0010019933302339995,3
32,60.3,0.009739888828828832,0.0009217464262554423,3
32,60.599999999999795,0.009731439324324326,0.0008679362216712555,3
32,60.899999999999594,0.009718552905405405,0.000793987455615302,3
32,61.20000000000002,0.009760377454954955,0.0007400326260185316,3
32,61.499999999999574,0.009823491576576578,0.0006759067448097363,3
32,61.79999999999998,0.009845660202702703,0.0005443748219861899,3
32,62.099999999999795,0.009838455045045047,0.0005224620365862632,3
32,62.39999999999961,0.009834009954954955,0.0005210179251224133,3
32,62.70000000000002,0.009859635675675679,0.0004884150174059482,3
32,62.999999999999574,0.009899323896396398,0.0005088463443212366,3
32,63.29999999999998,0.010015681216216217,0.000499547963070323,3
32,63.599999999999795,0.01011084490990991,0.0004800645267583008,3
32,63.89999999999962,0.010202711531531529,0.00045352378518616885,3
32,64.20000000000002,0.01025940833333333,0.0004730184952520345,3
32,64.49999999999957,0.01029767306306306,0.0005666552285985745,3
32,64.79999999999997,0.010338703761261264,0.0006178580986255064,3
32,65.0999999999998,0.010326151103603609,0.0006282537485768083,3
32,65.39999999999964,0.01037379783783784,0.0006215789322837927,3
32,65.70000000000002,0.010414791396396398,0.0005971773901532418,3
32,65.99999999999957,0.01042447581081081,0.0005602152210897626,3
32,66.29999999999995,0.01038457671171171,0.0005921206682402112,3
32,66.5999999999998,0.010362221238738742,0.0006082989308105034,3
32,66.89999999999964,0.010351483828828832,0.0006515889147386145,3
32,67.20000000000002,0.010268452635135136,0.0007912941753628269,3
32,67.49999999999957,0.01025654563063063,0.0008974459812288082,3
32,67.79999999999994,0.010246671216216216,0.0009906679115037724,3
32,68.0999999999998,0.010204728378378375,0.0010960571059273074,3
32,68.39999999999965,0.010163887837837839,0.0011939763759801568,3
32,68.70000000000002,0.010191399729729727,0.0012347350666243077,3
32,68.99999999999957,0.010158065382882886,0.001301549889412983,3
32,69.29999999999993,0.010195970878378377,0.0013295517372192063,3
32,69.5999999999998,0.01020530550225225,0.001438347885650071,3
32,69.89999999999966,0.010202153108108104,0.0013940288437595512,3
32,70.20000000000002,0.010199591734234233,0.0014356443922589578,3
32,70.49999999999957,0.010290800292792793,0.0014297726321983112,3
32,70.79999999999993,0.010275683310810812,0.0014241724816308969,3
32,71.0999999999998,0.01024053132882883,0.001359454753437561,3
32,71.39999999999966,0.010191431869369369,0.001323235701812185,3
32,71.7,0.01010059231981982,0.001245088806474895,3
32,71.99999999999959,0.009999749369369369,0.0011678251530017943,3
32,72.29999999999991,0.009985451959459461,0.0010936991429404519,3
32,72.5999999999998,0.009962129527027026,0.000997856286810541,3
32,72.89999999999968,0.009970070518018017,0.0008976655862844291,3
32,73.2,0.009954954752252256,0.0007981576420376519,3
32,73.49999999999959,0.009946637747747745,0.000710681082345869,3
32,73.7999999999999,0.00995688281531531,0.0005899897156211648,3
32,74.0999999999998,0.010007290540540543,0.0004055085385484479,3
32,74.3999999999997,0.010052527117117118,0.0003066564258040731,3
32,74.7,0.01013329997747748,0.0001702902025226943,3
32,74.99999999999959,0.010222714954954954,0.00015704787319010985,3
32,75.2999999999999,0.010319651306306306,0.00023265106016869414,3
32,75.5999999999998,0.010377469346846845,0.00032974929774229393,3
32,75.89999999999971,0.010405232004504507,0.00036104015805890036,3
32,76.2,0.010432048040540544,0.00035076580313867585,3
32,76.49999999999959,0.010508766486486491,0.00032986541804496354,3
32,76.79999999999987,0.010573039099099096,0.0002655431134474562,3
32,77.0999999999998,0.010716733873873873,0.0002082308514682547,3
32,77.39999999999972,0.010729604594594594,0.0001682002989896475,3
32,77.7,0.010806046418918918,0.00023590425942316413,3
32,77.9999999999996,0.010906548198198201,0.0002668500927788838,3
32,78.29999999999986,0.011017125630630628,0.00032920608576319545,3
32,78.5999999999998,0.011158382770270273,0.000380529275185795,3
32,78.89999999999974,0.011215581373873873,0.0004574779904164163,3
32,79.19999999999999,0.011303844594594596,0.000525167322652381,3
32,79.4999999999996,0.011378020180180179,0.000482359440140024,3
32,79.79999999999984,0.011387719774774782,0.000441146102914354,3
32,80.0999999999998,0.011459901959459458,0.0003380242810666348,3
32,80.39999999999975,0.011492551418918917,0.00020980159939011357,3
32,80.69999999999999,0.011497879707207207,0.00011263142876488052,3
32,80.9999999999996,0.011533616576576575,7.334618408659072e-05,3
32,81.29999999999984,0.011557757837837837,0.00014041244748878731,3
32,81.5999999999998,0.01150109213963964,0.00023912610342611193,3
32,81.89999999999976,0.011541466891891889,0.0003717292741828643,3
32,82.19999999999999,0.011596838243243243,0.00048576368967043974,3
32,82.4999999999996,0.011684642252252258,0.0006118151036020229,3
32,82.79999999999981,0.011763245923423425,0.0006776999414561315,3
32,83.0999999999998,0.011803786036036037,0.0007227711600434498,3
32,83.39999999999978,0.011824673310810815,0.0007401106872907019,3
32,83.69999999999997,0.011847005990990991,0.0007587763567549066,3
32,83.99999999999962,0.011818259684684689,0.0007566722736001507,3
32,84.29999999999981,0.01180381274774775,0.0008095923470760335,3
32,84.5999999999998,0.011810451306306306,0.0007903643008675631,3
32,84.89999999999979,0.011674667027027028,0.0007470354819519023,3
32,85.19999999999997,0.011587988986486488,0.0008571881426495254,3
32,85.49999999999962,0.011478837072072071,0.0009144413542264661,3
32,85.79999999999978,0.011453895675675674,0.0009312830927472033,3
32,86.0999999999998,0.011454307004504505,0.0009242287609553266,3
32,86.39999999999982,0.011433875427927927,0.00099831017444434,3
32,86.69999999999997,0.011395280608108111,0.0010036487428092967,3
32,86.99999999999963,0.0113261436036036,0.0009960888281560806,3
32,87.29999999999977,0.011288186486486487,0.0009742392762249707,3
32,87.5999999999998,0.011332649774774774,0.0009908508394199204,3
32,87.89999999999984,0.011334350360360354,0.0010296841882008261,3
32,88.19999999999996,0.01134901286036036,0.001066110457061725,3
32,88.49999999999963,0.011362270698198196,0.0010807428028903937,3
32,88.79999999999976,0.01137506560810811,0.0010149099128917347,3
32,89.0999999999998,0.011419760563063064,0.0009821790494621882,3
32,89.39999999999986,0.011430805135135134,0.0009103231014075101,3
32,89.69999999999996,0.011505539234234237,0.0008471409317478293,3
32,89.99999999999963,0.01159234963963964,0.0008648548749767932,3
32,90.29999999999973,0.01173520114864865,0.0008412534526949485,3
32,90.5999999999998,0.011809994414414417,0.000782168969778894,3
32,90.89999999999986,0.011994503806306305,0.0007130969310324613,3
32,91.19999999999996,0.01206637385135135,0.0006387663001477093,3
32,91.49999999999963,0.012198116261261265,0.0006198747945884336,3
32,91.79999999999971,0.012324632725225224,0.0006096214335265202,3
32,92.0999999999998,0.012445093445945946,0.0006027437969862163,3
32,92.39999999999989,0.012517207432432426,0.0005687584695975572,3
32,92.69999999999996,0.012586913693693696,0.0005348230286825944,3
32,92.99999999999963,0.01258528470720721,0.00048676382538294616,3
32,93.29999999999968,0.012544602297297295,0.00042961595068672823,3
32,93.5999999999998,0.012397755022522517,0.00030679197195104997,3
32,93.89999999999992,0.012247239279279279,0.00015352928755127336,3
32,94.19999999999996,0.012070021531531526,0.00011972342431824115,3
32,94.49999999999964,0.011883254729729726,0.00016534814863002818,3
32,94.79999999999967,0.011754038333333336,0.0003041801830264837,3
32,95.0999999999998,0.011625918963963961,0.0003907147144801771,3
32,95.39999999999992,0.011565423603603603,0.0004143542933008229,3
32,95.69999999999995,0.011547128468468464,0.00044899094999060796,3
32,95.99999999999966,0.01153793936936937,0.0004523487273131154,3
32,96.29999999999967,0.011486887409909913,0.0005013739940490718,3
32,96.5999999999998,0.0114857259009009,0.0005215163142247211,3
32,96.89999999999992,0.011466247815315316,0.0005650519126240821,3
32,97.19999999999993,0.011433941689189195,0.0005562622846693832,3
32,97.49999999999966,0.011396130045045041,0.0005066220015720902,3
32,97.79999999999967,0.011393402500000002,0.0004045406367147266,3
32,98.0999999999998,0.01146161114864865,0.00027111929268510977,3
32,98.39999999999992,0.01145159403153153,0.0002618610037721673,3
32,98.69999999999993,0.01147633605855856,0.00025536515276197545,3
32,98.99999999999966,0.011442017499999993,0.0002648215704262458,3
32,99.29999999999967,0.011503594166666666,0.00027112600396274724,3
32,99.5999999999998,0.011589222545045047,0.00028465795606578644,3
32,99.89999999999992,0.011758826846846848,0.00022567292382946638,3
32,100.19999999999992,0.01188703727477477,0.00016000671539203213,3
32,100.49999999999967,0.012002420045045044,0.00021828062722339725,3
32,100.79999999999967,0.012081632162162168,0.000189376874538602,3
32,101.0999999999998,0.012081291328828828,0.00017798362405986053,3
32,101.39999999999992,0.012056931373873874,0.00013131645768180644,3
32,101.6999999999999,0.01197489972972973,0.00016052374859416293,3
32,101.99999999999969,0.011972658063063066,0.0002054593644588676,3
32,102.29999999999967,0.011949592477477474,0.00030650931361484015,3
32,102.5999999999998,0.01191848328828829,0.00031345019027079966,3
32,102.89999999999992,0.011847832409909909,0.00041861284318379477,3
32,103.1999999999999,0.01188535981981982,0.0005464236172153949,3
32,103.49999999999969,0.011933866261261264,0.0007072042199176736,3
32,103.79999999999968,0.011934677972972978,0.0007829859783897922,3
32,104.0999999999998,0.011981891216216218,0.0008102341360550857,3
32,104.3999999999999,0.01205687135135135,0.0008196720497574086,3
32,104.6999999999999,0.012123040855855858,0.0008564037513655364,3
32,104.99999999999969,0.012223374481981982,0.0009070827346852573,3
32,105.29999999999968,0.012329546711711705,0.0009838727507532194,3
32,105.5999999999998,0.012416334617117122,0.0009871341393485806,3
32,105.8999999999999,0.012478278063063059,0.0009968750436327514,3
32,106.19999999999989,0.01247263768018018,0.0010420871858138829,3
32,106.4999999999997,0.012483925247747751,0.0009835990110926202,3
32,106.79999999999968,0.012507916351351353,0.0009947941545370717,3
32,107.0999999999998,0.012495028671171172,0.0009487509754126967,3
32,107.3999999999999,0.012513095450450451,0.000882907487033058,3
32,107.69999999999987,0.01250447346846847,0.000819681095968398,3
32,107.99999999999972,0.012515571621621624,0.0007156381928231489,3
32,108.29999999999968,0.012478553626126128,0.0006075362904144671,3
32,108.5999999999998,0.012458315045045043,0.0004987653469241087,3
32,108.8999999999999,0.012360218153153154,0.00041419162823560645,3
32,109.19999999999987,0.012355312252252249,0.00035518941924999394,3
32,109.49999999999973,0.012336896846846848,0.00032086667257757854,3
32,109.79999999999968,0.01229014786036036,0.0003479657097054073,3
32,110.0999999999998,0.012211802860360365,0.00037285402381785225,3
32,110.3999999999999,0.01214204198198198,0.00037453736407580155,3
32,110.69999999999986,0.012056224594594593,0.00042728103439588973,3
32,110.99999999999974,0.012053179572072073,0.0005048646075975365,3
32,111.2999999999997,0.012060251599099098,0.0005395246580401213,3
32,111.5999999999998,0.012062728648648643,0.0005419177754555802,3
32,111.89999999999989,0.012159327004504504,0.0005028515382558312,3
32,112.19999999999985,0.01230069977477477,0.0005123334746353749,3
32,112.49999999999974,0.012442492184684689,0.000542684231158579,3
32,112.7999999999997,0.012746139211711712,0.0005680279544896054,3
32,113.0999999999998,0.012990189099099098,0.0006465537673913482,3
32,113.39999999999989,0.013189089774774775,0.0006545783738150515,3
32,113.69999999999983,0.013372430630630636,0.0007191432565672925,3
32,113.99999999999977,0.013607779504504506,0.0007680736817905401,3
32,114.2999999999997,0.01384490448198198,0.0008455834916276475,3
32,114.5999999999998,0.014013112680180179,0.0009460838480678535,3
32,114.89999999999989,0.014197887972972974,0.0010832809474704416,3
32,115.19999999999982,0.014326427297297295,0.0011939978105096666,3
32,115.49999999999977,0.014359918716216216,0.0012722287588827277,3
32,115.7999999999997,0.014381515450450454,0.001317718407579157,3
32,116.0999999999998,0.014353686373873879,0.001354510492402695,3
32,116.39999999999989,0.014325115990990992,0.0013572129518597273,3
32,116.6999999999998,0.014293260292792794,0.0013593947726563834,3
32,116.99999999999979,0.014258175968468461,0.0013021468561643453,3
32,117.2999999999997,0.014168602409909909,0.0012383341995417982,3
32,117.5999999999998,0.014126335112612616,0.0012421978571154995,3
32,117.89999999999989,0.014071244234234231,0.0012054486621549886,3
32,118.19999999999979,0.013979980157657652,0.0011957717318958046,3
32,118.4999999999998,0.014015105225225227,0.0011799644074951589,3
32,118.79999999999971,0.01401944497747748,0.0011651238474028,3
32,119.0999999999998,0.014057716148648647,0.0011528066971769743,3
32,119.39999999999988,0.014033808603603598,0.0010428817229105,3
32,119.69999999999976,0.014076860225225231,0.0010209022300601417,3
32,119.99999999999983,0.014147796756756757,0.0009961866674467173,3
32,120.29999999999971,0.01416405637387387,0.0010003672049391534,3
32,120.5999999999998,0.014248090090090091,0.0010074008341621258,3
32,120.89999999999988,0.014386245585585584,0.001035839664862847,3
32,121.19999999999975,0.014471755540540544,0.0010083577570346699,3
32,121.49999999999986,0.014492950878378383,0.0009627991679579916,3
32,121.79999999999971,0.014546128243243243,0.0009500409597437953,3
32,122.0999999999998,0.014434393581081078,0.0008764302423548127,3
32,122.39999999999986,0.014339372972972974,0.0008220936456931441,3
32,122.69999999999973,0.014211852117117113,0.0008532851490028948,3
32,122.99999999999986,0.014061734031531534,0.00084976395052051,3
32,123.29999999999973,0.013917841193693698,0.0008678288906269902,3
32,123.5999999999998,0.013749834369369376,0.0008079834205203979,3
32,123.89999999999986,0.013569394054054051,0.0006746808330997103,3
32,124.19999999999973,0.013446129729729731,0.0005476417655071782,3
32,124.49999999999986,0.01331262783783784,0.00045917935903257883,3
32,124.79999999999973,0.01316408121621622,0.0003912882377817927,3
32,125.0999999999998,0.013094552184684688,0.00035601691787996855,3
32,125.39999999999986,0.013056114166666665,0.00037203654966734155,3
32,125.69999999999973,0.01305815047297297,0.00039507478845069105,3
32,125.99999999999986,0.013034140765765765,0.00040782698046324745,3
32,126.29999999999974,0.01306071880630631,0.0003866118454105532,3
32,126.5999999999998,0.013087378378378381,0.00039534913210334625,3
32,126.89999999999985,0.013064989594594597,0.00044290909765192405,3
32,127.19999999999973,0.013163429076576576,0.00045096982300802416,3
32,127.49999999999986,0.01321573972972973,0.0004599551382936006,3
32,127.79999999999974,0.013293059391891895,0.00035130339252116446,3
32,128.0999999999998,0.01341427380630631,0.000280372654401565,3
32,128.39999999999984,0.013535517657657656,0.00016198064490011312,3
32,128.69999999999973,0.013627252252252248,8.098774659502669e-05,3
32,128.99999999999986,0.013724034144144142,0.0001738483715477155,3
32,129.29999999999976,0.013844612184684685,0.00030187986539527846,3
32,129.5999999999998,0.01396221542792793,0.00040433481299826876,3
32,129.89999999999984,0.014055670675675674,0.0005074944736886817,3
32,130.19999999999973,0.014264924459459457,0.0006224926885837992,3
32,130.49999999999986,0.014424032229729732,0.0006584275170003005,3
32,130.79999999999978,0.014578528445945945,0.0006738906909138899,3
32,131.0999999999998,0.014703476756756753,0.0006652904970444024,3
32,131.3999999999998,0.014811427837837843,0.0006240480939057033,3
32,131.69999999999973,0.014861788626126126,0.0005827873163806416,3
32,131.99999999999983,0.014785084684684683,0.0005416100116429494,3
32,132.29999999999978,0.014634609707207204,0.0004447713458626753,3
32,132.5999999999998,0.014517858806306306,0.00041612539393911743,3
32,132.8999999999998,0.014474141981981983,0.0003585826785888066,3
32,133.19999999999976,0.01441406515765766,0.0002810270216821874,3
32,133.49999999999983,0.014354596058558558,0.00024046263332892857,3
32,133.79999999999978,0.014350191351351356,0.00027933120104367125,3
32,134.0999999999998,0.014397846013513516,0.00035825626945398977,3
32,134.39999999999978,0.014380587274774778,0.0004523626788457896,3
32,134.69999999999976,0.01431473957207207,0.0004638632416391011,3
32,134.99999999999983,0.01424305184684685,0.0005129789632421002,3
32,135.2999999999998,0.014113978716216216,0.0005903589881755165,3
32,135.5999999999998,0.01397017047297297,0.0004978473132237165,3
32,135.89999999999978,0.013828922319819817,0.00043168333630633476,3
32,136.19999999999976,0.013641030945945943,0.00032047984442209966,3
32,136.49999999999983,0.01353195637387388,0.0002541031308521349,3
32,136.7999999999998,0.013436194369369372,0.0001533100550519678,3
32,137.0999999999998,0.013380106013513512,8.523411677721468e-05,3
32,137.39999999999978,0.013316266126126125,0.000200850659223632,3
32,137.69999999999976,0.013308181734234233,0.0003000612968716296,3
32,137.99999999999983,0.01336461542792793,0.00038495187889987163,3
32,138.2999999999998,0.013351792815315315,0.00044604039835332464,3
32,138.5999999999998,0.013412504504504505,0.0005264080252879156,3
32,138.89999999999978,0.013454929504504505,0.0005337759811311664,3
32,139.19999999999976,0.013512453626126126,0.0005384147407806352,3
32,139.49999999999983,0.013482624549549552,0.0004983697607263928,3
32,139.7999999999998,0.013461918806306308,0.00047910376152049985,3
32,140.0999999999998,0.01342463509009009,0.0004867752806429931,3
32,140.39999999999978,0.013470647207207205,0.000511313580922206,3
32,140.6999999999998,0.013489088918918916,0.0005118812603872664,3
32,140.9999999999998,0.013514055765765767,0.0005105738285229502,3
32,141.2999999999998,0.013582949076576577,0.00047431988687938803,3
32,141.5999999999998,0.013641366599099097,0.000583560038559612,3
32,141.89999999999978,0.013628978806306308,0.0006772598587933676,3
32,142.1999999999998,0.01367500844594595,0.0007317065993426347,3
32,142.49999999999977,0.013725250045045044,0.0008003015120355466,3
32,142.7999999999998,0.013792448716216215,0.0007287762403931532,3
32,143.0999999999998,0.013829595720720721,0.0007698873468161445,3
32,143.39999999999978,0.013863487319819824,0.000741679273772307,3
32,143.69999999999982,0.013911829369369364,0.0007597915049235965,3
32,143.99999999999977,0.014051927297297295,0.0007325034118096306,3
32,144.2999999999998,0.01416574146396396,0.0007601012980510468,3
32,144.5999999999998,0.014262435270270268,0.0006695887304928338,3
32,144.89999999999978,0.014325234549549551,0.0005396610421790073,3
32,145.19999999999982,0.014290468738738737,0.0003996799611661099,3
32,145.49999999999977,0.014309892905405408,0.0002509844278554092,3
32,145.79999999999978,0.014204363626126126,0.00021427550265007978,3
32,146.0999999999998,0.014206763851351348,0.00019353652250063928,3
32,146.3999999999998,0.01409613813063063,0.00022825526544189252,3
32,146.6999999999998,0.014023631238738734,0.0003029648943538427,3
32,146.9999999999998,0.013973031644144145,0.0004612510036838041,3
32,147.29999999999978,0.013971480585585583,0.0006053144571811342,3
32,147.5999999999998,0.014010068693693695,0.0007430553597561783,3
32,147.8999999999998,0.013980912950450453,0.0008150328730208704,3
32,148.1999999999998,0.01401172927927928,0.0008577701534227877,3
32,148.4999999999998,0.013981773355855853,0.000908280866308432,3
32,148.79999999999978,0.01392324779279279,0.0008738272610885913,3
32,149.0999999999998,0.013809893355855854,0.0008201039183750377,3
32,149.3999999999998,0.013628963603603607,0.0007263506196035616,3
32,149.6999999999998,0.013446546599099102,0.0006462236937981873,3
32,149.9999999999998,0.013284219887387393,0.0005110098444889619,3
32,150.29999999999978,0.013181347229729731,0.0004017134344203796,3
32,150.5999999999998,0.01309067353603604,0.0003729624571391898,3
32,150.8999999999998,0.013059256396396391,0.00031115775057360604,3
32,151.1999999999998,0.013013119752252252,0.0002782536956070176,3
32,151.4999999999998,0.012889229279279284,0.0002473145984354501,3
32,151.79999999999978,0.012859485630630628,0.0001803042841939972,3
32,152.0999999999998,0.01282099828828829,0.00015038263912109937,3
32,152.3999999999998,0.012813237972972976,0.00011122069740710594,3
32,152.6999999999998,0.012811254256756758,0.00011845190477022223,3
32,152.9999999999998,0.012784453198198197,0.00013996592123568402,3
32,153.29999999999978,0.01279580432432433,0.00015409479727406393,3
32,153.5999999999998,0.012855747004504503,0.00021653903546603147,3
32,153.8999999999998,0.012951041734234238,0.00030521478991261264,3
32,154.19999999999982,0.013113722522522521,0.000382985061599753,3
32,154.49999999999977,0.013231199031531532,0.00041778123970277053,3
32,154.7999999999998,0.01323727952702703,0.00040419683568738285,3
32,155.0999999999998,0.013265900788288284,0.0003836535449899388,3
32,155.39999999999978,0.013292850022522526,0.0003766247864885243,3
32,155.69999999999982,0.0133249840990991,0.00031875852500749547,3
32,155.99999999999977,0.01341216207207207,0.00017689734654030987,3
32,156.2999999999998,0.01353149635135135,0.0001158793686639942,3
32,156.5999999999998,0.013641607927927929,0.00015495228611093643,3
32,156.89999999999978,0.013759101126126121,0.00022411620273164002,3
32,157.19999999999982,0.013794453130630631,0.0002613854524555182,3
32,157.4999999999998,0.01389983317567567,0.00038082467029209097,3
32,157.7999999999998,0.013935092252252245,0.0004932484031018063,3
32,158.0999999999998,0.014004361238738739,0.0005071934806169001,3
32,158.39999999999978,0.014117584324324329,0.0006165958279728831,3
32,158.6999999999998,0.014222331936936937,0.0006666294408718135,3
32,158.9999999999998,0.014289030382882885,0.0007432824861029885,3
32,159.2999999999998,0.014350049752252245,0.000851075266684809,3
32,159.5999999999998,0.014353505112612614,0.0008856357095104736,3
32,159.89999999999978,0.01435341099099099,0.0009911902151029223,3
32,160.19999999999976,0.014352261216216217,0.0010307899260168867,3
32,160.49999999999983,0.01426146993243243,0.0010760165694259044,3
32,160.7999999999998,0.01420278033783784,0.001096017668640299,3
32,161.0999999999998,0.01422220511261261,0.0011762074530247942,3
32,161.39999999999978,0.014223733603603602,0.0012610658251246114,3
32,161.69999999999976,0.01421592346846847,0.0012123708310003809,3
32,161.99999999999983,0.014136720990990989,0.001197409572103424,3
32,162.2999999999998,0.014004761621621621,0.001053465635517687,3
32,162.5999999999998,0.013910402139639637,0.000970943339434091,3
32,162.89999999999978,0.013846604864864864,0.0008917847463539867,3
32,163.19999999999976,0.013800440720720722,0.000734239123831696,3
32,163.49999999999983,0.013759374121621622,0.0006805379814826705,3
32,163.7999999999998,0.013757448581081085,0.0005491464050350036,3
32,164.0999999999998,0.013712971891891891,0.0003892613710375483,3
32,164.39999999999978,0.01368347380630631,0.00027691694510759835,3
32,164.69999999999976,0.013524666936936935,0.0002114949766865671,3
32,164.99999999999983,0.013369027409909912,0.00016648431040146384,3
32,165.2999999999998,0.013274176914414413,0.00018865586386883568,3
32,165.5999999999998,0.01326505641891892,0.00020684412539455452,3
32,165.8999999999998,0.01323302443693694,0.0002165268295712151,3
32,166.19999999999976,0.013220936936936939,0.00026225658482271374,3
32,166.49999999999983,0.013145928423423422,0.0003101856597262327,3
32,166.79999999999978,0.013115091103603602,0.0003427097839411851,3
32,167.0999999999998,0.013113672837837834,0.00041663416508968545,3
32,167.3999999999998,0.013098156081081079,0.0004677352449784798,3
32,167.69999999999976,0.013066518671171173,0.0005842340220600275,3
32,167.99999999999986,0.01310030903153153,0.0005903402876225516,3
32,168.29999999999978,0.013093584031531533,0.0006581121789612205,3
32,168.5999999999998,0.01313222243243243,0.0007315618315690562,3
32,168.8999999999998,0.013224266036036035,0.0007948993143995255,3
32,169.19999999999973,0.013240775675675678,0.0007598733241016202,3
32,169.49999999999986,0.013250639414414412,0.0006585506645527432,3
32,169.79999999999976,0.013241065112612612,0.0005712634485705669,3
32,170.0999999999998,0.013292302815315314,0.0004652182404546003,3
32,170.39999999999984,0.013308775292792794,0.0004767898661687428,3
32,170.69999999999973,0.013441873581081079,0.00043980632422279943,3
32,170.99999999999986,0.013562380698198198,0.00043506008552931266,3
32,171.29999999999976,0.013641358648648646,0.0004090647727102278,3
32,171.5999999999998,0.013809676283783781,0.0004079004435837595,3
32,171.89999999999984,0.013966115900900904,0.00037933754339103306,3
32,172.19999999999973,0.01408545155405405,0.00039213099641350534,3
32,172.49999999999986,0.014133364864864864,0.00044695386309025464,3
32,172.79999999999973,0.014182490225225221,0.0004681196065367091,3
32,173.0999999999998,0.014337769009009009,0.00047085913156333674,3
32,173.39999999999986,0.014401201081081082,0.00044276878613277646,3
32,173.69999999999973,0.014473588536036032,0.0003844342795675529,3
32,173.99999999999986,0.01450610677927928,0.0003435606797517608,3
32,174.29999999999973,0.014535387972972968,0.00030235871552678476,3
32,174.5999999999998,0.014472371779279278,0.0005236083437463444,3
32,174.89999999999986,0.014381222567567568,0.000717355756591431,3
32,175.19999999999973,0.014231604617117116,0.0009232912529300741,3
32,175.49999999999986,0.01415639693693694,0.0010867972505931294,3
32,175.79999999999973,0.014027935945945943,0.0011844721941333483,3
32,176.0999999999998,0.013939674414414417,0.001309624173501644,3
32,176.39999999999986,0.013829111914414416,0.0014040415283824656,3
32,176.69999999999973,0.01370044114864865,0.0015082359451664066,3
32,176.99999999999986,0.013570670090090088,0.0016025637565191052,3
32,177.29999999999973,0.013420336396396398,0.0015964874782768155,3
32,177.5999999999998,0.013346947882882884,0.001661271813538645,3
32,177.89999999999986,0.013285928288288291,0.0016145621753420297,3
32,178.19999999999973,0.013302337229729727,0.0014951135526070636,3
32,178.49999999999983,0.01334266623873874,0.0013841657547498656,3
32,178.79999999999973,0.013386520720720723,0.0012695040839427127,3
32,179.0999999999998,0.013436036554054056,0.0011196468154653187,3
32,179.39999999999986,0.013496469369369365,0.0010650028499497202,3
32,179.69999999999976,0.013475184729729727,0.0009995436708773679,3
32,179.99999999999983,0.013457715675675677,0.0009588794925563262,3
32,180.29999999999973,0.013462245608108108,0.0008839257551673456,3
32,180.5999999999998,0.013545478310810807,0.0009276339752401569,3
32,180.89999999999986,0.013598215337837838,0.0009384668271420691,3
32,181.1999999999998,0.01361445722972973,0.0009492621001285427,3
32,181.4999999999998,0.01358003939189189,0.0010521870036803776,3
32,181.7999999999997,0.013458167454954956,0.001167552419986265,3
32,182.0999999999998,0.013367132725225222,0.001284720131901728,3
32,182.3999999999999,0.013349809009009011,0.001445201992729553,3
32,182.69999999999982,0.013277344752252255,0.0015219576397096847,3
32,182.99999999999977,0.013247893333333339,0.0016303882248385906,3
32,183.2999999999997,0.013262728355855858,0.0016838427996982552,3
32,183.5999999999998,0.013230205495495492,0.0017428137832845875,3
32,183.8999999999999,0.013216542747747749,0.0017508882695089567,3
32,184.19999999999982,0.013210544481981982,0.001723005569879315,3
32,184.49999999999977,0.013245886283783781,0.001762319007924952,3
32,184.7999999999997,0.013273424662162159,0.0018717327280593466,3
32,185.0999999999998,0.013429446171171174,0.0019376124549130797,3
32,185.3999999999999,0.013579665675675675,0.002065291053363212,3
32,185.69999999999982,0.013630181081081083,0.0021588504533818567,3
32,185.99999999999977,0.013671905157657661,0.0022822058782534837,3
32,186.2999999999997,0.01366305308558559,0.0023729442058801845,3
32,186.5999999999998,0.013658034369369373,0.0023572614864516847,3
32,186.8999999999999,0.013677093220720716,0.002350569645181724,3
32,187.19999999999985,0.013661655000000002,0.002318385140638358,3
32,187.49999999999974,0.013667416351351346,0.0022809190073565877,3
32,187.7999999999997,0.013687905518018012,0.002181671090079411,3
32,188.0999999999998,0.013740767477477475,0.0021360469271467513,3
32,188.3999999999999,0.013653260067567568,0.0020634999292333056,3
32,188.69999999999985,0.01358125932432433,0.0019507836097905778,3
32,188.99999999999972,0.013505563175675679,0.0019210610050304085,3
32,189.29999999999967,0.013511652792792794,0.0019197438767731383,3
32,189.5999999999998,0.013486436756756754,0.0017880282637683135,3
32,189.89999999999992,0.013423356373873868,0.0016943912157456017,3
32,190.19999999999987,0.013315487927927928,0.0016111013034949071,3
32,190.49999999999972,0.013148466891891891,0.0015542275732929609,3
32,190.79999999999967,0.013017860653153154,0.001539527178051167,3
32,191.0999999999998,0.012922381013513512,0.0016303093522769432,3
32,191.39999999999992,0.012819259481981983,0.0016655523301158082,3
32,191.69999999999987,0.012793644346846848,0.0017416841182312092,3
32,191.99999999999972,0.012745120427927923,0.0017937981073478254,3
32,192.29999999999967,0.0127209779954955,0.0017622273968364063,3
32,192.5999999999998,0.012635043198198201,0.001699464840171338,3
32,192.89999999999992,0.012547303806306307,0.0016306816610039566,3
32,193.19999999999987,0.012466350472972976,0.0016198623933939024,3
32,193.49999999999972,0.012387847680180182,0.0014704961735877338,3
32,193.79999999999967,0.012329721328828829,0.0014646237528999375,3
32,194.0999999999998,0.012314598265765767,0.0015196041730817038,3
32,194.39999999999992,0.012325008986486486,0.001556696029494196,3
32,194.6999999999999,0.012361009909909912,0.0015358389800588814,3
32,194.9999999999997,0.012391141644144147,0.0015622374948840651,3
32,195.29999999999967,0.012405380202702702,0.0015409071189128776,3
32,195.5999999999998,0.012374716418918916,0.0015491536011024028,3
32,195.89999999999992,0.012368700495495497,0.0015822950482724887,3
32,196.1999999999999,0.012330046283783787,0.0016457296935473331,3
32,196.4999999999997,0.012345229099099101,0.0016920258969071822,3
32,196.79999999999967,0.012341416801801805,0.0017170457188960277,3
32,197.0999999999998,0.012367566959459458,0.0017388164226176184,3
32,197.39999999999992,0.012323574504504504,0.0017839781665144722,3
32,197.6999999999999,0.012407782454954957,0.0017512810551468382,3
32,197.9999999999997,0.012408434797297302,0.0017714877250159884,3
32,198.29999999999967,0.012391292049549548,0.001672488558117012,3
32,198.5999999999998,0.01230396153153153,0.00158475034224473,3
32,198.89999999999992,0.012284340495495498,0.0014822590529032838,3
32,199.19999999999993,0.012222839729729734,0.0014127470329526523,3
32,199.49999999999966,0.012110917770270272,0.0013901311913035088,3
32,199.79999999999967,0.012034676328828826,0.001371752896195904,3
32,200.0999999999998,0.012037302342342343,0.0013581581966048105,3
32,200.39999999999992,0.012101752612612614,0.0013592198559212274,3
32,200.69999999999993,0.012210084279279282,0.0013731041022727914,3
32,200.99999999999966,0.012273362590090089,0.0013471123475261094,3
32,201.29999999999967,0.012382397049549548,0.001299213836781414,3
32,201.5999999999998,0.012430172612612611,0.001319721442447177,3
32,201.89999999999992,0.01255824259009009,0.0013006201132105604,3
32,202.19999999999993,0.01266128635135135,0.001278721266399511,3
32,202.49999999999966,0.012795812567567571,0.0012938985665865569,3
32,202.79999999999967,0.01290650542792793,0.0012887701185171807,3
32,203.0999999999998,0.012986526171171167,0.0013912592242445714,3
32,203.39999999999992,0.013023740382882884,0.0014263279130361383,3
32,203.69999999999993,0.012973546509009013,0.0014698641491519568,3
32,203.99999999999966,0.012876085855855859,0.0014876468097241066,3
32,204.29999999999967,0.01283641995495495,0.0013883217246990758,3
32,204.5999999999998,0.012751701756756753,0.001299718179591866,3
32,204.89999999999992,0.012697021869369366,0.0011877111836585785,3
32,205.19999999999993,0.012659134729729732,0.001132476918220088,3
32,205.49999999999963,0.012570519234234237,0.0010848764526384953,3
32,205.79999999999967,0.012478284707207209,0.0010902720348306785,3
32,206.0999999999998,0.012429355450450446,0.001017633945362151,3
32,206.39999999999992,0.012355036261261262,0.0009241305464796278,3
32,206.69999999999996,0.012275950495495494,0.0009027781351544598,3
32,206.99999999999963,0.012268119459459463,0.0008500356791137711,3
32,207.2999999999997,0.012313920022522525,0.0008388289084686137,3
32,207.5999999999998,0.012320771013513513,0.0008574741236779754,3
32,207.89999999999986,0.012346912590090088,0.0008535735744587993,3
32,208.19999999999996,0.012392250112612612,0.0008655005083217476,3
32,208.49999999999963,0.012378343603603605,0.0008701378052552623,3
32,208.79999999999973,0.012466407567567566,0.0008895407427667488,3
32,209.0999999999998,0.012461192882882883,0.0008698246688810078,3
32,209.39999999999986,0.012490451599099096,0.0009045940275429617,3
32,209.69999999999996,0.012575032860360361,0.000901910953957699,3
32,209.99999999999963,0.012626267792792793,0.0009328323682501366,3
32,210.29999999999973,0.012702192409909907,0.0009611440744377272,3
32,210.5999999999998,0.012663320337837838,0.0009780316910551008,3
32,210.89999999999984,0.012616632297297299,0.0010120220926426078,3
32,211.19999999999996,0.01256927876126126,0.0010426570032052904,3
32,211.49999999999963,0.012535445247747754,0.00102912590914726,3
32,211.79999999999976,0.01249434518018018,0.0010210130568951256,3
32,212.0999999999998,0.012464891576576579,0.0010029302597801416,3
32,212.3999999999998,0.012459809617117118,0.0010003456341003121,3
32,212.69999999999996,0.012408941914414412,0.0010369150880173118,3
32,212.9999999999996,0.012322604211711712,0.0010179411179412003,3
32,213.29999999999978,0.01228688551801802,0.0011221864959662234,3
32,213.5999999999998,0.012290857342342346,0.0010796839837368573,3
32,213.8999999999998,0.012287280157657662,0.0010819991119831074,3
32,214.2,0.012296738468468469,0.0010957451034108536,3
32,214.4999999999996,0.012335852837837837,0.0011101870993869586,3
32,214.79999999999978,0.012379378581081084,0.0011293009380288967,3
32,215.0999999999998,0.012399374234234232,0.0010745462235205389,3
32,215.39999999999978,0.012397604752252253,0.0009992134749028327,3
32,215.7,0.012344927162162163,0.0008651006918348343,3
32,215.9999999999996,0.01236556509009009,0.0007740368037507453,3
32,216.2999999999998,0.012419513626126128,0.0006850002849557862,3
32,216.5999999999998,0.012457046463963962,0.0006622066522016787,3
32,216.89999999999978,0.012419378851351354,0.0006379958004813566,3
32,217.2,0.012402661801801801,0.0006257809026269258,3
32,217.4999999999996,0.012334702297297296,0.0006181888119163587,3
32,217.79999999999984,0.012280137770270266,0.0005307042028599117,3
32,218.0999999999998,0.012227069797297298,0.0005074782324037216,3
32,218.39999999999975,0.012126761306306306,0.0003965311256604578,3
32,218.7,0.012003427792792794,0.00034877370554347594,3
32,218.9999999999996,0.011828855788288295,0.00025679399934588903,3
32,219.29999999999984,0.011710783581081083,0.0001508024268988172,3
32,219.5999999999998,0.011600284797297298,0.00012880398561539971,3
32,219.89999999999975,0.011540690675675676,0.0001485752794326848,3
32,220.2,0.011505305968468474,0.00022555151176743493,3
32,220.4999999999996,0.011423273378378377,0.0003141325930543177,3
32,220.79999999999984,0.011415030945945948,0.00040091062461964174,3
32,221.0999999999998,0.011407530990990991,0.0004604075581247499,3
32,221.39999999999975,0.011403301801801803,0.0005298234610818303,3
32,221.7,0.011363146058558558,0.0006042277050116796,3
32,221.9999999999996,0.01135142695945946,0.0005804654578803066,3
32,222.29999999999987,0.011346445833333335,0.0005144999816054833,3
32,222.5999999999998,0.011300324572072072,0.00048801229478616804,3
32,222.89999999999972,0.011249165518018018,0.0004970547936566143,3
32,223.2,0.011221129797297294,0.0004831193205810643,3
32,223.4999999999996,0.011194543806306306,0.0005214968609293416,3
32,223.7999999999999,0.011143133400900897,0.0005543599504747128,3
32,224.0999999999998,0.011148398310810811,0.0006029422739928621,3
32,224.3999999999997,0.01113845394144144,0.0006879305349961112,3
32,224.7,0.011152560382882884,0.0006696730852038848,3
32,224.9999999999996,0.011155707027027026,0.0006633372084360362,3
32,225.2999999999999,0.011161027252252253,0.0006911201906305995,3
32,225.5999999999998,0.011145469211711714,0.00076635949610684,3
32,225.8999999999997,0.011100951914414417,0.0008430298477754682,3
32,226.2,0.011028419887387385,0.0009426920784087926,3
32,226.4999999999996,0.01093096481981982,0.0010721485833668344,3
32,226.7999999999999,0.010889549054054056,0.0011419533739571105,3
32,227.0999999999998,0.010914966891891892,0.0013271446034637982,3
32,227.3999999999997,0.010942225518018019,0.001413676769065932,3
32,227.7,0.010998421734234232,0.001442237448723812,3
32,227.9999999999996,0.011006213220720722,0.0014142562729335347,3
32,228.29999999999993,0.011090726103603605,0.0014077097016716048,3
32,228.5999999999998,0.011143943536036038,0.0013163510040097104,3
32,228.89999999999966,0.011115048851351353,0.001186342435178207,3
32,229.20000000000002,0.011091040653153158,0.0011229993004616165,3
32,229.49999999999957,0.011048747522522523,0.0010441740059202761,3
32,229.79999999999993,0.01098706268018018,0.0009500003398810567,3
32,230.0999999999998,0.010931524864864867,0.000906493584200143,3
32,230.39999999999966,0.010835251441441441,0.0009213075781347148,3
32,230.70000000000002,0.010812872477477475,0.0008817389844563601,3
32,230.99999999999957,0.010822573243243242,0.0007966795568605326,3
32,231.29999999999995,0.010761003153153155,0.0007434487314621665,3
32,231.5999999999998,0.010684724189189193,0.0006952140579664413,3
32,231.89999999999964,0.010656715270270276,0.0007080422528408316,3
32,232.20000000000002,0.010587085878378378,0.0007128639319816458,3
32,232.49999999999957,0.010528720157657658,0.0007602406087136226,3
32,232.79999999999995,0.01044221864864865,0.0007689450454515097,3
32,233.0999999999998,0.01043424304054054,0.0007755269740906476,3
32,233.39999999999964,0.01041190324324324,0.0006982664395939355,3
32,233.70000000000002,0.010373349211711713,0.0006543357782430381,3
32,233.99999999999957,0.010376811689189186,0.0006955542222638291,3
32,234.29999999999995,0.010356624076576575,0.0007071684034118131,3
32,234.5999999999998,0.010365032837837842,0.0007130025800445128,3
32,234.89999999999964,0.010301736058558556,0.0007560021660155837,3
32,235.20000000000002,0.010325067590090088,0.0007779123076084178,3
32,235.49999999999957,0.010337578716216215,0.0008104078961104517,3
32,235.79999999999995,0.010309024527027026,0.0007707032094036132,3
32,236.0999999999998,0.010357766373873872,0.000691185336112793,3
32,236.3999999999996,0.01039590385135135,0.0006391321624156913,3
32,236.70000000000002,0.010395295743243245,0.0006013999880313675,3
32,236.99999999999957,0.010407390405405408,0.0006152019007794382,3
32,237.29999999999998,0.010406764031531533,0.0005640072825844712,3
32,237.5999999999998,0.010413422252252252,0.0005764636762826395,3
32,237.8999999999996,0.010365540112612615,0.0005908684998825051,3
32,238.20000000000002,0.010230463581081083,0.0005831581399373207,3
32,238.49999999999957,0.010178536396396395,0.0005629053351294424,3
32,238.8,0.010062787004504508,0.0005662958574652076,3
32,239.0999999999998,0.009948447927927926,0.0006382423291885358,3
32,239.39999999999958,0.00989398470720721,0.000686594808634582,3
32,239.70000000000002,0.009869951418918917,0.0007841360607330029,3
32,239.99999999999957,0.009884025022522525,0.0008720809461079949,3
32,240.3,0.0099060138963964,0.0009355247426176694,3
32,240.5999999999998,0.00996752563063063,0.0009726588213043302,3
32,240.89999999999958,0.010047557995495495,0.0009011370557473293,3
32,241.20000000000002,0.010050559121621621,0.0008920805398531371,3
32,241.49999999999957,0.010075684099099104,0.0009181619347433763,3
32,241.8,0.010056157364864865,0.0010063810781731808,3
32,242.0999999999998,0.010049115180180182,0.001029556101222845,3
32,242.39999999999958,0.010047513828828831,0.0010908098462061263,3
32,242.70000000000002,0.010066532905405401,0.0010961254138102939,3
32,242.99999999999955,0.010066156959459461,0.0010878794444703099,3
32,243.3,0.010095802297297299,0.0010674814173973033,3
32,243.5999999999998,0.010147090090090091,0.0010479703599017354,3
32,243.89999999999958,0.010169276148648647,0.0010403181853089237,3
32,244.20000000000005,0.010137261306306308,0.0009446358895386029,3
32,244.49999999999955,0.010075584819819822,0.0008523802512093175,3
32,244.8,0.009991057454954955,0.0008257888482843572,3
32,245.0999999999998,0.00987333135135135,0.0007863211447019462,3
32,245.39999999999958,0.009708442072072077,0.0007230308458656333,3
32,245.70000000000005,0.009649718153153157,0.0007199708497016993,3
32,245.99999999999955,0.009547940045045047,0.000693480394727536,3
32,246.3,0.009473473423423423,0.0007221791322814531,3
32,246.5999999999998,0.00944450256756757,0.0007003562782898727,3
32,246.89999999999958,0.009363996756756756,0.0006976556362727183,3
32,247.20000000000005,0.00936886882882883,0.0007571903475914413,3
32,247.49999999999955,0.009319419234234232,0.0007487389343743047,3
32,247.80000000000004,0.00932813664864865,0.000753274249329104,3
32,248.0999999999998,0.009328545755855861,0.0006649406957400324,3
32,248.39999999999955,0.009309684579504506,0.0005541498327562807,3
32,248.70000000000005,0.009333874013288286,0.000490304338824247,3
32,248.99999999999955,0.009356105693693694,0.00048383463628774725,3
32,249.30000000000004,0.009409717815315317,0.00043378361811607073,3
32,249.5999999999998,0.009409960608108111,0.0004092313752030887,3
32,249.89999999999952,0.009365147702702704,0.0003097925980808414,3
32,250.20000000000005,0.00931443042792793,0.00023075444972463127,3
32,250.49999999999955,0.009319694031531532,0.00014143227112602198,3
32,250.80000000000007,0.009368083716216216,8.142276895530637e-05,3
32,251.0999999999998,0.00943133150900901,5.043479080085645e-05,3
32,251.39999999999952,0.009460845810810812,0.00012720982313793648,3
32,251.70000000000005,0.009442434256756756,0.00018641313410581217,3
32,251.99999999999955,0.009501593738738741,0.0002846283480407981,3
32,252.30000000000007,0.009521139369369368,0.0004291732646219966,3
32,252.5999999999998,0.009575202545045047,0.0005369813989858947,3
32,252.89999999999952,0.009611360878378378,0.0005969977490314911,3
32,253.20000000000005,0.009654939977477477,0.000680227983406767,3
32,253.49999999999955,0.009681566576576576,0.0007148341381979073,3
32,253.80000000000007,0.009719994279279278,0.0007661934275401613,3
32,254.0999999999998,0.009735228581081083,0.0007947389916961497,3
32,254.39999999999952,0.00971153596846847,0.0008774574091555598,3
32,254.70000000000005,0.009681531441441439,0.0008991497894803938,3
32,254.99999999999955,0.00969316779279279,0.0008945308598602605,3
32,255.30000000000007,0.00965860788288288,0.0009192637516336677,3
32,255.5999999999998,0.009621597590090089,0.0008783700781358887,3
32,255.89999999999952,0.009641658581081085,0.0008468789502320154,3
32,256.20000000000005,0.009590941013513514,0.000761158098538107,3
32,256.49999999999955,0.009539246936936937,0.0006577140675611727,3
32,256.80000000000007,0.009502469324324322,0.0005697329359820911,3
32,257.0999999999998,0.009447731373873875,0.0004157314804824567,3
32,257.3999999999995,0.009399657927927928,0.0003372475513636172,3
32,257.70000000000005,0.009337278986486485,0.00020344653618233527,3
32,257.99999999999955,0.00929794808558559,0.0001087749079784782,3
32,258.30000000000007,0.009240014932432435,0.00014337737441764034,3
32,258.5999999999998,0.009128194527027027,0.0003145601287007437,3
32,258.8999999999995,0.009067583063063064,0.0005332119386157141,3
32,259.20000000000005,0.00898924713963964,0.0007112482923499707,3
32,259.49999999999955,0.008916326193693693,0.0009297707974674622,3
32,259.80000000000007,0.008854305090090091,0.0010518307210328366,3
32,260.0999999999998,0.008785917635135133,0.0011333571225258191,3
32,260.3999999999995,0.008706580729729732,0.0012487753429232498,3
32,260.70000000000005,0.008644110977702702,0.0013158121551663801,3
32,260.99999999999955,0.008649466353603604,0.0013563643017874356,3
32,261.3000000000001,0.008682733729729726,0.0014130676698782853,3
32,261.5999999999998,0.008674367234234237,0.0014098053648129191,3
32,261.89999999999947,0.008744051306306308,0.0013479695710740425,3
32,262.20000000000005,0.008712353378378376,0.0012558322691233923,3
32,262.49999999999955,0.008679887545045046,0.0011321169105184934,3
32,262.8000000000001,0.008654596599099099,0.0010324138317095218,3
32,263.0999999999998,0.008639146846846845,0.0009331794605443066,3
32,263.39999999999947,0.008627811959459457,0.0008019270423436819,3
32,263.7,0.008651767927927927,0.0007262996789812982,3
32,263.9999999999996,0.008653836463963964,0.0005860710929370881,3
32,264.3000000000001,0.008642360292792792,0.0004796355877468472,3
32,264.5999999999998,0.00865635560810811,0.0003914355643042226,3
32,264.89999999999947,0.00865108445945946,0.0003335516498771095,3
32,265.2,0.008717250247747749,0.0002779776587756833,3
32,265.49999999999966,0.008744301914414412,0.00024634386916754815,3
32,265.8000000000001,0.008709400360360362,0.00019467751319967094,3
32,266.0999999999998,0.00863778837837838,0.0002135248764008843,3
32,266.39999999999947,0.008592950225225224,0.0001614209594137685,3
32,266.69999999999993,0.008569736036036037,0.00027293591198844307,3
32,266.99999999999966,0.00848044720720721,0.0003976260022798848,3
32,267.3000000000001,0.008443084234234234,0.00046503209025087577,3
32,267.5999999999998,0.008418643984234234,0.0005635167231632255,3
32,267.89999999999947,0.00837244720720721,0.0006292716514887652,3
32,268.19999999999993,0.008322880968468472,0.0006211894204217976,3
32,268.49999999999966,0.008283449909909908,0.0005905950107169141,3
32,268.8000000000001,0.008198691396396396,0.0005442916761553904,3
32,269.0999999999998,0.008160210630630634,0.0005561853036784878,3
32,269.39999999999947,0.008063003738738741,0.0005329203837771145,3
32,269.69999999999993,0.007983667364864862,0.00048376312714523776,3
32,269.99999999999966,0.0079264268018018,0.0004733797724115575,3
32,270.3000000000001,0.00790603072072072,0.00044303666436458787,3
32,270.5999999999998,0.007938037342342342,0.0003957874163144378,3
32,270.89999999999947,0.007885635180180182,0.000378785724123776,3
32,271.19999999999993,0.007856581869369371,0.0004151858388517273,3
32,271.4999999999997,0.00778439216216216,0.0005107168442239752,3
32,271.8000000000001,0.007722815630630629,0.000657907164538535,3
32,272.0999999999998,0.007676901216216218,0.0008045265662144749,3
32,272.39999999999947,0.007589006486486485,0.0009804734003466353,3
32,272.6999999999999,0.007560828243243246,0.0011123918649037755,3
32,272.9999999999997,0.00753705271171171,0.0012265246302331477,3
32,273.3000000000001,0.007636779684684686,0.0013244358999307318,3
32,273.5999999999998,0.007694578333333333,0.0013247731530250631,3
32,273.89999999999947,0.007721054887387388,0.0013784431025969687,3
32,274.1999999999999,0.007746513673423422,0.0013270957552811724,3
32,274.4999999999997,0.00779292632882883,0.0013207963496260282,3
32,274.8000000000001,0.00787858725225225,0.0012331020841681094,3
32,275.0999999999998,0.007998949527027028,0.00110047307119102,3
32,275.39999999999947,0.00812048722972973,0.000997837034988652,3
32,275.6999999999998,0.008202419256756755,0.0008838105439994456,3
32,275.9999999999998,0.008214388806306304,0.0007431119660764446,3
32,276.3000000000002,0.00828888036036036,0.0006376555978311261,3
32,276.5999999999998,0.008317291846846847,0.0005675586069687158,3
32,276.8999999999994,0.00833385015765766,0.00048660021548724264,3
32,277.1999999999998,0.008300942387387385,0.000421095915974617,3
32,277.4999999999998,0.008272471869369368,0.00043865800870651985,3
32,277.8000000000002,0.008274650585585585,0.0004704507011328662,3
32,278.0999999999998,0.008322155945945948,0.0005506589438544667,3
32,278.3999999999994,0.008373040135135134,0.0005689364343581971,3
32,278.6999999999998,0.008355406036036036,0.0005752221816897396,3
32,278.9999999999998,0.008380279256756754,0.0006267079809691998,3
32,279.3000000000002,0.008412895923423426,0.0006843752971526847,3
32,279.5999999999998,0.00834180810810811,0.0007709010213258492,3
32,279.8999999999994,0.008347705495495496,0.0008526013375830215,3
32,280.1999999999998,0.008282716509009013,0.0009171037281607171,3
32,280.4999999999998,0.008220027635135137,0.0010178955070616598,3
32,280.8000000000002,0.008121037635135135,0.0010231013598298337,3
32,281.0999999999998,0.008032523986486488,0.001019772338657882,3
32,281.3999999999994,0.007920103265765767,0.0010353200935304865,3
32,281.69999999999976,0.007817291894144143,0.0010194469330874097,3
32,281.99999999999983,0.007755530759009009,0.0010031401341982216,3
32,282.3000000000002,0.0076399565788288284,0.0008788160287971973,3
32,282.5999999999998,0.007526134504504505,0.0007641134051881688,3
32,282.8999999999994,0.007428829301801803,0.0006335356177729678,3
32,283.19999999999976,0.007290231238738741,0.0005610295587843897,3
32,283.49999999999983,0.007267050112612612,0.0004531325804412495,3
32,283.8000000000002,0.007194085855855857,0.0003634145711850295,3
32,284.0999999999998,0.007100809121621622,0.00027737401594256963,3
32,284.3999999999994,0.007096404898648649,0.0001552482353551837,3
32,284.6999999999997,0.007042767578828827,8.761784107317623e-05,3
32,284.9999999999999,0.007010401736486488,4.412177584973819e-05,3
32,285.3000000000002,0.0069592924774774766,0.0001630857529633997,3
32,285.5999999999998,0.006922297747747747,0.0002908114402847517,3
32,285.8999999999994,0.006889840225225226,0.0003866796630725972,3
32,286.1999999999997,0.006830564099099098,0.0004536650086277256,3
32,286.4999999999999,0.006795087063063063,0.0005325860491378956,3
32,286.8000000000002,0.006767967995495496,0.0005681755716829596,3
32,287.0999999999998,0.006713797342342342,0.0005680681468430157,3
32,287.3999999999994,0.0067023354279279294,0.0005397203158679549,3
32,287.6999999999997,0.006691582218468467,0.0004848392345808647,3
32,287.9999999999999,0.0067376133288288296,0.00047537232609830467,3
32,288.3000000000002,0.006787311804054054,0.000449288943858314,3
32,288.5999999999998,0.006849607923423424,0.000499948812008208,3
32,288.8999999999994,0.006879203896396396,0.0005300379978544277,3
32,289.1999999999997,0.006925008468468468,0.0006815395714609494,3
32,289.4999999999999,0.0070393394256756765,0.0007931046594556863,3
32,289.8000000000002,0.007160360522522522,0.0009296964458835695,3
32,290.0999999999998,0.0072676255202702685,0.0010228811129760602,3
32,290.3999999999994,0.007335085389639638,0.0010509244590802547,3
32,290.6999999999997,0.0073658490765765765,0.0010858462321127345,3
32,290.9999999999999,0.007403904099099097,0.0011629359771059258,3
32,291.3000000000002,0.007376942837837836,0.001212115175336641,3
32,291.5999999999998,0.0073812890990991005,0.0012941995595440858,3
32,291.8999999999994,0.007326275540540542,0.0013463158812708077,3
32,292.1999999999997,0.00734962436936937,0.0014481882976887092,3
32,292.4999999999999,0.007337887860360358,0.0014778892172193445,3
32,292.8000000000002,0.0073936190090090085,0.001502144508184605,3
32,293.0999999999998,0.007351927072072074,0.0015435903309926325,3
32,293.3999999999994,0.007333507623873872,0.0016323655091447385,3
32,293.69999999999965,0.007222238617117118,0.0016510793176449066,3
32,293.99999999999994,0.007143233819819821,0.0016834402807231281,3
32,294.3000000000002,0.007076134491891892,0.001660179893251386,3
32,294.5999999999998,0.007013372427927927,0.0016801707992906043,3
32,294.8999999999994,0.006908959867117116,0.0016852070679165695,3
32,295.19999999999965,0.006779163049549552,0.0016376318761208907,3
32,295.49999999999994,0.006699190905405407,0.0015166021807934932,3
32,295.8000000000002,0.0065848592882882875,0.0014034449302266637,3
32,296.0999999999998,0.006483099299549551,0.0012651222763582538,3
32,296.3999999999994,0.006448916085585586,0.0011729026560607658,3
32,296.6999999999996,0.006292892876126125,0.0010248131471507422,3
32,297.0,0.006197304842342342,0.0008900530914811315,3
32,297.3000000000002,0.00613475891891892,0.0008059332263981727,3
32,297.5999999999998,0.006108708468468467,0.0007251544996746273,3
32,297.8999999999994,0.006082983277027027,0.000649092711854991,3
32,298.1999999999996,0.006087821027027027,0.000629449692109615,3
32,298.5,0.006014647299549552,0.0006261207242754953,3
32,298.8000000000002,0.006013038533783784,0.0006694402440484066,3
32,299.0999999999998,0.0059652897545045035,0.0007490639365272135,3
32,299.3999999999994,0.005935227110360358,0.0007881548076907946,3
32,299.6999999999996,0.00589518652927928,0.0008382347973822322,3
